0.0166666666667	0.0	0.0	0.0	0.0	0.0	0.0	0.0	0.0	0.0	0.0	0.0	0.0	0.0	0.0	0.0	0.0	0.0	0.0	0.0	0.0	0.0	0.0	0.0	0.0	0.0	0.0	0.0	0.0	0.0	0.0	0.0	0.0	0.0	0.0	0.0	0.0	0.0	0.0	0.0	0.0	0.0	0.0	0.0	0.0	0.0	0.0	0.0	0.0	0.0	0.0	0.0	0.0	0.0	0.0	0.0	0.0	0.0	0.0	0.0	0.0	
0.0333333333333	0.0	0.0	0.0	0.0	0.0	0.0	0.0	0.0	0.0	0.0	0.0	0.0	0.0	0.0	0.0	0.0	0.0	0.0	0.0	0.0	0.0	0.0	0.0	0.0	0.0	0.0	0.0	0.0	0.0	0.0	0.0	0.0	0.0	0.0	0.0	0.0	0.0	0.0	0.0	0.0	0.0	0.0	0.0	0.0	0.0	0.0	0.0	0.0	0.0	0.0	0.0	0.0	0.0	0.0	0.0	0.0	0.0	0.0	0.0	0.0	
0.05	0.0	0.0	0.0	0.0	0.0	0.0	0.0	0.0	0.0	0.0	0.0	0.0	0.0	0.0	0.0	0.0	0.0	0.0	0.0	0.0	0.0	0.0	0.0	0.0	0.0	0.0	0.0	0.0	0.0	0.0	0.0	0.0	0.0	0.0	0.0	0.0	0.0	0.0	0.0	0.0	0.0	0.0	0.0	0.0	0.0	0.0	0.0	0.0	0.0	0.0	0.0	0.0	0.0	0.0	0.0	0.0	0.0	0.0	0.0	0.0	
0.0666666666667	0.0	0.0	0.0	0.0	0.0	0.0	0.0	0.0	0.0	0.0	0.0	0.0	0.0	0.0	0.0	0.0	0.0	0.0	0.0	0.0	0.0	0.0	0.0	0.0	0.0	0.0	0.0	0.0	0.0	0.0	0.0	0.0	0.0	0.0	0.0	0.0	0.0	0.0	0.0	0.0	0.0	0.0	0.0	0.0	0.0	0.0	0.0	0.0	0.0	0.0	0.0	0.0	0.0	0.0	0.0	0.0	0.0	0.0	0.0	0.0	
0.0833333333333	0.0	0.0	0.0	0.0	0.0	0.0	0.0	0.0	0.0	0.0	0.0	0.0	0.0	0.0	0.0	0.0	0.0	0.0	0.0	0.0	0.0	0.0	0.0	0.0	0.0	0.0	0.0	0.0	0.0	0.0	0.0	0.0	0.0	0.0	0.0	0.0	0.0	0.0	0.0	0.0	0.0	0.0	0.0	0.0	0.0	0.0	0.0	0.0	0.0	0.0	0.0	0.0	0.0	0.0	0.0	0.0	0.0	0.0	0.0	0.0	
0.1	0.0	0.0	0.0	0.0	0.0	0.0	0.0	0.0	0.0	0.0	0.0	0.0	0.0	0.0	0.0	0.0	0.0	0.0	0.0	0.0	0.0	0.0	0.0	0.0	0.0	0.0	0.0	0.0	0.0	0.0	0.0	0.0	0.0	0.0	0.0	0.0	0.0	0.0	0.0	0.0	0.0	0.0	0.0	0.0	0.0	0.0	0.0	0.0	0.0	0.0	0.0	0.0	0.0	0.0	0.0	0.0	0.0	0.0	0.0	0.0	
0.116666666667	0.0	0.0	0.0	0.0	0.0	0.0	0.0	0.0	0.0	0.0	0.0	0.0	0.0	0.0	0.0	0.0	0.0	0.0	0.0	0.0	0.0	0.0	0.0	0.0	0.0	0.0	0.0	0.0	0.0	0.0	0.0	0.0	0.0	0.0	0.0	0.0	0.0	0.0	0.0	0.0	0.0	0.0	0.0	0.0	0.0	0.0	0.0	0.0	0.0	0.0	0.0	0.0	0.0	0.0	0.0	0.0	0.0	0.0	0.0	0.0	
0.133333333333	0.0	0.0	0.0	0.0	0.0	0.0	0.0	0.0	0.0	0.0	0.0	0.0	0.0	0.0	0.0	0.0	0.0	0.0	0.0	0.0	0.0	0.0	0.0	0.0	0.0	0.0	0.0	0.0	0.0	0.0	0.0	0.0	0.0	0.0	0.0	0.0	0.0	0.0	0.0	0.0	0.0	0.0	0.0	0.0	0.0	0.0	0.0	0.0	0.0	0.0	0.0	0.0	0.0	0.0	0.0	0.0	0.0	0.0	0.0	0.0	
0.15	0.0	0.0	0.0	0.0	0.0	0.0	0.0	0.0	0.0	0.0	0.0	0.0	0.0	0.0	0.0	0.0	0.0	0.0	0.0	0.0	0.0	0.0	0.0	0.0	0.0	0.0	0.0	0.0	0.0	0.0	0.0	0.0	0.0	0.0	0.0	0.0	0.0	0.0	0.0	0.0	0.0	0.0	0.0	0.0	0.0	0.0	0.0	0.0	0.0	0.0	0.0	0.0	0.0	0.0	0.0	0.0	0.0	0.0	0.0	0.0	
0.166666666667	0.0	0.0	0.0	0.0	0.0	0.0	0.0	0.0	0.0	0.0	0.0	0.0	0.0	0.0	0.0	0.0	0.0	0.0	0.0	0.0	0.0	0.0	0.0	0.0	0.0	0.0	0.0	0.0	0.0	0.0	0.0	0.0	0.0	0.0	0.0	0.0	0.0	0.0	0.0	0.0	0.0	0.0	0.0	0.0	0.0	0.0	0.0	0.0	0.0	0.0	0.0	0.0	0.0	0.0	0.0	0.0	0.0	0.0	0.0	0.0	
0.183333333333	0.0	0.0	0.0	0.0	0.0	0.0	0.0	0.0	0.0	0.0	0.0	0.0	0.0	0.0	0.0	0.0	0.0	0.0	0.0	0.0	0.0	0.0	0.0	0.0	0.0	0.0	0.0	0.0	0.0	0.0	0.0	0.0	0.0	0.0	0.0	0.0	0.0	0.0	0.0	0.0	0.0	0.0	0.0	0.0	0.0	0.0	0.0	0.0	0.0	0.0	0.0	0.0	0.0	0.0	0.0	0.0	0.0	0.0	0.0	0.0	
0.2	0.0	0.0	0.0	0.0	0.0	0.0	0.0	0.0	0.0	0.0	0.0	0.0	0.0	0.0	0.0	0.0	0.0	0.0	0.0	0.0	0.0	0.0	0.0	0.0	0.0	0.0	0.0	0.0	0.0	0.0	0.0	0.0	0.0	0.0	0.0	0.0	0.0	0.0	0.0	0.0	0.0	0.0	0.0	0.0	0.0	0.0	0.0	0.0	0.0	0.0	0.0	0.0	0.0	0.0	0.0	0.0	0.0	0.0	0.0	0.0	
0.216666666667	0.0	0.0	0.0	0.0	0.0	0.0	0.0	0.0	0.0	0.0	0.0	0.0	0.0	0.0	0.0	0.0	0.0	0.0	0.0	0.0	0.0	0.0	0.0	0.0	0.0	0.0	0.0	0.0	0.0	0.0	0.0	0.0	0.0	0.0	0.0	0.0	0.0	0.0	0.0	0.0	0.0	0.0	0.0	0.0	0.0	0.0	0.0	0.0	0.0	0.0	0.0	0.0	0.0	0.0	0.0	0.0	0.0	0.0	0.0	0.0	
0.233333333333	0.0	0.0	0.0	0.0	0.0	0.0	0.0	0.0	0.0	0.0	0.0	0.0	0.0	0.0	0.0	0.0	0.0	0.0	0.0	0.0	0.0	0.0	0.0	0.0	0.0	0.0	0.0	0.0	0.0	0.0	0.0	0.0	0.0	0.0	0.0	0.0	0.0	0.0	0.0	0.0	0.0	0.0	0.0	0.0	0.0	0.0	0.0	0.0	0.0	0.0	0.0	0.0	0.0	0.0	0.0	0.0	0.0	0.0	0.0	0.0	
0.25	0.0	0.0	0.0	0.0	0.0	0.0	0.0	0.0	0.0	0.0	0.0	0.0	0.0	0.0	0.0	0.0	0.0	0.0	0.0	0.0	0.0	0.0	0.0	0.0	0.0	0.0	0.0	0.0	0.0	0.0	0.0	0.0	0.0	0.0	0.0	0.0	0.0	0.0	0.0	0.0	0.0	0.0	0.0	0.0	0.0	0.0	0.0	0.0	0.0	0.0	0.0	0.0	0.0	0.0	0.0	0.0	0.0	0.0	0.0	0.0	
0.266666666667	0.0	0.0	0.0	0.0	0.0	0.0	0.0	0.0	0.0	0.0	0.0	0.0	0.0	0.0	0.0	0.0	0.0	0.0	0.0	0.0	0.0	0.0	0.0	0.0	0.0	0.0	0.0	0.0	0.0	0.0	0.0	0.0	0.0	0.0	0.0	0.0	0.0	0.0	0.0	0.0	0.0	0.0	0.0	0.0	0.0	0.0	0.0	0.0	0.0	0.0	0.0	0.0	0.0	0.0	0.0	0.0	0.0	0.0	0.0	0.0	
0.283333333333	0.0	0.0	0.0	0.0	0.0	0.0	0.0	0.0	0.0	0.0	0.0	0.0	0.0	0.0	0.0	0.0	0.0	0.0	0.0	0.0	0.0	0.0	0.0	0.0	0.0	0.0	0.0	0.0	0.0	0.0	0.0	0.0	0.0	0.0	0.0	0.0	0.0	0.0	0.0	0.0	0.0	0.0	0.0	0.0	0.0	0.0	0.0	0.0	0.0	0.0	0.0	0.0	0.0	0.0	0.0	0.0	0.0	0.0	0.0	0.0	
0.3	0.0	0.0	0.0	0.0	0.0	0.0	0.0	0.0	0.0	0.0	0.0	0.0	0.0	0.0	0.0	0.0	0.0	0.0	0.0	0.0	0.0	0.0	0.0	0.0	0.0	0.0	0.0	0.0	0.0	0.0	0.0	0.0	0.0	0.0	0.0	0.0	0.0	0.0	0.0	0.0	0.0	0.0	0.0	0.0	0.0	0.0	0.0	0.0	0.0	0.0	0.0	0.0	0.0	0.0	0.0	0.0	0.0	0.0	0.0	0.0	
0.316666666667	0.0	0.0	0.0	0.0	0.0	0.0	0.0	0.0	0.0	0.0	0.0	0.0	0.0	0.0	0.0	0.0	0.0	0.0	0.0	0.0	0.0	0.0	0.0	0.0	0.0	0.0	0.0	0.0	0.0	0.0	0.0	0.0	0.0	0.0	0.0	0.0	0.0	0.0	0.0	0.0	0.0	0.0	0.0	0.0	0.0	0.0	0.0	0.0	0.0	0.0	0.0	0.0	0.0	0.0	0.0	0.0	0.0	0.0	0.0	0.0	
0.333333333333	0.0	0.0	0.0	0.0	0.0	0.0	0.0	0.0	0.0	0.0	0.0	0.0	0.0	0.0	0.0	0.0	0.0	0.0	0.0	0.0	0.0	0.0	0.0	0.0	0.0	0.0	0.0	0.0	0.0	0.0	0.0	0.0	0.0	0.0	0.0	0.0	0.0	0.0	0.0	0.0	0.0	0.0	0.0	0.0	0.0	0.0	0.0	0.0	0.0	0.0	0.0	0.0	0.0	0.0	0.0	0.0	0.0	0.0	0.0	0.0	
0.35	0.0	0.0	0.0	0.0	0.0	0.0	0.0	0.0	0.0	0.0	0.0	0.0	0.0	0.0	0.0	0.0	0.0	0.0	0.0	0.0	0.0	0.0	0.0	0.0	0.0	0.0	0.0	0.0	0.0	0.0	0.0	0.0	0.0	0.0	0.0	0.0	0.0	0.0	0.0	0.0	0.0	0.0	0.0	0.0	0.0	0.0	0.0	0.0	0.0	0.0	0.0	0.0	0.0	0.0	0.0	0.0	0.0	0.0	0.0	0.0	
0.366666666667	0.0	0.0	0.0	0.0	0.0	0.0	0.0	0.0	0.0	0.0	0.0	0.0	0.0	0.0	0.0	0.0	0.0	0.0	0.0	0.0	0.0	0.0	0.0	0.0	0.0	0.0	0.0	0.0	0.0	0.0	0.0	0.0	0.0	0.0	0.0	0.0	0.0	0.0	0.0	0.0	0.0	0.0	0.0	0.0	0.0	0.0	0.0	0.0	0.0	0.0	0.0	0.0	0.0	0.0	0.0	0.0	0.0	0.0	0.0	0.0	
0.383333333333	0.0	0.0	0.0	0.0	0.0	0.0	0.0	0.0	0.0	0.0	0.0	0.0	0.0	0.0	0.0	0.0	0.0	0.0	0.0	0.0	0.0	0.0	0.0	0.0	0.0	0.0	0.0	0.0	0.0	0.0	0.0	0.0	0.0	0.0	0.0	0.0	0.0	0.0	0.0	0.0	0.0	0.0	0.0	0.0	0.0	0.0	0.0	0.0	0.0	0.0	0.0	0.0	0.0	0.0	0.0	0.0	0.0	0.0	0.0	0.0	
0.4	0.0	0.0	0.0	0.0	0.0	0.0	0.0	0.0	0.0	0.0	0.0	0.0	0.0	0.0	0.0	0.0	0.0	0.0	0.0	0.0	0.0	0.0	0.0	0.0	0.0	0.0	0.0	0.0	0.0	0.0	0.0	0.0	0.0	0.0	0.0	0.0	0.0	0.0	0.0	0.0	0.0	0.0	0.0	0.0	0.0	0.0	0.0	0.0	0.0	0.0	0.0	0.0	0.0	0.0	0.0	0.0	0.0	0.0	0.0	0.0	
0.416666666667	0.0	0.0	0.0	0.0	0.0	0.0	0.0	0.0	0.0	0.0	0.0	0.0	0.0	0.0	0.0	0.0	0.0	0.0	0.0	0.0	0.0	0.0	0.0	0.0	0.0	0.0	0.0	0.0	0.0	0.0	0.0	0.0	0.0	0.0	0.0	0.0	0.0	0.0	0.0	0.0	0.0	0.0	0.0	0.0	0.0	0.0	0.0	0.0	0.0	0.0	0.0	0.0	0.0	0.0	0.0	0.0	0.0	0.0	0.0	0.0	
0.433333333333	0.0	0.0	0.0	0.0	0.0	0.0	0.0	0.0	0.0	0.0	0.0	0.0	0.0	0.0	0.0	0.0	0.0	0.0	0.0	0.0	0.0	0.0	0.0	0.0	0.0	0.0	0.0	0.0	0.0	0.0	0.0	0.0	0.0	0.0	0.0	0.0	0.0	0.0	0.0	0.0	0.0	0.0	0.0	0.0	0.0	0.0	0.0	0.0	0.0	0.0	0.0	0.0	0.0	0.0	0.0	0.0	0.0	0.0	0.0	0.0	
0.45	0.0	0.0	0.0	0.0	0.0	0.0	0.0	0.0	0.0	0.0	0.0	0.0	0.0	0.0	0.0	0.0	0.0	0.0	0.0	0.0	0.0	0.0	0.0	0.0	0.0	0.0	0.0	0.0	0.0	0.0	0.0	0.0	0.0	0.0	0.0	0.0	0.0	0.0	0.0	0.0	0.0	0.0	0.0	0.0	0.0	0.0	0.0	0.0	0.0	0.0	0.0	0.0	0.0	0.0	0.0	0.0	0.0	0.0	0.0	0.0	
0.466666666667	0.0	0.0	0.0	0.0	0.0	0.0	0.0	0.0	0.0	0.0	0.0	0.0	0.0	0.0	0.0	0.0	0.0	0.0	0.0	0.0	0.0	0.0	0.0	0.0	0.0	0.0	0.0	0.0	0.0	0.0	0.0	0.0	0.0	0.0	0.0	0.0	0.0	0.0	0.0	0.0	0.0	0.0	0.0	0.0	0.0	0.0	0.0	0.0	0.0	0.0	0.0	0.0	0.0	0.0	0.0	0.0	0.0	0.0	0.0	0.0	
0.483333333333	0.0	0.0	0.0	0.0	0.0	0.0	0.0	0.0	0.0	0.0	0.0	0.0	0.0	0.0	0.0	0.0	0.0	0.0	0.0	0.0	0.0	0.0	0.0	0.0	0.0	0.0	0.0	0.0	0.0	0.0	0.0	0.0	0.0	0.0	0.0	0.0	0.0	0.0	0.0	0.0	0.0	0.0	0.0	0.0	0.0	0.0	0.0	0.0	0.0	0.0	0.0	0.0	0.0	0.0	0.0	0.0	0.0	0.0	0.0	0.0	
0.5	0.0	0.0	0.0	0.0	0.0	0.0	0.0	0.0	0.0	0.0	0.0	0.0	0.0	0.0	0.0	0.0	0.0	0.0	0.0	0.0	0.0	0.0	0.0	0.0	0.0	0.0	0.0	0.0	0.0	0.0	0.0	0.0	0.0	0.0	0.0	0.0	0.0	0.0	0.0	0.0	0.0	0.0	0.0	0.0	0.0	0.0	0.0	0.0	0.0	0.0	0.0	0.0	0.0	0.0	0.0	0.0	0.0	0.0	0.0	0.0	
0.516666666667	0.0	0.0	0.0	0.0	0.0	0.0	0.0	0.0	0.0	0.0	0.0	0.0	0.0	0.0	0.0	0.0	0.0	0.0	0.0	0.0	0.0	0.0	0.0	0.0	0.0	0.0	0.0	0.0	0.0	0.0	0.0	0.0	0.0	0.0	0.0	0.0	0.0	0.0	0.0	0.0	0.0	0.0	0.0	0.0	0.0	0.0	0.0	0.0	0.0	0.0	0.0	0.0	0.0	0.0	0.0	0.0	0.0	0.0	0.0	0.0	
0.533333333333	0.0	0.0	0.0	0.0	0.0	0.0	0.0	0.0	0.0	0.0	0.0	0.0	0.0	0.0	0.0	0.0	0.0	0.0	0.0	0.0	0.0	0.0	0.0	0.0	0.0	0.0	0.0	0.0	0.0	0.0	0.0	0.0	0.0	0.0	0.0	0.0	0.0	0.0	0.0	0.0	0.0	0.0	0.0	0.0	0.0	0.0	0.0	0.0	0.0	0.0	0.0	0.0	0.0	0.0	0.0	0.0	0.0	0.0	0.0	0.0	
0.55	0.0	0.0	0.0	0.0	0.0	0.0	0.0	0.0	0.0	0.0	0.0	0.0	0.0	0.0	0.0	0.0	0.0	0.0	0.0	0.0	0.0	0.0	0.0	0.0	0.0	0.0	0.0	0.0	0.0	0.0	0.0	0.0	0.0	0.0	0.0	0.0	0.0	0.0	0.0	0.0	0.0	0.0	0.0	0.0	0.0	0.0	0.0	0.0	0.0	0.0	0.0	0.0	0.0	0.0	0.0	0.0	0.0	0.0	0.0	0.0	
0.566666666667	0.0	0.0	0.0	0.0	0.0	0.0	0.0	0.0	0.0	0.0	0.0	0.0	0.0	0.0	0.0	0.0	0.0	0.0	0.0	0.0	0.0	0.0	0.0	0.0	0.0	0.0	0.0	0.0	0.0	0.0	0.0	0.0	0.0	0.0	0.0	0.0	0.0	0.0	0.0	0.0	0.0	0.0	0.0	0.0	0.0	0.0	0.0	0.0	0.0	0.0	0.0	0.0	0.0	0.0	0.0	0.0	0.0	0.0	0.0	0.0	
0.583333333333	0.0	0.0	0.0	0.0	0.0	0.0	0.0	0.0	0.0	0.0	0.0	0.0	0.0	0.0	0.0	0.0	0.0	0.0	0.0	0.0	0.0	0.0	0.0	0.0	0.0	0.0	0.0	0.0	0.0	0.0	0.0	0.0	0.0	0.0	0.0	0.0	0.0	0.0	0.0	0.0	0.0	0.0	0.0	0.0	0.0	0.0	0.0	0.0	0.0	0.0	0.0	0.0	0.0	0.0	0.0	0.0	0.0	0.0	0.0	0.0	
0.6	0.0	0.0	0.0	0.0	0.0	0.0	0.0	0.0	0.0	0.0	0.0	0.0	0.0	0.0	0.0	0.0	0.0	0.0	0.0	0.0	0.0	0.0	0.0	0.0	0.0	0.0	0.0	0.0	0.0	0.0	0.0	0.0	0.0	0.0	0.0	0.0	0.0	0.0	0.0	0.0	0.0	0.0	0.0	0.0	0.0	0.0	0.0	0.0	0.0	0.0	0.0	0.0	0.0	0.0	0.0	0.0	0.0	0.0	0.0	0.0	
0.616666666667	0.0	0.0	0.0	0.0	0.0	0.0	0.0	0.0	0.0	0.0	0.0	0.0	0.0	0.0	0.0	0.0	0.0	0.0	0.0	0.0	0.0	0.0	0.0	0.0	0.0	0.0	0.0	0.0	0.0	0.0	0.0	0.0	0.0	0.0	0.0	0.0	0.0	0.0	0.0	0.0	0.0	0.0	0.0	0.0	0.0	0.0	0.0	0.0	0.0	0.0	0.0	0.0	0.0	0.0	0.0	0.0	0.0	0.0	0.0	0.0	
0.633333333333	0.0	0.0	0.0	0.0	0.0	0.0	0.0	0.0	0.0	0.0	0.0	0.0	0.0	0.0	0.0	0.0	0.0	0.0	0.0	0.0	0.0	0.0	0.0	0.0	0.0	0.0	0.0	0.0	0.0	0.0	0.0	0.0	0.0	0.0	0.0	0.0	0.0	0.0	0.0	0.0	0.0	0.0	0.0	0.0	0.0	0.0	0.0	0.0	0.0	0.0	0.0	0.0	0.0	0.0	0.0	0.0	0.0	0.0	0.0	0.0	
0.65	0.0	0.0	0.0	0.0	0.0	0.0	0.0	0.0	0.0	0.0	0.0	0.0	0.0	0.0	0.0	0.0	0.0	0.0	0.0	0.0	0.0	0.0	0.0	0.0	0.0	0.0	0.0	0.0	0.0	0.0	0.0	0.0	0.0	0.0	0.0	0.0	0.0	0.0	0.0	0.0	0.0	0.0	0.0	0.0	0.0	0.0	0.0	0.0	0.0	0.0	0.0	0.0	0.0	0.0	0.0	0.0	0.0	0.0	0.0	0.0	
0.666666666667	0.0	0.0	0.0	0.0	0.0	0.0	0.0	0.0	0.0	0.0	0.0	0.0	0.0	0.0	0.0	0.0	0.0	0.0	0.0	0.0	0.0	0.0	0.0	0.0	0.0	0.0	0.0	0.0	0.0	0.0	0.0	0.0	0.0	0.0	0.0	0.0	0.0	0.0	0.0	0.0	0.0	0.0	0.0	0.0	0.0	0.0	0.0	0.0	0.0	0.0	0.0	0.0	0.0	0.0	0.0	0.0	0.0	0.0	0.0	0.0	
0.683333333333	0.0	0.0	0.0	0.0	0.0	0.0	0.0	0.0	0.0	0.0	0.0	0.0	0.0	0.0	0.0	0.0	0.0	0.0	0.0	0.0	0.0	0.0	0.0	0.0	0.0	0.0	0.0	0.0	0.0	0.0	0.0	0.0	0.0	0.0	0.0	0.0	0.0	0.0	0.0	0.0	0.0	0.0	0.0	0.0	0.0	0.0	0.0	0.0	0.0	0.0	0.0	0.0	0.0	0.0	0.0	0.0	0.0	0.0	0.0	0.0	
0.7	0.0	0.0	0.0	0.0	0.0	0.0	0.0	0.0	0.0	0.0	0.0	0.0	0.0	0.0	0.0	0.0	0.0	0.0	0.0	0.0	0.0	0.0	0.0	0.0	0.0	0.0	0.0	0.0	0.0	0.0	0.0	0.0	0.0	0.0	0.0	0.0	0.0	0.0	0.0	0.0	0.0	0.0	0.0	0.0	0.0	0.0	0.0	0.0	0.0	0.0	0.0	0.0	0.0	0.0	0.0	0.0	0.0	0.0	0.0	0.0	
0.716666666667	0.0	0.0	0.0	0.0	0.0	0.0	0.0	0.0	0.0	0.0	0.0	0.0	0.0	0.0	0.0	0.0	0.0	0.0	0.0	0.0	0.0	0.0	0.0	0.0	0.0	0.0	0.0	0.0	0.0	0.0	0.0	0.0	0.0	0.0	0.0	0.0	0.0	0.0	0.0	0.0	0.0	0.0	0.0	0.0	0.0	0.0	0.0	0.0	0.0	0.0	0.0	0.0	0.0	0.0	0.0	0.0	0.0	0.0	0.0	0.0	
0.733333333333	0.0	0.0	0.0	0.0	0.0	0.0	0.0	0.0	0.0	0.0	0.0	0.0	0.0	0.0	0.0	0.0	0.0	0.0	0.0	0.0	0.0	0.0	0.0	0.0	0.0	0.0	0.0	0.0	0.0	0.0	0.0	0.0	0.0	0.0	0.0	0.0	0.0	0.0	0.0	0.0	0.0	0.0	0.0	0.0	0.0	0.0	0.0	0.0	0.0	0.0	0.0	0.0	0.0	0.0	0.0	0.0	0.0	0.0	0.0	0.0	
0.75	0.0	0.0	0.0	0.0	0.0	0.0	0.0	0.0	0.0	0.0	0.0	0.0	0.0	0.0	0.0	0.0	0.0	0.0	0.0	0.0	0.0	0.0	0.0	0.0	0.0	0.0	0.0	0.0	0.0	0.0	0.0	0.0	0.0	0.0	0.0	0.0	0.0	0.0	0.0	0.0	0.0	0.0	0.0	0.0	0.0	0.0	0.0	0.0	0.0	0.0	0.0	0.0	0.0	0.0	0.0	0.0	0.0	0.0	0.0	0.0	
0.766666666667	0.0	0.0	0.0	0.0	0.0	0.0	0.0	0.0	0.0	0.0	0.0	0.0	0.0	0.0	0.0	0.0	0.0	0.0	0.0	0.0	0.0	0.0	0.0	0.0	0.0	0.0	0.0	0.0	0.0	0.0	0.0	0.0	0.0	0.0	0.0	0.0	0.0	0.0	0.0	0.0	0.0	0.0	0.0	0.0	0.0	0.0	0.0	0.0	0.0	0.0	0.0	0.0	0.0	0.0	0.0	0.0	0.0	0.0	0.0	0.0	
0.783333333333	0.0	0.0	0.0	0.0	0.0	0.0	0.0	0.0	0.0	0.0	0.0	0.0	0.0	0.0	0.0	0.0	0.0	0.0	0.0	0.0	0.0	0.0	0.0	0.0	0.0	0.0	0.0	0.0	0.0	0.0	0.0	0.0	0.0	0.0	0.0	0.0	0.0	0.0	0.0	0.0	0.0	0.0	0.0	0.0	0.0	0.0	0.0	0.0	0.0	0.0	0.0	0.0	0.0	0.0	0.0	0.0	0.0	0.0	0.0	0.0	
0.8	0.0	0.0	0.0	0.0	0.0	0.0	0.0	0.0	0.0	0.0	0.0	0.0	0.0	0.0	0.0	0.0	0.0	0.0	0.0	0.0	0.0	0.0	0.0	0.0	0.0	0.0	0.0	0.0	0.0	0.0	0.0	0.0	0.0	0.0	0.0	0.0	0.0	0.0	0.0	0.0	0.0	0.0	0.0	0.0	0.0	0.0	0.0	0.0	0.0	0.0	0.0	0.0	0.0	0.0	0.0	0.0	0.0	0.0	0.0	0.0	
0.816666666667	0.0	0.0	0.0	0.0	0.0	0.0	0.0	0.0	0.0	0.0	0.0	0.0	0.0	0.0	0.0	0.0	0.0	0.0	0.0	0.0	0.0	0.0	0.0	0.0	0.0	0.0	0.0	0.0	0.0	0.0	0.0	0.0	0.0	0.0	0.0	0.0	0.0	0.0	0.0	0.0	0.0	0.0	0.0	0.0	0.0	0.0	0.0	0.0	0.0	0.0	0.0	0.0	0.0	0.0	0.0	0.0	0.0	0.0	0.0	0.0	
0.833333333333	0.0	0.0	0.0	0.0	0.0	0.0	0.0	0.0	0.0	0.0	0.0	0.0	0.0	0.0	0.0	0.0	0.0	0.0	0.0	0.0	0.0	0.0	0.0	0.0	0.0	0.0	0.0	0.0	0.0	0.0	0.0	0.0	0.0	0.0	0.0	0.0	0.0	0.0	0.0	0.0	0.0	0.0	0.0	0.0	0.0	0.0	0.0	0.0	0.0	0.0	0.0	0.0	0.0	0.0	0.0	0.0	0.0	0.0	0.0	0.0	
0.85	0.0	0.0	0.0	0.0	0.0	0.0	0.0	0.0	0.0	0.0	0.0	0.0	0.0	0.0	0.0	0.0	0.0	0.0	0.0	0.0	0.0	0.0	0.0	0.0	0.0	0.0	0.0	0.0	0.0	0.0	0.0	0.0	0.0	0.0	0.0	0.0	0.0	0.0	0.0	0.0	0.0	0.0	0.0	0.0	0.0	0.0	0.0	0.0	0.0	0.0	0.0	0.0	0.0	0.0	0.0	0.0	0.0	0.0	0.0	0.0	
0.866666666667	0.0	0.0	0.0	0.0	0.0	0.0	0.0	0.0	0.0	0.0	0.0	0.0	0.0	0.0	0.0	0.0	0.0	0.0	0.0	0.0	0.0	0.0	0.0	0.0	0.0	0.0	0.0	0.0	0.0	0.0	0.0	0.0	0.0	0.0	0.0	0.0	0.0	0.0	0.0	0.0	0.0	0.0	0.0	0.0	0.0	0.0	0.0	0.0	0.0	0.0	0.0	0.0	0.0	0.0	0.0	0.0	0.0	0.0	0.0	0.0	
0.883333333333	0.0	0.0	0.0	0.0	0.0	0.0	0.0	0.0	0.0	0.0	0.0	0.0	0.0	0.0	0.0	0.0	0.0	0.0	0.0	0.0	0.0	0.0	0.0	0.0	0.0	0.0	0.0	0.0	0.0	0.0	0.0	0.0	0.0	0.0	0.0	0.0	0.0	0.0	0.0	0.0	0.0	0.0	0.0	0.0	0.0	0.0	0.0	0.0	0.0	0.0	0.0	0.0	0.0	0.0	0.0	0.0	0.0	0.0	0.0	0.0	
0.9	43.6	46.0	48.4	50.8	53.2	55.6	58.0	60.4	62.8	65.2	0.0	0.0	-6.40842436451e-07	-1.24943078299e-07	-8.00718134286e-07	-9.88366654153e-07	-1.80811634277e-06	-2.15038058527e-06	-2.9264322274e-06	-3.94053350764e-06	0.0	-2.67017681854e-07	2.14958065897e-07	-2.81572939995e-07	-7.81868832782e-08	-3.41562370257e-07	-1.42610101043e-07	-3.23354850885e-07	-4.22542200102e-07	-4.20297656052e-07	99.9890525869	99.9564545177	99.9238564485	99.8912583792	99.85866031	99.8260622408	99.7934641716	99.7608661023	99.7282680331	99.6956699639	-10.7096687016	-10.7096427429	-10.7096167842	-10.7095908255	-10.7095648667	-10.709538908	-10.7095129493	-10.7094869906	-10.7094610319	-10.7094350731	-1.57	-1.57	-1.57	-1.57	-1.57	-1.57	-1.57	-1.57	-1.57	-1.57	
0.916666666667	43.6	46.0	48.4	50.8	53.2	55.6	58.0	60.4	62.8	65.2	0.0	0.0	-6.40842436451e-07	-1.24943078299e-07	-8.00718134286e-07	-9.88366654153e-07	-1.80811634277e-06	-2.15038058527e-06	-2.9264322274e-06	-3.94053350764e-06	0.0	-2.67017681854e-07	2.14958065897e-07	-2.81572939995e-07	-7.81868832782e-08	-3.41562370257e-07	-1.42610101043e-07	-3.23354850885e-07	-4.22542200102e-07	-4.20297656052e-07	99.9890525869	99.9564545177	99.9238564485	99.8912583792	99.85866031	99.8260622408	99.7934641716	99.7608661023	99.7282680331	99.6956699639	-10.7096687016	-10.7096427429	-10.7096167842	-10.7095908255	-10.7095648667	-10.709538908	-10.7095129493	-10.7094869906	-10.7094610319	-10.7094350731	-1.57	-1.57	-1.57	-1.57	-1.57	-1.57	-1.57	-1.57	-1.57	-1.57	
0.933333333333	43.6	46.0	48.4	50.8	53.2	55.6	58.0	60.4	62.8	65.2	0.0	0.0	-6.40842436451e-07	-1.24943078299e-07	-8.00718134286e-07	-9.88366654153e-07	-1.80811634277e-06	-2.15038058527e-06	-2.9264322274e-06	-3.94053350764e-06	0.0	-2.67017681854e-07	2.14958065897e-07	-2.81572939995e-07	-7.81868832782e-08	-3.41562370257e-07	-1.42610101043e-07	-3.23354850885e-07	-4.22542200102e-07	-4.20297656052e-07	99.9890525869	99.9564545177	99.9238564485	99.8912583792	99.85866031	99.8260622408	99.7934641716	99.7608661023	99.7282680331	99.6956699639	-10.7096687016	-10.7096427429	-10.7096167842	-10.7095908255	-10.7095648667	-10.709538908	-10.7095129493	-10.7094869906	-10.7094610319	-10.7094350731	-1.57	-1.57	-1.57	-1.57	-1.57	-1.57	-1.57	-1.57	-1.57	-1.57	
0.95	43.6	46.0	48.4	50.8	53.2	55.6	58.0	60.4	62.8	65.2	0.0	0.0	-6.40842436451e-07	-1.24943078299e-07	-8.00718134286e-07	-9.88366654153e-07	-1.80811634277e-06	-2.15038058527e-06	-2.9264322274e-06	-3.94053350764e-06	0.0	-2.67017681854e-07	2.14958065897e-07	-2.81572939995e-07	-7.81868832782e-08	-3.41562370257e-07	-1.42610101043e-07	-3.23354850885e-07	-4.22542200102e-07	-4.20297656052e-07	99.9890525869	99.9564545177	99.9238564485	99.8912583792	99.85866031	99.8260622408	99.7934641716	99.7608661023	99.7282680331	99.6956699639	-10.7096687016	-10.7096427429	-10.7096167842	-10.7095908255	-10.7095648667	-10.709538908	-10.7095129493	-10.7094869906	-10.7094610319	-10.7094350731	-1.57	-1.57	-1.57	-1.57	-1.57	-1.57	-1.57	-1.57	-1.57	-1.57	
0.966666666667	43.6	46.0	48.4	50.8	53.2	55.6	58.0	60.4	62.8	65.2	0.0	0.0	-6.40842436451e-07	-1.24943078299e-07	-8.00718134286e-07	-9.88366654153e-07	-1.80811634277e-06	-2.15038058527e-06	-2.9264322274e-06	-3.94053350764e-06	0.0	-2.67017681854e-07	2.14958065897e-07	-2.81572939995e-07	-7.81868832782e-08	-3.41562370257e-07	-1.42610101043e-07	-3.23354850885e-07	-4.22542200102e-07	-4.20297656052e-07	99.9890525869	99.9564545177	99.9238564485	99.8912583792	99.85866031	99.8260622408	99.7934641716	99.7608661023	99.7282680331	99.6956699639	-10.7096687016	-10.7096427429	-10.7096167842	-10.7095908255	-10.7095648667	-10.709538908	-10.7095129493	-10.7094869906	-10.7094610319	-10.7094350731	-1.57	-1.57	-1.57	-1.57	-1.57	-1.57	-1.57	-1.57	-1.57	-1.57	
0.983333333333	43.6	46.0	48.4	50.8	53.2	55.6	58.0	60.4	62.8	65.2	0.0	0.0	-6.40842436451e-07	-1.24943078299e-07	-8.00718134286e-07	-9.88366654153e-07	-1.80811634277e-06	-2.15038058527e-06	-2.9264322274e-06	-3.94053350764e-06	0.0	-2.67017681854e-07	2.14958065897e-07	-2.81572939995e-07	-7.81868832782e-08	-3.41562370257e-07	-1.42610101043e-07	-3.23354850885e-07	-4.22542200102e-07	-4.20297656052e-07	99.9890525869	99.9564545177	99.9238564485	99.8912583792	99.85866031	99.8260622408	99.7934641716	99.7608661023	99.7282680331	99.6956699639	-10.7096687016	-10.7096427429	-10.7096167842	-10.7095908255	-10.7095648667	-10.709538908	-10.7095129493	-10.7094869906	-10.7094610319	-10.7094350731	-1.57	-1.57	-1.57	-1.57	-1.57	-1.57	-1.57	-1.57	-1.57	-1.57	
1.0	43.6	46.0	48.4	50.8	53.2	55.6	58.0	60.4	62.8	65.2	0.0	0.0	-6.40842436451e-07	-1.24943078299e-07	-8.00718134286e-07	-9.88366654153e-07	-1.80811634277e-06	-2.15038058527e-06	-2.9264322274e-06	-3.94053350764e-06	0.0	-2.67017681854e-07	2.14958065897e-07	-2.81572939995e-07	-7.81868832782e-08	-3.41562370257e-07	-1.42610101043e-07	-3.23354850885e-07	-4.22542200102e-07	-4.20297656052e-07	99.9890525869	99.9564545177	99.9238564485	99.8912583792	99.85866031	99.8260622408	99.7934641716	99.7608661023	99.7282680331	99.6956699639	-10.7096687016	-10.7096427429	-10.7096167842	-10.7095908255	-10.7095648667	-10.709538908	-10.7095129493	-10.7094869906	-10.7094610319	-10.7094350731	-1.57	-1.57	-1.57	-1.57	-1.57	-1.57	-1.57	-1.57	-1.57	-1.57	
1.01666666667	46.2912725	48.6226025	50.9539325	53.2852625	55.6165925	57.9479225	60.2792525	62.6105825	64.9419125	67.2732424999	0.0	0.0	9.18630328608e-06	5.91270966399e-06	6.56028126297e-06	4.86471304683e-08	-1.53882065726e-06	-1.53960428527e-06	3.55462742818e-06	-1.8010600037e-05	0.0	3.94037021189e-06	-1.4041742791e-06	2.77769169948e-07	-2.793098417e-06	-6.80927962892e-07	-3.36129166722e-10	2.185118243e-06	-9.25018228456e-06	-8.93273555929e-06	99.904645702	99.8040122332	99.7033787644	99.6027452956	99.5021118269	99.4014783581	99.3008448893	99.2002114205	99.0995779517	98.9989444829	-10.7096014862	-10.709521349	-10.7094412119	-10.7093610747	-10.7092809376	-10.7092008004	-10.7091206633	-10.7090405261	-10.708960389	-10.7088802519	-1.57	-1.57	-1.57	-1.57	-1.57	-1.57	-1.57	-1.57	-1.57	-1.57	
1.03333333333	46.2912725	48.6226025	50.9539325	53.2852625	55.6165925	57.9479225	60.2792525	62.6105825	64.9419125	67.2732424999	0.0	0.0	9.18630328608e-06	5.91270966399e-06	6.56028126297e-06	4.86471304683e-08	-1.53882065726e-06	-1.53960428527e-06	3.55462742818e-06	-1.8010600037e-05	0.0	3.94037021189e-06	-1.4041742791e-06	2.77769169948e-07	-2.793098417e-06	-6.80927962892e-07	-3.36129166722e-10	2.185118243e-06	-9.25018228456e-06	-8.93273555929e-06	99.904645702	99.8040122332	99.7033787644	99.6027452956	99.5021118269	99.4014783581	99.3008448893	99.2002114205	99.0995779517	98.9989444829	-10.7096014862	-10.709521349	-10.7094412119	-10.7093610747	-10.7092809376	-10.7092008004	-10.7091206633	-10.7090405261	-10.708960389	-10.7088802519	-1.57	-1.57	-1.57	-1.57	-1.57	-1.57	-1.57	-1.57	-1.57	-1.57	
1.05	46.2912725	48.6226025	50.9539325	53.2852625	55.6165925	57.9479225	60.2792525	62.6105825	64.9419125	67.2732424999	0.0	0.0	9.18630328608e-06	5.91270966399e-06	6.56028126297e-06	4.86471304683e-08	-1.53882065726e-06	-1.53960428527e-06	3.55462742818e-06	-1.8010600037e-05	0.0	3.94037021189e-06	-1.4041742791e-06	2.77769169948e-07	-2.793098417e-06	-6.80927962892e-07	-3.36129166722e-10	2.185118243e-06	-9.25018228456e-06	-8.93273555929e-06	99.904645702	99.8040122332	99.7033787644	99.6027452956	99.5021118269	99.4014783581	99.3008448893	99.2002114205	99.0995779517	98.9989444829	-10.7096014862	-10.709521349	-10.7094412119	-10.7093610747	-10.7092809376	-10.7092008004	-10.7091206633	-10.7090405261	-10.708960389	-10.7088802519	-1.57	-1.57	-1.57	-1.57	-1.57	-1.57	-1.57	-1.57	-1.57	-1.57	
1.06666666667	46.2912725	48.6226025	50.9539325	53.2852625	55.6165925	57.9479225	60.2792525	62.6105825	64.9419125	67.2732424999	0.0	0.0	9.18630328608e-06	5.91270966399e-06	6.56028126297e-06	4.86471304683e-08	-1.53882065726e-06	-1.53960428527e-06	3.55462742818e-06	-1.8010600037e-05	0.0	3.94037021189e-06	-1.4041742791e-06	2.77769169948e-07	-2.793098417e-06	-6.80927962892e-07	-3.36129166722e-10	2.185118243e-06	-9.25018228456e-06	-8.93273555929e-06	99.904645702	99.8040122332	99.7033787644	99.6027452956	99.5021118269	99.4014783581	99.3008448893	99.2002114205	99.0995779517	98.9989444829	-10.7096014862	-10.709521349	-10.7094412119	-10.7093610747	-10.7092809376	-10.7092008004	-10.7091206633	-10.7090405261	-10.708960389	-10.7088802519	-1.57	-1.57	-1.57	-1.57	-1.57	-1.57	-1.57	-1.57	-1.57	-1.57	
1.08333333333	46.2912725	48.6226025	50.9539325	53.2852625	55.6165925	57.9479225	60.2792525	62.6105825	64.9419125	67.2732424999	0.0	0.0	9.18630328608e-06	5.91270966399e-06	6.56028126297e-06	4.86471304683e-08	-1.53882065726e-06	-1.53960428527e-06	3.55462742818e-06	-1.8010600037e-05	0.0	3.94037021189e-06	-1.4041742791e-06	2.77769169948e-07	-2.793098417e-06	-6.80927962892e-07	-3.36129166722e-10	2.185118243e-06	-9.25018228456e-06	-8.93273555929e-06	99.904645702	99.8040122332	99.7033787644	99.6027452956	99.5021118269	99.4014783581	99.3008448893	99.2002114205	99.0995779517	98.9989444829	-10.7096014862	-10.709521349	-10.7094412119	-10.7093610747	-10.7092809376	-10.7092008004	-10.7091206633	-10.7090405261	-10.708960389	-10.7088802519	-1.57	-1.57	-1.57	-1.57	-1.57	-1.57	-1.57	-1.57	-1.57	-1.57	
1.1	46.2912725	48.6226025	50.9539325	53.2852625	55.6165925	57.9479225	60.2792525	62.6105825	64.9419125	67.2732424999	0.0	0.0	9.18630328608e-06	5.91270966399e-06	6.56028126297e-06	4.86471304683e-08	-1.53882065726e-06	-1.53960428527e-06	3.55462742818e-06	-1.8010600037e-05	0.0	3.94037021189e-06	-1.4041742791e-06	2.77769169948e-07	-2.793098417e-06	-6.80927962892e-07	-3.36129166722e-10	2.185118243e-06	-9.25018228456e-06	-8.93273555929e-06	99.904645702	99.8040122332	99.7033787644	99.6027452956	99.5021118269	99.4014783581	99.3008448893	99.2002114205	99.0995779517	98.9989444829	-10.7096014862	-10.709521349	-10.7094412119	-10.7093610747	-10.7092809376	-10.7092008004	-10.7091206633	-10.7090405261	-10.708960389	-10.7088802519	-1.57	-1.57	-1.57	-1.57	-1.57	-1.57	-1.57	-1.57	-1.57	-1.57	
1.11666666667	48.5343125011	50.8067825018	53.0792525025	55.3517225032	57.6241925039	59.8966625046	62.1691325053	64.4416025061	66.7140725068	68.9865425074	0.0	0.0	-4.97682488732e-06	-1.39128805284e-05	-2.15840570195e-05	-3.40162386767e-05	-4.11178568089e-05	-4.6776358038e-05	-4.13695870897e-05	-2.31239374027e-05	0.0	-2.19005086348e-06	-3.9323096183e-06	-3.37569978422e-06	-5.47077921968e-06	-3.12506573462e-06	-2.49002241054e-06	2.37924854745e-06	8.02899474204e-06	1.16438781086e-05	99.7740756154	99.6230653619	99.4720551083	99.3210448548	99.1700346012	99.0190243477	98.8680140942	98.7170038406	98.5659935871	98.4149833335	-10.7094975097	-10.7093772561	-10.7092570026	-10.7091367491	-10.7090164955	-10.708896242	-10.7087759885	-10.7086557349	-10.7085354814	-10.7084152278	-1.57	-1.57	-1.57	-1.57	-1.57	-1.57	-1.57	-1.57	-1.57	-1.57	
1.13333333333	48.5343125011	50.8067825018	53.0792525025	55.3517225032	57.6241925039	59.8966625046	62.1691325053	64.4416025061	66.7140725068	68.9865425074	0.0	0.0	-4.97682488732e-06	-1.39128805284e-05	-2.15840570195e-05	-3.40162386767e-05	-4.11178568089e-05	-4.6776358038e-05	-4.13695870897e-05	-2.31239374027e-05	0.0	-2.19005086348e-06	-3.9323096183e-06	-3.37569978422e-06	-5.47077921968e-06	-3.12506573462e-06	-2.49002241054e-06	2.37924854745e-06	8.02899474204e-06	1.16438781086e-05	99.7740756154	99.6230653619	99.4720551083	99.3210448548	99.1700346012	99.0190243477	98.8680140942	98.7170038406	98.5659935871	98.4149833335	-10.7094975097	-10.7093772561	-10.7092570026	-10.7091367491	-10.7090164955	-10.708896242	-10.7087759885	-10.7086557349	-10.7085354814	-10.7084152278	-1.57	-1.57	-1.57	-1.57	-1.57	-1.57	-1.57	-1.57	-1.57	-1.57	
1.15	48.5343125011	50.8067825018	53.0792525025	55.3517225032	57.6241925039	59.8966625046	62.1691325053	64.4416025061	66.7140725068	68.9865425074	0.0	0.0	-4.97682488732e-06	-1.39128805284e-05	-2.15840570195e-05	-3.40162386767e-05	-4.11178568089e-05	-4.6776358038e-05	-4.13695870897e-05	-2.31239374027e-05	0.0	-2.19005086348e-06	-3.9323096183e-06	-3.37569978422e-06	-5.47077921968e-06	-3.12506573462e-06	-2.49002241054e-06	2.37924854745e-06	8.02899474204e-06	1.16438781086e-05	99.7740756154	99.6230653619	99.4720551083	99.3210448548	99.1700346012	99.0190243477	98.8680140942	98.7170038406	98.5659935871	98.4149833335	-10.7094975097	-10.7093772561	-10.7092570026	-10.7091367491	-10.7090164955	-10.708896242	-10.7087759885	-10.7086557349	-10.7085354814	-10.7084152278	-1.57	-1.57	-1.57	-1.57	-1.57	-1.57	-1.57	-1.57	-1.57	-1.57	
1.16666666667	48.5343125011	50.8067825018	53.0792525025	55.3517225032	57.6241925039	59.8966625046	62.1691325053	64.4416025061	66.7140725068	68.9865425074	0.0	0.0	-4.97682488732e-06	-1.39128805284e-05	-2.15840570195e-05	-3.40162386767e-05	-4.11178568089e-05	-4.6776358038e-05	-4.13695870897e-05	-2.31239374027e-05	0.0	-2.19005086348e-06	-3.9323096183e-06	-3.37569978422e-06	-5.47077921968e-06	-3.12506573462e-06	-2.49002241054e-06	2.37924854745e-06	8.02899474204e-06	1.16438781086e-05	99.7740756154	99.6230653619	99.4720551083	99.3210448548	99.1700346012	99.0190243477	98.8680140942	98.7170038406	98.5659935871	98.4149833335	-10.7094975097	-10.7093772561	-10.7092570026	-10.7091367491	-10.7090164955	-10.708896242	-10.7087759885	-10.7086557349	-10.7085354814	-10.7084152278	-1.57	-1.57	-1.57	-1.57	-1.57	-1.57	-1.57	-1.57	-1.57	-1.57	
1.18333333333	48.5343125011	50.8067825018	53.0792525025	55.3517225032	57.6241925039	59.8966625046	62.1691325053	64.4416025061	66.7140725068	68.9865425074	0.0	0.0	-4.97682488732e-06	-1.39128805284e-05	-2.15840570195e-05	-3.40162386767e-05	-4.11178568089e-05	-4.6776358038e-05	-4.13695870897e-05	-2.31239374027e-05	0.0	-2.19005086348e-06	-3.9323096183e-06	-3.37569978422e-06	-5.47077921968e-06	-3.12506573462e-06	-2.49002241054e-06	2.37924854745e-06	8.02899474204e-06	1.16438781086e-05	99.7740756154	99.6230653619	99.4720551083	99.3210448548	99.1700346012	99.0190243477	98.8680140942	98.7170038406	98.5659935871	98.4149833335	-10.7094975097	-10.7093772561	-10.7092570026	-10.7091367491	-10.7090164955	-10.708896242	-10.7087759885	-10.7086557349	-10.7085354814	-10.7084152278	-1.57	-1.57	-1.57	-1.57	-1.57	-1.57	-1.57	-1.57	-1.57	-1.57	
1.2	48.5343125011	50.8067825018	53.0792525025	55.3517225032	57.6241925039	59.8966625046	62.1691325053	64.4416025061	66.7140725068	68.9865425074	0.0	0.0	-4.97682488732e-06	-1.39128805284e-05	-2.15840570195e-05	-3.40162386767e-05	-4.11178568089e-05	-4.6776358038e-05	-4.13695870897e-05	-2.31239374027e-05	0.0	-2.19005086348e-06	-3.9323096183e-06	-3.37569978422e-06	-5.47077921968e-06	-3.12506573462e-06	-2.49002241054e-06	2.37924854745e-06	8.02899474204e-06	1.16438781086e-05	99.7740756154	99.6230653619	99.4720551083	99.3210448548	99.1700346012	99.0190243477	98.8680140942	98.7170038406	98.5659935871	98.4149833335	-10.7094975097	-10.7093772561	-10.7092570026	-10.7091367491	-10.7090164955	-10.708896242	-10.7087759885	-10.7086557349	-10.7085354814	-10.7084152278	-1.57	-1.57	-1.57	-1.57	-1.57	-1.57	-1.57	-1.57	-1.57	-1.57	
1.21666666667	48.5343125011	50.8067825018	53.0792525025	55.3517225032	57.6241925039	59.8966625046	62.1691325053	64.4416025061	66.7140725068	68.9865425074	0.0	0.0	-4.97682488732e-06	-1.39128805284e-05	-2.15840570195e-05	-3.40162386767e-05	-4.11178568089e-05	-4.6776358038e-05	-4.13695870897e-05	-2.31239374027e-05	0.0	-2.19005086348e-06	-3.9323096183e-06	-3.37569978422e-06	-5.47077921968e-06	-3.12506573462e-06	-2.49002241054e-06	2.37924854745e-06	8.02899474204e-06	1.16438781086e-05	99.7740756154	99.6230653619	99.4720551083	99.3210448548	99.1700346012	99.0190243477	98.8680140942	98.7170038406	98.5659935871	98.4149833335	-10.7094975097	-10.7093772561	-10.7092570026	-10.7091367491	-10.7090164955	-10.708896242	-10.7087759885	-10.7086557349	-10.7085354814	-10.7084152278	-1.57	-1.57	-1.57	-1.57	-1.57	-1.57	-1.57	-1.57	-1.57	-1.57	
1.23333333333	51.0768000023	53.2806000033	55.4844000043	57.6882000052	59.8920000062	62.0958000072	64.2996000081	66.5034000091	68.70720001	70.911000011	0.0	0.0	-6.60847983597e-08	-5.78061644436e-06	-7.67164799132e-06	-8.55875510963e-06	-4.50186593278e-06	3.14471737109e-06	9.26495542025e-06	1.69140658932e-05	0.0	-2.99867494013e-08	-2.5930355039e-06	-8.58077659553e-07	-4.0253522004e-07	1.84086086535e-06	3.46972651807e-06	2.77712952468e-06	3.47087325059e-06	6.40026386241e-06	99.5632700898	99.361460615	99.1596511402	98.9578416653	98.7560321905	98.5542227157	98.3524132408	98.150603766	97.9487942912	97.7469848163	-10.7093296396	-10.7091689332	-10.7090082269	-10.7088475206	-10.7086868142	-10.7085261079	-10.7083654016	-10.7082046953	-10.7080439889	-10.7078832826	-1.57	-1.57	-1.57	-1.57	-1.57	-1.57	-1.57	-1.57	-1.57	-1.57	
1.25	51.0768000023	53.2806000033	55.4844000043	57.6882000052	59.8920000062	62.0958000072	64.2996000081	66.5034000091	68.70720001	70.911000011	0.0	0.0	-6.60847983597e-08	-5.78061644436e-06	-7.67164799132e-06	-8.55875510963e-06	-4.50186593278e-06	3.14471737109e-06	9.26495542025e-06	1.69140658932e-05	0.0	-2.99867494013e-08	-2.5930355039e-06	-8.58077659553e-07	-4.0253522004e-07	1.84086086535e-06	3.46972651807e-06	2.77712952468e-06	3.47087325059e-06	6.40026386241e-06	99.5632700898	99.361460615	99.1596511402	98.9578416653	98.7560321905	98.5542227157	98.3524132408	98.150603766	97.9487942912	97.7469848163	-10.7093296396	-10.7091689332	-10.7090082269	-10.7088475206	-10.7086868142	-10.7085261079	-10.7083654016	-10.7082046953	-10.7080439889	-10.7078832826	-1.57	-1.57	-1.57	-1.57	-1.57	-1.57	-1.57	-1.57	-1.57	-1.57	
1.26666666667	51.0768000023	53.2806000033	55.4844000043	57.6882000052	59.8920000062	62.0958000072	64.2996000081	66.5034000091	68.70720001	70.911000011	0.0	0.0	-6.60847983597e-08	-5.78061644436e-06	-7.67164799132e-06	-8.55875510963e-06	-4.50186593278e-06	3.14471737109e-06	9.26495542025e-06	1.69140658932e-05	0.0	-2.99867494013e-08	-2.5930355039e-06	-8.58077659553e-07	-4.0253522004e-07	1.84086086535e-06	3.46972651807e-06	2.77712952468e-06	3.47087325059e-06	6.40026386241e-06	99.5632700898	99.361460615	99.1596511402	98.9578416653	98.7560321905	98.5542227157	98.3524132408	98.150603766	97.9487942912	97.7469848163	-10.7093296396	-10.7091689332	-10.7090082269	-10.7088475206	-10.7086868142	-10.7085261079	-10.7083654016	-10.7082046953	-10.7080439889	-10.7078832826	-1.57	-1.57	-1.57	-1.57	-1.57	-1.57	-1.57	-1.57	-1.57	-1.57	
1.28333333333	51.0768000023	53.2806000033	55.4844000043	57.6882000052	59.8920000062	62.0958000072	64.2996000081	66.5034000091	68.70720001	70.911000011	0.0	0.0	-6.60847983597e-08	-5.78061644436e-06	-7.67164799132e-06	-8.55875510963e-06	-4.50186593278e-06	3.14471737109e-06	9.26495542025e-06	1.69140658932e-05	0.0	-2.99867494013e-08	-2.5930355039e-06	-8.58077659553e-07	-4.0253522004e-07	1.84086086535e-06	3.46972651807e-06	2.77712952468e-06	3.47087325059e-06	6.40026386241e-06	99.5632700898	99.361460615	99.1596511402	98.9578416653	98.7560321905	98.5542227157	98.3524132408	98.150603766	97.9487942912	97.7469848163	-10.7093296396	-10.7091689332	-10.7090082269	-10.7088475206	-10.7086868142	-10.7085261079	-10.7083654016	-10.7082046953	-10.7080439889	-10.7078832826	-1.57	-1.57	-1.57	-1.57	-1.57	-1.57	-1.57	-1.57	-1.57	-1.57	
1.3	51.0768000023	53.2806000033	55.4844000043	57.6882000052	59.8920000062	62.0958000072	64.2996000081	66.5034000091	68.70720001	70.911000011	0.0	0.0	-6.60847983597e-08	-5.78061644436e-06	-7.67164799132e-06	-8.55875510963e-06	-4.50186593278e-06	3.14471737109e-06	9.26495542025e-06	1.69140658932e-05	0.0	-2.99867494013e-08	-2.5930355039e-06	-8.58077659553e-07	-4.0253522004e-07	1.84086086535e-06	3.46972651807e-06	2.77712952468e-06	3.47087325059e-06	6.40026386241e-06	99.5632700898	99.361460615	99.1596511402	98.9578416653	98.7560321905	98.5542227157	98.3524132408	98.150603766	97.9487942912	97.7469848163	-10.7093296396	-10.7091689332	-10.7090082269	-10.7088475206	-10.7086868142	-10.7085261079	-10.7083654016	-10.7082046953	-10.7080439889	-10.7078832826	-1.57	-1.57	-1.57	-1.57	-1.57	-1.57	-1.57	-1.57	-1.57	-1.57	
1.31666666667	51.0768000023	53.2806000033	55.4844000043	57.6882000052	59.8920000062	62.0958000072	64.2996000081	66.5034000091	68.70720001	70.911000011	0.0	0.0	-6.60847983597e-08	-5.78061644436e-06	-7.67164799132e-06	-8.55875510963e-06	-4.50186593278e-06	3.14471737109e-06	9.26495542025e-06	1.69140658932e-05	0.0	-2.99867494013e-08	-2.5930355039e-06	-8.58077659553e-07	-4.0253522004e-07	1.84086086535e-06	3.46972651807e-06	2.77712952468e-06	3.47087325059e-06	6.40026386241e-06	99.5632700898	99.361460615	99.1596511402	98.9578416653	98.7560321905	98.5542227157	98.3524132408	98.150603766	97.9487942912	97.7469848163	-10.7093296396	-10.7091689332	-10.7090082269	-10.7088475206	-10.7086868142	-10.7085261079	-10.7083654016	-10.7082046953	-10.7080439889	-10.7078832826	-1.57	-1.57	-1.57	-1.57	-1.57	-1.57	-1.57	-1.57	-1.57	-1.57	
1.33333333333	51.0768000023	53.2806000033	55.4844000043	57.6882000052	59.8920000062	62.0958000072	64.2996000081	66.5034000091	68.70720001	70.911000011	0.0	0.0	-6.60847983597e-08	-5.78061644436e-06	-7.67164799132e-06	-8.55875510963e-06	-4.50186593278e-06	3.14471737109e-06	9.26495542025e-06	1.69140658932e-05	0.0	-2.99867494013e-08	-2.5930355039e-06	-8.58077659553e-07	-4.0253522004e-07	1.84086086535e-06	3.46972651807e-06	2.77712952468e-06	3.47087325059e-06	6.40026386241e-06	99.5632700898	99.361460615	99.1596511402	98.9578416653	98.7560321905	98.5542227157	98.3524132408	98.150603766	97.9487942912	97.7469848163	-10.7093296396	-10.7091689332	-10.7090082269	-10.7088475206	-10.7086868142	-10.7085261079	-10.7083654016	-10.7082046953	-10.7080439889	-10.7078832826	-1.57	-1.57	-1.57	-1.57	-1.57	-1.57	-1.57	-1.57	-1.57	-1.57	
1.35	53.5391725035	55.6743025044	57.8094325054	59.9445625063	62.0796925073	64.2148225083	66.3499525092	68.4850825102	70.6202125111	72.755342512	0.0	0.0	7.08513861696e-06	1.15748231808e-05	1.15525181482e-05	4.84463468268e-06	-4.44934627317e-06	-1.58466843066e-05	-2.81101728265e-05	-4.67761834731e-05	0.0	3.31836404048e-06	2.10276871284e-06	-1.04466859872e-08	-3.14167449404e-06	-4.35288762355e-06	-5.33800659834e-06	-5.74367299152e-06	-8.74232980587e-06	-8.26616381629e-06	99.2982391266	99.0530248083	98.80781049	98.5625961718	98.3173818535	98.0721675353	97.826953217	97.5817388988	97.3365245805	97.0913102622	-10.7091185882	-10.7089233175	-10.7087280467	-10.7085327759	-10.7083375052	-10.7081422344	-10.7079469636	-10.7077516928	-10.7075564221	-10.7073611513	-1.57	-1.57	-1.57	-1.57	-1.57	-1.57	-1.57	-1.57	-1.57	-1.57	
1.36666666667	53.5391725035	55.6743025044	57.8094325054	59.9445625063	62.0796925073	64.2148225083	66.3499525092	68.4850825102	70.6202125111	72.755342512	0.0	0.0	7.08513861696e-06	1.15748231808e-05	1.15525181482e-05	4.84463468268e-06	-4.44934627317e-06	-1.58466843066e-05	-2.81101728265e-05	-4.67761834731e-05	0.0	3.31836404048e-06	2.10276871284e-06	-1.04466859872e-08	-3.14167449404e-06	-4.35288762355e-06	-5.33800659834e-06	-5.74367299152e-06	-8.74232980587e-06	-8.26616381629e-06	99.2982391266	99.0530248083	98.80781049	98.5625961718	98.3173818535	98.0721675353	97.826953217	97.5817388988	97.3365245805	97.0913102622	-10.7091185882	-10.7089233175	-10.7087280467	-10.7085327759	-10.7083375052	-10.7081422344	-10.7079469636	-10.7077516928	-10.7075564221	-10.7073611513	-1.57	-1.57	-1.57	-1.57	-1.57	-1.57	-1.57	-1.57	-1.57	-1.57	
1.38333333333	53.5391725035	55.6743025044	57.8094325054	59.9445625063	62.0796925073	64.2148225083	66.3499525092	68.4850825102	70.6202125111	72.755342512	0.0	0.0	7.08513861696e-06	1.15748231808e-05	1.15525181482e-05	4.84463468268e-06	-4.44934627317e-06	-1.58466843066e-05	-2.81101728265e-05	-4.67761834731e-05	0.0	3.31836404048e-06	2.10276871284e-06	-1.04466859872e-08	-3.14167449404e-06	-4.35288762355e-06	-5.33800659834e-06	-5.74367299152e-06	-8.74232980587e-06	-8.26616381629e-06	99.2982391266	99.0530248083	98.80781049	98.5625961718	98.3173818535	98.0721675353	97.826953217	97.5817388988	97.3365245805	97.0913102622	-10.7091185882	-10.7089233175	-10.7087280467	-10.7085327759	-10.7083375052	-10.7081422344	-10.7079469636	-10.7077516928	-10.7075564221	-10.7073611513	-1.57	-1.57	-1.57	-1.57	-1.57	-1.57	-1.57	-1.57	-1.57	-1.57	
1.4	53.5391725035	55.6743025044	57.8094325054	59.9445625063	62.0796925073	64.2148225083	66.3499525092	68.4850825102	70.6202125111	72.755342512	0.0	0.0	7.08513861696e-06	1.15748231808e-05	1.15525181482e-05	4.84463468268e-06	-4.44934627317e-06	-1.58466843066e-05	-2.81101728265e-05	-4.67761834731e-05	0.0	3.31836404048e-06	2.10276871284e-06	-1.04466859872e-08	-3.14167449404e-06	-4.35288762355e-06	-5.33800659834e-06	-5.74367299152e-06	-8.74232980587e-06	-8.26616381629e-06	99.2982391266	99.0530248083	98.80781049	98.5625961718	98.3173818535	98.0721675353	97.826953217	97.5817388988	97.3365245805	97.0913102622	-10.7091185882	-10.7089233175	-10.7087280467	-10.7085327759	-10.7083375052	-10.7081422344	-10.7079469636	-10.7077516928	-10.7075564221	-10.7073611513	-1.57	-1.57	-1.57	-1.57	-1.57	-1.57	-1.57	-1.57	-1.57	-1.57	
1.41666666667	53.5391725035	55.6743025044	57.8094325054	59.9445625063	62.0796925073	64.2148225083	66.3499525092	68.4850825102	70.6202125111	72.755342512	0.0	0.0	7.08513861696e-06	1.15748231808e-05	1.15525181482e-05	4.84463468268e-06	-4.44934627317e-06	-1.58466843066e-05	-2.81101728265e-05	-4.67761834731e-05	0.0	3.31836404048e-06	2.10276871284e-06	-1.04466859872e-08	-3.14167449404e-06	-4.35288762355e-06	-5.33800659834e-06	-5.74367299152e-06	-8.74232980587e-06	-8.26616381629e-06	99.2982391266	99.0530248083	98.80781049	98.5625961718	98.3173818535	98.0721675353	97.826953217	97.5817388988	97.3365245805	97.0913102622	-10.7091185882	-10.7089233175	-10.7087280467	-10.7085327759	-10.7083375052	-10.7081422344	-10.7079469636	-10.7077516928	-10.7075564221	-10.7073611513	-1.57	-1.57	-1.57	-1.57	-1.57	-1.57	-1.57	-1.57	-1.57	-1.57	
1.43333333333	53.5391725035	55.6743025044	57.8094325054	59.9445625063	62.0796925073	64.2148225083	66.3499525092	68.4850825102	70.6202125111	72.755342512	0.0	0.0	7.08513861696e-06	1.15748231808e-05	1.15525181482e-05	4.84463468268e-06	-4.44934627317e-06	-1.58466843066e-05	-2.81101728265e-05	-4.67761834731e-05	0.0	3.31836404048e-06	2.10276871284e-06	-1.04466859872e-08	-3.14167449404e-06	-4.35288762355e-06	-5.33800659834e-06	-5.74367299152e-06	-8.74232980587e-06	-8.26616381629e-06	99.2982391266	99.0530248083	98.80781049	98.5625961718	98.3173818535	98.0721675353	97.826953217	97.5817388988	97.3365245805	97.0913102622	-10.7091185882	-10.7089233175	-10.7087280467	-10.7085327759	-10.7083375052	-10.7081422344	-10.7079469636	-10.7077516928	-10.7075564221	-10.7073611513	-1.57	-1.57	-1.57	-1.57	-1.57	-1.57	-1.57	-1.57	-1.57	-1.57	
1.45	53.5391725035	55.6743025044	57.8094325054	59.9445625063	62.0796925073	64.2148225083	66.3499525092	68.4850825102	70.6202125111	72.755342512	0.0	0.0	7.08513861696e-06	1.15748231808e-05	1.15525181482e-05	4.84463468268e-06	-4.44934627317e-06	-1.58466843066e-05	-2.81101728265e-05	-4.67761834731e-05	0.0	3.31836404048e-06	2.10276871284e-06	-1.04466859872e-08	-3.14167449404e-06	-4.35288762355e-06	-5.33800659834e-06	-5.74367299152e-06	-8.74232980587e-06	-8.26616381629e-06	99.2982391266	99.0530248083	98.80781049	98.5625961718	98.3173818535	98.0721675353	97.826953217	97.5817388988	97.3365245805	97.0913102622	-10.7091185882	-10.7089233175	-10.7087280467	-10.7085327759	-10.7083375052	-10.7081422344	-10.7079469636	-10.7077516928	-10.7075564221	-10.7073611513	-1.57	-1.57	-1.57	-1.57	-1.57	-1.57	-1.57	-1.57	-1.57	-1.57	
1.46666666667	55.9214300054	57.9878900068	60.0543500083	62.1208100098	64.1872700112	66.2537300127	68.3201900141	70.3866500156	72.4531100171	74.5195700185	0.0	0.0	-3.73897590286e-07	5.2413594892e-06	1.70152605753e-06	9.21245537041e-06	9.88629507203e-06	1.81390984597e-05	1.90157012011e-05	2.91018077263e-05	0.0	-1.80936282348e-07	2.7173316084e-06	-1.71299392641e-06	3.6346841011e-06	3.26084076701e-07	3.99369132807e-06	4.24205037019e-07	4.88086220789e-06	-6.7615697173e-07	98.9868758265	98.7045747107	98.422273595	98.1399724792	97.8576713635	97.5753702477	97.293069132	97.0107680162	96.7284669005	96.4461657847	-10.7088706413	-10.7086458373	-10.7084210333	-10.7081962293	-10.7079714253	-10.7077466213	-10.7075218173	-10.7072970133	-10.7070722093	-10.7068474053	-1.57	-1.57	-1.57	-1.57	-1.57	-1.57	-1.57	-1.57	-1.57	-1.57	
1.48333333333	55.9214300054	57.9878900068	60.0543500083	62.1208100098	64.1872700112	66.2537300127	68.3201900141	70.3866500156	72.4531100171	74.5195700185	0.0	0.0	-3.73897590286e-07	5.2413594892e-06	1.70152605753e-06	9.21245537041e-06	9.88629507203e-06	1.81390984597e-05	1.90157012011e-05	2.91018077263e-05	0.0	-1.80936282348e-07	2.7173316084e-06	-1.71299392641e-06	3.6346841011e-06	3.26084076701e-07	3.99369132807e-06	4.24205037019e-07	4.88086220789e-06	-6.7615697173e-07	98.9868758265	98.7045747107	98.422273595	98.1399724792	97.8576713635	97.5753702477	97.293069132	97.0107680162	96.7284669005	96.4461657847	-10.7088706413	-10.7086458373	-10.7084210333	-10.7081962293	-10.7079714253	-10.7077466213	-10.7075218173	-10.7072970133	-10.7070722093	-10.7068474053	-1.57	-1.57	-1.57	-1.57	-1.57	-1.57	-1.57	-1.57	-1.57	-1.57	
1.5	55.9214300054	57.9878900068	60.0543500083	62.1208100098	64.1872700112	66.2537300127	68.3201900141	70.3866500156	72.4531100171	74.5195700185	0.0	0.0	-3.73897590286e-07	5.2413594892e-06	1.70152605753e-06	9.21245537041e-06	9.88629507203e-06	1.81390984597e-05	1.90157012011e-05	2.91018077263e-05	0.0	-1.80936282348e-07	2.7173316084e-06	-1.71299392641e-06	3.6346841011e-06	3.26084076701e-07	3.99369132807e-06	4.24205037019e-07	4.88086220789e-06	-6.7615697173e-07	98.9868758265	98.7045747107	98.422273595	98.1399724792	97.8576713635	97.5753702477	97.293069132	97.0107680162	96.7284669005	96.4461657847	-10.7088706413	-10.7086458373	-10.7084210333	-10.7081962293	-10.7079714253	-10.7077466213	-10.7075218173	-10.7072970133	-10.7070722093	-10.7068474053	-1.57	-1.57	-1.57	-1.57	-1.57	-1.57	-1.57	-1.57	-1.57	-1.57	
1.51666666667	55.9214300054	57.9878900068	60.0543500083	62.1208100098	64.1872700112	66.2537300127	68.3201900141	70.3866500156	72.4531100171	74.5195700185	0.0	0.0	-3.73897590286e-07	5.2413594892e-06	1.70152605753e-06	9.21245537041e-06	9.88629507203e-06	1.81390984597e-05	1.90157012011e-05	2.91018077263e-05	0.0	-1.80936282348e-07	2.7173316084e-06	-1.71299392641e-06	3.6346841011e-06	3.26084076701e-07	3.99369132807e-06	4.24205037019e-07	4.88086220789e-06	-6.7615697173e-07	98.9868758265	98.7045747107	98.422273595	98.1399724792	97.8576713635	97.5753702477	97.293069132	97.0107680162	96.7284669005	96.4461657847	-10.7088706413	-10.7086458373	-10.7084210333	-10.7081962293	-10.7079714253	-10.7077466213	-10.7075218173	-10.7072970133	-10.7070722093	-10.7068474053	-1.57	-1.57	-1.57	-1.57	-1.57	-1.57	-1.57	-1.57	-1.57	-1.57	
1.53333333333	55.9214300054	57.9878900068	60.0543500083	62.1208100098	64.1872700112	66.2537300127	68.3201900141	70.3866500156	72.4531100171	74.5195700185	0.0	0.0	-3.73897590286e-07	5.2413594892e-06	1.70152605753e-06	9.21245537041e-06	9.88629507203e-06	1.81390984597e-05	1.90157012011e-05	2.91018077263e-05	0.0	-1.80936282348e-07	2.7173316084e-06	-1.71299392641e-06	3.6346841011e-06	3.26084076701e-07	3.99369132807e-06	4.24205037019e-07	4.88086220789e-06	-6.7615697173e-07	98.9868758265	98.7045747107	98.422273595	98.1399724792	97.8576713635	97.5753702477	97.293069132	97.0107680162	96.7284669005	96.4461657847	-10.7088706413	-10.7086458373	-10.7084210333	-10.7081962293	-10.7079714253	-10.7077466213	-10.7075218173	-10.7072970133	-10.7070722093	-10.7068474053	-1.57	-1.57	-1.57	-1.57	-1.57	-1.57	-1.57	-1.57	-1.57	-1.57	
1.55	55.9214300054	57.9878900068	60.0543500083	62.1208100098	64.1872700112	66.2537300127	68.3201900141	70.3866500156	72.4531100171	74.5195700185	0.0	0.0	-3.73897590286e-07	5.2413594892e-06	1.70152605753e-06	9.21245537041e-06	9.88629507203e-06	1.81390984597e-05	1.90157012011e-05	2.91018077263e-05	0.0	-1.80936282348e-07	2.7173316084e-06	-1.71299392641e-06	3.6346841011e-06	3.26084076701e-07	3.99369132807e-06	4.24205037019e-07	4.88086220789e-06	-6.7615697173e-07	98.9868758265	98.7045747107	98.422273595	98.1399724792	97.8576713635	97.5753702477	97.293069132	97.0107680162	96.7284669005	96.4461657847	-10.7088706413	-10.7086458373	-10.7084210333	-10.7081962293	-10.7079714253	-10.7077466213	-10.7075218173	-10.7072970133	-10.7070722093	-10.7068474053	-1.57	-1.57	-1.57	-1.57	-1.57	-1.57	-1.57	-1.57	-1.57	-1.57	
1.56666666667	57.8996000068	59.9072000083	61.9148000098	63.9224000112	65.9300000127	67.9376000142	69.9452000156	71.9528000171	73.9604000186	75.96800002	0.0	0.0	4.39790100108e-07	9.93661377141e-08	1.50792818707e-07	-5.306863734e-07	-1.75585109305e-07	-5.96998900308e-07	-4.75927273486e-07	-2.16010751203e-06	0.0	2.19062611968e-07	-1.69567624101e-07	2.56159996788e-08	-3.39449686994e-07	1.76878493642e-07	-2.09909240234e-07	6.03066481041e-08	-8.38902289957e-07	-6.56476063737e-07	98.6882559518	98.3784939315	98.0687319112	97.7589698909	97.4492078705	97.1394458502	96.8296838299	96.5199218096	96.2101597893	95.900397769	-10.7086328422	-10.7083861704	-10.7081394985	-10.7078928267	-10.7076461548	-10.707399483	-10.7071528111	-10.7069061393	-10.7066594674	-10.7064127956	-1.57	-1.57	-1.57	-1.57	-1.57	-1.57	-1.57	-1.57	-1.57	-1.57	
1.58333333333	57.8996000068	59.9072000083	61.9148000098	63.9224000112	65.9300000127	67.9376000142	69.9452000156	71.9528000171	73.9604000186	75.96800002	0.0	0.0	4.39790100108e-07	9.93661377141e-08	1.50792818707e-07	-5.306863734e-07	-1.75585109305e-07	-5.96998900308e-07	-4.75927273486e-07	-2.16010751203e-06	0.0	2.19062611968e-07	-1.69567624101e-07	2.56159996788e-08	-3.39449686994e-07	1.76878493642e-07	-2.09909240234e-07	6.03066481041e-08	-8.38902289957e-07	-6.56476063737e-07	98.6882559518	98.3784939315	98.0687319112	97.7589698909	97.4492078705	97.1394458502	96.8296838299	96.5199218096	96.2101597893	95.900397769	-10.7086328422	-10.7083861704	-10.7081394985	-10.7078928267	-10.7076461548	-10.707399483	-10.7071528111	-10.7069061393	-10.7066594674	-10.7064127956	-1.57	-1.57	-1.57	-1.57	-1.57	-1.57	-1.57	-1.57	-1.57	-1.57	
1.6	57.8996000068	59.9072000083	61.9148000098	63.9224000112	65.9300000127	67.9376000142	69.9452000156	71.9528000171	73.9604000186	75.96800002	0.0	0.0	4.39790100108e-07	9.93661377141e-08	1.50792818707e-07	-5.306863734e-07	-1.75585109305e-07	-5.96998900308e-07	-4.75927273486e-07	-2.16010751203e-06	0.0	2.19062611968e-07	-1.69567624101e-07	2.56159996788e-08	-3.39449686994e-07	1.76878493642e-07	-2.09909240234e-07	6.03066481041e-08	-8.38902289957e-07	-6.56476063737e-07	98.6882559518	98.3784939315	98.0687319112	97.7589698909	97.4492078705	97.1394458502	96.8296838299	96.5199218096	96.2101597893	95.900397769	-10.7086328422	-10.7083861704	-10.7081394985	-10.7078928267	-10.7076461548	-10.707399483	-10.7071528111	-10.7069061393	-10.7066594674	-10.7064127956	-1.57	-1.57	-1.57	-1.57	-1.57	-1.57	-1.57	-1.57	-1.57	-1.57	
1.61666666667	57.8996000068	59.9072000083	61.9148000098	63.9224000112	65.9300000127	67.9376000142	69.9452000156	71.9528000171	73.9604000186	75.96800002	0.0	0.0	4.39790100108e-07	9.93661377141e-08	1.50792818707e-07	-5.306863734e-07	-1.75585109305e-07	-5.96998900308e-07	-4.75927273486e-07	-2.16010751203e-06	0.0	2.19062611968e-07	-1.69567624101e-07	2.56159996788e-08	-3.39449686994e-07	1.76878493642e-07	-2.09909240234e-07	6.03066481041e-08	-8.38902289957e-07	-6.56476063737e-07	98.6882559518	98.3784939315	98.0687319112	97.7589698909	97.4492078705	97.1394458502	96.8296838299	96.5199218096	96.2101597893	95.900397769	-10.7086328422	-10.7083861704	-10.7081394985	-10.7078928267	-10.7076461548	-10.707399483	-10.7071528111	-10.7069061393	-10.7066594674	-10.7064127956	-1.57	-1.57	-1.57	-1.57	-1.57	-1.57	-1.57	-1.57	-1.57	-1.57	
1.63333333333	57.8996000068	59.9072000083	61.9148000098	63.9224000112	65.9300000127	67.9376000142	69.9452000156	71.9528000171	73.9604000186	75.96800002	0.0	0.0	4.39790100108e-07	9.93661377141e-08	1.50792818707e-07	-5.306863734e-07	-1.75585109305e-07	-5.96998900308e-07	-4.75927273486e-07	-2.16010751203e-06	0.0	2.19062611968e-07	-1.69567624101e-07	2.56159996788e-08	-3.39449686994e-07	1.76878493642e-07	-2.09909240234e-07	6.03066481041e-08	-8.38902289957e-07	-6.56476063737e-07	98.6882559518	98.3784939315	98.0687319112	97.7589698909	97.4492078705	97.1394458502	96.8296838299	96.5199218096	96.2101597893	95.900397769	-10.7086328422	-10.7083861704	-10.7081394985	-10.7078928267	-10.7076461548	-10.707399483	-10.7071528111	-10.7069061393	-10.7066594674	-10.7064127956	-1.57	-1.57	-1.57	-1.57	-1.57	-1.57	-1.57	-1.57	-1.57	-1.57	
1.65	57.8996000068	59.9072000083	61.9148000098	63.9224000112	65.9300000127	67.9376000142	69.9452000156	71.9528000171	73.9604000186	75.96800002	0.0	0.0	4.39790100108e-07	9.93661377141e-08	1.50792818707e-07	-5.306863734e-07	-1.75585109305e-07	-5.96998900308e-07	-4.75927273486e-07	-2.16010751203e-06	0.0	2.19062611968e-07	-1.69567624101e-07	2.56159996788e-08	-3.39449686994e-07	1.76878493642e-07	-2.09909240234e-07	6.03066481041e-08	-8.38902289957e-07	-6.56476063737e-07	98.6882559518	98.3784939315	98.0687319112	97.7589698909	97.4492078705	97.1394458502	96.8296838299	96.5199218096	96.2101597893	95.900397769	-10.7086328422	-10.7083861704	-10.7081394985	-10.7078928267	-10.7076461548	-10.707399483	-10.7071528111	-10.7069061393	-10.7066594674	-10.7064127956	-1.57	-1.57	-1.57	-1.57	-1.57	-1.57	-1.57	-1.57	-1.57	-1.57	
1.66666666667	59.8189100083	61.7676500098	63.7163900112	65.6651300127	67.6138700142	69.5626100157	71.5113500171	73.4600900186	75.4088300201	77.3575700215	0.0	0.0	5.09585477662e-07	3.04389361457e-06	3.22950847392e-06	5.12432953902e-06	6.15816117023e-06	1.02937458401e-05	7.91307696744e-06	9.36174384961e-06	0.0	2.61494851687e-07	1.30048551115e-06	9.52486525718e-08	9.7233138524e-07	5.30512859815e-07	2.1221839069e-06	-1.22164520194e-06	7.43386434862e-07	1.25530169574e-06	98.3642336499	98.0304746923	97.6967157348	97.3629567773	97.0291978198	96.6954388623	96.3616799047	96.0279209472	95.6941619897	95.3604030322	-10.7083748145	-10.7081090332	-10.707843252	-10.7075774707	-10.7073116895	-10.7070459082	-10.706780127	-10.7065143457	-10.7062485644	-10.7059827832	-1.57	-1.57	-1.57	-1.57	-1.57	-1.57	-1.57	-1.57	-1.57	-1.57	
1.68333333333	59.8189100083	61.7676500098	63.7163900112	65.6651300127	67.6138700142	69.5626100157	71.5113500171	73.4600900186	75.4088300201	77.3575700215	0.0	0.0	5.09585477662e-07	3.04389361457e-06	3.22950847392e-06	5.12432953902e-06	6.15816117023e-06	1.02937458401e-05	7.91307696744e-06	9.36174384961e-06	0.0	2.61494851687e-07	1.30048551115e-06	9.52486525718e-08	9.7233138524e-07	5.30512859815e-07	2.1221839069e-06	-1.22164520194e-06	7.43386434862e-07	1.25530169574e-06	98.3642336499	98.0304746923	97.6967157348	97.3629567773	97.0291978198	96.6954388623	96.3616799047	96.0279209472	95.6941619897	95.3604030322	-10.7083748145	-10.7081090332	-10.707843252	-10.7075774707	-10.7073116895	-10.7070459082	-10.706780127	-10.7065143457	-10.7062485644	-10.7059827832	-1.57	-1.57	-1.57	-1.57	-1.57	-1.57	-1.57	-1.57	-1.57	-1.57	
1.7	59.8189100083	61.7676500098	63.7163900112	65.6651300127	67.6138700142	69.5626100157	71.5113500171	73.4600900186	75.4088300201	77.3575700215	0.0	0.0	5.09585477662e-07	3.04389361457e-06	3.22950847392e-06	5.12432953902e-06	6.15816117023e-06	1.02937458401e-05	7.91307696744e-06	9.36174384961e-06	0.0	2.61494851687e-07	1.30048551115e-06	9.52486525718e-08	9.7233138524e-07	5.30512859815e-07	2.1221839069e-06	-1.22164520194e-06	7.43386434862e-07	1.25530169574e-06	98.3642336499	98.0304746923	97.6967157348	97.3629567773	97.0291978198	96.6954388623	96.3616799047	96.0279209472	95.6941619897	95.3604030322	-10.7083748145	-10.7081090332	-10.707843252	-10.7075774707	-10.7073116895	-10.7070459082	-10.706780127	-10.7065143457	-10.7062485644	-10.7059827832	-1.57	-1.57	-1.57	-1.57	-1.57	-1.57	-1.57	-1.57	-1.57	-1.57	
1.71666666667	59.8189100083	61.7676500098	63.7163900112	65.6651300127	67.6138700142	69.5626100157	71.5113500171	73.4600900186	75.4088300201	77.3575700215	0.0	0.0	5.09585477662e-07	3.04389361457e-06	3.22950847392e-06	5.12432953902e-06	6.15816117023e-06	1.02937458401e-05	7.91307696744e-06	9.36174384961e-06	0.0	2.61494851687e-07	1.30048551115e-06	9.52486525718e-08	9.7233138524e-07	5.30512859815e-07	2.1221839069e-06	-1.22164520194e-06	7.43386434862e-07	1.25530169574e-06	98.3642336499	98.0304746923	97.6967157348	97.3629567773	97.0291978198	96.6954388623	96.3616799047	96.0279209472	95.6941619897	95.3604030322	-10.7083748145	-10.7081090332	-10.707843252	-10.7075774707	-10.7073116895	-10.7070459082	-10.706780127	-10.7065143457	-10.7062485644	-10.7059827832	-1.57	-1.57	-1.57	-1.57	-1.57	-1.57	-1.57	-1.57	-1.57	-1.57	
1.73333333333	59.8189100083	61.7676500098	63.7163900112	65.6651300127	67.6138700142	69.5626100157	71.5113500171	73.4600900186	75.4088300201	77.3575700215	0.0	0.0	5.09585477662e-07	3.04389361457e-06	3.22950847392e-06	5.12432953902e-06	6.15816117023e-06	1.02937458401e-05	7.91307696744e-06	9.36174384961e-06	0.0	2.61494851687e-07	1.30048551115e-06	9.52486525718e-08	9.7233138524e-07	5.30512859815e-07	2.1221839069e-06	-1.22164520194e-06	7.43386434862e-07	1.25530169574e-06	98.3642336499	98.0304746923	97.6967157348	97.3629567773	97.0291978198	96.6954388623	96.3616799047	96.0279209472	95.6941619897	95.3604030322	-10.7083748145	-10.7081090332	-10.707843252	-10.7075774707	-10.7073116895	-10.7070459082	-10.706780127	-10.7065143457	-10.7062485644	-10.7059827832	-1.57	-1.57	-1.57	-1.57	-1.57	-1.57	-1.57	-1.57	-1.57	-1.57	
1.75	59.8189100083	61.7676500098	63.7163900112	65.6651300127	67.6138700142	69.5626100157	71.5113500171	73.4600900186	75.4088300201	77.3575700215	0.0	0.0	5.09585477662e-07	3.04389361457e-06	3.22950847392e-06	5.12432953902e-06	6.15816117023e-06	1.02937458401e-05	7.91307696744e-06	9.36174384961e-06	0.0	2.61494851687e-07	1.30048551115e-06	9.52486525718e-08	9.7233138524e-07	5.30512859815e-07	2.1221839069e-06	-1.22164520194e-06	7.43386434862e-07	1.25530169574e-06	98.3642336499	98.0304746923	97.6967157348	97.3629567773	97.0291978198	96.6954388623	96.3616799047	96.0279209472	95.6941619897	95.3604030322	-10.7083748145	-10.7081090332	-10.707843252	-10.7075774707	-10.7073116895	-10.7070459082	-10.706780127	-10.7065143457	-10.7062485644	-10.7059827832	-1.57	-1.57	-1.57	-1.57	-1.57	-1.57	-1.57	-1.57	-1.57	-1.57	
1.76666666667	59.8189100083	61.7676500098	63.7163900112	65.6651300127	67.6138700142	69.5626100157	71.5113500171	73.4600900186	75.4088300201	77.3575700215	0.0	0.0	5.09585477662e-07	3.04389361457e-06	3.22950847392e-06	5.12432953902e-06	6.15816117023e-06	1.02937458401e-05	7.91307696744e-06	9.36174384961e-06	0.0	2.61494851687e-07	1.30048551115e-06	9.52486525718e-08	9.7233138524e-07	5.30512859815e-07	2.1221839069e-06	-1.22164520194e-06	7.43386434862e-07	1.25530169574e-06	98.3642336499	98.0304746923	97.6967157348	97.3629567773	97.0291978198	96.6954388623	96.3616799047	96.0279209472	95.6941619897	95.3604030322	-10.7083748145	-10.7081090332	-10.707843252	-10.7075774707	-10.7073116895	-10.7070459082	-10.706780127	-10.7065143457	-10.7062485644	-10.7059827832	-1.57	-1.57	-1.57	-1.57	-1.57	-1.57	-1.57	-1.57	-1.57	-1.57	
1.78333333333	61.98371251	63.8637825115	65.743852513	67.6239225144	69.5039925159	71.3840625174	73.2641325189	75.1442025203	77.0242725218	78.9043425233	0.0	0.0	-3.64846338126e-07	3.45851576002e-06	4.80184091023e-06	8.94433396191e-06	1.03198737311e-05	1.55336096393e-05	1.80617442642e-05	2.03642524067e-05	0.0	-1.94059975341e-07	2.03362752193e-06	7.14508049784e-07	2.20337170873e-06	7.31642847388e-07	2.7731605228e-06	1.34470239033e-06	1.22469277244e-06	-6.17454026429e-07	97.9583537077	97.6003965857	97.2424394637	96.8844823417	96.5265252197	96.1685680977	95.8106109757	95.4526538537	95.0946967316	94.7367396096	-10.7080516014	-10.7077665505	-10.7074814995	-10.7071964486	-10.7069113977	-10.7066263468	-10.7063412959	-10.706056245	-10.7057711941	-10.7054861432	-1.57	-1.57	-1.57	-1.57	-1.57	-1.57	-1.57	-1.57	-1.57	-1.57	
1.8	61.98371251	63.8637825115	65.743852513	67.6239225144	69.5039925159	71.3840625174	73.2641325189	75.1442025203	77.0242725218	78.9043425233	0.0	0.0	-3.64846338126e-07	3.45851576002e-06	4.80184091023e-06	8.94433396191e-06	1.03198737311e-05	1.55336096393e-05	1.80617442642e-05	2.03642524067e-05	0.0	-1.94059975341e-07	2.03362752193e-06	7.14508049784e-07	2.20337170873e-06	7.31642847388e-07	2.7731605228e-06	1.34470239033e-06	1.22469277244e-06	-6.17454026429e-07	97.9583537077	97.6003965857	97.2424394637	96.8844823417	96.5265252197	96.1685680977	95.8106109757	95.4526538537	95.0946967316	94.7367396096	-10.7080516014	-10.7077665505	-10.7074814995	-10.7071964486	-10.7069113977	-10.7066263468	-10.7063412959	-10.706056245	-10.7057711941	-10.7054861432	-1.57	-1.57	-1.57	-1.57	-1.57	-1.57	-1.57	-1.57	-1.57	-1.57	
1.81666666667	61.98371251	63.8637825115	65.743852513	67.6239225144	69.5039925159	71.3840625174	73.2641325189	75.1442025203	77.0242725218	78.9043425233	0.0	0.0	-3.64846338126e-07	3.45851576002e-06	4.80184091023e-06	8.94433396191e-06	1.03198737311e-05	1.55336096393e-05	1.80617442642e-05	2.03642524067e-05	0.0	-1.94059975341e-07	2.03362752193e-06	7.14508049784e-07	2.20337170873e-06	7.31642847388e-07	2.7731605228e-06	1.34470239033e-06	1.22469277244e-06	-6.17454026429e-07	97.9583537077	97.6003965857	97.2424394637	96.8844823417	96.5265252197	96.1685680977	95.8106109757	95.4526538537	95.0946967316	94.7367396096	-10.7080516014	-10.7077665505	-10.7074814995	-10.7071964486	-10.7069113977	-10.7066263468	-10.7063412959	-10.706056245	-10.7057711941	-10.7054861432	-1.57	-1.57	-1.57	-1.57	-1.57	-1.57	-1.57	-1.57	-1.57	-1.57	
1.83333333333	61.98371251	63.8637825115	65.743852513	67.6239225144	69.5039925159	71.3840625174	73.2641325189	75.1442025203	77.0242725218	78.9043425233	0.0	0.0	-3.64846338126e-07	3.45851576002e-06	4.80184091023e-06	8.94433396191e-06	1.03198737311e-05	1.55336096393e-05	1.80617442642e-05	2.03642524067e-05	0.0	-1.94059975341e-07	2.03362752193e-06	7.14508049784e-07	2.20337170873e-06	7.31642847388e-07	2.7731605228e-06	1.34470239033e-06	1.22469277244e-06	-6.17454026429e-07	97.9583537077	97.6003965857	97.2424394637	96.8844823417	96.5265252197	96.1685680977	95.8106109757	95.4526538537	95.0946967316	94.7367396096	-10.7080516014	-10.7077665505	-10.7074814995	-10.7071964486	-10.7069113977	-10.7066263468	-10.7063412959	-10.706056245	-10.7057711941	-10.7054861432	-1.57	-1.57	-1.57	-1.57	-1.57	-1.57	-1.57	-1.57	-1.57	-1.57	
1.85	61.98371251	63.8637825115	65.743852513	67.6239225144	69.5039925159	71.3840625174	73.2641325189	75.1442025203	77.0242725218	78.9043425233	0.0	0.0	-3.64846338126e-07	3.45851576002e-06	4.80184091023e-06	8.94433396191e-06	1.03198737311e-05	1.55336096393e-05	1.80617442642e-05	2.03642524067e-05	0.0	-1.94059975341e-07	2.03362752193e-06	7.14508049784e-07	2.20337170873e-06	7.31642847388e-07	2.7731605228e-06	1.34470239033e-06	1.22469277244e-06	-6.17454026429e-07	97.9583537077	97.6003965857	97.2424394637	96.8844823417	96.5265252197	96.1685680977	95.8106109757	95.4526538537	95.0946967316	94.7367396096	-10.7080516014	-10.7077665505	-10.7074814995	-10.7071964486	-10.7069113977	-10.7066263468	-10.7063412959	-10.706056245	-10.7057711941	-10.7054861432	-1.57	-1.57	-1.57	-1.57	-1.57	-1.57	-1.57	-1.57	-1.57	-1.57	
1.86666666667	61.98371251	63.8637825115	65.743852513	67.6239225144	69.5039925159	71.3840625174	73.2641325189	75.1442025203	77.0242725218	78.9043425233	0.0	0.0	-3.64846338126e-07	3.45851576002e-06	4.80184091023e-06	8.94433396191e-06	1.03198737311e-05	1.55336096393e-05	1.80617442642e-05	2.03642524067e-05	0.0	-1.94059975341e-07	2.03362752193e-06	7.14508049784e-07	2.20337170873e-06	7.31642847388e-07	2.7731605228e-06	1.34470239033e-06	1.22469277244e-06	-6.17454026429e-07	97.9583537077	97.6003965857	97.2424394637	96.8844823417	96.5265252197	96.1685680977	95.8106109757	95.4526538537	95.0946967316	94.7367396096	-10.7080516014	-10.7077665505	-10.7074814995	-10.7071964486	-10.7069113977	-10.7066263468	-10.7063412959	-10.706056245	-10.7057711941	-10.7054861432	-1.57	-1.57	-1.57	-1.57	-1.57	-1.57	-1.57	-1.57	-1.57	-1.57	
1.88333333333	63.7754925115	65.596702513	67.4179125144	69.2391225159	71.0603325174	72.8815425189	74.7027525203	76.5239625218	78.3451725233	80.1663825248	0.0	0.0	9.04911760792e-08	-2.67229479345e-06	-3.26912158986e-06	-6.70304922357e-06	-7.93852731582e-06	-1.11771566779e-05	-1.21438918191e-05	-1.45499984425e-05	0.0	4.96873924512e-08	-1.517005709e-06	-3.27708938521e-07	-1.88551986368e-06	-6.78383103131e-07	-1.77828441504e-06	-5.30820246102e-07	-1.32115825269e-06	5.90150836483e-07	97.5897490227	97.2138743794	96.837999736	96.4621250927	96.0862504493	95.710375806	95.3345011626	94.9586265193	94.582751876	94.2068772326	-10.7077580715	-10.7074587524	-10.7071594333	-10.7068601142	-10.7065607951	-10.7062614759	-10.7059621568	-10.7056628377	-10.7053635186	-10.7050641995	-1.57	-1.57	-1.57	-1.57	-1.57	-1.57	-1.57	-1.57	-1.57	-1.57	
1.9	63.7754925115	65.596702513	67.4179125144	69.2391225159	71.0603325174	72.8815425189	74.7027525203	76.5239625218	78.3451725233	80.1663825248	0.0	0.0	9.04911760792e-08	-2.67229479345e-06	-3.26912158986e-06	-6.70304922357e-06	-7.93852731582e-06	-1.11771566779e-05	-1.21438918191e-05	-1.45499984425e-05	0.0	4.96873924512e-08	-1.517005709e-06	-3.27708938521e-07	-1.88551986368e-06	-6.78383103131e-07	-1.77828441504e-06	-5.30820246102e-07	-1.32115825269e-06	5.90150836483e-07	97.5897490227	97.2138743794	96.837999736	96.4621250927	96.0862504493	95.710375806	95.3345011626	94.9586265193	94.582751876	94.2068772326	-10.7077580715	-10.7074587524	-10.7071594333	-10.7068601142	-10.7065607951	-10.7062614759	-10.7059621568	-10.7056628377	-10.7053635186	-10.7050641995	-1.57	-1.57	-1.57	-1.57	-1.57	-1.57	-1.57	-1.57	-1.57	-1.57	
1.91666666667	63.7754925115	65.596702513	67.4179125144	69.2391225159	71.0603325174	72.8815425189	74.7027525203	76.5239625218	78.3451725233	80.1663825248	0.0	0.0	9.04911760792e-08	-2.67229479345e-06	-3.26912158986e-06	-6.70304922357e-06	-7.93852731582e-06	-1.11771566779e-05	-1.21438918191e-05	-1.45499984425e-05	0.0	4.96873924512e-08	-1.517005709e-06	-3.27708938521e-07	-1.88551986368e-06	-6.78383103131e-07	-1.77828441504e-06	-5.30820246102e-07	-1.32115825269e-06	5.90150836483e-07	97.5897490227	97.2138743794	96.837999736	96.4621250927	96.0862504493	95.710375806	95.3345011626	94.9586265193	94.582751876	94.2068772326	-10.7077580715	-10.7074587524	-10.7071594333	-10.7068601142	-10.7065607951	-10.7062614759	-10.7059621568	-10.7056628377	-10.7053635186	-10.7050641995	-1.57	-1.57	-1.57	-1.57	-1.57	-1.57	-1.57	-1.57	-1.57	-1.57	
1.93333333333	63.7754925115	65.596702513	67.4179125144	69.2391225159	71.0603325174	72.8815425189	74.7027525203	76.5239625218	78.3451725233	80.1663825248	0.0	0.0	9.04911760792e-08	-2.67229479345e-06	-3.26912158986e-06	-6.70304922357e-06	-7.93852731582e-06	-1.11771566779e-05	-1.21438918191e-05	-1.45499984425e-05	0.0	4.96873924512e-08	-1.517005709e-06	-3.27708938521e-07	-1.88551986368e-06	-6.78383103131e-07	-1.77828441504e-06	-5.30820246102e-07	-1.32115825269e-06	5.90150836483e-07	97.5897490227	97.2138743794	96.837999736	96.4621250927	96.0862504493	95.710375806	95.3345011626	94.9586265193	94.582751876	94.2068772326	-10.7077580715	-10.7074587524	-10.7071594333	-10.7068601142	-10.7065607951	-10.7062614759	-10.7059621568	-10.7056628377	-10.7053635186	-10.7050641995	-1.57	-1.57	-1.57	-1.57	-1.57	-1.57	-1.57	-1.57	-1.57	-1.57	
1.95	63.7754925115	65.596702513	67.4179125144	69.2391225159	71.0603325174	72.8815425189	74.7027525203	76.5239625218	78.3451725233	80.1663825248	0.0	0.0	9.04911760792e-08	-2.67229479345e-06	-3.26912158986e-06	-6.70304922357e-06	-7.93852731582e-06	-1.11771566779e-05	-1.21438918191e-05	-1.45499984425e-05	0.0	4.96873924512e-08	-1.517005709e-06	-3.27708938521e-07	-1.88551986368e-06	-6.78383103131e-07	-1.77828441504e-06	-5.30820246102e-07	-1.32115825269e-06	5.90150836483e-07	97.5897490227	97.2138743794	96.837999736	96.4621250927	96.0862504493	95.710375806	95.3345011626	94.9586265193	94.582751876	94.2068772326	-10.7077580715	-10.7074587524	-10.7071594333	-10.7068601142	-10.7065607951	-10.7062614759	-10.7059621568	-10.7056628377	-10.7053635186	-10.7050641995	-1.57	-1.57	-1.57	-1.57	-1.57	-1.57	-1.57	-1.57	-1.57	-1.57	
1.96666666667	63.7754925115	65.596702513	67.4179125144	69.2391225159	71.0603325174	72.8815425189	74.7027525203	76.5239625218	78.3451725233	80.1663825248	0.0	0.0	9.04911760792e-08	-2.67229479345e-06	-3.26912158986e-06	-6.70304922357e-06	-7.93852731582e-06	-1.11771566779e-05	-1.21438918191e-05	-1.45499984425e-05	0.0	4.96873924512e-08	-1.517005709e-06	-3.27708938521e-07	-1.88551986368e-06	-6.78383103131e-07	-1.77828441504e-06	-5.30820246102e-07	-1.32115825269e-06	5.90150836483e-07	97.5897490227	97.2138743794	96.837999736	96.4621250927	96.0862504493	95.710375806	95.3345011626	94.9586265193	94.582751876	94.2068772326	-10.7077580715	-10.7074587524	-10.7071594333	-10.7068601142	-10.7065607951	-10.7062614759	-10.7059621568	-10.7056628377	-10.7053635186	-10.7050641995	-1.57	-1.57	-1.57	-1.57	-1.57	-1.57	-1.57	-1.57	-1.57	-1.57	
1.98333333333	65.508412513	67.2707625144	69.0331125159	70.7954625174	72.5578125189	74.3201625203	76.0825125218	77.8448625233	79.6072125247	81.3695625261	0.0	0.0	-2.60185496324e-06	1.95906592873e-07	-3.71411043738e-06	-5.13187040641e-06	-1.06112734439e-05	-1.89238641192e-05	-3.15504270133e-05	-4.55765930687e-05	0.0	-1.47635541241e-06	1.58751754974e-06	-2.21863819728e-06	-8.0447128428e-07	-3.10914576157e-06	-4.71676492657e-06	-7.16461706456e-06	-7.95878573713e-06	-8.4361925491e-06	97.2045699189	96.8130379022	96.4215058856	96.0299738689	95.6384418523	95.2469098356	94.8553778189	94.4638458023	94.0723137856	93.6807817689	-10.707451343	-10.7071395555	-10.706827768	-10.7065159805	-10.706204193	-10.7058924055	-10.705580618	-10.7052688305	-10.704957043	-10.7046452555	-1.57	-1.57	-1.57	-1.57	-1.57	-1.57	-1.57	-1.57	-1.57	-1.57	
2.0	65.508412513	67.2707625144	69.0331125159	70.7954625174	72.5578125189	74.3201625203	76.0825125218	77.8448625233	79.6072125247	81.3695625261	0.0	0.0	-2.60185496324e-06	1.95906592873e-07	-3.71411043738e-06	-5.13187040641e-06	-1.06112734439e-05	-1.89238641192e-05	-3.15504270133e-05	-4.55765930687e-05	0.0	-1.47635541241e-06	1.58751754974e-06	-2.21863819728e-06	-8.0447128428e-07	-3.10914576157e-06	-4.71676492657e-06	-7.16461706456e-06	-7.95878573713e-06	-8.4361925491e-06	97.2045699189	96.8130379022	96.4215058856	96.0299738689	95.6384418523	95.2469098356	94.8553778189	94.4638458023	94.0723137856	93.6807817689	-10.707451343	-10.7071395555	-10.706827768	-10.7065159805	-10.706204193	-10.7058924055	-10.705580618	-10.7052688305	-10.704957043	-10.7046452555	-1.57	-1.57	-1.57	-1.57	-1.57	-1.57	-1.57	-1.57	-1.57	-1.57	
2.01666666667	65.508412513	67.2707625144	69.0331125159	70.7954625174	72.5578125189	74.3201625203	76.0825125218	77.8448625233	79.6072125247	81.3695625261	0.0	0.0	-2.60185496324e-06	1.95906592873e-07	-3.71411043738e-06	-5.13187040641e-06	-1.06112734439e-05	-1.89238641192e-05	-3.15504270133e-05	-4.55765930687e-05	0.0	-1.47635541241e-06	1.58751754974e-06	-2.21863819728e-06	-8.0447128428e-07	-3.10914576157e-06	-4.71676492657e-06	-7.16461706456e-06	-7.95878573713e-06	-8.4361925491e-06	97.2045699189	96.8130379022	96.4215058856	96.0299738689	95.6384418523	95.2469098356	94.8553778189	94.4638458023	94.0723137856	93.6807817689	-10.707451343	-10.7071395555	-10.706827768	-10.7065159805	-10.706204193	-10.7058924055	-10.705580618	-10.7052688305	-10.704957043	-10.7046452555	-1.57	-1.57	-1.57	-1.57	-1.57	-1.57	-1.57	-1.57	-1.57	-1.57	
2.03333333333	65.508412513	67.2707625144	69.0331125159	70.7954625174	72.5578125189	74.3201625203	76.0825125218	77.8448625233	79.6072125247	81.3695625261	0.0	0.0	-2.60185496324e-06	1.95906592873e-07	-3.71411043738e-06	-5.13187040641e-06	-1.06112734439e-05	-1.89238641192e-05	-3.15504270133e-05	-4.55765930687e-05	0.0	-1.47635541241e-06	1.58751754974e-06	-2.21863819728e-06	-8.0447128428e-07	-3.10914576157e-06	-4.71676492657e-06	-7.16461706456e-06	-7.95878573713e-06	-8.4361925491e-06	97.2045699189	96.8130379022	96.4215058856	96.0299738689	95.6384418523	95.2469098356	94.8553778189	94.4638458023	94.0723137856	93.6807817689	-10.707451343	-10.7071395555	-10.706827768	-10.7065159805	-10.706204193	-10.7058924055	-10.705580618	-10.7052688305	-10.704957043	-10.7046452555	-1.57	-1.57	-1.57	-1.57	-1.57	-1.57	-1.57	-1.57	-1.57	-1.57	
2.05	65.508412513	67.2707625144	69.0331125159	70.7954625174	72.5578125189	74.3201625203	76.0825125218	77.8448625233	79.6072125247	81.3695625261	0.0	0.0	-2.60185496324e-06	1.95906592873e-07	-3.71411043738e-06	-5.13187040641e-06	-1.06112734439e-05	-1.89238641192e-05	-3.15504270133e-05	-4.55765930687e-05	0.0	-1.47635541241e-06	1.58751754974e-06	-2.21863819728e-06	-8.0447128428e-07	-3.10914576157e-06	-4.71676492657e-06	-7.16461706456e-06	-7.95878573713e-06	-8.4361925491e-06	97.2045699189	96.8130379022	96.4215058856	96.0299738689	95.6384418523	95.2469098356	94.8553778189	94.4638458023	94.0723137856	93.6807817689	-10.707451343	-10.7071395555	-10.706827768	-10.7065159805	-10.706204193	-10.7058924055	-10.705580618	-10.7052688305	-10.704957043	-10.7046452555	-1.57	-1.57	-1.57	-1.57	-1.57	-1.57	-1.57	-1.57	-1.57	-1.57	
2.06666666667	65.508412513	67.2707625144	69.0331125159	70.7954625174	72.5578125189	74.3201625203	76.0825125218	77.8448625233	79.6072125247	81.3695625261	0.0	0.0	-2.60185496324e-06	1.95906592873e-07	-3.71411043738e-06	-5.13187040641e-06	-1.06112734439e-05	-1.89238641192e-05	-3.15504270133e-05	-4.55765930687e-05	0.0	-1.47635541241e-06	1.58751754974e-06	-2.21863819728e-06	-8.0447128428e-07	-3.10914576157e-06	-4.71676492657e-06	-7.16461706456e-06	-7.95878573713e-06	-8.4361925491e-06	97.2045699189	96.8130379022	96.4215058856	96.0299738689	95.6384418523	95.2469098356	94.8553778189	94.4638458023	94.0723137856	93.6807817689	-10.707451343	-10.7071395555	-10.706827768	-10.7065159805	-10.706204193	-10.7058924055	-10.705580618	-10.7052688305	-10.704957043	-10.7046452555	-1.57	-1.57	-1.57	-1.57	-1.57	-1.57	-1.57	-1.57	-1.57	-1.57	
2.08333333333	67.1824725145	68.8859625161	70.5894525176	72.2929425191	73.9964325207	75.6999225222	77.4034125237	79.1069025252	80.8103925268	82.5138825283	0.0	0.0	-1.82361580069e-07	-1.17620089419e-06	-4.93221568952e-06	-3.88301119228e-06	-3.49421029757e-06	-3.27229794641e-06	-7.22942847581e-06	-8.68511752283e-06	0.0	-1.07051746652e-07	-5.83413646825e-07	-2.20489394828e-06	6.15914678862e-07	2.28237849571e-07	1.30269241944e-07	-2.32295494887e-06	-8.54533367208e-07	-1.67768068849e-06	96.804907123	96.3996927819	95.9944784409	95.5892640998	95.1840497588	94.7788354177	94.3736210767	93.9684067356	93.5631923945	93.1579780535	-10.7071330807	-10.7068103976	-10.7064877145	-10.7061650314	-10.7058423483	-10.7055196652	-10.7051969821	-10.704874299	-10.7045516159	-10.7042289328	-1.57	-1.57	-1.57	-1.57	-1.57	-1.57	-1.57	-1.57	-1.57	-1.57	
2.1	67.1824725145	68.8859625161	70.5894525176	72.2929425191	73.9964325207	75.6999225222	77.4034125237	79.1069025252	80.8103925268	82.5138825283	0.0	0.0	-1.82361580069e-07	-1.17620089419e-06	-4.93221568952e-06	-3.88301119228e-06	-3.49421029757e-06	-3.27229794641e-06	-7.22942847581e-06	-8.68511752283e-06	0.0	-1.07051746652e-07	-5.83413646825e-07	-2.20489394828e-06	6.15914678862e-07	2.28237849571e-07	1.30269241944e-07	-2.32295494887e-06	-8.54533367208e-07	-1.67768068849e-06	96.804907123	96.3996927819	95.9944784409	95.5892640998	95.1840497588	94.7788354177	94.3736210767	93.9684067356	93.5631923945	93.1579780535	-10.7071330807	-10.7068103976	-10.7064877145	-10.7061650314	-10.7058423483	-10.7055196652	-10.7051969821	-10.704874299	-10.7045516159	-10.7042289328	-1.57	-1.57	-1.57	-1.57	-1.57	-1.57	-1.57	-1.57	-1.57	-1.57	
2.11666666667	67.1824725145	68.8859625161	70.5894525176	72.2929425191	73.9964325207	75.6999225222	77.4034125237	79.1069025252	80.8103925268	82.5138825283	0.0	0.0	-1.82361580069e-07	-1.17620089419e-06	-4.93221568952e-06	-3.88301119228e-06	-3.49421029757e-06	-3.27229794641e-06	-7.22942847581e-06	-8.68511752283e-06	0.0	-1.07051746652e-07	-5.83413646825e-07	-2.20489394828e-06	6.15914678862e-07	2.28237849571e-07	1.30269241944e-07	-2.32295494887e-06	-8.54533367208e-07	-1.67768068849e-06	96.804907123	96.3996927819	95.9944784409	95.5892640998	95.1840497588	94.7788354177	94.3736210767	93.9684067356	93.5631923945	93.1579780535	-10.7071330807	-10.7068103976	-10.7064877145	-10.7061650314	-10.7058423483	-10.7055196652	-10.7051969821	-10.704874299	-10.7045516159	-10.7042289328	-1.57	-1.57	-1.57	-1.57	-1.57	-1.57	-1.57	-1.57	-1.57	-1.57	
2.13333333333	67.1824725145	68.8859625161	70.5894525176	72.2929425191	73.9964325207	75.6999225222	77.4034125237	79.1069025252	80.8103925268	82.5138825283	0.0	0.0	-1.82361580069e-07	-1.17620089419e-06	-4.93221568952e-06	-3.88301119228e-06	-3.49421029757e-06	-3.27229794641e-06	-7.22942847581e-06	-8.68511752283e-06	0.0	-1.07051746652e-07	-5.83413646825e-07	-2.20489394828e-06	6.15914678862e-07	2.28237849571e-07	1.30269241944e-07	-2.32295494887e-06	-8.54533367208e-07	-1.67768068849e-06	96.804907123	96.3996927819	95.9944784409	95.5892640998	95.1840497588	94.7788354177	94.3736210767	93.9684067356	93.5631923945	93.1579780535	-10.7071330807	-10.7068103976	-10.7064877145	-10.7061650314	-10.7058423483	-10.7055196652	-10.7051969821	-10.704874299	-10.7045516159	-10.7042289328	-1.57	-1.57	-1.57	-1.57	-1.57	-1.57	-1.57	-1.57	-1.57	-1.57	
2.15	67.1824725145	68.8859625161	70.5894525176	72.2929425191	73.9964325207	75.6999225222	77.4034125237	79.1069025252	80.8103925268	82.5138825283	0.0	0.0	-1.82361580069e-07	-1.17620089419e-06	-4.93221568952e-06	-3.88301119228e-06	-3.49421029757e-06	-3.27229794641e-06	-7.22942847581e-06	-8.68511752283e-06	0.0	-1.07051746652e-07	-5.83413646825e-07	-2.20489394828e-06	6.15914678862e-07	2.28237849571e-07	1.30269241944e-07	-2.32295494887e-06	-8.54533367208e-07	-1.67768068849e-06	96.804907123	96.3996927819	95.9944784409	95.5892640998	95.1840497588	94.7788354177	94.3736210767	93.9684067356	93.5631923945	93.1579780535	-10.7071330807	-10.7068103976	-10.7064877145	-10.7061650314	-10.7058423483	-10.7055196652	-10.7051969821	-10.704874299	-10.7045516159	-10.7042289328	-1.57	-1.57	-1.57	-1.57	-1.57	-1.57	-1.57	-1.57	-1.57	-1.57	
2.16666666667	67.1824725145	68.8859625161	70.5894525176	72.2929425191	73.9964325207	75.6999225222	77.4034125237	79.1069025252	80.8103925268	82.5138825283	0.0	0.0	-1.82361580069e-07	-1.17620089419e-06	-4.93221568952e-06	-3.88301119228e-06	-3.49421029757e-06	-3.27229794641e-06	-7.22942847581e-06	-8.68511752283e-06	0.0	-1.07051746652e-07	-5.83413646825e-07	-2.20489394828e-06	6.15914678862e-07	2.28237849571e-07	1.30269241944e-07	-2.32295494887e-06	-8.54533367208e-07	-1.67768068849e-06	96.804907123	96.3996927819	95.9944784409	95.5892640998	95.1840497588	94.7788354177	94.3736210767	93.9684067356	93.5631923945	93.1579780535	-10.7071330807	-10.7068103976	-10.7064877145	-10.7061650314	-10.7058423483	-10.7055196652	-10.7051969821	-10.704874299	-10.7045516159	-10.7042289328	-1.57	-1.57	-1.57	-1.57	-1.57	-1.57	-1.57	-1.57	-1.57	-1.57	
2.18333333333	67.1824725145	68.8859625161	70.5894525176	72.2929425191	73.9964325207	75.6999225222	77.4034125237	79.1069025252	80.8103925268	82.5138825283	0.0	0.0	-1.82361580069e-07	-1.17620089419e-06	-4.93221568952e-06	-3.88301119228e-06	-3.49421029757e-06	-3.27229794641e-06	-7.22942847581e-06	-8.68511752283e-06	0.0	-1.07051746652e-07	-5.83413646825e-07	-2.20489394828e-06	6.15914678862e-07	2.28237849571e-07	1.30269241944e-07	-2.32295494887e-06	-8.54533367208e-07	-1.67768068849e-06	96.804907123	96.3996927819	95.9944784409	95.5892640998	95.1840497588	94.7788354177	94.3736210767	93.9684067356	93.5631923945	93.1579780535	-10.7071330807	-10.7068103976	-10.7064877145	-10.7061650314	-10.7058423483	-10.7055196652	-10.7051969821	-10.704874299	-10.7045516159	-10.7042289328	-1.57	-1.57	-1.57	-1.57	-1.57	-1.57	-1.57	-1.57	-1.57	-1.57	
2.2	69.0611500163	70.6959700179	72.3307900193	73.9656100209	75.6004300224	77.2352500239	78.8700700254	80.5048900269	82.1397100283	83.7745300297	0.0	0.0	-1.1418692117e-05	-8.91448913034e-06	-2.18553714144e-05	-1.87595761184e-05	-2.99954019035e-05	-3.00174371679e-05	-5.17468958743e-05	-6.91127706429e-05	0.0	-6.98467850061e-06	1.53179125793e-06	-7.91578416711e-06	1.89366125511e-06	-6.87282133484e-06	-1.34787097976e-08	-1.32916521003e-05	-1.06224995735e-05	-2.25269126347e-05	96.3227524005	95.9037410013	95.4847296022	95.0657182031	94.646706804	94.2276954048	93.8086840057	93.3896726066	92.9706612075	92.5516498083	-10.7067491279	-10.7064154579	-10.7060817878	-10.7057481177	-10.7054144476	-10.7050807776	-10.7047471075	-10.7044134374	-10.7040797673	-10.7037460973	-1.57	-1.57	-1.57	-1.57	-1.57	-1.57	-1.57	-1.57	-1.57	-1.57	
2.21666666667	69.0611500163	70.6959700179	72.3307900193	73.9656100209	75.6004300224	77.2352500239	78.8700700254	80.5048900269	82.1397100283	83.7745300297	0.0	0.0	-1.1418692117e-05	-8.91448913034e-06	-2.18553714144e-05	-1.87595761184e-05	-2.99954019035e-05	-3.00174371679e-05	-5.17468958743e-05	-6.91127706429e-05	0.0	-6.98467850061e-06	1.53179125793e-06	-7.91578416711e-06	1.89366125511e-06	-6.87282133484e-06	-1.34787097976e-08	-1.32916521003e-05	-1.06224995735e-05	-2.25269126347e-05	96.3227524005	95.9037410013	95.4847296022	95.0657182031	94.646706804	94.2276954048	93.8086840057	93.3896726066	92.9706612075	92.5516498083	-10.7067491279	-10.7064154579	-10.7060817878	-10.7057481177	-10.7054144476	-10.7050807776	-10.7047471075	-10.7044134374	-10.7040797673	-10.7037460973	-1.57	-1.57	-1.57	-1.57	-1.57	-1.57	-1.57	-1.57	-1.57	-1.57	
2.23333333333	69.0611500163	70.6959700179	72.3307900193	73.9656100209	75.6004300224	77.2352500239	78.8700700254	80.5048900269	82.1397100283	83.7745300297	0.0	0.0	-1.1418692117e-05	-8.91448913034e-06	-2.18553714144e-05	-1.87595761184e-05	-2.99954019035e-05	-3.00174371679e-05	-5.17468958743e-05	-6.91127706429e-05	0.0	-6.98467850061e-06	1.53179125793e-06	-7.91578416711e-06	1.89366125511e-06	-6.87282133484e-06	-1.34787097976e-08	-1.32916521003e-05	-1.06224995735e-05	-2.25269126347e-05	96.3227524005	95.9037410013	95.4847296022	95.0657182031	94.646706804	94.2276954048	93.8086840057	93.3896726066	92.9706612075	92.5516498083	-10.7067491279	-10.7064154579	-10.7060817878	-10.7057481177	-10.7054144476	-10.7050807776	-10.7047471075	-10.7044134374	-10.7040797673	-10.7037460973	-1.57	-1.57	-1.57	-1.57	-1.57	-1.57	-1.57	-1.57	-1.57	-1.57	
2.25	69.0611500163	70.6959700179	72.3307900193	73.9656100209	75.6004300224	77.2352500239	78.8700700254	80.5048900269	82.1397100283	83.7745300297	0.0	0.0	-1.1418692117e-05	-8.91448913034e-06	-2.18553714144e-05	-1.87595761184e-05	-2.99954019035e-05	-3.00174371679e-05	-5.17468958743e-05	-6.91127706429e-05	0.0	-6.98467850061e-06	1.53179125793e-06	-7.91578416711e-06	1.89366125511e-06	-6.87282133484e-06	-1.34787097976e-08	-1.32916521003e-05	-1.06224995735e-05	-2.25269126347e-05	96.3227524005	95.9037410013	95.4847296022	95.0657182031	94.646706804	94.2276954048	93.8086840057	93.3896726066	92.9706612075	92.5516498083	-10.7067491279	-10.7064154579	-10.7060817878	-10.7057481177	-10.7054144476	-10.7050807776	-10.7047471075	-10.7044134374	-10.7040797673	-10.7037460973	-1.57	-1.57	-1.57	-1.57	-1.57	-1.57	-1.57	-1.57	-1.57	-1.57	
2.26666666667	69.0611500163	70.6959700179	72.3307900193	73.9656100209	75.6004300224	77.2352500239	78.8700700254	80.5048900269	82.1397100283	83.7745300297	0.0	0.0	-1.1418692117e-05	-8.91448913034e-06	-2.18553714144e-05	-1.87595761184e-05	-2.99954019035e-05	-3.00174371679e-05	-5.17468958743e-05	-6.91127706429e-05	0.0	-6.98467850061e-06	1.53179125793e-06	-7.91578416711e-06	1.89366125511e-06	-6.87282133484e-06	-1.34787097976e-08	-1.32916521003e-05	-1.06224995735e-05	-2.25269126347e-05	96.3227524005	95.9037410013	95.4847296022	95.0657182031	94.646706804	94.2276954048	93.8086840057	93.3896726066	92.9706612075	92.5516498083	-10.7067491279	-10.7064154579	-10.7060817878	-10.7057481177	-10.7054144476	-10.7050807776	-10.7047471075	-10.7044134374	-10.7040797673	-10.7037460973	-1.57	-1.57	-1.57	-1.57	-1.57	-1.57	-1.57	-1.57	-1.57	-1.57	
2.28333333333	69.0611500163	70.6959700179	72.3307900193	73.9656100209	75.6004300224	77.2352500239	78.8700700254	80.5048900269	82.1397100283	83.7745300297	0.0	0.0	-1.1418692117e-05	-8.91448913034e-06	-2.18553714144e-05	-1.87595761184e-05	-2.99954019035e-05	-3.00174371679e-05	-5.17468958743e-05	-6.91127706429e-05	0.0	-6.98467850061e-06	1.53179125793e-06	-7.91578416711e-06	1.89366125511e-06	-6.87282133484e-06	-1.34787097976e-08	-1.32916521003e-05	-1.06224995735e-05	-2.25269126347e-05	96.3227524005	95.9037410013	95.4847296022	95.0657182031	94.646706804	94.2276954048	93.8086840057	93.3896726066	92.9706612075	92.5516498083	-10.7067491279	-10.7064154579	-10.7060817878	-10.7057481177	-10.7054144476	-10.7050807776	-10.7047471075	-10.7044134374	-10.7040797673	-10.7037460973	-1.57	-1.57	-1.57	-1.57	-1.57	-1.57	-1.57	-1.57	-1.57	-1.57	
2.3	69.0611500163	70.6959700179	72.3307900193	73.9656100209	75.6004300224	77.2352500239	78.8700700254	80.5048900269	82.1397100283	83.7745300297	0.0	0.0	-1.1418692117e-05	-8.91448913034e-06	-2.18553714144e-05	-1.87595761184e-05	-2.99954019035e-05	-3.00174371679e-05	-5.17468958743e-05	-6.91127706429e-05	0.0	-6.98467850061e-06	1.53179125793e-06	-7.91578416711e-06	1.89366125511e-06	-6.87282133484e-06	-1.34787097976e-08	-1.32916521003e-05	-1.06224995735e-05	-2.25269126347e-05	96.3227524005	95.9037410013	95.4847296022	95.0657182031	94.646706804	94.2276954048	93.8086840057	93.3896726066	92.9706612075	92.5516498083	-10.7067491279	-10.7064154579	-10.7060817878	-10.7057481177	-10.7054144476	-10.7050807776	-10.7047471075	-10.7044134374	-10.7040797673	-10.7037460973	-1.57	-1.57	-1.57	-1.57	-1.57	-1.57	-1.57	-1.57	-1.57	-1.57	
2.31666666667	70.8597125202	72.425862523	73.9920125258	75.5581625286	77.1243125314	78.6904625342	80.256612537	81.8227625398	83.3889125426	84.9550625454	0.0	0.0	9.55832212667e-06	-2.61045988576e-06	-6.92866338284e-07	-9.81047661115e-06	-2.24798117233e-06	-3.82867979678e-06	5.65335968168e-06	5.10289341833e-06	0.0	6.10306937999e-06	-7.76987005752e-06	1.22439967054e-06	-5.82167114035e-06	4.82871718878e-06	-1.00928941774e-06	6.05436226505e-06	-3.51477356804e-07	5.78239858763e-06	95.8258700602	95.3950699145	94.9642697688	94.5334696231	94.1026694775	93.6718693318	93.2410691861	92.8102690404	92.3794688947	91.948668749	-10.7063534471	-10.7060103894	-10.7056673316	-10.7053242738	-10.704981216	-10.7046381583	-10.7042951005	-10.7039520427	-10.703608985	-10.7032659272	-1.57	-1.57	-1.57	-1.57	-1.57	-1.57	-1.57	-1.57	-1.57	-1.57	
2.33333333333	70.8597125202	72.425862523	73.9920125258	75.5581625286	77.1243125314	78.6904625342	80.256612537	81.8227625398	83.3889125426	84.9550625454	0.0	0.0	9.55832212667e-06	-2.61045988576e-06	-6.92866338284e-07	-9.81047661115e-06	-2.24798117233e-06	-3.82867979678e-06	5.65335968168e-06	5.10289341833e-06	0.0	6.10306937999e-06	-7.76987005752e-06	1.22439967054e-06	-5.82167114035e-06	4.82871718878e-06	-1.00928941774e-06	6.05436226505e-06	-3.51477356804e-07	5.78239858763e-06	95.8258700602	95.3950699145	94.9642697688	94.5334696231	94.1026694775	93.6718693318	93.2410691861	92.8102690404	92.3794688947	91.948668749	-10.7063534471	-10.7060103894	-10.7056673316	-10.7053242738	-10.704981216	-10.7046381583	-10.7042951005	-10.7039520427	-10.703608985	-10.7032659272	-1.57	-1.57	-1.57	-1.57	-1.57	-1.57	-1.57	-1.57	-1.57	-1.57	
2.35	70.8597125202	72.425862523	73.9920125258	75.5581625286	77.1243125314	78.6904625342	80.256612537	81.8227625398	83.3889125426	84.9550625454	0.0	0.0	9.55832212667e-06	-2.61045988576e-06	-6.92866338284e-07	-9.81047661115e-06	-2.24798117233e-06	-3.82867979678e-06	5.65335968168e-06	5.10289341833e-06	0.0	6.10306937999e-06	-7.76987005752e-06	1.22439967054e-06	-5.82167114035e-06	4.82871718878e-06	-1.00928941774e-06	6.05436226505e-06	-3.51477356804e-07	5.78239858763e-06	95.8258700602	95.3950699145	94.9642697688	94.5334696231	94.1026694775	93.6718693318	93.2410691861	92.8102690404	92.3794688947	91.948668749	-10.7063534471	-10.7060103894	-10.7056673316	-10.7053242738	-10.704981216	-10.7046381583	-10.7042951005	-10.7039520427	-10.703608985	-10.7032659272	-1.57	-1.57	-1.57	-1.57	-1.57	-1.57	-1.57	-1.57	-1.57	-1.57	
2.36666666667	70.8597125202	72.425862523	73.9920125258	75.5581625286	77.1243125314	78.6904625342	80.256612537	81.8227625398	83.3889125426	84.9550625454	0.0	0.0	9.55832212667e-06	-2.61045988576e-06	-6.92866338284e-07	-9.81047661115e-06	-2.24798117233e-06	-3.82867979678e-06	5.65335968168e-06	5.10289341833e-06	0.0	6.10306937999e-06	-7.76987005752e-06	1.22439967054e-06	-5.82167114035e-06	4.82871718878e-06	-1.00928941774e-06	6.05436226505e-06	-3.51477356804e-07	5.78239858763e-06	95.8258700602	95.3950699145	94.9642697688	94.5334696231	94.1026694775	93.6718693318	93.2410691861	92.8102690404	92.3794688947	91.948668749	-10.7063534471	-10.7060103894	-10.7056673316	-10.7053242738	-10.704981216	-10.7046381583	-10.7042951005	-10.7039520427	-10.703608985	-10.7032659272	-1.57	-1.57	-1.57	-1.57	-1.57	-1.57	-1.57	-1.57	-1.57	-1.57	
2.38333333333	70.8597125202	72.425862523	73.9920125258	75.5581625286	77.1243125314	78.6904625342	80.256612537	81.8227625398	83.3889125426	84.9550625454	0.0	0.0	9.55832212667e-06	-2.61045988576e-06	-6.92866338284e-07	-9.81047661115e-06	-2.24798117233e-06	-3.82867979678e-06	5.65335968168e-06	5.10289341833e-06	0.0	6.10306937999e-06	-7.76987005752e-06	1.22439967054e-06	-5.82167114035e-06	4.82871718878e-06	-1.00928941774e-06	6.05436226505e-06	-3.51477356804e-07	5.78239858763e-06	95.8258700602	95.3950699145	94.9642697688	94.5334696231	94.1026694775	93.6718693318	93.2410691861	92.8102690404	92.3794688947	91.948668749	-10.7063534471	-10.7060103894	-10.7056673316	-10.7053242738	-10.704981216	-10.7046381583	-10.7042951005	-10.7039520427	-10.703608985	-10.7032659272	-1.57	-1.57	-1.57	-1.57	-1.57	-1.57	-1.57	-1.57	-1.57	-1.57	
2.4	70.8597125202	72.425862523	73.9920125258	75.5581625286	77.1243125314	78.6904625342	80.256612537	81.8227625398	83.3889125426	84.9550625454	0.0	0.0	9.55832212667e-06	-2.61045988576e-06	-6.92866338284e-07	-9.81047661115e-06	-2.24798117233e-06	-3.82867979678e-06	5.65335968168e-06	5.10289341833e-06	0.0	6.10306937999e-06	-7.76987005752e-06	1.22439967054e-06	-5.82167114035e-06	4.82871718878e-06	-1.00928941774e-06	6.05436226505e-06	-3.51477356804e-07	5.78239858763e-06	95.8258700602	95.3950699145	94.9642697688	94.5334696231	94.1026694775	93.6718693318	93.2410691861	92.8102690404	92.3794688947	91.948668749	-10.7063534471	-10.7060103894	-10.7056673316	-10.7053242738	-10.704981216	-10.7046381583	-10.7042951005	-10.7039520427	-10.703608985	-10.7032659272	-1.57	-1.57	-1.57	-1.57	-1.57	-1.57	-1.57	-1.57	-1.57	-1.57	
2.41666666667	72.3375725242	73.8448625278	75.3521525314	76.859442535	78.3667325386	79.8740225422	81.3813125458	82.8886025494	84.395892553	85.9031825566	0.0	0.0	-1.27176859829e-06	1.58453233743e-06	1.55383900634e-06	4.31797135151e-06	3.91945739323e-06	6.56583932744e-06	5.69061756223e-06	7.09081715159e-06	0.0	-8.43745128843e-07	1.89499096318e-06	-2.03632552566e-08	1.83384241822e-06	-2.64391031141e-07	1.75572181059e-06	-5.80659171833e-07	9.28951685483e-07	-1.3303068276e-06	95.3898826855	94.950353567	94.5108244486	94.0712953302	93.6317662118	93.1922370934	92.7527079749	92.3131788565	91.8736497381	91.4341206197	-10.7060062586	-10.7056562497	-10.7053062409	-10.704956232	-10.7046062231	-10.7042562142	-10.7039062053	-10.7035561964	-10.7032061875	-10.7028561786	-1.57	-1.57	-1.57	-1.57	-1.57	-1.57	-1.57	-1.57	-1.57	-1.57	
2.43333333333	72.3375725242	73.8448625278	75.3521525314	76.859442535	78.3667325386	79.8740225422	81.3813125458	82.8886025494	84.395892553	85.9031825566	0.0	0.0	-1.27176859829e-06	1.58453233743e-06	1.55383900634e-06	4.31797135151e-06	3.91945739323e-06	6.56583932744e-06	5.69061756223e-06	7.09081715159e-06	0.0	-8.43745128843e-07	1.89499096318e-06	-2.03632552566e-08	1.83384241822e-06	-2.64391031141e-07	1.75572181059e-06	-5.80659171833e-07	9.28951685483e-07	-1.3303068276e-06	95.3898826855	94.950353567	94.5108244486	94.0712953302	93.6317662118	93.1922370934	92.7527079749	92.3131788565	91.8736497381	91.4341206197	-10.7060062586	-10.7056562497	-10.7053062409	-10.704956232	-10.7046062231	-10.7042562142	-10.7039062053	-10.7035561964	-10.7032061875	-10.7028561786	-1.57	-1.57	-1.57	-1.57	-1.57	-1.57	-1.57	-1.57	-1.57	-1.57	
2.45	72.3375725242	73.8448625278	75.3521525314	76.859442535	78.3667325386	79.8740225422	81.3813125458	82.8886025494	84.395892553	85.9031825566	0.0	0.0	-1.27176859829e-06	1.58453233743e-06	1.55383900634e-06	4.31797135151e-06	3.91945739323e-06	6.56583932744e-06	5.69061756223e-06	7.09081715159e-06	0.0	-8.43745128843e-07	1.89499096318e-06	-2.03632552566e-08	1.83384241822e-06	-2.64391031141e-07	1.75572181059e-06	-5.80659171833e-07	9.28951685483e-07	-1.3303068276e-06	95.3898826855	94.950353567	94.5108244486	94.0712953302	93.6317662118	93.1922370934	92.7527079749	92.3131788565	91.8736497381	91.4341206197	-10.7060062586	-10.7056562497	-10.7053062409	-10.704956232	-10.7046062231	-10.7042562142	-10.7039062053	-10.7035561964	-10.7032061875	-10.7028561786	-1.57	-1.57	-1.57	-1.57	-1.57	-1.57	-1.57	-1.57	-1.57	-1.57	
2.46666666667	72.3375725242	73.8448625278	75.3521525314	76.859442535	78.3667325386	79.8740225422	81.3813125458	82.8886025494	84.395892553	85.9031825566	0.0	0.0	-1.27176859829e-06	1.58453233743e-06	1.55383900634e-06	4.31797135151e-06	3.91945739323e-06	6.56583932744e-06	5.69061756223e-06	7.09081715159e-06	0.0	-8.43745128843e-07	1.89499096318e-06	-2.03632552566e-08	1.83384241822e-06	-2.64391031141e-07	1.75572181059e-06	-5.80659171833e-07	9.28951685483e-07	-1.3303068276e-06	95.3898826855	94.950353567	94.5108244486	94.0712953302	93.6317662118	93.1922370934	92.7527079749	92.3131788565	91.8736497381	91.4341206197	-10.7060062586	-10.7056562497	-10.7053062409	-10.704956232	-10.7046062231	-10.7042562142	-10.7039062053	-10.7035561964	-10.7032061875	-10.7028561786	-1.57	-1.57	-1.57	-1.57	-1.57	-1.57	-1.57	-1.57	-1.57	-1.57	
2.48333333333	72.3375725242	73.8448625278	75.3521525314	76.859442535	78.3667325386	79.8740225422	81.3813125458	82.8886025494	84.395892553	85.9031825566	0.0	0.0	-1.27176859829e-06	1.58453233743e-06	1.55383900634e-06	4.31797135151e-06	3.91945739323e-06	6.56583932744e-06	5.69061756223e-06	7.09081715159e-06	0.0	-8.43745128843e-07	1.89499096318e-06	-2.03632552566e-08	1.83384241822e-06	-2.64391031141e-07	1.75572181059e-06	-5.80659171833e-07	9.28951685483e-07	-1.3303068276e-06	95.3898826855	94.950353567	94.5108244486	94.0712953302	93.6317662118	93.1922370934	92.7527079749	92.3131788565	91.8736497381	91.4341206197	-10.7060062586	-10.7056562497	-10.7053062409	-10.704956232	-10.7046062231	-10.7042562142	-10.7039062053	-10.7035561964	-10.7032061875	-10.7028561786	-1.57	-1.57	-1.57	-1.57	-1.57	-1.57	-1.57	-1.57	-1.57	-1.57	
2.5	72.3375725242	73.8448625278	75.3521525314	76.859442535	78.3667325386	79.8740225422	81.3813125458	82.8886025494	84.395892553	85.9031825566	0.0	0.0	-1.27176859829e-06	1.58453233743e-06	1.55383900634e-06	4.31797135151e-06	3.91945739323e-06	6.56583932744e-06	5.69061756223e-06	7.09081715159e-06	0.0	-8.43745128843e-07	1.89499096318e-06	-2.03632552566e-08	1.83384241822e-06	-2.64391031141e-07	1.75572181059e-06	-5.80659171833e-07	9.28951685483e-07	-1.3303068276e-06	95.3898826855	94.950353567	94.5108244486	94.0712953302	93.6317662118	93.1922370934	92.7527079749	92.3131788565	91.8736497381	91.4341206197	-10.7060062586	-10.7056562497	-10.7053062409	-10.704956232	-10.7046062231	-10.7042562142	-10.7039062053	-10.7035561964	-10.7032061875	-10.7028561786	-1.57	-1.57	-1.57	-1.57	-1.57	-1.57	-1.57	-1.57	-1.57	-1.57	
2.51666666667	73.7565725278	75.2050025314	76.653432535	78.1018625386	79.5502925422	80.9987225459	82.4471525495	83.8955825531	85.3440125567	86.7924425603	0.0	0.0	8.31870403933e-08	-5.50934019302e-07	1.02914204657e-06	1.11601659526e-06	1.26353611337e-06	-4.23600213597e-07	1.75031044468e-06	-5.24461834237e-07	0.0	5.74325581391e-08	-4.37798898194e-07	1.09088879817e-06	5.99784238638e-08	1.01847875104e-07	-1.16480349258e-06	1.50087381016e-06	-1.5705089464e-06	1.23790140766e-06	94.9458206643	94.4986636613	94.0515066583	93.6043496553	93.1571926523	92.7100356493	92.2628786462	91.8157216432	91.3685646402	90.9214076372	-10.7056526401	-10.7052965569	-10.7049404737	-10.7045843905	-10.7042283074	-10.7038722242	-10.703516141	-10.7031600578	-10.7028039746	-10.7024478915	-1.57	-1.57	-1.57	-1.57	-1.57	-1.57	-1.57	-1.57	-1.57	-1.57	
2.53333333333	73.7565725278	75.2050025314	76.653432535	78.1018625386	79.5502925422	80.9987225459	82.4471525495	83.8955825531	85.3440125567	86.7924425603	0.0	0.0	8.31870403933e-08	-5.50934019302e-07	1.02914204657e-06	1.11601659526e-06	1.26353611337e-06	-4.23600213597e-07	1.75031044468e-06	-5.24461834237e-07	0.0	5.74325581391e-08	-4.37798898194e-07	1.09088879817e-06	5.99784238638e-08	1.01847875104e-07	-1.16480349258e-06	1.50087381016e-06	-1.5705089464e-06	1.23790140766e-06	94.9458206643	94.4986636613	94.0515066583	93.6043496553	93.1571926523	92.7100356493	92.2628786462	91.8157216432	91.3685646402	90.9214076372	-10.7056526401	-10.7052965569	-10.7049404737	-10.7045843905	-10.7042283074	-10.7038722242	-10.703516141	-10.7031600578	-10.7028039746	-10.7024478915	-1.57	-1.57	-1.57	-1.57	-1.57	-1.57	-1.57	-1.57	-1.57	-1.57	
2.55	73.7565725278	75.2050025314	76.653432535	78.1018625386	79.5502925422	80.9987225459	82.4471525495	83.8955825531	85.3440125567	86.7924425603	0.0	0.0	8.31870403933e-08	-5.50934019302e-07	1.02914204657e-06	1.11601659526e-06	1.26353611337e-06	-4.23600213597e-07	1.75031044468e-06	-5.24461834237e-07	0.0	5.74325581391e-08	-4.37798898194e-07	1.09088879817e-06	5.99784238638e-08	1.01847875104e-07	-1.16480349258e-06	1.50087381016e-06	-1.5705089464e-06	1.23790140766e-06	94.9458206643	94.4986636613	94.0515066583	93.6043496553	93.1571926523	92.7100356493	92.2628786462	91.8157216432	91.3685646402	90.9214076372	-10.7056526401	-10.7052965569	-10.7049404737	-10.7045843905	-10.7042283074	-10.7038722242	-10.703516141	-10.7031600578	-10.7028039746	-10.7024478915	-1.57	-1.57	-1.57	-1.57	-1.57	-1.57	-1.57	-1.57	-1.57	-1.57	
2.56666666667	73.7565725278	75.2050025314	76.653432535	78.1018625386	79.5502925422	80.9987225459	82.4471525495	83.8955825531	85.3440125567	86.7924425603	0.0	0.0	8.31870403933e-08	-5.50934019302e-07	1.02914204657e-06	1.11601659526e-06	1.26353611337e-06	-4.23600213597e-07	1.75031044468e-06	-5.24461834237e-07	0.0	5.74325581391e-08	-4.37798898194e-07	1.09088879817e-06	5.99784238638e-08	1.01847875104e-07	-1.16480349258e-06	1.50087381016e-06	-1.5705089464e-06	1.23790140766e-06	94.9458206643	94.4986636613	94.0515066583	93.6043496553	93.1571926523	92.7100356493	92.2628786462	91.8157216432	91.3685646402	90.9214076372	-10.7056526401	-10.7052965569	-10.7049404737	-10.7045843905	-10.7042283074	-10.7038722242	-10.703516141	-10.7031600578	-10.7028039746	-10.7024478915	-1.57	-1.57	-1.57	-1.57	-1.57	-1.57	-1.57	-1.57	-1.57	-1.57	
2.58333333333	73.7565725278	75.2050025314	76.653432535	78.1018625386	79.5502925422	80.9987225459	82.4471525495	83.8955825531	85.3440125567	86.7924425603	0.0	0.0	8.31870403933e-08	-5.50934019302e-07	1.02914204657e-06	1.11601659526e-06	1.26353611337e-06	-4.23600213597e-07	1.75031044468e-06	-5.24461834237e-07	0.0	5.74325581391e-08	-4.37798898194e-07	1.09088879817e-06	5.99784238638e-08	1.01847875104e-07	-1.16480349258e-06	1.50087381016e-06	-1.5705089464e-06	1.23790140766e-06	94.9458206643	94.4986636613	94.0515066583	93.6043496553	93.1571926523	92.7100356493	92.2628786462	91.8157216432	91.3685646402	90.9214076372	-10.7056526401	-10.7052965569	-10.7049404737	-10.7045843905	-10.7042283074	-10.7038722242	-10.703516141	-10.7031600578	-10.7028039746	-10.7024478915	-1.57	-1.57	-1.57	-1.57	-1.57	-1.57	-1.57	-1.57	-1.57	-1.57	
2.6	73.7565725278	75.2050025314	76.653432535	78.1018625386	79.5502925422	80.9987225459	82.4471525495	83.8955825531	85.3440125567	86.7924425603	0.0	0.0	8.31870403933e-08	-5.50934019302e-07	1.02914204657e-06	1.11601659526e-06	1.26353611337e-06	-4.23600213597e-07	1.75031044468e-06	-5.24461834237e-07	0.0	5.74325581391e-08	-4.37798898194e-07	1.09088879817e-06	5.99784238638e-08	1.01847875104e-07	-1.16480349258e-06	1.50087381016e-06	-1.5705089464e-06	1.23790140766e-06	94.9458206643	94.4986636613	94.0515066583	93.6043496553	93.1571926523	92.7100356493	92.2628786462	91.8157216432	91.3685646402	90.9214076372	-10.7056526401	-10.7052965569	-10.7049404737	-10.7045843905	-10.7042283074	-10.7038722242	-10.703516141	-10.7031600578	-10.7028039746	-10.7024478915	-1.57	-1.57	-1.57	-1.57	-1.57	-1.57	-1.57	-1.57	-1.57	-1.57	
2.61666666667	75.1167125314	76.506282535	77.8958525386	79.2854225422	80.6749925459	82.0645625495	83.4541325531	84.8437025567	86.2332725603	87.6228425639	0.0	0.0	-6.6573219912e-07	-4.11663858377e-07	-5.4908034219e-07	1.14369122687e-07	2.36277186176e-06	3.99520643017e-06	8.17593415087e-06	1.03120767548e-05	0.0	-4.79092235287e-07	1.82839540348e-07	-9.88913717594e-08	4.77449472247e-07	1.61805647302e-06	1.17477677567e-06	3.00864850984e-06	1.53726879418e-06	3.01294989576e-06	94.494702547	94.0408798543	93.5870571616	93.133234469	92.6794117763	92.2255890837	91.771766391	91.3179436983	90.8641210057	90.410298313	-10.7052934026	-10.7049320113	-10.7045706201	-10.7042092288	-10.7038478376	-10.7034864463	-10.7031250551	-10.7027636638	-10.7024022726	-10.7020408813	-1.57	-1.57	-1.57	-1.57	-1.57	-1.57	-1.57	-1.57	-1.57	-1.57	
2.63333333333	75.1167125314	76.506282535	77.8958525386	79.2854225422	80.6749925459	82.0645625495	83.4541325531	84.8437025567	86.2332725603	87.6228425639	0.0	0.0	-6.6573219912e-07	-4.11663858377e-07	-5.4908034219e-07	1.14369122687e-07	2.36277186176e-06	3.99520643017e-06	8.17593415087e-06	1.03120767548e-05	0.0	-4.79092235287e-07	1.82839540348e-07	-9.88913717594e-08	4.77449472247e-07	1.61805647302e-06	1.17477677567e-06	3.00864850984e-06	1.53726879418e-06	3.01294989576e-06	94.494702547	94.0408798543	93.5870571616	93.133234469	92.6794117763	92.2255890837	91.771766391	91.3179436983	90.8641210057	90.410298313	-10.7052934026	-10.7049320113	-10.7045706201	-10.7042092288	-10.7038478376	-10.7034864463	-10.7031250551	-10.7027636638	-10.7024022726	-10.7020408813	-1.57	-1.57	-1.57	-1.57	-1.57	-1.57	-1.57	-1.57	-1.57	-1.57	
2.65	75.1167125314	76.506282535	77.8958525386	79.2854225422	80.6749925459	82.0645625495	83.4541325531	84.8437025567	86.2332725603	87.6228425639	0.0	0.0	-6.6573219912e-07	-4.11663858377e-07	-5.4908034219e-07	1.14369122687e-07	2.36277186176e-06	3.99520643017e-06	8.17593415087e-06	1.03120767548e-05	0.0	-4.79092235287e-07	1.82839540348e-07	-9.88913717594e-08	4.77449472247e-07	1.61805647302e-06	1.17477677567e-06	3.00864850984e-06	1.53726879418e-06	3.01294989576e-06	94.494702547	94.0408798543	93.5870571616	93.133234469	92.6794117763	92.2255890837	91.771766391	91.3179436983	90.8641210057	90.410298313	-10.7052934026	-10.7049320113	-10.7045706201	-10.7042092288	-10.7038478376	-10.7034864463	-10.7031250551	-10.7027636638	-10.7024022726	-10.7020408813	-1.57	-1.57	-1.57	-1.57	-1.57	-1.57	-1.57	-1.57	-1.57	-1.57	
2.66666666667	75.1167125314	76.506282535	77.8958525386	79.2854225422	80.6749925459	82.0645625495	83.4541325531	84.8437025567	86.2332725603	87.6228425639	0.0	0.0	-6.6573219912e-07	-4.11663858377e-07	-5.4908034219e-07	1.14369122687e-07	2.36277186176e-06	3.99520643017e-06	8.17593415087e-06	1.03120767548e-05	0.0	-4.79092235287e-07	1.82839540348e-07	-9.88913717594e-08	4.77449472247e-07	1.61805647302e-06	1.17477677567e-06	3.00864850984e-06	1.53726879418e-06	3.01294989576e-06	94.494702547	94.0408798543	93.5870571616	93.133234469	92.6794117763	92.2255890837	91.771766391	91.3179436983	90.8641210057	90.410298313	-10.7052934026	-10.7049320113	-10.7045706201	-10.7042092288	-10.7038478376	-10.7034864463	-10.7031250551	-10.7027636638	-10.7024022726	-10.7020408813	-1.57	-1.57	-1.57	-1.57	-1.57	-1.57	-1.57	-1.57	-1.57	-1.57	
2.68333333333	75.1167125314	76.506282535	77.8958525386	79.2854225422	80.6749925459	82.0645625495	83.4541325531	84.8437025567	86.2332725603	87.6228425639	0.0	0.0	-6.6573219912e-07	-4.11663858377e-07	-5.4908034219e-07	1.14369122687e-07	2.36277186176e-06	3.99520643017e-06	8.17593415087e-06	1.03120767548e-05	0.0	-4.79092235287e-07	1.82839540348e-07	-9.88913717594e-08	4.77449472247e-07	1.61805647302e-06	1.17477677567e-06	3.00864850984e-06	1.53726879418e-06	3.01294989576e-06	94.494702547	94.0408798543	93.5870571616	93.133234469	92.6794117763	92.2255890837	91.771766391	91.3179436983	90.8641210057	90.410298313	-10.7052934026	-10.7049320113	-10.7045706201	-10.7042092288	-10.7038478376	-10.7034864463	-10.7031250551	-10.7027636638	-10.7024022726	-10.7020408813	-1.57	-1.57	-1.57	-1.57	-1.57	-1.57	-1.57	-1.57	-1.57	-1.57	
2.7	75.1167125314	76.506282535	77.8958525386	79.2854225422	80.6749925459	82.0645625495	83.4541325531	84.8437025567	86.2332725603	87.6228425639	0.0	0.0	-6.6573219912e-07	-4.11663858377e-07	-5.4908034219e-07	1.14369122687e-07	2.36277186176e-06	3.99520643017e-06	8.17593415087e-06	1.03120767548e-05	0.0	-4.79092235287e-07	1.82839540348e-07	-9.88913717594e-08	4.77449472247e-07	1.61805647302e-06	1.17477677567e-06	3.00864850984e-06	1.53726879418e-06	3.01294989576e-06	94.494702547	94.0408798543	93.5870571616	93.133234469	92.6794117763	92.2255890837	91.771766391	91.3179436983	90.8641210057	90.410298313	-10.7052934026	-10.7049320113	-10.7045706201	-10.7042092288	-10.7038478376	-10.7034864463	-10.7031250551	-10.7027636638	-10.7024022726	-10.7020408813	-1.57	-1.57	-1.57	-1.57	-1.57	-1.57	-1.57	-1.57	-1.57	-1.57	
2.71666666667	76.417992535	77.7487025386	79.0794125423	80.4101225459	81.7408325495	83.0715425531	84.4022525567	85.7329625604	87.0636725639	88.3943825676	0.0	0.0	-1.66884959613e-06	-2.75415062059e-06	-5.07038222188e-06	-9.66596777452e-06	-8.01882154804e-06	-8.44000746223e-06	3.92783193756e-07	2.11453724285e-06	0.0	-1.25410464458e-06	-8.15580420608e-07	-1.74059832344e-06	-3.45348388465e-06	1.23779502822e-06	-3.16512172481e-07	6.63765255541e-06	1.29386120523e-06	5.63366635446e-06	94.037418402	93.5777708416	93.1181232813	92.6584757209	92.1988281605	91.7391806002	91.2795330398	90.8198854794	90.3602379191	89.9005903587	-10.7049292549	-10.7045632251	-10.7041971954	-10.7038311656	-10.7034651359	-10.7030991061	-10.7027330764	-10.7023670466	-10.7020010169	-10.7016349871	-1.57	-1.57	-1.57	-1.57	-1.57	-1.57	-1.57	-1.57	-1.57	-1.57	
2.73333333333	76.417992535	77.7487025386	79.0794125423	80.4101225459	81.7408325495	83.0715425531	84.4022525567	85.7329625604	87.0636725639	88.3943825676	0.0	0.0	-1.66884959613e-06	-2.75415062059e-06	-5.07038222188e-06	-9.66596777452e-06	-8.01882154804e-06	-8.44000746223e-06	3.92783193756e-07	2.11453724285e-06	0.0	-1.25410464458e-06	-8.15580420608e-07	-1.74059832344e-06	-3.45348388465e-06	1.23779502822e-06	-3.16512172481e-07	6.63765255541e-06	1.29386120523e-06	5.63366635446e-06	94.037418402	93.5777708416	93.1181232813	92.6584757209	92.1988281605	91.7391806002	91.2795330398	90.8198854794	90.3602379191	89.9005903587	-10.7049292549	-10.7045632251	-10.7041971954	-10.7038311656	-10.7034651359	-10.7030991061	-10.7027330764	-10.7023670466	-10.7020010169	-10.7016349871	-1.57	-1.57	-1.57	-1.57	-1.57	-1.57	-1.57	-1.57	-1.57	-1.57	
2.75	76.417992535	77.7487025386	79.0794125423	80.4101225459	81.7408325495	83.0715425531	84.4022525567	85.7329625604	87.0636725639	88.3943825676	0.0	0.0	-1.66884959613e-06	-2.75415062059e-06	-5.07038222188e-06	-9.66596777452e-06	-8.01882154804e-06	-8.44000746223e-06	3.92783193756e-07	2.11453724285e-06	0.0	-1.25410464458e-06	-8.15580420608e-07	-1.74059832344e-06	-3.45348388465e-06	1.23779502822e-06	-3.16512172481e-07	6.63765255541e-06	1.29386120523e-06	5.63366635446e-06	94.037418402	93.5777708416	93.1181232813	92.6584757209	92.1988281605	91.7391806002	91.2795330398	90.8198854794	90.3602379191	89.9005903587	-10.7049292549	-10.7045632251	-10.7041971954	-10.7038311656	-10.7034651359	-10.7030991061	-10.7027330764	-10.7023670466	-10.7020010169	-10.7016349871	-1.57	-1.57	-1.57	-1.57	-1.57	-1.57	-1.57	-1.57	-1.57	-1.57	
2.76666666667	76.417992535	77.7487025386	79.0794125423	80.4101225459	81.7408325495	83.0715425531	84.4022525567	85.7329625604	87.0636725639	88.3943825676	0.0	0.0	-1.66884959613e-06	-2.75415062059e-06	-5.07038222188e-06	-9.66596777452e-06	-8.01882154804e-06	-8.44000746223e-06	3.92783193756e-07	2.11453724285e-06	0.0	-1.25410464458e-06	-8.15580420608e-07	-1.74059832344e-06	-3.45348388465e-06	1.23779502822e-06	-3.16512172481e-07	6.63765255541e-06	1.29386120523e-06	5.63366635446e-06	94.037418402	93.5777708416	93.1181232813	92.6584757209	92.1988281605	91.7391806002	91.2795330398	90.8198854794	90.3602379191	89.9005903587	-10.7049292549	-10.7045632251	-10.7041971954	-10.7038311656	-10.7034651359	-10.7030991061	-10.7027330764	-10.7023670466	-10.7020010169	-10.7016349871	-1.57	-1.57	-1.57	-1.57	-1.57	-1.57	-1.57	-1.57	-1.57	-1.57	
2.78333333333	76.417992535	77.7487025386	79.0794125423	80.4101225459	81.7408325495	83.0715425531	84.4022525567	85.7329625604	87.0636725639	88.3943825676	0.0	0.0	-1.66884959613e-06	-2.75415062059e-06	-5.07038222188e-06	-9.66596777452e-06	-8.01882154804e-06	-8.44000746223e-06	3.92783193756e-07	2.11453724285e-06	0.0	-1.25410464458e-06	-8.15580420608e-07	-1.74059832344e-06	-3.45348388465e-06	1.23779502822e-06	-3.16512172481e-07	6.63765255541e-06	1.29386120523e-06	5.63366635446e-06	94.037418402	93.5777708416	93.1181232813	92.6584757209	92.1988281605	91.7391806002	91.2795330398	90.8198854794	90.3602379191	89.9005903587	-10.7049292549	-10.7045632251	-10.7041971954	-10.7038311656	-10.7034651359	-10.7030991061	-10.7027330764	-10.7023670466	-10.7020010169	-10.7016349871	-1.57	-1.57	-1.57	-1.57	-1.57	-1.57	-1.57	-1.57	-1.57	-1.57	
2.8	76.417992535	77.7487025386	79.0794125423	80.4101225459	81.7408325495	83.0715425531	84.4022525567	85.7329625604	87.0636725639	88.3943825676	0.0	0.0	-1.66884959613e-06	-2.75415062059e-06	-5.07038222188e-06	-9.66596777452e-06	-8.01882154804e-06	-8.44000746223e-06	3.92783193756e-07	2.11453724285e-06	0.0	-1.25410464458e-06	-8.15580420608e-07	-1.74059832344e-06	-3.45348388465e-06	1.23779502822e-06	-3.16512172481e-07	6.63765255541e-06	1.29386120523e-06	5.63366635446e-06	94.037418402	93.5777708416	93.1181232813	92.6584757209	92.1988281605	91.7391806002	91.2795330398	90.8198854794	90.3602379191	89.9005903587	-10.7049292549	-10.7045632251	-10.7041971954	-10.7038311656	-10.7034651359	-10.7030991061	-10.7027330764	-10.7023670466	-10.7020010169	-10.7016349871	-1.57	-1.57	-1.57	-1.57	-1.57	-1.57	-1.57	-1.57	-1.57	-1.57	
2.81666666667	76.417992535	77.7487025386	79.0794125423	80.4101225459	81.7408325495	83.0715425531	84.4022525567	85.7329625604	87.0636725639	88.3943825676	0.0	0.0	-1.66884959613e-06	-2.75415062059e-06	-5.07038222188e-06	-9.66596777452e-06	-8.01882154804e-06	-8.44000746223e-06	3.92783193756e-07	2.11453724285e-06	0.0	-1.25410464458e-06	-8.15580420608e-07	-1.74059832344e-06	-3.45348388465e-06	1.23779502822e-06	-3.16512172481e-07	6.63765255541e-06	1.29386120523e-06	5.63366635446e-06	94.037418402	93.5777708416	93.1181232813	92.6584757209	92.1988281605	91.7391806002	91.2795330398	90.8198854794	90.3602379191	89.9005903587	-10.7049292549	-10.7045632251	-10.7041971954	-10.7038311656	-10.7034651359	-10.7030991061	-10.7027330764	-10.7023670466	-10.7020010169	-10.7016349871	-1.57	-1.57	-1.57	-1.57	-1.57	-1.57	-1.57	-1.57	-1.57	-1.57	
2.83333333333	77.8617600393	79.1238000429	80.3858400466	81.6478800502	82.9099200539	84.1719600575	85.4340000612	86.6960400648	87.9580800685	89.2201200721	0.0	0.0	8.03134161453e-07	1.00893715289e-06	1.21095861639e-06	2.10548034738e-06	3.1078380709e-06	5.73473320009e-06	6.17468588258e-06	8.86959064134e-06	0.0	6.36377736942e-07	1.63071686192e-07	1.60075324801e-07	7.08790314416e-07	7.94236094439e-07	2.08146740325e-06	3.48604387515e-07	2.13535605128e-06	8.03790832401e-07	93.4971591443	93.0316378715	92.5661165988	92.1005953261	91.6350740534	91.1695527806	90.7040315079	90.2385102352	89.7729889624	89.3074676897	-10.7044990318	-10.7041283247	-10.7037576176	-10.7033869104	-10.7030162033	-10.7026454961	-10.702274789	-10.7019040819	-10.7015333747	-10.7011626676	-1.57	-1.57	-1.57	-1.57	-1.57	-1.57	-1.57	-1.57	-1.57	-1.57	
2.85	77.8617600393	79.1238000429	80.3858400466	81.6478800502	82.9099200539	84.1719600575	85.4340000612	86.6960400648	87.9580800685	89.2201200721	0.0	0.0	8.03134161453e-07	1.00893715289e-06	1.21095861639e-06	2.10548034738e-06	3.1078380709e-06	5.73473320009e-06	6.17468588258e-06	8.86959064134e-06	0.0	6.36377736942e-07	1.63071686192e-07	1.60075324801e-07	7.08790314416e-07	7.94236094439e-07	2.08146740325e-06	3.48604387515e-07	2.13535605128e-06	8.03790832401e-07	93.4971591443	93.0316378715	92.5661165988	92.1005953261	91.6350740534	91.1695527806	90.7040315079	90.2385102352	89.7729889624	89.3074676897	-10.7044990318	-10.7041283247	-10.7037576176	-10.7033869104	-10.7030162033	-10.7026454961	-10.702274789	-10.7019040819	-10.7015333747	-10.7011626676	-1.57	-1.57	-1.57	-1.57	-1.57	-1.57	-1.57	-1.57	-1.57	-1.57	
2.86666666667	77.8617600393	79.1238000429	80.3858400466	81.6478800502	82.9099200539	84.1719600575	85.4340000612	86.6960400648	87.9580800685	89.2201200721	0.0	0.0	8.03134161453e-07	1.00893715289e-06	1.21095861639e-06	2.10548034738e-06	3.1078380709e-06	5.73473320009e-06	6.17468588258e-06	8.86959064134e-06	0.0	6.36377736942e-07	1.63071686192e-07	1.60075324801e-07	7.08790314416e-07	7.94236094439e-07	2.08146740325e-06	3.48604387515e-07	2.13535605128e-06	8.03790832401e-07	93.4971591443	93.0316378715	92.5661165988	92.1005953261	91.6350740534	91.1695527806	90.7040315079	90.2385102352	89.7729889624	89.3074676897	-10.7044990318	-10.7041283247	-10.7037576176	-10.7033869104	-10.7030162033	-10.7026454961	-10.702274789	-10.7019040819	-10.7015333747	-10.7011626676	-1.57	-1.57	-1.57	-1.57	-1.57	-1.57	-1.57	-1.57	-1.57	-1.57	
2.88333333333	77.8617600393	79.1238000429	80.3858400466	81.6478800502	82.9099200539	84.1719600575	85.4340000612	86.6960400648	87.9580800685	89.2201200721	0.0	0.0	8.03134161453e-07	1.00893715289e-06	1.21095861639e-06	2.10548034738e-06	3.1078380709e-06	5.73473320009e-06	6.17468588258e-06	8.86959064134e-06	0.0	6.36377736942e-07	1.63071686192e-07	1.60075324801e-07	7.08790314416e-07	7.94236094439e-07	2.08146740325e-06	3.48604387515e-07	2.13535605128e-06	8.03790832401e-07	93.4971591443	93.0316378715	92.5661165988	92.1005953261	91.6350740534	91.1695527806	90.7040315079	90.2385102352	89.7729889624	89.3074676897	-10.7044990318	-10.7041283247	-10.7037576176	-10.7033869104	-10.7030162033	-10.7026454961	-10.702274789	-10.7019040819	-10.7015333747	-10.7011626676	-1.57	-1.57	-1.57	-1.57	-1.57	-1.57	-1.57	-1.57	-1.57	-1.57	
2.9	77.8617600393	79.1238000429	80.3858400466	81.6478800502	82.9099200539	84.1719600575	85.4340000612	86.6960400648	87.9580800685	89.2201200721	0.0	0.0	8.03134161453e-07	1.00893715289e-06	1.21095861639e-06	2.10548034738e-06	3.1078380709e-06	5.73473320009e-06	6.17468588258e-06	8.86959064134e-06	0.0	6.36377736942e-07	1.63071686192e-07	1.60075324801e-07	7.08790314416e-07	7.94236094439e-07	2.08146740325e-06	3.48604387515e-07	2.13535605128e-06	8.03790832401e-07	93.4971591443	93.0316378715	92.5661165988	92.1005953261	91.6350740534	91.1695527806	90.7040315079	90.2385102352	89.7729889624	89.3074676897	-10.7044990318	-10.7041283247	-10.7037576176	-10.7033869104	-10.7030162033	-10.7026454961	-10.702274789	-10.7019040819	-10.7015333747	-10.7011626676	-1.57	-1.57	-1.57	-1.57	-1.57	-1.57	-1.57	-1.57	-1.57	-1.57	
2.91666666667	77.8617600393	79.1238000429	80.3858400466	81.6478800502	82.9099200539	84.1719600575	85.4340000612	86.6960400648	87.9580800685	89.2201200721	0.0	0.0	8.03134161453e-07	1.00893715289e-06	1.21095861639e-06	2.10548034738e-06	3.1078380709e-06	5.73473320009e-06	6.17468588258e-06	8.86959064134e-06	0.0	6.36377736942e-07	1.63071686192e-07	1.60075324801e-07	7.08790314416e-07	7.94236094439e-07	2.08146740325e-06	3.48604387515e-07	2.13535605128e-06	8.03790832401e-07	93.4971591443	93.0316378715	92.5661165988	92.1005953261	91.6350740534	91.1695527806	90.7040315079	90.2385102352	89.7729889624	89.3074676897	-10.7044990318	-10.7041283247	-10.7037576176	-10.7033869104	-10.7030162033	-10.7026454961	-10.702274789	-10.7019040819	-10.7015333747	-10.7011626676	-1.57	-1.57	-1.57	-1.57	-1.57	-1.57	-1.57	-1.57	-1.57	-1.57	
2.93333333333	77.8617600393	79.1238000429	80.3858400466	81.6478800502	82.9099200539	84.1719600575	85.4340000612	86.6960400648	87.9580800685	89.2201200721	0.0	0.0	8.03134161453e-07	1.00893715289e-06	1.21095861639e-06	2.10548034738e-06	3.1078380709e-06	5.73473320009e-06	6.17468588258e-06	8.86959064134e-06	0.0	6.36377736942e-07	1.63071686192e-07	1.60075324801e-07	7.08790314416e-07	7.94236094439e-07	2.08146740325e-06	3.48604387515e-07	2.13535605128e-06	8.03790832401e-07	93.4971591443	93.0316378715	92.5661165988	92.1005953261	91.6350740534	91.1695527806	90.7040315079	90.2385102352	89.7729889624	89.3074676897	-10.7044990318	-10.7041283247	-10.7037576176	-10.7033869104	-10.7030162033	-10.7026454961	-10.702274789	-10.7019040819	-10.7015333747	-10.7011626676	-1.57	-1.57	-1.57	-1.57	-1.57	-1.57	-1.57	-1.57	-1.57	-1.57	
2.95	79.2254125436	80.4187825472	81.6121525509	82.8055225545	83.9988925582	85.1922625618	86.3856325655	87.5790025691	88.7723725728	89.9657425764	0.0	0.0	2.3039456198e-06	2.93628471359e-06	3.95100231379e-06	1.6778039989e-06	4.00820355739e-07	-4.27153320237e-06	-9.4559538731e-06	-1.38420738805e-05	0.0	1.9306213603e-06	5.29876812601e-07	8.50295882328e-07	-1.90485625408e-06	-1.07006514262e-06	-3.91525976337e-06	-4.34435309658e-06	-3.67540661655e-06	-2.75673836726e-06	92.9880610346	92.5742808751	92.1605007156	91.746720556	91.3329403965	90.919160237	90.5053800774	90.0915999179	89.6778197584	89.2640395989	-10.6728769649	-10.6265464898	-10.5802160146	-10.5338855394	-10.4875550642	-10.441224589	-10.3948941138	-10.3485636386	-10.3022331635	-10.2559026883	-1.45929193898	-1.45929193898	-1.45929193898	-1.45929193898	-1.45929193898	-1.45929193898	-1.45929193898	-1.45929193898	-1.45929193898	-1.45929193898	
2.96666666667	79.2254125436	80.4187825472	81.6121525509	82.8055225545	83.9988925582	85.1922625618	86.3856325655	87.5790025691	88.7723725728	89.9657425764	0.0	0.0	2.3039456198e-06	2.93628471359e-06	3.95100231379e-06	1.6778039989e-06	4.00820355739e-07	-4.27153320237e-06	-9.4559538731e-06	-1.38420738805e-05	0.0	1.9306213603e-06	5.29876812601e-07	8.50295882328e-07	-1.90485625408e-06	-1.07006514262e-06	-3.91525976337e-06	-4.34435309658e-06	-3.67540661655e-06	-2.75673836726e-06	92.9880610346	92.5742808751	92.1605007156	91.746720556	91.3329403965	90.919160237	90.5053800774	90.0915999179	89.6778197584	89.2640395989	-10.6728769649	-10.6265464898	-10.5802160146	-10.5338855394	-10.4875550642	-10.441224589	-10.3948941138	-10.3485636386	-10.3022331635	-10.2559026883	-1.45929193898	-1.45929193898	-1.45929193898	-1.45929193898	-1.45929193898	-1.45929193898	-1.45929193898	-1.45929193898	-1.45929193898	-1.45929193898	
2.98333333333	79.2254125436	80.4187825472	81.6121525509	82.8055225545	83.9988925582	85.1922625618	86.3856325655	87.5790025691	88.7723725728	89.9657425764	0.0	0.0	2.3039456198e-06	2.93628471359e-06	3.95100231379e-06	1.6778039989e-06	4.00820355739e-07	-4.27153320237e-06	-9.4559538731e-06	-1.38420738805e-05	0.0	1.9306213603e-06	5.29876812601e-07	8.50295882328e-07	-1.90485625408e-06	-1.07006514262e-06	-3.91525976337e-06	-4.34435309658e-06	-3.67540661655e-06	-2.75673836726e-06	92.9880610346	92.5742808751	92.1605007156	91.746720556	91.3329403965	90.919160237	90.5053800774	90.0915999179	89.6778197584	89.2640395989	-10.6728769649	-10.6265464898	-10.5802160146	-10.5338855394	-10.4875550642	-10.441224589	-10.3948941138	-10.3485636386	-10.3022331635	-10.2559026883	-1.45929193898	-1.45929193898	-1.45929193898	-1.45929193898	-1.45929193898	-1.45929193898	-1.45929193898	-1.45929193898	-1.45929193898	-1.45929193898	
3.0	79.2254125436	80.4187825472	81.6121525509	82.8055225545	83.9988925582	85.1922625618	86.3856325655	87.5790025691	88.7723725728	89.9657425764	0.0	0.0	2.3039456198e-06	2.93628471359e-06	3.95100231379e-06	1.6778039989e-06	4.00820355739e-07	-4.27153320237e-06	-9.4559538731e-06	-1.38420738805e-05	0.0	1.9306213603e-06	5.29876812601e-07	8.50295882328e-07	-1.90485625408e-06	-1.07006514262e-06	-3.91525976337e-06	-4.34435309658e-06	-3.67540661655e-06	-2.75673836726e-06	92.9880610346	92.5742808751	92.1605007156	91.746720556	91.3329403965	90.919160237	90.5053800774	90.0915999179	89.6778197584	89.2640395989	-10.6728769649	-10.6265464898	-10.5802160146	-10.5338855394	-10.4875550642	-10.441224589	-10.3948941138	-10.3485636386	-10.3022331635	-10.2559026883	-1.45929193898	-1.45929193898	-1.45929193898	-1.45929193898	-1.45929193898	-1.45929193898	-1.45929193898	-1.45929193898	-1.45929193898	-1.45929193898	
3.01666666667	79.2254125436	80.4187825472	81.6121525509	82.8055225545	83.9988925582	85.1922625618	86.3856325655	87.5790025691	88.7723725728	89.9657425764	0.0	0.0	2.3039456198e-06	2.93628471359e-06	3.95100231379e-06	1.6778039989e-06	4.00820355739e-07	-4.27153320237e-06	-9.4559538731e-06	-1.38420738805e-05	0.0	1.9306213603e-06	5.29876812601e-07	8.50295882328e-07	-1.90485625408e-06	-1.07006514262e-06	-3.91525976337e-06	-4.34435309658e-06	-3.67540661655e-06	-2.75673836726e-06	92.9880610346	92.5742808751	92.1605007156	91.746720556	91.3329403965	90.919160237	90.5053800774	90.0915999179	89.6778197584	89.2640395989	-10.6728769649	-10.6265464898	-10.5802160146	-10.5338855394	-10.4875550642	-10.441224589	-10.3948941138	-10.3485636386	-10.3022331635	-10.2559026883	-1.45929193898	-1.45929193898	-1.45929193898	-1.45929193898	-1.45929193898	-1.45929193898	-1.45929193898	-1.45929193898	-1.45929193898	-1.45929193898	
3.03333333333	79.2254125436	80.4187825472	81.6121525509	82.8055225545	83.9988925582	85.1922625618	86.3856325655	87.5790025691	88.7723725728	89.9657425764	0.0	0.0	2.3039456198e-06	2.93628471359e-06	3.95100231379e-06	1.6778039989e-06	4.00820355739e-07	-4.27153320237e-06	-9.4559538731e-06	-1.38420738805e-05	0.0	1.9306213603e-06	5.29876812601e-07	8.50295882328e-07	-1.90485625408e-06	-1.07006514262e-06	-3.91525976337e-06	-4.34435309658e-06	-3.67540661655e-06	-2.75673836726e-06	92.9880610346	92.5742808751	92.1605007156	91.746720556	91.3329403965	90.919160237	90.5053800774	90.0915999179	89.6778197584	89.2640395989	-10.6728769649	-10.6265464898	-10.5802160146	-10.5338855394	-10.4875550642	-10.441224589	-10.3948941138	-10.3485636386	-10.3022331635	-10.2559026883	-1.45929193898	-1.45929193898	-1.45929193898	-1.45929193898	-1.45929193898	-1.45929193898	-1.45929193898	-1.45929193898	-1.45929193898	-1.45929193898	
3.05	79.2254125436	80.4187825472	81.6121525509	82.8055225545	83.9988925582	85.1922625618	86.3856325655	87.5790025691	88.7723725728	89.9657425764	0.0	0.0	2.3039456198e-06	2.93628471359e-06	3.95100231379e-06	1.6778039989e-06	4.00820355739e-07	-4.27153320237e-06	-9.4559538731e-06	-1.38420738805e-05	0.0	1.9306213603e-06	5.29876812601e-07	8.50295882328e-07	-1.90485625408e-06	-1.07006514262e-06	-3.91525976337e-06	-4.34435309658e-06	-3.67540661655e-06	-2.75673836726e-06	92.9880610346	92.5742808751	92.1605007156	91.746720556	91.3329403965	90.919160237	90.5053800774	90.0915999179	89.6778197584	89.2640395989	-10.6728769649	-10.6265464898	-10.5802160146	-10.5338855394	-10.4875550642	-10.441224589	-10.3948941138	-10.3485636386	-10.3022331635	-10.2559026883	-1.45929193898	-1.45929193898	-1.45929193898	-1.45929193898	-1.45929193898	-1.45929193898	-1.45929193898	-1.45929193898	-1.45929193898	-1.45929193898	
3.06666666667	80.5089500479	81.6336500516	82.7583500553	83.883050059	85.0077500627	86.1324500664	87.2571500701	88.3818500738	89.5065500775	90.6312500812	0.0	0.0	7.84043819359e-07	2.77601245983e-06	1.9142979571e-06	5.15112494709e-06	2.11014795586e-06	7.00407430211e-06	8.87113313589e-06	1.366674362e-05	0.0	6.97113734128e-07	1.77111108198e-06	-7.66172757075e-07	2.8779469897e-06	-2.7038116664e-06	4.35131708912e-06	1.66005052692e-06	4.26390190125e-06	-2.64923794712e-07	92.5426831487	92.185652564	91.8286219794	91.4715913947	91.11456081	90.7575302253	90.4004996406	90.043469056	89.6864384713	89.3294078866	-10.5917911483	-10.505927461	-10.4200637737	-10.3342000864	-10.248336399	-10.1624727117	-10.0766090244	-9.99074533707	-9.90488164975	-9.81901796243	-1.33478437229	-1.33478437229	-1.33478437229	-1.33478437229	-1.33478437229	-1.33478437229	-1.33478437229	-1.33478437229	-1.33478437229	-1.33478437229	
3.08333333333	80.5089500479	81.6336500516	82.7583500553	83.883050059	85.0077500627	86.1324500664	87.2571500701	88.3818500738	89.5065500775	90.6312500812	0.0	0.0	7.84043819359e-07	2.77601245983e-06	1.9142979571e-06	5.15112494709e-06	2.11014795586e-06	7.00407430211e-06	8.87113313589e-06	1.366674362e-05	0.0	6.97113734128e-07	1.77111108198e-06	-7.66172757075e-07	2.8779469897e-06	-2.7038116664e-06	4.35131708912e-06	1.66005052692e-06	4.26390190125e-06	-2.64923794712e-07	92.5426831487	92.185652564	91.8286219794	91.4715913947	91.11456081	90.7575302253	90.4004996406	90.043469056	89.6864384713	89.3294078866	-10.5917911483	-10.505927461	-10.4200637737	-10.3342000864	-10.248336399	-10.1624727117	-10.0766090244	-9.99074533707	-9.90488164975	-9.81901796243	-1.33478437229	-1.33478437229	-1.33478437229	-1.33478437229	-1.33478437229	-1.33478437229	-1.33478437229	-1.33478437229	-1.33478437229	-1.33478437229	
3.1	80.5089500479	81.6336500516	82.7583500553	83.883050059	85.0077500627	86.1324500664	87.2571500701	88.3818500738	89.5065500775	90.6312500812	0.0	0.0	7.84043819359e-07	2.77601245983e-06	1.9142979571e-06	5.15112494709e-06	2.11014795586e-06	7.00407430211e-06	8.87113313589e-06	1.366674362e-05	0.0	6.97113734128e-07	1.77111108198e-06	-7.66172757075e-07	2.8779469897e-06	-2.7038116664e-06	4.35131708912e-06	1.66005052692e-06	4.26390190125e-06	-2.64923794712e-07	92.5426831487	92.185652564	91.8286219794	91.4715913947	91.11456081	90.7575302253	90.4004996406	90.043469056	89.6864384713	89.3294078866	-10.5917911483	-10.505927461	-10.4200637737	-10.3342000864	-10.248336399	-10.1624727117	-10.0766090244	-9.99074533707	-9.90488164975	-9.81901796243	-1.33478437229	-1.33478437229	-1.33478437229	-1.33478437229	-1.33478437229	-1.33478437229	-1.33478437229	-1.33478437229	-1.33478437229	-1.33478437229	
3.11666666667	80.5089500479	81.6336500516	82.7583500553	83.883050059	85.0077500627	86.1324500664	87.2571500701	88.3818500738	89.5065500775	90.6312500812	0.0	0.0	7.84043819359e-07	2.77601245983e-06	1.9142979571e-06	5.15112494709e-06	2.11014795586e-06	7.00407430211e-06	8.87113313589e-06	1.366674362e-05	0.0	6.97113734128e-07	1.77111108198e-06	-7.66172757075e-07	2.8779469897e-06	-2.7038116664e-06	4.35131708912e-06	1.66005052692e-06	4.26390190125e-06	-2.64923794712e-07	92.5426831487	92.185652564	91.8286219794	91.4715913947	91.11456081	90.7575302253	90.4004996406	90.043469056	89.6864384713	89.3294078866	-10.5917911483	-10.505927461	-10.4200637737	-10.3342000864	-10.248336399	-10.1624727117	-10.0766090244	-9.99074533707	-9.90488164975	-9.81901796243	-1.33478437229	-1.33478437229	-1.33478437229	-1.33478437229	-1.33478437229	-1.33478437229	-1.33478437229	-1.33478437229	-1.33478437229	-1.33478437229	
3.13333333333	80.5089500479	81.6336500516	82.7583500553	83.883050059	85.0077500627	86.1324500664	87.2571500701	88.3818500738	89.5065500775	90.6312500812	0.0	0.0	7.84043819359e-07	2.77601245983e-06	1.9142979571e-06	5.15112494709e-06	2.11014795586e-06	7.00407430211e-06	8.87113313589e-06	1.366674362e-05	0.0	6.97113734128e-07	1.77111108198e-06	-7.66172757075e-07	2.8779469897e-06	-2.7038116664e-06	4.35131708912e-06	1.66005052692e-06	4.26390190125e-06	-2.64923794712e-07	92.5426831487	92.185652564	91.8286219794	91.4715913947	91.11456081	90.7575302253	90.4004996406	90.043469056	89.6864384713	89.3294078866	-10.5917911483	-10.505927461	-10.4200637737	-10.3342000864	-10.248336399	-10.1624727117	-10.0766090244	-9.99074533707	-9.90488164975	-9.81901796243	-1.33478437229	-1.33478437229	-1.33478437229	-1.33478437229	-1.33478437229	-1.33478437229	-1.33478437229	-1.33478437229	-1.33478437229	-1.33478437229	
3.15	80.5089500479	81.6336500516	82.7583500553	83.883050059	85.0077500627	86.1324500664	87.2571500701	88.3818500738	89.5065500775	90.6312500812	0.0	0.0	7.84043819359e-07	2.77601245983e-06	1.9142979571e-06	5.15112494709e-06	2.11014795586e-06	7.00407430211e-06	8.87113313589e-06	1.366674362e-05	0.0	6.97113734128e-07	1.77111108198e-06	-7.66172757075e-07	2.8779469897e-06	-2.7038116664e-06	4.35131708912e-06	1.66005052692e-06	4.26390190125e-06	-2.64923794712e-07	92.5426831487	92.185652564	91.8286219794	91.4715913947	91.11456081	90.7575302253	90.4004996406	90.043469056	89.6864384713	89.3294078866	-10.5917911483	-10.505927461	-10.4200637737	-10.3342000864	-10.248336399	-10.1624727117	-10.0766090244	-9.99074533707	-9.90488164975	-9.81901796243	-1.33478437229	-1.33478437229	-1.33478437229	-1.33478437229	-1.33478437229	-1.33478437229	-1.33478437229	-1.33478437229	-1.33478437229	-1.33478437229	
3.16666666667	81.5453600516	82.6112000553	83.677040059	84.7428800628	85.8087200665	86.8745600702	87.9404000739	89.0062400776	90.0720800813	91.137920085	0.0	0.0	-3.86328580225e-07	5.47665167907e-07	5.13920180361e-08	1.16548333267e-06	1.63320191855e-06	2.8951311597e-06	3.97596941507e-06	4.88542639083e-06	0.0	-3.62463952262e-07	8.7629826698e-07	-4.65616929503e-07	1.04527068861e-06	4.38826263095e-07	1.18397624104e-06	1.01407176649e-06	8.53277201643e-07	9.40459790752e-07	92.2159568299	91.9113368323	91.6067168347	91.3020968371	90.9974768395	90.6928568419	90.3882368443	90.0836168467	89.7789968491	89.4743768515	-10.4892914429	-10.3757938776	-10.2622963124	-10.1487987472	-10.0353011819	-9.92180361671	-9.80830605147	-9.69480848624	-9.58131092101	-9.46781335577	-1.21414251065	-1.21414251065	-1.21414251065	-1.21414251065	-1.21414251065	-1.21414251065	-1.21414251065	-1.21414251065	-1.21414251065	-1.21414251065	
3.18333333333	81.5453600516	82.6112000553	83.677040059	84.7428800628	85.8087200665	86.8745600702	87.9404000739	89.0062400776	90.0720800813	91.137920085	0.0	0.0	-3.86328580225e-07	5.47665167907e-07	5.13920180361e-08	1.16548333267e-06	1.63320191855e-06	2.8951311597e-06	3.97596941507e-06	4.88542639083e-06	0.0	-3.62463952262e-07	8.7629826698e-07	-4.65616929503e-07	1.04527068861e-06	4.38826263095e-07	1.18397624104e-06	1.01407176649e-06	8.53277201643e-07	9.40459790752e-07	92.2159568299	91.9113368323	91.6067168347	91.3020968371	90.9974768395	90.6928568419	90.3882368443	90.0836168467	89.7789968491	89.4743768515	-10.4892914429	-10.3757938776	-10.2622963124	-10.1487987472	-10.0353011819	-9.92180361671	-9.80830605147	-9.69480848624	-9.58131092101	-9.46781335577	-1.21414251065	-1.21414251065	-1.21414251065	-1.21414251065	-1.21414251065	-1.21414251065	-1.21414251065	-1.21414251065	-1.21414251065	-1.21414251065	
3.2	81.5453600516	82.6112000553	83.677040059	84.7428800628	85.8087200665	86.8745600702	87.9404000739	89.0062400776	90.0720800813	91.137920085	0.0	0.0	-3.86328580225e-07	5.47665167907e-07	5.13920180361e-08	1.16548333267e-06	1.63320191855e-06	2.8951311597e-06	3.97596941507e-06	4.88542639083e-06	0.0	-3.62463952262e-07	8.7629826698e-07	-4.65616929503e-07	1.04527068861e-06	4.38826263095e-07	1.18397624104e-06	1.01407176649e-06	8.53277201643e-07	9.40459790752e-07	92.2159568299	91.9113368323	91.6067168347	91.3020968371	90.9974768395	90.6928568419	90.3882368443	90.0836168467	89.7789968491	89.4743768515	-10.4892914429	-10.3757938776	-10.2622963124	-10.1487987472	-10.0353011819	-9.92180361671	-9.80830605147	-9.69480848624	-9.58131092101	-9.46781335577	-1.21414251065	-1.21414251065	-1.21414251065	-1.21414251065	-1.21414251065	-1.21414251065	-1.21414251065	-1.21414251065	-1.21414251065	-1.21414251065	
3.21666666667	81.5453600516	82.6112000553	83.677040059	84.7428800628	85.8087200665	86.8745600702	87.9404000739	89.0062400776	90.0720800813	91.137920085	0.0	0.0	-3.86328580225e-07	5.47665167907e-07	5.13920180361e-08	1.16548333267e-06	1.63320191855e-06	2.8951311597e-06	3.97596941507e-06	4.88542639083e-06	0.0	-3.62463952262e-07	8.7629826698e-07	-4.65616929503e-07	1.04527068861e-06	4.38826263095e-07	1.18397624104e-06	1.01407176649e-06	8.53277201643e-07	9.40459790752e-07	92.2159568299	91.9113368323	91.6067168347	91.3020968371	90.9974768395	90.6928568419	90.3882368443	90.0836168467	89.7789968491	89.4743768515	-10.4892914429	-10.3757938776	-10.2622963124	-10.1487987472	-10.0353011819	-9.92180361671	-9.80830605147	-9.69480848624	-9.58131092101	-9.46781335577	-1.21414251065	-1.21414251065	-1.21414251065	-1.21414251065	-1.21414251065	-1.21414251065	-1.21414251065	-1.21414251065	-1.21414251065	-1.21414251065	
3.23333333333	81.5453600516	82.6112000553	83.677040059	84.7428800628	85.8087200665	86.8745600702	87.9404000739	89.0062400776	90.0720800813	91.137920085	0.0	0.0	-3.86328580225e-07	5.47665167907e-07	5.13920180361e-08	1.16548333267e-06	1.63320191855e-06	2.8951311597e-06	3.97596941507e-06	4.88542639083e-06	0.0	-3.62463952262e-07	8.7629826698e-07	-4.65616929503e-07	1.04527068861e-06	4.38826263095e-07	1.18397624104e-06	1.01407176649e-06	8.53277201643e-07	9.40459790752e-07	92.2159568299	91.9113368323	91.6067168347	91.3020968371	90.9974768395	90.6928568419	90.3882368443	90.0836168467	89.7789968491	89.4743768515	-10.4892914429	-10.3757938776	-10.2622963124	-10.1487987472	-10.0353011819	-9.92180361671	-9.80830605147	-9.69480848624	-9.58131092101	-9.46781335577	-1.21414251065	-1.21414251065	-1.21414251065	-1.21414251065	-1.21414251065	-1.21414251065	-1.21414251065	-1.21414251065	-1.21414251065	-1.21414251065	
3.25	81.5453600516	82.6112000553	83.677040059	84.7428800628	85.8087200665	86.8745600702	87.9404000739	89.0062400776	90.0720800813	91.137920085	0.0	0.0	-3.86328580225e-07	5.47665167907e-07	5.13920180361e-08	1.16548333267e-06	1.63320191855e-06	2.8951311597e-06	3.97596941507e-06	4.88542639083e-06	0.0	-3.62463952262e-07	8.7629826698e-07	-4.65616929503e-07	1.04527068861e-06	4.38826263095e-07	1.18397624104e-06	1.01407176649e-06	8.53277201643e-07	9.40459790752e-07	92.2159568299	91.9113368323	91.6067168347	91.3020968371	90.9974768395	90.6928568419	90.3882368443	90.0836168467	89.7789968491	89.4743768515	-10.4892914429	-10.3757938776	-10.2622963124	-10.1487987472	-10.0353011819	-9.92180361671	-9.80830605147	-9.69480848624	-9.58131092101	-9.46781335577	-1.21414251065	-1.21414251065	-1.21414251065	-1.21414251065	-1.21414251065	-1.21414251065	-1.21414251065	-1.21414251065	-1.21414251065	-1.21414251065	
3.26666666667	82.5229100553	83.529890059	84.5368700628	85.5438500665	86.5508300702	87.5578100739	88.5647900776	89.5717700813	90.5787500851	91.5857300888	0.0	0.0	3.34314713015e-07	-2.98810397985e-07	-3.0118893602e-07	-1.05516200089e-06	-1.48905377032e-06	-2.35306988083e-06	-2.87273636616e-06	-3.45888032737e-06	0.0	3.31997370138e-07	-6.287365277e-07	-2.36205091107e-09	-7.48746809363e-07	-4.30884196139e-07	-8.58027078315e-07	-5.16064354218e-07	-5.8208103343e-07	-2.05903758561e-07	91.9434775953	91.6943446122	91.4452116291	91.196078646	90.9469456628	90.6978126797	90.4486796966	90.1995467135	89.9504137303	89.7012807472	-10.3631387399	-10.2290124502	-10.0948861606	-9.96075987088	-9.8266335812	-9.69250729153	-9.55838100185	-9.42425471217	-9.2901284225	-9.15600213282	-1.07692416392	-1.07692416392	-1.07692416392	-1.07692416392	-1.07692416392	-1.07692416392	-1.07692416392	-1.07692416392	-1.07692416392	-1.07692416392	
3.28333333333	82.5229100553	83.529890059	84.5368700628	85.5438500665	86.5508300702	87.5578100739	88.5647900776	89.5717700813	90.5787500851	91.5857300888	0.0	0.0	3.34314713015e-07	-2.98810397985e-07	-3.0118893602e-07	-1.05516200089e-06	-1.48905377032e-06	-2.35306988083e-06	-2.87273636616e-06	-3.45888032737e-06	0.0	3.31997370138e-07	-6.287365277e-07	-2.36205091107e-09	-7.48746809363e-07	-4.30884196139e-07	-8.58027078315e-07	-5.16064354218e-07	-5.8208103343e-07	-2.05903758561e-07	91.9434775953	91.6943446122	91.4452116291	91.196078646	90.9469456628	90.6978126797	90.4486796966	90.1995467135	89.9504137303	89.7012807472	-10.3631387399	-10.2290124502	-10.0948861606	-9.96075987088	-9.8266335812	-9.69250729153	-9.55838100185	-9.42425471217	-9.2901284225	-9.15600213282	-1.07692416392	-1.07692416392	-1.07692416392	-1.07692416392	-1.07692416392	-1.07692416392	-1.07692416392	-1.07692416392	-1.07692416392	-1.07692416392	
3.3	82.5229100553	83.529890059	84.5368700628	85.5438500665	86.5508300702	87.5578100739	88.5647900776	89.5717700813	90.5787500851	91.5857300888	0.0	0.0	3.34314713015e-07	-2.98810397985e-07	-3.0118893602e-07	-1.05516200089e-06	-1.48905377032e-06	-2.35306988083e-06	-2.87273636616e-06	-3.45888032737e-06	0.0	3.31997370138e-07	-6.287365277e-07	-2.36205091107e-09	-7.48746809363e-07	-4.30884196139e-07	-8.58027078315e-07	-5.16064354218e-07	-5.8208103343e-07	-2.05903758561e-07	91.9434775953	91.6943446122	91.4452116291	91.196078646	90.9469456628	90.6978126797	90.4486796966	90.1995467135	89.9504137303	89.7012807472	-10.3631387399	-10.2290124502	-10.0948861606	-9.96075987088	-9.8266335812	-9.69250729153	-9.55838100185	-9.42425471217	-9.2901284225	-9.15600213282	-1.07692416392	-1.07692416392	-1.07692416392	-1.07692416392	-1.07692416392	-1.07692416392	-1.07692416392	-1.07692416392	-1.07692416392	-1.07692416392	
3.31666666667	82.5229100553	83.529890059	84.5368700628	85.5438500665	86.5508300702	87.5578100739	88.5647900776	89.5717700813	90.5787500851	91.5857300888	0.0	0.0	3.34314713015e-07	-2.98810397985e-07	-3.0118893602e-07	-1.05516200089e-06	-1.48905377032e-06	-2.35306988083e-06	-2.87273636616e-06	-3.45888032737e-06	0.0	3.31997370138e-07	-6.287365277e-07	-2.36205091107e-09	-7.48746809363e-07	-4.30884196139e-07	-8.58027078315e-07	-5.16064354218e-07	-5.8208103343e-07	-2.05903758561e-07	91.9434775953	91.6943446122	91.4452116291	91.196078646	90.9469456628	90.6978126797	90.4486796966	90.1995467135	89.9504137303	89.7012807472	-10.3631387399	-10.2290124502	-10.0948861606	-9.96075987088	-9.8266335812	-9.69250729153	-9.55838100185	-9.42425471217	-9.2901284225	-9.15600213282	-1.07692416392	-1.07692416392	-1.07692416392	-1.07692416392	-1.07692416392	-1.07692416392	-1.07692416392	-1.07692416392	-1.07692416392	-1.07692416392	
3.33333333333	82.5229100553	83.529890059	84.5368700628	85.5438500665	86.5508300702	87.5578100739	88.5647900776	89.5717700813	90.5787500851	91.5857300888	0.0	0.0	3.34314713015e-07	-2.98810397985e-07	-3.0118893602e-07	-1.05516200089e-06	-1.48905377032e-06	-2.35306988083e-06	-2.87273636616e-06	-3.45888032737e-06	0.0	3.31997370138e-07	-6.287365277e-07	-2.36205091107e-09	-7.48746809363e-07	-4.30884196139e-07	-8.58027078315e-07	-5.16064354218e-07	-5.8208103343e-07	-2.05903758561e-07	91.9434775953	91.6943446122	91.4452116291	91.196078646	90.9469456628	90.6978126797	90.4486796966	90.1995467135	89.9504137303	89.7012807472	-10.3631387399	-10.2290124502	-10.0948861606	-9.96075987088	-9.8266335812	-9.69250729153	-9.55838100185	-9.42425471217	-9.2901284225	-9.15600213282	-1.07692416392	-1.07692416392	-1.07692416392	-1.07692416392	-1.07692416392	-1.07692416392	-1.07692416392	-1.07692416392	-1.07692416392	-1.07692416392	
3.35	82.5229100553	83.529890059	84.5368700628	85.5438500665	86.5508300702	87.5578100739	88.5647900776	89.5717700813	90.5787500851	91.5857300888	0.0	0.0	3.34314713015e-07	-2.98810397985e-07	-3.0118893602e-07	-1.05516200089e-06	-1.48905377032e-06	-2.35306988083e-06	-2.87273636616e-06	-3.45888032737e-06	0.0	3.31997370138e-07	-6.287365277e-07	-2.36205091107e-09	-7.48746809363e-07	-4.30884196139e-07	-8.58027078315e-07	-5.16064354218e-07	-5.8208103343e-07	-2.05903758561e-07	91.9434775953	91.6943446122	91.4452116291	91.196078646	90.9469456628	90.6978126797	90.4486796966	90.1995467135	89.9504137303	89.7012807472	-10.3631387399	-10.2290124502	-10.0948861606	-9.96075987088	-9.8266335812	-9.69250729153	-9.55838100185	-9.42425471217	-9.2901284225	-9.15600213282	-1.07692416392	-1.07692416392	-1.07692416392	-1.07692416392	-1.07692416392	-1.07692416392	-1.07692416392	-1.07692416392	-1.07692416392	-1.07692416392	
3.36666666667	83.4416000591	84.3897200628	85.3378400665	86.2859600702	87.2340800739	88.1822000776	89.1303200813	90.0784400851	91.0265600888	91.9746800925	0.0	0.0	1.34819222587e-06	1.71519630634e-06	3.9319575269e-06	4.84742580427e-06	5.6830988634e-06	5.81729848301e-06	6.46224079345e-06	7.78605623792e-06	0.0	1.4219636972e-06	3.87086106217e-07	2.3380597518e-06	9.65561610119e-07	8.81400092656e-07	1.41542862809e-07	6.80232784785e-07	1.39625304738e-06	5.32319544782e-07	91.7279438609	91.5366707039	91.3453975468	91.1541243898	90.9628512328	90.7715780758	90.5803049188	90.3890317618	90.1977586048	90.0064854478	-10.2211584793	-10.0748567895	-9.92855509976	-9.78225340997	-9.63595172019	-9.4896500304	-9.34334834062	-9.19704665084	-9.05074496105	-8.90444327127	-0.917837601428	-0.917837601428	-0.917837601428	-0.917837601428	-0.917837601428	-0.917837601428	-0.917837601428	-0.917837601428	-0.917837601428	-0.917837601428	
3.38333333333	83.4416000591	84.3897200628	85.3378400665	86.2859600702	87.2340800739	88.1822000776	89.1303200813	90.0784400851	91.0265600888	91.9746800925	0.0	0.0	1.34819222587e-06	1.71519630634e-06	3.9319575269e-06	4.84742580427e-06	5.6830988634e-06	5.81729848301e-06	6.46224079345e-06	7.78605623792e-06	0.0	1.4219636972e-06	3.87086106217e-07	2.3380597518e-06	9.65561610119e-07	8.81400092656e-07	1.41542862809e-07	6.80232784785e-07	1.39625304738e-06	5.32319544782e-07	91.7279438609	91.5366707039	91.3453975468	91.1541243898	90.9628512328	90.7715780758	90.5803049188	90.3890317618	90.1977586048	90.0064854478	-10.2211584793	-10.0748567895	-9.92855509976	-9.78225340997	-9.63595172019	-9.4896500304	-9.34334834062	-9.19704665084	-9.05074496105	-8.90444327127	-0.917837601428	-0.917837601428	-0.917837601428	-0.917837601428	-0.917837601428	-0.917837601428	-0.917837601428	-0.917837601428	-0.917837601428	-0.917837601428	
3.4	83.4416000591	84.3897200628	85.3378400665	86.2859600702	87.2340800739	88.1822000776	89.1303200813	90.0784400851	91.0265600888	91.9746800925	0.0	0.0	1.34819222587e-06	1.71519630634e-06	3.9319575269e-06	4.84742580427e-06	5.6830988634e-06	5.81729848301e-06	6.46224079345e-06	7.78605623792e-06	0.0	1.4219636972e-06	3.87086106217e-07	2.3380597518e-06	9.65561610119e-07	8.81400092656e-07	1.41542862809e-07	6.80232784785e-07	1.39625304738e-06	5.32319544782e-07	91.7279438609	91.5366707039	91.3453975468	91.1541243898	90.9628512328	90.7715780758	90.5803049188	90.3890317618	90.1977586048	90.0064854478	-10.2211584793	-10.0748567895	-9.92855509976	-9.78225340997	-9.63595172019	-9.4896500304	-9.34334834062	-9.19704665084	-9.05074496105	-8.90444327127	-0.917837601428	-0.917837601428	-0.917837601428	-0.917837601428	-0.917837601428	-0.917837601428	-0.917837601428	-0.917837601428	-0.917837601428	-0.917837601428	
3.41666666667	83.4416000591	84.3897200628	85.3378400665	86.2859600702	87.2340800739	88.1822000776	89.1303200813	90.0784400851	91.0265600888	91.9746800925	0.0	0.0	1.34819222587e-06	1.71519630634e-06	3.9319575269e-06	4.84742580427e-06	5.6830988634e-06	5.81729848301e-06	6.46224079345e-06	7.78605623792e-06	0.0	1.4219636972e-06	3.87086106217e-07	2.3380597518e-06	9.65561610119e-07	8.81400092656e-07	1.41542862809e-07	6.80232784785e-07	1.39625304738e-06	5.32319544782e-07	91.7279438609	91.5366707039	91.3453975468	91.1541243898	90.9628512328	90.7715780758	90.5803049188	90.3890317618	90.1977586048	90.0064854478	-10.2211584793	-10.0748567895	-9.92855509976	-9.78225340997	-9.63595172019	-9.4896500304	-9.34334834062	-9.19704665084	-9.05074496105	-8.90444327127	-0.917837601428	-0.917837601428	-0.917837601428	-0.917837601428	-0.917837601428	-0.917837601428	-0.917837601428	-0.917837601428	-0.917837601428	-0.917837601428	
3.43333333333	83.4416000591	84.3897200628	85.3378400665	86.2859600702	87.2340800739	88.1822000776	89.1303200813	90.0784400851	91.0265600888	91.9746800925	0.0	0.0	1.34819222587e-06	1.71519630634e-06	3.9319575269e-06	4.84742580427e-06	5.6830988634e-06	5.81729848301e-06	6.46224079345e-06	7.78605623792e-06	0.0	1.4219636972e-06	3.87086106217e-07	2.3380597518e-06	9.65561610119e-07	8.81400092656e-07	1.41542862809e-07	6.80232784785e-07	1.39625304738e-06	5.32319544782e-07	91.7279438609	91.5366707039	91.3453975468	91.1541243898	90.9628512328	90.7715780758	90.5803049188	90.3890317618	90.1977586048	90.0064854478	-10.2211584793	-10.0748567895	-9.92855509976	-9.78225340997	-9.63595172019	-9.4896500304	-9.34334834062	-9.19704665084	-9.05074496105	-8.90444327127	-0.917837601428	-0.917837601428	-0.917837601428	-0.917837601428	-0.917837601428	-0.917837601428	-0.917837601428	-0.917837601428	-0.917837601428	-0.917837601428	
3.45	83.4416000591	84.3897200628	85.3378400665	86.2859600702	87.2340800739	88.1822000776	89.1303200813	90.0784400851	91.0265600888	91.9746800925	0.0	0.0	1.34819222587e-06	1.71519630634e-06	3.9319575269e-06	4.84742580427e-06	5.6830988634e-06	5.81729848301e-06	6.46224079345e-06	7.78605623792e-06	0.0	1.4219636972e-06	3.87086106217e-07	2.3380597518e-06	9.65561610119e-07	8.81400092656e-07	1.41542862809e-07	6.80232784785e-07	1.39625304738e-06	5.32319544782e-07	91.7279438609	91.5366707039	91.3453975468	91.1541243898	90.9628512328	90.7715780758	90.5803049188	90.3890317618	90.1977586048	90.0064854478	-10.2211584793	-10.0748567895	-9.92855509976	-9.78225340997	-9.63595172019	-9.4896500304	-9.34334834062	-9.19704665084	-9.05074496105	-8.90444327127	-0.917837601428	-0.917837601428	-0.917837601428	-0.917837601428	-0.917837601428	-0.917837601428	-0.917837601428	-0.917837601428	-0.917837601428	-0.917837601428	
3.46666666667	84.3014300628	85.1906900665	86.0799500703	86.969210074	87.8584700777	88.7477300814	89.6369900852	90.5262500889	91.4155100926	92.3047700963	0.0	0.0	2.75044133604e-07	1.96889260977e-06	2.78313931143e-06	5.96520420873e-06	8.10547281363e-06	1.03617715348e-05	1.3239435769e-05	1.5938627367e-05	0.0	3.09295518128e-07	1.90478428025e-06	9.15645253636e-07	3.57832904207e-06	2.40679733252e-06	2.5372767376e-06	3.23602121108e-06	3.03532328749e-06	2.1072939049e-06	91.5710620936	91.4387827163	91.306503339	91.1742239617	91.0419445844	90.9096652072	90.7773858299	90.6451064526	90.5128270753	90.380547698	-10.072815219	-9.92457653619	-9.77633785334	-9.62809917049	-9.47986048763	-9.33162180478	-9.18338312192	-9.03514443907	-8.88690575621	-8.73866707336	-0.728567169051	-0.728567169051	-0.728567169051	-0.728567169051	-0.728567169051	-0.728567169051	-0.728567169051	-0.728567169051	-0.728567169051	-0.728567169051	
3.48333333333	84.3014300628	85.1906900665	86.0799500703	86.969210074	87.8584700777	88.7477300814	89.6369900852	90.5262500889	91.4155100926	92.3047700963	0.0	0.0	2.75044133604e-07	1.96889260977e-06	2.78313931143e-06	5.96520420873e-06	8.10547281363e-06	1.03617715348e-05	1.3239435769e-05	1.5938627367e-05	0.0	3.09295518128e-07	1.90478428025e-06	9.15645253636e-07	3.57832904207e-06	2.40679733252e-06	2.5372767376e-06	3.23602121108e-06	3.03532328749e-06	2.1072939049e-06	91.5710620936	91.4387827163	91.306503339	91.1742239617	91.0419445844	90.9096652072	90.7773858299	90.6451064526	90.5128270753	90.380547698	-10.072815219	-9.92457653619	-9.77633785334	-9.62809917049	-9.47986048763	-9.33162180478	-9.18338312192	-9.03514443907	-8.88690575621	-8.73866707336	-0.728567169051	-0.728567169051	-0.728567169051	-0.728567169051	-0.728567169051	-0.728567169051	-0.728567169051	-0.728567169051	-0.728567169051	-0.728567169051	
3.5	84.3014300628	85.1906900665	86.0799500703	86.969210074	87.8584700777	88.7477300814	89.6369900852	90.5262500889	91.4155100926	92.3047700963	0.0	0.0	2.75044133604e-07	1.96889260977e-06	2.78313931143e-06	5.96520420873e-06	8.10547281363e-06	1.03617715348e-05	1.3239435769e-05	1.5938627367e-05	0.0	3.09295518128e-07	1.90478428025e-06	9.15645253636e-07	3.57832904207e-06	2.40679733252e-06	2.5372767376e-06	3.23602121108e-06	3.03532328749e-06	2.1072939049e-06	91.5710620936	91.4387827163	91.306503339	91.1742239617	91.0419445844	90.9096652072	90.7773858299	90.6451064526	90.5128270753	90.380547698	-10.072815219	-9.92457653619	-9.77633785334	-9.62809917049	-9.47986048763	-9.33162180478	-9.18338312192	-9.03514443907	-8.88690575621	-8.73866707336	-0.728567169051	-0.728567169051	-0.728567169051	-0.728567169051	-0.728567169051	-0.728567169051	-0.728567169051	-0.728567169051	-0.728567169051	-0.728567169051	
3.51666666667	84.3014300628	85.1906900665	86.0799500703	86.969210074	87.8584700777	88.7477300814	89.6369900852	90.5262500889	91.4155100926	92.3047700963	0.0	0.0	2.75044133604e-07	1.96889260977e-06	2.78313931143e-06	5.96520420873e-06	8.10547281363e-06	1.03617715348e-05	1.3239435769e-05	1.5938627367e-05	0.0	3.09295518128e-07	1.90478428025e-06	9.15645253636e-07	3.57832904207e-06	2.40679733252e-06	2.5372767376e-06	3.23602121108e-06	3.03532328749e-06	2.1072939049e-06	91.5710620936	91.4387827163	91.306503339	91.1742239617	91.0419445844	90.9096652072	90.7773858299	90.6451064526	90.5128270753	90.380547698	-10.072815219	-9.92457653619	-9.77633785334	-9.62809917049	-9.47986048763	-9.33162180478	-9.18338312192	-9.03514443907	-8.88690575621	-8.73866707336	-0.728567169051	-0.728567169051	-0.728567169051	-0.728567169051	-0.728567169051	-0.728567169051	-0.728567169051	-0.728567169051	-0.728567169051	-0.728567169051	
3.53333333333	84.3014300628	85.1906900665	86.0799500703	86.969210074	87.8584700777	88.7477300814	89.6369900852	90.5262500889	91.4155100926	92.3047700963	0.0	0.0	2.75044133604e-07	1.96889260977e-06	2.78313931143e-06	5.96520420873e-06	8.10547281363e-06	1.03617715348e-05	1.3239435769e-05	1.5938627367e-05	0.0	3.09295518128e-07	1.90478428025e-06	9.15645253636e-07	3.57832904207e-06	2.40679733252e-06	2.5372767376e-06	3.23602121108e-06	3.03532328749e-06	2.1072939049e-06	91.5710620936	91.4387827163	91.306503339	91.1742239617	91.0419445844	90.9096652072	90.7773858299	90.6451064526	90.5128270753	90.380547698	-10.072815219	-9.92457653619	-9.77633785334	-9.62809917049	-9.47986048763	-9.33162180478	-9.18338312192	-9.03514443907	-8.88690575621	-8.73866707336	-0.728567169051	-0.728567169051	-0.728567169051	-0.728567169051	-0.728567169051	-0.728567169051	-0.728567169051	-0.728567169051	-0.728567169051	-0.728567169051	
3.55	84.3014300628	85.1906900665	86.0799500703	86.969210074	87.8584700777	88.7477300814	89.6369900852	90.5262500889	91.4155100926	92.3047700963	0.0	0.0	2.75044133604e-07	1.96889260977e-06	2.78313931143e-06	5.96520420873e-06	8.10547281363e-06	1.03617715348e-05	1.3239435769e-05	1.5938627367e-05	0.0	3.09295518128e-07	1.90478428025e-06	9.15645253636e-07	3.57832904207e-06	2.40679733252e-06	2.5372767376e-06	3.23602121108e-06	3.03532328749e-06	2.1072939049e-06	91.5710620936	91.4387827163	91.306503339	91.1742239617	91.0419445844	90.9096652072	90.7773858299	90.6451064526	90.5128270753	90.380547698	-10.072815219	-9.92457653619	-9.77633785334	-9.62809917049	-9.47986048763	-9.33162180478	-9.18338312192	-9.03514443907	-8.88690575621	-8.73866707336	-0.728567169051	-0.728567169051	-0.728567169051	-0.728567169051	-0.728567169051	-0.728567169051	-0.728567169051	-0.728567169051	-0.728567169051	-0.728567169051	
3.56666666667	84.3014300628	85.1906900665	86.0799500703	86.969210074	87.8584700777	88.7477300814	89.6369900852	90.5262500889	91.4155100926	92.3047700963	0.0	0.0	2.75044133604e-07	1.96889260977e-06	2.78313931143e-06	5.96520420873e-06	8.10547281363e-06	1.03617715348e-05	1.3239435769e-05	1.5938627367e-05	0.0	3.09295518128e-07	1.90478428025e-06	9.15645253636e-07	3.57832904207e-06	2.40679733252e-06	2.5372767376e-06	3.23602121108e-06	3.03532328749e-06	2.1072939049e-06	91.5710620936	91.4387827163	91.306503339	91.1742239617	91.0419445844	90.9096652072	90.7773858299	90.6451064526	90.5128270753	90.380547698	-10.072815219	-9.92457653619	-9.77633785334	-9.62809917049	-9.47986048763	-9.33162180478	-9.18338312192	-9.03514443907	-8.88690575621	-8.73866707336	-0.728567169051	-0.728567169051	-0.728567169051	-0.728567169051	-0.728567169051	-0.728567169051	-0.728567169051	-0.728567169051	-0.728567169051	-0.728567169051	
3.58333333333	85.2301725671	86.0507625709	86.8713525746	87.6919425783	88.5125325821	89.3331225858	90.1537125895	90.9743025933	91.794892597	92.6154826007	0.0	0.0	1.97490263991e-06	6.39303096888e-07	3.01602908268e-06	3.01796897692e-06	5.78111801443e-06	5.34482556305e-06	8.70153399663e-06	7.15778764605e-06	0.0	2.40668620253e-06	-1.6276088387e-06	2.89636234294e-06	2.36402371924e-09	3.36727114022e-06	-5.31681411423e-07	4.09060361243e-06	-1.88126389983e-06	2.76289274978e-06	91.4619462672	91.3969019615	91.3318576557	91.2668133499	91.2017690442	91.1367247384	91.0716804327	91.0066361269	90.9415918211	90.8765475154	-9.90714621551	-9.77251377727	-9.63788133903	-9.5032489008	-9.36861646256	-9.23398402432	-9.09935158608	-8.96471914784	-8.83008670961	-8.69545427137	-0.45005675603	-0.45005675603	-0.45005675603	-0.45005675603	-0.45005675603	-0.45005675603	-0.45005675603	-0.45005675603	-0.45005675603	-0.45005675603	
3.6	85.2301725671	86.0507625709	86.8713525746	87.6919425783	88.5125325821	89.3331225858	90.1537125895	90.9743025933	91.794892597	92.6154826007	0.0	0.0	1.97490263991e-06	6.39303096888e-07	3.01602908268e-06	3.01796897692e-06	5.78111801443e-06	5.34482556305e-06	8.70153399663e-06	7.15778764605e-06	0.0	2.40668620253e-06	-1.6276088387e-06	2.89636234294e-06	2.36402371924e-09	3.36727114022e-06	-5.31681411423e-07	4.09060361243e-06	-1.88126389983e-06	2.76289274978e-06	91.4619462672	91.3969019615	91.3318576557	91.2668133499	91.2017690442	91.1367247384	91.0716804327	91.0066361269	90.9415918211	90.8765475154	-9.90714621551	-9.77251377727	-9.63788133903	-9.5032489008	-9.36861646256	-9.23398402432	-9.09935158608	-8.96471914784	-8.83008670961	-8.69545427137	-0.45005675603	-0.45005675603	-0.45005675603	-0.45005675603	-0.45005675603	-0.45005675603	-0.45005675603	-0.45005675603	-0.45005675603	-0.45005675603	
3.61666666667	85.2301725671	86.0507625709	86.8713525746	87.6919425783	88.5125325821	89.3331225858	90.1537125895	90.9743025933	91.794892597	92.6154826007	0.0	0.0	1.97490263991e-06	6.39303096888e-07	3.01602908268e-06	3.01796897692e-06	5.78111801443e-06	5.34482556305e-06	8.70153399663e-06	7.15778764605e-06	0.0	2.40668620253e-06	-1.6276088387e-06	2.89636234294e-06	2.36402371924e-09	3.36727114022e-06	-5.31681411423e-07	4.09060361243e-06	-1.88126389983e-06	2.76289274978e-06	91.4619462672	91.3969019615	91.3318576557	91.2668133499	91.2017690442	91.1367247384	91.0716804327	91.0066361269	90.9415918211	90.8765475154	-9.90714621551	-9.77251377727	-9.63788133903	-9.5032489008	-9.36861646256	-9.23398402432	-9.09935158608	-8.96471914784	-8.83008670961	-8.69545427137	-0.45005675603	-0.45005675603	-0.45005675603	-0.45005675603	-0.45005675603	-0.45005675603	-0.45005675603	-0.45005675603	-0.45005675603	-0.45005675603	
3.63333333333	85.2301725671	86.0507625709	86.8713525746	87.6919425783	88.5125325821	89.3331225858	90.1537125895	90.9743025933	91.794892597	92.6154826007	0.0	0.0	1.97490263991e-06	6.39303096888e-07	3.01602908268e-06	3.01796897692e-06	5.78111801443e-06	5.34482556305e-06	8.70153399663e-06	7.15778764605e-06	0.0	2.40668620253e-06	-1.6276088387e-06	2.89636234294e-06	2.36402371924e-09	3.36727114022e-06	-5.31681411423e-07	4.09060361243e-06	-1.88126389983e-06	2.76289274978e-06	91.4619462672	91.3969019615	91.3318576557	91.2668133499	91.2017690442	91.1367247384	91.0716804327	91.0066361269	90.9415918211	90.8765475154	-9.90714621551	-9.77251377727	-9.63788133903	-9.5032489008	-9.36861646256	-9.23398402432	-9.09935158608	-8.96471914784	-8.83008670961	-8.69545427137	-0.45005675603	-0.45005675603	-0.45005675603	-0.45005675603	-0.45005675603	-0.45005675603	-0.45005675603	-0.45005675603	-0.45005675603	-0.45005675603	
3.65	85.2301725671	86.0507625709	86.8713525746	87.6919425783	88.5125325821	89.3331225858	90.1537125895	90.9743025933	91.794892597	92.6154826007	0.0	0.0	1.97490263991e-06	6.39303096888e-07	3.01602908268e-06	3.01796897692e-06	5.78111801443e-06	5.34482556305e-06	8.70153399663e-06	7.15778764605e-06	0.0	2.40668620253e-06	-1.6276088387e-06	2.89636234294e-06	2.36402371924e-09	3.36727114022e-06	-5.31681411423e-07	4.09060361243e-06	-1.88126389983e-06	2.76289274978e-06	91.4619462672	91.3969019615	91.3318576557	91.2668133499	91.2017690442	91.1367247384	91.0716804327	91.0066361269	90.9415918211	90.8765475154	-9.90714621551	-9.77251377727	-9.63788133903	-9.5032489008	-9.36861646256	-9.23398402432	-9.09935158608	-8.96471914784	-8.83008670961	-8.69545427137	-0.45005675603	-0.45005675603	-0.45005675603	-0.45005675603	-0.45005675603	-0.45005675603	-0.45005675603	-0.45005675603	-0.45005675603	-0.45005675603	
3.66666666667	85.2301725671	86.0507625709	86.8713525746	87.6919425783	88.5125325821	89.3331225858	90.1537125895	90.9743025933	91.794892597	92.6154826007	0.0	0.0	1.97490263991e-06	6.39303096888e-07	3.01602908268e-06	3.01796897692e-06	5.78111801443e-06	5.34482556305e-06	8.70153399663e-06	7.15778764605e-06	0.0	2.40668620253e-06	-1.6276088387e-06	2.89636234294e-06	2.36402371924e-09	3.36727114022e-06	-5.31681411423e-07	4.09060361243e-06	-1.88126389983e-06	2.76289274978e-06	91.4619462672	91.3969019615	91.3318576557	91.2668133499	91.2017690442	91.1367247384	91.0716804327	91.0066361269	90.9415918211	90.8765475154	-9.90714621551	-9.77251377727	-9.63788133903	-9.5032489008	-9.36861646256	-9.23398402432	-9.09935158608	-8.96471914784	-8.83008670961	-8.69545427137	-0.45005675603	-0.45005675603	-0.45005675603	-0.45005675603	-0.45005675603	-0.45005675603	-0.45005675603	-0.45005675603	-0.45005675603	-0.45005675603	
3.68333333333	85.2301725671	86.0507625709	86.8713525746	87.6919425783	88.5125325821	89.3331225858	90.1537125895	90.9743025933	91.794892597	92.6154826007	0.0	0.0	1.97490263991e-06	6.39303096888e-07	3.01602908268e-06	3.01796897692e-06	5.78111801443e-06	5.34482556305e-06	8.70153399663e-06	7.15778764605e-06	0.0	2.40668620253e-06	-1.6276088387e-06	2.89636234294e-06	2.36402371924e-09	3.36727114022e-06	-5.31681411423e-07	4.09060361243e-06	-1.88126389983e-06	2.76289274978e-06	91.4619462672	91.3969019615	91.3318576557	91.2668133499	91.2017690442	91.1367247384	91.0716804327	91.0066361269	90.9415918211	90.8765475154	-9.90714621551	-9.77251377727	-9.63788133903	-9.5032489008	-9.36861646256	-9.23398402432	-9.09935158608	-8.96471914784	-8.83008670961	-8.69545427137	-0.45005675603	-0.45005675603	-0.45005675603	-0.45005675603	-0.45005675603	-0.45005675603	-0.45005675603	-0.45005675603	-0.45005675603	-0.45005675603	
3.7	86.0788000716	86.8307200753	87.5826400791	88.3345600829	89.0864800866	89.8384000903	90.590320094	91.3422400977	92.0941601013	92.8460801049	0.0	0.0	4.96761252895e-06	6.18773945375e-06	1.45107906171e-05	1.84675937561e-05	3.10984111609e-05	3.9912423464e-05	5.82846711504e-05	7.35160045726e-05	0.0	6.60657051824e-06	1.62268182609e-06	1.10690646901e-05	5.26226609105e-06	1.67980866874e-05	1.17220080051e-05	2.44337796521e-05	2.02565875982e-05	2.99259113847e-05	91.4265584274	91.4202680005	91.4139775737	91.4076871469	91.40139672	91.3951062932	91.3888158663	91.3825254395	91.3762350127	91.3699445858	-9.77088244304	-9.67071389836	-9.57054535368	-9.47037680901	-9.37020826433	-9.27003971966	-9.16987117498	-9.0697026303	-8.96953408563	-8.86936554095	-0.0627160682727	-0.0627160682727	-0.0627160682727	-0.0627160682727	-0.0627160682727	-0.0627160682727	-0.0627160682727	-0.0627160682727	-0.0627160682727	-0.0627160682727	
3.71666666667	86.0788000716	86.8307200753	87.5826400791	88.3345600829	89.0864800866	89.8384000903	90.590320094	91.3422400977	92.0941601013	92.8460801049	0.0	0.0	4.96761252895e-06	6.18773945375e-06	1.45107906171e-05	1.84675937561e-05	3.10984111609e-05	3.9912423464e-05	5.82846711504e-05	7.35160045726e-05	0.0	6.60657051824e-06	1.62268182609e-06	1.10690646901e-05	5.26226609105e-06	1.67980866874e-05	1.17220080051e-05	2.44337796521e-05	2.02565875982e-05	2.99259113847e-05	91.4265584274	91.4202680005	91.4139775737	91.4076871469	91.40139672	91.3951062932	91.3888158663	91.3825254395	91.3762350127	91.3699445858	-9.77088244304	-9.67071389836	-9.57054535368	-9.47037680901	-9.37020826433	-9.27003971966	-9.16987117498	-9.0697026303	-8.96953408563	-8.86936554095	-0.0627160682727	-0.0627160682727	-0.0627160682727	-0.0627160682727	-0.0627160682727	-0.0627160682727	-0.0627160682727	-0.0627160682727	-0.0627160682727	-0.0627160682727	
3.73333333333	86.0788000716	86.8307200753	87.5826400791	88.3345600829	89.0864800866	89.8384000903	90.590320094	91.3422400977	92.0941601013	92.8460801049	0.0	0.0	4.96761252895e-06	6.18773945375e-06	1.45107906171e-05	1.84675937561e-05	3.10984111609e-05	3.9912423464e-05	5.82846711504e-05	7.35160045726e-05	0.0	6.60657051824e-06	1.62268182609e-06	1.10690646901e-05	5.26226609105e-06	1.67980866874e-05	1.17220080051e-05	2.44337796521e-05	2.02565875982e-05	2.99259113847e-05	91.4265584274	91.4202680005	91.4139775737	91.4076871469	91.40139672	91.3951062932	91.3888158663	91.3825254395	91.3762350127	91.3699445858	-9.77088244304	-9.67071389836	-9.57054535368	-9.47037680901	-9.37020826433	-9.27003971966	-9.16987117498	-9.0697026303	-8.96953408563	-8.86936554095	-0.0627160682727	-0.0627160682727	-0.0627160682727	-0.0627160682727	-0.0627160682727	-0.0627160682727	-0.0627160682727	-0.0627160682727	-0.0627160682727	-0.0627160682727	
3.75	86.0788000716	86.8307200753	87.5826400791	88.3345600829	89.0864800866	89.8384000903	90.590320094	91.3422400977	92.0941601013	92.8460801049	0.0	0.0	4.96761252895e-06	6.18773945375e-06	1.45107906171e-05	1.84675937561e-05	3.10984111609e-05	3.9912423464e-05	5.82846711504e-05	7.35160045726e-05	0.0	6.60657051824e-06	1.62268182609e-06	1.10690646901e-05	5.26226609105e-06	1.67980866874e-05	1.17220080051e-05	2.44337796521e-05	2.02565875982e-05	2.99259113847e-05	91.4265584274	91.4202680005	91.4139775737	91.4076871469	91.40139672	91.3951062932	91.3888158663	91.3825254395	91.3762350127	91.3699445858	-9.77088244304	-9.67071389836	-9.57054535368	-9.47037680901	-9.37020826433	-9.27003971966	-9.16987117498	-9.0697026303	-8.96953408563	-8.86936554095	-0.0627160682727	-0.0627160682727	-0.0627160682727	-0.0627160682727	-0.0627160682727	-0.0627160682727	-0.0627160682727	-0.0627160682727	-0.0627160682727	-0.0627160682727	
3.76666666667	86.0788000716	86.8307200753	87.5826400791	88.3345600829	89.0864800866	89.8384000903	90.590320094	91.3422400977	92.0941601013	92.8460801049	0.0	0.0	4.96761252895e-06	6.18773945375e-06	1.45107906171e-05	1.84675937561e-05	3.10984111609e-05	3.9912423464e-05	5.82846711504e-05	7.35160045726e-05	0.0	6.60657051824e-06	1.62268182609e-06	1.10690646901e-05	5.26226609105e-06	1.67980866874e-05	1.17220080051e-05	2.44337796521e-05	2.02565875982e-05	2.99259113847e-05	91.4265584274	91.4202680005	91.4139775737	91.4076871469	91.40139672	91.3951062932	91.3888158663	91.3825254395	91.3762350127	91.3699445858	-9.77088244304	-9.67071389836	-9.57054535368	-9.47037680901	-9.37020826433	-9.27003971966	-9.16987117498	-9.0697026303	-8.96953408563	-8.86936554095	-0.0627160682727	-0.0627160682727	-0.0627160682727	-0.0627160682727	-0.0627160682727	-0.0627160682727	-0.0627160682727	-0.0627160682727	-0.0627160682727	-0.0627160682727	
3.78333333333	86.0788000716	86.8307200753	87.5826400791	88.3345600829	89.0864800866	89.8384000903	90.590320094	91.3422400977	92.0941601013	92.8460801049	0.0	0.0	4.96761252895e-06	6.18773945375e-06	1.45107906171e-05	1.84675937561e-05	3.10984111609e-05	3.9912423464e-05	5.82846711504e-05	7.35160045726e-05	0.0	6.60657051824e-06	1.62268182609e-06	1.10690646901e-05	5.26226609105e-06	1.67980866874e-05	1.17220080051e-05	2.44337796521e-05	2.02565875982e-05	2.99259113847e-05	91.4265584274	91.4202680005	91.4139775737	91.4076871469	91.40139672	91.3951062932	91.3888158663	91.3825254395	91.3762350127	91.3699445858	-9.77088244304	-9.67071389836	-9.57054535368	-9.47037680901	-9.37020826433	-9.27003971966	-9.16987117498	-9.0697026303	-8.96953408563	-8.86936554095	-0.0627160682727	-0.0627160682727	-0.0627160682727	-0.0627160682727	-0.0627160682727	-0.0627160682727	-0.0627160682727	-0.0627160682727	-0.0627160682727	-0.0627160682727	
3.8	86.7424300756	87.4354900796	88.1285500836	88.8216100876	89.5146700915	90.2077300955	90.9007900994	91.5938501034	92.2869101073	92.9799701113	0.0	0.0	1.46743561441e-06	5.26939981118e-06	1.03088949182e-05	1.67303368019e-05	2.34047439776e-05	3.11736854036e-05	3.84097467329e-05	4.6313555532e-05	0.0	2.11732837847e-06	5.4857648327e-06	7.27136911395e-06	9.26534765671e-06	9.63034533429e-06	1.1209623094e-05	1.04407429197e-05	1.14042200587e-05	1.06261240418e-05	91.441028681	91.4667322286	91.4924357761	91.5181393237	91.5438428712	91.5695464188	91.5952499663	91.6209535139	91.6466570614	91.672360609	-9.697356544	-9.64510374157	-9.59285093914	-9.54059813671	-9.48834533428	-9.43609253185	-9.38383972942	-9.33158692699	-9.27933412456	-9.22708132213	0.457152708823	0.457152708823	0.457152708823	0.457152708823	0.457152708823	0.457152708823	0.457152708823	0.457152708823	0.457152708823	0.457152708823	
3.81666666667	86.7424300756	87.4354900796	88.1285500836	88.8216100876	89.5146700915	90.2077300955	90.9007900994	91.5938501034	92.2869101073	92.9799701113	0.0	0.0	1.46743561441e-06	5.26939981118e-06	1.03088949182e-05	1.67303368019e-05	2.34047439776e-05	3.11736854036e-05	3.84097467329e-05	4.6313555532e-05	0.0	2.11732837847e-06	5.4857648327e-06	7.27136911395e-06	9.26534765671e-06	9.63034533429e-06	1.1209623094e-05	1.04407429197e-05	1.14042200587e-05	1.06261240418e-05	91.441028681	91.4667322286	91.4924357761	91.5181393237	91.5438428712	91.5695464188	91.5952499663	91.6209535139	91.6466570614	91.672360609	-9.697356544	-9.64510374157	-9.59285093914	-9.54059813671	-9.48834533428	-9.43609253185	-9.38383972942	-9.33158692699	-9.27933412456	-9.22708132213	0.457152708823	0.457152708823	0.457152708823	0.457152708823	0.457152708823	0.457152708823	0.457152708823	0.457152708823	0.457152708823	0.457152708823	
3.83333333333	86.7424300756	87.4354900796	88.1285500836	88.8216100876	89.5146700915	90.2077300955	90.9007900994	91.5938501034	92.2869101073	92.9799701113	0.0	0.0	1.46743561441e-06	5.26939981118e-06	1.03088949182e-05	1.67303368019e-05	2.34047439776e-05	3.11736854036e-05	3.84097467329e-05	4.6313555532e-05	0.0	2.11732837847e-06	5.4857648327e-06	7.27136911395e-06	9.26534765671e-06	9.63034533429e-06	1.1209623094e-05	1.04407429197e-05	1.14042200587e-05	1.06261240418e-05	91.441028681	91.4667322286	91.4924357761	91.5181393237	91.5438428712	91.5695464188	91.5952499663	91.6209535139	91.6466570614	91.672360609	-9.697356544	-9.64510374157	-9.59285093914	-9.54059813671	-9.48834533428	-9.43609253185	-9.38383972942	-9.33158692699	-9.27933412456	-9.22708132213	0.457152708823	0.457152708823	0.457152708823	0.457152708823	0.457152708823	0.457152708823	0.457152708823	0.457152708823	0.457152708823	0.457152708823	
3.85	86.7424300756	87.4354900796	88.1285500836	88.8216100876	89.5146700915	90.2077300955	90.9007900994	91.5938501034	92.2869101073	92.9799701113	0.0	0.0	1.46743561441e-06	5.26939981118e-06	1.03088949182e-05	1.67303368019e-05	2.34047439776e-05	3.11736854036e-05	3.84097467329e-05	4.6313555532e-05	0.0	2.11732837847e-06	5.4857648327e-06	7.27136911395e-06	9.26534765671e-06	9.63034533429e-06	1.1209623094e-05	1.04407429197e-05	1.14042200587e-05	1.06261240418e-05	91.441028681	91.4667322286	91.4924357761	91.5181393237	91.5438428712	91.5695464188	91.5952499663	91.6209535139	91.6466570614	91.672360609	-9.697356544	-9.64510374157	-9.59285093914	-9.54059813671	-9.48834533428	-9.43609253185	-9.38383972942	-9.33158692699	-9.27933412456	-9.22708132213	0.457152708823	0.457152708823	0.457152708823	0.457152708823	0.457152708823	0.457152708823	0.457152708823	0.457152708823	0.457152708823	0.457152708823	
3.86666666667	86.7424300756	87.4354900796	88.1285500836	88.8216100876	89.5146700915	90.2077300955	90.9007900994	91.5938501034	92.2869101073	92.9799701113	0.0	0.0	1.46743561441e-06	5.26939981118e-06	1.03088949182e-05	1.67303368019e-05	2.34047439776e-05	3.11736854036e-05	3.84097467329e-05	4.6313555532e-05	0.0	2.11732837847e-06	5.4857648327e-06	7.27136911395e-06	9.26534765671e-06	9.63034533429e-06	1.1209623094e-05	1.04407429197e-05	1.14042200587e-05	1.06261240418e-05	91.441028681	91.4667322286	91.4924357761	91.5181393237	91.5438428712	91.5695464188	91.5952499663	91.6209535139	91.6466570614	91.672360609	-9.697356544	-9.64510374157	-9.59285093914	-9.54059813671	-9.48834533428	-9.43609253185	-9.38383972942	-9.33158692699	-9.27933412456	-9.22708132213	0.457152708823	0.457152708823	0.457152708823	0.457152708823	0.457152708823	0.457152708823	0.457152708823	0.457152708823	0.457152708823	0.457152708823	
3.88333333333	86.7424300756	87.4354900796	88.1285500836	88.8216100876	89.5146700915	90.2077300955	90.9007900994	91.5938501034	92.2869101073	92.9799701113	0.0	0.0	1.46743561441e-06	5.26939981118e-06	1.03088949182e-05	1.67303368019e-05	2.34047439776e-05	3.11736854036e-05	3.84097467329e-05	4.6313555532e-05	0.0	2.11732837847e-06	5.4857648327e-06	7.27136911395e-06	9.26534765671e-06	9.63034533429e-06	1.1209623094e-05	1.04407429197e-05	1.14042200587e-05	1.06261240418e-05	91.441028681	91.4667322286	91.4924357761	91.5181393237	91.5438428712	91.5695464188	91.5952499663	91.6209535139	91.6466570614	91.672360609	-9.697356544	-9.64510374157	-9.59285093914	-9.54059813671	-9.48834533428	-9.43609253185	-9.38383972942	-9.33158692699	-9.27933412456	-9.22708132213	0.457152708823	0.457152708823	0.457152708823	0.457152708823	0.457152708823	0.457152708823	0.457152708823	0.457152708823	0.457152708823	0.457152708823	
3.9	87.3472000797	87.9814000837	88.6156000877	89.2498000916	89.8840000956	90.5182000996	91.1524001036	91.7866001076	92.4208001116	93.0550001156	0.0	0.0	-5.41329958325e-07	8.9077889053e-07	2.34748587818e-06	4.96379530773e-06	7.75760937558e-06	1.17964639083e-05	1.45600765442e-05	1.96605044217e-05	0.0	-8.53563473528e-07	2.25813440527e-06	2.29692049585e-06	4.12536962009e-06	4.40525709593e-06	6.36842401022e-06	4.3576357908e-06	8.04230186909e-06	5.98682329126e-06	91.4660473086	91.4821399231	91.4982325376	91.514325152	91.5304177665	91.546510381	91.5626029955	91.5786956099	91.5947882244	91.6108808389	-9.67725455998	-9.67771492846	-9.67817529693	-9.67863566541	-9.67909603389	-9.67955640236	-9.68001677084	-9.68047713932	-9.68093750779	-9.68139787627	1.59939596504	1.59939596504	1.59939596504	1.59939596504	1.59939596504	1.59939596504	1.59939596504	1.59939596504	1.59939596504	1.59939596504	
3.91666666667	87.3472000797	87.9814000837	88.6156000877	89.2498000916	89.8840000956	90.5182000996	91.1524001036	91.7866001076	92.4208001116	93.0550001156	0.0	0.0	-5.41329958325e-07	8.9077889053e-07	2.34748587818e-06	4.96379530773e-06	7.75760937558e-06	1.17964639083e-05	1.45600765442e-05	1.96605044217e-05	0.0	-8.53563473528e-07	2.25813440527e-06	2.29692049585e-06	4.12536962009e-06	4.40525709593e-06	6.36842401022e-06	4.3576357908e-06	8.04230186909e-06	5.98682329126e-06	91.4660473086	91.4821399231	91.4982325376	91.514325152	91.5304177665	91.546510381	91.5626029955	91.5786956099	91.5947882244	91.6108808389	-9.67725455998	-9.67771492846	-9.67817529693	-9.67863566541	-9.67909603389	-9.67955640236	-9.68001677084	-9.68047713932	-9.68093750779	-9.68139787627	1.59939596504	1.59939596504	1.59939596504	1.59939596504	1.59939596504	1.59939596504	1.59939596504	1.59939596504	1.59939596504	1.59939596504	
3.93333333333	87.3472000797	87.9814000837	88.6156000877	89.2498000916	89.8840000956	90.5182000996	91.1524001036	91.7866001076	92.4208001116	93.0550001156	0.0	0.0	-5.41329958325e-07	8.9077889053e-07	2.34748587818e-06	4.96379530773e-06	7.75760937558e-06	1.17964639083e-05	1.45600765442e-05	1.96605044217e-05	0.0	-8.53563473528e-07	2.25813440527e-06	2.29692049585e-06	4.12536962009e-06	4.40525709593e-06	6.36842401022e-06	4.3576357908e-06	8.04230186909e-06	5.98682329126e-06	91.4660473086	91.4821399231	91.4982325376	91.514325152	91.5304177665	91.546510381	91.5626029955	91.5786956099	91.5947882244	91.6108808389	-9.67725455998	-9.67771492846	-9.67817529693	-9.67863566541	-9.67909603389	-9.67955640236	-9.68001677084	-9.68047713932	-9.68093750779	-9.68139787627	1.59939596504	1.59939596504	1.59939596504	1.59939596504	1.59939596504	1.59939596504	1.59939596504	1.59939596504	1.59939596504	1.59939596504	
3.95	87.3472000797	87.9814000837	88.6156000877	89.2498000916	89.8840000956	90.5182000996	91.1524001036	91.7866001076	92.4208001116	93.0550001156	0.0	0.0	-5.41329958325e-07	8.9077889053e-07	2.34748587818e-06	4.96379530773e-06	7.75760937558e-06	1.17964639083e-05	1.45600765442e-05	1.96605044217e-05	0.0	-8.53563473528e-07	2.25813440527e-06	2.29692049585e-06	4.12536962009e-06	4.40525709593e-06	6.36842401022e-06	4.3576357908e-06	8.04230186909e-06	5.98682329126e-06	91.4660473086	91.4821399231	91.4982325376	91.514325152	91.5304177665	91.546510381	91.5626029955	91.5786956099	91.5947882244	91.6108808389	-9.67725455998	-9.67771492846	-9.67817529693	-9.67863566541	-9.67909603389	-9.67955640236	-9.68001677084	-9.68047713932	-9.68093750779	-9.68139787627	1.59939596504	1.59939596504	1.59939596504	1.59939596504	1.59939596504	1.59939596504	1.59939596504	1.59939596504	1.59939596504	1.59939596504	
3.96666666667	87.3472000797	87.9814000837	88.6156000877	89.2498000916	89.8840000956	90.5182000996	91.1524001036	91.7866001076	92.4208001116	93.0550001156	0.0	0.0	-5.41329958325e-07	8.9077889053e-07	2.34748587818e-06	4.96379530773e-06	7.75760937558e-06	1.17964639083e-05	1.45600765442e-05	1.96605044217e-05	0.0	-8.53563473528e-07	2.25813440527e-06	2.29692049585e-06	4.12536962009e-06	4.40525709593e-06	6.36842401022e-06	4.3576357908e-06	8.04230186909e-06	5.98682329126e-06	91.4660473086	91.4821399231	91.4982325376	91.514325152	91.5304177665	91.546510381	91.5626029955	91.5786956099	91.5947882244	91.6108808389	-9.67725455998	-9.67771492846	-9.67817529693	-9.67863566541	-9.67909603389	-9.67955640236	-9.68001677084	-9.68047713932	-9.68093750779	-9.68139787627	1.59939596504	1.59939596504	1.59939596504	1.59939596504	1.59939596504	1.59939596504	1.59939596504	1.59939596504	1.59939596504	1.59939596504	
3.98333333333	87.3472000797	87.9814000837	88.6156000877	89.2498000916	89.8840000956	90.5182000996	91.1524001036	91.7866001076	92.4208001116	93.0550001156	0.0	0.0	-5.41329958325e-07	8.9077889053e-07	2.34748587818e-06	4.96379530773e-06	7.75760937558e-06	1.17964639083e-05	1.45600765442e-05	1.96605044217e-05	0.0	-8.53563473528e-07	2.25813440527e-06	2.29692049585e-06	4.12536962009e-06	4.40525709593e-06	6.36842401022e-06	4.3576357908e-06	8.04230186909e-06	5.98682329126e-06	91.4660473086	91.4821399231	91.4982325376	91.514325152	91.5304177665	91.546510381	91.5626029955	91.5786956099	91.5947882244	91.6108808389	-9.67725455998	-9.67771492846	-9.67817529693	-9.67863566541	-9.67909603389	-9.67955640236	-9.68001677084	-9.68047713932	-9.68093750779	-9.68139787627	1.59939596504	1.59939596504	1.59939596504	1.59939596504	1.59939596504	1.59939596504	1.59939596504	1.59939596504	1.59939596504	1.59939596504	
4.0	87.8931100837	88.4684500877	89.0437900917	89.6191300957	90.1944700997	90.7698101037	91.3451501077	91.9204901117	92.4958301157	93.0711701197	0.0	0.0	-2.69130035052e-07	-8.40090225986e-08	6.17138331197e-07	1.05885413937e-06	1.3621699925e-06	-4.90514095139e-08	-9.36427744562e-07	-3.76177694339e-06	0.0	-4.67775633852e-07	3.21759326948e-07	1.21866609121e-06	7.67747427786e-07	5.2719409569e-07	-2.45284769388e-06	-1.5423511817e-06	-4.91074700035e-06	-2.78379165241e-06	91.471663279	91.4731659396	91.4746686002	91.4761712607	91.4776739213	91.4791765819	91.4806792424	91.482181903	91.4836845636	91.4851872241	-9.69674214871	-9.74157987248	-9.78641759624	-9.83125532001	-9.87609304377	-9.92093076754	-9.9657684913	-10.0106062151	-10.0554439388	-10.1002816626	3.10809188115	3.10809188115	3.10809188115	3.10809188115	3.10809188115	3.10809188115	3.10809188115	3.10809188115	3.10809188115	3.10809188115	
4.01666666667	87.8931100837	88.4684500877	89.0437900917	89.6191300957	90.1944700997	90.7698101037	91.3451501077	91.9204901117	92.4958301157	93.0711701197	0.0	0.0	-2.69130035052e-07	-8.40090225986e-08	6.17138331197e-07	1.05885413937e-06	1.3621699925e-06	-4.90514095139e-08	-9.36427744562e-07	-3.76177694339e-06	0.0	-4.67775633852e-07	3.21759326948e-07	1.21866609121e-06	7.67747427786e-07	5.2719409569e-07	-2.45284769388e-06	-1.5423511817e-06	-4.91074700035e-06	-2.78379165241e-06	91.471663279	91.4731659396	91.4746686002	91.4761712607	91.4776739213	91.4791765819	91.4806792424	91.482181903	91.4836845636	91.4851872241	-9.69674214871	-9.74157987248	-9.78641759624	-9.83125532001	-9.87609304377	-9.92093076754	-9.9657684913	-10.0106062151	-10.0554439388	-10.1002816626	3.10809188115	3.10809188115	3.10809188115	3.10809188115	3.10809188115	3.10809188115	3.10809188115	3.10809188115	3.10809188115	3.10809188115	
4.03333333333	87.8931100837	88.4684500877	89.0437900917	89.6191300957	90.1944700997	90.7698101037	91.3451501077	91.9204901117	92.4958301157	93.0711701197	0.0	0.0	-2.69130035052e-07	-8.40090225986e-08	6.17138331197e-07	1.05885413937e-06	1.3621699925e-06	-4.90514095139e-08	-9.36427744562e-07	-3.76177694339e-06	0.0	-4.67775633852e-07	3.21759326948e-07	1.21866609121e-06	7.67747427786e-07	5.2719409569e-07	-2.45284769388e-06	-1.5423511817e-06	-4.91074700035e-06	-2.78379165241e-06	91.471663279	91.4731659396	91.4746686002	91.4761712607	91.4776739213	91.4791765819	91.4806792424	91.482181903	91.4836845636	91.4851872241	-9.69674214871	-9.74157987248	-9.78641759624	-9.83125532001	-9.87609304377	-9.92093076754	-9.9657684913	-10.0106062151	-10.0554439388	-10.1002816626	3.10809188115	3.10809188115	3.10809188115	3.10809188115	3.10809188115	3.10809188115	3.10809188115	3.10809188115	3.10809188115	3.10809188115	
4.05	87.8931100837	88.4684500877	89.0437900917	89.6191300957	90.1944700997	90.7698101037	91.3451501077	91.9204901117	92.4958301157	93.0711701197	0.0	0.0	-2.69130035052e-07	-8.40090225986e-08	6.17138331197e-07	1.05885413937e-06	1.3621699925e-06	-4.90514095139e-08	-9.36427744562e-07	-3.76177694339e-06	0.0	-4.67775633852e-07	3.21759326948e-07	1.21866609121e-06	7.67747427786e-07	5.2719409569e-07	-2.45284769388e-06	-1.5423511817e-06	-4.91074700035e-06	-2.78379165241e-06	91.471663279	91.4731659396	91.4746686002	91.4761712607	91.4776739213	91.4791765819	91.4806792424	91.482181903	91.4836845636	91.4851872241	-9.69674214871	-9.74157987248	-9.78641759624	-9.83125532001	-9.87609304377	-9.92093076754	-9.9657684913	-10.0106062151	-10.0554439388	-10.1002816626	3.10809188115	3.10809188115	3.10809188115	3.10809188115	3.10809188115	3.10809188115	3.10809188115	3.10809188115	3.10809188115	3.10809188115	
4.06666666667	87.8931100837	88.4684500877	89.0437900917	89.6191300957	90.1944700997	90.7698101037	91.3451501077	91.9204901117	92.4958301157	93.0711701197	0.0	0.0	-2.69130035052e-07	-8.40090225986e-08	6.17138331197e-07	1.05885413937e-06	1.3621699925e-06	-4.90514095139e-08	-9.36427744562e-07	-3.76177694339e-06	0.0	-4.67775633852e-07	3.21759326948e-07	1.21866609121e-06	7.67747427786e-07	5.2719409569e-07	-2.45284769388e-06	-1.5423511817e-06	-4.91074700035e-06	-2.78379165241e-06	91.471663279	91.4731659396	91.4746686002	91.4761712607	91.4776739213	91.4791765819	91.4806792424	91.482181903	91.4836845636	91.4851872241	-9.69674214871	-9.74157987248	-9.78641759624	-9.83125532001	-9.87609304377	-9.92093076754	-9.9657684913	-10.0106062151	-10.0554439388	-10.1002816626	3.10809188115	3.10809188115	3.10809188115	3.10809188115	3.10809188115	3.10809188115	3.10809188115	3.10809188115	3.10809188115	3.10809188115	
4.08333333333	87.8931100837	88.4684500877	89.0437900917	89.6191300957	90.1944700997	90.7698101037	91.3451501077	91.9204901117	92.4958301157	93.0711701197	0.0	0.0	-2.69130035052e-07	-8.40090225986e-08	6.17138331197e-07	1.05885413937e-06	1.3621699925e-06	-4.90514095139e-08	-9.36427744562e-07	-3.76177694339e-06	0.0	-4.67775633852e-07	3.21759326948e-07	1.21866609121e-06	7.67747427786e-07	5.2719409569e-07	-2.45284769388e-06	-1.5423511817e-06	-4.91074700035e-06	-2.78379165241e-06	91.471663279	91.4731659396	91.4746686002	91.4761712607	91.4776739213	91.4791765819	91.4806792424	91.482181903	91.4836845636	91.4851872241	-9.69674214871	-9.74157987248	-9.78641759624	-9.83125532001	-9.87609304377	-9.92093076754	-9.9657684913	-10.0106062151	-10.0554439388	-10.1002816626	3.10809188115	3.10809188115	3.10809188115	3.10809188115	3.10809188115	3.10809188115	3.10809188115	3.10809188115	3.10809188115	3.10809188115	
4.1	87.8931100837	88.4684500877	89.0437900917	89.6191300957	90.1944700997	90.7698101037	91.3451501077	91.9204901117	92.4958301157	93.0711701197	0.0	0.0	-2.69130035052e-07	-8.40090225986e-08	6.17138331197e-07	1.05885413937e-06	1.3621699925e-06	-4.90514095139e-08	-9.36427744562e-07	-3.76177694339e-06	0.0	-4.67775633852e-07	3.21759326948e-07	1.21866609121e-06	7.67747427786e-07	5.2719409569e-07	-2.45284769388e-06	-1.5423511817e-06	-4.91074700035e-06	-2.78379165241e-06	91.471663279	91.4731659396	91.4746686002	91.4761712607	91.4776739213	91.4791765819	91.4806792424	91.482181903	91.4836845636	91.4851872241	-9.69674214871	-9.74157987248	-9.78641759624	-9.83125532001	-9.87609304377	-9.92093076754	-9.9657684913	-10.0106062151	-10.0554439388	-10.1002816626	3.10809188115	3.10809188115	3.10809188115	3.10809188115	3.10809188115	3.10809188115	3.10809188115	3.10809188115	3.10809188115	3.10809188115	
4.11666666667	88.4556125883	88.9622825923	89.4689525963	89.9756226003	90.4822926043	90.9889626083	91.4956326123	92.0023026163	92.5089726203	93.0156426243	0.0	0.0	-3.20590559253e-07	-8.07360543183e-07	-1.6856906334e-06	-2.82525207973e-06	-4.38129115514e-06	-6.06960822269e-06	-8.14810466589e-06	-1.03306624277e-05	0.0	-6.32740357077e-07	-9.60723903299e-07	-1.73353481216e-06	-2.24911961894e-06	-3.07110952517e-06	-3.33218279002e-06	-4.10226859057e-06	-4.30765141915e-06	-5.21757824629e-06	91.4369053414	91.3820658757	91.3272264101	91.2723869444	91.2175474787	91.162708013	91.1078685473	91.0530290816	90.9981896159	90.9433501502	-9.78691691425	-9.88355407437	-9.98019123449	-10.0768283946	-10.1734655547	-10.2701027149	-10.366739875	-10.4633770351	-10.5600141952	-10.6566513553	3.65775560299	3.65775560299	3.65775560299	3.65775560299	3.65775560299	3.65775560299	3.65775560299	3.65775560299	3.65775560299	3.65775560299	
4.13333333333	88.4556125883	88.9622825923	89.4689525963	89.9756226003	90.4822926043	90.9889626083	91.4956326123	92.0023026163	92.5089726203	93.0156426243	0.0	0.0	-3.20590559253e-07	-8.07360543183e-07	-1.6856906334e-06	-2.82525207973e-06	-4.38129115514e-06	-6.06960822269e-06	-8.14810466589e-06	-1.03306624277e-05	0.0	-6.32740357077e-07	-9.60723903299e-07	-1.73353481216e-06	-2.24911961894e-06	-3.07110952517e-06	-3.33218279002e-06	-4.10226859057e-06	-4.30765141915e-06	-5.21757824629e-06	91.4369053414	91.3820658757	91.3272264101	91.2723869444	91.2175474787	91.162708013	91.1078685473	91.0530290816	90.9981896159	90.9433501502	-9.78691691425	-9.88355407437	-9.98019123449	-10.0768283946	-10.1734655547	-10.2701027149	-10.366739875	-10.4633770351	-10.5600141952	-10.6566513553	3.65775560299	3.65775560299	3.65775560299	3.65775560299	3.65775560299	3.65775560299	3.65775560299	3.65775560299	3.65775560299	3.65775560299	
4.15	88.4556125883	88.9622825923	89.4689525963	89.9756226003	90.4822926043	90.9889626083	91.4956326123	92.0023026163	92.5089726203	93.0156426243	0.0	0.0	-3.20590559253e-07	-8.07360543183e-07	-1.6856906334e-06	-2.82525207973e-06	-4.38129115514e-06	-6.06960822269e-06	-8.14810466589e-06	-1.03306624277e-05	0.0	-6.32740357077e-07	-9.60723903299e-07	-1.73353481216e-06	-2.24911961894e-06	-3.07110952517e-06	-3.33218279002e-06	-4.10226859057e-06	-4.30765141915e-06	-5.21757824629e-06	91.4369053414	91.3820658757	91.3272264101	91.2723869444	91.2175474787	91.162708013	91.1078685473	91.0530290816	90.9981896159	90.9433501502	-9.78691691425	-9.88355407437	-9.98019123449	-10.0768283946	-10.1734655547	-10.2701027149	-10.366739875	-10.4633770351	-10.5600141952	-10.6566513553	3.65775560299	3.65775560299	3.65775560299	3.65775560299	3.65775560299	3.65775560299	3.65775560299	3.65775560299	3.65775560299	3.65775560299	
4.16666666667	88.4556125883	88.9622825923	89.4689525963	89.9756226003	90.4822926043	90.9889626083	91.4956326123	92.0023026163	92.5089726203	93.0156426243	0.0	0.0	-3.20590559253e-07	-8.07360543183e-07	-1.6856906334e-06	-2.82525207973e-06	-4.38129115514e-06	-6.06960822269e-06	-8.14810466589e-06	-1.03306624277e-05	0.0	-6.32740357077e-07	-9.60723903299e-07	-1.73353481216e-06	-2.24911961894e-06	-3.07110952517e-06	-3.33218279002e-06	-4.10226859057e-06	-4.30765141915e-06	-5.21757824629e-06	91.4369053414	91.3820658757	91.3272264101	91.2723869444	91.2175474787	91.162708013	91.1078685473	91.0530290816	90.9981896159	90.9433501502	-9.78691691425	-9.88355407437	-9.98019123449	-10.0768283946	-10.1734655547	-10.2701027149	-10.366739875	-10.4633770351	-10.5600141952	-10.6566513553	3.65775560299	3.65775560299	3.65775560299	3.65775560299	3.65775560299	3.65775560299	3.65775560299	3.65775560299	3.65775560299	3.65775560299	
4.18333333333	88.4556125883	88.9622825923	89.4689525963	89.9756226003	90.4822926043	90.9889626083	91.4956326123	92.0023026163	92.5089726203	93.0156426243	0.0	0.0	-3.20590559253e-07	-8.07360543183e-07	-1.6856906334e-06	-2.82525207973e-06	-4.38129115514e-06	-6.06960822269e-06	-8.14810466589e-06	-1.03306624277e-05	0.0	-6.32740357077e-07	-9.60723903299e-07	-1.73353481216e-06	-2.24911961894e-06	-3.07110952517e-06	-3.33218279002e-06	-4.10226859057e-06	-4.30765141915e-06	-5.21757824629e-06	91.4369053414	91.3820658757	91.3272264101	91.2723869444	91.2175474787	91.162708013	91.1078685473	91.0530290816	90.9981896159	90.9433501502	-9.78691691425	-9.88355407437	-9.98019123449	-10.0768283946	-10.1734655547	-10.2701027149	-10.366739875	-10.4633770351	-10.5600141952	-10.6566513553	3.65775560299	3.65775560299	3.65775560299	3.65775560299	3.65775560299	3.65775560299	3.65775560299	3.65775560299	3.65775560299	3.65775560299	
4.2	88.4556125883	88.9622825923	89.4689525963	89.9756226003	90.4822926043	90.9889626083	91.4956326123	92.0023026163	92.5089726203	93.0156426243	0.0	0.0	-3.20590559253e-07	-8.07360543183e-07	-1.6856906334e-06	-2.82525207973e-06	-4.38129115514e-06	-6.06960822269e-06	-8.14810466589e-06	-1.03306624277e-05	0.0	-6.32740357077e-07	-9.60723903299e-07	-1.73353481216e-06	-2.24911961894e-06	-3.07110952517e-06	-3.33218279002e-06	-4.10226859057e-06	-4.30765141915e-06	-5.21757824629e-06	91.4369053414	91.3820658757	91.3272264101	91.2723869444	91.2175474787	91.162708013	91.1078685473	91.0530290816	90.9981896159	90.9433501502	-9.78691691425	-9.88355407437	-9.98019123449	-10.0768283946	-10.1734655547	-10.2701027149	-10.366739875	-10.4633770351	-10.5600141952	-10.6566513553	3.65775560299	3.65775560299	3.65775560299	3.65775560299	3.65775560299	3.65775560299	3.65775560299	3.65775560299	3.65775560299	3.65775560299	
4.21666666667	88.8739925923	89.3218025963	89.7696126003	90.2174226043	90.6652326083	91.1130426123	91.5608526163	92.0086626203	92.4564726243	92.9042826283	0.0	0.0	1.08037371694e-06	1.35032630203e-06	2.48703972232e-06	2.96287815646e-06	4.64964993452e-06	6.30864264412e-06	9.00401860441e-06	1.18092009499e-05	0.0	2.41257164263e-06	6.02828392995e-07	2.53838326552e-06	1.06259000444e-06	3.76671303228e-06	3.70467987488e-06	6.01901685138e-06	6.26422438182e-06	9.34462920897e-06	91.3560801876	91.2581714463	91.160262705	91.0623539636	90.9644452223	90.866536481	90.7686277397	90.6707189983	90.572810257	90.4749015157	-9.90144313629	-10.0282013518	-10.1549595673	-10.2817177828	-10.4084759984	-10.5352342139	-10.6619924294	-10.7887506449	-10.9155088604	-11.0422670759	3.79927974777	3.79927974777	3.79927974777	3.79927974777	3.79927974777	3.79927974777	3.79927974777	3.79927974777	3.79927974777	3.79927974777	
4.23333333333	88.8739925923	89.3218025963	89.7696126003	90.2174226043	90.6652326083	91.1130426123	91.5608526163	92.0086626203	92.4564726243	92.9042826283	0.0	0.0	1.08037371694e-06	1.35032630203e-06	2.48703972232e-06	2.96287815646e-06	4.64964993452e-06	6.30864264412e-06	9.00401860441e-06	1.18092009499e-05	0.0	2.41257164263e-06	6.02828392995e-07	2.53838326552e-06	1.06259000444e-06	3.76671303228e-06	3.70467987488e-06	6.01901685138e-06	6.26422438182e-06	9.34462920897e-06	91.3560801876	91.2581714463	91.160262705	91.0623539636	90.9644452223	90.866536481	90.7686277397	90.6707189983	90.572810257	90.4749015157	-9.90144313629	-10.0282013518	-10.1549595673	-10.2817177828	-10.4084759984	-10.5352342139	-10.6619924294	-10.7887506449	-10.9155088604	-11.0422670759	3.79927974777	3.79927974777	3.79927974777	3.79927974777	3.79927974777	3.79927974777	3.79927974777	3.79927974777	3.79927974777	3.79927974777	
4.25	88.8739925923	89.3218025963	89.7696126003	90.2174226043	90.6652326083	91.1130426123	91.5608526163	92.0086626203	92.4564726243	92.9042826283	0.0	0.0	1.08037371694e-06	1.35032630203e-06	2.48703972232e-06	2.96287815646e-06	4.64964993452e-06	6.30864264412e-06	9.00401860441e-06	1.18092009499e-05	0.0	2.41257164263e-06	6.02828392995e-07	2.53838326552e-06	1.06259000444e-06	3.76671303228e-06	3.70467987488e-06	6.01901685138e-06	6.26422438182e-06	9.34462920897e-06	91.3560801876	91.2581714463	91.160262705	91.0623539636	90.9644452223	90.866536481	90.7686277397	90.6707189983	90.572810257	90.4749015157	-9.90144313629	-10.0282013518	-10.1549595673	-10.2817177828	-10.4084759984	-10.5352342139	-10.6619924294	-10.7887506449	-10.9155088604	-11.0422670759	3.79927974777	3.79927974777	3.79927974777	3.79927974777	3.79927974777	3.79927974777	3.79927974777	3.79927974777	3.79927974777	3.79927974777	
4.26666666667	88.8739925923	89.3218025963	89.7696126003	90.2174226043	90.6652326083	91.1130426123	91.5608526163	92.0086626203	92.4564726243	92.9042826283	0.0	0.0	1.08037371694e-06	1.35032630203e-06	2.48703972232e-06	2.96287815646e-06	4.64964993452e-06	6.30864264412e-06	9.00401860441e-06	1.18092009499e-05	0.0	2.41257164263e-06	6.02828392995e-07	2.53838326552e-06	1.06259000444e-06	3.76671303228e-06	3.70467987488e-06	6.01901685138e-06	6.26422438182e-06	9.34462920897e-06	91.3560801876	91.2581714463	91.160262705	91.0623539636	90.9644452223	90.866536481	90.7686277397	90.6707189983	90.572810257	90.4749015157	-9.90144313629	-10.0282013518	-10.1549595673	-10.2817177828	-10.4084759984	-10.5352342139	-10.6619924294	-10.7887506449	-10.9155088604	-11.0422670759	3.79927974777	3.79927974777	3.79927974777	3.79927974777	3.79927974777	3.79927974777	3.79927974777	3.79927974777	3.79927974777	3.79927974777	
4.28333333333	88.8739925923	89.3218025963	89.7696126003	90.2174226043	90.6652326083	91.1130426123	91.5608526163	92.0086626203	92.4564726243	92.9042826283	0.0	0.0	1.08037371694e-06	1.35032630203e-06	2.48703972232e-06	2.96287815646e-06	4.64964993452e-06	6.30864264412e-06	9.00401860441e-06	1.18092009499e-05	0.0	2.41257164263e-06	6.02828392995e-07	2.53838326552e-06	1.06259000444e-06	3.76671303228e-06	3.70467987488e-06	6.01901685138e-06	6.26422438182e-06	9.34462920897e-06	91.3560801876	91.2581714463	91.160262705	91.0623539636	90.9644452223	90.866536481	90.7686277397	90.6707189983	90.572810257	90.4749015157	-9.90144313629	-10.0282013518	-10.1549595673	-10.2817177828	-10.4084759984	-10.5352342139	-10.6619924294	-10.7887506449	-10.9155088604	-11.0422670759	3.79927974777	3.79927974777	3.79927974777	3.79927974777	3.79927974777	3.79927974777	3.79927974777	3.79927974777	3.79927974777	3.79927974777	
4.3	88.8739925923	89.3218025963	89.7696126003	90.2174226043	90.6652326083	91.1130426123	91.5608526163	92.0086626203	92.4564726243	92.9042826283	0.0	0.0	1.08037371694e-06	1.35032630203e-06	2.48703972232e-06	2.96287815646e-06	4.64964993452e-06	6.30864264412e-06	9.00401860441e-06	1.18092009499e-05	0.0	2.41257164263e-06	6.02828392995e-07	2.53838326552e-06	1.06259000444e-06	3.76671303228e-06	3.70467987488e-06	6.01901685138e-06	6.26422438182e-06	9.34462920897e-06	91.3560801876	91.2581714463	91.160262705	91.0623539636	90.9644452223	90.866536481	90.7686277397	90.6707189983	90.572810257	90.4749015157	-9.90144313629	-10.0282013518	-10.1549595673	-10.2817177828	-10.4084759984	-10.5352342139	-10.6619924294	-10.7887506449	-10.9155088604	-11.0422670759	3.79927974777	3.79927974777	3.79927974777	3.79927974777	3.79927974777	3.79927974777	3.79927974777	3.79927974777	3.79927974777	3.79927974777	
4.31666666667	88.8739925923	89.3218025963	89.7696126003	90.2174226043	90.6652326083	91.1130426123	91.5608526163	92.0086626203	92.4564726243	92.9042826283	0.0	0.0	1.08037371694e-06	1.35032630203e-06	2.48703972232e-06	2.96287815646e-06	4.64964993452e-06	6.30864264412e-06	9.00401860441e-06	1.18092009499e-05	0.0	2.41257164263e-06	6.02828392995e-07	2.53838326552e-06	1.06259000444e-06	3.76671303228e-06	3.70467987488e-06	6.01901685138e-06	6.26422438182e-06	9.34462920897e-06	91.3560801876	91.2581714463	91.160262705	91.0623539636	90.9644452223	90.866536481	90.7686277397	90.6707189983	90.572810257	90.4749015157	-9.90144313629	-10.0282013518	-10.1549595673	-10.2817177828	-10.4084759984	-10.5352342139	-10.6619924294	-10.7887506449	-10.9155088604	-11.0422670759	3.79927974777	3.79927974777	3.79927974777	3.79927974777	3.79927974777	3.79927974777	3.79927974777	3.79927974777	3.79927974777	3.79927974777	
4.33333333333	89.287710097	89.666850101	90.045990105	90.4251301091	90.8042701131	91.1834101171	91.5625501211	91.9416901251	92.3208301291	92.6999701331	0.0	0.0	3.64548042989e-07	1.43743187577e-06	2.84424674357e-06	4.76852059685e-06	6.97452983984e-06	9.52635060375e-06	1.21495356604e-05	1.53976422433e-05	0.0	9.61513000813e-07	2.82978272253e-06	3.71054189193e-06	5.07536485971e-06	5.81845550362e-06	6.73055002613e-06	6.91877678127e-06	8.56703737021e-06	7.59642323145e-06	91.215137388	91.0786401246	90.9421428611	90.8056455977	90.6691483342	90.5326510707	90.3961538073	90.2596565438	90.1231592803	89.9866620169	-10.071098128	-10.2302049651	-10.3893118023	-10.5484186394	-10.7075254766	-10.8666323137	-11.0257391508	-11.184845988	-11.3439528251	-11.5030596623	3.85065345136	3.85065345136	3.85065345136	3.85065345136	3.85065345136	3.85065345136	3.85065345136	3.85065345136	3.85065345136	3.85065345136	
4.35	89.287710097	89.666850101	90.045990105	90.4251301091	90.8042701131	91.1834101171	91.5625501211	91.9416901251	92.3208301291	92.6999701331	0.0	0.0	3.64548042989e-07	1.43743187577e-06	2.84424674357e-06	4.76852059685e-06	6.97452983984e-06	9.52635060375e-06	1.21495356604e-05	1.53976422433e-05	0.0	9.61513000813e-07	2.82978272253e-06	3.71054189193e-06	5.07536485971e-06	5.81845550362e-06	6.73055002613e-06	6.91877678127e-06	8.56703737021e-06	7.59642323145e-06	91.215137388	91.0786401246	90.9421428611	90.8056455977	90.6691483342	90.5326510707	90.3961538073	90.2596565438	90.1231592803	89.9866620169	-10.071098128	-10.2302049651	-10.3893118023	-10.5484186394	-10.7075254766	-10.8666323137	-11.0257391508	-11.184845988	-11.3439528251	-11.5030596623	3.85065345136	3.85065345136	3.85065345136	3.85065345136	3.85065345136	3.85065345136	3.85065345136	3.85065345136	3.85065345136	3.85065345136	
4.36666666667	89.287710097	89.666850101	90.045990105	90.4251301091	90.8042701131	91.1834101171	91.5625501211	91.9416901251	92.3208301291	92.6999701331	0.0	0.0	3.64548042989e-07	1.43743187577e-06	2.84424674357e-06	4.76852059685e-06	6.97452983984e-06	9.52635060375e-06	1.21495356604e-05	1.53976422433e-05	0.0	9.61513000813e-07	2.82978272253e-06	3.71054189193e-06	5.07536485971e-06	5.81845550362e-06	6.73055002613e-06	6.91877678127e-06	8.56703737021e-06	7.59642323145e-06	91.215137388	91.0786401246	90.9421428611	90.8056455977	90.6691483342	90.5326510707	90.3961538073	90.2596565438	90.1231592803	89.9866620169	-10.071098128	-10.2302049651	-10.3893118023	-10.5484186394	-10.7075254766	-10.8666323137	-11.0257391508	-11.184845988	-11.3439528251	-11.5030596623	3.85065345136	3.85065345136	3.85065345136	3.85065345136	3.85065345136	3.85065345136	3.85065345136	3.85065345136	3.85065345136	3.85065345136	
4.38333333333	89.287710097	89.666850101	90.045990105	90.4251301091	90.8042701131	91.1834101171	91.5625501211	91.9416901251	92.3208301291	92.6999701331	0.0	0.0	3.64548042989e-07	1.43743187577e-06	2.84424674357e-06	4.76852059685e-06	6.97452983984e-06	9.52635060375e-06	1.21495356604e-05	1.53976422433e-05	0.0	9.61513000813e-07	2.82978272253e-06	3.71054189193e-06	5.07536485971e-06	5.81845550362e-06	6.73055002613e-06	6.91877678127e-06	8.56703737021e-06	7.59642323145e-06	91.215137388	91.0786401246	90.9421428611	90.8056455977	90.6691483342	90.5326510707	90.3961538073	90.2596565438	90.1231592803	89.9866620169	-10.071098128	-10.2302049651	-10.3893118023	-10.5484186394	-10.7075254766	-10.8666323137	-11.0257391508	-11.184845988	-11.3439528251	-11.5030596623	3.85065345136	3.85065345136	3.85065345136	3.85065345136	3.85065345136	3.85065345136	3.85065345136	3.85065345136	3.85065345136	3.85065345136	
4.4	89.287710097	89.666850101	90.045990105	90.4251301091	90.8042701131	91.1834101171	91.5625501211	91.9416901251	92.3208301291	92.6999701331	0.0	0.0	3.64548042989e-07	1.43743187577e-06	2.84424674357e-06	4.76852059685e-06	6.97452983984e-06	9.52635060375e-06	1.21495356604e-05	1.53976422433e-05	0.0	9.61513000813e-07	2.82978272253e-06	3.71054189193e-06	5.07536485971e-06	5.81845550362e-06	6.73055002613e-06	6.91877678127e-06	8.56703737021e-06	7.59642323145e-06	91.215137388	91.0786401246	90.9421428611	90.8056455977	90.6691483342	90.5326510707	90.3961538073	90.2596565438	90.1231592803	89.9866620169	-10.071098128	-10.2302049651	-10.3893118023	-10.5484186394	-10.7075254766	-10.8666323137	-11.0257391508	-11.184845988	-11.3439528251	-11.5030596623	3.85065345136	3.85065345136	3.85065345136	3.85065345136	3.85065345136	3.85065345136	3.85065345136	3.85065345136	3.85065345136	3.85065345136	
4.41666666667	89.287710097	89.666850101	90.045990105	90.4251301091	90.8042701131	91.1834101171	91.5625501211	91.9416901251	92.3208301291	92.6999701331	0.0	0.0	3.64548042989e-07	1.43743187577e-06	2.84424674357e-06	4.76852059685e-06	6.97452983984e-06	9.52635060375e-06	1.21495356604e-05	1.53976422433e-05	0.0	9.61513000813e-07	2.82978272253e-06	3.71054189193e-06	5.07536485971e-06	5.81845550362e-06	6.73055002613e-06	6.91877678127e-06	8.56703737021e-06	7.59642323145e-06	91.215137388	91.0786401246	90.9421428611	90.8056455977	90.6691483342	90.5326510707	90.3961538073	90.2596565438	90.1231592803	89.9866620169	-10.071098128	-10.2302049651	-10.3893118023	-10.5484186394	-10.7075254766	-10.8666323137	-11.0257391508	-11.184845988	-11.3439528251	-11.5030596623	3.85065345136	3.85065345136	3.85065345136	3.85065345136	3.85065345136	3.85065345136	3.85065345136	3.85065345136	3.85065345136	3.85065345136	
4.43333333333	89.578560101	89.8988401051	90.2191201091	90.5394001131	90.8596801171	91.1799601211	91.5002401251	91.8205201291	92.1408001332	92.4610801372	0.0	0.0	9.1680247608e-08	4.31014997259e-07	6.82110890401e-07	1.1705937621e-06	1.44412279721e-06	2.14090873899e-06	2.55410915339e-06	3.3662834114e-06	0.0	2.86250301169e-07	1.05949402209e-06	7.83988666149e-07	1.52517442728e-06	8.54030946933e-07	2.17555243237e-06	1.29012242172e-06	2.53582567697e-06	1.59839188445e-06	91.0628916039	90.9000873731	90.7372831424	90.5744789116	90.4116746808	90.2488704501	90.0860662193	89.9232619886	89.7604577578	89.597653527	-10.2453583098	-10.4301270272	-10.6148957447	-10.7996644621	-10.9844331795	-11.1692018969	-11.3539706144	-11.5387393318	-11.7235080492	-11.9082767666	3.8638808469	3.8638808469	3.8638808469	3.8638808469	3.8638808469	3.8638808469	3.8638808469	3.8638808469	3.8638808469	3.8638808469	
4.45	89.578560101	89.8988401051	90.2191201091	90.5394001131	90.8596801171	91.1799601211	91.5002401251	91.8205201291	92.1408001332	92.4610801372	0.0	0.0	9.1680247608e-08	4.31014997259e-07	6.82110890401e-07	1.1705937621e-06	1.44412279721e-06	2.14090873899e-06	2.55410915339e-06	3.3662834114e-06	0.0	2.86250301169e-07	1.05949402209e-06	7.83988666149e-07	1.52517442728e-06	8.54030946933e-07	2.17555243237e-06	1.29012242172e-06	2.53582567697e-06	1.59839188445e-06	91.0628916039	90.9000873731	90.7372831424	90.5744789116	90.4116746808	90.2488704501	90.0860662193	89.9232619886	89.7604577578	89.597653527	-10.2453583098	-10.4301270272	-10.6148957447	-10.7996644621	-10.9844331795	-11.1692018969	-11.3539706144	-11.5387393318	-11.7235080492	-11.9082767666	3.8638808469	3.8638808469	3.8638808469	3.8638808469	3.8638808469	3.8638808469	3.8638808469	3.8638808469	3.8638808469	3.8638808469	
4.46666666667	89.578560101	89.8988401051	90.2191201091	90.5394001131	90.8596801171	91.1799601211	91.5002401251	91.8205201291	92.1408001332	92.4610801372	0.0	0.0	9.1680247608e-08	4.31014997259e-07	6.82110890401e-07	1.1705937621e-06	1.44412279721e-06	2.14090873899e-06	2.55410915339e-06	3.3662834114e-06	0.0	2.86250301169e-07	1.05949402209e-06	7.83988666149e-07	1.52517442728e-06	8.54030946933e-07	2.17555243237e-06	1.29012242172e-06	2.53582567697e-06	1.59839188445e-06	91.0628916039	90.9000873731	90.7372831424	90.5744789116	90.4116746808	90.2488704501	90.0860662193	89.9232619886	89.7604577578	89.597653527	-10.2453583098	-10.4301270272	-10.6148957447	-10.7996644621	-10.9844331795	-11.1692018969	-11.3539706144	-11.5387393318	-11.7235080492	-11.9082767666	3.8638808469	3.8638808469	3.8638808469	3.8638808469	3.8638808469	3.8638808469	3.8638808469	3.8638808469	3.8638808469	3.8638808469	
4.48333333333	89.578560101	89.8988401051	90.2191201091	90.5394001131	90.8596801171	91.1799601211	91.5002401251	91.8205201291	92.1408001332	92.4610801372	0.0	0.0	9.1680247608e-08	4.31014997259e-07	6.82110890401e-07	1.1705937621e-06	1.44412279721e-06	2.14090873899e-06	2.55410915339e-06	3.3662834114e-06	0.0	2.86250301169e-07	1.05949402209e-06	7.83988666149e-07	1.52517442728e-06	8.54030946933e-07	2.17555243237e-06	1.29012242172e-06	2.53582567697e-06	1.59839188445e-06	91.0628916039	90.9000873731	90.7372831424	90.5744789116	90.4116746808	90.2488704501	90.0860662193	89.9232619886	89.7604577578	89.597653527	-10.2453583098	-10.4301270272	-10.6148957447	-10.7996644621	-10.9844331795	-11.1692018969	-11.3539706144	-11.5387393318	-11.7235080492	-11.9082767666	3.8638808469	3.8638808469	3.8638808469	3.8638808469	3.8638808469	3.8638808469	3.8638808469	3.8638808469	3.8638808469	3.8638808469	
4.5	89.578560101	89.8988401051	90.2191201091	90.5394001131	90.8596801171	91.1799601211	91.5002401251	91.8205201291	92.1408001332	92.4610801372	0.0	0.0	9.1680247608e-08	4.31014997259e-07	6.82110890401e-07	1.1705937621e-06	1.44412279721e-06	2.14090873899e-06	2.55410915339e-06	3.3662834114e-06	0.0	2.86250301169e-07	1.05949402209e-06	7.83988666149e-07	1.52517442728e-06	8.54030946933e-07	2.17555243237e-06	1.29012242172e-06	2.53582567697e-06	1.59839188445e-06	91.0628916039	90.9000873731	90.7372831424	90.5744789116	90.4116746808	90.2488704501	90.0860662193	89.9232619886	89.7604577578	89.597653527	-10.2453583098	-10.4301270272	-10.6148957447	-10.7996644621	-10.9844331795	-11.1692018969	-11.3539706144	-11.5387393318	-11.7235080492	-11.9082767666	3.8638808469	3.8638808469	3.8638808469	3.8638808469	3.8638808469	3.8638808469	3.8638808469	3.8638808469	3.8638808469	3.8638808469	
4.51666666667	89.578560101	89.8988401051	90.2191201091	90.5394001131	90.8596801171	91.1799601211	91.5002401251	91.8205201291	92.1408001332	92.4610801372	0.0	0.0	9.1680247608e-08	4.31014997259e-07	6.82110890401e-07	1.1705937621e-06	1.44412279721e-06	2.14090873899e-06	2.55410915339e-06	3.3662834114e-06	0.0	2.86250301169e-07	1.05949402209e-06	7.83988666149e-07	1.52517442728e-06	8.54030946933e-07	2.17555243237e-06	1.29012242172e-06	2.53582567697e-06	1.59839188445e-06	91.0628916039	90.9000873731	90.7372831424	90.5744789116	90.4116746808	90.2488704501	90.0860662193	89.9232619886	89.7604577578	89.597653527	-10.2453583098	-10.4301270272	-10.6148957447	-10.7996644621	-10.9844331795	-11.1692018969	-11.3539706144	-11.5387393318	-11.7235080492	-11.9082767666	3.8638808469	3.8638808469	3.8638808469	3.8638808469	3.8638808469	3.8638808469	3.8638808469	3.8638808469	3.8638808469	3.8638808469	
4.53333333333	89.578560101	89.8988401051	90.2191201091	90.5394001131	90.8596801171	91.1799601211	91.5002401251	91.8205201291	92.1408001332	92.4610801372	0.0	0.0	9.1680247608e-08	4.31014997259e-07	6.82110890401e-07	1.1705937621e-06	1.44412279721e-06	2.14090873899e-06	2.55410915339e-06	3.3662834114e-06	0.0	2.86250301169e-07	1.05949402209e-06	7.83988666149e-07	1.52517442728e-06	8.54030946933e-07	2.17555243237e-06	1.29012242172e-06	2.53582567697e-06	1.59839188445e-06	91.0628916039	90.9000873731	90.7372831424	90.5744789116	90.4116746808	90.2488704501	90.0860662193	89.9232619886	89.7604577578	89.597653527	-10.2453583098	-10.4301270272	-10.6148957447	-10.7996644621	-10.9844331795	-11.1692018969	-11.3539706144	-11.5387393318	-11.7235080492	-11.9082767666	3.8638808469	3.8638808469	3.8638808469	3.8638808469	3.8638808469	3.8638808469	3.8638808469	3.8638808469	3.8638808469	3.8638808469	
4.55	89.8434926057	90.0951026097	90.3467126138	90.5983226178	90.8499326218	91.1015426258	91.3531526298	91.6047626338	91.8563726378	92.1079826419	0.0	0.0	-2.47886618417e-07	-1.91694434464e-07	-4.2863030102e-07	-3.46630168842e-07	-5.72590382422e-07	-4.78813872354e-07	-7.99330218541e-07	-8.36943419604e-07	0.0	-9.85201758517e-07	2.23330483909e-07	-9.41679038094e-07	3.25901716424e-07	-8.98057350554e-07	3.72705808874e-07	-1.27386169497e-06	-1.49490085698e-07	-1.9932479812e-06	90.8555420471	90.6673022843	90.4790625215	90.2908227586	90.1025829958	89.914343233	89.7261034702	89.5378637074	89.3496239446	89.1613841817	-10.479132621	-10.6907116264	-10.9022906317	-11.1138696371	-11.3254486425	-11.5370276479	-11.7486066533	-11.9601856586	-12.171764664	-12.3833436694	3.86868243251	3.86868243251	3.86868243251	3.86868243251	3.86868243251	3.86868243251	3.86868243251	3.86868243251	3.86868243251	3.86868243251	
4.56666666667	89.8434926057	90.0951026097	90.3467126138	90.5983226178	90.8499326218	91.1015426258	91.3531526298	91.6047626338	91.8563726378	92.1079826419	0.0	0.0	-2.47886618417e-07	-1.91694434464e-07	-4.2863030102e-07	-3.46630168842e-07	-5.72590382422e-07	-4.78813872354e-07	-7.99330218541e-07	-8.36943419604e-07	0.0	-9.85201758517e-07	2.23330483909e-07	-9.41679038094e-07	3.25901716424e-07	-8.98057350554e-07	3.72705808874e-07	-1.27386169497e-06	-1.49490085698e-07	-1.9932479812e-06	90.8555420471	90.6673022843	90.4790625215	90.2908227586	90.1025829958	89.914343233	89.7261034702	89.5378637074	89.3496239446	89.1613841817	-10.479132621	-10.6907116264	-10.9022906317	-11.1138696371	-11.3254486425	-11.5370276479	-11.7486066533	-11.9601856586	-12.171764664	-12.3833436694	3.86868243251	3.86868243251	3.86868243251	3.86868243251	3.86868243251	3.86868243251	3.86868243251	3.86868243251	3.86868243251	3.86868243251	
4.58333333333	89.8434926057	90.0951026097	90.3467126138	90.5983226178	90.8499326218	91.1015426258	91.3531526298	91.6047626338	91.8563726378	92.1079826419	0.0	0.0	-2.47886618417e-07	-1.91694434464e-07	-4.2863030102e-07	-3.46630168842e-07	-5.72590382422e-07	-4.78813872354e-07	-7.99330218541e-07	-8.36943419604e-07	0.0	-9.85201758517e-07	2.23330483909e-07	-9.41679038094e-07	3.25901716424e-07	-8.98057350554e-07	3.72705808874e-07	-1.27386169497e-06	-1.49490085698e-07	-1.9932479812e-06	90.8555420471	90.6673022843	90.4790625215	90.2908227586	90.1025829958	89.914343233	89.7261034702	89.5378637074	89.3496239446	89.1613841817	-10.479132621	-10.6907116264	-10.9022906317	-11.1138696371	-11.3254486425	-11.5370276479	-11.7486066533	-11.9601856586	-12.171764664	-12.3833436694	3.86868243251	3.86868243251	3.86868243251	3.86868243251	3.86868243251	3.86868243251	3.86868243251	3.86868243251	3.86868243251	3.86868243251	
4.6	89.8434926057	90.0951026097	90.3467126138	90.5983226178	90.8499326218	91.1015426258	91.3531526298	91.6047626338	91.8563726378	92.1079826419	0.0	0.0	-2.47886618417e-07	-1.91694434464e-07	-4.2863030102e-07	-3.46630168842e-07	-5.72590382422e-07	-4.78813872354e-07	-7.99330218541e-07	-8.36943419604e-07	0.0	-9.85201758517e-07	2.23330483909e-07	-9.41679038094e-07	3.25901716424e-07	-8.98057350554e-07	3.72705808874e-07	-1.27386169497e-06	-1.49490085698e-07	-1.9932479812e-06	90.8555420471	90.6673022843	90.4790625215	90.2908227586	90.1025829958	89.914343233	89.7261034702	89.5378637074	89.3496239446	89.1613841817	-10.479132621	-10.6907116264	-10.9022906317	-11.1138696371	-11.3254486425	-11.5370276479	-11.7486066533	-11.9601856586	-12.171764664	-12.3833436694	3.86868243251	3.86868243251	3.86868243251	3.86868243251	3.86868243251	3.86868243251	3.86868243251	3.86868243251	3.86868243251	3.86868243251	
4.61666666667	89.8434926057	90.0951026097	90.3467126138	90.5983226178	90.8499326218	91.1015426258	91.3531526298	91.6047626338	91.8563726378	92.1079826419	0.0	0.0	-2.47886618417e-07	-1.91694434464e-07	-4.2863030102e-07	-3.46630168842e-07	-5.72590382422e-07	-4.78813872354e-07	-7.99330218541e-07	-8.36943419604e-07	0.0	-9.85201758517e-07	2.23330483909e-07	-9.41679038094e-07	3.25901716424e-07	-8.98057350554e-07	3.72705808874e-07	-1.27386169497e-06	-1.49490085698e-07	-1.9932479812e-06	90.8555420471	90.6673022843	90.4790625215	90.2908227586	90.1025829958	89.914343233	89.7261034702	89.5378637074	89.3496239446	89.1613841817	-10.479132621	-10.6907116264	-10.9022906317	-11.1138696371	-11.3254486425	-11.5370276479	-11.7486066533	-11.9601856586	-12.171764664	-12.3833436694	3.86868243251	3.86868243251	3.86868243251	3.86868243251	3.86868243251	3.86868243251	3.86868243251	3.86868243251	3.86868243251	3.86868243251	
4.63333333333	89.8434926057	90.0951026097	90.3467126138	90.5983226178	90.8499326218	91.1015426258	91.3531526298	91.6047626338	91.8563726378	92.1079826419	0.0	0.0	-2.47886618417e-07	-1.91694434464e-07	-4.2863030102e-07	-3.46630168842e-07	-5.72590382422e-07	-4.78813872354e-07	-7.99330218541e-07	-8.36943419604e-07	0.0	-9.85201758517e-07	2.23330483909e-07	-9.41679038094e-07	3.25901716424e-07	-8.98057350554e-07	3.72705808874e-07	-1.27386169497e-06	-1.49490085698e-07	-1.9932479812e-06	90.8555420471	90.6673022843	90.4790625215	90.2908227586	90.1025829958	89.914343233	89.7261034702	89.5378637074	89.3496239446	89.1613841817	-10.479132621	-10.6907116264	-10.9022906317	-11.1138696371	-11.3254486425	-11.5370276479	-11.7486066533	-11.9601856586	-12.171764664	-12.3833436694	3.86868243251	3.86868243251	3.86868243251	3.86868243251	3.86868243251	3.86868243251	3.86868243251	3.86868243251	3.86868243251	3.86868243251	
4.65	90.0068126097	90.1995626138	90.3923126178	90.5850626218	90.7778126258	90.9705626298	91.1633126338	91.3560626379	91.5488126419	91.7415626459	0.0	0.0	1.39160027617e-08	-1.63248281214e-07	-2.61990171742e-07	-5.52203258148e-07	-7.24170712473e-07	-1.0524013678e-06	-1.22860072571e-06	-1.56964877757e-06	0.0	7.21971593865e-08	-9.19140234939e-07	-5.12279577015e-07	-1.50564503429e-06	-8.9217873277e-07	-1.70288274185e-06	-9.14134133485e-07	-1.76938025815e-06	-8.68645130935e-07	90.6563127114	90.4496080672	90.2429034231	90.0361987789	89.8294941347	89.6227894906	89.4160848464	89.2093802023	89.0026755581	88.7959709139	-10.7026868499	-10.934442552	-11.1661982541	-11.3979539563	-11.6297096584	-11.8614653605	-12.0932210626	-12.3249767647	-12.5567324668	-12.7884881689	3.86991871621	3.86991871621	3.86991871621	3.86991871621	3.86991871621	3.86991871621	3.86991871621	3.86991871621	3.86991871621	3.86991871621	
4.66666666667	90.0068126097	90.1995626138	90.3923126178	90.5850626218	90.7778126258	90.9705626298	91.1633126338	91.3560626379	91.5488126419	91.7415626459	0.0	0.0	1.39160027617e-08	-1.63248281214e-07	-2.61990171742e-07	-5.52203258148e-07	-7.24170712473e-07	-1.0524013678e-06	-1.22860072571e-06	-1.56964877757e-06	0.0	7.21971593865e-08	-9.19140234939e-07	-5.12279577015e-07	-1.50564503429e-06	-8.9217873277e-07	-1.70288274185e-06	-9.14134133485e-07	-1.76938025815e-06	-8.68645130935e-07	90.6563127114	90.4496080672	90.2429034231	90.0361987789	89.8294941347	89.6227894906	89.4160848464	89.2093802023	89.0026755581	88.7959709139	-10.7026868499	-10.934442552	-11.1661982541	-11.3979539563	-11.6297096584	-11.8614653605	-12.0932210626	-12.3249767647	-12.5567324668	-12.7884881689	3.86991871621	3.86991871621	3.86991871621	3.86991871621	3.86991871621	3.86991871621	3.86991871621	3.86991871621	3.86991871621	3.86991871621	
4.68333333333	90.0068126097	90.1995626138	90.3923126178	90.5850626218	90.7778126258	90.9705626298	91.1633126338	91.3560626379	91.5488126419	91.7415626459	0.0	0.0	1.39160027617e-08	-1.63248281214e-07	-2.61990171742e-07	-5.52203258148e-07	-7.24170712473e-07	-1.0524013678e-06	-1.22860072571e-06	-1.56964877757e-06	0.0	7.21971593865e-08	-9.19140234939e-07	-5.12279577015e-07	-1.50564503429e-06	-8.9217873277e-07	-1.70288274185e-06	-9.14134133485e-07	-1.76938025815e-06	-8.68645130935e-07	90.6563127114	90.4496080672	90.2429034231	90.0361987789	89.8294941347	89.6227894906	89.4160848464	89.2093802023	89.0026755581	88.7959709139	-10.7026868499	-10.934442552	-11.1661982541	-11.3979539563	-11.6297096584	-11.8614653605	-12.0932210626	-12.3249767647	-12.5567324668	-12.7884881689	3.86991871621	3.86991871621	3.86991871621	3.86991871621	3.86991871621	3.86991871621	3.86991871621	3.86991871621	3.86991871621	3.86991871621	
4.7	90.0068126097	90.1995626138	90.3923126178	90.5850626218	90.7778126258	90.9705626298	91.1633126338	91.3560626379	91.5488126419	91.7415626459	0.0	0.0	1.39160027617e-08	-1.63248281214e-07	-2.61990171742e-07	-5.52203258148e-07	-7.24170712473e-07	-1.0524013678e-06	-1.22860072571e-06	-1.56964877757e-06	0.0	7.21971593865e-08	-9.19140234939e-07	-5.12279577015e-07	-1.50564503429e-06	-8.9217873277e-07	-1.70288274185e-06	-9.14134133485e-07	-1.76938025815e-06	-8.68645130935e-07	90.6563127114	90.4496080672	90.2429034231	90.0361987789	89.8294941347	89.6227894906	89.4160848464	89.2093802023	89.0026755581	88.7959709139	-10.7026868499	-10.934442552	-11.1661982541	-11.3979539563	-11.6297096584	-11.8614653605	-12.0932210626	-12.3249767647	-12.5567324668	-12.7884881689	3.86991871621	3.86991871621	3.86991871621	3.86991871621	3.86991871621	3.86991871621	3.86991871621	3.86991871621	3.86991871621	3.86991871621	
4.71666666667	90.0068126097	90.1995626138	90.3923126178	90.5850626218	90.7778126258	90.9705626298	91.1633126338	91.3560626379	91.5488126419	91.7415626459	0.0	0.0	1.39160027617e-08	-1.63248281214e-07	-2.61990171742e-07	-5.52203258148e-07	-7.24170712473e-07	-1.0524013678e-06	-1.22860072571e-06	-1.56964877757e-06	0.0	7.21971593865e-08	-9.19140234939e-07	-5.12279577015e-07	-1.50564503429e-06	-8.9217873277e-07	-1.70288274185e-06	-9.14134133485e-07	-1.76938025815e-06	-8.68645130935e-07	90.6563127114	90.4496080672	90.2429034231	90.0361987789	89.8294941347	89.6227894906	89.4160848464	89.2093802023	89.0026755581	88.7959709139	-10.7026868499	-10.934442552	-11.1661982541	-11.3979539563	-11.6297096584	-11.8614653605	-12.0932210626	-12.3249767647	-12.5567324668	-12.7884881689	3.86991871621	3.86991871621	3.86991871621	3.86991871621	3.86991871621	3.86991871621	3.86991871621	3.86991871621	3.86991871621	3.86991871621	
4.73333333333	90.0068126097	90.1995626138	90.3923126178	90.5850626218	90.7778126258	90.9705626298	91.1633126338	91.3560626379	91.5488126419	91.7415626459	0.0	0.0	1.39160027617e-08	-1.63248281214e-07	-2.61990171742e-07	-5.52203258148e-07	-7.24170712473e-07	-1.0524013678e-06	-1.22860072571e-06	-1.56964877757e-06	0.0	7.21971593865e-08	-9.19140234939e-07	-5.12279577015e-07	-1.50564503429e-06	-8.9217873277e-07	-1.70288274185e-06	-9.14134133485e-07	-1.76938025815e-06	-8.68645130935e-07	90.6563127114	90.4496080672	90.2429034231	90.0361987789	89.8294941347	89.6227894906	89.4160848464	89.2093802023	89.0026755581	88.7959709139	-10.7026868499	-10.934442552	-11.1661982541	-11.3979539563	-11.6297096584	-11.8614653605	-12.0932210626	-12.3249767647	-12.5567324668	-12.7884881689	3.86991871621	3.86991871621	3.86991871621	3.86991871621	3.86991871621	3.86991871621	3.86991871621	3.86991871621	3.86991871621	3.86991871621	
4.75	90.0068126097	90.1995626138	90.3923126178	90.5850626218	90.7778126258	90.9705626298	91.1633126338	91.3560626379	91.5488126419	91.7415626459	0.0	0.0	1.39160027617e-08	-1.63248281214e-07	-2.61990171742e-07	-5.52203258148e-07	-7.24170712473e-07	-1.0524013678e-06	-1.22860072571e-06	-1.56964877757e-06	0.0	7.21971593865e-08	-9.19140234939e-07	-5.12279577015e-07	-1.50564503429e-06	-8.9217873277e-07	-1.70288274185e-06	-9.14134133485e-07	-1.76938025815e-06	-8.68645130935e-07	90.6563127114	90.4496080672	90.2429034231	90.0361987789	89.8294941347	89.6227894906	89.4160848464	89.2093802023	89.0026755581	88.7959709139	-10.7026868499	-10.934442552	-11.1661982541	-11.3979539563	-11.6297096584	-11.8614653605	-12.0932210626	-12.3249767647	-12.5567324668	-12.7884881689	3.86991871621	3.86991871621	3.86991871621	3.86991871621	3.86991871621	3.86991871621	3.86991871621	3.86991871621	3.86991871621	3.86991871621	
4.76666666667	90.1229601144	90.2470401184	90.3711201225	90.4952001265	90.6192801305	90.7433601345	90.8674401385	90.9915201425	91.1156001466	91.2396801506	0.0	0.0	-4.17993604363e-08	-5.20338192298e-08	-1.3290043649e-07	-1.77284114977e-07	-2.69730020079e-07	-3.33479727403e-07	-4.2628756618e-07	-5.00690455068e-07	0.0	-3.36874267273e-07	-8.24827406686e-08	-6.51729647345e-07	-3.57702103888e-07	-7.45050790692e-07	-5.13779055931e-07	-7.47967728666e-07	-5.99636415861e-07	-8.82770844219e-07	90.4025583617	90.1773843986	89.9522104355	89.7270364724	89.5018625093	89.2766885462	89.0515145831	88.82634062	88.6011666569	88.3759926938	-10.9870198916	-11.2392552882	-11.4914906847	-11.7437260812	-11.9959614778	-12.2481968743	-12.5004322709	-12.7526676674	-13.0049030639	-13.2571384605	3.87036749103	3.87036749103	3.87036749103	3.87036749103	3.87036749103	3.87036749103	3.87036749103	3.87036749103	3.87036749103	3.87036749103	
4.78333333333	90.1229601144	90.2470401184	90.3711201225	90.4952001265	90.6192801305	90.7433601345	90.8674401385	90.9915201425	91.1156001466	91.2396801506	0.0	0.0	-4.17993604363e-08	-5.20338192298e-08	-1.3290043649e-07	-1.77284114977e-07	-2.69730020079e-07	-3.33479727403e-07	-4.2628756618e-07	-5.00690455068e-07	0.0	-3.36874267273e-07	-8.24827406686e-08	-6.51729647345e-07	-3.57702103888e-07	-7.45050790692e-07	-5.13779055931e-07	-7.47967728666e-07	-5.99636415861e-07	-8.82770844219e-07	90.4025583617	90.1773843986	89.9522104355	89.7270364724	89.5018625093	89.2766885462	89.0515145831	88.82634062	88.6011666569	88.3759926938	-10.9870198916	-11.2392552882	-11.4914906847	-11.7437260812	-11.9959614778	-12.2481968743	-12.5004322709	-12.7526676674	-13.0049030639	-13.2571384605	3.87036749103	3.87036749103	3.87036749103	3.87036749103	3.87036749103	3.87036749103	3.87036749103	3.87036749103	3.87036749103	3.87036749103	
4.8	90.1229601144	90.2470401184	90.3711201225	90.4952001265	90.6192801305	90.7433601345	90.8674401385	90.9915201425	91.1156001466	91.2396801506	0.0	0.0	-4.17993604363e-08	-5.20338192298e-08	-1.3290043649e-07	-1.77284114977e-07	-2.69730020079e-07	-3.33479727403e-07	-4.2628756618e-07	-5.00690455068e-07	0.0	-3.36874267273e-07	-8.24827406686e-08	-6.51729647345e-07	-3.57702103888e-07	-7.45050790692e-07	-5.13779055931e-07	-7.47967728666e-07	-5.99636415861e-07	-8.82770844219e-07	90.4025583617	90.1773843986	89.9522104355	89.7270364724	89.5018625093	89.2766885462	89.0515145831	88.82634062	88.6011666569	88.3759926938	-10.9870198916	-11.2392552882	-11.4914906847	-11.7437260812	-11.9959614778	-12.2481968743	-12.5004322709	-12.7526676674	-13.0049030639	-13.2571384605	3.87036749103	3.87036749103	3.87036749103	3.87036749103	3.87036749103	3.87036749103	3.87036749103	3.87036749103	3.87036749103	3.87036749103	
4.81666666667	90.1229601144	90.2470401184	90.3711201225	90.4952001265	90.6192801305	90.7433601345	90.8674401385	90.9915201425	91.1156001466	91.2396801506	0.0	0.0	-4.17993604363e-08	-5.20338192298e-08	-1.3290043649e-07	-1.77284114977e-07	-2.69730020079e-07	-3.33479727403e-07	-4.2628756618e-07	-5.00690455068e-07	0.0	-3.36874267273e-07	-8.24827406686e-08	-6.51729647345e-07	-3.57702103888e-07	-7.45050790692e-07	-5.13779055931e-07	-7.47967728666e-07	-5.99636415861e-07	-8.82770844219e-07	90.4025583617	90.1773843986	89.9522104355	89.7270364724	89.5018625093	89.2766885462	89.0515145831	88.82634062	88.6011666569	88.3759926938	-10.9870198916	-11.2392552882	-11.4914906847	-11.7437260812	-11.9959614778	-12.2481968743	-12.5004322709	-12.7526676674	-13.0049030639	-13.2571384605	3.87036749103	3.87036749103	3.87036749103	3.87036749103	3.87036749103	3.87036749103	3.87036749103	3.87036749103	3.87036749103	3.87036749103	
4.83333333333	90.1229601144	90.2470401184	90.3711201225	90.4952001265	90.6192801305	90.7433601345	90.8674401385	90.9915201425	91.1156001466	91.2396801506	0.0	0.0	-4.17993604363e-08	-5.20338192298e-08	-1.3290043649e-07	-1.77284114977e-07	-2.69730020079e-07	-3.33479727403e-07	-4.2628756618e-07	-5.00690455068e-07	0.0	-3.36874267273e-07	-8.24827406686e-08	-6.51729647345e-07	-3.57702103888e-07	-7.45050790692e-07	-5.13779055931e-07	-7.47967728666e-07	-5.99636415861e-07	-8.82770844219e-07	90.4025583617	90.1773843986	89.9522104355	89.7270364724	89.5018625093	89.2766885462	89.0515145831	88.82634062	88.6011666569	88.3759926938	-10.9870198916	-11.2392552882	-11.4914906847	-11.7437260812	-11.9959614778	-12.2481968743	-12.5004322709	-12.7526676674	-13.0049030639	-13.2571384605	3.87036749103	3.87036749103	3.87036749103	3.87036749103	3.87036749103	3.87036749103	3.87036749103	3.87036749103	3.87036749103	3.87036749103	
4.85	90.1229601144	90.2470401184	90.3711201225	90.4952001265	90.6192801305	90.7433601345	90.8674401385	90.9915201425	91.1156001466	91.2396801506	0.0	0.0	-4.17993604363e-08	-5.20338192298e-08	-1.3290043649e-07	-1.77284114977e-07	-2.69730020079e-07	-3.33479727403e-07	-4.2628756618e-07	-5.00690455068e-07	0.0	-3.36874267273e-07	-8.24827406686e-08	-6.51729647345e-07	-3.57702103888e-07	-7.45050790692e-07	-5.13779055931e-07	-7.47967728666e-07	-5.99636415861e-07	-8.82770844219e-07	90.4025583617	90.1773843986	89.9522104355	89.7270364724	89.5018625093	89.2766885462	89.0515145831	88.82634062	88.6011666569	88.3759926938	-10.9870198916	-11.2392552882	-11.4914906847	-11.7437260812	-11.9959614778	-12.2481968743	-12.5004322709	-12.7526676674	-13.0049030639	-13.2571384605	3.87036749103	3.87036749103	3.87036749103	3.87036749103	3.87036749103	3.87036749103	3.87036749103	3.87036749103	3.87036749103	3.87036749103	
4.86666666667	90.1229601144	90.2470401184	90.3711201225	90.4952001265	90.6192801305	90.7433601345	90.8674401385	90.9915201425	91.1156001466	91.2396801506	0.0	0.0	-4.17993604363e-08	-5.20338192298e-08	-1.3290043649e-07	-1.77284114977e-07	-2.69730020079e-07	-3.33479727403e-07	-4.2628756618e-07	-5.00690455068e-07	0.0	-3.36874267273e-07	-8.24827406686e-08	-6.51729647345e-07	-3.57702103888e-07	-7.45050790692e-07	-5.13779055931e-07	-7.47967728666e-07	-5.99636415861e-07	-8.82770844219e-07	90.4025583617	90.1773843986	89.9522104355	89.7270364724	89.5018625093	89.2766885462	89.0515145831	88.82634062	88.6011666569	88.3759926938	-10.9870198916	-11.2392552882	-11.4914906847	-11.7437260812	-11.9959614778	-12.2481968743	-12.5004322709	-12.7526676674	-13.0049030639	-13.2571384605	3.87036749103	3.87036749103	3.87036749103	3.87036749103	3.87036749103	3.87036749103	3.87036749103	3.87036749103	3.87036749103	3.87036749103	
4.88333333333	90.1229601144	90.2470401184	90.3711201225	90.4952001265	90.6192801305	90.7433601345	90.8674401385	90.9915201425	91.1156001466	91.2396801506	0.0	0.0	-4.17993604363e-08	-5.20338192298e-08	-1.3290043649e-07	-1.77284114977e-07	-2.69730020079e-07	-3.33479727403e-07	-4.2628756618e-07	-5.00690455068e-07	0.0	-3.36874267273e-07	-8.24827406686e-08	-6.51729647345e-07	-3.57702103888e-07	-7.45050790692e-07	-5.13779055931e-07	-7.47967728666e-07	-5.99636415861e-07	-8.82770844219e-07	90.4025583617	90.1773843986	89.9522104355	89.7270364724	89.5018625093	89.2766885462	89.0515145831	88.82634062	88.6011666569	88.3759926938	-10.9870198916	-11.2392552882	-11.4914906847	-11.7437260812	-11.9959614778	-12.2481968743	-12.5004322709	-12.7526676674	-13.0049030639	-13.2571384605	3.87036749103	3.87036749103	3.87036749103	3.87036749103	3.87036749103	3.87036749103	3.87036749103	3.87036749103	3.87036749103	3.87036749103	
4.9	90.1229601144	90.2470401184	90.3711201225	90.4952001265	90.6192801305	90.7433601345	90.8674401385	90.9915201425	91.1156001466	91.2396801506	0.0	0.0	-4.17993604363e-08	-5.20338192298e-08	-1.3290043649e-07	-1.77284114977e-07	-2.69730020079e-07	-3.33479727403e-07	-4.2628756618e-07	-5.00690455068e-07	0.0	-3.36874267273e-07	-8.24827406686e-08	-6.51729647345e-07	-3.57702103888e-07	-7.45050790692e-07	-5.13779055931e-07	-7.47967728666e-07	-5.99636415861e-07	-8.82770844219e-07	90.4025583617	90.1773843986	89.9522104355	89.7270364724	89.5018625093	89.2766885462	89.0515145831	88.82634062	88.6011666569	88.3759926938	-10.9870198916	-11.2392552882	-11.4914906847	-11.7437260812	-11.9959614778	-12.2481968743	-12.5004322709	-12.7526676674	-13.0049030639	-13.2571384605	3.87036749103	3.87036749103	3.87036749103	3.87036749103	3.87036749103	3.87036749103	3.87036749103	3.87036749103	3.87036749103	3.87036749103	
4.91666666667	90.1229601144	90.2470401184	90.3711201225	90.4952001265	90.6192801305	90.7433601345	90.8674401385	90.9915201425	91.1156001466	91.2396801506	0.0	0.0	-4.17993604363e-08	-5.20338192298e-08	-1.3290043649e-07	-1.77284114977e-07	-2.69730020079e-07	-3.33479727403e-07	-4.2628756618e-07	-5.00690455068e-07	0.0	-3.36874267273e-07	-8.24827406686e-08	-6.51729647345e-07	-3.57702103888e-07	-7.45050790692e-07	-5.13779055931e-07	-7.47967728666e-07	-5.99636415861e-07	-8.82770844219e-07	90.4025583617	90.1773843986	89.9522104355	89.7270364724	89.5018625093	89.2766885462	89.0515145831	88.82634062	88.6011666569	88.3759926938	-10.9870198916	-11.2392552882	-11.4914906847	-11.7437260812	-11.9959614778	-12.2481968743	-12.5004322709	-12.7526676674	-13.0049030639	-13.2571384605	3.87036749103	3.87036749103	3.87036749103	3.87036749103	3.87036749103	3.87036749103	3.87036749103	3.87036749103	3.87036749103	3.87036749103	
4.93333333333	90.1229601144	90.2470401184	90.3711201225	90.4952001265	90.6192801305	90.7433601345	90.8674401385	90.9915201425	91.1156001466	91.2396801506	0.0	0.0	-4.17993604363e-08	-5.20338192298e-08	-1.3290043649e-07	-1.77284114977e-07	-2.69730020079e-07	-3.33479727403e-07	-4.2628756618e-07	-5.00690455068e-07	0.0	-3.36874267273e-07	-8.24827406686e-08	-6.51729647345e-07	-3.57702103888e-07	-7.45050790692e-07	-5.13779055931e-07	-7.47967728666e-07	-5.99636415861e-07	-8.82770844219e-07	90.4025583617	90.1773843986	89.9522104355	89.7270364724	89.5018625093	89.2766885462	89.0515145831	88.82634062	88.6011666569	88.3759926938	-10.9870198916	-11.2392552882	-11.4914906847	-11.7437260812	-11.9959614778	-12.2481968743	-12.5004322709	-12.7526676674	-13.0049030639	-13.2571384605	3.87036749103	3.87036749103	3.87036749103	3.87036749103	3.87036749103	3.87036749103	3.87036749103	3.87036749103	3.87036749103	3.87036749103	
4.95	90.1229601144	90.2470401184	90.3711201225	90.4952001265	90.6192801305	90.7433601345	90.8674401385	90.9915201425	91.1156001466	91.2396801506	0.0	0.0	-4.17993604363e-08	-5.20338192298e-08	-1.3290043649e-07	-1.77284114977e-07	-2.69730020079e-07	-3.33479727403e-07	-4.2628756618e-07	-5.00690455068e-07	0.0	-3.36874267273e-07	-8.24827406686e-08	-6.51729647345e-07	-3.57702103888e-07	-7.45050790692e-07	-5.13779055931e-07	-7.47967728666e-07	-5.99636415861e-07	-8.82770844219e-07	90.4025583617	90.1773843986	89.9522104355	89.7270364724	89.5018625093	89.2766885462	89.0515145831	88.82634062	88.6011666569	88.3759926938	-10.9870198916	-11.2392552882	-11.4914906847	-11.7437260812	-11.9959614778	-12.2481968743	-12.5004322709	-12.7526676674	-13.0049030639	-13.2571384605	3.87036749103	3.87036749103	3.87036749103	3.87036749103	3.87036749103	3.87036749103	3.87036749103	3.87036749103	3.87036749103	3.87036749103	
4.96666666667	90.1229601144	90.2470401184	90.3711201225	90.4952001265	90.6192801305	90.7433601345	90.8674401385	90.9915201425	91.1156001466	91.2396801506	0.0	0.0	-4.17993604363e-08	-5.20338192298e-08	-1.3290043649e-07	-1.77284114977e-07	-2.69730020079e-07	-3.33479727403e-07	-4.2628756618e-07	-5.00690455068e-07	0.0	-3.36874267273e-07	-8.24827406686e-08	-6.51729647345e-07	-3.57702103888e-07	-7.45050790692e-07	-5.13779055931e-07	-7.47967728666e-07	-5.99636415861e-07	-8.82770844219e-07	90.4025583617	90.1773843986	89.9522104355	89.7270364724	89.5018625093	89.2766885462	89.0515145831	88.82634062	88.6011666569	88.3759926938	-10.9870198916	-11.2392552882	-11.4914906847	-11.7437260812	-11.9959614778	-12.2481968743	-12.5004322709	-12.7526676674	-13.0049030639	-13.2571384605	3.87036749103	3.87036749103	3.87036749103	3.87036749103	3.87036749103	3.87036749103	3.87036749103	3.87036749103	3.87036749103	3.87036749103	
4.98333333333	90.1229601144	90.2470401184	90.3711201225	90.4952001265	90.6192801305	90.7433601345	90.8674401385	90.9915201425	91.1156001466	91.2396801506	0.0	0.0	-4.17993604363e-08	-5.20338192298e-08	-1.3290043649e-07	-1.77284114977e-07	-2.69730020079e-07	-3.33479727403e-07	-4.2628756618e-07	-5.00690455068e-07	0.0	-3.36874267273e-07	-8.24827406686e-08	-6.51729647345e-07	-3.57702103888e-07	-7.45050790692e-07	-5.13779055931e-07	-7.47967728666e-07	-5.99636415861e-07	-8.82770844219e-07	90.4025583617	90.1773843986	89.9522104355	89.7270364724	89.5018625093	89.2766885462	89.0515145831	88.82634062	88.6011666569	88.3759926938	-10.9870198916	-11.2392552882	-11.4914906847	-11.7437260812	-11.9959614778	-12.2481968743	-12.5004322709	-12.7526676674	-13.0049030639	-13.2571384605	3.87036749103	3.87036749103	3.87036749103	3.87036749103	3.87036749103	3.87036749103	3.87036749103	3.87036749103	3.87036749103	3.87036749103	
5.0	90.1229601144	90.2470401184	90.3711201225	90.4952001265	90.6192801305	90.7433601345	90.8674401385	90.9915201425	91.1156001466	91.2396801506	0.0	0.0	-4.17993604363e-08	-5.20338192298e-08	-1.3290043649e-07	-1.77284114977e-07	-2.69730020079e-07	-3.33479727403e-07	-4.2628756618e-07	-5.00690455068e-07	0.0	-3.36874267273e-07	-8.24827406686e-08	-6.51729647345e-07	-3.57702103888e-07	-7.45050790692e-07	-5.13779055931e-07	-7.47967728666e-07	-5.99636415861e-07	-8.82770844219e-07	90.4025583617	90.1773843986	89.9522104355	89.7270364724	89.5018625093	89.2766885462	89.0515145831	88.82634062	88.6011666569	88.3759926938	-10.9870198916	-11.2392552882	-11.4914906847	-11.7437260812	-11.9959614778	-12.2481968743	-12.5004322709	-12.7526676674	-13.0049030639	-13.2571384605	3.87036749103	3.87036749103	3.87036749103	3.87036749103	3.87036749103	3.87036749103	3.87036749103	3.87036749103	3.87036749103	3.87036749103	
5.01666666667	90.1229601144	90.2470401184	90.3711201225	90.4952001265	90.6192801305	90.7433601345	90.8674401385	90.9915201425	91.1156001466	91.2396801506	0.0	0.0	-4.17993604363e-08	-5.20338192298e-08	-1.3290043649e-07	-1.77284114977e-07	-2.69730020079e-07	-3.33479727403e-07	-4.2628756618e-07	-5.00690455068e-07	0.0	-3.36874267273e-07	-8.24827406686e-08	-6.51729647345e-07	-3.57702103888e-07	-7.45050790692e-07	-5.13779055931e-07	-7.47967728666e-07	-5.99636415861e-07	-8.82770844219e-07	90.4025583617	90.1773843986	89.9522104355	89.7270364724	89.5018625093	89.2766885462	89.0515145831	88.82634062	88.6011666569	88.3759926938	-10.9870198916	-11.2392552882	-11.4914906847	-11.7437260812	-11.9959614778	-12.2481968743	-12.5004322709	-12.7526676674	-13.0049030639	-13.2571384605	3.87036749103	3.87036749103	3.87036749103	3.87036749103	3.87036749103	3.87036749103	3.87036749103	3.87036749103	3.87036749103	3.87036749103	
5.03333333333	90.1229601144	90.2470401184	90.3711201225	90.4952001265	90.6192801305	90.7433601345	90.8674401385	90.9915201425	91.1156001466	91.2396801506	0.0	0.0	-4.17993604363e-08	-5.20338192298e-08	-1.3290043649e-07	-1.77284114977e-07	-2.69730020079e-07	-3.33479727403e-07	-4.2628756618e-07	-5.00690455068e-07	0.0	-3.36874267273e-07	-8.24827406686e-08	-6.51729647345e-07	-3.57702103888e-07	-7.45050790692e-07	-5.13779055931e-07	-7.47967728666e-07	-5.99636415861e-07	-8.82770844219e-07	90.4025583617	90.1773843986	89.9522104355	89.7270364724	89.5018625093	89.2766885462	89.0515145831	88.82634062	88.6011666569	88.3759926938	-10.9870198916	-11.2392552882	-11.4914906847	-11.7437260812	-11.9959614778	-12.2481968743	-12.5004322709	-12.7526676674	-13.0049030639	-13.2571384605	3.87036749103	3.87036749103	3.87036749103	3.87036749103	3.87036749103	3.87036749103	3.87036749103	3.87036749103	3.87036749103	3.87036749103	
5.05	90.1229601144	90.2470401184	90.3711201225	90.4952001265	90.6192801305	90.7433601345	90.8674401385	90.9915201425	91.1156001466	91.2396801506	0.0	0.0	-4.17993604363e-08	-5.20338192298e-08	-1.3290043649e-07	-1.77284114977e-07	-2.69730020079e-07	-3.33479727403e-07	-4.2628756618e-07	-5.00690455068e-07	0.0	-3.36874267273e-07	-8.24827406686e-08	-6.51729647345e-07	-3.57702103888e-07	-7.45050790692e-07	-5.13779055931e-07	-7.47967728666e-07	-5.99636415861e-07	-8.82770844219e-07	90.4025583617	90.1773843986	89.9522104355	89.7270364724	89.5018625093	89.2766885462	89.0515145831	88.82634062	88.6011666569	88.3759926938	-10.9870198916	-11.2392552882	-11.4914906847	-11.7437260812	-11.9959614778	-12.2481968743	-12.5004322709	-12.7526676674	-13.0049030639	-13.2571384605	3.87036749103	3.87036749103	3.87036749103	3.87036749103	3.87036749103	3.87036749103	3.87036749103	3.87036749103	3.87036749103	3.87036749103	
5.06666666667	90.1229601144	90.2470401184	90.3711201225	90.4952001265	90.6192801305	90.7433601345	90.8674401385	90.9915201425	91.1156001466	91.2396801506	0.0	0.0	-4.17993604363e-08	-5.20338192298e-08	-1.3290043649e-07	-1.77284114977e-07	-2.69730020079e-07	-3.33479727403e-07	-4.2628756618e-07	-5.00690455068e-07	0.0	-3.36874267273e-07	-8.24827406686e-08	-6.51729647345e-07	-3.57702103888e-07	-7.45050790692e-07	-5.13779055931e-07	-7.47967728666e-07	-5.99636415861e-07	-8.82770844219e-07	90.4025583617	90.1773843986	89.9522104355	89.7270364724	89.5018625093	89.2766885462	89.0515145831	88.82634062	88.6011666569	88.3759926938	-10.9870198916	-11.2392552882	-11.4914906847	-11.7437260812	-11.9959614778	-12.2481968743	-12.5004322709	-12.7526676674	-13.0049030639	-13.2571384605	3.87036749103	3.87036749103	3.87036749103	3.87036749103	3.87036749103	3.87036749103	3.87036749103	3.87036749103	3.87036749103	3.87036749103	
5.08333333333	90.1229601144	90.2470401184	90.3711201225	90.4952001265	90.6192801305	90.7433601345	90.8674401385	90.9915201425	91.1156001466	91.2396801506	0.0	0.0	-4.17993604363e-08	-5.20338192298e-08	-1.3290043649e-07	-1.77284114977e-07	-2.69730020079e-07	-3.33479727403e-07	-4.2628756618e-07	-5.00690455068e-07	0.0	-3.36874267273e-07	-8.24827406686e-08	-6.51729647345e-07	-3.57702103888e-07	-7.45050790692e-07	-5.13779055931e-07	-7.47967728666e-07	-5.99636415861e-07	-8.82770844219e-07	90.4025583617	90.1773843986	89.9522104355	89.7270364724	89.5018625093	89.2766885462	89.0515145831	88.82634062	88.6011666569	88.3759926938	-10.9870198916	-11.2392552882	-11.4914906847	-11.7437260812	-11.9959614778	-12.2481968743	-12.5004322709	-12.7526676674	-13.0049030639	-13.2571384605	3.87036749103	3.87036749103	3.87036749103	3.87036749103	3.87036749103	3.87036749103	3.87036749103	3.87036749103	3.87036749103	3.87036749103	
5.1	90.1229601144	90.2470401184	90.3711201225	90.4952001265	90.6192801305	90.7433601345	90.8674401385	90.9915201425	91.1156001466	91.2396801506	0.0	0.0	-4.17993604363e-08	-5.20338192298e-08	-1.3290043649e-07	-1.77284114977e-07	-2.69730020079e-07	-3.33479727403e-07	-4.2628756618e-07	-5.00690455068e-07	0.0	-3.36874267273e-07	-8.24827406686e-08	-6.51729647345e-07	-3.57702103888e-07	-7.45050790692e-07	-5.13779055931e-07	-7.47967728666e-07	-5.99636415861e-07	-8.82770844219e-07	90.4025583617	90.1773843986	89.9522104355	89.7270364724	89.5018625093	89.2766885462	89.0515145831	88.82634062	88.6011666569	88.3759926938	-10.9870198916	-11.2392552882	-11.4914906847	-11.7437260812	-11.9959614778	-12.2481968743	-12.5004322709	-12.7526676674	-13.0049030639	-13.2571384605	3.87036749103	3.87036749103	3.87036749103	3.87036749103	3.87036749103	3.87036749103	3.87036749103	3.87036749103	3.87036749103	3.87036749103	
5.11666666667	90.1229601144	90.2470401184	90.3711201225	90.4952001265	90.6192801305	90.7433601345	90.8674401385	90.9915201425	91.1156001466	91.2396801506	0.0	0.0	-4.17993604363e-08	-5.20338192298e-08	-1.3290043649e-07	-1.77284114977e-07	-2.69730020079e-07	-3.33479727403e-07	-4.2628756618e-07	-5.00690455068e-07	0.0	-3.36874267273e-07	-8.24827406686e-08	-6.51729647345e-07	-3.57702103888e-07	-7.45050790692e-07	-5.13779055931e-07	-7.47967728666e-07	-5.99636415861e-07	-8.82770844219e-07	90.4025583617	90.1773843986	89.9522104355	89.7270364724	89.5018625093	89.2766885462	89.0515145831	88.82634062	88.6011666569	88.3759926938	-10.9870198916	-11.2392552882	-11.4914906847	-11.7437260812	-11.9959614778	-12.2481968743	-12.5004322709	-12.7526676674	-13.0049030639	-13.2571384605	3.87036749103	3.87036749103	3.87036749103	3.87036749103	3.87036749103	3.87036749103	3.87036749103	3.87036749103	3.87036749103	3.87036749103	
5.13333333333	90.1229601144	90.2470401184	90.3711201225	90.4952001265	90.6192801305	90.7433601345	90.8674401385	90.9915201425	91.1156001466	91.2396801506	0.0	0.0	-4.17993604363e-08	-5.20338192298e-08	-1.3290043649e-07	-1.77284114977e-07	-2.69730020079e-07	-3.33479727403e-07	-4.2628756618e-07	-5.00690455068e-07	0.0	-3.36874267273e-07	-8.24827406686e-08	-6.51729647345e-07	-3.57702103888e-07	-7.45050790692e-07	-5.13779055931e-07	-7.47967728666e-07	-5.99636415861e-07	-8.82770844219e-07	90.4025583617	90.1773843986	89.9522104355	89.7270364724	89.5018625093	89.2766885462	89.0515145831	88.82634062	88.6011666569	88.3759926938	-10.9870198916	-11.2392552882	-11.4914906847	-11.7437260812	-11.9959614778	-12.2481968743	-12.5004322709	-12.7526676674	-13.0049030639	-13.2571384605	3.87036749103	3.87036749103	3.87036749103	3.87036749103	3.87036749103	3.87036749103	3.87036749103	3.87036749103	3.87036749103	3.87036749103	
5.15	90.1229601144	90.2470401184	90.3711201225	90.4952001265	90.6192801305	90.7433601345	90.8674401385	90.9915201425	91.1156001466	91.2396801506	0.0	0.0	-4.17993604363e-08	-5.20338192298e-08	-1.3290043649e-07	-1.77284114977e-07	-2.69730020079e-07	-3.33479727403e-07	-4.2628756618e-07	-5.00690455068e-07	0.0	-3.36874267273e-07	-8.24827406686e-08	-6.51729647345e-07	-3.57702103888e-07	-7.45050790692e-07	-5.13779055931e-07	-7.47967728666e-07	-5.99636415861e-07	-8.82770844219e-07	90.4025583617	90.1773843986	89.9522104355	89.7270364724	89.5018625093	89.2766885462	89.0515145831	88.82634062	88.6011666569	88.3759926938	-10.9870198916	-11.2392552882	-11.4914906847	-11.7437260812	-11.9959614778	-12.2481968743	-12.5004322709	-12.7526676674	-13.0049030639	-13.2571384605	3.87036749103	3.87036749103	3.87036749103	3.87036749103	3.87036749103	3.87036749103	3.87036749103	3.87036749103	3.87036749103	3.87036749103	
5.16666666667	90.1229601144	90.2470401184	90.3711201225	90.4952001265	90.6192801305	90.7433601345	90.8674401385	90.9915201425	91.1156001466	91.2396801506	0.0	0.0	-4.17993604363e-08	-5.20338192298e-08	-1.3290043649e-07	-1.77284114977e-07	-2.69730020079e-07	-3.33479727403e-07	-4.2628756618e-07	-5.00690455068e-07	0.0	-3.36874267273e-07	-8.24827406686e-08	-6.51729647345e-07	-3.57702103888e-07	-7.45050790692e-07	-5.13779055931e-07	-7.47967728666e-07	-5.99636415861e-07	-8.82770844219e-07	90.4025583617	90.1773843986	89.9522104355	89.7270364724	89.5018625093	89.2766885462	89.0515145831	88.82634062	88.6011666569	88.3759926938	-10.9870198916	-11.2392552882	-11.4914906847	-11.7437260812	-11.9959614778	-12.2481968743	-12.5004322709	-12.7526676674	-13.0049030639	-13.2571384605	3.87036749103	3.87036749103	3.87036749103	3.87036749103	3.87036749103	3.87036749103	3.87036749103	3.87036749103	3.87036749103	3.87036749103	
5.18333333333	90.1229601144	90.2470401184	90.3711201225	90.4952001265	90.6192801305	90.7433601345	90.8674401385	90.9915201425	91.1156001466	91.2396801506	0.0	0.0	-4.17993604363e-08	-5.20338192298e-08	-1.3290043649e-07	-1.77284114977e-07	-2.69730020079e-07	-3.33479727403e-07	-4.2628756618e-07	-5.00690455068e-07	0.0	-3.36874267273e-07	-8.24827406686e-08	-6.51729647345e-07	-3.57702103888e-07	-7.45050790692e-07	-5.13779055931e-07	-7.47967728666e-07	-5.99636415861e-07	-8.82770844219e-07	90.4025583617	90.1773843986	89.9522104355	89.7270364724	89.5018625093	89.2766885462	89.0515145831	88.82634062	88.6011666569	88.3759926938	-10.9870198916	-11.2392552882	-11.4914906847	-11.7437260812	-11.9959614778	-12.2481968743	-12.5004322709	-12.7526676674	-13.0049030639	-13.2571384605	3.87036749103	3.87036749103	3.87036749103	3.87036749103	3.87036749103	3.87036749103	3.87036749103	3.87036749103	3.87036749103	3.87036749103	
5.2	90.1229601144	90.2470401184	90.3711201225	90.4952001265	90.6192801305	90.7433601345	90.8674401385	90.9915201425	91.1156001466	91.2396801506	0.0	0.0	-4.17993604363e-08	-5.20338192298e-08	-1.3290043649e-07	-1.77284114977e-07	-2.69730020079e-07	-3.33479727403e-07	-4.2628756618e-07	-5.00690455068e-07	0.0	-3.36874267273e-07	-8.24827406686e-08	-6.51729647345e-07	-3.57702103888e-07	-7.45050790692e-07	-5.13779055931e-07	-7.47967728666e-07	-5.99636415861e-07	-8.82770844219e-07	90.4025583617	90.1773843986	89.9522104355	89.7270364724	89.5018625093	89.2766885462	89.0515145831	88.82634062	88.6011666569	88.3759926938	-10.9870198916	-11.2392552882	-11.4914906847	-11.7437260812	-11.9959614778	-12.2481968743	-12.5004322709	-12.7526676674	-13.0049030639	-13.2571384605	3.87036749103	3.87036749103	3.87036749103	3.87036749103	3.87036749103	3.87036749103	3.87036749103	3.87036749103	3.87036749103	3.87036749103	
5.21666666667	90.1229601144	90.2470401184	90.3711201225	90.4952001265	90.6192801305	90.7433601345	90.8674401385	90.9915201425	91.1156001466	91.2396801506	0.0	0.0	-4.17993604363e-08	-5.20338192298e-08	-1.3290043649e-07	-1.77284114977e-07	-2.69730020079e-07	-3.33479727403e-07	-4.2628756618e-07	-5.00690455068e-07	0.0	-3.36874267273e-07	-8.24827406686e-08	-6.51729647345e-07	-3.57702103888e-07	-7.45050790692e-07	-5.13779055931e-07	-7.47967728666e-07	-5.99636415861e-07	-8.82770844219e-07	90.4025583617	90.1773843986	89.9522104355	89.7270364724	89.5018625093	89.2766885462	89.0515145831	88.82634062	88.6011666569	88.3759926938	-10.9870198916	-11.2392552882	-11.4914906847	-11.7437260812	-11.9959614778	-12.2481968743	-12.5004322709	-12.7526676674	-13.0049030639	-13.2571384605	3.87036749103	3.87036749103	3.87036749103	3.87036749103	3.87036749103	3.87036749103	3.87036749103	3.87036749103	3.87036749103	3.87036749103	
5.23333333333	90.1229601144	90.2470401184	90.3711201225	90.4952001265	90.6192801305	90.7433601345	90.8674401385	90.9915201425	91.1156001466	91.2396801506	0.0	0.0	-4.17993604363e-08	-5.20338192298e-08	-1.3290043649e-07	-1.77284114977e-07	-2.69730020079e-07	-3.33479727403e-07	-4.2628756618e-07	-5.00690455068e-07	0.0	-3.36874267273e-07	-8.24827406686e-08	-6.51729647345e-07	-3.57702103888e-07	-7.45050790692e-07	-5.13779055931e-07	-7.47967728666e-07	-5.99636415861e-07	-8.82770844219e-07	90.4025583617	90.1773843986	89.9522104355	89.7270364724	89.5018625093	89.2766885462	89.0515145831	88.82634062	88.6011666569	88.3759926938	-10.9870198916	-11.2392552882	-11.4914906847	-11.7437260812	-11.9959614778	-12.2481968743	-12.5004322709	-12.7526676674	-13.0049030639	-13.2571384605	3.87036749103	3.87036749103	3.87036749103	3.87036749103	3.87036749103	3.87036749103	3.87036749103	3.87036749103	3.87036749103	3.87036749103	
5.25	90.1229601144	90.2470401184	90.3711201225	90.4952001265	90.6192801305	90.7433601345	90.8674401385	90.9915201425	91.1156001466	91.2396801506	0.0	0.0	-4.17993604363e-08	-5.20338192298e-08	-1.3290043649e-07	-1.77284114977e-07	-2.69730020079e-07	-3.33479727403e-07	-4.2628756618e-07	-5.00690455068e-07	0.0	-3.36874267273e-07	-8.24827406686e-08	-6.51729647345e-07	-3.57702103888e-07	-7.45050790692e-07	-5.13779055931e-07	-7.47967728666e-07	-5.99636415861e-07	-8.82770844219e-07	90.4025583617	90.1773843986	89.9522104355	89.7270364724	89.5018625093	89.2766885462	89.0515145831	88.82634062	88.6011666569	88.3759926938	-10.9870198916	-11.2392552882	-11.4914906847	-11.7437260812	-11.9959614778	-12.2481968743	-12.5004322709	-12.7526676674	-13.0049030639	-13.2571384605	3.87036749103	3.87036749103	3.87036749103	3.87036749103	3.87036749103	3.87036749103	3.87036749103	3.87036749103	3.87036749103	3.87036749103	
5.26666666667	90.1229601144	90.2470401184	90.3711201225	90.4952001265	90.6192801305	90.7433601345	90.8674401385	90.9915201425	91.1156001466	91.2396801506	0.0	0.0	-4.17993604363e-08	-5.20338192298e-08	-1.3290043649e-07	-1.77284114977e-07	-2.69730020079e-07	-3.33479727403e-07	-4.2628756618e-07	-5.00690455068e-07	0.0	-3.36874267273e-07	-8.24827406686e-08	-6.51729647345e-07	-3.57702103888e-07	-7.45050790692e-07	-5.13779055931e-07	-7.47967728666e-07	-5.99636415861e-07	-8.82770844219e-07	90.4025583617	90.1773843986	89.9522104355	89.7270364724	89.5018625093	89.2766885462	89.0515145831	88.82634062	88.6011666569	88.3759926938	-10.9870198916	-11.2392552882	-11.4914906847	-11.7437260812	-11.9959614778	-12.2481968743	-12.5004322709	-12.7526676674	-13.0049030639	-13.2571384605	3.87036749103	3.87036749103	3.87036749103	3.87036749103	3.87036749103	3.87036749103	3.87036749103	3.87036749103	3.87036749103	3.87036749103	
5.28333333333	90.1229601144	90.2470401184	90.3711201225	90.4952001265	90.6192801305	90.7433601345	90.8674401385	90.9915201425	91.1156001466	91.2396801506	0.0	0.0	-4.17993604363e-08	-5.20338192298e-08	-1.3290043649e-07	-1.77284114977e-07	-2.69730020079e-07	-3.33479727403e-07	-4.2628756618e-07	-5.00690455068e-07	0.0	-3.36874267273e-07	-8.24827406686e-08	-6.51729647345e-07	-3.57702103888e-07	-7.45050790692e-07	-5.13779055931e-07	-7.47967728666e-07	-5.99636415861e-07	-8.82770844219e-07	90.4025583617	90.1773843986	89.9522104355	89.7270364724	89.5018625093	89.2766885462	89.0515145831	88.82634062	88.6011666569	88.3759926938	-10.9870198916	-11.2392552882	-11.4914906847	-11.7437260812	-11.9959614778	-12.2481968743	-12.5004322709	-12.7526676674	-13.0049030639	-13.2571384605	3.87036749103	3.87036749103	3.87036749103	3.87036749103	3.87036749103	3.87036749103	3.87036749103	3.87036749103	3.87036749103	3.87036749103	
5.3	90.1229601144	90.2470401184	90.3711201225	90.4952001265	90.6192801305	90.7433601345	90.8674401385	90.9915201425	91.1156001466	91.2396801506	0.0	0.0	-4.17993604363e-08	-5.20338192298e-08	-1.3290043649e-07	-1.77284114977e-07	-2.69730020079e-07	-3.33479727403e-07	-4.2628756618e-07	-5.00690455068e-07	0.0	-3.36874267273e-07	-8.24827406686e-08	-6.51729647345e-07	-3.57702103888e-07	-7.45050790692e-07	-5.13779055931e-07	-7.47967728666e-07	-5.99636415861e-07	-8.82770844219e-07	90.4025583617	90.1773843986	89.9522104355	89.7270364724	89.5018625093	89.2766885462	89.0515145831	88.82634062	88.6011666569	88.3759926938	-10.9870198916	-11.2392552882	-11.4914906847	-11.7437260812	-11.9959614778	-12.2481968743	-12.5004322709	-12.7526676674	-13.0049030639	-13.2571384605	3.87036749103	3.87036749103	3.87036749103	3.87036749103	3.87036749103	3.87036749103	3.87036749103	3.87036749103	3.87036749103	3.87036749103	
5.31666666667	90.1229601144	90.2470401184	90.3711201225	90.4952001265	90.6192801305	90.7433601345	90.8674401385	90.9915201425	91.1156001466	91.2396801506	0.0	0.0	-4.17993604363e-08	-5.20338192298e-08	-1.3290043649e-07	-1.77284114977e-07	-2.69730020079e-07	-3.33479727403e-07	-4.2628756618e-07	-5.00690455068e-07	0.0	-3.36874267273e-07	-8.24827406686e-08	-6.51729647345e-07	-3.57702103888e-07	-7.45050790692e-07	-5.13779055931e-07	-7.47967728666e-07	-5.99636415861e-07	-8.82770844219e-07	90.4025583617	90.1773843986	89.9522104355	89.7270364724	89.5018625093	89.2766885462	89.0515145831	88.82634062	88.6011666569	88.3759926938	-10.9870198916	-11.2392552882	-11.4914906847	-11.7437260812	-11.9959614778	-12.2481968743	-12.5004322709	-12.7526676674	-13.0049030639	-13.2571384605	3.87036749103	3.87036749103	3.87036749103	3.87036749103	3.87036749103	3.87036749103	3.87036749103	3.87036749103	3.87036749103	3.87036749103	
5.33333333333	90.1229601144	90.2470401184	90.3711201225	90.4952001265	90.6192801305	90.7433601345	90.8674401385	90.9915201425	91.1156001466	91.2396801506	0.0	0.0	-4.17993604363e-08	-5.20338192298e-08	-1.3290043649e-07	-1.77284114977e-07	-2.69730020079e-07	-3.33479727403e-07	-4.2628756618e-07	-5.00690455068e-07	0.0	-3.36874267273e-07	-8.24827406686e-08	-6.51729647345e-07	-3.57702103888e-07	-7.45050790692e-07	-5.13779055931e-07	-7.47967728666e-07	-5.99636415861e-07	-8.82770844219e-07	90.4025583617	90.1773843986	89.9522104355	89.7270364724	89.5018625093	89.2766885462	89.0515145831	88.82634062	88.6011666569	88.3759926938	-10.9870198916	-11.2392552882	-11.4914906847	-11.7437260812	-11.9959614778	-12.2481968743	-12.5004322709	-12.7526676674	-13.0049030639	-13.2571384605	3.87036749103	3.87036749103	3.87036749103	3.87036749103	3.87036749103	3.87036749103	3.87036749103	3.87036749103	3.87036749103	3.87036749103	
5.35	90.1229601144	90.2470401184	90.3711201225	90.4952001265	90.6192801305	90.7433601345	90.8674401385	90.9915201425	91.1156001466	91.2396801506	0.0	0.0	-4.17993604363e-08	-5.20338192298e-08	-1.3290043649e-07	-1.77284114977e-07	-2.69730020079e-07	-3.33479727403e-07	-4.2628756618e-07	-5.00690455068e-07	0.0	-3.36874267273e-07	-8.24827406686e-08	-6.51729647345e-07	-3.57702103888e-07	-7.45050790692e-07	-5.13779055931e-07	-7.47967728666e-07	-5.99636415861e-07	-8.82770844219e-07	90.4025583617	90.1773843986	89.9522104355	89.7270364724	89.5018625093	89.2766885462	89.0515145831	88.82634062	88.6011666569	88.3759926938	-10.9870198916	-11.2392552882	-11.4914906847	-11.7437260812	-11.9959614778	-12.2481968743	-12.5004322709	-12.7526676674	-13.0049030639	-13.2571384605	3.87036749103	3.87036749103	3.87036749103	3.87036749103	3.87036749103	3.87036749103	3.87036749103	3.87036749103	3.87036749103	3.87036749103	
5.36666666667	90.1229601144	90.2470401184	90.3711201225	90.4952001265	90.6192801305	90.7433601345	90.8674401385	90.9915201425	91.1156001466	91.2396801506	0.0	0.0	-4.17993604363e-08	-5.20338192298e-08	-1.3290043649e-07	-1.77284114977e-07	-2.69730020079e-07	-3.33479727403e-07	-4.2628756618e-07	-5.00690455068e-07	0.0	-3.36874267273e-07	-8.24827406686e-08	-6.51729647345e-07	-3.57702103888e-07	-7.45050790692e-07	-5.13779055931e-07	-7.47967728666e-07	-5.99636415861e-07	-8.82770844219e-07	90.4025583617	90.1773843986	89.9522104355	89.7270364724	89.5018625093	89.2766885462	89.0515145831	88.82634062	88.6011666569	88.3759926938	-10.9870198916	-11.2392552882	-11.4914906847	-11.7437260812	-11.9959614778	-12.2481968743	-12.5004322709	-12.7526676674	-13.0049030639	-13.2571384605	3.87036749103	3.87036749103	3.87036749103	3.87036749103	3.87036749103	3.87036749103	3.87036749103	3.87036749103	3.87036749103	3.87036749103	
5.38333333333	90.1229601144	90.2470401184	90.3711201225	90.4952001265	90.6192801305	90.7433601345	90.8674401385	90.9915201425	91.1156001466	91.2396801506	0.0	0.0	-4.17993604363e-08	-5.20338192298e-08	-1.3290043649e-07	-1.77284114977e-07	-2.69730020079e-07	-3.33479727403e-07	-4.2628756618e-07	-5.00690455068e-07	0.0	-3.36874267273e-07	-8.24827406686e-08	-6.51729647345e-07	-3.57702103888e-07	-7.45050790692e-07	-5.13779055931e-07	-7.47967728666e-07	-5.99636415861e-07	-8.82770844219e-07	90.4025583617	90.1773843986	89.9522104355	89.7270364724	89.5018625093	89.2766885462	89.0515145831	88.82634062	88.6011666569	88.3759926938	-10.9870198916	-11.2392552882	-11.4914906847	-11.7437260812	-11.9959614778	-12.2481968743	-12.5004322709	-12.7526676674	-13.0049030639	-13.2571384605	3.87036749103	3.87036749103	3.87036749103	3.87036749103	3.87036749103	3.87036749103	3.87036749103	3.87036749103	3.87036749103	3.87036749103	
5.4	90.1229601144	90.2470401184	90.3711201225	90.4952001265	90.6192801305	90.7433601345	90.8674401385	90.9915201425	91.1156001466	91.2396801506	0.0	0.0	-4.17993604363e-08	-5.20338192298e-08	-1.3290043649e-07	-1.77284114977e-07	-2.69730020079e-07	-3.33479727403e-07	-4.2628756618e-07	-5.00690455068e-07	0.0	-3.36874267273e-07	-8.24827406686e-08	-6.51729647345e-07	-3.57702103888e-07	-7.45050790692e-07	-5.13779055931e-07	-7.47967728666e-07	-5.99636415861e-07	-8.82770844219e-07	90.4025583617	90.1773843986	89.9522104355	89.7270364724	89.5018625093	89.2766885462	89.0515145831	88.82634062	88.6011666569	88.3759926938	-10.9870198916	-11.2392552882	-11.4914906847	-11.7437260812	-11.9959614778	-12.2481968743	-12.5004322709	-12.7526676674	-13.0049030639	-13.2571384605	3.87036749103	3.87036749103	3.87036749103	3.87036749103	3.87036749103	3.87036749103	3.87036749103	3.87036749103	3.87036749103	3.87036749103	
5.41666666667	90.1229601144	90.2470401184	90.3711201225	90.4952001265	90.6192801305	90.7433601345	90.8674401385	90.9915201425	91.1156001466	91.2396801506	0.0	0.0	-4.17993604363e-08	-5.20338192298e-08	-1.3290043649e-07	-1.77284114977e-07	-2.69730020079e-07	-3.33479727403e-07	-4.2628756618e-07	-5.00690455068e-07	0.0	-3.36874267273e-07	-8.24827406686e-08	-6.51729647345e-07	-3.57702103888e-07	-7.45050790692e-07	-5.13779055931e-07	-7.47967728666e-07	-5.99636415861e-07	-8.82770844219e-07	90.4025583617	90.1773843986	89.9522104355	89.7270364724	89.5018625093	89.2766885462	89.0515145831	88.82634062	88.6011666569	88.3759926938	-10.9870198916	-11.2392552882	-11.4914906847	-11.7437260812	-11.9959614778	-12.2481968743	-12.5004322709	-12.7526676674	-13.0049030639	-13.2571384605	3.87036749103	3.87036749103	3.87036749103	3.87036749103	3.87036749103	3.87036749103	3.87036749103	3.87036749103	3.87036749103	3.87036749103	
5.43333333333	90.1229601144	90.2470401184	90.3711201225	90.4952001265	90.6192801305	90.7433601345	90.8674401385	90.9915201425	91.1156001466	91.2396801506	0.0	0.0	-4.17993604363e-08	-5.20338192298e-08	-1.3290043649e-07	-1.77284114977e-07	-2.69730020079e-07	-3.33479727403e-07	-4.2628756618e-07	-5.00690455068e-07	0.0	-3.36874267273e-07	-8.24827406686e-08	-6.51729647345e-07	-3.57702103888e-07	-7.45050790692e-07	-5.13779055931e-07	-7.47967728666e-07	-5.99636415861e-07	-8.82770844219e-07	90.4025583617	90.1773843986	89.9522104355	89.7270364724	89.5018625093	89.2766885462	89.0515145831	88.82634062	88.6011666569	88.3759926938	-10.9870198916	-11.2392552882	-11.4914906847	-11.7437260812	-11.9959614778	-12.2481968743	-12.5004322709	-12.7526676674	-13.0049030639	-13.2571384605	3.87036749103	3.87036749103	3.87036749103	3.87036749103	3.87036749103	3.87036749103	3.87036749103	3.87036749103	3.87036749103	3.87036749103	
5.45	90.1229601144	90.2470401184	90.3711201225	90.4952001265	90.6192801305	90.7433601345	90.8674401385	90.9915201425	91.1156001466	91.2396801506	0.0	0.0	-4.17993604363e-08	-5.20338192298e-08	-1.3290043649e-07	-1.77284114977e-07	-2.69730020079e-07	-3.33479727403e-07	-4.2628756618e-07	-5.00690455068e-07	0.0	-3.36874267273e-07	-8.24827406686e-08	-6.51729647345e-07	-3.57702103888e-07	-7.45050790692e-07	-5.13779055931e-07	-7.47967728666e-07	-5.99636415861e-07	-8.82770844219e-07	90.4025583617	90.1773843986	89.9522104355	89.7270364724	89.5018625093	89.2766885462	89.0515145831	88.82634062	88.6011666569	88.3759926938	-10.9870198916	-11.2392552882	-11.4914906847	-11.7437260812	-11.9959614778	-12.2481968743	-12.5004322709	-12.7526676674	-13.0049030639	-13.2571384605	3.87036749103	3.87036749103	3.87036749103	3.87036749103	3.87036749103	3.87036749103	3.87036749103	3.87036749103	3.87036749103	3.87036749103	
5.46666666667	90.1229601144	90.2470401184	90.3711201225	90.4952001265	90.6192801305	90.7433601345	90.8674401385	90.9915201425	91.1156001466	91.2396801506	0.0	0.0	-4.17993604363e-08	-5.20338192298e-08	-1.3290043649e-07	-1.77284114977e-07	-2.69730020079e-07	-3.33479727403e-07	-4.2628756618e-07	-5.00690455068e-07	0.0	-3.36874267273e-07	-8.24827406686e-08	-6.51729647345e-07	-3.57702103888e-07	-7.45050790692e-07	-5.13779055931e-07	-7.47967728666e-07	-5.99636415861e-07	-8.82770844219e-07	90.4025583617	90.1773843986	89.9522104355	89.7270364724	89.5018625093	89.2766885462	89.0515145831	88.82634062	88.6011666569	88.3759926938	-10.9870198916	-11.2392552882	-11.4914906847	-11.7437260812	-11.9959614778	-12.2481968743	-12.5004322709	-12.7526676674	-13.0049030639	-13.2571384605	3.87036749103	3.87036749103	3.87036749103	3.87036749103	3.87036749103	3.87036749103	3.87036749103	3.87036749103	3.87036749103	3.87036749103	
5.48333333333	90.1229601144	90.2470401184	90.3711201225	90.4952001265	90.6192801305	90.7433601345	90.8674401385	90.9915201425	91.1156001466	91.2396801506	0.0	0.0	-4.17993604363e-08	-5.20338192298e-08	-1.3290043649e-07	-1.77284114977e-07	-2.69730020079e-07	-3.33479727403e-07	-4.2628756618e-07	-5.00690455068e-07	0.0	-3.36874267273e-07	-8.24827406686e-08	-6.51729647345e-07	-3.57702103888e-07	-7.45050790692e-07	-5.13779055931e-07	-7.47967728666e-07	-5.99636415861e-07	-8.82770844219e-07	90.4025583617	90.1773843986	89.9522104355	89.7270364724	89.5018625093	89.2766885462	89.0515145831	88.82634062	88.6011666569	88.3759926938	-10.9870198916	-11.2392552882	-11.4914906847	-11.7437260812	-11.9959614778	-12.2481968743	-12.5004322709	-12.7526676674	-13.0049030639	-13.2571384605	3.87036749103	3.87036749103	3.87036749103	3.87036749103	3.87036749103	3.87036749103	3.87036749103	3.87036749103	3.87036749103	3.87036749103	
5.5	90.1229601144	90.2470401184	90.3711201225	90.4952001265	90.6192801305	90.7433601345	90.8674401385	90.9915201425	91.1156001466	91.2396801506	0.0	0.0	-4.17993604363e-08	-5.20338192298e-08	-1.3290043649e-07	-1.77284114977e-07	-2.69730020079e-07	-3.33479727403e-07	-4.2628756618e-07	-5.00690455068e-07	0.0	-3.36874267273e-07	-8.24827406686e-08	-6.51729647345e-07	-3.57702103888e-07	-7.45050790692e-07	-5.13779055931e-07	-7.47967728666e-07	-5.99636415861e-07	-8.82770844219e-07	90.4025583617	90.1773843986	89.9522104355	89.7270364724	89.5018625093	89.2766885462	89.0515145831	88.82634062	88.6011666569	88.3759926938	-10.9870198916	-11.2392552882	-11.4914906847	-11.7437260812	-11.9959614778	-12.2481968743	-12.5004322709	-12.7526676674	-13.0049030639	-13.2571384605	3.87036749103	3.87036749103	3.87036749103	3.87036749103	3.87036749103	3.87036749103	3.87036749103	3.87036749103	3.87036749103	3.87036749103	
5.51666666667	90.1229601144	90.2470401184	90.3711201225	90.4952001265	90.6192801305	90.7433601345	90.8674401385	90.9915201425	91.1156001466	91.2396801506	0.0	0.0	-4.17993604363e-08	-5.20338192298e-08	-1.3290043649e-07	-1.77284114977e-07	-2.69730020079e-07	-3.33479727403e-07	-4.2628756618e-07	-5.00690455068e-07	0.0	-3.36874267273e-07	-8.24827406686e-08	-6.51729647345e-07	-3.57702103888e-07	-7.45050790692e-07	-5.13779055931e-07	-7.47967728666e-07	-5.99636415861e-07	-8.82770844219e-07	90.4025583617	90.1773843986	89.9522104355	89.7270364724	89.5018625093	89.2766885462	89.0515145831	88.82634062	88.6011666569	88.3759926938	-10.9870198916	-11.2392552882	-11.4914906847	-11.7437260812	-11.9959614778	-12.2481968743	-12.5004322709	-12.7526676674	-13.0049030639	-13.2571384605	3.87036749103	3.87036749103	3.87036749103	3.87036749103	3.87036749103	3.87036749103	3.87036749103	3.87036749103	3.87036749103	3.87036749103	
5.53333333333	90.1229601144	90.2470401184	90.3711201225	90.4952001265	90.6192801305	90.7433601345	90.8674401385	90.9915201425	91.1156001466	91.2396801506	0.0	0.0	-4.17993604363e-08	-5.20338192298e-08	-1.3290043649e-07	-1.77284114977e-07	-2.69730020079e-07	-3.33479727403e-07	-4.2628756618e-07	-5.00690455068e-07	0.0	-3.36874267273e-07	-8.24827406686e-08	-6.51729647345e-07	-3.57702103888e-07	-7.45050790692e-07	-5.13779055931e-07	-7.47967728666e-07	-5.99636415861e-07	-8.82770844219e-07	90.4025583617	90.1773843986	89.9522104355	89.7270364724	89.5018625093	89.2766885462	89.0515145831	88.82634062	88.6011666569	88.3759926938	-10.9870198916	-11.2392552882	-11.4914906847	-11.7437260812	-11.9959614778	-12.2481968743	-12.5004322709	-12.7526676674	-13.0049030639	-13.2571384605	3.87036749103	3.87036749103	3.87036749103	3.87036749103	3.87036749103	3.87036749103	3.87036749103	3.87036749103	3.87036749103	3.87036749103	
5.55	90.1229601144	90.2470401184	90.3711201225	90.4952001265	90.6192801305	90.7433601345	90.8674401385	90.9915201425	91.1156001466	91.2396801506	0.0	0.0	-4.17993604363e-08	-5.20338192298e-08	-1.3290043649e-07	-1.77284114977e-07	-2.69730020079e-07	-3.33479727403e-07	-4.2628756618e-07	-5.00690455068e-07	0.0	-3.36874267273e-07	-8.24827406686e-08	-6.51729647345e-07	-3.57702103888e-07	-7.45050790692e-07	-5.13779055931e-07	-7.47967728666e-07	-5.99636415861e-07	-8.82770844219e-07	90.4025583617	90.1773843986	89.9522104355	89.7270364724	89.5018625093	89.2766885462	89.0515145831	88.82634062	88.6011666569	88.3759926938	-10.9870198916	-11.2392552882	-11.4914906847	-11.7437260812	-11.9959614778	-12.2481968743	-12.5004322709	-12.7526676674	-13.0049030639	-13.2571384605	3.87036749103	3.87036749103	3.87036749103	3.87036749103	3.87036749103	3.87036749103	3.87036749103	3.87036749103	3.87036749103	3.87036749103	
5.56666666667	90.1229601144	90.2470401184	90.3711201225	90.4952001265	90.6192801305	90.7433601345	90.8674401385	90.9915201425	91.1156001466	91.2396801506	0.0	0.0	-4.17993604363e-08	-5.20338192298e-08	-1.3290043649e-07	-1.77284114977e-07	-2.69730020079e-07	-3.33479727403e-07	-4.2628756618e-07	-5.00690455068e-07	0.0	-3.36874267273e-07	-8.24827406686e-08	-6.51729647345e-07	-3.57702103888e-07	-7.45050790692e-07	-5.13779055931e-07	-7.47967728666e-07	-5.99636415861e-07	-8.82770844219e-07	90.4025583617	90.1773843986	89.9522104355	89.7270364724	89.5018625093	89.2766885462	89.0515145831	88.82634062	88.6011666569	88.3759926938	-10.9870198916	-11.2392552882	-11.4914906847	-11.7437260812	-11.9959614778	-12.2481968743	-12.5004322709	-12.7526676674	-13.0049030639	-13.2571384605	3.87036749103	3.87036749103	3.87036749103	3.87036749103	3.87036749103	3.87036749103	3.87036749103	3.87036749103	3.87036749103	3.87036749103	
5.58333333333	90.1229601144	90.2470401184	90.3711201225	90.4952001265	90.6192801305	90.7433601345	90.8674401385	90.9915201425	91.1156001466	91.2396801506	0.0	0.0	-4.17993604363e-08	-5.20338192298e-08	-1.3290043649e-07	-1.77284114977e-07	-2.69730020079e-07	-3.33479727403e-07	-4.2628756618e-07	-5.00690455068e-07	0.0	-3.36874267273e-07	-8.24827406686e-08	-6.51729647345e-07	-3.57702103888e-07	-7.45050790692e-07	-5.13779055931e-07	-7.47967728666e-07	-5.99636415861e-07	-8.82770844219e-07	90.4025583617	90.1773843986	89.9522104355	89.7270364724	89.5018625093	89.2766885462	89.0515145831	88.82634062	88.6011666569	88.3759926938	-10.9870198916	-11.2392552882	-11.4914906847	-11.7437260812	-11.9959614778	-12.2481968743	-12.5004322709	-12.7526676674	-13.0049030639	-13.2571384605	3.87036749103	3.87036749103	3.87036749103	3.87036749103	3.87036749103	3.87036749103	3.87036749103	3.87036749103	3.87036749103	3.87036749103	
5.6	90.1229601144	90.2470401184	90.3711201225	90.4952001265	90.6192801305	90.7433601345	90.8674401385	90.9915201425	91.1156001466	91.2396801506	0.0	0.0	-4.17993604363e-08	-5.20338192298e-08	-1.3290043649e-07	-1.77284114977e-07	-2.69730020079e-07	-3.33479727403e-07	-4.2628756618e-07	-5.00690455068e-07	0.0	-3.36874267273e-07	-8.24827406686e-08	-6.51729647345e-07	-3.57702103888e-07	-7.45050790692e-07	-5.13779055931e-07	-7.47967728666e-07	-5.99636415861e-07	-8.82770844219e-07	90.4025583617	90.1773843986	89.9522104355	89.7270364724	89.5018625093	89.2766885462	89.0515145831	88.82634062	88.6011666569	88.3759926938	-10.9870198916	-11.2392552882	-11.4914906847	-11.7437260812	-11.9959614778	-12.2481968743	-12.5004322709	-12.7526676674	-13.0049030639	-13.2571384605	3.87036749103	3.87036749103	3.87036749103	3.87036749103	3.87036749103	3.87036749103	3.87036749103	3.87036749103	3.87036749103	3.87036749103	
5.61666666667	90.1229601144	90.2470401184	90.3711201225	90.4952001265	90.6192801305	90.7433601345	90.8674401385	90.9915201425	91.1156001466	91.2396801506	0.0	0.0	-4.17993604363e-08	-5.20338192298e-08	-1.3290043649e-07	-1.77284114977e-07	-2.69730020079e-07	-3.33479727403e-07	-4.2628756618e-07	-5.00690455068e-07	0.0	-3.36874267273e-07	-8.24827406686e-08	-6.51729647345e-07	-3.57702103888e-07	-7.45050790692e-07	-5.13779055931e-07	-7.47967728666e-07	-5.99636415861e-07	-8.82770844219e-07	90.4025583617	90.1773843986	89.9522104355	89.7270364724	89.5018625093	89.2766885462	89.0515145831	88.82634062	88.6011666569	88.3759926938	-10.9870198916	-11.2392552882	-11.4914906847	-11.7437260812	-11.9959614778	-12.2481968743	-12.5004322709	-12.7526676674	-13.0049030639	-13.2571384605	3.87036749103	3.87036749103	3.87036749103	3.87036749103	3.87036749103	3.87036749103	3.87036749103	3.87036749103	3.87036749103	3.87036749103	
5.63333333333	90.1229601144	90.2470401184	90.3711201225	90.4952001265	90.6192801305	90.7433601345	90.8674401385	90.9915201425	91.1156001466	91.2396801506	0.0	0.0	-4.17993604363e-08	-5.20338192298e-08	-1.3290043649e-07	-1.77284114977e-07	-2.69730020079e-07	-3.33479727403e-07	-4.2628756618e-07	-5.00690455068e-07	0.0	-3.36874267273e-07	-8.24827406686e-08	-6.51729647345e-07	-3.57702103888e-07	-7.45050790692e-07	-5.13779055931e-07	-7.47967728666e-07	-5.99636415861e-07	-8.82770844219e-07	90.4025583617	90.1773843986	89.9522104355	89.7270364724	89.5018625093	89.2766885462	89.0515145831	88.82634062	88.6011666569	88.3759926938	-10.9870198916	-11.2392552882	-11.4914906847	-11.7437260812	-11.9959614778	-12.2481968743	-12.5004322709	-12.7526676674	-13.0049030639	-13.2571384605	3.87036749103	3.87036749103	3.87036749103	3.87036749103	3.87036749103	3.87036749103	3.87036749103	3.87036749103	3.87036749103	3.87036749103	
5.65	90.1229601144	90.2470401184	90.3711201225	90.4952001265	90.6192801305	90.7433601345	90.8674401385	90.9915201425	91.1156001466	91.2396801506	0.0	0.0	-4.17993604363e-08	-5.20338192298e-08	-1.3290043649e-07	-1.77284114977e-07	-2.69730020079e-07	-3.33479727403e-07	-4.2628756618e-07	-5.00690455068e-07	0.0	-3.36874267273e-07	-8.24827406686e-08	-6.51729647345e-07	-3.57702103888e-07	-7.45050790692e-07	-5.13779055931e-07	-7.47967728666e-07	-5.99636415861e-07	-8.82770844219e-07	90.4025583617	90.1773843986	89.9522104355	89.7270364724	89.5018625093	89.2766885462	89.0515145831	88.82634062	88.6011666569	88.3759926938	-10.9870198916	-11.2392552882	-11.4914906847	-11.7437260812	-11.9959614778	-12.2481968743	-12.5004322709	-12.7526676674	-13.0049030639	-13.2571384605	3.87036749103	3.87036749103	3.87036749103	3.87036749103	3.87036749103	3.87036749103	3.87036749103	3.87036749103	3.87036749103	3.87036749103	
5.66666666667	90.1229601144	90.2470401184	90.3711201225	90.4952001265	90.6192801305	90.7433601345	90.8674401385	90.9915201425	91.1156001466	91.2396801506	0.0	0.0	-4.17993604363e-08	-5.20338192298e-08	-1.3290043649e-07	-1.77284114977e-07	-2.69730020079e-07	-3.33479727403e-07	-4.2628756618e-07	-5.00690455068e-07	0.0	-3.36874267273e-07	-8.24827406686e-08	-6.51729647345e-07	-3.57702103888e-07	-7.45050790692e-07	-5.13779055931e-07	-7.47967728666e-07	-5.99636415861e-07	-8.82770844219e-07	90.4025583617	90.1773843986	89.9522104355	89.7270364724	89.5018625093	89.2766885462	89.0515145831	88.82634062	88.6011666569	88.3759926938	-10.9870198916	-11.2392552882	-11.4914906847	-11.7437260812	-11.9959614778	-12.2481968743	-12.5004322709	-12.7526676674	-13.0049030639	-13.2571384605	3.87036749103	3.87036749103	3.87036749103	3.87036749103	3.87036749103	3.87036749103	3.87036749103	3.87036749103	3.87036749103	3.87036749103	
5.68333333333	90.1229601144	90.2470401184	90.3711201225	90.4952001265	90.6192801305	90.7433601345	90.8674401385	90.9915201425	91.1156001466	91.2396801506	0.0	0.0	-4.17993604363e-08	-5.20338192298e-08	-1.3290043649e-07	-1.77284114977e-07	-2.69730020079e-07	-3.33479727403e-07	-4.2628756618e-07	-5.00690455068e-07	0.0	-3.36874267273e-07	-8.24827406686e-08	-6.51729647345e-07	-3.57702103888e-07	-7.45050790692e-07	-5.13779055931e-07	-7.47967728666e-07	-5.99636415861e-07	-8.82770844219e-07	90.4025583617	90.1773843986	89.9522104355	89.7270364724	89.5018625093	89.2766885462	89.0515145831	88.82634062	88.6011666569	88.3759926938	-10.9870198916	-11.2392552882	-11.4914906847	-11.7437260812	-11.9959614778	-12.2481968743	-12.5004322709	-12.7526676674	-13.0049030639	-13.2571384605	3.87036749103	3.87036749103	3.87036749103	3.87036749103	3.87036749103	3.87036749103	3.87036749103	3.87036749103	3.87036749103	3.87036749103	
5.7	90.1229601144	90.2470401184	90.3711201225	90.4952001265	90.6192801305	90.7433601345	90.8674401385	90.9915201425	91.1156001466	91.2396801506	0.0	0.0	-4.17993604363e-08	-5.20338192298e-08	-1.3290043649e-07	-1.77284114977e-07	-2.69730020079e-07	-3.33479727403e-07	-4.2628756618e-07	-5.00690455068e-07	0.0	-3.36874267273e-07	-8.24827406686e-08	-6.51729647345e-07	-3.57702103888e-07	-7.45050790692e-07	-5.13779055931e-07	-7.47967728666e-07	-5.99636415861e-07	-8.82770844219e-07	90.4025583617	90.1773843986	89.9522104355	89.7270364724	89.5018625093	89.2766885462	89.0515145831	88.82634062	88.6011666569	88.3759926938	-10.9870198916	-11.2392552882	-11.4914906847	-11.7437260812	-11.9959614778	-12.2481968743	-12.5004322709	-12.7526676674	-13.0049030639	-13.2571384605	3.87036749103	3.87036749103	3.87036749103	3.87036749103	3.87036749103	3.87036749103	3.87036749103	3.87036749103	3.87036749103	3.87036749103	
5.71666666667	90.1229601144	90.2470401184	90.3711201225	90.4952001265	90.6192801305	90.7433601345	90.8674401385	90.9915201425	91.1156001466	91.2396801506	0.0	0.0	-4.17993604363e-08	-5.20338192298e-08	-1.3290043649e-07	-1.77284114977e-07	-2.69730020079e-07	-3.33479727403e-07	-4.2628756618e-07	-5.00690455068e-07	0.0	-3.36874267273e-07	-8.24827406686e-08	-6.51729647345e-07	-3.57702103888e-07	-7.45050790692e-07	-5.13779055931e-07	-7.47967728666e-07	-5.99636415861e-07	-8.82770844219e-07	90.4025583617	90.1773843986	89.9522104355	89.7270364724	89.5018625093	89.2766885462	89.0515145831	88.82634062	88.6011666569	88.3759926938	-10.9870198916	-11.2392552882	-11.4914906847	-11.7437260812	-11.9959614778	-12.2481968743	-12.5004322709	-12.7526676674	-13.0049030639	-13.2571384605	3.87036749103	3.87036749103	3.87036749103	3.87036749103	3.87036749103	3.87036749103	3.87036749103	3.87036749103	3.87036749103	3.87036749103	
5.73333333333	90.1229601144	90.2470401184	90.3711201225	90.4952001265	90.6192801305	90.7433601345	90.8674401385	90.9915201425	91.1156001466	91.2396801506	0.0	0.0	-4.17993604363e-08	-5.20338192298e-08	-1.3290043649e-07	-1.77284114977e-07	-2.69730020079e-07	-3.33479727403e-07	-4.2628756618e-07	-5.00690455068e-07	0.0	-3.36874267273e-07	-8.24827406686e-08	-6.51729647345e-07	-3.57702103888e-07	-7.45050790692e-07	-5.13779055931e-07	-7.47967728666e-07	-5.99636415861e-07	-8.82770844219e-07	90.4025583617	90.1773843986	89.9522104355	89.7270364724	89.5018625093	89.2766885462	89.0515145831	88.82634062	88.6011666569	88.3759926938	-10.9870198916	-11.2392552882	-11.4914906847	-11.7437260812	-11.9959614778	-12.2481968743	-12.5004322709	-12.7526676674	-13.0049030639	-13.2571384605	3.87036749103	3.87036749103	3.87036749103	3.87036749103	3.87036749103	3.87036749103	3.87036749103	3.87036749103	3.87036749103	3.87036749103	
5.75	90.1229601144	90.2470401184	90.3711201225	90.4952001265	90.6192801305	90.7433601345	90.8674401385	90.9915201425	91.1156001466	91.2396801506	0.0	0.0	-4.17993604363e-08	-5.20338192298e-08	-1.3290043649e-07	-1.77284114977e-07	-2.69730020079e-07	-3.33479727403e-07	-4.2628756618e-07	-5.00690455068e-07	0.0	-3.36874267273e-07	-8.24827406686e-08	-6.51729647345e-07	-3.57702103888e-07	-7.45050790692e-07	-5.13779055931e-07	-7.47967728666e-07	-5.99636415861e-07	-8.82770844219e-07	90.4025583617	90.1773843986	89.9522104355	89.7270364724	89.5018625093	89.2766885462	89.0515145831	88.82634062	88.6011666569	88.3759926938	-10.9870198916	-11.2392552882	-11.4914906847	-11.7437260812	-11.9959614778	-12.2481968743	-12.5004322709	-12.7526676674	-13.0049030639	-13.2571384605	3.87036749103	3.87036749103	3.87036749103	3.87036749103	3.87036749103	3.87036749103	3.87036749103	3.87036749103	3.87036749103	3.87036749103	
5.76666666667	90.1229601144	90.2470401184	90.3711201225	90.4952001265	90.6192801305	90.7433601345	90.8674401385	90.9915201425	91.1156001466	91.2396801506	0.0	0.0	-4.17993604363e-08	-5.20338192298e-08	-1.3290043649e-07	-1.77284114977e-07	-2.69730020079e-07	-3.33479727403e-07	-4.2628756618e-07	-5.00690455068e-07	0.0	-3.36874267273e-07	-8.24827406686e-08	-6.51729647345e-07	-3.57702103888e-07	-7.45050790692e-07	-5.13779055931e-07	-7.47967728666e-07	-5.99636415861e-07	-8.82770844219e-07	90.4025583617	90.1773843986	89.9522104355	89.7270364724	89.5018625093	89.2766885462	89.0515145831	88.82634062	88.6011666569	88.3759926938	-10.9870198916	-11.2392552882	-11.4914906847	-11.7437260812	-11.9959614778	-12.2481968743	-12.5004322709	-12.7526676674	-13.0049030639	-13.2571384605	3.87036749103	3.87036749103	3.87036749103	3.87036749103	3.87036749103	3.87036749103	3.87036749103	3.87036749103	3.87036749103	3.87036749103	
5.78333333333	90.1229601144	90.2470401184	90.3711201225	90.4952001265	90.6192801305	90.7433601345	90.8674401385	90.9915201425	91.1156001466	91.2396801506	0.0	0.0	-4.17993604363e-08	-5.20338192298e-08	-1.3290043649e-07	-1.77284114977e-07	-2.69730020079e-07	-3.33479727403e-07	-4.2628756618e-07	-5.00690455068e-07	0.0	-3.36874267273e-07	-8.24827406686e-08	-6.51729647345e-07	-3.57702103888e-07	-7.45050790692e-07	-5.13779055931e-07	-7.47967728666e-07	-5.99636415861e-07	-8.82770844219e-07	90.4025583617	90.1773843986	89.9522104355	89.7270364724	89.5018625093	89.2766885462	89.0515145831	88.82634062	88.6011666569	88.3759926938	-10.9870198916	-11.2392552882	-11.4914906847	-11.7437260812	-11.9959614778	-12.2481968743	-12.5004322709	-12.7526676674	-13.0049030639	-13.2571384605	3.87036749103	3.87036749103	3.87036749103	3.87036749103	3.87036749103	3.87036749103	3.87036749103	3.87036749103	3.87036749103	3.87036749103	
5.8	90.1229601144	90.2470401184	90.3711201225	90.4952001265	90.6192801305	90.7433601345	90.8674401385	90.9915201425	91.1156001466	91.2396801506	0.0	0.0	-4.17993604363e-08	-5.20338192298e-08	-1.3290043649e-07	-1.77284114977e-07	-2.69730020079e-07	-3.33479727403e-07	-4.2628756618e-07	-5.00690455068e-07	0.0	-3.36874267273e-07	-8.24827406686e-08	-6.51729647345e-07	-3.57702103888e-07	-7.45050790692e-07	-5.13779055931e-07	-7.47967728666e-07	-5.99636415861e-07	-8.82770844219e-07	90.4025583617	90.1773843986	89.9522104355	89.7270364724	89.5018625093	89.2766885462	89.0515145831	88.82634062	88.6011666569	88.3759926938	-10.9870198916	-11.2392552882	-11.4914906847	-11.7437260812	-11.9959614778	-12.2481968743	-12.5004322709	-12.7526676674	-13.0049030639	-13.2571384605	3.87036749103	3.87036749103	3.87036749103	3.87036749103	3.87036749103	3.87036749103	3.87036749103	3.87036749103	3.87036749103	3.87036749103	
5.81666666667	90.1229601144	90.2470401184	90.3711201225	90.4952001265	90.6192801305	90.7433601345	90.8674401385	90.9915201425	91.1156001466	91.2396801506	0.0	0.0	-4.17993604363e-08	-5.20338192298e-08	-1.3290043649e-07	-1.77284114977e-07	-2.69730020079e-07	-3.33479727403e-07	-4.2628756618e-07	-5.00690455068e-07	0.0	-3.36874267273e-07	-8.24827406686e-08	-6.51729647345e-07	-3.57702103888e-07	-7.45050790692e-07	-5.13779055931e-07	-7.47967728666e-07	-5.99636415861e-07	-8.82770844219e-07	90.4025583617	90.1773843986	89.9522104355	89.7270364724	89.5018625093	89.2766885462	89.0515145831	88.82634062	88.6011666569	88.3759926938	-10.9870198916	-11.2392552882	-11.4914906847	-11.7437260812	-11.9959614778	-12.2481968743	-12.5004322709	-12.7526676674	-13.0049030639	-13.2571384605	3.87036749103	3.87036749103	3.87036749103	3.87036749103	3.87036749103	3.87036749103	3.87036749103	3.87036749103	3.87036749103	3.87036749103	
5.83333333333	90.1229601144	90.2470401184	90.3711201225	90.4952001265	90.6192801305	90.7433601345	90.8674401385	90.9915201425	91.1156001466	91.2396801506	0.0	0.0	-4.17993604363e-08	-5.20338192298e-08	-1.3290043649e-07	-1.77284114977e-07	-2.69730020079e-07	-3.33479727403e-07	-4.2628756618e-07	-5.00690455068e-07	0.0	-3.36874267273e-07	-8.24827406686e-08	-6.51729647345e-07	-3.57702103888e-07	-7.45050790692e-07	-5.13779055931e-07	-7.47967728666e-07	-5.99636415861e-07	-8.82770844219e-07	90.4025583617	90.1773843986	89.9522104355	89.7270364724	89.5018625093	89.2766885462	89.0515145831	88.82634062	88.6011666569	88.3759926938	-10.9870198916	-11.2392552882	-11.4914906847	-11.7437260812	-11.9959614778	-12.2481968743	-12.5004322709	-12.7526676674	-13.0049030639	-13.2571384605	3.87036749103	3.87036749103	3.87036749103	3.87036749103	3.87036749103	3.87036749103	3.87036749103	3.87036749103	3.87036749103	3.87036749103	
5.85	90.1229601144	90.2470401184	90.3711201225	90.4952001265	90.6192801305	90.7433601345	90.8674401385	90.9915201425	91.1156001466	91.2396801506	0.0	0.0	-4.17993604363e-08	-5.20338192298e-08	-1.3290043649e-07	-1.77284114977e-07	-2.69730020079e-07	-3.33479727403e-07	-4.2628756618e-07	-5.00690455068e-07	0.0	-3.36874267273e-07	-8.24827406686e-08	-6.51729647345e-07	-3.57702103888e-07	-7.45050790692e-07	-5.13779055931e-07	-7.47967728666e-07	-5.99636415861e-07	-8.82770844219e-07	90.4025583617	90.1773843986	89.9522104355	89.7270364724	89.5018625093	89.2766885462	89.0515145831	88.82634062	88.6011666569	88.3759926938	-10.9870198916	-11.2392552882	-11.4914906847	-11.7437260812	-11.9959614778	-12.2481968743	-12.5004322709	-12.7526676674	-13.0049030639	-13.2571384605	3.87036749103	3.87036749103	3.87036749103	3.87036749103	3.87036749103	3.87036749103	3.87036749103	3.87036749103	3.87036749103	3.87036749103	
5.86666666667	90.1229601144	90.2470401184	90.3711201225	90.4952001265	90.6192801305	90.7433601345	90.8674401385	90.9915201425	91.1156001466	91.2396801506	0.0	0.0	-4.17993604363e-08	-5.20338192298e-08	-1.3290043649e-07	-1.77284114977e-07	-2.69730020079e-07	-3.33479727403e-07	-4.2628756618e-07	-5.00690455068e-07	0.0	-3.36874267273e-07	-8.24827406686e-08	-6.51729647345e-07	-3.57702103888e-07	-7.45050790692e-07	-5.13779055931e-07	-7.47967728666e-07	-5.99636415861e-07	-8.82770844219e-07	90.4025583617	90.1773843986	89.9522104355	89.7270364724	89.5018625093	89.2766885462	89.0515145831	88.82634062	88.6011666569	88.3759926938	-10.9870198916	-11.2392552882	-11.4914906847	-11.7437260812	-11.9959614778	-12.2481968743	-12.5004322709	-12.7526676674	-13.0049030639	-13.2571384605	3.87036749103	3.87036749103	3.87036749103	3.87036749103	3.87036749103	3.87036749103	3.87036749103	3.87036749103	3.87036749103	3.87036749103	
5.88333333333	90.1229601144	90.2470401184	90.3711201225	90.4952001265	90.6192801305	90.7433601345	90.8674401385	90.9915201425	91.1156001466	91.2396801506	0.0	0.0	-4.17993604363e-08	-5.20338192298e-08	-1.3290043649e-07	-1.77284114977e-07	-2.69730020079e-07	-3.33479727403e-07	-4.2628756618e-07	-5.00690455068e-07	0.0	-3.36874267273e-07	-8.24827406686e-08	-6.51729647345e-07	-3.57702103888e-07	-7.45050790692e-07	-5.13779055931e-07	-7.47967728666e-07	-5.99636415861e-07	-8.82770844219e-07	90.4025583617	90.1773843986	89.9522104355	89.7270364724	89.5018625093	89.2766885462	89.0515145831	88.82634062	88.6011666569	88.3759926938	-10.9870198916	-11.2392552882	-11.4914906847	-11.7437260812	-11.9959614778	-12.2481968743	-12.5004322709	-12.7526676674	-13.0049030639	-13.2571384605	3.87036749103	3.87036749103	3.87036749103	3.87036749103	3.87036749103	3.87036749103	3.87036749103	3.87036749103	3.87036749103	3.87036749103	
5.9	90.1229601144	90.2470401184	90.3711201225	90.4952001265	90.6192801305	90.7433601345	90.8674401385	90.9915201425	91.1156001466	91.2396801506	0.0	0.0	-4.17993604363e-08	-5.20338192298e-08	-1.3290043649e-07	-1.77284114977e-07	-2.69730020079e-07	-3.33479727403e-07	-4.2628756618e-07	-5.00690455068e-07	0.0	-3.36874267273e-07	-8.24827406686e-08	-6.51729647345e-07	-3.57702103888e-07	-7.45050790692e-07	-5.13779055931e-07	-7.47967728666e-07	-5.99636415861e-07	-8.82770844219e-07	90.4025583617	90.1773843986	89.9522104355	89.7270364724	89.5018625093	89.2766885462	89.0515145831	88.82634062	88.6011666569	88.3759926938	-10.9870198916	-11.2392552882	-11.4914906847	-11.7437260812	-11.9959614778	-12.2481968743	-12.5004322709	-12.7526676674	-13.0049030639	-13.2571384605	3.87036749103	3.87036749103	3.87036749103	3.87036749103	3.87036749103	3.87036749103	3.87036749103	3.87036749103	3.87036749103	3.87036749103	
5.91666666667	90.1229601144	90.2470401184	90.3711201225	90.4952001265	90.6192801305	90.7433601345	90.8674401385	90.9915201425	91.1156001466	91.2396801506	0.0	0.0	-4.17993604363e-08	-5.20338192298e-08	-1.3290043649e-07	-1.77284114977e-07	-2.69730020079e-07	-3.33479727403e-07	-4.2628756618e-07	-5.00690455068e-07	0.0	-3.36874267273e-07	-8.24827406686e-08	-6.51729647345e-07	-3.57702103888e-07	-7.45050790692e-07	-5.13779055931e-07	-7.47967728666e-07	-5.99636415861e-07	-8.82770844219e-07	90.4025583617	90.1773843986	89.9522104355	89.7270364724	89.5018625093	89.2766885462	89.0515145831	88.82634062	88.6011666569	88.3759926938	-10.9870198916	-11.2392552882	-11.4914906847	-11.7437260812	-11.9959614778	-12.2481968743	-12.5004322709	-12.7526676674	-13.0049030639	-13.2571384605	3.87036749103	3.87036749103	3.87036749103	3.87036749103	3.87036749103	3.87036749103	3.87036749103	3.87036749103	3.87036749103	3.87036749103	
5.93333333333	90.1229601144	90.2470401184	90.3711201225	90.4952001265	90.6192801305	90.7433601345	90.8674401385	90.9915201425	91.1156001466	91.2396801506	0.0	0.0	-4.17993604363e-08	-5.20338192298e-08	-1.3290043649e-07	-1.77284114977e-07	-2.69730020079e-07	-3.33479727403e-07	-4.2628756618e-07	-5.00690455068e-07	0.0	-3.36874267273e-07	-8.24827406686e-08	-6.51729647345e-07	-3.57702103888e-07	-7.45050790692e-07	-5.13779055931e-07	-7.47967728666e-07	-5.99636415861e-07	-8.82770844219e-07	90.4025583617	90.1773843986	89.9522104355	89.7270364724	89.5018625093	89.2766885462	89.0515145831	88.82634062	88.6011666569	88.3759926938	-10.9870198916	-11.2392552882	-11.4914906847	-11.7437260812	-11.9959614778	-12.2481968743	-12.5004322709	-12.7526676674	-13.0049030639	-13.2571384605	3.87036749103	3.87036749103	3.87036749103	3.87036749103	3.87036749103	3.87036749103	3.87036749103	3.87036749103	3.87036749103	3.87036749103	
5.95	90.1229601144	90.2470401184	90.3711201225	90.4952001265	90.6192801305	90.7433601345	90.8674401385	90.9915201425	91.1156001466	91.2396801506	0.0	0.0	-4.17993604363e-08	-5.20338192298e-08	-1.3290043649e-07	-1.77284114977e-07	-2.69730020079e-07	-3.33479727403e-07	-4.2628756618e-07	-5.00690455068e-07	0.0	-3.36874267273e-07	-8.24827406686e-08	-6.51729647345e-07	-3.57702103888e-07	-7.45050790692e-07	-5.13779055931e-07	-7.47967728666e-07	-5.99636415861e-07	-8.82770844219e-07	90.4025583617	90.1773843986	89.9522104355	89.7270364724	89.5018625093	89.2766885462	89.0515145831	88.82634062	88.6011666569	88.3759926938	-10.9870198916	-11.2392552882	-11.4914906847	-11.7437260812	-11.9959614778	-12.2481968743	-12.5004322709	-12.7526676674	-13.0049030639	-13.2571384605	3.87036749103	3.87036749103	3.87036749103	3.87036749103	3.87036749103	3.87036749103	3.87036749103	3.87036749103	3.87036749103	3.87036749103	
5.96666666667	90.1229601144	90.2470401184	90.3711201225	90.4952001265	90.6192801305	90.7433601345	90.8674401385	90.9915201425	91.1156001466	91.2396801506	0.0	0.0	-4.17993604363e-08	-5.20338192298e-08	-1.3290043649e-07	-1.77284114977e-07	-2.69730020079e-07	-3.33479727403e-07	-4.2628756618e-07	-5.00690455068e-07	0.0	-3.36874267273e-07	-8.24827406686e-08	-6.51729647345e-07	-3.57702103888e-07	-7.45050790692e-07	-5.13779055931e-07	-7.47967728666e-07	-5.99636415861e-07	-8.82770844219e-07	90.4025583617	90.1773843986	89.9522104355	89.7270364724	89.5018625093	89.2766885462	89.0515145831	88.82634062	88.6011666569	88.3759926938	-10.9870198916	-11.2392552882	-11.4914906847	-11.7437260812	-11.9959614778	-12.2481968743	-12.5004322709	-12.7526676674	-13.0049030639	-13.2571384605	3.87036749103	3.87036749103	3.87036749103	3.87036749103	3.87036749103	3.87036749103	3.87036749103	3.87036749103	3.87036749103	3.87036749103	
5.98333333333	90.1229601144	90.2470401184	90.3711201225	90.4952001265	90.6192801305	90.7433601345	90.8674401385	90.9915201425	91.1156001466	91.2396801506	0.0	0.0	-4.17993604363e-08	-5.20338192298e-08	-1.3290043649e-07	-1.77284114977e-07	-2.69730020079e-07	-3.33479727403e-07	-4.2628756618e-07	-5.00690455068e-07	0.0	-3.36874267273e-07	-8.24827406686e-08	-6.51729647345e-07	-3.57702103888e-07	-7.45050790692e-07	-5.13779055931e-07	-7.47967728666e-07	-5.99636415861e-07	-8.82770844219e-07	90.4025583617	90.1773843986	89.9522104355	89.7270364724	89.5018625093	89.2766885462	89.0515145831	88.82634062	88.6011666569	88.3759926938	-10.9870198916	-11.2392552882	-11.4914906847	-11.7437260812	-11.9959614778	-12.2481968743	-12.5004322709	-12.7526676674	-13.0049030639	-13.2571384605	3.87036749103	3.87036749103	3.87036749103	3.87036749103	3.87036749103	3.87036749103	3.87036749103	3.87036749103	3.87036749103	3.87036749103	
6.0	90.1229601144	90.2470401184	90.3711201225	90.4952001265	90.6192801305	90.7433601345	90.8674401385	90.9915201425	91.1156001466	91.2396801506	0.0	0.0	-4.17993604363e-08	-5.20338192298e-08	-1.3290043649e-07	-1.77284114977e-07	-2.69730020079e-07	-3.33479727403e-07	-4.2628756618e-07	-5.00690455068e-07	0.0	-3.36874267273e-07	-8.24827406686e-08	-6.51729647345e-07	-3.57702103888e-07	-7.45050790692e-07	-5.13779055931e-07	-7.47967728666e-07	-5.99636415861e-07	-8.82770844219e-07	90.4025583617	90.1773843986	89.9522104355	89.7270364724	89.5018625093	89.2766885462	89.0515145831	88.82634062	88.6011666569	88.3759926938	-10.9870198916	-11.2392552882	-11.4914906847	-11.7437260812	-11.9959614778	-12.2481968743	-12.5004322709	-12.7526676674	-13.0049030639	-13.2571384605	3.87036749103	3.87036749103	3.87036749103	3.87036749103	3.87036749103	3.87036749103	3.87036749103	3.87036749103	3.87036749103	3.87036749103	
6.01666666667	90.1229601144	90.2470401184	90.3711201225	90.4952001265	90.6192801305	90.7433601345	90.8674401385	90.9915201425	91.1156001466	91.2396801506	0.0	0.0	-4.17993604363e-08	-5.20338192298e-08	-1.3290043649e-07	-1.77284114977e-07	-2.69730020079e-07	-3.33479727403e-07	-4.2628756618e-07	-5.00690455068e-07	0.0	-3.36874267273e-07	-8.24827406686e-08	-6.51729647345e-07	-3.57702103888e-07	-7.45050790692e-07	-5.13779055931e-07	-7.47967728666e-07	-5.99636415861e-07	-8.82770844219e-07	90.4025583617	90.1773843986	89.9522104355	89.7270364724	89.5018625093	89.2766885462	89.0515145831	88.82634062	88.6011666569	88.3759926938	-10.9870198916	-11.2392552882	-11.4914906847	-11.7437260812	-11.9959614778	-12.2481968743	-12.5004322709	-12.7526676674	-13.0049030639	-13.2571384605	3.87036749103	3.87036749103	3.87036749103	3.87036749103	3.87036749103	3.87036749103	3.87036749103	3.87036749103	3.87036749103	3.87036749103	
6.03333333333	90.1229601144	90.2470401184	90.3711201225	90.4952001265	90.6192801305	90.7433601345	90.8674401385	90.9915201425	91.1156001466	91.2396801506	0.0	0.0	-4.17993604363e-08	-5.20338192298e-08	-1.3290043649e-07	-1.77284114977e-07	-2.69730020079e-07	-3.33479727403e-07	-4.2628756618e-07	-5.00690455068e-07	0.0	-3.36874267273e-07	-8.24827406686e-08	-6.51729647345e-07	-3.57702103888e-07	-7.45050790692e-07	-5.13779055931e-07	-7.47967728666e-07	-5.99636415861e-07	-8.82770844219e-07	90.4025583617	90.1773843986	89.9522104355	89.7270364724	89.5018625093	89.2766885462	89.0515145831	88.82634062	88.6011666569	88.3759926938	-10.9870198916	-11.2392552882	-11.4914906847	-11.7437260812	-11.9959614778	-12.2481968743	-12.5004322709	-12.7526676674	-13.0049030639	-13.2571384605	3.87036749103	3.87036749103	3.87036749103	3.87036749103	3.87036749103	3.87036749103	3.87036749103	3.87036749103	3.87036749103	3.87036749103	
6.05	90.1229601144	90.2470401184	90.3711201225	90.4952001265	90.6192801305	90.7433601345	90.8674401385	90.9915201425	91.1156001466	91.2396801506	0.0	0.0	-4.17993604363e-08	-5.20338192298e-08	-1.3290043649e-07	-1.77284114977e-07	-2.69730020079e-07	-3.33479727403e-07	-4.2628756618e-07	-5.00690455068e-07	0.0	-3.36874267273e-07	-8.24827406686e-08	-6.51729647345e-07	-3.57702103888e-07	-7.45050790692e-07	-5.13779055931e-07	-7.47967728666e-07	-5.99636415861e-07	-8.82770844219e-07	90.4025583617	90.1773843986	89.9522104355	89.7270364724	89.5018625093	89.2766885462	89.0515145831	88.82634062	88.6011666569	88.3759926938	-10.9870198916	-11.2392552882	-11.4914906847	-11.7437260812	-11.9959614778	-12.2481968743	-12.5004322709	-12.7526676674	-13.0049030639	-13.2571384605	3.87036749103	3.87036749103	3.87036749103	3.87036749103	3.87036749103	3.87036749103	3.87036749103	3.87036749103	3.87036749103	3.87036749103	
6.06666666667	90.1229601144	90.2470401184	90.3711201225	90.4952001265	90.6192801305	90.7433601345	90.8674401385	90.9915201425	91.1156001466	91.2396801506	0.0	0.0	-4.17993604363e-08	-5.20338192298e-08	-1.3290043649e-07	-1.77284114977e-07	-2.69730020079e-07	-3.33479727403e-07	-4.2628756618e-07	-5.00690455068e-07	0.0	-3.36874267273e-07	-8.24827406686e-08	-6.51729647345e-07	-3.57702103888e-07	-7.45050790692e-07	-5.13779055931e-07	-7.47967728666e-07	-5.99636415861e-07	-8.82770844219e-07	90.4025583617	90.1773843986	89.9522104355	89.7270364724	89.5018625093	89.2766885462	89.0515145831	88.82634062	88.6011666569	88.3759926938	-10.9870198916	-11.2392552882	-11.4914906847	-11.7437260812	-11.9959614778	-12.2481968743	-12.5004322709	-12.7526676674	-13.0049030639	-13.2571384605	3.87036749103	3.87036749103	3.87036749103	3.87036749103	3.87036749103	3.87036749103	3.87036749103	3.87036749103	3.87036749103	3.87036749103	
6.08333333333	90.1229601144	90.2470401184	90.3711201225	90.4952001265	90.6192801305	90.7433601345	90.8674401385	90.9915201425	91.1156001466	91.2396801506	0.0	0.0	-4.17993604363e-08	-5.20338192298e-08	-1.3290043649e-07	-1.77284114977e-07	-2.69730020079e-07	-3.33479727403e-07	-4.2628756618e-07	-5.00690455068e-07	0.0	-3.36874267273e-07	-8.24827406686e-08	-6.51729647345e-07	-3.57702103888e-07	-7.45050790692e-07	-5.13779055931e-07	-7.47967728666e-07	-5.99636415861e-07	-8.82770844219e-07	90.4025583617	90.1773843986	89.9522104355	89.7270364724	89.5018625093	89.2766885462	89.0515145831	88.82634062	88.6011666569	88.3759926938	-10.9870198916	-11.2392552882	-11.4914906847	-11.7437260812	-11.9959614778	-12.2481968743	-12.5004322709	-12.7526676674	-13.0049030639	-13.2571384605	3.87036749103	3.87036749103	3.87036749103	3.87036749103	3.87036749103	3.87036749103	3.87036749103	3.87036749103	3.87036749103	3.87036749103	
6.1	90.1229601144	90.2470401184	90.3711201225	90.4952001265	90.6192801305	90.7433601345	90.8674401385	90.9915201425	91.1156001466	91.2396801506	0.0	0.0	-4.17993604363e-08	-5.20338192298e-08	-1.3290043649e-07	-1.77284114977e-07	-2.69730020079e-07	-3.33479727403e-07	-4.2628756618e-07	-5.00690455068e-07	0.0	-3.36874267273e-07	-8.24827406686e-08	-6.51729647345e-07	-3.57702103888e-07	-7.45050790692e-07	-5.13779055931e-07	-7.47967728666e-07	-5.99636415861e-07	-8.82770844219e-07	90.4025583617	90.1773843986	89.9522104355	89.7270364724	89.5018625093	89.2766885462	89.0515145831	88.82634062	88.6011666569	88.3759926938	-10.9870198916	-11.2392552882	-11.4914906847	-11.7437260812	-11.9959614778	-12.2481968743	-12.5004322709	-12.7526676674	-13.0049030639	-13.2571384605	3.87036749103	3.87036749103	3.87036749103	3.87036749103	3.87036749103	3.87036749103	3.87036749103	3.87036749103	3.87036749103	3.87036749103	
6.11666666667	90.1229601144	90.2470401184	90.3711201225	90.4952001265	90.6192801305	90.7433601345	90.8674401385	90.9915201425	91.1156001466	91.2396801506	0.0	0.0	-4.17993604363e-08	-5.20338192298e-08	-1.3290043649e-07	-1.77284114977e-07	-2.69730020079e-07	-3.33479727403e-07	-4.2628756618e-07	-5.00690455068e-07	0.0	-3.36874267273e-07	-8.24827406686e-08	-6.51729647345e-07	-3.57702103888e-07	-7.45050790692e-07	-5.13779055931e-07	-7.47967728666e-07	-5.99636415861e-07	-8.82770844219e-07	90.4025583617	90.1773843986	89.9522104355	89.7270364724	89.5018625093	89.2766885462	89.0515145831	88.82634062	88.6011666569	88.3759926938	-10.9870198916	-11.2392552882	-11.4914906847	-11.7437260812	-11.9959614778	-12.2481968743	-12.5004322709	-12.7526676674	-13.0049030639	-13.2571384605	3.87036749103	3.87036749103	3.87036749103	3.87036749103	3.87036749103	3.87036749103	3.87036749103	3.87036749103	3.87036749103	3.87036749103	
6.13333333333	90.1229601144	90.2470401184	90.3711201225	90.4952001265	90.6192801305	90.7433601345	90.8674401385	90.9915201425	91.1156001466	91.2396801506	0.0	0.0	-4.17993604363e-08	-5.20338192298e-08	-1.3290043649e-07	-1.77284114977e-07	-2.69730020079e-07	-3.33479727403e-07	-4.2628756618e-07	-5.00690455068e-07	0.0	-3.36874267273e-07	-8.24827406686e-08	-6.51729647345e-07	-3.57702103888e-07	-7.45050790692e-07	-5.13779055931e-07	-7.47967728666e-07	-5.99636415861e-07	-8.82770844219e-07	90.4025583617	90.1773843986	89.9522104355	89.7270364724	89.5018625093	89.2766885462	89.0515145831	88.82634062	88.6011666569	88.3759926938	-10.9870198916	-11.2392552882	-11.4914906847	-11.7437260812	-11.9959614778	-12.2481968743	-12.5004322709	-12.7526676674	-13.0049030639	-13.2571384605	3.87036749103	3.87036749103	3.87036749103	3.87036749103	3.87036749103	3.87036749103	3.87036749103	3.87036749103	3.87036749103	3.87036749103	
6.15	90.1229601144	90.2470401184	90.3711201225	90.4952001265	90.6192801305	90.7433601345	90.8674401385	90.9915201425	91.1156001466	91.2396801506	0.0	0.0	-4.17993604363e-08	-5.20338192298e-08	-1.3290043649e-07	-1.77284114977e-07	-2.69730020079e-07	-3.33479727403e-07	-4.2628756618e-07	-5.00690455068e-07	0.0	-3.36874267273e-07	-8.24827406686e-08	-6.51729647345e-07	-3.57702103888e-07	-7.45050790692e-07	-5.13779055931e-07	-7.47967728666e-07	-5.99636415861e-07	-8.82770844219e-07	90.4025583617	90.1773843986	89.9522104355	89.7270364724	89.5018625093	89.2766885462	89.0515145831	88.82634062	88.6011666569	88.3759926938	-10.9870198916	-11.2392552882	-11.4914906847	-11.7437260812	-11.9959614778	-12.2481968743	-12.5004322709	-12.7526676674	-13.0049030639	-13.2571384605	3.87036749103	3.87036749103	3.87036749103	3.87036749103	3.87036749103	3.87036749103	3.87036749103	3.87036749103	3.87036749103	3.87036749103	
6.16666666667	90.1229601144	90.2470401184	90.3711201225	90.4952001265	90.6192801305	90.7433601345	90.8674401385	90.9915201425	91.1156001466	91.2396801506	0.0	0.0	-4.17993604363e-08	-5.20338192298e-08	-1.3290043649e-07	-1.77284114977e-07	-2.69730020079e-07	-3.33479727403e-07	-4.2628756618e-07	-5.00690455068e-07	0.0	-3.36874267273e-07	-8.24827406686e-08	-6.51729647345e-07	-3.57702103888e-07	-7.45050790692e-07	-5.13779055931e-07	-7.47967728666e-07	-5.99636415861e-07	-8.82770844219e-07	90.4025583617	90.1773843986	89.9522104355	89.7270364724	89.5018625093	89.2766885462	89.0515145831	88.82634062	88.6011666569	88.3759926938	-10.9870198916	-11.2392552882	-11.4914906847	-11.7437260812	-11.9959614778	-12.2481968743	-12.5004322709	-12.7526676674	-13.0049030639	-13.2571384605	3.87036749103	3.87036749103	3.87036749103	3.87036749103	3.87036749103	3.87036749103	3.87036749103	3.87036749103	3.87036749103	3.87036749103	
6.18333333333	90.1229601144	90.2470401184	90.3711201225	90.4952001265	90.6192801305	90.7433601345	90.8674401385	90.9915201425	91.1156001466	91.2396801506	0.0	0.0	-4.17993604363e-08	-5.20338192298e-08	-1.3290043649e-07	-1.77284114977e-07	-2.69730020079e-07	-3.33479727403e-07	-4.2628756618e-07	-5.00690455068e-07	0.0	-3.36874267273e-07	-8.24827406686e-08	-6.51729647345e-07	-3.57702103888e-07	-7.45050790692e-07	-5.13779055931e-07	-7.47967728666e-07	-5.99636415861e-07	-8.82770844219e-07	90.4025583617	90.1773843986	89.9522104355	89.7270364724	89.5018625093	89.2766885462	89.0515145831	88.82634062	88.6011666569	88.3759926938	-10.9870198916	-11.2392552882	-11.4914906847	-11.7437260812	-11.9959614778	-12.2481968743	-12.5004322709	-12.7526676674	-13.0049030639	-13.2571384605	3.87036749103	3.87036749103	3.87036749103	3.87036749103	3.87036749103	3.87036749103	3.87036749103	3.87036749103	3.87036749103	3.87036749103	
6.2	90.1229601144	90.2470401184	90.3711201225	90.4952001265	90.6192801305	90.7433601345	90.8674401385	90.9915201425	91.1156001466	91.2396801506	0.0	0.0	-4.17993604363e-08	-5.20338192298e-08	-1.3290043649e-07	-1.77284114977e-07	-2.69730020079e-07	-3.33479727403e-07	-4.2628756618e-07	-5.00690455068e-07	0.0	-3.36874267273e-07	-8.24827406686e-08	-6.51729647345e-07	-3.57702103888e-07	-7.45050790692e-07	-5.13779055931e-07	-7.47967728666e-07	-5.99636415861e-07	-8.82770844219e-07	90.4025583617	90.1773843986	89.9522104355	89.7270364724	89.5018625093	89.2766885462	89.0515145831	88.82634062	88.6011666569	88.3759926938	-10.9870198916	-11.2392552882	-11.4914906847	-11.7437260812	-11.9959614778	-12.2481968743	-12.5004322709	-12.7526676674	-13.0049030639	-13.2571384605	3.87036749103	3.87036749103	3.87036749103	3.87036749103	3.87036749103	3.87036749103	3.87036749103	3.87036749103	3.87036749103	3.87036749103	
6.21666666667	90.1229601144	90.2470401184	90.3711201225	90.4952001265	90.6192801305	90.7433601345	90.8674401385	90.9915201425	91.1156001466	91.2396801506	0.0	0.0	-4.17993604363e-08	-5.20338192298e-08	-1.3290043649e-07	-1.77284114977e-07	-2.69730020079e-07	-3.33479727403e-07	-4.2628756618e-07	-5.00690455068e-07	0.0	-3.36874267273e-07	-8.24827406686e-08	-6.51729647345e-07	-3.57702103888e-07	-7.45050790692e-07	-5.13779055931e-07	-7.47967728666e-07	-5.99636415861e-07	-8.82770844219e-07	90.4025583617	90.1773843986	89.9522104355	89.7270364724	89.5018625093	89.2766885462	89.0515145831	88.82634062	88.6011666569	88.3759926938	-10.9870198916	-11.2392552882	-11.4914906847	-11.7437260812	-11.9959614778	-12.2481968743	-12.5004322709	-12.7526676674	-13.0049030639	-13.2571384605	3.87036749103	3.87036749103	3.87036749103	3.87036749103	3.87036749103	3.87036749103	3.87036749103	3.87036749103	3.87036749103	3.87036749103	
6.23333333333	90.1229601144	90.2470401184	90.3711201225	90.4952001265	90.6192801305	90.7433601345	90.8674401385	90.9915201425	91.1156001466	91.2396801506	0.0	0.0	-4.17993604363e-08	-5.20338192298e-08	-1.3290043649e-07	-1.77284114977e-07	-2.69730020079e-07	-3.33479727403e-07	-4.2628756618e-07	-5.00690455068e-07	0.0	-3.36874267273e-07	-8.24827406686e-08	-6.51729647345e-07	-3.57702103888e-07	-7.45050790692e-07	-5.13779055931e-07	-7.47967728666e-07	-5.99636415861e-07	-8.82770844219e-07	90.4025583617	90.1773843986	89.9522104355	89.7270364724	89.5018625093	89.2766885462	89.0515145831	88.82634062	88.6011666569	88.3759926938	-10.9870198916	-11.2392552882	-11.4914906847	-11.7437260812	-11.9959614778	-12.2481968743	-12.5004322709	-12.7526676674	-13.0049030639	-13.2571384605	3.87036749103	3.87036749103	3.87036749103	3.87036749103	3.87036749103	3.87036749103	3.87036749103	3.87036749103	3.87036749103	3.87036749103	
6.25	90.1229601144	90.2470401184	90.3711201225	90.4952001265	90.6192801305	90.7433601345	90.8674401385	90.9915201425	91.1156001466	91.2396801506	0.0	0.0	-4.17993604363e-08	-5.20338192298e-08	-1.3290043649e-07	-1.77284114977e-07	-2.69730020079e-07	-3.33479727403e-07	-4.2628756618e-07	-5.00690455068e-07	0.0	-3.36874267273e-07	-8.24827406686e-08	-6.51729647345e-07	-3.57702103888e-07	-7.45050790692e-07	-5.13779055931e-07	-7.47967728666e-07	-5.99636415861e-07	-8.82770844219e-07	90.4025583617	90.1773843986	89.9522104355	89.7270364724	89.5018625093	89.2766885462	89.0515145831	88.82634062	88.6011666569	88.3759926938	-10.9870198916	-11.2392552882	-11.4914906847	-11.7437260812	-11.9959614778	-12.2481968743	-12.5004322709	-12.7526676674	-13.0049030639	-13.2571384605	3.87036749103	3.87036749103	3.87036749103	3.87036749103	3.87036749103	3.87036749103	3.87036749103	3.87036749103	3.87036749103	3.87036749103	
6.26666666667	90.1229601144	90.2470401184	90.3711201225	90.4952001265	90.6192801305	90.7433601345	90.8674401385	90.9915201425	91.1156001466	91.2396801506	0.0	0.0	-4.17993604363e-08	-5.20338192298e-08	-1.3290043649e-07	-1.77284114977e-07	-2.69730020079e-07	-3.33479727403e-07	-4.2628756618e-07	-5.00690455068e-07	0.0	-3.36874267273e-07	-8.24827406686e-08	-6.51729647345e-07	-3.57702103888e-07	-7.45050790692e-07	-5.13779055931e-07	-7.47967728666e-07	-5.99636415861e-07	-8.82770844219e-07	90.4025583617	90.1773843986	89.9522104355	89.7270364724	89.5018625093	89.2766885462	89.0515145831	88.82634062	88.6011666569	88.3759926938	-10.9870198916	-11.2392552882	-11.4914906847	-11.7437260812	-11.9959614778	-12.2481968743	-12.5004322709	-12.7526676674	-13.0049030639	-13.2571384605	3.87036749103	3.87036749103	3.87036749103	3.87036749103	3.87036749103	3.87036749103	3.87036749103	3.87036749103	3.87036749103	3.87036749103	
6.28333333333	90.1229601144	90.2470401184	90.3711201225	90.4952001265	90.6192801305	90.7433601345	90.8674401385	90.9915201425	91.1156001466	91.2396801506	0.0	0.0	-4.17993604363e-08	-5.20338192298e-08	-1.3290043649e-07	-1.77284114977e-07	-2.69730020079e-07	-3.33479727403e-07	-4.2628756618e-07	-5.00690455068e-07	0.0	-3.36874267273e-07	-8.24827406686e-08	-6.51729647345e-07	-3.57702103888e-07	-7.45050790692e-07	-5.13779055931e-07	-7.47967728666e-07	-5.99636415861e-07	-8.82770844219e-07	90.4025583617	90.1773843986	89.9522104355	89.7270364724	89.5018625093	89.2766885462	89.0515145831	88.82634062	88.6011666569	88.3759926938	-10.9870198916	-11.2392552882	-11.4914906847	-11.7437260812	-11.9959614778	-12.2481968743	-12.5004322709	-12.7526676674	-13.0049030639	-13.2571384605	3.87036749103	3.87036749103	3.87036749103	3.87036749103	3.87036749103	3.87036749103	3.87036749103	3.87036749103	3.87036749103	3.87036749103	
6.3	90.1229601144	90.2470401184	90.3711201225	90.4952001265	90.6192801305	90.7433601345	90.8674401385	90.9915201425	91.1156001466	91.2396801506	0.0	0.0	-4.17993604363e-08	-5.20338192298e-08	-1.3290043649e-07	-1.77284114977e-07	-2.69730020079e-07	-3.33479727403e-07	-4.2628756618e-07	-5.00690455068e-07	0.0	-3.36874267273e-07	-8.24827406686e-08	-6.51729647345e-07	-3.57702103888e-07	-7.45050790692e-07	-5.13779055931e-07	-7.47967728666e-07	-5.99636415861e-07	-8.82770844219e-07	90.4025583617	90.1773843986	89.9522104355	89.7270364724	89.5018625093	89.2766885462	89.0515145831	88.82634062	88.6011666569	88.3759926938	-10.9870198916	-11.2392552882	-11.4914906847	-11.7437260812	-11.9959614778	-12.2481968743	-12.5004322709	-12.7526676674	-13.0049030639	-13.2571384605	3.87036749103	3.87036749103	3.87036749103	3.87036749103	3.87036749103	3.87036749103	3.87036749103	3.87036749103	3.87036749103	3.87036749103	
6.31666666667	90.1229601144	90.2470401184	90.3711201225	90.4952001265	90.6192801305	90.7433601345	90.8674401385	90.9915201425	91.1156001466	91.2396801506	0.0	0.0	-4.17993604363e-08	-5.20338192298e-08	-1.3290043649e-07	-1.77284114977e-07	-2.69730020079e-07	-3.33479727403e-07	-4.2628756618e-07	-5.00690455068e-07	0.0	-3.36874267273e-07	-8.24827406686e-08	-6.51729647345e-07	-3.57702103888e-07	-7.45050790692e-07	-5.13779055931e-07	-7.47967728666e-07	-5.99636415861e-07	-8.82770844219e-07	90.4025583617	90.1773843986	89.9522104355	89.7270364724	89.5018625093	89.2766885462	89.0515145831	88.82634062	88.6011666569	88.3759926938	-10.9870198916	-11.2392552882	-11.4914906847	-11.7437260812	-11.9959614778	-12.2481968743	-12.5004322709	-12.7526676674	-13.0049030639	-13.2571384605	3.87036749103	3.87036749103	3.87036749103	3.87036749103	3.87036749103	3.87036749103	3.87036749103	3.87036749103	3.87036749103	3.87036749103	
6.33333333333	90.1229601144	90.2470401184	90.3711201225	90.4952001265	90.6192801305	90.7433601345	90.8674401385	90.9915201425	91.1156001466	91.2396801506	0.0	0.0	-4.17993604363e-08	-5.20338192298e-08	-1.3290043649e-07	-1.77284114977e-07	-2.69730020079e-07	-3.33479727403e-07	-4.2628756618e-07	-5.00690455068e-07	0.0	-3.36874267273e-07	-8.24827406686e-08	-6.51729647345e-07	-3.57702103888e-07	-7.45050790692e-07	-5.13779055931e-07	-7.47967728666e-07	-5.99636415861e-07	-8.82770844219e-07	90.4025583617	90.1773843986	89.9522104355	89.7270364724	89.5018625093	89.2766885462	89.0515145831	88.82634062	88.6011666569	88.3759926938	-10.9870198916	-11.2392552882	-11.4914906847	-11.7437260812	-11.9959614778	-12.2481968743	-12.5004322709	-12.7526676674	-13.0049030639	-13.2571384605	3.87036749103	3.87036749103	3.87036749103	3.87036749103	3.87036749103	3.87036749103	3.87036749103	3.87036749103	3.87036749103	3.87036749103	
6.35	90.1229601144	90.2470401184	90.3711201225	90.4952001265	90.6192801305	90.7433601345	90.8674401385	90.9915201425	91.1156001466	91.2396801506	0.0	0.0	-4.17993604363e-08	-5.20338192298e-08	-1.3290043649e-07	-1.77284114977e-07	-2.69730020079e-07	-3.33479727403e-07	-4.2628756618e-07	-5.00690455068e-07	0.0	-3.36874267273e-07	-8.24827406686e-08	-6.51729647345e-07	-3.57702103888e-07	-7.45050790692e-07	-5.13779055931e-07	-7.47967728666e-07	-5.99636415861e-07	-8.82770844219e-07	90.4025583617	90.1773843986	89.9522104355	89.7270364724	89.5018625093	89.2766885462	89.0515145831	88.82634062	88.6011666569	88.3759926938	-10.9870198916	-11.2392552882	-11.4914906847	-11.7437260812	-11.9959614778	-12.2481968743	-12.5004322709	-12.7526676674	-13.0049030639	-13.2571384605	3.87036749103	3.87036749103	3.87036749103	3.87036749103	3.87036749103	3.87036749103	3.87036749103	3.87036749103	3.87036749103	3.87036749103	
6.36666666667	90.1229601144	90.2470401184	90.3711201225	90.4952001265	90.6192801305	90.7433601345	90.8674401385	90.9915201425	91.1156001466	91.2396801506	0.0	0.0	-4.17993604363e-08	-5.20338192298e-08	-1.3290043649e-07	-1.77284114977e-07	-2.69730020079e-07	-3.33479727403e-07	-4.2628756618e-07	-5.00690455068e-07	0.0	-3.36874267273e-07	-8.24827406686e-08	-6.51729647345e-07	-3.57702103888e-07	-7.45050790692e-07	-5.13779055931e-07	-7.47967728666e-07	-5.99636415861e-07	-8.82770844219e-07	90.4025583617	90.1773843986	89.9522104355	89.7270364724	89.5018625093	89.2766885462	89.0515145831	88.82634062	88.6011666569	88.3759926938	-10.9870198916	-11.2392552882	-11.4914906847	-11.7437260812	-11.9959614778	-12.2481968743	-12.5004322709	-12.7526676674	-13.0049030639	-13.2571384605	3.87036749103	3.87036749103	3.87036749103	3.87036749103	3.87036749103	3.87036749103	3.87036749103	3.87036749103	3.87036749103	3.87036749103	
6.38333333333	90.1229601144	90.2470401184	90.3711201225	90.4952001265	90.6192801305	90.7433601345	90.8674401385	90.9915201425	91.1156001466	91.2396801506	0.0	0.0	-4.17993604363e-08	-5.20338192298e-08	-1.3290043649e-07	-1.77284114977e-07	-2.69730020079e-07	-3.33479727403e-07	-4.2628756618e-07	-5.00690455068e-07	0.0	-3.36874267273e-07	-8.24827406686e-08	-6.51729647345e-07	-3.57702103888e-07	-7.45050790692e-07	-5.13779055931e-07	-7.47967728666e-07	-5.99636415861e-07	-8.82770844219e-07	90.4025583617	90.1773843986	89.9522104355	89.7270364724	89.5018625093	89.2766885462	89.0515145831	88.82634062	88.6011666569	88.3759926938	-10.9870198916	-11.2392552882	-11.4914906847	-11.7437260812	-11.9959614778	-12.2481968743	-12.5004322709	-12.7526676674	-13.0049030639	-13.2571384605	3.87036749103	3.87036749103	3.87036749103	3.87036749103	3.87036749103	3.87036749103	3.87036749103	3.87036749103	3.87036749103	3.87036749103	
6.4	90.1229601144	90.2470401184	90.3711201225	90.4952001265	90.6192801305	90.7433601345	90.8674401385	90.9915201425	91.1156001466	91.2396801506	0.0	0.0	-4.17993604363e-08	-5.20338192298e-08	-1.3290043649e-07	-1.77284114977e-07	-2.69730020079e-07	-3.33479727403e-07	-4.2628756618e-07	-5.00690455068e-07	0.0	-3.36874267273e-07	-8.24827406686e-08	-6.51729647345e-07	-3.57702103888e-07	-7.45050790692e-07	-5.13779055931e-07	-7.47967728666e-07	-5.99636415861e-07	-8.82770844219e-07	90.4025583617	90.1773843986	89.9522104355	89.7270364724	89.5018625093	89.2766885462	89.0515145831	88.82634062	88.6011666569	88.3759926938	-10.9870198916	-11.2392552882	-11.4914906847	-11.7437260812	-11.9959614778	-12.2481968743	-12.5004322709	-12.7526676674	-13.0049030639	-13.2571384605	3.87036749103	3.87036749103	3.87036749103	3.87036749103	3.87036749103	3.87036749103	3.87036749103	3.87036749103	3.87036749103	3.87036749103	
6.41666666667	90.1229601144	90.2470401184	90.3711201225	90.4952001265	90.6192801305	90.7433601345	90.8674401385	90.9915201425	91.1156001466	91.2396801506	0.0	0.0	-4.17993604363e-08	-5.20338192298e-08	-1.3290043649e-07	-1.77284114977e-07	-2.69730020079e-07	-3.33479727403e-07	-4.2628756618e-07	-5.00690455068e-07	0.0	-3.36874267273e-07	-8.24827406686e-08	-6.51729647345e-07	-3.57702103888e-07	-7.45050790692e-07	-5.13779055931e-07	-7.47967728666e-07	-5.99636415861e-07	-8.82770844219e-07	90.4025583617	90.1773843986	89.9522104355	89.7270364724	89.5018625093	89.2766885462	89.0515145831	88.82634062	88.6011666569	88.3759926938	-10.9870198916	-11.2392552882	-11.4914906847	-11.7437260812	-11.9959614778	-12.2481968743	-12.5004322709	-12.7526676674	-13.0049030639	-13.2571384605	3.87036749103	3.87036749103	3.87036749103	3.87036749103	3.87036749103	3.87036749103	3.87036749103	3.87036749103	3.87036749103	3.87036749103	
6.43333333333	90.1229601144	90.2470401184	90.3711201225	90.4952001265	90.6192801305	90.7433601345	90.8674401385	90.9915201425	91.1156001466	91.2396801506	0.0	0.0	-4.17993604363e-08	-5.20338192298e-08	-1.3290043649e-07	-1.77284114977e-07	-2.69730020079e-07	-3.33479727403e-07	-4.2628756618e-07	-5.00690455068e-07	0.0	-3.36874267273e-07	-8.24827406686e-08	-6.51729647345e-07	-3.57702103888e-07	-7.45050790692e-07	-5.13779055931e-07	-7.47967728666e-07	-5.99636415861e-07	-8.82770844219e-07	90.4025583617	90.1773843986	89.9522104355	89.7270364724	89.5018625093	89.2766885462	89.0515145831	88.82634062	88.6011666569	88.3759926938	-10.9870198916	-11.2392552882	-11.4914906847	-11.7437260812	-11.9959614778	-12.2481968743	-12.5004322709	-12.7526676674	-13.0049030639	-13.2571384605	3.87036749103	3.87036749103	3.87036749103	3.87036749103	3.87036749103	3.87036749103	3.87036749103	3.87036749103	3.87036749103	3.87036749103	
6.45	90.1229601144	90.2470401184	90.3711201225	90.4952001265	90.6192801305	90.7433601345	90.8674401385	90.9915201425	91.1156001466	91.2396801506	0.0	0.0	-4.17993604363e-08	-5.20338192298e-08	-1.3290043649e-07	-1.77284114977e-07	-2.69730020079e-07	-3.33479727403e-07	-4.2628756618e-07	-5.00690455068e-07	0.0	-3.36874267273e-07	-8.24827406686e-08	-6.51729647345e-07	-3.57702103888e-07	-7.45050790692e-07	-5.13779055931e-07	-7.47967728666e-07	-5.99636415861e-07	-8.82770844219e-07	90.4025583617	90.1773843986	89.9522104355	89.7270364724	89.5018625093	89.2766885462	89.0515145831	88.82634062	88.6011666569	88.3759926938	-10.9870198916	-11.2392552882	-11.4914906847	-11.7437260812	-11.9959614778	-12.2481968743	-12.5004322709	-12.7526676674	-13.0049030639	-13.2571384605	3.87036749103	3.87036749103	3.87036749103	3.87036749103	3.87036749103	3.87036749103	3.87036749103	3.87036749103	3.87036749103	3.87036749103	
6.46666666667	90.1229601144	90.2470401184	90.3711201225	90.4952001265	90.6192801305	90.7433601345	90.8674401385	90.9915201425	91.1156001466	91.2396801506	0.0	0.0	-4.17993604363e-08	-5.20338192298e-08	-1.3290043649e-07	-1.77284114977e-07	-2.69730020079e-07	-3.33479727403e-07	-4.2628756618e-07	-5.00690455068e-07	0.0	-3.36874267273e-07	-8.24827406686e-08	-6.51729647345e-07	-3.57702103888e-07	-7.45050790692e-07	-5.13779055931e-07	-7.47967728666e-07	-5.99636415861e-07	-8.82770844219e-07	90.4025583617	90.1773843986	89.9522104355	89.7270364724	89.5018625093	89.2766885462	89.0515145831	88.82634062	88.6011666569	88.3759926938	-10.9870198916	-11.2392552882	-11.4914906847	-11.7437260812	-11.9959614778	-12.2481968743	-12.5004322709	-12.7526676674	-13.0049030639	-13.2571384605	3.87036749103	3.87036749103	3.87036749103	3.87036749103	3.87036749103	3.87036749103	3.87036749103	3.87036749103	3.87036749103	3.87036749103	
6.48333333333	90.1229601144	90.2470401184	90.3711201225	90.4952001265	90.6192801305	90.7433601345	90.8674401385	90.9915201425	91.1156001466	91.2396801506	0.0	0.0	-4.17993604363e-08	-5.20338192298e-08	-1.3290043649e-07	-1.77284114977e-07	-2.69730020079e-07	-3.33479727403e-07	-4.2628756618e-07	-5.00690455068e-07	0.0	-3.36874267273e-07	-8.24827406686e-08	-6.51729647345e-07	-3.57702103888e-07	-7.45050790692e-07	-5.13779055931e-07	-7.47967728666e-07	-5.99636415861e-07	-8.82770844219e-07	90.4025583617	90.1773843986	89.9522104355	89.7270364724	89.5018625093	89.2766885462	89.0515145831	88.82634062	88.6011666569	88.3759926938	-10.9870198916	-11.2392552882	-11.4914906847	-11.7437260812	-11.9959614778	-12.2481968743	-12.5004322709	-12.7526676674	-13.0049030639	-13.2571384605	3.87036749103	3.87036749103	3.87036749103	3.87036749103	3.87036749103	3.87036749103	3.87036749103	3.87036749103	3.87036749103	3.87036749103	
6.5	90.1229601144	90.2470401184	90.3711201225	90.4952001265	90.6192801305	90.7433601345	90.8674401385	90.9915201425	91.1156001466	91.2396801506	0.0	0.0	-4.17993604363e-08	-5.20338192298e-08	-1.3290043649e-07	-1.77284114977e-07	-2.69730020079e-07	-3.33479727403e-07	-4.2628756618e-07	-5.00690455068e-07	0.0	-3.36874267273e-07	-8.24827406686e-08	-6.51729647345e-07	-3.57702103888e-07	-7.45050790692e-07	-5.13779055931e-07	-7.47967728666e-07	-5.99636415861e-07	-8.82770844219e-07	90.4025583617	90.1773843986	89.9522104355	89.7270364724	89.5018625093	89.2766885462	89.0515145831	88.82634062	88.6011666569	88.3759926938	-10.9870198916	-11.2392552882	-11.4914906847	-11.7437260812	-11.9959614778	-12.2481968743	-12.5004322709	-12.7526676674	-13.0049030639	-13.2571384605	3.87036749103	3.87036749103	3.87036749103	3.87036749103	3.87036749103	3.87036749103	3.87036749103	3.87036749103	3.87036749103	3.87036749103	
6.51666666667	90.1229601144	90.2470401184	90.3711201225	90.4952001265	90.6192801305	90.7433601345	90.8674401385	90.9915201425	91.1156001466	91.2396801506	0.0	0.0	-4.17993604363e-08	-5.20338192298e-08	-1.3290043649e-07	-1.77284114977e-07	-2.69730020079e-07	-3.33479727403e-07	-4.2628756618e-07	-5.00690455068e-07	0.0	-3.36874267273e-07	-8.24827406686e-08	-6.51729647345e-07	-3.57702103888e-07	-7.45050790692e-07	-5.13779055931e-07	-7.47967728666e-07	-5.99636415861e-07	-8.82770844219e-07	90.4025583617	90.1773843986	89.9522104355	89.7270364724	89.5018625093	89.2766885462	89.0515145831	88.82634062	88.6011666569	88.3759926938	-10.9870198916	-11.2392552882	-11.4914906847	-11.7437260812	-11.9959614778	-12.2481968743	-12.5004322709	-12.7526676674	-13.0049030639	-13.2571384605	3.87036749103	3.87036749103	3.87036749103	3.87036749103	3.87036749103	3.87036749103	3.87036749103	3.87036749103	3.87036749103	3.87036749103	
6.53333333333	90.1229601144	90.2470401184	90.3711201225	90.4952001265	90.6192801305	90.7433601345	90.8674401385	90.9915201425	91.1156001466	91.2396801506	0.0	0.0	-4.17993604363e-08	-5.20338192298e-08	-1.3290043649e-07	-1.77284114977e-07	-2.69730020079e-07	-3.33479727403e-07	-4.2628756618e-07	-5.00690455068e-07	0.0	-3.36874267273e-07	-8.24827406686e-08	-6.51729647345e-07	-3.57702103888e-07	-7.45050790692e-07	-5.13779055931e-07	-7.47967728666e-07	-5.99636415861e-07	-8.82770844219e-07	90.4025583617	90.1773843986	89.9522104355	89.7270364724	89.5018625093	89.2766885462	89.0515145831	88.82634062	88.6011666569	88.3759926938	-10.9870198916	-11.2392552882	-11.4914906847	-11.7437260812	-11.9959614778	-12.2481968743	-12.5004322709	-12.7526676674	-13.0049030639	-13.2571384605	3.87036749103	3.87036749103	3.87036749103	3.87036749103	3.87036749103	3.87036749103	3.87036749103	3.87036749103	3.87036749103	3.87036749103	
6.55	90.1229601144	90.2470401184	90.3711201225	90.4952001265	90.6192801305	90.7433601345	90.8674401385	90.9915201425	91.1156001466	91.2396801506	0.0	0.0	-4.17993604363e-08	-5.20338192298e-08	-1.3290043649e-07	-1.77284114977e-07	-2.69730020079e-07	-3.33479727403e-07	-4.2628756618e-07	-5.00690455068e-07	0.0	-3.36874267273e-07	-8.24827406686e-08	-6.51729647345e-07	-3.57702103888e-07	-7.45050790692e-07	-5.13779055931e-07	-7.47967728666e-07	-5.99636415861e-07	-8.82770844219e-07	90.4025583617	90.1773843986	89.9522104355	89.7270364724	89.5018625093	89.2766885462	89.0515145831	88.82634062	88.6011666569	88.3759926938	-10.9870198916	-11.2392552882	-11.4914906847	-11.7437260812	-11.9959614778	-12.2481968743	-12.5004322709	-12.7526676674	-13.0049030639	-13.2571384605	3.87036749103	3.87036749103	3.87036749103	3.87036749103	3.87036749103	3.87036749103	3.87036749103	3.87036749103	3.87036749103	3.87036749103	
6.56666666667	90.1229601144	90.2470401184	90.3711201225	90.4952001265	90.6192801305	90.7433601345	90.8674401385	90.9915201425	91.1156001466	91.2396801506	0.0	0.0	-4.17993604363e-08	-5.20338192298e-08	-1.3290043649e-07	-1.77284114977e-07	-2.69730020079e-07	-3.33479727403e-07	-4.2628756618e-07	-5.00690455068e-07	0.0	-3.36874267273e-07	-8.24827406686e-08	-6.51729647345e-07	-3.57702103888e-07	-7.45050790692e-07	-5.13779055931e-07	-7.47967728666e-07	-5.99636415861e-07	-8.82770844219e-07	90.4025583617	90.1773843986	89.9522104355	89.7270364724	89.5018625093	89.2766885462	89.0515145831	88.82634062	88.6011666569	88.3759926938	-10.9870198916	-11.2392552882	-11.4914906847	-11.7437260812	-11.9959614778	-12.2481968743	-12.5004322709	-12.7526676674	-13.0049030639	-13.2571384605	3.87036749103	3.87036749103	3.87036749103	3.87036749103	3.87036749103	3.87036749103	3.87036749103	3.87036749103	3.87036749103	3.87036749103	
6.58333333333	90.1229601144	90.2470401184	90.3711201225	90.4952001265	90.6192801305	90.7433601345	90.8674401385	90.9915201425	91.1156001466	91.2396801506	0.0	0.0	-4.17993604363e-08	-5.20338192298e-08	-1.3290043649e-07	-1.77284114977e-07	-2.69730020079e-07	-3.33479727403e-07	-4.2628756618e-07	-5.00690455068e-07	0.0	-3.36874267273e-07	-8.24827406686e-08	-6.51729647345e-07	-3.57702103888e-07	-7.45050790692e-07	-5.13779055931e-07	-7.47967728666e-07	-5.99636415861e-07	-8.82770844219e-07	90.4025583617	90.1773843986	89.9522104355	89.7270364724	89.5018625093	89.2766885462	89.0515145831	88.82634062	88.6011666569	88.3759926938	-10.9870198916	-11.2392552882	-11.4914906847	-11.7437260812	-11.9959614778	-12.2481968743	-12.5004322709	-12.7526676674	-13.0049030639	-13.2571384605	3.87036749103	3.87036749103	3.87036749103	3.87036749103	3.87036749103	3.87036749103	3.87036749103	3.87036749103	3.87036749103	3.87036749103	
6.6	90.1229601144	90.2470401184	90.3711201225	90.4952001265	90.6192801305	90.7433601345	90.8674401385	90.9915201425	91.1156001466	91.2396801506	0.0	0.0	-4.17993604363e-08	-5.20338192298e-08	-1.3290043649e-07	-1.77284114977e-07	-2.69730020079e-07	-3.33479727403e-07	-4.2628756618e-07	-5.00690455068e-07	0.0	-3.36874267273e-07	-8.24827406686e-08	-6.51729647345e-07	-3.57702103888e-07	-7.45050790692e-07	-5.13779055931e-07	-7.47967728666e-07	-5.99636415861e-07	-8.82770844219e-07	90.4025583617	90.1773843986	89.9522104355	89.7270364724	89.5018625093	89.2766885462	89.0515145831	88.82634062	88.6011666569	88.3759926938	-10.9870198916	-11.2392552882	-11.4914906847	-11.7437260812	-11.9959614778	-12.2481968743	-12.5004322709	-12.7526676674	-13.0049030639	-13.2571384605	3.87036749103	3.87036749103	3.87036749103	3.87036749103	3.87036749103	3.87036749103	3.87036749103	3.87036749103	3.87036749103	3.87036749103	
6.61666666667	90.1229601144	90.2470401184	90.3711201225	90.4952001265	90.6192801305	90.7433601345	90.8674401385	90.9915201425	91.1156001466	91.2396801506	0.0	0.0	-4.17993604363e-08	-5.20338192298e-08	-1.3290043649e-07	-1.77284114977e-07	-2.69730020079e-07	-3.33479727403e-07	-4.2628756618e-07	-5.00690455068e-07	0.0	-3.36874267273e-07	-8.24827406686e-08	-6.51729647345e-07	-3.57702103888e-07	-7.45050790692e-07	-5.13779055931e-07	-7.47967728666e-07	-5.99636415861e-07	-8.82770844219e-07	90.4025583617	90.1773843986	89.9522104355	89.7270364724	89.5018625093	89.2766885462	89.0515145831	88.82634062	88.6011666569	88.3759926938	-10.9870198916	-11.2392552882	-11.4914906847	-11.7437260812	-11.9959614778	-12.2481968743	-12.5004322709	-12.7526676674	-13.0049030639	-13.2571384605	3.87036749103	3.87036749103	3.87036749103	3.87036749103	3.87036749103	3.87036749103	3.87036749103	3.87036749103	3.87036749103	3.87036749103	
6.63333333333	90.1229601144	90.2470401184	90.3711201225	90.4952001265	90.6192801305	90.7433601345	90.8674401385	90.9915201425	91.1156001466	91.2396801506	0.0	0.0	-4.17993604363e-08	-5.20338192298e-08	-1.3290043649e-07	-1.77284114977e-07	-2.69730020079e-07	-3.33479727403e-07	-4.2628756618e-07	-5.00690455068e-07	0.0	-3.36874267273e-07	-8.24827406686e-08	-6.51729647345e-07	-3.57702103888e-07	-7.45050790692e-07	-5.13779055931e-07	-7.47967728666e-07	-5.99636415861e-07	-8.82770844219e-07	90.4025583617	90.1773843986	89.9522104355	89.7270364724	89.5018625093	89.2766885462	89.0515145831	88.82634062	88.6011666569	88.3759926938	-10.9870198916	-11.2392552882	-11.4914906847	-11.7437260812	-11.9959614778	-12.2481968743	-12.5004322709	-12.7526676674	-13.0049030639	-13.2571384605	3.87036749103	3.87036749103	3.87036749103	3.87036749103	3.87036749103	3.87036749103	3.87036749103	3.87036749103	3.87036749103	3.87036749103	
6.65	90.1229601144	90.2470401184	90.3711201225	90.4952001265	90.6192801305	90.7433601345	90.8674401385	90.9915201425	91.1156001466	91.2396801506	0.0	0.0	-4.17993604363e-08	-5.20338192298e-08	-1.3290043649e-07	-1.77284114977e-07	-2.69730020079e-07	-3.33479727403e-07	-4.2628756618e-07	-5.00690455068e-07	0.0	-3.36874267273e-07	-8.24827406686e-08	-6.51729647345e-07	-3.57702103888e-07	-7.45050790692e-07	-5.13779055931e-07	-7.47967728666e-07	-5.99636415861e-07	-8.82770844219e-07	90.4025583617	90.1773843986	89.9522104355	89.7270364724	89.5018625093	89.2766885462	89.0515145831	88.82634062	88.6011666569	88.3759926938	-10.9870198916	-11.2392552882	-11.4914906847	-11.7437260812	-11.9959614778	-12.2481968743	-12.5004322709	-12.7526676674	-13.0049030639	-13.2571384605	3.87036749103	3.87036749103	3.87036749103	3.87036749103	3.87036749103	3.87036749103	3.87036749103	3.87036749103	3.87036749103	3.87036749103	
6.66666666667	90.1229601144	90.2470401184	90.3711201225	90.4952001265	90.6192801305	90.7433601345	90.8674401385	90.9915201425	91.1156001466	91.2396801506	0.0	0.0	-4.17993604363e-08	-5.20338192298e-08	-1.3290043649e-07	-1.77284114977e-07	-2.69730020079e-07	-3.33479727403e-07	-4.2628756618e-07	-5.00690455068e-07	0.0	-3.36874267273e-07	-8.24827406686e-08	-6.51729647345e-07	-3.57702103888e-07	-7.45050790692e-07	-5.13779055931e-07	-7.47967728666e-07	-5.99636415861e-07	-8.82770844219e-07	90.4025583617	90.1773843986	89.9522104355	89.7270364724	89.5018625093	89.2766885462	89.0515145831	88.82634062	88.6011666569	88.3759926938	-10.9870198916	-11.2392552882	-11.4914906847	-11.7437260812	-11.9959614778	-12.2481968743	-12.5004322709	-12.7526676674	-13.0049030639	-13.2571384605	3.87036749103	3.87036749103	3.87036749103	3.87036749103	3.87036749103	3.87036749103	3.87036749103	3.87036749103	3.87036749103	3.87036749103	
6.68333333333	90.1229601144	90.2470401184	90.3711201225	90.4952001265	90.6192801305	90.7433601345	90.8674401385	90.9915201425	91.1156001466	91.2396801506	0.0	0.0	-4.17993604363e-08	-5.20338192298e-08	-1.3290043649e-07	-1.77284114977e-07	-2.69730020079e-07	-3.33479727403e-07	-4.2628756618e-07	-5.00690455068e-07	0.0	-3.36874267273e-07	-8.24827406686e-08	-6.51729647345e-07	-3.57702103888e-07	-7.45050790692e-07	-5.13779055931e-07	-7.47967728666e-07	-5.99636415861e-07	-8.82770844219e-07	90.4025583617	90.1773843986	89.9522104355	89.7270364724	89.5018625093	89.2766885462	89.0515145831	88.82634062	88.6011666569	88.3759926938	-10.9870198916	-11.2392552882	-11.4914906847	-11.7437260812	-11.9959614778	-12.2481968743	-12.5004322709	-12.7526676674	-13.0049030639	-13.2571384605	3.87036749103	3.87036749103	3.87036749103	3.87036749103	3.87036749103	3.87036749103	3.87036749103	3.87036749103	3.87036749103	3.87036749103	
6.7	90.1229601144	90.2470401184	90.3711201225	90.4952001265	90.6192801305	90.7433601345	90.8674401385	90.9915201425	91.1156001466	91.2396801506	0.0	0.0	-4.17993604363e-08	-5.20338192298e-08	-1.3290043649e-07	-1.77284114977e-07	-2.69730020079e-07	-3.33479727403e-07	-4.2628756618e-07	-5.00690455068e-07	0.0	-3.36874267273e-07	-8.24827406686e-08	-6.51729647345e-07	-3.57702103888e-07	-7.45050790692e-07	-5.13779055931e-07	-7.47967728666e-07	-5.99636415861e-07	-8.82770844219e-07	90.4025583617	90.1773843986	89.9522104355	89.7270364724	89.5018625093	89.2766885462	89.0515145831	88.82634062	88.6011666569	88.3759926938	-10.9870198916	-11.2392552882	-11.4914906847	-11.7437260812	-11.9959614778	-12.2481968743	-12.5004322709	-12.7526676674	-13.0049030639	-13.2571384605	3.87036749103	3.87036749103	3.87036749103	3.87036749103	3.87036749103	3.87036749103	3.87036749103	3.87036749103	3.87036749103	3.87036749103	
6.71666666667	90.1229601144	90.2470401184	90.3711201225	90.4952001265	90.6192801305	90.7433601345	90.8674401385	90.9915201425	91.1156001466	91.2396801506	0.0	0.0	-4.17993604363e-08	-5.20338192298e-08	-1.3290043649e-07	-1.77284114977e-07	-2.69730020079e-07	-3.33479727403e-07	-4.2628756618e-07	-5.00690455068e-07	0.0	-3.36874267273e-07	-8.24827406686e-08	-6.51729647345e-07	-3.57702103888e-07	-7.45050790692e-07	-5.13779055931e-07	-7.47967728666e-07	-5.99636415861e-07	-8.82770844219e-07	90.4025583617	90.1773843986	89.9522104355	89.7270364724	89.5018625093	89.2766885462	89.0515145831	88.82634062	88.6011666569	88.3759926938	-10.9870198916	-11.2392552882	-11.4914906847	-11.7437260812	-11.9959614778	-12.2481968743	-12.5004322709	-12.7526676674	-13.0049030639	-13.2571384605	3.87036749103	3.87036749103	3.87036749103	3.87036749103	3.87036749103	3.87036749103	3.87036749103	3.87036749103	3.87036749103	3.87036749103	
6.73333333333	90.1229601144	90.2470401184	90.3711201225	90.4952001265	90.6192801305	90.7433601345	90.8674401385	90.9915201425	91.1156001466	91.2396801506	0.0	0.0	-4.17993604363e-08	-5.20338192298e-08	-1.3290043649e-07	-1.77284114977e-07	-2.69730020079e-07	-3.33479727403e-07	-4.2628756618e-07	-5.00690455068e-07	0.0	-3.36874267273e-07	-8.24827406686e-08	-6.51729647345e-07	-3.57702103888e-07	-7.45050790692e-07	-5.13779055931e-07	-7.47967728666e-07	-5.99636415861e-07	-8.82770844219e-07	90.4025583617	90.1773843986	89.9522104355	89.7270364724	89.5018625093	89.2766885462	89.0515145831	88.82634062	88.6011666569	88.3759926938	-10.9870198916	-11.2392552882	-11.4914906847	-11.7437260812	-11.9959614778	-12.2481968743	-12.5004322709	-12.7526676674	-13.0049030639	-13.2571384605	3.87036749103	3.87036749103	3.87036749103	3.87036749103	3.87036749103	3.87036749103	3.87036749103	3.87036749103	3.87036749103	3.87036749103	
6.75	90.1229601144	90.2470401184	90.3711201225	90.4952001265	90.6192801305	90.7433601345	90.8674401385	90.9915201425	91.1156001466	91.2396801506	0.0	0.0	-4.17993604363e-08	-5.20338192298e-08	-1.3290043649e-07	-1.77284114977e-07	-2.69730020079e-07	-3.33479727403e-07	-4.2628756618e-07	-5.00690455068e-07	0.0	-3.36874267273e-07	-8.24827406686e-08	-6.51729647345e-07	-3.57702103888e-07	-7.45050790692e-07	-5.13779055931e-07	-7.47967728666e-07	-5.99636415861e-07	-8.82770844219e-07	90.4025583617	90.1773843986	89.9522104355	89.7270364724	89.5018625093	89.2766885462	89.0515145831	88.82634062	88.6011666569	88.3759926938	-10.9870198916	-11.2392552882	-11.4914906847	-11.7437260812	-11.9959614778	-12.2481968743	-12.5004322709	-12.7526676674	-13.0049030639	-13.2571384605	3.87036749103	3.87036749103	3.87036749103	3.87036749103	3.87036749103	3.87036749103	3.87036749103	3.87036749103	3.87036749103	3.87036749103	
6.76666666667	90.1229601144	90.2470401184	90.3711201225	90.4952001265	90.6192801305	90.7433601345	90.8674401385	90.9915201425	91.1156001466	91.2396801506	0.0	0.0	-4.17993604363e-08	-5.20338192298e-08	-1.3290043649e-07	-1.77284114977e-07	-2.69730020079e-07	-3.33479727403e-07	-4.2628756618e-07	-5.00690455068e-07	0.0	-3.36874267273e-07	-8.24827406686e-08	-6.51729647345e-07	-3.57702103888e-07	-7.45050790692e-07	-5.13779055931e-07	-7.47967728666e-07	-5.99636415861e-07	-8.82770844219e-07	90.4025583617	90.1773843986	89.9522104355	89.7270364724	89.5018625093	89.2766885462	89.0515145831	88.82634062	88.6011666569	88.3759926938	-10.9870198916	-11.2392552882	-11.4914906847	-11.7437260812	-11.9959614778	-12.2481968743	-12.5004322709	-12.7526676674	-13.0049030639	-13.2571384605	3.87036749103	3.87036749103	3.87036749103	3.87036749103	3.87036749103	3.87036749103	3.87036749103	3.87036749103	3.87036749103	3.87036749103	
6.78333333333	90.1229601144	90.2470401184	90.3711201225	90.4952001265	90.6192801305	90.7433601345	90.8674401385	90.9915201425	91.1156001466	91.2396801506	0.0	0.0	-4.17993604363e-08	-5.20338192298e-08	-1.3290043649e-07	-1.77284114977e-07	-2.69730020079e-07	-3.33479727403e-07	-4.2628756618e-07	-5.00690455068e-07	0.0	-3.36874267273e-07	-8.24827406686e-08	-6.51729647345e-07	-3.57702103888e-07	-7.45050790692e-07	-5.13779055931e-07	-7.47967728666e-07	-5.99636415861e-07	-8.82770844219e-07	90.4025583617	90.1773843986	89.9522104355	89.7270364724	89.5018625093	89.2766885462	89.0515145831	88.82634062	88.6011666569	88.3759926938	-10.9870198916	-11.2392552882	-11.4914906847	-11.7437260812	-11.9959614778	-12.2481968743	-12.5004322709	-12.7526676674	-13.0049030639	-13.2571384605	3.87036749103	3.87036749103	3.87036749103	3.87036749103	3.87036749103	3.87036749103	3.87036749103	3.87036749103	3.87036749103	3.87036749103	
6.8	90.1229601144	90.2470401184	90.3711201225	90.4952001265	90.6192801305	90.7433601345	90.8674401385	90.9915201425	91.1156001466	91.2396801506	0.0	0.0	-4.17993604363e-08	-5.20338192298e-08	-1.3290043649e-07	-1.77284114977e-07	-2.69730020079e-07	-3.33479727403e-07	-4.2628756618e-07	-5.00690455068e-07	0.0	-3.36874267273e-07	-8.24827406686e-08	-6.51729647345e-07	-3.57702103888e-07	-7.45050790692e-07	-5.13779055931e-07	-7.47967728666e-07	-5.99636415861e-07	-8.82770844219e-07	90.4025583617	90.1773843986	89.9522104355	89.7270364724	89.5018625093	89.2766885462	89.0515145831	88.82634062	88.6011666569	88.3759926938	-10.9870198916	-11.2392552882	-11.4914906847	-11.7437260812	-11.9959614778	-12.2481968743	-12.5004322709	-12.7526676674	-13.0049030639	-13.2571384605	3.87036749103	3.87036749103	3.87036749103	3.87036749103	3.87036749103	3.87036749103	3.87036749103	3.87036749103	3.87036749103	3.87036749103	
6.81666666667	90.1229601144	90.2470401184	90.3711201225	90.4952001265	90.6192801305	90.7433601345	90.8674401385	90.9915201425	91.1156001466	91.2396801506	0.0	0.0	-4.17993604363e-08	-5.20338192298e-08	-1.3290043649e-07	-1.77284114977e-07	-2.69730020079e-07	-3.33479727403e-07	-4.2628756618e-07	-5.00690455068e-07	0.0	-3.36874267273e-07	-8.24827406686e-08	-6.51729647345e-07	-3.57702103888e-07	-7.45050790692e-07	-5.13779055931e-07	-7.47967728666e-07	-5.99636415861e-07	-8.82770844219e-07	90.4025583617	90.1773843986	89.9522104355	89.7270364724	89.5018625093	89.2766885462	89.0515145831	88.82634062	88.6011666569	88.3759926938	-10.9870198916	-11.2392552882	-11.4914906847	-11.7437260812	-11.9959614778	-12.2481968743	-12.5004322709	-12.7526676674	-13.0049030639	-13.2571384605	3.87036749103	3.87036749103	3.87036749103	3.87036749103	3.87036749103	3.87036749103	3.87036749103	3.87036749103	3.87036749103	3.87036749103	
6.83333333333	90.1229601144	90.2470401184	90.3711201225	90.4952001265	90.6192801305	90.7433601345	90.8674401385	90.9915201425	91.1156001466	91.2396801506	0.0	0.0	-4.17993604363e-08	-5.20338192298e-08	-1.3290043649e-07	-1.77284114977e-07	-2.69730020079e-07	-3.33479727403e-07	-4.2628756618e-07	-5.00690455068e-07	0.0	-3.36874267273e-07	-8.24827406686e-08	-6.51729647345e-07	-3.57702103888e-07	-7.45050790692e-07	-5.13779055931e-07	-7.47967728666e-07	-5.99636415861e-07	-8.82770844219e-07	90.4025583617	90.1773843986	89.9522104355	89.7270364724	89.5018625093	89.2766885462	89.0515145831	88.82634062	88.6011666569	88.3759926938	-10.9870198916	-11.2392552882	-11.4914906847	-11.7437260812	-11.9959614778	-12.2481968743	-12.5004322709	-12.7526676674	-13.0049030639	-13.2571384605	3.87036749103	3.87036749103	3.87036749103	3.87036749103	3.87036749103	3.87036749103	3.87036749103	3.87036749103	3.87036749103	3.87036749103	
6.85	90.1229601144	90.2470401184	90.3711201225	90.4952001265	90.6192801305	90.7433601345	90.8674401385	90.9915201425	91.1156001466	91.2396801506	0.0	0.0	-4.17993604363e-08	-5.20338192298e-08	-1.3290043649e-07	-1.77284114977e-07	-2.69730020079e-07	-3.33479727403e-07	-4.2628756618e-07	-5.00690455068e-07	0.0	-3.36874267273e-07	-8.24827406686e-08	-6.51729647345e-07	-3.57702103888e-07	-7.45050790692e-07	-5.13779055931e-07	-7.47967728666e-07	-5.99636415861e-07	-8.82770844219e-07	90.4025583617	90.1773843986	89.9522104355	89.7270364724	89.5018625093	89.2766885462	89.0515145831	88.82634062	88.6011666569	88.3759926938	-10.9870198916	-11.2392552882	-11.4914906847	-11.7437260812	-11.9959614778	-12.2481968743	-12.5004322709	-12.7526676674	-13.0049030639	-13.2571384605	3.87036749103	3.87036749103	3.87036749103	3.87036749103	3.87036749103	3.87036749103	3.87036749103	3.87036749103	3.87036749103	3.87036749103	
6.86666666667	90.1229601144	90.2470401184	90.3711201225	90.4952001265	90.6192801305	90.7433601345	90.8674401385	90.9915201425	91.1156001466	91.2396801506	0.0	0.0	-4.17993604363e-08	-5.20338192298e-08	-1.3290043649e-07	-1.77284114977e-07	-2.69730020079e-07	-3.33479727403e-07	-4.2628756618e-07	-5.00690455068e-07	0.0	-3.36874267273e-07	-8.24827406686e-08	-6.51729647345e-07	-3.57702103888e-07	-7.45050790692e-07	-5.13779055931e-07	-7.47967728666e-07	-5.99636415861e-07	-8.82770844219e-07	90.4025583617	90.1773843986	89.9522104355	89.7270364724	89.5018625093	89.2766885462	89.0515145831	88.82634062	88.6011666569	88.3759926938	-10.9870198916	-11.2392552882	-11.4914906847	-11.7437260812	-11.9959614778	-12.2481968743	-12.5004322709	-12.7526676674	-13.0049030639	-13.2571384605	3.87036749103	3.87036749103	3.87036749103	3.87036749103	3.87036749103	3.87036749103	3.87036749103	3.87036749103	3.87036749103	3.87036749103	
6.88333333333	90.1229601144	90.2470401184	90.3711201225	90.4952001265	90.6192801305	90.7433601345	90.8674401385	90.9915201425	91.1156001466	91.2396801506	0.0	0.0	-4.17993604363e-08	-5.20338192298e-08	-1.3290043649e-07	-1.77284114977e-07	-2.69730020079e-07	-3.33479727403e-07	-4.2628756618e-07	-5.00690455068e-07	0.0	-3.36874267273e-07	-8.24827406686e-08	-6.51729647345e-07	-3.57702103888e-07	-7.45050790692e-07	-5.13779055931e-07	-7.47967728666e-07	-5.99636415861e-07	-8.82770844219e-07	90.4025583617	90.1773843986	89.9522104355	89.7270364724	89.5018625093	89.2766885462	89.0515145831	88.82634062	88.6011666569	88.3759926938	-10.9870198916	-11.2392552882	-11.4914906847	-11.7437260812	-11.9959614778	-12.2481968743	-12.5004322709	-12.7526676674	-13.0049030639	-13.2571384605	3.87036749103	3.87036749103	3.87036749103	3.87036749103	3.87036749103	3.87036749103	3.87036749103	3.87036749103	3.87036749103	3.87036749103	
6.9	90.1229601144	90.2470401184	90.3711201225	90.4952001265	90.6192801305	90.7433601345	90.8674401385	90.9915201425	91.1156001466	91.2396801506	0.0	0.0	-4.17993604363e-08	-5.20338192298e-08	-1.3290043649e-07	-1.77284114977e-07	-2.69730020079e-07	-3.33479727403e-07	-4.2628756618e-07	-5.00690455068e-07	0.0	-3.36874267273e-07	-8.24827406686e-08	-6.51729647345e-07	-3.57702103888e-07	-7.45050790692e-07	-5.13779055931e-07	-7.47967728666e-07	-5.99636415861e-07	-8.82770844219e-07	90.4025583617	90.1773843986	89.9522104355	89.7270364724	89.5018625093	89.2766885462	89.0515145831	88.82634062	88.6011666569	88.3759926938	-10.9870198916	-11.2392552882	-11.4914906847	-11.7437260812	-11.9959614778	-12.2481968743	-12.5004322709	-12.7526676674	-13.0049030639	-13.2571384605	3.87036749103	3.87036749103	3.87036749103	3.87036749103	3.87036749103	3.87036749103	3.87036749103	3.87036749103	3.87036749103	3.87036749103	
6.91666666667	90.1229601144	90.2470401184	90.3711201225	90.4952001265	90.6192801305	90.7433601345	90.8674401385	90.9915201425	91.1156001466	91.2396801506	0.0	0.0	-4.17993604363e-08	-5.20338192298e-08	-1.3290043649e-07	-1.77284114977e-07	-2.69730020079e-07	-3.33479727403e-07	-4.2628756618e-07	-5.00690455068e-07	0.0	-3.36874267273e-07	-8.24827406686e-08	-6.51729647345e-07	-3.57702103888e-07	-7.45050790692e-07	-5.13779055931e-07	-7.47967728666e-07	-5.99636415861e-07	-8.82770844219e-07	90.4025583617	90.1773843986	89.9522104355	89.7270364724	89.5018625093	89.2766885462	89.0515145831	88.82634062	88.6011666569	88.3759926938	-10.9870198916	-11.2392552882	-11.4914906847	-11.7437260812	-11.9959614778	-12.2481968743	-12.5004322709	-12.7526676674	-13.0049030639	-13.2571384605	3.87036749103	3.87036749103	3.87036749103	3.87036749103	3.87036749103	3.87036749103	3.87036749103	3.87036749103	3.87036749103	3.87036749103	
6.93333333333	90.1229601144	90.2470401184	90.3711201225	90.4952001265	90.6192801305	90.7433601345	90.8674401385	90.9915201425	91.1156001466	91.2396801506	0.0	0.0	-4.17993604363e-08	-5.20338192298e-08	-1.3290043649e-07	-1.77284114977e-07	-2.69730020079e-07	-3.33479727403e-07	-4.2628756618e-07	-5.00690455068e-07	0.0	-3.36874267273e-07	-8.24827406686e-08	-6.51729647345e-07	-3.57702103888e-07	-7.45050790692e-07	-5.13779055931e-07	-7.47967728666e-07	-5.99636415861e-07	-8.82770844219e-07	90.4025583617	90.1773843986	89.9522104355	89.7270364724	89.5018625093	89.2766885462	89.0515145831	88.82634062	88.6011666569	88.3759926938	-10.9870198916	-11.2392552882	-11.4914906847	-11.7437260812	-11.9959614778	-12.2481968743	-12.5004322709	-12.7526676674	-13.0049030639	-13.2571384605	3.87036749103	3.87036749103	3.87036749103	3.87036749103	3.87036749103	3.87036749103	3.87036749103	3.87036749103	3.87036749103	3.87036749103	
6.95	90.1229601144	90.2470401184	90.3711201225	90.4952001265	90.6192801305	90.7433601345	90.8674401385	90.9915201425	91.1156001466	91.2396801506	0.0	0.0	-4.17993604363e-08	-5.20338192298e-08	-1.3290043649e-07	-1.77284114977e-07	-2.69730020079e-07	-3.33479727403e-07	-4.2628756618e-07	-5.00690455068e-07	0.0	-3.36874267273e-07	-8.24827406686e-08	-6.51729647345e-07	-3.57702103888e-07	-7.45050790692e-07	-5.13779055931e-07	-7.47967728666e-07	-5.99636415861e-07	-8.82770844219e-07	90.4025583617	90.1773843986	89.9522104355	89.7270364724	89.5018625093	89.2766885462	89.0515145831	88.82634062	88.6011666569	88.3759926938	-10.9870198916	-11.2392552882	-11.4914906847	-11.7437260812	-11.9959614778	-12.2481968743	-12.5004322709	-12.7526676674	-13.0049030639	-13.2571384605	3.87036749103	3.87036749103	3.87036749103	3.87036749103	3.87036749103	3.87036749103	3.87036749103	3.87036749103	3.87036749103	3.87036749103	
6.96666666667	90.1229601144	90.2470401184	90.3711201225	90.4952001265	90.6192801305	90.7433601345	90.8674401385	90.9915201425	91.1156001466	91.2396801506	0.0	0.0	-4.17993604363e-08	-5.20338192298e-08	-1.3290043649e-07	-1.77284114977e-07	-2.69730020079e-07	-3.33479727403e-07	-4.2628756618e-07	-5.00690455068e-07	0.0	-3.36874267273e-07	-8.24827406686e-08	-6.51729647345e-07	-3.57702103888e-07	-7.45050790692e-07	-5.13779055931e-07	-7.47967728666e-07	-5.99636415861e-07	-8.82770844219e-07	90.4025583617	90.1773843986	89.9522104355	89.7270364724	89.5018625093	89.2766885462	89.0515145831	88.82634062	88.6011666569	88.3759926938	-10.9870198916	-11.2392552882	-11.4914906847	-11.7437260812	-11.9959614778	-12.2481968743	-12.5004322709	-12.7526676674	-13.0049030639	-13.2571384605	3.87036749103	3.87036749103	3.87036749103	3.87036749103	3.87036749103	3.87036749103	3.87036749103	3.87036749103	3.87036749103	3.87036749103	
6.98333333333	90.1229601144	90.2470401184	90.3711201225	90.4952001265	90.6192801305	90.7433601345	90.8674401385	90.9915201425	91.1156001466	91.2396801506	0.0	0.0	-4.17993604363e-08	-5.20338192298e-08	-1.3290043649e-07	-1.77284114977e-07	-2.69730020079e-07	-3.33479727403e-07	-4.2628756618e-07	-5.00690455068e-07	0.0	-3.36874267273e-07	-8.24827406686e-08	-6.51729647345e-07	-3.57702103888e-07	-7.45050790692e-07	-5.13779055931e-07	-7.47967728666e-07	-5.99636415861e-07	-8.82770844219e-07	90.4025583617	90.1773843986	89.9522104355	89.7270364724	89.5018625093	89.2766885462	89.0515145831	88.82634062	88.6011666569	88.3759926938	-10.9870198916	-11.2392552882	-11.4914906847	-11.7437260812	-11.9959614778	-12.2481968743	-12.5004322709	-12.7526676674	-13.0049030639	-13.2571384605	3.87036749103	3.87036749103	3.87036749103	3.87036749103	3.87036749103	3.87036749103	3.87036749103	3.87036749103	3.87036749103	3.87036749103	
7.0	90.1229601144	90.2470401184	90.3711201225	90.4952001265	90.6192801305	90.7433601345	90.8674401385	90.9915201425	91.1156001466	91.2396801506	0.0	0.0	-4.17993604363e-08	-5.20338192298e-08	-1.3290043649e-07	-1.77284114977e-07	-2.69730020079e-07	-3.33479727403e-07	-4.2628756618e-07	-5.00690455068e-07	0.0	-3.36874267273e-07	-8.24827406686e-08	-6.51729647345e-07	-3.57702103888e-07	-7.45050790692e-07	-5.13779055931e-07	-7.47967728666e-07	-5.99636415861e-07	-8.82770844219e-07	90.4025583617	90.1773843986	89.9522104355	89.7270364724	89.5018625093	89.2766885462	89.0515145831	88.82634062	88.6011666569	88.3759926938	-10.9870198916	-11.2392552882	-11.4914906847	-11.7437260812	-11.9959614778	-12.2481968743	-12.5004322709	-12.7526676674	-13.0049030639	-13.2571384605	3.87036749103	3.87036749103	3.87036749103	3.87036749103	3.87036749103	3.87036749103	3.87036749103	3.87036749103	3.87036749103	3.87036749103	
7.01666666667	90.1229601144	90.2470401184	90.3711201225	90.4952001265	90.6192801305	90.7433601345	90.8674401385	90.9915201425	91.1156001466	91.2396801506	0.0	0.0	-4.17993604363e-08	-5.20338192298e-08	-1.3290043649e-07	-1.77284114977e-07	-2.69730020079e-07	-3.33479727403e-07	-4.2628756618e-07	-5.00690455068e-07	0.0	-3.36874267273e-07	-8.24827406686e-08	-6.51729647345e-07	-3.57702103888e-07	-7.45050790692e-07	-5.13779055931e-07	-7.47967728666e-07	-5.99636415861e-07	-8.82770844219e-07	90.4025583617	90.1773843986	89.9522104355	89.7270364724	89.5018625093	89.2766885462	89.0515145831	88.82634062	88.6011666569	88.3759926938	-10.9870198916	-11.2392552882	-11.4914906847	-11.7437260812	-11.9959614778	-12.2481968743	-12.5004322709	-12.7526676674	-13.0049030639	-13.2571384605	3.87036749103	3.87036749103	3.87036749103	3.87036749103	3.87036749103	3.87036749103	3.87036749103	3.87036749103	3.87036749103	3.87036749103	
7.03333333333	90.1229601144	90.2470401184	90.3711201225	90.4952001265	90.6192801305	90.7433601345	90.8674401385	90.9915201425	91.1156001466	91.2396801506	0.0	0.0	-4.17993604363e-08	-5.20338192298e-08	-1.3290043649e-07	-1.77284114977e-07	-2.69730020079e-07	-3.33479727403e-07	-4.2628756618e-07	-5.00690455068e-07	0.0	-3.36874267273e-07	-8.24827406686e-08	-6.51729647345e-07	-3.57702103888e-07	-7.45050790692e-07	-5.13779055931e-07	-7.47967728666e-07	-5.99636415861e-07	-8.82770844219e-07	90.4025583617	90.1773843986	89.9522104355	89.7270364724	89.5018625093	89.2766885462	89.0515145831	88.82634062	88.6011666569	88.3759926938	-10.9870198916	-11.2392552882	-11.4914906847	-11.7437260812	-11.9959614778	-12.2481968743	-12.5004322709	-12.7526676674	-13.0049030639	-13.2571384605	3.87036749103	3.87036749103	3.87036749103	3.87036749103	3.87036749103	3.87036749103	3.87036749103	3.87036749103	3.87036749103	3.87036749103	
7.05	90.1229601144	90.2470401184	90.3711201225	90.4952001265	90.6192801305	90.7433601345	90.8674401385	90.9915201425	91.1156001466	91.2396801506	0.0	0.0	-4.17993604363e-08	-5.20338192298e-08	-1.3290043649e-07	-1.77284114977e-07	-2.69730020079e-07	-3.33479727403e-07	-4.2628756618e-07	-5.00690455068e-07	0.0	-3.36874267273e-07	-8.24827406686e-08	-6.51729647345e-07	-3.57702103888e-07	-7.45050790692e-07	-5.13779055931e-07	-7.47967728666e-07	-5.99636415861e-07	-8.82770844219e-07	90.4025583617	90.1773843986	89.9522104355	89.7270364724	89.5018625093	89.2766885462	89.0515145831	88.82634062	88.6011666569	88.3759926938	-10.9870198916	-11.2392552882	-11.4914906847	-11.7437260812	-11.9959614778	-12.2481968743	-12.5004322709	-12.7526676674	-13.0049030639	-13.2571384605	3.87036749103	3.87036749103	3.87036749103	3.87036749103	3.87036749103	3.87036749103	3.87036749103	3.87036749103	3.87036749103	3.87036749103	
7.06666666667	90.1229601144	90.2470401184	90.3711201225	90.4952001265	90.6192801305	90.7433601345	90.8674401385	90.9915201425	91.1156001466	91.2396801506	0.0	0.0	-4.17993604363e-08	-5.20338192298e-08	-1.3290043649e-07	-1.77284114977e-07	-2.69730020079e-07	-3.33479727403e-07	-4.2628756618e-07	-5.00690455068e-07	0.0	-3.36874267273e-07	-8.24827406686e-08	-6.51729647345e-07	-3.57702103888e-07	-7.45050790692e-07	-5.13779055931e-07	-7.47967728666e-07	-5.99636415861e-07	-8.82770844219e-07	90.4025583617	90.1773843986	89.9522104355	89.7270364724	89.5018625093	89.2766885462	89.0515145831	88.82634062	88.6011666569	88.3759926938	-10.9870198916	-11.2392552882	-11.4914906847	-11.7437260812	-11.9959614778	-12.2481968743	-12.5004322709	-12.7526676674	-13.0049030639	-13.2571384605	3.87036749103	3.87036749103	3.87036749103	3.87036749103	3.87036749103	3.87036749103	3.87036749103	3.87036749103	3.87036749103	3.87036749103	
7.08333333333	90.1229601144	90.2470401184	90.3711201225	90.4952001265	90.6192801305	90.7433601345	90.8674401385	90.9915201425	91.1156001466	91.2396801506	0.0	0.0	-4.17993604363e-08	-5.20338192298e-08	-1.3290043649e-07	-1.77284114977e-07	-2.69730020079e-07	-3.33479727403e-07	-4.2628756618e-07	-5.00690455068e-07	0.0	-3.36874267273e-07	-8.24827406686e-08	-6.51729647345e-07	-3.57702103888e-07	-7.45050790692e-07	-5.13779055931e-07	-7.47967728666e-07	-5.99636415861e-07	-8.82770844219e-07	90.4025583617	90.1773843986	89.9522104355	89.7270364724	89.5018625093	89.2766885462	89.0515145831	88.82634062	88.6011666569	88.3759926938	-10.9870198916	-11.2392552882	-11.4914906847	-11.7437260812	-11.9959614778	-12.2481968743	-12.5004322709	-12.7526676674	-13.0049030639	-13.2571384605	3.87036749103	3.87036749103	3.87036749103	3.87036749103	3.87036749103	3.87036749103	3.87036749103	3.87036749103	3.87036749103	3.87036749103	
7.1	90.1229601144	90.2470401184	90.3711201225	90.4952001265	90.6192801305	90.7433601345	90.8674401385	90.9915201425	91.1156001466	91.2396801506	0.0	0.0	-4.17993604363e-08	-5.20338192298e-08	-1.3290043649e-07	-1.77284114977e-07	-2.69730020079e-07	-3.33479727403e-07	-4.2628756618e-07	-5.00690455068e-07	0.0	-3.36874267273e-07	-8.24827406686e-08	-6.51729647345e-07	-3.57702103888e-07	-7.45050790692e-07	-5.13779055931e-07	-7.47967728666e-07	-5.99636415861e-07	-8.82770844219e-07	90.4025583617	90.1773843986	89.9522104355	89.7270364724	89.5018625093	89.2766885462	89.0515145831	88.82634062	88.6011666569	88.3759926938	-10.9870198916	-11.2392552882	-11.4914906847	-11.7437260812	-11.9959614778	-12.2481968743	-12.5004322709	-12.7526676674	-13.0049030639	-13.2571384605	3.87036749103	3.87036749103	3.87036749103	3.87036749103	3.87036749103	3.87036749103	3.87036749103	3.87036749103	3.87036749103	3.87036749103	
7.11666666667	90.1229601144	90.2470401184	90.3711201225	90.4952001265	90.6192801305	90.7433601345	90.8674401385	90.9915201425	91.1156001466	91.2396801506	0.0	0.0	-4.17993604363e-08	-5.20338192298e-08	-1.3290043649e-07	-1.77284114977e-07	-2.69730020079e-07	-3.33479727403e-07	-4.2628756618e-07	-5.00690455068e-07	0.0	-3.36874267273e-07	-8.24827406686e-08	-6.51729647345e-07	-3.57702103888e-07	-7.45050790692e-07	-5.13779055931e-07	-7.47967728666e-07	-5.99636415861e-07	-8.82770844219e-07	90.4025583617	90.1773843986	89.9522104355	89.7270364724	89.5018625093	89.2766885462	89.0515145831	88.82634062	88.6011666569	88.3759926938	-10.9870198916	-11.2392552882	-11.4914906847	-11.7437260812	-11.9959614778	-12.2481968743	-12.5004322709	-12.7526676674	-13.0049030639	-13.2571384605	3.87036749103	3.87036749103	3.87036749103	3.87036749103	3.87036749103	3.87036749103	3.87036749103	3.87036749103	3.87036749103	3.87036749103	
7.13333333333	90.1229601144	90.2470401184	90.3711201225	90.4952001265	90.6192801305	90.7433601345	90.8674401385	90.9915201425	91.1156001466	91.2396801506	0.0	0.0	-4.17993604363e-08	-5.20338192298e-08	-1.3290043649e-07	-1.77284114977e-07	-2.69730020079e-07	-3.33479727403e-07	-4.2628756618e-07	-5.00690455068e-07	0.0	-3.36874267273e-07	-8.24827406686e-08	-6.51729647345e-07	-3.57702103888e-07	-7.45050790692e-07	-5.13779055931e-07	-7.47967728666e-07	-5.99636415861e-07	-8.82770844219e-07	90.4025583617	90.1773843986	89.9522104355	89.7270364724	89.5018625093	89.2766885462	89.0515145831	88.82634062	88.6011666569	88.3759926938	-10.9870198916	-11.2392552882	-11.4914906847	-11.7437260812	-11.9959614778	-12.2481968743	-12.5004322709	-12.7526676674	-13.0049030639	-13.2571384605	3.87036749103	3.87036749103	3.87036749103	3.87036749103	3.87036749103	3.87036749103	3.87036749103	3.87036749103	3.87036749103	3.87036749103	
7.15	90.1229601144	90.2470401184	90.3711201225	90.4952001265	90.6192801305	90.7433601345	90.8674401385	90.9915201425	91.1156001466	91.2396801506	0.0	0.0	-4.17993604363e-08	-5.20338192298e-08	-1.3290043649e-07	-1.77284114977e-07	-2.69730020079e-07	-3.33479727403e-07	-4.2628756618e-07	-5.00690455068e-07	0.0	-3.36874267273e-07	-8.24827406686e-08	-6.51729647345e-07	-3.57702103888e-07	-7.45050790692e-07	-5.13779055931e-07	-7.47967728666e-07	-5.99636415861e-07	-8.82770844219e-07	90.4025583617	90.1773843986	89.9522104355	89.7270364724	89.5018625093	89.2766885462	89.0515145831	88.82634062	88.6011666569	88.3759926938	-10.9870198916	-11.2392552882	-11.4914906847	-11.7437260812	-11.9959614778	-12.2481968743	-12.5004322709	-12.7526676674	-13.0049030639	-13.2571384605	3.87036749103	3.87036749103	3.87036749103	3.87036749103	3.87036749103	3.87036749103	3.87036749103	3.87036749103	3.87036749103	3.87036749103	
7.16666666667	90.1229601144	90.2470401184	90.3711201225	90.4952001265	90.6192801305	90.7433601345	90.8674401385	90.9915201425	91.1156001466	91.2396801506	0.0	0.0	-4.17993604363e-08	-5.20338192298e-08	-1.3290043649e-07	-1.77284114977e-07	-2.69730020079e-07	-3.33479727403e-07	-4.2628756618e-07	-5.00690455068e-07	0.0	-3.36874267273e-07	-8.24827406686e-08	-6.51729647345e-07	-3.57702103888e-07	-7.45050790692e-07	-5.13779055931e-07	-7.47967728666e-07	-5.99636415861e-07	-8.82770844219e-07	90.4025583617	90.1773843986	89.9522104355	89.7270364724	89.5018625093	89.2766885462	89.0515145831	88.82634062	88.6011666569	88.3759926938	-10.9870198916	-11.2392552882	-11.4914906847	-11.7437260812	-11.9959614778	-12.2481968743	-12.5004322709	-12.7526676674	-13.0049030639	-13.2571384605	3.87036749103	3.87036749103	3.87036749103	3.87036749103	3.87036749103	3.87036749103	3.87036749103	3.87036749103	3.87036749103	3.87036749103	
7.18333333333	90.1229601144	90.2470401184	90.3711201225	90.4952001265	90.6192801305	90.7433601345	90.8674401385	90.9915201425	91.1156001466	91.2396801506	0.0	0.0	-4.17993604363e-08	-5.20338192298e-08	-1.3290043649e-07	-1.77284114977e-07	-2.69730020079e-07	-3.33479727403e-07	-4.2628756618e-07	-5.00690455068e-07	0.0	-3.36874267273e-07	-8.24827406686e-08	-6.51729647345e-07	-3.57702103888e-07	-7.45050790692e-07	-5.13779055931e-07	-7.47967728666e-07	-5.99636415861e-07	-8.82770844219e-07	90.4025583617	90.1773843986	89.9522104355	89.7270364724	89.5018625093	89.2766885462	89.0515145831	88.82634062	88.6011666569	88.3759926938	-10.9870198916	-11.2392552882	-11.4914906847	-11.7437260812	-11.9959614778	-12.2481968743	-12.5004322709	-12.7526676674	-13.0049030639	-13.2571384605	3.87036749103	3.87036749103	3.87036749103	3.87036749103	3.87036749103	3.87036749103	3.87036749103	3.87036749103	3.87036749103	3.87036749103	
7.2	90.1229601144	90.2470401184	90.3711201225	90.4952001265	90.6192801305	90.7433601345	90.8674401385	90.9915201425	91.1156001466	91.2396801506	0.0	0.0	-4.17993604363e-08	-5.20338192298e-08	-1.3290043649e-07	-1.77284114977e-07	-2.69730020079e-07	-3.33479727403e-07	-4.2628756618e-07	-5.00690455068e-07	0.0	-3.36874267273e-07	-8.24827406686e-08	-6.51729647345e-07	-3.57702103888e-07	-7.45050790692e-07	-5.13779055931e-07	-7.47967728666e-07	-5.99636415861e-07	-8.82770844219e-07	90.4025583617	90.1773843986	89.9522104355	89.7270364724	89.5018625093	89.2766885462	89.0515145831	88.82634062	88.6011666569	88.3759926938	-10.9870198916	-11.2392552882	-11.4914906847	-11.7437260812	-11.9959614778	-12.2481968743	-12.5004322709	-12.7526676674	-13.0049030639	-13.2571384605	3.87036749103	3.87036749103	3.87036749103	3.87036749103	3.87036749103	3.87036749103	3.87036749103	3.87036749103	3.87036749103	3.87036749103	
7.21666666667	90.1229601144	90.2470401184	90.3711201225	90.4952001265	90.6192801305	90.7433601345	90.8674401385	90.9915201425	91.1156001466	91.2396801506	0.0	0.0	-4.17993604363e-08	-5.20338192298e-08	-1.3290043649e-07	-1.77284114977e-07	-2.69730020079e-07	-3.33479727403e-07	-4.2628756618e-07	-5.00690455068e-07	0.0	-3.36874267273e-07	-8.24827406686e-08	-6.51729647345e-07	-3.57702103888e-07	-7.45050790692e-07	-5.13779055931e-07	-7.47967728666e-07	-5.99636415861e-07	-8.82770844219e-07	90.4025583617	90.1773843986	89.9522104355	89.7270364724	89.5018625093	89.2766885462	89.0515145831	88.82634062	88.6011666569	88.3759926938	-10.9870198916	-11.2392552882	-11.4914906847	-11.7437260812	-11.9959614778	-12.2481968743	-12.5004322709	-12.7526676674	-13.0049030639	-13.2571384605	3.87036749103	3.87036749103	3.87036749103	3.87036749103	3.87036749103	3.87036749103	3.87036749103	3.87036749103	3.87036749103	3.87036749103	
7.23333333333	90.1229601144	90.2470401184	90.3711201225	90.4952001265	90.6192801305	90.7433601345	90.8674401385	90.9915201425	91.1156001466	91.2396801506	0.0	0.0	-4.17993604363e-08	-5.20338192298e-08	-1.3290043649e-07	-1.77284114977e-07	-2.69730020079e-07	-3.33479727403e-07	-4.2628756618e-07	-5.00690455068e-07	0.0	-3.36874267273e-07	-8.24827406686e-08	-6.51729647345e-07	-3.57702103888e-07	-7.45050790692e-07	-5.13779055931e-07	-7.47967728666e-07	-5.99636415861e-07	-8.82770844219e-07	90.4025583617	90.1773843986	89.9522104355	89.7270364724	89.5018625093	89.2766885462	89.0515145831	88.82634062	88.6011666569	88.3759926938	-10.9870198916	-11.2392552882	-11.4914906847	-11.7437260812	-11.9959614778	-12.2481968743	-12.5004322709	-12.7526676674	-13.0049030639	-13.2571384605	3.87036749103	3.87036749103	3.87036749103	3.87036749103	3.87036749103	3.87036749103	3.87036749103	3.87036749103	3.87036749103	3.87036749103	
7.25	90.1229601144	90.2470401184	90.3711201225	90.4952001265	90.6192801305	90.7433601345	90.8674401385	90.9915201425	91.1156001466	91.2396801506	0.0	0.0	-4.17993604363e-08	-5.20338192298e-08	-1.3290043649e-07	-1.77284114977e-07	-2.69730020079e-07	-3.33479727403e-07	-4.2628756618e-07	-5.00690455068e-07	0.0	-3.36874267273e-07	-8.24827406686e-08	-6.51729647345e-07	-3.57702103888e-07	-7.45050790692e-07	-5.13779055931e-07	-7.47967728666e-07	-5.99636415861e-07	-8.82770844219e-07	90.4025583617	90.1773843986	89.9522104355	89.7270364724	89.5018625093	89.2766885462	89.0515145831	88.82634062	88.6011666569	88.3759926938	-10.9870198916	-11.2392552882	-11.4914906847	-11.7437260812	-11.9959614778	-12.2481968743	-12.5004322709	-12.7526676674	-13.0049030639	-13.2571384605	3.87036749103	3.87036749103	3.87036749103	3.87036749103	3.87036749103	3.87036749103	3.87036749103	3.87036749103	3.87036749103	3.87036749103	
7.26666666667	90.1229601144	90.2470401184	90.3711201225	90.4952001265	90.6192801305	90.7433601345	90.8674401385	90.9915201425	91.1156001466	91.2396801506	0.0	0.0	-4.17993604363e-08	-5.20338192298e-08	-1.3290043649e-07	-1.77284114977e-07	-2.69730020079e-07	-3.33479727403e-07	-4.2628756618e-07	-5.00690455068e-07	0.0	-3.36874267273e-07	-8.24827406686e-08	-6.51729647345e-07	-3.57702103888e-07	-7.45050790692e-07	-5.13779055931e-07	-7.47967728666e-07	-5.99636415861e-07	-8.82770844219e-07	90.4025583617	90.1773843986	89.9522104355	89.7270364724	89.5018625093	89.2766885462	89.0515145831	88.82634062	88.6011666569	88.3759926938	-10.9870198916	-11.2392552882	-11.4914906847	-11.7437260812	-11.9959614778	-12.2481968743	-12.5004322709	-12.7526676674	-13.0049030639	-13.2571384605	3.87036749103	3.87036749103	3.87036749103	3.87036749103	3.87036749103	3.87036749103	3.87036749103	3.87036749103	3.87036749103	3.87036749103	
7.28333333333	90.1229601144	90.2470401184	90.3711201225	90.4952001265	90.6192801305	90.7433601345	90.8674401385	90.9915201425	91.1156001466	91.2396801506	0.0	0.0	-4.17993604363e-08	-5.20338192298e-08	-1.3290043649e-07	-1.77284114977e-07	-2.69730020079e-07	-3.33479727403e-07	-4.2628756618e-07	-5.00690455068e-07	0.0	-3.36874267273e-07	-8.24827406686e-08	-6.51729647345e-07	-3.57702103888e-07	-7.45050790692e-07	-5.13779055931e-07	-7.47967728666e-07	-5.99636415861e-07	-8.82770844219e-07	90.4025583617	90.1773843986	89.9522104355	89.7270364724	89.5018625093	89.2766885462	89.0515145831	88.82634062	88.6011666569	88.3759926938	-10.9870198916	-11.2392552882	-11.4914906847	-11.7437260812	-11.9959614778	-12.2481968743	-12.5004322709	-12.7526676674	-13.0049030639	-13.2571384605	3.87036749103	3.87036749103	3.87036749103	3.87036749103	3.87036749103	3.87036749103	3.87036749103	3.87036749103	3.87036749103	3.87036749103	
7.3	90.1229601144	90.2470401184	90.3711201225	90.4952001265	90.6192801305	90.7433601345	90.8674401385	90.9915201425	91.1156001466	91.2396801506	0.0	0.0	-4.17993604363e-08	-5.20338192298e-08	-1.3290043649e-07	-1.77284114977e-07	-2.69730020079e-07	-3.33479727403e-07	-4.2628756618e-07	-5.00690455068e-07	0.0	-3.36874267273e-07	-8.24827406686e-08	-6.51729647345e-07	-3.57702103888e-07	-7.45050790692e-07	-5.13779055931e-07	-7.47967728666e-07	-5.99636415861e-07	-8.82770844219e-07	90.4025583617	90.1773843986	89.9522104355	89.7270364724	89.5018625093	89.2766885462	89.0515145831	88.82634062	88.6011666569	88.3759926938	-10.9870198916	-11.2392552882	-11.4914906847	-11.7437260812	-11.9959614778	-12.2481968743	-12.5004322709	-12.7526676674	-13.0049030639	-13.2571384605	3.87036749103	3.87036749103	3.87036749103	3.87036749103	3.87036749103	3.87036749103	3.87036749103	3.87036749103	3.87036749103	3.87036749103	
7.31666666667	90.1229601144	90.2470401184	90.3711201225	90.4952001265	90.6192801305	90.7433601345	90.8674401385	90.9915201425	91.1156001466	91.2396801506	0.0	0.0	-4.17993604363e-08	-5.20338192298e-08	-1.3290043649e-07	-1.77284114977e-07	-2.69730020079e-07	-3.33479727403e-07	-4.2628756618e-07	-5.00690455068e-07	0.0	-3.36874267273e-07	-8.24827406686e-08	-6.51729647345e-07	-3.57702103888e-07	-7.45050790692e-07	-5.13779055931e-07	-7.47967728666e-07	-5.99636415861e-07	-8.82770844219e-07	90.4025583617	90.1773843986	89.9522104355	89.7270364724	89.5018625093	89.2766885462	89.0515145831	88.82634062	88.6011666569	88.3759926938	-10.9870198916	-11.2392552882	-11.4914906847	-11.7437260812	-11.9959614778	-12.2481968743	-12.5004322709	-12.7526676674	-13.0049030639	-13.2571384605	3.87036749103	3.87036749103	3.87036749103	3.87036749103	3.87036749103	3.87036749103	3.87036749103	3.87036749103	3.87036749103	3.87036749103	
7.33333333333	90.1229601144	90.2470401184	90.3711201225	90.4952001265	90.6192801305	90.7433601345	90.8674401385	90.9915201425	91.1156001466	91.2396801506	0.0	0.0	-4.17993604363e-08	-5.20338192298e-08	-1.3290043649e-07	-1.77284114977e-07	-2.69730020079e-07	-3.33479727403e-07	-4.2628756618e-07	-5.00690455068e-07	0.0	-3.36874267273e-07	-8.24827406686e-08	-6.51729647345e-07	-3.57702103888e-07	-7.45050790692e-07	-5.13779055931e-07	-7.47967728666e-07	-5.99636415861e-07	-8.82770844219e-07	90.4025583617	90.1773843986	89.9522104355	89.7270364724	89.5018625093	89.2766885462	89.0515145831	88.82634062	88.6011666569	88.3759926938	-10.9870198916	-11.2392552882	-11.4914906847	-11.7437260812	-11.9959614778	-12.2481968743	-12.5004322709	-12.7526676674	-13.0049030639	-13.2571384605	3.87036749103	3.87036749103	3.87036749103	3.87036749103	3.87036749103	3.87036749103	3.87036749103	3.87036749103	3.87036749103	3.87036749103	
7.35	90.1229601144	90.2470401184	90.3711201225	90.4952001265	90.6192801305	90.7433601345	90.8674401385	90.9915201425	91.1156001466	91.2396801506	0.0	0.0	-4.17993604363e-08	-5.20338192298e-08	-1.3290043649e-07	-1.77284114977e-07	-2.69730020079e-07	-3.33479727403e-07	-4.2628756618e-07	-5.00690455068e-07	0.0	-3.36874267273e-07	-8.24827406686e-08	-6.51729647345e-07	-3.57702103888e-07	-7.45050790692e-07	-5.13779055931e-07	-7.47967728666e-07	-5.99636415861e-07	-8.82770844219e-07	90.4025583617	90.1773843986	89.9522104355	89.7270364724	89.5018625093	89.2766885462	89.0515145831	88.82634062	88.6011666569	88.3759926938	-10.9870198916	-11.2392552882	-11.4914906847	-11.7437260812	-11.9959614778	-12.2481968743	-12.5004322709	-12.7526676674	-13.0049030639	-13.2571384605	3.87036749103	3.87036749103	3.87036749103	3.87036749103	3.87036749103	3.87036749103	3.87036749103	3.87036749103	3.87036749103	3.87036749103	
7.36666666667	90.1229601144	90.2470401184	90.3711201225	90.4952001265	90.6192801305	90.7433601345	90.8674401385	90.9915201425	91.1156001466	91.2396801506	0.0	0.0	-4.17993604363e-08	-5.20338192298e-08	-1.3290043649e-07	-1.77284114977e-07	-2.69730020079e-07	-3.33479727403e-07	-4.2628756618e-07	-5.00690455068e-07	0.0	-3.36874267273e-07	-8.24827406686e-08	-6.51729647345e-07	-3.57702103888e-07	-7.45050790692e-07	-5.13779055931e-07	-7.47967728666e-07	-5.99636415861e-07	-8.82770844219e-07	90.4025583617	90.1773843986	89.9522104355	89.7270364724	89.5018625093	89.2766885462	89.0515145831	88.82634062	88.6011666569	88.3759926938	-10.9870198916	-11.2392552882	-11.4914906847	-11.7437260812	-11.9959614778	-12.2481968743	-12.5004322709	-12.7526676674	-13.0049030639	-13.2571384605	3.87036749103	3.87036749103	3.87036749103	3.87036749103	3.87036749103	3.87036749103	3.87036749103	3.87036749103	3.87036749103	3.87036749103	
7.38333333333	90.1229601144	90.2470401184	90.3711201225	90.4952001265	90.6192801305	90.7433601345	90.8674401385	90.9915201425	91.1156001466	91.2396801506	0.0	0.0	-4.17993604363e-08	-5.20338192298e-08	-1.3290043649e-07	-1.77284114977e-07	-2.69730020079e-07	-3.33479727403e-07	-4.2628756618e-07	-5.00690455068e-07	0.0	-3.36874267273e-07	-8.24827406686e-08	-6.51729647345e-07	-3.57702103888e-07	-7.45050790692e-07	-5.13779055931e-07	-7.47967728666e-07	-5.99636415861e-07	-8.82770844219e-07	90.4025583617	90.1773843986	89.9522104355	89.7270364724	89.5018625093	89.2766885462	89.0515145831	88.82634062	88.6011666569	88.3759926938	-10.9870198916	-11.2392552882	-11.4914906847	-11.7437260812	-11.9959614778	-12.2481968743	-12.5004322709	-12.7526676674	-13.0049030639	-13.2571384605	3.87036749103	3.87036749103	3.87036749103	3.87036749103	3.87036749103	3.87036749103	3.87036749103	3.87036749103	3.87036749103	3.87036749103	
7.4	90.1229601144	90.2470401184	90.3711201225	90.4952001265	90.6192801305	90.7433601345	90.8674401385	90.9915201425	91.1156001466	91.2396801506	0.0	0.0	-4.17993604363e-08	-5.20338192298e-08	-1.3290043649e-07	-1.77284114977e-07	-2.69730020079e-07	-3.33479727403e-07	-4.2628756618e-07	-5.00690455068e-07	0.0	-3.36874267273e-07	-8.24827406686e-08	-6.51729647345e-07	-3.57702103888e-07	-7.45050790692e-07	-5.13779055931e-07	-7.47967728666e-07	-5.99636415861e-07	-8.82770844219e-07	90.4025583617	90.1773843986	89.9522104355	89.7270364724	89.5018625093	89.2766885462	89.0515145831	88.82634062	88.6011666569	88.3759926938	-10.9870198916	-11.2392552882	-11.4914906847	-11.7437260812	-11.9959614778	-12.2481968743	-12.5004322709	-12.7526676674	-13.0049030639	-13.2571384605	3.87036749103	3.87036749103	3.87036749103	3.87036749103	3.87036749103	3.87036749103	3.87036749103	3.87036749103	3.87036749103	3.87036749103	
7.41666666667	90.1229601144	90.2470401184	90.3711201225	90.4952001265	90.6192801305	90.7433601345	90.8674401385	90.9915201425	91.1156001466	91.2396801506	0.0	0.0	-4.17993604363e-08	-5.20338192298e-08	-1.3290043649e-07	-1.77284114977e-07	-2.69730020079e-07	-3.33479727403e-07	-4.2628756618e-07	-5.00690455068e-07	0.0	-3.36874267273e-07	-8.24827406686e-08	-6.51729647345e-07	-3.57702103888e-07	-7.45050790692e-07	-5.13779055931e-07	-7.47967728666e-07	-5.99636415861e-07	-8.82770844219e-07	90.4025583617	90.1773843986	89.9522104355	89.7270364724	89.5018625093	89.2766885462	89.0515145831	88.82634062	88.6011666569	88.3759926938	-10.9870198916	-11.2392552882	-11.4914906847	-11.7437260812	-11.9959614778	-12.2481968743	-12.5004322709	-12.7526676674	-13.0049030639	-13.2571384605	3.87036749103	3.87036749103	3.87036749103	3.87036749103	3.87036749103	3.87036749103	3.87036749103	3.87036749103	3.87036749103	3.87036749103	
7.43333333333	90.1229601144	90.2470401184	90.3711201225	90.4952001265	90.6192801305	90.7433601345	90.8674401385	90.9915201425	91.1156001466	91.2396801506	0.0	0.0	-4.17993604363e-08	-5.20338192298e-08	-1.3290043649e-07	-1.77284114977e-07	-2.69730020079e-07	-3.33479727403e-07	-4.2628756618e-07	-5.00690455068e-07	0.0	-3.36874267273e-07	-8.24827406686e-08	-6.51729647345e-07	-3.57702103888e-07	-7.45050790692e-07	-5.13779055931e-07	-7.47967728666e-07	-5.99636415861e-07	-8.82770844219e-07	90.4025583617	90.1773843986	89.9522104355	89.7270364724	89.5018625093	89.2766885462	89.0515145831	88.82634062	88.6011666569	88.3759926938	-10.9870198916	-11.2392552882	-11.4914906847	-11.7437260812	-11.9959614778	-12.2481968743	-12.5004322709	-12.7526676674	-13.0049030639	-13.2571384605	3.87036749103	3.87036749103	3.87036749103	3.87036749103	3.87036749103	3.87036749103	3.87036749103	3.87036749103	3.87036749103	3.87036749103	
7.45	90.1229601144	90.2470401184	90.3711201225	90.4952001265	90.6192801305	90.7433601345	90.8674401385	90.9915201425	91.1156001466	91.2396801506	0.0	0.0	-4.17993604363e-08	-5.20338192298e-08	-1.3290043649e-07	-1.77284114977e-07	-2.69730020079e-07	-3.33479727403e-07	-4.2628756618e-07	-5.00690455068e-07	0.0	-3.36874267273e-07	-8.24827406686e-08	-6.51729647345e-07	-3.57702103888e-07	-7.45050790692e-07	-5.13779055931e-07	-7.47967728666e-07	-5.99636415861e-07	-8.82770844219e-07	90.4025583617	90.1773843986	89.9522104355	89.7270364724	89.5018625093	89.2766885462	89.0515145831	88.82634062	88.6011666569	88.3759926938	-10.9870198916	-11.2392552882	-11.4914906847	-11.7437260812	-11.9959614778	-12.2481968743	-12.5004322709	-12.7526676674	-13.0049030639	-13.2571384605	3.87036749103	3.87036749103	3.87036749103	3.87036749103	3.87036749103	3.87036749103	3.87036749103	3.87036749103	3.87036749103	3.87036749103	
7.46666666667	90.1229601144	90.2470401184	90.3711201225	90.4952001265	90.6192801305	90.7433601345	90.8674401385	90.9915201425	91.1156001466	91.2396801506	0.0	0.0	-4.17993604363e-08	-5.20338192298e-08	-1.3290043649e-07	-1.77284114977e-07	-2.69730020079e-07	-3.33479727403e-07	-4.2628756618e-07	-5.00690455068e-07	0.0	-3.36874267273e-07	-8.24827406686e-08	-6.51729647345e-07	-3.57702103888e-07	-7.45050790692e-07	-5.13779055931e-07	-7.47967728666e-07	-5.99636415861e-07	-8.82770844219e-07	90.4025583617	90.1773843986	89.9522104355	89.7270364724	89.5018625093	89.2766885462	89.0515145831	88.82634062	88.6011666569	88.3759926938	-10.9870198916	-11.2392552882	-11.4914906847	-11.7437260812	-11.9959614778	-12.2481968743	-12.5004322709	-12.7526676674	-13.0049030639	-13.2571384605	3.87036749103	3.87036749103	3.87036749103	3.87036749103	3.87036749103	3.87036749103	3.87036749103	3.87036749103	3.87036749103	3.87036749103	
7.48333333333	90.1229601144	90.2470401184	90.3711201225	90.4952001265	90.6192801305	90.7433601345	90.8674401385	90.9915201425	91.1156001466	91.2396801506	0.0	0.0	-4.17993604363e-08	-5.20338192298e-08	-1.3290043649e-07	-1.77284114977e-07	-2.69730020079e-07	-3.33479727403e-07	-4.2628756618e-07	-5.00690455068e-07	0.0	-3.36874267273e-07	-8.24827406686e-08	-6.51729647345e-07	-3.57702103888e-07	-7.45050790692e-07	-5.13779055931e-07	-7.47967728666e-07	-5.99636415861e-07	-8.82770844219e-07	90.4025583617	90.1773843986	89.9522104355	89.7270364724	89.5018625093	89.2766885462	89.0515145831	88.82634062	88.6011666569	88.3759926938	-10.9870198916	-11.2392552882	-11.4914906847	-11.7437260812	-11.9959614778	-12.2481968743	-12.5004322709	-12.7526676674	-13.0049030639	-13.2571384605	3.87036749103	3.87036749103	3.87036749103	3.87036749103	3.87036749103	3.87036749103	3.87036749103	3.87036749103	3.87036749103	3.87036749103	
7.5	90.1229601144	90.2470401184	90.3711201225	90.4952001265	90.6192801305	90.7433601345	90.8674401385	90.9915201425	91.1156001466	91.2396801506	0.0	0.0	-4.17993604363e-08	-5.20338192298e-08	-1.3290043649e-07	-1.77284114977e-07	-2.69730020079e-07	-3.33479727403e-07	-4.2628756618e-07	-5.00690455068e-07	0.0	-3.36874267273e-07	-8.24827406686e-08	-6.51729647345e-07	-3.57702103888e-07	-7.45050790692e-07	-5.13779055931e-07	-7.47967728666e-07	-5.99636415861e-07	-8.82770844219e-07	90.4025583617	90.1773843986	89.9522104355	89.7270364724	89.5018625093	89.2766885462	89.0515145831	88.82634062	88.6011666569	88.3759926938	-10.9870198916	-11.2392552882	-11.4914906847	-11.7437260812	-11.9959614778	-12.2481968743	-12.5004322709	-12.7526676674	-13.0049030639	-13.2571384605	3.87036749103	3.87036749103	3.87036749103	3.87036749103	3.87036749103	3.87036749103	3.87036749103	3.87036749103	3.87036749103	3.87036749103	
7.51666666667	90.1229601144	90.2470401184	90.3711201225	90.4952001265	90.6192801305	90.7433601345	90.8674401385	90.9915201425	91.1156001466	91.2396801506	0.0	0.0	-4.17993604363e-08	-5.20338192298e-08	-1.3290043649e-07	-1.77284114977e-07	-2.69730020079e-07	-3.33479727403e-07	-4.2628756618e-07	-5.00690455068e-07	0.0	-3.36874267273e-07	-8.24827406686e-08	-6.51729647345e-07	-3.57702103888e-07	-7.45050790692e-07	-5.13779055931e-07	-7.47967728666e-07	-5.99636415861e-07	-8.82770844219e-07	90.4025583617	90.1773843986	89.9522104355	89.7270364724	89.5018625093	89.2766885462	89.0515145831	88.82634062	88.6011666569	88.3759926938	-10.9870198916	-11.2392552882	-11.4914906847	-11.7437260812	-11.9959614778	-12.2481968743	-12.5004322709	-12.7526676674	-13.0049030639	-13.2571384605	3.87036749103	3.87036749103	3.87036749103	3.87036749103	3.87036749103	3.87036749103	3.87036749103	3.87036749103	3.87036749103	3.87036749103	
7.53333333333	90.1229601144	90.2470401184	90.3711201225	90.4952001265	90.6192801305	90.7433601345	90.8674401385	90.9915201425	91.1156001466	91.2396801506	0.0	0.0	-4.17993604363e-08	-5.20338192298e-08	-1.3290043649e-07	-1.77284114977e-07	-2.69730020079e-07	-3.33479727403e-07	-4.2628756618e-07	-5.00690455068e-07	0.0	-3.36874267273e-07	-8.24827406686e-08	-6.51729647345e-07	-3.57702103888e-07	-7.45050790692e-07	-5.13779055931e-07	-7.47967728666e-07	-5.99636415861e-07	-8.82770844219e-07	90.4025583617	90.1773843986	89.9522104355	89.7270364724	89.5018625093	89.2766885462	89.0515145831	88.82634062	88.6011666569	88.3759926938	-10.9870198916	-11.2392552882	-11.4914906847	-11.7437260812	-11.9959614778	-12.2481968743	-12.5004322709	-12.7526676674	-13.0049030639	-13.2571384605	3.87036749103	3.87036749103	3.87036749103	3.87036749103	3.87036749103	3.87036749103	3.87036749103	3.87036749103	3.87036749103	3.87036749103	
7.55	90.1229601144	90.2470401184	90.3711201225	90.4952001265	90.6192801305	90.7433601345	90.8674401385	90.9915201425	91.1156001466	91.2396801506	0.0	0.0	-4.17993604363e-08	-5.20338192298e-08	-1.3290043649e-07	-1.77284114977e-07	-2.69730020079e-07	-3.33479727403e-07	-4.2628756618e-07	-5.00690455068e-07	0.0	-3.36874267273e-07	-8.24827406686e-08	-6.51729647345e-07	-3.57702103888e-07	-7.45050790692e-07	-5.13779055931e-07	-7.47967728666e-07	-5.99636415861e-07	-8.82770844219e-07	90.4025583617	90.1773843986	89.9522104355	89.7270364724	89.5018625093	89.2766885462	89.0515145831	88.82634062	88.6011666569	88.3759926938	-10.9870198916	-11.2392552882	-11.4914906847	-11.7437260812	-11.9959614778	-12.2481968743	-12.5004322709	-12.7526676674	-13.0049030639	-13.2571384605	3.87036749103	3.87036749103	3.87036749103	3.87036749103	3.87036749103	3.87036749103	3.87036749103	3.87036749103	3.87036749103	3.87036749103	
7.56666666667	90.1229601144	90.2470401184	90.3711201225	90.4952001265	90.6192801305	90.7433601345	90.8674401385	90.9915201425	91.1156001466	91.2396801506	0.0	0.0	-4.17993604363e-08	-5.20338192298e-08	-1.3290043649e-07	-1.77284114977e-07	-2.69730020079e-07	-3.33479727403e-07	-4.2628756618e-07	-5.00690455068e-07	0.0	-3.36874267273e-07	-8.24827406686e-08	-6.51729647345e-07	-3.57702103888e-07	-7.45050790692e-07	-5.13779055931e-07	-7.47967728666e-07	-5.99636415861e-07	-8.82770844219e-07	90.4025583617	90.1773843986	89.9522104355	89.7270364724	89.5018625093	89.2766885462	89.0515145831	88.82634062	88.6011666569	88.3759926938	-10.9870198916	-11.2392552882	-11.4914906847	-11.7437260812	-11.9959614778	-12.2481968743	-12.5004322709	-12.7526676674	-13.0049030639	-13.2571384605	3.87036749103	3.87036749103	3.87036749103	3.87036749103	3.87036749103	3.87036749103	3.87036749103	3.87036749103	3.87036749103	3.87036749103	
7.58333333333	90.1229601144	90.2470401184	90.3711201225	90.4952001265	90.6192801305	90.7433601345	90.8674401385	90.9915201425	91.1156001466	91.2396801506	0.0	0.0	-4.17993604363e-08	-5.20338192298e-08	-1.3290043649e-07	-1.77284114977e-07	-2.69730020079e-07	-3.33479727403e-07	-4.2628756618e-07	-5.00690455068e-07	0.0	-3.36874267273e-07	-8.24827406686e-08	-6.51729647345e-07	-3.57702103888e-07	-7.45050790692e-07	-5.13779055931e-07	-7.47967728666e-07	-5.99636415861e-07	-8.82770844219e-07	90.4025583617	90.1773843986	89.9522104355	89.7270364724	89.5018625093	89.2766885462	89.0515145831	88.82634062	88.6011666569	88.3759926938	-10.9870198916	-11.2392552882	-11.4914906847	-11.7437260812	-11.9959614778	-12.2481968743	-12.5004322709	-12.7526676674	-13.0049030639	-13.2571384605	3.87036749103	3.87036749103	3.87036749103	3.87036749103	3.87036749103	3.87036749103	3.87036749103	3.87036749103	3.87036749103	3.87036749103	
7.6	90.1229601144	90.2470401184	90.3711201225	90.4952001265	90.6192801305	90.7433601345	90.8674401385	90.9915201425	91.1156001466	91.2396801506	0.0	0.0	-4.17993604363e-08	-5.20338192298e-08	-1.3290043649e-07	-1.77284114977e-07	-2.69730020079e-07	-3.33479727403e-07	-4.2628756618e-07	-5.00690455068e-07	0.0	-3.36874267273e-07	-8.24827406686e-08	-6.51729647345e-07	-3.57702103888e-07	-7.45050790692e-07	-5.13779055931e-07	-7.47967728666e-07	-5.99636415861e-07	-8.82770844219e-07	90.4025583617	90.1773843986	89.9522104355	89.7270364724	89.5018625093	89.2766885462	89.0515145831	88.82634062	88.6011666569	88.3759926938	-10.9870198916	-11.2392552882	-11.4914906847	-11.7437260812	-11.9959614778	-12.2481968743	-12.5004322709	-12.7526676674	-13.0049030639	-13.2571384605	3.87036749103	3.87036749103	3.87036749103	3.87036749103	3.87036749103	3.87036749103	3.87036749103	3.87036749103	3.87036749103	3.87036749103	
7.61666666667	90.1229601144	90.2470401184	90.3711201225	90.4952001265	90.6192801305	90.7433601345	90.8674401385	90.9915201425	91.1156001466	91.2396801506	0.0	0.0	-4.17993604363e-08	-5.20338192298e-08	-1.3290043649e-07	-1.77284114977e-07	-2.69730020079e-07	-3.33479727403e-07	-4.2628756618e-07	-5.00690455068e-07	0.0	-3.36874267273e-07	-8.24827406686e-08	-6.51729647345e-07	-3.57702103888e-07	-7.45050790692e-07	-5.13779055931e-07	-7.47967728666e-07	-5.99636415861e-07	-8.82770844219e-07	90.4025583617	90.1773843986	89.9522104355	89.7270364724	89.5018625093	89.2766885462	89.0515145831	88.82634062	88.6011666569	88.3759926938	-10.9870198916	-11.2392552882	-11.4914906847	-11.7437260812	-11.9959614778	-12.2481968743	-12.5004322709	-12.7526676674	-13.0049030639	-13.2571384605	3.87036749103	3.87036749103	3.87036749103	3.87036749103	3.87036749103	3.87036749103	3.87036749103	3.87036749103	3.87036749103	3.87036749103	
7.63333333333	90.1229601144	90.2470401184	90.3711201225	90.4952001265	90.6192801305	90.7433601345	90.8674401385	90.9915201425	91.1156001466	91.2396801506	0.0	0.0	-4.17993604363e-08	-5.20338192298e-08	-1.3290043649e-07	-1.77284114977e-07	-2.69730020079e-07	-3.33479727403e-07	-4.2628756618e-07	-5.00690455068e-07	0.0	-3.36874267273e-07	-8.24827406686e-08	-6.51729647345e-07	-3.57702103888e-07	-7.45050790692e-07	-5.13779055931e-07	-7.47967728666e-07	-5.99636415861e-07	-8.82770844219e-07	90.4025583617	90.1773843986	89.9522104355	89.7270364724	89.5018625093	89.2766885462	89.0515145831	88.82634062	88.6011666569	88.3759926938	-10.9870198916	-11.2392552882	-11.4914906847	-11.7437260812	-11.9959614778	-12.2481968743	-12.5004322709	-12.7526676674	-13.0049030639	-13.2571384605	3.87036749103	3.87036749103	3.87036749103	3.87036749103	3.87036749103	3.87036749103	3.87036749103	3.87036749103	3.87036749103	3.87036749103	
7.65	90.1229601144	90.2470401184	90.3711201225	90.4952001265	90.6192801305	90.7433601345	90.8674401385	90.9915201425	91.1156001466	91.2396801506	0.0	0.0	-4.17993604363e-08	-5.20338192298e-08	-1.3290043649e-07	-1.77284114977e-07	-2.69730020079e-07	-3.33479727403e-07	-4.2628756618e-07	-5.00690455068e-07	0.0	-3.36874267273e-07	-8.24827406686e-08	-6.51729647345e-07	-3.57702103888e-07	-7.45050790692e-07	-5.13779055931e-07	-7.47967728666e-07	-5.99636415861e-07	-8.82770844219e-07	90.4025583617	90.1773843986	89.9522104355	89.7270364724	89.5018625093	89.2766885462	89.0515145831	88.82634062	88.6011666569	88.3759926938	-10.9870198916	-11.2392552882	-11.4914906847	-11.7437260812	-11.9959614778	-12.2481968743	-12.5004322709	-12.7526676674	-13.0049030639	-13.2571384605	3.87036749103	3.87036749103	3.87036749103	3.87036749103	3.87036749103	3.87036749103	3.87036749103	3.87036749103	3.87036749103	3.87036749103	
7.66666666667	90.1229601144	90.2470401184	90.3711201225	90.4952001265	90.6192801305	90.7433601345	90.8674401385	90.9915201425	91.1156001466	91.2396801506	0.0	0.0	-4.17993604363e-08	-5.20338192298e-08	-1.3290043649e-07	-1.77284114977e-07	-2.69730020079e-07	-3.33479727403e-07	-4.2628756618e-07	-5.00690455068e-07	0.0	-3.36874267273e-07	-8.24827406686e-08	-6.51729647345e-07	-3.57702103888e-07	-7.45050790692e-07	-5.13779055931e-07	-7.47967728666e-07	-5.99636415861e-07	-8.82770844219e-07	90.4025583617	90.1773843986	89.9522104355	89.7270364724	89.5018625093	89.2766885462	89.0515145831	88.82634062	88.6011666569	88.3759926938	-10.9870198916	-11.2392552882	-11.4914906847	-11.7437260812	-11.9959614778	-12.2481968743	-12.5004322709	-12.7526676674	-13.0049030639	-13.2571384605	3.87036749103	3.87036749103	3.87036749103	3.87036749103	3.87036749103	3.87036749103	3.87036749103	3.87036749103	3.87036749103	3.87036749103	
7.68333333333	90.1229601144	90.2470401184	90.3711201225	90.4952001265	90.6192801305	90.7433601345	90.8674401385	90.9915201425	91.1156001466	91.2396801506	0.0	0.0	-4.17993604363e-08	-5.20338192298e-08	-1.3290043649e-07	-1.77284114977e-07	-2.69730020079e-07	-3.33479727403e-07	-4.2628756618e-07	-5.00690455068e-07	0.0	-3.36874267273e-07	-8.24827406686e-08	-6.51729647345e-07	-3.57702103888e-07	-7.45050790692e-07	-5.13779055931e-07	-7.47967728666e-07	-5.99636415861e-07	-8.82770844219e-07	90.4025583617	90.1773843986	89.9522104355	89.7270364724	89.5018625093	89.2766885462	89.0515145831	88.82634062	88.6011666569	88.3759926938	-10.9870198916	-11.2392552882	-11.4914906847	-11.7437260812	-11.9959614778	-12.2481968743	-12.5004322709	-12.7526676674	-13.0049030639	-13.2571384605	3.87036749103	3.87036749103	3.87036749103	3.87036749103	3.87036749103	3.87036749103	3.87036749103	3.87036749103	3.87036749103	3.87036749103	
7.7	90.1229601144	90.2470401184	90.3711201225	90.4952001265	90.6192801305	90.7433601345	90.8674401385	90.9915201425	91.1156001466	91.2396801506	0.0	0.0	-4.17993604363e-08	-5.20338192298e-08	-1.3290043649e-07	-1.77284114977e-07	-2.69730020079e-07	-3.33479727403e-07	-4.2628756618e-07	-5.00690455068e-07	0.0	-3.36874267273e-07	-8.24827406686e-08	-6.51729647345e-07	-3.57702103888e-07	-7.45050790692e-07	-5.13779055931e-07	-7.47967728666e-07	-5.99636415861e-07	-8.82770844219e-07	90.4025583617	90.1773843986	89.9522104355	89.7270364724	89.5018625093	89.2766885462	89.0515145831	88.82634062	88.6011666569	88.3759926938	-10.9870198916	-11.2392552882	-11.4914906847	-11.7437260812	-11.9959614778	-12.2481968743	-12.5004322709	-12.7526676674	-13.0049030639	-13.2571384605	3.87036749103	3.87036749103	3.87036749103	3.87036749103	3.87036749103	3.87036749103	3.87036749103	3.87036749103	3.87036749103	3.87036749103	
7.71666666667	90.1229601144	90.2470401184	90.3711201225	90.4952001265	90.6192801305	90.7433601345	90.8674401385	90.9915201425	91.1156001466	91.2396801506	0.0	0.0	-4.17993604363e-08	-5.20338192298e-08	-1.3290043649e-07	-1.77284114977e-07	-2.69730020079e-07	-3.33479727403e-07	-4.2628756618e-07	-5.00690455068e-07	0.0	-3.36874267273e-07	-8.24827406686e-08	-6.51729647345e-07	-3.57702103888e-07	-7.45050790692e-07	-5.13779055931e-07	-7.47967728666e-07	-5.99636415861e-07	-8.82770844219e-07	90.4025583617	90.1773843986	89.9522104355	89.7270364724	89.5018625093	89.2766885462	89.0515145831	88.82634062	88.6011666569	88.3759926938	-10.9870198916	-11.2392552882	-11.4914906847	-11.7437260812	-11.9959614778	-12.2481968743	-12.5004322709	-12.7526676674	-13.0049030639	-13.2571384605	3.87036749103	3.87036749103	3.87036749103	3.87036749103	3.87036749103	3.87036749103	3.87036749103	3.87036749103	3.87036749103	3.87036749103	
7.73333333333	90.1229601144	90.2470401184	90.3711201225	90.4952001265	90.6192801305	90.7433601345	90.8674401385	90.9915201425	91.1156001466	91.2396801506	0.0	0.0	-4.17993604363e-08	-5.20338192298e-08	-1.3290043649e-07	-1.77284114977e-07	-2.69730020079e-07	-3.33479727403e-07	-4.2628756618e-07	-5.00690455068e-07	0.0	-3.36874267273e-07	-8.24827406686e-08	-6.51729647345e-07	-3.57702103888e-07	-7.45050790692e-07	-5.13779055931e-07	-7.47967728666e-07	-5.99636415861e-07	-8.82770844219e-07	90.4025583617	90.1773843986	89.9522104355	89.7270364724	89.5018625093	89.2766885462	89.0515145831	88.82634062	88.6011666569	88.3759926938	-10.9870198916	-11.2392552882	-11.4914906847	-11.7437260812	-11.9959614778	-12.2481968743	-12.5004322709	-12.7526676674	-13.0049030639	-13.2571384605	3.87036749103	3.87036749103	3.87036749103	3.87036749103	3.87036749103	3.87036749103	3.87036749103	3.87036749103	3.87036749103	3.87036749103	
7.75	90.1229601144	90.2470401184	90.3711201225	90.4952001265	90.6192801305	90.7433601345	90.8674401385	90.9915201425	91.1156001466	91.2396801506	0.0	0.0	-4.17993604363e-08	-5.20338192298e-08	-1.3290043649e-07	-1.77284114977e-07	-2.69730020079e-07	-3.33479727403e-07	-4.2628756618e-07	-5.00690455068e-07	0.0	-3.36874267273e-07	-8.24827406686e-08	-6.51729647345e-07	-3.57702103888e-07	-7.45050790692e-07	-5.13779055931e-07	-7.47967728666e-07	-5.99636415861e-07	-8.82770844219e-07	90.4025583617	90.1773843986	89.9522104355	89.7270364724	89.5018625093	89.2766885462	89.0515145831	88.82634062	88.6011666569	88.3759926938	-10.9870198916	-11.2392552882	-11.4914906847	-11.7437260812	-11.9959614778	-12.2481968743	-12.5004322709	-12.7526676674	-13.0049030639	-13.2571384605	3.87036749103	3.87036749103	3.87036749103	3.87036749103	3.87036749103	3.87036749103	3.87036749103	3.87036749103	3.87036749103	3.87036749103	
7.76666666667	90.1229601144	90.2470401184	90.3711201225	90.4952001265	90.6192801305	90.7433601345	90.8674401385	90.9915201425	91.1156001466	91.2396801506	0.0	0.0	-4.17993604363e-08	-5.20338192298e-08	-1.3290043649e-07	-1.77284114977e-07	-2.69730020079e-07	-3.33479727403e-07	-4.2628756618e-07	-5.00690455068e-07	0.0	-3.36874267273e-07	-8.24827406686e-08	-6.51729647345e-07	-3.57702103888e-07	-7.45050790692e-07	-5.13779055931e-07	-7.47967728666e-07	-5.99636415861e-07	-8.82770844219e-07	90.4025583617	90.1773843986	89.9522104355	89.7270364724	89.5018625093	89.2766885462	89.0515145831	88.82634062	88.6011666569	88.3759926938	-10.9870198916	-11.2392552882	-11.4914906847	-11.7437260812	-11.9959614778	-12.2481968743	-12.5004322709	-12.7526676674	-13.0049030639	-13.2571384605	3.87036749103	3.87036749103	3.87036749103	3.87036749103	3.87036749103	3.87036749103	3.87036749103	3.87036749103	3.87036749103	3.87036749103	
7.78333333333	90.1229601144	90.2470401184	90.3711201225	90.4952001265	90.6192801305	90.7433601345	90.8674401385	90.9915201425	91.1156001466	91.2396801506	0.0	0.0	-4.17993604363e-08	-5.20338192298e-08	-1.3290043649e-07	-1.77284114977e-07	-2.69730020079e-07	-3.33479727403e-07	-4.2628756618e-07	-5.00690455068e-07	0.0	-3.36874267273e-07	-8.24827406686e-08	-6.51729647345e-07	-3.57702103888e-07	-7.45050790692e-07	-5.13779055931e-07	-7.47967728666e-07	-5.99636415861e-07	-8.82770844219e-07	90.4025583617	90.1773843986	89.9522104355	89.7270364724	89.5018625093	89.2766885462	89.0515145831	88.82634062	88.6011666569	88.3759926938	-10.9870198916	-11.2392552882	-11.4914906847	-11.7437260812	-11.9959614778	-12.2481968743	-12.5004322709	-12.7526676674	-13.0049030639	-13.2571384605	3.87036749103	3.87036749103	3.87036749103	3.87036749103	3.87036749103	3.87036749103	3.87036749103	3.87036749103	3.87036749103	3.87036749103	
7.8	90.1229601144	90.2470401184	90.3711201225	90.4952001265	90.6192801305	90.7433601345	90.8674401385	90.9915201425	91.1156001466	91.2396801506	0.0	0.0	-4.17993604363e-08	-5.20338192298e-08	-1.3290043649e-07	-1.77284114977e-07	-2.69730020079e-07	-3.33479727403e-07	-4.2628756618e-07	-5.00690455068e-07	0.0	-3.36874267273e-07	-8.24827406686e-08	-6.51729647345e-07	-3.57702103888e-07	-7.45050790692e-07	-5.13779055931e-07	-7.47967728666e-07	-5.99636415861e-07	-8.82770844219e-07	90.4025583617	90.1773843986	89.9522104355	89.7270364724	89.5018625093	89.2766885462	89.0515145831	88.82634062	88.6011666569	88.3759926938	-10.9870198916	-11.2392552882	-11.4914906847	-11.7437260812	-11.9959614778	-12.2481968743	-12.5004322709	-12.7526676674	-13.0049030639	-13.2571384605	3.87036749103	3.87036749103	3.87036749103	3.87036749103	3.87036749103	3.87036749103	3.87036749103	3.87036749103	3.87036749103	3.87036749103	
7.81666666667	90.1229601144	90.2470401184	90.3711201225	90.4952001265	90.6192801305	90.7433601345	90.8674401385	90.9915201425	91.1156001466	91.2396801506	0.0	0.0	-4.17993604363e-08	-5.20338192298e-08	-1.3290043649e-07	-1.77284114977e-07	-2.69730020079e-07	-3.33479727403e-07	-4.2628756618e-07	-5.00690455068e-07	0.0	-3.36874267273e-07	-8.24827406686e-08	-6.51729647345e-07	-3.57702103888e-07	-7.45050790692e-07	-5.13779055931e-07	-7.47967728666e-07	-5.99636415861e-07	-8.82770844219e-07	90.4025583617	90.1773843986	89.9522104355	89.7270364724	89.5018625093	89.2766885462	89.0515145831	88.82634062	88.6011666569	88.3759926938	-10.9870198916	-11.2392552882	-11.4914906847	-11.7437260812	-11.9959614778	-12.2481968743	-12.5004322709	-12.7526676674	-13.0049030639	-13.2571384605	3.87036749103	3.87036749103	3.87036749103	3.87036749103	3.87036749103	3.87036749103	3.87036749103	3.87036749103	3.87036749103	3.87036749103	
7.83333333333	90.1229601144	90.2470401184	90.3711201225	90.4952001265	90.6192801305	90.7433601345	90.8674401385	90.9915201425	91.1156001466	91.2396801506	0.0	0.0	-4.17993604363e-08	-5.20338192298e-08	-1.3290043649e-07	-1.77284114977e-07	-2.69730020079e-07	-3.33479727403e-07	-4.2628756618e-07	-5.00690455068e-07	0.0	-3.36874267273e-07	-8.24827406686e-08	-6.51729647345e-07	-3.57702103888e-07	-7.45050790692e-07	-5.13779055931e-07	-7.47967728666e-07	-5.99636415861e-07	-8.82770844219e-07	90.4025583617	90.1773843986	89.9522104355	89.7270364724	89.5018625093	89.2766885462	89.0515145831	88.82634062	88.6011666569	88.3759926938	-10.9870198916	-11.2392552882	-11.4914906847	-11.7437260812	-11.9959614778	-12.2481968743	-12.5004322709	-12.7526676674	-13.0049030639	-13.2571384605	3.87036749103	3.87036749103	3.87036749103	3.87036749103	3.87036749103	3.87036749103	3.87036749103	3.87036749103	3.87036749103	3.87036749103	
7.85	90.1229601144	90.2470401184	90.3711201225	90.4952001265	90.6192801305	90.7433601345	90.8674401385	90.9915201425	91.1156001466	91.2396801506	0.0	0.0	-4.17993604363e-08	-5.20338192298e-08	-1.3290043649e-07	-1.77284114977e-07	-2.69730020079e-07	-3.33479727403e-07	-4.2628756618e-07	-5.00690455068e-07	0.0	-3.36874267273e-07	-8.24827406686e-08	-6.51729647345e-07	-3.57702103888e-07	-7.45050790692e-07	-5.13779055931e-07	-7.47967728666e-07	-5.99636415861e-07	-8.82770844219e-07	90.4025583617	90.1773843986	89.9522104355	89.7270364724	89.5018625093	89.2766885462	89.0515145831	88.82634062	88.6011666569	88.3759926938	-10.9870198916	-11.2392552882	-11.4914906847	-11.7437260812	-11.9959614778	-12.2481968743	-12.5004322709	-12.7526676674	-13.0049030639	-13.2571384605	3.87036749103	3.87036749103	3.87036749103	3.87036749103	3.87036749103	3.87036749103	3.87036749103	3.87036749103	3.87036749103	3.87036749103	
7.86666666667	90.1229601144	90.2470401184	90.3711201225	90.4952001265	90.6192801305	90.7433601345	90.8674401385	90.9915201425	91.1156001466	91.2396801506	0.0	0.0	-4.17993604363e-08	-5.20338192298e-08	-1.3290043649e-07	-1.77284114977e-07	-2.69730020079e-07	-3.33479727403e-07	-4.2628756618e-07	-5.00690455068e-07	0.0	-3.36874267273e-07	-8.24827406686e-08	-6.51729647345e-07	-3.57702103888e-07	-7.45050790692e-07	-5.13779055931e-07	-7.47967728666e-07	-5.99636415861e-07	-8.82770844219e-07	90.4025583617	90.1773843986	89.9522104355	89.7270364724	89.5018625093	89.2766885462	89.0515145831	88.82634062	88.6011666569	88.3759926938	-10.9870198916	-11.2392552882	-11.4914906847	-11.7437260812	-11.9959614778	-12.2481968743	-12.5004322709	-12.7526676674	-13.0049030639	-13.2571384605	3.87036749103	3.87036749103	3.87036749103	3.87036749103	3.87036749103	3.87036749103	3.87036749103	3.87036749103	3.87036749103	3.87036749103	
7.88333333333	90.1229601144	90.2470401184	90.3711201225	90.4952001265	90.6192801305	90.7433601345	90.8674401385	90.9915201425	91.1156001466	91.2396801506	0.0	0.0	-4.17993604363e-08	-5.20338192298e-08	-1.3290043649e-07	-1.77284114977e-07	-2.69730020079e-07	-3.33479727403e-07	-4.2628756618e-07	-5.00690455068e-07	0.0	-3.36874267273e-07	-8.24827406686e-08	-6.51729647345e-07	-3.57702103888e-07	-7.45050790692e-07	-5.13779055931e-07	-7.47967728666e-07	-5.99636415861e-07	-8.82770844219e-07	90.4025583617	90.1773843986	89.9522104355	89.7270364724	89.5018625093	89.2766885462	89.0515145831	88.82634062	88.6011666569	88.3759926938	-10.9870198916	-11.2392552882	-11.4914906847	-11.7437260812	-11.9959614778	-12.2481968743	-12.5004322709	-12.7526676674	-13.0049030639	-13.2571384605	3.87036749103	3.87036749103	3.87036749103	3.87036749103	3.87036749103	3.87036749103	3.87036749103	3.87036749103	3.87036749103	3.87036749103	
7.9	90.1229601144	90.2470401184	90.3711201225	90.4952001265	90.6192801305	90.7433601345	90.8674401385	90.9915201425	91.1156001466	91.2396801506	0.0	0.0	-4.17993604363e-08	-5.20338192298e-08	-1.3290043649e-07	-1.77284114977e-07	-2.69730020079e-07	-3.33479727403e-07	-4.2628756618e-07	-5.00690455068e-07	0.0	-3.36874267273e-07	-8.24827406686e-08	-6.51729647345e-07	-3.57702103888e-07	-7.45050790692e-07	-5.13779055931e-07	-7.47967728666e-07	-5.99636415861e-07	-8.82770844219e-07	90.4025583617	90.1773843986	89.9522104355	89.7270364724	89.5018625093	89.2766885462	89.0515145831	88.82634062	88.6011666569	88.3759926938	-10.9870198916	-11.2392552882	-11.4914906847	-11.7437260812	-11.9959614778	-12.2481968743	-12.5004322709	-12.7526676674	-13.0049030639	-13.2571384605	3.87036749103	3.87036749103	3.87036749103	3.87036749103	3.87036749103	3.87036749103	3.87036749103	3.87036749103	3.87036749103	3.87036749103	
7.91666666667	90.1229601144	90.2470401184	90.3711201225	90.4952001265	90.6192801305	90.7433601345	90.8674401385	90.9915201425	91.1156001466	91.2396801506	0.0	0.0	-4.17993604363e-08	-5.20338192298e-08	-1.3290043649e-07	-1.77284114977e-07	-2.69730020079e-07	-3.33479727403e-07	-4.2628756618e-07	-5.00690455068e-07	0.0	-3.36874267273e-07	-8.24827406686e-08	-6.51729647345e-07	-3.57702103888e-07	-7.45050790692e-07	-5.13779055931e-07	-7.47967728666e-07	-5.99636415861e-07	-8.82770844219e-07	90.4025583617	90.1773843986	89.9522104355	89.7270364724	89.5018625093	89.2766885462	89.0515145831	88.82634062	88.6011666569	88.3759926938	-10.9870198916	-11.2392552882	-11.4914906847	-11.7437260812	-11.9959614778	-12.2481968743	-12.5004322709	-12.7526676674	-13.0049030639	-13.2571384605	3.87036749103	3.87036749103	3.87036749103	3.87036749103	3.87036749103	3.87036749103	3.87036749103	3.87036749103	3.87036749103	3.87036749103	
7.93333333333	90.1229601144	90.2470401184	90.3711201225	90.4952001265	90.6192801305	90.7433601345	90.8674401385	90.9915201425	91.1156001466	91.2396801506	0.0	0.0	-4.17993604363e-08	-5.20338192298e-08	-1.3290043649e-07	-1.77284114977e-07	-2.69730020079e-07	-3.33479727403e-07	-4.2628756618e-07	-5.00690455068e-07	0.0	-3.36874267273e-07	-8.24827406686e-08	-6.51729647345e-07	-3.57702103888e-07	-7.45050790692e-07	-5.13779055931e-07	-7.47967728666e-07	-5.99636415861e-07	-8.82770844219e-07	90.4025583617	90.1773843986	89.9522104355	89.7270364724	89.5018625093	89.2766885462	89.0515145831	88.82634062	88.6011666569	88.3759926938	-10.9870198916	-11.2392552882	-11.4914906847	-11.7437260812	-11.9959614778	-12.2481968743	-12.5004322709	-12.7526676674	-13.0049030639	-13.2571384605	3.87036749103	3.87036749103	3.87036749103	3.87036749103	3.87036749103	3.87036749103	3.87036749103	3.87036749103	3.87036749103	3.87036749103	
7.95	90.1229601144	90.2470401184	90.3711201225	90.4952001265	90.6192801305	90.7433601345	90.8674401385	90.9915201425	91.1156001466	91.2396801506	0.0	0.0	-4.17993604363e-08	-5.20338192298e-08	-1.3290043649e-07	-1.77284114977e-07	-2.69730020079e-07	-3.33479727403e-07	-4.2628756618e-07	-5.00690455068e-07	0.0	-3.36874267273e-07	-8.24827406686e-08	-6.51729647345e-07	-3.57702103888e-07	-7.45050790692e-07	-5.13779055931e-07	-7.47967728666e-07	-5.99636415861e-07	-8.82770844219e-07	90.4025583617	90.1773843986	89.9522104355	89.7270364724	89.5018625093	89.2766885462	89.0515145831	88.82634062	88.6011666569	88.3759926938	-10.9870198916	-11.2392552882	-11.4914906847	-11.7437260812	-11.9959614778	-12.2481968743	-12.5004322709	-12.7526676674	-13.0049030639	-13.2571384605	3.87036749103	3.87036749103	3.87036749103	3.87036749103	3.87036749103	3.87036749103	3.87036749103	3.87036749103	3.87036749103	3.87036749103	
7.96666666667	90.1229601144	90.2470401184	90.3711201225	90.4952001265	90.6192801305	90.7433601345	90.8674401385	90.9915201425	91.1156001466	91.2396801506	0.0	0.0	-4.17993604363e-08	-5.20338192298e-08	-1.3290043649e-07	-1.77284114977e-07	-2.69730020079e-07	-3.33479727403e-07	-4.2628756618e-07	-5.00690455068e-07	0.0	-3.36874267273e-07	-8.24827406686e-08	-6.51729647345e-07	-3.57702103888e-07	-7.45050790692e-07	-5.13779055931e-07	-7.47967728666e-07	-5.99636415861e-07	-8.82770844219e-07	90.4025583617	90.1773843986	89.9522104355	89.7270364724	89.5018625093	89.2766885462	89.0515145831	88.82634062	88.6011666569	88.3759926938	-10.9870198916	-11.2392552882	-11.4914906847	-11.7437260812	-11.9959614778	-12.2481968743	-12.5004322709	-12.7526676674	-13.0049030639	-13.2571384605	3.87036749103	3.87036749103	3.87036749103	3.87036749103	3.87036749103	3.87036749103	3.87036749103	3.87036749103	3.87036749103	3.87036749103	
7.98333333333	90.1229601144	90.2470401184	90.3711201225	90.4952001265	90.6192801305	90.7433601345	90.8674401385	90.9915201425	91.1156001466	91.2396801506	0.0	0.0	-4.17993604363e-08	-5.20338192298e-08	-1.3290043649e-07	-1.77284114977e-07	-2.69730020079e-07	-3.33479727403e-07	-4.2628756618e-07	-5.00690455068e-07	0.0	-3.36874267273e-07	-8.24827406686e-08	-6.51729647345e-07	-3.57702103888e-07	-7.45050790692e-07	-5.13779055931e-07	-7.47967728666e-07	-5.99636415861e-07	-8.82770844219e-07	90.4025583617	90.1773843986	89.9522104355	89.7270364724	89.5018625093	89.2766885462	89.0515145831	88.82634062	88.6011666569	88.3759926938	-10.9870198916	-11.2392552882	-11.4914906847	-11.7437260812	-11.9959614778	-12.2481968743	-12.5004322709	-12.7526676674	-13.0049030639	-13.2571384605	3.87036749103	3.87036749103	3.87036749103	3.87036749103	3.87036749103	3.87036749103	3.87036749103	3.87036749103	3.87036749103	3.87036749103	
8.0	90.1229601144	90.2470401184	90.3711201225	90.4952001265	90.6192801305	90.7433601345	90.8674401385	90.9915201425	91.1156001466	91.2396801506	0.0	0.0	-4.17993604363e-08	-5.20338192298e-08	-1.3290043649e-07	-1.77284114977e-07	-2.69730020079e-07	-3.33479727403e-07	-4.2628756618e-07	-5.00690455068e-07	0.0	-3.36874267273e-07	-8.24827406686e-08	-6.51729647345e-07	-3.57702103888e-07	-7.45050790692e-07	-5.13779055931e-07	-7.47967728666e-07	-5.99636415861e-07	-8.82770844219e-07	90.4025583617	90.1773843986	89.9522104355	89.7270364724	89.5018625093	89.2766885462	89.0515145831	88.82634062	88.6011666569	88.3759926938	-10.9870198916	-11.2392552882	-11.4914906847	-11.7437260812	-11.9959614778	-12.2481968743	-12.5004322709	-12.7526676674	-13.0049030639	-13.2571384605	3.87036749103	3.87036749103	3.87036749103	3.87036749103	3.87036749103	3.87036749103	3.87036749103	3.87036749103	3.87036749103	3.87036749103	
8.01666666667	90.1229601144	90.2470401184	90.3711201225	90.4952001265	90.6192801305	90.7433601345	90.8674401385	90.9915201425	91.1156001466	91.2396801506	0.0	0.0	-4.17993604363e-08	-5.20338192298e-08	-1.3290043649e-07	-1.77284114977e-07	-2.69730020079e-07	-3.33479727403e-07	-4.2628756618e-07	-5.00690455068e-07	0.0	-3.36874267273e-07	-8.24827406686e-08	-6.51729647345e-07	-3.57702103888e-07	-7.45050790692e-07	-5.13779055931e-07	-7.47967728666e-07	-5.99636415861e-07	-8.82770844219e-07	90.4025583617	90.1773843986	89.9522104355	89.7270364724	89.5018625093	89.2766885462	89.0515145831	88.82634062	88.6011666569	88.3759926938	-10.9870198916	-11.2392552882	-11.4914906847	-11.7437260812	-11.9959614778	-12.2481968743	-12.5004322709	-12.7526676674	-13.0049030639	-13.2571384605	3.87036749103	3.87036749103	3.87036749103	3.87036749103	3.87036749103	3.87036749103	3.87036749103	3.87036749103	3.87036749103	3.87036749103	
8.03333333333	90.1229601144	90.2470401184	90.3711201225	90.4952001265	90.6192801305	90.7433601345	90.8674401385	90.9915201425	91.1156001466	91.2396801506	0.0	0.0	-4.17993604363e-08	-5.20338192298e-08	-1.3290043649e-07	-1.77284114977e-07	-2.69730020079e-07	-3.33479727403e-07	-4.2628756618e-07	-5.00690455068e-07	0.0	-3.36874267273e-07	-8.24827406686e-08	-6.51729647345e-07	-3.57702103888e-07	-7.45050790692e-07	-5.13779055931e-07	-7.47967728666e-07	-5.99636415861e-07	-8.82770844219e-07	90.4025583617	90.1773843986	89.9522104355	89.7270364724	89.5018625093	89.2766885462	89.0515145831	88.82634062	88.6011666569	88.3759926938	-10.9870198916	-11.2392552882	-11.4914906847	-11.7437260812	-11.9959614778	-12.2481968743	-12.5004322709	-12.7526676674	-13.0049030639	-13.2571384605	3.87036749103	3.87036749103	3.87036749103	3.87036749103	3.87036749103	3.87036749103	3.87036749103	3.87036749103	3.87036749103	3.87036749103	
8.05	90.1229601144	90.2470401184	90.3711201225	90.4952001265	90.6192801305	90.7433601345	90.8674401385	90.9915201425	91.1156001466	91.2396801506	0.0	0.0	-4.17993604363e-08	-5.20338192298e-08	-1.3290043649e-07	-1.77284114977e-07	-2.69730020079e-07	-3.33479727403e-07	-4.2628756618e-07	-5.00690455068e-07	0.0	-3.36874267273e-07	-8.24827406686e-08	-6.51729647345e-07	-3.57702103888e-07	-7.45050790692e-07	-5.13779055931e-07	-7.47967728666e-07	-5.99636415861e-07	-8.82770844219e-07	90.4025583617	90.1773843986	89.9522104355	89.7270364724	89.5018625093	89.2766885462	89.0515145831	88.82634062	88.6011666569	88.3759926938	-10.9870198916	-11.2392552882	-11.4914906847	-11.7437260812	-11.9959614778	-12.2481968743	-12.5004322709	-12.7526676674	-13.0049030639	-13.2571384605	3.87036749103	3.87036749103	3.87036749103	3.87036749103	3.87036749103	3.87036749103	3.87036749103	3.87036749103	3.87036749103	3.87036749103	
8.06666666667	90.1229601144	90.2470401184	90.3711201225	90.4952001265	90.6192801305	90.7433601345	90.8674401385	90.9915201425	91.1156001466	91.2396801506	0.0	0.0	-4.17993604363e-08	-5.20338192298e-08	-1.3290043649e-07	-1.77284114977e-07	-2.69730020079e-07	-3.33479727403e-07	-4.2628756618e-07	-5.00690455068e-07	0.0	-3.36874267273e-07	-8.24827406686e-08	-6.51729647345e-07	-3.57702103888e-07	-7.45050790692e-07	-5.13779055931e-07	-7.47967728666e-07	-5.99636415861e-07	-8.82770844219e-07	90.4025583617	90.1773843986	89.9522104355	89.7270364724	89.5018625093	89.2766885462	89.0515145831	88.82634062	88.6011666569	88.3759926938	-10.9870198916	-11.2392552882	-11.4914906847	-11.7437260812	-11.9959614778	-12.2481968743	-12.5004322709	-12.7526676674	-13.0049030639	-13.2571384605	3.87036749103	3.87036749103	3.87036749103	3.87036749103	3.87036749103	3.87036749103	3.87036749103	3.87036749103	3.87036749103	3.87036749103	
8.08333333333	90.1229601144	90.2470401184	90.3711201225	90.4952001265	90.6192801305	90.7433601345	90.8674401385	90.9915201425	91.1156001466	91.2396801506	0.0	0.0	-4.17993604363e-08	-5.20338192298e-08	-1.3290043649e-07	-1.77284114977e-07	-2.69730020079e-07	-3.33479727403e-07	-4.2628756618e-07	-5.00690455068e-07	0.0	-3.36874267273e-07	-8.24827406686e-08	-6.51729647345e-07	-3.57702103888e-07	-7.45050790692e-07	-5.13779055931e-07	-7.47967728666e-07	-5.99636415861e-07	-8.82770844219e-07	90.4025583617	90.1773843986	89.9522104355	89.7270364724	89.5018625093	89.2766885462	89.0515145831	88.82634062	88.6011666569	88.3759926938	-10.9870198916	-11.2392552882	-11.4914906847	-11.7437260812	-11.9959614778	-12.2481968743	-12.5004322709	-12.7526676674	-13.0049030639	-13.2571384605	3.87036749103	3.87036749103	3.87036749103	3.87036749103	3.87036749103	3.87036749103	3.87036749103	3.87036749103	3.87036749103	3.87036749103	
8.1	90.1229601144	90.2470401184	90.3711201225	90.4952001265	90.6192801305	90.7433601345	90.8674401385	90.9915201425	91.1156001466	91.2396801506	0.0	0.0	-4.17993604363e-08	-5.20338192298e-08	-1.3290043649e-07	-1.77284114977e-07	-2.69730020079e-07	-3.33479727403e-07	-4.2628756618e-07	-5.00690455068e-07	0.0	-3.36874267273e-07	-8.24827406686e-08	-6.51729647345e-07	-3.57702103888e-07	-7.45050790692e-07	-5.13779055931e-07	-7.47967728666e-07	-5.99636415861e-07	-8.82770844219e-07	90.4025583617	90.1773843986	89.9522104355	89.7270364724	89.5018625093	89.2766885462	89.0515145831	88.82634062	88.6011666569	88.3759926938	-10.9870198916	-11.2392552882	-11.4914906847	-11.7437260812	-11.9959614778	-12.2481968743	-12.5004322709	-12.7526676674	-13.0049030639	-13.2571384605	3.87036749103	3.87036749103	3.87036749103	3.87036749103	3.87036749103	3.87036749103	3.87036749103	3.87036749103	3.87036749103	3.87036749103	
8.11666666667	90.1229601144	90.2470401184	90.3711201225	90.4952001265	90.6192801305	90.7433601345	90.8674401385	90.9915201425	91.1156001466	91.2396801506	0.0	0.0	-4.17993604363e-08	-5.20338192298e-08	-1.3290043649e-07	-1.77284114977e-07	-2.69730020079e-07	-3.33479727403e-07	-4.2628756618e-07	-5.00690455068e-07	0.0	-3.36874267273e-07	-8.24827406686e-08	-6.51729647345e-07	-3.57702103888e-07	-7.45050790692e-07	-5.13779055931e-07	-7.47967728666e-07	-5.99636415861e-07	-8.82770844219e-07	90.4025583617	90.1773843986	89.9522104355	89.7270364724	89.5018625093	89.2766885462	89.0515145831	88.82634062	88.6011666569	88.3759926938	-10.9870198916	-11.2392552882	-11.4914906847	-11.7437260812	-11.9959614778	-12.2481968743	-12.5004322709	-12.7526676674	-13.0049030639	-13.2571384605	3.87036749103	3.87036749103	3.87036749103	3.87036749103	3.87036749103	3.87036749103	3.87036749103	3.87036749103	3.87036749103	3.87036749103	
8.13333333333	90.1229601144	90.2470401184	90.3711201225	90.4952001265	90.6192801305	90.7433601345	90.8674401385	90.9915201425	91.1156001466	91.2396801506	0.0	0.0	-4.17993604363e-08	-5.20338192298e-08	-1.3290043649e-07	-1.77284114977e-07	-2.69730020079e-07	-3.33479727403e-07	-4.2628756618e-07	-5.00690455068e-07	0.0	-3.36874267273e-07	-8.24827406686e-08	-6.51729647345e-07	-3.57702103888e-07	-7.45050790692e-07	-5.13779055931e-07	-7.47967728666e-07	-5.99636415861e-07	-8.82770844219e-07	90.4025583617	90.1773843986	89.9522104355	89.7270364724	89.5018625093	89.2766885462	89.0515145831	88.82634062	88.6011666569	88.3759926938	-10.9870198916	-11.2392552882	-11.4914906847	-11.7437260812	-11.9959614778	-12.2481968743	-12.5004322709	-12.7526676674	-13.0049030639	-13.2571384605	3.87036749103	3.87036749103	3.87036749103	3.87036749103	3.87036749103	3.87036749103	3.87036749103	3.87036749103	3.87036749103	3.87036749103	
8.15	90.1229601144	90.2470401184	90.3711201225	90.4952001265	90.6192801305	90.7433601345	90.8674401385	90.9915201425	91.1156001466	91.2396801506	0.0	0.0	-4.17993604363e-08	-5.20338192298e-08	-1.3290043649e-07	-1.77284114977e-07	-2.69730020079e-07	-3.33479727403e-07	-4.2628756618e-07	-5.00690455068e-07	0.0	-3.36874267273e-07	-8.24827406686e-08	-6.51729647345e-07	-3.57702103888e-07	-7.45050790692e-07	-5.13779055931e-07	-7.47967728666e-07	-5.99636415861e-07	-8.82770844219e-07	90.4025583617	90.1773843986	89.9522104355	89.7270364724	89.5018625093	89.2766885462	89.0515145831	88.82634062	88.6011666569	88.3759926938	-10.9870198916	-11.2392552882	-11.4914906847	-11.7437260812	-11.9959614778	-12.2481968743	-12.5004322709	-12.7526676674	-13.0049030639	-13.2571384605	3.87036749103	3.87036749103	3.87036749103	3.87036749103	3.87036749103	3.87036749103	3.87036749103	3.87036749103	3.87036749103	3.87036749103	
8.16666666667	90.1229601144	90.2470401184	90.3711201225	90.4952001265	90.6192801305	90.7433601345	90.8674401385	90.9915201425	91.1156001466	91.2396801506	0.0	0.0	-4.17993604363e-08	-5.20338192298e-08	-1.3290043649e-07	-1.77284114977e-07	-2.69730020079e-07	-3.33479727403e-07	-4.2628756618e-07	-5.00690455068e-07	0.0	-3.36874267273e-07	-8.24827406686e-08	-6.51729647345e-07	-3.57702103888e-07	-7.45050790692e-07	-5.13779055931e-07	-7.47967728666e-07	-5.99636415861e-07	-8.82770844219e-07	90.4025583617	90.1773843986	89.9522104355	89.7270364724	89.5018625093	89.2766885462	89.0515145831	88.82634062	88.6011666569	88.3759926938	-10.9870198916	-11.2392552882	-11.4914906847	-11.7437260812	-11.9959614778	-12.2481968743	-12.5004322709	-12.7526676674	-13.0049030639	-13.2571384605	3.87036749103	3.87036749103	3.87036749103	3.87036749103	3.87036749103	3.87036749103	3.87036749103	3.87036749103	3.87036749103	3.87036749103	
8.18333333333	90.1229601144	90.2470401184	90.3711201225	90.4952001265	90.6192801305	90.7433601345	90.8674401385	90.9915201425	91.1156001466	91.2396801506	0.0	0.0	-4.17993604363e-08	-5.20338192298e-08	-1.3290043649e-07	-1.77284114977e-07	-2.69730020079e-07	-3.33479727403e-07	-4.2628756618e-07	-5.00690455068e-07	0.0	-3.36874267273e-07	-8.24827406686e-08	-6.51729647345e-07	-3.57702103888e-07	-7.45050790692e-07	-5.13779055931e-07	-7.47967728666e-07	-5.99636415861e-07	-8.82770844219e-07	90.4025583617	90.1773843986	89.9522104355	89.7270364724	89.5018625093	89.2766885462	89.0515145831	88.82634062	88.6011666569	88.3759926938	-10.9870198916	-11.2392552882	-11.4914906847	-11.7437260812	-11.9959614778	-12.2481968743	-12.5004322709	-12.7526676674	-13.0049030639	-13.2571384605	3.87036749103	3.87036749103	3.87036749103	3.87036749103	3.87036749103	3.87036749103	3.87036749103	3.87036749103	3.87036749103	3.87036749103	
8.2	90.1229601144	90.2470401184	90.3711201225	90.4952001265	90.6192801305	90.7433601345	90.8674401385	90.9915201425	91.1156001466	91.2396801506	0.0	0.0	-4.17993604363e-08	-5.20338192298e-08	-1.3290043649e-07	-1.77284114977e-07	-2.69730020079e-07	-3.33479727403e-07	-4.2628756618e-07	-5.00690455068e-07	0.0	-3.36874267273e-07	-8.24827406686e-08	-6.51729647345e-07	-3.57702103888e-07	-7.45050790692e-07	-5.13779055931e-07	-7.47967728666e-07	-5.99636415861e-07	-8.82770844219e-07	90.4025583617	90.1773843986	89.9522104355	89.7270364724	89.5018625093	89.2766885462	89.0515145831	88.82634062	88.6011666569	88.3759926938	-10.9870198916	-11.2392552882	-11.4914906847	-11.7437260812	-11.9959614778	-12.2481968743	-12.5004322709	-12.7526676674	-13.0049030639	-13.2571384605	3.87036749103	3.87036749103	3.87036749103	3.87036749103	3.87036749103	3.87036749103	3.87036749103	3.87036749103	3.87036749103	3.87036749103	
8.21666666667	90.1229601144	90.2470401184	90.3711201225	90.4952001265	90.6192801305	90.7433601345	90.8674401385	90.9915201425	91.1156001466	91.2396801506	0.0	0.0	-4.17993604363e-08	-5.20338192298e-08	-1.3290043649e-07	-1.77284114977e-07	-2.69730020079e-07	-3.33479727403e-07	-4.2628756618e-07	-5.00690455068e-07	0.0	-3.36874267273e-07	-8.24827406686e-08	-6.51729647345e-07	-3.57702103888e-07	-7.45050790692e-07	-5.13779055931e-07	-7.47967728666e-07	-5.99636415861e-07	-8.82770844219e-07	90.4025583617	90.1773843986	89.9522104355	89.7270364724	89.5018625093	89.2766885462	89.0515145831	88.82634062	88.6011666569	88.3759926938	-10.9870198916	-11.2392552882	-11.4914906847	-11.7437260812	-11.9959614778	-12.2481968743	-12.5004322709	-12.7526676674	-13.0049030639	-13.2571384605	3.87036749103	3.87036749103	3.87036749103	3.87036749103	3.87036749103	3.87036749103	3.87036749103	3.87036749103	3.87036749103	3.87036749103	
8.23333333333	90.1229601144	90.2470401184	90.3711201225	90.4952001265	90.6192801305	90.7433601345	90.8674401385	90.9915201425	91.1156001466	91.2396801506	0.0	0.0	-4.17993604363e-08	-5.20338192298e-08	-1.3290043649e-07	-1.77284114977e-07	-2.69730020079e-07	-3.33479727403e-07	-4.2628756618e-07	-5.00690455068e-07	0.0	-3.36874267273e-07	-8.24827406686e-08	-6.51729647345e-07	-3.57702103888e-07	-7.45050790692e-07	-5.13779055931e-07	-7.47967728666e-07	-5.99636415861e-07	-8.82770844219e-07	90.4025583617	90.1773843986	89.9522104355	89.7270364724	89.5018625093	89.2766885462	89.0515145831	88.82634062	88.6011666569	88.3759926938	-10.9870198916	-11.2392552882	-11.4914906847	-11.7437260812	-11.9959614778	-12.2481968743	-12.5004322709	-12.7526676674	-13.0049030639	-13.2571384605	3.87036749103	3.87036749103	3.87036749103	3.87036749103	3.87036749103	3.87036749103	3.87036749103	3.87036749103	3.87036749103	3.87036749103	
8.25	90.1229601144	90.2470401184	90.3711201225	90.4952001265	90.6192801305	90.7433601345	90.8674401385	90.9915201425	91.1156001466	91.2396801506	0.0	0.0	-4.17993604363e-08	-5.20338192298e-08	-1.3290043649e-07	-1.77284114977e-07	-2.69730020079e-07	-3.33479727403e-07	-4.2628756618e-07	-5.00690455068e-07	0.0	-3.36874267273e-07	-8.24827406686e-08	-6.51729647345e-07	-3.57702103888e-07	-7.45050790692e-07	-5.13779055931e-07	-7.47967728666e-07	-5.99636415861e-07	-8.82770844219e-07	90.4025583617	90.1773843986	89.9522104355	89.7270364724	89.5018625093	89.2766885462	89.0515145831	88.82634062	88.6011666569	88.3759926938	-10.9870198916	-11.2392552882	-11.4914906847	-11.7437260812	-11.9959614778	-12.2481968743	-12.5004322709	-12.7526676674	-13.0049030639	-13.2571384605	3.87036749103	3.87036749103	3.87036749103	3.87036749103	3.87036749103	3.87036749103	3.87036749103	3.87036749103	3.87036749103	3.87036749103	
8.26666666667	90.1229601144	90.2470401184	90.3711201225	90.4952001265	90.6192801305	90.7433601345	90.8674401385	90.9915201425	91.1156001466	91.2396801506	0.0	0.0	-4.17993604363e-08	-5.20338192298e-08	-1.3290043649e-07	-1.77284114977e-07	-2.69730020079e-07	-3.33479727403e-07	-4.2628756618e-07	-5.00690455068e-07	0.0	-3.36874267273e-07	-8.24827406686e-08	-6.51729647345e-07	-3.57702103888e-07	-7.45050790692e-07	-5.13779055931e-07	-7.47967728666e-07	-5.99636415861e-07	-8.82770844219e-07	90.4025583617	90.1773843986	89.9522104355	89.7270364724	89.5018625093	89.2766885462	89.0515145831	88.82634062	88.6011666569	88.3759926938	-10.9870198916	-11.2392552882	-11.4914906847	-11.7437260812	-11.9959614778	-12.2481968743	-12.5004322709	-12.7526676674	-13.0049030639	-13.2571384605	3.87036749103	3.87036749103	3.87036749103	3.87036749103	3.87036749103	3.87036749103	3.87036749103	3.87036749103	3.87036749103	3.87036749103	
8.28333333333	90.1229601144	90.2470401184	90.3711201225	90.4952001265	90.6192801305	90.7433601345	90.8674401385	90.9915201425	91.1156001466	91.2396801506	0.0	0.0	-4.17993604363e-08	-5.20338192298e-08	-1.3290043649e-07	-1.77284114977e-07	-2.69730020079e-07	-3.33479727403e-07	-4.2628756618e-07	-5.00690455068e-07	0.0	-3.36874267273e-07	-8.24827406686e-08	-6.51729647345e-07	-3.57702103888e-07	-7.45050790692e-07	-5.13779055931e-07	-7.47967728666e-07	-5.99636415861e-07	-8.82770844219e-07	90.4025583617	90.1773843986	89.9522104355	89.7270364724	89.5018625093	89.2766885462	89.0515145831	88.82634062	88.6011666569	88.3759926938	-10.9870198916	-11.2392552882	-11.4914906847	-11.7437260812	-11.9959614778	-12.2481968743	-12.5004322709	-12.7526676674	-13.0049030639	-13.2571384605	3.87036749103	3.87036749103	3.87036749103	3.87036749103	3.87036749103	3.87036749103	3.87036749103	3.87036749103	3.87036749103	3.87036749103	
8.3	90.1229601144	90.2470401184	90.3711201225	90.4952001265	90.6192801305	90.7433601345	90.8674401385	90.9915201425	91.1156001466	91.2396801506	0.0	0.0	-4.17993604363e-08	-5.20338192298e-08	-1.3290043649e-07	-1.77284114977e-07	-2.69730020079e-07	-3.33479727403e-07	-4.2628756618e-07	-5.00690455068e-07	0.0	-3.36874267273e-07	-8.24827406686e-08	-6.51729647345e-07	-3.57702103888e-07	-7.45050790692e-07	-5.13779055931e-07	-7.47967728666e-07	-5.99636415861e-07	-8.82770844219e-07	90.4025583617	90.1773843986	89.9522104355	89.7270364724	89.5018625093	89.2766885462	89.0515145831	88.82634062	88.6011666569	88.3759926938	-10.9870198916	-11.2392552882	-11.4914906847	-11.7437260812	-11.9959614778	-12.2481968743	-12.5004322709	-12.7526676674	-13.0049030639	-13.2571384605	3.87036749103	3.87036749103	3.87036749103	3.87036749103	3.87036749103	3.87036749103	3.87036749103	3.87036749103	3.87036749103	3.87036749103	
8.31666666667	90.1229601144	90.2470401184	90.3711201225	90.4952001265	90.6192801305	90.7433601345	90.8674401385	90.9915201425	91.1156001466	91.2396801506	0.0	0.0	-4.17993604363e-08	-5.20338192298e-08	-1.3290043649e-07	-1.77284114977e-07	-2.69730020079e-07	-3.33479727403e-07	-4.2628756618e-07	-5.00690455068e-07	0.0	-3.36874267273e-07	-8.24827406686e-08	-6.51729647345e-07	-3.57702103888e-07	-7.45050790692e-07	-5.13779055931e-07	-7.47967728666e-07	-5.99636415861e-07	-8.82770844219e-07	90.4025583617	90.1773843986	89.9522104355	89.7270364724	89.5018625093	89.2766885462	89.0515145831	88.82634062	88.6011666569	88.3759926938	-10.9870198916	-11.2392552882	-11.4914906847	-11.7437260812	-11.9959614778	-12.2481968743	-12.5004322709	-12.7526676674	-13.0049030639	-13.2571384605	3.87036749103	3.87036749103	3.87036749103	3.87036749103	3.87036749103	3.87036749103	3.87036749103	3.87036749103	3.87036749103	3.87036749103	
8.33333333333	90.1229601144	90.2470401184	90.3711201225	90.4952001265	90.6192801305	90.7433601345	90.8674401385	90.9915201425	91.1156001466	91.2396801506	0.0	0.0	-4.17993604363e-08	-5.20338192298e-08	-1.3290043649e-07	-1.77284114977e-07	-2.69730020079e-07	-3.33479727403e-07	-4.2628756618e-07	-5.00690455068e-07	0.0	-3.36874267273e-07	-8.24827406686e-08	-6.51729647345e-07	-3.57702103888e-07	-7.45050790692e-07	-5.13779055931e-07	-7.47967728666e-07	-5.99636415861e-07	-8.82770844219e-07	90.4025583617	90.1773843986	89.9522104355	89.7270364724	89.5018625093	89.2766885462	89.0515145831	88.82634062	88.6011666569	88.3759926938	-10.9870198916	-11.2392552882	-11.4914906847	-11.7437260812	-11.9959614778	-12.2481968743	-12.5004322709	-12.7526676674	-13.0049030639	-13.2571384605	3.87036749103	3.87036749103	3.87036749103	3.87036749103	3.87036749103	3.87036749103	3.87036749103	3.87036749103	3.87036749103	3.87036749103	
8.35	90.1229601144	90.2470401184	90.3711201225	90.4952001265	90.6192801305	90.7433601345	90.8674401385	90.9915201425	91.1156001466	91.2396801506	0.0	0.0	-4.17993604363e-08	-5.20338192298e-08	-1.3290043649e-07	-1.77284114977e-07	-2.69730020079e-07	-3.33479727403e-07	-4.2628756618e-07	-5.00690455068e-07	0.0	-3.36874267273e-07	-8.24827406686e-08	-6.51729647345e-07	-3.57702103888e-07	-7.45050790692e-07	-5.13779055931e-07	-7.47967728666e-07	-5.99636415861e-07	-8.82770844219e-07	90.4025583617	90.1773843986	89.9522104355	89.7270364724	89.5018625093	89.2766885462	89.0515145831	88.82634062	88.6011666569	88.3759926938	-10.9870198916	-11.2392552882	-11.4914906847	-11.7437260812	-11.9959614778	-12.2481968743	-12.5004322709	-12.7526676674	-13.0049030639	-13.2571384605	3.87036749103	3.87036749103	3.87036749103	3.87036749103	3.87036749103	3.87036749103	3.87036749103	3.87036749103	3.87036749103	3.87036749103	
8.36666666667	90.1229601144	90.2470401184	90.3711201225	90.4952001265	90.6192801305	90.7433601345	90.8674401385	90.9915201425	91.1156001466	91.2396801506	0.0	0.0	-4.17993604363e-08	-5.20338192298e-08	-1.3290043649e-07	-1.77284114977e-07	-2.69730020079e-07	-3.33479727403e-07	-4.2628756618e-07	-5.00690455068e-07	0.0	-3.36874267273e-07	-8.24827406686e-08	-6.51729647345e-07	-3.57702103888e-07	-7.45050790692e-07	-5.13779055931e-07	-7.47967728666e-07	-5.99636415861e-07	-8.82770844219e-07	90.4025583617	90.1773843986	89.9522104355	89.7270364724	89.5018625093	89.2766885462	89.0515145831	88.82634062	88.6011666569	88.3759926938	-10.9870198916	-11.2392552882	-11.4914906847	-11.7437260812	-11.9959614778	-12.2481968743	-12.5004322709	-12.7526676674	-13.0049030639	-13.2571384605	3.87036749103	3.87036749103	3.87036749103	3.87036749103	3.87036749103	3.87036749103	3.87036749103	3.87036749103	3.87036749103	3.87036749103	
8.38333333333	90.1229601144	90.2470401184	90.3711201225	90.4952001265	90.6192801305	90.7433601345	90.8674401385	90.9915201425	91.1156001466	91.2396801506	0.0	0.0	-4.17993604363e-08	-5.20338192298e-08	-1.3290043649e-07	-1.77284114977e-07	-2.69730020079e-07	-3.33479727403e-07	-4.2628756618e-07	-5.00690455068e-07	0.0	-3.36874267273e-07	-8.24827406686e-08	-6.51729647345e-07	-3.57702103888e-07	-7.45050790692e-07	-5.13779055931e-07	-7.47967728666e-07	-5.99636415861e-07	-8.82770844219e-07	90.4025583617	90.1773843986	89.9522104355	89.7270364724	89.5018625093	89.2766885462	89.0515145831	88.82634062	88.6011666569	88.3759926938	-10.9870198916	-11.2392552882	-11.4914906847	-11.7437260812	-11.9959614778	-12.2481968743	-12.5004322709	-12.7526676674	-13.0049030639	-13.2571384605	3.87036749103	3.87036749103	3.87036749103	3.87036749103	3.87036749103	3.87036749103	3.87036749103	3.87036749103	3.87036749103	3.87036749103	
8.4	90.1229601144	90.2470401184	90.3711201225	90.4952001265	90.6192801305	90.7433601345	90.8674401385	90.9915201425	91.1156001466	91.2396801506	0.0	0.0	-4.17993604363e-08	-5.20338192298e-08	-1.3290043649e-07	-1.77284114977e-07	-2.69730020079e-07	-3.33479727403e-07	-4.2628756618e-07	-5.00690455068e-07	0.0	-3.36874267273e-07	-8.24827406686e-08	-6.51729647345e-07	-3.57702103888e-07	-7.45050790692e-07	-5.13779055931e-07	-7.47967728666e-07	-5.99636415861e-07	-8.82770844219e-07	90.4025583617	90.1773843986	89.9522104355	89.7270364724	89.5018625093	89.2766885462	89.0515145831	88.82634062	88.6011666569	88.3759926938	-10.9870198916	-11.2392552882	-11.4914906847	-11.7437260812	-11.9959614778	-12.2481968743	-12.5004322709	-12.7526676674	-13.0049030639	-13.2571384605	3.87036749103	3.87036749103	3.87036749103	3.87036749103	3.87036749103	3.87036749103	3.87036749103	3.87036749103	3.87036749103	3.87036749103	
8.41666666667	90.1229601144	90.2470401184	90.3711201225	90.4952001265	90.6192801305	90.7433601345	90.8674401385	90.9915201425	91.1156001466	91.2396801506	0.0	0.0	-4.17993604363e-08	-5.20338192298e-08	-1.3290043649e-07	-1.77284114977e-07	-2.69730020079e-07	-3.33479727403e-07	-4.2628756618e-07	-5.00690455068e-07	0.0	-3.36874267273e-07	-8.24827406686e-08	-6.51729647345e-07	-3.57702103888e-07	-7.45050790692e-07	-5.13779055931e-07	-7.47967728666e-07	-5.99636415861e-07	-8.82770844219e-07	90.4025583617	90.1773843986	89.9522104355	89.7270364724	89.5018625093	89.2766885462	89.0515145831	88.82634062	88.6011666569	88.3759926938	-10.9870198916	-11.2392552882	-11.4914906847	-11.7437260812	-11.9959614778	-12.2481968743	-12.5004322709	-12.7526676674	-13.0049030639	-13.2571384605	3.87036749103	3.87036749103	3.87036749103	3.87036749103	3.87036749103	3.87036749103	3.87036749103	3.87036749103	3.87036749103	3.87036749103	
8.43333333333	90.1229601144	90.2470401184	90.3711201225	90.4952001265	90.6192801305	90.7433601345	90.8674401385	90.9915201425	91.1156001466	91.2396801506	0.0	0.0	-4.17993604363e-08	-5.20338192298e-08	-1.3290043649e-07	-1.77284114977e-07	-2.69730020079e-07	-3.33479727403e-07	-4.2628756618e-07	-5.00690455068e-07	0.0	-3.36874267273e-07	-8.24827406686e-08	-6.51729647345e-07	-3.57702103888e-07	-7.45050790692e-07	-5.13779055931e-07	-7.47967728666e-07	-5.99636415861e-07	-8.82770844219e-07	90.4025583617	90.1773843986	89.9522104355	89.7270364724	89.5018625093	89.2766885462	89.0515145831	88.82634062	88.6011666569	88.3759926938	-10.9870198916	-11.2392552882	-11.4914906847	-11.7437260812	-11.9959614778	-12.2481968743	-12.5004322709	-12.7526676674	-13.0049030639	-13.2571384605	3.87036749103	3.87036749103	3.87036749103	3.87036749103	3.87036749103	3.87036749103	3.87036749103	3.87036749103	3.87036749103	3.87036749103	
8.45	90.1229601144	90.2470401184	90.3711201225	90.4952001265	90.6192801305	90.7433601345	90.8674401385	90.9915201425	91.1156001466	91.2396801506	0.0	0.0	-4.17993604363e-08	-5.20338192298e-08	-1.3290043649e-07	-1.77284114977e-07	-2.69730020079e-07	-3.33479727403e-07	-4.2628756618e-07	-5.00690455068e-07	0.0	-3.36874267273e-07	-8.24827406686e-08	-6.51729647345e-07	-3.57702103888e-07	-7.45050790692e-07	-5.13779055931e-07	-7.47967728666e-07	-5.99636415861e-07	-8.82770844219e-07	90.4025583617	90.1773843986	89.9522104355	89.7270364724	89.5018625093	89.2766885462	89.0515145831	88.82634062	88.6011666569	88.3759926938	-10.9870198916	-11.2392552882	-11.4914906847	-11.7437260812	-11.9959614778	-12.2481968743	-12.5004322709	-12.7526676674	-13.0049030639	-13.2571384605	3.87036749103	3.87036749103	3.87036749103	3.87036749103	3.87036749103	3.87036749103	3.87036749103	3.87036749103	3.87036749103	3.87036749103	
8.46666666667	90.1229601144	90.2470401184	90.3711201225	90.4952001265	90.6192801305	90.7433601345	90.8674401385	90.9915201425	91.1156001466	91.2396801506	0.0	0.0	-4.17993604363e-08	-5.20338192298e-08	-1.3290043649e-07	-1.77284114977e-07	-2.69730020079e-07	-3.33479727403e-07	-4.2628756618e-07	-5.00690455068e-07	0.0	-3.36874267273e-07	-8.24827406686e-08	-6.51729647345e-07	-3.57702103888e-07	-7.45050790692e-07	-5.13779055931e-07	-7.47967728666e-07	-5.99636415861e-07	-8.82770844219e-07	90.4025583617	90.1773843986	89.9522104355	89.7270364724	89.5018625093	89.2766885462	89.0515145831	88.82634062	88.6011666569	88.3759926938	-10.9870198916	-11.2392552882	-11.4914906847	-11.7437260812	-11.9959614778	-12.2481968743	-12.5004322709	-12.7526676674	-13.0049030639	-13.2571384605	3.87036749103	3.87036749103	3.87036749103	3.87036749103	3.87036749103	3.87036749103	3.87036749103	3.87036749103	3.87036749103	3.87036749103	
8.48333333333	90.1229601144	90.2470401184	90.3711201225	90.4952001265	90.6192801305	90.7433601345	90.8674401385	90.9915201425	91.1156001466	91.2396801506	0.0	0.0	-4.17993604363e-08	-5.20338192298e-08	-1.3290043649e-07	-1.77284114977e-07	-2.69730020079e-07	-3.33479727403e-07	-4.2628756618e-07	-5.00690455068e-07	0.0	-3.36874267273e-07	-8.24827406686e-08	-6.51729647345e-07	-3.57702103888e-07	-7.45050790692e-07	-5.13779055931e-07	-7.47967728666e-07	-5.99636415861e-07	-8.82770844219e-07	90.4025583617	90.1773843986	89.9522104355	89.7270364724	89.5018625093	89.2766885462	89.0515145831	88.82634062	88.6011666569	88.3759926938	-10.9870198916	-11.2392552882	-11.4914906847	-11.7437260812	-11.9959614778	-12.2481968743	-12.5004322709	-12.7526676674	-13.0049030639	-13.2571384605	3.87036749103	3.87036749103	3.87036749103	3.87036749103	3.87036749103	3.87036749103	3.87036749103	3.87036749103	3.87036749103	3.87036749103	
8.5	90.1229601144	90.2470401184	90.3711201225	90.4952001265	90.6192801305	90.7433601345	90.8674401385	90.9915201425	91.1156001466	91.2396801506	0.0	0.0	-4.17993604363e-08	-5.20338192298e-08	-1.3290043649e-07	-1.77284114977e-07	-2.69730020079e-07	-3.33479727403e-07	-4.2628756618e-07	-5.00690455068e-07	0.0	-3.36874267273e-07	-8.24827406686e-08	-6.51729647345e-07	-3.57702103888e-07	-7.45050790692e-07	-5.13779055931e-07	-7.47967728666e-07	-5.99636415861e-07	-8.82770844219e-07	90.4025583617	90.1773843986	89.9522104355	89.7270364724	89.5018625093	89.2766885462	89.0515145831	88.82634062	88.6011666569	88.3759926938	-10.9870198916	-11.2392552882	-11.4914906847	-11.7437260812	-11.9959614778	-12.2481968743	-12.5004322709	-12.7526676674	-13.0049030639	-13.2571384605	3.87036749103	3.87036749103	3.87036749103	3.87036749103	3.87036749103	3.87036749103	3.87036749103	3.87036749103	3.87036749103	3.87036749103	
8.51666666667	90.1229601144	90.2470401184	90.3711201225	90.4952001265	90.6192801305	90.7433601345	90.8674401385	90.9915201425	91.1156001466	91.2396801506	0.0	0.0	-4.17993604363e-08	-5.20338192298e-08	-1.3290043649e-07	-1.77284114977e-07	-2.69730020079e-07	-3.33479727403e-07	-4.2628756618e-07	-5.00690455068e-07	0.0	-3.36874267273e-07	-8.24827406686e-08	-6.51729647345e-07	-3.57702103888e-07	-7.45050790692e-07	-5.13779055931e-07	-7.47967728666e-07	-5.99636415861e-07	-8.82770844219e-07	90.4025583617	90.1773843986	89.9522104355	89.7270364724	89.5018625093	89.2766885462	89.0515145831	88.82634062	88.6011666569	88.3759926938	-10.9870198916	-11.2392552882	-11.4914906847	-11.7437260812	-11.9959614778	-12.2481968743	-12.5004322709	-12.7526676674	-13.0049030639	-13.2571384605	3.87036749103	3.87036749103	3.87036749103	3.87036749103	3.87036749103	3.87036749103	3.87036749103	3.87036749103	3.87036749103	3.87036749103	
8.53333333333	90.1229601144	90.2470401184	90.3711201225	90.4952001265	90.6192801305	90.7433601345	90.8674401385	90.9915201425	91.1156001466	91.2396801506	0.0	0.0	-4.17993604363e-08	-5.20338192298e-08	-1.3290043649e-07	-1.77284114977e-07	-2.69730020079e-07	-3.33479727403e-07	-4.2628756618e-07	-5.00690455068e-07	0.0	-3.36874267273e-07	-8.24827406686e-08	-6.51729647345e-07	-3.57702103888e-07	-7.45050790692e-07	-5.13779055931e-07	-7.47967728666e-07	-5.99636415861e-07	-8.82770844219e-07	90.4025583617	90.1773843986	89.9522104355	89.7270364724	89.5018625093	89.2766885462	89.0515145831	88.82634062	88.6011666569	88.3759926938	-10.9870198916	-11.2392552882	-11.4914906847	-11.7437260812	-11.9959614778	-12.2481968743	-12.5004322709	-12.7526676674	-13.0049030639	-13.2571384605	3.87036749103	3.87036749103	3.87036749103	3.87036749103	3.87036749103	3.87036749103	3.87036749103	3.87036749103	3.87036749103	3.87036749103	
8.55	90.1229601144	90.2470401184	90.3711201225	90.4952001265	90.6192801305	90.7433601345	90.8674401385	90.9915201425	91.1156001466	91.2396801506	0.0	0.0	-4.17993604363e-08	-5.20338192298e-08	-1.3290043649e-07	-1.77284114977e-07	-2.69730020079e-07	-3.33479727403e-07	-4.2628756618e-07	-5.00690455068e-07	0.0	-3.36874267273e-07	-8.24827406686e-08	-6.51729647345e-07	-3.57702103888e-07	-7.45050790692e-07	-5.13779055931e-07	-7.47967728666e-07	-5.99636415861e-07	-8.82770844219e-07	90.4025583617	90.1773843986	89.9522104355	89.7270364724	89.5018625093	89.2766885462	89.0515145831	88.82634062	88.6011666569	88.3759926938	-10.9870198916	-11.2392552882	-11.4914906847	-11.7437260812	-11.9959614778	-12.2481968743	-12.5004322709	-12.7526676674	-13.0049030639	-13.2571384605	3.87036749103	3.87036749103	3.87036749103	3.87036749103	3.87036749103	3.87036749103	3.87036749103	3.87036749103	3.87036749103	3.87036749103	
8.56666666667	90.1229601144	90.2470401184	90.3711201225	90.4952001265	90.6192801305	90.7433601345	90.8674401385	90.9915201425	91.1156001466	91.2396801506	0.0	0.0	-4.17993604363e-08	-5.20338192298e-08	-1.3290043649e-07	-1.77284114977e-07	-2.69730020079e-07	-3.33479727403e-07	-4.2628756618e-07	-5.00690455068e-07	0.0	-3.36874267273e-07	-8.24827406686e-08	-6.51729647345e-07	-3.57702103888e-07	-7.45050790692e-07	-5.13779055931e-07	-7.47967728666e-07	-5.99636415861e-07	-8.82770844219e-07	90.4025583617	90.1773843986	89.9522104355	89.7270364724	89.5018625093	89.2766885462	89.0515145831	88.82634062	88.6011666569	88.3759926938	-10.9870198916	-11.2392552882	-11.4914906847	-11.7437260812	-11.9959614778	-12.2481968743	-12.5004322709	-12.7526676674	-13.0049030639	-13.2571384605	3.87036749103	3.87036749103	3.87036749103	3.87036749103	3.87036749103	3.87036749103	3.87036749103	3.87036749103	3.87036749103	3.87036749103	
8.58333333333	90.1229601144	90.2470401184	90.3711201225	90.4952001265	90.6192801305	90.7433601345	90.8674401385	90.9915201425	91.1156001466	91.2396801506	0.0	0.0	-4.17993604363e-08	-5.20338192298e-08	-1.3290043649e-07	-1.77284114977e-07	-2.69730020079e-07	-3.33479727403e-07	-4.2628756618e-07	-5.00690455068e-07	0.0	-3.36874267273e-07	-8.24827406686e-08	-6.51729647345e-07	-3.57702103888e-07	-7.45050790692e-07	-5.13779055931e-07	-7.47967728666e-07	-5.99636415861e-07	-8.82770844219e-07	90.4025583617	90.1773843986	89.9522104355	89.7270364724	89.5018625093	89.2766885462	89.0515145831	88.82634062	88.6011666569	88.3759926938	-10.9870198916	-11.2392552882	-11.4914906847	-11.7437260812	-11.9959614778	-12.2481968743	-12.5004322709	-12.7526676674	-13.0049030639	-13.2571384605	3.87036749103	3.87036749103	3.87036749103	3.87036749103	3.87036749103	3.87036749103	3.87036749103	3.87036749103	3.87036749103	3.87036749103	
8.6	90.1229601144	90.2470401184	90.3711201225	90.4952001265	90.6192801305	90.7433601345	90.8674401385	90.9915201425	91.1156001466	91.2396801506	0.0	0.0	-4.17993604363e-08	-5.20338192298e-08	-1.3290043649e-07	-1.77284114977e-07	-2.69730020079e-07	-3.33479727403e-07	-4.2628756618e-07	-5.00690455068e-07	0.0	-3.36874267273e-07	-8.24827406686e-08	-6.51729647345e-07	-3.57702103888e-07	-7.45050790692e-07	-5.13779055931e-07	-7.47967728666e-07	-5.99636415861e-07	-8.82770844219e-07	90.4025583617	90.1773843986	89.9522104355	89.7270364724	89.5018625093	89.2766885462	89.0515145831	88.82634062	88.6011666569	88.3759926938	-10.9870198916	-11.2392552882	-11.4914906847	-11.7437260812	-11.9959614778	-12.2481968743	-12.5004322709	-12.7526676674	-13.0049030639	-13.2571384605	3.87036749103	3.87036749103	3.87036749103	3.87036749103	3.87036749103	3.87036749103	3.87036749103	3.87036749103	3.87036749103	3.87036749103	
8.61666666667	90.1229601144	90.2470401184	90.3711201225	90.4952001265	90.6192801305	90.7433601345	90.8674401385	90.9915201425	91.1156001466	91.2396801506	0.0	0.0	-4.17993604363e-08	-5.20338192298e-08	-1.3290043649e-07	-1.77284114977e-07	-2.69730020079e-07	-3.33479727403e-07	-4.2628756618e-07	-5.00690455068e-07	0.0	-3.36874267273e-07	-8.24827406686e-08	-6.51729647345e-07	-3.57702103888e-07	-7.45050790692e-07	-5.13779055931e-07	-7.47967728666e-07	-5.99636415861e-07	-8.82770844219e-07	90.4025583617	90.1773843986	89.9522104355	89.7270364724	89.5018625093	89.2766885462	89.0515145831	88.82634062	88.6011666569	88.3759926938	-10.9870198916	-11.2392552882	-11.4914906847	-11.7437260812	-11.9959614778	-12.2481968743	-12.5004322709	-12.7526676674	-13.0049030639	-13.2571384605	3.87036749103	3.87036749103	3.87036749103	3.87036749103	3.87036749103	3.87036749103	3.87036749103	3.87036749103	3.87036749103	3.87036749103	
8.63333333333	90.1229601144	90.2470401184	90.3711201225	90.4952001265	90.6192801305	90.7433601345	90.8674401385	90.9915201425	91.1156001466	91.2396801506	0.0	0.0	-4.17993604363e-08	-5.20338192298e-08	-1.3290043649e-07	-1.77284114977e-07	-2.69730020079e-07	-3.33479727403e-07	-4.2628756618e-07	-5.00690455068e-07	0.0	-3.36874267273e-07	-8.24827406686e-08	-6.51729647345e-07	-3.57702103888e-07	-7.45050790692e-07	-5.13779055931e-07	-7.47967728666e-07	-5.99636415861e-07	-8.82770844219e-07	90.4025583617	90.1773843986	89.9522104355	89.7270364724	89.5018625093	89.2766885462	89.0515145831	88.82634062	88.6011666569	88.3759926938	-10.9870198916	-11.2392552882	-11.4914906847	-11.7437260812	-11.9959614778	-12.2481968743	-12.5004322709	-12.7526676674	-13.0049030639	-13.2571384605	3.87036749103	3.87036749103	3.87036749103	3.87036749103	3.87036749103	3.87036749103	3.87036749103	3.87036749103	3.87036749103	3.87036749103	
8.65	90.1229601144	90.2470401184	90.3711201225	90.4952001265	90.6192801305	90.7433601345	90.8674401385	90.9915201425	91.1156001466	91.2396801506	0.0	0.0	-4.17993604363e-08	-5.20338192298e-08	-1.3290043649e-07	-1.77284114977e-07	-2.69730020079e-07	-3.33479727403e-07	-4.2628756618e-07	-5.00690455068e-07	0.0	-3.36874267273e-07	-8.24827406686e-08	-6.51729647345e-07	-3.57702103888e-07	-7.45050790692e-07	-5.13779055931e-07	-7.47967728666e-07	-5.99636415861e-07	-8.82770844219e-07	90.4025583617	90.1773843986	89.9522104355	89.7270364724	89.5018625093	89.2766885462	89.0515145831	88.82634062	88.6011666569	88.3759926938	-10.9870198916	-11.2392552882	-11.4914906847	-11.7437260812	-11.9959614778	-12.2481968743	-12.5004322709	-12.7526676674	-13.0049030639	-13.2571384605	3.87036749103	3.87036749103	3.87036749103	3.87036749103	3.87036749103	3.87036749103	3.87036749103	3.87036749103	3.87036749103	3.87036749103	
8.66666666667	90.1229601144	90.2470401184	90.3711201225	90.4952001265	90.6192801305	90.7433601345	90.8674401385	90.9915201425	91.1156001466	91.2396801506	0.0	0.0	-4.17993604363e-08	-5.20338192298e-08	-1.3290043649e-07	-1.77284114977e-07	-2.69730020079e-07	-3.33479727403e-07	-4.2628756618e-07	-5.00690455068e-07	0.0	-3.36874267273e-07	-8.24827406686e-08	-6.51729647345e-07	-3.57702103888e-07	-7.45050790692e-07	-5.13779055931e-07	-7.47967728666e-07	-5.99636415861e-07	-8.82770844219e-07	90.4025583617	90.1773843986	89.9522104355	89.7270364724	89.5018625093	89.2766885462	89.0515145831	88.82634062	88.6011666569	88.3759926938	-10.9870198916	-11.2392552882	-11.4914906847	-11.7437260812	-11.9959614778	-12.2481968743	-12.5004322709	-12.7526676674	-13.0049030639	-13.2571384605	3.87036749103	3.87036749103	3.87036749103	3.87036749103	3.87036749103	3.87036749103	3.87036749103	3.87036749103	3.87036749103	3.87036749103	
8.68333333333	90.1229601144	90.2470401184	90.3711201225	90.4952001265	90.6192801305	90.7433601345	90.8674401385	90.9915201425	91.1156001466	91.2396801506	0.0	0.0	-4.17993604363e-08	-5.20338192298e-08	-1.3290043649e-07	-1.77284114977e-07	-2.69730020079e-07	-3.33479727403e-07	-4.2628756618e-07	-5.00690455068e-07	0.0	-3.36874267273e-07	-8.24827406686e-08	-6.51729647345e-07	-3.57702103888e-07	-7.45050790692e-07	-5.13779055931e-07	-7.47967728666e-07	-5.99636415861e-07	-8.82770844219e-07	90.4025583617	90.1773843986	89.9522104355	89.7270364724	89.5018625093	89.2766885462	89.0515145831	88.82634062	88.6011666569	88.3759926938	-10.9870198916	-11.2392552882	-11.4914906847	-11.7437260812	-11.9959614778	-12.2481968743	-12.5004322709	-12.7526676674	-13.0049030639	-13.2571384605	3.87036749103	3.87036749103	3.87036749103	3.87036749103	3.87036749103	3.87036749103	3.87036749103	3.87036749103	3.87036749103	3.87036749103	
8.7	90.1229601144	90.2470401184	90.3711201225	90.4952001265	90.6192801305	90.7433601345	90.8674401385	90.9915201425	91.1156001466	91.2396801506	0.0	0.0	-4.17993604363e-08	-5.20338192298e-08	-1.3290043649e-07	-1.77284114977e-07	-2.69730020079e-07	-3.33479727403e-07	-4.2628756618e-07	-5.00690455068e-07	0.0	-3.36874267273e-07	-8.24827406686e-08	-6.51729647345e-07	-3.57702103888e-07	-7.45050790692e-07	-5.13779055931e-07	-7.47967728666e-07	-5.99636415861e-07	-8.82770844219e-07	90.4025583617	90.1773843986	89.9522104355	89.7270364724	89.5018625093	89.2766885462	89.0515145831	88.82634062	88.6011666569	88.3759926938	-10.9870198916	-11.2392552882	-11.4914906847	-11.7437260812	-11.9959614778	-12.2481968743	-12.5004322709	-12.7526676674	-13.0049030639	-13.2571384605	3.87036749103	3.87036749103	3.87036749103	3.87036749103	3.87036749103	3.87036749103	3.87036749103	3.87036749103	3.87036749103	3.87036749103	
8.71666666667	90.1229601144	90.2470401184	90.3711201225	90.4952001265	90.6192801305	90.7433601345	90.8674401385	90.9915201425	91.1156001466	91.2396801506	0.0	0.0	-4.17993604363e-08	-5.20338192298e-08	-1.3290043649e-07	-1.77284114977e-07	-2.69730020079e-07	-3.33479727403e-07	-4.2628756618e-07	-5.00690455068e-07	0.0	-3.36874267273e-07	-8.24827406686e-08	-6.51729647345e-07	-3.57702103888e-07	-7.45050790692e-07	-5.13779055931e-07	-7.47967728666e-07	-5.99636415861e-07	-8.82770844219e-07	90.4025583617	90.1773843986	89.9522104355	89.7270364724	89.5018625093	89.2766885462	89.0515145831	88.82634062	88.6011666569	88.3759926938	-10.9870198916	-11.2392552882	-11.4914906847	-11.7437260812	-11.9959614778	-12.2481968743	-12.5004322709	-12.7526676674	-13.0049030639	-13.2571384605	3.87036749103	3.87036749103	3.87036749103	3.87036749103	3.87036749103	3.87036749103	3.87036749103	3.87036749103	3.87036749103	3.87036749103	
8.73333333333	90.1229601144	90.2470401184	90.3711201225	90.4952001265	90.6192801305	90.7433601345	90.8674401385	90.9915201425	91.1156001466	91.2396801506	0.0	0.0	-4.17993604363e-08	-5.20338192298e-08	-1.3290043649e-07	-1.77284114977e-07	-2.69730020079e-07	-3.33479727403e-07	-4.2628756618e-07	-5.00690455068e-07	0.0	-3.36874267273e-07	-8.24827406686e-08	-6.51729647345e-07	-3.57702103888e-07	-7.45050790692e-07	-5.13779055931e-07	-7.47967728666e-07	-5.99636415861e-07	-8.82770844219e-07	90.4025583617	90.1773843986	89.9522104355	89.7270364724	89.5018625093	89.2766885462	89.0515145831	88.82634062	88.6011666569	88.3759926938	-10.9870198916	-11.2392552882	-11.4914906847	-11.7437260812	-11.9959614778	-12.2481968743	-12.5004322709	-12.7526676674	-13.0049030639	-13.2571384605	3.87036749103	3.87036749103	3.87036749103	3.87036749103	3.87036749103	3.87036749103	3.87036749103	3.87036749103	3.87036749103	3.87036749103	
8.75	90.1229601144	90.2470401184	90.3711201225	90.4952001265	90.6192801305	90.7433601345	90.8674401385	90.9915201425	91.1156001466	91.2396801506	0.0	0.0	-4.17993604363e-08	-5.20338192298e-08	-1.3290043649e-07	-1.77284114977e-07	-2.69730020079e-07	-3.33479727403e-07	-4.2628756618e-07	-5.00690455068e-07	0.0	-3.36874267273e-07	-8.24827406686e-08	-6.51729647345e-07	-3.57702103888e-07	-7.45050790692e-07	-5.13779055931e-07	-7.47967728666e-07	-5.99636415861e-07	-8.82770844219e-07	90.4025583617	90.1773843986	89.9522104355	89.7270364724	89.5018625093	89.2766885462	89.0515145831	88.82634062	88.6011666569	88.3759926938	-10.9870198916	-11.2392552882	-11.4914906847	-11.7437260812	-11.9959614778	-12.2481968743	-12.5004322709	-12.7526676674	-13.0049030639	-13.2571384605	3.87036749103	3.87036749103	3.87036749103	3.87036749103	3.87036749103	3.87036749103	3.87036749103	3.87036749103	3.87036749103	3.87036749103	
8.76666666667	90.1229601144	90.2470401184	90.3711201225	90.4952001265	90.6192801305	90.7433601345	90.8674401385	90.9915201425	91.1156001466	91.2396801506	0.0	0.0	-4.17993604363e-08	-5.20338192298e-08	-1.3290043649e-07	-1.77284114977e-07	-2.69730020079e-07	-3.33479727403e-07	-4.2628756618e-07	-5.00690455068e-07	0.0	-3.36874267273e-07	-8.24827406686e-08	-6.51729647345e-07	-3.57702103888e-07	-7.45050790692e-07	-5.13779055931e-07	-7.47967728666e-07	-5.99636415861e-07	-8.82770844219e-07	90.4025583617	90.1773843986	89.9522104355	89.7270364724	89.5018625093	89.2766885462	89.0515145831	88.82634062	88.6011666569	88.3759926938	-10.9870198916	-11.2392552882	-11.4914906847	-11.7437260812	-11.9959614778	-12.2481968743	-12.5004322709	-12.7526676674	-13.0049030639	-13.2571384605	3.87036749103	3.87036749103	3.87036749103	3.87036749103	3.87036749103	3.87036749103	3.87036749103	3.87036749103	3.87036749103	3.87036749103	
8.78333333333	90.1229601144	90.2470401184	90.3711201225	90.4952001265	90.6192801305	90.7433601345	90.8674401385	90.9915201425	91.1156001466	91.2396801506	0.0	0.0	-4.17993604363e-08	-5.20338192298e-08	-1.3290043649e-07	-1.77284114977e-07	-2.69730020079e-07	-3.33479727403e-07	-4.2628756618e-07	-5.00690455068e-07	0.0	-3.36874267273e-07	-8.24827406686e-08	-6.51729647345e-07	-3.57702103888e-07	-7.45050790692e-07	-5.13779055931e-07	-7.47967728666e-07	-5.99636415861e-07	-8.82770844219e-07	90.4025583617	90.1773843986	89.9522104355	89.7270364724	89.5018625093	89.2766885462	89.0515145831	88.82634062	88.6011666569	88.3759926938	-10.9870198916	-11.2392552882	-11.4914906847	-11.7437260812	-11.9959614778	-12.2481968743	-12.5004322709	-12.7526676674	-13.0049030639	-13.2571384605	3.87036749103	3.87036749103	3.87036749103	3.87036749103	3.87036749103	3.87036749103	3.87036749103	3.87036749103	3.87036749103	3.87036749103	
8.8	90.1229601144	90.2470401184	90.3711201225	90.4952001265	90.6192801305	90.7433601345	90.8674401385	90.9915201425	91.1156001466	91.2396801506	0.0	0.0	-4.17993604363e-08	-5.20338192298e-08	-1.3290043649e-07	-1.77284114977e-07	-2.69730020079e-07	-3.33479727403e-07	-4.2628756618e-07	-5.00690455068e-07	0.0	-3.36874267273e-07	-8.24827406686e-08	-6.51729647345e-07	-3.57702103888e-07	-7.45050790692e-07	-5.13779055931e-07	-7.47967728666e-07	-5.99636415861e-07	-8.82770844219e-07	90.4025583617	90.1773843986	89.9522104355	89.7270364724	89.5018625093	89.2766885462	89.0515145831	88.82634062	88.6011666569	88.3759926938	-10.9870198916	-11.2392552882	-11.4914906847	-11.7437260812	-11.9959614778	-12.2481968743	-12.5004322709	-12.7526676674	-13.0049030639	-13.2571384605	3.87036749103	3.87036749103	3.87036749103	3.87036749103	3.87036749103	3.87036749103	3.87036749103	3.87036749103	3.87036749103	3.87036749103	
8.81666666667	90.1229601144	90.2470401184	90.3711201225	90.4952001265	90.6192801305	90.7433601345	90.8674401385	90.9915201425	91.1156001466	91.2396801506	0.0	0.0	-4.17993604363e-08	-5.20338192298e-08	-1.3290043649e-07	-1.77284114977e-07	-2.69730020079e-07	-3.33479727403e-07	-4.2628756618e-07	-5.00690455068e-07	0.0	-3.36874267273e-07	-8.24827406686e-08	-6.51729647345e-07	-3.57702103888e-07	-7.45050790692e-07	-5.13779055931e-07	-7.47967728666e-07	-5.99636415861e-07	-8.82770844219e-07	90.4025583617	90.1773843986	89.9522104355	89.7270364724	89.5018625093	89.2766885462	89.0515145831	88.82634062	88.6011666569	88.3759926938	-10.9870198916	-11.2392552882	-11.4914906847	-11.7437260812	-11.9959614778	-12.2481968743	-12.5004322709	-12.7526676674	-13.0049030639	-13.2571384605	3.87036749103	3.87036749103	3.87036749103	3.87036749103	3.87036749103	3.87036749103	3.87036749103	3.87036749103	3.87036749103	3.87036749103	
8.83333333333	90.1229601144	90.2470401184	90.3711201225	90.4952001265	90.6192801305	90.7433601345	90.8674401385	90.9915201425	91.1156001466	91.2396801506	0.0	0.0	-4.17993604363e-08	-5.20338192298e-08	-1.3290043649e-07	-1.77284114977e-07	-2.69730020079e-07	-3.33479727403e-07	-4.2628756618e-07	-5.00690455068e-07	0.0	-3.36874267273e-07	-8.24827406686e-08	-6.51729647345e-07	-3.57702103888e-07	-7.45050790692e-07	-5.13779055931e-07	-7.47967728666e-07	-5.99636415861e-07	-8.82770844219e-07	90.4025583617	90.1773843986	89.9522104355	89.7270364724	89.5018625093	89.2766885462	89.0515145831	88.82634062	88.6011666569	88.3759926938	-10.9870198916	-11.2392552882	-11.4914906847	-11.7437260812	-11.9959614778	-12.2481968743	-12.5004322709	-12.7526676674	-13.0049030639	-13.2571384605	3.87036749103	3.87036749103	3.87036749103	3.87036749103	3.87036749103	3.87036749103	3.87036749103	3.87036749103	3.87036749103	3.87036749103	
8.85	90.1229601144	90.2470401184	90.3711201225	90.4952001265	90.6192801305	90.7433601345	90.8674401385	90.9915201425	91.1156001466	91.2396801506	0.0	0.0	-4.17993604363e-08	-5.20338192298e-08	-1.3290043649e-07	-1.77284114977e-07	-2.69730020079e-07	-3.33479727403e-07	-4.2628756618e-07	-5.00690455068e-07	0.0	-3.36874267273e-07	-8.24827406686e-08	-6.51729647345e-07	-3.57702103888e-07	-7.45050790692e-07	-5.13779055931e-07	-7.47967728666e-07	-5.99636415861e-07	-8.82770844219e-07	90.4025583617	90.1773843986	89.9522104355	89.7270364724	89.5018625093	89.2766885462	89.0515145831	88.82634062	88.6011666569	88.3759926938	-10.9870198916	-11.2392552882	-11.4914906847	-11.7437260812	-11.9959614778	-12.2481968743	-12.5004322709	-12.7526676674	-13.0049030639	-13.2571384605	3.87036749103	3.87036749103	3.87036749103	3.87036749103	3.87036749103	3.87036749103	3.87036749103	3.87036749103	3.87036749103	3.87036749103	
8.86666666667	90.1229601144	90.2470401184	90.3711201225	90.4952001265	90.6192801305	90.7433601345	90.8674401385	90.9915201425	91.1156001466	91.2396801506	0.0	0.0	-4.17993604363e-08	-5.20338192298e-08	-1.3290043649e-07	-1.77284114977e-07	-2.69730020079e-07	-3.33479727403e-07	-4.2628756618e-07	-5.00690455068e-07	0.0	-3.36874267273e-07	-8.24827406686e-08	-6.51729647345e-07	-3.57702103888e-07	-7.45050790692e-07	-5.13779055931e-07	-7.47967728666e-07	-5.99636415861e-07	-8.82770844219e-07	90.4025583617	90.1773843986	89.9522104355	89.7270364724	89.5018625093	89.2766885462	89.0515145831	88.82634062	88.6011666569	88.3759926938	-10.9870198916	-11.2392552882	-11.4914906847	-11.7437260812	-11.9959614778	-12.2481968743	-12.5004322709	-12.7526676674	-13.0049030639	-13.2571384605	3.87036749103	3.87036749103	3.87036749103	3.87036749103	3.87036749103	3.87036749103	3.87036749103	3.87036749103	3.87036749103	3.87036749103	
8.88333333333	90.1229601144	90.2470401184	90.3711201225	90.4952001265	90.6192801305	90.7433601345	90.8674401385	90.9915201425	91.1156001466	91.2396801506	0.0	0.0	-4.17993604363e-08	-5.20338192298e-08	-1.3290043649e-07	-1.77284114977e-07	-2.69730020079e-07	-3.33479727403e-07	-4.2628756618e-07	-5.00690455068e-07	0.0	-3.36874267273e-07	-8.24827406686e-08	-6.51729647345e-07	-3.57702103888e-07	-7.45050790692e-07	-5.13779055931e-07	-7.47967728666e-07	-5.99636415861e-07	-8.82770844219e-07	90.4025583617	90.1773843986	89.9522104355	89.7270364724	89.5018625093	89.2766885462	89.0515145831	88.82634062	88.6011666569	88.3759926938	-10.9870198916	-11.2392552882	-11.4914906847	-11.7437260812	-11.9959614778	-12.2481968743	-12.5004322709	-12.7526676674	-13.0049030639	-13.2571384605	3.87036749103	3.87036749103	3.87036749103	3.87036749103	3.87036749103	3.87036749103	3.87036749103	3.87036749103	3.87036749103	3.87036749103	
8.9	90.1229601144	90.2470401184	90.3711201225	90.4952001265	90.6192801305	90.7433601345	90.8674401385	90.9915201425	91.1156001466	91.2396801506	0.0	0.0	-4.17993604363e-08	-5.20338192298e-08	-1.3290043649e-07	-1.77284114977e-07	-2.69730020079e-07	-3.33479727403e-07	-4.2628756618e-07	-5.00690455068e-07	0.0	-3.36874267273e-07	-8.24827406686e-08	-6.51729647345e-07	-3.57702103888e-07	-7.45050790692e-07	-5.13779055931e-07	-7.47967728666e-07	-5.99636415861e-07	-8.82770844219e-07	90.4025583617	90.1773843986	89.9522104355	89.7270364724	89.5018625093	89.2766885462	89.0515145831	88.82634062	88.6011666569	88.3759926938	-10.9870198916	-11.2392552882	-11.4914906847	-11.7437260812	-11.9959614778	-12.2481968743	-12.5004322709	-12.7526676674	-13.0049030639	-13.2571384605	3.87036749103	3.87036749103	3.87036749103	3.87036749103	3.87036749103	3.87036749103	3.87036749103	3.87036749103	3.87036749103	3.87036749103	
8.91666666667	90.1229601144	90.2470401184	90.3711201225	90.4952001265	90.6192801305	90.7433601345	90.8674401385	90.9915201425	91.1156001466	91.2396801506	0.0	0.0	-4.17993604363e-08	-5.20338192298e-08	-1.3290043649e-07	-1.77284114977e-07	-2.69730020079e-07	-3.33479727403e-07	-4.2628756618e-07	-5.00690455068e-07	0.0	-3.36874267273e-07	-8.24827406686e-08	-6.51729647345e-07	-3.57702103888e-07	-7.45050790692e-07	-5.13779055931e-07	-7.47967728666e-07	-5.99636415861e-07	-8.82770844219e-07	90.4025583617	90.1773843986	89.9522104355	89.7270364724	89.5018625093	89.2766885462	89.0515145831	88.82634062	88.6011666569	88.3759926938	-10.9870198916	-11.2392552882	-11.4914906847	-11.7437260812	-11.9959614778	-12.2481968743	-12.5004322709	-12.7526676674	-13.0049030639	-13.2571384605	3.87036749103	3.87036749103	3.87036749103	3.87036749103	3.87036749103	3.87036749103	3.87036749103	3.87036749103	3.87036749103	3.87036749103	
8.93333333333	90.1229601144	90.2470401184	90.3711201225	90.4952001265	90.6192801305	90.7433601345	90.8674401385	90.9915201425	91.1156001466	91.2396801506	0.0	0.0	-4.17993604363e-08	-5.20338192298e-08	-1.3290043649e-07	-1.77284114977e-07	-2.69730020079e-07	-3.33479727403e-07	-4.2628756618e-07	-5.00690455068e-07	0.0	-3.36874267273e-07	-8.24827406686e-08	-6.51729647345e-07	-3.57702103888e-07	-7.45050790692e-07	-5.13779055931e-07	-7.47967728666e-07	-5.99636415861e-07	-8.82770844219e-07	90.4025583617	90.1773843986	89.9522104355	89.7270364724	89.5018625093	89.2766885462	89.0515145831	88.82634062	88.6011666569	88.3759926938	-10.9870198916	-11.2392552882	-11.4914906847	-11.7437260812	-11.9959614778	-12.2481968743	-12.5004322709	-12.7526676674	-13.0049030639	-13.2571384605	3.87036749103	3.87036749103	3.87036749103	3.87036749103	3.87036749103	3.87036749103	3.87036749103	3.87036749103	3.87036749103	3.87036749103	
8.95	90.1229601144	90.2470401184	90.3711201225	90.4952001265	90.6192801305	90.7433601345	90.8674401385	90.9915201425	91.1156001466	91.2396801506	0.0	0.0	-4.17993604363e-08	-5.20338192298e-08	-1.3290043649e-07	-1.77284114977e-07	-2.69730020079e-07	-3.33479727403e-07	-4.2628756618e-07	-5.00690455068e-07	0.0	-3.36874267273e-07	-8.24827406686e-08	-6.51729647345e-07	-3.57702103888e-07	-7.45050790692e-07	-5.13779055931e-07	-7.47967728666e-07	-5.99636415861e-07	-8.82770844219e-07	90.4025583617	90.1773843986	89.9522104355	89.7270364724	89.5018625093	89.2766885462	89.0515145831	88.82634062	88.6011666569	88.3759926938	-10.9870198916	-11.2392552882	-11.4914906847	-11.7437260812	-11.9959614778	-12.2481968743	-12.5004322709	-12.7526676674	-13.0049030639	-13.2571384605	3.87036749103	3.87036749103	3.87036749103	3.87036749103	3.87036749103	3.87036749103	3.87036749103	3.87036749103	3.87036749103	3.87036749103	
8.96666666667	90.1229601144	90.2470401184	90.3711201225	90.4952001265	90.6192801305	90.7433601345	90.8674401385	90.9915201425	91.1156001466	91.2396801506	0.0	0.0	-4.17993604363e-08	-5.20338192298e-08	-1.3290043649e-07	-1.77284114977e-07	-2.69730020079e-07	-3.33479727403e-07	-4.2628756618e-07	-5.00690455068e-07	0.0	-3.36874267273e-07	-8.24827406686e-08	-6.51729647345e-07	-3.57702103888e-07	-7.45050790692e-07	-5.13779055931e-07	-7.47967728666e-07	-5.99636415861e-07	-8.82770844219e-07	90.4025583617	90.1773843986	89.9522104355	89.7270364724	89.5018625093	89.2766885462	89.0515145831	88.82634062	88.6011666569	88.3759926938	-10.9870198916	-11.2392552882	-11.4914906847	-11.7437260812	-11.9959614778	-12.2481968743	-12.5004322709	-12.7526676674	-13.0049030639	-13.2571384605	3.87036749103	3.87036749103	3.87036749103	3.87036749103	3.87036749103	3.87036749103	3.87036749103	3.87036749103	3.87036749103	3.87036749103	
8.98333333333	90.1229601144	90.2470401184	90.3711201225	90.4952001265	90.6192801305	90.7433601345	90.8674401385	90.9915201425	91.1156001466	91.2396801506	0.0	0.0	-4.17993604363e-08	-5.20338192298e-08	-1.3290043649e-07	-1.77284114977e-07	-2.69730020079e-07	-3.33479727403e-07	-4.2628756618e-07	-5.00690455068e-07	0.0	-3.36874267273e-07	-8.24827406686e-08	-6.51729647345e-07	-3.57702103888e-07	-7.45050790692e-07	-5.13779055931e-07	-7.47967728666e-07	-5.99636415861e-07	-8.82770844219e-07	90.4025583617	90.1773843986	89.9522104355	89.7270364724	89.5018625093	89.2766885462	89.0515145831	88.82634062	88.6011666569	88.3759926938	-10.9870198916	-11.2392552882	-11.4914906847	-11.7437260812	-11.9959614778	-12.2481968743	-12.5004322709	-12.7526676674	-13.0049030639	-13.2571384605	3.87036749103	3.87036749103	3.87036749103	3.87036749103	3.87036749103	3.87036749103	3.87036749103	3.87036749103	3.87036749103	3.87036749103	
9.0	90.1229601144	90.2470401184	90.3711201225	90.4952001265	90.6192801305	90.7433601345	90.8674401385	90.9915201425	91.1156001466	91.2396801506	0.0	0.0	-4.17993604363e-08	-5.20338192298e-08	-1.3290043649e-07	-1.77284114977e-07	-2.69730020079e-07	-3.33479727403e-07	-4.2628756618e-07	-5.00690455068e-07	0.0	-3.36874267273e-07	-8.24827406686e-08	-6.51729647345e-07	-3.57702103888e-07	-7.45050790692e-07	-5.13779055931e-07	-7.47967728666e-07	-5.99636415861e-07	-8.82770844219e-07	90.4025583617	90.1773843986	89.9522104355	89.7270364724	89.5018625093	89.2766885462	89.0515145831	88.82634062	88.6011666569	88.3759926938	-10.9870198916	-11.2392552882	-11.4914906847	-11.7437260812	-11.9959614778	-12.2481968743	-12.5004322709	-12.7526676674	-13.0049030639	-13.2571384605	3.87036749103	3.87036749103	3.87036749103	3.87036749103	3.87036749103	3.87036749103	3.87036749103	3.87036749103	3.87036749103	3.87036749103	
9.01666666667	90.1229601144	90.2470401184	90.3711201225	90.4952001265	90.6192801305	90.7433601345	90.8674401385	90.9915201425	91.1156001466	91.2396801506	0.0	0.0	-4.17993604363e-08	-5.20338192298e-08	-1.3290043649e-07	-1.77284114977e-07	-2.69730020079e-07	-3.33479727403e-07	-4.2628756618e-07	-5.00690455068e-07	0.0	-3.36874267273e-07	-8.24827406686e-08	-6.51729647345e-07	-3.57702103888e-07	-7.45050790692e-07	-5.13779055931e-07	-7.47967728666e-07	-5.99636415861e-07	-8.82770844219e-07	90.4025583617	90.1773843986	89.9522104355	89.7270364724	89.5018625093	89.2766885462	89.0515145831	88.82634062	88.6011666569	88.3759926938	-10.9870198916	-11.2392552882	-11.4914906847	-11.7437260812	-11.9959614778	-12.2481968743	-12.5004322709	-12.7526676674	-13.0049030639	-13.2571384605	3.87036749103	3.87036749103	3.87036749103	3.87036749103	3.87036749103	3.87036749103	3.87036749103	3.87036749103	3.87036749103	3.87036749103	
9.03333333333	90.1229601144	90.2470401184	90.3711201225	90.4952001265	90.6192801305	90.7433601345	90.8674401385	90.9915201425	91.1156001466	91.2396801506	0.0	0.0	-4.17993604363e-08	-5.20338192298e-08	-1.3290043649e-07	-1.77284114977e-07	-2.69730020079e-07	-3.33479727403e-07	-4.2628756618e-07	-5.00690455068e-07	0.0	-3.36874267273e-07	-8.24827406686e-08	-6.51729647345e-07	-3.57702103888e-07	-7.45050790692e-07	-5.13779055931e-07	-7.47967728666e-07	-5.99636415861e-07	-8.82770844219e-07	90.4025583617	90.1773843986	89.9522104355	89.7270364724	89.5018625093	89.2766885462	89.0515145831	88.82634062	88.6011666569	88.3759926938	-10.9870198916	-11.2392552882	-11.4914906847	-11.7437260812	-11.9959614778	-12.2481968743	-12.5004322709	-12.7526676674	-13.0049030639	-13.2571384605	3.87036749103	3.87036749103	3.87036749103	3.87036749103	3.87036749103	3.87036749103	3.87036749103	3.87036749103	3.87036749103	3.87036749103	
9.05	90.1229601144	90.2470401184	90.3711201225	90.4952001265	90.6192801305	90.7433601345	90.8674401385	90.9915201425	91.1156001466	91.2396801506	0.0	0.0	-4.17993604363e-08	-5.20338192298e-08	-1.3290043649e-07	-1.77284114977e-07	-2.69730020079e-07	-3.33479727403e-07	-4.2628756618e-07	-5.00690455068e-07	0.0	-3.36874267273e-07	-8.24827406686e-08	-6.51729647345e-07	-3.57702103888e-07	-7.45050790692e-07	-5.13779055931e-07	-7.47967728666e-07	-5.99636415861e-07	-8.82770844219e-07	90.4025583617	90.1773843986	89.9522104355	89.7270364724	89.5018625093	89.2766885462	89.0515145831	88.82634062	88.6011666569	88.3759926938	-10.9870198916	-11.2392552882	-11.4914906847	-11.7437260812	-11.9959614778	-12.2481968743	-12.5004322709	-12.7526676674	-13.0049030639	-13.2571384605	3.87036749103	3.87036749103	3.87036749103	3.87036749103	3.87036749103	3.87036749103	3.87036749103	3.87036749103	3.87036749103	3.87036749103	
9.06666666667	90.1229601144	90.2470401184	90.3711201225	90.4952001265	90.6192801305	90.7433601345	90.8674401385	90.9915201425	91.1156001466	91.2396801506	0.0	0.0	-4.17993604363e-08	-5.20338192298e-08	-1.3290043649e-07	-1.77284114977e-07	-2.69730020079e-07	-3.33479727403e-07	-4.2628756618e-07	-5.00690455068e-07	0.0	-3.36874267273e-07	-8.24827406686e-08	-6.51729647345e-07	-3.57702103888e-07	-7.45050790692e-07	-5.13779055931e-07	-7.47967728666e-07	-5.99636415861e-07	-8.82770844219e-07	90.4025583617	90.1773843986	89.9522104355	89.7270364724	89.5018625093	89.2766885462	89.0515145831	88.82634062	88.6011666569	88.3759926938	-10.9870198916	-11.2392552882	-11.4914906847	-11.7437260812	-11.9959614778	-12.2481968743	-12.5004322709	-12.7526676674	-13.0049030639	-13.2571384605	3.87036749103	3.87036749103	3.87036749103	3.87036749103	3.87036749103	3.87036749103	3.87036749103	3.87036749103	3.87036749103	3.87036749103	
9.08333333333	90.1229601144	90.2470401184	90.3711201225	90.4952001265	90.6192801305	90.7433601345	90.8674401385	90.9915201425	91.1156001466	91.2396801506	0.0	0.0	-4.17993604363e-08	-5.20338192298e-08	-1.3290043649e-07	-1.77284114977e-07	-2.69730020079e-07	-3.33479727403e-07	-4.2628756618e-07	-5.00690455068e-07	0.0	-3.36874267273e-07	-8.24827406686e-08	-6.51729647345e-07	-3.57702103888e-07	-7.45050790692e-07	-5.13779055931e-07	-7.47967728666e-07	-5.99636415861e-07	-8.82770844219e-07	90.4025583617	90.1773843986	89.9522104355	89.7270364724	89.5018625093	89.2766885462	89.0515145831	88.82634062	88.6011666569	88.3759926938	-10.9870198916	-11.2392552882	-11.4914906847	-11.7437260812	-11.9959614778	-12.2481968743	-12.5004322709	-12.7526676674	-13.0049030639	-13.2571384605	3.87036749103	3.87036749103	3.87036749103	3.87036749103	3.87036749103	3.87036749103	3.87036749103	3.87036749103	3.87036749103	3.87036749103	
9.1	90.1229601144	90.2470401184	90.3711201225	90.4952001265	90.6192801305	90.7433601345	90.8674401385	90.9915201425	91.1156001466	91.2396801506	0.0	0.0	-4.17993604363e-08	-5.20338192298e-08	-1.3290043649e-07	-1.77284114977e-07	-2.69730020079e-07	-3.33479727403e-07	-4.2628756618e-07	-5.00690455068e-07	0.0	-3.36874267273e-07	-8.24827406686e-08	-6.51729647345e-07	-3.57702103888e-07	-7.45050790692e-07	-5.13779055931e-07	-7.47967728666e-07	-5.99636415861e-07	-8.82770844219e-07	90.4025583617	90.1773843986	89.9522104355	89.7270364724	89.5018625093	89.2766885462	89.0515145831	88.82634062	88.6011666569	88.3759926938	-10.9870198916	-11.2392552882	-11.4914906847	-11.7437260812	-11.9959614778	-12.2481968743	-12.5004322709	-12.7526676674	-13.0049030639	-13.2571384605	3.87036749103	3.87036749103	3.87036749103	3.87036749103	3.87036749103	3.87036749103	3.87036749103	3.87036749103	3.87036749103	3.87036749103	
9.11666666667	90.1229601144	90.2470401184	90.3711201225	90.4952001265	90.6192801305	90.7433601345	90.8674401385	90.9915201425	91.1156001466	91.2396801506	0.0	0.0	-4.17993604363e-08	-5.20338192298e-08	-1.3290043649e-07	-1.77284114977e-07	-2.69730020079e-07	-3.33479727403e-07	-4.2628756618e-07	-5.00690455068e-07	0.0	-3.36874267273e-07	-8.24827406686e-08	-6.51729647345e-07	-3.57702103888e-07	-7.45050790692e-07	-5.13779055931e-07	-7.47967728666e-07	-5.99636415861e-07	-8.82770844219e-07	90.4025583617	90.1773843986	89.9522104355	89.7270364724	89.5018625093	89.2766885462	89.0515145831	88.82634062	88.6011666569	88.3759926938	-10.9870198916	-11.2392552882	-11.4914906847	-11.7437260812	-11.9959614778	-12.2481968743	-12.5004322709	-12.7526676674	-13.0049030639	-13.2571384605	3.87036749103	3.87036749103	3.87036749103	3.87036749103	3.87036749103	3.87036749103	3.87036749103	3.87036749103	3.87036749103	3.87036749103	
9.13333333333	90.1229601144	90.2470401184	90.3711201225	90.4952001265	90.6192801305	90.7433601345	90.8674401385	90.9915201425	91.1156001466	91.2396801506	0.0	0.0	-4.17993604363e-08	-5.20338192298e-08	-1.3290043649e-07	-1.77284114977e-07	-2.69730020079e-07	-3.33479727403e-07	-4.2628756618e-07	-5.00690455068e-07	0.0	-3.36874267273e-07	-8.24827406686e-08	-6.51729647345e-07	-3.57702103888e-07	-7.45050790692e-07	-5.13779055931e-07	-7.47967728666e-07	-5.99636415861e-07	-8.82770844219e-07	90.4025583617	90.1773843986	89.9522104355	89.7270364724	89.5018625093	89.2766885462	89.0515145831	88.82634062	88.6011666569	88.3759926938	-10.9870198916	-11.2392552882	-11.4914906847	-11.7437260812	-11.9959614778	-12.2481968743	-12.5004322709	-12.7526676674	-13.0049030639	-13.2571384605	3.87036749103	3.87036749103	3.87036749103	3.87036749103	3.87036749103	3.87036749103	3.87036749103	3.87036749103	3.87036749103	3.87036749103	
9.15	90.1229601144	90.2470401184	90.3711201225	90.4952001265	90.6192801305	90.7433601345	90.8674401385	90.9915201425	91.1156001466	91.2396801506	0.0	0.0	-4.17993604363e-08	-5.20338192298e-08	-1.3290043649e-07	-1.77284114977e-07	-2.69730020079e-07	-3.33479727403e-07	-4.2628756618e-07	-5.00690455068e-07	0.0	-3.36874267273e-07	-8.24827406686e-08	-6.51729647345e-07	-3.57702103888e-07	-7.45050790692e-07	-5.13779055931e-07	-7.47967728666e-07	-5.99636415861e-07	-8.82770844219e-07	90.4025583617	90.1773843986	89.9522104355	89.7270364724	89.5018625093	89.2766885462	89.0515145831	88.82634062	88.6011666569	88.3759926938	-10.9870198916	-11.2392552882	-11.4914906847	-11.7437260812	-11.9959614778	-12.2481968743	-12.5004322709	-12.7526676674	-13.0049030639	-13.2571384605	3.87036749103	3.87036749103	3.87036749103	3.87036749103	3.87036749103	3.87036749103	3.87036749103	3.87036749103	3.87036749103	3.87036749103	
9.16666666667	90.1229601144	90.2470401184	90.3711201225	90.4952001265	90.6192801305	90.7433601345	90.8674401385	90.9915201425	91.1156001466	91.2396801506	0.0	0.0	-4.17993604363e-08	-5.20338192298e-08	-1.3290043649e-07	-1.77284114977e-07	-2.69730020079e-07	-3.33479727403e-07	-4.2628756618e-07	-5.00690455068e-07	0.0	-3.36874267273e-07	-8.24827406686e-08	-6.51729647345e-07	-3.57702103888e-07	-7.45050790692e-07	-5.13779055931e-07	-7.47967728666e-07	-5.99636415861e-07	-8.82770844219e-07	90.4025583617	90.1773843986	89.9522104355	89.7270364724	89.5018625093	89.2766885462	89.0515145831	88.82634062	88.6011666569	88.3759926938	-10.9870198916	-11.2392552882	-11.4914906847	-11.7437260812	-11.9959614778	-12.2481968743	-12.5004322709	-12.7526676674	-13.0049030639	-13.2571384605	3.87036749103	3.87036749103	3.87036749103	3.87036749103	3.87036749103	3.87036749103	3.87036749103	3.87036749103	3.87036749103	3.87036749103	
9.18333333333	90.1229601144	90.2470401184	90.3711201225	90.4952001265	90.6192801305	90.7433601345	90.8674401385	90.9915201425	91.1156001466	91.2396801506	0.0	0.0	-4.17993604363e-08	-5.20338192298e-08	-1.3290043649e-07	-1.77284114977e-07	-2.69730020079e-07	-3.33479727403e-07	-4.2628756618e-07	-5.00690455068e-07	0.0	-3.36874267273e-07	-8.24827406686e-08	-6.51729647345e-07	-3.57702103888e-07	-7.45050790692e-07	-5.13779055931e-07	-7.47967728666e-07	-5.99636415861e-07	-8.82770844219e-07	90.4025583617	90.1773843986	89.9522104355	89.7270364724	89.5018625093	89.2766885462	89.0515145831	88.82634062	88.6011666569	88.3759926938	-10.9870198916	-11.2392552882	-11.4914906847	-11.7437260812	-11.9959614778	-12.2481968743	-12.5004322709	-12.7526676674	-13.0049030639	-13.2571384605	3.87036749103	3.87036749103	3.87036749103	3.87036749103	3.87036749103	3.87036749103	3.87036749103	3.87036749103	3.87036749103	3.87036749103	
9.2	90.1229601144	90.2470401184	90.3711201225	90.4952001265	90.6192801305	90.7433601345	90.8674401385	90.9915201425	91.1156001466	91.2396801506	0.0	0.0	-4.17993604363e-08	-5.20338192298e-08	-1.3290043649e-07	-1.77284114977e-07	-2.69730020079e-07	-3.33479727403e-07	-4.2628756618e-07	-5.00690455068e-07	0.0	-3.36874267273e-07	-8.24827406686e-08	-6.51729647345e-07	-3.57702103888e-07	-7.45050790692e-07	-5.13779055931e-07	-7.47967728666e-07	-5.99636415861e-07	-8.82770844219e-07	90.4025583617	90.1773843986	89.9522104355	89.7270364724	89.5018625093	89.2766885462	89.0515145831	88.82634062	88.6011666569	88.3759926938	-10.9870198916	-11.2392552882	-11.4914906847	-11.7437260812	-11.9959614778	-12.2481968743	-12.5004322709	-12.7526676674	-13.0049030639	-13.2571384605	3.87036749103	3.87036749103	3.87036749103	3.87036749103	3.87036749103	3.87036749103	3.87036749103	3.87036749103	3.87036749103	3.87036749103	
9.21666666667	90.1229601144	90.2470401184	90.3711201225	90.4952001265	90.6192801305	90.7433601345	90.8674401385	90.9915201425	91.1156001466	91.2396801506	0.0	0.0	-4.17993604363e-08	-5.20338192298e-08	-1.3290043649e-07	-1.77284114977e-07	-2.69730020079e-07	-3.33479727403e-07	-4.2628756618e-07	-5.00690455068e-07	0.0	-3.36874267273e-07	-8.24827406686e-08	-6.51729647345e-07	-3.57702103888e-07	-7.45050790692e-07	-5.13779055931e-07	-7.47967728666e-07	-5.99636415861e-07	-8.82770844219e-07	90.4025583617	90.1773843986	89.9522104355	89.7270364724	89.5018625093	89.2766885462	89.0515145831	88.82634062	88.6011666569	88.3759926938	-10.9870198916	-11.2392552882	-11.4914906847	-11.7437260812	-11.9959614778	-12.2481968743	-12.5004322709	-12.7526676674	-13.0049030639	-13.2571384605	3.87036749103	3.87036749103	3.87036749103	3.87036749103	3.87036749103	3.87036749103	3.87036749103	3.87036749103	3.87036749103	3.87036749103	
9.23333333333	90.1229601144	90.2470401184	90.3711201225	90.4952001265	90.6192801305	90.7433601345	90.8674401385	90.9915201425	91.1156001466	91.2396801506	0.0	0.0	-4.17993604363e-08	-5.20338192298e-08	-1.3290043649e-07	-1.77284114977e-07	-2.69730020079e-07	-3.33479727403e-07	-4.2628756618e-07	-5.00690455068e-07	0.0	-3.36874267273e-07	-8.24827406686e-08	-6.51729647345e-07	-3.57702103888e-07	-7.45050790692e-07	-5.13779055931e-07	-7.47967728666e-07	-5.99636415861e-07	-8.82770844219e-07	90.4025583617	90.1773843986	89.9522104355	89.7270364724	89.5018625093	89.2766885462	89.0515145831	88.82634062	88.6011666569	88.3759926938	-10.9870198916	-11.2392552882	-11.4914906847	-11.7437260812	-11.9959614778	-12.2481968743	-12.5004322709	-12.7526676674	-13.0049030639	-13.2571384605	3.87036749103	3.87036749103	3.87036749103	3.87036749103	3.87036749103	3.87036749103	3.87036749103	3.87036749103	3.87036749103	3.87036749103	
9.25	90.1229601144	90.2470401184	90.3711201225	90.4952001265	90.6192801305	90.7433601345	90.8674401385	90.9915201425	91.1156001466	91.2396801506	0.0	0.0	-4.17993604363e-08	-5.20338192298e-08	-1.3290043649e-07	-1.77284114977e-07	-2.69730020079e-07	-3.33479727403e-07	-4.2628756618e-07	-5.00690455068e-07	0.0	-3.36874267273e-07	-8.24827406686e-08	-6.51729647345e-07	-3.57702103888e-07	-7.45050790692e-07	-5.13779055931e-07	-7.47967728666e-07	-5.99636415861e-07	-8.82770844219e-07	90.4025583617	90.1773843986	89.9522104355	89.7270364724	89.5018625093	89.2766885462	89.0515145831	88.82634062	88.6011666569	88.3759926938	-10.9870198916	-11.2392552882	-11.4914906847	-11.7437260812	-11.9959614778	-12.2481968743	-12.5004322709	-12.7526676674	-13.0049030639	-13.2571384605	3.87036749103	3.87036749103	3.87036749103	3.87036749103	3.87036749103	3.87036749103	3.87036749103	3.87036749103	3.87036749103	3.87036749103	
9.26666666667	90.1229601144	90.2470401184	90.3711201225	90.4952001265	90.6192801305	90.7433601345	90.8674401385	90.9915201425	91.1156001466	91.2396801506	0.0	0.0	-4.17993604363e-08	-5.20338192298e-08	-1.3290043649e-07	-1.77284114977e-07	-2.69730020079e-07	-3.33479727403e-07	-4.2628756618e-07	-5.00690455068e-07	0.0	-3.36874267273e-07	-8.24827406686e-08	-6.51729647345e-07	-3.57702103888e-07	-7.45050790692e-07	-5.13779055931e-07	-7.47967728666e-07	-5.99636415861e-07	-8.82770844219e-07	90.4025583617	90.1773843986	89.9522104355	89.7270364724	89.5018625093	89.2766885462	89.0515145831	88.82634062	88.6011666569	88.3759926938	-10.9870198916	-11.2392552882	-11.4914906847	-11.7437260812	-11.9959614778	-12.2481968743	-12.5004322709	-12.7526676674	-13.0049030639	-13.2571384605	3.87036749103	3.87036749103	3.87036749103	3.87036749103	3.87036749103	3.87036749103	3.87036749103	3.87036749103	3.87036749103	3.87036749103	
9.28333333333	90.1229601144	90.2470401184	90.3711201225	90.4952001265	90.6192801305	90.7433601345	90.8674401385	90.9915201425	91.1156001466	91.2396801506	0.0	0.0	-4.17993604363e-08	-5.20338192298e-08	-1.3290043649e-07	-1.77284114977e-07	-2.69730020079e-07	-3.33479727403e-07	-4.2628756618e-07	-5.00690455068e-07	0.0	-3.36874267273e-07	-8.24827406686e-08	-6.51729647345e-07	-3.57702103888e-07	-7.45050790692e-07	-5.13779055931e-07	-7.47967728666e-07	-5.99636415861e-07	-8.82770844219e-07	90.4025583617	90.1773843986	89.9522104355	89.7270364724	89.5018625093	89.2766885462	89.0515145831	88.82634062	88.6011666569	88.3759926938	-10.9870198916	-11.2392552882	-11.4914906847	-11.7437260812	-11.9959614778	-12.2481968743	-12.5004322709	-12.7526676674	-13.0049030639	-13.2571384605	3.87036749103	3.87036749103	3.87036749103	3.87036749103	3.87036749103	3.87036749103	3.87036749103	3.87036749103	3.87036749103	3.87036749103	
9.3	90.1229601144	90.2470401184	90.3711201225	90.4952001265	90.6192801305	90.7433601345	90.8674401385	90.9915201425	91.1156001466	91.2396801506	0.0	0.0	-4.17993604363e-08	-5.20338192298e-08	-1.3290043649e-07	-1.77284114977e-07	-2.69730020079e-07	-3.33479727403e-07	-4.2628756618e-07	-5.00690455068e-07	0.0	-3.36874267273e-07	-8.24827406686e-08	-6.51729647345e-07	-3.57702103888e-07	-7.45050790692e-07	-5.13779055931e-07	-7.47967728666e-07	-5.99636415861e-07	-8.82770844219e-07	90.4025583617	90.1773843986	89.9522104355	89.7270364724	89.5018625093	89.2766885462	89.0515145831	88.82634062	88.6011666569	88.3759926938	-10.9870198916	-11.2392552882	-11.4914906847	-11.7437260812	-11.9959614778	-12.2481968743	-12.5004322709	-12.7526676674	-13.0049030639	-13.2571384605	3.87036749103	3.87036749103	3.87036749103	3.87036749103	3.87036749103	3.87036749103	3.87036749103	3.87036749103	3.87036749103	3.87036749103	
9.31666666667	90.1229601144	90.2470401184	90.3711201225	90.4952001265	90.6192801305	90.7433601345	90.8674401385	90.9915201425	91.1156001466	91.2396801506	0.0	0.0	-4.17993604363e-08	-5.20338192298e-08	-1.3290043649e-07	-1.77284114977e-07	-2.69730020079e-07	-3.33479727403e-07	-4.2628756618e-07	-5.00690455068e-07	0.0	-3.36874267273e-07	-8.24827406686e-08	-6.51729647345e-07	-3.57702103888e-07	-7.45050790692e-07	-5.13779055931e-07	-7.47967728666e-07	-5.99636415861e-07	-8.82770844219e-07	90.4025583617	90.1773843986	89.9522104355	89.7270364724	89.5018625093	89.2766885462	89.0515145831	88.82634062	88.6011666569	88.3759926938	-10.9870198916	-11.2392552882	-11.4914906847	-11.7437260812	-11.9959614778	-12.2481968743	-12.5004322709	-12.7526676674	-13.0049030639	-13.2571384605	3.87036749103	3.87036749103	3.87036749103	3.87036749103	3.87036749103	3.87036749103	3.87036749103	3.87036749103	3.87036749103	3.87036749103	
9.33333333333	90.1229601144	90.2470401184	90.3711201225	90.4952001265	90.6192801305	90.7433601345	90.8674401385	90.9915201425	91.1156001466	91.2396801506	0.0	0.0	-4.17993604363e-08	-5.20338192298e-08	-1.3290043649e-07	-1.77284114977e-07	-2.69730020079e-07	-3.33479727403e-07	-4.2628756618e-07	-5.00690455068e-07	0.0	-3.36874267273e-07	-8.24827406686e-08	-6.51729647345e-07	-3.57702103888e-07	-7.45050790692e-07	-5.13779055931e-07	-7.47967728666e-07	-5.99636415861e-07	-8.82770844219e-07	90.4025583617	90.1773843986	89.9522104355	89.7270364724	89.5018625093	89.2766885462	89.0515145831	88.82634062	88.6011666569	88.3759926938	-10.9870198916	-11.2392552882	-11.4914906847	-11.7437260812	-11.9959614778	-12.2481968743	-12.5004322709	-12.7526676674	-13.0049030639	-13.2571384605	3.87036749103	3.87036749103	3.87036749103	3.87036749103	3.87036749103	3.87036749103	3.87036749103	3.87036749103	3.87036749103	3.87036749103	
9.35	90.1229601144	90.2470401184	90.3711201225	90.4952001265	90.6192801305	90.7433601345	90.8674401385	90.9915201425	91.1156001466	91.2396801506	0.0	0.0	-4.17993604363e-08	-5.20338192298e-08	-1.3290043649e-07	-1.77284114977e-07	-2.69730020079e-07	-3.33479727403e-07	-4.2628756618e-07	-5.00690455068e-07	0.0	-3.36874267273e-07	-8.24827406686e-08	-6.51729647345e-07	-3.57702103888e-07	-7.45050790692e-07	-5.13779055931e-07	-7.47967728666e-07	-5.99636415861e-07	-8.82770844219e-07	90.4025583617	90.1773843986	89.9522104355	89.7270364724	89.5018625093	89.2766885462	89.0515145831	88.82634062	88.6011666569	88.3759926938	-10.9870198916	-11.2392552882	-11.4914906847	-11.7437260812	-11.9959614778	-12.2481968743	-12.5004322709	-12.7526676674	-13.0049030639	-13.2571384605	3.87036749103	3.87036749103	3.87036749103	3.87036749103	3.87036749103	3.87036749103	3.87036749103	3.87036749103	3.87036749103	3.87036749103	
9.36666666667	90.1229601144	90.2470401184	90.3711201225	90.4952001265	90.6192801305	90.7433601345	90.8674401385	90.9915201425	91.1156001466	91.2396801506	0.0	0.0	-4.17993604363e-08	-5.20338192298e-08	-1.3290043649e-07	-1.77284114977e-07	-2.69730020079e-07	-3.33479727403e-07	-4.2628756618e-07	-5.00690455068e-07	0.0	-3.36874267273e-07	-8.24827406686e-08	-6.51729647345e-07	-3.57702103888e-07	-7.45050790692e-07	-5.13779055931e-07	-7.47967728666e-07	-5.99636415861e-07	-8.82770844219e-07	90.4025583617	90.1773843986	89.9522104355	89.7270364724	89.5018625093	89.2766885462	89.0515145831	88.82634062	88.6011666569	88.3759926938	-10.9870198916	-11.2392552882	-11.4914906847	-11.7437260812	-11.9959614778	-12.2481968743	-12.5004322709	-12.7526676674	-13.0049030639	-13.2571384605	3.87036749103	3.87036749103	3.87036749103	3.87036749103	3.87036749103	3.87036749103	3.87036749103	3.87036749103	3.87036749103	3.87036749103	
9.38333333333	90.1229601144	90.2470401184	90.3711201225	90.4952001265	90.6192801305	90.7433601345	90.8674401385	90.9915201425	91.1156001466	91.2396801506	0.0	0.0	-4.17993604363e-08	-5.20338192298e-08	-1.3290043649e-07	-1.77284114977e-07	-2.69730020079e-07	-3.33479727403e-07	-4.2628756618e-07	-5.00690455068e-07	0.0	-3.36874267273e-07	-8.24827406686e-08	-6.51729647345e-07	-3.57702103888e-07	-7.45050790692e-07	-5.13779055931e-07	-7.47967728666e-07	-5.99636415861e-07	-8.82770844219e-07	90.4025583617	90.1773843986	89.9522104355	89.7270364724	89.5018625093	89.2766885462	89.0515145831	88.82634062	88.6011666569	88.3759926938	-10.9870198916	-11.2392552882	-11.4914906847	-11.7437260812	-11.9959614778	-12.2481968743	-12.5004322709	-12.7526676674	-13.0049030639	-13.2571384605	3.87036749103	3.87036749103	3.87036749103	3.87036749103	3.87036749103	3.87036749103	3.87036749103	3.87036749103	3.87036749103	3.87036749103	
9.4	90.1229601144	90.2470401184	90.3711201225	90.4952001265	90.6192801305	90.7433601345	90.8674401385	90.9915201425	91.1156001466	91.2396801506	0.0	0.0	-4.17993604363e-08	-5.20338192298e-08	-1.3290043649e-07	-1.77284114977e-07	-2.69730020079e-07	-3.33479727403e-07	-4.2628756618e-07	-5.00690455068e-07	0.0	-3.36874267273e-07	-8.24827406686e-08	-6.51729647345e-07	-3.57702103888e-07	-7.45050790692e-07	-5.13779055931e-07	-7.47967728666e-07	-5.99636415861e-07	-8.82770844219e-07	90.4025583617	90.1773843986	89.9522104355	89.7270364724	89.5018625093	89.2766885462	89.0515145831	88.82634062	88.6011666569	88.3759926938	-10.9870198916	-11.2392552882	-11.4914906847	-11.7437260812	-11.9959614778	-12.2481968743	-12.5004322709	-12.7526676674	-13.0049030639	-13.2571384605	3.87036749103	3.87036749103	3.87036749103	3.87036749103	3.87036749103	3.87036749103	3.87036749103	3.87036749103	3.87036749103	3.87036749103	
9.41666666667	90.1229601144	90.2470401184	90.3711201225	90.4952001265	90.6192801305	90.7433601345	90.8674401385	90.9915201425	91.1156001466	91.2396801506	0.0	0.0	-4.17993604363e-08	-5.20338192298e-08	-1.3290043649e-07	-1.77284114977e-07	-2.69730020079e-07	-3.33479727403e-07	-4.2628756618e-07	-5.00690455068e-07	0.0	-3.36874267273e-07	-8.24827406686e-08	-6.51729647345e-07	-3.57702103888e-07	-7.45050790692e-07	-5.13779055931e-07	-7.47967728666e-07	-5.99636415861e-07	-8.82770844219e-07	90.4025583617	90.1773843986	89.9522104355	89.7270364724	89.5018625093	89.2766885462	89.0515145831	88.82634062	88.6011666569	88.3759926938	-10.9870198916	-11.2392552882	-11.4914906847	-11.7437260812	-11.9959614778	-12.2481968743	-12.5004322709	-12.7526676674	-13.0049030639	-13.2571384605	3.87036749103	3.87036749103	3.87036749103	3.87036749103	3.87036749103	3.87036749103	3.87036749103	3.87036749103	3.87036749103	3.87036749103	
9.43333333333	90.1229601144	90.2470401184	90.3711201225	90.4952001265	90.6192801305	90.7433601345	90.8674401385	90.9915201425	91.1156001466	91.2396801506	0.0	0.0	-4.17993604363e-08	-5.20338192298e-08	-1.3290043649e-07	-1.77284114977e-07	-2.69730020079e-07	-3.33479727403e-07	-4.2628756618e-07	-5.00690455068e-07	0.0	-3.36874267273e-07	-8.24827406686e-08	-6.51729647345e-07	-3.57702103888e-07	-7.45050790692e-07	-5.13779055931e-07	-7.47967728666e-07	-5.99636415861e-07	-8.82770844219e-07	90.4025583617	90.1773843986	89.9522104355	89.7270364724	89.5018625093	89.2766885462	89.0515145831	88.82634062	88.6011666569	88.3759926938	-10.9870198916	-11.2392552882	-11.4914906847	-11.7437260812	-11.9959614778	-12.2481968743	-12.5004322709	-12.7526676674	-13.0049030639	-13.2571384605	3.87036749103	3.87036749103	3.87036749103	3.87036749103	3.87036749103	3.87036749103	3.87036749103	3.87036749103	3.87036749103	3.87036749103	
9.45	90.1229601144	90.2470401184	90.3711201225	90.4952001265	90.6192801305	90.7433601345	90.8674401385	90.9915201425	91.1156001466	91.2396801506	0.0	0.0	-4.17993604363e-08	-5.20338192298e-08	-1.3290043649e-07	-1.77284114977e-07	-2.69730020079e-07	-3.33479727403e-07	-4.2628756618e-07	-5.00690455068e-07	0.0	-3.36874267273e-07	-8.24827406686e-08	-6.51729647345e-07	-3.57702103888e-07	-7.45050790692e-07	-5.13779055931e-07	-7.47967728666e-07	-5.99636415861e-07	-8.82770844219e-07	90.4025583617	90.1773843986	89.9522104355	89.7270364724	89.5018625093	89.2766885462	89.0515145831	88.82634062	88.6011666569	88.3759926938	-10.9870198916	-11.2392552882	-11.4914906847	-11.7437260812	-11.9959614778	-12.2481968743	-12.5004322709	-12.7526676674	-13.0049030639	-13.2571384605	3.87036749103	3.87036749103	3.87036749103	3.87036749103	3.87036749103	3.87036749103	3.87036749103	3.87036749103	3.87036749103	3.87036749103	
9.46666666667	90.1229601144	90.2470401184	90.3711201225	90.4952001265	90.6192801305	90.7433601345	90.8674401385	90.9915201425	91.1156001466	91.2396801506	0.0	0.0	-4.17993604363e-08	-5.20338192298e-08	-1.3290043649e-07	-1.77284114977e-07	-2.69730020079e-07	-3.33479727403e-07	-4.2628756618e-07	-5.00690455068e-07	0.0	-3.36874267273e-07	-8.24827406686e-08	-6.51729647345e-07	-3.57702103888e-07	-7.45050790692e-07	-5.13779055931e-07	-7.47967728666e-07	-5.99636415861e-07	-8.82770844219e-07	90.4025583617	90.1773843986	89.9522104355	89.7270364724	89.5018625093	89.2766885462	89.0515145831	88.82634062	88.6011666569	88.3759926938	-10.9870198916	-11.2392552882	-11.4914906847	-11.7437260812	-11.9959614778	-12.2481968743	-12.5004322709	-12.7526676674	-13.0049030639	-13.2571384605	3.87036749103	3.87036749103	3.87036749103	3.87036749103	3.87036749103	3.87036749103	3.87036749103	3.87036749103	3.87036749103	3.87036749103	
9.48333333333	90.1229601144	90.2470401184	90.3711201225	90.4952001265	90.6192801305	90.7433601345	90.8674401385	90.9915201425	91.1156001466	91.2396801506	0.0	0.0	-4.17993604363e-08	-5.20338192298e-08	-1.3290043649e-07	-1.77284114977e-07	-2.69730020079e-07	-3.33479727403e-07	-4.2628756618e-07	-5.00690455068e-07	0.0	-3.36874267273e-07	-8.24827406686e-08	-6.51729647345e-07	-3.57702103888e-07	-7.45050790692e-07	-5.13779055931e-07	-7.47967728666e-07	-5.99636415861e-07	-8.82770844219e-07	90.4025583617	90.1773843986	89.9522104355	89.7270364724	89.5018625093	89.2766885462	89.0515145831	88.82634062	88.6011666569	88.3759926938	-10.9870198916	-11.2392552882	-11.4914906847	-11.7437260812	-11.9959614778	-12.2481968743	-12.5004322709	-12.7526676674	-13.0049030639	-13.2571384605	3.87036749103	3.87036749103	3.87036749103	3.87036749103	3.87036749103	3.87036749103	3.87036749103	3.87036749103	3.87036749103	3.87036749103	
9.5	90.1229601144	90.2470401184	90.3711201225	90.4952001265	90.6192801305	90.7433601345	90.8674401385	90.9915201425	91.1156001466	91.2396801506	0.0	0.0	-4.17993604363e-08	-5.20338192298e-08	-1.3290043649e-07	-1.77284114977e-07	-2.69730020079e-07	-3.33479727403e-07	-4.2628756618e-07	-5.00690455068e-07	0.0	-3.36874267273e-07	-8.24827406686e-08	-6.51729647345e-07	-3.57702103888e-07	-7.45050790692e-07	-5.13779055931e-07	-7.47967728666e-07	-5.99636415861e-07	-8.82770844219e-07	90.4025583617	90.1773843986	89.9522104355	89.7270364724	89.5018625093	89.2766885462	89.0515145831	88.82634062	88.6011666569	88.3759926938	-10.9870198916	-11.2392552882	-11.4914906847	-11.7437260812	-11.9959614778	-12.2481968743	-12.5004322709	-12.7526676674	-13.0049030639	-13.2571384605	3.87036749103	3.87036749103	3.87036749103	3.87036749103	3.87036749103	3.87036749103	3.87036749103	3.87036749103	3.87036749103	3.87036749103	
9.51666666667	90.1229601144	90.2470401184	90.3711201225	90.4952001265	90.6192801305	90.7433601345	90.8674401385	90.9915201425	91.1156001466	91.2396801506	0.0	0.0	-4.17993604363e-08	-5.20338192298e-08	-1.3290043649e-07	-1.77284114977e-07	-2.69730020079e-07	-3.33479727403e-07	-4.2628756618e-07	-5.00690455068e-07	0.0	-3.36874267273e-07	-8.24827406686e-08	-6.51729647345e-07	-3.57702103888e-07	-7.45050790692e-07	-5.13779055931e-07	-7.47967728666e-07	-5.99636415861e-07	-8.82770844219e-07	90.4025583617	90.1773843986	89.9522104355	89.7270364724	89.5018625093	89.2766885462	89.0515145831	88.82634062	88.6011666569	88.3759926938	-10.9870198916	-11.2392552882	-11.4914906847	-11.7437260812	-11.9959614778	-12.2481968743	-12.5004322709	-12.7526676674	-13.0049030639	-13.2571384605	3.87036749103	3.87036749103	3.87036749103	3.87036749103	3.87036749103	3.87036749103	3.87036749103	3.87036749103	3.87036749103	3.87036749103	
9.53333333333	90.1229601144	90.2470401184	90.3711201225	90.4952001265	90.6192801305	90.7433601345	90.8674401385	90.9915201425	91.1156001466	91.2396801506	0.0	0.0	-4.17993604363e-08	-5.20338192298e-08	-1.3290043649e-07	-1.77284114977e-07	-2.69730020079e-07	-3.33479727403e-07	-4.2628756618e-07	-5.00690455068e-07	0.0	-3.36874267273e-07	-8.24827406686e-08	-6.51729647345e-07	-3.57702103888e-07	-7.45050790692e-07	-5.13779055931e-07	-7.47967728666e-07	-5.99636415861e-07	-8.82770844219e-07	90.4025583617	90.1773843986	89.9522104355	89.7270364724	89.5018625093	89.2766885462	89.0515145831	88.82634062	88.6011666569	88.3759926938	-10.9870198916	-11.2392552882	-11.4914906847	-11.7437260812	-11.9959614778	-12.2481968743	-12.5004322709	-12.7526676674	-13.0049030639	-13.2571384605	3.87036749103	3.87036749103	3.87036749103	3.87036749103	3.87036749103	3.87036749103	3.87036749103	3.87036749103	3.87036749103	3.87036749103	
9.55	90.1229601144	90.2470401184	90.3711201225	90.4952001265	90.6192801305	90.7433601345	90.8674401385	90.9915201425	91.1156001466	91.2396801506	0.0	0.0	-4.17993604363e-08	-5.20338192298e-08	-1.3290043649e-07	-1.77284114977e-07	-2.69730020079e-07	-3.33479727403e-07	-4.2628756618e-07	-5.00690455068e-07	0.0	-3.36874267273e-07	-8.24827406686e-08	-6.51729647345e-07	-3.57702103888e-07	-7.45050790692e-07	-5.13779055931e-07	-7.47967728666e-07	-5.99636415861e-07	-8.82770844219e-07	90.4025583617	90.1773843986	89.9522104355	89.7270364724	89.5018625093	89.2766885462	89.0515145831	88.82634062	88.6011666569	88.3759926938	-10.9870198916	-11.2392552882	-11.4914906847	-11.7437260812	-11.9959614778	-12.2481968743	-12.5004322709	-12.7526676674	-13.0049030639	-13.2571384605	3.87036749103	3.87036749103	3.87036749103	3.87036749103	3.87036749103	3.87036749103	3.87036749103	3.87036749103	3.87036749103	3.87036749103	
9.56666666667	90.1229601144	90.2470401184	90.3711201225	90.4952001265	90.6192801305	90.7433601345	90.8674401385	90.9915201425	91.1156001466	91.2396801506	0.0	0.0	-4.17993604363e-08	-5.20338192298e-08	-1.3290043649e-07	-1.77284114977e-07	-2.69730020079e-07	-3.33479727403e-07	-4.2628756618e-07	-5.00690455068e-07	0.0	-3.36874267273e-07	-8.24827406686e-08	-6.51729647345e-07	-3.57702103888e-07	-7.45050790692e-07	-5.13779055931e-07	-7.47967728666e-07	-5.99636415861e-07	-8.82770844219e-07	90.4025583617	90.1773843986	89.9522104355	89.7270364724	89.5018625093	89.2766885462	89.0515145831	88.82634062	88.6011666569	88.3759926938	-10.9870198916	-11.2392552882	-11.4914906847	-11.7437260812	-11.9959614778	-12.2481968743	-12.5004322709	-12.7526676674	-13.0049030639	-13.2571384605	3.87036749103	3.87036749103	3.87036749103	3.87036749103	3.87036749103	3.87036749103	3.87036749103	3.87036749103	3.87036749103	3.87036749103	
9.58333333333	90.1229601144	90.2470401184	90.3711201225	90.4952001265	90.6192801305	90.7433601345	90.8674401385	90.9915201425	91.1156001466	91.2396801506	0.0	0.0	-4.17993604363e-08	-5.20338192298e-08	-1.3290043649e-07	-1.77284114977e-07	-2.69730020079e-07	-3.33479727403e-07	-4.2628756618e-07	-5.00690455068e-07	0.0	-3.36874267273e-07	-8.24827406686e-08	-6.51729647345e-07	-3.57702103888e-07	-7.45050790692e-07	-5.13779055931e-07	-7.47967728666e-07	-5.99636415861e-07	-8.82770844219e-07	90.4025583617	90.1773843986	89.9522104355	89.7270364724	89.5018625093	89.2766885462	89.0515145831	88.82634062	88.6011666569	88.3759926938	-10.9870198916	-11.2392552882	-11.4914906847	-11.7437260812	-11.9959614778	-12.2481968743	-12.5004322709	-12.7526676674	-13.0049030639	-13.2571384605	3.87036749103	3.87036749103	3.87036749103	3.87036749103	3.87036749103	3.87036749103	3.87036749103	3.87036749103	3.87036749103	3.87036749103	
9.6	90.1229601144	90.2470401184	90.3711201225	90.4952001265	90.6192801305	90.7433601345	90.8674401385	90.9915201425	91.1156001466	91.2396801506	0.0	0.0	-4.17993604363e-08	-5.20338192298e-08	-1.3290043649e-07	-1.77284114977e-07	-2.69730020079e-07	-3.33479727403e-07	-4.2628756618e-07	-5.00690455068e-07	0.0	-3.36874267273e-07	-8.24827406686e-08	-6.51729647345e-07	-3.57702103888e-07	-7.45050790692e-07	-5.13779055931e-07	-7.47967728666e-07	-5.99636415861e-07	-8.82770844219e-07	90.4025583617	90.1773843986	89.9522104355	89.7270364724	89.5018625093	89.2766885462	89.0515145831	88.82634062	88.6011666569	88.3759926938	-10.9870198916	-11.2392552882	-11.4914906847	-11.7437260812	-11.9959614778	-12.2481968743	-12.5004322709	-12.7526676674	-13.0049030639	-13.2571384605	3.87036749103	3.87036749103	3.87036749103	3.87036749103	3.87036749103	3.87036749103	3.87036749103	3.87036749103	3.87036749103	3.87036749103	
9.61666666667	90.1229601144	90.2470401184	90.3711201225	90.4952001265	90.6192801305	90.7433601345	90.8674401385	90.9915201425	91.1156001466	91.2396801506	0.0	0.0	-4.17993604363e-08	-5.20338192298e-08	-1.3290043649e-07	-1.77284114977e-07	-2.69730020079e-07	-3.33479727403e-07	-4.2628756618e-07	-5.00690455068e-07	0.0	-3.36874267273e-07	-8.24827406686e-08	-6.51729647345e-07	-3.57702103888e-07	-7.45050790692e-07	-5.13779055931e-07	-7.47967728666e-07	-5.99636415861e-07	-8.82770844219e-07	90.4025583617	90.1773843986	89.9522104355	89.7270364724	89.5018625093	89.2766885462	89.0515145831	88.82634062	88.6011666569	88.3759926938	-10.9870198916	-11.2392552882	-11.4914906847	-11.7437260812	-11.9959614778	-12.2481968743	-12.5004322709	-12.7526676674	-13.0049030639	-13.2571384605	3.87036749103	3.87036749103	3.87036749103	3.87036749103	3.87036749103	3.87036749103	3.87036749103	3.87036749103	3.87036749103	3.87036749103	
9.63333333333	90.1229601144	90.2470401184	90.3711201225	90.4952001265	90.6192801305	90.7433601345	90.8674401385	90.9915201425	91.1156001466	91.2396801506	0.0	0.0	-4.17993604363e-08	-5.20338192298e-08	-1.3290043649e-07	-1.77284114977e-07	-2.69730020079e-07	-3.33479727403e-07	-4.2628756618e-07	-5.00690455068e-07	0.0	-3.36874267273e-07	-8.24827406686e-08	-6.51729647345e-07	-3.57702103888e-07	-7.45050790692e-07	-5.13779055931e-07	-7.47967728666e-07	-5.99636415861e-07	-8.82770844219e-07	90.4025583617	90.1773843986	89.9522104355	89.7270364724	89.5018625093	89.2766885462	89.0515145831	88.82634062	88.6011666569	88.3759926938	-10.9870198916	-11.2392552882	-11.4914906847	-11.7437260812	-11.9959614778	-12.2481968743	-12.5004322709	-12.7526676674	-13.0049030639	-13.2571384605	3.87036749103	3.87036749103	3.87036749103	3.87036749103	3.87036749103	3.87036749103	3.87036749103	3.87036749103	3.87036749103	3.87036749103	
9.65	90.1229601144	90.2470401184	90.3711201225	90.4952001265	90.6192801305	90.7433601345	90.8674401385	90.9915201425	91.1156001466	91.2396801506	0.0	0.0	-4.17993604363e-08	-5.20338192298e-08	-1.3290043649e-07	-1.77284114977e-07	-2.69730020079e-07	-3.33479727403e-07	-4.2628756618e-07	-5.00690455068e-07	0.0	-3.36874267273e-07	-8.24827406686e-08	-6.51729647345e-07	-3.57702103888e-07	-7.45050790692e-07	-5.13779055931e-07	-7.47967728666e-07	-5.99636415861e-07	-8.82770844219e-07	90.4025583617	90.1773843986	89.9522104355	89.7270364724	89.5018625093	89.2766885462	89.0515145831	88.82634062	88.6011666569	88.3759926938	-10.9870198916	-11.2392552882	-11.4914906847	-11.7437260812	-11.9959614778	-12.2481968743	-12.5004322709	-12.7526676674	-13.0049030639	-13.2571384605	3.87036749103	3.87036749103	3.87036749103	3.87036749103	3.87036749103	3.87036749103	3.87036749103	3.87036749103	3.87036749103	3.87036749103	
9.66666666667	90.1229601144	90.2470401184	90.3711201225	90.4952001265	90.6192801305	90.7433601345	90.8674401385	90.9915201425	91.1156001466	91.2396801506	0.0	0.0	-4.17993604363e-08	-5.20338192298e-08	-1.3290043649e-07	-1.77284114977e-07	-2.69730020079e-07	-3.33479727403e-07	-4.2628756618e-07	-5.00690455068e-07	0.0	-3.36874267273e-07	-8.24827406686e-08	-6.51729647345e-07	-3.57702103888e-07	-7.45050790692e-07	-5.13779055931e-07	-7.47967728666e-07	-5.99636415861e-07	-8.82770844219e-07	90.4025583617	90.1773843986	89.9522104355	89.7270364724	89.5018625093	89.2766885462	89.0515145831	88.82634062	88.6011666569	88.3759926938	-10.9870198916	-11.2392552882	-11.4914906847	-11.7437260812	-11.9959614778	-12.2481968743	-12.5004322709	-12.7526676674	-13.0049030639	-13.2571384605	3.87036749103	3.87036749103	3.87036749103	3.87036749103	3.87036749103	3.87036749103	3.87036749103	3.87036749103	3.87036749103	3.87036749103	
9.68333333333	90.1229601144	90.2470401184	90.3711201225	90.4952001265	90.6192801305	90.7433601345	90.8674401385	90.9915201425	91.1156001466	91.2396801506	0.0	0.0	-4.17993604363e-08	-5.20338192298e-08	-1.3290043649e-07	-1.77284114977e-07	-2.69730020079e-07	-3.33479727403e-07	-4.2628756618e-07	-5.00690455068e-07	0.0	-3.36874267273e-07	-8.24827406686e-08	-6.51729647345e-07	-3.57702103888e-07	-7.45050790692e-07	-5.13779055931e-07	-7.47967728666e-07	-5.99636415861e-07	-8.82770844219e-07	90.4025583617	90.1773843986	89.9522104355	89.7270364724	89.5018625093	89.2766885462	89.0515145831	88.82634062	88.6011666569	88.3759926938	-10.9870198916	-11.2392552882	-11.4914906847	-11.7437260812	-11.9959614778	-12.2481968743	-12.5004322709	-12.7526676674	-13.0049030639	-13.2571384605	3.87036749103	3.87036749103	3.87036749103	3.87036749103	3.87036749103	3.87036749103	3.87036749103	3.87036749103	3.87036749103	3.87036749103	
9.7	90.1229601144	90.2470401184	90.3711201225	90.4952001265	90.6192801305	90.7433601345	90.8674401385	90.9915201425	91.1156001466	91.2396801506	0.0	0.0	-4.17993604363e-08	-5.20338192298e-08	-1.3290043649e-07	-1.77284114977e-07	-2.69730020079e-07	-3.33479727403e-07	-4.2628756618e-07	-5.00690455068e-07	0.0	-3.36874267273e-07	-8.24827406686e-08	-6.51729647345e-07	-3.57702103888e-07	-7.45050790692e-07	-5.13779055931e-07	-7.47967728666e-07	-5.99636415861e-07	-8.82770844219e-07	90.4025583617	90.1773843986	89.9522104355	89.7270364724	89.5018625093	89.2766885462	89.0515145831	88.82634062	88.6011666569	88.3759926938	-10.9870198916	-11.2392552882	-11.4914906847	-11.7437260812	-11.9959614778	-12.2481968743	-12.5004322709	-12.7526676674	-13.0049030639	-13.2571384605	3.87036749103	3.87036749103	3.87036749103	3.87036749103	3.87036749103	3.87036749103	3.87036749103	3.87036749103	3.87036749103	3.87036749103	
9.71666666667	90.1229601144	90.2470401184	90.3711201225	90.4952001265	90.6192801305	90.7433601345	90.8674401385	90.9915201425	91.1156001466	91.2396801506	0.0	0.0	-4.17993604363e-08	-5.20338192298e-08	-1.3290043649e-07	-1.77284114977e-07	-2.69730020079e-07	-3.33479727403e-07	-4.2628756618e-07	-5.00690455068e-07	0.0	-3.36874267273e-07	-8.24827406686e-08	-6.51729647345e-07	-3.57702103888e-07	-7.45050790692e-07	-5.13779055931e-07	-7.47967728666e-07	-5.99636415861e-07	-8.82770844219e-07	90.4025583617	90.1773843986	89.9522104355	89.7270364724	89.5018625093	89.2766885462	89.0515145831	88.82634062	88.6011666569	88.3759926938	-10.9870198916	-11.2392552882	-11.4914906847	-11.7437260812	-11.9959614778	-12.2481968743	-12.5004322709	-12.7526676674	-13.0049030639	-13.2571384605	3.87036749103	3.87036749103	3.87036749103	3.87036749103	3.87036749103	3.87036749103	3.87036749103	3.87036749103	3.87036749103	3.87036749103	
9.73333333333	90.1229601144	90.2470401184	90.3711201225	90.4952001265	90.6192801305	90.7433601345	90.8674401385	90.9915201425	91.1156001466	91.2396801506	0.0	0.0	-4.17993604363e-08	-5.20338192298e-08	-1.3290043649e-07	-1.77284114977e-07	-2.69730020079e-07	-3.33479727403e-07	-4.2628756618e-07	-5.00690455068e-07	0.0	-3.36874267273e-07	-8.24827406686e-08	-6.51729647345e-07	-3.57702103888e-07	-7.45050790692e-07	-5.13779055931e-07	-7.47967728666e-07	-5.99636415861e-07	-8.82770844219e-07	90.4025583617	90.1773843986	89.9522104355	89.7270364724	89.5018625093	89.2766885462	89.0515145831	88.82634062	88.6011666569	88.3759926938	-10.9870198916	-11.2392552882	-11.4914906847	-11.7437260812	-11.9959614778	-12.2481968743	-12.5004322709	-12.7526676674	-13.0049030639	-13.2571384605	3.87036749103	3.87036749103	3.87036749103	3.87036749103	3.87036749103	3.87036749103	3.87036749103	3.87036749103	3.87036749103	3.87036749103	
9.75	90.1229601144	90.2470401184	90.3711201225	90.4952001265	90.6192801305	90.7433601345	90.8674401385	90.9915201425	91.1156001466	91.2396801506	0.0	0.0	-4.17993604363e-08	-5.20338192298e-08	-1.3290043649e-07	-1.77284114977e-07	-2.69730020079e-07	-3.33479727403e-07	-4.2628756618e-07	-5.00690455068e-07	0.0	-3.36874267273e-07	-8.24827406686e-08	-6.51729647345e-07	-3.57702103888e-07	-7.45050790692e-07	-5.13779055931e-07	-7.47967728666e-07	-5.99636415861e-07	-8.82770844219e-07	90.4025583617	90.1773843986	89.9522104355	89.7270364724	89.5018625093	89.2766885462	89.0515145831	88.82634062	88.6011666569	88.3759926938	-10.9870198916	-11.2392552882	-11.4914906847	-11.7437260812	-11.9959614778	-12.2481968743	-12.5004322709	-12.7526676674	-13.0049030639	-13.2571384605	3.87036749103	3.87036749103	3.87036749103	3.87036749103	3.87036749103	3.87036749103	3.87036749103	3.87036749103	3.87036749103	3.87036749103	
9.76666666667	90.1229601144	90.2470401184	90.3711201225	90.4952001265	90.6192801305	90.7433601345	90.8674401385	90.9915201425	91.1156001466	91.2396801506	0.0	0.0	-4.17993604363e-08	-5.20338192298e-08	-1.3290043649e-07	-1.77284114977e-07	-2.69730020079e-07	-3.33479727403e-07	-4.2628756618e-07	-5.00690455068e-07	0.0	-3.36874267273e-07	-8.24827406686e-08	-6.51729647345e-07	-3.57702103888e-07	-7.45050790692e-07	-5.13779055931e-07	-7.47967728666e-07	-5.99636415861e-07	-8.82770844219e-07	90.4025583617	90.1773843986	89.9522104355	89.7270364724	89.5018625093	89.2766885462	89.0515145831	88.82634062	88.6011666569	88.3759926938	-10.9870198916	-11.2392552882	-11.4914906847	-11.7437260812	-11.9959614778	-12.2481968743	-12.5004322709	-12.7526676674	-13.0049030639	-13.2571384605	3.87036749103	3.87036749103	3.87036749103	3.87036749103	3.87036749103	3.87036749103	3.87036749103	3.87036749103	3.87036749103	3.87036749103	
9.78333333333	90.1229601144	90.2470401184	90.3711201225	90.4952001265	90.6192801305	90.7433601345	90.8674401385	90.9915201425	91.1156001466	91.2396801506	0.0	0.0	-4.17993604363e-08	-5.20338192298e-08	-1.3290043649e-07	-1.77284114977e-07	-2.69730020079e-07	-3.33479727403e-07	-4.2628756618e-07	-5.00690455068e-07	0.0	-3.36874267273e-07	-8.24827406686e-08	-6.51729647345e-07	-3.57702103888e-07	-7.45050790692e-07	-5.13779055931e-07	-7.47967728666e-07	-5.99636415861e-07	-8.82770844219e-07	90.4025583617	90.1773843986	89.9522104355	89.7270364724	89.5018625093	89.2766885462	89.0515145831	88.82634062	88.6011666569	88.3759926938	-10.9870198916	-11.2392552882	-11.4914906847	-11.7437260812	-11.9959614778	-12.2481968743	-12.5004322709	-12.7526676674	-13.0049030639	-13.2571384605	3.87036749103	3.87036749103	3.87036749103	3.87036749103	3.87036749103	3.87036749103	3.87036749103	3.87036749103	3.87036749103	3.87036749103	
9.8	90.1229601144	90.2470401184	90.3711201225	90.4952001265	90.6192801305	90.7433601345	90.8674401385	90.9915201425	91.1156001466	91.2396801506	0.0	0.0	-4.17993604363e-08	-5.20338192298e-08	-1.3290043649e-07	-1.77284114977e-07	-2.69730020079e-07	-3.33479727403e-07	-4.2628756618e-07	-5.00690455068e-07	0.0	-3.36874267273e-07	-8.24827406686e-08	-6.51729647345e-07	-3.57702103888e-07	-7.45050790692e-07	-5.13779055931e-07	-7.47967728666e-07	-5.99636415861e-07	-8.82770844219e-07	90.4025583617	90.1773843986	89.9522104355	89.7270364724	89.5018625093	89.2766885462	89.0515145831	88.82634062	88.6011666569	88.3759926938	-10.9870198916	-11.2392552882	-11.4914906847	-11.7437260812	-11.9959614778	-12.2481968743	-12.5004322709	-12.7526676674	-13.0049030639	-13.2571384605	3.87036749103	3.87036749103	3.87036749103	3.87036749103	3.87036749103	3.87036749103	3.87036749103	3.87036749103	3.87036749103	3.87036749103	
9.81666666667	90.1229601144	90.2470401184	90.3711201225	90.4952001265	90.6192801305	90.7433601345	90.8674401385	90.9915201425	91.1156001466	91.2396801506	0.0	0.0	-4.17993604363e-08	-5.20338192298e-08	-1.3290043649e-07	-1.77284114977e-07	-2.69730020079e-07	-3.33479727403e-07	-4.2628756618e-07	-5.00690455068e-07	0.0	-3.36874267273e-07	-8.24827406686e-08	-6.51729647345e-07	-3.57702103888e-07	-7.45050790692e-07	-5.13779055931e-07	-7.47967728666e-07	-5.99636415861e-07	-8.82770844219e-07	90.4025583617	90.1773843986	89.9522104355	89.7270364724	89.5018625093	89.2766885462	89.0515145831	88.82634062	88.6011666569	88.3759926938	-10.9870198916	-11.2392552882	-11.4914906847	-11.7437260812	-11.9959614778	-12.2481968743	-12.5004322709	-12.7526676674	-13.0049030639	-13.2571384605	3.87036749103	3.87036749103	3.87036749103	3.87036749103	3.87036749103	3.87036749103	3.87036749103	3.87036749103	3.87036749103	3.87036749103	
9.83333333333	90.1229601144	90.2470401184	90.3711201225	90.4952001265	90.6192801305	90.7433601345	90.8674401385	90.9915201425	91.1156001466	91.2396801506	0.0	0.0	-4.17993604363e-08	-5.20338192298e-08	-1.3290043649e-07	-1.77284114977e-07	-2.69730020079e-07	-3.33479727403e-07	-4.2628756618e-07	-5.00690455068e-07	0.0	-3.36874267273e-07	-8.24827406686e-08	-6.51729647345e-07	-3.57702103888e-07	-7.45050790692e-07	-5.13779055931e-07	-7.47967728666e-07	-5.99636415861e-07	-8.82770844219e-07	90.4025583617	90.1773843986	89.9522104355	89.7270364724	89.5018625093	89.2766885462	89.0515145831	88.82634062	88.6011666569	88.3759926938	-10.9870198916	-11.2392552882	-11.4914906847	-11.7437260812	-11.9959614778	-12.2481968743	-12.5004322709	-12.7526676674	-13.0049030639	-13.2571384605	3.87036749103	3.87036749103	3.87036749103	3.87036749103	3.87036749103	3.87036749103	3.87036749103	3.87036749103	3.87036749103	3.87036749103	
9.85	90.1229601144	90.2470401184	90.3711201225	90.4952001265	90.6192801305	90.7433601345	90.8674401385	90.9915201425	91.1156001466	91.2396801506	0.0	0.0	-4.17993604363e-08	-5.20338192298e-08	-1.3290043649e-07	-1.77284114977e-07	-2.69730020079e-07	-3.33479727403e-07	-4.2628756618e-07	-5.00690455068e-07	0.0	-3.36874267273e-07	-8.24827406686e-08	-6.51729647345e-07	-3.57702103888e-07	-7.45050790692e-07	-5.13779055931e-07	-7.47967728666e-07	-5.99636415861e-07	-8.82770844219e-07	90.4025583617	90.1773843986	89.9522104355	89.7270364724	89.5018625093	89.2766885462	89.0515145831	88.82634062	88.6011666569	88.3759926938	-10.9870198916	-11.2392552882	-11.4914906847	-11.7437260812	-11.9959614778	-12.2481968743	-12.5004322709	-12.7526676674	-13.0049030639	-13.2571384605	3.87036749103	3.87036749103	3.87036749103	3.87036749103	3.87036749103	3.87036749103	3.87036749103	3.87036749103	3.87036749103	3.87036749103	
9.86666666667	90.1229601144	90.2470401184	90.3711201225	90.4952001265	90.6192801305	90.7433601345	90.8674401385	90.9915201425	91.1156001466	91.2396801506	0.0	0.0	-4.17993604363e-08	-5.20338192298e-08	-1.3290043649e-07	-1.77284114977e-07	-2.69730020079e-07	-3.33479727403e-07	-4.2628756618e-07	-5.00690455068e-07	0.0	-3.36874267273e-07	-8.24827406686e-08	-6.51729647345e-07	-3.57702103888e-07	-7.45050790692e-07	-5.13779055931e-07	-7.47967728666e-07	-5.99636415861e-07	-8.82770844219e-07	90.4025583617	90.1773843986	89.9522104355	89.7270364724	89.5018625093	89.2766885462	89.0515145831	88.82634062	88.6011666569	88.3759926938	-10.9870198916	-11.2392552882	-11.4914906847	-11.7437260812	-11.9959614778	-12.2481968743	-12.5004322709	-12.7526676674	-13.0049030639	-13.2571384605	3.87036749103	3.87036749103	3.87036749103	3.87036749103	3.87036749103	3.87036749103	3.87036749103	3.87036749103	3.87036749103	3.87036749103	
9.88333333333	90.1229601144	90.2470401184	90.3711201225	90.4952001265	90.6192801305	90.7433601345	90.8674401385	90.9915201425	91.1156001466	91.2396801506	0.0	0.0	-4.17993604363e-08	-5.20338192298e-08	-1.3290043649e-07	-1.77284114977e-07	-2.69730020079e-07	-3.33479727403e-07	-4.2628756618e-07	-5.00690455068e-07	0.0	-3.36874267273e-07	-8.24827406686e-08	-6.51729647345e-07	-3.57702103888e-07	-7.45050790692e-07	-5.13779055931e-07	-7.47967728666e-07	-5.99636415861e-07	-8.82770844219e-07	90.4025583617	90.1773843986	89.9522104355	89.7270364724	89.5018625093	89.2766885462	89.0515145831	88.82634062	88.6011666569	88.3759926938	-10.9870198916	-11.2392552882	-11.4914906847	-11.7437260812	-11.9959614778	-12.2481968743	-12.5004322709	-12.7526676674	-13.0049030639	-13.2571384605	3.87036749103	3.87036749103	3.87036749103	3.87036749103	3.87036749103	3.87036749103	3.87036749103	3.87036749103	3.87036749103	3.87036749103	
9.9	90.1229601144	90.2470401184	90.3711201225	90.4952001265	90.6192801305	90.7433601345	90.8674401385	90.9915201425	91.1156001466	91.2396801506	0.0	0.0	-4.17993604363e-08	-5.20338192298e-08	-1.3290043649e-07	-1.77284114977e-07	-2.69730020079e-07	-3.33479727403e-07	-4.2628756618e-07	-5.00690455068e-07	0.0	-3.36874267273e-07	-8.24827406686e-08	-6.51729647345e-07	-3.57702103888e-07	-7.45050790692e-07	-5.13779055931e-07	-7.47967728666e-07	-5.99636415861e-07	-8.82770844219e-07	90.4025583617	90.1773843986	89.9522104355	89.7270364724	89.5018625093	89.2766885462	89.0515145831	88.82634062	88.6011666569	88.3759926938	-10.9870198916	-11.2392552882	-11.4914906847	-11.7437260812	-11.9959614778	-12.2481968743	-12.5004322709	-12.7526676674	-13.0049030639	-13.2571384605	3.87036749103	3.87036749103	3.87036749103	3.87036749103	3.87036749103	3.87036749103	3.87036749103	3.87036749103	3.87036749103	3.87036749103	
9.91666666667	90.1229601144	90.2470401184	90.3711201225	90.4952001265	90.6192801305	90.7433601345	90.8674401385	90.9915201425	91.1156001466	91.2396801506	0.0	0.0	-4.17993604363e-08	-5.20338192298e-08	-1.3290043649e-07	-1.77284114977e-07	-2.69730020079e-07	-3.33479727403e-07	-4.2628756618e-07	-5.00690455068e-07	0.0	-3.36874267273e-07	-8.24827406686e-08	-6.51729647345e-07	-3.57702103888e-07	-7.45050790692e-07	-5.13779055931e-07	-7.47967728666e-07	-5.99636415861e-07	-8.82770844219e-07	90.4025583617	90.1773843986	89.9522104355	89.7270364724	89.5018625093	89.2766885462	89.0515145831	88.82634062	88.6011666569	88.3759926938	-10.9870198916	-11.2392552882	-11.4914906847	-11.7437260812	-11.9959614778	-12.2481968743	-12.5004322709	-12.7526676674	-13.0049030639	-13.2571384605	3.87036749103	3.87036749103	3.87036749103	3.87036749103	3.87036749103	3.87036749103	3.87036749103	3.87036749103	3.87036749103	3.87036749103	
9.93333333333	90.1229601144	90.2470401184	90.3711201225	90.4952001265	90.6192801305	90.7433601345	90.8674401385	90.9915201425	91.1156001466	91.2396801506	0.0	0.0	-4.17993604363e-08	-5.20338192298e-08	-1.3290043649e-07	-1.77284114977e-07	-2.69730020079e-07	-3.33479727403e-07	-4.2628756618e-07	-5.00690455068e-07	0.0	-3.36874267273e-07	-8.24827406686e-08	-6.51729647345e-07	-3.57702103888e-07	-7.45050790692e-07	-5.13779055931e-07	-7.47967728666e-07	-5.99636415861e-07	-8.82770844219e-07	90.4025583617	90.1773843986	89.9522104355	89.7270364724	89.5018625093	89.2766885462	89.0515145831	88.82634062	88.6011666569	88.3759926938	-10.9870198916	-11.2392552882	-11.4914906847	-11.7437260812	-11.9959614778	-12.2481968743	-12.5004322709	-12.7526676674	-13.0049030639	-13.2571384605	3.87036749103	3.87036749103	3.87036749103	3.87036749103	3.87036749103	3.87036749103	3.87036749103	3.87036749103	3.87036749103	3.87036749103	
9.95	90.1229601144	90.2470401184	90.3711201225	90.4952001265	90.6192801305	90.7433601345	90.8674401385	90.9915201425	91.1156001466	91.2396801506	0.0	0.0	-4.17993604363e-08	-5.20338192298e-08	-1.3290043649e-07	-1.77284114977e-07	-2.69730020079e-07	-3.33479727403e-07	-4.2628756618e-07	-5.00690455068e-07	0.0	-3.36874267273e-07	-8.24827406686e-08	-6.51729647345e-07	-3.57702103888e-07	-7.45050790692e-07	-5.13779055931e-07	-7.47967728666e-07	-5.99636415861e-07	-8.82770844219e-07	90.4025583617	90.1773843986	89.9522104355	89.7270364724	89.5018625093	89.2766885462	89.0515145831	88.82634062	88.6011666569	88.3759926938	-10.9870198916	-11.2392552882	-11.4914906847	-11.7437260812	-11.9959614778	-12.2481968743	-12.5004322709	-12.7526676674	-13.0049030639	-13.2571384605	3.87036749103	3.87036749103	3.87036749103	3.87036749103	3.87036749103	3.87036749103	3.87036749103	3.87036749103	3.87036749103	3.87036749103	
9.96666666667	90.1229601144	90.2470401184	90.3711201225	90.4952001265	90.6192801305	90.7433601345	90.8674401385	90.9915201425	91.1156001466	91.2396801506	0.0	0.0	-4.17993604363e-08	-5.20338192298e-08	-1.3290043649e-07	-1.77284114977e-07	-2.69730020079e-07	-3.33479727403e-07	-4.2628756618e-07	-5.00690455068e-07	0.0	-3.36874267273e-07	-8.24827406686e-08	-6.51729647345e-07	-3.57702103888e-07	-7.45050790692e-07	-5.13779055931e-07	-7.47967728666e-07	-5.99636415861e-07	-8.82770844219e-07	90.4025583617	90.1773843986	89.9522104355	89.7270364724	89.5018625093	89.2766885462	89.0515145831	88.82634062	88.6011666569	88.3759926938	-10.9870198916	-11.2392552882	-11.4914906847	-11.7437260812	-11.9959614778	-12.2481968743	-12.5004322709	-12.7526676674	-13.0049030639	-13.2571384605	3.87036749103	3.87036749103	3.87036749103	3.87036749103	3.87036749103	3.87036749103	3.87036749103	3.87036749103	3.87036749103	3.87036749103	
9.98333333333	90.1229601144	90.2470401184	90.3711201225	90.4952001265	90.6192801305	90.7433601345	90.8674401385	90.9915201425	91.1156001466	91.2396801506	0.0	0.0	-4.17993604363e-08	-5.20338192298e-08	-1.3290043649e-07	-1.77284114977e-07	-2.69730020079e-07	-3.33479727403e-07	-4.2628756618e-07	-5.00690455068e-07	0.0	-3.36874267273e-07	-8.24827406686e-08	-6.51729647345e-07	-3.57702103888e-07	-7.45050790692e-07	-5.13779055931e-07	-7.47967728666e-07	-5.99636415861e-07	-8.82770844219e-07	90.4025583617	90.1773843986	89.9522104355	89.7270364724	89.5018625093	89.2766885462	89.0515145831	88.82634062	88.6011666569	88.3759926938	-10.9870198916	-11.2392552882	-11.4914906847	-11.7437260812	-11.9959614778	-12.2481968743	-12.5004322709	-12.7526676674	-13.0049030639	-13.2571384605	3.87036749103	3.87036749103	3.87036749103	3.87036749103	3.87036749103	3.87036749103	3.87036749103	3.87036749103	3.87036749103	3.87036749103	
