0.0166666666667	0.0	0.0	0.0	0.0	0.0	0.0	0.0	0.0	0.0	0.0	0.0	0.0	0.0	0.0	0.0	0.0	0.0	0.0	0.0	0.0	0.0	0.0	0.0	0.0	0.0	0.0	0.0	0.0	0.0	0.0	0.0	0.0	0.0	0.0	0.0	0.0	0.0	0.0	0.0	0.0	0.0	0.0	0.0	0.0	0.0	0.0	0.0	0.0	0.0	0.0	0.0	0.0	0.0	0.0	0.0	0.0	0.0	0.0	0.0	0.0	
0.0333333333333	0.0	0.0	0.0	0.0	0.0	0.0	0.0	0.0	0.0	0.0	0.0	0.0	0.0	0.0	0.0	0.0	0.0	0.0	0.0	0.0	0.0	0.0	0.0	0.0	0.0	0.0	0.0	0.0	0.0	0.0	0.0	0.0	0.0	0.0	0.0	0.0	0.0	0.0	0.0	0.0	0.0	0.0	0.0	0.0	0.0	0.0	0.0	0.0	0.0	0.0	0.0	0.0	0.0	0.0	0.0	0.0	0.0	0.0	0.0	0.0	
0.05	0.0	0.0	0.0	0.0	0.0	0.0	0.0	0.0	0.0	0.0	0.0	0.0	0.0	0.0	0.0	0.0	0.0	0.0	0.0	0.0	0.0	0.0	0.0	0.0	0.0	0.0	0.0	0.0	0.0	0.0	0.0	0.0	0.0	0.0	0.0	0.0	0.0	0.0	0.0	0.0	0.0	0.0	0.0	0.0	0.0	0.0	0.0	0.0	0.0	0.0	0.0	0.0	0.0	0.0	0.0	0.0	0.0	0.0	0.0	0.0	
0.0666666666667	0.0	0.0	0.0	0.0	0.0	0.0	0.0	0.0	0.0	0.0	0.0	0.0	0.0	0.0	0.0	0.0	0.0	0.0	0.0	0.0	0.0	0.0	0.0	0.0	0.0	0.0	0.0	0.0	0.0	0.0	0.0	0.0	0.0	0.0	0.0	0.0	0.0	0.0	0.0	0.0	0.0	0.0	0.0	0.0	0.0	0.0	0.0	0.0	0.0	0.0	0.0	0.0	0.0	0.0	0.0	0.0	0.0	0.0	0.0	0.0	
0.0833333333333	0.0	0.0	0.0	0.0	0.0	0.0	0.0	0.0	0.0	0.0	0.0	0.0	0.0	0.0	0.0	0.0	0.0	0.0	0.0	0.0	0.0	0.0	0.0	0.0	0.0	0.0	0.0	0.0	0.0	0.0	0.0	0.0	0.0	0.0	0.0	0.0	0.0	0.0	0.0	0.0	0.0	0.0	0.0	0.0	0.0	0.0	0.0	0.0	0.0	0.0	0.0	0.0	0.0	0.0	0.0	0.0	0.0	0.0	0.0	0.0	
0.1	0.0	0.0	0.0	0.0	0.0	0.0	0.0	0.0	0.0	0.0	0.0	0.0	0.0	0.0	0.0	0.0	0.0	0.0	0.0	0.0	0.0	0.0	0.0	0.0	0.0	0.0	0.0	0.0	0.0	0.0	0.0	0.0	0.0	0.0	0.0	0.0	0.0	0.0	0.0	0.0	0.0	0.0	0.0	0.0	0.0	0.0	0.0	0.0	0.0	0.0	0.0	0.0	0.0	0.0	0.0	0.0	0.0	0.0	0.0	0.0	
0.116666666667	0.0	0.0	0.0	0.0	0.0	0.0	0.0	0.0	0.0	0.0	0.0	0.0	0.0	0.0	0.0	0.0	0.0	0.0	0.0	0.0	0.0	0.0	0.0	0.0	0.0	0.0	0.0	0.0	0.0	0.0	0.0	0.0	0.0	0.0	0.0	0.0	0.0	0.0	0.0	0.0	0.0	0.0	0.0	0.0	0.0	0.0	0.0	0.0	0.0	0.0	0.0	0.0	0.0	0.0	0.0	0.0	0.0	0.0	0.0	0.0	
0.133333333333	0.0	0.0	0.0	0.0	0.0	0.0	0.0	0.0	0.0	0.0	0.0	0.0	0.0	0.0	0.0	0.0	0.0	0.0	0.0	0.0	0.0	0.0	0.0	0.0	0.0	0.0	0.0	0.0	0.0	0.0	0.0	0.0	0.0	0.0	0.0	0.0	0.0	0.0	0.0	0.0	0.0	0.0	0.0	0.0	0.0	0.0	0.0	0.0	0.0	0.0	0.0	0.0	0.0	0.0	0.0	0.0	0.0	0.0	0.0	0.0	
0.15	0.0	0.0	0.0	0.0	0.0	0.0	0.0	0.0	0.0	0.0	0.0	0.0	0.0	0.0	0.0	0.0	0.0	0.0	0.0	0.0	0.0	0.0	0.0	0.0	0.0	0.0	0.0	0.0	0.0	0.0	0.0	0.0	0.0	0.0	0.0	0.0	0.0	0.0	0.0	0.0	0.0	0.0	0.0	0.0	0.0	0.0	0.0	0.0	0.0	0.0	0.0	0.0	0.0	0.0	0.0	0.0	0.0	0.0	0.0	0.0	
0.166666666667	0.0	0.0	0.0	0.0	0.0	0.0	0.0	0.0	0.0	0.0	0.0	0.0	0.0	0.0	0.0	0.0	0.0	0.0	0.0	0.0	0.0	0.0	0.0	0.0	0.0	0.0	0.0	0.0	0.0	0.0	0.0	0.0	0.0	0.0	0.0	0.0	0.0	0.0	0.0	0.0	0.0	0.0	0.0	0.0	0.0	0.0	0.0	0.0	0.0	0.0	0.0	0.0	0.0	0.0	0.0	0.0	0.0	0.0	0.0	0.0	
0.183333333333	0.0	0.0	0.0	0.0	0.0	0.0	0.0	0.0	0.0	0.0	0.0	0.0	0.0	0.0	0.0	0.0	0.0	0.0	0.0	0.0	0.0	0.0	0.0	0.0	0.0	0.0	0.0	0.0	0.0	0.0	0.0	0.0	0.0	0.0	0.0	0.0	0.0	0.0	0.0	0.0	0.0	0.0	0.0	0.0	0.0	0.0	0.0	0.0	0.0	0.0	0.0	0.0	0.0	0.0	0.0	0.0	0.0	0.0	0.0	0.0	
0.2	0.0	0.0	0.0	0.0	0.0	0.0	0.0	0.0	0.0	0.0	0.0	0.0	0.0	0.0	0.0	0.0	0.0	0.0	0.0	0.0	0.0	0.0	0.0	0.0	0.0	0.0	0.0	0.0	0.0	0.0	0.0	0.0	0.0	0.0	0.0	0.0	0.0	0.0	0.0	0.0	0.0	0.0	0.0	0.0	0.0	0.0	0.0	0.0	0.0	0.0	0.0	0.0	0.0	0.0	0.0	0.0	0.0	0.0	0.0	0.0	
0.216666666667	0.0	0.0	0.0	0.0	0.0	0.0	0.0	0.0	0.0	0.0	0.0	0.0	0.0	0.0	0.0	0.0	0.0	0.0	0.0	0.0	0.0	0.0	0.0	0.0	0.0	0.0	0.0	0.0	0.0	0.0	0.0	0.0	0.0	0.0	0.0	0.0	0.0	0.0	0.0	0.0	0.0	0.0	0.0	0.0	0.0	0.0	0.0	0.0	0.0	0.0	0.0	0.0	0.0	0.0	0.0	0.0	0.0	0.0	0.0	0.0	
0.233333333333	0.0	0.0	0.0	0.0	0.0	0.0	0.0	0.0	0.0	0.0	0.0	0.0	0.0	0.0	0.0	0.0	0.0	0.0	0.0	0.0	0.0	0.0	0.0	0.0	0.0	0.0	0.0	0.0	0.0	0.0	0.0	0.0	0.0	0.0	0.0	0.0	0.0	0.0	0.0	0.0	0.0	0.0	0.0	0.0	0.0	0.0	0.0	0.0	0.0	0.0	0.0	0.0	0.0	0.0	0.0	0.0	0.0	0.0	0.0	0.0	
0.25	0.0	0.0	0.0	0.0	0.0	0.0	0.0	0.0	0.0	0.0	0.0	0.0	0.0	0.0	0.0	0.0	0.0	0.0	0.0	0.0	0.0	0.0	0.0	0.0	0.0	0.0	0.0	0.0	0.0	0.0	0.0	0.0	0.0	0.0	0.0	0.0	0.0	0.0	0.0	0.0	0.0	0.0	0.0	0.0	0.0	0.0	0.0	0.0	0.0	0.0	0.0	0.0	0.0	0.0	0.0	0.0	0.0	0.0	0.0	0.0	
0.266666666667	0.0	0.0	0.0	0.0	0.0	0.0	0.0	0.0	0.0	0.0	0.0	0.0	0.0	0.0	0.0	0.0	0.0	0.0	0.0	0.0	0.0	0.0	0.0	0.0	0.0	0.0	0.0	0.0	0.0	0.0	0.0	0.0	0.0	0.0	0.0	0.0	0.0	0.0	0.0	0.0	0.0	0.0	0.0	0.0	0.0	0.0	0.0	0.0	0.0	0.0	0.0	0.0	0.0	0.0	0.0	0.0	0.0	0.0	0.0	0.0	
0.283333333333	0.0	0.0	0.0	0.0	0.0	0.0	0.0	0.0	0.0	0.0	0.0	0.0	0.0	0.0	0.0	0.0	0.0	0.0	0.0	0.0	0.0	0.0	0.0	0.0	0.0	0.0	0.0	0.0	0.0	0.0	0.0	0.0	0.0	0.0	0.0	0.0	0.0	0.0	0.0	0.0	0.0	0.0	0.0	0.0	0.0	0.0	0.0	0.0	0.0	0.0	0.0	0.0	0.0	0.0	0.0	0.0	0.0	0.0	0.0	0.0	
0.3	0.0	0.0	0.0	0.0	0.0	0.0	0.0	0.0	0.0	0.0	0.0	0.0	0.0	0.0	0.0	0.0	0.0	0.0	0.0	0.0	0.0	0.0	0.0	0.0	0.0	0.0	0.0	0.0	0.0	0.0	0.0	0.0	0.0	0.0	0.0	0.0	0.0	0.0	0.0	0.0	0.0	0.0	0.0	0.0	0.0	0.0	0.0	0.0	0.0	0.0	0.0	0.0	0.0	0.0	0.0	0.0	0.0	0.0	0.0	0.0	
0.316666666667	0.0	0.0	0.0	0.0	0.0	0.0	0.0	0.0	0.0	0.0	0.0	0.0	0.0	0.0	0.0	0.0	0.0	0.0	0.0	0.0	0.0	0.0	0.0	0.0	0.0	0.0	0.0	0.0	0.0	0.0	0.0	0.0	0.0	0.0	0.0	0.0	0.0	0.0	0.0	0.0	0.0	0.0	0.0	0.0	0.0	0.0	0.0	0.0	0.0	0.0	0.0	0.0	0.0	0.0	0.0	0.0	0.0	0.0	0.0	0.0	
0.333333333333	0.0	0.0	0.0	0.0	0.0	0.0	0.0	0.0	0.0	0.0	0.0	0.0	0.0	0.0	0.0	0.0	0.0	0.0	0.0	0.0	0.0	0.0	0.0	0.0	0.0	0.0	0.0	0.0	0.0	0.0	0.0	0.0	0.0	0.0	0.0	0.0	0.0	0.0	0.0	0.0	0.0	0.0	0.0	0.0	0.0	0.0	0.0	0.0	0.0	0.0	0.0	0.0	0.0	0.0	0.0	0.0	0.0	0.0	0.0	0.0	
0.35	0.0	0.0	0.0	0.0	0.0	0.0	0.0	0.0	0.0	0.0	0.0	0.0	0.0	0.0	0.0	0.0	0.0	0.0	0.0	0.0	0.0	0.0	0.0	0.0	0.0	0.0	0.0	0.0	0.0	0.0	0.0	0.0	0.0	0.0	0.0	0.0	0.0	0.0	0.0	0.0	0.0	0.0	0.0	0.0	0.0	0.0	0.0	0.0	0.0	0.0	0.0	0.0	0.0	0.0	0.0	0.0	0.0	0.0	0.0	0.0	
0.366666666667	0.0	0.0	0.0	0.0	0.0	0.0	0.0	0.0	0.0	0.0	0.0	0.0	0.0	0.0	0.0	0.0	0.0	0.0	0.0	0.0	0.0	0.0	0.0	0.0	0.0	0.0	0.0	0.0	0.0	0.0	0.0	0.0	0.0	0.0	0.0	0.0	0.0	0.0	0.0	0.0	0.0	0.0	0.0	0.0	0.0	0.0	0.0	0.0	0.0	0.0	0.0	0.0	0.0	0.0	0.0	0.0	0.0	0.0	0.0	0.0	
0.383333333333	0.0	0.0	0.0	0.0	0.0	0.0	0.0	0.0	0.0	0.0	0.0	0.0	0.0	0.0	0.0	0.0	0.0	0.0	0.0	0.0	0.0	0.0	0.0	0.0	0.0	0.0	0.0	0.0	0.0	0.0	0.0	0.0	0.0	0.0	0.0	0.0	0.0	0.0	0.0	0.0	0.0	0.0	0.0	0.0	0.0	0.0	0.0	0.0	0.0	0.0	0.0	0.0	0.0	0.0	0.0	0.0	0.0	0.0	0.0	0.0	
0.4	0.0	0.0	0.0	0.0	0.0	0.0	0.0	0.0	0.0	0.0	0.0	0.0	0.0	0.0	0.0	0.0	0.0	0.0	0.0	0.0	0.0	0.0	0.0	0.0	0.0	0.0	0.0	0.0	0.0	0.0	0.0	0.0	0.0	0.0	0.0	0.0	0.0	0.0	0.0	0.0	0.0	0.0	0.0	0.0	0.0	0.0	0.0	0.0	0.0	0.0	0.0	0.0	0.0	0.0	0.0	0.0	0.0	0.0	0.0	0.0	
0.416666666667	0.0	0.0	0.0	0.0	0.0	0.0	0.0	0.0	0.0	0.0	0.0	0.0	0.0	0.0	0.0	0.0	0.0	0.0	0.0	0.0	0.0	0.0	0.0	0.0	0.0	0.0	0.0	0.0	0.0	0.0	0.0	0.0	0.0	0.0	0.0	0.0	0.0	0.0	0.0	0.0	0.0	0.0	0.0	0.0	0.0	0.0	0.0	0.0	0.0	0.0	0.0	0.0	0.0	0.0	0.0	0.0	0.0	0.0	0.0	0.0	
0.433333333333	0.0	0.0	0.0	0.0	0.0	0.0	0.0	0.0	0.0	0.0	0.0	0.0	0.0	0.0	0.0	0.0	0.0	0.0	0.0	0.0	0.0	0.0	0.0	0.0	0.0	0.0	0.0	0.0	0.0	0.0	0.0	0.0	0.0	0.0	0.0	0.0	0.0	0.0	0.0	0.0	0.0	0.0	0.0	0.0	0.0	0.0	0.0	0.0	0.0	0.0	0.0	0.0	0.0	0.0	0.0	0.0	0.0	0.0	0.0	0.0	
0.45	0.0	0.0	0.0	0.0	0.0	0.0	0.0	0.0	0.0	0.0	0.0	0.0	0.0	0.0	0.0	0.0	0.0	0.0	0.0	0.0	0.0	0.0	0.0	0.0	0.0	0.0	0.0	0.0	0.0	0.0	0.0	0.0	0.0	0.0	0.0	0.0	0.0	0.0	0.0	0.0	0.0	0.0	0.0	0.0	0.0	0.0	0.0	0.0	0.0	0.0	0.0	0.0	0.0	0.0	0.0	0.0	0.0	0.0	0.0	0.0	
0.466666666667	0.0	0.0	0.0	0.0	0.0	0.0	0.0	0.0	0.0	0.0	0.0	0.0	0.0	0.0	0.0	0.0	0.0	0.0	0.0	0.0	0.0	0.0	0.0	0.0	0.0	0.0	0.0	0.0	0.0	0.0	0.0	0.0	0.0	0.0	0.0	0.0	0.0	0.0	0.0	0.0	0.0	0.0	0.0	0.0	0.0	0.0	0.0	0.0	0.0	0.0	0.0	0.0	0.0	0.0	0.0	0.0	0.0	0.0	0.0	0.0	
0.483333333333	0.0	0.0	0.0	0.0	0.0	0.0	0.0	0.0	0.0	0.0	0.0	0.0	0.0	0.0	0.0	0.0	0.0	0.0	0.0	0.0	0.0	0.0	0.0	0.0	0.0	0.0	0.0	0.0	0.0	0.0	0.0	0.0	0.0	0.0	0.0	0.0	0.0	0.0	0.0	0.0	0.0	0.0	0.0	0.0	0.0	0.0	0.0	0.0	0.0	0.0	0.0	0.0	0.0	0.0	0.0	0.0	0.0	0.0	0.0	0.0	
0.5	0.0	0.0	0.0	0.0	0.0	0.0	0.0	0.0	0.0	0.0	0.0	0.0	0.0	0.0	0.0	0.0	0.0	0.0	0.0	0.0	0.0	0.0	0.0	0.0	0.0	0.0	0.0	0.0	0.0	0.0	0.0	0.0	0.0	0.0	0.0	0.0	0.0	0.0	0.0	0.0	0.0	0.0	0.0	0.0	0.0	0.0	0.0	0.0	0.0	0.0	0.0	0.0	0.0	0.0	0.0	0.0	0.0	0.0	0.0	0.0	
0.516666666667	0.0	0.0	0.0	0.0	0.0	0.0	0.0	0.0	0.0	0.0	0.0	0.0	0.0	0.0	0.0	0.0	0.0	0.0	0.0	0.0	0.0	0.0	0.0	0.0	0.0	0.0	0.0	0.0	0.0	0.0	0.0	0.0	0.0	0.0	0.0	0.0	0.0	0.0	0.0	0.0	0.0	0.0	0.0	0.0	0.0	0.0	0.0	0.0	0.0	0.0	0.0	0.0	0.0	0.0	0.0	0.0	0.0	0.0	0.0	0.0	
0.533333333333	0.0	0.0	0.0	0.0	0.0	0.0	0.0	0.0	0.0	0.0	0.0	0.0	0.0	0.0	0.0	0.0	0.0	0.0	0.0	0.0	0.0	0.0	0.0	0.0	0.0	0.0	0.0	0.0	0.0	0.0	0.0	0.0	0.0	0.0	0.0	0.0	0.0	0.0	0.0	0.0	0.0	0.0	0.0	0.0	0.0	0.0	0.0	0.0	0.0	0.0	0.0	0.0	0.0	0.0	0.0	0.0	0.0	0.0	0.0	0.0	
0.55	0.0	0.0	0.0	0.0	0.0	0.0	0.0	0.0	0.0	0.0	0.0	0.0	0.0	0.0	0.0	0.0	0.0	0.0	0.0	0.0	0.0	0.0	0.0	0.0	0.0	0.0	0.0	0.0	0.0	0.0	0.0	0.0	0.0	0.0	0.0	0.0	0.0	0.0	0.0	0.0	0.0	0.0	0.0	0.0	0.0	0.0	0.0	0.0	0.0	0.0	0.0	0.0	0.0	0.0	0.0	0.0	0.0	0.0	0.0	0.0	
0.566666666667	0.0	0.0	0.0	0.0	0.0	0.0	0.0	0.0	0.0	0.0	0.0	0.0	0.0	0.0	0.0	0.0	0.0	0.0	0.0	0.0	0.0	0.0	0.0	0.0	0.0	0.0	0.0	0.0	0.0	0.0	0.0	0.0	0.0	0.0	0.0	0.0	0.0	0.0	0.0	0.0	0.0	0.0	0.0	0.0	0.0	0.0	0.0	0.0	0.0	0.0	0.0	0.0	0.0	0.0	0.0	0.0	0.0	0.0	0.0	0.0	
0.583333333333	0.0	0.0	0.0	0.0	0.0	0.0	0.0	0.0	0.0	0.0	0.0	0.0	0.0	0.0	0.0	0.0	0.0	0.0	0.0	0.0	0.0	0.0	0.0	0.0	0.0	0.0	0.0	0.0	0.0	0.0	0.0	0.0	0.0	0.0	0.0	0.0	0.0	0.0	0.0	0.0	0.0	0.0	0.0	0.0	0.0	0.0	0.0	0.0	0.0	0.0	0.0	0.0	0.0	0.0	0.0	0.0	0.0	0.0	0.0	0.0	
0.6	0.0	0.0	0.0	0.0	0.0	0.0	0.0	0.0	0.0	0.0	0.0	0.0	0.0	0.0	0.0	0.0	0.0	0.0	0.0	0.0	0.0	0.0	0.0	0.0	0.0	0.0	0.0	0.0	0.0	0.0	0.0	0.0	0.0	0.0	0.0	0.0	0.0	0.0	0.0	0.0	0.0	0.0	0.0	0.0	0.0	0.0	0.0	0.0	0.0	0.0	0.0	0.0	0.0	0.0	0.0	0.0	0.0	0.0	0.0	0.0	
0.616666666667	0.0	0.0	0.0	0.0	0.0	0.0	0.0	0.0	0.0	0.0	0.0	0.0	0.0	0.0	0.0	0.0	0.0	0.0	0.0	0.0	0.0	0.0	0.0	0.0	0.0	0.0	0.0	0.0	0.0	0.0	0.0	0.0	0.0	0.0	0.0	0.0	0.0	0.0	0.0	0.0	0.0	0.0	0.0	0.0	0.0	0.0	0.0	0.0	0.0	0.0	0.0	0.0	0.0	0.0	0.0	0.0	0.0	0.0	0.0	0.0	
0.633333333333	0.0	0.0	0.0	0.0	0.0	0.0	0.0	0.0	0.0	0.0	0.0	0.0	0.0	0.0	0.0	0.0	0.0	0.0	0.0	0.0	0.0	0.0	0.0	0.0	0.0	0.0	0.0	0.0	0.0	0.0	0.0	0.0	0.0	0.0	0.0	0.0	0.0	0.0	0.0	0.0	0.0	0.0	0.0	0.0	0.0	0.0	0.0	0.0	0.0	0.0	0.0	0.0	0.0	0.0	0.0	0.0	0.0	0.0	0.0	0.0	
0.65	0.0	0.0	0.0	0.0	0.0	0.0	0.0	0.0	0.0	0.0	0.0	0.0	0.0	0.0	0.0	0.0	0.0	0.0	0.0	0.0	0.0	0.0	0.0	0.0	0.0	0.0	0.0	0.0	0.0	0.0	0.0	0.0	0.0	0.0	0.0	0.0	0.0	0.0	0.0	0.0	0.0	0.0	0.0	0.0	0.0	0.0	0.0	0.0	0.0	0.0	0.0	0.0	0.0	0.0	0.0	0.0	0.0	0.0	0.0	0.0	
0.666666666667	0.0	0.0	0.0	0.0	0.0	0.0	0.0	0.0	0.0	0.0	0.0	0.0	0.0	0.0	0.0	0.0	0.0	0.0	0.0	0.0	0.0	0.0	0.0	0.0	0.0	0.0	0.0	0.0	0.0	0.0	0.0	0.0	0.0	0.0	0.0	0.0	0.0	0.0	0.0	0.0	0.0	0.0	0.0	0.0	0.0	0.0	0.0	0.0	0.0	0.0	0.0	0.0	0.0	0.0	0.0	0.0	0.0	0.0	0.0	0.0	
0.683333333333	0.0	0.0	0.0	0.0	0.0	0.0	0.0	0.0	0.0	0.0	0.0	0.0	0.0	0.0	0.0	0.0	0.0	0.0	0.0	0.0	0.0	0.0	0.0	0.0	0.0	0.0	0.0	0.0	0.0	0.0	0.0	0.0	0.0	0.0	0.0	0.0	0.0	0.0	0.0	0.0	0.0	0.0	0.0	0.0	0.0	0.0	0.0	0.0	0.0	0.0	0.0	0.0	0.0	0.0	0.0	0.0	0.0	0.0	0.0	0.0	
0.7	0.0	0.0	0.0	0.0	0.0	0.0	0.0	0.0	0.0	0.0	0.0	0.0	0.0	0.0	0.0	0.0	0.0	0.0	0.0	0.0	0.0	0.0	0.0	0.0	0.0	0.0	0.0	0.0	0.0	0.0	0.0	0.0	0.0	0.0	0.0	0.0	0.0	0.0	0.0	0.0	0.0	0.0	0.0	0.0	0.0	0.0	0.0	0.0	0.0	0.0	0.0	0.0	0.0	0.0	0.0	0.0	0.0	0.0	0.0	0.0	
0.716666666667	0.0	0.0	0.0	0.0	0.0	0.0	0.0	0.0	0.0	0.0	0.0	0.0	0.0	0.0	0.0	0.0	0.0	0.0	0.0	0.0	0.0	0.0	0.0	0.0	0.0	0.0	0.0	0.0	0.0	0.0	0.0	0.0	0.0	0.0	0.0	0.0	0.0	0.0	0.0	0.0	0.0	0.0	0.0	0.0	0.0	0.0	0.0	0.0	0.0	0.0	0.0	0.0	0.0	0.0	0.0	0.0	0.0	0.0	0.0	0.0	
0.733333333333	0.0	0.0	0.0	0.0	0.0	0.0	0.0	0.0	0.0	0.0	0.0	0.0	0.0	0.0	0.0	0.0	0.0	0.0	0.0	0.0	0.0	0.0	0.0	0.0	0.0	0.0	0.0	0.0	0.0	0.0	0.0	0.0	0.0	0.0	0.0	0.0	0.0	0.0	0.0	0.0	0.0	0.0	0.0	0.0	0.0	0.0	0.0	0.0	0.0	0.0	0.0	0.0	0.0	0.0	0.0	0.0	0.0	0.0	0.0	0.0	
0.75	0.0	0.0	0.0	0.0	0.0	0.0	0.0	0.0	0.0	0.0	0.0	0.0	0.0	0.0	0.0	0.0	0.0	0.0	0.0	0.0	0.0	0.0	0.0	0.0	0.0	0.0	0.0	0.0	0.0	0.0	0.0	0.0	0.0	0.0	0.0	0.0	0.0	0.0	0.0	0.0	0.0	0.0	0.0	0.0	0.0	0.0	0.0	0.0	0.0	0.0	0.0	0.0	0.0	0.0	0.0	0.0	0.0	0.0	0.0	0.0	
0.766666666667	0.0	0.0	0.0	0.0	0.0	0.0	0.0	0.0	0.0	0.0	0.0	0.0	0.0	0.0	0.0	0.0	0.0	0.0	0.0	0.0	0.0	0.0	0.0	0.0	0.0	0.0	0.0	0.0	0.0	0.0	0.0	0.0	0.0	0.0	0.0	0.0	0.0	0.0	0.0	0.0	0.0	0.0	0.0	0.0	0.0	0.0	0.0	0.0	0.0	0.0	0.0	0.0	0.0	0.0	0.0	0.0	0.0	0.0	0.0	0.0	
0.783333333333	0.0	0.0	0.0	0.0	0.0	0.0	0.0	0.0	0.0	0.0	0.0	0.0	0.0	0.0	0.0	0.0	0.0	0.0	0.0	0.0	0.0	0.0	0.0	0.0	0.0	0.0	0.0	0.0	0.0	0.0	0.0	0.0	0.0	0.0	0.0	0.0	0.0	0.0	0.0	0.0	0.0	0.0	0.0	0.0	0.0	0.0	0.0	0.0	0.0	0.0	0.0	0.0	0.0	0.0	0.0	0.0	0.0	0.0	0.0	0.0	
0.8	0.0	0.0	0.0	0.0	0.0	0.0	0.0	0.0	0.0	0.0	0.0	0.0	0.0	0.0	0.0	0.0	0.0	0.0	0.0	0.0	0.0	0.0	0.0	0.0	0.0	0.0	0.0	0.0	0.0	0.0	0.0	0.0	0.0	0.0	0.0	0.0	0.0	0.0	0.0	0.0	0.0	0.0	0.0	0.0	0.0	0.0	0.0	0.0	0.0	0.0	0.0	0.0	0.0	0.0	0.0	0.0	0.0	0.0	0.0	0.0	
0.816666666667	0.0	0.0	0.0	0.0	0.0	0.0	0.0	0.0	0.0	0.0	0.0	0.0	0.0	0.0	0.0	0.0	0.0	0.0	0.0	0.0	0.0	0.0	0.0	0.0	0.0	0.0	0.0	0.0	0.0	0.0	0.0	0.0	0.0	0.0	0.0	0.0	0.0	0.0	0.0	0.0	0.0	0.0	0.0	0.0	0.0	0.0	0.0	0.0	0.0	0.0	0.0	0.0	0.0	0.0	0.0	0.0	0.0	0.0	0.0	0.0	
0.833333333333	0.0	0.0	0.0	0.0	0.0	0.0	0.0	0.0	0.0	0.0	0.0	0.0	0.0	0.0	0.0	0.0	0.0	0.0	0.0	0.0	0.0	0.0	0.0	0.0	0.0	0.0	0.0	0.0	0.0	0.0	0.0	0.0	0.0	0.0	0.0	0.0	0.0	0.0	0.0	0.0	0.0	0.0	0.0	0.0	0.0	0.0	0.0	0.0	0.0	0.0	0.0	0.0	0.0	0.0	0.0	0.0	0.0	0.0	0.0	0.0	
0.85	0.0	0.0	0.0	0.0	0.0	0.0	0.0	0.0	0.0	0.0	0.0	0.0	0.0	0.0	0.0	0.0	0.0	0.0	0.0	0.0	0.0	0.0	0.0	0.0	0.0	0.0	0.0	0.0	0.0	0.0	0.0	0.0	0.0	0.0	0.0	0.0	0.0	0.0	0.0	0.0	0.0	0.0	0.0	0.0	0.0	0.0	0.0	0.0	0.0	0.0	0.0	0.0	0.0	0.0	0.0	0.0	0.0	0.0	0.0	0.0	
0.866666666667	0.0	0.0	0.0	0.0	0.0	0.0	0.0	0.0	0.0	0.0	0.0	0.0	0.0	0.0	0.0	0.0	0.0	0.0	0.0	0.0	0.0	0.0	0.0	0.0	0.0	0.0	0.0	0.0	0.0	0.0	0.0	0.0	0.0	0.0	0.0	0.0	0.0	0.0	0.0	0.0	0.0	0.0	0.0	0.0	0.0	0.0	0.0	0.0	0.0	0.0	0.0	0.0	0.0	0.0	0.0	0.0	0.0	0.0	0.0	0.0	
0.883333333333	0.0	0.0	0.0	0.0	0.0	0.0	0.0	0.0	0.0	0.0	0.0	0.0	0.0	0.0	0.0	0.0	0.0	0.0	0.0	0.0	0.0	0.0	0.0	0.0	0.0	0.0	0.0	0.0	0.0	0.0	0.0	0.0	0.0	0.0	0.0	0.0	0.0	0.0	0.0	0.0	0.0	0.0	0.0	0.0	0.0	0.0	0.0	0.0	0.0	0.0	0.0	0.0	0.0	0.0	0.0	0.0	0.0	0.0	0.0	0.0	
0.9	0.0	0.0	0.0	0.0	0.0	0.0	0.0	0.0	0.0	0.0	0.0	0.0	0.0	0.0	0.0	0.0	0.0	0.0	0.0	0.0	0.0	0.0	0.0	0.0	0.0	0.0	0.0	0.0	0.0	0.0	0.0	0.0	0.0	0.0	0.0	0.0	0.0	0.0	0.0	0.0	0.0	0.0	0.0	0.0	0.0	0.0	0.0	0.0	0.0	0.0	0.0	0.0	0.0	0.0	0.0	0.0	0.0	0.0	0.0	0.0	
0.916666666667	0.0	0.0	0.0	0.0	0.0	0.0	0.0	0.0	0.0	0.0	0.0	0.0	0.0	0.0	0.0	0.0	0.0	0.0	0.0	0.0	0.0	0.0	0.0	0.0	0.0	0.0	0.0	0.0	0.0	0.0	0.0	0.0	0.0	0.0	0.0	0.0	0.0	0.0	0.0	0.0	0.0	0.0	0.0	0.0	0.0	0.0	0.0	0.0	0.0	0.0	0.0	0.0	0.0	0.0	0.0	0.0	0.0	0.0	0.0	0.0	
0.933333333333	0.0	0.0	0.0	0.0	0.0	0.0	0.0	0.0	0.0	0.0	0.0	0.0	0.0	0.0	0.0	0.0	0.0	0.0	0.0	0.0	0.0	0.0	0.0	0.0	0.0	0.0	0.0	0.0	0.0	0.0	0.0	0.0	0.0	0.0	0.0	0.0	0.0	0.0	0.0	0.0	0.0	0.0	0.0	0.0	0.0	0.0	0.0	0.0	0.0	0.0	0.0	0.0	0.0	0.0	0.0	0.0	0.0	0.0	0.0	0.0	
0.95	0.0	0.0	0.0	0.0	0.0	0.0	0.0	0.0	0.0	0.0	0.0	0.0	0.0	0.0	0.0	0.0	0.0	0.0	0.0	0.0	0.0	0.0	0.0	0.0	0.0	0.0	0.0	0.0	0.0	0.0	0.0	0.0	0.0	0.0	0.0	0.0	0.0	0.0	0.0	0.0	0.0	0.0	0.0	0.0	0.0	0.0	0.0	0.0	0.0	0.0	0.0	0.0	0.0	0.0	0.0	0.0	0.0	0.0	0.0	0.0	
0.966666666667	0.0	0.0	0.0	0.0	0.0	0.0	0.0	0.0	0.0	0.0	0.0	0.0	0.0	0.0	0.0	0.0	0.0	0.0	0.0	0.0	0.0	0.0	0.0	0.0	0.0	0.0	0.0	0.0	0.0	0.0	0.0	0.0	0.0	0.0	0.0	0.0	0.0	0.0	0.0	0.0	0.0	0.0	0.0	0.0	0.0	0.0	0.0	0.0	0.0	0.0	0.0	0.0	0.0	0.0	0.0	0.0	0.0	0.0	0.0	0.0	
0.983333333333	0.0	0.0	0.0	0.0	0.0	0.0	0.0	0.0	0.0	0.0	0.0	0.0	0.0	0.0	0.0	0.0	0.0	0.0	0.0	0.0	0.0	0.0	0.0	0.0	0.0	0.0	0.0	0.0	0.0	0.0	0.0	0.0	0.0	0.0	0.0	0.0	0.0	0.0	0.0	0.0	0.0	0.0	0.0	0.0	0.0	0.0	0.0	0.0	0.0	0.0	0.0	0.0	0.0	0.0	0.0	0.0	0.0	0.0	0.0	0.0	
1.0	0.0	0.0	0.0	0.0	0.0	0.0	0.0	0.0	0.0	0.0	0.0	0.0	0.0	0.0	0.0	0.0	0.0	0.0	0.0	0.0	0.0	0.0	0.0	0.0	0.0	0.0	0.0	0.0	0.0	0.0	0.0	0.0	0.0	0.0	0.0	0.0	0.0	0.0	0.0	0.0	0.0	0.0	0.0	0.0	0.0	0.0	0.0	0.0	0.0	0.0	0.0	0.0	0.0	0.0	0.0	0.0	0.0	0.0	0.0	0.0	
1.01666666667	0.0	0.0	0.0	0.0	0.0	0.0	0.0	0.0	0.0	0.0	0.0	0.0	0.0	0.0	0.0	0.0	0.0	0.0	0.0	0.0	0.0	0.0	0.0	0.0	0.0	0.0	0.0	0.0	0.0	0.0	0.0	0.0	0.0	0.0	0.0	0.0	0.0	0.0	0.0	0.0	0.0	0.0	0.0	0.0	0.0	0.0	0.0	0.0	0.0	0.0	0.0	0.0	0.0	0.0	0.0	0.0	0.0	0.0	0.0	0.0	
1.03333333333	0.0	0.0	0.0	0.0	0.0	0.0	0.0	0.0	0.0	0.0	0.0	0.0	0.0	0.0	0.0	0.0	0.0	0.0	0.0	0.0	0.0	0.0	0.0	0.0	0.0	0.0	0.0	0.0	0.0	0.0	0.0	0.0	0.0	0.0	0.0	0.0	0.0	0.0	0.0	0.0	0.0	0.0	0.0	0.0	0.0	0.0	0.0	0.0	0.0	0.0	0.0	0.0	0.0	0.0	0.0	0.0	0.0	0.0	0.0	0.0	
1.05	0.0	0.0	0.0	0.0	0.0	0.0	0.0	0.0	0.0	0.0	0.0	0.0	0.0	0.0	0.0	0.0	0.0	0.0	0.0	0.0	0.0	0.0	0.0	0.0	0.0	0.0	0.0	0.0	0.0	0.0	0.0	0.0	0.0	0.0	0.0	0.0	0.0	0.0	0.0	0.0	0.0	0.0	0.0	0.0	0.0	0.0	0.0	0.0	0.0	0.0	0.0	0.0	0.0	0.0	0.0	0.0	0.0	0.0	0.0	0.0	
1.06666666667	0.0	0.0	0.0	0.0	0.0	0.0	0.0	0.0	0.0	0.0	0.0	0.0	0.0	0.0	0.0	0.0	0.0	0.0	0.0	0.0	0.0	0.0	0.0	0.0	0.0	0.0	0.0	0.0	0.0	0.0	0.0	0.0	0.0	0.0	0.0	0.0	0.0	0.0	0.0	0.0	0.0	0.0	0.0	0.0	0.0	0.0	0.0	0.0	0.0	0.0	0.0	0.0	0.0	0.0	0.0	0.0	0.0	0.0	0.0	0.0	
1.08333333333	0.0	0.0	0.0	0.0	0.0	0.0	0.0	0.0	0.0	0.0	0.0	0.0	0.0	0.0	0.0	0.0	0.0	0.0	0.0	0.0	0.0	0.0	0.0	0.0	0.0	0.0	0.0	0.0	0.0	0.0	0.0	0.0	0.0	0.0	0.0	0.0	0.0	0.0	0.0	0.0	0.0	0.0	0.0	0.0	0.0	0.0	0.0	0.0	0.0	0.0	0.0	0.0	0.0	0.0	0.0	0.0	0.0	0.0	0.0	0.0	
1.1	0.0	0.0	0.0	0.0	0.0	0.0	0.0	0.0	0.0	0.0	0.0	0.0	0.0	0.0	0.0	0.0	0.0	0.0	0.0	0.0	0.0	0.0	0.0	0.0	0.0	0.0	0.0	0.0	0.0	0.0	0.0	0.0	0.0	0.0	0.0	0.0	0.0	0.0	0.0	0.0	0.0	0.0	0.0	0.0	0.0	0.0	0.0	0.0	0.0	0.0	0.0	0.0	0.0	0.0	0.0	0.0	0.0	0.0	0.0	0.0	
1.11666666667	0.0	0.0	0.0	0.0	0.0	0.0	0.0	0.0	0.0	0.0	0.0	0.0	0.0	0.0	0.0	0.0	0.0	0.0	0.0	0.0	0.0	0.0	0.0	0.0	0.0	0.0	0.0	0.0	0.0	0.0	0.0	0.0	0.0	0.0	0.0	0.0	0.0	0.0	0.0	0.0	0.0	0.0	0.0	0.0	0.0	0.0	0.0	0.0	0.0	0.0	0.0	0.0	0.0	0.0	0.0	0.0	0.0	0.0	0.0	0.0	
1.13333333333	0.0	0.0	0.0	0.0	0.0	0.0	0.0	0.0	0.0	0.0	0.0	0.0	0.0	0.0	0.0	0.0	0.0	0.0	0.0	0.0	0.0	0.0	0.0	0.0	0.0	0.0	0.0	0.0	0.0	0.0	0.0	0.0	0.0	0.0	0.0	0.0	0.0	0.0	0.0	0.0	0.0	0.0	0.0	0.0	0.0	0.0	0.0	0.0	0.0	0.0	0.0	0.0	0.0	0.0	0.0	0.0	0.0	0.0	0.0	0.0	
1.15	0.0	0.0	0.0	0.0	0.0	0.0	0.0	0.0	0.0	0.0	0.0	0.0	0.0	0.0	0.0	0.0	0.0	0.0	0.0	0.0	0.0	0.0	0.0	0.0	0.0	0.0	0.0	0.0	0.0	0.0	0.0	0.0	0.0	0.0	0.0	0.0	0.0	0.0	0.0	0.0	0.0	0.0	0.0	0.0	0.0	0.0	0.0	0.0	0.0	0.0	0.0	0.0	0.0	0.0	0.0	0.0	0.0	0.0	0.0	0.0	
1.16666666667	0.0	0.0	0.0	0.0	0.0	0.0	0.0	0.0	0.0	0.0	0.0	0.0	0.0	0.0	0.0	0.0	0.0	0.0	0.0	0.0	0.0	0.0	0.0	0.0	0.0	0.0	0.0	0.0	0.0	0.0	0.0	0.0	0.0	0.0	0.0	0.0	0.0	0.0	0.0	0.0	0.0	0.0	0.0	0.0	0.0	0.0	0.0	0.0	0.0	0.0	0.0	0.0	0.0	0.0	0.0	0.0	0.0	0.0	0.0	0.0	
1.18333333333	0.0	0.0	0.0	0.0	0.0	0.0	0.0	0.0	0.0	0.0	0.0	0.0	0.0	0.0	0.0	0.0	0.0	0.0	0.0	0.0	0.0	0.0	0.0	0.0	0.0	0.0	0.0	0.0	0.0	0.0	0.0	0.0	0.0	0.0	0.0	0.0	0.0	0.0	0.0	0.0	0.0	0.0	0.0	0.0	0.0	0.0	0.0	0.0	0.0	0.0	0.0	0.0	0.0	0.0	0.0	0.0	0.0	0.0	0.0	0.0	
1.2	0.0	0.0	0.0	0.0	0.0	0.0	0.0	0.0	0.0	0.0	0.0	0.0	0.0	0.0	0.0	0.0	0.0	0.0	0.0	0.0	0.0	0.0	0.0	0.0	0.0	0.0	0.0	0.0	0.0	0.0	0.0	0.0	0.0	0.0	0.0	0.0	0.0	0.0	0.0	0.0	0.0	0.0	0.0	0.0	0.0	0.0	0.0	0.0	0.0	0.0	0.0	0.0	0.0	0.0	0.0	0.0	0.0	0.0	0.0	0.0	
1.21666666667	0.0	0.0	0.0	0.0	0.0	0.0	0.0	0.0	0.0	0.0	0.0	0.0	0.0	0.0	0.0	0.0	0.0	0.0	0.0	0.0	0.0	0.0	0.0	0.0	0.0	0.0	0.0	0.0	0.0	0.0	0.0	0.0	0.0	0.0	0.0	0.0	0.0	0.0	0.0	0.0	0.0	0.0	0.0	0.0	0.0	0.0	0.0	0.0	0.0	0.0	0.0	0.0	0.0	0.0	0.0	0.0	0.0	0.0	0.0	0.0	
1.23333333333	0.0	0.0	0.0	0.0	0.0	0.0	0.0	0.0	0.0	0.0	0.0	0.0	0.0	0.0	0.0	0.0	0.0	0.0	0.0	0.0	0.0	0.0	0.0	0.0	0.0	0.0	0.0	0.0	0.0	0.0	0.0	0.0	0.0	0.0	0.0	0.0	0.0	0.0	0.0	0.0	0.0	0.0	0.0	0.0	0.0	0.0	0.0	0.0	0.0	0.0	0.0	0.0	0.0	0.0	0.0	0.0	0.0	0.0	0.0	0.0	
1.25	0.0	0.0	0.0	0.0	0.0	0.0	0.0	0.0	0.0	0.0	0.0	0.0	0.0	0.0	0.0	0.0	0.0	0.0	0.0	0.0	0.0	0.0	0.0	0.0	0.0	0.0	0.0	0.0	0.0	0.0	0.0	0.0	0.0	0.0	0.0	0.0	0.0	0.0	0.0	0.0	0.0	0.0	0.0	0.0	0.0	0.0	0.0	0.0	0.0	0.0	0.0	0.0	0.0	0.0	0.0	0.0	0.0	0.0	0.0	0.0	
1.26666666667	0.0	0.0	0.0	0.0	0.0	0.0	0.0	0.0	0.0	0.0	0.0	0.0	0.0	0.0	0.0	0.0	0.0	0.0	0.0	0.0	0.0	0.0	0.0	0.0	0.0	0.0	0.0	0.0	0.0	0.0	0.0	0.0	0.0	0.0	0.0	0.0	0.0	0.0	0.0	0.0	0.0	0.0	0.0	0.0	0.0	0.0	0.0	0.0	0.0	0.0	0.0	0.0	0.0	0.0	0.0	0.0	0.0	0.0	0.0	0.0	
1.28333333333	0.0	0.0	0.0	0.0	0.0	0.0	0.0	0.0	0.0	0.0	0.0	0.0	0.0	0.0	0.0	0.0	0.0	0.0	0.0	0.0	0.0	0.0	0.0	0.0	0.0	0.0	0.0	0.0	0.0	0.0	0.0	0.0	0.0	0.0	0.0	0.0	0.0	0.0	0.0	0.0	0.0	0.0	0.0	0.0	0.0	0.0	0.0	0.0	0.0	0.0	0.0	0.0	0.0	0.0	0.0	0.0	0.0	0.0	0.0	0.0	
1.3	0.0	0.0	0.0	0.0	0.0	0.0	0.0	0.0	0.0	0.0	0.0	0.0	0.0	0.0	0.0	0.0	0.0	0.0	0.0	0.0	0.0	0.0	0.0	0.0	0.0	0.0	0.0	0.0	0.0	0.0	0.0	0.0	0.0	0.0	0.0	0.0	0.0	0.0	0.0	0.0	0.0	0.0	0.0	0.0	0.0	0.0	0.0	0.0	0.0	0.0	0.0	0.0	0.0	0.0	0.0	0.0	0.0	0.0	0.0	0.0	
1.31666666667	0.0	0.0	0.0	0.0	0.0	0.0	0.0	0.0	0.0	0.0	0.0	0.0	0.0	0.0	0.0	0.0	0.0	0.0	0.0	0.0	0.0	0.0	0.0	0.0	0.0	0.0	0.0	0.0	0.0	0.0	0.0	0.0	0.0	0.0	0.0	0.0	0.0	0.0	0.0	0.0	0.0	0.0	0.0	0.0	0.0	0.0	0.0	0.0	0.0	0.0	0.0	0.0	0.0	0.0	0.0	0.0	0.0	0.0	0.0	0.0	
1.33333333333	0.0	0.0	0.0	0.0	0.0	0.0	0.0	0.0	0.0	0.0	0.0	0.0	0.0	0.0	0.0	0.0	0.0	0.0	0.0	0.0	0.0	0.0	0.0	0.0	0.0	0.0	0.0	0.0	0.0	0.0	0.0	0.0	0.0	0.0	0.0	0.0	0.0	0.0	0.0	0.0	0.0	0.0	0.0	0.0	0.0	0.0	0.0	0.0	0.0	0.0	0.0	0.0	0.0	0.0	0.0	0.0	0.0	0.0	0.0	0.0	
1.35	0.0	0.0	0.0	0.0	0.0	0.0	0.0	0.0	0.0	0.0	0.0	0.0	0.0	0.0	0.0	0.0	0.0	0.0	0.0	0.0	0.0	0.0	0.0	0.0	0.0	0.0	0.0	0.0	0.0	0.0	0.0	0.0	0.0	0.0	0.0	0.0	0.0	0.0	0.0	0.0	0.0	0.0	0.0	0.0	0.0	0.0	0.0	0.0	0.0	0.0	0.0	0.0	0.0	0.0	0.0	0.0	0.0	0.0	0.0	0.0	
1.36666666667	0.0	0.0	0.0	0.0	0.0	0.0	0.0	0.0	0.0	0.0	0.0	0.0	0.0	0.0	0.0	0.0	0.0	0.0	0.0	0.0	0.0	0.0	0.0	0.0	0.0	0.0	0.0	0.0	0.0	0.0	0.0	0.0	0.0	0.0	0.0	0.0	0.0	0.0	0.0	0.0	0.0	0.0	0.0	0.0	0.0	0.0	0.0	0.0	0.0	0.0	0.0	0.0	0.0	0.0	0.0	0.0	0.0	0.0	0.0	0.0	
1.38333333333	0.0	0.0	0.0	0.0	0.0	0.0	0.0	0.0	0.0	0.0	0.0	0.0	0.0	0.0	0.0	0.0	0.0	0.0	0.0	0.0	0.0	0.0	0.0	0.0	0.0	0.0	0.0	0.0	0.0	0.0	0.0	0.0	0.0	0.0	0.0	0.0	0.0	0.0	0.0	0.0	0.0	0.0	0.0	0.0	0.0	0.0	0.0	0.0	0.0	0.0	0.0	0.0	0.0	0.0	0.0	0.0	0.0	0.0	0.0	0.0	
1.4	0.0	0.0	0.0	0.0	0.0	0.0	0.0	0.0	0.0	0.0	0.0	0.0	0.0	0.0	0.0	0.0	0.0	0.0	0.0	0.0	0.0	0.0	0.0	0.0	0.0	0.0	0.0	0.0	0.0	0.0	0.0	0.0	0.0	0.0	0.0	0.0	0.0	0.0	0.0	0.0	0.0	0.0	0.0	0.0	0.0	0.0	0.0	0.0	0.0	0.0	0.0	0.0	0.0	0.0	0.0	0.0	0.0	0.0	0.0	0.0	
1.41666666667	0.0	0.0	0.0	0.0	0.0	0.0	0.0	0.0	0.0	0.0	0.0	0.0	0.0	0.0	0.0	0.0	0.0	0.0	0.0	0.0	0.0	0.0	0.0	0.0	0.0	0.0	0.0	0.0	0.0	0.0	0.0	0.0	0.0	0.0	0.0	0.0	0.0	0.0	0.0	0.0	0.0	0.0	0.0	0.0	0.0	0.0	0.0	0.0	0.0	0.0	0.0	0.0	0.0	0.0	0.0	0.0	0.0	0.0	0.0	0.0	
1.43333333333	0.0	0.0	0.0	0.0	0.0	0.0	0.0	0.0	0.0	0.0	0.0	0.0	0.0	0.0	0.0	0.0	0.0	0.0	0.0	0.0	0.0	0.0	0.0	0.0	0.0	0.0	0.0	0.0	0.0	0.0	0.0	0.0	0.0	0.0	0.0	0.0	0.0	0.0	0.0	0.0	0.0	0.0	0.0	0.0	0.0	0.0	0.0	0.0	0.0	0.0	0.0	0.0	0.0	0.0	0.0	0.0	0.0	0.0	0.0	0.0	
1.45	0.0	0.0	0.0	0.0	0.0	0.0	0.0	0.0	0.0	0.0	0.0	0.0	0.0	0.0	0.0	0.0	0.0	0.0	0.0	0.0	0.0	0.0	0.0	0.0	0.0	0.0	0.0	0.0	0.0	0.0	0.0	0.0	0.0	0.0	0.0	0.0	0.0	0.0	0.0	0.0	0.0	0.0	0.0	0.0	0.0	0.0	0.0	0.0	0.0	0.0	0.0	0.0	0.0	0.0	0.0	0.0	0.0	0.0	0.0	0.0	
1.46666666667	0.0	0.0	0.0	0.0	0.0	0.0	0.0	0.0	0.0	0.0	0.0	0.0	0.0	0.0	0.0	0.0	0.0	0.0	0.0	0.0	0.0	0.0	0.0	0.0	0.0	0.0	0.0	0.0	0.0	0.0	0.0	0.0	0.0	0.0	0.0	0.0	0.0	0.0	0.0	0.0	0.0	0.0	0.0	0.0	0.0	0.0	0.0	0.0	0.0	0.0	0.0	0.0	0.0	0.0	0.0	0.0	0.0	0.0	0.0	0.0	
1.48333333333	0.0	0.0	0.0	0.0	0.0	0.0	0.0	0.0	0.0	0.0	0.0	0.0	0.0	0.0	0.0	0.0	0.0	0.0	0.0	0.0	0.0	0.0	0.0	0.0	0.0	0.0	0.0	0.0	0.0	0.0	0.0	0.0	0.0	0.0	0.0	0.0	0.0	0.0	0.0	0.0	0.0	0.0	0.0	0.0	0.0	0.0	0.0	0.0	0.0	0.0	0.0	0.0	0.0	0.0	0.0	0.0	0.0	0.0	0.0	0.0	
1.5	0.0	0.0	0.0	0.0	0.0	0.0	0.0	0.0	0.0	0.0	0.0	0.0	0.0	0.0	0.0	0.0	0.0	0.0	0.0	0.0	0.0	0.0	0.0	0.0	0.0	0.0	0.0	0.0	0.0	0.0	0.0	0.0	0.0	0.0	0.0	0.0	0.0	0.0	0.0	0.0	0.0	0.0	0.0	0.0	0.0	0.0	0.0	0.0	0.0	0.0	0.0	0.0	0.0	0.0	0.0	0.0	0.0	0.0	0.0	0.0	
1.51666666667	0.0	0.0	0.0	0.0	0.0	0.0	0.0	0.0	0.0	0.0	0.0	0.0	0.0	0.0	0.0	0.0	0.0	0.0	0.0	0.0	0.0	0.0	0.0	0.0	0.0	0.0	0.0	0.0	0.0	0.0	0.0	0.0	0.0	0.0	0.0	0.0	0.0	0.0	0.0	0.0	0.0	0.0	0.0	0.0	0.0	0.0	0.0	0.0	0.0	0.0	0.0	0.0	0.0	0.0	0.0	0.0	0.0	0.0	0.0	0.0	
1.53333333333	0.0	0.0	0.0	0.0	0.0	0.0	0.0	0.0	0.0	0.0	0.0	0.0	0.0	0.0	0.0	0.0	0.0	0.0	0.0	0.0	0.0	0.0	0.0	0.0	0.0	0.0	0.0	0.0	0.0	0.0	0.0	0.0	0.0	0.0	0.0	0.0	0.0	0.0	0.0	0.0	0.0	0.0	0.0	0.0	0.0	0.0	0.0	0.0	0.0	0.0	0.0	0.0	0.0	0.0	0.0	0.0	0.0	0.0	0.0	0.0	
1.55	0.0	0.0	0.0	0.0	0.0	0.0	0.0	0.0	0.0	0.0	0.0	0.0	0.0	0.0	0.0	0.0	0.0	0.0	0.0	0.0	0.0	0.0	0.0	0.0	0.0	0.0	0.0	0.0	0.0	0.0	0.0	0.0	0.0	0.0	0.0	0.0	0.0	0.0	0.0	0.0	0.0	0.0	0.0	0.0	0.0	0.0	0.0	0.0	0.0	0.0	0.0	0.0	0.0	0.0	0.0	0.0	0.0	0.0	0.0	0.0	
1.56666666667	0.0	0.0	0.0	0.0	0.0	0.0	0.0	0.0	0.0	0.0	0.0	0.0	0.0	0.0	0.0	0.0	0.0	0.0	0.0	0.0	0.0	0.0	0.0	0.0	0.0	0.0	0.0	0.0	0.0	0.0	0.0	0.0	0.0	0.0	0.0	0.0	0.0	0.0	0.0	0.0	0.0	0.0	0.0	0.0	0.0	0.0	0.0	0.0	0.0	0.0	0.0	0.0	0.0	0.0	0.0	0.0	0.0	0.0	0.0	0.0	
1.58333333333	0.0	0.0	0.0	0.0	0.0	0.0	0.0	0.0	0.0	0.0	0.0	0.0	0.0	0.0	0.0	0.0	0.0	0.0	0.0	0.0	0.0	0.0	0.0	0.0	0.0	0.0	0.0	0.0	0.0	0.0	0.0	0.0	0.0	0.0	0.0	0.0	0.0	0.0	0.0	0.0	0.0	0.0	0.0	0.0	0.0	0.0	0.0	0.0	0.0	0.0	0.0	0.0	0.0	0.0	0.0	0.0	0.0	0.0	0.0	0.0	
1.6	0.0	0.0	0.0	0.0	0.0	0.0	0.0	0.0	0.0	0.0	0.0	0.0	0.0	0.0	0.0	0.0	0.0	0.0	0.0	0.0	0.0	0.0	0.0	0.0	0.0	0.0	0.0	0.0	0.0	0.0	0.0	0.0	0.0	0.0	0.0	0.0	0.0	0.0	0.0	0.0	0.0	0.0	0.0	0.0	0.0	0.0	0.0	0.0	0.0	0.0	0.0	0.0	0.0	0.0	0.0	0.0	0.0	0.0	0.0	0.0	
1.61666666667	0.0	0.0	0.0	0.0	0.0	0.0	0.0	0.0	0.0	0.0	0.0	0.0	0.0	0.0	0.0	0.0	0.0	0.0	0.0	0.0	0.0	0.0	0.0	0.0	0.0	0.0	0.0	0.0	0.0	0.0	0.0	0.0	0.0	0.0	0.0	0.0	0.0	0.0	0.0	0.0	0.0	0.0	0.0	0.0	0.0	0.0	0.0	0.0	0.0	0.0	0.0	0.0	0.0	0.0	0.0	0.0	0.0	0.0	0.0	0.0	
1.63333333333	0.0	0.0	0.0	0.0	0.0	0.0	0.0	0.0	0.0	0.0	0.0	0.0	0.0	0.0	0.0	0.0	0.0	0.0	0.0	0.0	0.0	0.0	0.0	0.0	0.0	0.0	0.0	0.0	0.0	0.0	0.0	0.0	0.0	0.0	0.0	0.0	0.0	0.0	0.0	0.0	0.0	0.0	0.0	0.0	0.0	0.0	0.0	0.0	0.0	0.0	0.0	0.0	0.0	0.0	0.0	0.0	0.0	0.0	0.0	0.0	
1.65	0.0	0.0	0.0	0.0	0.0	0.0	0.0	0.0	0.0	0.0	0.0	0.0	0.0	0.0	0.0	0.0	0.0	0.0	0.0	0.0	0.0	0.0	0.0	0.0	0.0	0.0	0.0	0.0	0.0	0.0	0.0	0.0	0.0	0.0	0.0	0.0	0.0	0.0	0.0	0.0	0.0	0.0	0.0	0.0	0.0	0.0	0.0	0.0	0.0	0.0	0.0	0.0	0.0	0.0	0.0	0.0	0.0	0.0	0.0	0.0	
1.66666666667	0.0	0.0	0.0	0.0	0.0	0.0	0.0	0.0	0.0	0.0	0.0	0.0	0.0	0.0	0.0	0.0	0.0	0.0	0.0	0.0	0.0	0.0	0.0	0.0	0.0	0.0	0.0	0.0	0.0	0.0	0.0	0.0	0.0	0.0	0.0	0.0	0.0	0.0	0.0	0.0	0.0	0.0	0.0	0.0	0.0	0.0	0.0	0.0	0.0	0.0	0.0	0.0	0.0	0.0	0.0	0.0	0.0	0.0	0.0	0.0	
1.68333333333	0.0	0.0	0.0	0.0	0.0	0.0	0.0	0.0	0.0	0.0	0.0	0.0	0.0	0.0	0.0	0.0	0.0	0.0	0.0	0.0	0.0	0.0	0.0	0.0	0.0	0.0	0.0	0.0	0.0	0.0	0.0	0.0	0.0	0.0	0.0	0.0	0.0	0.0	0.0	0.0	0.0	0.0	0.0	0.0	0.0	0.0	0.0	0.0	0.0	0.0	0.0	0.0	0.0	0.0	0.0	0.0	0.0	0.0	0.0	0.0	
1.7	0.0	0.0	0.0	0.0	0.0	0.0	0.0	0.0	0.0	0.0	0.0	0.0	0.0	0.0	0.0	0.0	0.0	0.0	0.0	0.0	0.0	0.0	0.0	0.0	0.0	0.0	0.0	0.0	0.0	0.0	0.0	0.0	0.0	0.0	0.0	0.0	0.0	0.0	0.0	0.0	0.0	0.0	0.0	0.0	0.0	0.0	0.0	0.0	0.0	0.0	0.0	0.0	0.0	0.0	0.0	0.0	0.0	0.0	0.0	0.0	
1.71666666667	0.0	0.0	0.0	0.0	0.0	0.0	0.0	0.0	0.0	0.0	0.0	0.0	0.0	0.0	0.0	0.0	0.0	0.0	0.0	0.0	0.0	0.0	0.0	0.0	0.0	0.0	0.0	0.0	0.0	0.0	0.0	0.0	0.0	0.0	0.0	0.0	0.0	0.0	0.0	0.0	0.0	0.0	0.0	0.0	0.0	0.0	0.0	0.0	0.0	0.0	0.0	0.0	0.0	0.0	0.0	0.0	0.0	0.0	0.0	0.0	
1.73333333333	0.0	0.0	0.0	0.0	0.0	0.0	0.0	0.0	0.0	0.0	0.0	0.0	0.0	0.0	0.0	0.0	0.0	0.0	0.0	0.0	0.0	0.0	0.0	0.0	0.0	0.0	0.0	0.0	0.0	0.0	0.0	0.0	0.0	0.0	0.0	0.0	0.0	0.0	0.0	0.0	0.0	0.0	0.0	0.0	0.0	0.0	0.0	0.0	0.0	0.0	0.0	0.0	0.0	0.0	0.0	0.0	0.0	0.0	0.0	0.0	
1.75	0.0	0.0	0.0	0.0	0.0	0.0	0.0	0.0	0.0	0.0	0.0	0.0	0.0	0.0	0.0	0.0	0.0	0.0	0.0	0.0	0.0	0.0	0.0	0.0	0.0	0.0	0.0	0.0	0.0	0.0	0.0	0.0	0.0	0.0	0.0	0.0	0.0	0.0	0.0	0.0	0.0	0.0	0.0	0.0	0.0	0.0	0.0	0.0	0.0	0.0	0.0	0.0	0.0	0.0	0.0	0.0	0.0	0.0	0.0	0.0	
1.76666666667	0.0	0.0	0.0	0.0	0.0	0.0	0.0	0.0	0.0	0.0	0.0	0.0	0.0	0.0	0.0	0.0	0.0	0.0	0.0	0.0	0.0	0.0	0.0	0.0	0.0	0.0	0.0	0.0	0.0	0.0	0.0	0.0	0.0	0.0	0.0	0.0	0.0	0.0	0.0	0.0	0.0	0.0	0.0	0.0	0.0	0.0	0.0	0.0	0.0	0.0	0.0	0.0	0.0	0.0	0.0	0.0	0.0	0.0	0.0	0.0	
1.78333333333	0.0	0.0	0.0	0.0	0.0	0.0	0.0	0.0	0.0	0.0	0.0	0.0	0.0	0.0	0.0	0.0	0.0	0.0	0.0	0.0	0.0	0.0	0.0	0.0	0.0	0.0	0.0	0.0	0.0	0.0	0.0	0.0	0.0	0.0	0.0	0.0	0.0	0.0	0.0	0.0	0.0	0.0	0.0	0.0	0.0	0.0	0.0	0.0	0.0	0.0	0.0	0.0	0.0	0.0	0.0	0.0	0.0	0.0	0.0	0.0	
1.8	0.0	0.0	0.0	0.0	0.0	0.0	0.0	0.0	0.0	0.0	0.0	0.0	0.0	0.0	0.0	0.0	0.0	0.0	0.0	0.0	0.0	0.0	0.0	0.0	0.0	0.0	0.0	0.0	0.0	0.0	0.0	0.0	0.0	0.0	0.0	0.0	0.0	0.0	0.0	0.0	0.0	0.0	0.0	0.0	0.0	0.0	0.0	0.0	0.0	0.0	0.0	0.0	0.0	0.0	0.0	0.0	0.0	0.0	0.0	0.0	
1.81666666667	0.0	0.0	0.0	0.0	0.0	0.0	0.0	0.0	0.0	0.0	0.0	0.0	0.0	0.0	0.0	0.0	0.0	0.0	0.0	0.0	0.0	0.0	0.0	0.0	0.0	0.0	0.0	0.0	0.0	0.0	0.0	0.0	0.0	0.0	0.0	0.0	0.0	0.0	0.0	0.0	0.0	0.0	0.0	0.0	0.0	0.0	0.0	0.0	0.0	0.0	0.0	0.0	0.0	0.0	0.0	0.0	0.0	0.0	0.0	0.0	
1.83333333333	0.0	0.0	0.0	0.0	0.0	0.0	0.0	0.0	0.0	0.0	0.0	0.0	0.0	0.0	0.0	0.0	0.0	0.0	0.0	0.0	0.0	0.0	0.0	0.0	0.0	0.0	0.0	0.0	0.0	0.0	0.0	0.0	0.0	0.0	0.0	0.0	0.0	0.0	0.0	0.0	0.0	0.0	0.0	0.0	0.0	0.0	0.0	0.0	0.0	0.0	0.0	0.0	0.0	0.0	0.0	0.0	0.0	0.0	0.0	0.0	
1.85	0.0	0.0	0.0	0.0	0.0	0.0	0.0	0.0	0.0	0.0	0.0	0.0	0.0	0.0	0.0	0.0	0.0	0.0	0.0	0.0	0.0	0.0	0.0	0.0	0.0	0.0	0.0	0.0	0.0	0.0	0.0	0.0	0.0	0.0	0.0	0.0	0.0	0.0	0.0	0.0	0.0	0.0	0.0	0.0	0.0	0.0	0.0	0.0	0.0	0.0	0.0	0.0	0.0	0.0	0.0	0.0	0.0	0.0	0.0	0.0	
1.86666666667	0.0	0.0	0.0	0.0	0.0	0.0	0.0	0.0	0.0	0.0	0.0	0.0	0.0	0.0	0.0	0.0	0.0	0.0	0.0	0.0	0.0	0.0	0.0	0.0	0.0	0.0	0.0	0.0	0.0	0.0	0.0	0.0	0.0	0.0	0.0	0.0	0.0	0.0	0.0	0.0	0.0	0.0	0.0	0.0	0.0	0.0	0.0	0.0	0.0	0.0	0.0	0.0	0.0	0.0	0.0	0.0	0.0	0.0	0.0	0.0	
1.88333333333	0.0	0.0	0.0	0.0	0.0	0.0	0.0	0.0	0.0	0.0	0.0	0.0	0.0	0.0	0.0	0.0	0.0	0.0	0.0	0.0	0.0	0.0	0.0	0.0	0.0	0.0	0.0	0.0	0.0	0.0	0.0	0.0	0.0	0.0	0.0	0.0	0.0	0.0	0.0	0.0	0.0	0.0	0.0	0.0	0.0	0.0	0.0	0.0	0.0	0.0	0.0	0.0	0.0	0.0	0.0	0.0	0.0	0.0	0.0	0.0	
1.9	0.0	0.0	0.0	0.0	0.0	0.0	0.0	0.0	0.0	0.0	0.0	0.0	0.0	0.0	0.0	0.0	0.0	0.0	0.0	0.0	0.0	0.0	0.0	0.0	0.0	0.0	0.0	0.0	0.0	0.0	0.0	0.0	0.0	0.0	0.0	0.0	0.0	0.0	0.0	0.0	0.0	0.0	0.0	0.0	0.0	0.0	0.0	0.0	0.0	0.0	0.0	0.0	0.0	0.0	0.0	0.0	0.0	0.0	0.0	0.0	
1.91666666667	0.0	0.0	0.0	0.0	0.0	0.0	0.0	0.0	0.0	0.0	0.0	0.0	0.0	0.0	0.0	0.0	0.0	0.0	0.0	0.0	0.0	0.0	0.0	0.0	0.0	0.0	0.0	0.0	0.0	0.0	0.0	0.0	0.0	0.0	0.0	0.0	0.0	0.0	0.0	0.0	0.0	0.0	0.0	0.0	0.0	0.0	0.0	0.0	0.0	0.0	0.0	0.0	0.0	0.0	0.0	0.0	0.0	0.0	0.0	0.0	
1.93333333333	0.0	0.0	0.0	0.0	0.0	0.0	0.0	0.0	0.0	0.0	0.0	0.0	0.0	0.0	0.0	0.0	0.0	0.0	0.0	0.0	0.0	0.0	0.0	0.0	0.0	0.0	0.0	0.0	0.0	0.0	0.0	0.0	0.0	0.0	0.0	0.0	0.0	0.0	0.0	0.0	0.0	0.0	0.0	0.0	0.0	0.0	0.0	0.0	0.0	0.0	0.0	0.0	0.0	0.0	0.0	0.0	0.0	0.0	0.0	0.0	
1.95	0.0	0.0	0.0	0.0	0.0	0.0	0.0	0.0	0.0	0.0	0.0	0.0	0.0	0.0	0.0	0.0	0.0	0.0	0.0	0.0	0.0	0.0	0.0	0.0	0.0	0.0	0.0	0.0	0.0	0.0	0.0	0.0	0.0	0.0	0.0	0.0	0.0	0.0	0.0	0.0	0.0	0.0	0.0	0.0	0.0	0.0	0.0	0.0	0.0	0.0	0.0	0.0	0.0	0.0	0.0	0.0	0.0	0.0	0.0	0.0	
1.96666666667	0.0	0.0	0.0	0.0	0.0	0.0	0.0	0.0	0.0	0.0	0.0	0.0	0.0	0.0	0.0	0.0	0.0	0.0	0.0	0.0	0.0	0.0	0.0	0.0	0.0	0.0	0.0	0.0	0.0	0.0	0.0	0.0	0.0	0.0	0.0	0.0	0.0	0.0	0.0	0.0	0.0	0.0	0.0	0.0	0.0	0.0	0.0	0.0	0.0	0.0	0.0	0.0	0.0	0.0	0.0	0.0	0.0	0.0	0.0	0.0	
1.98333333333	0.0	0.0	0.0	0.0	0.0	0.0	0.0	0.0	0.0	0.0	0.0	0.0	0.0	0.0	0.0	0.0	0.0	0.0	0.0	0.0	0.0	0.0	0.0	0.0	0.0	0.0	0.0	0.0	0.0	0.0	0.0	0.0	0.0	0.0	0.0	0.0	0.0	0.0	0.0	0.0	0.0	0.0	0.0	0.0	0.0	0.0	0.0	0.0	0.0	0.0	0.0	0.0	0.0	0.0	0.0	0.0	0.0	0.0	0.0	0.0	
2.0	0.0	0.0	0.0	0.0	0.0	0.0	0.0	0.0	0.0	0.0	0.0	0.0	0.0	0.0	0.0	0.0	0.0	0.0	0.0	0.0	0.0	0.0	0.0	0.0	0.0	0.0	0.0	0.0	0.0	0.0	0.0	0.0	0.0	0.0	0.0	0.0	0.0	0.0	0.0	0.0	0.0	0.0	0.0	0.0	0.0	0.0	0.0	0.0	0.0	0.0	0.0	0.0	0.0	0.0	0.0	0.0	0.0	0.0	0.0	0.0	
2.01666666667	0.0	0.0	0.0	0.0	0.0	0.0	0.0	0.0	0.0	0.0	0.0	0.0	0.0	0.0	0.0	0.0	0.0	0.0	0.0	0.0	0.0	0.0	0.0	0.0	0.0	0.0	0.0	0.0	0.0	0.0	0.0	0.0	0.0	0.0	0.0	0.0	0.0	0.0	0.0	0.0	0.0	0.0	0.0	0.0	0.0	0.0	0.0	0.0	0.0	0.0	0.0	0.0	0.0	0.0	0.0	0.0	0.0	0.0	0.0	0.0	
2.03333333333	0.0	0.0	0.0	0.0	0.0	0.0	0.0	0.0	0.0	0.0	0.0	0.0	0.0	0.0	0.0	0.0	0.0	0.0	0.0	0.0	0.0	0.0	0.0	0.0	0.0	0.0	0.0	0.0	0.0	0.0	0.0	0.0	0.0	0.0	0.0	0.0	0.0	0.0	0.0	0.0	0.0	0.0	0.0	0.0	0.0	0.0	0.0	0.0	0.0	0.0	0.0	0.0	0.0	0.0	0.0	0.0	0.0	0.0	0.0	0.0	
2.05	0.0	0.0	0.0	0.0	0.0	0.0	0.0	0.0	0.0	0.0	0.0	0.0	0.0	0.0	0.0	0.0	0.0	0.0	0.0	0.0	0.0	0.0	0.0	0.0	0.0	0.0	0.0	0.0	0.0	0.0	0.0	0.0	0.0	0.0	0.0	0.0	0.0	0.0	0.0	0.0	0.0	0.0	0.0	0.0	0.0	0.0	0.0	0.0	0.0	0.0	0.0	0.0	0.0	0.0	0.0	0.0	0.0	0.0	0.0	0.0	
2.06666666667	0.0	0.0	0.0	0.0	0.0	0.0	0.0	0.0	0.0	0.0	0.0	0.0	0.0	0.0	0.0	0.0	0.0	0.0	0.0	0.0	0.0	0.0	0.0	0.0	0.0	0.0	0.0	0.0	0.0	0.0	0.0	0.0	0.0	0.0	0.0	0.0	0.0	0.0	0.0	0.0	0.0	0.0	0.0	0.0	0.0	0.0	0.0	0.0	0.0	0.0	0.0	0.0	0.0	0.0	0.0	0.0	0.0	0.0	0.0	0.0	
2.08333333333	0.0	0.0	0.0	0.0	0.0	0.0	0.0	0.0	0.0	0.0	0.0	0.0	0.0	0.0	0.0	0.0	0.0	0.0	0.0	0.0	0.0	0.0	0.0	0.0	0.0	0.0	0.0	0.0	0.0	0.0	0.0	0.0	0.0	0.0	0.0	0.0	0.0	0.0	0.0	0.0	0.0	0.0	0.0	0.0	0.0	0.0	0.0	0.0	0.0	0.0	0.0	0.0	0.0	0.0	0.0	0.0	0.0	0.0	0.0	0.0	
2.1	0.0	0.0	0.0	0.0	0.0	0.0	0.0	0.0	0.0	0.0	0.0	0.0	0.0	0.0	0.0	0.0	0.0	0.0	0.0	0.0	0.0	0.0	0.0	0.0	0.0	0.0	0.0	0.0	0.0	0.0	0.0	0.0	0.0	0.0	0.0	0.0	0.0	0.0	0.0	0.0	0.0	0.0	0.0	0.0	0.0	0.0	0.0	0.0	0.0	0.0	0.0	0.0	0.0	0.0	0.0	0.0	0.0	0.0	0.0	0.0	
2.11666666667	0.0	0.0	0.0	0.0	0.0	0.0	0.0	0.0	0.0	0.0	0.0	0.0	0.0	0.0	0.0	0.0	0.0	0.0	0.0	0.0	0.0	0.0	0.0	0.0	0.0	0.0	0.0	0.0	0.0	0.0	0.0	0.0	0.0	0.0	0.0	0.0	0.0	0.0	0.0	0.0	0.0	0.0	0.0	0.0	0.0	0.0	0.0	0.0	0.0	0.0	0.0	0.0	0.0	0.0	0.0	0.0	0.0	0.0	0.0	0.0	
2.13333333333	0.0	0.0	0.0	0.0	0.0	0.0	0.0	0.0	0.0	0.0	0.0	0.0	0.0	0.0	0.0	0.0	0.0	0.0	0.0	0.0	0.0	0.0	0.0	0.0	0.0	0.0	0.0	0.0	0.0	0.0	0.0	0.0	0.0	0.0	0.0	0.0	0.0	0.0	0.0	0.0	0.0	0.0	0.0	0.0	0.0	0.0	0.0	0.0	0.0	0.0	0.0	0.0	0.0	0.0	0.0	0.0	0.0	0.0	0.0	0.0	
2.15	0.0	0.0	0.0	0.0	0.0	0.0	0.0	0.0	0.0	0.0	0.0	0.0	0.0	0.0	0.0	0.0	0.0	0.0	0.0	0.0	0.0	0.0	0.0	0.0	0.0	0.0	0.0	0.0	0.0	0.0	0.0	0.0	0.0	0.0	0.0	0.0	0.0	0.0	0.0	0.0	0.0	0.0	0.0	0.0	0.0	0.0	0.0	0.0	0.0	0.0	0.0	0.0	0.0	0.0	0.0	0.0	0.0	0.0	0.0	0.0	
2.16666666667	0.0	0.0	0.0	0.0	0.0	0.0	0.0	0.0	0.0	0.0	0.0	0.0	0.0	0.0	0.0	0.0	0.0	0.0	0.0	0.0	0.0	0.0	0.0	0.0	0.0	0.0	0.0	0.0	0.0	0.0	0.0	0.0	0.0	0.0	0.0	0.0	0.0	0.0	0.0	0.0	0.0	0.0	0.0	0.0	0.0	0.0	0.0	0.0	0.0	0.0	0.0	0.0	0.0	0.0	0.0	0.0	0.0	0.0	0.0	0.0	
2.18333333333	0.0	0.0	0.0	0.0	0.0	0.0	0.0	0.0	0.0	0.0	0.0	0.0	0.0	0.0	0.0	0.0	0.0	0.0	0.0	0.0	0.0	0.0	0.0	0.0	0.0	0.0	0.0	0.0	0.0	0.0	0.0	0.0	0.0	0.0	0.0	0.0	0.0	0.0	0.0	0.0	0.0	0.0	0.0	0.0	0.0	0.0	0.0	0.0	0.0	0.0	0.0	0.0	0.0	0.0	0.0	0.0	0.0	0.0	0.0	0.0	
2.2	0.0	0.0	0.0	0.0	0.0	0.0	0.0	0.0	0.0	0.0	0.0	0.0	0.0	0.0	0.0	0.0	0.0	0.0	0.0	0.0	0.0	0.0	0.0	0.0	0.0	0.0	0.0	0.0	0.0	0.0	0.0	0.0	0.0	0.0	0.0	0.0	0.0	0.0	0.0	0.0	0.0	0.0	0.0	0.0	0.0	0.0	0.0	0.0	0.0	0.0	0.0	0.0	0.0	0.0	0.0	0.0	0.0	0.0	0.0	0.0	
2.21666666667	0.0	0.0	0.0	0.0	0.0	0.0	0.0	0.0	0.0	0.0	0.0	0.0	0.0	0.0	0.0	0.0	0.0	0.0	0.0	0.0	0.0	0.0	0.0	0.0	0.0	0.0	0.0	0.0	0.0	0.0	0.0	0.0	0.0	0.0	0.0	0.0	0.0	0.0	0.0	0.0	0.0	0.0	0.0	0.0	0.0	0.0	0.0	0.0	0.0	0.0	0.0	0.0	0.0	0.0	0.0	0.0	0.0	0.0	0.0	0.0	
2.23333333333	0.0	0.0	0.0	0.0	0.0	0.0	0.0	0.0	0.0	0.0	0.0	0.0	0.0	0.0	0.0	0.0	0.0	0.0	0.0	0.0	0.0	0.0	0.0	0.0	0.0	0.0	0.0	0.0	0.0	0.0	0.0	0.0	0.0	0.0	0.0	0.0	0.0	0.0	0.0	0.0	0.0	0.0	0.0	0.0	0.0	0.0	0.0	0.0	0.0	0.0	0.0	0.0	0.0	0.0	0.0	0.0	0.0	0.0	0.0	0.0	
2.25	0.0	0.0	0.0	0.0	0.0	0.0	0.0	0.0	0.0	0.0	0.0	0.0	0.0	0.0	0.0	0.0	0.0	0.0	0.0	0.0	0.0	0.0	0.0	0.0	0.0	0.0	0.0	0.0	0.0	0.0	0.0	0.0	0.0	0.0	0.0	0.0	0.0	0.0	0.0	0.0	0.0	0.0	0.0	0.0	0.0	0.0	0.0	0.0	0.0	0.0	0.0	0.0	0.0	0.0	0.0	0.0	0.0	0.0	0.0	0.0	
2.26666666667	0.0	0.0	0.0	0.0	0.0	0.0	0.0	0.0	0.0	0.0	0.0	0.0	0.0	0.0	0.0	0.0	0.0	0.0	0.0	0.0	0.0	0.0	0.0	0.0	0.0	0.0	0.0	0.0	0.0	0.0	0.0	0.0	0.0	0.0	0.0	0.0	0.0	0.0	0.0	0.0	0.0	0.0	0.0	0.0	0.0	0.0	0.0	0.0	0.0	0.0	0.0	0.0	0.0	0.0	0.0	0.0	0.0	0.0	0.0	0.0	
2.28333333333	0.0	0.0	0.0	0.0	0.0	0.0	0.0	0.0	0.0	0.0	0.0	0.0	0.0	0.0	0.0	0.0	0.0	0.0	0.0	0.0	0.0	0.0	0.0	0.0	0.0	0.0	0.0	0.0	0.0	0.0	0.0	0.0	0.0	0.0	0.0	0.0	0.0	0.0	0.0	0.0	0.0	0.0	0.0	0.0	0.0	0.0	0.0	0.0	0.0	0.0	0.0	0.0	0.0	0.0	0.0	0.0	0.0	0.0	0.0	0.0	
2.3	0.0	0.0	0.0	0.0	0.0	0.0	0.0	0.0	0.0	0.0	0.0	0.0	0.0	0.0	0.0	0.0	0.0	0.0	0.0	0.0	0.0	0.0	0.0	0.0	0.0	0.0	0.0	0.0	0.0	0.0	0.0	0.0	0.0	0.0	0.0	0.0	0.0	0.0	0.0	0.0	0.0	0.0	0.0	0.0	0.0	0.0	0.0	0.0	0.0	0.0	0.0	0.0	0.0	0.0	0.0	0.0	0.0	0.0	0.0	0.0	
2.31666666667	0.0	0.0	0.0	0.0	0.0	0.0	0.0	0.0	0.0	0.0	0.0	0.0	0.0	0.0	0.0	0.0	0.0	0.0	0.0	0.0	0.0	0.0	0.0	0.0	0.0	0.0	0.0	0.0	0.0	0.0	0.0	0.0	0.0	0.0	0.0	0.0	0.0	0.0	0.0	0.0	0.0	0.0	0.0	0.0	0.0	0.0	0.0	0.0	0.0	0.0	0.0	0.0	0.0	0.0	0.0	0.0	0.0	0.0	0.0	0.0	
2.33333333333	0.0	0.0	0.0	0.0	0.0	0.0	0.0	0.0	0.0	0.0	0.0	0.0	0.0	0.0	0.0	0.0	0.0	0.0	0.0	0.0	0.0	0.0	0.0	0.0	0.0	0.0	0.0	0.0	0.0	0.0	0.0	0.0	0.0	0.0	0.0	0.0	0.0	0.0	0.0	0.0	0.0	0.0	0.0	0.0	0.0	0.0	0.0	0.0	0.0	0.0	0.0	0.0	0.0	0.0	0.0	0.0	0.0	0.0	0.0	0.0	
2.35	0.0	0.0	0.0	0.0	0.0	0.0	0.0	0.0	0.0	0.0	0.0	0.0	0.0	0.0	0.0	0.0	0.0	0.0	0.0	0.0	0.0	0.0	0.0	0.0	0.0	0.0	0.0	0.0	0.0	0.0	0.0	0.0	0.0	0.0	0.0	0.0	0.0	0.0	0.0	0.0	0.0	0.0	0.0	0.0	0.0	0.0	0.0	0.0	0.0	0.0	0.0	0.0	0.0	0.0	0.0	0.0	0.0	0.0	0.0	0.0	
2.36666666667	0.0	0.0	0.0	0.0	0.0	0.0	0.0	0.0	0.0	0.0	0.0	0.0	0.0	0.0	0.0	0.0	0.0	0.0	0.0	0.0	0.0	0.0	0.0	0.0	0.0	0.0	0.0	0.0	0.0	0.0	0.0	0.0	0.0	0.0	0.0	0.0	0.0	0.0	0.0	0.0	0.0	0.0	0.0	0.0	0.0	0.0	0.0	0.0	0.0	0.0	0.0	0.0	0.0	0.0	0.0	0.0	0.0	0.0	0.0	0.0	
2.38333333333	0.0	0.0	0.0	0.0	0.0	0.0	0.0	0.0	0.0	0.0	0.0	0.0	0.0	0.0	0.0	0.0	0.0	0.0	0.0	0.0	0.0	0.0	0.0	0.0	0.0	0.0	0.0	0.0	0.0	0.0	0.0	0.0	0.0	0.0	0.0	0.0	0.0	0.0	0.0	0.0	0.0	0.0	0.0	0.0	0.0	0.0	0.0	0.0	0.0	0.0	0.0	0.0	0.0	0.0	0.0	0.0	0.0	0.0	0.0	0.0	
2.4	0.0	0.0	0.0	0.0	0.0	0.0	0.0	0.0	0.0	0.0	0.0	0.0	0.0	0.0	0.0	0.0	0.0	0.0	0.0	0.0	0.0	0.0	0.0	0.0	0.0	0.0	0.0	0.0	0.0	0.0	0.0	0.0	0.0	0.0	0.0	0.0	0.0	0.0	0.0	0.0	0.0	0.0	0.0	0.0	0.0	0.0	0.0	0.0	0.0	0.0	0.0	0.0	0.0	0.0	0.0	0.0	0.0	0.0	0.0	0.0	
2.41666666667	0.0	0.0	0.0	0.0	0.0	0.0	0.0	0.0	0.0	0.0	0.0	0.0	0.0	0.0	0.0	0.0	0.0	0.0	0.0	0.0	0.0	0.0	0.0	0.0	0.0	0.0	0.0	0.0	0.0	0.0	0.0	0.0	0.0	0.0	0.0	0.0	0.0	0.0	0.0	0.0	0.0	0.0	0.0	0.0	0.0	0.0	0.0	0.0	0.0	0.0	0.0	0.0	0.0	0.0	0.0	0.0	0.0	0.0	0.0	0.0	
2.43333333333	0.0	0.0	0.0	0.0	0.0	0.0	0.0	0.0	0.0	0.0	0.0	0.0	0.0	0.0	0.0	0.0	0.0	0.0	0.0	0.0	0.0	0.0	0.0	0.0	0.0	0.0	0.0	0.0	0.0	0.0	0.0	0.0	0.0	0.0	0.0	0.0	0.0	0.0	0.0	0.0	0.0	0.0	0.0	0.0	0.0	0.0	0.0	0.0	0.0	0.0	0.0	0.0	0.0	0.0	0.0	0.0	0.0	0.0	0.0	0.0	
2.45	0.0	0.0	0.0	0.0	0.0	0.0	0.0	0.0	0.0	0.0	0.0	0.0	0.0	0.0	0.0	0.0	0.0	0.0	0.0	0.0	0.0	0.0	0.0	0.0	0.0	0.0	0.0	0.0	0.0	0.0	0.0	0.0	0.0	0.0	0.0	0.0	0.0	0.0	0.0	0.0	0.0	0.0	0.0	0.0	0.0	0.0	0.0	0.0	0.0	0.0	0.0	0.0	0.0	0.0	0.0	0.0	0.0	0.0	0.0	0.0	
2.46666666667	0.0	0.0	0.0	0.0	0.0	0.0	0.0	0.0	0.0	0.0	0.0	0.0	0.0	0.0	0.0	0.0	0.0	0.0	0.0	0.0	0.0	0.0	0.0	0.0	0.0	0.0	0.0	0.0	0.0	0.0	0.0	0.0	0.0	0.0	0.0	0.0	0.0	0.0	0.0	0.0	0.0	0.0	0.0	0.0	0.0	0.0	0.0	0.0	0.0	0.0	0.0	0.0	0.0	0.0	0.0	0.0	0.0	0.0	0.0	0.0	
2.48333333333	0.0	0.0	0.0	0.0	0.0	0.0	0.0	0.0	0.0	0.0	0.0	0.0	0.0	0.0	0.0	0.0	0.0	0.0	0.0	0.0	0.0	0.0	0.0	0.0	0.0	0.0	0.0	0.0	0.0	0.0	0.0	0.0	0.0	0.0	0.0	0.0	0.0	0.0	0.0	0.0	0.0	0.0	0.0	0.0	0.0	0.0	0.0	0.0	0.0	0.0	0.0	0.0	0.0	0.0	0.0	0.0	0.0	0.0	0.0	0.0	
2.5	0.0	0.0	0.0	0.0	0.0	0.0	0.0	0.0	0.0	0.0	0.0	0.0	0.0	0.0	0.0	0.0	0.0	0.0	0.0	0.0	0.0	0.0	0.0	0.0	0.0	0.0	0.0	0.0	0.0	0.0	0.0	0.0	0.0	0.0	0.0	0.0	0.0	0.0	0.0	0.0	0.0	0.0	0.0	0.0	0.0	0.0	0.0	0.0	0.0	0.0	0.0	0.0	0.0	0.0	0.0	0.0	0.0	0.0	0.0	0.0	
2.51666666667	0.0	0.0	0.0	0.0	0.0	0.0	0.0	0.0	0.0	0.0	0.0	0.0	0.0	0.0	0.0	0.0	0.0	0.0	0.0	0.0	0.0	0.0	0.0	0.0	0.0	0.0	0.0	0.0	0.0	0.0	0.0	0.0	0.0	0.0	0.0	0.0	0.0	0.0	0.0	0.0	0.0	0.0	0.0	0.0	0.0	0.0	0.0	0.0	0.0	0.0	0.0	0.0	0.0	0.0	0.0	0.0	0.0	0.0	0.0	0.0	
2.53333333333	0.0	0.0	0.0	0.0	0.0	0.0	0.0	0.0	0.0	0.0	0.0	0.0	0.0	0.0	0.0	0.0	0.0	0.0	0.0	0.0	0.0	0.0	0.0	0.0	0.0	0.0	0.0	0.0	0.0	0.0	0.0	0.0	0.0	0.0	0.0	0.0	0.0	0.0	0.0	0.0	0.0	0.0	0.0	0.0	0.0	0.0	0.0	0.0	0.0	0.0	0.0	0.0	0.0	0.0	0.0	0.0	0.0	0.0	0.0	0.0	
2.55	0.0	0.0	0.0	0.0	0.0	0.0	0.0	0.0	0.0	0.0	0.0	0.0	0.0	0.0	0.0	0.0	0.0	0.0	0.0	0.0	0.0	0.0	0.0	0.0	0.0	0.0	0.0	0.0	0.0	0.0	0.0	0.0	0.0	0.0	0.0	0.0	0.0	0.0	0.0	0.0	0.0	0.0	0.0	0.0	0.0	0.0	0.0	0.0	0.0	0.0	0.0	0.0	0.0	0.0	0.0	0.0	0.0	0.0	0.0	0.0	
2.56666666667	0.0	0.0	0.0	0.0	0.0	0.0	0.0	0.0	0.0	0.0	0.0	0.0	0.0	0.0	0.0	0.0	0.0	0.0	0.0	0.0	0.0	0.0	0.0	0.0	0.0	0.0	0.0	0.0	0.0	0.0	0.0	0.0	0.0	0.0	0.0	0.0	0.0	0.0	0.0	0.0	0.0	0.0	0.0	0.0	0.0	0.0	0.0	0.0	0.0	0.0	0.0	0.0	0.0	0.0	0.0	0.0	0.0	0.0	0.0	0.0	
2.58333333333	0.0	0.0	0.0	0.0	0.0	0.0	0.0	0.0	0.0	0.0	0.0	0.0	0.0	0.0	0.0	0.0	0.0	0.0	0.0	0.0	0.0	0.0	0.0	0.0	0.0	0.0	0.0	0.0	0.0	0.0	0.0	0.0	0.0	0.0	0.0	0.0	0.0	0.0	0.0	0.0	0.0	0.0	0.0	0.0	0.0	0.0	0.0	0.0	0.0	0.0	0.0	0.0	0.0	0.0	0.0	0.0	0.0	0.0	0.0	0.0	
2.6	0.0	0.0	0.0	0.0	0.0	0.0	0.0	0.0	0.0	0.0	0.0	0.0	0.0	0.0	0.0	0.0	0.0	0.0	0.0	0.0	0.0	0.0	0.0	0.0	0.0	0.0	0.0	0.0	0.0	0.0	0.0	0.0	0.0	0.0	0.0	0.0	0.0	0.0	0.0	0.0	0.0	0.0	0.0	0.0	0.0	0.0	0.0	0.0	0.0	0.0	0.0	0.0	0.0	0.0	0.0	0.0	0.0	0.0	0.0	0.0	
2.61666666667	0.0	0.0	0.0	0.0	0.0	0.0	0.0	0.0	0.0	0.0	0.0	0.0	0.0	0.0	0.0	0.0	0.0	0.0	0.0	0.0	0.0	0.0	0.0	0.0	0.0	0.0	0.0	0.0	0.0	0.0	0.0	0.0	0.0	0.0	0.0	0.0	0.0	0.0	0.0	0.0	0.0	0.0	0.0	0.0	0.0	0.0	0.0	0.0	0.0	0.0	0.0	0.0	0.0	0.0	0.0	0.0	0.0	0.0	0.0	0.0	
2.63333333333	0.0	0.0	0.0	0.0	0.0	0.0	0.0	0.0	0.0	0.0	0.0	0.0	0.0	0.0	0.0	0.0	0.0	0.0	0.0	0.0	0.0	0.0	0.0	0.0	0.0	0.0	0.0	0.0	0.0	0.0	0.0	0.0	0.0	0.0	0.0	0.0	0.0	0.0	0.0	0.0	0.0	0.0	0.0	0.0	0.0	0.0	0.0	0.0	0.0	0.0	0.0	0.0	0.0	0.0	0.0	0.0	0.0	0.0	0.0	0.0	
2.65	0.0	0.0	0.0	0.0	0.0	0.0	0.0	0.0	0.0	0.0	0.0	0.0	0.0	0.0	0.0	0.0	0.0	0.0	0.0	0.0	0.0	0.0	0.0	0.0	0.0	0.0	0.0	0.0	0.0	0.0	0.0	0.0	0.0	0.0	0.0	0.0	0.0	0.0	0.0	0.0	0.0	0.0	0.0	0.0	0.0	0.0	0.0	0.0	0.0	0.0	0.0	0.0	0.0	0.0	0.0	0.0	0.0	0.0	0.0	0.0	
2.66666666667	0.0	0.0	0.0	0.0	0.0	0.0	0.0	0.0	0.0	0.0	0.0	0.0	0.0	0.0	0.0	0.0	0.0	0.0	0.0	0.0	0.0	0.0	0.0	0.0	0.0	0.0	0.0	0.0	0.0	0.0	0.0	0.0	0.0	0.0	0.0	0.0	0.0	0.0	0.0	0.0	0.0	0.0	0.0	0.0	0.0	0.0	0.0	0.0	0.0	0.0	0.0	0.0	0.0	0.0	0.0	0.0	0.0	0.0	0.0	0.0	
2.68333333333	0.0	0.0	0.0	0.0	0.0	0.0	0.0	0.0	0.0	0.0	0.0	0.0	0.0	0.0	0.0	0.0	0.0	0.0	0.0	0.0	0.0	0.0	0.0	0.0	0.0	0.0	0.0	0.0	0.0	0.0	0.0	0.0	0.0	0.0	0.0	0.0	0.0	0.0	0.0	0.0	0.0	0.0	0.0	0.0	0.0	0.0	0.0	0.0	0.0	0.0	0.0	0.0	0.0	0.0	0.0	0.0	0.0	0.0	0.0	0.0	
2.7	0.0	0.0	0.0	0.0	0.0	0.0	0.0	0.0	0.0	0.0	0.0	0.0	0.0	0.0	0.0	0.0	0.0	0.0	0.0	0.0	0.0	0.0	0.0	0.0	0.0	0.0	0.0	0.0	0.0	0.0	0.0	0.0	0.0	0.0	0.0	0.0	0.0	0.0	0.0	0.0	0.0	0.0	0.0	0.0	0.0	0.0	0.0	0.0	0.0	0.0	0.0	0.0	0.0	0.0	0.0	0.0	0.0	0.0	0.0	0.0	
2.71666666667	0.0	0.0	0.0	0.0	0.0	0.0	0.0	0.0	0.0	0.0	0.0	0.0	0.0	0.0	0.0	0.0	0.0	0.0	0.0	0.0	0.0	0.0	0.0	0.0	0.0	0.0	0.0	0.0	0.0	0.0	0.0	0.0	0.0	0.0	0.0	0.0	0.0	0.0	0.0	0.0	0.0	0.0	0.0	0.0	0.0	0.0	0.0	0.0	0.0	0.0	0.0	0.0	0.0	0.0	0.0	0.0	0.0	0.0	0.0	0.0	
2.73333333333	0.0	0.0	0.0	0.0	0.0	0.0	0.0	0.0	0.0	0.0	0.0	0.0	0.0	0.0	0.0	0.0	0.0	0.0	0.0	0.0	0.0	0.0	0.0	0.0	0.0	0.0	0.0	0.0	0.0	0.0	0.0	0.0	0.0	0.0	0.0	0.0	0.0	0.0	0.0	0.0	0.0	0.0	0.0	0.0	0.0	0.0	0.0	0.0	0.0	0.0	0.0	0.0	0.0	0.0	0.0	0.0	0.0	0.0	0.0	0.0	
2.75	0.0	0.0	0.0	0.0	0.0	0.0	0.0	0.0	0.0	0.0	0.0	0.0	0.0	0.0	0.0	0.0	0.0	0.0	0.0	0.0	0.0	0.0	0.0	0.0	0.0	0.0	0.0	0.0	0.0	0.0	0.0	0.0	0.0	0.0	0.0	0.0	0.0	0.0	0.0	0.0	0.0	0.0	0.0	0.0	0.0	0.0	0.0	0.0	0.0	0.0	0.0	0.0	0.0	0.0	0.0	0.0	0.0	0.0	0.0	0.0	
2.76666666667	0.0	0.0	0.0	0.0	0.0	0.0	0.0	0.0	0.0	0.0	0.0	0.0	0.0	0.0	0.0	0.0	0.0	0.0	0.0	0.0	0.0	0.0	0.0	0.0	0.0	0.0	0.0	0.0	0.0	0.0	0.0	0.0	0.0	0.0	0.0	0.0	0.0	0.0	0.0	0.0	0.0	0.0	0.0	0.0	0.0	0.0	0.0	0.0	0.0	0.0	0.0	0.0	0.0	0.0	0.0	0.0	0.0	0.0	0.0	0.0	
2.78333333333	0.0	0.0	0.0	0.0	0.0	0.0	0.0	0.0	0.0	0.0	0.0	0.0	0.0	0.0	0.0	0.0	0.0	0.0	0.0	0.0	0.0	0.0	0.0	0.0	0.0	0.0	0.0	0.0	0.0	0.0	0.0	0.0	0.0	0.0	0.0	0.0	0.0	0.0	0.0	0.0	0.0	0.0	0.0	0.0	0.0	0.0	0.0	0.0	0.0	0.0	0.0	0.0	0.0	0.0	0.0	0.0	0.0	0.0	0.0	0.0	
2.8	0.0	0.0	0.0	0.0	0.0	0.0	0.0	0.0	0.0	0.0	0.0	0.0	0.0	0.0	0.0	0.0	0.0	0.0	0.0	0.0	0.0	0.0	0.0	0.0	0.0	0.0	0.0	0.0	0.0	0.0	0.0	0.0	0.0	0.0	0.0	0.0	0.0	0.0	0.0	0.0	0.0	0.0	0.0	0.0	0.0	0.0	0.0	0.0	0.0	0.0	0.0	0.0	0.0	0.0	0.0	0.0	0.0	0.0	0.0	0.0	
2.81666666667	0.0	0.0	0.0	0.0	0.0	0.0	0.0	0.0	0.0	0.0	0.0	0.0	0.0	0.0	0.0	0.0	0.0	0.0	0.0	0.0	0.0	0.0	0.0	0.0	0.0	0.0	0.0	0.0	0.0	0.0	0.0	0.0	0.0	0.0	0.0	0.0	0.0	0.0	0.0	0.0	0.0	0.0	0.0	0.0	0.0	0.0	0.0	0.0	0.0	0.0	0.0	0.0	0.0	0.0	0.0	0.0	0.0	0.0	0.0	0.0	
2.83333333333	0.0	0.0	0.0	0.0	0.0	0.0	0.0	0.0	0.0	0.0	0.0	0.0	0.0	0.0	0.0	0.0	0.0	0.0	0.0	0.0	0.0	0.0	0.0	0.0	0.0	0.0	0.0	0.0	0.0	0.0	0.0	0.0	0.0	0.0	0.0	0.0	0.0	0.0	0.0	0.0	0.0	0.0	0.0	0.0	0.0	0.0	0.0	0.0	0.0	0.0	0.0	0.0	0.0	0.0	0.0	0.0	0.0	0.0	0.0	0.0	
2.85	0.0	0.0	0.0	0.0	0.0	0.0	0.0	0.0	0.0	0.0	0.0	0.0	0.0	0.0	0.0	0.0	0.0	0.0	0.0	0.0	0.0	0.0	0.0	0.0	0.0	0.0	0.0	0.0	0.0	0.0	0.0	0.0	0.0	0.0	0.0	0.0	0.0	0.0	0.0	0.0	0.0	0.0	0.0	0.0	0.0	0.0	0.0	0.0	0.0	0.0	0.0	0.0	0.0	0.0	0.0	0.0	0.0	0.0	0.0	0.0	
2.86666666667	0.0	0.0	0.0	0.0	0.0	0.0	0.0	0.0	0.0	0.0	0.0	0.0	0.0	0.0	0.0	0.0	0.0	0.0	0.0	0.0	0.0	0.0	0.0	0.0	0.0	0.0	0.0	0.0	0.0	0.0	0.0	0.0	0.0	0.0	0.0	0.0	0.0	0.0	0.0	0.0	0.0	0.0	0.0	0.0	0.0	0.0	0.0	0.0	0.0	0.0	0.0	0.0	0.0	0.0	0.0	0.0	0.0	0.0	0.0	0.0	
2.88333333333	0.0	0.0	0.0	0.0	0.0	0.0	0.0	0.0	0.0	0.0	0.0	0.0	0.0	0.0	0.0	0.0	0.0	0.0	0.0	0.0	0.0	0.0	0.0	0.0	0.0	0.0	0.0	0.0	0.0	0.0	0.0	0.0	0.0	0.0	0.0	0.0	0.0	0.0	0.0	0.0	0.0	0.0	0.0	0.0	0.0	0.0	0.0	0.0	0.0	0.0	0.0	0.0	0.0	0.0	0.0	0.0	0.0	0.0	0.0	0.0	
2.9	0.0	0.0	0.0	0.0	0.0	0.0	0.0	0.0	0.0	0.0	0.0	0.0	0.0	0.0	0.0	0.0	0.0	0.0	0.0	0.0	0.0	0.0	0.0	0.0	0.0	0.0	0.0	0.0	0.0	0.0	0.0	0.0	0.0	0.0	0.0	0.0	0.0	0.0	0.0	0.0	0.0	0.0	0.0	0.0	0.0	0.0	0.0	0.0	0.0	0.0	0.0	0.0	0.0	0.0	0.0	0.0	0.0	0.0	0.0	0.0	
2.91666666667	0.0	0.0	0.0	0.0	0.0	0.0	0.0	0.0	0.0	0.0	0.0	0.0	0.0	0.0	0.0	0.0	0.0	0.0	0.0	0.0	0.0	0.0	0.0	0.0	0.0	0.0	0.0	0.0	0.0	0.0	0.0	0.0	0.0	0.0	0.0	0.0	0.0	0.0	0.0	0.0	0.0	0.0	0.0	0.0	0.0	0.0	0.0	0.0	0.0	0.0	0.0	0.0	0.0	0.0	0.0	0.0	0.0	0.0	0.0	0.0	
2.93333333333	0.0	0.0	0.0	0.0	0.0	0.0	0.0	0.0	0.0	0.0	0.0	0.0	0.0	0.0	0.0	0.0	0.0	0.0	0.0	0.0	0.0	0.0	0.0	0.0	0.0	0.0	0.0	0.0	0.0	0.0	0.0	0.0	0.0	0.0	0.0	0.0	0.0	0.0	0.0	0.0	0.0	0.0	0.0	0.0	0.0	0.0	0.0	0.0	0.0	0.0	0.0	0.0	0.0	0.0	0.0	0.0	0.0	0.0	0.0	0.0	
2.95	0.0	0.0	0.0	0.0	0.0	0.0	0.0	0.0	0.0	0.0	0.0	0.0	0.0	0.0	0.0	0.0	0.0	0.0	0.0	0.0	0.0	0.0	0.0	0.0	0.0	0.0	0.0	0.0	0.0	0.0	0.0	0.0	0.0	0.0	0.0	0.0	0.0	0.0	0.0	0.0	0.0	0.0	0.0	0.0	0.0	0.0	0.0	0.0	0.0	0.0	0.0	0.0	0.0	0.0	0.0	0.0	0.0	0.0	0.0	0.0	
2.96666666667	0.0	0.0	0.0	0.0	0.0	0.0	0.0	0.0	0.0	0.0	0.0	0.0	0.0	0.0	0.0	0.0	0.0	0.0	0.0	0.0	0.0	0.0	0.0	0.0	0.0	0.0	0.0	0.0	0.0	0.0	0.0	0.0	0.0	0.0	0.0	0.0	0.0	0.0	0.0	0.0	0.0	0.0	0.0	0.0	0.0	0.0	0.0	0.0	0.0	0.0	0.0	0.0	0.0	0.0	0.0	0.0	0.0	0.0	0.0	0.0	
2.98333333333	0.0	0.0	0.0	0.0	0.0	0.0	0.0	0.0	0.0	0.0	0.0	0.0	0.0	0.0	0.0	0.0	0.0	0.0	0.0	0.0	0.0	0.0	0.0	0.0	0.0	0.0	0.0	0.0	0.0	0.0	0.0	0.0	0.0	0.0	0.0	0.0	0.0	0.0	0.0	0.0	0.0	0.0	0.0	0.0	0.0	0.0	0.0	0.0	0.0	0.0	0.0	0.0	0.0	0.0	0.0	0.0	0.0	0.0	0.0	0.0	
3.0	0.0	0.0	0.0	0.0	0.0	0.0	0.0	0.0	0.0	0.0	0.0	0.0	0.0	0.0	0.0	0.0	0.0	0.0	0.0	0.0	0.0	0.0	0.0	0.0	0.0	0.0	0.0	0.0	0.0	0.0	0.0	0.0	0.0	0.0	0.0	0.0	0.0	0.0	0.0	0.0	0.0	0.0	0.0	0.0	0.0	0.0	0.0	0.0	0.0	0.0	0.0	0.0	0.0	0.0	0.0	0.0	0.0	0.0	0.0	0.0	
3.01666666667	0.0	0.0	0.0	0.0	0.0	0.0	0.0	0.0	0.0	0.0	0.0	0.0	0.0	0.0	0.0	0.0	0.0	0.0	0.0	0.0	0.0	0.0	0.0	0.0	0.0	0.0	0.0	0.0	0.0	0.0	0.0	0.0	0.0	0.0	0.0	0.0	0.0	0.0	0.0	0.0	0.0	0.0	0.0	0.0	0.0	0.0	0.0	0.0	0.0	0.0	0.0	0.0	0.0	0.0	0.0	0.0	0.0	0.0	0.0	0.0	
3.03333333333	0.0	0.0	0.0	0.0	0.0	0.0	0.0	0.0	0.0	0.0	0.0	0.0	0.0	0.0	0.0	0.0	0.0	0.0	0.0	0.0	0.0	0.0	0.0	0.0	0.0	0.0	0.0	0.0	0.0	0.0	0.0	0.0	0.0	0.0	0.0	0.0	0.0	0.0	0.0	0.0	0.0	0.0	0.0	0.0	0.0	0.0	0.0	0.0	0.0	0.0	0.0	0.0	0.0	0.0	0.0	0.0	0.0	0.0	0.0	0.0	
3.05	0.0	0.0	0.0	0.0	0.0	0.0	0.0	0.0	0.0	0.0	0.0	0.0	0.0	0.0	0.0	0.0	0.0	0.0	0.0	0.0	0.0	0.0	0.0	0.0	0.0	0.0	0.0	0.0	0.0	0.0	0.0	0.0	0.0	0.0	0.0	0.0	0.0	0.0	0.0	0.0	0.0	0.0	0.0	0.0	0.0	0.0	0.0	0.0	0.0	0.0	0.0	0.0	0.0	0.0	0.0	0.0	0.0	0.0	0.0	0.0	
3.06666666667	0.0	0.0	0.0	0.0	0.0	0.0	0.0	0.0	0.0	0.0	0.0	0.0	0.0	0.0	0.0	0.0	0.0	0.0	0.0	0.0	0.0	0.0	0.0	0.0	0.0	0.0	0.0	0.0	0.0	0.0	0.0	0.0	0.0	0.0	0.0	0.0	0.0	0.0	0.0	0.0	0.0	0.0	0.0	0.0	0.0	0.0	0.0	0.0	0.0	0.0	0.0	0.0	0.0	0.0	0.0	0.0	0.0	0.0	0.0	0.0	
3.08333333333	0.0	0.0	0.0	0.0	0.0	0.0	0.0	0.0	0.0	0.0	0.0	0.0	0.0	0.0	0.0	0.0	0.0	0.0	0.0	0.0	0.0	0.0	0.0	0.0	0.0	0.0	0.0	0.0	0.0	0.0	0.0	0.0	0.0	0.0	0.0	0.0	0.0	0.0	0.0	0.0	0.0	0.0	0.0	0.0	0.0	0.0	0.0	0.0	0.0	0.0	0.0	0.0	0.0	0.0	0.0	0.0	0.0	0.0	0.0	0.0	
3.1	0.0	0.0	0.0	0.0	0.0	0.0	0.0	0.0	0.0	0.0	0.0	0.0	0.0	0.0	0.0	0.0	0.0	0.0	0.0	0.0	0.0	0.0	0.0	0.0	0.0	0.0	0.0	0.0	0.0	0.0	0.0	0.0	0.0	0.0	0.0	0.0	0.0	0.0	0.0	0.0	0.0	0.0	0.0	0.0	0.0	0.0	0.0	0.0	0.0	0.0	0.0	0.0	0.0	0.0	0.0	0.0	0.0	0.0	0.0	0.0	
3.11666666667	0.0	0.0	0.0	0.0	0.0	0.0	0.0	0.0	0.0	0.0	0.0	0.0	0.0	0.0	0.0	0.0	0.0	0.0	0.0	0.0	0.0	0.0	0.0	0.0	0.0	0.0	0.0	0.0	0.0	0.0	0.0	0.0	0.0	0.0	0.0	0.0	0.0	0.0	0.0	0.0	0.0	0.0	0.0	0.0	0.0	0.0	0.0	0.0	0.0	0.0	0.0	0.0	0.0	0.0	0.0	0.0	0.0	0.0	0.0	0.0	
3.13333333333	0.0	0.0	0.0	0.0	0.0	0.0	0.0	0.0	0.0	0.0	0.0	0.0	0.0	0.0	0.0	0.0	0.0	0.0	0.0	0.0	0.0	0.0	0.0	0.0	0.0	0.0	0.0	0.0	0.0	0.0	0.0	0.0	0.0	0.0	0.0	0.0	0.0	0.0	0.0	0.0	0.0	0.0	0.0	0.0	0.0	0.0	0.0	0.0	0.0	0.0	0.0	0.0	0.0	0.0	0.0	0.0	0.0	0.0	0.0	0.0	
3.15	0.0	0.0	0.0	0.0	0.0	0.0	0.0	0.0	0.0	0.0	0.0	0.0	0.0	0.0	0.0	0.0	0.0	0.0	0.0	0.0	0.0	0.0	0.0	0.0	0.0	0.0	0.0	0.0	0.0	0.0	0.0	0.0	0.0	0.0	0.0	0.0	0.0	0.0	0.0	0.0	0.0	0.0	0.0	0.0	0.0	0.0	0.0	0.0	0.0	0.0	0.0	0.0	0.0	0.0	0.0	0.0	0.0	0.0	0.0	0.0	
3.16666666667	0.0	0.0	0.0	0.0	0.0	0.0	0.0	0.0	0.0	0.0	0.0	0.0	0.0	0.0	0.0	0.0	0.0	0.0	0.0	0.0	0.0	0.0	0.0	0.0	0.0	0.0	0.0	0.0	0.0	0.0	0.0	0.0	0.0	0.0	0.0	0.0	0.0	0.0	0.0	0.0	0.0	0.0	0.0	0.0	0.0	0.0	0.0	0.0	0.0	0.0	0.0	0.0	0.0	0.0	0.0	0.0	0.0	0.0	0.0	0.0	
3.18333333333	0.0	0.0	0.0	0.0	0.0	0.0	0.0	0.0	0.0	0.0	0.0	0.0	0.0	0.0	0.0	0.0	0.0	0.0	0.0	0.0	0.0	0.0	0.0	0.0	0.0	0.0	0.0	0.0	0.0	0.0	0.0	0.0	0.0	0.0	0.0	0.0	0.0	0.0	0.0	0.0	0.0	0.0	0.0	0.0	0.0	0.0	0.0	0.0	0.0	0.0	0.0	0.0	0.0	0.0	0.0	0.0	0.0	0.0	0.0	0.0	
3.2	0.0	0.0	0.0	0.0	0.0	0.0	0.0	0.0	0.0	0.0	0.0	0.0	0.0	0.0	0.0	0.0	0.0	0.0	0.0	0.0	0.0	0.0	0.0	0.0	0.0	0.0	0.0	0.0	0.0	0.0	0.0	0.0	0.0	0.0	0.0	0.0	0.0	0.0	0.0	0.0	0.0	0.0	0.0	0.0	0.0	0.0	0.0	0.0	0.0	0.0	0.0	0.0	0.0	0.0	0.0	0.0	0.0	0.0	0.0	0.0	
3.21666666667	0.0	0.0	0.0	0.0	0.0	0.0	0.0	0.0	0.0	0.0	0.0	0.0	0.0	0.0	0.0	0.0	0.0	0.0	0.0	0.0	0.0	0.0	0.0	0.0	0.0	0.0	0.0	0.0	0.0	0.0	0.0	0.0	0.0	0.0	0.0	0.0	0.0	0.0	0.0	0.0	0.0	0.0	0.0	0.0	0.0	0.0	0.0	0.0	0.0	0.0	0.0	0.0	0.0	0.0	0.0	0.0	0.0	0.0	0.0	0.0	
3.23333333333	0.0	0.0	0.0	0.0	0.0	0.0	0.0	0.0	0.0	0.0	0.0	0.0	0.0	0.0	0.0	0.0	0.0	0.0	0.0	0.0	0.0	0.0	0.0	0.0	0.0	0.0	0.0	0.0	0.0	0.0	0.0	0.0	0.0	0.0	0.0	0.0	0.0	0.0	0.0	0.0	0.0	0.0	0.0	0.0	0.0	0.0	0.0	0.0	0.0	0.0	0.0	0.0	0.0	0.0	0.0	0.0	0.0	0.0	0.0	0.0	
3.25	0.0	0.0	0.0	0.0	0.0	0.0	0.0	0.0	0.0	0.0	0.0	0.0	0.0	0.0	0.0	0.0	0.0	0.0	0.0	0.0	0.0	0.0	0.0	0.0	0.0	0.0	0.0	0.0	0.0	0.0	0.0	0.0	0.0	0.0	0.0	0.0	0.0	0.0	0.0	0.0	0.0	0.0	0.0	0.0	0.0	0.0	0.0	0.0	0.0	0.0	0.0	0.0	0.0	0.0	0.0	0.0	0.0	0.0	0.0	0.0	
3.26666666667	0.0	0.0	0.0	0.0	0.0	0.0	0.0	0.0	0.0	0.0	0.0	0.0	0.0	0.0	0.0	0.0	0.0	0.0	0.0	0.0	0.0	0.0	0.0	0.0	0.0	0.0	0.0	0.0	0.0	0.0	0.0	0.0	0.0	0.0	0.0	0.0	0.0	0.0	0.0	0.0	0.0	0.0	0.0	0.0	0.0	0.0	0.0	0.0	0.0	0.0	0.0	0.0	0.0	0.0	0.0	0.0	0.0	0.0	0.0	0.0	
3.28333333333	0.0	0.0	0.0	0.0	0.0	0.0	0.0	0.0	0.0	0.0	0.0	0.0	0.0	0.0	0.0	0.0	0.0	0.0	0.0	0.0	0.0	0.0	0.0	0.0	0.0	0.0	0.0	0.0	0.0	0.0	0.0	0.0	0.0	0.0	0.0	0.0	0.0	0.0	0.0	0.0	0.0	0.0	0.0	0.0	0.0	0.0	0.0	0.0	0.0	0.0	0.0	0.0	0.0	0.0	0.0	0.0	0.0	0.0	0.0	0.0	
3.3	0.0	0.0	0.0	0.0	0.0	0.0	0.0	0.0	0.0	0.0	0.0	0.0	0.0	0.0	0.0	0.0	0.0	0.0	0.0	0.0	0.0	0.0	0.0	0.0	0.0	0.0	0.0	0.0	0.0	0.0	0.0	0.0	0.0	0.0	0.0	0.0	0.0	0.0	0.0	0.0	0.0	0.0	0.0	0.0	0.0	0.0	0.0	0.0	0.0	0.0	0.0	0.0	0.0	0.0	0.0	0.0	0.0	0.0	0.0	0.0	
3.31666666667	0.0	0.0	0.0	0.0	0.0	0.0	0.0	0.0	0.0	0.0	0.0	0.0	0.0	0.0	0.0	0.0	0.0	0.0	0.0	0.0	0.0	0.0	0.0	0.0	0.0	0.0	0.0	0.0	0.0	0.0	0.0	0.0	0.0	0.0	0.0	0.0	0.0	0.0	0.0	0.0	0.0	0.0	0.0	0.0	0.0	0.0	0.0	0.0	0.0	0.0	0.0	0.0	0.0	0.0	0.0	0.0	0.0	0.0	0.0	0.0	
3.33333333333	0.0	0.0	0.0	0.0	0.0	0.0	0.0	0.0	0.0	0.0	0.0	0.0	0.0	0.0	0.0	0.0	0.0	0.0	0.0	0.0	0.0	0.0	0.0	0.0	0.0	0.0	0.0	0.0	0.0	0.0	0.0	0.0	0.0	0.0	0.0	0.0	0.0	0.0	0.0	0.0	0.0	0.0	0.0	0.0	0.0	0.0	0.0	0.0	0.0	0.0	0.0	0.0	0.0	0.0	0.0	0.0	0.0	0.0	0.0	0.0	
3.35	0.0	0.0	0.0	0.0	0.0	0.0	0.0	0.0	0.0	0.0	0.0	0.0	0.0	0.0	0.0	0.0	0.0	0.0	0.0	0.0	0.0	0.0	0.0	0.0	0.0	0.0	0.0	0.0	0.0	0.0	0.0	0.0	0.0	0.0	0.0	0.0	0.0	0.0	0.0	0.0	0.0	0.0	0.0	0.0	0.0	0.0	0.0	0.0	0.0	0.0	0.0	0.0	0.0	0.0	0.0	0.0	0.0	0.0	0.0	0.0	
3.36666666667	0.0	0.0	0.0	0.0	0.0	0.0	0.0	0.0	0.0	0.0	0.0	0.0	0.0	0.0	0.0	0.0	0.0	0.0	0.0	0.0	0.0	0.0	0.0	0.0	0.0	0.0	0.0	0.0	0.0	0.0	0.0	0.0	0.0	0.0	0.0	0.0	0.0	0.0	0.0	0.0	0.0	0.0	0.0	0.0	0.0	0.0	0.0	0.0	0.0	0.0	0.0	0.0	0.0	0.0	0.0	0.0	0.0	0.0	0.0	0.0	
3.38333333333	0.0	0.0	0.0	0.0	0.0	0.0	0.0	0.0	0.0	0.0	0.0	0.0	0.0	0.0	0.0	0.0	0.0	0.0	0.0	0.0	0.0	0.0	0.0	0.0	0.0	0.0	0.0	0.0	0.0	0.0	0.0	0.0	0.0	0.0	0.0	0.0	0.0	0.0	0.0	0.0	0.0	0.0	0.0	0.0	0.0	0.0	0.0	0.0	0.0	0.0	0.0	0.0	0.0	0.0	0.0	0.0	0.0	0.0	0.0	0.0	
3.4	0.0	0.0	0.0	0.0	0.0	0.0	0.0	0.0	0.0	0.0	0.0	0.0	0.0	0.0	0.0	0.0	0.0	0.0	0.0	0.0	0.0	0.0	0.0	0.0	0.0	0.0	0.0	0.0	0.0	0.0	0.0	0.0	0.0	0.0	0.0	0.0	0.0	0.0	0.0	0.0	0.0	0.0	0.0	0.0	0.0	0.0	0.0	0.0	0.0	0.0	0.0	0.0	0.0	0.0	0.0	0.0	0.0	0.0	0.0	0.0	
3.41666666667	0.0	0.0	0.0	0.0	0.0	0.0	0.0	0.0	0.0	0.0	0.0	0.0	0.0	0.0	0.0	0.0	0.0	0.0	0.0	0.0	0.0	0.0	0.0	0.0	0.0	0.0	0.0	0.0	0.0	0.0	0.0	0.0	0.0	0.0	0.0	0.0	0.0	0.0	0.0	0.0	0.0	0.0	0.0	0.0	0.0	0.0	0.0	0.0	0.0	0.0	0.0	0.0	0.0	0.0	0.0	0.0	0.0	0.0	0.0	0.0	
3.43333333333	0.0	0.0	0.0	0.0	0.0	0.0	0.0	0.0	0.0	0.0	0.0	0.0	0.0	0.0	0.0	0.0	0.0	0.0	0.0	0.0	0.0	0.0	0.0	0.0	0.0	0.0	0.0	0.0	0.0	0.0	0.0	0.0	0.0	0.0	0.0	0.0	0.0	0.0	0.0	0.0	0.0	0.0	0.0	0.0	0.0	0.0	0.0	0.0	0.0	0.0	0.0	0.0	0.0	0.0	0.0	0.0	0.0	0.0	0.0	0.0	
3.45	0.0	0.0	0.0	0.0	0.0	0.0	0.0	0.0	0.0	0.0	0.0	0.0	0.0	0.0	0.0	0.0	0.0	0.0	0.0	0.0	0.0	0.0	0.0	0.0	0.0	0.0	0.0	0.0	0.0	0.0	0.0	0.0	0.0	0.0	0.0	0.0	0.0	0.0	0.0	0.0	0.0	0.0	0.0	0.0	0.0	0.0	0.0	0.0	0.0	0.0	0.0	0.0	0.0	0.0	0.0	0.0	0.0	0.0	0.0	0.0	
3.46666666667	0.0	0.0	0.0	0.0	0.0	0.0	0.0	0.0	0.0	0.0	0.0	0.0	0.0	0.0	0.0	0.0	0.0	0.0	0.0	0.0	0.0	0.0	0.0	0.0	0.0	0.0	0.0	0.0	0.0	0.0	0.0	0.0	0.0	0.0	0.0	0.0	0.0	0.0	0.0	0.0	0.0	0.0	0.0	0.0	0.0	0.0	0.0	0.0	0.0	0.0	0.0	0.0	0.0	0.0	0.0	0.0	0.0	0.0	0.0	0.0	
3.48333333333	0.0	0.0	0.0	0.0	0.0	0.0	0.0	0.0	0.0	0.0	0.0	0.0	0.0	0.0	0.0	0.0	0.0	0.0	0.0	0.0	0.0	0.0	0.0	0.0	0.0	0.0	0.0	0.0	0.0	0.0	0.0	0.0	0.0	0.0	0.0	0.0	0.0	0.0	0.0	0.0	0.0	0.0	0.0	0.0	0.0	0.0	0.0	0.0	0.0	0.0	0.0	0.0	0.0	0.0	0.0	0.0	0.0	0.0	0.0	0.0	
3.5	0.0	0.0	0.0	0.0	0.0	0.0	0.0	0.0	0.0	0.0	0.0	0.0	0.0	0.0	0.0	0.0	0.0	0.0	0.0	0.0	0.0	0.0	0.0	0.0	0.0	0.0	0.0	0.0	0.0	0.0	0.0	0.0	0.0	0.0	0.0	0.0	0.0	0.0	0.0	0.0	0.0	0.0	0.0	0.0	0.0	0.0	0.0	0.0	0.0	0.0	0.0	0.0	0.0	0.0	0.0	0.0	0.0	0.0	0.0	0.0	
3.51666666667	0.0	0.0	0.0	0.0	0.0	0.0	0.0	0.0	0.0	0.0	0.0	0.0	0.0	0.0	0.0	0.0	0.0	0.0	0.0	0.0	0.0	0.0	0.0	0.0	0.0	0.0	0.0	0.0	0.0	0.0	0.0	0.0	0.0	0.0	0.0	0.0	0.0	0.0	0.0	0.0	0.0	0.0	0.0	0.0	0.0	0.0	0.0	0.0	0.0	0.0	0.0	0.0	0.0	0.0	0.0	0.0	0.0	0.0	0.0	0.0	
3.53333333333	0.0	0.0	0.0	0.0	0.0	0.0	0.0	0.0	0.0	0.0	0.0	0.0	0.0	0.0	0.0	0.0	0.0	0.0	0.0	0.0	0.0	0.0	0.0	0.0	0.0	0.0	0.0	0.0	0.0	0.0	0.0	0.0	0.0	0.0	0.0	0.0	0.0	0.0	0.0	0.0	0.0	0.0	0.0	0.0	0.0	0.0	0.0	0.0	0.0	0.0	0.0	0.0	0.0	0.0	0.0	0.0	0.0	0.0	0.0	0.0	
3.55	0.0	0.0	0.0	0.0	0.0	0.0	0.0	0.0	0.0	0.0	0.0	0.0	0.0	0.0	0.0	0.0	0.0	0.0	0.0	0.0	0.0	0.0	0.0	0.0	0.0	0.0	0.0	0.0	0.0	0.0	0.0	0.0	0.0	0.0	0.0	0.0	0.0	0.0	0.0	0.0	0.0	0.0	0.0	0.0	0.0	0.0	0.0	0.0	0.0	0.0	0.0	0.0	0.0	0.0	0.0	0.0	0.0	0.0	0.0	0.0	
3.56666666667	0.0	0.0	0.0	0.0	0.0	0.0	0.0	0.0	0.0	0.0	0.0	0.0	0.0	0.0	0.0	0.0	0.0	0.0	0.0	0.0	0.0	0.0	0.0	0.0	0.0	0.0	0.0	0.0	0.0	0.0	0.0	0.0	0.0	0.0	0.0	0.0	0.0	0.0	0.0	0.0	0.0	0.0	0.0	0.0	0.0	0.0	0.0	0.0	0.0	0.0	0.0	0.0	0.0	0.0	0.0	0.0	0.0	0.0	0.0	0.0	
3.58333333333	0.0	0.0	0.0	0.0	0.0	0.0	0.0	0.0	0.0	0.0	0.0	0.0	0.0	0.0	0.0	0.0	0.0	0.0	0.0	0.0	0.0	0.0	0.0	0.0	0.0	0.0	0.0	0.0	0.0	0.0	0.0	0.0	0.0	0.0	0.0	0.0	0.0	0.0	0.0	0.0	0.0	0.0	0.0	0.0	0.0	0.0	0.0	0.0	0.0	0.0	0.0	0.0	0.0	0.0	0.0	0.0	0.0	0.0	0.0	0.0	
3.6	0.0	0.0	0.0	0.0	0.0	0.0	0.0	0.0	0.0	0.0	0.0	0.0	0.0	0.0	0.0	0.0	0.0	0.0	0.0	0.0	0.0	0.0	0.0	0.0	0.0	0.0	0.0	0.0	0.0	0.0	0.0	0.0	0.0	0.0	0.0	0.0	0.0	0.0	0.0	0.0	0.0	0.0	0.0	0.0	0.0	0.0	0.0	0.0	0.0	0.0	0.0	0.0	0.0	0.0	0.0	0.0	0.0	0.0	0.0	0.0	
3.61666666667	0.0	0.0	0.0	0.0	0.0	0.0	0.0	0.0	0.0	0.0	0.0	0.0	0.0	0.0	0.0	0.0	0.0	0.0	0.0	0.0	0.0	0.0	0.0	0.0	0.0	0.0	0.0	0.0	0.0	0.0	0.0	0.0	0.0	0.0	0.0	0.0	0.0	0.0	0.0	0.0	0.0	0.0	0.0	0.0	0.0	0.0	0.0	0.0	0.0	0.0	0.0	0.0	0.0	0.0	0.0	0.0	0.0	0.0	0.0	0.0	
3.63333333333	0.0	0.0	0.0	0.0	0.0	0.0	0.0	0.0	0.0	0.0	0.0	0.0	0.0	0.0	0.0	0.0	0.0	0.0	0.0	0.0	0.0	0.0	0.0	0.0	0.0	0.0	0.0	0.0	0.0	0.0	0.0	0.0	0.0	0.0	0.0	0.0	0.0	0.0	0.0	0.0	0.0	0.0	0.0	0.0	0.0	0.0	0.0	0.0	0.0	0.0	0.0	0.0	0.0	0.0	0.0	0.0	0.0	0.0	0.0	0.0	
3.65	0.0	0.0	0.0	0.0	0.0	0.0	0.0	0.0	0.0	0.0	0.0	0.0	0.0	0.0	0.0	0.0	0.0	0.0	0.0	0.0	0.0	0.0	0.0	0.0	0.0	0.0	0.0	0.0	0.0	0.0	0.0	0.0	0.0	0.0	0.0	0.0	0.0	0.0	0.0	0.0	0.0	0.0	0.0	0.0	0.0	0.0	0.0	0.0	0.0	0.0	0.0	0.0	0.0	0.0	0.0	0.0	0.0	0.0	0.0	0.0	
3.66666666667	0.0	0.0	0.0	0.0	0.0	0.0	0.0	0.0	0.0	0.0	0.0	0.0	0.0	0.0	0.0	0.0	0.0	0.0	0.0	0.0	0.0	0.0	0.0	0.0	0.0	0.0	0.0	0.0	0.0	0.0	0.0	0.0	0.0	0.0	0.0	0.0	0.0	0.0	0.0	0.0	0.0	0.0	0.0	0.0	0.0	0.0	0.0	0.0	0.0	0.0	0.0	0.0	0.0	0.0	0.0	0.0	0.0	0.0	0.0	0.0	
3.68333333333	0.0	0.0	0.0	0.0	0.0	0.0	0.0	0.0	0.0	0.0	0.0	0.0	0.0	0.0	0.0	0.0	0.0	0.0	0.0	0.0	0.0	0.0	0.0	0.0	0.0	0.0	0.0	0.0	0.0	0.0	0.0	0.0	0.0	0.0	0.0	0.0	0.0	0.0	0.0	0.0	0.0	0.0	0.0	0.0	0.0	0.0	0.0	0.0	0.0	0.0	0.0	0.0	0.0	0.0	0.0	0.0	0.0	0.0	0.0	0.0	
3.7	0.0	0.0	0.0	0.0	0.0	0.0	0.0	0.0	0.0	0.0	0.0	0.0	0.0	0.0	0.0	0.0	0.0	0.0	0.0	0.0	0.0	0.0	0.0	0.0	0.0	0.0	0.0	0.0	0.0	0.0	0.0	0.0	0.0	0.0	0.0	0.0	0.0	0.0	0.0	0.0	0.0	0.0	0.0	0.0	0.0	0.0	0.0	0.0	0.0	0.0	0.0	0.0	0.0	0.0	0.0	0.0	0.0	0.0	0.0	0.0	
3.71666666667	0.0	0.0	0.0	0.0	0.0	0.0	0.0	0.0	0.0	0.0	0.0	0.0	0.0	0.0	0.0	0.0	0.0	0.0	0.0	0.0	0.0	0.0	0.0	0.0	0.0	0.0	0.0	0.0	0.0	0.0	0.0	0.0	0.0	0.0	0.0	0.0	0.0	0.0	0.0	0.0	0.0	0.0	0.0	0.0	0.0	0.0	0.0	0.0	0.0	0.0	0.0	0.0	0.0	0.0	0.0	0.0	0.0	0.0	0.0	0.0	
3.73333333333	0.0	0.0	0.0	0.0	0.0	0.0	0.0	0.0	0.0	0.0	0.0	0.0	0.0	0.0	0.0	0.0	0.0	0.0	0.0	0.0	0.0	0.0	0.0	0.0	0.0	0.0	0.0	0.0	0.0	0.0	0.0	0.0	0.0	0.0	0.0	0.0	0.0	0.0	0.0	0.0	0.0	0.0	0.0	0.0	0.0	0.0	0.0	0.0	0.0	0.0	0.0	0.0	0.0	0.0	0.0	0.0	0.0	0.0	0.0	0.0	
3.75	0.0	0.0	0.0	0.0	0.0	0.0	0.0	0.0	0.0	0.0	0.0	0.0	0.0	0.0	0.0	0.0	0.0	0.0	0.0	0.0	0.0	0.0	0.0	0.0	0.0	0.0	0.0	0.0	0.0	0.0	0.0	0.0	0.0	0.0	0.0	0.0	0.0	0.0	0.0	0.0	0.0	0.0	0.0	0.0	0.0	0.0	0.0	0.0	0.0	0.0	0.0	0.0	0.0	0.0	0.0	0.0	0.0	0.0	0.0	0.0	
3.76666666667	0.0	0.0	0.0	0.0	0.0	0.0	0.0	0.0	0.0	0.0	0.0	0.0	0.0	0.0	0.0	0.0	0.0	0.0	0.0	0.0	0.0	0.0	0.0	0.0	0.0	0.0	0.0	0.0	0.0	0.0	0.0	0.0	0.0	0.0	0.0	0.0	0.0	0.0	0.0	0.0	0.0	0.0	0.0	0.0	0.0	0.0	0.0	0.0	0.0	0.0	0.0	0.0	0.0	0.0	0.0	0.0	0.0	0.0	0.0	0.0	
3.78333333333	0.0	0.0	0.0	0.0	0.0	0.0	0.0	0.0	0.0	0.0	0.0	0.0	0.0	0.0	0.0	0.0	0.0	0.0	0.0	0.0	0.0	0.0	0.0	0.0	0.0	0.0	0.0	0.0	0.0	0.0	0.0	0.0	0.0	0.0	0.0	0.0	0.0	0.0	0.0	0.0	0.0	0.0	0.0	0.0	0.0	0.0	0.0	0.0	0.0	0.0	0.0	0.0	0.0	0.0	0.0	0.0	0.0	0.0	0.0	0.0	
3.8	0.0	0.0	0.0	0.0	0.0	0.0	0.0	0.0	0.0	0.0	0.0	0.0	0.0	0.0	0.0	0.0	0.0	0.0	0.0	0.0	0.0	0.0	0.0	0.0	0.0	0.0	0.0	0.0	0.0	0.0	0.0	0.0	0.0	0.0	0.0	0.0	0.0	0.0	0.0	0.0	0.0	0.0	0.0	0.0	0.0	0.0	0.0	0.0	0.0	0.0	0.0	0.0	0.0	0.0	0.0	0.0	0.0	0.0	0.0	0.0	
3.81666666667	0.0	0.0	0.0	0.0	0.0	0.0	0.0	0.0	0.0	0.0	0.0	0.0	0.0	0.0	0.0	0.0	0.0	0.0	0.0	0.0	0.0	0.0	0.0	0.0	0.0	0.0	0.0	0.0	0.0	0.0	0.0	0.0	0.0	0.0	0.0	0.0	0.0	0.0	0.0	0.0	0.0	0.0	0.0	0.0	0.0	0.0	0.0	0.0	0.0	0.0	0.0	0.0	0.0	0.0	0.0	0.0	0.0	0.0	0.0	0.0	
3.83333333333	0.0	0.0	0.0	0.0	0.0	0.0	0.0	0.0	0.0	0.0	0.0	0.0	0.0	0.0	0.0	0.0	0.0	0.0	0.0	0.0	0.0	0.0	0.0	0.0	0.0	0.0	0.0	0.0	0.0	0.0	0.0	0.0	0.0	0.0	0.0	0.0	0.0	0.0	0.0	0.0	0.0	0.0	0.0	0.0	0.0	0.0	0.0	0.0	0.0	0.0	0.0	0.0	0.0	0.0	0.0	0.0	0.0	0.0	0.0	0.0	
3.85	0.0	0.0	0.0	0.0	0.0	0.0	0.0	0.0	0.0	0.0	0.0	0.0	0.0	0.0	0.0	0.0	0.0	0.0	0.0	0.0	0.0	0.0	0.0	0.0	0.0	0.0	0.0	0.0	0.0	0.0	0.0	0.0	0.0	0.0	0.0	0.0	0.0	0.0	0.0	0.0	0.0	0.0	0.0	0.0	0.0	0.0	0.0	0.0	0.0	0.0	0.0	0.0	0.0	0.0	0.0	0.0	0.0	0.0	0.0	0.0	
3.86666666667	0.0	0.0	0.0	0.0	0.0	0.0	0.0	0.0	0.0	0.0	0.0	0.0	0.0	0.0	0.0	0.0	0.0	0.0	0.0	0.0	0.0	0.0	0.0	0.0	0.0	0.0	0.0	0.0	0.0	0.0	0.0	0.0	0.0	0.0	0.0	0.0	0.0	0.0	0.0	0.0	0.0	0.0	0.0	0.0	0.0	0.0	0.0	0.0	0.0	0.0	0.0	0.0	0.0	0.0	0.0	0.0	0.0	0.0	0.0	0.0	
3.88333333333	0.0	0.0	0.0	0.0	0.0	0.0	0.0	0.0	0.0	0.0	0.0	0.0	0.0	0.0	0.0	0.0	0.0	0.0	0.0	0.0	0.0	0.0	0.0	0.0	0.0	0.0	0.0	0.0	0.0	0.0	0.0	0.0	0.0	0.0	0.0	0.0	0.0	0.0	0.0	0.0	0.0	0.0	0.0	0.0	0.0	0.0	0.0	0.0	0.0	0.0	0.0	0.0	0.0	0.0	0.0	0.0	0.0	0.0	0.0	0.0	
3.9	0.0	0.0	0.0	0.0	0.0	0.0	0.0	0.0	0.0	0.0	0.0	0.0	0.0	0.0	0.0	0.0	0.0	0.0	0.0	0.0	0.0	0.0	0.0	0.0	0.0	0.0	0.0	0.0	0.0	0.0	0.0	0.0	0.0	0.0	0.0	0.0	0.0	0.0	0.0	0.0	0.0	0.0	0.0	0.0	0.0	0.0	0.0	0.0	0.0	0.0	0.0	0.0	0.0	0.0	0.0	0.0	0.0	0.0	0.0	0.0	
3.91666666667	0.0	0.0	0.0	0.0	0.0	0.0	0.0	0.0	0.0	0.0	0.0	0.0	0.0	0.0	0.0	0.0	0.0	0.0	0.0	0.0	0.0	0.0	0.0	0.0	0.0	0.0	0.0	0.0	0.0	0.0	0.0	0.0	0.0	0.0	0.0	0.0	0.0	0.0	0.0	0.0	0.0	0.0	0.0	0.0	0.0	0.0	0.0	0.0	0.0	0.0	0.0	0.0	0.0	0.0	0.0	0.0	0.0	0.0	0.0	0.0	
3.93333333333	0.0	0.0	0.0	0.0	0.0	0.0	0.0	0.0	0.0	0.0	0.0	0.0	0.0	0.0	0.0	0.0	0.0	0.0	0.0	0.0	0.0	0.0	0.0	0.0	0.0	0.0	0.0	0.0	0.0	0.0	0.0	0.0	0.0	0.0	0.0	0.0	0.0	0.0	0.0	0.0	0.0	0.0	0.0	0.0	0.0	0.0	0.0	0.0	0.0	0.0	0.0	0.0	0.0	0.0	0.0	0.0	0.0	0.0	0.0	0.0	
3.95	0.0	0.0	0.0	0.0	0.0	0.0	0.0	0.0	0.0	0.0	0.0	0.0	0.0	0.0	0.0	0.0	0.0	0.0	0.0	0.0	0.0	0.0	0.0	0.0	0.0	0.0	0.0	0.0	0.0	0.0	0.0	0.0	0.0	0.0	0.0	0.0	0.0	0.0	0.0	0.0	0.0	0.0	0.0	0.0	0.0	0.0	0.0	0.0	0.0	0.0	0.0	0.0	0.0	0.0	0.0	0.0	0.0	0.0	0.0	0.0	
3.96666666667	0.0	0.0	0.0	0.0	0.0	0.0	0.0	0.0	0.0	0.0	0.0	0.0	0.0	0.0	0.0	0.0	0.0	0.0	0.0	0.0	0.0	0.0	0.0	0.0	0.0	0.0	0.0	0.0	0.0	0.0	0.0	0.0	0.0	0.0	0.0	0.0	0.0	0.0	0.0	0.0	0.0	0.0	0.0	0.0	0.0	0.0	0.0	0.0	0.0	0.0	0.0	0.0	0.0	0.0	0.0	0.0	0.0	0.0	0.0	0.0	
3.98333333333	0.0	0.0	0.0	0.0	0.0	0.0	0.0	0.0	0.0	0.0	0.0	0.0	0.0	0.0	0.0	0.0	0.0	0.0	0.0	0.0	0.0	0.0	0.0	0.0	0.0	0.0	0.0	0.0	0.0	0.0	0.0	0.0	0.0	0.0	0.0	0.0	0.0	0.0	0.0	0.0	0.0	0.0	0.0	0.0	0.0	0.0	0.0	0.0	0.0	0.0	0.0	0.0	0.0	0.0	0.0	0.0	0.0	0.0	0.0	0.0	
4.0	0.0	0.0	0.0	0.0	0.0	0.0	0.0	0.0	0.0	0.0	0.0	0.0	0.0	0.0	0.0	0.0	0.0	0.0	0.0	0.0	0.0	0.0	0.0	0.0	0.0	0.0	0.0	0.0	0.0	0.0	0.0	0.0	0.0	0.0	0.0	0.0	0.0	0.0	0.0	0.0	0.0	0.0	0.0	0.0	0.0	0.0	0.0	0.0	0.0	0.0	0.0	0.0	0.0	0.0	0.0	0.0	0.0	0.0	0.0	0.0	
4.01666666667	0.0	0.0	0.0	0.0	0.0	0.0	0.0	0.0	0.0	0.0	0.0	0.0	0.0	0.0	0.0	0.0	0.0	0.0	0.0	0.0	0.0	0.0	0.0	0.0	0.0	0.0	0.0	0.0	0.0	0.0	0.0	0.0	0.0	0.0	0.0	0.0	0.0	0.0	0.0	0.0	0.0	0.0	0.0	0.0	0.0	0.0	0.0	0.0	0.0	0.0	0.0	0.0	0.0	0.0	0.0	0.0	0.0	0.0	0.0	0.0	
4.03333333333	0.0	0.0	0.0	0.0	0.0	0.0	0.0	0.0	0.0	0.0	0.0	0.0	0.0	0.0	0.0	0.0	0.0	0.0	0.0	0.0	0.0	0.0	0.0	0.0	0.0	0.0	0.0	0.0	0.0	0.0	0.0	0.0	0.0	0.0	0.0	0.0	0.0	0.0	0.0	0.0	0.0	0.0	0.0	0.0	0.0	0.0	0.0	0.0	0.0	0.0	0.0	0.0	0.0	0.0	0.0	0.0	0.0	0.0	0.0	0.0	
4.05	0.0	0.0	0.0	0.0	0.0	0.0	0.0	0.0	0.0	0.0	0.0	0.0	0.0	0.0	0.0	0.0	0.0	0.0	0.0	0.0	0.0	0.0	0.0	0.0	0.0	0.0	0.0	0.0	0.0	0.0	0.0	0.0	0.0	0.0	0.0	0.0	0.0	0.0	0.0	0.0	0.0	0.0	0.0	0.0	0.0	0.0	0.0	0.0	0.0	0.0	0.0	0.0	0.0	0.0	0.0	0.0	0.0	0.0	0.0	0.0	
4.06666666667	0.0	0.0	0.0	0.0	0.0	0.0	0.0	0.0	0.0	0.0	0.0	0.0	0.0	0.0	0.0	0.0	0.0	0.0	0.0	0.0	0.0	0.0	0.0	0.0	0.0	0.0	0.0	0.0	0.0	0.0	0.0	0.0	0.0	0.0	0.0	0.0	0.0	0.0	0.0	0.0	0.0	0.0	0.0	0.0	0.0	0.0	0.0	0.0	0.0	0.0	0.0	0.0	0.0	0.0	0.0	0.0	0.0	0.0	0.0	0.0	
4.08333333333	0.0	0.0	0.0	0.0	0.0	0.0	0.0	0.0	0.0	0.0	0.0	0.0	0.0	0.0	0.0	0.0	0.0	0.0	0.0	0.0	0.0	0.0	0.0	0.0	0.0	0.0	0.0	0.0	0.0	0.0	0.0	0.0	0.0	0.0	0.0	0.0	0.0	0.0	0.0	0.0	0.0	0.0	0.0	0.0	0.0	0.0	0.0	0.0	0.0	0.0	0.0	0.0	0.0	0.0	0.0	0.0	0.0	0.0	0.0	0.0	
4.1	0.0	0.0	0.0	0.0	0.0	0.0	0.0	0.0	0.0	0.0	0.0	0.0	0.0	0.0	0.0	0.0	0.0	0.0	0.0	0.0	0.0	0.0	0.0	0.0	0.0	0.0	0.0	0.0	0.0	0.0	0.0	0.0	0.0	0.0	0.0	0.0	0.0	0.0	0.0	0.0	0.0	0.0	0.0	0.0	0.0	0.0	0.0	0.0	0.0	0.0	0.0	0.0	0.0	0.0	0.0	0.0	0.0	0.0	0.0	0.0	
4.11666666667	0.0	0.0	0.0	0.0	0.0	0.0	0.0	0.0	0.0	0.0	0.0	0.0	0.0	0.0	0.0	0.0	0.0	0.0	0.0	0.0	0.0	0.0	0.0	0.0	0.0	0.0	0.0	0.0	0.0	0.0	0.0	0.0	0.0	0.0	0.0	0.0	0.0	0.0	0.0	0.0	0.0	0.0	0.0	0.0	0.0	0.0	0.0	0.0	0.0	0.0	0.0	0.0	0.0	0.0	0.0	0.0	0.0	0.0	0.0	0.0	
4.13333333333	0.0	0.0	0.0	0.0	0.0	0.0	0.0	0.0	0.0	0.0	0.0	0.0	0.0	0.0	0.0	0.0	0.0	0.0	0.0	0.0	0.0	0.0	0.0	0.0	0.0	0.0	0.0	0.0	0.0	0.0	0.0	0.0	0.0	0.0	0.0	0.0	0.0	0.0	0.0	0.0	0.0	0.0	0.0	0.0	0.0	0.0	0.0	0.0	0.0	0.0	0.0	0.0	0.0	0.0	0.0	0.0	0.0	0.0	0.0	0.0	
4.15	0.0	0.0	0.0	0.0	0.0	0.0	0.0	0.0	0.0	0.0	0.0	0.0	0.0	0.0	0.0	0.0	0.0	0.0	0.0	0.0	0.0	0.0	0.0	0.0	0.0	0.0	0.0	0.0	0.0	0.0	0.0	0.0	0.0	0.0	0.0	0.0	0.0	0.0	0.0	0.0	0.0	0.0	0.0	0.0	0.0	0.0	0.0	0.0	0.0	0.0	0.0	0.0	0.0	0.0	0.0	0.0	0.0	0.0	0.0	0.0	
4.16666666667	0.0	0.0	0.0	0.0	0.0	0.0	0.0	0.0	0.0	0.0	0.0	0.0	0.0	0.0	0.0	0.0	0.0	0.0	0.0	0.0	0.0	0.0	0.0	0.0	0.0	0.0	0.0	0.0	0.0	0.0	0.0	0.0	0.0	0.0	0.0	0.0	0.0	0.0	0.0	0.0	0.0	0.0	0.0	0.0	0.0	0.0	0.0	0.0	0.0	0.0	0.0	0.0	0.0	0.0	0.0	0.0	0.0	0.0	0.0	0.0	
4.18333333333	0.0	0.0	0.0	0.0	0.0	0.0	0.0	0.0	0.0	0.0	0.0	0.0	0.0	0.0	0.0	0.0	0.0	0.0	0.0	0.0	0.0	0.0	0.0	0.0	0.0	0.0	0.0	0.0	0.0	0.0	0.0	0.0	0.0	0.0	0.0	0.0	0.0	0.0	0.0	0.0	0.0	0.0	0.0	0.0	0.0	0.0	0.0	0.0	0.0	0.0	0.0	0.0	0.0	0.0	0.0	0.0	0.0	0.0	0.0	0.0	
4.2	0.0	0.0	0.0	0.0	0.0	0.0	0.0	0.0	0.0	0.0	0.0	0.0	0.0	0.0	0.0	0.0	0.0	0.0	0.0	0.0	0.0	0.0	0.0	0.0	0.0	0.0	0.0	0.0	0.0	0.0	0.0	0.0	0.0	0.0	0.0	0.0	0.0	0.0	0.0	0.0	0.0	0.0	0.0	0.0	0.0	0.0	0.0	0.0	0.0	0.0	0.0	0.0	0.0	0.0	0.0	0.0	0.0	0.0	0.0	0.0	
4.21666666667	0.0	0.0	0.0	0.0	0.0	0.0	0.0	0.0	0.0	0.0	0.0	0.0	0.0	0.0	0.0	0.0	0.0	0.0	0.0	0.0	0.0	0.0	0.0	0.0	0.0	0.0	0.0	0.0	0.0	0.0	0.0	0.0	0.0	0.0	0.0	0.0	0.0	0.0	0.0	0.0	0.0	0.0	0.0	0.0	0.0	0.0	0.0	0.0	0.0	0.0	0.0	0.0	0.0	0.0	0.0	0.0	0.0	0.0	0.0	0.0	
4.23333333333	0.0	0.0	0.0	0.0	0.0	0.0	0.0	0.0	0.0	0.0	0.0	0.0	0.0	0.0	0.0	0.0	0.0	0.0	0.0	0.0	0.0	0.0	0.0	0.0	0.0	0.0	0.0	0.0	0.0	0.0	0.0	0.0	0.0	0.0	0.0	0.0	0.0	0.0	0.0	0.0	0.0	0.0	0.0	0.0	0.0	0.0	0.0	0.0	0.0	0.0	0.0	0.0	0.0	0.0	0.0	0.0	0.0	0.0	0.0	0.0	
4.25	0.0	0.0	0.0	0.0	0.0	0.0	0.0	0.0	0.0	0.0	0.0	0.0	0.0	0.0	0.0	0.0	0.0	0.0	0.0	0.0	0.0	0.0	0.0	0.0	0.0	0.0	0.0	0.0	0.0	0.0	0.0	0.0	0.0	0.0	0.0	0.0	0.0	0.0	0.0	0.0	0.0	0.0	0.0	0.0	0.0	0.0	0.0	0.0	0.0	0.0	0.0	0.0	0.0	0.0	0.0	0.0	0.0	0.0	0.0	0.0	
4.26666666667	0.0	0.0	0.0	0.0	0.0	0.0	0.0	0.0	0.0	0.0	0.0	0.0	0.0	0.0	0.0	0.0	0.0	0.0	0.0	0.0	0.0	0.0	0.0	0.0	0.0	0.0	0.0	0.0	0.0	0.0	0.0	0.0	0.0	0.0	0.0	0.0	0.0	0.0	0.0	0.0	0.0	0.0	0.0	0.0	0.0	0.0	0.0	0.0	0.0	0.0	0.0	0.0	0.0	0.0	0.0	0.0	0.0	0.0	0.0	0.0	
4.28333333333	0.0	0.0	0.0	0.0	0.0	0.0	0.0	0.0	0.0	0.0	0.0	0.0	0.0	0.0	0.0	0.0	0.0	0.0	0.0	0.0	0.0	0.0	0.0	0.0	0.0	0.0	0.0	0.0	0.0	0.0	0.0	0.0	0.0	0.0	0.0	0.0	0.0	0.0	0.0	0.0	0.0	0.0	0.0	0.0	0.0	0.0	0.0	0.0	0.0	0.0	0.0	0.0	0.0	0.0	0.0	0.0	0.0	0.0	0.0	0.0	
4.3	0.0	0.0	0.0	0.0	0.0	0.0	0.0	0.0	0.0	0.0	0.0	0.0	0.0	0.0	0.0	0.0	0.0	0.0	0.0	0.0	0.0	0.0	0.0	0.0	0.0	0.0	0.0	0.0	0.0	0.0	0.0	0.0	0.0	0.0	0.0	0.0	0.0	0.0	0.0	0.0	0.0	0.0	0.0	0.0	0.0	0.0	0.0	0.0	0.0	0.0	0.0	0.0	0.0	0.0	0.0	0.0	0.0	0.0	0.0	0.0	
4.31666666667	0.0	0.0	0.0	0.0	0.0	0.0	0.0	0.0	0.0	0.0	0.0	0.0	0.0	0.0	0.0	0.0	0.0	0.0	0.0	0.0	0.0	0.0	0.0	0.0	0.0	0.0	0.0	0.0	0.0	0.0	0.0	0.0	0.0	0.0	0.0	0.0	0.0	0.0	0.0	0.0	0.0	0.0	0.0	0.0	0.0	0.0	0.0	0.0	0.0	0.0	0.0	0.0	0.0	0.0	0.0	0.0	0.0	0.0	0.0	0.0	
4.33333333333	0.0	0.0	0.0	0.0	0.0	0.0	0.0	0.0	0.0	0.0	0.0	0.0	0.0	0.0	0.0	0.0	0.0	0.0	0.0	0.0	0.0	0.0	0.0	0.0	0.0	0.0	0.0	0.0	0.0	0.0	0.0	0.0	0.0	0.0	0.0	0.0	0.0	0.0	0.0	0.0	0.0	0.0	0.0	0.0	0.0	0.0	0.0	0.0	0.0	0.0	0.0	0.0	0.0	0.0	0.0	0.0	0.0	0.0	0.0	0.0	
4.35	0.0	0.0	0.0	0.0	0.0	0.0	0.0	0.0	0.0	0.0	0.0	0.0	0.0	0.0	0.0	0.0	0.0	0.0	0.0	0.0	0.0	0.0	0.0	0.0	0.0	0.0	0.0	0.0	0.0	0.0	0.0	0.0	0.0	0.0	0.0	0.0	0.0	0.0	0.0	0.0	0.0	0.0	0.0	0.0	0.0	0.0	0.0	0.0	0.0	0.0	0.0	0.0	0.0	0.0	0.0	0.0	0.0	0.0	0.0	0.0	
4.36666666667	0.0	0.0	0.0	0.0	0.0	0.0	0.0	0.0	0.0	0.0	0.0	0.0	0.0	0.0	0.0	0.0	0.0	0.0	0.0	0.0	0.0	0.0	0.0	0.0	0.0	0.0	0.0	0.0	0.0	0.0	0.0	0.0	0.0	0.0	0.0	0.0	0.0	0.0	0.0	0.0	0.0	0.0	0.0	0.0	0.0	0.0	0.0	0.0	0.0	0.0	0.0	0.0	0.0	0.0	0.0	0.0	0.0	0.0	0.0	0.0	
4.38333333333	0.0	0.0	0.0	0.0	0.0	0.0	0.0	0.0	0.0	0.0	0.0	0.0	0.0	0.0	0.0	0.0	0.0	0.0	0.0	0.0	0.0	0.0	0.0	0.0	0.0	0.0	0.0	0.0	0.0	0.0	0.0	0.0	0.0	0.0	0.0	0.0	0.0	0.0	0.0	0.0	0.0	0.0	0.0	0.0	0.0	0.0	0.0	0.0	0.0	0.0	0.0	0.0	0.0	0.0	0.0	0.0	0.0	0.0	0.0	0.0	
4.4	0.0	0.0	0.0	0.0	0.0	0.0	0.0	0.0	0.0	0.0	0.0	0.0	0.0	0.0	0.0	0.0	0.0	0.0	0.0	0.0	0.0	0.0	0.0	0.0	0.0	0.0	0.0	0.0	0.0	0.0	0.0	0.0	0.0	0.0	0.0	0.0	0.0	0.0	0.0	0.0	0.0	0.0	0.0	0.0	0.0	0.0	0.0	0.0	0.0	0.0	0.0	0.0	0.0	0.0	0.0	0.0	0.0	0.0	0.0	0.0	
4.41666666667	0.0	0.0	0.0	0.0	0.0	0.0	0.0	0.0	0.0	0.0	0.0	0.0	0.0	0.0	0.0	0.0	0.0	0.0	0.0	0.0	0.0	0.0	0.0	0.0	0.0	0.0	0.0	0.0	0.0	0.0	0.0	0.0	0.0	0.0	0.0	0.0	0.0	0.0	0.0	0.0	0.0	0.0	0.0	0.0	0.0	0.0	0.0	0.0	0.0	0.0	0.0	0.0	0.0	0.0	0.0	0.0	0.0	0.0	0.0	0.0	
4.43333333333	0.0	0.0	0.0	0.0	0.0	0.0	0.0	0.0	0.0	0.0	0.0	0.0	0.0	0.0	0.0	0.0	0.0	0.0	0.0	0.0	0.0	0.0	0.0	0.0	0.0	0.0	0.0	0.0	0.0	0.0	0.0	0.0	0.0	0.0	0.0	0.0	0.0	0.0	0.0	0.0	0.0	0.0	0.0	0.0	0.0	0.0	0.0	0.0	0.0	0.0	0.0	0.0	0.0	0.0	0.0	0.0	0.0	0.0	0.0	0.0	
4.45	0.0	0.0	0.0	0.0	0.0	0.0	0.0	0.0	0.0	0.0	0.0	0.0	0.0	0.0	0.0	0.0	0.0	0.0	0.0	0.0	0.0	0.0	0.0	0.0	0.0	0.0	0.0	0.0	0.0	0.0	0.0	0.0	0.0	0.0	0.0	0.0	0.0	0.0	0.0	0.0	0.0	0.0	0.0	0.0	0.0	0.0	0.0	0.0	0.0	0.0	0.0	0.0	0.0	0.0	0.0	0.0	0.0	0.0	0.0	0.0	
4.46666666667	0.0	0.0	0.0	0.0	0.0	0.0	0.0	0.0	0.0	0.0	0.0	0.0	0.0	0.0	0.0	0.0	0.0	0.0	0.0	0.0	0.0	0.0	0.0	0.0	0.0	0.0	0.0	0.0	0.0	0.0	0.0	0.0	0.0	0.0	0.0	0.0	0.0	0.0	0.0	0.0	0.0	0.0	0.0	0.0	0.0	0.0	0.0	0.0	0.0	0.0	0.0	0.0	0.0	0.0	0.0	0.0	0.0	0.0	0.0	0.0	
4.48333333333	0.0	0.0	0.0	0.0	0.0	0.0	0.0	0.0	0.0	0.0	0.0	0.0	0.0	0.0	0.0	0.0	0.0	0.0	0.0	0.0	0.0	0.0	0.0	0.0	0.0	0.0	0.0	0.0	0.0	0.0	0.0	0.0	0.0	0.0	0.0	0.0	0.0	0.0	0.0	0.0	0.0	0.0	0.0	0.0	0.0	0.0	0.0	0.0	0.0	0.0	0.0	0.0	0.0	0.0	0.0	0.0	0.0	0.0	0.0	0.0	
4.5	0.0	0.0	0.0	0.0	0.0	0.0	0.0	0.0	0.0	0.0	0.0	0.0	0.0	0.0	0.0	0.0	0.0	0.0	0.0	0.0	0.0	0.0	0.0	0.0	0.0	0.0	0.0	0.0	0.0	0.0	0.0	0.0	0.0	0.0	0.0	0.0	0.0	0.0	0.0	0.0	0.0	0.0	0.0	0.0	0.0	0.0	0.0	0.0	0.0	0.0	0.0	0.0	0.0	0.0	0.0	0.0	0.0	0.0	0.0	0.0	
4.51666666667	0.0	0.0	0.0	0.0	0.0	0.0	0.0	0.0	0.0	0.0	0.0	0.0	0.0	0.0	0.0	0.0	0.0	0.0	0.0	0.0	0.0	0.0	0.0	0.0	0.0	0.0	0.0	0.0	0.0	0.0	0.0	0.0	0.0	0.0	0.0	0.0	0.0	0.0	0.0	0.0	0.0	0.0	0.0	0.0	0.0	0.0	0.0	0.0	0.0	0.0	0.0	0.0	0.0	0.0	0.0	0.0	0.0	0.0	0.0	0.0	
4.53333333333	0.0	0.0	0.0	0.0	0.0	0.0	0.0	0.0	0.0	0.0	0.0	0.0	0.0	0.0	0.0	0.0	0.0	0.0	0.0	0.0	0.0	0.0	0.0	0.0	0.0	0.0	0.0	0.0	0.0	0.0	0.0	0.0	0.0	0.0	0.0	0.0	0.0	0.0	0.0	0.0	0.0	0.0	0.0	0.0	0.0	0.0	0.0	0.0	0.0	0.0	0.0	0.0	0.0	0.0	0.0	0.0	0.0	0.0	0.0	0.0	
4.55	0.0	0.0	0.0	0.0	0.0	0.0	0.0	0.0	0.0	0.0	0.0	0.0	0.0	0.0	0.0	0.0	0.0	0.0	0.0	0.0	0.0	0.0	0.0	0.0	0.0	0.0	0.0	0.0	0.0	0.0	0.0	0.0	0.0	0.0	0.0	0.0	0.0	0.0	0.0	0.0	0.0	0.0	0.0	0.0	0.0	0.0	0.0	0.0	0.0	0.0	0.0	0.0	0.0	0.0	0.0	0.0	0.0	0.0	0.0	0.0	
4.56666666667	0.0	0.0	0.0	0.0	0.0	0.0	0.0	0.0	0.0	0.0	0.0	0.0	0.0	0.0	0.0	0.0	0.0	0.0	0.0	0.0	0.0	0.0	0.0	0.0	0.0	0.0	0.0	0.0	0.0	0.0	0.0	0.0	0.0	0.0	0.0	0.0	0.0	0.0	0.0	0.0	0.0	0.0	0.0	0.0	0.0	0.0	0.0	0.0	0.0	0.0	0.0	0.0	0.0	0.0	0.0	0.0	0.0	0.0	0.0	0.0	
4.58333333333	0.0	0.0	0.0	0.0	0.0	0.0	0.0	0.0	0.0	0.0	0.0	0.0	0.0	0.0	0.0	0.0	0.0	0.0	0.0	0.0	0.0	0.0	0.0	0.0	0.0	0.0	0.0	0.0	0.0	0.0	0.0	0.0	0.0	0.0	0.0	0.0	0.0	0.0	0.0	0.0	0.0	0.0	0.0	0.0	0.0	0.0	0.0	0.0	0.0	0.0	0.0	0.0	0.0	0.0	0.0	0.0	0.0	0.0	0.0	0.0	
4.6	0.0	0.0	0.0	0.0	0.0	0.0	0.0	0.0	0.0	0.0	0.0	0.0	0.0	0.0	0.0	0.0	0.0	0.0	0.0	0.0	0.0	0.0	0.0	0.0	0.0	0.0	0.0	0.0	0.0	0.0	0.0	0.0	0.0	0.0	0.0	0.0	0.0	0.0	0.0	0.0	0.0	0.0	0.0	0.0	0.0	0.0	0.0	0.0	0.0	0.0	0.0	0.0	0.0	0.0	0.0	0.0	0.0	0.0	0.0	0.0	
4.61666666667	0.0	0.0	0.0	0.0	0.0	0.0	0.0	0.0	0.0	0.0	0.0	0.0	0.0	0.0	0.0	0.0	0.0	0.0	0.0	0.0	0.0	0.0	0.0	0.0	0.0	0.0	0.0	0.0	0.0	0.0	0.0	0.0	0.0	0.0	0.0	0.0	0.0	0.0	0.0	0.0	0.0	0.0	0.0	0.0	0.0	0.0	0.0	0.0	0.0	0.0	0.0	0.0	0.0	0.0	0.0	0.0	0.0	0.0	0.0	0.0	
4.63333333333	0.0	0.0	0.0	0.0	0.0	0.0	0.0	0.0	0.0	0.0	0.0	0.0	0.0	0.0	0.0	0.0	0.0	0.0	0.0	0.0	0.0	0.0	0.0	0.0	0.0	0.0	0.0	0.0	0.0	0.0	0.0	0.0	0.0	0.0	0.0	0.0	0.0	0.0	0.0	0.0	0.0	0.0	0.0	0.0	0.0	0.0	0.0	0.0	0.0	0.0	0.0	0.0	0.0	0.0	0.0	0.0	0.0	0.0	0.0	0.0	
4.65	0.0	0.0	0.0	0.0	0.0	0.0	0.0	0.0	0.0	0.0	0.0	0.0	0.0	0.0	0.0	0.0	0.0	0.0	0.0	0.0	0.0	0.0	0.0	0.0	0.0	0.0	0.0	0.0	0.0	0.0	0.0	0.0	0.0	0.0	0.0	0.0	0.0	0.0	0.0	0.0	0.0	0.0	0.0	0.0	0.0	0.0	0.0	0.0	0.0	0.0	0.0	0.0	0.0	0.0	0.0	0.0	0.0	0.0	0.0	0.0	
4.66666666667	0.0	0.0	0.0	0.0	0.0	0.0	0.0	0.0	0.0	0.0	0.0	0.0	0.0	0.0	0.0	0.0	0.0	0.0	0.0	0.0	0.0	0.0	0.0	0.0	0.0	0.0	0.0	0.0	0.0	0.0	0.0	0.0	0.0	0.0	0.0	0.0	0.0	0.0	0.0	0.0	0.0	0.0	0.0	0.0	0.0	0.0	0.0	0.0	0.0	0.0	0.0	0.0	0.0	0.0	0.0	0.0	0.0	0.0	0.0	0.0	
4.68333333333	0.0	0.0	0.0	0.0	0.0	0.0	0.0	0.0	0.0	0.0	0.0	0.0	0.0	0.0	0.0	0.0	0.0	0.0	0.0	0.0	0.0	0.0	0.0	0.0	0.0	0.0	0.0	0.0	0.0	0.0	0.0	0.0	0.0	0.0	0.0	0.0	0.0	0.0	0.0	0.0	0.0	0.0	0.0	0.0	0.0	0.0	0.0	0.0	0.0	0.0	0.0	0.0	0.0	0.0	0.0	0.0	0.0	0.0	0.0	0.0	
4.7	0.0	0.0	0.0	0.0	0.0	0.0	0.0	0.0	0.0	0.0	0.0	0.0	0.0	0.0	0.0	0.0	0.0	0.0	0.0	0.0	0.0	0.0	0.0	0.0	0.0	0.0	0.0	0.0	0.0	0.0	0.0	0.0	0.0	0.0	0.0	0.0	0.0	0.0	0.0	0.0	0.0	0.0	0.0	0.0	0.0	0.0	0.0	0.0	0.0	0.0	0.0	0.0	0.0	0.0	0.0	0.0	0.0	0.0	0.0	0.0	
4.71666666667	0.0	0.0	0.0	0.0	0.0	0.0	0.0	0.0	0.0	0.0	0.0	0.0	0.0	0.0	0.0	0.0	0.0	0.0	0.0	0.0	0.0	0.0	0.0	0.0	0.0	0.0	0.0	0.0	0.0	0.0	0.0	0.0	0.0	0.0	0.0	0.0	0.0	0.0	0.0	0.0	0.0	0.0	0.0	0.0	0.0	0.0	0.0	0.0	0.0	0.0	0.0	0.0	0.0	0.0	0.0	0.0	0.0	0.0	0.0	0.0	
4.73333333333	0.0	0.0	0.0	0.0	0.0	0.0	0.0	0.0	0.0	0.0	0.0	0.0	0.0	0.0	0.0	0.0	0.0	0.0	0.0	0.0	0.0	0.0	0.0	0.0	0.0	0.0	0.0	0.0	0.0	0.0	0.0	0.0	0.0	0.0	0.0	0.0	0.0	0.0	0.0	0.0	0.0	0.0	0.0	0.0	0.0	0.0	0.0	0.0	0.0	0.0	0.0	0.0	0.0	0.0	0.0	0.0	0.0	0.0	0.0	0.0	
4.75	0.0	0.0	0.0	0.0	0.0	0.0	0.0	0.0	0.0	0.0	0.0	0.0	0.0	0.0	0.0	0.0	0.0	0.0	0.0	0.0	0.0	0.0	0.0	0.0	0.0	0.0	0.0	0.0	0.0	0.0	0.0	0.0	0.0	0.0	0.0	0.0	0.0	0.0	0.0	0.0	0.0	0.0	0.0	0.0	0.0	0.0	0.0	0.0	0.0	0.0	0.0	0.0	0.0	0.0	0.0	0.0	0.0	0.0	0.0	0.0	
4.76666666667	0.0	0.0	0.0	0.0	0.0	0.0	0.0	0.0	0.0	0.0	0.0	0.0	0.0	0.0	0.0	0.0	0.0	0.0	0.0	0.0	0.0	0.0	0.0	0.0	0.0	0.0	0.0	0.0	0.0	0.0	0.0	0.0	0.0	0.0	0.0	0.0	0.0	0.0	0.0	0.0	0.0	0.0	0.0	0.0	0.0	0.0	0.0	0.0	0.0	0.0	0.0	0.0	0.0	0.0	0.0	0.0	0.0	0.0	0.0	0.0	
4.78333333333	0.0	0.0	0.0	0.0	0.0	0.0	0.0	0.0	0.0	0.0	0.0	0.0	0.0	0.0	0.0	0.0	0.0	0.0	0.0	0.0	0.0	0.0	0.0	0.0	0.0	0.0	0.0	0.0	0.0	0.0	0.0	0.0	0.0	0.0	0.0	0.0	0.0	0.0	0.0	0.0	0.0	0.0	0.0	0.0	0.0	0.0	0.0	0.0	0.0	0.0	0.0	0.0	0.0	0.0	0.0	0.0	0.0	0.0	0.0	0.0	
4.8	0.0	0.0	0.0	0.0	0.0	0.0	0.0	0.0	0.0	0.0	0.0	0.0	0.0	0.0	0.0	0.0	0.0	0.0	0.0	0.0	0.0	0.0	0.0	0.0	0.0	0.0	0.0	0.0	0.0	0.0	0.0	0.0	0.0	0.0	0.0	0.0	0.0	0.0	0.0	0.0	0.0	0.0	0.0	0.0	0.0	0.0	0.0	0.0	0.0	0.0	0.0	0.0	0.0	0.0	0.0	0.0	0.0	0.0	0.0	0.0	
4.81666666667	0.0	0.0	0.0	0.0	0.0	0.0	0.0	0.0	0.0	0.0	0.0	0.0	0.0	0.0	0.0	0.0	0.0	0.0	0.0	0.0	0.0	0.0	0.0	0.0	0.0	0.0	0.0	0.0	0.0	0.0	0.0	0.0	0.0	0.0	0.0	0.0	0.0	0.0	0.0	0.0	0.0	0.0	0.0	0.0	0.0	0.0	0.0	0.0	0.0	0.0	0.0	0.0	0.0	0.0	0.0	0.0	0.0	0.0	0.0	0.0	
4.83333333333	0.0	0.0	0.0	0.0	0.0	0.0	0.0	0.0	0.0	0.0	0.0	0.0	0.0	0.0	0.0	0.0	0.0	0.0	0.0	0.0	0.0	0.0	0.0	0.0	0.0	0.0	0.0	0.0	0.0	0.0	0.0	0.0	0.0	0.0	0.0	0.0	0.0	0.0	0.0	0.0	0.0	0.0	0.0	0.0	0.0	0.0	0.0	0.0	0.0	0.0	0.0	0.0	0.0	0.0	0.0	0.0	0.0	0.0	0.0	0.0	
4.85	0.0	0.0	0.0	0.0	0.0	0.0	0.0	0.0	0.0	0.0	0.0	0.0	0.0	0.0	0.0	0.0	0.0	0.0	0.0	0.0	0.0	0.0	0.0	0.0	0.0	0.0	0.0	0.0	0.0	0.0	0.0	0.0	0.0	0.0	0.0	0.0	0.0	0.0	0.0	0.0	0.0	0.0	0.0	0.0	0.0	0.0	0.0	0.0	0.0	0.0	0.0	0.0	0.0	0.0	0.0	0.0	0.0	0.0	0.0	0.0	
4.86666666667	0.0	0.0	0.0	0.0	0.0	0.0	0.0	0.0	0.0	0.0	0.0	0.0	0.0	0.0	0.0	0.0	0.0	0.0	0.0	0.0	0.0	0.0	0.0	0.0	0.0	0.0	0.0	0.0	0.0	0.0	0.0	0.0	0.0	0.0	0.0	0.0	0.0	0.0	0.0	0.0	0.0	0.0	0.0	0.0	0.0	0.0	0.0	0.0	0.0	0.0	0.0	0.0	0.0	0.0	0.0	0.0	0.0	0.0	0.0	0.0	
4.88333333333	0.0	0.0	0.0	0.0	0.0	0.0	0.0	0.0	0.0	0.0	0.0	0.0	0.0	0.0	0.0	0.0	0.0	0.0	0.0	0.0	0.0	0.0	0.0	0.0	0.0	0.0	0.0	0.0	0.0	0.0	0.0	0.0	0.0	0.0	0.0	0.0	0.0	0.0	0.0	0.0	0.0	0.0	0.0	0.0	0.0	0.0	0.0	0.0	0.0	0.0	0.0	0.0	0.0	0.0	0.0	0.0	0.0	0.0	0.0	0.0	
4.9	0.0	0.0	0.0	0.0	0.0	0.0	0.0	0.0	0.0	0.0	0.0	0.0	0.0	0.0	0.0	0.0	0.0	0.0	0.0	0.0	0.0	0.0	0.0	0.0	0.0	0.0	0.0	0.0	0.0	0.0	0.0	0.0	0.0	0.0	0.0	0.0	0.0	0.0	0.0	0.0	0.0	0.0	0.0	0.0	0.0	0.0	0.0	0.0	0.0	0.0	0.0	0.0	0.0	0.0	0.0	0.0	0.0	0.0	0.0	0.0	
4.91666666667	0.0	0.0	0.0	0.0	0.0	0.0	0.0	0.0	0.0	0.0	0.0	0.0	0.0	0.0	0.0	0.0	0.0	0.0	0.0	0.0	0.0	0.0	0.0	0.0	0.0	0.0	0.0	0.0	0.0	0.0	0.0	0.0	0.0	0.0	0.0	0.0	0.0	0.0	0.0	0.0	0.0	0.0	0.0	0.0	0.0	0.0	0.0	0.0	0.0	0.0	0.0	0.0	0.0	0.0	0.0	0.0	0.0	0.0	0.0	0.0	
4.93333333333	0.0	0.0	0.0	0.0	0.0	0.0	0.0	0.0	0.0	0.0	0.0	0.0	0.0	0.0	0.0	0.0	0.0	0.0	0.0	0.0	0.0	0.0	0.0	0.0	0.0	0.0	0.0	0.0	0.0	0.0	0.0	0.0	0.0	0.0	0.0	0.0	0.0	0.0	0.0	0.0	0.0	0.0	0.0	0.0	0.0	0.0	0.0	0.0	0.0	0.0	0.0	0.0	0.0	0.0	0.0	0.0	0.0	0.0	0.0	0.0	
4.95	0.0	0.0	0.0	0.0	0.0	0.0	0.0	0.0	0.0	0.0	0.0	0.0	0.0	0.0	0.0	0.0	0.0	0.0	0.0	0.0	0.0	0.0	0.0	0.0	0.0	0.0	0.0	0.0	0.0	0.0	0.0	0.0	0.0	0.0	0.0	0.0	0.0	0.0	0.0	0.0	0.0	0.0	0.0	0.0	0.0	0.0	0.0	0.0	0.0	0.0	0.0	0.0	0.0	0.0	0.0	0.0	0.0	0.0	0.0	0.0	
4.96666666667	0.0	0.0	0.0	0.0	0.0	0.0	0.0	0.0	0.0	0.0	0.0	0.0	0.0	0.0	0.0	0.0	0.0	0.0	0.0	0.0	0.0	0.0	0.0	0.0	0.0	0.0	0.0	0.0	0.0	0.0	0.0	0.0	0.0	0.0	0.0	0.0	0.0	0.0	0.0	0.0	0.0	0.0	0.0	0.0	0.0	0.0	0.0	0.0	0.0	0.0	0.0	0.0	0.0	0.0	0.0	0.0	0.0	0.0	0.0	0.0	
4.98333333333	0.0	0.0	0.0	0.0	0.0	0.0	0.0	0.0	0.0	0.0	0.0	0.0	0.0	0.0	0.0	0.0	0.0	0.0	0.0	0.0	0.0	0.0	0.0	0.0	0.0	0.0	0.0	0.0	0.0	0.0	0.0	0.0	0.0	0.0	0.0	0.0	0.0	0.0	0.0	0.0	0.0	0.0	0.0	0.0	0.0	0.0	0.0	0.0	0.0	0.0	0.0	0.0	0.0	0.0	0.0	0.0	0.0	0.0	0.0	0.0	
5.0	131.166666667	132.566666667	133.966666667	135.366666667	136.766666667	138.166666667	139.566666667	140.966666667	142.366666667	143.766666667	0.0	0.0	1.13540273383e-06	2.22039262519e-06	1.63519311961e-06	-1.3317018843e-06	-7.92734193422e-06	-1.49903022702e-05	-2.21186464117e-05	-2.69279669132e-05	0.0	8.11001952733e-07	7.74992779548e-07	-4.17999646848e-07	-2.11921071708e-06	-4.71117146425e-06	-5.04497166858e-06	-5.09167438683e-06	-3.43522892964e-06	-3.04990132542e-06	130.239057117	130.223464132	130.207871147	130.192278162	130.176685177	130.161092192	130.145499207	130.129906222	130.114313237	130.098720252	-3.95616916509	-3.53708962896	-3.11801009284	-2.69893055671	-2.27985102058	-1.86077148446	-1.44169194833	-1.02261241221	-0.603532876083	-0.184453339958	-0.037190542323	-0.037190542323	-0.037190542323	-0.037190542323	-0.037190542323	-0.037190542323	-0.037190542323	-0.037190542323	-0.037190542323	-0.037190542323	
5.01666666667	131.166666667	132.566666667	133.966666667	135.366666667	136.766666667	138.166666667	139.566666667	140.966666667	142.366666667	143.766666667	0.0	0.0	1.13540273383e-06	2.22039262519e-06	1.63519311961e-06	-1.3317018843e-06	-7.92734193422e-06	-1.49903022702e-05	-2.21186464117e-05	-2.69279669132e-05	0.0	8.11001952733e-07	7.74992779548e-07	-4.17999646848e-07	-2.11921071708e-06	-4.71117146425e-06	-5.04497166858e-06	-5.09167438683e-06	-3.43522892964e-06	-3.04990132542e-06	130.239057117	130.223464132	130.207871147	130.192278162	130.176685177	130.161092192	130.145499207	130.129906222	130.114313237	130.098720252	-3.95616916509	-3.53708962896	-3.11801009284	-2.69893055671	-2.27985102058	-1.86077148446	-1.44169194833	-1.02261241221	-0.603532876083	-0.184453339958	-0.037190542323	-0.037190542323	-0.037190542323	-0.037190542323	-0.037190542323	-0.037190542323	-0.037190542323	-0.037190542323	-0.037190542323	-0.037190542323	
5.03333333333	131.166666667	132.566666667	133.966666667	135.366666667	136.766666667	138.166666667	139.566666667	140.966666667	142.366666667	143.766666667	0.0	0.0	1.13540273383e-06	2.22039262519e-06	1.63519311961e-06	-1.3317018843e-06	-7.92734193422e-06	-1.49903022702e-05	-2.21186464117e-05	-2.69279669132e-05	0.0	8.11001952733e-07	7.74992779548e-07	-4.17999646848e-07	-2.11921071708e-06	-4.71117146425e-06	-5.04497166858e-06	-5.09167438683e-06	-3.43522892964e-06	-3.04990132542e-06	130.239057117	130.223464132	130.207871147	130.192278162	130.176685177	130.161092192	130.145499207	130.129906222	130.114313237	130.098720252	-3.95616916509	-3.53708962896	-3.11801009284	-2.69893055671	-2.27985102058	-1.86077148446	-1.44169194833	-1.02261241221	-0.603532876083	-0.184453339958	-0.037190542323	-0.037190542323	-0.037190542323	-0.037190542323	-0.037190542323	-0.037190542323	-0.037190542323	-0.037190542323	-0.037190542323	-0.037190542323	
5.05	131.166666667	132.566666667	133.966666667	135.366666667	136.766666667	138.166666667	139.566666667	140.966666667	142.366666667	143.766666667	0.0	0.0	1.13540273383e-06	2.22039262519e-06	1.63519311961e-06	-1.3317018843e-06	-7.92734193422e-06	-1.49903022702e-05	-2.21186464117e-05	-2.69279669132e-05	0.0	8.11001952733e-07	7.74992779548e-07	-4.17999646848e-07	-2.11921071708e-06	-4.71117146425e-06	-5.04497166858e-06	-5.09167438683e-06	-3.43522892964e-06	-3.04990132542e-06	130.239057117	130.223464132	130.207871147	130.192278162	130.176685177	130.161092192	130.145499207	130.129906222	130.114313237	130.098720252	-3.95616916509	-3.53708962896	-3.11801009284	-2.69893055671	-2.27985102058	-1.86077148446	-1.44169194833	-1.02261241221	-0.603532876083	-0.184453339958	-0.037190542323	-0.037190542323	-0.037190542323	-0.037190542323	-0.037190542323	-0.037190542323	-0.037190542323	-0.037190542323	-0.037190542323	-0.037190542323	
5.06666666667	131.166666667	132.566666667	133.966666667	135.366666667	136.766666667	138.166666667	139.566666667	140.966666667	142.366666667	143.766666667	0.0	0.0	1.13540273383e-06	2.22039262519e-06	1.63519311961e-06	-1.3317018843e-06	-7.92734193422e-06	-1.49903022702e-05	-2.21186464117e-05	-2.69279669132e-05	0.0	8.11001952733e-07	7.74992779548e-07	-4.17999646848e-07	-2.11921071708e-06	-4.71117146425e-06	-5.04497166858e-06	-5.09167438683e-06	-3.43522892964e-06	-3.04990132542e-06	130.239057117	130.223464132	130.207871147	130.192278162	130.176685177	130.161092192	130.145499207	130.129906222	130.114313237	130.098720252	-3.95616916509	-3.53708962896	-3.11801009284	-2.69893055671	-2.27985102058	-1.86077148446	-1.44169194833	-1.02261241221	-0.603532876083	-0.184453339958	-0.037190542323	-0.037190542323	-0.037190542323	-0.037190542323	-0.037190542323	-0.037190542323	-0.037190542323	-0.037190542323	-0.037190542323	-0.037190542323	
5.08333333333	131.166666667	132.566666667	133.966666667	135.366666667	136.766666667	138.166666667	139.566666667	140.966666667	142.366666667	143.766666667	0.0	0.0	1.13540273383e-06	2.22039262519e-06	1.63519311961e-06	-1.3317018843e-06	-7.92734193422e-06	-1.49903022702e-05	-2.21186464117e-05	-2.69279669132e-05	0.0	8.11001952733e-07	7.74992779548e-07	-4.17999646848e-07	-2.11921071708e-06	-4.71117146425e-06	-5.04497166858e-06	-5.09167438683e-06	-3.43522892964e-06	-3.04990132542e-06	130.239057117	130.223464132	130.207871147	130.192278162	130.176685177	130.161092192	130.145499207	130.129906222	130.114313237	130.098720252	-3.95616916509	-3.53708962896	-3.11801009284	-2.69893055671	-2.27985102058	-1.86077148446	-1.44169194833	-1.02261241221	-0.603532876083	-0.184453339958	-0.037190542323	-0.037190542323	-0.037190542323	-0.037190542323	-0.037190542323	-0.037190542323	-0.037190542323	-0.037190542323	-0.037190542323	-0.037190542323	
5.1	131.166666667	132.566666667	133.966666667	135.366666667	136.766666667	138.166666667	139.566666667	140.966666667	142.366666667	143.766666667	0.0	0.0	1.13540273383e-06	2.22039262519e-06	1.63519311961e-06	-1.3317018843e-06	-7.92734193422e-06	-1.49903022702e-05	-2.21186464117e-05	-2.69279669132e-05	0.0	8.11001952733e-07	7.74992779548e-07	-4.17999646848e-07	-2.11921071708e-06	-4.71117146425e-06	-5.04497166858e-06	-5.09167438683e-06	-3.43522892964e-06	-3.04990132542e-06	130.239057117	130.223464132	130.207871147	130.192278162	130.176685177	130.161092192	130.145499207	130.129906222	130.114313237	130.098720252	-3.95616916509	-3.53708962896	-3.11801009284	-2.69893055671	-2.27985102058	-1.86077148446	-1.44169194833	-1.02261241221	-0.603532876083	-0.184453339958	-0.037190542323	-0.037190542323	-0.037190542323	-0.037190542323	-0.037190542323	-0.037190542323	-0.037190542323	-0.037190542323	-0.037190542323	-0.037190542323	
5.11666666667	132.6912725	134.0226025	135.3539325	136.6852625	138.0165925	139.3479225	140.6792525	142.0105825	143.3419125	144.6732425	0.0	0.0	1.36387527167e-07	2.02170963915e-07	7.71730919795e-07	5.55457042888e-07	1.11140819708e-06	7.650258753e-07	2.05162369061e-06	1.45827635041e-06	0.0	1.02444568338e-07	4.9411818819e-08	4.27812755571e-07	-1.62449488035e-07	4.17590795813e-07	-2.60177658266e-07	9.66400378041e-07	-4.45680139555e-07	1.88056221136e-07	130.24765815	130.27166288	130.29566761	130.31967234	130.34367707	130.3676818	130.39168653	130.41569126	130.439695991	130.463700721	-3.49411364832	-3.11590861806	-2.73770358781	-2.35949855755	-1.98129352729	-1.60308849704	-1.22488346678	-0.846678436527	-0.468473406272	-0.090268376016	0.0633851267378	0.0633851267378	0.0633851267378	0.0633851267378	0.0633851267378	0.0633851267378	0.0633851267378	0.0633851267378	0.0633851267378	0.0633851267378	
5.13333333333	132.6912725	134.0226025	135.3539325	136.6852625	138.0165925	139.3479225	140.6792525	142.0105825	143.3419125	144.6732425	0.0	0.0	1.36387527167e-07	2.02170963915e-07	7.71730919795e-07	5.55457042888e-07	1.11140819708e-06	7.650258753e-07	2.05162369061e-06	1.45827635041e-06	0.0	1.02444568338e-07	4.9411818819e-08	4.27812755571e-07	-1.62449488035e-07	4.17590795813e-07	-2.60177658266e-07	9.66400378041e-07	-4.45680139555e-07	1.88056221136e-07	130.24765815	130.27166288	130.29566761	130.31967234	130.34367707	130.3676818	130.39168653	130.41569126	130.439695991	130.463700721	-3.49411364832	-3.11590861806	-2.73770358781	-2.35949855755	-1.98129352729	-1.60308849704	-1.22488346678	-0.846678436527	-0.468473406272	-0.090268376016	0.0633851267378	0.0633851267378	0.0633851267378	0.0633851267378	0.0633851267378	0.0633851267378	0.0633851267378	0.0633851267378	0.0633851267378	0.0633851267378	
5.15	132.6912725	134.0226025	135.3539325	136.6852625	138.0165925	139.3479225	140.6792525	142.0105825	143.3419125	144.6732425	0.0	0.0	1.36387527167e-07	2.02170963915e-07	7.71730919795e-07	5.55457042888e-07	1.11140819708e-06	7.650258753e-07	2.05162369061e-06	1.45827635041e-06	0.0	1.02444568338e-07	4.9411818819e-08	4.27812755571e-07	-1.62449488035e-07	4.17590795813e-07	-2.60177658266e-07	9.66400378041e-07	-4.45680139555e-07	1.88056221136e-07	130.24765815	130.27166288	130.29566761	130.31967234	130.34367707	130.3676818	130.39168653	130.41569126	130.439695991	130.463700721	-3.49411364832	-3.11590861806	-2.73770358781	-2.35949855755	-1.98129352729	-1.60308849704	-1.22488346678	-0.846678436527	-0.468473406272	-0.090268376016	0.0633851267378	0.0633851267378	0.0633851267378	0.0633851267378	0.0633851267378	0.0633851267378	0.0633851267378	0.0633851267378	0.0633851267378	0.0633851267378	
5.16666666667	132.6912725	134.0226025	135.3539325	136.6852625	138.0165925	139.3479225	140.6792525	142.0105825	143.3419125	144.6732425	0.0	0.0	1.36387527167e-07	2.02170963915e-07	7.71730919795e-07	5.55457042888e-07	1.11140819708e-06	7.650258753e-07	2.05162369061e-06	1.45827635041e-06	0.0	1.02444568338e-07	4.9411818819e-08	4.27812755571e-07	-1.62449488035e-07	4.17590795813e-07	-2.60177658266e-07	9.66400378041e-07	-4.45680139555e-07	1.88056221136e-07	130.24765815	130.27166288	130.29566761	130.31967234	130.34367707	130.3676818	130.39168653	130.41569126	130.439695991	130.463700721	-3.49411364832	-3.11590861806	-2.73770358781	-2.35949855755	-1.98129352729	-1.60308849704	-1.22488346678	-0.846678436527	-0.468473406272	-0.090268376016	0.0633851267378	0.0633851267378	0.0633851267378	0.0633851267378	0.0633851267378	0.0633851267378	0.0633851267378	0.0633851267378	0.0633851267378	0.0633851267378	
5.18333333333	132.6912725	134.0226025	135.3539325	136.6852625	138.0165925	139.3479225	140.6792525	142.0105825	143.3419125	144.6732425	0.0	0.0	1.36387527167e-07	2.02170963915e-07	7.71730919795e-07	5.55457042888e-07	1.11140819708e-06	7.650258753e-07	2.05162369061e-06	1.45827635041e-06	0.0	1.02444568338e-07	4.9411818819e-08	4.27812755571e-07	-1.62449488035e-07	4.17590795813e-07	-2.60177658266e-07	9.66400378041e-07	-4.45680139555e-07	1.88056221136e-07	130.24765815	130.27166288	130.29566761	130.31967234	130.34367707	130.3676818	130.39168653	130.41569126	130.439695991	130.463700721	-3.49411364832	-3.11590861806	-2.73770358781	-2.35949855755	-1.98129352729	-1.60308849704	-1.22488346678	-0.846678436527	-0.468473406272	-0.090268376016	0.0633851267378	0.0633851267378	0.0633851267378	0.0633851267378	0.0633851267378	0.0633851267378	0.0633851267378	0.0633851267378	0.0633851267378	0.0633851267378	
5.2	132.6912725	134.0226025	135.3539325	136.6852625	138.0165925	139.3479225	140.6792525	142.0105825	143.3419125	144.6732425	0.0	0.0	1.36387527167e-07	2.02170963915e-07	7.71730919795e-07	5.55457042888e-07	1.11140819708e-06	7.650258753e-07	2.05162369061e-06	1.45827635041e-06	0.0	1.02444568338e-07	4.9411818819e-08	4.27812755571e-07	-1.62449488035e-07	4.17590795813e-07	-2.60177658266e-07	9.66400378041e-07	-4.45680139555e-07	1.88056221136e-07	130.24765815	130.27166288	130.29566761	130.31967234	130.34367707	130.3676818	130.39168653	130.41569126	130.439695991	130.463700721	-3.49411364832	-3.11590861806	-2.73770358781	-2.35949855755	-1.98129352729	-1.60308849704	-1.22488346678	-0.846678436527	-0.468473406272	-0.090268376016	0.0633851267378	0.0633851267378	0.0633851267378	0.0633851267378	0.0633851267378	0.0633851267378	0.0633851267378	0.0633851267378	0.0633851267378	0.0633851267378	
5.21666666667	133.9343125	135.2067825	136.4792525	137.7517225	139.0241925	140.2966625	141.5691325	142.8416025	144.1140725	145.3865425	0.0	0.0	-1.96191156483e-06	-2.09633781227e-06	-3.20012374473e-06	-2.82337759207e-06	-2.88943106758e-06	-1.35242842966e-06	-1.16347915427e-06	5.0120199084e-07	0.0	-1.54181361039e-06	-1.05641977764e-07	-8.67435721425e-07	2.96074683608e-07	-5.19096524943e-08	1.20788909594e-06	1.48490161171e-07	1.30822820585e-06	-6.42227438405e-08	130.289651169	130.343985112	130.398319054	130.452652997	130.506986939	130.561320882	130.615654824	130.669988767	130.724322709	130.778656652	-3.13794955362	-2.79792885029	-2.45790814695	-2.11788744361	-1.77786674028	-1.43784603694	-1.0978253336	-0.757804630267	-0.417783926931	-0.077763223594	0.15845633125	0.15845633125	0.15845633125	0.15845633125	0.15845633125	0.15845633125	0.15845633125	0.15845633125	0.15845633125	0.15845633125	
5.23333333333	133.9343125	135.2067825	136.4792525	137.7517225	139.0241925	140.2966625	141.5691325	142.8416025	144.1140725	145.3865425	0.0	0.0	-1.96191156483e-06	-2.09633781227e-06	-3.20012374473e-06	-2.82337759207e-06	-2.88943106758e-06	-1.35242842966e-06	-1.16347915427e-06	5.0120199084e-07	0.0	-1.54181361039e-06	-1.05641977764e-07	-8.67435721425e-07	2.96074683608e-07	-5.19096524943e-08	1.20788909594e-06	1.48490161171e-07	1.30822820585e-06	-6.42227438405e-08	130.289651169	130.343985112	130.398319054	130.452652997	130.506986939	130.561320882	130.615654824	130.669988767	130.724322709	130.778656652	-3.13794955362	-2.79792885029	-2.45790814695	-2.11788744361	-1.77786674028	-1.43784603694	-1.0978253336	-0.757804630267	-0.417783926931	-0.077763223594	0.15845633125	0.15845633125	0.15845633125	0.15845633125	0.15845633125	0.15845633125	0.15845633125	0.15845633125	0.15845633125	0.15845633125	
5.25	133.9343125	135.2067825	136.4792525	137.7517225	139.0241925	140.2966625	141.5691325	142.8416025	144.1140725	145.3865425	0.0	0.0	-1.96191156483e-06	-2.09633781227e-06	-3.20012374473e-06	-2.82337759207e-06	-2.88943106758e-06	-1.35242842966e-06	-1.16347915427e-06	5.0120199084e-07	0.0	-1.54181361039e-06	-1.05641977764e-07	-8.67435721425e-07	2.96074683608e-07	-5.19096524943e-08	1.20788909594e-06	1.48490161171e-07	1.30822820585e-06	-6.42227438405e-08	130.289651169	130.343985112	130.398319054	130.452652997	130.506986939	130.561320882	130.615654824	130.669988767	130.724322709	130.778656652	-3.13794955362	-2.79792885029	-2.45790814695	-2.11788744361	-1.77786674028	-1.43784603694	-1.0978253336	-0.757804630267	-0.417783926931	-0.077763223594	0.15845633125	0.15845633125	0.15845633125	0.15845633125	0.15845633125	0.15845633125	0.15845633125	0.15845633125	0.15845633125	0.15845633125	
5.26666666667	133.9343125	135.2067825	136.4792525	137.7517225	139.0241925	140.2966625	141.5691325	142.8416025	144.1140725	145.3865425	0.0	0.0	-1.96191156483e-06	-2.09633781227e-06	-3.20012374473e-06	-2.82337759207e-06	-2.88943106758e-06	-1.35242842966e-06	-1.16347915427e-06	5.0120199084e-07	0.0	-1.54181361039e-06	-1.05641977764e-07	-8.67435721425e-07	2.96074683608e-07	-5.19096524943e-08	1.20788909594e-06	1.48490161171e-07	1.30822820585e-06	-6.42227438405e-08	130.289651169	130.343985112	130.398319054	130.452652997	130.506986939	130.561320882	130.615654824	130.669988767	130.724322709	130.778656652	-3.13794955362	-2.79792885029	-2.45790814695	-2.11788744361	-1.77786674028	-1.43784603694	-1.0978253336	-0.757804630267	-0.417783926931	-0.077763223594	0.15845633125	0.15845633125	0.15845633125	0.15845633125	0.15845633125	0.15845633125	0.15845633125	0.15845633125	0.15845633125	0.15845633125	
5.28333333333	133.9343125	135.2067825	136.4792525	137.7517225	139.0241925	140.2966625	141.5691325	142.8416025	144.1140725	145.3865425	0.0	0.0	-1.96191156483e-06	-2.09633781227e-06	-3.20012374473e-06	-2.82337759207e-06	-2.88943106758e-06	-1.35242842966e-06	-1.16347915427e-06	5.0120199084e-07	0.0	-1.54181361039e-06	-1.05641977764e-07	-8.67435721425e-07	2.96074683608e-07	-5.19096524943e-08	1.20788909594e-06	1.48490161171e-07	1.30822820585e-06	-6.42227438405e-08	130.289651169	130.343985112	130.398319054	130.452652997	130.506986939	130.561320882	130.615654824	130.669988767	130.724322709	130.778656652	-3.13794955362	-2.79792885029	-2.45790814695	-2.11788744361	-1.77786674028	-1.43784603694	-1.0978253336	-0.757804630267	-0.417783926931	-0.077763223594	0.15845633125	0.15845633125	0.15845633125	0.15845633125	0.15845633125	0.15845633125	0.15845633125	0.15845633125	0.15845633125	0.15845633125	
5.3	133.9343125	135.2067825	136.4792525	137.7517225	139.0241925	140.2966625	141.5691325	142.8416025	144.1140725	145.3865425	0.0	0.0	-1.96191156483e-06	-2.09633781227e-06	-3.20012374473e-06	-2.82337759207e-06	-2.88943106758e-06	-1.35242842966e-06	-1.16347915427e-06	5.0120199084e-07	0.0	-1.54181361039e-06	-1.05641977764e-07	-8.67435721425e-07	2.96074683608e-07	-5.19096524943e-08	1.20788909594e-06	1.48490161171e-07	1.30822820585e-06	-6.42227438405e-08	130.289651169	130.343985112	130.398319054	130.452652997	130.506986939	130.561320882	130.615654824	130.669988767	130.724322709	130.778656652	-3.13794955362	-2.79792885029	-2.45790814695	-2.11788744361	-1.77786674028	-1.43784603694	-1.0978253336	-0.757804630267	-0.417783926931	-0.077763223594	0.15845633125	0.15845633125	0.15845633125	0.15845633125	0.15845633125	0.15845633125	0.15845633125	0.15845633125	0.15845633125	0.15845633125	
5.31666666667	133.9343125	135.2067825	136.4792525	137.7517225	139.0241925	140.2966625	141.5691325	142.8416025	144.1140725	145.3865425	0.0	0.0	-1.96191156483e-06	-2.09633781227e-06	-3.20012374473e-06	-2.82337759207e-06	-2.88943106758e-06	-1.35242842966e-06	-1.16347915427e-06	5.0120199084e-07	0.0	-1.54181361039e-06	-1.05641977764e-07	-8.67435721425e-07	2.96074683608e-07	-5.19096524943e-08	1.20788909594e-06	1.48490161171e-07	1.30822820585e-06	-6.42227438405e-08	130.289651169	130.343985112	130.398319054	130.452652997	130.506986939	130.561320882	130.615654824	130.669988767	130.724322709	130.778656652	-3.13794955362	-2.79792885029	-2.45790814695	-2.11788744361	-1.77786674028	-1.43784603694	-1.0978253336	-0.757804630267	-0.417783926931	-0.077763223594	0.15845633125	0.15845633125	0.15845633125	0.15845633125	0.15845633125	0.15845633125	0.15845633125	0.15845633125	0.15845633125	0.15845633125	
5.33333333333	135.310133333	136.513933333	137.717733334	138.921533334	140.125333334	141.329133334	142.532933334	143.736733334	144.940533334	146.144333334	0.0	0.0	2.57191804471e-07	-3.33978495583e-07	-3.75156616118e-07	-8.2525790165e-07	-3.52752752915e-07	-1.82061289123e-07	1.31692054499e-06	2.81943738327e-06	0.0	2.13649945556e-07	-4.91086808464e-07	-3.42067789775e-08	-3.73900386703e-07	3.92511338025e-07	1.41793872558e-07	1.24520836854e-06	1.24814490631e-06	1.45888586383e-06	130.373805245	130.458429487	130.543053729	130.627677971	130.712302213	130.796926455	130.881550697	130.966174939	131.050799181	131.135423423	-2.77297540743	-2.48106306351	-2.18915071959	-1.89723837567	-1.60532603175	-1.31341368783	-1.02150134391	-0.729588999987	-0.437676656066	-0.145764312145	0.282161554046	0.282161554046	0.282161554046	0.282161554046	0.282161554046	0.282161554046	0.282161554046	0.282161554046	0.282161554046	0.282161554046	
5.35	135.310133333	136.513933333	137.717733334	138.921533334	140.125333334	141.329133334	142.532933334	143.736733334	144.940533334	146.144333334	0.0	0.0	2.57191804471e-07	-3.33978495583e-07	-3.75156616118e-07	-8.2525790165e-07	-3.52752752915e-07	-1.82061289123e-07	1.31692054499e-06	2.81943738327e-06	0.0	2.13649945556e-07	-4.91086808464e-07	-3.42067789775e-08	-3.73900386703e-07	3.92511338025e-07	1.41793872558e-07	1.24520836854e-06	1.24814490631e-06	1.45888586383e-06	130.373805245	130.458429487	130.543053729	130.627677971	130.712302213	130.796926455	130.881550697	130.966174939	131.050799181	131.135423423	-2.77297540743	-2.48106306351	-2.18915071959	-1.89723837567	-1.60532603175	-1.31341368783	-1.02150134391	-0.729588999987	-0.437676656066	-0.145764312145	0.282161554046	0.282161554046	0.282161554046	0.282161554046	0.282161554046	0.282161554046	0.282161554046	0.282161554046	0.282161554046	0.282161554046	
5.36666666667	135.310133333	136.513933333	137.717733334	138.921533334	140.125333334	141.329133334	142.532933334	143.736733334	144.940533334	146.144333334	0.0	0.0	2.57191804471e-07	-3.33978495583e-07	-3.75156616118e-07	-8.2525790165e-07	-3.52752752915e-07	-1.82061289123e-07	1.31692054499e-06	2.81943738327e-06	0.0	2.13649945556e-07	-4.91086808464e-07	-3.42067789775e-08	-3.73900386703e-07	3.92511338025e-07	1.41793872558e-07	1.24520836854e-06	1.24814490631e-06	1.45888586383e-06	130.373805245	130.458429487	130.543053729	130.627677971	130.712302213	130.796926455	130.881550697	130.966174939	131.050799181	131.135423423	-2.77297540743	-2.48106306351	-2.18915071959	-1.89723837567	-1.60532603175	-1.31341368783	-1.02150134391	-0.729588999987	-0.437676656066	-0.145764312145	0.282161554046	0.282161554046	0.282161554046	0.282161554046	0.282161554046	0.282161554046	0.282161554046	0.282161554046	0.282161554046	0.282161554046	
5.38333333333	135.310133333	136.513933333	137.717733334	138.921533334	140.125333334	141.329133334	142.532933334	143.736733334	144.940533334	146.144333334	0.0	0.0	2.57191804471e-07	-3.33978495583e-07	-3.75156616118e-07	-8.2525790165e-07	-3.52752752915e-07	-1.82061289123e-07	1.31692054499e-06	2.81943738327e-06	0.0	2.13649945556e-07	-4.91086808464e-07	-3.42067789775e-08	-3.73900386703e-07	3.92511338025e-07	1.41793872558e-07	1.24520836854e-06	1.24814490631e-06	1.45888586383e-06	130.373805245	130.458429487	130.543053729	130.627677971	130.712302213	130.796926455	130.881550697	130.966174939	131.050799181	131.135423423	-2.77297540743	-2.48106306351	-2.18915071959	-1.89723837567	-1.60532603175	-1.31341368783	-1.02150134391	-0.729588999987	-0.437676656066	-0.145764312145	0.282161554046	0.282161554046	0.282161554046	0.282161554046	0.282161554046	0.282161554046	0.282161554046	0.282161554046	0.282161554046	0.282161554046	
5.4	135.310133333	136.513933333	137.717733334	138.921533334	140.125333334	141.329133334	142.532933334	143.736733334	144.940533334	146.144333334	0.0	0.0	2.57191804471e-07	-3.33978495583e-07	-3.75156616118e-07	-8.2525790165e-07	-3.52752752915e-07	-1.82061289123e-07	1.31692054499e-06	2.81943738327e-06	0.0	2.13649945556e-07	-4.91086808464e-07	-3.42067789775e-08	-3.73900386703e-07	3.92511338025e-07	1.41793872558e-07	1.24520836854e-06	1.24814490631e-06	1.45888586383e-06	130.373805245	130.458429487	130.543053729	130.627677971	130.712302213	130.796926455	130.881550697	130.966174939	131.050799181	131.135423423	-2.77297540743	-2.48106306351	-2.18915071959	-1.89723837567	-1.60532603175	-1.31341368783	-1.02150134391	-0.729588999987	-0.437676656066	-0.145764312145	0.282161554046	0.282161554046	0.282161554046	0.282161554046	0.282161554046	0.282161554046	0.282161554046	0.282161554046	0.282161554046	0.282161554046	
5.41666666667	135.310133333	136.513933333	137.717733334	138.921533334	140.125333334	141.329133334	142.532933334	143.736733334	144.940533334	146.144333334	0.0	0.0	2.57191804471e-07	-3.33978495583e-07	-3.75156616118e-07	-8.2525790165e-07	-3.52752752915e-07	-1.82061289123e-07	1.31692054499e-06	2.81943738327e-06	0.0	2.13649945556e-07	-4.91086808464e-07	-3.42067789775e-08	-3.73900386703e-07	3.92511338025e-07	1.41793872558e-07	1.24520836854e-06	1.24814490631e-06	1.45888586383e-06	130.373805245	130.458429487	130.543053729	130.627677971	130.712302213	130.796926455	130.881550697	130.966174939	131.050799181	131.135423423	-2.77297540743	-2.48106306351	-2.18915071959	-1.89723837567	-1.60532603175	-1.31341368783	-1.02150134391	-0.729588999987	-0.437676656066	-0.145764312145	0.282161554046	0.282161554046	0.282161554046	0.282161554046	0.282161554046	0.282161554046	0.282161554046	0.282161554046	0.282161554046	0.282161554046	
5.43333333333	136.425643333	137.570583334	138.715523334	139.860463334	141.005403334	142.150343334	143.295283334	144.440223334	145.585163334	146.730103334	0.0	0.0	-1.16225038642e-06	5.3476702089e-07	3.58842769804e-06	1.01554933066e-05	1.64389529756e-05	2.17351089388e-05	2.37586057289e-05	2.91625467176e-05	0.0	-1.01511903363e-06	1.48218894198e-06	2.66709231664e-06	5.73572904113e-06	5.48802528399e-06	4.62570611824e-06	1.76733871645e-06	4.71984644476e-06	-1.96016280364e-06	130.470948895	130.576296439	130.681643984	130.786991528	130.892339073	130.997686617	131.103034162	131.208381706	131.313729251	131.419076795	-2.50657287724	-2.25873398881	-2.01089510038	-1.76305621195	-1.51521732352	-1.26737843508	-1.01953954665	-0.77170065822	-0.523861769788	-0.276022881357	0.401925385209	0.401925385209	0.401925385209	0.401925385209	0.401925385209	0.401925385209	0.401925385209	0.401925385209	0.401925385209	0.401925385209	
5.45	136.425643333	137.570583334	138.715523334	139.860463334	141.005403334	142.150343334	143.295283334	144.440223334	145.585163334	146.730103334	0.0	0.0	-1.16225038642e-06	5.3476702089e-07	3.58842769804e-06	1.01554933066e-05	1.64389529756e-05	2.17351089388e-05	2.37586057289e-05	2.91625467176e-05	0.0	-1.01511903363e-06	1.48218894198e-06	2.66709231664e-06	5.73572904113e-06	5.48802528399e-06	4.62570611824e-06	1.76733871645e-06	4.71984644476e-06	-1.96016280364e-06	130.470948895	130.576296439	130.681643984	130.786991528	130.892339073	130.997686617	131.103034162	131.208381706	131.313729251	131.419076795	-2.50657287724	-2.25873398881	-2.01089510038	-1.76305621195	-1.51521732352	-1.26737843508	-1.01953954665	-0.77170065822	-0.523861769788	-0.276022881357	0.401925385209	0.401925385209	0.401925385209	0.401925385209	0.401925385209	0.401925385209	0.401925385209	0.401925385209	0.401925385209	0.401925385209	
5.46666666667	136.425643333	137.570583334	138.715523334	139.860463334	141.005403334	142.150343334	143.295283334	144.440223334	145.585163334	146.730103334	0.0	0.0	-1.16225038642e-06	5.3476702089e-07	3.58842769804e-06	1.01554933066e-05	1.64389529756e-05	2.17351089388e-05	2.37586057289e-05	2.91625467176e-05	0.0	-1.01511903363e-06	1.48218894198e-06	2.66709231664e-06	5.73572904113e-06	5.48802528399e-06	4.62570611824e-06	1.76733871645e-06	4.71984644476e-06	-1.96016280364e-06	130.470948895	130.576296439	130.681643984	130.786991528	130.892339073	130.997686617	131.103034162	131.208381706	131.313729251	131.419076795	-2.50657287724	-2.25873398881	-2.01089510038	-1.76305621195	-1.51521732352	-1.26737843508	-1.01953954665	-0.77170065822	-0.523861769788	-0.276022881357	0.401925385209	0.401925385209	0.401925385209	0.401925385209	0.401925385209	0.401925385209	0.401925385209	0.401925385209	0.401925385209	0.401925385209	
5.48333333333	136.425643333	137.570583334	138.715523334	139.860463334	141.005403334	142.150343334	143.295283334	144.440223334	145.585163334	146.730103334	0.0	0.0	-1.16225038642e-06	5.3476702089e-07	3.58842769804e-06	1.01554933066e-05	1.64389529756e-05	2.17351089388e-05	2.37586057289e-05	2.91625467176e-05	0.0	-1.01511903363e-06	1.48218894198e-06	2.66709231664e-06	5.73572904113e-06	5.48802528399e-06	4.62570611824e-06	1.76733871645e-06	4.71984644476e-06	-1.96016280364e-06	130.470948895	130.576296439	130.681643984	130.786991528	130.892339073	130.997686617	131.103034162	131.208381706	131.313729251	131.419076795	-2.50657287724	-2.25873398881	-2.01089510038	-1.76305621195	-1.51521732352	-1.26737843508	-1.01953954665	-0.77170065822	-0.523861769788	-0.276022881357	0.401925385209	0.401925385209	0.401925385209	0.401925385209	0.401925385209	0.401925385209	0.401925385209	0.401925385209	0.401925385209	0.401925385209	
5.5	136.425643333	137.570583334	138.715523334	139.860463334	141.005403334	142.150343334	143.295283334	144.440223334	145.585163334	146.730103334	0.0	0.0	-1.16225038642e-06	5.3476702089e-07	3.58842769804e-06	1.01554933066e-05	1.64389529756e-05	2.17351089388e-05	2.37586057289e-05	2.91625467176e-05	0.0	-1.01511903363e-06	1.48218894198e-06	2.66709231664e-06	5.73572904113e-06	5.48802528399e-06	4.62570611824e-06	1.76733871645e-06	4.71984644476e-06	-1.96016280364e-06	130.470948895	130.576296439	130.681643984	130.786991528	130.892339073	130.997686617	131.103034162	131.208381706	131.313729251	131.419076795	-2.50657287724	-2.25873398881	-2.01089510038	-1.76305621195	-1.51521732352	-1.26737843508	-1.01953954665	-0.77170065822	-0.523861769788	-0.276022881357	0.401925385209	0.401925385209	0.401925385209	0.401925385209	0.401925385209	0.401925385209	0.401925385209	0.401925385209	0.401925385209	0.401925385209	
5.51666666667	136.425643333	137.570583334	138.715523334	139.860463334	141.005403334	142.150343334	143.295283334	144.440223334	145.585163334	146.730103334	0.0	0.0	-1.16225038642e-06	5.3476702089e-07	3.58842769804e-06	1.01554933066e-05	1.64389529756e-05	2.17351089388e-05	2.37586057289e-05	2.91625467176e-05	0.0	-1.01511903363e-06	1.48218894198e-06	2.66709231664e-06	5.73572904113e-06	5.48802528399e-06	4.62570611824e-06	1.76733871645e-06	4.71984644476e-06	-1.96016280364e-06	130.470948895	130.576296439	130.681643984	130.786991528	130.892339073	130.997686617	131.103034162	131.208381706	131.313729251	131.419076795	-2.50657287724	-2.25873398881	-2.01089510038	-1.76305621195	-1.51521732352	-1.26737843508	-1.01953954665	-0.77170065822	-0.523861769788	-0.276022881357	0.401925385209	0.401925385209	0.401925385209	0.401925385209	0.401925385209	0.401925385209	0.401925385209	0.401925385209	0.401925385209	0.401925385209	
5.53333333333	136.425643333	137.570583334	138.715523334	139.860463334	141.005403334	142.150343334	143.295283334	144.440223334	145.585163334	146.730103334	0.0	0.0	-1.16225038642e-06	5.3476702089e-07	3.58842769804e-06	1.01554933066e-05	1.64389529756e-05	2.17351089388e-05	2.37586057289e-05	2.91625467176e-05	0.0	-1.01511903363e-06	1.48218894198e-06	2.66709231664e-06	5.73572904113e-06	5.48802528399e-06	4.62570611824e-06	1.76733871645e-06	4.71984644476e-06	-1.96016280364e-06	130.470948895	130.576296439	130.681643984	130.786991528	130.892339073	130.997686617	131.103034162	131.208381706	131.313729251	131.419076795	-2.50657287724	-2.25873398881	-2.01089510038	-1.76305621195	-1.51521732352	-1.26737843508	-1.01953954665	-0.77170065822	-0.523861769788	-0.276022881357	0.401925385209	0.401925385209	0.401925385209	0.401925385209	0.401925385209	0.401925385209	0.401925385209	0.401925385209	0.401925385209	0.401925385209	
5.55	137.652679167	138.728949167	139.805219167	140.881489167	141.957759167	143.034029167	144.110299167	145.186569167	146.262839167	147.339109167	0.0	0.0	3.54262616196e-07	3.40219457892e-06	1.94781203842e-06	5.31065597718e-06	3.22629154068e-06	6.31242463549e-06	6.51640492696e-06	1.15280584694e-05	0.0	3.29157754258e-07	2.83193990591e-06	-1.35131755081e-06	3.12453560776e-06	-1.9366557057e-06	2.86743391028e-06	1.89525204142e-07	4.65650212508e-06	2.00079343847e-06	130.605852704	130.727943844	130.850034985	130.972126126	131.094217266	131.216308407	131.338399547	131.460490688	131.582581829	131.704672969	-2.25332401481	-2.05970804011	-1.86609206542	-1.67247609072	-1.47886011602	-1.28524414133	-1.09162816663	-0.898012191933	-0.704396217237	-0.51078024254	0.562604720217	0.562604720217	0.562604720217	0.562604720217	0.562604720217	0.562604720217	0.562604720217	0.562604720217	0.562604720217	0.562604720217	
5.56666666667	137.652679167	138.728949167	139.805219167	140.881489167	141.957759167	143.034029167	144.110299167	145.186569167	146.262839167	147.339109167	0.0	0.0	3.54262616196e-07	3.40219457892e-06	1.94781203842e-06	5.31065597718e-06	3.22629154068e-06	6.31242463549e-06	6.51640492696e-06	1.15280584694e-05	0.0	3.29157754258e-07	2.83193990591e-06	-1.35131755081e-06	3.12453560776e-06	-1.9366557057e-06	2.86743391028e-06	1.89525204142e-07	4.65650212508e-06	2.00079343847e-06	130.605852704	130.727943844	130.850034985	130.972126126	131.094217266	131.216308407	131.338399547	131.460490688	131.582581829	131.704672969	-2.25332401481	-2.05970804011	-1.86609206542	-1.67247609072	-1.47886011602	-1.28524414133	-1.09162816663	-0.898012191933	-0.704396217237	-0.51078024254	0.562604720217	0.562604720217	0.562604720217	0.562604720217	0.562604720217	0.562604720217	0.562604720217	0.562604720217	0.562604720217	0.562604720217	
5.58333333333	137.652679167	138.728949167	139.805219167	140.881489167	141.957759167	143.034029167	144.110299167	145.186569167	146.262839167	147.339109167	0.0	0.0	3.54262616196e-07	3.40219457892e-06	1.94781203842e-06	5.31065597718e-06	3.22629154068e-06	6.31242463549e-06	6.51640492696e-06	1.15280584694e-05	0.0	3.29157754258e-07	2.83193990591e-06	-1.35131755081e-06	3.12453560776e-06	-1.9366557057e-06	2.86743391028e-06	1.89525204142e-07	4.65650212508e-06	2.00079343847e-06	130.605852704	130.727943844	130.850034985	130.972126126	131.094217266	131.216308407	131.338399547	131.460490688	131.582581829	131.704672969	-2.25332401481	-2.05970804011	-1.86609206542	-1.67247609072	-1.47886011602	-1.28524414133	-1.09162816663	-0.898012191933	-0.704396217237	-0.51078024254	0.562604720217	0.562604720217	0.562604720217	0.562604720217	0.562604720217	0.562604720217	0.562604720217	0.562604720217	0.562604720217	0.562604720217	
5.6	137.652679167	138.728949167	139.805219167	140.881489167	141.957759167	143.034029167	144.110299167	145.186569167	146.262839167	147.339109167	0.0	0.0	3.54262616196e-07	3.40219457892e-06	1.94781203842e-06	5.31065597718e-06	3.22629154068e-06	6.31242463549e-06	6.51640492696e-06	1.15280584694e-05	0.0	3.29157754258e-07	2.83193990591e-06	-1.35131755081e-06	3.12453560776e-06	-1.9366557057e-06	2.86743391028e-06	1.89525204142e-07	4.65650212508e-06	2.00079343847e-06	130.605852704	130.727943844	130.850034985	130.972126126	131.094217266	131.216308407	131.338399547	131.460490688	131.582581829	131.704672969	-2.25332401481	-2.05970804011	-1.86609206542	-1.67247609072	-1.47886011602	-1.28524414133	-1.09162816663	-0.898012191933	-0.704396217237	-0.51078024254	0.562604720217	0.562604720217	0.562604720217	0.562604720217	0.562604720217	0.562604720217	0.562604720217	0.562604720217	0.562604720217	0.562604720217	
5.61666666667	137.652679167	138.728949167	139.805219167	140.881489167	141.957759167	143.034029167	144.110299167	145.186569167	146.262839167	147.339109167	0.0	0.0	3.54262616196e-07	3.40219457892e-06	1.94781203842e-06	5.31065597718e-06	3.22629154068e-06	6.31242463549e-06	6.51640492696e-06	1.15280584694e-05	0.0	3.29157754258e-07	2.83193990591e-06	-1.35131755081e-06	3.12453560776e-06	-1.9366557057e-06	2.86743391028e-06	1.89525204142e-07	4.65650212508e-06	2.00079343847e-06	130.605852704	130.727943844	130.850034985	130.972126126	131.094217266	131.216308407	131.338399547	131.460490688	131.582581829	131.704672969	-2.25332401481	-2.05970804011	-1.86609206542	-1.67247609072	-1.47886011602	-1.28524414133	-1.09162816663	-0.898012191933	-0.704396217237	-0.51078024254	0.562604720217	0.562604720217	0.562604720217	0.562604720217	0.562604720217	0.562604720217	0.562604720217	0.562604720217	0.562604720217	0.562604720217	
5.63333333333	137.652679167	138.728949167	139.805219167	140.881489167	141.957759167	143.034029167	144.110299167	145.186569167	146.262839167	147.339109167	0.0	0.0	3.54262616196e-07	3.40219457892e-06	1.94781203842e-06	5.31065597718e-06	3.22629154068e-06	6.31242463549e-06	6.51640492696e-06	1.15280584694e-05	0.0	3.29157754258e-07	2.83193990591e-06	-1.35131755081e-06	3.12453560776e-06	-1.9366557057e-06	2.86743391028e-06	1.89525204142e-07	4.65650212508e-06	2.00079343847e-06	130.605852704	130.727943844	130.850034985	130.972126126	131.094217266	131.216308407	131.338399547	131.460490688	131.582581829	131.704672969	-2.25332401481	-2.05970804011	-1.86609206542	-1.67247609072	-1.47886011602	-1.28524414133	-1.09162816663	-0.898012191933	-0.704396217237	-0.51078024254	0.562604720217	0.562604720217	0.562604720217	0.562604720217	0.562604720217	0.562604720217	0.562604720217	0.562604720217	0.562604720217	0.562604720217	
5.65	138.640659167	139.658069167	140.675479167	141.692889167	142.710299167	143.727709167	144.745119167	145.762529167	146.779939167	147.797349168	0.0	0.0	-2.85445086627e-07	1.31575692859e-06	3.12732681667e-06	4.79189624292e-06	7.20351357317e-06	7.27611336838e-06	8.11239336818e-06	8.14157313657e-06	0.0	-2.80560527819e-07	1.5738021202e-06	1.78057016145e-06	1.6360851831e-06	2.37034954452e-06	7.13574617961e-08	8.21969510564e-07	2.86804418939e-08	5.25620197491e-07	130.732458163	130.861198192	130.989938221	131.11867825	131.247418279	131.376158308	131.504898336	131.633638365	131.762378394	131.891118423	-2.08770393232	-1.94222302303	-1.79674211374	-1.65126120444	-1.50578029515	-1.36029938586	-1.21481847657	-1.06933756728	-0.923856657983	-0.778375748691	0.72442495936	0.72442495936	0.72442495936	0.72442495936	0.72442495936	0.72442495936	0.72442495936	0.72442495936	0.72442495936	0.72442495936	
5.66666666667	138.640659167	139.658069167	140.675479167	141.692889167	142.710299167	143.727709167	144.745119167	145.762529167	146.779939167	147.797349168	0.0	0.0	-2.85445086627e-07	1.31575692859e-06	3.12732681667e-06	4.79189624292e-06	7.20351357317e-06	7.27611336838e-06	8.11239336818e-06	8.14157313657e-06	0.0	-2.80560527819e-07	1.5738021202e-06	1.78057016145e-06	1.6360851831e-06	2.37034954452e-06	7.13574617961e-08	8.21969510564e-07	2.86804418939e-08	5.25620197491e-07	130.732458163	130.861198192	130.989938221	131.11867825	131.247418279	131.376158308	131.504898336	131.633638365	131.762378394	131.891118423	-2.08770393232	-1.94222302303	-1.79674211374	-1.65126120444	-1.50578029515	-1.36029938586	-1.21481847657	-1.06933756728	-0.923856657983	-0.778375748691	0.72442495936	0.72442495936	0.72442495936	0.72442495936	0.72442495936	0.72442495936	0.72442495936	0.72442495936	0.72442495936	0.72442495936	
5.68333333333	138.640659167	139.658069167	140.675479167	141.692889167	142.710299167	143.727709167	144.745119167	145.762529167	146.779939167	147.797349168	0.0	0.0	-2.85445086627e-07	1.31575692859e-06	3.12732681667e-06	4.79189624292e-06	7.20351357317e-06	7.27611336838e-06	8.11239336818e-06	8.14157313657e-06	0.0	-2.80560527819e-07	1.5738021202e-06	1.78057016145e-06	1.6360851831e-06	2.37034954452e-06	7.13574617961e-08	8.21969510564e-07	2.86804418939e-08	5.25620197491e-07	130.732458163	130.861198192	130.989938221	131.11867825	131.247418279	131.376158308	131.504898336	131.633638365	131.762378394	131.891118423	-2.08770393232	-1.94222302303	-1.79674211374	-1.65126120444	-1.50578029515	-1.36029938586	-1.21481847657	-1.06933756728	-0.923856657983	-0.778375748691	0.72442495936	0.72442495936	0.72442495936	0.72442495936	0.72442495936	0.72442495936	0.72442495936	0.72442495936	0.72442495936	0.72442495936	
5.7	138.640659167	139.658069167	140.675479167	141.692889167	142.710299167	143.727709167	144.745119167	145.762529167	146.779939167	147.797349168	0.0	0.0	-2.85445086627e-07	1.31575692859e-06	3.12732681667e-06	4.79189624292e-06	7.20351357317e-06	7.27611336838e-06	8.11239336818e-06	8.14157313657e-06	0.0	-2.80560527819e-07	1.5738021202e-06	1.78057016145e-06	1.6360851831e-06	2.37034954452e-06	7.13574617961e-08	8.21969510564e-07	2.86804418939e-08	5.25620197491e-07	130.732458163	130.861198192	130.989938221	131.11867825	131.247418279	131.376158308	131.504898336	131.633638365	131.762378394	131.891118423	-2.08770393232	-1.94222302303	-1.79674211374	-1.65126120444	-1.50578029515	-1.36029938586	-1.21481847657	-1.06933756728	-0.923856657983	-0.778375748691	0.72442495936	0.72442495936	0.72442495936	0.72442495936	0.72442495936	0.72442495936	0.72442495936	0.72442495936	0.72442495936	0.72442495936	
5.71666666667	138.640659167	139.658069167	140.675479167	141.692889167	142.710299167	143.727709167	144.745119167	145.762529167	146.779939167	147.797349168	0.0	0.0	-2.85445086627e-07	1.31575692859e-06	3.12732681667e-06	4.79189624292e-06	7.20351357317e-06	7.27611336838e-06	8.11239336818e-06	8.14157313657e-06	0.0	-2.80560527819e-07	1.5738021202e-06	1.78057016145e-06	1.6360851831e-06	2.37034954452e-06	7.13574617961e-08	8.21969510564e-07	2.86804418939e-08	5.25620197491e-07	130.732458163	130.861198192	130.989938221	131.11867825	131.247418279	131.376158308	131.504898336	131.633638365	131.762378394	131.891118423	-2.08770393232	-1.94222302303	-1.79674211374	-1.65126120444	-1.50578029515	-1.36029938586	-1.21481847657	-1.06933756728	-0.923856657983	-0.778375748691	0.72442495936	0.72442495936	0.72442495936	0.72442495936	0.72442495936	0.72442495936	0.72442495936	0.72442495936	0.72442495936	0.72442495936	
5.73333333333	138.640659167	139.658069167	140.675479167	141.692889167	142.710299167	143.727709167	144.745119167	145.762529167	146.779939167	147.797349168	0.0	0.0	-2.85445086627e-07	1.31575692859e-06	3.12732681667e-06	4.79189624292e-06	7.20351357317e-06	7.27611336838e-06	8.11239336818e-06	8.14157313657e-06	0.0	-2.80560527819e-07	1.5738021202e-06	1.78057016145e-06	1.6360851831e-06	2.37034954452e-06	7.13574617961e-08	8.21969510564e-07	2.86804418939e-08	5.25620197491e-07	130.732458163	130.861198192	130.989938221	131.11867825	131.247418279	131.376158308	131.504898336	131.633638365	131.762378394	131.891118423	-2.08770393232	-1.94222302303	-1.79674211374	-1.65126120444	-1.50578029515	-1.36029938586	-1.21481847657	-1.06933756728	-0.923856657983	-0.778375748691	0.72442495936	0.72442495936	0.72442495936	0.72442495936	0.72442495936	0.72442495936	0.72442495936	0.72442495936	0.72442495936	0.72442495936	
5.75	138.640659167	139.658069167	140.675479167	141.692889167	142.710299167	143.727709167	144.745119167	145.762529167	146.779939167	147.797349168	0.0	0.0	-2.85445086627e-07	1.31575692859e-06	3.12732681667e-06	4.79189624292e-06	7.20351357317e-06	7.27611336838e-06	8.11239336818e-06	8.14157313657e-06	0.0	-2.80560527819e-07	1.5738021202e-06	1.78057016145e-06	1.6360851831e-06	2.37034954452e-06	7.13574617961e-08	8.21969510564e-07	2.86804418939e-08	5.25620197491e-07	130.732458163	130.861198192	130.989938221	131.11867825	131.247418279	131.376158308	131.504898336	131.633638365	131.762378394	131.891118423	-2.08770393232	-1.94222302303	-1.79674211374	-1.65126120444	-1.50578029515	-1.36029938586	-1.21481847657	-1.06933756728	-0.923856657983	-0.778375748691	0.72442495936	0.72442495936	0.72442495936	0.72442495936	0.72442495936	0.72442495936	0.72442495936	0.72442495936	0.72442495936	0.72442495936	
5.76666666667	139.71891	140.66765	141.616390001	142.565130001	143.513870001	144.462610001	145.411350001	146.360090001	147.308830001	148.257570001	0.0	0.0	1.95052722226e-07	2.29798582345e-07	2.74731649655e-07	3.29380492086e-07	2.99059819226e-07	3.06403404631e-07	7.88166583494e-08	2.44737556008e-07	0.0	2.05591333993e-07	3.66231634765e-08	4.73607809378e-08	5.76014950644e-08	-3.19588853199e-08	7.74035605596e-09	-2.39883156887e-07	1.7488552991e-07	-1.42632806061e-07	130.881727317	131.007213959	131.132700601	131.258187243	131.383673886	131.509160528	131.63464717	131.760133812	131.885620454	132.011107096	-1.95569419407	-1.86666434031	-1.77763448656	-1.6886046328	-1.59957477905	-1.51054492529	-1.42151507154	-1.33248521778	-1.24345536402	-1.15442551027	0.953738409949	0.953738409949	0.953738409949	0.953738409949	0.953738409949	0.953738409949	0.953738409949	0.953738409949	0.953738409949	0.953738409949	
5.78333333333	139.71891	140.66765	141.616390001	142.565130001	143.513870001	144.462610001	145.411350001	146.360090001	147.308830001	148.257570001	0.0	0.0	1.95052722226e-07	2.29798582345e-07	2.74731649655e-07	3.29380492086e-07	2.99059819226e-07	3.06403404631e-07	7.88166583494e-08	2.44737556008e-07	0.0	2.05591333993e-07	3.66231634765e-08	4.73607809378e-08	5.76014950644e-08	-3.19588853199e-08	7.74035605596e-09	-2.39883156887e-07	1.7488552991e-07	-1.42632806061e-07	130.881727317	131.007213959	131.132700601	131.258187243	131.383673886	131.509160528	131.63464717	131.760133812	131.885620454	132.011107096	-1.95569419407	-1.86666434031	-1.77763448656	-1.6886046328	-1.59957477905	-1.51054492529	-1.42151507154	-1.33248521778	-1.24345536402	-1.15442551027	0.953738409949	0.953738409949	0.953738409949	0.953738409949	0.953738409949	0.953738409949	0.953738409949	0.953738409949	0.953738409949	0.953738409949	
5.8	139.71891	140.66765	141.616390001	142.565130001	143.513870001	144.462610001	145.411350001	146.360090001	147.308830001	148.257570001	0.0	0.0	1.95052722226e-07	2.29798582345e-07	2.74731649655e-07	3.29380492086e-07	2.99059819226e-07	3.06403404631e-07	7.88166583494e-08	2.44737556008e-07	0.0	2.05591333993e-07	3.66231634765e-08	4.73607809378e-08	5.76014950644e-08	-3.19588853199e-08	7.74035605596e-09	-2.39883156887e-07	1.7488552991e-07	-1.42632806061e-07	130.881727317	131.007213959	131.132700601	131.258187243	131.383673886	131.509160528	131.63464717	131.760133812	131.885620454	132.011107096	-1.95569419407	-1.86666434031	-1.77763448656	-1.6886046328	-1.59957477905	-1.51054492529	-1.42151507154	-1.33248521778	-1.24345536402	-1.15442551027	0.953738409949	0.953738409949	0.953738409949	0.953738409949	0.953738409949	0.953738409949	0.953738409949	0.953738409949	0.953738409949	0.953738409949	
5.81666666667	139.71891	140.66765	141.616390001	142.565130001	143.513870001	144.462610001	145.411350001	146.360090001	147.308830001	148.257570001	0.0	0.0	1.95052722226e-07	2.29798582345e-07	2.74731649655e-07	3.29380492086e-07	2.99059819226e-07	3.06403404631e-07	7.88166583494e-08	2.44737556008e-07	0.0	2.05591333993e-07	3.66231634765e-08	4.73607809378e-08	5.76014950644e-08	-3.19588853199e-08	7.74035605596e-09	-2.39883156887e-07	1.7488552991e-07	-1.42632806061e-07	130.881727317	131.007213959	131.132700601	131.258187243	131.383673886	131.509160528	131.63464717	131.760133812	131.885620454	132.011107096	-1.95569419407	-1.86666434031	-1.77763448656	-1.6886046328	-1.59957477905	-1.51054492529	-1.42151507154	-1.33248521778	-1.24345536402	-1.15442551027	0.953738409949	0.953738409949	0.953738409949	0.953738409949	0.953738409949	0.953738409949	0.953738409949	0.953738409949	0.953738409949	0.953738409949	
5.83333333333	139.71891	140.66765	141.616390001	142.565130001	143.513870001	144.462610001	145.411350001	146.360090001	147.308830001	148.257570001	0.0	0.0	1.95052722226e-07	2.29798582345e-07	2.74731649655e-07	3.29380492086e-07	2.99059819226e-07	3.06403404631e-07	7.88166583494e-08	2.44737556008e-07	0.0	2.05591333993e-07	3.66231634765e-08	4.73607809378e-08	5.76014950644e-08	-3.19588853199e-08	7.74035605596e-09	-2.39883156887e-07	1.7488552991e-07	-1.42632806061e-07	130.881727317	131.007213959	131.132700601	131.258187243	131.383673886	131.509160528	131.63464717	131.760133812	131.885620454	132.011107096	-1.95569419407	-1.86666434031	-1.77763448656	-1.6886046328	-1.59957477905	-1.51054492529	-1.42151507154	-1.33248521778	-1.24345536402	-1.15442551027	0.953738409949	0.953738409949	0.953738409949	0.953738409949	0.953738409949	0.953738409949	0.953738409949	0.953738409949	0.953738409949	0.953738409949	
5.85	139.71891	140.66765	141.616390001	142.565130001	143.513870001	144.462610001	145.411350001	146.360090001	147.308830001	148.257570001	0.0	0.0	1.95052722226e-07	2.29798582345e-07	2.74731649655e-07	3.29380492086e-07	2.99059819226e-07	3.06403404631e-07	7.88166583494e-08	2.44737556008e-07	0.0	2.05591333993e-07	3.66231634765e-08	4.73607809378e-08	5.76014950644e-08	-3.19588853199e-08	7.74035605596e-09	-2.39883156887e-07	1.7488552991e-07	-1.42632806061e-07	130.881727317	131.007213959	131.132700601	131.258187243	131.383673886	131.509160528	131.63464717	131.760133812	131.885620454	132.011107096	-1.95569419407	-1.86666434031	-1.77763448656	-1.6886046328	-1.59957477905	-1.51054492529	-1.42151507154	-1.33248521778	-1.24345536402	-1.15442551027	0.953738409949	0.953738409949	0.953738409949	0.953738409949	0.953738409949	0.953738409949	0.953738409949	0.953738409949	0.953738409949	0.953738409949	
5.86666666667	139.71891	140.66765	141.616390001	142.565130001	143.513870001	144.462610001	145.411350001	146.360090001	147.308830001	148.257570001	0.0	0.0	1.95052722226e-07	2.29798582345e-07	2.74731649655e-07	3.29380492086e-07	2.99059819226e-07	3.06403404631e-07	7.88166583494e-08	2.44737556008e-07	0.0	2.05591333993e-07	3.66231634765e-08	4.73607809378e-08	5.76014950644e-08	-3.19588853199e-08	7.74035605596e-09	-2.39883156887e-07	1.7488552991e-07	-1.42632806061e-07	130.881727317	131.007213959	131.132700601	131.258187243	131.383673886	131.509160528	131.63464717	131.760133812	131.885620454	132.011107096	-1.95569419407	-1.86666434031	-1.77763448656	-1.6886046328	-1.59957477905	-1.51054492529	-1.42151507154	-1.33248521778	-1.24345536402	-1.15442551027	0.953738409949	0.953738409949	0.953738409949	0.953738409949	0.953738409949	0.953738409949	0.953738409949	0.953738409949	0.953738409949	0.953738409949	
5.88333333333	140.717045834	141.597115834	142.477185834	143.357255834	144.237325834	145.117395834	145.997465834	146.877535834	147.757605834	148.637675834	0.0	0.0	1.10735649244e-06	2.50390179433e-07	2.25931164455e-06	2.64233413775e-06	5.23998461447e-06	5.54205022781e-06	8.43816526116e-06	1.08195301889e-05	0.0	1.25825956157e-06	-9.73747898394e-07	2.28268372398e-06	4.35218213516e-07	2.9516407519e-06	3.43229076462e-07	3.29077804394e-06	2.70588126804e-06	2.79860690912e-06	131.017817008	131.125549921	131.233282833	131.341015746	131.448748659	131.556481571	131.664214484	131.771947397	131.879680309	131.987413222	-1.88798608042	-1.85240189141	-1.8168177024	-1.78123351339	-1.74564932437	-1.71006513536	-1.67448094635	-1.63889675734	-1.60331256832	-1.56772837931	1.25177818549	1.25177818549	1.25177818549	1.25177818549	1.25177818549	1.25177818549	1.25177818549	1.25177818549	1.25177818549	1.25177818549	
5.9	140.717045834	141.597115834	142.477185834	143.357255834	144.237325834	145.117395834	145.997465834	146.877535834	147.757605834	148.637675834	0.0	0.0	1.10735649244e-06	2.50390179433e-07	2.25931164455e-06	2.64233413775e-06	5.23998461447e-06	5.54205022781e-06	8.43816526116e-06	1.08195301889e-05	0.0	1.25825956157e-06	-9.73747898394e-07	2.28268372398e-06	4.35218213516e-07	2.9516407519e-06	3.43229076462e-07	3.29077804394e-06	2.70588126804e-06	2.79860690912e-06	131.017817008	131.125549921	131.233282833	131.341015746	131.448748659	131.556481571	131.664214484	131.771947397	131.879680309	131.987413222	-1.88798608042	-1.85240189141	-1.8168177024	-1.78123351339	-1.74564932437	-1.71006513536	-1.67448094635	-1.63889675734	-1.60331256832	-1.56772837931	1.25177818549	1.25177818549	1.25177818549	1.25177818549	1.25177818549	1.25177818549	1.25177818549	1.25177818549	1.25177818549	1.25177818549	
5.91666666667	140.717045834	141.597115834	142.477185834	143.357255834	144.237325834	145.117395834	145.997465834	146.877535834	147.757605834	148.637675834	0.0	0.0	1.10735649244e-06	2.50390179433e-07	2.25931164455e-06	2.64233413775e-06	5.23998461447e-06	5.54205022781e-06	8.43816526116e-06	1.08195301889e-05	0.0	1.25825956157e-06	-9.73747898394e-07	2.28268372398e-06	4.35218213516e-07	2.9516407519e-06	3.43229076462e-07	3.29077804394e-06	2.70588126804e-06	2.79860690912e-06	131.017817008	131.125549921	131.233282833	131.341015746	131.448748659	131.556481571	131.664214484	131.771947397	131.879680309	131.987413222	-1.88798608042	-1.85240189141	-1.8168177024	-1.78123351339	-1.74564932437	-1.71006513536	-1.67448094635	-1.63889675734	-1.60331256832	-1.56772837931	1.25177818549	1.25177818549	1.25177818549	1.25177818549	1.25177818549	1.25177818549	1.25177818549	1.25177818549	1.25177818549	1.25177818549	
5.93333333333	140.717045834	141.597115834	142.477185834	143.357255834	144.237325834	145.117395834	145.997465834	146.877535834	147.757605834	148.637675834	0.0	0.0	1.10735649244e-06	2.50390179433e-07	2.25931164455e-06	2.64233413775e-06	5.23998461447e-06	5.54205022781e-06	8.43816526116e-06	1.08195301889e-05	0.0	1.25825956157e-06	-9.73747898394e-07	2.28268372398e-06	4.35218213516e-07	2.9516407519e-06	3.43229076462e-07	3.29077804394e-06	2.70588126804e-06	2.79860690912e-06	131.017817008	131.125549921	131.233282833	131.341015746	131.448748659	131.556481571	131.664214484	131.771947397	131.879680309	131.987413222	-1.88798608042	-1.85240189141	-1.8168177024	-1.78123351339	-1.74564932437	-1.71006513536	-1.67448094635	-1.63889675734	-1.60331256832	-1.56772837931	1.25177818549	1.25177818549	1.25177818549	1.25177818549	1.25177818549	1.25177818549	1.25177818549	1.25177818549	1.25177818549	1.25177818549	
5.95	140.717045834	141.597115834	142.477185834	143.357255834	144.237325834	145.117395834	145.997465834	146.877535834	147.757605834	148.637675834	0.0	0.0	1.10735649244e-06	2.50390179433e-07	2.25931164455e-06	2.64233413775e-06	5.23998461447e-06	5.54205022781e-06	8.43816526116e-06	1.08195301889e-05	0.0	1.25825956157e-06	-9.73747898394e-07	2.28268372398e-06	4.35218213516e-07	2.9516407519e-06	3.43229076462e-07	3.29077804394e-06	2.70588126804e-06	2.79860690912e-06	131.017817008	131.125549921	131.233282833	131.341015746	131.448748659	131.556481571	131.664214484	131.771947397	131.879680309	131.987413222	-1.88798608042	-1.85240189141	-1.8168177024	-1.78123351339	-1.74564932437	-1.71006513536	-1.67448094635	-1.63889675734	-1.60331256832	-1.56772837931	1.25177818549	1.25177818549	1.25177818549	1.25177818549	1.25177818549	1.25177818549	1.25177818549	1.25177818549	1.25177818549	1.25177818549	
5.96666666667	140.717045834	141.597115834	142.477185834	143.357255834	144.237325834	145.117395834	145.997465834	146.877535834	147.757605834	148.637675834	0.0	0.0	1.10735649244e-06	2.50390179433e-07	2.25931164455e-06	2.64233413775e-06	5.23998461447e-06	5.54205022781e-06	8.43816526116e-06	1.08195301889e-05	0.0	1.25825956157e-06	-9.73747898394e-07	2.28268372398e-06	4.35218213516e-07	2.9516407519e-06	3.43229076462e-07	3.29077804394e-06	2.70588126804e-06	2.79860690912e-06	131.017817008	131.125549921	131.233282833	131.341015746	131.448748659	131.556481571	131.664214484	131.771947397	131.879680309	131.987413222	-1.88798608042	-1.85240189141	-1.8168177024	-1.78123351339	-1.74564932437	-1.71006513536	-1.67448094635	-1.63889675734	-1.60331256832	-1.56772837931	1.25177818549	1.25177818549	1.25177818549	1.25177818549	1.25177818549	1.25177818549	1.25177818549	1.25177818549	1.25177818549	1.25177818549	
5.98333333333	141.508825834	142.330035834	143.151245834	143.972455834	144.793665834	145.614875834	146.436085834	147.257295834	148.078505834	148.899715834	0.0	0.0	1.60452194337e-07	1.6495322924e-06	6.27409023422e-06	9.86196081386e-06	1.61221779633e-05	2.2306036684e-05	3.08904055427e-05	3.87917677355e-05	0.0	1.95385095556e-07	1.81327565168e-06	5.6313950651e-06	4.36900497962e-06	7.62316234447e-06	7.53017951576e-06	1.04533174926e-05	9.62160981005e-06	1.15332752401e-05	131.109754729	131.188534574	131.267314419	131.346094264	131.424874109	131.503653954	131.582433799	131.661213644	131.739993488	131.818773333	-1.87559327234	-1.87829043268	-1.88098759302	-1.88368475335	-1.88638191369	-1.88907907403	-1.89177623437	-1.89447339471	-1.89717055505	-1.89986771539	1.60501963934	1.60501963934	1.60501963934	1.60501963934	1.60501963934	1.60501963934	1.60501963934	1.60501963934	1.60501963934	1.60501963934	
6.0	141.508825834	142.330035834	143.151245834	143.972455834	144.793665834	145.614875834	146.436085834	147.257295834	148.078505834	148.899715834	0.0	0.0	1.60452194337e-07	1.6495322924e-06	6.27409023422e-06	9.86196081386e-06	1.61221779633e-05	2.2306036684e-05	3.08904055427e-05	3.87917677355e-05	0.0	1.95385095556e-07	1.81327565168e-06	5.6313950651e-06	4.36900497962e-06	7.62316234447e-06	7.53017951576e-06	1.04533174926e-05	9.62160981005e-06	1.15332752401e-05	131.109754729	131.188534574	131.267314419	131.346094264	131.424874109	131.503653954	131.582433799	131.661213644	131.739993488	131.818773333	-1.87559327234	-1.87829043268	-1.88098759302	-1.88368475335	-1.88638191369	-1.88907907403	-1.89177623437	-1.89447339471	-1.89717055505	-1.89986771539	1.60501963934	1.60501963934	1.60501963934	1.60501963934	1.60501963934	1.60501963934	1.60501963934	1.60501963934	1.60501963934	1.60501963934	
6.01666666667	141.508825834	142.330035834	143.151245834	143.972455834	144.793665834	145.614875834	146.436085834	147.257295834	148.078505834	148.899715834	0.0	0.0	1.60452194337e-07	1.6495322924e-06	6.27409023422e-06	9.86196081386e-06	1.61221779633e-05	2.2306036684e-05	3.08904055427e-05	3.87917677355e-05	0.0	1.95385095556e-07	1.81327565168e-06	5.6313950651e-06	4.36900497962e-06	7.62316234447e-06	7.53017951576e-06	1.04533174926e-05	9.62160981005e-06	1.15332752401e-05	131.109754729	131.188534574	131.267314419	131.346094264	131.424874109	131.503653954	131.582433799	131.661213644	131.739993488	131.818773333	-1.87559327234	-1.87829043268	-1.88098759302	-1.88368475335	-1.88638191369	-1.88907907403	-1.89177623437	-1.89447339471	-1.89717055505	-1.89986771539	1.60501963934	1.60501963934	1.60501963934	1.60501963934	1.60501963934	1.60501963934	1.60501963934	1.60501963934	1.60501963934	1.60501963934	
6.03333333333	141.508825834	142.330035834	143.151245834	143.972455834	144.793665834	145.614875834	146.436085834	147.257295834	148.078505834	148.899715834	0.0	0.0	1.60452194337e-07	1.6495322924e-06	6.27409023422e-06	9.86196081386e-06	1.61221779633e-05	2.2306036684e-05	3.08904055427e-05	3.87917677355e-05	0.0	1.95385095556e-07	1.81327565168e-06	5.6313950651e-06	4.36900497962e-06	7.62316234447e-06	7.53017951576e-06	1.04533174926e-05	9.62160981005e-06	1.15332752401e-05	131.109754729	131.188534574	131.267314419	131.346094264	131.424874109	131.503653954	131.582433799	131.661213644	131.739993488	131.818773333	-1.87559327234	-1.87829043268	-1.88098759302	-1.88368475335	-1.88638191369	-1.88907907403	-1.89177623437	-1.89447339471	-1.89717055505	-1.89986771539	1.60501963934	1.60501963934	1.60501963934	1.60501963934	1.60501963934	1.60501963934	1.60501963934	1.60501963934	1.60501963934	1.60501963934	
6.05	141.508825834	142.330035834	143.151245834	143.972455834	144.793665834	145.614875834	146.436085834	147.257295834	148.078505834	148.899715834	0.0	0.0	1.60452194337e-07	1.6495322924e-06	6.27409023422e-06	9.86196081386e-06	1.61221779633e-05	2.2306036684e-05	3.08904055427e-05	3.87917677355e-05	0.0	1.95385095556e-07	1.81327565168e-06	5.6313950651e-06	4.36900497962e-06	7.62316234447e-06	7.53017951576e-06	1.04533174926e-05	9.62160981005e-06	1.15332752401e-05	131.109754729	131.188534574	131.267314419	131.346094264	131.424874109	131.503653954	131.582433799	131.661213644	131.739993488	131.818773333	-1.87559327234	-1.87829043268	-1.88098759302	-1.88368475335	-1.88638191369	-1.88907907403	-1.89177623437	-1.89447339471	-1.89717055505	-1.89986771539	1.60501963934	1.60501963934	1.60501963934	1.60501963934	1.60501963934	1.60501963934	1.60501963934	1.60501963934	1.60501963934	1.60501963934	
6.06666666667	141.508825834	142.330035834	143.151245834	143.972455834	144.793665834	145.614875834	146.436085834	147.257295834	148.078505834	148.899715834	0.0	0.0	1.60452194337e-07	1.6495322924e-06	6.27409023422e-06	9.86196081386e-06	1.61221779633e-05	2.2306036684e-05	3.08904055427e-05	3.87917677355e-05	0.0	1.95385095556e-07	1.81327565168e-06	5.6313950651e-06	4.36900497962e-06	7.62316234447e-06	7.53017951576e-06	1.04533174926e-05	9.62160981005e-06	1.15332752401e-05	131.109754729	131.188534574	131.267314419	131.346094264	131.424874109	131.503653954	131.582433799	131.661213644	131.739993488	131.818773333	-1.87559327234	-1.87829043268	-1.88098759302	-1.88368475335	-1.88638191369	-1.88907907403	-1.89177623437	-1.89447339471	-1.89717055505	-1.89986771539	1.60501963934	1.60501963934	1.60501963934	1.60501963934	1.60501963934	1.60501963934	1.60501963934	1.60501963934	1.60501963934	1.60501963934	
6.08333333333	141.508825834	142.330035834	143.151245834	143.972455834	144.793665834	145.614875834	146.436085834	147.257295834	148.078505834	148.899715834	0.0	0.0	1.60452194337e-07	1.6495322924e-06	6.27409023422e-06	9.86196081386e-06	1.61221779633e-05	2.2306036684e-05	3.08904055427e-05	3.87917677355e-05	0.0	1.95385095556e-07	1.81327565168e-06	5.6313950651e-06	4.36900497962e-06	7.62316234447e-06	7.53017951576e-06	1.04533174926e-05	9.62160981005e-06	1.15332752401e-05	131.109754729	131.188534574	131.267314419	131.346094264	131.424874109	131.503653954	131.582433799	131.661213644	131.739993488	131.818773333	-1.87559327234	-1.87829043268	-1.88098759302	-1.88368475335	-1.88638191369	-1.88907907403	-1.89177623437	-1.89447339471	-1.89717055505	-1.89986771539	1.60501963934	1.60501963934	1.60501963934	1.60501963934	1.60501963934	1.60501963934	1.60501963934	1.60501963934	1.60501963934	1.60501963934	
6.1	142.358176667	143.110716667	143.863256667	144.615796668	145.368336668	146.120876668	146.873416668	147.625956668	148.378496668	149.131036668	0.0	0.0	-7.71468039968e-07	-7.89453690134e-07	-2.12893345716e-06	-2.26789042915e-06	-4.23031453169e-06	-5.45410083787e-06	-7.64517860004e-06	-9.63655879554e-06	0.0	-1.02515220439e-06	-2.38999258037e-08	-1.77994494231e-06	-1.84650612558e-07	-2.60773394417e-06	-1.62620765148e-06	-2.91157647693e-06	-2.64621175658e-06	-4.36155873913e-06	131.173261836	131.209837448	131.246413061	131.282988673	131.319564285	131.356139898	131.39271551	131.429291122	131.465866735	131.502442347	-1.88877289972	-1.90054216728	-1.91231143485	-1.92408070241	-1.93584996998	-1.94761923754	-1.9593885051	-1.97115777267	-1.98292704023	-1.9946963078	1.88211227798	1.88211227798	1.88211227798	1.88211227798	1.88211227798	1.88211227798	1.88211227798	1.88211227798	1.88211227798	1.88211227798	
6.11666666667	142.358176667	143.110716667	143.863256667	144.615796668	145.368336668	146.120876668	146.873416668	147.625956668	148.378496668	149.131036668	0.0	0.0	-7.71468039968e-07	-7.89453690134e-07	-2.12893345716e-06	-2.26789042915e-06	-4.23031453169e-06	-5.45410083787e-06	-7.64517860004e-06	-9.63655879554e-06	0.0	-1.02515220439e-06	-2.38999258037e-08	-1.77994494231e-06	-1.84650612558e-07	-2.60773394417e-06	-1.62620765148e-06	-2.91157647693e-06	-2.64621175658e-06	-4.36155873913e-06	131.173261836	131.209837448	131.246413061	131.282988673	131.319564285	131.356139898	131.39271551	131.429291122	131.465866735	131.502442347	-1.88877289972	-1.90054216728	-1.91231143485	-1.92408070241	-1.93584996998	-1.94761923754	-1.9593885051	-1.97115777267	-1.98292704023	-1.9946963078	1.88211227798	1.88211227798	1.88211227798	1.88211227798	1.88211227798	1.88211227798	1.88211227798	1.88211227798	1.88211227798	1.88211227798	
6.13333333333	142.358176667	143.110716667	143.863256667	144.615796668	145.368336668	146.120876668	146.873416668	147.625956668	148.378496668	149.131036668	0.0	0.0	-7.71468039968e-07	-7.89453690134e-07	-2.12893345716e-06	-2.26789042915e-06	-4.23031453169e-06	-5.45410083787e-06	-7.64517860004e-06	-9.63655879554e-06	0.0	-1.02515220439e-06	-2.38999258037e-08	-1.77994494231e-06	-1.84650612558e-07	-2.60773394417e-06	-1.62620765148e-06	-2.91157647693e-06	-2.64621175658e-06	-4.36155873913e-06	131.173261836	131.209837448	131.246413061	131.282988673	131.319564285	131.356139898	131.39271551	131.429291122	131.465866735	131.502442347	-1.88877289972	-1.90054216728	-1.91231143485	-1.92408070241	-1.93584996998	-1.94761923754	-1.9593885051	-1.97115777267	-1.98292704023	-1.9946963078	1.88211227798	1.88211227798	1.88211227798	1.88211227798	1.88211227798	1.88211227798	1.88211227798	1.88211227798	1.88211227798	1.88211227798	
6.15	142.358176667	143.110716667	143.863256667	144.615796668	145.368336668	146.120876668	146.873416668	147.625956668	148.378496668	149.131036668	0.0	0.0	-7.71468039968e-07	-7.89453690134e-07	-2.12893345716e-06	-2.26789042915e-06	-4.23031453169e-06	-5.45410083787e-06	-7.64517860004e-06	-9.63655879554e-06	0.0	-1.02515220439e-06	-2.38999258037e-08	-1.77994494231e-06	-1.84650612558e-07	-2.60773394417e-06	-1.62620765148e-06	-2.91157647693e-06	-2.64621175658e-06	-4.36155873913e-06	131.173261836	131.209837448	131.246413061	131.282988673	131.319564285	131.356139898	131.39271551	131.429291122	131.465866735	131.502442347	-1.88877289972	-1.90054216728	-1.91231143485	-1.92408070241	-1.93584996998	-1.94761923754	-1.9593885051	-1.97115777267	-1.98292704023	-1.9946963078	1.88211227798	1.88211227798	1.88211227798	1.88211227798	1.88211227798	1.88211227798	1.88211227798	1.88211227798	1.88211227798	1.88211227798	
6.16666666667	142.358176667	143.110716667	143.863256667	144.615796668	145.368336668	146.120876668	146.873416668	147.625956668	148.378496668	149.131036668	0.0	0.0	-7.71468039968e-07	-7.89453690134e-07	-2.12893345716e-06	-2.26789042915e-06	-4.23031453169e-06	-5.45410083787e-06	-7.64517860004e-06	-9.63655879554e-06	0.0	-1.02515220439e-06	-2.38999258037e-08	-1.77994494231e-06	-1.84650612558e-07	-2.60773394417e-06	-1.62620765148e-06	-2.91157647693e-06	-2.64621175658e-06	-4.36155873913e-06	131.173261836	131.209837448	131.246413061	131.282988673	131.319564285	131.356139898	131.39271551	131.429291122	131.465866735	131.502442347	-1.88877289972	-1.90054216728	-1.91231143485	-1.92408070241	-1.93584996998	-1.94761923754	-1.9593885051	-1.97115777267	-1.98292704023	-1.9946963078	1.88211227798	1.88211227798	1.88211227798	1.88211227798	1.88211227798	1.88211227798	1.88211227798	1.88211227798	1.88211227798	1.88211227798	
6.18333333333	142.358176667	143.110716667	143.863256667	144.615796668	145.368336668	146.120876668	146.873416668	147.625956668	148.378496668	149.131036668	0.0	0.0	-7.71468039968e-07	-7.89453690134e-07	-2.12893345716e-06	-2.26789042915e-06	-4.23031453169e-06	-5.45410083787e-06	-7.64517860004e-06	-9.63655879554e-06	0.0	-1.02515220439e-06	-2.38999258037e-08	-1.77994494231e-06	-1.84650612558e-07	-2.60773394417e-06	-1.62620765148e-06	-2.91157647693e-06	-2.64621175658e-06	-4.36155873913e-06	131.173261836	131.209837448	131.246413061	131.282988673	131.319564285	131.356139898	131.39271551	131.429291122	131.465866735	131.502442347	-1.88877289972	-1.90054216728	-1.91231143485	-1.92408070241	-1.93584996998	-1.94761923754	-1.9593885051	-1.97115777267	-1.98292704023	-1.9946963078	1.88211227798	1.88211227798	1.88211227798	1.88211227798	1.88211227798	1.88211227798	1.88211227798	1.88211227798	1.88211227798	1.88211227798	
6.2	143.022426667	143.716106667	144.409786668	145.103466668	145.797146668	146.490826668	147.184506668	147.878186668	148.571866668	149.265546668	0.0	0.0	-2.26241330627e-07	-5.87782214969e-07	-1.38914489615e-06	-2.74682523236e-06	-5.02226520437e-06	-8.10695270564e-06	-1.1967907499e-05	-1.62824238721e-05	0.0	-3.26146538174e-07	-5.21192602207e-07	-1.15523394229e-06	-1.95721418528e-06	-3.2802444524e-06	-4.44684508838e-06	-5.56590184661e-06	-6.21975027766e-06	-7.38267731886e-06	131.237522291	131.321045748	131.404569205	131.488092662	131.571616118	131.655139575	131.738663032	131.822186489	131.905709946	131.989233403	-1.91339955247	-1.9474158798	-1.98143220712	-2.01544853444	-2.04946486176	-2.08348118908	-2.11749751641	-2.15151384373	-2.18553017105	-2.21954649837	1.95755140931	1.95755140931	1.95755140931	1.95755140931	1.95755140931	1.95755140931	1.95755140931	1.95755140931	1.95755140931	1.95755140931	
6.21666666667	143.022426667	143.716106667	144.409786668	145.103466668	145.797146668	146.490826668	147.184506668	147.878186668	148.571866668	149.265546668	0.0	0.0	-2.26241330627e-07	-5.87782214969e-07	-1.38914489615e-06	-2.74682523236e-06	-5.02226520437e-06	-8.10695270564e-06	-1.1967907499e-05	-1.62824238721e-05	0.0	-3.26146538174e-07	-5.21192602207e-07	-1.15523394229e-06	-1.95721418528e-06	-3.2802444524e-06	-4.44684508838e-06	-5.56590184661e-06	-6.21975027766e-06	-7.38267731886e-06	131.237522291	131.321045748	131.404569205	131.488092662	131.571616118	131.655139575	131.738663032	131.822186489	131.905709946	131.989233403	-1.91339955247	-1.9474158798	-1.98143220712	-2.01544853444	-2.04946486176	-2.08348118908	-2.11749751641	-2.15151384373	-2.18553017105	-2.21954649837	1.95755140931	1.95755140931	1.95755140931	1.95755140931	1.95755140931	1.95755140931	1.95755140931	1.95755140931	1.95755140931	1.95755140931	
6.23333333333	143.022426667	143.716106667	144.409786668	145.103466668	145.797146668	146.490826668	147.184506668	147.878186668	148.571866668	149.265546668	0.0	0.0	-2.26241330627e-07	-5.87782214969e-07	-1.38914489615e-06	-2.74682523236e-06	-5.02226520437e-06	-8.10695270564e-06	-1.1967907499e-05	-1.62824238721e-05	0.0	-3.26146538174e-07	-5.21192602207e-07	-1.15523394229e-06	-1.95721418528e-06	-3.2802444524e-06	-4.44684508838e-06	-5.56590184661e-06	-6.21975027766e-06	-7.38267731886e-06	131.237522291	131.321045748	131.404569205	131.488092662	131.571616118	131.655139575	131.738663032	131.822186489	131.905709946	131.989233403	-1.91339955247	-1.9474158798	-1.98143220712	-2.01544853444	-2.04946486176	-2.08348118908	-2.11749751641	-2.15151384373	-2.18553017105	-2.21954649837	1.95755140931	1.95755140931	1.95755140931	1.95755140931	1.95755140931	1.95755140931	1.95755140931	1.95755140931	1.95755140931	1.95755140931	
6.25	143.022426667	143.716106667	144.409786668	145.103466668	145.797146668	146.490826668	147.184506668	147.878186668	148.571866668	149.265546668	0.0	0.0	-2.26241330627e-07	-5.87782214969e-07	-1.38914489615e-06	-2.74682523236e-06	-5.02226520437e-06	-8.10695270564e-06	-1.1967907499e-05	-1.62824238721e-05	0.0	-3.26146538174e-07	-5.21192602207e-07	-1.15523394229e-06	-1.95721418528e-06	-3.2802444524e-06	-4.44684508838e-06	-5.56590184661e-06	-6.21975027766e-06	-7.38267731886e-06	131.237522291	131.321045748	131.404569205	131.488092662	131.571616118	131.655139575	131.738663032	131.822186489	131.905709946	131.989233403	-1.91339955247	-1.9474158798	-1.98143220712	-2.01544853444	-2.04946486176	-2.08348118908	-2.11749751641	-2.15151384373	-2.18553017105	-2.21954649837	1.95755140931	1.95755140931	1.95755140931	1.95755140931	1.95755140931	1.95755140931	1.95755140931	1.95755140931	1.95755140931	1.95755140931	
6.26666666667	143.022426667	143.716106667	144.409786668	145.103466668	145.797146668	146.490826668	147.184506668	147.878186668	148.571866668	149.265546668	0.0	0.0	-2.26241330627e-07	-5.87782214969e-07	-1.38914489615e-06	-2.74682523236e-06	-5.02226520437e-06	-8.10695270564e-06	-1.1967907499e-05	-1.62824238721e-05	0.0	-3.26146538174e-07	-5.21192602207e-07	-1.15523394229e-06	-1.95721418528e-06	-3.2802444524e-06	-4.44684508838e-06	-5.56590184661e-06	-6.21975027766e-06	-7.38267731886e-06	131.237522291	131.321045748	131.404569205	131.488092662	131.571616118	131.655139575	131.738663032	131.822186489	131.905709946	131.989233403	-1.91339955247	-1.9474158798	-1.98143220712	-2.01544853444	-2.04946486176	-2.08348118908	-2.11749751641	-2.15151384373	-2.18553017105	-2.21954649837	1.95755140931	1.95755140931	1.95755140931	1.95755140931	1.95755140931	1.95755140931	1.95755140931	1.95755140931	1.95755140931	1.95755140931	
6.28333333333	143.022426667	143.716106667	144.409786668	145.103466668	145.797146668	146.490826668	147.184506668	147.878186668	148.571866668	149.265546668	0.0	0.0	-2.26241330627e-07	-5.87782214969e-07	-1.38914489615e-06	-2.74682523236e-06	-5.02226520437e-06	-8.10695270564e-06	-1.1967907499e-05	-1.62824238721e-05	0.0	-3.26146538174e-07	-5.21192602207e-07	-1.15523394229e-06	-1.95721418528e-06	-3.2802444524e-06	-4.44684508838e-06	-5.56590184661e-06	-6.21975027766e-06	-7.38267731886e-06	131.237522291	131.321045748	131.404569205	131.488092662	131.571616118	131.655139575	131.738663032	131.822186489	131.905709946	131.989233403	-1.91339955247	-1.9474158798	-1.98143220712	-2.01544853444	-2.04946486176	-2.08348118908	-2.11749751641	-2.15151384373	-2.18553017105	-2.21954649837	1.95755140931	1.95755140931	1.95755140931	1.95755140931	1.95755140931	1.95755140931	1.95755140931	1.95755140931	1.95755140931	1.95755140931	
6.3	143.022426667	143.716106667	144.409786668	145.103466668	145.797146668	146.490826668	147.184506668	147.878186668	148.571866668	149.265546668	0.0	0.0	-2.26241330627e-07	-5.87782214969e-07	-1.38914489615e-06	-2.74682523236e-06	-5.02226520437e-06	-8.10695270564e-06	-1.1967907499e-05	-1.62824238721e-05	0.0	-3.26146538174e-07	-5.21192602207e-07	-1.15523394229e-06	-1.95721418528e-06	-3.2802444524e-06	-4.44684508838e-06	-5.56590184661e-06	-6.21975027766e-06	-7.38267731886e-06	131.237522291	131.321045748	131.404569205	131.488092662	131.571616118	131.655139575	131.738663032	131.822186489	131.905709946	131.989233403	-1.91339955247	-1.9474158798	-1.98143220712	-2.01544853444	-2.04946486176	-2.08348118908	-2.11749751641	-2.15151384373	-2.18553017105	-2.21954649837	1.95755140931	1.95755140931	1.95755140931	1.95755140931	1.95755140931	1.95755140931	1.95755140931	1.95755140931	1.95755140931	1.95755140931	
6.31666666667	143.722992501	144.348002501	144.973012501	145.598022501	146.223032501	146.848042501	147.473052501	148.098062501	148.723072501	149.348082502	0.0	0.0	-8.18356349239e-07	-5.47558074951e-07	-2.34665945778e-07	6.84819233036e-07	-1.14209995396e-06	-3.16258377845e-06	-6.74764866711e-06	-1.0793837115e-05	0.0	-1.30934920902e-06	4.33270306478e-07	5.00619396699e-07	1.47115274746e-06	-2.92302393043e-06	-3.2327223952e-06	-5.73601204492e-06	-6.47379793501e-06	-7.47133412961e-06	131.369485664	131.504382441	131.639279218	131.774175995	131.909072772	132.04396955	132.178866327	132.313763104	132.448659881	132.583556658	-1.97014387207	-2.0294393472	-2.08873482233	-2.14803029746	-2.20732577259	-2.26662124772	-2.32591672285	-2.38521219798	-2.44450767311	-2.50380314824	1.98493604801	1.98493604801	1.98493604801	1.98493604801	1.98493604801	1.98493604801	1.98493604801	1.98493604801	1.98493604801	1.98493604801	
6.33333333333	143.722992501	144.348002501	144.973012501	145.598022501	146.223032501	146.848042501	147.473052501	148.098062501	148.723072501	149.348082502	0.0	0.0	-8.18356349239e-07	-5.47558074951e-07	-2.34665945778e-07	6.84819233036e-07	-1.14209995396e-06	-3.16258377845e-06	-6.74764866711e-06	-1.0793837115e-05	0.0	-1.30934920902e-06	4.33270306478e-07	5.00619396699e-07	1.47115274746e-06	-2.92302393043e-06	-3.2327223952e-06	-5.73601204492e-06	-6.47379793501e-06	-7.47133412961e-06	131.369485664	131.504382441	131.639279218	131.774175995	131.909072772	132.04396955	132.178866327	132.313763104	132.448659881	132.583556658	-1.97014387207	-2.0294393472	-2.08873482233	-2.14803029746	-2.20732577259	-2.26662124772	-2.32591672285	-2.38521219798	-2.44450767311	-2.50380314824	1.98493604801	1.98493604801	1.98493604801	1.98493604801	1.98493604801	1.98493604801	1.98493604801	1.98493604801	1.98493604801	1.98493604801	
6.35	143.722992501	144.348002501	144.973012501	145.598022501	146.223032501	146.848042501	147.473052501	148.098062501	148.723072501	149.348082502	0.0	0.0	-8.18356349239e-07	-5.47558074951e-07	-2.34665945778e-07	6.84819233036e-07	-1.14209995396e-06	-3.16258377845e-06	-6.74764866711e-06	-1.0793837115e-05	0.0	-1.30934920902e-06	4.33270306478e-07	5.00619396699e-07	1.47115274746e-06	-2.92302393043e-06	-3.2327223952e-06	-5.73601204492e-06	-6.47379793501e-06	-7.47133412961e-06	131.369485664	131.504382441	131.639279218	131.774175995	131.909072772	132.04396955	132.178866327	132.313763104	132.448659881	132.583556658	-1.97014387207	-2.0294393472	-2.08873482233	-2.14803029746	-2.20732577259	-2.26662124772	-2.32591672285	-2.38521219798	-2.44450767311	-2.50380314824	1.98493604801	1.98493604801	1.98493604801	1.98493604801	1.98493604801	1.98493604801	1.98493604801	1.98493604801	1.98493604801	1.98493604801	
6.36666666667	143.722992501	144.348002501	144.973012501	145.598022501	146.223032501	146.848042501	147.473052501	148.098062501	148.723072501	149.348082502	0.0	0.0	-8.18356349239e-07	-5.47558074951e-07	-2.34665945778e-07	6.84819233036e-07	-1.14209995396e-06	-3.16258377845e-06	-6.74764866711e-06	-1.0793837115e-05	0.0	-1.30934920902e-06	4.33270306478e-07	5.00619396699e-07	1.47115274746e-06	-2.92302393043e-06	-3.2327223952e-06	-5.73601204492e-06	-6.47379793501e-06	-7.47133412961e-06	131.369485664	131.504382441	131.639279218	131.774175995	131.909072772	132.04396955	132.178866327	132.313763104	132.448659881	132.583556658	-1.97014387207	-2.0294393472	-2.08873482233	-2.14803029746	-2.20732577259	-2.26662124772	-2.32591672285	-2.38521219798	-2.44450767311	-2.50380314824	1.98493604801	1.98493604801	1.98493604801	1.98493604801	1.98493604801	1.98493604801	1.98493604801	1.98493604801	1.98493604801	1.98493604801	
6.38333333333	143.722992501	144.348002501	144.973012501	145.598022501	146.223032501	146.848042501	147.473052501	148.098062501	148.723072501	149.348082502	0.0	0.0	-8.18356349239e-07	-5.47558074951e-07	-2.34665945778e-07	6.84819233036e-07	-1.14209995396e-06	-3.16258377845e-06	-6.74764866711e-06	-1.0793837115e-05	0.0	-1.30934920902e-06	4.33270306478e-07	5.00619396699e-07	1.47115274746e-06	-2.92302393043e-06	-3.2327223952e-06	-5.73601204492e-06	-6.47379793501e-06	-7.47133412961e-06	131.369485664	131.504382441	131.639279218	131.774175995	131.909072772	132.04396955	132.178866327	132.313763104	132.448659881	132.583556658	-1.97014387207	-2.0294393472	-2.08873482233	-2.14803029746	-2.20732577259	-2.26662124772	-2.32591672285	-2.38521219798	-2.44450767311	-2.50380314824	1.98493604801	1.98493604801	1.98493604801	1.98493604801	1.98493604801	1.98493604801	1.98493604801	1.98493604801	1.98493604801	1.98493604801	
6.4	143.722992501	144.348002501	144.973012501	145.598022501	146.223032501	146.848042501	147.473052501	148.098062501	148.723072501	149.348082502	0.0	0.0	-8.18356349239e-07	-5.47558074951e-07	-2.34665945778e-07	6.84819233036e-07	-1.14209995396e-06	-3.16258377845e-06	-6.74764866711e-06	-1.0793837115e-05	0.0	-1.30934920902e-06	4.33270306478e-07	5.00619396699e-07	1.47115274746e-06	-2.92302393043e-06	-3.2327223952e-06	-5.73601204492e-06	-6.47379793501e-06	-7.47133412961e-06	131.369485664	131.504382441	131.639279218	131.774175995	131.909072772	132.04396955	132.178866327	132.313763104	132.448659881	132.583556658	-1.97014387207	-2.0294393472	-2.08873482233	-2.14803029746	-2.20732577259	-2.26662124772	-2.32591672285	-2.38521219798	-2.44450767311	-2.50380314824	1.98493604801	1.98493604801	1.98493604801	1.98493604801	1.98493604801	1.98493604801	1.98493604801	1.98493604801	1.98493604801	1.98493604801	
6.41666666667	144.259712501	144.825862501	145.392012501	145.958162501	146.524312501	147.090462501	147.656612501	148.222762502	148.788912502	149.355062502	0.0	0.0	-6.7600573142e-07	-1.54177620237e-06	-3.15159605035e-06	-5.37712297144e-06	-8.5761978122e-06	-1.28603550772e-05	-1.84003156984e-05	-2.51049169956e-05	0.0	-1.19403997406e-06	-1.52922453557e-06	-2.84345111318e-06	-3.93098458138e-06	-5.65057818646e-06	-7.56717701029e-06	-9.78532300703e-06	-1.18424468715e-05	-1.36101603667e-05	131.528983646	131.705790402	131.882597157	132.059403913	132.236210668	132.413017424	132.58982418	132.766630935	132.943437691	133.120244446	-2.04118012479	-2.12038977944	-2.19959943409	-2.27880908874	-2.3580187434	-2.43722839805	-2.5164380527	-2.59564770736	-2.67485736201	-2.75406701666	1.99198688185	1.99198688185	1.99198688185	1.99198688185	1.99198688185	1.99198688185	1.99198688185	1.99198688185	1.99198688185	1.99198688185	
6.43333333333	144.259712501	144.825862501	145.392012501	145.958162501	146.524312501	147.090462501	147.656612501	148.222762502	148.788912502	149.355062502	0.0	0.0	-6.7600573142e-07	-1.54177620237e-06	-3.15159605035e-06	-5.37712297144e-06	-8.5761978122e-06	-1.28603550772e-05	-1.84003156984e-05	-2.51049169956e-05	0.0	-1.19403997406e-06	-1.52922453557e-06	-2.84345111318e-06	-3.93098458138e-06	-5.65057818646e-06	-7.56717701029e-06	-9.78532300703e-06	-1.18424468715e-05	-1.36101603667e-05	131.528983646	131.705790402	131.882597157	132.059403913	132.236210668	132.413017424	132.58982418	132.766630935	132.943437691	133.120244446	-2.04118012479	-2.12038977944	-2.19959943409	-2.27880908874	-2.3580187434	-2.43722839805	-2.5164380527	-2.59564770736	-2.67485736201	-2.75406701666	1.99198688185	1.99198688185	1.99198688185	1.99198688185	1.99198688185	1.99198688185	1.99198688185	1.99198688185	1.99198688185	1.99198688185	
6.45	144.259712501	144.825862501	145.392012501	145.958162501	146.524312501	147.090462501	147.656612501	148.222762502	148.788912502	149.355062502	0.0	0.0	-6.7600573142e-07	-1.54177620237e-06	-3.15159605035e-06	-5.37712297144e-06	-8.5761978122e-06	-1.28603550772e-05	-1.84003156984e-05	-2.51049169956e-05	0.0	-1.19403997406e-06	-1.52922453557e-06	-2.84345111318e-06	-3.93098458138e-06	-5.65057818646e-06	-7.56717701029e-06	-9.78532300703e-06	-1.18424468715e-05	-1.36101603667e-05	131.528983646	131.705790402	131.882597157	132.059403913	132.236210668	132.413017424	132.58982418	132.766630935	132.943437691	133.120244446	-2.04118012479	-2.12038977944	-2.19959943409	-2.27880908874	-2.3580187434	-2.43722839805	-2.5164380527	-2.59564770736	-2.67485736201	-2.75406701666	1.99198688185	1.99198688185	1.99198688185	1.99198688185	1.99198688185	1.99198688185	1.99198688185	1.99198688185	1.99198688185	1.99198688185	
6.46666666667	144.259712501	144.825862501	145.392012501	145.958162501	146.524312501	147.090462501	147.656612501	148.222762502	148.788912502	149.355062502	0.0	0.0	-6.7600573142e-07	-1.54177620237e-06	-3.15159605035e-06	-5.37712297144e-06	-8.5761978122e-06	-1.28603550772e-05	-1.84003156984e-05	-2.51049169956e-05	0.0	-1.19403997406e-06	-1.52922453557e-06	-2.84345111318e-06	-3.93098458138e-06	-5.65057818646e-06	-7.56717701029e-06	-9.78532300703e-06	-1.18424468715e-05	-1.36101603667e-05	131.528983646	131.705790402	131.882597157	132.059403913	132.236210668	132.413017424	132.58982418	132.766630935	132.943437691	133.120244446	-2.04118012479	-2.12038977944	-2.19959943409	-2.27880908874	-2.3580187434	-2.43722839805	-2.5164380527	-2.59564770736	-2.67485736201	-2.75406701666	1.99198688185	1.99198688185	1.99198688185	1.99198688185	1.99198688185	1.99198688185	1.99198688185	1.99198688185	1.99198688185	1.99198688185	
6.48333333333	144.259712501	144.825862501	145.392012501	145.958162501	146.524312501	147.090462501	147.656612501	148.222762502	148.788912502	149.355062502	0.0	0.0	-6.7600573142e-07	-1.54177620237e-06	-3.15159605035e-06	-5.37712297144e-06	-8.5761978122e-06	-1.28603550772e-05	-1.84003156984e-05	-2.51049169956e-05	0.0	-1.19403997406e-06	-1.52922453557e-06	-2.84345111318e-06	-3.93098458138e-06	-5.65057818646e-06	-7.56717701029e-06	-9.78532300703e-06	-1.18424468715e-05	-1.36101603667e-05	131.528983646	131.705790402	131.882597157	132.059403913	132.236210668	132.413017424	132.58982418	132.766630935	132.943437691	133.120244446	-2.04118012479	-2.12038977944	-2.19959943409	-2.27880908874	-2.3580187434	-2.43722839805	-2.5164380527	-2.59564770736	-2.67485736201	-2.75406701666	1.99198688185	1.99198688185	1.99198688185	1.99198688185	1.99198688185	1.99198688185	1.99198688185	1.99198688185	1.99198688185	1.99198688185	
6.5	144.259712501	144.825862501	145.392012501	145.958162501	146.524312501	147.090462501	147.656612501	148.222762502	148.788912502	149.355062502	0.0	0.0	-6.7600573142e-07	-1.54177620237e-06	-3.15159605035e-06	-5.37712297144e-06	-8.5761978122e-06	-1.28603550772e-05	-1.84003156984e-05	-2.51049169956e-05	0.0	-1.19403997406e-06	-1.52922453557e-06	-2.84345111318e-06	-3.93098458138e-06	-5.65057818646e-06	-7.56717701029e-06	-9.78532300703e-06	-1.18424468715e-05	-1.36101603667e-05	131.528983646	131.705790402	131.882597157	132.059403913	132.236210668	132.413017424	132.58982418	132.766630935	132.943437691	133.120244446	-2.04118012479	-2.12038977944	-2.19959943409	-2.27880908874	-2.3580187434	-2.43722839805	-2.5164380527	-2.59564770736	-2.67485736201	-2.75406701666	1.99198688185	1.99198688185	1.99198688185	1.99198688185	1.99198688185	1.99198688185	1.99198688185	1.99198688185	1.99198688185	1.99198688185	
6.51666666667	144.259712501	144.825862501	145.392012501	145.958162501	146.524312501	147.090462501	147.656612501	148.222762502	148.788912502	149.355062502	0.0	0.0	-6.7600573142e-07	-1.54177620237e-06	-3.15159605035e-06	-5.37712297144e-06	-8.5761978122e-06	-1.28603550772e-05	-1.84003156984e-05	-2.51049169956e-05	0.0	-1.19403997406e-06	-1.52922453557e-06	-2.84345111318e-06	-3.93098458138e-06	-5.65057818646e-06	-7.56717701029e-06	-9.78532300703e-06	-1.18424468715e-05	-1.36101603667e-05	131.528983646	131.705790402	131.882597157	132.059403913	132.236210668	132.413017424	132.58982418	132.766630935	132.943437691	133.120244446	-2.04118012479	-2.12038977944	-2.19959943409	-2.27880908874	-2.3580187434	-2.43722839805	-2.5164380527	-2.59564770736	-2.67485736201	-2.75406701666	1.99198688185	1.99198688185	1.99198688185	1.99198688185	1.99198688185	1.99198688185	1.99198688185	1.99198688185	1.99198688185	1.99198688185	
6.53333333333	144.811493334	145.308973334	145.806453335	146.303933335	146.801413335	147.298893335	147.796373335	148.293853335	148.791333335	149.288813335	0.0	0.0	-9.70828261043e-07	-1.33938439165e-06	-2.69280052107e-06	-3.41474138897e-06	-5.09683420831e-06	-6.14603969333e-06	-8.15138636263e-06	-9.87012222841e-06	0.0	-1.95149204161e-06	-7.40846125553e-07	-2.72054379908e-06	-1.45119576216e-06	-3.38122702224e-06	-2.10904053395e-06	-4.03100962637e-06	-3.45488434803e-06	-5.42848767372e-06	131.766501552	131.989804347	132.213107141	132.436409935	132.65971273	132.883015524	133.106318319	133.329621113	133.552923907	133.776226702	-2.14809207015	-2.24881904789	-2.34954602563	-2.45027300337	-2.55099998111	-2.65172695884	-2.75245393658	-2.85318091432	-2.95390789206	-3.0546348698	1.99454635641	1.99454635641	1.99454635641	1.99454635641	1.99454635641	1.99454635641	1.99454635641	1.99454635641	1.99454635641	1.99454635641	
6.55	144.811493334	145.308973334	145.806453335	146.303933335	146.801413335	147.298893335	147.796373335	148.293853335	148.791333335	149.288813335	0.0	0.0	-9.70828261043e-07	-1.33938439165e-06	-2.69280052107e-06	-3.41474138897e-06	-5.09683420831e-06	-6.14603969333e-06	-8.15138636263e-06	-9.87012222841e-06	0.0	-1.95149204161e-06	-7.40846125553e-07	-2.72054379908e-06	-1.45119576216e-06	-3.38122702224e-06	-2.10904053395e-06	-4.03100962637e-06	-3.45488434803e-06	-5.42848767372e-06	131.766501552	131.989804347	132.213107141	132.436409935	132.65971273	132.883015524	133.106318319	133.329621113	133.552923907	133.776226702	-2.14809207015	-2.24881904789	-2.34954602563	-2.45027300337	-2.55099998111	-2.65172695884	-2.75245393658	-2.85318091432	-2.95390789206	-3.0546348698	1.99454635641	1.99454635641	1.99454635641	1.99454635641	1.99454635641	1.99454635641	1.99454635641	1.99454635641	1.99454635641	1.99454635641	
6.56666666667	144.811493334	145.308973334	145.806453335	146.303933335	146.801413335	147.298893335	147.796373335	148.293853335	148.791333335	149.288813335	0.0	0.0	-9.70828261043e-07	-1.33938439165e-06	-2.69280052107e-06	-3.41474138897e-06	-5.09683420831e-06	-6.14603969333e-06	-8.15138636263e-06	-9.87012222841e-06	0.0	-1.95149204161e-06	-7.40846125553e-07	-2.72054379908e-06	-1.45119576216e-06	-3.38122702224e-06	-2.10904053395e-06	-4.03100962637e-06	-3.45488434803e-06	-5.42848767372e-06	131.766501552	131.989804347	132.213107141	132.436409935	132.65971273	132.883015524	133.106318319	133.329621113	133.552923907	133.776226702	-2.14809207015	-2.24881904789	-2.34954602563	-2.45027300337	-2.55099998111	-2.65172695884	-2.75245393658	-2.85318091432	-2.95390789206	-3.0546348698	1.99454635641	1.99454635641	1.99454635641	1.99454635641	1.99454635641	1.99454635641	1.99454635641	1.99454635641	1.99454635641	1.99454635641	
6.58333333333	144.811493334	145.308973334	145.806453335	146.303933335	146.801413335	147.298893335	147.796373335	148.293853335	148.791333335	149.288813335	0.0	0.0	-9.70828261043e-07	-1.33938439165e-06	-2.69280052107e-06	-3.41474138897e-06	-5.09683420831e-06	-6.14603969333e-06	-8.15138636263e-06	-9.87012222841e-06	0.0	-1.95149204161e-06	-7.40846125553e-07	-2.72054379908e-06	-1.45119576216e-06	-3.38122702224e-06	-2.10904053395e-06	-4.03100962637e-06	-3.45488434803e-06	-5.42848767372e-06	131.766501552	131.989804347	132.213107141	132.436409935	132.65971273	132.883015524	133.106318319	133.329621113	133.552923907	133.776226702	-2.14809207015	-2.24881904789	-2.34954602563	-2.45027300337	-2.55099998111	-2.65172695884	-2.75245393658	-2.85318091432	-2.95390789206	-3.0546348698	1.99454635641	1.99454635641	1.99454635641	1.99454635641	1.99454635641	1.99454635641	1.99454635641	1.99454635641	1.99454635641	1.99454635641	
6.6	144.811493334	145.308973334	145.806453335	146.303933335	146.801413335	147.298893335	147.796373335	148.293853335	148.791333335	149.288813335	0.0	0.0	-9.70828261043e-07	-1.33938439165e-06	-2.69280052107e-06	-3.41474138897e-06	-5.09683420831e-06	-6.14603969333e-06	-8.15138636263e-06	-9.87012222841e-06	0.0	-1.95149204161e-06	-7.40846125553e-07	-2.72054379908e-06	-1.45119576216e-06	-3.38122702224e-06	-2.10904053395e-06	-4.03100962637e-06	-3.45488434803e-06	-5.42848767372e-06	131.766501552	131.989804347	132.213107141	132.436409935	132.65971273	132.883015524	133.106318319	133.329621113	133.552923907	133.776226702	-2.14809207015	-2.24881904789	-2.34954602563	-2.45027300337	-2.55099998111	-2.65172695884	-2.75245393658	-2.85318091432	-2.95390789206	-3.0546348698	1.99454635641	1.99454635641	1.99454635641	1.99454635641	1.99454635641	1.99454635641	1.99454635641	1.99454635641	1.99454635641	1.99454635641	
6.61666666667	144.811493334	145.308973334	145.806453335	146.303933335	146.801413335	147.298893335	147.796373335	148.293853335	148.791333335	149.288813335	0.0	0.0	-9.70828261043e-07	-1.33938439165e-06	-2.69280052107e-06	-3.41474138897e-06	-5.09683420831e-06	-6.14603969333e-06	-8.15138636263e-06	-9.87012222841e-06	0.0	-1.95149204161e-06	-7.40846125553e-07	-2.72054379908e-06	-1.45119576216e-06	-3.38122702224e-06	-2.10904053395e-06	-4.03100962637e-06	-3.45488434803e-06	-5.42848767372e-06	131.766501552	131.989804347	132.213107141	132.436409935	132.65971273	132.883015524	133.106318319	133.329621113	133.552923907	133.776226702	-2.14809207015	-2.24881904789	-2.34954602563	-2.45027300337	-2.55099998111	-2.65172695884	-2.75245393658	-2.85318091432	-2.95390789206	-3.0546348698	1.99454635641	1.99454635641	1.99454635641	1.99454635641	1.99454635641	1.99454635641	1.99454635641	1.99454635641	1.99454635641	1.99454635641	
6.63333333333	144.811493334	145.308973334	145.806453335	146.303933335	146.801413335	147.298893335	147.796373335	148.293853335	148.791333335	149.288813335	0.0	0.0	-9.70828261043e-07	-1.33938439165e-06	-2.69280052107e-06	-3.41474138897e-06	-5.09683420831e-06	-6.14603969333e-06	-8.15138636263e-06	-9.87012222841e-06	0.0	-1.95149204161e-06	-7.40846125553e-07	-2.72054379908e-06	-1.45119576216e-06	-3.38122702224e-06	-2.10904053395e-06	-4.03100962637e-06	-3.45488434803e-06	-5.42848767372e-06	131.766501552	131.989804347	132.213107141	132.436409935	132.65971273	132.883015524	133.106318319	133.329621113	133.552923907	133.776226702	-2.14809207015	-2.24881904789	-2.34954602563	-2.45027300337	-2.55099998111	-2.65172695884	-2.75245393658	-2.85318091432	-2.95390789206	-3.0546348698	1.99454635641	1.99454635641	1.99454635641	1.99454635641	1.99454635641	1.99454635641	1.99454635641	1.99454635641	1.99454635641	1.99454635641	
6.65	145.283159168	145.711969168	146.140779168	146.569589168	146.998399168	147.427209168	147.856019168	148.284829169	148.713639169	149.142449169	0.0	0.0	-9.13773000486e-07	-1.59586933399e-06	-3.1165586377e-06	-4.42940387051e-06	-6.53831728226e-06	-8.39612066113e-06	-1.11342300093e-05	-1.35513942284e-05	0.0	-2.13095077136e-06	-1.59067263669e-06	-3.54630093361e-06	-3.06160125112e-06	-4.9180602394e-06	-4.33246281203e-06	-6.38536728966e-06	-5.63691196237e-06	-7.80863194942e-06	132.056552482	132.323790405	132.591028329	132.858266252	133.125504175	133.392742098	133.659980022	133.927217945	134.194455868	134.461693791	-2.27909865264	-2.39987360357	-2.52064855451	-2.64142350545	-2.76219845639	-2.88297340732	-3.00374835826	-3.1245233092	-3.24529826013	-3.36607321107	1.99526065878	1.99526065878	1.99526065878	1.99526065878	1.99526065878	1.99526065878	1.99526065878	1.99526065878	1.99526065878	1.99526065878	
6.66666666667	145.283159168	145.711969168	146.140779168	146.569589168	146.998399168	147.427209168	147.856019168	148.284829169	148.713639169	149.142449169	0.0	0.0	-9.13773000486e-07	-1.59586933399e-06	-3.1165586377e-06	-4.42940387051e-06	-6.53831728226e-06	-8.39612066113e-06	-1.11342300093e-05	-1.35513942284e-05	0.0	-2.13095077136e-06	-1.59067263669e-06	-3.54630093361e-06	-3.06160125112e-06	-4.9180602394e-06	-4.33246281203e-06	-6.38536728966e-06	-5.63691196237e-06	-7.80863194942e-06	132.056552482	132.323790405	132.591028329	132.858266252	133.125504175	133.392742098	133.659980022	133.927217945	134.194455868	134.461693791	-2.27909865264	-2.39987360357	-2.52064855451	-2.64142350545	-2.76219845639	-2.88297340732	-3.00374835826	-3.1245233092	-3.24529826013	-3.36607321107	1.99526065878	1.99526065878	1.99526065878	1.99526065878	1.99526065878	1.99526065878	1.99526065878	1.99526065878	1.99526065878	1.99526065878	
6.68333333333	145.283159168	145.711969168	146.140779168	146.569589168	146.998399168	147.427209168	147.856019168	148.284829169	148.713639169	149.142449169	0.0	0.0	-9.13773000486e-07	-1.59586933399e-06	-3.1165586377e-06	-4.42940387051e-06	-6.53831728226e-06	-8.39612066113e-06	-1.11342300093e-05	-1.35513942284e-05	0.0	-2.13095077136e-06	-1.59067263669e-06	-3.54630093361e-06	-3.06160125112e-06	-4.9180602394e-06	-4.33246281203e-06	-6.38536728966e-06	-5.63691196237e-06	-7.80863194942e-06	132.056552482	132.323790405	132.591028329	132.858266252	133.125504175	133.392742098	133.659980022	133.927217945	134.194455868	134.461693791	-2.27909865264	-2.39987360357	-2.52064855451	-2.64142350545	-2.76219845639	-2.88297340732	-3.00374835826	-3.1245233092	-3.24529826013	-3.36607321107	1.99526065878	1.99526065878	1.99526065878	1.99526065878	1.99526065878	1.99526065878	1.99526065878	1.99526065878	1.99526065878	1.99526065878	
6.7	145.283159168	145.711969168	146.140779168	146.569589168	146.998399168	147.427209168	147.856019168	148.284829169	148.713639169	149.142449169	0.0	0.0	-9.13773000486e-07	-1.59586933399e-06	-3.1165586377e-06	-4.42940387051e-06	-6.53831728226e-06	-8.39612066113e-06	-1.11342300093e-05	-1.35513942284e-05	0.0	-2.13095077136e-06	-1.59067263669e-06	-3.54630093361e-06	-3.06160125112e-06	-4.9180602394e-06	-4.33246281203e-06	-6.38536728966e-06	-5.63691196237e-06	-7.80863194942e-06	132.056552482	132.323790405	132.591028329	132.858266252	133.125504175	133.392742098	133.659980022	133.927217945	134.194455868	134.461693791	-2.27909865264	-2.39987360357	-2.52064855451	-2.64142350545	-2.76219845639	-2.88297340732	-3.00374835826	-3.1245233092	-3.24529826013	-3.36607321107	1.99526065878	1.99526065878	1.99526065878	1.99526065878	1.99526065878	1.99526065878	1.99526065878	1.99526065878	1.99526065878	1.99526065878	
6.71666666667	145.283159168	145.711969168	146.140779168	146.569589168	146.998399168	147.427209168	147.856019168	148.284829169	148.713639169	149.142449169	0.0	0.0	-9.13773000486e-07	-1.59586933399e-06	-3.1165586377e-06	-4.42940387051e-06	-6.53831728226e-06	-8.39612066113e-06	-1.11342300093e-05	-1.35513942284e-05	0.0	-2.13095077136e-06	-1.59067263669e-06	-3.54630093361e-06	-3.06160125112e-06	-4.9180602394e-06	-4.33246281203e-06	-6.38536728966e-06	-5.63691196237e-06	-7.80863194942e-06	132.056552482	132.323790405	132.591028329	132.858266252	133.125504175	133.392742098	133.659980022	133.927217945	134.194455868	134.461693791	-2.27909865264	-2.39987360357	-2.52064855451	-2.64142350545	-2.76219845639	-2.88297340732	-3.00374835826	-3.1245233092	-3.24529826013	-3.36607321107	1.99526065878	1.99526065878	1.99526065878	1.99526065878	1.99526065878	1.99526065878	1.99526065878	1.99526065878	1.99526065878	1.99526065878	
6.73333333333	145.283159168	145.711969168	146.140779168	146.569589168	146.998399168	147.427209168	147.856019168	148.284829169	148.713639169	149.142449169	0.0	0.0	-9.13773000486e-07	-1.59586933399e-06	-3.1165586377e-06	-4.42940387051e-06	-6.53831728226e-06	-8.39612066113e-06	-1.11342300093e-05	-1.35513942284e-05	0.0	-2.13095077136e-06	-1.59067263669e-06	-3.54630093361e-06	-3.06160125112e-06	-4.9180602394e-06	-4.33246281203e-06	-6.38536728966e-06	-5.63691196237e-06	-7.80863194942e-06	132.056552482	132.323790405	132.591028329	132.858266252	133.125504175	133.392742098	133.659980022	133.927217945	134.194455868	134.461693791	-2.27909865264	-2.39987360357	-2.52064855451	-2.64142350545	-2.76219845639	-2.88297340732	-3.00374835826	-3.1245233092	-3.24529826013	-3.36607321107	1.99526065878	1.99526065878	1.99526065878	1.99526065878	1.99526065878	1.99526065878	1.99526065878	1.99526065878	1.99526065878	1.99526065878	
6.75	145.623679168	145.993629168	146.363579168	146.733529168	147.103479168	147.473429168	147.843379169	148.213329169	148.583279169	148.953229169	0.0	0.0	-7.47955976082e-07	-1.35558624067e-06	-2.75903345856e-06	-4.00799340239e-06	-6.12436727271e-06	-8.13221508663e-06	-1.10114345104e-05	-1.37140995691e-05	0.0	-2.02177585041e-06	-1.6424659127e-06	-3.79361323823e-06	-3.37602363416e-06	-5.72070244546e-06	-5.42734913725e-06	-7.78272583589e-06	-7.30548738455e-06	-9.48746384148e-06	132.344749189	132.647668145	132.950587101	133.253506057	133.556425013	133.859343968	134.162262924	134.46518188	134.768100836	135.071019791	-2.40938902388	-2.546356682	-2.68332434011	-2.82029199823	-2.95725965635	-3.09422731447	-3.23119497259	-3.36816263071	-3.50513028883	-3.64209794695	1.99544457311	1.99544457311	1.99544457311	1.99544457311	1.99544457311	1.99544457311	1.99544457311	1.99544457311	1.99544457311	1.99544457311	
6.76666666667	145.623679168	145.993629168	146.363579168	146.733529168	147.103479168	147.473429168	147.843379169	148.213329169	148.583279169	148.953229169	0.0	0.0	-7.47955976082e-07	-1.35558624067e-06	-2.75903345856e-06	-4.00799340239e-06	-6.12436727271e-06	-8.13221508663e-06	-1.10114345104e-05	-1.37140995691e-05	0.0	-2.02177585041e-06	-1.6424659127e-06	-3.79361323823e-06	-3.37602363416e-06	-5.72070244546e-06	-5.42734913725e-06	-7.78272583589e-06	-7.30548738455e-06	-9.48746384148e-06	132.344749189	132.647668145	132.950587101	133.253506057	133.556425013	133.859343968	134.162262924	134.46518188	134.768100836	135.071019791	-2.40938902388	-2.546356682	-2.68332434011	-2.82029199823	-2.95725965635	-3.09422731447	-3.23119497259	-3.36816263071	-3.50513028883	-3.64209794695	1.99544457311	1.99544457311	1.99544457311	1.99544457311	1.99544457311	1.99544457311	1.99544457311	1.99544457311	1.99544457311	1.99544457311	
6.78333333333	145.623679168	145.993629168	146.363579168	146.733529168	147.103479168	147.473429168	147.843379169	148.213329169	148.583279169	148.953229169	0.0	0.0	-7.47955976082e-07	-1.35558624067e-06	-2.75903345856e-06	-4.00799340239e-06	-6.12436727271e-06	-8.13221508663e-06	-1.10114345104e-05	-1.37140995691e-05	0.0	-2.02177585041e-06	-1.6424659127e-06	-3.79361323823e-06	-3.37602363416e-06	-5.72070244546e-06	-5.42734913725e-06	-7.78272583589e-06	-7.30548738455e-06	-9.48746384148e-06	132.344749189	132.647668145	132.950587101	133.253506057	133.556425013	133.859343968	134.162262924	134.46518188	134.768100836	135.071019791	-2.40938902388	-2.546356682	-2.68332434011	-2.82029199823	-2.95725965635	-3.09422731447	-3.23119497259	-3.36816263071	-3.50513028883	-3.64209794695	1.99544457311	1.99544457311	1.99544457311	1.99544457311	1.99544457311	1.99544457311	1.99544457311	1.99544457311	1.99544457311	1.99544457311	
6.8	145.623679168	145.993629168	146.363579168	146.733529168	147.103479168	147.473429168	147.843379169	148.213329169	148.583279169	148.953229169	0.0	0.0	-7.47955976082e-07	-1.35558624067e-06	-2.75903345856e-06	-4.00799340239e-06	-6.12436727271e-06	-8.13221508663e-06	-1.10114345104e-05	-1.37140995691e-05	0.0	-2.02177585041e-06	-1.6424659127e-06	-3.79361323823e-06	-3.37602363416e-06	-5.72070244546e-06	-5.42734913725e-06	-7.78272583589e-06	-7.30548738455e-06	-9.48746384148e-06	132.344749189	132.647668145	132.950587101	133.253506057	133.556425013	133.859343968	134.162262924	134.46518188	134.768100836	135.071019791	-2.40938902388	-2.546356682	-2.68332434011	-2.82029199823	-2.95725965635	-3.09422731447	-3.23119497259	-3.36816263071	-3.50513028883	-3.64209794695	1.99544457311	1.99544457311	1.99544457311	1.99544457311	1.99544457311	1.99544457311	1.99544457311	1.99544457311	1.99544457311	1.99544457311	
6.81666666667	145.623679168	145.993629168	146.363579168	146.733529168	147.103479168	147.473429168	147.843379169	148.213329169	148.583279169	148.953229169	0.0	0.0	-7.47955976082e-07	-1.35558624067e-06	-2.75903345856e-06	-4.00799340239e-06	-6.12436727271e-06	-8.13221508663e-06	-1.10114345104e-05	-1.37140995691e-05	0.0	-2.02177585041e-06	-1.6424659127e-06	-3.79361323823e-06	-3.37602363416e-06	-5.72070244546e-06	-5.42734913725e-06	-7.78272583589e-06	-7.30548738455e-06	-9.48746384148e-06	132.344749189	132.647668145	132.950587101	133.253506057	133.556425013	133.859343968	134.162262924	134.46518188	134.768100836	135.071019791	-2.40938902388	-2.546356682	-2.68332434011	-2.82029199823	-2.95725965635	-3.09422731447	-3.23119497259	-3.36816263071	-3.50513028883	-3.64209794695	1.99544457311	1.99544457311	1.99544457311	1.99544457311	1.99544457311	1.99544457311	1.99544457311	1.99544457311	1.99544457311	1.99544457311	
6.83333333333	145.623679168	145.993629168	146.363579168	146.733529168	147.103479168	147.473429168	147.843379169	148.213329169	148.583279169	148.953229169	0.0	0.0	-7.47955976082e-07	-1.35558624067e-06	-2.75903345856e-06	-4.00799340239e-06	-6.12436727271e-06	-8.13221508663e-06	-1.10114345104e-05	-1.37140995691e-05	0.0	-2.02177585041e-06	-1.6424659127e-06	-3.79361323823e-06	-3.37602363416e-06	-5.72070244546e-06	-5.42734913725e-06	-7.78272583589e-06	-7.30548738455e-06	-9.48746384148e-06	132.344749189	132.647668145	132.950587101	133.253506057	133.556425013	133.859343968	134.162262924	134.46518188	134.768100836	135.071019791	-2.40938902388	-2.546356682	-2.68332434011	-2.82029199823	-2.95725965635	-3.09422731447	-3.23119497259	-3.36816263071	-3.50513028883	-3.64209794695	1.99544457311	1.99544457311	1.99544457311	1.99544457311	1.99544457311	1.99544457311	1.99544457311	1.99544457311	1.99544457311	1.99544457311	
6.85	145.623679168	145.993629168	146.363579168	146.733529168	147.103479168	147.473429168	147.843379169	148.213329169	148.583279169	148.953229169	0.0	0.0	-7.47955976082e-07	-1.35558624067e-06	-2.75903345856e-06	-4.00799340239e-06	-6.12436727271e-06	-8.13221508663e-06	-1.10114345104e-05	-1.37140995691e-05	0.0	-2.02177585041e-06	-1.6424659127e-06	-3.79361323823e-06	-3.37602363416e-06	-5.72070244546e-06	-5.42734913725e-06	-7.78272583589e-06	-7.30548738455e-06	-9.48746384148e-06	132.344749189	132.647668145	132.950587101	133.253506057	133.556425013	133.859343968	134.162262924	134.46518188	134.768100836	135.071019791	-2.40938902388	-2.546356682	-2.68332434011	-2.82029199823	-2.95725965635	-3.09422731447	-3.23119497259	-3.36816263071	-3.50513028883	-3.64209794695	1.99544457311	1.99544457311	1.99544457311	1.99544457311	1.99544457311	1.99544457311	1.99544457311	1.99544457311	1.99544457311	1.99544457311	
6.86666666667	145.946560001	146.247840002	146.549120002	146.850400002	147.151680002	147.452960002	147.754240002	148.055520002	148.356800002	148.658080002	0.0	0.0	-5.91090392861e-07	-1.13552984954e-06	-1.95319495023e-06	-3.12363421597e-06	-4.10258009334e-06	-5.65401278399e-06	-7.53010683651e-06	-9.65529441136e-06	0.0	-1.96193040572e-06	-1.80708794634e-06	-2.71397072614e-06	-3.88488869257e-06	-3.24928928899e-06	-5.14947122298e-06	-6.22707797336e-06	-7.05386210187e-06	-7.73773947557e-06	132.724657	133.066998234	133.409339467	133.751680701	134.094021934	134.436363168	134.778704401	135.121045635	135.463386868	135.805728102	-2.58118873945	-2.73600908037	-2.89082942129	-3.0456497622	-3.20047010312	-3.35529044404	-3.51011078496	-3.66493112587	-3.81975146679	-3.97457180771	1.99551133458	1.99551133458	1.99551133458	1.99551133458	1.99551133458	1.99551133458	1.99551133458	1.99551133458	1.99551133458	1.99551133458	
6.88333333333	145.946560001	146.247840002	146.549120002	146.850400002	147.151680002	147.452960002	147.754240002	148.055520002	148.356800002	148.658080002	0.0	0.0	-5.91090392861e-07	-1.13552984954e-06	-1.95319495023e-06	-3.12363421597e-06	-4.10258009334e-06	-5.65401278399e-06	-7.53010683651e-06	-9.65529441136e-06	0.0	-1.96193040572e-06	-1.80708794634e-06	-2.71397072614e-06	-3.88488869257e-06	-3.24928928899e-06	-5.14947122298e-06	-6.22707797336e-06	-7.05386210187e-06	-7.73773947557e-06	132.724657	133.066998234	133.409339467	133.751680701	134.094021934	134.436363168	134.778704401	135.121045635	135.463386868	135.805728102	-2.58118873945	-2.73600908037	-2.89082942129	-3.0456497622	-3.20047010312	-3.35529044404	-3.51011078496	-3.66493112587	-3.81975146679	-3.97457180771	1.99551133458	1.99551133458	1.99551133458	1.99551133458	1.99551133458	1.99551133458	1.99551133458	1.99551133458	1.99551133458	1.99551133458	
6.9	145.946560001	146.247840002	146.549120002	146.850400002	147.151680002	147.452960002	147.754240002	148.055520002	148.356800002	148.658080002	0.0	0.0	-5.91090392861e-07	-1.13552984954e-06	-1.95319495023e-06	-3.12363421597e-06	-4.10258009334e-06	-5.65401278399e-06	-7.53010683651e-06	-9.65529441136e-06	0.0	-1.96193040572e-06	-1.80708794634e-06	-2.71397072614e-06	-3.88488869257e-06	-3.24928928899e-06	-5.14947122298e-06	-6.22707797336e-06	-7.05386210187e-06	-7.73773947557e-06	132.724657	133.066998234	133.409339467	133.751680701	134.094021934	134.436363168	134.778704401	135.121045635	135.463386868	135.805728102	-2.58118873945	-2.73600908037	-2.89082942129	-3.0456497622	-3.20047010312	-3.35529044404	-3.51011078496	-3.66493112587	-3.81975146679	-3.97457180771	1.99551133458	1.99551133458	1.99551133458	1.99551133458	1.99551133458	1.99551133458	1.99551133458	1.99551133458	1.99551133458	1.99551133458	
6.91666666667	145.946560001	146.247840002	146.549120002	146.850400002	147.151680002	147.452960002	147.754240002	148.055520002	148.356800002	148.658080002	0.0	0.0	-5.91090392861e-07	-1.13552984954e-06	-1.95319495023e-06	-3.12363421597e-06	-4.10258009334e-06	-5.65401278399e-06	-7.53010683651e-06	-9.65529441136e-06	0.0	-1.96193040572e-06	-1.80708794634e-06	-2.71397072614e-06	-3.88488869257e-06	-3.24928928899e-06	-5.14947122298e-06	-6.22707797336e-06	-7.05386210187e-06	-7.73773947557e-06	132.724657	133.066998234	133.409339467	133.751680701	134.094021934	134.436363168	134.778704401	135.121045635	135.463386868	135.805728102	-2.58118873945	-2.73600908037	-2.89082942129	-3.0456497622	-3.20047010312	-3.35529044404	-3.51011078496	-3.66493112587	-3.81975146679	-3.97457180771	1.99551133458	1.99551133458	1.99551133458	1.99551133458	1.99551133458	1.99551133458	1.99551133458	1.99551133458	1.99551133458	1.99551133458	
6.93333333333	145.946560001	146.247840002	146.549120002	146.850400002	147.151680002	147.452960002	147.754240002	148.055520002	148.356800002	148.658080002	0.0	0.0	-5.91090392861e-07	-1.13552984954e-06	-1.95319495023e-06	-3.12363421597e-06	-4.10258009334e-06	-5.65401278399e-06	-7.53010683651e-06	-9.65529441136e-06	0.0	-1.96193040572e-06	-1.80708794634e-06	-2.71397072614e-06	-3.88488869257e-06	-3.24928928899e-06	-5.14947122298e-06	-6.22707797336e-06	-7.05386210187e-06	-7.73773947557e-06	132.724657	133.066998234	133.409339467	133.751680701	134.094021934	134.436363168	134.778704401	135.121045635	135.463386868	135.805728102	-2.58118873945	-2.73600908037	-2.89082942129	-3.0456497622	-3.20047010312	-3.35529044404	-3.51011078496	-3.66493112587	-3.81975146679	-3.97457180771	1.99551133458	1.99551133458	1.99551133458	1.99551133458	1.99551133458	1.99551133458	1.99551133458	1.99551133458	1.99551133458	1.99551133458	
6.95	145.946560001	146.247840002	146.549120002	146.850400002	147.151680002	147.452960002	147.754240002	148.055520002	148.356800002	148.658080002	0.0	0.0	-5.91090392861e-07	-1.13552984954e-06	-1.95319495023e-06	-3.12363421597e-06	-4.10258009334e-06	-5.65401278399e-06	-7.53010683651e-06	-9.65529441136e-06	0.0	-1.96193040572e-06	-1.80708794634e-06	-2.71397072614e-06	-3.88488869257e-06	-3.24928928899e-06	-5.14947122298e-06	-6.22707797336e-06	-7.05386210187e-06	-7.73773947557e-06	132.724657	133.066998234	133.409339467	133.751680701	134.094021934	134.436363168	134.778704401	135.121045635	135.463386868	135.805728102	-2.58118873945	-2.73600908037	-2.89082942129	-3.0456497622	-3.20047010312	-3.35529044404	-3.51011078496	-3.66493112587	-3.81975146679	-3.97457180771	1.99551133458	1.99551133458	1.99551133458	1.99551133458	1.99551133458	1.99551133458	1.99551133458	1.99551133458	1.99551133458	1.99551133458	
6.96666666667	146.159550002	146.401970002	146.644390002	146.886810002	147.129230002	147.371650002	147.614070002	147.856490002	148.098910002	148.341330003	0.0	0.0	-6.0425141293e-07	-1.14946592534e-06	-2.10766601973e-06	-2.94387328901e-06	-4.12451314994e-06	-5.26812972076e-06	-6.79429021454e-06	-8.42735872862e-06	0.0	-2.49258069728e-06	-2.24904922096e-06	-3.95264455868e-06	-3.44941534887e-06	-4.87022465289e-06	-4.71750090861e-06	-6.29552220542e-06	-6.73652550656e-06	-8.72722523257e-06	133.085790475	133.460122404	133.834454334	134.208786264	134.583118193	134.957450123	135.331782052	135.706113982	136.080445912	136.454777841	-2.74451273928	-2.91380829772	-3.08310385617	-3.25239941461	-3.42169497305	-3.5909905315	-3.76028608994	-3.92958164838	-4.09887720682	-4.26817276527	1.99552852393	1.99552852393	1.99552852393	1.99552852393	1.99552852393	1.99552852393	1.99552852393	1.99552852393	1.99552852393	1.99552852393	
6.98333333333	146.159550002	146.401970002	146.644390002	146.886810002	147.129230002	147.371650002	147.614070002	147.856490002	148.098910002	148.341330003	0.0	0.0	-6.0425141293e-07	-1.14946592534e-06	-2.10766601973e-06	-2.94387328901e-06	-4.12451314994e-06	-5.26812972076e-06	-6.79429021454e-06	-8.42735872862e-06	0.0	-2.49258069728e-06	-2.24904922096e-06	-3.95264455868e-06	-3.44941534887e-06	-4.87022465289e-06	-4.71750090861e-06	-6.29552220542e-06	-6.73652550656e-06	-8.72722523257e-06	133.085790475	133.460122404	133.834454334	134.208786264	134.583118193	134.957450123	135.331782052	135.706113982	136.080445912	136.454777841	-2.74451273928	-2.91380829772	-3.08310385617	-3.25239941461	-3.42169497305	-3.5909905315	-3.76028608994	-3.92958164838	-4.09887720682	-4.26817276527	1.99552852393	1.99552852393	1.99552852393	1.99552852393	1.99552852393	1.99552852393	1.99552852393	1.99552852393	1.99552852393	1.99552852393	
7.0	146.159550002	146.401970002	146.644390002	146.886810002	147.129230002	147.371650002	147.614070002	147.856490002	148.098910002	148.341330003	0.0	0.0	-6.0425141293e-07	-1.14946592534e-06	-2.10766601973e-06	-2.94387328901e-06	-4.12451314994e-06	-5.26812972076e-06	-6.79429021454e-06	-8.42735872862e-06	0.0	-2.49258069728e-06	-2.24904922096e-06	-3.95264455868e-06	-3.44941534887e-06	-4.87022465289e-06	-4.71750090861e-06	-6.29552220542e-06	-6.73652550656e-06	-8.72722523257e-06	133.085790475	133.460122404	133.834454334	134.208786264	134.583118193	134.957450123	135.331782052	135.706113982	136.080445912	136.454777841	-2.74451273928	-2.91380829772	-3.08310385617	-3.25239941461	-3.42169497305	-3.5909905315	-3.76028608994	-3.92958164838	-4.09887720682	-4.26817276527	1.99552852393	1.99552852393	1.99552852393	1.99552852393	1.99552852393	1.99552852393	1.99552852393	1.99552852393	1.99552852393	1.99552852393	
7.01666666667	146.159550002	146.401970002	146.644390002	146.886810002	147.129230002	147.371650002	147.614070002	147.856490002	148.098910002	148.341330003	0.0	0.0	-6.0425141293e-07	-1.14946592534e-06	-2.10766601973e-06	-2.94387328901e-06	-4.12451314994e-06	-5.26812972076e-06	-6.79429021454e-06	-8.42735872862e-06	0.0	-2.49258069728e-06	-2.24904922096e-06	-3.95264455868e-06	-3.44941534887e-06	-4.87022465289e-06	-4.71750090861e-06	-6.29552220542e-06	-6.73652550656e-06	-8.72722523257e-06	133.085790475	133.460122404	133.834454334	134.208786264	134.583118193	134.957450123	135.331782052	135.706113982	136.080445912	136.454777841	-2.74451273928	-2.91380829772	-3.08310385617	-3.25239941461	-3.42169497305	-3.5909905315	-3.76028608994	-3.92958164838	-4.09887720682	-4.26817276527	1.99552852393	1.99552852393	1.99552852393	1.99552852393	1.99552852393	1.99552852393	1.99552852393	1.99552852393	1.99552852393	1.99552852393	
7.03333333333	146.159550002	146.401970002	146.644390002	146.886810002	147.129230002	147.371650002	147.614070002	147.856490002	148.098910002	148.341330003	0.0	0.0	-6.0425141293e-07	-1.14946592534e-06	-2.10766601973e-06	-2.94387328901e-06	-4.12451314994e-06	-5.26812972076e-06	-6.79429021454e-06	-8.42735872862e-06	0.0	-2.49258069728e-06	-2.24904922096e-06	-3.95264455868e-06	-3.44941534887e-06	-4.87022465289e-06	-4.71750090861e-06	-6.29552220542e-06	-6.73652550656e-06	-8.72722523257e-06	133.085790475	133.460122404	133.834454334	134.208786264	134.583118193	134.957450123	135.331782052	135.706113982	136.080445912	136.454777841	-2.74451273928	-2.91380829772	-3.08310385617	-3.25239941461	-3.42169497305	-3.5909905315	-3.76028608994	-3.92958164838	-4.09887720682	-4.26817276527	1.99552852393	1.99552852393	1.99552852393	1.99552852393	1.99552852393	1.99552852393	1.99552852393	1.99552852393	1.99552852393	1.99552852393	
7.05	146.159550002	146.401970002	146.644390002	146.886810002	147.129230002	147.371650002	147.614070002	147.856490002	148.098910002	148.341330003	0.0	0.0	-6.0425141293e-07	-1.14946592534e-06	-2.10766601973e-06	-2.94387328901e-06	-4.12451314994e-06	-5.26812972076e-06	-6.79429021454e-06	-8.42735872862e-06	0.0	-2.49258069728e-06	-2.24904922096e-06	-3.95264455868e-06	-3.44941534887e-06	-4.87022465289e-06	-4.71750090861e-06	-6.29552220542e-06	-6.73652550656e-06	-8.72722523257e-06	133.085790475	133.460122404	133.834454334	134.208786264	134.583118193	134.957450123	135.331782052	135.706113982	136.080445912	136.454777841	-2.74451273928	-2.91380829772	-3.08310385617	-3.25239941461	-3.42169497305	-3.5909905315	-3.76028608994	-3.92958164838	-4.09887720682	-4.26817276527	1.99552852393	1.99552852393	1.99552852393	1.99552852393	1.99552852393	1.99552852393	1.99552852393	1.99552852393	1.99552852393	1.99552852393	
7.06666666667	146.159550002	146.401970002	146.644390002	146.886810002	147.129230002	147.371650002	147.614070002	147.856490002	148.098910002	148.341330003	0.0	0.0	-6.0425141293e-07	-1.14946592534e-06	-2.10766601973e-06	-2.94387328901e-06	-4.12451314994e-06	-5.26812972076e-06	-6.79429021454e-06	-8.42735872862e-06	0.0	-2.49258069728e-06	-2.24904922096e-06	-3.95264455868e-06	-3.44941534887e-06	-4.87022465289e-06	-4.71750090861e-06	-6.29552220542e-06	-6.73652550656e-06	-8.72722523257e-06	133.085790475	133.460122404	133.834454334	134.208786264	134.583118193	134.957450123	135.331782052	135.706113982	136.080445912	136.454777841	-2.74451273928	-2.91380829772	-3.08310385617	-3.25239941461	-3.42169497305	-3.5909905315	-3.76028608994	-3.92958164838	-4.09887720682	-4.26817276527	1.99552852393	1.99552852393	1.99552852393	1.99552852393	1.99552852393	1.99552852393	1.99552852393	1.99552852393	1.99552852393	1.99552852393	
7.08333333333	146.333645835	146.507395835	146.681145835	146.854895835	147.028645835	147.202395836	147.376145836	147.549895836	147.723645836	147.897395836	0.0	0.0	-3.4340679956e-07	-6.7975751564e-07	-1.36214947027e-06	-2.02733525297e-06	-3.05338059984e-06	-4.06114957178e-06	-5.43916936907e-06	-6.79990365552e-06	0.0	-1.97644201047e-06	-1.93583145809e-06	-3.92743570733e-06	-3.82840737974e-06	-5.90529695629e-06	-5.80010918697e-06	-7.93104918753e-06	-7.83156423312e-06	-9.90493223349e-06	133.546265708	133.955931688	134.365597668	134.775263647	135.184929627	135.594595607	136.004261587	136.413927567	136.823593547	137.233259527	-2.95276986514	-3.13804869912	-3.32332753311	-3.50860636709	-3.69388520108	-3.87916403506	-4.06444286905	-4.24972170303	-4.43500053702	-4.620279371	1.99553476371	1.99553476371	1.99553476371	1.99553476371	1.99553476371	1.99553476371	1.99553476371	1.99553476371	1.99553476371	1.99553476371	
7.1	146.333645835	146.507395835	146.681145835	146.854895835	147.028645835	147.202395836	147.376145836	147.549895836	147.723645836	147.897395836	0.0	0.0	-3.4340679956e-07	-6.7975751564e-07	-1.36214947027e-06	-2.02733525297e-06	-3.05338059984e-06	-4.06114957178e-06	-5.43916936907e-06	-6.79990365552e-06	0.0	-1.97644201047e-06	-1.93583145809e-06	-3.92743570733e-06	-3.82840737974e-06	-5.90529695629e-06	-5.80010918697e-06	-7.93104918753e-06	-7.83156423312e-06	-9.90493223349e-06	133.546265708	133.955931688	134.365597668	134.775263647	135.184929627	135.594595607	136.004261587	136.413927567	136.823593547	137.233259527	-2.95276986514	-3.13804869912	-3.32332753311	-3.50860636709	-3.69388520108	-3.87916403506	-4.06444286905	-4.24972170303	-4.43500053702	-4.620279371	1.99553476371	1.99553476371	1.99553476371	1.99553476371	1.99553476371	1.99553476371	1.99553476371	1.99553476371	1.99553476371	1.99553476371	
7.11666666667	146.333645835	146.507395835	146.681145835	146.854895835	147.028645835	147.202395836	147.376145836	147.549895836	147.723645836	147.897395836	0.0	0.0	-3.4340679956e-07	-6.7975751564e-07	-1.36214947027e-06	-2.02733525297e-06	-3.05338059984e-06	-4.06114957178e-06	-5.43916936907e-06	-6.79990365552e-06	0.0	-1.97644201047e-06	-1.93583145809e-06	-3.92743570733e-06	-3.82840737974e-06	-5.90529695629e-06	-5.80010918697e-06	-7.93104918753e-06	-7.83156423312e-06	-9.90493223349e-06	133.546265708	133.955931688	134.365597668	134.775263647	135.184929627	135.594595607	136.004261587	136.413927567	136.823593547	137.233259527	-2.95276986514	-3.13804869912	-3.32332753311	-3.50860636709	-3.69388520108	-3.87916403506	-4.06444286905	-4.24972170303	-4.43500053702	-4.620279371	1.99553476371	1.99553476371	1.99553476371	1.99553476371	1.99553476371	1.99553476371	1.99553476371	1.99553476371	1.99553476371	1.99553476371	
7.13333333333	146.333645835	146.507395835	146.681145835	146.854895835	147.028645835	147.202395836	147.376145836	147.549895836	147.723645836	147.897395836	0.0	0.0	-3.4340679956e-07	-6.7975751564e-07	-1.36214947027e-06	-2.02733525297e-06	-3.05338059984e-06	-4.06114957178e-06	-5.43916936907e-06	-6.79990365552e-06	0.0	-1.97644201047e-06	-1.93583145809e-06	-3.92743570733e-06	-3.82840737974e-06	-5.90529695629e-06	-5.80010918697e-06	-7.93104918753e-06	-7.83156423312e-06	-9.90493223349e-06	133.546265708	133.955931688	134.365597668	134.775263647	135.184929627	135.594595607	136.004261587	136.413927567	136.823593547	137.233259527	-2.95276986514	-3.13804869912	-3.32332753311	-3.50860636709	-3.69388520108	-3.87916403506	-4.06444286905	-4.24972170303	-4.43500053702	-4.620279371	1.99553476371	1.99553476371	1.99553476371	1.99553476371	1.99553476371	1.99553476371	1.99553476371	1.99553476371	1.99553476371	1.99553476371	
7.15	146.333645835	146.507395835	146.681145835	146.854895835	147.028645835	147.202395836	147.376145836	147.549895836	147.723645836	147.897395836	0.0	0.0	-3.4340679956e-07	-6.7975751564e-07	-1.36214947027e-06	-2.02733525297e-06	-3.05338059984e-06	-4.06114957178e-06	-5.43916936907e-06	-6.79990365552e-06	0.0	-1.97644201047e-06	-1.93583145809e-06	-3.92743570733e-06	-3.82840737974e-06	-5.90529695629e-06	-5.80010918697e-06	-7.93104918753e-06	-7.83156423312e-06	-9.90493223349e-06	133.546265708	133.955931688	134.365597668	134.775263647	135.184929627	135.594595607	136.004261587	136.413927567	136.823593547	137.233259527	-2.95276986514	-3.13804869912	-3.32332753311	-3.50860636709	-3.69388520108	-3.87916403506	-4.06444286905	-4.24972170303	-4.43500053702	-4.620279371	1.99553476371	1.99553476371	1.99553476371	1.99553476371	1.99553476371	1.99553476371	1.99553476371	1.99553476371	1.99553476371	1.99553476371	
7.16666666667	146.333645835	146.507395835	146.681145835	146.854895835	147.028645835	147.202395836	147.376145836	147.549895836	147.723645836	147.897395836	0.0	0.0	-3.4340679956e-07	-6.7975751564e-07	-1.36214947027e-06	-2.02733525297e-06	-3.05338059984e-06	-4.06114957178e-06	-5.43916936907e-06	-6.79990365552e-06	0.0	-1.97644201047e-06	-1.93583145809e-06	-3.92743570733e-06	-3.82840737974e-06	-5.90529695629e-06	-5.80010918697e-06	-7.93104918753e-06	-7.83156423312e-06	-9.90493223349e-06	133.546265708	133.955931688	134.365597668	134.775263647	135.184929627	135.594595607	136.004261587	136.413927567	136.823593547	137.233259527	-2.95276986514	-3.13804869912	-3.32332753311	-3.50860636709	-3.69388520108	-3.87916403506	-4.06444286905	-4.24972170303	-4.43500053702	-4.620279371	1.99553476371	1.99553476371	1.99553476371	1.99553476371	1.99553476371	1.99553476371	1.99553476371	1.99553476371	1.99553476371	1.99553476371	
7.18333333333	146.419105835	146.533995835	146.648885835	146.763775835	146.878665836	146.993555836	147.108445836	147.223335836	147.338225836	147.453115836	-2.78040789428e-07	-3.0327555668e-07	-4.8438317805e-07	-6.78810043799e-07	-1.03416998348e-06	-1.40177830459e-06	-1.93359051779e-06	-2.47295044394e-06	-3.17567051346e-06	-3.89626439192e-06	-2.1964285164e-07	-1.57635669924e-06	-1.69228710541e-06	-3.09304499345e-06	-3.19965463238e-06	-4.62888164882e-06	-4.69457677403e-06	-6.11645982049e-06	-6.27203305497e-06	-7.64579984601e-06	133.972773198	134.411108824	134.84944445	135.287780076	135.726115702	136.164451328	136.602786954	137.04112258	137.479458205	137.917793831	-3.14566613334	-3.34391218051	-3.54215822768	-3.74040427485	-3.93865032203	-4.1368963692	-4.33514241637	-4.53338846354	-4.73163451071	-4.92988055789	1.99553637029	1.99553637029	1.99553637029	1.99553637029	1.99553637029	1.99553637029	1.99553637029	1.99553637029	1.99553637029	1.99553637029	
7.2	146.419105835	146.533995835	146.648885835	146.763775835	146.878665836	146.993555836	147.108445836	147.223335836	147.338225836	147.453115836	-2.78040789428e-07	-3.0327555668e-07	-4.8438317805e-07	-6.78810043799e-07	-1.03416998348e-06	-1.40177830459e-06	-1.93359051779e-06	-2.47295044394e-06	-3.17567051346e-06	-3.89626439192e-06	-2.1964285164e-07	-1.57635669924e-06	-1.69228710541e-06	-3.09304499345e-06	-3.19965463238e-06	-4.62888164882e-06	-4.69457677403e-06	-6.11645982049e-06	-6.27203305497e-06	-7.64579984601e-06	133.972773198	134.411108824	134.84944445	135.287780076	135.726115702	136.164451328	136.602786954	137.04112258	137.479458205	137.917793831	-3.14566613334	-3.34391218051	-3.54215822768	-3.74040427485	-3.93865032203	-4.1368963692	-4.33514241637	-4.53338846354	-4.73163451071	-4.92988055789	1.99553637029	1.99553637029	1.99553637029	1.99553637029	1.99553637029	1.99553637029	1.99553637029	1.99553637029	1.99553637029	1.99553637029	
7.21666666667	146.419105835	146.533995835	146.648885835	146.763775835	146.878665836	146.993555836	147.108445836	147.223335836	147.338225836	147.453115836	-2.78040789428e-07	-3.0327555668e-07	-4.8438317805e-07	-6.78810043799e-07	-1.03416998348e-06	-1.40177830459e-06	-1.93359051779e-06	-2.47295044394e-06	-3.17567051346e-06	-3.89626439192e-06	-2.1964285164e-07	-1.57635669924e-06	-1.69228710541e-06	-3.09304499345e-06	-3.19965463238e-06	-4.62888164882e-06	-4.69457677403e-06	-6.11645982049e-06	-6.27203305497e-06	-7.64579984601e-06	133.972773198	134.411108824	134.84944445	135.287780076	135.726115702	136.164451328	136.602786954	137.04112258	137.479458205	137.917793831	-3.14566613334	-3.34391218051	-3.54215822768	-3.74040427485	-3.93865032203	-4.1368963692	-4.33514241637	-4.53338846354	-4.73163451071	-4.92988055789	1.99553637029	1.99553637029	1.99553637029	1.99553637029	1.99553637029	1.99553637029	1.99553637029	1.99553637029	1.99553637029	1.99553637029	
7.23333333333	146.419105835	146.533995835	146.648885835	146.763775835	146.878665836	146.993555836	147.108445836	147.223335836	147.338225836	147.453115836	-2.78040789428e-07	-3.0327555668e-07	-4.8438317805e-07	-6.78810043799e-07	-1.03416998348e-06	-1.40177830459e-06	-1.93359051779e-06	-2.47295044394e-06	-3.17567051346e-06	-3.89626439192e-06	-2.1964285164e-07	-1.57635669924e-06	-1.69228710541e-06	-3.09304499345e-06	-3.19965463238e-06	-4.62888164882e-06	-4.69457677403e-06	-6.11645982049e-06	-6.27203305497e-06	-7.64579984601e-06	133.972773198	134.411108824	134.84944445	135.287780076	135.726115702	136.164451328	136.602786954	137.04112258	137.479458205	137.917793831	-3.14566613334	-3.34391218051	-3.54215822768	-3.74040427485	-3.93865032203	-4.1368963692	-4.33514241637	-4.53338846354	-4.73163451071	-4.92988055789	1.99553637029	1.99553637029	1.99553637029	1.99553637029	1.99553637029	1.99553637029	1.99553637029	1.99553637029	1.99553637029	1.99553637029	
7.25	146.419105835	146.533995835	146.648885835	146.763775835	146.878665836	146.993555836	147.108445836	147.223335836	147.338225836	147.453115836	-2.78040789428e-07	-3.0327555668e-07	-4.8438317805e-07	-6.78810043799e-07	-1.03416998348e-06	-1.40177830459e-06	-1.93359051779e-06	-2.47295044394e-06	-3.17567051346e-06	-3.89626439192e-06	-2.1964285164e-07	-1.57635669924e-06	-1.69228710541e-06	-3.09304499345e-06	-3.19965463238e-06	-4.62888164882e-06	-4.69457677403e-06	-6.11645982049e-06	-6.27203305497e-06	-7.64579984601e-06	133.972773198	134.411108824	134.84944445	135.287780076	135.726115702	136.164451328	136.602786954	137.04112258	137.479458205	137.917793831	-3.14566613334	-3.34391218051	-3.54215822768	-3.74040427485	-3.93865032203	-4.1368963692	-4.33514241637	-4.53338846354	-4.73163451071	-4.92988055789	1.99553637029	1.99553637029	1.99553637029	1.99553637029	1.99553637029	1.99553637029	1.99553637029	1.99553637029	1.99553637029	1.99553637029	
7.26666666667	146.419105835	146.533995835	146.648885835	146.763775835	146.878665836	146.993555836	147.108445836	147.223335836	147.338225836	147.453115836	-2.78040789428e-07	-3.0327555668e-07	-4.8438317805e-07	-6.78810043799e-07	-1.03416998348e-06	-1.40177830459e-06	-1.93359051779e-06	-2.47295044394e-06	-3.17567051346e-06	-3.89626439192e-06	-2.1964285164e-07	-1.57635669924e-06	-1.69228710541e-06	-3.09304499345e-06	-3.19965463238e-06	-4.62888164882e-06	-4.69457677403e-06	-6.11645982049e-06	-6.27203305497e-06	-7.64579984601e-06	133.972773198	134.411108824	134.84944445	135.287780076	135.726115702	136.164451328	136.602786954	137.04112258	137.479458205	137.917793831	-3.14566613334	-3.34391218051	-3.54215822768	-3.74040427485	-3.93865032203	-4.1368963692	-4.33514241637	-4.53338846354	-4.73163451071	-4.92988055789	1.99553637029	1.99553637029	1.99553637029	1.99553637029	1.99553637029	1.99553637029	1.99553637029	1.99553637029	1.99553637029	1.99553637029	
7.28333333333	146.419105835	146.533995835	146.648885835	146.763775835	146.878665836	146.993555836	147.108445836	147.223335836	147.338225836	147.453115836	-2.78040789428e-07	-3.0327555668e-07	-4.8438317805e-07	-6.78810043799e-07	-1.03416998348e-06	-1.40177830459e-06	-1.93359051779e-06	-2.47295044394e-06	-3.17567051346e-06	-3.89626439192e-06	-2.1964285164e-07	-1.57635669924e-06	-1.69228710541e-06	-3.09304499345e-06	-3.19965463238e-06	-4.62888164882e-06	-4.69457677403e-06	-6.11645982049e-06	-6.27203305497e-06	-7.64579984601e-06	133.972773198	134.411108824	134.84944445	135.287780076	135.726115702	136.164451328	136.602786954	137.04112258	137.479458205	137.917793831	-3.14566613334	-3.34391218051	-3.54215822768	-3.74040427485	-3.93865032203	-4.1368963692	-4.33514241637	-4.53338846354	-4.73163451071	-4.92988055789	1.99553637029	1.99553637029	1.99553637029	1.99553637029	1.99553637029	1.99553637029	1.99553637029	1.99553637029	1.99553637029	1.99553637029	
7.3	146.419105835	146.533995835	146.648885835	146.763775835	146.878665836	146.993555836	147.108445836	147.223335836	147.338225836	147.453115836	-2.78040789428e-07	-3.0327555668e-07	-4.8438317805e-07	-6.78810043799e-07	-1.03416998348e-06	-1.40177830459e-06	-1.93359051779e-06	-2.47295044394e-06	-3.17567051346e-06	-3.89626439192e-06	-2.1964285164e-07	-1.57635669924e-06	-1.69228710541e-06	-3.09304499345e-06	-3.19965463238e-06	-4.62888164882e-06	-4.69457677403e-06	-6.11645982049e-06	-6.27203305497e-06	-7.64579984601e-06	133.972773198	134.411108824	134.84944445	135.287780076	135.726115702	136.164451328	136.602786954	137.04112258	137.479458205	137.917793831	-3.14566613334	-3.34391218051	-3.54215822768	-3.74040427485	-3.93865032203	-4.1368963692	-4.33514241637	-4.53338846354	-4.73163451071	-4.92988055789	1.99553637029	1.99553637029	1.99553637029	1.99553637029	1.99553637029	1.99553637029	1.99553637029	1.99553637029	1.99553637029	1.99553637029	
7.31666666667	146.419105835	146.533995835	146.648885835	146.763775835	146.878665836	146.993555836	147.108445836	147.223335836	147.338225836	147.453115836	-2.78040789428e-07	-3.0327555668e-07	-4.8438317805e-07	-6.78810043799e-07	-1.03416998348e-06	-1.40177830459e-06	-1.93359051779e-06	-2.47295044394e-06	-3.17567051346e-06	-3.89626439192e-06	-2.1964285164e-07	-1.57635669924e-06	-1.69228710541e-06	-3.09304499345e-06	-3.19965463238e-06	-4.62888164882e-06	-4.69457677403e-06	-6.11645982049e-06	-6.27203305497e-06	-7.64579984601e-06	133.972773198	134.411108824	134.84944445	135.287780076	135.726115702	136.164451328	136.602786954	137.04112258	137.479458205	137.917793831	-3.14566613334	-3.34391218051	-3.54215822768	-3.74040427485	-3.93865032203	-4.1368963692	-4.33514241637	-4.53338846354	-4.73163451071	-4.92988055789	1.99553637029	1.99553637029	1.99553637029	1.99553637029	1.99553637029	1.99553637029	1.99553637029	1.99553637029	1.99553637029	1.99553637029	
7.33333333333	146.419105835	146.533995835	146.648885835	146.763775835	146.878665836	146.993555836	147.108445836	147.223335836	147.338225836	147.453115836	-2.78040789428e-07	-3.0327555668e-07	-4.8438317805e-07	-6.78810043799e-07	-1.03416998348e-06	-1.40177830459e-06	-1.93359051779e-06	-2.47295044394e-06	-3.17567051346e-06	-3.89626439192e-06	-2.1964285164e-07	-1.57635669924e-06	-1.69228710541e-06	-3.09304499345e-06	-3.19965463238e-06	-4.62888164882e-06	-4.69457677403e-06	-6.11645982049e-06	-6.27203305497e-06	-7.64579984601e-06	133.972773198	134.411108824	134.84944445	135.287780076	135.726115702	136.164451328	136.602786954	137.04112258	137.479458205	137.917793831	-3.14566613334	-3.34391218051	-3.54215822768	-3.74040427485	-3.93865032203	-4.1368963692	-4.33514241637	-4.53338846354	-4.73163451071	-4.92988055789	1.99553637029	1.99553637029	1.99553637029	1.99553637029	1.99553637029	1.99553637029	1.99553637029	1.99553637029	1.99553637029	1.99553637029	
7.35	146.419105835	146.533995835	146.648885835	146.763775835	146.878665836	146.993555836	147.108445836	147.223335836	147.338225836	147.453115836	-2.78040789428e-07	-3.0327555668e-07	-4.8438317805e-07	-6.78810043799e-07	-1.03416998348e-06	-1.40177830459e-06	-1.93359051779e-06	-2.47295044394e-06	-3.17567051346e-06	-3.89626439192e-06	-2.1964285164e-07	-1.57635669924e-06	-1.69228710541e-06	-3.09304499345e-06	-3.19965463238e-06	-4.62888164882e-06	-4.69457677403e-06	-6.11645982049e-06	-6.27203305497e-06	-7.64579984601e-06	133.972773198	134.411108824	134.84944445	135.287780076	135.726115702	136.164451328	136.602786954	137.04112258	137.479458205	137.917793831	-3.14566613334	-3.34391218051	-3.54215822768	-3.74040427485	-3.93865032203	-4.1368963692	-4.33514241637	-4.53338846354	-4.73163451071	-4.92988055789	1.99553637029	1.99553637029	1.99553637029	1.99553637029	1.99553637029	1.99553637029	1.99553637029	1.99553637029	1.99553637029	1.99553637029	
7.36666666667	146.419105835	146.533995835	146.648885835	146.763775835	146.878665836	146.993555836	147.108445836	147.223335836	147.338225836	147.453115836	-2.78040789428e-07	-3.0327555668e-07	-4.8438317805e-07	-6.78810043799e-07	-1.03416998348e-06	-1.40177830459e-06	-1.93359051779e-06	-2.47295044394e-06	-3.17567051346e-06	-3.89626439192e-06	-2.1964285164e-07	-1.57635669924e-06	-1.69228710541e-06	-3.09304499345e-06	-3.19965463238e-06	-4.62888164882e-06	-4.69457677403e-06	-6.11645982049e-06	-6.27203305497e-06	-7.64579984601e-06	133.972773198	134.411108824	134.84944445	135.287780076	135.726115702	136.164451328	136.602786954	137.04112258	137.479458205	137.917793831	-3.14566613334	-3.34391218051	-3.54215822768	-3.74040427485	-3.93865032203	-4.1368963692	-4.33514241637	-4.53338846354	-4.73163451071	-4.92988055789	1.99553637029	1.99553637029	1.99553637029	1.99553637029	1.99553637029	1.99553637029	1.99553637029	1.99553637029	1.99553637029	1.99553637029	
7.38333333333	146.419105835	146.533995835	146.648885835	146.763775835	146.878665836	146.993555836	147.108445836	147.223335836	147.338225836	147.453115836	-2.78040789428e-07	-3.0327555668e-07	-4.8438317805e-07	-6.78810043799e-07	-1.03416998348e-06	-1.40177830459e-06	-1.93359051779e-06	-2.47295044394e-06	-3.17567051346e-06	-3.89626439192e-06	-2.1964285164e-07	-1.57635669924e-06	-1.69228710541e-06	-3.09304499345e-06	-3.19965463238e-06	-4.62888164882e-06	-4.69457677403e-06	-6.11645982049e-06	-6.27203305497e-06	-7.64579984601e-06	133.972773198	134.411108824	134.84944445	135.287780076	135.726115702	136.164451328	136.602786954	137.04112258	137.479458205	137.917793831	-3.14566613334	-3.34391218051	-3.54215822768	-3.74040427485	-3.93865032203	-4.1368963692	-4.33514241637	-4.53338846354	-4.73163451071	-4.92988055789	1.99553637029	1.99553637029	1.99553637029	1.99553637029	1.99553637029	1.99553637029	1.99553637029	1.99553637029	1.99553637029	1.99553637029	
7.4	146.419105835	146.533995835	146.648885835	146.763775835	146.878665836	146.993555836	147.108445836	147.223335836	147.338225836	147.453115836	-2.78040789428e-07	-3.0327555668e-07	-4.8438317805e-07	-6.78810043799e-07	-1.03416998348e-06	-1.40177830459e-06	-1.93359051779e-06	-2.47295044394e-06	-3.17567051346e-06	-3.89626439192e-06	-2.1964285164e-07	-1.57635669924e-06	-1.69228710541e-06	-3.09304499345e-06	-3.19965463238e-06	-4.62888164882e-06	-4.69457677403e-06	-6.11645982049e-06	-6.27203305497e-06	-7.64579984601e-06	133.972773198	134.411108824	134.84944445	135.287780076	135.726115702	136.164451328	136.602786954	137.04112258	137.479458205	137.917793831	-3.14566613334	-3.34391218051	-3.54215822768	-3.74040427485	-3.93865032203	-4.1368963692	-4.33514241637	-4.53338846354	-4.73163451071	-4.92988055789	1.99553637029	1.99553637029	1.99553637029	1.99553637029	1.99553637029	1.99553637029	1.99553637029	1.99553637029	1.99553637029	1.99553637029	
7.41666666667	146.419105835	146.533995835	146.648885835	146.763775835	146.878665836	146.993555836	147.108445836	147.223335836	147.338225836	147.453115836	-2.78040789428e-07	-3.0327555668e-07	-4.8438317805e-07	-6.78810043799e-07	-1.03416998348e-06	-1.40177830459e-06	-1.93359051779e-06	-2.47295044394e-06	-3.17567051346e-06	-3.89626439192e-06	-2.1964285164e-07	-1.57635669924e-06	-1.69228710541e-06	-3.09304499345e-06	-3.19965463238e-06	-4.62888164882e-06	-4.69457677403e-06	-6.11645982049e-06	-6.27203305497e-06	-7.64579984601e-06	133.972773198	134.411108824	134.84944445	135.287780076	135.726115702	136.164451328	136.602786954	137.04112258	137.479458205	137.917793831	-3.14566613334	-3.34391218051	-3.54215822768	-3.74040427485	-3.93865032203	-4.1368963692	-4.33514241637	-4.53338846354	-4.73163451071	-4.92988055789	1.99553637029	1.99553637029	1.99553637029	1.99553637029	1.99553637029	1.99553637029	1.99553637029	1.99553637029	1.99553637029	1.99553637029	
7.43333333333	146.419105835	146.533995835	146.648885835	146.763775835	146.878665836	146.993555836	147.108445836	147.223335836	147.338225836	147.453115836	-2.78040789428e-07	-3.0327555668e-07	-4.8438317805e-07	-6.78810043799e-07	-1.03416998348e-06	-1.40177830459e-06	-1.93359051779e-06	-2.47295044394e-06	-3.17567051346e-06	-3.89626439192e-06	-2.1964285164e-07	-1.57635669924e-06	-1.69228710541e-06	-3.09304499345e-06	-3.19965463238e-06	-4.62888164882e-06	-4.69457677403e-06	-6.11645982049e-06	-6.27203305497e-06	-7.64579984601e-06	133.972773198	134.411108824	134.84944445	135.287780076	135.726115702	136.164451328	136.602786954	137.04112258	137.479458205	137.917793831	-3.14566613334	-3.34391218051	-3.54215822768	-3.74040427485	-3.93865032203	-4.1368963692	-4.33514241637	-4.53338846354	-4.73163451071	-4.92988055789	1.99553637029	1.99553637029	1.99553637029	1.99553637029	1.99553637029	1.99553637029	1.99553637029	1.99553637029	1.99553637029	1.99553637029	
7.45	146.419105835	146.533995835	146.648885835	146.763775835	146.878665836	146.993555836	147.108445836	147.223335836	147.338225836	147.453115836	-2.78040789428e-07	-3.0327555668e-07	-4.8438317805e-07	-6.78810043799e-07	-1.03416998348e-06	-1.40177830459e-06	-1.93359051779e-06	-2.47295044394e-06	-3.17567051346e-06	-3.89626439192e-06	-2.1964285164e-07	-1.57635669924e-06	-1.69228710541e-06	-3.09304499345e-06	-3.19965463238e-06	-4.62888164882e-06	-4.69457677403e-06	-6.11645982049e-06	-6.27203305497e-06	-7.64579984601e-06	133.972773198	134.411108824	134.84944445	135.287780076	135.726115702	136.164451328	136.602786954	137.04112258	137.479458205	137.917793831	-3.14566613334	-3.34391218051	-3.54215822768	-3.74040427485	-3.93865032203	-4.1368963692	-4.33514241637	-4.53338846354	-4.73163451071	-4.92988055789	1.99553637029	1.99553637029	1.99553637029	1.99553637029	1.99553637029	1.99553637029	1.99553637029	1.99553637029	1.99553637029	1.99553637029	
7.46666666667	146.419105835	146.533995835	146.648885835	146.763775835	146.878665836	146.993555836	147.108445836	147.223335836	147.338225836	147.453115836	-2.78040789428e-07	-3.0327555668e-07	-4.8438317805e-07	-6.78810043799e-07	-1.03416998348e-06	-1.40177830459e-06	-1.93359051779e-06	-2.47295044394e-06	-3.17567051346e-06	-3.89626439192e-06	-2.1964285164e-07	-1.57635669924e-06	-1.69228710541e-06	-3.09304499345e-06	-3.19965463238e-06	-4.62888164882e-06	-4.69457677403e-06	-6.11645982049e-06	-6.27203305497e-06	-7.64579984601e-06	133.972773198	134.411108824	134.84944445	135.287780076	135.726115702	136.164451328	136.602786954	137.04112258	137.479458205	137.917793831	-3.14566613334	-3.34391218051	-3.54215822768	-3.74040427485	-3.93865032203	-4.1368963692	-4.33514241637	-4.53338846354	-4.73163451071	-4.92988055789	1.99553637029	1.99553637029	1.99553637029	1.99553637029	1.99553637029	1.99553637029	1.99553637029	1.99553637029	1.99553637029	1.99553637029	
7.48333333333	146.419105835	146.533995835	146.648885835	146.763775835	146.878665836	146.993555836	147.108445836	147.223335836	147.338225836	147.453115836	-2.78040789428e-07	-3.0327555668e-07	-4.8438317805e-07	-6.78810043799e-07	-1.03416998348e-06	-1.40177830459e-06	-1.93359051779e-06	-2.47295044394e-06	-3.17567051346e-06	-3.89626439192e-06	-2.1964285164e-07	-1.57635669924e-06	-1.69228710541e-06	-3.09304499345e-06	-3.19965463238e-06	-4.62888164882e-06	-4.69457677403e-06	-6.11645982049e-06	-6.27203305497e-06	-7.64579984601e-06	133.972773198	134.411108824	134.84944445	135.287780076	135.726115702	136.164451328	136.602786954	137.04112258	137.479458205	137.917793831	-3.14566613334	-3.34391218051	-3.54215822768	-3.74040427485	-3.93865032203	-4.1368963692	-4.33514241637	-4.53338846354	-4.73163451071	-4.92988055789	1.99553637029	1.99553637029	1.99553637029	1.99553637029	1.99553637029	1.99553637029	1.99553637029	1.99553637029	1.99553637029	1.99553637029	
7.5	146.419105835	146.533995835	146.648885835	146.763775835	146.878665836	146.993555836	147.108445836	147.223335836	147.338225836	147.453115836	-2.78040789428e-07	-3.0327555668e-07	-4.8438317805e-07	-6.78810043799e-07	-1.03416998348e-06	-1.40177830459e-06	-1.93359051779e-06	-2.47295044394e-06	-3.17567051346e-06	-3.89626439192e-06	-2.1964285164e-07	-1.57635669924e-06	-1.69228710541e-06	-3.09304499345e-06	-3.19965463238e-06	-4.62888164882e-06	-4.69457677403e-06	-6.11645982049e-06	-6.27203305497e-06	-7.64579984601e-06	133.972773198	134.411108824	134.84944445	135.287780076	135.726115702	136.164451328	136.602786954	137.04112258	137.479458205	137.917793831	-3.14566613334	-3.34391218051	-3.54215822768	-3.74040427485	-3.93865032203	-4.1368963692	-4.33514241637	-4.53338846354	-4.73163451071	-4.92988055789	1.99553637029	1.99553637029	1.99553637029	1.99553637029	1.99553637029	1.99553637029	1.99553637029	1.99553637029	1.99553637029	1.99553637029	
7.51666666667	146.419105835	146.533995835	146.648885835	146.763775835	146.878665836	146.993555836	147.108445836	147.223335836	147.338225836	147.453115836	-2.78040789428e-07	-3.0327555668e-07	-4.8438317805e-07	-6.78810043799e-07	-1.03416998348e-06	-1.40177830459e-06	-1.93359051779e-06	-2.47295044394e-06	-3.17567051346e-06	-3.89626439192e-06	-2.1964285164e-07	-1.57635669924e-06	-1.69228710541e-06	-3.09304499345e-06	-3.19965463238e-06	-4.62888164882e-06	-4.69457677403e-06	-6.11645982049e-06	-6.27203305497e-06	-7.64579984601e-06	133.972773198	134.411108824	134.84944445	135.287780076	135.726115702	136.164451328	136.602786954	137.04112258	137.479458205	137.917793831	-3.14566613334	-3.34391218051	-3.54215822768	-3.74040427485	-3.93865032203	-4.1368963692	-4.33514241637	-4.53338846354	-4.73163451071	-4.92988055789	1.99553637029	1.99553637029	1.99553637029	1.99553637029	1.99553637029	1.99553637029	1.99553637029	1.99553637029	1.99553637029	1.99553637029	
7.53333333333	146.419105835	146.533995835	146.648885835	146.763775835	146.878665836	146.993555836	147.108445836	147.223335836	147.338225836	147.453115836	-2.78040789428e-07	-3.0327555668e-07	-4.8438317805e-07	-6.78810043799e-07	-1.03416998348e-06	-1.40177830459e-06	-1.93359051779e-06	-2.47295044394e-06	-3.17567051346e-06	-3.89626439192e-06	-2.1964285164e-07	-1.57635669924e-06	-1.69228710541e-06	-3.09304499345e-06	-3.19965463238e-06	-4.62888164882e-06	-4.69457677403e-06	-6.11645982049e-06	-6.27203305497e-06	-7.64579984601e-06	133.972773198	134.411108824	134.84944445	135.287780076	135.726115702	136.164451328	136.602786954	137.04112258	137.479458205	137.917793831	-3.14566613334	-3.34391218051	-3.54215822768	-3.74040427485	-3.93865032203	-4.1368963692	-4.33514241637	-4.53338846354	-4.73163451071	-4.92988055789	1.99553637029	1.99553637029	1.99553637029	1.99553637029	1.99553637029	1.99553637029	1.99553637029	1.99553637029	1.99553637029	1.99553637029	
7.55	146.419105835	146.533995835	146.648885835	146.763775835	146.878665836	146.993555836	147.108445836	147.223335836	147.338225836	147.453115836	-2.78040789428e-07	-3.0327555668e-07	-4.8438317805e-07	-6.78810043799e-07	-1.03416998348e-06	-1.40177830459e-06	-1.93359051779e-06	-2.47295044394e-06	-3.17567051346e-06	-3.89626439192e-06	-2.1964285164e-07	-1.57635669924e-06	-1.69228710541e-06	-3.09304499345e-06	-3.19965463238e-06	-4.62888164882e-06	-4.69457677403e-06	-6.11645982049e-06	-6.27203305497e-06	-7.64579984601e-06	133.972773198	134.411108824	134.84944445	135.287780076	135.726115702	136.164451328	136.602786954	137.04112258	137.479458205	137.917793831	-3.14566613334	-3.34391218051	-3.54215822768	-3.74040427485	-3.93865032203	-4.1368963692	-4.33514241637	-4.53338846354	-4.73163451071	-4.92988055789	1.99553637029	1.99553637029	1.99553637029	1.99553637029	1.99553637029	1.99553637029	1.99553637029	1.99553637029	1.99553637029	1.99553637029	
7.56666666667	146.419105835	146.533995835	146.648885835	146.763775835	146.878665836	146.993555836	147.108445836	147.223335836	147.338225836	147.453115836	-2.78040789428e-07	-3.0327555668e-07	-4.8438317805e-07	-6.78810043799e-07	-1.03416998348e-06	-1.40177830459e-06	-1.93359051779e-06	-2.47295044394e-06	-3.17567051346e-06	-3.89626439192e-06	-2.1964285164e-07	-1.57635669924e-06	-1.69228710541e-06	-3.09304499345e-06	-3.19965463238e-06	-4.62888164882e-06	-4.69457677403e-06	-6.11645982049e-06	-6.27203305497e-06	-7.64579984601e-06	133.972773198	134.411108824	134.84944445	135.287780076	135.726115702	136.164451328	136.602786954	137.04112258	137.479458205	137.917793831	-3.14566613334	-3.34391218051	-3.54215822768	-3.74040427485	-3.93865032203	-4.1368963692	-4.33514241637	-4.53338846354	-4.73163451071	-4.92988055789	1.99553637029	1.99553637029	1.99553637029	1.99553637029	1.99553637029	1.99553637029	1.99553637029	1.99553637029	1.99553637029	1.99553637029	
7.58333333333	146.419105835	146.533995835	146.648885835	146.763775835	146.878665836	146.993555836	147.108445836	147.223335836	147.338225836	147.453115836	-2.78040789428e-07	-3.0327555668e-07	-4.8438317805e-07	-6.78810043799e-07	-1.03416998348e-06	-1.40177830459e-06	-1.93359051779e-06	-2.47295044394e-06	-3.17567051346e-06	-3.89626439192e-06	-2.1964285164e-07	-1.57635669924e-06	-1.69228710541e-06	-3.09304499345e-06	-3.19965463238e-06	-4.62888164882e-06	-4.69457677403e-06	-6.11645982049e-06	-6.27203305497e-06	-7.64579984601e-06	133.972773198	134.411108824	134.84944445	135.287780076	135.726115702	136.164451328	136.602786954	137.04112258	137.479458205	137.917793831	-3.14566613334	-3.34391218051	-3.54215822768	-3.74040427485	-3.93865032203	-4.1368963692	-4.33514241637	-4.53338846354	-4.73163451071	-4.92988055789	1.99553637029	1.99553637029	1.99553637029	1.99553637029	1.99553637029	1.99553637029	1.99553637029	1.99553637029	1.99553637029	1.99553637029	
7.6	146.419105835	146.533995835	146.648885835	146.763775835	146.878665836	146.993555836	147.108445836	147.223335836	147.338225836	147.453115836	-2.78040789428e-07	-3.0327555668e-07	-4.8438317805e-07	-6.78810043799e-07	-1.03416998348e-06	-1.40177830459e-06	-1.93359051779e-06	-2.47295044394e-06	-3.17567051346e-06	-3.89626439192e-06	-2.1964285164e-07	-1.57635669924e-06	-1.69228710541e-06	-3.09304499345e-06	-3.19965463238e-06	-4.62888164882e-06	-4.69457677403e-06	-6.11645982049e-06	-6.27203305497e-06	-7.64579984601e-06	133.972773198	134.411108824	134.84944445	135.287780076	135.726115702	136.164451328	136.602786954	137.04112258	137.479458205	137.917793831	-3.14566613334	-3.34391218051	-3.54215822768	-3.74040427485	-3.93865032203	-4.1368963692	-4.33514241637	-4.53338846354	-4.73163451071	-4.92988055789	1.99553637029	1.99553637029	1.99553637029	1.99553637029	1.99553637029	1.99553637029	1.99553637029	1.99553637029	1.99553637029	1.99553637029	
7.61666666667	146.419105835	146.533995835	146.648885835	146.763775835	146.878665836	146.993555836	147.108445836	147.223335836	147.338225836	147.453115836	-2.78040789428e-07	-3.0327555668e-07	-4.8438317805e-07	-6.78810043799e-07	-1.03416998348e-06	-1.40177830459e-06	-1.93359051779e-06	-2.47295044394e-06	-3.17567051346e-06	-3.89626439192e-06	-2.1964285164e-07	-1.57635669924e-06	-1.69228710541e-06	-3.09304499345e-06	-3.19965463238e-06	-4.62888164882e-06	-4.69457677403e-06	-6.11645982049e-06	-6.27203305497e-06	-7.64579984601e-06	133.972773198	134.411108824	134.84944445	135.287780076	135.726115702	136.164451328	136.602786954	137.04112258	137.479458205	137.917793831	-3.14566613334	-3.34391218051	-3.54215822768	-3.74040427485	-3.93865032203	-4.1368963692	-4.33514241637	-4.53338846354	-4.73163451071	-4.92988055789	1.99553637029	1.99553637029	1.99553637029	1.99553637029	1.99553637029	1.99553637029	1.99553637029	1.99553637029	1.99553637029	1.99553637029	
7.63333333333	146.419105835	146.533995835	146.648885835	146.763775835	146.878665836	146.993555836	147.108445836	147.223335836	147.338225836	147.453115836	-2.78040789428e-07	-3.0327555668e-07	-4.8438317805e-07	-6.78810043799e-07	-1.03416998348e-06	-1.40177830459e-06	-1.93359051779e-06	-2.47295044394e-06	-3.17567051346e-06	-3.89626439192e-06	-2.1964285164e-07	-1.57635669924e-06	-1.69228710541e-06	-3.09304499345e-06	-3.19965463238e-06	-4.62888164882e-06	-4.69457677403e-06	-6.11645982049e-06	-6.27203305497e-06	-7.64579984601e-06	133.972773198	134.411108824	134.84944445	135.287780076	135.726115702	136.164451328	136.602786954	137.04112258	137.479458205	137.917793831	-3.14566613334	-3.34391218051	-3.54215822768	-3.74040427485	-3.93865032203	-4.1368963692	-4.33514241637	-4.53338846354	-4.73163451071	-4.92988055789	1.99553637029	1.99553637029	1.99553637029	1.99553637029	1.99553637029	1.99553637029	1.99553637029	1.99553637029	1.99553637029	1.99553637029	
7.65	146.419105835	146.533995835	146.648885835	146.763775835	146.878665836	146.993555836	147.108445836	147.223335836	147.338225836	147.453115836	-2.78040789428e-07	-3.0327555668e-07	-4.8438317805e-07	-6.78810043799e-07	-1.03416998348e-06	-1.40177830459e-06	-1.93359051779e-06	-2.47295044394e-06	-3.17567051346e-06	-3.89626439192e-06	-2.1964285164e-07	-1.57635669924e-06	-1.69228710541e-06	-3.09304499345e-06	-3.19965463238e-06	-4.62888164882e-06	-4.69457677403e-06	-6.11645982049e-06	-6.27203305497e-06	-7.64579984601e-06	133.972773198	134.411108824	134.84944445	135.287780076	135.726115702	136.164451328	136.602786954	137.04112258	137.479458205	137.917793831	-3.14566613334	-3.34391218051	-3.54215822768	-3.74040427485	-3.93865032203	-4.1368963692	-4.33514241637	-4.53338846354	-4.73163451071	-4.92988055789	1.99553637029	1.99553637029	1.99553637029	1.99553637029	1.99553637029	1.99553637029	1.99553637029	1.99553637029	1.99553637029	1.99553637029	
7.66666666667	146.419105835	146.533995835	146.648885835	146.763775835	146.878665836	146.993555836	147.108445836	147.223335836	147.338225836	147.453115836	-2.78040789428e-07	-3.0327555668e-07	-4.8438317805e-07	-6.78810043799e-07	-1.03416998348e-06	-1.40177830459e-06	-1.93359051779e-06	-2.47295044394e-06	-3.17567051346e-06	-3.89626439192e-06	-2.1964285164e-07	-1.57635669924e-06	-1.69228710541e-06	-3.09304499345e-06	-3.19965463238e-06	-4.62888164882e-06	-4.69457677403e-06	-6.11645982049e-06	-6.27203305497e-06	-7.64579984601e-06	133.972773198	134.411108824	134.84944445	135.287780076	135.726115702	136.164451328	136.602786954	137.04112258	137.479458205	137.917793831	-3.14566613334	-3.34391218051	-3.54215822768	-3.74040427485	-3.93865032203	-4.1368963692	-4.33514241637	-4.53338846354	-4.73163451071	-4.92988055789	1.99553637029	1.99553637029	1.99553637029	1.99553637029	1.99553637029	1.99553637029	1.99553637029	1.99553637029	1.99553637029	1.99553637029	
7.68333333333	146.419105835	146.533995835	146.648885835	146.763775835	146.878665836	146.993555836	147.108445836	147.223335836	147.338225836	147.453115836	-2.78040789428e-07	-3.0327555668e-07	-4.8438317805e-07	-6.78810043799e-07	-1.03416998348e-06	-1.40177830459e-06	-1.93359051779e-06	-2.47295044394e-06	-3.17567051346e-06	-3.89626439192e-06	-2.1964285164e-07	-1.57635669924e-06	-1.69228710541e-06	-3.09304499345e-06	-3.19965463238e-06	-4.62888164882e-06	-4.69457677403e-06	-6.11645982049e-06	-6.27203305497e-06	-7.64579984601e-06	133.972773198	134.411108824	134.84944445	135.287780076	135.726115702	136.164451328	136.602786954	137.04112258	137.479458205	137.917793831	-3.14566613334	-3.34391218051	-3.54215822768	-3.74040427485	-3.93865032203	-4.1368963692	-4.33514241637	-4.53338846354	-4.73163451071	-4.92988055789	1.99553637029	1.99553637029	1.99553637029	1.99553637029	1.99553637029	1.99553637029	1.99553637029	1.99553637029	1.99553637029	1.99553637029	
7.7	146.419105835	146.533995835	146.648885835	146.763775835	146.878665836	146.993555836	147.108445836	147.223335836	147.338225836	147.453115836	-2.78040789428e-07	-3.0327555668e-07	-4.8438317805e-07	-6.78810043799e-07	-1.03416998348e-06	-1.40177830459e-06	-1.93359051779e-06	-2.47295044394e-06	-3.17567051346e-06	-3.89626439192e-06	-2.1964285164e-07	-1.57635669924e-06	-1.69228710541e-06	-3.09304499345e-06	-3.19965463238e-06	-4.62888164882e-06	-4.69457677403e-06	-6.11645982049e-06	-6.27203305497e-06	-7.64579984601e-06	133.972773198	134.411108824	134.84944445	135.287780076	135.726115702	136.164451328	136.602786954	137.04112258	137.479458205	137.917793831	-3.14566613334	-3.34391218051	-3.54215822768	-3.74040427485	-3.93865032203	-4.1368963692	-4.33514241637	-4.53338846354	-4.73163451071	-4.92988055789	1.99553637029	1.99553637029	1.99553637029	1.99553637029	1.99553637029	1.99553637029	1.99553637029	1.99553637029	1.99553637029	1.99553637029	
7.71666666667	146.419105835	146.533995835	146.648885835	146.763775835	146.878665836	146.993555836	147.108445836	147.223335836	147.338225836	147.453115836	-2.78040789428e-07	-3.0327555668e-07	-4.8438317805e-07	-6.78810043799e-07	-1.03416998348e-06	-1.40177830459e-06	-1.93359051779e-06	-2.47295044394e-06	-3.17567051346e-06	-3.89626439192e-06	-2.1964285164e-07	-1.57635669924e-06	-1.69228710541e-06	-3.09304499345e-06	-3.19965463238e-06	-4.62888164882e-06	-4.69457677403e-06	-6.11645982049e-06	-6.27203305497e-06	-7.64579984601e-06	133.972773198	134.411108824	134.84944445	135.287780076	135.726115702	136.164451328	136.602786954	137.04112258	137.479458205	137.917793831	-3.14566613334	-3.34391218051	-3.54215822768	-3.74040427485	-3.93865032203	-4.1368963692	-4.33514241637	-4.53338846354	-4.73163451071	-4.92988055789	1.99553637029	1.99553637029	1.99553637029	1.99553637029	1.99553637029	1.99553637029	1.99553637029	1.99553637029	1.99553637029	1.99553637029	
7.73333333333	146.419105835	146.533995835	146.648885835	146.763775835	146.878665836	146.993555836	147.108445836	147.223335836	147.338225836	147.453115836	-2.78040789428e-07	-3.0327555668e-07	-4.8438317805e-07	-6.78810043799e-07	-1.03416998348e-06	-1.40177830459e-06	-1.93359051779e-06	-2.47295044394e-06	-3.17567051346e-06	-3.89626439192e-06	-2.1964285164e-07	-1.57635669924e-06	-1.69228710541e-06	-3.09304499345e-06	-3.19965463238e-06	-4.62888164882e-06	-4.69457677403e-06	-6.11645982049e-06	-6.27203305497e-06	-7.64579984601e-06	133.972773198	134.411108824	134.84944445	135.287780076	135.726115702	136.164451328	136.602786954	137.04112258	137.479458205	137.917793831	-3.14566613334	-3.34391218051	-3.54215822768	-3.74040427485	-3.93865032203	-4.1368963692	-4.33514241637	-4.53338846354	-4.73163451071	-4.92988055789	1.99553637029	1.99553637029	1.99553637029	1.99553637029	1.99553637029	1.99553637029	1.99553637029	1.99553637029	1.99553637029	1.99553637029	
7.75	146.419105835	146.533995835	146.648885835	146.763775835	146.878665836	146.993555836	147.108445836	147.223335836	147.338225836	147.453115836	-2.78040789428e-07	-3.0327555668e-07	-4.8438317805e-07	-6.78810043799e-07	-1.03416998348e-06	-1.40177830459e-06	-1.93359051779e-06	-2.47295044394e-06	-3.17567051346e-06	-3.89626439192e-06	-2.1964285164e-07	-1.57635669924e-06	-1.69228710541e-06	-3.09304499345e-06	-3.19965463238e-06	-4.62888164882e-06	-4.69457677403e-06	-6.11645982049e-06	-6.27203305497e-06	-7.64579984601e-06	133.972773198	134.411108824	134.84944445	135.287780076	135.726115702	136.164451328	136.602786954	137.04112258	137.479458205	137.917793831	-3.14566613334	-3.34391218051	-3.54215822768	-3.74040427485	-3.93865032203	-4.1368963692	-4.33514241637	-4.53338846354	-4.73163451071	-4.92988055789	1.99553637029	1.99553637029	1.99553637029	1.99553637029	1.99553637029	1.99553637029	1.99553637029	1.99553637029	1.99553637029	1.99553637029	
7.76666666667	146.419105835	146.533995835	146.648885835	146.763775835	146.878665836	146.993555836	147.108445836	147.223335836	147.338225836	147.453115836	-2.78040789428e-07	-3.0327555668e-07	-4.8438317805e-07	-6.78810043799e-07	-1.03416998348e-06	-1.40177830459e-06	-1.93359051779e-06	-2.47295044394e-06	-3.17567051346e-06	-3.89626439192e-06	-2.1964285164e-07	-1.57635669924e-06	-1.69228710541e-06	-3.09304499345e-06	-3.19965463238e-06	-4.62888164882e-06	-4.69457677403e-06	-6.11645982049e-06	-6.27203305497e-06	-7.64579984601e-06	133.972773198	134.411108824	134.84944445	135.287780076	135.726115702	136.164451328	136.602786954	137.04112258	137.479458205	137.917793831	-3.14566613334	-3.34391218051	-3.54215822768	-3.74040427485	-3.93865032203	-4.1368963692	-4.33514241637	-4.53338846354	-4.73163451071	-4.92988055789	1.99553637029	1.99553637029	1.99553637029	1.99553637029	1.99553637029	1.99553637029	1.99553637029	1.99553637029	1.99553637029	1.99553637029	
7.78333333333	146.419105835	146.533995835	146.648885835	146.763775835	146.878665836	146.993555836	147.108445836	147.223335836	147.338225836	147.453115836	-2.78040789428e-07	-3.0327555668e-07	-4.8438317805e-07	-6.78810043799e-07	-1.03416998348e-06	-1.40177830459e-06	-1.93359051779e-06	-2.47295044394e-06	-3.17567051346e-06	-3.89626439192e-06	-2.1964285164e-07	-1.57635669924e-06	-1.69228710541e-06	-3.09304499345e-06	-3.19965463238e-06	-4.62888164882e-06	-4.69457677403e-06	-6.11645982049e-06	-6.27203305497e-06	-7.64579984601e-06	133.972773198	134.411108824	134.84944445	135.287780076	135.726115702	136.164451328	136.602786954	137.04112258	137.479458205	137.917793831	-3.14566613334	-3.34391218051	-3.54215822768	-3.74040427485	-3.93865032203	-4.1368963692	-4.33514241637	-4.53338846354	-4.73163451071	-4.92988055789	1.99553637029	1.99553637029	1.99553637029	1.99553637029	1.99553637029	1.99553637029	1.99553637029	1.99553637029	1.99553637029	1.99553637029	
7.8	146.419105835	146.533995835	146.648885835	146.763775835	146.878665836	146.993555836	147.108445836	147.223335836	147.338225836	147.453115836	-2.78040789428e-07	-3.0327555668e-07	-4.8438317805e-07	-6.78810043799e-07	-1.03416998348e-06	-1.40177830459e-06	-1.93359051779e-06	-2.47295044394e-06	-3.17567051346e-06	-3.89626439192e-06	-2.1964285164e-07	-1.57635669924e-06	-1.69228710541e-06	-3.09304499345e-06	-3.19965463238e-06	-4.62888164882e-06	-4.69457677403e-06	-6.11645982049e-06	-6.27203305497e-06	-7.64579984601e-06	133.972773198	134.411108824	134.84944445	135.287780076	135.726115702	136.164451328	136.602786954	137.04112258	137.479458205	137.917793831	-3.14566613334	-3.34391218051	-3.54215822768	-3.74040427485	-3.93865032203	-4.1368963692	-4.33514241637	-4.53338846354	-4.73163451071	-4.92988055789	1.99553637029	1.99553637029	1.99553637029	1.99553637029	1.99553637029	1.99553637029	1.99553637029	1.99553637029	1.99553637029	1.99553637029	
7.81666666667	146.419105835	146.533995835	146.648885835	146.763775835	146.878665836	146.993555836	147.108445836	147.223335836	147.338225836	147.453115836	-2.78040789428e-07	-3.0327555668e-07	-4.8438317805e-07	-6.78810043799e-07	-1.03416998348e-06	-1.40177830459e-06	-1.93359051779e-06	-2.47295044394e-06	-3.17567051346e-06	-3.89626439192e-06	-2.1964285164e-07	-1.57635669924e-06	-1.69228710541e-06	-3.09304499345e-06	-3.19965463238e-06	-4.62888164882e-06	-4.69457677403e-06	-6.11645982049e-06	-6.27203305497e-06	-7.64579984601e-06	133.972773198	134.411108824	134.84944445	135.287780076	135.726115702	136.164451328	136.602786954	137.04112258	137.479458205	137.917793831	-3.14566613334	-3.34391218051	-3.54215822768	-3.74040427485	-3.93865032203	-4.1368963692	-4.33514241637	-4.53338846354	-4.73163451071	-4.92988055789	1.99553637029	1.99553637029	1.99553637029	1.99553637029	1.99553637029	1.99553637029	1.99553637029	1.99553637029	1.99553637029	1.99553637029	
7.83333333333	146.419105835	146.533995835	146.648885835	146.763775835	146.878665836	146.993555836	147.108445836	147.223335836	147.338225836	147.453115836	-2.78040789428e-07	-3.0327555668e-07	-4.8438317805e-07	-6.78810043799e-07	-1.03416998348e-06	-1.40177830459e-06	-1.93359051779e-06	-2.47295044394e-06	-3.17567051346e-06	-3.89626439192e-06	-2.1964285164e-07	-1.57635669924e-06	-1.69228710541e-06	-3.09304499345e-06	-3.19965463238e-06	-4.62888164882e-06	-4.69457677403e-06	-6.11645982049e-06	-6.27203305497e-06	-7.64579984601e-06	133.972773198	134.411108824	134.84944445	135.287780076	135.726115702	136.164451328	136.602786954	137.04112258	137.479458205	137.917793831	-3.14566613334	-3.34391218051	-3.54215822768	-3.74040427485	-3.93865032203	-4.1368963692	-4.33514241637	-4.53338846354	-4.73163451071	-4.92988055789	1.99553637029	1.99553637029	1.99553637029	1.99553637029	1.99553637029	1.99553637029	1.99553637029	1.99553637029	1.99553637029	1.99553637029	
7.85	146.419105835	146.533995835	146.648885835	146.763775835	146.878665836	146.993555836	147.108445836	147.223335836	147.338225836	147.453115836	-2.78040789428e-07	-3.0327555668e-07	-4.8438317805e-07	-6.78810043799e-07	-1.03416998348e-06	-1.40177830459e-06	-1.93359051779e-06	-2.47295044394e-06	-3.17567051346e-06	-3.89626439192e-06	-2.1964285164e-07	-1.57635669924e-06	-1.69228710541e-06	-3.09304499345e-06	-3.19965463238e-06	-4.62888164882e-06	-4.69457677403e-06	-6.11645982049e-06	-6.27203305497e-06	-7.64579984601e-06	133.972773198	134.411108824	134.84944445	135.287780076	135.726115702	136.164451328	136.602786954	137.04112258	137.479458205	137.917793831	-3.14566613334	-3.34391218051	-3.54215822768	-3.74040427485	-3.93865032203	-4.1368963692	-4.33514241637	-4.53338846354	-4.73163451071	-4.92988055789	1.99553637029	1.99553637029	1.99553637029	1.99553637029	1.99553637029	1.99553637029	1.99553637029	1.99553637029	1.99553637029	1.99553637029	
7.86666666667	146.419105835	146.533995835	146.648885835	146.763775835	146.878665836	146.993555836	147.108445836	147.223335836	147.338225836	147.453115836	-2.78040789428e-07	-3.0327555668e-07	-4.8438317805e-07	-6.78810043799e-07	-1.03416998348e-06	-1.40177830459e-06	-1.93359051779e-06	-2.47295044394e-06	-3.17567051346e-06	-3.89626439192e-06	-2.1964285164e-07	-1.57635669924e-06	-1.69228710541e-06	-3.09304499345e-06	-3.19965463238e-06	-4.62888164882e-06	-4.69457677403e-06	-6.11645982049e-06	-6.27203305497e-06	-7.64579984601e-06	133.972773198	134.411108824	134.84944445	135.287780076	135.726115702	136.164451328	136.602786954	137.04112258	137.479458205	137.917793831	-3.14566613334	-3.34391218051	-3.54215822768	-3.74040427485	-3.93865032203	-4.1368963692	-4.33514241637	-4.53338846354	-4.73163451071	-4.92988055789	1.99553637029	1.99553637029	1.99553637029	1.99553637029	1.99553637029	1.99553637029	1.99553637029	1.99553637029	1.99553637029	1.99553637029	
7.88333333333	146.419105835	146.533995835	146.648885835	146.763775835	146.878665836	146.993555836	147.108445836	147.223335836	147.338225836	147.453115836	-2.78040789428e-07	-3.0327555668e-07	-4.8438317805e-07	-6.78810043799e-07	-1.03416998348e-06	-1.40177830459e-06	-1.93359051779e-06	-2.47295044394e-06	-3.17567051346e-06	-3.89626439192e-06	-2.1964285164e-07	-1.57635669924e-06	-1.69228710541e-06	-3.09304499345e-06	-3.19965463238e-06	-4.62888164882e-06	-4.69457677403e-06	-6.11645982049e-06	-6.27203305497e-06	-7.64579984601e-06	133.972773198	134.411108824	134.84944445	135.287780076	135.726115702	136.164451328	136.602786954	137.04112258	137.479458205	137.917793831	-3.14566613334	-3.34391218051	-3.54215822768	-3.74040427485	-3.93865032203	-4.1368963692	-4.33514241637	-4.53338846354	-4.73163451071	-4.92988055789	1.99553637029	1.99553637029	1.99553637029	1.99553637029	1.99553637029	1.99553637029	1.99553637029	1.99553637029	1.99553637029	1.99553637029	
7.9	146.419105835	146.533995835	146.648885835	146.763775835	146.878665836	146.993555836	147.108445836	147.223335836	147.338225836	147.453115836	-2.78040789428e-07	-3.0327555668e-07	-4.8438317805e-07	-6.78810043799e-07	-1.03416998348e-06	-1.40177830459e-06	-1.93359051779e-06	-2.47295044394e-06	-3.17567051346e-06	-3.89626439192e-06	-2.1964285164e-07	-1.57635669924e-06	-1.69228710541e-06	-3.09304499345e-06	-3.19965463238e-06	-4.62888164882e-06	-4.69457677403e-06	-6.11645982049e-06	-6.27203305497e-06	-7.64579984601e-06	133.972773198	134.411108824	134.84944445	135.287780076	135.726115702	136.164451328	136.602786954	137.04112258	137.479458205	137.917793831	-3.14566613334	-3.34391218051	-3.54215822768	-3.74040427485	-3.93865032203	-4.1368963692	-4.33514241637	-4.53338846354	-4.73163451071	-4.92988055789	1.99553637029	1.99553637029	1.99553637029	1.99553637029	1.99553637029	1.99553637029	1.99553637029	1.99553637029	1.99553637029	1.99553637029	
7.91666666667	146.419105835	146.533995835	146.648885835	146.763775835	146.878665836	146.993555836	147.108445836	147.223335836	147.338225836	147.453115836	-2.78040789428e-07	-3.0327555668e-07	-4.8438317805e-07	-6.78810043799e-07	-1.03416998348e-06	-1.40177830459e-06	-1.93359051779e-06	-2.47295044394e-06	-3.17567051346e-06	-3.89626439192e-06	-2.1964285164e-07	-1.57635669924e-06	-1.69228710541e-06	-3.09304499345e-06	-3.19965463238e-06	-4.62888164882e-06	-4.69457677403e-06	-6.11645982049e-06	-6.27203305497e-06	-7.64579984601e-06	133.972773198	134.411108824	134.84944445	135.287780076	135.726115702	136.164451328	136.602786954	137.04112258	137.479458205	137.917793831	-3.14566613334	-3.34391218051	-3.54215822768	-3.74040427485	-3.93865032203	-4.1368963692	-4.33514241637	-4.53338846354	-4.73163451071	-4.92988055789	1.99553637029	1.99553637029	1.99553637029	1.99553637029	1.99553637029	1.99553637029	1.99553637029	1.99553637029	1.99553637029	1.99553637029	
7.93333333333	146.419105835	146.533995835	146.648885835	146.763775835	146.878665836	146.993555836	147.108445836	147.223335836	147.338225836	147.453115836	-2.78040789428e-07	-3.0327555668e-07	-4.8438317805e-07	-6.78810043799e-07	-1.03416998348e-06	-1.40177830459e-06	-1.93359051779e-06	-2.47295044394e-06	-3.17567051346e-06	-3.89626439192e-06	-2.1964285164e-07	-1.57635669924e-06	-1.69228710541e-06	-3.09304499345e-06	-3.19965463238e-06	-4.62888164882e-06	-4.69457677403e-06	-6.11645982049e-06	-6.27203305497e-06	-7.64579984601e-06	133.972773198	134.411108824	134.84944445	135.287780076	135.726115702	136.164451328	136.602786954	137.04112258	137.479458205	137.917793831	-3.14566613334	-3.34391218051	-3.54215822768	-3.74040427485	-3.93865032203	-4.1368963692	-4.33514241637	-4.53338846354	-4.73163451071	-4.92988055789	1.99553637029	1.99553637029	1.99553637029	1.99553637029	1.99553637029	1.99553637029	1.99553637029	1.99553637029	1.99553637029	1.99553637029	
7.95	146.419105835	146.533995835	146.648885835	146.763775835	146.878665836	146.993555836	147.108445836	147.223335836	147.338225836	147.453115836	-2.78040789428e-07	-3.0327555668e-07	-4.8438317805e-07	-6.78810043799e-07	-1.03416998348e-06	-1.40177830459e-06	-1.93359051779e-06	-2.47295044394e-06	-3.17567051346e-06	-3.89626439192e-06	-2.1964285164e-07	-1.57635669924e-06	-1.69228710541e-06	-3.09304499345e-06	-3.19965463238e-06	-4.62888164882e-06	-4.69457677403e-06	-6.11645982049e-06	-6.27203305497e-06	-7.64579984601e-06	133.972773198	134.411108824	134.84944445	135.287780076	135.726115702	136.164451328	136.602786954	137.04112258	137.479458205	137.917793831	-3.14566613334	-3.34391218051	-3.54215822768	-3.74040427485	-3.93865032203	-4.1368963692	-4.33514241637	-4.53338846354	-4.73163451071	-4.92988055789	1.99553637029	1.99553637029	1.99553637029	1.99553637029	1.99553637029	1.99553637029	1.99553637029	1.99553637029	1.99553637029	1.99553637029	
7.96666666667	146.419105835	146.533995835	146.648885835	146.763775835	146.878665836	146.993555836	147.108445836	147.223335836	147.338225836	147.453115836	-2.78040789428e-07	-3.0327555668e-07	-4.8438317805e-07	-6.78810043799e-07	-1.03416998348e-06	-1.40177830459e-06	-1.93359051779e-06	-2.47295044394e-06	-3.17567051346e-06	-3.89626439192e-06	-2.1964285164e-07	-1.57635669924e-06	-1.69228710541e-06	-3.09304499345e-06	-3.19965463238e-06	-4.62888164882e-06	-4.69457677403e-06	-6.11645982049e-06	-6.27203305497e-06	-7.64579984601e-06	133.972773198	134.411108824	134.84944445	135.287780076	135.726115702	136.164451328	136.602786954	137.04112258	137.479458205	137.917793831	-3.14566613334	-3.34391218051	-3.54215822768	-3.74040427485	-3.93865032203	-4.1368963692	-4.33514241637	-4.53338846354	-4.73163451071	-4.92988055789	1.99553637029	1.99553637029	1.99553637029	1.99553637029	1.99553637029	1.99553637029	1.99553637029	1.99553637029	1.99553637029	1.99553637029	
7.98333333333	146.419105835	146.533995835	146.648885835	146.763775835	146.878665836	146.993555836	147.108445836	147.223335836	147.338225836	147.453115836	-2.78040789428e-07	-3.0327555668e-07	-4.8438317805e-07	-6.78810043799e-07	-1.03416998348e-06	-1.40177830459e-06	-1.93359051779e-06	-2.47295044394e-06	-3.17567051346e-06	-3.89626439192e-06	-2.1964285164e-07	-1.57635669924e-06	-1.69228710541e-06	-3.09304499345e-06	-3.19965463238e-06	-4.62888164882e-06	-4.69457677403e-06	-6.11645982049e-06	-6.27203305497e-06	-7.64579984601e-06	133.972773198	134.411108824	134.84944445	135.287780076	135.726115702	136.164451328	136.602786954	137.04112258	137.479458205	137.917793831	-3.14566613334	-3.34391218051	-3.54215822768	-3.74040427485	-3.93865032203	-4.1368963692	-4.33514241637	-4.53338846354	-4.73163451071	-4.92988055789	1.99553637029	1.99553637029	1.99553637029	1.99553637029	1.99553637029	1.99553637029	1.99553637029	1.99553637029	1.99553637029	1.99553637029	
8.0	146.419105835	146.533995835	146.648885835	146.763775835	146.878665836	146.993555836	147.108445836	147.223335836	147.338225836	147.453115836	-2.78040789428e-07	-3.0327555668e-07	-4.8438317805e-07	-6.78810043799e-07	-1.03416998348e-06	-1.40177830459e-06	-1.93359051779e-06	-2.47295044394e-06	-3.17567051346e-06	-3.89626439192e-06	-2.1964285164e-07	-1.57635669924e-06	-1.69228710541e-06	-3.09304499345e-06	-3.19965463238e-06	-4.62888164882e-06	-4.69457677403e-06	-6.11645982049e-06	-6.27203305497e-06	-7.64579984601e-06	133.972773198	134.411108824	134.84944445	135.287780076	135.726115702	136.164451328	136.602786954	137.04112258	137.479458205	137.917793831	-3.14566613334	-3.34391218051	-3.54215822768	-3.74040427485	-3.93865032203	-4.1368963692	-4.33514241637	-4.53338846354	-4.73163451071	-4.92988055789	1.99553637029	1.99553637029	1.99553637029	1.99553637029	1.99553637029	1.99553637029	1.99553637029	1.99553637029	1.99553637029	1.99553637029	
8.01666666667	146.419105835	146.533995835	146.648885835	146.763775835	146.878665836	146.993555836	147.108445836	147.223335836	147.338225836	147.453115836	-2.78040789428e-07	-3.0327555668e-07	-4.8438317805e-07	-6.78810043799e-07	-1.03416998348e-06	-1.40177830459e-06	-1.93359051779e-06	-2.47295044394e-06	-3.17567051346e-06	-3.89626439192e-06	-2.1964285164e-07	-1.57635669924e-06	-1.69228710541e-06	-3.09304499345e-06	-3.19965463238e-06	-4.62888164882e-06	-4.69457677403e-06	-6.11645982049e-06	-6.27203305497e-06	-7.64579984601e-06	133.972773198	134.411108824	134.84944445	135.287780076	135.726115702	136.164451328	136.602786954	137.04112258	137.479458205	137.917793831	-3.14566613334	-3.34391218051	-3.54215822768	-3.74040427485	-3.93865032203	-4.1368963692	-4.33514241637	-4.53338846354	-4.73163451071	-4.92988055789	1.99553637029	1.99553637029	1.99553637029	1.99553637029	1.99553637029	1.99553637029	1.99553637029	1.99553637029	1.99553637029	1.99553637029	
8.03333333333	146.419105835	146.533995835	146.648885835	146.763775835	146.878665836	146.993555836	147.108445836	147.223335836	147.338225836	147.453115836	-2.78040789428e-07	-3.0327555668e-07	-4.8438317805e-07	-6.78810043799e-07	-1.03416998348e-06	-1.40177830459e-06	-1.93359051779e-06	-2.47295044394e-06	-3.17567051346e-06	-3.89626439192e-06	-2.1964285164e-07	-1.57635669924e-06	-1.69228710541e-06	-3.09304499345e-06	-3.19965463238e-06	-4.62888164882e-06	-4.69457677403e-06	-6.11645982049e-06	-6.27203305497e-06	-7.64579984601e-06	133.972773198	134.411108824	134.84944445	135.287780076	135.726115702	136.164451328	136.602786954	137.04112258	137.479458205	137.917793831	-3.14566613334	-3.34391218051	-3.54215822768	-3.74040427485	-3.93865032203	-4.1368963692	-4.33514241637	-4.53338846354	-4.73163451071	-4.92988055789	1.99553637029	1.99553637029	1.99553637029	1.99553637029	1.99553637029	1.99553637029	1.99553637029	1.99553637029	1.99553637029	1.99553637029	
8.05	146.419105835	146.533995835	146.648885835	146.763775835	146.878665836	146.993555836	147.108445836	147.223335836	147.338225836	147.453115836	-2.78040789428e-07	-3.0327555668e-07	-4.8438317805e-07	-6.78810043799e-07	-1.03416998348e-06	-1.40177830459e-06	-1.93359051779e-06	-2.47295044394e-06	-3.17567051346e-06	-3.89626439192e-06	-2.1964285164e-07	-1.57635669924e-06	-1.69228710541e-06	-3.09304499345e-06	-3.19965463238e-06	-4.62888164882e-06	-4.69457677403e-06	-6.11645982049e-06	-6.27203305497e-06	-7.64579984601e-06	133.972773198	134.411108824	134.84944445	135.287780076	135.726115702	136.164451328	136.602786954	137.04112258	137.479458205	137.917793831	-3.14566613334	-3.34391218051	-3.54215822768	-3.74040427485	-3.93865032203	-4.1368963692	-4.33514241637	-4.53338846354	-4.73163451071	-4.92988055789	1.99553637029	1.99553637029	1.99553637029	1.99553637029	1.99553637029	1.99553637029	1.99553637029	1.99553637029	1.99553637029	1.99553637029	
8.06666666667	146.419105835	146.533995835	146.648885835	146.763775835	146.878665836	146.993555836	147.108445836	147.223335836	147.338225836	147.453115836	-2.78040789428e-07	-3.0327555668e-07	-4.8438317805e-07	-6.78810043799e-07	-1.03416998348e-06	-1.40177830459e-06	-1.93359051779e-06	-2.47295044394e-06	-3.17567051346e-06	-3.89626439192e-06	-2.1964285164e-07	-1.57635669924e-06	-1.69228710541e-06	-3.09304499345e-06	-3.19965463238e-06	-4.62888164882e-06	-4.69457677403e-06	-6.11645982049e-06	-6.27203305497e-06	-7.64579984601e-06	133.972773198	134.411108824	134.84944445	135.287780076	135.726115702	136.164451328	136.602786954	137.04112258	137.479458205	137.917793831	-3.14566613334	-3.34391218051	-3.54215822768	-3.74040427485	-3.93865032203	-4.1368963692	-4.33514241637	-4.53338846354	-4.73163451071	-4.92988055789	1.99553637029	1.99553637029	1.99553637029	1.99553637029	1.99553637029	1.99553637029	1.99553637029	1.99553637029	1.99553637029	1.99553637029	
8.08333333333	146.419105835	146.533995835	146.648885835	146.763775835	146.878665836	146.993555836	147.108445836	147.223335836	147.338225836	147.453115836	-2.78040789428e-07	-3.0327555668e-07	-4.8438317805e-07	-6.78810043799e-07	-1.03416998348e-06	-1.40177830459e-06	-1.93359051779e-06	-2.47295044394e-06	-3.17567051346e-06	-3.89626439192e-06	-2.1964285164e-07	-1.57635669924e-06	-1.69228710541e-06	-3.09304499345e-06	-3.19965463238e-06	-4.62888164882e-06	-4.69457677403e-06	-6.11645982049e-06	-6.27203305497e-06	-7.64579984601e-06	133.972773198	134.411108824	134.84944445	135.287780076	135.726115702	136.164451328	136.602786954	137.04112258	137.479458205	137.917793831	-3.14566613334	-3.34391218051	-3.54215822768	-3.74040427485	-3.93865032203	-4.1368963692	-4.33514241637	-4.53338846354	-4.73163451071	-4.92988055789	1.99553637029	1.99553637029	1.99553637029	1.99553637029	1.99553637029	1.99553637029	1.99553637029	1.99553637029	1.99553637029	1.99553637029	
8.1	146.419105835	146.533995835	146.648885835	146.763775835	146.878665836	146.993555836	147.108445836	147.223335836	147.338225836	147.453115836	-2.78040789428e-07	-3.0327555668e-07	-4.8438317805e-07	-6.78810043799e-07	-1.03416998348e-06	-1.40177830459e-06	-1.93359051779e-06	-2.47295044394e-06	-3.17567051346e-06	-3.89626439192e-06	-2.1964285164e-07	-1.57635669924e-06	-1.69228710541e-06	-3.09304499345e-06	-3.19965463238e-06	-4.62888164882e-06	-4.69457677403e-06	-6.11645982049e-06	-6.27203305497e-06	-7.64579984601e-06	133.972773198	134.411108824	134.84944445	135.287780076	135.726115702	136.164451328	136.602786954	137.04112258	137.479458205	137.917793831	-3.14566613334	-3.34391218051	-3.54215822768	-3.74040427485	-3.93865032203	-4.1368963692	-4.33514241637	-4.53338846354	-4.73163451071	-4.92988055789	1.99553637029	1.99553637029	1.99553637029	1.99553637029	1.99553637029	1.99553637029	1.99553637029	1.99553637029	1.99553637029	1.99553637029	
8.11666666667	146.419105835	146.533995835	146.648885835	146.763775835	146.878665836	146.993555836	147.108445836	147.223335836	147.338225836	147.453115836	-2.78040789428e-07	-3.0327555668e-07	-4.8438317805e-07	-6.78810043799e-07	-1.03416998348e-06	-1.40177830459e-06	-1.93359051779e-06	-2.47295044394e-06	-3.17567051346e-06	-3.89626439192e-06	-2.1964285164e-07	-1.57635669924e-06	-1.69228710541e-06	-3.09304499345e-06	-3.19965463238e-06	-4.62888164882e-06	-4.69457677403e-06	-6.11645982049e-06	-6.27203305497e-06	-7.64579984601e-06	133.972773198	134.411108824	134.84944445	135.287780076	135.726115702	136.164451328	136.602786954	137.04112258	137.479458205	137.917793831	-3.14566613334	-3.34391218051	-3.54215822768	-3.74040427485	-3.93865032203	-4.1368963692	-4.33514241637	-4.53338846354	-4.73163451071	-4.92988055789	1.99553637029	1.99553637029	1.99553637029	1.99553637029	1.99553637029	1.99553637029	1.99553637029	1.99553637029	1.99553637029	1.99553637029	
8.13333333333	146.419105835	146.533995835	146.648885835	146.763775835	146.878665836	146.993555836	147.108445836	147.223335836	147.338225836	147.453115836	-2.78040789428e-07	-3.0327555668e-07	-4.8438317805e-07	-6.78810043799e-07	-1.03416998348e-06	-1.40177830459e-06	-1.93359051779e-06	-2.47295044394e-06	-3.17567051346e-06	-3.89626439192e-06	-2.1964285164e-07	-1.57635669924e-06	-1.69228710541e-06	-3.09304499345e-06	-3.19965463238e-06	-4.62888164882e-06	-4.69457677403e-06	-6.11645982049e-06	-6.27203305497e-06	-7.64579984601e-06	133.972773198	134.411108824	134.84944445	135.287780076	135.726115702	136.164451328	136.602786954	137.04112258	137.479458205	137.917793831	-3.14566613334	-3.34391218051	-3.54215822768	-3.74040427485	-3.93865032203	-4.1368963692	-4.33514241637	-4.53338846354	-4.73163451071	-4.92988055789	1.99553637029	1.99553637029	1.99553637029	1.99553637029	1.99553637029	1.99553637029	1.99553637029	1.99553637029	1.99553637029	1.99553637029	
8.15	146.419105835	146.533995835	146.648885835	146.763775835	146.878665836	146.993555836	147.108445836	147.223335836	147.338225836	147.453115836	-2.78040789428e-07	-3.0327555668e-07	-4.8438317805e-07	-6.78810043799e-07	-1.03416998348e-06	-1.40177830459e-06	-1.93359051779e-06	-2.47295044394e-06	-3.17567051346e-06	-3.89626439192e-06	-2.1964285164e-07	-1.57635669924e-06	-1.69228710541e-06	-3.09304499345e-06	-3.19965463238e-06	-4.62888164882e-06	-4.69457677403e-06	-6.11645982049e-06	-6.27203305497e-06	-7.64579984601e-06	133.972773198	134.411108824	134.84944445	135.287780076	135.726115702	136.164451328	136.602786954	137.04112258	137.479458205	137.917793831	-3.14566613334	-3.34391218051	-3.54215822768	-3.74040427485	-3.93865032203	-4.1368963692	-4.33514241637	-4.53338846354	-4.73163451071	-4.92988055789	1.99553637029	1.99553637029	1.99553637029	1.99553637029	1.99553637029	1.99553637029	1.99553637029	1.99553637029	1.99553637029	1.99553637029	
8.16666666667	146.419105835	146.533995835	146.648885835	146.763775835	146.878665836	146.993555836	147.108445836	147.223335836	147.338225836	147.453115836	-2.78040789428e-07	-3.0327555668e-07	-4.8438317805e-07	-6.78810043799e-07	-1.03416998348e-06	-1.40177830459e-06	-1.93359051779e-06	-2.47295044394e-06	-3.17567051346e-06	-3.89626439192e-06	-2.1964285164e-07	-1.57635669924e-06	-1.69228710541e-06	-3.09304499345e-06	-3.19965463238e-06	-4.62888164882e-06	-4.69457677403e-06	-6.11645982049e-06	-6.27203305497e-06	-7.64579984601e-06	133.972773198	134.411108824	134.84944445	135.287780076	135.726115702	136.164451328	136.602786954	137.04112258	137.479458205	137.917793831	-3.14566613334	-3.34391218051	-3.54215822768	-3.74040427485	-3.93865032203	-4.1368963692	-4.33514241637	-4.53338846354	-4.73163451071	-4.92988055789	1.99553637029	1.99553637029	1.99553637029	1.99553637029	1.99553637029	1.99553637029	1.99553637029	1.99553637029	1.99553637029	1.99553637029	
8.18333333333	146.419105835	146.533995835	146.648885835	146.763775835	146.878665836	146.993555836	147.108445836	147.223335836	147.338225836	147.453115836	-2.78040789428e-07	-3.0327555668e-07	-4.8438317805e-07	-6.78810043799e-07	-1.03416998348e-06	-1.40177830459e-06	-1.93359051779e-06	-2.47295044394e-06	-3.17567051346e-06	-3.89626439192e-06	-2.1964285164e-07	-1.57635669924e-06	-1.69228710541e-06	-3.09304499345e-06	-3.19965463238e-06	-4.62888164882e-06	-4.69457677403e-06	-6.11645982049e-06	-6.27203305497e-06	-7.64579984601e-06	133.972773198	134.411108824	134.84944445	135.287780076	135.726115702	136.164451328	136.602786954	137.04112258	137.479458205	137.917793831	-3.14566613334	-3.34391218051	-3.54215822768	-3.74040427485	-3.93865032203	-4.1368963692	-4.33514241637	-4.53338846354	-4.73163451071	-4.92988055789	1.99553637029	1.99553637029	1.99553637029	1.99553637029	1.99553637029	1.99553637029	1.99553637029	1.99553637029	1.99553637029	1.99553637029	
8.2	146.419105835	146.533995835	146.648885835	146.763775835	146.878665836	146.993555836	147.108445836	147.223335836	147.338225836	147.453115836	-2.78040789428e-07	-3.0327555668e-07	-4.8438317805e-07	-6.78810043799e-07	-1.03416998348e-06	-1.40177830459e-06	-1.93359051779e-06	-2.47295044394e-06	-3.17567051346e-06	-3.89626439192e-06	-2.1964285164e-07	-1.57635669924e-06	-1.69228710541e-06	-3.09304499345e-06	-3.19965463238e-06	-4.62888164882e-06	-4.69457677403e-06	-6.11645982049e-06	-6.27203305497e-06	-7.64579984601e-06	133.972773198	134.411108824	134.84944445	135.287780076	135.726115702	136.164451328	136.602786954	137.04112258	137.479458205	137.917793831	-3.14566613334	-3.34391218051	-3.54215822768	-3.74040427485	-3.93865032203	-4.1368963692	-4.33514241637	-4.53338846354	-4.73163451071	-4.92988055789	1.99553637029	1.99553637029	1.99553637029	1.99553637029	1.99553637029	1.99553637029	1.99553637029	1.99553637029	1.99553637029	1.99553637029	
8.21666666667	146.419105835	146.533995835	146.648885835	146.763775835	146.878665836	146.993555836	147.108445836	147.223335836	147.338225836	147.453115836	-2.78040789428e-07	-3.0327555668e-07	-4.8438317805e-07	-6.78810043799e-07	-1.03416998348e-06	-1.40177830459e-06	-1.93359051779e-06	-2.47295044394e-06	-3.17567051346e-06	-3.89626439192e-06	-2.1964285164e-07	-1.57635669924e-06	-1.69228710541e-06	-3.09304499345e-06	-3.19965463238e-06	-4.62888164882e-06	-4.69457677403e-06	-6.11645982049e-06	-6.27203305497e-06	-7.64579984601e-06	133.972773198	134.411108824	134.84944445	135.287780076	135.726115702	136.164451328	136.602786954	137.04112258	137.479458205	137.917793831	-3.14566613334	-3.34391218051	-3.54215822768	-3.74040427485	-3.93865032203	-4.1368963692	-4.33514241637	-4.53338846354	-4.73163451071	-4.92988055789	1.99553637029	1.99553637029	1.99553637029	1.99553637029	1.99553637029	1.99553637029	1.99553637029	1.99553637029	1.99553637029	1.99553637029	
8.23333333333	146.419105835	146.533995835	146.648885835	146.763775835	146.878665836	146.993555836	147.108445836	147.223335836	147.338225836	147.453115836	-2.78040789428e-07	-3.0327555668e-07	-4.8438317805e-07	-6.78810043799e-07	-1.03416998348e-06	-1.40177830459e-06	-1.93359051779e-06	-2.47295044394e-06	-3.17567051346e-06	-3.89626439192e-06	-2.1964285164e-07	-1.57635669924e-06	-1.69228710541e-06	-3.09304499345e-06	-3.19965463238e-06	-4.62888164882e-06	-4.69457677403e-06	-6.11645982049e-06	-6.27203305497e-06	-7.64579984601e-06	133.972773198	134.411108824	134.84944445	135.287780076	135.726115702	136.164451328	136.602786954	137.04112258	137.479458205	137.917793831	-3.14566613334	-3.34391218051	-3.54215822768	-3.74040427485	-3.93865032203	-4.1368963692	-4.33514241637	-4.53338846354	-4.73163451071	-4.92988055789	1.99553637029	1.99553637029	1.99553637029	1.99553637029	1.99553637029	1.99553637029	1.99553637029	1.99553637029	1.99553637029	1.99553637029	
8.25	146.419105835	146.533995835	146.648885835	146.763775835	146.878665836	146.993555836	147.108445836	147.223335836	147.338225836	147.453115836	-2.78040789428e-07	-3.0327555668e-07	-4.8438317805e-07	-6.78810043799e-07	-1.03416998348e-06	-1.40177830459e-06	-1.93359051779e-06	-2.47295044394e-06	-3.17567051346e-06	-3.89626439192e-06	-2.1964285164e-07	-1.57635669924e-06	-1.69228710541e-06	-3.09304499345e-06	-3.19965463238e-06	-4.62888164882e-06	-4.69457677403e-06	-6.11645982049e-06	-6.27203305497e-06	-7.64579984601e-06	133.972773198	134.411108824	134.84944445	135.287780076	135.726115702	136.164451328	136.602786954	137.04112258	137.479458205	137.917793831	-3.14566613334	-3.34391218051	-3.54215822768	-3.74040427485	-3.93865032203	-4.1368963692	-4.33514241637	-4.53338846354	-4.73163451071	-4.92988055789	1.99553637029	1.99553637029	1.99553637029	1.99553637029	1.99553637029	1.99553637029	1.99553637029	1.99553637029	1.99553637029	1.99553637029	
8.26666666667	146.419105835	146.533995835	146.648885835	146.763775835	146.878665836	146.993555836	147.108445836	147.223335836	147.338225836	147.453115836	-2.78040789428e-07	-3.0327555668e-07	-4.8438317805e-07	-6.78810043799e-07	-1.03416998348e-06	-1.40177830459e-06	-1.93359051779e-06	-2.47295044394e-06	-3.17567051346e-06	-3.89626439192e-06	-2.1964285164e-07	-1.57635669924e-06	-1.69228710541e-06	-3.09304499345e-06	-3.19965463238e-06	-4.62888164882e-06	-4.69457677403e-06	-6.11645982049e-06	-6.27203305497e-06	-7.64579984601e-06	133.972773198	134.411108824	134.84944445	135.287780076	135.726115702	136.164451328	136.602786954	137.04112258	137.479458205	137.917793831	-3.14566613334	-3.34391218051	-3.54215822768	-3.74040427485	-3.93865032203	-4.1368963692	-4.33514241637	-4.53338846354	-4.73163451071	-4.92988055789	1.99553637029	1.99553637029	1.99553637029	1.99553637029	1.99553637029	1.99553637029	1.99553637029	1.99553637029	1.99553637029	1.99553637029	
8.28333333333	146.419105835	146.533995835	146.648885835	146.763775835	146.878665836	146.993555836	147.108445836	147.223335836	147.338225836	147.453115836	-2.78040789428e-07	-3.0327555668e-07	-4.8438317805e-07	-6.78810043799e-07	-1.03416998348e-06	-1.40177830459e-06	-1.93359051779e-06	-2.47295044394e-06	-3.17567051346e-06	-3.89626439192e-06	-2.1964285164e-07	-1.57635669924e-06	-1.69228710541e-06	-3.09304499345e-06	-3.19965463238e-06	-4.62888164882e-06	-4.69457677403e-06	-6.11645982049e-06	-6.27203305497e-06	-7.64579984601e-06	133.972773198	134.411108824	134.84944445	135.287780076	135.726115702	136.164451328	136.602786954	137.04112258	137.479458205	137.917793831	-3.14566613334	-3.34391218051	-3.54215822768	-3.74040427485	-3.93865032203	-4.1368963692	-4.33514241637	-4.53338846354	-4.73163451071	-4.92988055789	1.99553637029	1.99553637029	1.99553637029	1.99553637029	1.99553637029	1.99553637029	1.99553637029	1.99553637029	1.99553637029	1.99553637029	
8.3	146.419105835	146.533995835	146.648885835	146.763775835	146.878665836	146.993555836	147.108445836	147.223335836	147.338225836	147.453115836	-2.78040789428e-07	-3.0327555668e-07	-4.8438317805e-07	-6.78810043799e-07	-1.03416998348e-06	-1.40177830459e-06	-1.93359051779e-06	-2.47295044394e-06	-3.17567051346e-06	-3.89626439192e-06	-2.1964285164e-07	-1.57635669924e-06	-1.69228710541e-06	-3.09304499345e-06	-3.19965463238e-06	-4.62888164882e-06	-4.69457677403e-06	-6.11645982049e-06	-6.27203305497e-06	-7.64579984601e-06	133.972773198	134.411108824	134.84944445	135.287780076	135.726115702	136.164451328	136.602786954	137.04112258	137.479458205	137.917793831	-3.14566613334	-3.34391218051	-3.54215822768	-3.74040427485	-3.93865032203	-4.1368963692	-4.33514241637	-4.53338846354	-4.73163451071	-4.92988055789	1.99553637029	1.99553637029	1.99553637029	1.99553637029	1.99553637029	1.99553637029	1.99553637029	1.99553637029	1.99553637029	1.99553637029	
8.31666666667	146.419105835	146.533995835	146.648885835	146.763775835	146.878665836	146.993555836	147.108445836	147.223335836	147.338225836	147.453115836	-2.78040789428e-07	-3.0327555668e-07	-4.8438317805e-07	-6.78810043799e-07	-1.03416998348e-06	-1.40177830459e-06	-1.93359051779e-06	-2.47295044394e-06	-3.17567051346e-06	-3.89626439192e-06	-2.1964285164e-07	-1.57635669924e-06	-1.69228710541e-06	-3.09304499345e-06	-3.19965463238e-06	-4.62888164882e-06	-4.69457677403e-06	-6.11645982049e-06	-6.27203305497e-06	-7.64579984601e-06	133.972773198	134.411108824	134.84944445	135.287780076	135.726115702	136.164451328	136.602786954	137.04112258	137.479458205	137.917793831	-3.14566613334	-3.34391218051	-3.54215822768	-3.74040427485	-3.93865032203	-4.1368963692	-4.33514241637	-4.53338846354	-4.73163451071	-4.92988055789	1.99553637029	1.99553637029	1.99553637029	1.99553637029	1.99553637029	1.99553637029	1.99553637029	1.99553637029	1.99553637029	1.99553637029	
8.33333333333	146.419105835	146.533995835	146.648885835	146.763775835	146.878665836	146.993555836	147.108445836	147.223335836	147.338225836	147.453115836	-2.78040789428e-07	-3.0327555668e-07	-4.8438317805e-07	-6.78810043799e-07	-1.03416998348e-06	-1.40177830459e-06	-1.93359051779e-06	-2.47295044394e-06	-3.17567051346e-06	-3.89626439192e-06	-2.1964285164e-07	-1.57635669924e-06	-1.69228710541e-06	-3.09304499345e-06	-3.19965463238e-06	-4.62888164882e-06	-4.69457677403e-06	-6.11645982049e-06	-6.27203305497e-06	-7.64579984601e-06	133.972773198	134.411108824	134.84944445	135.287780076	135.726115702	136.164451328	136.602786954	137.04112258	137.479458205	137.917793831	-3.14566613334	-3.34391218051	-3.54215822768	-3.74040427485	-3.93865032203	-4.1368963692	-4.33514241637	-4.53338846354	-4.73163451071	-4.92988055789	1.99553637029	1.99553637029	1.99553637029	1.99553637029	1.99553637029	1.99553637029	1.99553637029	1.99553637029	1.99553637029	1.99553637029	
8.35	146.419105835	146.533995835	146.648885835	146.763775835	146.878665836	146.993555836	147.108445836	147.223335836	147.338225836	147.453115836	-2.78040789428e-07	-3.0327555668e-07	-4.8438317805e-07	-6.78810043799e-07	-1.03416998348e-06	-1.40177830459e-06	-1.93359051779e-06	-2.47295044394e-06	-3.17567051346e-06	-3.89626439192e-06	-2.1964285164e-07	-1.57635669924e-06	-1.69228710541e-06	-3.09304499345e-06	-3.19965463238e-06	-4.62888164882e-06	-4.69457677403e-06	-6.11645982049e-06	-6.27203305497e-06	-7.64579984601e-06	133.972773198	134.411108824	134.84944445	135.287780076	135.726115702	136.164451328	136.602786954	137.04112258	137.479458205	137.917793831	-3.14566613334	-3.34391218051	-3.54215822768	-3.74040427485	-3.93865032203	-4.1368963692	-4.33514241637	-4.53338846354	-4.73163451071	-4.92988055789	1.99553637029	1.99553637029	1.99553637029	1.99553637029	1.99553637029	1.99553637029	1.99553637029	1.99553637029	1.99553637029	1.99553637029	
8.36666666667	146.419105835	146.533995835	146.648885835	146.763775835	146.878665836	146.993555836	147.108445836	147.223335836	147.338225836	147.453115836	-2.78040789428e-07	-3.0327555668e-07	-4.8438317805e-07	-6.78810043799e-07	-1.03416998348e-06	-1.40177830459e-06	-1.93359051779e-06	-2.47295044394e-06	-3.17567051346e-06	-3.89626439192e-06	-2.1964285164e-07	-1.57635669924e-06	-1.69228710541e-06	-3.09304499345e-06	-3.19965463238e-06	-4.62888164882e-06	-4.69457677403e-06	-6.11645982049e-06	-6.27203305497e-06	-7.64579984601e-06	133.972773198	134.411108824	134.84944445	135.287780076	135.726115702	136.164451328	136.602786954	137.04112258	137.479458205	137.917793831	-3.14566613334	-3.34391218051	-3.54215822768	-3.74040427485	-3.93865032203	-4.1368963692	-4.33514241637	-4.53338846354	-4.73163451071	-4.92988055789	1.99553637029	1.99553637029	1.99553637029	1.99553637029	1.99553637029	1.99553637029	1.99553637029	1.99553637029	1.99553637029	1.99553637029	
8.38333333333	146.419105835	146.533995835	146.648885835	146.763775835	146.878665836	146.993555836	147.108445836	147.223335836	147.338225836	147.453115836	-2.78040789428e-07	-3.0327555668e-07	-4.8438317805e-07	-6.78810043799e-07	-1.03416998348e-06	-1.40177830459e-06	-1.93359051779e-06	-2.47295044394e-06	-3.17567051346e-06	-3.89626439192e-06	-2.1964285164e-07	-1.57635669924e-06	-1.69228710541e-06	-3.09304499345e-06	-3.19965463238e-06	-4.62888164882e-06	-4.69457677403e-06	-6.11645982049e-06	-6.27203305497e-06	-7.64579984601e-06	133.972773198	134.411108824	134.84944445	135.287780076	135.726115702	136.164451328	136.602786954	137.04112258	137.479458205	137.917793831	-3.14566613334	-3.34391218051	-3.54215822768	-3.74040427485	-3.93865032203	-4.1368963692	-4.33514241637	-4.53338846354	-4.73163451071	-4.92988055789	1.99553637029	1.99553637029	1.99553637029	1.99553637029	1.99553637029	1.99553637029	1.99553637029	1.99553637029	1.99553637029	1.99553637029	
8.4	146.419105835	146.533995835	146.648885835	146.763775835	146.878665836	146.993555836	147.108445836	147.223335836	147.338225836	147.453115836	-2.78040789428e-07	-3.0327555668e-07	-4.8438317805e-07	-6.78810043799e-07	-1.03416998348e-06	-1.40177830459e-06	-1.93359051779e-06	-2.47295044394e-06	-3.17567051346e-06	-3.89626439192e-06	-2.1964285164e-07	-1.57635669924e-06	-1.69228710541e-06	-3.09304499345e-06	-3.19965463238e-06	-4.62888164882e-06	-4.69457677403e-06	-6.11645982049e-06	-6.27203305497e-06	-7.64579984601e-06	133.972773198	134.411108824	134.84944445	135.287780076	135.726115702	136.164451328	136.602786954	137.04112258	137.479458205	137.917793831	-3.14566613334	-3.34391218051	-3.54215822768	-3.74040427485	-3.93865032203	-4.1368963692	-4.33514241637	-4.53338846354	-4.73163451071	-4.92988055789	1.99553637029	1.99553637029	1.99553637029	1.99553637029	1.99553637029	1.99553637029	1.99553637029	1.99553637029	1.99553637029	1.99553637029	
8.41666666667	146.419105835	146.533995835	146.648885835	146.763775835	146.878665836	146.993555836	147.108445836	147.223335836	147.338225836	147.453115836	-2.78040789428e-07	-3.0327555668e-07	-4.8438317805e-07	-6.78810043799e-07	-1.03416998348e-06	-1.40177830459e-06	-1.93359051779e-06	-2.47295044394e-06	-3.17567051346e-06	-3.89626439192e-06	-2.1964285164e-07	-1.57635669924e-06	-1.69228710541e-06	-3.09304499345e-06	-3.19965463238e-06	-4.62888164882e-06	-4.69457677403e-06	-6.11645982049e-06	-6.27203305497e-06	-7.64579984601e-06	133.972773198	134.411108824	134.84944445	135.287780076	135.726115702	136.164451328	136.602786954	137.04112258	137.479458205	137.917793831	-3.14566613334	-3.34391218051	-3.54215822768	-3.74040427485	-3.93865032203	-4.1368963692	-4.33514241637	-4.53338846354	-4.73163451071	-4.92988055789	1.99553637029	1.99553637029	1.99553637029	1.99553637029	1.99553637029	1.99553637029	1.99553637029	1.99553637029	1.99553637029	1.99553637029	
8.43333333333	146.419105835	146.533995835	146.648885835	146.763775835	146.878665836	146.993555836	147.108445836	147.223335836	147.338225836	147.453115836	-2.78040789428e-07	-3.0327555668e-07	-4.8438317805e-07	-6.78810043799e-07	-1.03416998348e-06	-1.40177830459e-06	-1.93359051779e-06	-2.47295044394e-06	-3.17567051346e-06	-3.89626439192e-06	-2.1964285164e-07	-1.57635669924e-06	-1.69228710541e-06	-3.09304499345e-06	-3.19965463238e-06	-4.62888164882e-06	-4.69457677403e-06	-6.11645982049e-06	-6.27203305497e-06	-7.64579984601e-06	133.972773198	134.411108824	134.84944445	135.287780076	135.726115702	136.164451328	136.602786954	137.04112258	137.479458205	137.917793831	-3.14566613334	-3.34391218051	-3.54215822768	-3.74040427485	-3.93865032203	-4.1368963692	-4.33514241637	-4.53338846354	-4.73163451071	-4.92988055789	1.99553637029	1.99553637029	1.99553637029	1.99553637029	1.99553637029	1.99553637029	1.99553637029	1.99553637029	1.99553637029	1.99553637029	
8.45	146.419105835	146.533995835	146.648885835	146.763775835	146.878665836	146.993555836	147.108445836	147.223335836	147.338225836	147.453115836	-2.78040789428e-07	-3.0327555668e-07	-4.8438317805e-07	-6.78810043799e-07	-1.03416998348e-06	-1.40177830459e-06	-1.93359051779e-06	-2.47295044394e-06	-3.17567051346e-06	-3.89626439192e-06	-2.1964285164e-07	-1.57635669924e-06	-1.69228710541e-06	-3.09304499345e-06	-3.19965463238e-06	-4.62888164882e-06	-4.69457677403e-06	-6.11645982049e-06	-6.27203305497e-06	-7.64579984601e-06	133.972773198	134.411108824	134.84944445	135.287780076	135.726115702	136.164451328	136.602786954	137.04112258	137.479458205	137.917793831	-3.14566613334	-3.34391218051	-3.54215822768	-3.74040427485	-3.93865032203	-4.1368963692	-4.33514241637	-4.53338846354	-4.73163451071	-4.92988055789	1.99553637029	1.99553637029	1.99553637029	1.99553637029	1.99553637029	1.99553637029	1.99553637029	1.99553637029	1.99553637029	1.99553637029	
8.46666666667	146.419105835	146.533995835	146.648885835	146.763775835	146.878665836	146.993555836	147.108445836	147.223335836	147.338225836	147.453115836	-2.78040789428e-07	-3.0327555668e-07	-4.8438317805e-07	-6.78810043799e-07	-1.03416998348e-06	-1.40177830459e-06	-1.93359051779e-06	-2.47295044394e-06	-3.17567051346e-06	-3.89626439192e-06	-2.1964285164e-07	-1.57635669924e-06	-1.69228710541e-06	-3.09304499345e-06	-3.19965463238e-06	-4.62888164882e-06	-4.69457677403e-06	-6.11645982049e-06	-6.27203305497e-06	-7.64579984601e-06	133.972773198	134.411108824	134.84944445	135.287780076	135.726115702	136.164451328	136.602786954	137.04112258	137.479458205	137.917793831	-3.14566613334	-3.34391218051	-3.54215822768	-3.74040427485	-3.93865032203	-4.1368963692	-4.33514241637	-4.53338846354	-4.73163451071	-4.92988055789	1.99553637029	1.99553637029	1.99553637029	1.99553637029	1.99553637029	1.99553637029	1.99553637029	1.99553637029	1.99553637029	1.99553637029	
8.48333333333	146.419105835	146.533995835	146.648885835	146.763775835	146.878665836	146.993555836	147.108445836	147.223335836	147.338225836	147.453115836	-2.78040789428e-07	-3.0327555668e-07	-4.8438317805e-07	-6.78810043799e-07	-1.03416998348e-06	-1.40177830459e-06	-1.93359051779e-06	-2.47295044394e-06	-3.17567051346e-06	-3.89626439192e-06	-2.1964285164e-07	-1.57635669924e-06	-1.69228710541e-06	-3.09304499345e-06	-3.19965463238e-06	-4.62888164882e-06	-4.69457677403e-06	-6.11645982049e-06	-6.27203305497e-06	-7.64579984601e-06	133.972773198	134.411108824	134.84944445	135.287780076	135.726115702	136.164451328	136.602786954	137.04112258	137.479458205	137.917793831	-3.14566613334	-3.34391218051	-3.54215822768	-3.74040427485	-3.93865032203	-4.1368963692	-4.33514241637	-4.53338846354	-4.73163451071	-4.92988055789	1.99553637029	1.99553637029	1.99553637029	1.99553637029	1.99553637029	1.99553637029	1.99553637029	1.99553637029	1.99553637029	1.99553637029	
8.5	146.419105835	146.533995835	146.648885835	146.763775835	146.878665836	146.993555836	147.108445836	147.223335836	147.338225836	147.453115836	-2.78040789428e-07	-3.0327555668e-07	-4.8438317805e-07	-6.78810043799e-07	-1.03416998348e-06	-1.40177830459e-06	-1.93359051779e-06	-2.47295044394e-06	-3.17567051346e-06	-3.89626439192e-06	-2.1964285164e-07	-1.57635669924e-06	-1.69228710541e-06	-3.09304499345e-06	-3.19965463238e-06	-4.62888164882e-06	-4.69457677403e-06	-6.11645982049e-06	-6.27203305497e-06	-7.64579984601e-06	133.972773198	134.411108824	134.84944445	135.287780076	135.726115702	136.164451328	136.602786954	137.04112258	137.479458205	137.917793831	-3.14566613334	-3.34391218051	-3.54215822768	-3.74040427485	-3.93865032203	-4.1368963692	-4.33514241637	-4.53338846354	-4.73163451071	-4.92988055789	1.99553637029	1.99553637029	1.99553637029	1.99553637029	1.99553637029	1.99553637029	1.99553637029	1.99553637029	1.99553637029	1.99553637029	
8.51666666667	146.419105835	146.533995835	146.648885835	146.763775835	146.878665836	146.993555836	147.108445836	147.223335836	147.338225836	147.453115836	-2.78040789428e-07	-3.0327555668e-07	-4.8438317805e-07	-6.78810043799e-07	-1.03416998348e-06	-1.40177830459e-06	-1.93359051779e-06	-2.47295044394e-06	-3.17567051346e-06	-3.89626439192e-06	-2.1964285164e-07	-1.57635669924e-06	-1.69228710541e-06	-3.09304499345e-06	-3.19965463238e-06	-4.62888164882e-06	-4.69457677403e-06	-6.11645982049e-06	-6.27203305497e-06	-7.64579984601e-06	133.972773198	134.411108824	134.84944445	135.287780076	135.726115702	136.164451328	136.602786954	137.04112258	137.479458205	137.917793831	-3.14566613334	-3.34391218051	-3.54215822768	-3.74040427485	-3.93865032203	-4.1368963692	-4.33514241637	-4.53338846354	-4.73163451071	-4.92988055789	1.99553637029	1.99553637029	1.99553637029	1.99553637029	1.99553637029	1.99553637029	1.99553637029	1.99553637029	1.99553637029	1.99553637029	
8.53333333333	146.419105835	146.533995835	146.648885835	146.763775835	146.878665836	146.993555836	147.108445836	147.223335836	147.338225836	147.453115836	-2.78040789428e-07	-3.0327555668e-07	-4.8438317805e-07	-6.78810043799e-07	-1.03416998348e-06	-1.40177830459e-06	-1.93359051779e-06	-2.47295044394e-06	-3.17567051346e-06	-3.89626439192e-06	-2.1964285164e-07	-1.57635669924e-06	-1.69228710541e-06	-3.09304499345e-06	-3.19965463238e-06	-4.62888164882e-06	-4.69457677403e-06	-6.11645982049e-06	-6.27203305497e-06	-7.64579984601e-06	133.972773198	134.411108824	134.84944445	135.287780076	135.726115702	136.164451328	136.602786954	137.04112258	137.479458205	137.917793831	-3.14566613334	-3.34391218051	-3.54215822768	-3.74040427485	-3.93865032203	-4.1368963692	-4.33514241637	-4.53338846354	-4.73163451071	-4.92988055789	1.99553637029	1.99553637029	1.99553637029	1.99553637029	1.99553637029	1.99553637029	1.99553637029	1.99553637029	1.99553637029	1.99553637029	
8.55	146.419105835	146.533995835	146.648885835	146.763775835	146.878665836	146.993555836	147.108445836	147.223335836	147.338225836	147.453115836	-2.78040789428e-07	-3.0327555668e-07	-4.8438317805e-07	-6.78810043799e-07	-1.03416998348e-06	-1.40177830459e-06	-1.93359051779e-06	-2.47295044394e-06	-3.17567051346e-06	-3.89626439192e-06	-2.1964285164e-07	-1.57635669924e-06	-1.69228710541e-06	-3.09304499345e-06	-3.19965463238e-06	-4.62888164882e-06	-4.69457677403e-06	-6.11645982049e-06	-6.27203305497e-06	-7.64579984601e-06	133.972773198	134.411108824	134.84944445	135.287780076	135.726115702	136.164451328	136.602786954	137.04112258	137.479458205	137.917793831	-3.14566613334	-3.34391218051	-3.54215822768	-3.74040427485	-3.93865032203	-4.1368963692	-4.33514241637	-4.53338846354	-4.73163451071	-4.92988055789	1.99553637029	1.99553637029	1.99553637029	1.99553637029	1.99553637029	1.99553637029	1.99553637029	1.99553637029	1.99553637029	1.99553637029	
8.56666666667	146.419105835	146.533995835	146.648885835	146.763775835	146.878665836	146.993555836	147.108445836	147.223335836	147.338225836	147.453115836	-2.78040789428e-07	-3.0327555668e-07	-4.8438317805e-07	-6.78810043799e-07	-1.03416998348e-06	-1.40177830459e-06	-1.93359051779e-06	-2.47295044394e-06	-3.17567051346e-06	-3.89626439192e-06	-2.1964285164e-07	-1.57635669924e-06	-1.69228710541e-06	-3.09304499345e-06	-3.19965463238e-06	-4.62888164882e-06	-4.69457677403e-06	-6.11645982049e-06	-6.27203305497e-06	-7.64579984601e-06	133.972773198	134.411108824	134.84944445	135.287780076	135.726115702	136.164451328	136.602786954	137.04112258	137.479458205	137.917793831	-3.14566613334	-3.34391218051	-3.54215822768	-3.74040427485	-3.93865032203	-4.1368963692	-4.33514241637	-4.53338846354	-4.73163451071	-4.92988055789	1.99553637029	1.99553637029	1.99553637029	1.99553637029	1.99553637029	1.99553637029	1.99553637029	1.99553637029	1.99553637029	1.99553637029	
8.58333333333	146.419105835	146.533995835	146.648885835	146.763775835	146.878665836	146.993555836	147.108445836	147.223335836	147.338225836	147.453115836	-2.78040789428e-07	-3.0327555668e-07	-4.8438317805e-07	-6.78810043799e-07	-1.03416998348e-06	-1.40177830459e-06	-1.93359051779e-06	-2.47295044394e-06	-3.17567051346e-06	-3.89626439192e-06	-2.1964285164e-07	-1.57635669924e-06	-1.69228710541e-06	-3.09304499345e-06	-3.19965463238e-06	-4.62888164882e-06	-4.69457677403e-06	-6.11645982049e-06	-6.27203305497e-06	-7.64579984601e-06	133.972773198	134.411108824	134.84944445	135.287780076	135.726115702	136.164451328	136.602786954	137.04112258	137.479458205	137.917793831	-3.14566613334	-3.34391218051	-3.54215822768	-3.74040427485	-3.93865032203	-4.1368963692	-4.33514241637	-4.53338846354	-4.73163451071	-4.92988055789	1.99553637029	1.99553637029	1.99553637029	1.99553637029	1.99553637029	1.99553637029	1.99553637029	1.99553637029	1.99553637029	1.99553637029	
8.6	146.419105835	146.533995835	146.648885835	146.763775835	146.878665836	146.993555836	147.108445836	147.223335836	147.338225836	147.453115836	-2.78040789428e-07	-3.0327555668e-07	-4.8438317805e-07	-6.78810043799e-07	-1.03416998348e-06	-1.40177830459e-06	-1.93359051779e-06	-2.47295044394e-06	-3.17567051346e-06	-3.89626439192e-06	-2.1964285164e-07	-1.57635669924e-06	-1.69228710541e-06	-3.09304499345e-06	-3.19965463238e-06	-4.62888164882e-06	-4.69457677403e-06	-6.11645982049e-06	-6.27203305497e-06	-7.64579984601e-06	133.972773198	134.411108824	134.84944445	135.287780076	135.726115702	136.164451328	136.602786954	137.04112258	137.479458205	137.917793831	-3.14566613334	-3.34391218051	-3.54215822768	-3.74040427485	-3.93865032203	-4.1368963692	-4.33514241637	-4.53338846354	-4.73163451071	-4.92988055789	1.99553637029	1.99553637029	1.99553637029	1.99553637029	1.99553637029	1.99553637029	1.99553637029	1.99553637029	1.99553637029	1.99553637029	
8.61666666667	146.419105835	146.533995835	146.648885835	146.763775835	146.878665836	146.993555836	147.108445836	147.223335836	147.338225836	147.453115836	-2.78040789428e-07	-3.0327555668e-07	-4.8438317805e-07	-6.78810043799e-07	-1.03416998348e-06	-1.40177830459e-06	-1.93359051779e-06	-2.47295044394e-06	-3.17567051346e-06	-3.89626439192e-06	-2.1964285164e-07	-1.57635669924e-06	-1.69228710541e-06	-3.09304499345e-06	-3.19965463238e-06	-4.62888164882e-06	-4.69457677403e-06	-6.11645982049e-06	-6.27203305497e-06	-7.64579984601e-06	133.972773198	134.411108824	134.84944445	135.287780076	135.726115702	136.164451328	136.602786954	137.04112258	137.479458205	137.917793831	-3.14566613334	-3.34391218051	-3.54215822768	-3.74040427485	-3.93865032203	-4.1368963692	-4.33514241637	-4.53338846354	-4.73163451071	-4.92988055789	1.99553637029	1.99553637029	1.99553637029	1.99553637029	1.99553637029	1.99553637029	1.99553637029	1.99553637029	1.99553637029	1.99553637029	
8.63333333333	146.419105835	146.533995835	146.648885835	146.763775835	146.878665836	146.993555836	147.108445836	147.223335836	147.338225836	147.453115836	-2.78040789428e-07	-3.0327555668e-07	-4.8438317805e-07	-6.78810043799e-07	-1.03416998348e-06	-1.40177830459e-06	-1.93359051779e-06	-2.47295044394e-06	-3.17567051346e-06	-3.89626439192e-06	-2.1964285164e-07	-1.57635669924e-06	-1.69228710541e-06	-3.09304499345e-06	-3.19965463238e-06	-4.62888164882e-06	-4.69457677403e-06	-6.11645982049e-06	-6.27203305497e-06	-7.64579984601e-06	133.972773198	134.411108824	134.84944445	135.287780076	135.726115702	136.164451328	136.602786954	137.04112258	137.479458205	137.917793831	-3.14566613334	-3.34391218051	-3.54215822768	-3.74040427485	-3.93865032203	-4.1368963692	-4.33514241637	-4.53338846354	-4.73163451071	-4.92988055789	1.99553637029	1.99553637029	1.99553637029	1.99553637029	1.99553637029	1.99553637029	1.99553637029	1.99553637029	1.99553637029	1.99553637029	
8.65	146.419105835	146.533995835	146.648885835	146.763775835	146.878665836	146.993555836	147.108445836	147.223335836	147.338225836	147.453115836	-2.78040789428e-07	-3.0327555668e-07	-4.8438317805e-07	-6.78810043799e-07	-1.03416998348e-06	-1.40177830459e-06	-1.93359051779e-06	-2.47295044394e-06	-3.17567051346e-06	-3.89626439192e-06	-2.1964285164e-07	-1.57635669924e-06	-1.69228710541e-06	-3.09304499345e-06	-3.19965463238e-06	-4.62888164882e-06	-4.69457677403e-06	-6.11645982049e-06	-6.27203305497e-06	-7.64579984601e-06	133.972773198	134.411108824	134.84944445	135.287780076	135.726115702	136.164451328	136.602786954	137.04112258	137.479458205	137.917793831	-3.14566613334	-3.34391218051	-3.54215822768	-3.74040427485	-3.93865032203	-4.1368963692	-4.33514241637	-4.53338846354	-4.73163451071	-4.92988055789	1.99553637029	1.99553637029	1.99553637029	1.99553637029	1.99553637029	1.99553637029	1.99553637029	1.99553637029	1.99553637029	1.99553637029	
8.66666666667	146.419105835	146.533995835	146.648885835	146.763775835	146.878665836	146.993555836	147.108445836	147.223335836	147.338225836	147.453115836	-2.78040789428e-07	-3.0327555668e-07	-4.8438317805e-07	-6.78810043799e-07	-1.03416998348e-06	-1.40177830459e-06	-1.93359051779e-06	-2.47295044394e-06	-3.17567051346e-06	-3.89626439192e-06	-2.1964285164e-07	-1.57635669924e-06	-1.69228710541e-06	-3.09304499345e-06	-3.19965463238e-06	-4.62888164882e-06	-4.69457677403e-06	-6.11645982049e-06	-6.27203305497e-06	-7.64579984601e-06	133.972773198	134.411108824	134.84944445	135.287780076	135.726115702	136.164451328	136.602786954	137.04112258	137.479458205	137.917793831	-3.14566613334	-3.34391218051	-3.54215822768	-3.74040427485	-3.93865032203	-4.1368963692	-4.33514241637	-4.53338846354	-4.73163451071	-4.92988055789	1.99553637029	1.99553637029	1.99553637029	1.99553637029	1.99553637029	1.99553637029	1.99553637029	1.99553637029	1.99553637029	1.99553637029	
8.68333333333	146.419105835	146.533995835	146.648885835	146.763775835	146.878665836	146.993555836	147.108445836	147.223335836	147.338225836	147.453115836	-2.78040789428e-07	-3.0327555668e-07	-4.8438317805e-07	-6.78810043799e-07	-1.03416998348e-06	-1.40177830459e-06	-1.93359051779e-06	-2.47295044394e-06	-3.17567051346e-06	-3.89626439192e-06	-2.1964285164e-07	-1.57635669924e-06	-1.69228710541e-06	-3.09304499345e-06	-3.19965463238e-06	-4.62888164882e-06	-4.69457677403e-06	-6.11645982049e-06	-6.27203305497e-06	-7.64579984601e-06	133.972773198	134.411108824	134.84944445	135.287780076	135.726115702	136.164451328	136.602786954	137.04112258	137.479458205	137.917793831	-3.14566613334	-3.34391218051	-3.54215822768	-3.74040427485	-3.93865032203	-4.1368963692	-4.33514241637	-4.53338846354	-4.73163451071	-4.92988055789	1.99553637029	1.99553637029	1.99553637029	1.99553637029	1.99553637029	1.99553637029	1.99553637029	1.99553637029	1.99553637029	1.99553637029	
8.7	146.419105835	146.533995835	146.648885835	146.763775835	146.878665836	146.993555836	147.108445836	147.223335836	147.338225836	147.453115836	-2.78040789428e-07	-3.0327555668e-07	-4.8438317805e-07	-6.78810043799e-07	-1.03416998348e-06	-1.40177830459e-06	-1.93359051779e-06	-2.47295044394e-06	-3.17567051346e-06	-3.89626439192e-06	-2.1964285164e-07	-1.57635669924e-06	-1.69228710541e-06	-3.09304499345e-06	-3.19965463238e-06	-4.62888164882e-06	-4.69457677403e-06	-6.11645982049e-06	-6.27203305497e-06	-7.64579984601e-06	133.972773198	134.411108824	134.84944445	135.287780076	135.726115702	136.164451328	136.602786954	137.04112258	137.479458205	137.917793831	-3.14566613334	-3.34391218051	-3.54215822768	-3.74040427485	-3.93865032203	-4.1368963692	-4.33514241637	-4.53338846354	-4.73163451071	-4.92988055789	1.99553637029	1.99553637029	1.99553637029	1.99553637029	1.99553637029	1.99553637029	1.99553637029	1.99553637029	1.99553637029	1.99553637029	
8.71666666667	146.419105835	146.533995835	146.648885835	146.763775835	146.878665836	146.993555836	147.108445836	147.223335836	147.338225836	147.453115836	-2.78040789428e-07	-3.0327555668e-07	-4.8438317805e-07	-6.78810043799e-07	-1.03416998348e-06	-1.40177830459e-06	-1.93359051779e-06	-2.47295044394e-06	-3.17567051346e-06	-3.89626439192e-06	-2.1964285164e-07	-1.57635669924e-06	-1.69228710541e-06	-3.09304499345e-06	-3.19965463238e-06	-4.62888164882e-06	-4.69457677403e-06	-6.11645982049e-06	-6.27203305497e-06	-7.64579984601e-06	133.972773198	134.411108824	134.84944445	135.287780076	135.726115702	136.164451328	136.602786954	137.04112258	137.479458205	137.917793831	-3.14566613334	-3.34391218051	-3.54215822768	-3.74040427485	-3.93865032203	-4.1368963692	-4.33514241637	-4.53338846354	-4.73163451071	-4.92988055789	1.99553637029	1.99553637029	1.99553637029	1.99553637029	1.99553637029	1.99553637029	1.99553637029	1.99553637029	1.99553637029	1.99553637029	
8.73333333333	146.419105835	146.533995835	146.648885835	146.763775835	146.878665836	146.993555836	147.108445836	147.223335836	147.338225836	147.453115836	-2.78040789428e-07	-3.0327555668e-07	-4.8438317805e-07	-6.78810043799e-07	-1.03416998348e-06	-1.40177830459e-06	-1.93359051779e-06	-2.47295044394e-06	-3.17567051346e-06	-3.89626439192e-06	-2.1964285164e-07	-1.57635669924e-06	-1.69228710541e-06	-3.09304499345e-06	-3.19965463238e-06	-4.62888164882e-06	-4.69457677403e-06	-6.11645982049e-06	-6.27203305497e-06	-7.64579984601e-06	133.972773198	134.411108824	134.84944445	135.287780076	135.726115702	136.164451328	136.602786954	137.04112258	137.479458205	137.917793831	-3.14566613334	-3.34391218051	-3.54215822768	-3.74040427485	-3.93865032203	-4.1368963692	-4.33514241637	-4.53338846354	-4.73163451071	-4.92988055789	1.99553637029	1.99553637029	1.99553637029	1.99553637029	1.99553637029	1.99553637029	1.99553637029	1.99553637029	1.99553637029	1.99553637029	
8.75	146.419105835	146.533995835	146.648885835	146.763775835	146.878665836	146.993555836	147.108445836	147.223335836	147.338225836	147.453115836	-2.78040789428e-07	-3.0327555668e-07	-4.8438317805e-07	-6.78810043799e-07	-1.03416998348e-06	-1.40177830459e-06	-1.93359051779e-06	-2.47295044394e-06	-3.17567051346e-06	-3.89626439192e-06	-2.1964285164e-07	-1.57635669924e-06	-1.69228710541e-06	-3.09304499345e-06	-3.19965463238e-06	-4.62888164882e-06	-4.69457677403e-06	-6.11645982049e-06	-6.27203305497e-06	-7.64579984601e-06	133.972773198	134.411108824	134.84944445	135.287780076	135.726115702	136.164451328	136.602786954	137.04112258	137.479458205	137.917793831	-3.14566613334	-3.34391218051	-3.54215822768	-3.74040427485	-3.93865032203	-4.1368963692	-4.33514241637	-4.53338846354	-4.73163451071	-4.92988055789	1.99553637029	1.99553637029	1.99553637029	1.99553637029	1.99553637029	1.99553637029	1.99553637029	1.99553637029	1.99553637029	1.99553637029	
8.76666666667	146.419105835	146.533995835	146.648885835	146.763775835	146.878665836	146.993555836	147.108445836	147.223335836	147.338225836	147.453115836	-2.78040789428e-07	-3.0327555668e-07	-4.8438317805e-07	-6.78810043799e-07	-1.03416998348e-06	-1.40177830459e-06	-1.93359051779e-06	-2.47295044394e-06	-3.17567051346e-06	-3.89626439192e-06	-2.1964285164e-07	-1.57635669924e-06	-1.69228710541e-06	-3.09304499345e-06	-3.19965463238e-06	-4.62888164882e-06	-4.69457677403e-06	-6.11645982049e-06	-6.27203305497e-06	-7.64579984601e-06	133.972773198	134.411108824	134.84944445	135.287780076	135.726115702	136.164451328	136.602786954	137.04112258	137.479458205	137.917793831	-3.14566613334	-3.34391218051	-3.54215822768	-3.74040427485	-3.93865032203	-4.1368963692	-4.33514241637	-4.53338846354	-4.73163451071	-4.92988055789	1.99553637029	1.99553637029	1.99553637029	1.99553637029	1.99553637029	1.99553637029	1.99553637029	1.99553637029	1.99553637029	1.99553637029	
8.78333333333	146.419105835	146.533995835	146.648885835	146.763775835	146.878665836	146.993555836	147.108445836	147.223335836	147.338225836	147.453115836	-2.78040789428e-07	-3.0327555668e-07	-4.8438317805e-07	-6.78810043799e-07	-1.03416998348e-06	-1.40177830459e-06	-1.93359051779e-06	-2.47295044394e-06	-3.17567051346e-06	-3.89626439192e-06	-2.1964285164e-07	-1.57635669924e-06	-1.69228710541e-06	-3.09304499345e-06	-3.19965463238e-06	-4.62888164882e-06	-4.69457677403e-06	-6.11645982049e-06	-6.27203305497e-06	-7.64579984601e-06	133.972773198	134.411108824	134.84944445	135.287780076	135.726115702	136.164451328	136.602786954	137.04112258	137.479458205	137.917793831	-3.14566613334	-3.34391218051	-3.54215822768	-3.74040427485	-3.93865032203	-4.1368963692	-4.33514241637	-4.53338846354	-4.73163451071	-4.92988055789	1.99553637029	1.99553637029	1.99553637029	1.99553637029	1.99553637029	1.99553637029	1.99553637029	1.99553637029	1.99553637029	1.99553637029	
8.8	146.419105835	146.533995835	146.648885835	146.763775835	146.878665836	146.993555836	147.108445836	147.223335836	147.338225836	147.453115836	-2.78040789428e-07	-3.0327555668e-07	-4.8438317805e-07	-6.78810043799e-07	-1.03416998348e-06	-1.40177830459e-06	-1.93359051779e-06	-2.47295044394e-06	-3.17567051346e-06	-3.89626439192e-06	-2.1964285164e-07	-1.57635669924e-06	-1.69228710541e-06	-3.09304499345e-06	-3.19965463238e-06	-4.62888164882e-06	-4.69457677403e-06	-6.11645982049e-06	-6.27203305497e-06	-7.64579984601e-06	133.972773198	134.411108824	134.84944445	135.287780076	135.726115702	136.164451328	136.602786954	137.04112258	137.479458205	137.917793831	-3.14566613334	-3.34391218051	-3.54215822768	-3.74040427485	-3.93865032203	-4.1368963692	-4.33514241637	-4.53338846354	-4.73163451071	-4.92988055789	1.99553637029	1.99553637029	1.99553637029	1.99553637029	1.99553637029	1.99553637029	1.99553637029	1.99553637029	1.99553637029	1.99553637029	
8.81666666667	146.419105835	146.533995835	146.648885835	146.763775835	146.878665836	146.993555836	147.108445836	147.223335836	147.338225836	147.453115836	-2.78040789428e-07	-3.0327555668e-07	-4.8438317805e-07	-6.78810043799e-07	-1.03416998348e-06	-1.40177830459e-06	-1.93359051779e-06	-2.47295044394e-06	-3.17567051346e-06	-3.89626439192e-06	-2.1964285164e-07	-1.57635669924e-06	-1.69228710541e-06	-3.09304499345e-06	-3.19965463238e-06	-4.62888164882e-06	-4.69457677403e-06	-6.11645982049e-06	-6.27203305497e-06	-7.64579984601e-06	133.972773198	134.411108824	134.84944445	135.287780076	135.726115702	136.164451328	136.602786954	137.04112258	137.479458205	137.917793831	-3.14566613334	-3.34391218051	-3.54215822768	-3.74040427485	-3.93865032203	-4.1368963692	-4.33514241637	-4.53338846354	-4.73163451071	-4.92988055789	1.99553637029	1.99553637029	1.99553637029	1.99553637029	1.99553637029	1.99553637029	1.99553637029	1.99553637029	1.99553637029	1.99553637029	
8.83333333333	146.419105835	146.533995835	146.648885835	146.763775835	146.878665836	146.993555836	147.108445836	147.223335836	147.338225836	147.453115836	-2.78040789428e-07	-3.0327555668e-07	-4.8438317805e-07	-6.78810043799e-07	-1.03416998348e-06	-1.40177830459e-06	-1.93359051779e-06	-2.47295044394e-06	-3.17567051346e-06	-3.89626439192e-06	-2.1964285164e-07	-1.57635669924e-06	-1.69228710541e-06	-3.09304499345e-06	-3.19965463238e-06	-4.62888164882e-06	-4.69457677403e-06	-6.11645982049e-06	-6.27203305497e-06	-7.64579984601e-06	133.972773198	134.411108824	134.84944445	135.287780076	135.726115702	136.164451328	136.602786954	137.04112258	137.479458205	137.917793831	-3.14566613334	-3.34391218051	-3.54215822768	-3.74040427485	-3.93865032203	-4.1368963692	-4.33514241637	-4.53338846354	-4.73163451071	-4.92988055789	1.99553637029	1.99553637029	1.99553637029	1.99553637029	1.99553637029	1.99553637029	1.99553637029	1.99553637029	1.99553637029	1.99553637029	
8.85	146.419105835	146.533995835	146.648885835	146.763775835	146.878665836	146.993555836	147.108445836	147.223335836	147.338225836	147.453115836	-2.78040789428e-07	-3.0327555668e-07	-4.8438317805e-07	-6.78810043799e-07	-1.03416998348e-06	-1.40177830459e-06	-1.93359051779e-06	-2.47295044394e-06	-3.17567051346e-06	-3.89626439192e-06	-2.1964285164e-07	-1.57635669924e-06	-1.69228710541e-06	-3.09304499345e-06	-3.19965463238e-06	-4.62888164882e-06	-4.69457677403e-06	-6.11645982049e-06	-6.27203305497e-06	-7.64579984601e-06	133.972773198	134.411108824	134.84944445	135.287780076	135.726115702	136.164451328	136.602786954	137.04112258	137.479458205	137.917793831	-3.14566613334	-3.34391218051	-3.54215822768	-3.74040427485	-3.93865032203	-4.1368963692	-4.33514241637	-4.53338846354	-4.73163451071	-4.92988055789	1.99553637029	1.99553637029	1.99553637029	1.99553637029	1.99553637029	1.99553637029	1.99553637029	1.99553637029	1.99553637029	1.99553637029	
8.86666666667	146.419105835	146.533995835	146.648885835	146.763775835	146.878665836	146.993555836	147.108445836	147.223335836	147.338225836	147.453115836	-2.78040789428e-07	-3.0327555668e-07	-4.8438317805e-07	-6.78810043799e-07	-1.03416998348e-06	-1.40177830459e-06	-1.93359051779e-06	-2.47295044394e-06	-3.17567051346e-06	-3.89626439192e-06	-2.1964285164e-07	-1.57635669924e-06	-1.69228710541e-06	-3.09304499345e-06	-3.19965463238e-06	-4.62888164882e-06	-4.69457677403e-06	-6.11645982049e-06	-6.27203305497e-06	-7.64579984601e-06	133.972773198	134.411108824	134.84944445	135.287780076	135.726115702	136.164451328	136.602786954	137.04112258	137.479458205	137.917793831	-3.14566613334	-3.34391218051	-3.54215822768	-3.74040427485	-3.93865032203	-4.1368963692	-4.33514241637	-4.53338846354	-4.73163451071	-4.92988055789	1.99553637029	1.99553637029	1.99553637029	1.99553637029	1.99553637029	1.99553637029	1.99553637029	1.99553637029	1.99553637029	1.99553637029	
8.88333333333	146.419105835	146.533995835	146.648885835	146.763775835	146.878665836	146.993555836	147.108445836	147.223335836	147.338225836	147.453115836	-2.78040789428e-07	-3.0327555668e-07	-4.8438317805e-07	-6.78810043799e-07	-1.03416998348e-06	-1.40177830459e-06	-1.93359051779e-06	-2.47295044394e-06	-3.17567051346e-06	-3.89626439192e-06	-2.1964285164e-07	-1.57635669924e-06	-1.69228710541e-06	-3.09304499345e-06	-3.19965463238e-06	-4.62888164882e-06	-4.69457677403e-06	-6.11645982049e-06	-6.27203305497e-06	-7.64579984601e-06	133.972773198	134.411108824	134.84944445	135.287780076	135.726115702	136.164451328	136.602786954	137.04112258	137.479458205	137.917793831	-3.14566613334	-3.34391218051	-3.54215822768	-3.74040427485	-3.93865032203	-4.1368963692	-4.33514241637	-4.53338846354	-4.73163451071	-4.92988055789	1.99553637029	1.99553637029	1.99553637029	1.99553637029	1.99553637029	1.99553637029	1.99553637029	1.99553637029	1.99553637029	1.99553637029	
8.9	146.419105835	146.533995835	146.648885835	146.763775835	146.878665836	146.993555836	147.108445836	147.223335836	147.338225836	147.453115836	-2.78040789428e-07	-3.0327555668e-07	-4.8438317805e-07	-6.78810043799e-07	-1.03416998348e-06	-1.40177830459e-06	-1.93359051779e-06	-2.47295044394e-06	-3.17567051346e-06	-3.89626439192e-06	-2.1964285164e-07	-1.57635669924e-06	-1.69228710541e-06	-3.09304499345e-06	-3.19965463238e-06	-4.62888164882e-06	-4.69457677403e-06	-6.11645982049e-06	-6.27203305497e-06	-7.64579984601e-06	133.972773198	134.411108824	134.84944445	135.287780076	135.726115702	136.164451328	136.602786954	137.04112258	137.479458205	137.917793831	-3.14566613334	-3.34391218051	-3.54215822768	-3.74040427485	-3.93865032203	-4.1368963692	-4.33514241637	-4.53338846354	-4.73163451071	-4.92988055789	1.99553637029	1.99553637029	1.99553637029	1.99553637029	1.99553637029	1.99553637029	1.99553637029	1.99553637029	1.99553637029	1.99553637029	
8.91666666667	146.419105835	146.533995835	146.648885835	146.763775835	146.878665836	146.993555836	147.108445836	147.223335836	147.338225836	147.453115836	-2.78040789428e-07	-3.0327555668e-07	-4.8438317805e-07	-6.78810043799e-07	-1.03416998348e-06	-1.40177830459e-06	-1.93359051779e-06	-2.47295044394e-06	-3.17567051346e-06	-3.89626439192e-06	-2.1964285164e-07	-1.57635669924e-06	-1.69228710541e-06	-3.09304499345e-06	-3.19965463238e-06	-4.62888164882e-06	-4.69457677403e-06	-6.11645982049e-06	-6.27203305497e-06	-7.64579984601e-06	133.972773198	134.411108824	134.84944445	135.287780076	135.726115702	136.164451328	136.602786954	137.04112258	137.479458205	137.917793831	-3.14566613334	-3.34391218051	-3.54215822768	-3.74040427485	-3.93865032203	-4.1368963692	-4.33514241637	-4.53338846354	-4.73163451071	-4.92988055789	1.99553637029	1.99553637029	1.99553637029	1.99553637029	1.99553637029	1.99553637029	1.99553637029	1.99553637029	1.99553637029	1.99553637029	
8.93333333333	146.419105835	146.533995835	146.648885835	146.763775835	146.878665836	146.993555836	147.108445836	147.223335836	147.338225836	147.453115836	-2.78040789428e-07	-3.0327555668e-07	-4.8438317805e-07	-6.78810043799e-07	-1.03416998348e-06	-1.40177830459e-06	-1.93359051779e-06	-2.47295044394e-06	-3.17567051346e-06	-3.89626439192e-06	-2.1964285164e-07	-1.57635669924e-06	-1.69228710541e-06	-3.09304499345e-06	-3.19965463238e-06	-4.62888164882e-06	-4.69457677403e-06	-6.11645982049e-06	-6.27203305497e-06	-7.64579984601e-06	133.972773198	134.411108824	134.84944445	135.287780076	135.726115702	136.164451328	136.602786954	137.04112258	137.479458205	137.917793831	-3.14566613334	-3.34391218051	-3.54215822768	-3.74040427485	-3.93865032203	-4.1368963692	-4.33514241637	-4.53338846354	-4.73163451071	-4.92988055789	1.99553637029	1.99553637029	1.99553637029	1.99553637029	1.99553637029	1.99553637029	1.99553637029	1.99553637029	1.99553637029	1.99553637029	
8.95	146.419105835	146.533995835	146.648885835	146.763775835	146.878665836	146.993555836	147.108445836	147.223335836	147.338225836	147.453115836	-2.78040789428e-07	-3.0327555668e-07	-4.8438317805e-07	-6.78810043799e-07	-1.03416998348e-06	-1.40177830459e-06	-1.93359051779e-06	-2.47295044394e-06	-3.17567051346e-06	-3.89626439192e-06	-2.1964285164e-07	-1.57635669924e-06	-1.69228710541e-06	-3.09304499345e-06	-3.19965463238e-06	-4.62888164882e-06	-4.69457677403e-06	-6.11645982049e-06	-6.27203305497e-06	-7.64579984601e-06	133.972773198	134.411108824	134.84944445	135.287780076	135.726115702	136.164451328	136.602786954	137.04112258	137.479458205	137.917793831	-3.14566613334	-3.34391218051	-3.54215822768	-3.74040427485	-3.93865032203	-4.1368963692	-4.33514241637	-4.53338846354	-4.73163451071	-4.92988055789	1.99553637029	1.99553637029	1.99553637029	1.99553637029	1.99553637029	1.99553637029	1.99553637029	1.99553637029	1.99553637029	1.99553637029	
8.96666666667	146.419105835	146.533995835	146.648885835	146.763775835	146.878665836	146.993555836	147.108445836	147.223335836	147.338225836	147.453115836	-2.78040789428e-07	-3.0327555668e-07	-4.8438317805e-07	-6.78810043799e-07	-1.03416998348e-06	-1.40177830459e-06	-1.93359051779e-06	-2.47295044394e-06	-3.17567051346e-06	-3.89626439192e-06	-2.1964285164e-07	-1.57635669924e-06	-1.69228710541e-06	-3.09304499345e-06	-3.19965463238e-06	-4.62888164882e-06	-4.69457677403e-06	-6.11645982049e-06	-6.27203305497e-06	-7.64579984601e-06	133.972773198	134.411108824	134.84944445	135.287780076	135.726115702	136.164451328	136.602786954	137.04112258	137.479458205	137.917793831	-3.14566613334	-3.34391218051	-3.54215822768	-3.74040427485	-3.93865032203	-4.1368963692	-4.33514241637	-4.53338846354	-4.73163451071	-4.92988055789	1.99553637029	1.99553637029	1.99553637029	1.99553637029	1.99553637029	1.99553637029	1.99553637029	1.99553637029	1.99553637029	1.99553637029	
8.98333333333	146.419105835	146.533995835	146.648885835	146.763775835	146.878665836	146.993555836	147.108445836	147.223335836	147.338225836	147.453115836	-2.78040789428e-07	-3.0327555668e-07	-4.8438317805e-07	-6.78810043799e-07	-1.03416998348e-06	-1.40177830459e-06	-1.93359051779e-06	-2.47295044394e-06	-3.17567051346e-06	-3.89626439192e-06	-2.1964285164e-07	-1.57635669924e-06	-1.69228710541e-06	-3.09304499345e-06	-3.19965463238e-06	-4.62888164882e-06	-4.69457677403e-06	-6.11645982049e-06	-6.27203305497e-06	-7.64579984601e-06	133.972773198	134.411108824	134.84944445	135.287780076	135.726115702	136.164451328	136.602786954	137.04112258	137.479458205	137.917793831	-3.14566613334	-3.34391218051	-3.54215822768	-3.74040427485	-3.93865032203	-4.1368963692	-4.33514241637	-4.53338846354	-4.73163451071	-4.92988055789	1.99553637029	1.99553637029	1.99553637029	1.99553637029	1.99553637029	1.99553637029	1.99553637029	1.99553637029	1.99553637029	1.99553637029	
9.0	146.419105835	146.533995835	146.648885835	146.763775835	146.878665836	146.993555836	147.108445836	147.223335836	147.338225836	147.453115836	-2.78040789428e-07	-3.0327555668e-07	-4.8438317805e-07	-6.78810043799e-07	-1.03416998348e-06	-1.40177830459e-06	-1.93359051779e-06	-2.47295044394e-06	-3.17567051346e-06	-3.89626439192e-06	-2.1964285164e-07	-1.57635669924e-06	-1.69228710541e-06	-3.09304499345e-06	-3.19965463238e-06	-4.62888164882e-06	-4.69457677403e-06	-6.11645982049e-06	-6.27203305497e-06	-7.64579984601e-06	133.972773198	134.411108824	134.84944445	135.287780076	135.726115702	136.164451328	136.602786954	137.04112258	137.479458205	137.917793831	-3.14566613334	-3.34391218051	-3.54215822768	-3.74040427485	-3.93865032203	-4.1368963692	-4.33514241637	-4.53338846354	-4.73163451071	-4.92988055789	1.99553637029	1.99553637029	1.99553637029	1.99553637029	1.99553637029	1.99553637029	1.99553637029	1.99553637029	1.99553637029	1.99553637029	
9.01666666667	146.419105835	146.533995835	146.648885835	146.763775835	146.878665836	146.993555836	147.108445836	147.223335836	147.338225836	147.453115836	-2.78040789428e-07	-3.0327555668e-07	-4.8438317805e-07	-6.78810043799e-07	-1.03416998348e-06	-1.40177830459e-06	-1.93359051779e-06	-2.47295044394e-06	-3.17567051346e-06	-3.89626439192e-06	-2.1964285164e-07	-1.57635669924e-06	-1.69228710541e-06	-3.09304499345e-06	-3.19965463238e-06	-4.62888164882e-06	-4.69457677403e-06	-6.11645982049e-06	-6.27203305497e-06	-7.64579984601e-06	133.972773198	134.411108824	134.84944445	135.287780076	135.726115702	136.164451328	136.602786954	137.04112258	137.479458205	137.917793831	-3.14566613334	-3.34391218051	-3.54215822768	-3.74040427485	-3.93865032203	-4.1368963692	-4.33514241637	-4.53338846354	-4.73163451071	-4.92988055789	1.99553637029	1.99553637029	1.99553637029	1.99553637029	1.99553637029	1.99553637029	1.99553637029	1.99553637029	1.99553637029	1.99553637029	
9.03333333333	146.419105835	146.533995835	146.648885835	146.763775835	146.878665836	146.993555836	147.108445836	147.223335836	147.338225836	147.453115836	-2.78040789428e-07	-3.0327555668e-07	-4.8438317805e-07	-6.78810043799e-07	-1.03416998348e-06	-1.40177830459e-06	-1.93359051779e-06	-2.47295044394e-06	-3.17567051346e-06	-3.89626439192e-06	-2.1964285164e-07	-1.57635669924e-06	-1.69228710541e-06	-3.09304499345e-06	-3.19965463238e-06	-4.62888164882e-06	-4.69457677403e-06	-6.11645982049e-06	-6.27203305497e-06	-7.64579984601e-06	133.972773198	134.411108824	134.84944445	135.287780076	135.726115702	136.164451328	136.602786954	137.04112258	137.479458205	137.917793831	-3.14566613334	-3.34391218051	-3.54215822768	-3.74040427485	-3.93865032203	-4.1368963692	-4.33514241637	-4.53338846354	-4.73163451071	-4.92988055789	1.99553637029	1.99553637029	1.99553637029	1.99553637029	1.99553637029	1.99553637029	1.99553637029	1.99553637029	1.99553637029	1.99553637029	
9.05	146.419105835	146.533995835	146.648885835	146.763775835	146.878665836	146.993555836	147.108445836	147.223335836	147.338225836	147.453115836	-2.78040789428e-07	-3.0327555668e-07	-4.8438317805e-07	-6.78810043799e-07	-1.03416998348e-06	-1.40177830459e-06	-1.93359051779e-06	-2.47295044394e-06	-3.17567051346e-06	-3.89626439192e-06	-2.1964285164e-07	-1.57635669924e-06	-1.69228710541e-06	-3.09304499345e-06	-3.19965463238e-06	-4.62888164882e-06	-4.69457677403e-06	-6.11645982049e-06	-6.27203305497e-06	-7.64579984601e-06	133.972773198	134.411108824	134.84944445	135.287780076	135.726115702	136.164451328	136.602786954	137.04112258	137.479458205	137.917793831	-3.14566613334	-3.34391218051	-3.54215822768	-3.74040427485	-3.93865032203	-4.1368963692	-4.33514241637	-4.53338846354	-4.73163451071	-4.92988055789	1.99553637029	1.99553637029	1.99553637029	1.99553637029	1.99553637029	1.99553637029	1.99553637029	1.99553637029	1.99553637029	1.99553637029	
9.06666666667	146.419105835	146.533995835	146.648885835	146.763775835	146.878665836	146.993555836	147.108445836	147.223335836	147.338225836	147.453115836	-2.78040789428e-07	-3.0327555668e-07	-4.8438317805e-07	-6.78810043799e-07	-1.03416998348e-06	-1.40177830459e-06	-1.93359051779e-06	-2.47295044394e-06	-3.17567051346e-06	-3.89626439192e-06	-2.1964285164e-07	-1.57635669924e-06	-1.69228710541e-06	-3.09304499345e-06	-3.19965463238e-06	-4.62888164882e-06	-4.69457677403e-06	-6.11645982049e-06	-6.27203305497e-06	-7.64579984601e-06	133.972773198	134.411108824	134.84944445	135.287780076	135.726115702	136.164451328	136.602786954	137.04112258	137.479458205	137.917793831	-3.14566613334	-3.34391218051	-3.54215822768	-3.74040427485	-3.93865032203	-4.1368963692	-4.33514241637	-4.53338846354	-4.73163451071	-4.92988055789	1.99553637029	1.99553637029	1.99553637029	1.99553637029	1.99553637029	1.99553637029	1.99553637029	1.99553637029	1.99553637029	1.99553637029	
9.08333333333	146.419105835	146.533995835	146.648885835	146.763775835	146.878665836	146.993555836	147.108445836	147.223335836	147.338225836	147.453115836	-2.78040789428e-07	-3.0327555668e-07	-4.8438317805e-07	-6.78810043799e-07	-1.03416998348e-06	-1.40177830459e-06	-1.93359051779e-06	-2.47295044394e-06	-3.17567051346e-06	-3.89626439192e-06	-2.1964285164e-07	-1.57635669924e-06	-1.69228710541e-06	-3.09304499345e-06	-3.19965463238e-06	-4.62888164882e-06	-4.69457677403e-06	-6.11645982049e-06	-6.27203305497e-06	-7.64579984601e-06	133.972773198	134.411108824	134.84944445	135.287780076	135.726115702	136.164451328	136.602786954	137.04112258	137.479458205	137.917793831	-3.14566613334	-3.34391218051	-3.54215822768	-3.74040427485	-3.93865032203	-4.1368963692	-4.33514241637	-4.53338846354	-4.73163451071	-4.92988055789	1.99553637029	1.99553637029	1.99553637029	1.99553637029	1.99553637029	1.99553637029	1.99553637029	1.99553637029	1.99553637029	1.99553637029	
9.1	146.419105835	146.533995835	146.648885835	146.763775835	146.878665836	146.993555836	147.108445836	147.223335836	147.338225836	147.453115836	-2.78040789428e-07	-3.0327555668e-07	-4.8438317805e-07	-6.78810043799e-07	-1.03416998348e-06	-1.40177830459e-06	-1.93359051779e-06	-2.47295044394e-06	-3.17567051346e-06	-3.89626439192e-06	-2.1964285164e-07	-1.57635669924e-06	-1.69228710541e-06	-3.09304499345e-06	-3.19965463238e-06	-4.62888164882e-06	-4.69457677403e-06	-6.11645982049e-06	-6.27203305497e-06	-7.64579984601e-06	133.972773198	134.411108824	134.84944445	135.287780076	135.726115702	136.164451328	136.602786954	137.04112258	137.479458205	137.917793831	-3.14566613334	-3.34391218051	-3.54215822768	-3.74040427485	-3.93865032203	-4.1368963692	-4.33514241637	-4.53338846354	-4.73163451071	-4.92988055789	1.99553637029	1.99553637029	1.99553637029	1.99553637029	1.99553637029	1.99553637029	1.99553637029	1.99553637029	1.99553637029	1.99553637029	
9.11666666667	146.419105835	146.533995835	146.648885835	146.763775835	146.878665836	146.993555836	147.108445836	147.223335836	147.338225836	147.453115836	-2.78040789428e-07	-3.0327555668e-07	-4.8438317805e-07	-6.78810043799e-07	-1.03416998348e-06	-1.40177830459e-06	-1.93359051779e-06	-2.47295044394e-06	-3.17567051346e-06	-3.89626439192e-06	-2.1964285164e-07	-1.57635669924e-06	-1.69228710541e-06	-3.09304499345e-06	-3.19965463238e-06	-4.62888164882e-06	-4.69457677403e-06	-6.11645982049e-06	-6.27203305497e-06	-7.64579984601e-06	133.972773198	134.411108824	134.84944445	135.287780076	135.726115702	136.164451328	136.602786954	137.04112258	137.479458205	137.917793831	-3.14566613334	-3.34391218051	-3.54215822768	-3.74040427485	-3.93865032203	-4.1368963692	-4.33514241637	-4.53338846354	-4.73163451071	-4.92988055789	1.99553637029	1.99553637029	1.99553637029	1.99553637029	1.99553637029	1.99553637029	1.99553637029	1.99553637029	1.99553637029	1.99553637029	
9.13333333333	146.419105835	146.533995835	146.648885835	146.763775835	146.878665836	146.993555836	147.108445836	147.223335836	147.338225836	147.453115836	-2.78040789428e-07	-3.0327555668e-07	-4.8438317805e-07	-6.78810043799e-07	-1.03416998348e-06	-1.40177830459e-06	-1.93359051779e-06	-2.47295044394e-06	-3.17567051346e-06	-3.89626439192e-06	-2.1964285164e-07	-1.57635669924e-06	-1.69228710541e-06	-3.09304499345e-06	-3.19965463238e-06	-4.62888164882e-06	-4.69457677403e-06	-6.11645982049e-06	-6.27203305497e-06	-7.64579984601e-06	133.972773198	134.411108824	134.84944445	135.287780076	135.726115702	136.164451328	136.602786954	137.04112258	137.479458205	137.917793831	-3.14566613334	-3.34391218051	-3.54215822768	-3.74040427485	-3.93865032203	-4.1368963692	-4.33514241637	-4.53338846354	-4.73163451071	-4.92988055789	1.99553637029	1.99553637029	1.99553637029	1.99553637029	1.99553637029	1.99553637029	1.99553637029	1.99553637029	1.99553637029	1.99553637029	
9.15	146.419105835	146.533995835	146.648885835	146.763775835	146.878665836	146.993555836	147.108445836	147.223335836	147.338225836	147.453115836	-2.78040789428e-07	-3.0327555668e-07	-4.8438317805e-07	-6.78810043799e-07	-1.03416998348e-06	-1.40177830459e-06	-1.93359051779e-06	-2.47295044394e-06	-3.17567051346e-06	-3.89626439192e-06	-2.1964285164e-07	-1.57635669924e-06	-1.69228710541e-06	-3.09304499345e-06	-3.19965463238e-06	-4.62888164882e-06	-4.69457677403e-06	-6.11645982049e-06	-6.27203305497e-06	-7.64579984601e-06	133.972773198	134.411108824	134.84944445	135.287780076	135.726115702	136.164451328	136.602786954	137.04112258	137.479458205	137.917793831	-3.14566613334	-3.34391218051	-3.54215822768	-3.74040427485	-3.93865032203	-4.1368963692	-4.33514241637	-4.53338846354	-4.73163451071	-4.92988055789	1.99553637029	1.99553637029	1.99553637029	1.99553637029	1.99553637029	1.99553637029	1.99553637029	1.99553637029	1.99553637029	1.99553637029	
9.16666666667	146.419105835	146.533995835	146.648885835	146.763775835	146.878665836	146.993555836	147.108445836	147.223335836	147.338225836	147.453115836	-2.78040789428e-07	-3.0327555668e-07	-4.8438317805e-07	-6.78810043799e-07	-1.03416998348e-06	-1.40177830459e-06	-1.93359051779e-06	-2.47295044394e-06	-3.17567051346e-06	-3.89626439192e-06	-2.1964285164e-07	-1.57635669924e-06	-1.69228710541e-06	-3.09304499345e-06	-3.19965463238e-06	-4.62888164882e-06	-4.69457677403e-06	-6.11645982049e-06	-6.27203305497e-06	-7.64579984601e-06	133.972773198	134.411108824	134.84944445	135.287780076	135.726115702	136.164451328	136.602786954	137.04112258	137.479458205	137.917793831	-3.14566613334	-3.34391218051	-3.54215822768	-3.74040427485	-3.93865032203	-4.1368963692	-4.33514241637	-4.53338846354	-4.73163451071	-4.92988055789	1.99553637029	1.99553637029	1.99553637029	1.99553637029	1.99553637029	1.99553637029	1.99553637029	1.99553637029	1.99553637029	1.99553637029	
9.18333333333	146.419105835	146.533995835	146.648885835	146.763775835	146.878665836	146.993555836	147.108445836	147.223335836	147.338225836	147.453115836	-2.78040789428e-07	-3.0327555668e-07	-4.8438317805e-07	-6.78810043799e-07	-1.03416998348e-06	-1.40177830459e-06	-1.93359051779e-06	-2.47295044394e-06	-3.17567051346e-06	-3.89626439192e-06	-2.1964285164e-07	-1.57635669924e-06	-1.69228710541e-06	-3.09304499345e-06	-3.19965463238e-06	-4.62888164882e-06	-4.69457677403e-06	-6.11645982049e-06	-6.27203305497e-06	-7.64579984601e-06	133.972773198	134.411108824	134.84944445	135.287780076	135.726115702	136.164451328	136.602786954	137.04112258	137.479458205	137.917793831	-3.14566613334	-3.34391218051	-3.54215822768	-3.74040427485	-3.93865032203	-4.1368963692	-4.33514241637	-4.53338846354	-4.73163451071	-4.92988055789	1.99553637029	1.99553637029	1.99553637029	1.99553637029	1.99553637029	1.99553637029	1.99553637029	1.99553637029	1.99553637029	1.99553637029	
9.2	146.419105835	146.533995835	146.648885835	146.763775835	146.878665836	146.993555836	147.108445836	147.223335836	147.338225836	147.453115836	-2.78040789428e-07	-3.0327555668e-07	-4.8438317805e-07	-6.78810043799e-07	-1.03416998348e-06	-1.40177830459e-06	-1.93359051779e-06	-2.47295044394e-06	-3.17567051346e-06	-3.89626439192e-06	-2.1964285164e-07	-1.57635669924e-06	-1.69228710541e-06	-3.09304499345e-06	-3.19965463238e-06	-4.62888164882e-06	-4.69457677403e-06	-6.11645982049e-06	-6.27203305497e-06	-7.64579984601e-06	133.972773198	134.411108824	134.84944445	135.287780076	135.726115702	136.164451328	136.602786954	137.04112258	137.479458205	137.917793831	-3.14566613334	-3.34391218051	-3.54215822768	-3.74040427485	-3.93865032203	-4.1368963692	-4.33514241637	-4.53338846354	-4.73163451071	-4.92988055789	1.99553637029	1.99553637029	1.99553637029	1.99553637029	1.99553637029	1.99553637029	1.99553637029	1.99553637029	1.99553637029	1.99553637029	
9.21666666667	146.419105835	146.533995835	146.648885835	146.763775835	146.878665836	146.993555836	147.108445836	147.223335836	147.338225836	147.453115836	-2.78040789428e-07	-3.0327555668e-07	-4.8438317805e-07	-6.78810043799e-07	-1.03416998348e-06	-1.40177830459e-06	-1.93359051779e-06	-2.47295044394e-06	-3.17567051346e-06	-3.89626439192e-06	-2.1964285164e-07	-1.57635669924e-06	-1.69228710541e-06	-3.09304499345e-06	-3.19965463238e-06	-4.62888164882e-06	-4.69457677403e-06	-6.11645982049e-06	-6.27203305497e-06	-7.64579984601e-06	133.972773198	134.411108824	134.84944445	135.287780076	135.726115702	136.164451328	136.602786954	137.04112258	137.479458205	137.917793831	-3.14566613334	-3.34391218051	-3.54215822768	-3.74040427485	-3.93865032203	-4.1368963692	-4.33514241637	-4.53338846354	-4.73163451071	-4.92988055789	1.99553637029	1.99553637029	1.99553637029	1.99553637029	1.99553637029	1.99553637029	1.99553637029	1.99553637029	1.99553637029	1.99553637029	
9.23333333333	146.419105835	146.533995835	146.648885835	146.763775835	146.878665836	146.993555836	147.108445836	147.223335836	147.338225836	147.453115836	-2.78040789428e-07	-3.0327555668e-07	-4.8438317805e-07	-6.78810043799e-07	-1.03416998348e-06	-1.40177830459e-06	-1.93359051779e-06	-2.47295044394e-06	-3.17567051346e-06	-3.89626439192e-06	-2.1964285164e-07	-1.57635669924e-06	-1.69228710541e-06	-3.09304499345e-06	-3.19965463238e-06	-4.62888164882e-06	-4.69457677403e-06	-6.11645982049e-06	-6.27203305497e-06	-7.64579984601e-06	133.972773198	134.411108824	134.84944445	135.287780076	135.726115702	136.164451328	136.602786954	137.04112258	137.479458205	137.917793831	-3.14566613334	-3.34391218051	-3.54215822768	-3.74040427485	-3.93865032203	-4.1368963692	-4.33514241637	-4.53338846354	-4.73163451071	-4.92988055789	1.99553637029	1.99553637029	1.99553637029	1.99553637029	1.99553637029	1.99553637029	1.99553637029	1.99553637029	1.99553637029	1.99553637029	
9.25	146.419105835	146.533995835	146.648885835	146.763775835	146.878665836	146.993555836	147.108445836	147.223335836	147.338225836	147.453115836	-2.78040789428e-07	-3.0327555668e-07	-4.8438317805e-07	-6.78810043799e-07	-1.03416998348e-06	-1.40177830459e-06	-1.93359051779e-06	-2.47295044394e-06	-3.17567051346e-06	-3.89626439192e-06	-2.1964285164e-07	-1.57635669924e-06	-1.69228710541e-06	-3.09304499345e-06	-3.19965463238e-06	-4.62888164882e-06	-4.69457677403e-06	-6.11645982049e-06	-6.27203305497e-06	-7.64579984601e-06	133.972773198	134.411108824	134.84944445	135.287780076	135.726115702	136.164451328	136.602786954	137.04112258	137.479458205	137.917793831	-3.14566613334	-3.34391218051	-3.54215822768	-3.74040427485	-3.93865032203	-4.1368963692	-4.33514241637	-4.53338846354	-4.73163451071	-4.92988055789	1.99553637029	1.99553637029	1.99553637029	1.99553637029	1.99553637029	1.99553637029	1.99553637029	1.99553637029	1.99553637029	1.99553637029	
9.26666666667	146.419105835	146.533995835	146.648885835	146.763775835	146.878665836	146.993555836	147.108445836	147.223335836	147.338225836	147.453115836	-2.78040789428e-07	-3.0327555668e-07	-4.8438317805e-07	-6.78810043799e-07	-1.03416998348e-06	-1.40177830459e-06	-1.93359051779e-06	-2.47295044394e-06	-3.17567051346e-06	-3.89626439192e-06	-2.1964285164e-07	-1.57635669924e-06	-1.69228710541e-06	-3.09304499345e-06	-3.19965463238e-06	-4.62888164882e-06	-4.69457677403e-06	-6.11645982049e-06	-6.27203305497e-06	-7.64579984601e-06	133.972773198	134.411108824	134.84944445	135.287780076	135.726115702	136.164451328	136.602786954	137.04112258	137.479458205	137.917793831	-3.14566613334	-3.34391218051	-3.54215822768	-3.74040427485	-3.93865032203	-4.1368963692	-4.33514241637	-4.53338846354	-4.73163451071	-4.92988055789	1.99553637029	1.99553637029	1.99553637029	1.99553637029	1.99553637029	1.99553637029	1.99553637029	1.99553637029	1.99553637029	1.99553637029	
9.28333333333	146.419105835	146.533995835	146.648885835	146.763775835	146.878665836	146.993555836	147.108445836	147.223335836	147.338225836	147.453115836	-2.78040789428e-07	-3.0327555668e-07	-4.8438317805e-07	-6.78810043799e-07	-1.03416998348e-06	-1.40177830459e-06	-1.93359051779e-06	-2.47295044394e-06	-3.17567051346e-06	-3.89626439192e-06	-2.1964285164e-07	-1.57635669924e-06	-1.69228710541e-06	-3.09304499345e-06	-3.19965463238e-06	-4.62888164882e-06	-4.69457677403e-06	-6.11645982049e-06	-6.27203305497e-06	-7.64579984601e-06	133.972773198	134.411108824	134.84944445	135.287780076	135.726115702	136.164451328	136.602786954	137.04112258	137.479458205	137.917793831	-3.14566613334	-3.34391218051	-3.54215822768	-3.74040427485	-3.93865032203	-4.1368963692	-4.33514241637	-4.53338846354	-4.73163451071	-4.92988055789	1.99553637029	1.99553637029	1.99553637029	1.99553637029	1.99553637029	1.99553637029	1.99553637029	1.99553637029	1.99553637029	1.99553637029	
9.3	146.419105835	146.533995835	146.648885835	146.763775835	146.878665836	146.993555836	147.108445836	147.223335836	147.338225836	147.453115836	-2.78040789428e-07	-3.0327555668e-07	-4.8438317805e-07	-6.78810043799e-07	-1.03416998348e-06	-1.40177830459e-06	-1.93359051779e-06	-2.47295044394e-06	-3.17567051346e-06	-3.89626439192e-06	-2.1964285164e-07	-1.57635669924e-06	-1.69228710541e-06	-3.09304499345e-06	-3.19965463238e-06	-4.62888164882e-06	-4.69457677403e-06	-6.11645982049e-06	-6.27203305497e-06	-7.64579984601e-06	133.972773198	134.411108824	134.84944445	135.287780076	135.726115702	136.164451328	136.602786954	137.04112258	137.479458205	137.917793831	-3.14566613334	-3.34391218051	-3.54215822768	-3.74040427485	-3.93865032203	-4.1368963692	-4.33514241637	-4.53338846354	-4.73163451071	-4.92988055789	1.99553637029	1.99553637029	1.99553637029	1.99553637029	1.99553637029	1.99553637029	1.99553637029	1.99553637029	1.99553637029	1.99553637029	
9.31666666667	146.419105835	146.533995835	146.648885835	146.763775835	146.878665836	146.993555836	147.108445836	147.223335836	147.338225836	147.453115836	-2.78040789428e-07	-3.0327555668e-07	-4.8438317805e-07	-6.78810043799e-07	-1.03416998348e-06	-1.40177830459e-06	-1.93359051779e-06	-2.47295044394e-06	-3.17567051346e-06	-3.89626439192e-06	-2.1964285164e-07	-1.57635669924e-06	-1.69228710541e-06	-3.09304499345e-06	-3.19965463238e-06	-4.62888164882e-06	-4.69457677403e-06	-6.11645982049e-06	-6.27203305497e-06	-7.64579984601e-06	133.972773198	134.411108824	134.84944445	135.287780076	135.726115702	136.164451328	136.602786954	137.04112258	137.479458205	137.917793831	-3.14566613334	-3.34391218051	-3.54215822768	-3.74040427485	-3.93865032203	-4.1368963692	-4.33514241637	-4.53338846354	-4.73163451071	-4.92988055789	1.99553637029	1.99553637029	1.99553637029	1.99553637029	1.99553637029	1.99553637029	1.99553637029	1.99553637029	1.99553637029	1.99553637029	
9.33333333333	146.419105835	146.533995835	146.648885835	146.763775835	146.878665836	146.993555836	147.108445836	147.223335836	147.338225836	147.453115836	-2.78040789428e-07	-3.0327555668e-07	-4.8438317805e-07	-6.78810043799e-07	-1.03416998348e-06	-1.40177830459e-06	-1.93359051779e-06	-2.47295044394e-06	-3.17567051346e-06	-3.89626439192e-06	-2.1964285164e-07	-1.57635669924e-06	-1.69228710541e-06	-3.09304499345e-06	-3.19965463238e-06	-4.62888164882e-06	-4.69457677403e-06	-6.11645982049e-06	-6.27203305497e-06	-7.64579984601e-06	133.972773198	134.411108824	134.84944445	135.287780076	135.726115702	136.164451328	136.602786954	137.04112258	137.479458205	137.917793831	-3.14566613334	-3.34391218051	-3.54215822768	-3.74040427485	-3.93865032203	-4.1368963692	-4.33514241637	-4.53338846354	-4.73163451071	-4.92988055789	1.99553637029	1.99553637029	1.99553637029	1.99553637029	1.99553637029	1.99553637029	1.99553637029	1.99553637029	1.99553637029	1.99553637029	
9.35	146.419105835	146.533995835	146.648885835	146.763775835	146.878665836	146.993555836	147.108445836	147.223335836	147.338225836	147.453115836	-2.78040789428e-07	-3.0327555668e-07	-4.8438317805e-07	-6.78810043799e-07	-1.03416998348e-06	-1.40177830459e-06	-1.93359051779e-06	-2.47295044394e-06	-3.17567051346e-06	-3.89626439192e-06	-2.1964285164e-07	-1.57635669924e-06	-1.69228710541e-06	-3.09304499345e-06	-3.19965463238e-06	-4.62888164882e-06	-4.69457677403e-06	-6.11645982049e-06	-6.27203305497e-06	-7.64579984601e-06	133.972773198	134.411108824	134.84944445	135.287780076	135.726115702	136.164451328	136.602786954	137.04112258	137.479458205	137.917793831	-3.14566613334	-3.34391218051	-3.54215822768	-3.74040427485	-3.93865032203	-4.1368963692	-4.33514241637	-4.53338846354	-4.73163451071	-4.92988055789	1.99553637029	1.99553637029	1.99553637029	1.99553637029	1.99553637029	1.99553637029	1.99553637029	1.99553637029	1.99553637029	1.99553637029	
9.36666666667	146.419105835	146.533995835	146.648885835	146.763775835	146.878665836	146.993555836	147.108445836	147.223335836	147.338225836	147.453115836	-2.78040789428e-07	-3.0327555668e-07	-4.8438317805e-07	-6.78810043799e-07	-1.03416998348e-06	-1.40177830459e-06	-1.93359051779e-06	-2.47295044394e-06	-3.17567051346e-06	-3.89626439192e-06	-2.1964285164e-07	-1.57635669924e-06	-1.69228710541e-06	-3.09304499345e-06	-3.19965463238e-06	-4.62888164882e-06	-4.69457677403e-06	-6.11645982049e-06	-6.27203305497e-06	-7.64579984601e-06	133.972773198	134.411108824	134.84944445	135.287780076	135.726115702	136.164451328	136.602786954	137.04112258	137.479458205	137.917793831	-3.14566613334	-3.34391218051	-3.54215822768	-3.74040427485	-3.93865032203	-4.1368963692	-4.33514241637	-4.53338846354	-4.73163451071	-4.92988055789	1.99553637029	1.99553637029	1.99553637029	1.99553637029	1.99553637029	1.99553637029	1.99553637029	1.99553637029	1.99553637029	1.99553637029	
9.38333333333	146.419105835	146.533995835	146.648885835	146.763775835	146.878665836	146.993555836	147.108445836	147.223335836	147.338225836	147.453115836	-2.78040789428e-07	-3.0327555668e-07	-4.8438317805e-07	-6.78810043799e-07	-1.03416998348e-06	-1.40177830459e-06	-1.93359051779e-06	-2.47295044394e-06	-3.17567051346e-06	-3.89626439192e-06	-2.1964285164e-07	-1.57635669924e-06	-1.69228710541e-06	-3.09304499345e-06	-3.19965463238e-06	-4.62888164882e-06	-4.69457677403e-06	-6.11645982049e-06	-6.27203305497e-06	-7.64579984601e-06	133.972773198	134.411108824	134.84944445	135.287780076	135.726115702	136.164451328	136.602786954	137.04112258	137.479458205	137.917793831	-3.14566613334	-3.34391218051	-3.54215822768	-3.74040427485	-3.93865032203	-4.1368963692	-4.33514241637	-4.53338846354	-4.73163451071	-4.92988055789	1.99553637029	1.99553637029	1.99553637029	1.99553637029	1.99553637029	1.99553637029	1.99553637029	1.99553637029	1.99553637029	1.99553637029	
9.4	146.419105835	146.533995835	146.648885835	146.763775835	146.878665836	146.993555836	147.108445836	147.223335836	147.338225836	147.453115836	-2.78040789428e-07	-3.0327555668e-07	-4.8438317805e-07	-6.78810043799e-07	-1.03416998348e-06	-1.40177830459e-06	-1.93359051779e-06	-2.47295044394e-06	-3.17567051346e-06	-3.89626439192e-06	-2.1964285164e-07	-1.57635669924e-06	-1.69228710541e-06	-3.09304499345e-06	-3.19965463238e-06	-4.62888164882e-06	-4.69457677403e-06	-6.11645982049e-06	-6.27203305497e-06	-7.64579984601e-06	133.972773198	134.411108824	134.84944445	135.287780076	135.726115702	136.164451328	136.602786954	137.04112258	137.479458205	137.917793831	-3.14566613334	-3.34391218051	-3.54215822768	-3.74040427485	-3.93865032203	-4.1368963692	-4.33514241637	-4.53338846354	-4.73163451071	-4.92988055789	1.99553637029	1.99553637029	1.99553637029	1.99553637029	1.99553637029	1.99553637029	1.99553637029	1.99553637029	1.99553637029	1.99553637029	
9.41666666667	146.419105835	146.533995835	146.648885835	146.763775835	146.878665836	146.993555836	147.108445836	147.223335836	147.338225836	147.453115836	-2.78040789428e-07	-3.0327555668e-07	-4.8438317805e-07	-6.78810043799e-07	-1.03416998348e-06	-1.40177830459e-06	-1.93359051779e-06	-2.47295044394e-06	-3.17567051346e-06	-3.89626439192e-06	-2.1964285164e-07	-1.57635669924e-06	-1.69228710541e-06	-3.09304499345e-06	-3.19965463238e-06	-4.62888164882e-06	-4.69457677403e-06	-6.11645982049e-06	-6.27203305497e-06	-7.64579984601e-06	133.972773198	134.411108824	134.84944445	135.287780076	135.726115702	136.164451328	136.602786954	137.04112258	137.479458205	137.917793831	-3.14566613334	-3.34391218051	-3.54215822768	-3.74040427485	-3.93865032203	-4.1368963692	-4.33514241637	-4.53338846354	-4.73163451071	-4.92988055789	1.99553637029	1.99553637029	1.99553637029	1.99553637029	1.99553637029	1.99553637029	1.99553637029	1.99553637029	1.99553637029	1.99553637029	
9.43333333333	146.419105835	146.533995835	146.648885835	146.763775835	146.878665836	146.993555836	147.108445836	147.223335836	147.338225836	147.453115836	-2.78040789428e-07	-3.0327555668e-07	-4.8438317805e-07	-6.78810043799e-07	-1.03416998348e-06	-1.40177830459e-06	-1.93359051779e-06	-2.47295044394e-06	-3.17567051346e-06	-3.89626439192e-06	-2.1964285164e-07	-1.57635669924e-06	-1.69228710541e-06	-3.09304499345e-06	-3.19965463238e-06	-4.62888164882e-06	-4.69457677403e-06	-6.11645982049e-06	-6.27203305497e-06	-7.64579984601e-06	133.972773198	134.411108824	134.84944445	135.287780076	135.726115702	136.164451328	136.602786954	137.04112258	137.479458205	137.917793831	-3.14566613334	-3.34391218051	-3.54215822768	-3.74040427485	-3.93865032203	-4.1368963692	-4.33514241637	-4.53338846354	-4.73163451071	-4.92988055789	1.99553637029	1.99553637029	1.99553637029	1.99553637029	1.99553637029	1.99553637029	1.99553637029	1.99553637029	1.99553637029	1.99553637029	
9.45	146.419105835	146.533995835	146.648885835	146.763775835	146.878665836	146.993555836	147.108445836	147.223335836	147.338225836	147.453115836	-2.78040789428e-07	-3.0327555668e-07	-4.8438317805e-07	-6.78810043799e-07	-1.03416998348e-06	-1.40177830459e-06	-1.93359051779e-06	-2.47295044394e-06	-3.17567051346e-06	-3.89626439192e-06	-2.1964285164e-07	-1.57635669924e-06	-1.69228710541e-06	-3.09304499345e-06	-3.19965463238e-06	-4.62888164882e-06	-4.69457677403e-06	-6.11645982049e-06	-6.27203305497e-06	-7.64579984601e-06	133.972773198	134.411108824	134.84944445	135.287780076	135.726115702	136.164451328	136.602786954	137.04112258	137.479458205	137.917793831	-3.14566613334	-3.34391218051	-3.54215822768	-3.74040427485	-3.93865032203	-4.1368963692	-4.33514241637	-4.53338846354	-4.73163451071	-4.92988055789	1.99553637029	1.99553637029	1.99553637029	1.99553637029	1.99553637029	1.99553637029	1.99553637029	1.99553637029	1.99553637029	1.99553637029	
9.46666666667	146.419105835	146.533995835	146.648885835	146.763775835	146.878665836	146.993555836	147.108445836	147.223335836	147.338225836	147.453115836	-2.78040789428e-07	-3.0327555668e-07	-4.8438317805e-07	-6.78810043799e-07	-1.03416998348e-06	-1.40177830459e-06	-1.93359051779e-06	-2.47295044394e-06	-3.17567051346e-06	-3.89626439192e-06	-2.1964285164e-07	-1.57635669924e-06	-1.69228710541e-06	-3.09304499345e-06	-3.19965463238e-06	-4.62888164882e-06	-4.69457677403e-06	-6.11645982049e-06	-6.27203305497e-06	-7.64579984601e-06	133.972773198	134.411108824	134.84944445	135.287780076	135.726115702	136.164451328	136.602786954	137.04112258	137.479458205	137.917793831	-3.14566613334	-3.34391218051	-3.54215822768	-3.74040427485	-3.93865032203	-4.1368963692	-4.33514241637	-4.53338846354	-4.73163451071	-4.92988055789	1.99553637029	1.99553637029	1.99553637029	1.99553637029	1.99553637029	1.99553637029	1.99553637029	1.99553637029	1.99553637029	1.99553637029	
9.48333333333	146.419105835	146.533995835	146.648885835	146.763775835	146.878665836	146.993555836	147.108445836	147.223335836	147.338225836	147.453115836	-2.78040789428e-07	-3.0327555668e-07	-4.8438317805e-07	-6.78810043799e-07	-1.03416998348e-06	-1.40177830459e-06	-1.93359051779e-06	-2.47295044394e-06	-3.17567051346e-06	-3.89626439192e-06	-2.1964285164e-07	-1.57635669924e-06	-1.69228710541e-06	-3.09304499345e-06	-3.19965463238e-06	-4.62888164882e-06	-4.69457677403e-06	-6.11645982049e-06	-6.27203305497e-06	-7.64579984601e-06	133.972773198	134.411108824	134.84944445	135.287780076	135.726115702	136.164451328	136.602786954	137.04112258	137.479458205	137.917793831	-3.14566613334	-3.34391218051	-3.54215822768	-3.74040427485	-3.93865032203	-4.1368963692	-4.33514241637	-4.53338846354	-4.73163451071	-4.92988055789	1.99553637029	1.99553637029	1.99553637029	1.99553637029	1.99553637029	1.99553637029	1.99553637029	1.99553637029	1.99553637029	1.99553637029	
9.5	146.419105835	146.533995835	146.648885835	146.763775835	146.878665836	146.993555836	147.108445836	147.223335836	147.338225836	147.453115836	-2.78040789428e-07	-3.0327555668e-07	-4.8438317805e-07	-6.78810043799e-07	-1.03416998348e-06	-1.40177830459e-06	-1.93359051779e-06	-2.47295044394e-06	-3.17567051346e-06	-3.89626439192e-06	-2.1964285164e-07	-1.57635669924e-06	-1.69228710541e-06	-3.09304499345e-06	-3.19965463238e-06	-4.62888164882e-06	-4.69457677403e-06	-6.11645982049e-06	-6.27203305497e-06	-7.64579984601e-06	133.972773198	134.411108824	134.84944445	135.287780076	135.726115702	136.164451328	136.602786954	137.04112258	137.479458205	137.917793831	-3.14566613334	-3.34391218051	-3.54215822768	-3.74040427485	-3.93865032203	-4.1368963692	-4.33514241637	-4.53338846354	-4.73163451071	-4.92988055789	1.99553637029	1.99553637029	1.99553637029	1.99553637029	1.99553637029	1.99553637029	1.99553637029	1.99553637029	1.99553637029	1.99553637029	
9.51666666667	146.419105835	146.533995835	146.648885835	146.763775835	146.878665836	146.993555836	147.108445836	147.223335836	147.338225836	147.453115836	-2.78040789428e-07	-3.0327555668e-07	-4.8438317805e-07	-6.78810043799e-07	-1.03416998348e-06	-1.40177830459e-06	-1.93359051779e-06	-2.47295044394e-06	-3.17567051346e-06	-3.89626439192e-06	-2.1964285164e-07	-1.57635669924e-06	-1.69228710541e-06	-3.09304499345e-06	-3.19965463238e-06	-4.62888164882e-06	-4.69457677403e-06	-6.11645982049e-06	-6.27203305497e-06	-7.64579984601e-06	133.972773198	134.411108824	134.84944445	135.287780076	135.726115702	136.164451328	136.602786954	137.04112258	137.479458205	137.917793831	-3.14566613334	-3.34391218051	-3.54215822768	-3.74040427485	-3.93865032203	-4.1368963692	-4.33514241637	-4.53338846354	-4.73163451071	-4.92988055789	1.99553637029	1.99553637029	1.99553637029	1.99553637029	1.99553637029	1.99553637029	1.99553637029	1.99553637029	1.99553637029	1.99553637029	
9.53333333333	146.419105835	146.533995835	146.648885835	146.763775835	146.878665836	146.993555836	147.108445836	147.223335836	147.338225836	147.453115836	-2.78040789428e-07	-3.0327555668e-07	-4.8438317805e-07	-6.78810043799e-07	-1.03416998348e-06	-1.40177830459e-06	-1.93359051779e-06	-2.47295044394e-06	-3.17567051346e-06	-3.89626439192e-06	-2.1964285164e-07	-1.57635669924e-06	-1.69228710541e-06	-3.09304499345e-06	-3.19965463238e-06	-4.62888164882e-06	-4.69457677403e-06	-6.11645982049e-06	-6.27203305497e-06	-7.64579984601e-06	133.972773198	134.411108824	134.84944445	135.287780076	135.726115702	136.164451328	136.602786954	137.04112258	137.479458205	137.917793831	-3.14566613334	-3.34391218051	-3.54215822768	-3.74040427485	-3.93865032203	-4.1368963692	-4.33514241637	-4.53338846354	-4.73163451071	-4.92988055789	1.99553637029	1.99553637029	1.99553637029	1.99553637029	1.99553637029	1.99553637029	1.99553637029	1.99553637029	1.99553637029	1.99553637029	
9.55	146.419105835	146.533995835	146.648885835	146.763775835	146.878665836	146.993555836	147.108445836	147.223335836	147.338225836	147.453115836	-2.78040789428e-07	-3.0327555668e-07	-4.8438317805e-07	-6.78810043799e-07	-1.03416998348e-06	-1.40177830459e-06	-1.93359051779e-06	-2.47295044394e-06	-3.17567051346e-06	-3.89626439192e-06	-2.1964285164e-07	-1.57635669924e-06	-1.69228710541e-06	-3.09304499345e-06	-3.19965463238e-06	-4.62888164882e-06	-4.69457677403e-06	-6.11645982049e-06	-6.27203305497e-06	-7.64579984601e-06	133.972773198	134.411108824	134.84944445	135.287780076	135.726115702	136.164451328	136.602786954	137.04112258	137.479458205	137.917793831	-3.14566613334	-3.34391218051	-3.54215822768	-3.74040427485	-3.93865032203	-4.1368963692	-4.33514241637	-4.53338846354	-4.73163451071	-4.92988055789	1.99553637029	1.99553637029	1.99553637029	1.99553637029	1.99553637029	1.99553637029	1.99553637029	1.99553637029	1.99553637029	1.99553637029	
9.56666666667	146.419105835	146.533995835	146.648885835	146.763775835	146.878665836	146.993555836	147.108445836	147.223335836	147.338225836	147.453115836	-2.78040789428e-07	-3.0327555668e-07	-4.8438317805e-07	-6.78810043799e-07	-1.03416998348e-06	-1.40177830459e-06	-1.93359051779e-06	-2.47295044394e-06	-3.17567051346e-06	-3.89626439192e-06	-2.1964285164e-07	-1.57635669924e-06	-1.69228710541e-06	-3.09304499345e-06	-3.19965463238e-06	-4.62888164882e-06	-4.69457677403e-06	-6.11645982049e-06	-6.27203305497e-06	-7.64579984601e-06	133.972773198	134.411108824	134.84944445	135.287780076	135.726115702	136.164451328	136.602786954	137.04112258	137.479458205	137.917793831	-3.14566613334	-3.34391218051	-3.54215822768	-3.74040427485	-3.93865032203	-4.1368963692	-4.33514241637	-4.53338846354	-4.73163451071	-4.92988055789	1.99553637029	1.99553637029	1.99553637029	1.99553637029	1.99553637029	1.99553637029	1.99553637029	1.99553637029	1.99553637029	1.99553637029	
9.58333333333	146.419105835	146.533995835	146.648885835	146.763775835	146.878665836	146.993555836	147.108445836	147.223335836	147.338225836	147.453115836	-2.78040789428e-07	-3.0327555668e-07	-4.8438317805e-07	-6.78810043799e-07	-1.03416998348e-06	-1.40177830459e-06	-1.93359051779e-06	-2.47295044394e-06	-3.17567051346e-06	-3.89626439192e-06	-2.1964285164e-07	-1.57635669924e-06	-1.69228710541e-06	-3.09304499345e-06	-3.19965463238e-06	-4.62888164882e-06	-4.69457677403e-06	-6.11645982049e-06	-6.27203305497e-06	-7.64579984601e-06	133.972773198	134.411108824	134.84944445	135.287780076	135.726115702	136.164451328	136.602786954	137.04112258	137.479458205	137.917793831	-3.14566613334	-3.34391218051	-3.54215822768	-3.74040427485	-3.93865032203	-4.1368963692	-4.33514241637	-4.53338846354	-4.73163451071	-4.92988055789	1.99553637029	1.99553637029	1.99553637029	1.99553637029	1.99553637029	1.99553637029	1.99553637029	1.99553637029	1.99553637029	1.99553637029	
9.6	146.419105835	146.533995835	146.648885835	146.763775835	146.878665836	146.993555836	147.108445836	147.223335836	147.338225836	147.453115836	-2.78040789428e-07	-3.0327555668e-07	-4.8438317805e-07	-6.78810043799e-07	-1.03416998348e-06	-1.40177830459e-06	-1.93359051779e-06	-2.47295044394e-06	-3.17567051346e-06	-3.89626439192e-06	-2.1964285164e-07	-1.57635669924e-06	-1.69228710541e-06	-3.09304499345e-06	-3.19965463238e-06	-4.62888164882e-06	-4.69457677403e-06	-6.11645982049e-06	-6.27203305497e-06	-7.64579984601e-06	133.972773198	134.411108824	134.84944445	135.287780076	135.726115702	136.164451328	136.602786954	137.04112258	137.479458205	137.917793831	-3.14566613334	-3.34391218051	-3.54215822768	-3.74040427485	-3.93865032203	-4.1368963692	-4.33514241637	-4.53338846354	-4.73163451071	-4.92988055789	1.99553637029	1.99553637029	1.99553637029	1.99553637029	1.99553637029	1.99553637029	1.99553637029	1.99553637029	1.99553637029	1.99553637029	
9.61666666667	146.419105835	146.533995835	146.648885835	146.763775835	146.878665836	146.993555836	147.108445836	147.223335836	147.338225836	147.453115836	-2.78040789428e-07	-3.0327555668e-07	-4.8438317805e-07	-6.78810043799e-07	-1.03416998348e-06	-1.40177830459e-06	-1.93359051779e-06	-2.47295044394e-06	-3.17567051346e-06	-3.89626439192e-06	-2.1964285164e-07	-1.57635669924e-06	-1.69228710541e-06	-3.09304499345e-06	-3.19965463238e-06	-4.62888164882e-06	-4.69457677403e-06	-6.11645982049e-06	-6.27203305497e-06	-7.64579984601e-06	133.972773198	134.411108824	134.84944445	135.287780076	135.726115702	136.164451328	136.602786954	137.04112258	137.479458205	137.917793831	-3.14566613334	-3.34391218051	-3.54215822768	-3.74040427485	-3.93865032203	-4.1368963692	-4.33514241637	-4.53338846354	-4.73163451071	-4.92988055789	1.99553637029	1.99553637029	1.99553637029	1.99553637029	1.99553637029	1.99553637029	1.99553637029	1.99553637029	1.99553637029	1.99553637029	
9.63333333333	146.419105835	146.533995835	146.648885835	146.763775835	146.878665836	146.993555836	147.108445836	147.223335836	147.338225836	147.453115836	-2.78040789428e-07	-3.0327555668e-07	-4.8438317805e-07	-6.78810043799e-07	-1.03416998348e-06	-1.40177830459e-06	-1.93359051779e-06	-2.47295044394e-06	-3.17567051346e-06	-3.89626439192e-06	-2.1964285164e-07	-1.57635669924e-06	-1.69228710541e-06	-3.09304499345e-06	-3.19965463238e-06	-4.62888164882e-06	-4.69457677403e-06	-6.11645982049e-06	-6.27203305497e-06	-7.64579984601e-06	133.972773198	134.411108824	134.84944445	135.287780076	135.726115702	136.164451328	136.602786954	137.04112258	137.479458205	137.917793831	-3.14566613334	-3.34391218051	-3.54215822768	-3.74040427485	-3.93865032203	-4.1368963692	-4.33514241637	-4.53338846354	-4.73163451071	-4.92988055789	1.99553637029	1.99553637029	1.99553637029	1.99553637029	1.99553637029	1.99553637029	1.99553637029	1.99553637029	1.99553637029	1.99553637029	
9.65	146.419105835	146.533995835	146.648885835	146.763775835	146.878665836	146.993555836	147.108445836	147.223335836	147.338225836	147.453115836	-2.78040789428e-07	-3.0327555668e-07	-4.8438317805e-07	-6.78810043799e-07	-1.03416998348e-06	-1.40177830459e-06	-1.93359051779e-06	-2.47295044394e-06	-3.17567051346e-06	-3.89626439192e-06	-2.1964285164e-07	-1.57635669924e-06	-1.69228710541e-06	-3.09304499345e-06	-3.19965463238e-06	-4.62888164882e-06	-4.69457677403e-06	-6.11645982049e-06	-6.27203305497e-06	-7.64579984601e-06	133.972773198	134.411108824	134.84944445	135.287780076	135.726115702	136.164451328	136.602786954	137.04112258	137.479458205	137.917793831	-3.14566613334	-3.34391218051	-3.54215822768	-3.74040427485	-3.93865032203	-4.1368963692	-4.33514241637	-4.53338846354	-4.73163451071	-4.92988055789	1.99553637029	1.99553637029	1.99553637029	1.99553637029	1.99553637029	1.99553637029	1.99553637029	1.99553637029	1.99553637029	1.99553637029	
9.66666666667	146.419105835	146.533995835	146.648885835	146.763775835	146.878665836	146.993555836	147.108445836	147.223335836	147.338225836	147.453115836	-2.78040789428e-07	-3.0327555668e-07	-4.8438317805e-07	-6.78810043799e-07	-1.03416998348e-06	-1.40177830459e-06	-1.93359051779e-06	-2.47295044394e-06	-3.17567051346e-06	-3.89626439192e-06	-2.1964285164e-07	-1.57635669924e-06	-1.69228710541e-06	-3.09304499345e-06	-3.19965463238e-06	-4.62888164882e-06	-4.69457677403e-06	-6.11645982049e-06	-6.27203305497e-06	-7.64579984601e-06	133.972773198	134.411108824	134.84944445	135.287780076	135.726115702	136.164451328	136.602786954	137.04112258	137.479458205	137.917793831	-3.14566613334	-3.34391218051	-3.54215822768	-3.74040427485	-3.93865032203	-4.1368963692	-4.33514241637	-4.53338846354	-4.73163451071	-4.92988055789	1.99553637029	1.99553637029	1.99553637029	1.99553637029	1.99553637029	1.99553637029	1.99553637029	1.99553637029	1.99553637029	1.99553637029	
9.68333333333	146.419105835	146.533995835	146.648885835	146.763775835	146.878665836	146.993555836	147.108445836	147.223335836	147.338225836	147.453115836	-2.78040789428e-07	-3.0327555668e-07	-4.8438317805e-07	-6.78810043799e-07	-1.03416998348e-06	-1.40177830459e-06	-1.93359051779e-06	-2.47295044394e-06	-3.17567051346e-06	-3.89626439192e-06	-2.1964285164e-07	-1.57635669924e-06	-1.69228710541e-06	-3.09304499345e-06	-3.19965463238e-06	-4.62888164882e-06	-4.69457677403e-06	-6.11645982049e-06	-6.27203305497e-06	-7.64579984601e-06	133.972773198	134.411108824	134.84944445	135.287780076	135.726115702	136.164451328	136.602786954	137.04112258	137.479458205	137.917793831	-3.14566613334	-3.34391218051	-3.54215822768	-3.74040427485	-3.93865032203	-4.1368963692	-4.33514241637	-4.53338846354	-4.73163451071	-4.92988055789	1.99553637029	1.99553637029	1.99553637029	1.99553637029	1.99553637029	1.99553637029	1.99553637029	1.99553637029	1.99553637029	1.99553637029	
9.7	146.419105835	146.533995835	146.648885835	146.763775835	146.878665836	146.993555836	147.108445836	147.223335836	147.338225836	147.453115836	-2.78040789428e-07	-3.0327555668e-07	-4.8438317805e-07	-6.78810043799e-07	-1.03416998348e-06	-1.40177830459e-06	-1.93359051779e-06	-2.47295044394e-06	-3.17567051346e-06	-3.89626439192e-06	-2.1964285164e-07	-1.57635669924e-06	-1.69228710541e-06	-3.09304499345e-06	-3.19965463238e-06	-4.62888164882e-06	-4.69457677403e-06	-6.11645982049e-06	-6.27203305497e-06	-7.64579984601e-06	133.972773198	134.411108824	134.84944445	135.287780076	135.726115702	136.164451328	136.602786954	137.04112258	137.479458205	137.917793831	-3.14566613334	-3.34391218051	-3.54215822768	-3.74040427485	-3.93865032203	-4.1368963692	-4.33514241637	-4.53338846354	-4.73163451071	-4.92988055789	1.99553637029	1.99553637029	1.99553637029	1.99553637029	1.99553637029	1.99553637029	1.99553637029	1.99553637029	1.99553637029	1.99553637029	
9.71666666667	146.419105835	146.533995835	146.648885835	146.763775835	146.878665836	146.993555836	147.108445836	147.223335836	147.338225836	147.453115836	-2.78040789428e-07	-3.0327555668e-07	-4.8438317805e-07	-6.78810043799e-07	-1.03416998348e-06	-1.40177830459e-06	-1.93359051779e-06	-2.47295044394e-06	-3.17567051346e-06	-3.89626439192e-06	-2.1964285164e-07	-1.57635669924e-06	-1.69228710541e-06	-3.09304499345e-06	-3.19965463238e-06	-4.62888164882e-06	-4.69457677403e-06	-6.11645982049e-06	-6.27203305497e-06	-7.64579984601e-06	133.972773198	134.411108824	134.84944445	135.287780076	135.726115702	136.164451328	136.602786954	137.04112258	137.479458205	137.917793831	-3.14566613334	-3.34391218051	-3.54215822768	-3.74040427485	-3.93865032203	-4.1368963692	-4.33514241637	-4.53338846354	-4.73163451071	-4.92988055789	1.99553637029	1.99553637029	1.99553637029	1.99553637029	1.99553637029	1.99553637029	1.99553637029	1.99553637029	1.99553637029	1.99553637029	
9.73333333333	146.419105835	146.533995835	146.648885835	146.763775835	146.878665836	146.993555836	147.108445836	147.223335836	147.338225836	147.453115836	-2.78040789428e-07	-3.0327555668e-07	-4.8438317805e-07	-6.78810043799e-07	-1.03416998348e-06	-1.40177830459e-06	-1.93359051779e-06	-2.47295044394e-06	-3.17567051346e-06	-3.89626439192e-06	-2.1964285164e-07	-1.57635669924e-06	-1.69228710541e-06	-3.09304499345e-06	-3.19965463238e-06	-4.62888164882e-06	-4.69457677403e-06	-6.11645982049e-06	-6.27203305497e-06	-7.64579984601e-06	133.972773198	134.411108824	134.84944445	135.287780076	135.726115702	136.164451328	136.602786954	137.04112258	137.479458205	137.917793831	-3.14566613334	-3.34391218051	-3.54215822768	-3.74040427485	-3.93865032203	-4.1368963692	-4.33514241637	-4.53338846354	-4.73163451071	-4.92988055789	1.99553637029	1.99553637029	1.99553637029	1.99553637029	1.99553637029	1.99553637029	1.99553637029	1.99553637029	1.99553637029	1.99553637029	
9.75	146.419105835	146.533995835	146.648885835	146.763775835	146.878665836	146.993555836	147.108445836	147.223335836	147.338225836	147.453115836	-2.78040789428e-07	-3.0327555668e-07	-4.8438317805e-07	-6.78810043799e-07	-1.03416998348e-06	-1.40177830459e-06	-1.93359051779e-06	-2.47295044394e-06	-3.17567051346e-06	-3.89626439192e-06	-2.1964285164e-07	-1.57635669924e-06	-1.69228710541e-06	-3.09304499345e-06	-3.19965463238e-06	-4.62888164882e-06	-4.69457677403e-06	-6.11645982049e-06	-6.27203305497e-06	-7.64579984601e-06	133.972773198	134.411108824	134.84944445	135.287780076	135.726115702	136.164451328	136.602786954	137.04112258	137.479458205	137.917793831	-3.14566613334	-3.34391218051	-3.54215822768	-3.74040427485	-3.93865032203	-4.1368963692	-4.33514241637	-4.53338846354	-4.73163451071	-4.92988055789	1.99553637029	1.99553637029	1.99553637029	1.99553637029	1.99553637029	1.99553637029	1.99553637029	1.99553637029	1.99553637029	1.99553637029	
9.76666666667	146.419105835	146.533995835	146.648885835	146.763775835	146.878665836	146.993555836	147.108445836	147.223335836	147.338225836	147.453115836	-2.78040789428e-07	-3.0327555668e-07	-4.8438317805e-07	-6.78810043799e-07	-1.03416998348e-06	-1.40177830459e-06	-1.93359051779e-06	-2.47295044394e-06	-3.17567051346e-06	-3.89626439192e-06	-2.1964285164e-07	-1.57635669924e-06	-1.69228710541e-06	-3.09304499345e-06	-3.19965463238e-06	-4.62888164882e-06	-4.69457677403e-06	-6.11645982049e-06	-6.27203305497e-06	-7.64579984601e-06	133.972773198	134.411108824	134.84944445	135.287780076	135.726115702	136.164451328	136.602786954	137.04112258	137.479458205	137.917793831	-3.14566613334	-3.34391218051	-3.54215822768	-3.74040427485	-3.93865032203	-4.1368963692	-4.33514241637	-4.53338846354	-4.73163451071	-4.92988055789	1.99553637029	1.99553637029	1.99553637029	1.99553637029	1.99553637029	1.99553637029	1.99553637029	1.99553637029	1.99553637029	1.99553637029	
9.78333333333	146.419105835	146.533995835	146.648885835	146.763775835	146.878665836	146.993555836	147.108445836	147.223335836	147.338225836	147.453115836	-2.78040789428e-07	-3.0327555668e-07	-4.8438317805e-07	-6.78810043799e-07	-1.03416998348e-06	-1.40177830459e-06	-1.93359051779e-06	-2.47295044394e-06	-3.17567051346e-06	-3.89626439192e-06	-2.1964285164e-07	-1.57635669924e-06	-1.69228710541e-06	-3.09304499345e-06	-3.19965463238e-06	-4.62888164882e-06	-4.69457677403e-06	-6.11645982049e-06	-6.27203305497e-06	-7.64579984601e-06	133.972773198	134.411108824	134.84944445	135.287780076	135.726115702	136.164451328	136.602786954	137.04112258	137.479458205	137.917793831	-3.14566613334	-3.34391218051	-3.54215822768	-3.74040427485	-3.93865032203	-4.1368963692	-4.33514241637	-4.53338846354	-4.73163451071	-4.92988055789	1.99553637029	1.99553637029	1.99553637029	1.99553637029	1.99553637029	1.99553637029	1.99553637029	1.99553637029	1.99553637029	1.99553637029	
9.8	146.419105835	146.533995835	146.648885835	146.763775835	146.878665836	146.993555836	147.108445836	147.223335836	147.338225836	147.453115836	-2.78040789428e-07	-3.0327555668e-07	-4.8438317805e-07	-6.78810043799e-07	-1.03416998348e-06	-1.40177830459e-06	-1.93359051779e-06	-2.47295044394e-06	-3.17567051346e-06	-3.89626439192e-06	-2.1964285164e-07	-1.57635669924e-06	-1.69228710541e-06	-3.09304499345e-06	-3.19965463238e-06	-4.62888164882e-06	-4.69457677403e-06	-6.11645982049e-06	-6.27203305497e-06	-7.64579984601e-06	133.972773198	134.411108824	134.84944445	135.287780076	135.726115702	136.164451328	136.602786954	137.04112258	137.479458205	137.917793831	-3.14566613334	-3.34391218051	-3.54215822768	-3.74040427485	-3.93865032203	-4.1368963692	-4.33514241637	-4.53338846354	-4.73163451071	-4.92988055789	1.99553637029	1.99553637029	1.99553637029	1.99553637029	1.99553637029	1.99553637029	1.99553637029	1.99553637029	1.99553637029	1.99553637029	
9.81666666667	146.419105835	146.533995835	146.648885835	146.763775835	146.878665836	146.993555836	147.108445836	147.223335836	147.338225836	147.453115836	-2.78040789428e-07	-3.0327555668e-07	-4.8438317805e-07	-6.78810043799e-07	-1.03416998348e-06	-1.40177830459e-06	-1.93359051779e-06	-2.47295044394e-06	-3.17567051346e-06	-3.89626439192e-06	-2.1964285164e-07	-1.57635669924e-06	-1.69228710541e-06	-3.09304499345e-06	-3.19965463238e-06	-4.62888164882e-06	-4.69457677403e-06	-6.11645982049e-06	-6.27203305497e-06	-7.64579984601e-06	133.972773198	134.411108824	134.84944445	135.287780076	135.726115702	136.164451328	136.602786954	137.04112258	137.479458205	137.917793831	-3.14566613334	-3.34391218051	-3.54215822768	-3.74040427485	-3.93865032203	-4.1368963692	-4.33514241637	-4.53338846354	-4.73163451071	-4.92988055789	1.99553637029	1.99553637029	1.99553637029	1.99553637029	1.99553637029	1.99553637029	1.99553637029	1.99553637029	1.99553637029	1.99553637029	
9.83333333333	146.419105835	146.533995835	146.648885835	146.763775835	146.878665836	146.993555836	147.108445836	147.223335836	147.338225836	147.453115836	-2.78040789428e-07	-3.0327555668e-07	-4.8438317805e-07	-6.78810043799e-07	-1.03416998348e-06	-1.40177830459e-06	-1.93359051779e-06	-2.47295044394e-06	-3.17567051346e-06	-3.89626439192e-06	-2.1964285164e-07	-1.57635669924e-06	-1.69228710541e-06	-3.09304499345e-06	-3.19965463238e-06	-4.62888164882e-06	-4.69457677403e-06	-6.11645982049e-06	-6.27203305497e-06	-7.64579984601e-06	133.972773198	134.411108824	134.84944445	135.287780076	135.726115702	136.164451328	136.602786954	137.04112258	137.479458205	137.917793831	-3.14566613334	-3.34391218051	-3.54215822768	-3.74040427485	-3.93865032203	-4.1368963692	-4.33514241637	-4.53338846354	-4.73163451071	-4.92988055789	1.99553637029	1.99553637029	1.99553637029	1.99553637029	1.99553637029	1.99553637029	1.99553637029	1.99553637029	1.99553637029	1.99553637029	
9.85	146.419105835	146.533995835	146.648885835	146.763775835	146.878665836	146.993555836	147.108445836	147.223335836	147.338225836	147.453115836	-2.78040789428e-07	-3.0327555668e-07	-4.8438317805e-07	-6.78810043799e-07	-1.03416998348e-06	-1.40177830459e-06	-1.93359051779e-06	-2.47295044394e-06	-3.17567051346e-06	-3.89626439192e-06	-2.1964285164e-07	-1.57635669924e-06	-1.69228710541e-06	-3.09304499345e-06	-3.19965463238e-06	-4.62888164882e-06	-4.69457677403e-06	-6.11645982049e-06	-6.27203305497e-06	-7.64579984601e-06	133.972773198	134.411108824	134.84944445	135.287780076	135.726115702	136.164451328	136.602786954	137.04112258	137.479458205	137.917793831	-3.14566613334	-3.34391218051	-3.54215822768	-3.74040427485	-3.93865032203	-4.1368963692	-4.33514241637	-4.53338846354	-4.73163451071	-4.92988055789	1.99553637029	1.99553637029	1.99553637029	1.99553637029	1.99553637029	1.99553637029	1.99553637029	1.99553637029	1.99553637029	1.99553637029	
9.86666666667	146.419105835	146.533995835	146.648885835	146.763775835	146.878665836	146.993555836	147.108445836	147.223335836	147.338225836	147.453115836	-2.78040789428e-07	-3.0327555668e-07	-4.8438317805e-07	-6.78810043799e-07	-1.03416998348e-06	-1.40177830459e-06	-1.93359051779e-06	-2.47295044394e-06	-3.17567051346e-06	-3.89626439192e-06	-2.1964285164e-07	-1.57635669924e-06	-1.69228710541e-06	-3.09304499345e-06	-3.19965463238e-06	-4.62888164882e-06	-4.69457677403e-06	-6.11645982049e-06	-6.27203305497e-06	-7.64579984601e-06	133.972773198	134.411108824	134.84944445	135.287780076	135.726115702	136.164451328	136.602786954	137.04112258	137.479458205	137.917793831	-3.14566613334	-3.34391218051	-3.54215822768	-3.74040427485	-3.93865032203	-4.1368963692	-4.33514241637	-4.53338846354	-4.73163451071	-4.92988055789	1.99553637029	1.99553637029	1.99553637029	1.99553637029	1.99553637029	1.99553637029	1.99553637029	1.99553637029	1.99553637029	1.99553637029	
9.88333333333	146.419105835	146.533995835	146.648885835	146.763775835	146.878665836	146.993555836	147.108445836	147.223335836	147.338225836	147.453115836	-2.78040789428e-07	-3.0327555668e-07	-4.8438317805e-07	-6.78810043799e-07	-1.03416998348e-06	-1.40177830459e-06	-1.93359051779e-06	-2.47295044394e-06	-3.17567051346e-06	-3.89626439192e-06	-2.1964285164e-07	-1.57635669924e-06	-1.69228710541e-06	-3.09304499345e-06	-3.19965463238e-06	-4.62888164882e-06	-4.69457677403e-06	-6.11645982049e-06	-6.27203305497e-06	-7.64579984601e-06	133.972773198	134.411108824	134.84944445	135.287780076	135.726115702	136.164451328	136.602786954	137.04112258	137.479458205	137.917793831	-3.14566613334	-3.34391218051	-3.54215822768	-3.74040427485	-3.93865032203	-4.1368963692	-4.33514241637	-4.53338846354	-4.73163451071	-4.92988055789	1.99553637029	1.99553637029	1.99553637029	1.99553637029	1.99553637029	1.99553637029	1.99553637029	1.99553637029	1.99553637029	1.99553637029	
9.9	146.419105835	146.533995835	146.648885835	146.763775835	146.878665836	146.993555836	147.108445836	147.223335836	147.338225836	147.453115836	-2.78040789428e-07	-3.0327555668e-07	-4.8438317805e-07	-6.78810043799e-07	-1.03416998348e-06	-1.40177830459e-06	-1.93359051779e-06	-2.47295044394e-06	-3.17567051346e-06	-3.89626439192e-06	-2.1964285164e-07	-1.57635669924e-06	-1.69228710541e-06	-3.09304499345e-06	-3.19965463238e-06	-4.62888164882e-06	-4.69457677403e-06	-6.11645982049e-06	-6.27203305497e-06	-7.64579984601e-06	133.972773198	134.411108824	134.84944445	135.287780076	135.726115702	136.164451328	136.602786954	137.04112258	137.479458205	137.917793831	-3.14566613334	-3.34391218051	-3.54215822768	-3.74040427485	-3.93865032203	-4.1368963692	-4.33514241637	-4.53338846354	-4.73163451071	-4.92988055789	1.99553637029	1.99553637029	1.99553637029	1.99553637029	1.99553637029	1.99553637029	1.99553637029	1.99553637029	1.99553637029	1.99553637029	
9.91666666667	146.419105835	146.533995835	146.648885835	146.763775835	146.878665836	146.993555836	147.108445836	147.223335836	147.338225836	147.453115836	-2.78040789428e-07	-3.0327555668e-07	-4.8438317805e-07	-6.78810043799e-07	-1.03416998348e-06	-1.40177830459e-06	-1.93359051779e-06	-2.47295044394e-06	-3.17567051346e-06	-3.89626439192e-06	-2.1964285164e-07	-1.57635669924e-06	-1.69228710541e-06	-3.09304499345e-06	-3.19965463238e-06	-4.62888164882e-06	-4.69457677403e-06	-6.11645982049e-06	-6.27203305497e-06	-7.64579984601e-06	133.972773198	134.411108824	134.84944445	135.287780076	135.726115702	136.164451328	136.602786954	137.04112258	137.479458205	137.917793831	-3.14566613334	-3.34391218051	-3.54215822768	-3.74040427485	-3.93865032203	-4.1368963692	-4.33514241637	-4.53338846354	-4.73163451071	-4.92988055789	1.99553637029	1.99553637029	1.99553637029	1.99553637029	1.99553637029	1.99553637029	1.99553637029	1.99553637029	1.99553637029	1.99553637029	
9.93333333333	146.419105835	146.533995835	146.648885835	146.763775835	146.878665836	146.993555836	147.108445836	147.223335836	147.338225836	147.453115836	-2.78040789428e-07	-3.0327555668e-07	-4.8438317805e-07	-6.78810043799e-07	-1.03416998348e-06	-1.40177830459e-06	-1.93359051779e-06	-2.47295044394e-06	-3.17567051346e-06	-3.89626439192e-06	-2.1964285164e-07	-1.57635669924e-06	-1.69228710541e-06	-3.09304499345e-06	-3.19965463238e-06	-4.62888164882e-06	-4.69457677403e-06	-6.11645982049e-06	-6.27203305497e-06	-7.64579984601e-06	133.972773198	134.411108824	134.84944445	135.287780076	135.726115702	136.164451328	136.602786954	137.04112258	137.479458205	137.917793831	-3.14566613334	-3.34391218051	-3.54215822768	-3.74040427485	-3.93865032203	-4.1368963692	-4.33514241637	-4.53338846354	-4.73163451071	-4.92988055789	1.99553637029	1.99553637029	1.99553637029	1.99553637029	1.99553637029	1.99553637029	1.99553637029	1.99553637029	1.99553637029	1.99553637029	
9.95	146.419105835	146.533995835	146.648885835	146.763775835	146.878665836	146.993555836	147.108445836	147.223335836	147.338225836	147.453115836	-2.78040789428e-07	-3.0327555668e-07	-4.8438317805e-07	-6.78810043799e-07	-1.03416998348e-06	-1.40177830459e-06	-1.93359051779e-06	-2.47295044394e-06	-3.17567051346e-06	-3.89626439192e-06	-2.1964285164e-07	-1.57635669924e-06	-1.69228710541e-06	-3.09304499345e-06	-3.19965463238e-06	-4.62888164882e-06	-4.69457677403e-06	-6.11645982049e-06	-6.27203305497e-06	-7.64579984601e-06	133.972773198	134.411108824	134.84944445	135.287780076	135.726115702	136.164451328	136.602786954	137.04112258	137.479458205	137.917793831	-3.14566613334	-3.34391218051	-3.54215822768	-3.74040427485	-3.93865032203	-4.1368963692	-4.33514241637	-4.53338846354	-4.73163451071	-4.92988055789	1.99553637029	1.99553637029	1.99553637029	1.99553637029	1.99553637029	1.99553637029	1.99553637029	1.99553637029	1.99553637029	1.99553637029	
9.96666666667	146.419105835	146.533995835	146.648885835	146.763775835	146.878665836	146.993555836	147.108445836	147.223335836	147.338225836	147.453115836	-2.78040789428e-07	-3.0327555668e-07	-4.8438317805e-07	-6.78810043799e-07	-1.03416998348e-06	-1.40177830459e-06	-1.93359051779e-06	-2.47295044394e-06	-3.17567051346e-06	-3.89626439192e-06	-2.1964285164e-07	-1.57635669924e-06	-1.69228710541e-06	-3.09304499345e-06	-3.19965463238e-06	-4.62888164882e-06	-4.69457677403e-06	-6.11645982049e-06	-6.27203305497e-06	-7.64579984601e-06	133.972773198	134.411108824	134.84944445	135.287780076	135.726115702	136.164451328	136.602786954	137.04112258	137.479458205	137.917793831	-3.14566613334	-3.34391218051	-3.54215822768	-3.74040427485	-3.93865032203	-4.1368963692	-4.33514241637	-4.53338846354	-4.73163451071	-4.92988055789	1.99553637029	1.99553637029	1.99553637029	1.99553637029	1.99553637029	1.99553637029	1.99553637029	1.99553637029	1.99553637029	1.99553637029	
9.98333333333	146.419105835	146.533995835	146.648885835	146.763775835	146.878665836	146.993555836	147.108445836	147.223335836	147.338225836	147.453115836	-2.78040789428e-07	-3.0327555668e-07	-4.8438317805e-07	-6.78810043799e-07	-1.03416998348e-06	-1.40177830459e-06	-1.93359051779e-06	-2.47295044394e-06	-3.17567051346e-06	-3.89626439192e-06	-2.1964285164e-07	-1.57635669924e-06	-1.69228710541e-06	-3.09304499345e-06	-3.19965463238e-06	-4.62888164882e-06	-4.69457677403e-06	-6.11645982049e-06	-6.27203305497e-06	-7.64579984601e-06	133.972773198	134.411108824	134.84944445	135.287780076	135.726115702	136.164451328	136.602786954	137.04112258	137.479458205	137.917793831	-3.14566613334	-3.34391218051	-3.54215822768	-3.74040427485	-3.93865032203	-4.1368963692	-4.33514241637	-4.53338846354	-4.73163451071	-4.92988055789	1.99553637029	1.99553637029	1.99553637029	1.99553637029	1.99553637029	1.99553637029	1.99553637029	1.99553637029	1.99553637029	1.99553637029	
