0.0166666666667	0.0	0.0	0.0	0.0	0.0	0.0	0.0	0.0	0.0	0.0	0.0	0.0	0.0	0.0	0.0	0.0	0.0	0.0	0.0	0.0	0.0	0.0	0.0	0.0	0.0	0.0	0.0	0.0	0.0	0.0	0.0	0.0	0.0	0.0	0.0	0.0	0.0	0.0	0.0	0.0	0.0	0.0	0.0	0.0	0.0	0.0	0.0	0.0	0.0	0.0	0.0	0.0	0.0	0.0	0.0	0.0	0.0	0.0	0.0	0.0	
0.0333333333333	0.0	0.0	0.0	0.0	0.0	0.0	0.0	0.0	0.0	0.0	0.0	0.0	0.0	0.0	0.0	0.0	0.0	0.0	0.0	0.0	0.0	0.0	0.0	0.0	0.0	0.0	0.0	0.0	0.0	0.0	0.0	0.0	0.0	0.0	0.0	0.0	0.0	0.0	0.0	0.0	0.0	0.0	0.0	0.0	0.0	0.0	0.0	0.0	0.0	0.0	0.0	0.0	0.0	0.0	0.0	0.0	0.0	0.0	0.0	0.0	
0.05	0.0	0.0	0.0	0.0	0.0	0.0	0.0	0.0	0.0	0.0	0.0	0.0	0.0	0.0	0.0	0.0	0.0	0.0	0.0	0.0	0.0	0.0	0.0	0.0	0.0	0.0	0.0	0.0	0.0	0.0	0.0	0.0	0.0	0.0	0.0	0.0	0.0	0.0	0.0	0.0	0.0	0.0	0.0	0.0	0.0	0.0	0.0	0.0	0.0	0.0	0.0	0.0	0.0	0.0	0.0	0.0	0.0	0.0	0.0	0.0	
0.0666666666667	0.0	0.0	0.0	0.0	0.0	0.0	0.0	0.0	0.0	0.0	0.0	0.0	0.0	0.0	0.0	0.0	0.0	0.0	0.0	0.0	0.0	0.0	0.0	0.0	0.0	0.0	0.0	0.0	0.0	0.0	0.0	0.0	0.0	0.0	0.0	0.0	0.0	0.0	0.0	0.0	0.0	0.0	0.0	0.0	0.0	0.0	0.0	0.0	0.0	0.0	0.0	0.0	0.0	0.0	0.0	0.0	0.0	0.0	0.0	0.0	
0.0833333333333	0.0	0.0	0.0	0.0	0.0	0.0	0.0	0.0	0.0	0.0	0.0	0.0	0.0	0.0	0.0	0.0	0.0	0.0	0.0	0.0	0.0	0.0	0.0	0.0	0.0	0.0	0.0	0.0	0.0	0.0	0.0	0.0	0.0	0.0	0.0	0.0	0.0	0.0	0.0	0.0	0.0	0.0	0.0	0.0	0.0	0.0	0.0	0.0	0.0	0.0	0.0	0.0	0.0	0.0	0.0	0.0	0.0	0.0	0.0	0.0	
0.1	0.0	0.0	0.0	0.0	0.0	0.0	0.0	0.0	0.0	0.0	0.0	0.0	0.0	0.0	0.0	0.0	0.0	0.0	0.0	0.0	0.0	0.0	0.0	0.0	0.0	0.0	0.0	0.0	0.0	0.0	0.0	0.0	0.0	0.0	0.0	0.0	0.0	0.0	0.0	0.0	0.0	0.0	0.0	0.0	0.0	0.0	0.0	0.0	0.0	0.0	0.0	0.0	0.0	0.0	0.0	0.0	0.0	0.0	0.0	0.0	
0.116666666667	0.0	0.0	0.0	0.0	0.0	0.0	0.0	0.0	0.0	0.0	0.0	0.0	0.0	0.0	0.0	0.0	0.0	0.0	0.0	0.0	0.0	0.0	0.0	0.0	0.0	0.0	0.0	0.0	0.0	0.0	0.0	0.0	0.0	0.0	0.0	0.0	0.0	0.0	0.0	0.0	0.0	0.0	0.0	0.0	0.0	0.0	0.0	0.0	0.0	0.0	0.0	0.0	0.0	0.0	0.0	0.0	0.0	0.0	0.0	0.0	
0.133333333333	0.0	0.0	0.0	0.0	0.0	0.0	0.0	0.0	0.0	0.0	0.0	0.0	0.0	0.0	0.0	0.0	0.0	0.0	0.0	0.0	0.0	0.0	0.0	0.0	0.0	0.0	0.0	0.0	0.0	0.0	0.0	0.0	0.0	0.0	0.0	0.0	0.0	0.0	0.0	0.0	0.0	0.0	0.0	0.0	0.0	0.0	0.0	0.0	0.0	0.0	0.0	0.0	0.0	0.0	0.0	0.0	0.0	0.0	0.0	0.0	
0.15	0.0	0.0	0.0	0.0	0.0	0.0	0.0	0.0	0.0	0.0	0.0	0.0	0.0	0.0	0.0	0.0	0.0	0.0	0.0	0.0	0.0	0.0	0.0	0.0	0.0	0.0	0.0	0.0	0.0	0.0	0.0	0.0	0.0	0.0	0.0	0.0	0.0	0.0	0.0	0.0	0.0	0.0	0.0	0.0	0.0	0.0	0.0	0.0	0.0	0.0	0.0	0.0	0.0	0.0	0.0	0.0	0.0	0.0	0.0	0.0	
0.166666666667	0.0	0.0	0.0	0.0	0.0	0.0	0.0	0.0	0.0	0.0	0.0	0.0	0.0	0.0	0.0	0.0	0.0	0.0	0.0	0.0	0.0	0.0	0.0	0.0	0.0	0.0	0.0	0.0	0.0	0.0	0.0	0.0	0.0	0.0	0.0	0.0	0.0	0.0	0.0	0.0	0.0	0.0	0.0	0.0	0.0	0.0	0.0	0.0	0.0	0.0	0.0	0.0	0.0	0.0	0.0	0.0	0.0	0.0	0.0	0.0	
0.183333333333	0.0	0.0	0.0	0.0	0.0	0.0	0.0	0.0	0.0	0.0	0.0	0.0	0.0	0.0	0.0	0.0	0.0	0.0	0.0	0.0	0.0	0.0	0.0	0.0	0.0	0.0	0.0	0.0	0.0	0.0	0.0	0.0	0.0	0.0	0.0	0.0	0.0	0.0	0.0	0.0	0.0	0.0	0.0	0.0	0.0	0.0	0.0	0.0	0.0	0.0	0.0	0.0	0.0	0.0	0.0	0.0	0.0	0.0	0.0	0.0	
0.2	0.0	0.0	0.0	0.0	0.0	0.0	0.0	0.0	0.0	0.0	0.0	0.0	0.0	0.0	0.0	0.0	0.0	0.0	0.0	0.0	0.0	0.0	0.0	0.0	0.0	0.0	0.0	0.0	0.0	0.0	0.0	0.0	0.0	0.0	0.0	0.0	0.0	0.0	0.0	0.0	0.0	0.0	0.0	0.0	0.0	0.0	0.0	0.0	0.0	0.0	0.0	0.0	0.0	0.0	0.0	0.0	0.0	0.0	0.0	0.0	
0.216666666667	0.0	0.0	0.0	0.0	0.0	0.0	0.0	0.0	0.0	0.0	0.0	0.0	0.0	0.0	0.0	0.0	0.0	0.0	0.0	0.0	0.0	0.0	0.0	0.0	0.0	0.0	0.0	0.0	0.0	0.0	0.0	0.0	0.0	0.0	0.0	0.0	0.0	0.0	0.0	0.0	0.0	0.0	0.0	0.0	0.0	0.0	0.0	0.0	0.0	0.0	0.0	0.0	0.0	0.0	0.0	0.0	0.0	0.0	0.0	0.0	
0.233333333333	0.0	0.0	0.0	0.0	0.0	0.0	0.0	0.0	0.0	0.0	0.0	0.0	0.0	0.0	0.0	0.0	0.0	0.0	0.0	0.0	0.0	0.0	0.0	0.0	0.0	0.0	0.0	0.0	0.0	0.0	0.0	0.0	0.0	0.0	0.0	0.0	0.0	0.0	0.0	0.0	0.0	0.0	0.0	0.0	0.0	0.0	0.0	0.0	0.0	0.0	0.0	0.0	0.0	0.0	0.0	0.0	0.0	0.0	0.0	0.0	
0.25	0.0	0.0	0.0	0.0	0.0	0.0	0.0	0.0	0.0	0.0	0.0	0.0	0.0	0.0	0.0	0.0	0.0	0.0	0.0	0.0	0.0	0.0	0.0	0.0	0.0	0.0	0.0	0.0	0.0	0.0	0.0	0.0	0.0	0.0	0.0	0.0	0.0	0.0	0.0	0.0	0.0	0.0	0.0	0.0	0.0	0.0	0.0	0.0	0.0	0.0	0.0	0.0	0.0	0.0	0.0	0.0	0.0	0.0	0.0	0.0	
0.266666666667	0.0	0.0	0.0	0.0	0.0	0.0	0.0	0.0	0.0	0.0	0.0	0.0	0.0	0.0	0.0	0.0	0.0	0.0	0.0	0.0	0.0	0.0	0.0	0.0	0.0	0.0	0.0	0.0	0.0	0.0	0.0	0.0	0.0	0.0	0.0	0.0	0.0	0.0	0.0	0.0	0.0	0.0	0.0	0.0	0.0	0.0	0.0	0.0	0.0	0.0	0.0	0.0	0.0	0.0	0.0	0.0	0.0	0.0	0.0	0.0	
0.283333333333	0.0	0.0	0.0	0.0	0.0	0.0	0.0	0.0	0.0	0.0	0.0	0.0	0.0	0.0	0.0	0.0	0.0	0.0	0.0	0.0	0.0	0.0	0.0	0.0	0.0	0.0	0.0	0.0	0.0	0.0	0.0	0.0	0.0	0.0	0.0	0.0	0.0	0.0	0.0	0.0	0.0	0.0	0.0	0.0	0.0	0.0	0.0	0.0	0.0	0.0	0.0	0.0	0.0	0.0	0.0	0.0	0.0	0.0	0.0	0.0	
0.3	0.0	0.0	0.0	0.0	0.0	0.0	0.0	0.0	0.0	0.0	0.0	0.0	0.0	0.0	0.0	0.0	0.0	0.0	0.0	0.0	0.0	0.0	0.0	0.0	0.0	0.0	0.0	0.0	0.0	0.0	0.0	0.0	0.0	0.0	0.0	0.0	0.0	0.0	0.0	0.0	0.0	0.0	0.0	0.0	0.0	0.0	0.0	0.0	0.0	0.0	0.0	0.0	0.0	0.0	0.0	0.0	0.0	0.0	0.0	0.0	
0.316666666667	0.0	0.0	0.0	0.0	0.0	0.0	0.0	0.0	0.0	0.0	0.0	0.0	0.0	0.0	0.0	0.0	0.0	0.0	0.0	0.0	0.0	0.0	0.0	0.0	0.0	0.0	0.0	0.0	0.0	0.0	0.0	0.0	0.0	0.0	0.0	0.0	0.0	0.0	0.0	0.0	0.0	0.0	0.0	0.0	0.0	0.0	0.0	0.0	0.0	0.0	0.0	0.0	0.0	0.0	0.0	0.0	0.0	0.0	0.0	0.0	
0.333333333333	0.0	0.0	0.0	0.0	0.0	0.0	0.0	0.0	0.0	0.0	0.0	0.0	0.0	0.0	0.0	0.0	0.0	0.0	0.0	0.0	0.0	0.0	0.0	0.0	0.0	0.0	0.0	0.0	0.0	0.0	0.0	0.0	0.0	0.0	0.0	0.0	0.0	0.0	0.0	0.0	0.0	0.0	0.0	0.0	0.0	0.0	0.0	0.0	0.0	0.0	0.0	0.0	0.0	0.0	0.0	0.0	0.0	0.0	0.0	0.0	
0.35	0.0	0.0	0.0	0.0	0.0	0.0	0.0	0.0	0.0	0.0	0.0	0.0	0.0	0.0	0.0	0.0	0.0	0.0	0.0	0.0	0.0	0.0	0.0	0.0	0.0	0.0	0.0	0.0	0.0	0.0	0.0	0.0	0.0	0.0	0.0	0.0	0.0	0.0	0.0	0.0	0.0	0.0	0.0	0.0	0.0	0.0	0.0	0.0	0.0	0.0	0.0	0.0	0.0	0.0	0.0	0.0	0.0	0.0	0.0	0.0	
0.366666666667	0.0	0.0	0.0	0.0	0.0	0.0	0.0	0.0	0.0	0.0	0.0	0.0	0.0	0.0	0.0	0.0	0.0	0.0	0.0	0.0	0.0	0.0	0.0	0.0	0.0	0.0	0.0	0.0	0.0	0.0	0.0	0.0	0.0	0.0	0.0	0.0	0.0	0.0	0.0	0.0	0.0	0.0	0.0	0.0	0.0	0.0	0.0	0.0	0.0	0.0	0.0	0.0	0.0	0.0	0.0	0.0	0.0	0.0	0.0	0.0	
0.383333333333	0.0	0.0	0.0	0.0	0.0	0.0	0.0	0.0	0.0	0.0	0.0	0.0	0.0	0.0	0.0	0.0	0.0	0.0	0.0	0.0	0.0	0.0	0.0	0.0	0.0	0.0	0.0	0.0	0.0	0.0	0.0	0.0	0.0	0.0	0.0	0.0	0.0	0.0	0.0	0.0	0.0	0.0	0.0	0.0	0.0	0.0	0.0	0.0	0.0	0.0	0.0	0.0	0.0	0.0	0.0	0.0	0.0	0.0	0.0	0.0	
0.4	0.0	0.0	0.0	0.0	0.0	0.0	0.0	0.0	0.0	0.0	0.0	0.0	0.0	0.0	0.0	0.0	0.0	0.0	0.0	0.0	0.0	0.0	0.0	0.0	0.0	0.0	0.0	0.0	0.0	0.0	0.0	0.0	0.0	0.0	0.0	0.0	0.0	0.0	0.0	0.0	0.0	0.0	0.0	0.0	0.0	0.0	0.0	0.0	0.0	0.0	0.0	0.0	0.0	0.0	0.0	0.0	0.0	0.0	0.0	0.0	
0.416666666667	0.0	0.0	0.0	0.0	0.0	0.0	0.0	0.0	0.0	0.0	0.0	0.0	0.0	0.0	0.0	0.0	0.0	0.0	0.0	0.0	0.0	0.0	0.0	0.0	0.0	0.0	0.0	0.0	0.0	0.0	0.0	0.0	0.0	0.0	0.0	0.0	0.0	0.0	0.0	0.0	0.0	0.0	0.0	0.0	0.0	0.0	0.0	0.0	0.0	0.0	0.0	0.0	0.0	0.0	0.0	0.0	0.0	0.0	0.0	0.0	
0.433333333333	0.0	0.0	0.0	0.0	0.0	0.0	0.0	0.0	0.0	0.0	0.0	0.0	0.0	0.0	0.0	0.0	0.0	0.0	0.0	0.0	0.0	0.0	0.0	0.0	0.0	0.0	0.0	0.0	0.0	0.0	0.0	0.0	0.0	0.0	0.0	0.0	0.0	0.0	0.0	0.0	0.0	0.0	0.0	0.0	0.0	0.0	0.0	0.0	0.0	0.0	0.0	0.0	0.0	0.0	0.0	0.0	0.0	0.0	0.0	0.0	
0.45	0.0	0.0	0.0	0.0	0.0	0.0	0.0	0.0	0.0	0.0	0.0	0.0	0.0	0.0	0.0	0.0	0.0	0.0	0.0	0.0	0.0	0.0	0.0	0.0	0.0	0.0	0.0	0.0	0.0	0.0	0.0	0.0	0.0	0.0	0.0	0.0	0.0	0.0	0.0	0.0	0.0	0.0	0.0	0.0	0.0	0.0	0.0	0.0	0.0	0.0	0.0	0.0	0.0	0.0	0.0	0.0	0.0	0.0	0.0	0.0	
0.466666666667	0.0	0.0	0.0	0.0	0.0	0.0	0.0	0.0	0.0	0.0	0.0	0.0	0.0	0.0	0.0	0.0	0.0	0.0	0.0	0.0	0.0	0.0	0.0	0.0	0.0	0.0	0.0	0.0	0.0	0.0	0.0	0.0	0.0	0.0	0.0	0.0	0.0	0.0	0.0	0.0	0.0	0.0	0.0	0.0	0.0	0.0	0.0	0.0	0.0	0.0	0.0	0.0	0.0	0.0	0.0	0.0	0.0	0.0	0.0	0.0	
0.483333333333	0.0	0.0	0.0	0.0	0.0	0.0	0.0	0.0	0.0	0.0	0.0	0.0	0.0	0.0	0.0	0.0	0.0	0.0	0.0	0.0	0.0	0.0	0.0	0.0	0.0	0.0	0.0	0.0	0.0	0.0	0.0	0.0	0.0	0.0	0.0	0.0	0.0	0.0	0.0	0.0	0.0	0.0	0.0	0.0	0.0	0.0	0.0	0.0	0.0	0.0	0.0	0.0	0.0	0.0	0.0	0.0	0.0	0.0	0.0	0.0	
0.5	0.0	0.0	0.0	0.0	0.0	0.0	0.0	0.0	0.0	0.0	0.0	0.0	0.0	0.0	0.0	0.0	0.0	0.0	0.0	0.0	0.0	0.0	0.0	0.0	0.0	0.0	0.0	0.0	0.0	0.0	0.0	0.0	0.0	0.0	0.0	0.0	0.0	0.0	0.0	0.0	0.0	0.0	0.0	0.0	0.0	0.0	0.0	0.0	0.0	0.0	0.0	0.0	0.0	0.0	0.0	0.0	0.0	0.0	0.0	0.0	
0.516666666667	0.0	0.0	0.0	0.0	0.0	0.0	0.0	0.0	0.0	0.0	0.0	0.0	0.0	0.0	0.0	0.0	0.0	0.0	0.0	0.0	0.0	0.0	0.0	0.0	0.0	0.0	0.0	0.0	0.0	0.0	0.0	0.0	0.0	0.0	0.0	0.0	0.0	0.0	0.0	0.0	0.0	0.0	0.0	0.0	0.0	0.0	0.0	0.0	0.0	0.0	0.0	0.0	0.0	0.0	0.0	0.0	0.0	0.0	0.0	0.0	
0.533333333333	0.0	0.0	0.0	0.0	0.0	0.0	0.0	0.0	0.0	0.0	0.0	0.0	0.0	0.0	0.0	0.0	0.0	0.0	0.0	0.0	0.0	0.0	0.0	0.0	0.0	0.0	0.0	0.0	0.0	0.0	0.0	0.0	0.0	0.0	0.0	0.0	0.0	0.0	0.0	0.0	0.0	0.0	0.0	0.0	0.0	0.0	0.0	0.0	0.0	0.0	0.0	0.0	0.0	0.0	0.0	0.0	0.0	0.0	0.0	0.0	
0.55	0.0	0.0	0.0	0.0	0.0	0.0	0.0	0.0	0.0	0.0	0.0	0.0	0.0	0.0	0.0	0.0	0.0	0.0	0.0	0.0	0.0	0.0	0.0	0.0	0.0	0.0	0.0	0.0	0.0	0.0	0.0	0.0	0.0	0.0	0.0	0.0	0.0	0.0	0.0	0.0	0.0	0.0	0.0	0.0	0.0	0.0	0.0	0.0	0.0	0.0	0.0	0.0	0.0	0.0	0.0	0.0	0.0	0.0	0.0	0.0	
0.566666666667	0.0	0.0	0.0	0.0	0.0	0.0	0.0	0.0	0.0	0.0	0.0	0.0	0.0	0.0	0.0	0.0	0.0	0.0	0.0	0.0	0.0	0.0	0.0	0.0	0.0	0.0	0.0	0.0	0.0	0.0	0.0	0.0	0.0	0.0	0.0	0.0	0.0	0.0	0.0	0.0	0.0	0.0	0.0	0.0	0.0	0.0	0.0	0.0	0.0	0.0	0.0	0.0	0.0	0.0	0.0	0.0	0.0	0.0	0.0	0.0	
0.583333333333	0.0	0.0	0.0	0.0	0.0	0.0	0.0	0.0	0.0	0.0	0.0	0.0	0.0	0.0	0.0	0.0	0.0	0.0	0.0	0.0	0.0	0.0	0.0	0.0	0.0	0.0	0.0	0.0	0.0	0.0	0.0	0.0	0.0	0.0	0.0	0.0	0.0	0.0	0.0	0.0	0.0	0.0	0.0	0.0	0.0	0.0	0.0	0.0	0.0	0.0	0.0	0.0	0.0	0.0	0.0	0.0	0.0	0.0	0.0	0.0	
0.6	0.0	0.0	0.0	0.0	0.0	0.0	0.0	0.0	0.0	0.0	0.0	0.0	0.0	0.0	0.0	0.0	0.0	0.0	0.0	0.0	0.0	0.0	0.0	0.0	0.0	0.0	0.0	0.0	0.0	0.0	0.0	0.0	0.0	0.0	0.0	0.0	0.0	0.0	0.0	0.0	0.0	0.0	0.0	0.0	0.0	0.0	0.0	0.0	0.0	0.0	0.0	0.0	0.0	0.0	0.0	0.0	0.0	0.0	0.0	0.0	
0.616666666667	0.0	0.0	0.0	0.0	0.0	0.0	0.0	0.0	0.0	0.0	0.0	0.0	0.0	0.0	0.0	0.0	0.0	0.0	0.0	0.0	0.0	0.0	0.0	0.0	0.0	0.0	0.0	0.0	0.0	0.0	0.0	0.0	0.0	0.0	0.0	0.0	0.0	0.0	0.0	0.0	0.0	0.0	0.0	0.0	0.0	0.0	0.0	0.0	0.0	0.0	0.0	0.0	0.0	0.0	0.0	0.0	0.0	0.0	0.0	0.0	
0.633333333333	0.0	0.0	0.0	0.0	0.0	0.0	0.0	0.0	0.0	0.0	0.0	0.0	0.0	0.0	0.0	0.0	0.0	0.0	0.0	0.0	0.0	0.0	0.0	0.0	0.0	0.0	0.0	0.0	0.0	0.0	0.0	0.0	0.0	0.0	0.0	0.0	0.0	0.0	0.0	0.0	0.0	0.0	0.0	0.0	0.0	0.0	0.0	0.0	0.0	0.0	0.0	0.0	0.0	0.0	0.0	0.0	0.0	0.0	0.0	0.0	
0.65	0.0	0.0	0.0	0.0	0.0	0.0	0.0	0.0	0.0	0.0	0.0	0.0	0.0	0.0	0.0	0.0	0.0	0.0	0.0	0.0	0.0	0.0	0.0	0.0	0.0	0.0	0.0	0.0	0.0	0.0	0.0	0.0	0.0	0.0	0.0	0.0	0.0	0.0	0.0	0.0	0.0	0.0	0.0	0.0	0.0	0.0	0.0	0.0	0.0	0.0	0.0	0.0	0.0	0.0	0.0	0.0	0.0	0.0	0.0	0.0	
0.666666666667	0.0	0.0	0.0	0.0	0.0	0.0	0.0	0.0	0.0	0.0	0.0	0.0	0.0	0.0	0.0	0.0	0.0	0.0	0.0	0.0	0.0	0.0	0.0	0.0	0.0	0.0	0.0	0.0	0.0	0.0	0.0	0.0	0.0	0.0	0.0	0.0	0.0	0.0	0.0	0.0	0.0	0.0	0.0	0.0	0.0	0.0	0.0	0.0	0.0	0.0	0.0	0.0	0.0	0.0	0.0	0.0	0.0	0.0	0.0	0.0	
0.683333333333	0.0	0.0	0.0	0.0	0.0	0.0	0.0	0.0	0.0	0.0	0.0	0.0	0.0	0.0	0.0	0.0	0.0	0.0	0.0	0.0	0.0	0.0	0.0	0.0	0.0	0.0	0.0	0.0	0.0	0.0	0.0	0.0	0.0	0.0	0.0	0.0	0.0	0.0	0.0	0.0	0.0	0.0	0.0	0.0	0.0	0.0	0.0	0.0	0.0	0.0	0.0	0.0	0.0	0.0	0.0	0.0	0.0	0.0	0.0	0.0	
0.7	0.0	0.0	0.0	0.0	0.0	0.0	0.0	0.0	0.0	0.0	0.0	0.0	0.0	0.0	0.0	0.0	0.0	0.0	0.0	0.0	0.0	0.0	0.0	0.0	0.0	0.0	0.0	0.0	0.0	0.0	0.0	0.0	0.0	0.0	0.0	0.0	0.0	0.0	0.0	0.0	0.0	0.0	0.0	0.0	0.0	0.0	0.0	0.0	0.0	0.0	0.0	0.0	0.0	0.0	0.0	0.0	0.0	0.0	0.0	0.0	
0.716666666667	0.0	0.0	0.0	0.0	0.0	0.0	0.0	0.0	0.0	0.0	0.0	0.0	0.0	0.0	0.0	0.0	0.0	0.0	0.0	0.0	0.0	0.0	0.0	0.0	0.0	0.0	0.0	0.0	0.0	0.0	0.0	0.0	0.0	0.0	0.0	0.0	0.0	0.0	0.0	0.0	0.0	0.0	0.0	0.0	0.0	0.0	0.0	0.0	0.0	0.0	0.0	0.0	0.0	0.0	0.0	0.0	0.0	0.0	0.0	0.0	
0.733333333333	0.0	0.0	0.0	0.0	0.0	0.0	0.0	0.0	0.0	0.0	0.0	0.0	0.0	0.0	0.0	0.0	0.0	0.0	0.0	0.0	0.0	0.0	0.0	0.0	0.0	0.0	0.0	0.0	0.0	0.0	0.0	0.0	0.0	0.0	0.0	0.0	0.0	0.0	0.0	0.0	0.0	0.0	0.0	0.0	0.0	0.0	0.0	0.0	0.0	0.0	0.0	0.0	0.0	0.0	0.0	0.0	0.0	0.0	0.0	0.0	
0.75	0.0	0.0	0.0	0.0	0.0	0.0	0.0	0.0	0.0	0.0	0.0	0.0	0.0	0.0	0.0	0.0	0.0	0.0	0.0	0.0	0.0	0.0	0.0	0.0	0.0	0.0	0.0	0.0	0.0	0.0	0.0	0.0	0.0	0.0	0.0	0.0	0.0	0.0	0.0	0.0	0.0	0.0	0.0	0.0	0.0	0.0	0.0	0.0	0.0	0.0	0.0	0.0	0.0	0.0	0.0	0.0	0.0	0.0	0.0	0.0	
0.766666666667	0.0	0.0	0.0	0.0	0.0	0.0	0.0	0.0	0.0	0.0	0.0	0.0	0.0	0.0	0.0	0.0	0.0	0.0	0.0	0.0	0.0	0.0	0.0	0.0	0.0	0.0	0.0	0.0	0.0	0.0	0.0	0.0	0.0	0.0	0.0	0.0	0.0	0.0	0.0	0.0	0.0	0.0	0.0	0.0	0.0	0.0	0.0	0.0	0.0	0.0	0.0	0.0	0.0	0.0	0.0	0.0	0.0	0.0	0.0	0.0	
0.783333333333	0.0	0.0	0.0	0.0	0.0	0.0	0.0	0.0	0.0	0.0	0.0	0.0	0.0	0.0	0.0	0.0	0.0	0.0	0.0	0.0	0.0	0.0	0.0	0.0	0.0	0.0	0.0	0.0	0.0	0.0	0.0	0.0	0.0	0.0	0.0	0.0	0.0	0.0	0.0	0.0	0.0	0.0	0.0	0.0	0.0	0.0	0.0	0.0	0.0	0.0	0.0	0.0	0.0	0.0	0.0	0.0	0.0	0.0	0.0	0.0	
0.8	0.0	0.0	0.0	0.0	0.0	0.0	0.0	0.0	0.0	0.0	0.0	0.0	0.0	0.0	0.0	0.0	0.0	0.0	0.0	0.0	0.0	0.0	0.0	0.0	0.0	0.0	0.0	0.0	0.0	0.0	0.0	0.0	0.0	0.0	0.0	0.0	0.0	0.0	0.0	0.0	0.0	0.0	0.0	0.0	0.0	0.0	0.0	0.0	0.0	0.0	0.0	0.0	0.0	0.0	0.0	0.0	0.0	0.0	0.0	0.0	
0.816666666667	0.0	0.0	0.0	0.0	0.0	0.0	0.0	0.0	0.0	0.0	0.0	0.0	0.0	0.0	0.0	0.0	0.0	0.0	0.0	0.0	0.0	0.0	0.0	0.0	0.0	0.0	0.0	0.0	0.0	0.0	0.0	0.0	0.0	0.0	0.0	0.0	0.0	0.0	0.0	0.0	0.0	0.0	0.0	0.0	0.0	0.0	0.0	0.0	0.0	0.0	0.0	0.0	0.0	0.0	0.0	0.0	0.0	0.0	0.0	0.0	
0.833333333333	0.0	0.0	0.0	0.0	0.0	0.0	0.0	0.0	0.0	0.0	0.0	0.0	0.0	0.0	0.0	0.0	0.0	0.0	0.0	0.0	0.0	0.0	0.0	0.0	0.0	0.0	0.0	0.0	0.0	0.0	0.0	0.0	0.0	0.0	0.0	0.0	0.0	0.0	0.0	0.0	0.0	0.0	0.0	0.0	0.0	0.0	0.0	0.0	0.0	0.0	0.0	0.0	0.0	0.0	0.0	0.0	0.0	0.0	0.0	0.0	
0.85	0.0	0.0	0.0	0.0	0.0	0.0	0.0	0.0	0.0	0.0	0.0	0.0	0.0	0.0	0.0	0.0	0.0	0.0	0.0	0.0	0.0	0.0	0.0	0.0	0.0	0.0	0.0	0.0	0.0	0.0	0.0	0.0	0.0	0.0	0.0	0.0	0.0	0.0	0.0	0.0	0.0	0.0	0.0	0.0	0.0	0.0	0.0	0.0	0.0	0.0	0.0	0.0	0.0	0.0	0.0	0.0	0.0	0.0	0.0	0.0	
0.866666666667	0.0	0.0	0.0	0.0	0.0	0.0	0.0	0.0	0.0	0.0	0.0	0.0	0.0	0.0	0.0	0.0	0.0	0.0	0.0	0.0	0.0	0.0	0.0	0.0	0.0	0.0	0.0	0.0	0.0	0.0	0.0	0.0	0.0	0.0	0.0	0.0	0.0	0.0	0.0	0.0	0.0	0.0	0.0	0.0	0.0	0.0	0.0	0.0	0.0	0.0	0.0	0.0	0.0	0.0	0.0	0.0	0.0	0.0	0.0	0.0	
0.883333333333	0.0	0.0	0.0	0.0	0.0	0.0	0.0	0.0	0.0	0.0	0.0	0.0	0.0	0.0	0.0	0.0	0.0	0.0	0.0	0.0	0.0	0.0	0.0	0.0	0.0	0.0	0.0	0.0	0.0	0.0	0.0	0.0	0.0	0.0	0.0	0.0	0.0	0.0	0.0	0.0	0.0	0.0	0.0	0.0	0.0	0.0	0.0	0.0	0.0	0.0	0.0	0.0	0.0	0.0	0.0	0.0	0.0	0.0	0.0	0.0	
0.9	0.0	0.0	0.0	0.0	0.0	0.0	0.0	0.0	0.0	0.0	0.0	0.0	0.0	0.0	0.0	0.0	0.0	0.0	0.0	0.0	0.0	0.0	0.0	0.0	0.0	0.0	0.0	0.0	0.0	0.0	0.0	0.0	0.0	0.0	0.0	0.0	0.0	0.0	0.0	0.0	0.0	0.0	0.0	0.0	0.0	0.0	0.0	0.0	0.0	0.0	0.0	0.0	0.0	0.0	0.0	0.0	0.0	0.0	0.0	0.0	
0.916666666667	0.0	0.0	0.0	0.0	0.0	0.0	0.0	0.0	0.0	0.0	0.0	0.0	0.0	0.0	0.0	0.0	0.0	0.0	0.0	0.0	0.0	0.0	0.0	0.0	0.0	0.0	0.0	0.0	0.0	0.0	0.0	0.0	0.0	0.0	0.0	0.0	0.0	0.0	0.0	0.0	0.0	0.0	0.0	0.0	0.0	0.0	0.0	0.0	0.0	0.0	0.0	0.0	0.0	0.0	0.0	0.0	0.0	0.0	0.0	0.0	
0.933333333333	0.0	0.0	0.0	0.0	0.0	0.0	0.0	0.0	0.0	0.0	0.0	0.0	0.0	0.0	0.0	0.0	0.0	0.0	0.0	0.0	0.0	0.0	0.0	0.0	0.0	0.0	0.0	0.0	0.0	0.0	0.0	0.0	0.0	0.0	0.0	0.0	0.0	0.0	0.0	0.0	0.0	0.0	0.0	0.0	0.0	0.0	0.0	0.0	0.0	0.0	0.0	0.0	0.0	0.0	0.0	0.0	0.0	0.0	0.0	0.0	
0.95	0.0	0.0	0.0	0.0	0.0	0.0	0.0	0.0	0.0	0.0	0.0	0.0	0.0	0.0	0.0	0.0	0.0	0.0	0.0	0.0	0.0	0.0	0.0	0.0	0.0	0.0	0.0	0.0	0.0	0.0	0.0	0.0	0.0	0.0	0.0	0.0	0.0	0.0	0.0	0.0	0.0	0.0	0.0	0.0	0.0	0.0	0.0	0.0	0.0	0.0	0.0	0.0	0.0	0.0	0.0	0.0	0.0	0.0	0.0	0.0	
0.966666666667	0.0	0.0	0.0	0.0	0.0	0.0	0.0	0.0	0.0	0.0	0.0	0.0	0.0	0.0	0.0	0.0	0.0	0.0	0.0	0.0	0.0	0.0	0.0	0.0	0.0	0.0	0.0	0.0	0.0	0.0	0.0	0.0	0.0	0.0	0.0	0.0	0.0	0.0	0.0	0.0	0.0	0.0	0.0	0.0	0.0	0.0	0.0	0.0	0.0	0.0	0.0	0.0	0.0	0.0	0.0	0.0	0.0	0.0	0.0	0.0	
0.983333333333	0.0	0.0	0.0	0.0	0.0	0.0	0.0	0.0	0.0	0.0	0.0	0.0	0.0	0.0	0.0	0.0	0.0	0.0	0.0	0.0	0.0	0.0	0.0	0.0	0.0	0.0	0.0	0.0	0.0	0.0	0.0	0.0	0.0	0.0	0.0	0.0	0.0	0.0	0.0	0.0	0.0	0.0	0.0	0.0	0.0	0.0	0.0	0.0	0.0	0.0	0.0	0.0	0.0	0.0	0.0	0.0	0.0	0.0	0.0	0.0	
1.0	0.0	0.0	0.0	0.0	0.0	0.0	0.0	0.0	0.0	0.0	0.0	0.0	0.0	0.0	0.0	0.0	0.0	0.0	0.0	0.0	0.0	0.0	0.0	0.0	0.0	0.0	0.0	0.0	0.0	0.0	0.0	0.0	0.0	0.0	0.0	0.0	0.0	0.0	0.0	0.0	0.0	0.0	0.0	0.0	0.0	0.0	0.0	0.0	0.0	0.0	0.0	0.0	0.0	0.0	0.0	0.0	0.0	0.0	0.0	0.0	
1.01666666667	0.0	0.0	0.0	0.0	0.0	0.0	0.0	0.0	0.0	0.0	0.0	0.0	0.0	0.0	0.0	0.0	0.0	0.0	0.0	0.0	0.0	0.0	0.0	0.0	0.0	0.0	0.0	0.0	0.0	0.0	0.0	0.0	0.0	0.0	0.0	0.0	0.0	0.0	0.0	0.0	0.0	0.0	0.0	0.0	0.0	0.0	0.0	0.0	0.0	0.0	0.0	0.0	0.0	0.0	0.0	0.0	0.0	0.0	0.0	0.0	
1.03333333333	0.0	0.0	0.0	0.0	0.0	0.0	0.0	0.0	0.0	0.0	0.0	0.0	0.0	0.0	0.0	0.0	0.0	0.0	0.0	0.0	0.0	0.0	0.0	0.0	0.0	0.0	0.0	0.0	0.0	0.0	0.0	0.0	0.0	0.0	0.0	0.0	0.0	0.0	0.0	0.0	0.0	0.0	0.0	0.0	0.0	0.0	0.0	0.0	0.0	0.0	0.0	0.0	0.0	0.0	0.0	0.0	0.0	0.0	0.0	0.0	
1.05	0.0	0.0	0.0	0.0	0.0	0.0	0.0	0.0	0.0	0.0	0.0	0.0	0.0	0.0	0.0	0.0	0.0	0.0	0.0	0.0	0.0	0.0	0.0	0.0	0.0	0.0	0.0	0.0	0.0	0.0	0.0	0.0	0.0	0.0	0.0	0.0	0.0	0.0	0.0	0.0	0.0	0.0	0.0	0.0	0.0	0.0	0.0	0.0	0.0	0.0	0.0	0.0	0.0	0.0	0.0	0.0	0.0	0.0	0.0	0.0	
1.06666666667	0.0	0.0	0.0	0.0	0.0	0.0	0.0	0.0	0.0	0.0	0.0	0.0	0.0	0.0	0.0	0.0	0.0	0.0	0.0	0.0	0.0	0.0	0.0	0.0	0.0	0.0	0.0	0.0	0.0	0.0	0.0	0.0	0.0	0.0	0.0	0.0	0.0	0.0	0.0	0.0	0.0	0.0	0.0	0.0	0.0	0.0	0.0	0.0	0.0	0.0	0.0	0.0	0.0	0.0	0.0	0.0	0.0	0.0	0.0	0.0	
1.08333333333	0.0	0.0	0.0	0.0	0.0	0.0	0.0	0.0	0.0	0.0	0.0	0.0	0.0	0.0	0.0	0.0	0.0	0.0	0.0	0.0	0.0	0.0	0.0	0.0	0.0	0.0	0.0	0.0	0.0	0.0	0.0	0.0	0.0	0.0	0.0	0.0	0.0	0.0	0.0	0.0	0.0	0.0	0.0	0.0	0.0	0.0	0.0	0.0	0.0	0.0	0.0	0.0	0.0	0.0	0.0	0.0	0.0	0.0	0.0	0.0	
1.1	63.6666666667	65.6666666667	67.6666666667	69.6666666667	71.6666666667	73.6666666667	75.6666666666	77.6666666666	79.6666666666	81.6666666666	0.0	0.0	4.74603621938e-06	-8.42829052929e-07	6.77905663386e-07	2.55457500883e-06	-1.4755439784e-06	-1.20807782181e-06	3.80436451482e-06	-4.31605535299e-06	0.0	2.37301810969e-06	-2.79443263616e-06	7.60367358158e-07	9.38334672724e-07	-2.01505949362e-06	1.33733078294e-07	2.50622116832e-06	-4.06020993392e-06	-3.65388559304e-06	119.962352481	119.898581991	119.834811501	119.771041011	119.707270521	119.643500031	119.579729541	119.515959051	119.452188561	119.388418071	-14.0483339603	-14.020923261	-13.9935125616	-13.9661018623	-13.9386911629	-13.9112804636	-13.8838697642	-13.8564590649	-13.8290483655	-13.8016376662	-1.16483870968	-1.16483870968	-1.16483870968	-1.16483870968	-1.16483870968	-1.16483870968	-1.16483870968	-1.16483870968	-1.16483870968	-1.16483870968	
1.11666666667	63.6666666667	65.6666666667	67.6666666667	69.6666666667	71.6666666667	73.6666666667	75.6666666666	77.6666666666	79.6666666666	81.6666666666	0.0	0.0	4.74603621938e-06	-8.42829052929e-07	6.77905663386e-07	2.55457500883e-06	-1.4755439784e-06	-1.20807782181e-06	3.80436451482e-06	-4.31605535299e-06	0.0	2.37301810969e-06	-2.79443263616e-06	7.60367358158e-07	9.38334672724e-07	-2.01505949362e-06	1.33733078294e-07	2.50622116832e-06	-4.06020993392e-06	-3.65388559304e-06	119.962352481	119.898581991	119.834811501	119.771041011	119.707270521	119.643500031	119.579729541	119.515959051	119.452188561	119.388418071	-14.0483339603	-14.020923261	-13.9935125616	-13.9661018623	-13.9386911629	-13.9112804636	-13.8838697642	-13.8564590649	-13.8290483655	-13.8016376662	-1.16483870968	-1.16483870968	-1.16483870968	-1.16483870968	-1.16483870968	-1.16483870968	-1.16483870968	-1.16483870968	-1.16483870968	-1.16483870968	
1.13333333333	63.6666666667	65.6666666667	67.6666666667	69.6666666667	71.6666666667	73.6666666667	75.6666666666	77.6666666666	79.6666666666	81.6666666666	0.0	0.0	4.74603621938e-06	-8.42829052929e-07	6.77905663386e-07	2.55457500883e-06	-1.4755439784e-06	-1.20807782181e-06	3.80436451482e-06	-4.31605535299e-06	0.0	2.37301810969e-06	-2.79443263616e-06	7.60367358158e-07	9.38334672724e-07	-2.01505949362e-06	1.33733078294e-07	2.50622116832e-06	-4.06020993392e-06	-3.65388559304e-06	119.962352481	119.898581991	119.834811501	119.771041011	119.707270521	119.643500031	119.579729541	119.515959051	119.452188561	119.388418071	-14.0483339603	-14.020923261	-13.9935125616	-13.9661018623	-13.9386911629	-13.9112804636	-13.8838697642	-13.8564590649	-13.8290483655	-13.8016376662	-1.16483870968	-1.16483870968	-1.16483870968	-1.16483870968	-1.16483870968	-1.16483870968	-1.16483870968	-1.16483870968	-1.16483870968	-1.16483870968	
1.15	63.6666666667	65.6666666667	67.6666666667	69.6666666667	71.6666666667	73.6666666667	75.6666666666	77.6666666666	79.6666666666	81.6666666666	0.0	0.0	4.74603621938e-06	-8.42829052929e-07	6.77905663386e-07	2.55457500883e-06	-1.4755439784e-06	-1.20807782181e-06	3.80436451482e-06	-4.31605535299e-06	0.0	2.37301810969e-06	-2.79443263616e-06	7.60367358158e-07	9.38334672724e-07	-2.01505949362e-06	1.33733078294e-07	2.50622116832e-06	-4.06020993392e-06	-3.65388559304e-06	119.962352481	119.898581991	119.834811501	119.771041011	119.707270521	119.643500031	119.579729541	119.515959051	119.452188561	119.388418071	-14.0483339603	-14.020923261	-13.9935125616	-13.9661018623	-13.9386911629	-13.9112804636	-13.8838697642	-13.8564590649	-13.8290483655	-13.8016376662	-1.16483870968	-1.16483870968	-1.16483870968	-1.16483870968	-1.16483870968	-1.16483870968	-1.16483870968	-1.16483870968	-1.16483870968	-1.16483870968	
1.16666666667	63.6666666667	65.6666666667	67.6666666667	69.6666666667	71.6666666667	73.6666666667	75.6666666666	77.6666666666	79.6666666666	81.6666666666	0.0	0.0	4.74603621938e-06	-8.42829052929e-07	6.77905663386e-07	2.55457500883e-06	-1.4755439784e-06	-1.20807782181e-06	3.80436451482e-06	-4.31605535299e-06	0.0	2.37301810969e-06	-2.79443263616e-06	7.60367358158e-07	9.38334672724e-07	-2.01505949362e-06	1.33733078294e-07	2.50622116832e-06	-4.06020993392e-06	-3.65388559304e-06	119.962352481	119.898581991	119.834811501	119.771041011	119.707270521	119.643500031	119.579729541	119.515959051	119.452188561	119.388418071	-14.0483339603	-14.020923261	-13.9935125616	-13.9661018623	-13.9386911629	-13.9112804636	-13.8838697642	-13.8564590649	-13.8290483655	-13.8016376662	-1.16483870968	-1.16483870968	-1.16483870968	-1.16483870968	-1.16483870968	-1.16483870968	-1.16483870968	-1.16483870968	-1.16483870968	-1.16483870968	
1.18333333333	63.6666666667	65.6666666667	67.6666666667	69.6666666667	71.6666666667	73.6666666667	75.6666666666	77.6666666666	79.6666666666	81.6666666666	0.0	0.0	4.74603621938e-06	-8.42829052929e-07	6.77905663386e-07	2.55457500883e-06	-1.4755439784e-06	-1.20807782181e-06	3.80436451482e-06	-4.31605535299e-06	0.0	2.37301810969e-06	-2.79443263616e-06	7.60367358158e-07	9.38334672724e-07	-2.01505949362e-06	1.33733078294e-07	2.50622116832e-06	-4.06020993392e-06	-3.65388559304e-06	119.962352481	119.898581991	119.834811501	119.771041011	119.707270521	119.643500031	119.579729541	119.515959051	119.452188561	119.388418071	-14.0483339603	-14.020923261	-13.9935125616	-13.9661018623	-13.9386911629	-13.9112804636	-13.8838697642	-13.8564590649	-13.8290483655	-13.8016376662	-1.16483870968	-1.16483870968	-1.16483870968	-1.16483870968	-1.16483870968	-1.16483870968	-1.16483870968	-1.16483870968	-1.16483870968	-1.16483870968	
1.2	63.6666666667	65.6666666667	67.6666666667	69.6666666667	71.6666666667	73.6666666667	75.6666666666	77.6666666666	79.6666666666	81.6666666666	0.0	0.0	4.74603621938e-06	-8.42829052929e-07	6.77905663386e-07	2.55457500883e-06	-1.4755439784e-06	-1.20807782181e-06	3.80436451482e-06	-4.31605535299e-06	0.0	2.37301810969e-06	-2.79443263616e-06	7.60367358158e-07	9.38334672724e-07	-2.01505949362e-06	1.33733078294e-07	2.50622116832e-06	-4.06020993392e-06	-3.65388559304e-06	119.962352481	119.898581991	119.834811501	119.771041011	119.707270521	119.643500031	119.579729541	119.515959051	119.452188561	119.388418071	-14.0483339603	-14.020923261	-13.9935125616	-13.9661018623	-13.9386911629	-13.9112804636	-13.8838697642	-13.8564590649	-13.8290483655	-13.8016376662	-1.16483870968	-1.16483870968	-1.16483870968	-1.16483870968	-1.16483870968	-1.16483870968	-1.16483870968	-1.16483870968	-1.16483870968	-1.16483870968	
1.21666666667	65.8912725004	67.8226025006	69.7539325008	71.685262501	73.6165925012	75.5479225015	77.4792525017	79.4105825019	81.3419125021	83.2732425024	0.0	0.0	-6.25446383531e-07	1.44223912814e-06	1.61687860814e-06	3.11877123908e-06	3.10305448063e-06	3.98788924105e-06	3.2832560522e-06	3.19446153815e-06	0.0	-3.23842317708e-07	1.07060187096e-06	9.04244639595e-08	7.77646818911e-07	-8.13779025035e-09	4.58147887886e-07	-3.64843495811e-07	-4.59758373959e-08	-7.99433195698e-07	119.842144775	119.710640069	119.579135362	119.447630656	119.316125949	119.184621243	119.053116536	118.92161183	118.790107123	118.658602417	-13.9966646494	-13.9401395078	-13.8836143662	-13.8270892247	-13.7705640831	-13.7140389415	-13.6575137999	-13.6009886583	-13.5444635168	-13.4879383752	-1.16483870968	-1.16483870968	-1.16483870968	-1.16483870968	-1.16483870968	-1.16483870968	-1.16483870968	-1.16483870968	-1.16483870968	-1.16483870968	
1.23333333333	65.8912725004	67.8226025006	69.7539325008	71.685262501	73.6165925012	75.5479225015	77.4792525017	79.4105825019	81.3419125021	83.2732425024	0.0	0.0	-6.25446383531e-07	1.44223912814e-06	1.61687860814e-06	3.11877123908e-06	3.10305448063e-06	3.98788924105e-06	3.2832560522e-06	3.19446153815e-06	0.0	-3.23842317708e-07	1.07060187096e-06	9.04244639595e-08	7.77646818911e-07	-8.13779025035e-09	4.58147887886e-07	-3.64843495811e-07	-4.59758373959e-08	-7.99433195698e-07	119.842144775	119.710640069	119.579135362	119.447630656	119.316125949	119.184621243	119.053116536	118.92161183	118.790107123	118.658602417	-13.9966646494	-13.9401395078	-13.8836143662	-13.8270892247	-13.7705640831	-13.7140389415	-13.6575137999	-13.6009886583	-13.5444635168	-13.4879383752	-1.16483870968	-1.16483870968	-1.16483870968	-1.16483870968	-1.16483870968	-1.16483870968	-1.16483870968	-1.16483870968	-1.16483870968	-1.16483870968	
1.25	65.8912725004	67.8226025006	69.7539325008	71.685262501	73.6165925012	75.5479225015	77.4792525017	79.4105825019	81.3419125021	83.2732425024	0.0	0.0	-6.25446383531e-07	1.44223912814e-06	1.61687860814e-06	3.11877123908e-06	3.10305448063e-06	3.98788924105e-06	3.2832560522e-06	3.19446153815e-06	0.0	-3.23842317708e-07	1.07060187096e-06	9.04244639595e-08	7.77646818911e-07	-8.13779025035e-09	4.58147887886e-07	-3.64843495811e-07	-4.59758373959e-08	-7.99433195698e-07	119.842144775	119.710640069	119.579135362	119.447630656	119.316125949	119.184621243	119.053116536	118.92161183	118.790107123	118.658602417	-13.9966646494	-13.9401395078	-13.8836143662	-13.8270892247	-13.7705640831	-13.7140389415	-13.6575137999	-13.6009886583	-13.5444635168	-13.4879383752	-1.16483870968	-1.16483870968	-1.16483870968	-1.16483870968	-1.16483870968	-1.16483870968	-1.16483870968	-1.16483870968	-1.16483870968	-1.16483870968	
1.26666666667	65.8912725004	67.8226025006	69.7539325008	71.685262501	73.6165925012	75.5479225015	77.4792525017	79.4105825019	81.3419125021	83.2732425024	0.0	0.0	-6.25446383531e-07	1.44223912814e-06	1.61687860814e-06	3.11877123908e-06	3.10305448063e-06	3.98788924105e-06	3.2832560522e-06	3.19446153815e-06	0.0	-3.23842317708e-07	1.07060187096e-06	9.04244639595e-08	7.77646818911e-07	-8.13779025035e-09	4.58147887886e-07	-3.64843495811e-07	-4.59758373959e-08	-7.99433195698e-07	119.842144775	119.710640069	119.579135362	119.447630656	119.316125949	119.184621243	119.053116536	118.92161183	118.790107123	118.658602417	-13.9966646494	-13.9401395078	-13.8836143662	-13.8270892247	-13.7705640831	-13.7140389415	-13.6575137999	-13.6009886583	-13.5444635168	-13.4879383752	-1.16483870968	-1.16483870968	-1.16483870968	-1.16483870968	-1.16483870968	-1.16483870968	-1.16483870968	-1.16483870968	-1.16483870968	-1.16483870968	
1.28333333333	65.8912725004	67.8226025006	69.7539325008	71.685262501	73.6165925012	75.5479225015	77.4792525017	79.4105825019	81.3419125021	83.2732425024	0.0	0.0	-6.25446383531e-07	1.44223912814e-06	1.61687860814e-06	3.11877123908e-06	3.10305448063e-06	3.98788924105e-06	3.2832560522e-06	3.19446153815e-06	0.0	-3.23842317708e-07	1.07060187096e-06	9.04244639595e-08	7.77646818911e-07	-8.13779025035e-09	4.58147887886e-07	-3.64843495811e-07	-4.59758373959e-08	-7.99433195698e-07	119.842144775	119.710640069	119.579135362	119.447630656	119.316125949	119.184621243	119.053116536	118.92161183	118.790107123	118.658602417	-13.9966646494	-13.9401395078	-13.8836143662	-13.8270892247	-13.7705640831	-13.7140389415	-13.6575137999	-13.6009886583	-13.5444635168	-13.4879383752	-1.16483870968	-1.16483870968	-1.16483870968	-1.16483870968	-1.16483870968	-1.16483870968	-1.16483870968	-1.16483870968	-1.16483870968	-1.16483870968	
1.3	65.8912725004	67.8226025006	69.7539325008	71.685262501	73.6165925012	75.5479225015	77.4792525017	79.4105825019	81.3419125021	83.2732425024	0.0	0.0	-6.25446383531e-07	1.44223912814e-06	1.61687860814e-06	3.11877123908e-06	3.10305448063e-06	3.98788924105e-06	3.2832560522e-06	3.19446153815e-06	0.0	-3.23842317708e-07	1.07060187096e-06	9.04244639595e-08	7.77646818911e-07	-8.13779025035e-09	4.58147887886e-07	-3.64843495811e-07	-4.59758373959e-08	-7.99433195698e-07	119.842144775	119.710640069	119.579135362	119.447630656	119.316125949	119.184621243	119.053116536	118.92161183	118.790107123	118.658602417	-13.9966646494	-13.9401395078	-13.8836143662	-13.8270892247	-13.7705640831	-13.7140389415	-13.6575137999	-13.6009886583	-13.5444635168	-13.4879383752	-1.16483870968	-1.16483870968	-1.16483870968	-1.16483870968	-1.16483870968	-1.16483870968	-1.16483870968	-1.16483870968	-1.16483870968	-1.16483870968	
1.31666666667	67.7343125006	69.6067825008	71.479252501	73.3517225013	75.2241925015	77.0966625017	78.9691325019	80.8416025022	82.7140725024	84.5865425026	0.0	0.0	5.24984131393e-07	1.90788487485e-07	1.07698072765e-06	1.13544452721e-06	3.42658696488e-06	6.48760503986e-06	8.8893341508e-06	1.13165400821e-05	0.0	2.80369849092e-07	-1.78478503724e-07	4.7327446638e-07	3.12228230889e-08	1.223593669e-06	1.63474879416e-06	1.28265291869e-06	1.29625891525e-06	7.00951700945e-07	119.679442468	119.495092678	119.310742889	119.126393099	118.942043309	118.757693519	118.573343729	118.388993939	118.204644149	118.020294359	-13.9267297308	-13.8474899967	-13.7682502626	-13.6890105285	-13.6097707944	-13.5305310604	-13.4512913263	-13.3720515922	-13.2928118581	-13.2135721241	-1.16483870968	-1.16483870968	-1.16483870968	-1.16483870968	-1.16483870968	-1.16483870968	-1.16483870968	-1.16483870968	-1.16483870968	-1.16483870968	
1.33333333333	67.7343125006	69.6067825008	71.479252501	73.3517225013	75.2241925015	77.0966625017	78.9691325019	80.8416025022	82.7140725024	84.5865425026	0.0	0.0	5.24984131393e-07	1.90788487485e-07	1.07698072765e-06	1.13544452721e-06	3.42658696488e-06	6.48760503986e-06	8.8893341508e-06	1.13165400821e-05	0.0	2.80369849092e-07	-1.78478503724e-07	4.7327446638e-07	3.12228230889e-08	1.223593669e-06	1.63474879416e-06	1.28265291869e-06	1.29625891525e-06	7.00951700945e-07	119.679442468	119.495092678	119.310742889	119.126393099	118.942043309	118.757693519	118.573343729	118.388993939	118.204644149	118.020294359	-13.9267297308	-13.8474899967	-13.7682502626	-13.6890105285	-13.6097707944	-13.5305310604	-13.4512913263	-13.3720515922	-13.2928118581	-13.2135721241	-1.16483870968	-1.16483870968	-1.16483870968	-1.16483870968	-1.16483870968	-1.16483870968	-1.16483870968	-1.16483870968	-1.16483870968	-1.16483870968	
1.35	67.7343125006	69.6067825008	71.479252501	73.3517225013	75.2241925015	77.0966625017	78.9691325019	80.8416025022	82.7140725024	84.5865425026	0.0	0.0	5.24984131393e-07	1.90788487485e-07	1.07698072765e-06	1.13544452721e-06	3.42658696488e-06	6.48760503986e-06	8.8893341508e-06	1.13165400821e-05	0.0	2.80369849092e-07	-1.78478503724e-07	4.7327446638e-07	3.12228230889e-08	1.223593669e-06	1.63474879416e-06	1.28265291869e-06	1.29625891525e-06	7.00951700945e-07	119.679442468	119.495092678	119.310742889	119.126393099	118.942043309	118.757693519	118.573343729	118.388993939	118.204644149	118.020294359	-13.9267297308	-13.8474899967	-13.7682502626	-13.6890105285	-13.6097707944	-13.5305310604	-13.4512913263	-13.3720515922	-13.2928118581	-13.2135721241	-1.16483870968	-1.16483870968	-1.16483870968	-1.16483870968	-1.16483870968	-1.16483870968	-1.16483870968	-1.16483870968	-1.16483870968	-1.16483870968	
1.36666666667	67.7343125006	69.6067825008	71.479252501	73.3517225013	75.2241925015	77.0966625017	78.9691325019	80.8416025022	82.7140725024	84.5865425026	0.0	0.0	5.24984131393e-07	1.90788487485e-07	1.07698072765e-06	1.13544452721e-06	3.42658696488e-06	6.48760503986e-06	8.8893341508e-06	1.13165400821e-05	0.0	2.80369849092e-07	-1.78478503724e-07	4.7327446638e-07	3.12228230889e-08	1.223593669e-06	1.63474879416e-06	1.28265291869e-06	1.29625891525e-06	7.00951700945e-07	119.679442468	119.495092678	119.310742889	119.126393099	118.942043309	118.757693519	118.573343729	118.388993939	118.204644149	118.020294359	-13.9267297308	-13.8474899967	-13.7682502626	-13.6890105285	-13.6097707944	-13.5305310604	-13.4512913263	-13.3720515922	-13.2928118581	-13.2135721241	-1.16483870968	-1.16483870968	-1.16483870968	-1.16483870968	-1.16483870968	-1.16483870968	-1.16483870968	-1.16483870968	-1.16483870968	-1.16483870968	
1.38333333333	67.7343125006	69.6067825008	71.479252501	73.3517225013	75.2241925015	77.0966625017	78.9691325019	80.8416025022	82.7140725024	84.5865425026	0.0	0.0	5.24984131393e-07	1.90788487485e-07	1.07698072765e-06	1.13544452721e-06	3.42658696488e-06	6.48760503986e-06	8.8893341508e-06	1.13165400821e-05	0.0	2.80369849092e-07	-1.78478503724e-07	4.7327446638e-07	3.12228230889e-08	1.223593669e-06	1.63474879416e-06	1.28265291869e-06	1.29625891525e-06	7.00951700945e-07	119.679442468	119.495092678	119.310742889	119.126393099	118.942043309	118.757693519	118.573343729	118.388993939	118.204644149	118.020294359	-13.9267297308	-13.8474899967	-13.7682502626	-13.6890105285	-13.6097707944	-13.5305310604	-13.4512913263	-13.3720515922	-13.2928118581	-13.2135721241	-1.16483870968	-1.16483870968	-1.16483870968	-1.16483870968	-1.16483870968	-1.16483870968	-1.16483870968	-1.16483870968	-1.16483870968	-1.16483870968	
1.4	67.7343125006	69.6067825008	71.479252501	73.3517225013	75.2241925015	77.0966625017	78.9691325019	80.8416025022	82.7140725024	84.5865425026	0.0	0.0	5.24984131393e-07	1.90788487485e-07	1.07698072765e-06	1.13544452721e-06	3.42658696488e-06	6.48760503986e-06	8.8893341508e-06	1.13165400821e-05	0.0	2.80369849092e-07	-1.78478503724e-07	4.7327446638e-07	3.12228230889e-08	1.223593669e-06	1.63474879416e-06	1.28265291869e-06	1.29625891525e-06	7.00951700945e-07	119.679442468	119.495092678	119.310742889	119.126393099	118.942043309	118.757693519	118.573343729	118.388993939	118.204644149	118.020294359	-13.9267297308	-13.8474899967	-13.7682502626	-13.6890105285	-13.6097707944	-13.5305310604	-13.4512913263	-13.3720515922	-13.2928118581	-13.2135721241	-1.16483870968	-1.16483870968	-1.16483870968	-1.16483870968	-1.16483870968	-1.16483870968	-1.16483870968	-1.16483870968	-1.16483870968	-1.16483870968	
1.41666666667	69.5184925008	71.332102501	73.1457125013	74.9593225015	76.7729325017	78.586542502	80.4001525022	82.2137625024	84.0273725026	85.8409825027	0.0	0.0	3.64427458044e-06	2.18465311674e-06	2.82714128256e-06	7.0175181355e-06	1.44485314425e-05	2.15863371328e-05	3.62168676117e-05	4.68289647208e-05	0.0	2.0094036645e-06	-8.04815513542e-07	3.54259276108e-07	2.31051706398e-06	4.0973601304e-06	3.93568942023e-06	8.06707642613e-06	5.85136667079e-06	3.97154098106e-06	119.466486973	119.233682468	119.000877962	118.768073457	118.535268951	118.302464446	118.06965994	117.836855435	117.604050929	117.371246424	-13.8351943034	-13.7351271044	-13.6350599054	-13.5349927064	-13.4349255074	-13.3348583084	-13.2347911095	-13.1347239105	-13.0346567115	-12.9345895125	-1.16483870968	-1.16483870968	-1.16483870968	-1.16483870968	-1.16483870968	-1.16483870968	-1.16483870968	-1.16483870968	-1.16483870968	-1.16483870968	
1.43333333333	69.5184925008	71.332102501	73.1457125013	74.9593225015	76.7729325017	78.586542502	80.4001525022	82.2137625024	84.0273725026	85.8409825027	0.0	0.0	3.64427458044e-06	2.18465311674e-06	2.82714128256e-06	7.0175181355e-06	1.44485314425e-05	2.15863371328e-05	3.62168676117e-05	4.68289647208e-05	0.0	2.0094036645e-06	-8.04815513542e-07	3.54259276108e-07	2.31051706398e-06	4.0973601304e-06	3.93568942023e-06	8.06707642613e-06	5.85136667079e-06	3.97154098106e-06	119.466486973	119.233682468	119.000877962	118.768073457	118.535268951	118.302464446	118.06965994	117.836855435	117.604050929	117.371246424	-13.8351943034	-13.7351271044	-13.6350599054	-13.5349927064	-13.4349255074	-13.3348583084	-13.2347911095	-13.1347239105	-13.0346567115	-12.9345895125	-1.16483870968	-1.16483870968	-1.16483870968	-1.16483870968	-1.16483870968	-1.16483870968	-1.16483870968	-1.16483870968	-1.16483870968	-1.16483870968	
1.45	69.5184925008	71.332102501	73.1457125013	74.9593225015	76.7729325017	78.586542502	80.4001525022	82.2137625024	84.0273725026	85.8409825027	0.0	0.0	3.64427458044e-06	2.18465311674e-06	2.82714128256e-06	7.0175181355e-06	1.44485314425e-05	2.15863371328e-05	3.62168676117e-05	4.68289647208e-05	0.0	2.0094036645e-06	-8.04815513542e-07	3.54259276108e-07	2.31051706398e-06	4.0973601304e-06	3.93568942023e-06	8.06707642613e-06	5.85136667079e-06	3.97154098106e-06	119.466486973	119.233682468	119.000877962	118.768073457	118.535268951	118.302464446	118.06965994	117.836855435	117.604050929	117.371246424	-13.8351943034	-13.7351271044	-13.6350599054	-13.5349927064	-13.4349255074	-13.3348583084	-13.2347911095	-13.1347239105	-13.0346567115	-12.9345895125	-1.16483870968	-1.16483870968	-1.16483870968	-1.16483870968	-1.16483870968	-1.16483870968	-1.16483870968	-1.16483870968	-1.16483870968	-1.16483870968	
1.46666666667	69.5184925008	71.332102501	73.1457125013	74.9593225015	76.7729325017	78.586542502	80.4001525022	82.2137625024	84.0273725026	85.8409825027	0.0	0.0	3.64427458044e-06	2.18465311674e-06	2.82714128256e-06	7.0175181355e-06	1.44485314425e-05	2.15863371328e-05	3.62168676117e-05	4.68289647208e-05	0.0	2.0094036645e-06	-8.04815513542e-07	3.54259276108e-07	2.31051706398e-06	4.0973601304e-06	3.93568942023e-06	8.06707642613e-06	5.85136667079e-06	3.97154098106e-06	119.466486973	119.233682468	119.000877962	118.768073457	118.535268951	118.302464446	118.06965994	117.836855435	117.604050929	117.371246424	-13.8351943034	-13.7351271044	-13.6350599054	-13.5349927064	-13.4349255074	-13.3348583084	-13.2347911095	-13.1347239105	-13.0346567115	-12.9345895125	-1.16483870968	-1.16483870968	-1.16483870968	-1.16483870968	-1.16483870968	-1.16483870968	-1.16483870968	-1.16483870968	-1.16483870968	-1.16483870968	
1.48333333333	69.5184925008	71.332102501	73.1457125013	74.9593225015	76.7729325017	78.586542502	80.4001525022	82.2137625024	84.0273725026	85.8409825027	0.0	0.0	3.64427458044e-06	2.18465311674e-06	2.82714128256e-06	7.0175181355e-06	1.44485314425e-05	2.15863371328e-05	3.62168676117e-05	4.68289647208e-05	0.0	2.0094036645e-06	-8.04815513542e-07	3.54259276108e-07	2.31051706398e-06	4.0973601304e-06	3.93568942023e-06	8.06707642613e-06	5.85136667079e-06	3.97154098106e-06	119.466486973	119.233682468	119.000877962	118.768073457	118.535268951	118.302464446	118.06965994	117.836855435	117.604050929	117.371246424	-13.8351943034	-13.7351271044	-13.6350599054	-13.5349927064	-13.4349255074	-13.3348583084	-13.2347911095	-13.1347239105	-13.0346567115	-12.9345895125	-1.16483870968	-1.16483870968	-1.16483870968	-1.16483870968	-1.16483870968	-1.16483870968	-1.16483870968	-1.16483870968	-1.16483870968	-1.16483870968	
1.5	69.5184925008	71.332102501	73.1457125013	74.9593225015	76.7729325017	78.586542502	80.4001525022	82.2137625024	84.0273725026	85.8409825027	0.0	0.0	3.64427458044e-06	2.18465311674e-06	2.82714128256e-06	7.0175181355e-06	1.44485314425e-05	2.15863371328e-05	3.62168676117e-05	4.68289647208e-05	0.0	2.0094036645e-06	-8.04815513542e-07	3.54259276108e-07	2.31051706398e-06	4.0973601304e-06	3.93568942023e-06	8.06707642613e-06	5.85136667079e-06	3.97154098106e-06	119.466486973	119.233682468	119.000877962	118.768073457	118.535268951	118.302464446	118.06965994	117.836855435	117.604050929	117.371246424	-13.8351943034	-13.7351271044	-13.6350599054	-13.5349927064	-13.4349255074	-13.3348583084	-13.2347911095	-13.1347239105	-13.0346567115	-12.9345895125	-1.16483870968	-1.16483870968	-1.16483870968	-1.16483870968	-1.16483870968	-1.16483870968	-1.16483870968	-1.16483870968	-1.16483870968	-1.16483870968	
1.51666666667	69.5184925008	71.332102501	73.1457125013	74.9593225015	76.7729325017	78.586542502	80.4001525022	82.2137625024	84.0273725026	85.8409825027	0.0	0.0	3.64427458044e-06	2.18465311674e-06	2.82714128256e-06	7.0175181355e-06	1.44485314425e-05	2.15863371328e-05	3.62168676117e-05	4.68289647208e-05	0.0	2.0094036645e-06	-8.04815513542e-07	3.54259276108e-07	2.31051706398e-06	4.0973601304e-06	3.93568942023e-06	8.06707642613e-06	5.85136667079e-06	3.97154098106e-06	119.466486973	119.233682468	119.000877962	118.768073457	118.535268951	118.302464446	118.06965994	117.836855435	117.604050929	117.371246424	-13.8351943034	-13.7351271044	-13.6350599054	-13.5349927064	-13.4349255074	-13.3348583084	-13.2347911095	-13.1347239105	-13.0346567115	-12.9345895125	-1.16483870968	-1.16483870968	-1.16483870968	-1.16483870968	-1.16483870968	-1.16483870968	-1.16483870968	-1.16483870968	-1.16483870968	-1.16483870968	
1.53333333333	71.5256433346	73.270583335	75.0155233353	76.7604633357	78.5054033361	80.2503433364	81.9952833368	83.7402233371	85.4851633375	87.2301033379	0.0	0.0	-3.79870457167e-06	-4.01135319825e-06	-6.08160148136e-06	-1.96375339887e-06	-1.90420075962e-06	6.54547918012e-08	-1.24202829482e-06	2.15549839653e-08	0.0	-2.17698291682e-06	-1.21865867332e-07	-1.18642949481e-06	2.35987946958e-06	3.41287604352e-08	1.12878124808e-06	-7.49299738872e-07	7.24141390833e-07	-5.32653337041e-07	119.160074827	118.875803849	118.59153287	118.307261892	118.022990913	117.738719934	117.454448956	117.170177977	116.885906999	116.60163602	-13.7034880672	-13.5812988488	-13.4591096303	-13.3369204119	-13.2147311934	-13.092541975	-12.9703527566	-12.8481635381	-12.7259743197	-12.6037851012	-1.16483870968	-1.16483870968	-1.16483870968	-1.16483870968	-1.16483870968	-1.16483870968	-1.16483870968	-1.16483870968	-1.16483870968	-1.16483870968	
1.55	71.5256433346	73.270583335	75.0155233353	76.7604633357	78.5054033361	80.2503433364	81.9952833368	83.7402233371	85.4851633375	87.2301033379	0.0	0.0	-3.79870457167e-06	-4.01135319825e-06	-6.08160148136e-06	-1.96375339887e-06	-1.90420075962e-06	6.54547918012e-08	-1.24202829482e-06	2.15549839653e-08	0.0	-2.17698291682e-06	-1.21865867332e-07	-1.18642949481e-06	2.35987946958e-06	3.41287604352e-08	1.12878124808e-06	-7.49299738872e-07	7.24141390833e-07	-5.32653337041e-07	119.160074827	118.875803849	118.59153287	118.307261892	118.022990913	117.738719934	117.454448956	117.170177977	116.885906999	116.60163602	-13.7034880672	-13.5812988488	-13.4591096303	-13.3369204119	-13.2147311934	-13.092541975	-12.9703527566	-12.8481635381	-12.7259743197	-12.6037851012	-1.16483870968	-1.16483870968	-1.16483870968	-1.16483870968	-1.16483870968	-1.16483870968	-1.16483870968	-1.16483870968	-1.16483870968	-1.16483870968	
1.56666666667	71.5256433346	73.270583335	75.0155233353	76.7604633357	78.5054033361	80.2503433364	81.9952833368	83.7402233371	85.4851633375	87.2301033379	0.0	0.0	-3.79870457167e-06	-4.01135319825e-06	-6.08160148136e-06	-1.96375339887e-06	-1.90420075962e-06	6.54547918012e-08	-1.24202829482e-06	2.15549839653e-08	0.0	-2.17698291682e-06	-1.21865867332e-07	-1.18642949481e-06	2.35987946958e-06	3.41287604352e-08	1.12878124808e-06	-7.49299738872e-07	7.24141390833e-07	-5.32653337041e-07	119.160074827	118.875803849	118.59153287	118.307261892	118.022990913	117.738719934	117.454448956	117.170177977	116.885906999	116.60163602	-13.7034880672	-13.5812988488	-13.4591096303	-13.3369204119	-13.2147311934	-13.092541975	-12.9703527566	-12.8481635381	-12.7259743197	-12.6037851012	-1.16483870968	-1.16483870968	-1.16483870968	-1.16483870968	-1.16483870968	-1.16483870968	-1.16483870968	-1.16483870968	-1.16483870968	-1.16483870968	
1.58333333333	71.5256433346	73.270583335	75.0155233353	76.7604633357	78.5054033361	80.2503433364	81.9952833368	83.7402233371	85.4851633375	87.2301033379	0.0	0.0	-3.79870457167e-06	-4.01135319825e-06	-6.08160148136e-06	-1.96375339887e-06	-1.90420075962e-06	6.54547918012e-08	-1.24202829482e-06	2.15549839653e-08	0.0	-2.17698291682e-06	-1.21865867332e-07	-1.18642949481e-06	2.35987946958e-06	3.41287604352e-08	1.12878124808e-06	-7.49299738872e-07	7.24141390833e-07	-5.32653337041e-07	119.160074827	118.875803849	118.59153287	118.307261892	118.022990913	117.738719934	117.454448956	117.170177977	116.885906999	116.60163602	-13.7034880672	-13.5812988488	-13.4591096303	-13.3369204119	-13.2147311934	-13.092541975	-12.9703527566	-12.8481635381	-12.7259743197	-12.6037851012	-1.16483870968	-1.16483870968	-1.16483870968	-1.16483870968	-1.16483870968	-1.16483870968	-1.16483870968	-1.16483870968	-1.16483870968	-1.16483870968	
1.6	71.5256433346	73.270583335	75.0155233353	76.7604633357	78.5054033361	80.2503433364	81.9952833368	83.7402233371	85.4851633375	87.2301033379	0.0	0.0	-3.79870457167e-06	-4.01135319825e-06	-6.08160148136e-06	-1.96375339887e-06	-1.90420075962e-06	6.54547918012e-08	-1.24202829482e-06	2.15549839653e-08	0.0	-2.17698291682e-06	-1.21865867332e-07	-1.18642949481e-06	2.35987946958e-06	3.41287604352e-08	1.12878124808e-06	-7.49299738872e-07	7.24141390833e-07	-5.32653337041e-07	119.160074827	118.875803849	118.59153287	118.307261892	118.022990913	117.738719934	117.454448956	117.170177977	116.885906999	116.60163602	-13.7034880672	-13.5812988488	-13.4591096303	-13.3369204119	-13.2147311934	-13.092541975	-12.9703527566	-12.8481635381	-12.7259743197	-12.6037851012	-1.16483870968	-1.16483870968	-1.16483870968	-1.16483870968	-1.16483870968	-1.16483870968	-1.16483870968	-1.16483870968	-1.16483870968	-1.16483870968	
1.61666666667	71.5256433346	73.270583335	75.0155233353	76.7604633357	78.5054033361	80.2503433364	81.9952833368	83.7402233371	85.4851633375	87.2301033379	0.0	0.0	-3.79870457167e-06	-4.01135319825e-06	-6.08160148136e-06	-1.96375339887e-06	-1.90420075962e-06	6.54547918012e-08	-1.24202829482e-06	2.15549839653e-08	0.0	-2.17698291682e-06	-1.21865867332e-07	-1.18642949481e-06	2.35987946958e-06	3.41287604352e-08	1.12878124808e-06	-7.49299738872e-07	7.24141390833e-07	-5.32653337041e-07	119.160074827	118.875803849	118.59153287	118.307261892	118.022990913	117.738719934	117.454448956	117.170177977	116.885906999	116.60163602	-13.7034880672	-13.5812988488	-13.4591096303	-13.3369204119	-13.2147311934	-13.092541975	-12.9703527566	-12.8481635381	-12.7259743197	-12.6037851012	-1.16483870968	-1.16483870968	-1.16483870968	-1.16483870968	-1.16483870968	-1.16483870968	-1.16483870968	-1.16483870968	-1.16483870968	-1.16483870968	
1.63333333333	73.1822933352	74.8683733357	76.5544533361	78.2405333366	79.9266133371	81.6126933375	83.298773338	84.9848533385	86.670933339	88.3570133395	0.0	0.0	6.21845788474e-06	6.55119946801e-06	2.10796457824e-06	-9.33512893387e-06	-5.20067243135e-06	-6.65339039494e-06	-1.50532036126e-06	-3.74733274475e-07	0.0	3.68811555974e-06	1.97346260655e-07	-2.63524559244e-06	-6.78680341913e-06	2.45211170368e-06	-8.61594920274e-07	3.05327744366e-06	6.70541781209e-07	3.65552802507e-06	118.852098983	118.527674738	118.203250493	117.878826248	117.554402003	117.229977757	116.905553512	116.581129267	116.256705022	115.932280777	-13.5711097012	-13.4316612595	-13.2922128179	-13.1527643762	-13.0133159346	-12.8738674929	-12.7344190513	-12.5949706096	-12.4555221679	-12.3160737263	-1.16483870968	-1.16483870968	-1.16483870968	-1.16483870968	-1.16483870968	-1.16483870968	-1.16483870968	-1.16483870968	-1.16483870968	-1.16483870968	
1.65	73.1822933352	74.8683733357	76.5544533361	78.2405333366	79.9266133371	81.6126933375	83.298773338	84.9848533385	86.670933339	88.3570133395	0.0	0.0	6.21845788474e-06	6.55119946801e-06	2.10796457824e-06	-9.33512893387e-06	-5.20067243135e-06	-6.65339039494e-06	-1.50532036126e-06	-3.74733274475e-07	0.0	3.68811555974e-06	1.97346260655e-07	-2.63524559244e-06	-6.78680341913e-06	2.45211170368e-06	-8.61594920274e-07	3.05327744366e-06	6.70541781209e-07	3.65552802507e-06	118.852098983	118.527674738	118.203250493	117.878826248	117.554402003	117.229977757	116.905553512	116.581129267	116.256705022	115.932280777	-13.5711097012	-13.4316612595	-13.2922128179	-13.1527643762	-13.0133159346	-12.8738674929	-12.7344190513	-12.5949706096	-12.4555221679	-12.3160737263	-1.16483870968	-1.16483870968	-1.16483870968	-1.16483870968	-1.16483870968	-1.16483870968	-1.16483870968	-1.16483870968	-1.16483870968	-1.16483870968	
1.66666666667	73.1822933352	74.8683733357	76.5544533361	78.2405333366	79.9266133371	81.6126933375	83.298773338	84.9848533385	86.670933339	88.3570133395	0.0	0.0	6.21845788474e-06	6.55119946801e-06	2.10796457824e-06	-9.33512893387e-06	-5.20067243135e-06	-6.65339039494e-06	-1.50532036126e-06	-3.74733274475e-07	0.0	3.68811555974e-06	1.97346260655e-07	-2.63524559244e-06	-6.78680341913e-06	2.45211170368e-06	-8.61594920274e-07	3.05327744366e-06	6.70541781209e-07	3.65552802507e-06	118.852098983	118.527674738	118.203250493	117.878826248	117.554402003	117.229977757	116.905553512	116.581129267	116.256705022	115.932280777	-13.5711097012	-13.4316612595	-13.2922128179	-13.1527643762	-13.0133159346	-12.8738674929	-12.7344190513	-12.5949706096	-12.4555221679	-12.3160737263	-1.16483870968	-1.16483870968	-1.16483870968	-1.16483870968	-1.16483870968	-1.16483870968	-1.16483870968	-1.16483870968	-1.16483870968	-1.16483870968	
1.68333333333	73.1822933352	74.8683733357	76.5544533361	78.2405333366	79.9266133371	81.6126933375	83.298773338	84.9848533385	86.670933339	88.3570133395	0.0	0.0	6.21845788474e-06	6.55119946801e-06	2.10796457824e-06	-9.33512893387e-06	-5.20067243135e-06	-6.65339039494e-06	-1.50532036126e-06	-3.74733274475e-07	0.0	3.68811555974e-06	1.97346260655e-07	-2.63524559244e-06	-6.78680341913e-06	2.45211170368e-06	-8.61594920274e-07	3.05327744366e-06	6.70541781209e-07	3.65552802507e-06	118.852098983	118.527674738	118.203250493	117.878826248	117.554402003	117.229977757	116.905553512	116.581129267	116.256705022	115.932280777	-13.5711097012	-13.4316612595	-13.2922128179	-13.1527643762	-13.0133159346	-12.8738674929	-12.7344190513	-12.5949706096	-12.4555221679	-12.3160737263	-1.16483870968	-1.16483870968	-1.16483870968	-1.16483870968	-1.16483870968	-1.16483870968	-1.16483870968	-1.16483870968	-1.16483870968	-1.16483870968	
1.7	73.1822933352	74.8683733357	76.5544533361	78.2405333366	79.9266133371	81.6126933375	83.298773338	84.9848533385	86.670933339	88.3570133395	0.0	0.0	6.21845788474e-06	6.55119946801e-06	2.10796457824e-06	-9.33512893387e-06	-5.20067243135e-06	-6.65339039494e-06	-1.50532036126e-06	-3.74733274475e-07	0.0	3.68811555974e-06	1.97346260655e-07	-2.63524559244e-06	-6.78680341913e-06	2.45211170368e-06	-8.61594920274e-07	3.05327744366e-06	6.70541781209e-07	3.65552802507e-06	118.852098983	118.527674738	118.203250493	117.878826248	117.554402003	117.229977757	116.905553512	116.581129267	116.256705022	115.932280777	-13.5711097012	-13.4316612595	-13.2922128179	-13.1527643762	-13.0133159346	-12.8738674929	-12.7344190513	-12.5949706096	-12.4555221679	-12.3160737263	-1.16483870968	-1.16483870968	-1.16483870968	-1.16483870968	-1.16483870968	-1.16483870968	-1.16483870968	-1.16483870968	-1.16483870968	-1.16483870968	
1.71666666667	73.1822933352	74.8683733357	76.5544533361	78.2405333366	79.9266133371	81.6126933375	83.298773338	84.9848533385	86.670933339	88.3570133395	0.0	0.0	6.21845788474e-06	6.55119946801e-06	2.10796457824e-06	-9.33512893387e-06	-5.20067243135e-06	-6.65339039494e-06	-1.50532036126e-06	-3.74733274475e-07	0.0	3.68811555974e-06	1.97346260655e-07	-2.63524559244e-06	-6.78680341913e-06	2.45211170368e-06	-8.61594920274e-07	3.05327744366e-06	6.70541781209e-07	3.65552802507e-06	118.852098983	118.527674738	118.203250493	117.878826248	117.554402003	117.229977757	116.905553512	116.581129267	116.256705022	115.932280777	-13.5711097012	-13.4316612595	-13.2922128179	-13.1527643762	-13.0133159346	-12.8738674929	-12.7344190513	-12.5949706096	-12.4555221679	-12.3160737263	-1.16483870968	-1.16483870968	-1.16483870968	-1.16483870968	-1.16483870968	-1.16483870968	-1.16483870968	-1.16483870968	-1.16483870968	-1.16483870968	
1.73333333333	74.7800833361	76.407303337	78.0345233378	79.6617433386	81.2889633394	82.9161833402	84.543403341	86.1706233418	87.7978433426	89.4250633433	0.0	0.0	-4.40247889353e-06	3.61338113072e-06	1.06444125327e-05	1.53191614674e-05	1.82966991832e-05	1.71206834074e-05	1.22217307511e-05	-1.9364461087e-06	0.0	-2.70552162051e-06	4.92610711537e-06	4.32088555846e-06	2.87284382714e-06	1.82983107039e-06	-7.22714676117e-07	-3.01062711483e-06	-8.70083753453e-06	-1.29049961986e-05	118.505939272	118.144697693	117.783456113	117.422214533	117.060972953	116.699731373	116.338489793	115.977248214	115.616006634	115.254765054	-13.422318626	-13.2670448568	-13.1117710876	-12.9564973184	-12.8012235492	-12.6459497801	-12.4906760109	-12.3354022417	-12.1801284725	-12.0248547033	-1.16483870968	-1.16483870968	-1.16483870968	-1.16483870968	-1.16483870968	-1.16483870968	-1.16483870968	-1.16483870968	-1.16483870968	-1.16483870968	
1.75	74.7800833361	76.407303337	78.0345233378	79.6617433386	81.2889633394	82.9161833402	84.543403341	86.1706233418	87.7978433426	89.4250633433	0.0	0.0	-4.40247889353e-06	3.61338113072e-06	1.06444125327e-05	1.53191614674e-05	1.82966991832e-05	1.71206834074e-05	1.22217307511e-05	-1.9364461087e-06	0.0	-2.70552162051e-06	4.92610711537e-06	4.32088555846e-06	2.87284382714e-06	1.82983107039e-06	-7.22714676117e-07	-3.01062711483e-06	-8.70083753453e-06	-1.29049961986e-05	118.505939272	118.144697693	117.783456113	117.422214533	117.060972953	116.699731373	116.338489793	115.977248214	115.616006634	115.254765054	-13.422318626	-13.2670448568	-13.1117710876	-12.9564973184	-12.8012235492	-12.6459497801	-12.4906760109	-12.3354022417	-12.1801284725	-12.0248547033	-1.16483870968	-1.16483870968	-1.16483870968	-1.16483870968	-1.16483870968	-1.16483870968	-1.16483870968	-1.16483870968	-1.16483870968	-1.16483870968	
1.76666666667	74.7800833361	76.407303337	78.0345233378	79.6617433386	81.2889633394	82.9161833402	84.543403341	86.1706233418	87.7978433426	89.4250633433	0.0	0.0	-4.40247889353e-06	3.61338113072e-06	1.06444125327e-05	1.53191614674e-05	1.82966991832e-05	1.71206834074e-05	1.22217307511e-05	-1.9364461087e-06	0.0	-2.70552162051e-06	4.92610711537e-06	4.32088555846e-06	2.87284382714e-06	1.82983107039e-06	-7.22714676117e-07	-3.01062711483e-06	-8.70083753453e-06	-1.29049961986e-05	118.505939272	118.144697693	117.783456113	117.422214533	117.060972953	116.699731373	116.338489793	115.977248214	115.616006634	115.254765054	-13.422318626	-13.2670448568	-13.1117710876	-12.9564973184	-12.8012235492	-12.6459497801	-12.4906760109	-12.3354022417	-12.1801284725	-12.0248547033	-1.16483870968	-1.16483870968	-1.16483870968	-1.16483870968	-1.16483870968	-1.16483870968	-1.16483870968	-1.16483870968	-1.16483870968	-1.16483870968	
1.78333333333	74.7800833361	76.407303337	78.0345233378	79.6617433386	81.2889633394	82.9161833402	84.543403341	86.1706233418	87.7978433426	89.4250633433	0.0	0.0	-4.40247889353e-06	3.61338113072e-06	1.06444125327e-05	1.53191614674e-05	1.82966991832e-05	1.71206834074e-05	1.22217307511e-05	-1.9364461087e-06	0.0	-2.70552162051e-06	4.92610711537e-06	4.32088555846e-06	2.87284382714e-06	1.82983107039e-06	-7.22714676117e-07	-3.01062711483e-06	-8.70083753453e-06	-1.29049961986e-05	118.505939272	118.144697693	117.783456113	117.422214533	117.060972953	116.699731373	116.338489793	115.977248214	115.616006634	115.254765054	-13.422318626	-13.2670448568	-13.1117710876	-12.9564973184	-12.8012235492	-12.6459497801	-12.4906760109	-12.3354022417	-12.1801284725	-12.0248547033	-1.16483870968	-1.16483870968	-1.16483870968	-1.16483870968	-1.16483870968	-1.16483870968	-1.16483870968	-1.16483870968	-1.16483870968	-1.16483870968	
1.8	74.7800833361	76.407303337	78.0345233378	79.6617433386	81.2889633394	82.9161833402	84.543403341	86.1706233418	87.7978433426	89.4250633433	0.0	0.0	-4.40247889353e-06	3.61338113072e-06	1.06444125327e-05	1.53191614674e-05	1.82966991832e-05	1.71206834074e-05	1.22217307511e-05	-1.9364461087e-06	0.0	-2.70552162051e-06	4.92610711537e-06	4.32088555846e-06	2.87284382714e-06	1.82983107039e-06	-7.22714676117e-07	-3.01062711483e-06	-8.70083753453e-06	-1.29049961986e-05	118.505939272	118.144697693	117.783456113	117.422214533	117.060972953	116.699731373	116.338489793	115.977248214	115.616006634	115.254765054	-13.422318626	-13.2670448568	-13.1117710876	-12.9564973184	-12.8012235492	-12.6459497801	-12.4906760109	-12.3354022417	-12.1801284725	-12.0248547033	-1.16483870968	-1.16483870968	-1.16483870968	-1.16483870968	-1.16483870968	-1.16483870968	-1.16483870968	-1.16483870968	-1.16483870968	-1.16483870968	
1.81666666667	74.7800833361	76.407303337	78.0345233378	79.6617433386	81.2889633394	82.9161833402	84.543403341	86.1706233418	87.7978433426	89.4250633433	0.0	0.0	-4.40247889353e-06	3.61338113072e-06	1.06444125327e-05	1.53191614674e-05	1.82966991832e-05	1.71206834074e-05	1.22217307511e-05	-1.9364461087e-06	0.0	-2.70552162051e-06	4.92610711537e-06	4.32088555846e-06	2.87284382714e-06	1.82983107039e-06	-7.22714676117e-07	-3.01062711483e-06	-8.70083753453e-06	-1.29049961986e-05	118.505939272	118.144697693	117.783456113	117.422214533	117.060972953	116.699731373	116.338489793	115.977248214	115.616006634	115.254765054	-13.422318626	-13.2670448568	-13.1117710876	-12.9564973184	-12.8012235492	-12.6459497801	-12.4906760109	-12.3354022417	-12.1801284725	-12.0248547033	-1.16483870968	-1.16483870968	-1.16483870968	-1.16483870968	-1.16483870968	-1.16483870968	-1.16483870968	-1.16483870968	-1.16483870968	-1.16483870968	
1.83333333333	74.7800833361	76.407303337	78.0345233378	79.6617433386	81.2889633394	82.9161833402	84.543403341	86.1706233418	87.7978433426	89.4250633433	0.0	0.0	-4.40247889353e-06	3.61338113072e-06	1.06444125327e-05	1.53191614674e-05	1.82966991832e-05	1.71206834074e-05	1.22217307511e-05	-1.9364461087e-06	0.0	-2.70552162051e-06	4.92610711537e-06	4.32088555846e-06	2.87284382714e-06	1.82983107039e-06	-7.22714676117e-07	-3.01062711483e-06	-8.70083753453e-06	-1.29049961986e-05	118.505939272	118.144697693	117.783456113	117.422214533	117.060972953	116.699731373	116.338489793	115.977248214	115.616006634	115.254765054	-13.422318626	-13.2670448568	-13.1117710876	-12.9564973184	-12.8012235492	-12.6459497801	-12.4906760109	-12.3354022417	-12.1801284725	-12.0248547033	-1.16483870968	-1.16483870968	-1.16483870968	-1.16483870968	-1.16483870968	-1.16483870968	-1.16483870968	-1.16483870968	-1.16483870968	-1.16483870968	
1.85	76.5697791707	78.1283291717	79.6868791727	81.2454291737	82.8039791747	84.3625291757	85.9210791767	87.4796291777	89.0381791787	90.5967291797	0.0	0.0	6.0491012157e-06	3.05917644312e-06	2.48706707826e-06	5.77011058166e-06	2.395782154e-06	5.05712105984e-06	-1.63990936023e-06	1.99722315647e-06	0.0	3.88123654154e-06	-1.9184015724e-06	-3.67077966373e-07	2.10647300458e-06	-2.16504342208e-06	1.70757364481e-06	-4.2969621865e-06	2.33366431257e-06	6.43774653418e-07	118.058043452	117.657696115	117.257348778	116.85700144	116.456654103	116.056306766	115.655959428	115.255612091	114.855264754	114.454917416	-13.2297979526	-13.0577152149	-12.8856324771	-12.7135497393	-12.5414670016	-12.3693842638	-12.1973015261	-12.0252187883	-11.8531360506	-11.6810533128	-1.16483870968	-1.16483870968	-1.16483870968	-1.16483870968	-1.16483870968	-1.16483870968	-1.16483870968	-1.16483870968	-1.16483870968	-1.16483870968	
1.86666666667	76.5697791707	78.1283291717	79.6868791727	81.2454291737	82.8039791747	84.3625291757	85.9210791767	87.4796291777	89.0381791787	90.5967291797	0.0	0.0	6.0491012157e-06	3.05917644312e-06	2.48706707826e-06	5.77011058166e-06	2.395782154e-06	5.05712105984e-06	-1.63990936023e-06	1.99722315647e-06	0.0	3.88123654154e-06	-1.9184015724e-06	-3.67077966373e-07	2.10647300458e-06	-2.16504342208e-06	1.70757364481e-06	-4.2969621865e-06	2.33366431257e-06	6.43774653418e-07	118.058043452	117.657696115	117.257348778	116.85700144	116.456654103	116.056306766	115.655959428	115.255612091	114.855264754	114.454917416	-13.2297979526	-13.0577152149	-12.8856324771	-12.7135497393	-12.5414670016	-12.3693842638	-12.1973015261	-12.0252187883	-11.8531360506	-11.6810533128	-1.16483870968	-1.16483870968	-1.16483870968	-1.16483870968	-1.16483870968	-1.16483870968	-1.16483870968	-1.16483870968	-1.16483870968	-1.16483870968	
1.88333333333	76.5697791707	78.1283291717	79.6868791727	81.2454291737	82.8039791747	84.3625291757	85.9210791767	87.4796291777	89.0381791787	90.5967291797	0.0	0.0	6.0491012157e-06	3.05917644312e-06	2.48706707826e-06	5.77011058166e-06	2.395782154e-06	5.05712105984e-06	-1.63990936023e-06	1.99722315647e-06	0.0	3.88123654154e-06	-1.9184015724e-06	-3.67077966373e-07	2.10647300458e-06	-2.16504342208e-06	1.70757364481e-06	-4.2969621865e-06	2.33366431257e-06	6.43774653418e-07	118.058043452	117.657696115	117.257348778	116.85700144	116.456654103	116.056306766	115.655959428	115.255612091	114.855264754	114.454917416	-13.2297979526	-13.0577152149	-12.8856324771	-12.7135497393	-12.5414670016	-12.3693842638	-12.1973015261	-12.0252187883	-11.8531360506	-11.6810533128	-1.16483870968	-1.16483870968	-1.16483870968	-1.16483870968	-1.16483870968	-1.16483870968	-1.16483870968	-1.16483870968	-1.16483870968	-1.16483870968	
1.9	76.5697791707	78.1283291717	79.6868791727	81.2454291737	82.8039791747	84.3625291757	85.9210791767	87.4796291777	89.0381791787	90.5967291797	0.0	0.0	6.0491012157e-06	3.05917644312e-06	2.48706707826e-06	5.77011058166e-06	2.395782154e-06	5.05712105984e-06	-1.63990936023e-06	1.99722315647e-06	0.0	3.88123654154e-06	-1.9184015724e-06	-3.67077966373e-07	2.10647300458e-06	-2.16504342208e-06	1.70757364481e-06	-4.2969621865e-06	2.33366431257e-06	6.43774653418e-07	118.058043452	117.657696115	117.257348778	116.85700144	116.456654103	116.056306766	115.655959428	115.255612091	114.855264754	114.454917416	-13.2297979526	-13.0577152149	-12.8856324771	-12.7135497393	-12.5414670016	-12.3693842638	-12.1973015261	-12.0252187883	-11.8531360506	-11.6810533128	-1.16483870968	-1.16483870968	-1.16483870968	-1.16483870968	-1.16483870968	-1.16483870968	-1.16483870968	-1.16483870968	-1.16483870968	-1.16483870968	
1.91666666667	76.5697791707	78.1283291717	79.6868791727	81.2454291737	82.8039791747	84.3625291757	85.9210791767	87.4796291777	89.0381791787	90.5967291797	0.0	0.0	6.0491012157e-06	3.05917644312e-06	2.48706707826e-06	5.77011058166e-06	2.395782154e-06	5.05712105984e-06	-1.63990936023e-06	1.99722315647e-06	0.0	3.88123654154e-06	-1.9184015724e-06	-3.67077966373e-07	2.10647300458e-06	-2.16504342208e-06	1.70757364481e-06	-4.2969621865e-06	2.33366431257e-06	6.43774653418e-07	118.058043452	117.657696115	117.257348778	116.85700144	116.456654103	116.056306766	115.655959428	115.255612091	114.855264754	114.454917416	-13.2297979526	-13.0577152149	-12.8856324771	-12.7135497393	-12.5414670016	-12.3693842638	-12.1973015261	-12.0252187883	-11.8531360506	-11.6810533128	-1.16483870968	-1.16483870968	-1.16483870968	-1.16483870968	-1.16483870968	-1.16483870968	-1.16483870968	-1.16483870968	-1.16483870968	-1.16483870968	
1.93333333333	76.5697791707	78.1283291717	79.6868791727	81.2454291737	82.8039791747	84.3625291757	85.9210791767	87.4796291777	89.0381791787	90.5967291797	0.0	0.0	6.0491012157e-06	3.05917644312e-06	2.48706707826e-06	5.77011058166e-06	2.395782154e-06	5.05712105984e-06	-1.63990936023e-06	1.99722315647e-06	0.0	3.88123654154e-06	-1.9184015724e-06	-3.67077966373e-07	2.10647300458e-06	-2.16504342208e-06	1.70757364481e-06	-4.2969621865e-06	2.33366431257e-06	6.43774653418e-07	118.058043452	117.657696115	117.257348778	116.85700144	116.456654103	116.056306766	115.655959428	115.255612091	114.855264754	114.454917416	-13.2297979526	-13.0577152149	-12.8856324771	-12.7135497393	-12.5414670016	-12.3693842638	-12.1973015261	-12.0252187883	-11.8531360506	-11.6810533128	-1.16483870968	-1.16483870968	-1.16483870968	-1.16483870968	-1.16483870968	-1.16483870968	-1.16483870968	-1.16483870968	-1.16483870968	-1.16483870968	
1.95	78.0400391722	79.5397291735	81.0394191748	82.5391091762	84.0387991775	85.5384891788	87.0381791801	88.5378691814	90.0375591827	91.5372491841	0.0	0.0	3.16514644354e-08	3.19032928172e-06	5.16119678189e-06	7.46948382699e-06	9.06788960044e-06	9.79101263798e-06	1.06322273687e-05	1.13223391675e-05	0.0	2.11053380416e-08	2.10622049524e-06	1.3141832635e-06	1.53917612511e-06	1.06582411835e-06	4.8218167548e-07	5.60925744639e-07	4.6016963383e-07	8.41712778523e-07	117.639684453	117.208827469	116.777970485	116.347113501	115.916256517	115.485399533	115.054542549	114.623685565	114.192828581	113.761971597	-13.0499731974	-12.8647763883	-12.6795795792	-12.4943827702	-12.3091859611	-12.123989152	-11.938792343	-11.7535955339	-11.5683987248	-11.3832019158	-1.16483870968	-1.16483870968	-1.16483870968	-1.16483870968	-1.16483870968	-1.16483870968	-1.16483870968	-1.16483870968	-1.16483870968	-1.16483870968	
1.96666666667	78.0400391722	79.5397291735	81.0394191748	82.5391091762	84.0387991775	85.5384891788	87.0381791801	88.5378691814	90.0375591827	91.5372491841	0.0	0.0	3.16514644354e-08	3.19032928172e-06	5.16119678189e-06	7.46948382699e-06	9.06788960044e-06	9.79101263798e-06	1.06322273687e-05	1.13223391675e-05	0.0	2.11053380416e-08	2.10622049524e-06	1.3141832635e-06	1.53917612511e-06	1.06582411835e-06	4.8218167548e-07	5.60925744639e-07	4.6016963383e-07	8.41712778523e-07	117.639684453	117.208827469	116.777970485	116.347113501	115.916256517	115.485399533	115.054542549	114.623685565	114.192828581	113.761971597	-13.0499731974	-12.8647763883	-12.6795795792	-12.4943827702	-12.3091859611	-12.123989152	-11.938792343	-11.7535955339	-11.5683987248	-11.3832019158	-1.16483870968	-1.16483870968	-1.16483870968	-1.16483870968	-1.16483870968	-1.16483870968	-1.16483870968	-1.16483870968	-1.16483870968	-1.16483870968	
1.98333333333	78.0400391722	79.5397291735	81.0394191748	82.5391091762	84.0387991775	85.5384891788	87.0381791801	88.5378691814	90.0375591827	91.5372491841	0.0	0.0	3.16514644354e-08	3.19032928172e-06	5.16119678189e-06	7.46948382699e-06	9.06788960044e-06	9.79101263798e-06	1.06322273687e-05	1.13223391675e-05	0.0	2.11053380416e-08	2.10622049524e-06	1.3141832635e-06	1.53917612511e-06	1.06582411835e-06	4.8218167548e-07	5.60925744639e-07	4.6016963383e-07	8.41712778523e-07	117.639684453	117.208827469	116.777970485	116.347113501	115.916256517	115.485399533	115.054542549	114.623685565	114.192828581	113.761971597	-13.0499731974	-12.8647763883	-12.6795795792	-12.4943827702	-12.3091859611	-12.123989152	-11.938792343	-11.7535955339	-11.5683987248	-11.3832019158	-1.16483870968	-1.16483870968	-1.16483870968	-1.16483870968	-1.16483870968	-1.16483870968	-1.16483870968	-1.16483870968	-1.16483870968	-1.16483870968	
2.0	78.0400391722	79.5397291735	81.0394191748	82.5391091762	84.0387991775	85.5384891788	87.0381791801	88.5378691814	90.0375591827	91.5372491841	0.0	0.0	3.16514644354e-08	3.19032928172e-06	5.16119678189e-06	7.46948382699e-06	9.06788960044e-06	9.79101263798e-06	1.06322273687e-05	1.13223391675e-05	0.0	2.11053380416e-08	2.10622049524e-06	1.3141832635e-06	1.53917612511e-06	1.06582411835e-06	4.8218167548e-07	5.60925744639e-07	4.6016963383e-07	8.41712778523e-07	117.639684453	117.208827469	116.777970485	116.347113501	115.916256517	115.485399533	115.054542549	114.623685565	114.192828581	113.761971597	-13.0499731974	-12.8647763883	-12.6795795792	-12.4943827702	-12.3091859611	-12.123989152	-11.938792343	-11.7535955339	-11.5683987248	-11.3832019158	-1.16483870968	-1.16483870968	-1.16483870968	-1.16483870968	-1.16483870968	-1.16483870968	-1.16483870968	-1.16483870968	-1.16483870968	-1.16483870968	
2.01666666667	78.0400391722	79.5397291735	81.0394191748	82.5391091762	84.0387991775	85.5384891788	87.0381791801	88.5378691814	90.0375591827	91.5372491841	0.0	0.0	3.16514644354e-08	3.19032928172e-06	5.16119678189e-06	7.46948382699e-06	9.06788960044e-06	9.79101263798e-06	1.06322273687e-05	1.13223391675e-05	0.0	2.11053380416e-08	2.10622049524e-06	1.3141832635e-06	1.53917612511e-06	1.06582411835e-06	4.8218167548e-07	5.60925744639e-07	4.6016963383e-07	8.41712778523e-07	117.639684453	117.208827469	116.777970485	116.347113501	115.916256517	115.485399533	115.054542549	114.623685565	114.192828581	113.761971597	-13.0499731974	-12.8647763883	-12.6795795792	-12.4943827702	-12.3091859611	-12.123989152	-11.938792343	-11.7535955339	-11.5683987248	-11.3832019158	-1.16483870968	-1.16483870968	-1.16483870968	-1.16483870968	-1.16483870968	-1.16483870968	-1.16483870968	-1.16483870968	-1.16483870968	-1.16483870968	
2.03333333333	78.0400391722	79.5397291735	81.0394191748	82.5391091762	84.0387991775	85.5384891788	87.0381791801	88.5378691814	90.0375591827	91.5372491841	0.0	0.0	3.16514644354e-08	3.19032928172e-06	5.16119678189e-06	7.46948382699e-06	9.06788960044e-06	9.79101263798e-06	1.06322273687e-05	1.13223391675e-05	0.0	2.11053380416e-08	2.10622049524e-06	1.3141832635e-06	1.53917612511e-06	1.06582411835e-06	4.8218167548e-07	5.60925744639e-07	4.6016963383e-07	8.41712778523e-07	117.639684453	117.208827469	116.777970485	116.347113501	115.916256517	115.485399533	115.054542549	114.623685565	114.192828581	113.761971597	-13.0499731974	-12.8647763883	-12.6795795792	-12.4943827702	-12.3091859611	-12.123989152	-11.938792343	-11.7535955339	-11.5683987248	-11.3832019158	-1.16483870968	-1.16483870968	-1.16483870968	-1.16483870968	-1.16483870968	-1.16483870968	-1.16483870968	-1.16483870968	-1.16483870968	-1.16483870968	
2.05	78.0400391722	79.5397291735	81.0394191748	82.5391091762	84.0387991775	85.5384891788	87.0381791801	88.5378691814	90.0375591827	91.5372491841	0.0	0.0	3.16514644354e-08	3.19032928172e-06	5.16119678189e-06	7.46948382699e-06	9.06788960044e-06	9.79101263798e-06	1.06322273687e-05	1.13223391675e-05	0.0	2.11053380416e-08	2.10622049524e-06	1.3141832635e-06	1.53917612511e-06	1.06582411835e-06	4.8218167548e-07	5.60925744639e-07	4.6016963383e-07	8.41712778523e-07	117.639684453	117.208827469	116.777970485	116.347113501	115.916256517	115.485399533	115.054542549	114.623685565	114.192828581	113.761971597	-13.0499731974	-12.8647763883	-12.6795795792	-12.4943827702	-12.3091859611	-12.123989152	-11.938792343	-11.7535955339	-11.5683987248	-11.3832019158	-1.16483870968	-1.16483870968	-1.16483870968	-1.16483870968	-1.16483870968	-1.16483870968	-1.16483870968	-1.16483870968	-1.16483870968	-1.16483870968	
2.06666666667	79.6809500071	81.1119700084	82.5429900097	83.974010011	85.4050300123	86.8360500137	88.267070015	89.6980900163	91.1291100176	92.5601300189	0.0	0.0	2.71677348571e-06	4.46821332617e-06	7.10154638136e-06	7.22000741856e-06	8.49504976015e-06	8.51153390564e-06	1.17210154392e-05	1.35231207928e-05	0.0	1.89848743079e-06	1.22391010528e-06	1.84017907001e-06	8.27808396017e-08	8.91002460078e-07	1.15191579959e-08	2.24279292434e-06	1.25931527995e-06	3.27826835105e-06	117.115101717	116.651838725	116.188575732	115.72531274	115.262049748	114.798786756	114.335523764	113.872260772	113.40899778	112.945734788	-12.8244899106	-12.6253639104	-12.4262379102	-12.2271119099	-12.0279859097	-11.8288599094	-11.6297339092	-11.4306079089	-11.2314819087	-11.0323559085	-1.16483870968	-1.16483870968	-1.16483870968	-1.16483870968	-1.16483870968	-1.16483870968	-1.16483870968	-1.16483870968	-1.16483870968	-1.16483870968	
2.08333333333	79.6809500071	81.1119700084	82.5429900097	83.974010011	85.4050300123	86.8360500137	88.267070015	89.6980900163	91.1291100176	92.5601300189	0.0	0.0	2.71677348571e-06	4.46821332617e-06	7.10154638136e-06	7.22000741856e-06	8.49504976015e-06	8.51153390564e-06	1.17210154392e-05	1.35231207928e-05	0.0	1.89848743079e-06	1.22391010528e-06	1.84017907001e-06	8.27808396017e-08	8.91002460078e-07	1.15191579959e-08	2.24279292434e-06	1.25931527995e-06	3.27826835105e-06	117.115101717	116.651838725	116.188575732	115.72531274	115.262049748	114.798786756	114.335523764	113.872260772	113.40899778	112.945734788	-12.8244899106	-12.6253639104	-12.4262379102	-12.2271119099	-12.0279859097	-11.8288599094	-11.6297339092	-11.4306079089	-11.2314819087	-11.0323559085	-1.16483870968	-1.16483870968	-1.16483870968	-1.16483870968	-1.16483870968	-1.16483870968	-1.16483870968	-1.16483870968	-1.16483870968	-1.16483870968	
2.1	79.6809500071	81.1119700084	82.5429900097	83.974010011	85.4050300123	86.8360500137	88.267070015	89.6980900163	91.1291100176	92.5601300189	0.0	0.0	2.71677348571e-06	4.46821332617e-06	7.10154638136e-06	7.22000741856e-06	8.49504976015e-06	8.51153390564e-06	1.17210154392e-05	1.35231207928e-05	0.0	1.89848743079e-06	1.22391010528e-06	1.84017907001e-06	8.27808396017e-08	8.91002460078e-07	1.15191579959e-08	2.24279292434e-06	1.25931527995e-06	3.27826835105e-06	117.115101717	116.651838725	116.188575732	115.72531274	115.262049748	114.798786756	114.335523764	113.872260772	113.40899778	112.945734788	-12.8244899106	-12.6253639104	-12.4262379102	-12.2271119099	-12.0279859097	-11.8288599094	-11.6297339092	-11.4306079089	-11.2314819087	-11.0323559085	-1.16483870968	-1.16483870968	-1.16483870968	-1.16483870968	-1.16483870968	-1.16483870968	-1.16483870968	-1.16483870968	-1.16483870968	-1.16483870968	
2.11666666667	79.6809500071	81.1119700084	82.5429900097	83.974010011	85.4050300123	86.8360500137	88.267070015	89.6980900163	91.1291100176	92.5601300189	0.0	0.0	2.71677348571e-06	4.46821332617e-06	7.10154638136e-06	7.22000741856e-06	8.49504976015e-06	8.51153390564e-06	1.17210154392e-05	1.35231207928e-05	0.0	1.89848743079e-06	1.22391010528e-06	1.84017907001e-06	8.27808396017e-08	8.91002460078e-07	1.15191579959e-08	2.24279292434e-06	1.25931527995e-06	3.27826835105e-06	117.115101717	116.651838725	116.188575732	115.72531274	115.262049748	114.798786756	114.335523764	113.872260772	113.40899778	112.945734788	-12.8244899106	-12.6253639104	-12.4262379102	-12.2271119099	-12.0279859097	-11.8288599094	-11.6297339092	-11.4306079089	-11.2314819087	-11.0323559085	-1.16483870968	-1.16483870968	-1.16483870968	-1.16483870968	-1.16483870968	-1.16483870968	-1.16483870968	-1.16483870968	-1.16483870968	-1.16483870968	
2.13333333333	79.6809500071	81.1119700084	82.5429900097	83.974010011	85.4050300123	86.8360500137	88.267070015	89.6980900163	91.1291100176	92.5601300189	0.0	0.0	2.71677348571e-06	4.46821332617e-06	7.10154638136e-06	7.22000741856e-06	8.49504976015e-06	8.51153390564e-06	1.17210154392e-05	1.35231207928e-05	0.0	1.89848743079e-06	1.22391010528e-06	1.84017907001e-06	8.27808396017e-08	8.91002460078e-07	1.15191579959e-08	2.24279292434e-06	1.25931527995e-06	3.27826835105e-06	117.115101717	116.651838725	116.188575732	115.72531274	115.262049748	114.798786756	114.335523764	113.872260772	113.40899778	112.945734788	-12.8244899106	-12.6253639104	-12.4262379102	-12.2271119099	-12.0279859097	-11.8288599094	-11.6297339092	-11.4306079089	-11.2314819087	-11.0323559085	-1.16483870968	-1.16483870968	-1.16483870968	-1.16483870968	-1.16483870968	-1.16483870968	-1.16483870968	-1.16483870968	-1.16483870968	-1.16483870968	
2.15	79.6809500071	81.1119700084	82.5429900097	83.974010011	85.4050300123	86.8360500137	88.267070015	89.6980900163	91.1291100176	92.5601300189	0.0	0.0	2.71677348571e-06	4.46821332617e-06	7.10154638136e-06	7.22000741856e-06	8.49504976015e-06	8.51153390564e-06	1.17210154392e-05	1.35231207928e-05	0.0	1.89848743079e-06	1.22391010528e-06	1.84017907001e-06	8.27808396017e-08	8.91002460078e-07	1.15191579959e-08	2.24279292434e-06	1.25931527995e-06	3.27826835105e-06	117.115101717	116.651838725	116.188575732	115.72531274	115.262049748	114.798786756	114.335523764	113.872260772	113.40899778	112.945734788	-12.8244899106	-12.6253639104	-12.4262379102	-12.2271119099	-12.0279859097	-11.8288599094	-11.6297339092	-11.4306079089	-11.2314819087	-11.0323559085	-1.16483870968	-1.16483870968	-1.16483870968	-1.16483870968	-1.16483870968	-1.16483870968	-1.16483870968	-1.16483870968	-1.16483870968	-1.16483870968	
2.16666666667	81.0236800085	82.3958400099	83.7680000112	85.1401600126	86.512320014	87.8844800154	89.2566400168	90.6288000181	92.0009600195	93.3731200209	0.0	0.0	-2.18413917724e-06	-1.29786338256e-06	-2.94035710971e-07	4.18830860066e-06	5.56770079165e-06	8.63197257188e-06	1.06530388266e-05	9.90216819171e-06	0.0	-1.59175254711e-06	6.4589828722e-07	7.31567507127e-07	3.26663385256e-06	1.00527066057e-06	2.23317381148e-06	1.47290859135e-06	-5.47217987811e-07	3.72267185038e-06	116.63691289	116.148367282	115.659821673	115.171276065	114.682730457	114.194184848	113.70563924	113.217093632	112.728548023	112.240002415	-12.6189482852	-12.408954967	-12.1989616488	-11.9889683306	-11.7789750124	-11.5689816941	-11.3589883759	-11.1489950577	-10.9390017395	-10.7290084213	-1.16483870968	-1.16483870968	-1.16483870968	-1.16483870968	-1.16483870968	-1.16483870968	-1.16483870968	-1.16483870968	-1.16483870968	-1.16483870968	
2.18333333333	81.0236800085	82.3958400099	83.7680000112	85.1401600126	86.512320014	87.8844800154	89.2566400168	90.6288000181	92.0009600195	93.3731200209	0.0	0.0	-2.18413917724e-06	-1.29786338256e-06	-2.94035710971e-07	4.18830860066e-06	5.56770079165e-06	8.63197257188e-06	1.06530388266e-05	9.90216819171e-06	0.0	-1.59175254711e-06	6.4589828722e-07	7.31567507127e-07	3.26663385256e-06	1.00527066057e-06	2.23317381148e-06	1.47290859135e-06	-5.47217987811e-07	3.72267185038e-06	116.63691289	116.148367282	115.659821673	115.171276065	114.682730457	114.194184848	113.70563924	113.217093632	112.728548023	112.240002415	-12.6189482852	-12.408954967	-12.1989616488	-11.9889683306	-11.7789750124	-11.5689816941	-11.3589883759	-11.1489950577	-10.9390017395	-10.7290084213	-1.16483870968	-1.16483870968	-1.16483870968	-1.16483870968	-1.16483870968	-1.16483870968	-1.16483870968	-1.16483870968	-1.16483870968	-1.16483870968	
2.2	81.0236800085	82.3958400099	83.7680000112	85.1401600126	86.512320014	87.8844800154	89.2566400168	90.6288000181	92.0009600195	93.3731200209	0.0	0.0	-2.18413917724e-06	-1.29786338256e-06	-2.94035710971e-07	4.18830860066e-06	5.56770079165e-06	8.63197257188e-06	1.06530388266e-05	9.90216819171e-06	0.0	-1.59175254711e-06	6.4589828722e-07	7.31567507127e-07	3.26663385256e-06	1.00527066057e-06	2.23317381148e-06	1.47290859135e-06	-5.47217987811e-07	3.72267185038e-06	116.63691289	116.148367282	115.659821673	115.171276065	114.682730457	114.194184848	113.70563924	113.217093632	112.728548023	112.240002415	-12.6189482852	-12.408954967	-12.1989616488	-11.9889683306	-11.7789750124	-11.5689816941	-11.3589883759	-11.1489950577	-10.9390017395	-10.7290084213	-1.16483870968	-1.16483870968	-1.16483870968	-1.16483870968	-1.16483870968	-1.16483870968	-1.16483870968	-1.16483870968	-1.16483870968	-1.16483870968	
2.21666666667	81.0236800085	82.3958400099	83.7680000112	85.1401600126	86.512320014	87.8844800154	89.2566400168	90.6288000181	92.0009600195	93.3731200209	0.0	0.0	-2.18413917724e-06	-1.29786338256e-06	-2.94035710971e-07	4.18830860066e-06	5.56770079165e-06	8.63197257188e-06	1.06530388266e-05	9.90216819171e-06	0.0	-1.59175254711e-06	6.4589828722e-07	7.31567507127e-07	3.26663385256e-06	1.00527066057e-06	2.23317381148e-06	1.47290859135e-06	-5.47217987811e-07	3.72267185038e-06	116.63691289	116.148367282	115.659821673	115.171276065	114.682730457	114.194184848	113.70563924	113.217093632	112.728548023	112.240002415	-12.6189482852	-12.408954967	-12.1989616488	-11.9889683306	-11.7789750124	-11.5689816941	-11.3589883759	-11.1489950577	-10.9390017395	-10.7290084213	-1.16483870968	-1.16483870968	-1.16483870968	-1.16483870968	-1.16483870968	-1.16483870968	-1.16483870968	-1.16483870968	-1.16483870968	-1.16483870968	
2.23333333333	81.0236800085	82.3958400099	83.7680000112	85.1401600126	86.512320014	87.8844800154	89.2566400168	90.6288000181	92.0009600195	93.3731200209	0.0	0.0	-2.18413917724e-06	-1.29786338256e-06	-2.94035710971e-07	4.18830860066e-06	5.56770079165e-06	8.63197257188e-06	1.06530388266e-05	9.90216819171e-06	0.0	-1.59175254711e-06	6.4589828722e-07	7.31567507127e-07	3.26663385256e-06	1.00527066057e-06	2.23317381148e-06	1.47290859135e-06	-5.47217987811e-07	3.72267185038e-06	116.63691289	116.148367282	115.659821673	115.171276065	114.682730457	114.194184848	113.70563924	113.217093632	112.728548023	112.240002415	-12.6189482852	-12.408954967	-12.1989616488	-11.9889683306	-11.7789750124	-11.5689816941	-11.3589883759	-11.1489950577	-10.9390017395	-10.7290084213	-1.16483870968	-1.16483870968	-1.16483870968	-1.16483870968	-1.16483870968	-1.16483870968	-1.16483870968	-1.16483870968	-1.16483870968	-1.16483870968	
2.25	81.0236800085	82.3958400099	83.7680000112	85.1401600126	86.512320014	87.8844800154	89.2566400168	90.6288000181	92.0009600195	93.3731200209	0.0	0.0	-2.18413917724e-06	-1.29786338256e-06	-2.94035710971e-07	4.18830860066e-06	5.56770079165e-06	8.63197257188e-06	1.06530388266e-05	9.90216819171e-06	0.0	-1.59175254711e-06	6.4589828722e-07	7.31567507127e-07	3.26663385256e-06	1.00527066057e-06	2.23317381148e-06	1.47290859135e-06	-5.47217987811e-07	3.72267185038e-06	116.63691289	116.148367282	115.659821673	115.171276065	114.682730457	114.194184848	113.70563924	113.217093632	112.728548023	112.240002415	-12.6189482852	-12.408954967	-12.1989616488	-11.9889683306	-11.7789750124	-11.5689816941	-11.3589883759	-11.1489950577	-10.9390017395	-10.7290084213	-1.16483870968	-1.16483870968	-1.16483870968	-1.16483870968	-1.16483870968	-1.16483870968	-1.16483870968	-1.16483870968	-1.16483870968	-1.16483870968	
2.26666666667	82.3075500099	83.6208500113	84.9341500128	86.2474500142	87.5607500156	88.874050017	90.1873500185	91.5006500199	92.8139500213	94.1272500227	0.0	0.0	4.44839131339e-07	-5.7521277852e-07	-8.76629160879e-07	-2.38126852772e-06	-2.72714790848e-06	-3.73199684123e-06	-3.93636669237e-06	-4.70439194741e-06	0.0	3.38718595034e-07	-7.76708984052e-07	-2.2951068456e-07	-1.14569356979e-06	-2.63366618735e-07	-7.65132819358e-07	-1.55615511251e-07	-5.84805645478e-07	-4.39050171007e-08	116.134681485	115.62295374	115.111225994	114.599498248	114.087770503	113.576042757	113.064315011	112.552587266	112.04085952	111.529131774	-12.4030723518	-12.183114572	-11.9631567922	-11.7431990124	-11.5232412326	-11.3032834529	-11.0833256731	-10.8633678933	-10.6434101135	-10.4234523337	-1.16483870968	-1.16483870968	-1.16483870968	-1.16483870968	-1.16483870968	-1.16483870968	-1.16483870968	-1.16483870968	-1.16483870968	-1.16483870968	
2.28333333333	82.3075500099	83.6208500113	84.9341500128	86.2474500142	87.5607500156	88.874050017	90.1873500185	91.5006500199	92.8139500213	94.1272500227	0.0	0.0	4.44839131339e-07	-5.7521277852e-07	-8.76629160879e-07	-2.38126852772e-06	-2.72714790848e-06	-3.73199684123e-06	-3.93636669237e-06	-4.70439194741e-06	0.0	3.38718595034e-07	-7.76708984052e-07	-2.2951068456e-07	-1.14569356979e-06	-2.63366618735e-07	-7.65132819358e-07	-1.55615511251e-07	-5.84805645478e-07	-4.39050171007e-08	116.134681485	115.62295374	115.111225994	114.599498248	114.087770503	113.576042757	113.064315011	112.552587266	112.04085952	111.529131774	-12.4030723518	-12.183114572	-11.9631567922	-11.7431990124	-11.5232412326	-11.3032834529	-11.0833256731	-10.8633678933	-10.6434101135	-10.4234523337	-1.16483870968	-1.16483870968	-1.16483870968	-1.16483870968	-1.16483870968	-1.16483870968	-1.16483870968	-1.16483870968	-1.16483870968	-1.16483870968	
2.3	82.3075500099	83.6208500113	84.9341500128	86.2474500142	87.5607500156	88.874050017	90.1873500185	91.5006500199	92.8139500213	94.1272500227	0.0	0.0	4.44839131339e-07	-5.7521277852e-07	-8.76629160879e-07	-2.38126852772e-06	-2.72714790848e-06	-3.73199684123e-06	-3.93636669237e-06	-4.70439194741e-06	0.0	3.38718595034e-07	-7.76708984052e-07	-2.2951068456e-07	-1.14569356979e-06	-2.63366618735e-07	-7.65132819358e-07	-1.55615511251e-07	-5.84805645478e-07	-4.39050171007e-08	116.134681485	115.62295374	115.111225994	114.599498248	114.087770503	113.576042757	113.064315011	112.552587266	112.04085952	111.529131774	-12.4030723518	-12.183114572	-11.9631567922	-11.7431990124	-11.5232412326	-11.3032834529	-11.0833256731	-10.8633678933	-10.6434101135	-10.4234523337	-1.16483870968	-1.16483870968	-1.16483870968	-1.16483870968	-1.16483870968	-1.16483870968	-1.16483870968	-1.16483870968	-1.16483870968	-1.16483870968	
2.31666666667	82.3075500099	83.6208500113	84.9341500128	86.2474500142	87.5607500156	88.874050017	90.1873500185	91.5006500199	92.8139500213	94.1272500227	0.0	0.0	4.44839131339e-07	-5.7521277852e-07	-8.76629160879e-07	-2.38126852772e-06	-2.72714790848e-06	-3.73199684123e-06	-3.93636669237e-06	-4.70439194741e-06	0.0	3.38718595034e-07	-7.76708984052e-07	-2.2951068456e-07	-1.14569356979e-06	-2.63366618735e-07	-7.65132819358e-07	-1.55615511251e-07	-5.84805645478e-07	-4.39050171007e-08	116.134681485	115.62295374	115.111225994	114.599498248	114.087770503	113.576042757	113.064315011	112.552587266	112.04085952	111.529131774	-12.4030723518	-12.183114572	-11.9631567922	-11.7431990124	-11.5232412326	-11.3032834529	-11.0833256731	-10.8633678933	-10.6434101135	-10.4234523337	-1.16483870968	-1.16483870968	-1.16483870968	-1.16483870968	-1.16483870968	-1.16483870968	-1.16483870968	-1.16483870968	-1.16483870968	-1.16483870968	
2.33333333333	82.3075500099	83.6208500113	84.9341500128	86.2474500142	87.5607500156	88.874050017	90.1873500185	91.5006500199	92.8139500213	94.1272500227	0.0	0.0	4.44839131339e-07	-5.7521277852e-07	-8.76629160879e-07	-2.38126852772e-06	-2.72714790848e-06	-3.73199684123e-06	-3.93636669237e-06	-4.70439194741e-06	0.0	3.38718595034e-07	-7.76708984052e-07	-2.2951068456e-07	-1.14569356979e-06	-2.63366618735e-07	-7.65132819358e-07	-1.55615511251e-07	-5.84805645478e-07	-4.39050171007e-08	116.134681485	115.62295374	115.111225994	114.599498248	114.087770503	113.576042757	113.064315011	112.552587266	112.04085952	111.529131774	-12.4030723518	-12.183114572	-11.9631567922	-11.7431990124	-11.5232412326	-11.3032834529	-11.0833256731	-10.8633678933	-10.6434101135	-10.4234523337	-1.16483870968	-1.16483870968	-1.16483870968	-1.16483870968	-1.16483870968	-1.16483870968	-1.16483870968	-1.16483870968	-1.16483870968	-1.16483870968	
2.35	82.3075500099	83.6208500113	84.9341500128	86.2474500142	87.5607500156	88.874050017	90.1873500185	91.5006500199	92.8139500213	94.1272500227	0.0	0.0	4.44839131339e-07	-5.7521277852e-07	-8.76629160879e-07	-2.38126852772e-06	-2.72714790848e-06	-3.73199684123e-06	-3.93636669237e-06	-4.70439194741e-06	0.0	3.38718595034e-07	-7.76708984052e-07	-2.2951068456e-07	-1.14569356979e-06	-2.63366618735e-07	-7.65132819358e-07	-1.55615511251e-07	-5.84805645478e-07	-4.39050171007e-08	116.134681485	115.62295374	115.111225994	114.599498248	114.087770503	113.576042757	113.064315011	112.552587266	112.04085952	111.529131774	-12.4030723518	-12.183114572	-11.9631567922	-11.7431990124	-11.5232412326	-11.3032834529	-11.0833256731	-10.8633678933	-10.6434101135	-10.4234523337	-1.16483870968	-1.16483870968	-1.16483870968	-1.16483870968	-1.16483870968	-1.16483870968	-1.16483870968	-1.16483870968	-1.16483870968	-1.16483870968	
2.36666666667	83.5325600114	84.7870000128	86.0414400142	87.2958800156	88.550320017	89.8047600185	91.0592000199	92.3136400213	93.5680800227	94.8225200241	0.0	0.0	-5.82223529597e-07	-9.89618305934e-07	-4.44060038576e-06	-6.13187067878e-06	-7.86168334871e-06	-8.77373259461e-06	-1.00222424258e-05	-7.78682968103e-06	0.0	-4.64130232563e-07	-3.24762265135e-07	-2.7510140588e-06	-1.3482273294e-06	-1.37895209653e-06	-7.27056889821e-07	-9.95272655315e-07	1.78200052788e-06	-3.74411894098e-09	115.610404958	115.077421047	114.544437135	114.011453223	113.478469311	112.9454854	112.412501488	111.879517576	111.346533664	110.813549753	-12.1777206842	-11.94862629	-11.7195318958	-11.4904375016	-11.2613431074	-11.0322487131	-10.8031543189	-10.5740599247	-10.3449655305	-10.1158711363	-1.16483870968	-1.16483870968	-1.16483870968	-1.16483870968	-1.16483870968	-1.16483870968	-1.16483870968	-1.16483870968	-1.16483870968	-1.16483870968	
2.38333333333	83.5325600114	84.7870000128	86.0414400142	87.2958800156	88.550320017	89.8047600185	91.0592000199	92.3136400213	93.5680800227	94.8225200241	0.0	0.0	-5.82223529597e-07	-9.89618305934e-07	-4.44060038576e-06	-6.13187067878e-06	-7.86168334871e-06	-8.77373259461e-06	-1.00222424258e-05	-7.78682968103e-06	0.0	-4.64130232563e-07	-3.24762265135e-07	-2.7510140588e-06	-1.3482273294e-06	-1.37895209653e-06	-7.27056889821e-07	-9.95272655315e-07	1.78200052788e-06	-3.74411894098e-09	115.610404958	115.077421047	114.544437135	114.011453223	113.478469311	112.9454854	112.412501488	111.879517576	111.346533664	110.813549753	-12.1777206842	-11.94862629	-11.7195318958	-11.4904375016	-11.2613431074	-11.0322487131	-10.8031543189	-10.5740599247	-10.3449655305	-10.1158711363	-1.16483870968	-1.16483870968	-1.16483870968	-1.16483870968	-1.16483870968	-1.16483870968	-1.16483870968	-1.16483870968	-1.16483870968	-1.16483870968	
2.4	83.5325600114	84.7870000128	86.0414400142	87.2958800156	88.550320017	89.8047600185	91.0592000199	92.3136400213	93.5680800227	94.8225200241	0.0	0.0	-5.82223529597e-07	-9.89618305934e-07	-4.44060038576e-06	-6.13187067878e-06	-7.86168334871e-06	-8.77373259461e-06	-1.00222424258e-05	-7.78682968103e-06	0.0	-4.64130232563e-07	-3.24762265135e-07	-2.7510140588e-06	-1.3482273294e-06	-1.37895209653e-06	-7.27056889821e-07	-9.95272655315e-07	1.78200052788e-06	-3.74411894098e-09	115.610404958	115.077421047	114.544437135	114.011453223	113.478469311	112.9454854	112.412501488	111.879517576	111.346533664	110.813549753	-12.1777206842	-11.94862629	-11.7195318958	-11.4904375016	-11.2613431074	-11.0322487131	-10.8031543189	-10.5740599247	-10.3449655305	-10.1158711363	-1.16483870968	-1.16483870968	-1.16483870968	-1.16483870968	-1.16483870968	-1.16483870968	-1.16483870968	-1.16483870968	-1.16483870968	-1.16483870968	
2.41666666667	83.5325600114	84.7870000128	86.0414400142	87.2958800156	88.550320017	89.8047600185	91.0592000199	92.3136400213	93.5680800227	94.8225200241	0.0	0.0	-5.82223529597e-07	-9.89618305934e-07	-4.44060038576e-06	-6.13187067878e-06	-7.86168334871e-06	-8.77373259461e-06	-1.00222424258e-05	-7.78682968103e-06	0.0	-4.64130232563e-07	-3.24762265135e-07	-2.7510140588e-06	-1.3482273294e-06	-1.37895209653e-06	-7.27056889821e-07	-9.95272655315e-07	1.78200052788e-06	-3.74411894098e-09	115.610404958	115.077421047	114.544437135	114.011453223	113.478469311	112.9454854	112.412501488	111.879517576	111.346533664	110.813549753	-12.1777206842	-11.94862629	-11.7195318958	-11.4904375016	-11.2613431074	-11.0322487131	-10.8031543189	-10.5740599247	-10.3449655305	-10.1158711363	-1.16483870968	-1.16483870968	-1.16483870968	-1.16483870968	-1.16483870968	-1.16483870968	-1.16483870968	-1.16483870968	-1.16483870968	-1.16483870968	
2.43333333333	83.5325600114	84.7870000128	86.0414400142	87.2958800156	88.550320017	89.8047600185	91.0592000199	92.3136400213	93.5680800227	94.8225200241	0.0	0.0	-5.82223529597e-07	-9.89618305934e-07	-4.44060038576e-06	-6.13187067878e-06	-7.86168334871e-06	-8.77373259461e-06	-1.00222424258e-05	-7.78682968103e-06	0.0	-4.64130232563e-07	-3.24762265135e-07	-2.7510140588e-06	-1.3482273294e-06	-1.37895209653e-06	-7.27056889821e-07	-9.95272655315e-07	1.78200052788e-06	-3.74411894098e-09	115.610404958	115.077421047	114.544437135	114.011453223	113.478469311	112.9454854	112.412501488	111.879517576	111.346533664	110.813549753	-12.1777206842	-11.94862629	-11.7195318958	-11.4904375016	-11.2613431074	-11.0322487131	-10.8031543189	-10.5740599247	-10.3449655305	-10.1158711363	-1.16483870968	-1.16483870968	-1.16483870968	-1.16483870968	-1.16483870968	-1.16483870968	-1.16483870968	-1.16483870968	-1.16483870968	-1.16483870968	
2.45	83.5325600114	84.7870000128	86.0414400142	87.2958800156	88.550320017	89.8047600185	91.0592000199	92.3136400213	93.5680800227	94.8225200241	0.0	0.0	-5.82223529597e-07	-9.89618305934e-07	-4.44060038576e-06	-6.13187067878e-06	-7.86168334871e-06	-8.77373259461e-06	-1.00222424258e-05	-7.78682968103e-06	0.0	-4.64130232563e-07	-3.24762265135e-07	-2.7510140588e-06	-1.3482273294e-06	-1.37895209653e-06	-7.27056889821e-07	-9.95272655315e-07	1.78200052788e-06	-3.74411894098e-09	115.610404958	115.077421047	114.544437135	114.011453223	113.478469311	112.9454854	112.412501488	111.879517576	111.346533664	110.813549753	-12.1777206842	-11.94862629	-11.7195318958	-11.4904375016	-11.2613431074	-11.0322487131	-10.8031543189	-10.5740599247	-10.3449655305	-10.1158711363	-1.16483870968	-1.16483870968	-1.16483870968	-1.16483870968	-1.16483870968	-1.16483870968	-1.16483870968	-1.16483870968	-1.16483870968	-1.16483870968	
2.46666666667	84.6987100128	85.8942900142	87.0898700156	88.2854500171	89.4810300185	90.6766100199	91.8721900213	93.0677700227	94.2633500242	95.4589300256	0.0	0.0	1.11857620949e-06	1.23480112379e-06	3.33402101445e-06	2.57026841119e-06	5.68380124509e-06	6.22415644609e-06	1.02443500853e-05	1.0909676131e-05	0.0	9.35592940793e-07	9.72121599235e-08	1.7558171667e-06	-6.38813464885e-07	2.60420283895e-06	4.5196072229e-07	3.36254674255e-06	5.56488101885e-07	2.47740464898e-06	115.065914818	114.513440702	113.960966585	113.408492469	112.856018353	112.303544236	111.75107012	111.198596004	110.646121887	110.093647771	-11.9436805262	-11.7062085872	-11.4687366482	-11.2312647092	-10.9937927701	-10.7563208311	-10.5188488921	-10.281376953	-10.043905014	-9.80643307498	-1.16483870968	-1.16483870968	-1.16483870968	-1.16483870968	-1.16483870968	-1.16483870968	-1.16483870968	-1.16483870968	-1.16483870968	-1.16483870968	
2.48333333333	84.6987100128	85.8942900142	87.0898700156	88.2854500171	89.4810300185	90.6766100199	91.8721900213	93.0677700227	94.2633500242	95.4589300256	0.0	0.0	1.11857620949e-06	1.23480112379e-06	3.33402101445e-06	2.57026841119e-06	5.68380124509e-06	6.22415644609e-06	1.02443500853e-05	1.0909676131e-05	0.0	9.35592940793e-07	9.72121599235e-08	1.7558171667e-06	-6.38813464885e-07	2.60420283895e-06	4.5196072229e-07	3.36254674255e-06	5.56488101885e-07	2.47740464898e-06	115.065914818	114.513440702	113.960966585	113.408492469	112.856018353	112.303544236	111.75107012	111.198596004	110.646121887	110.093647771	-11.9436805262	-11.7062085872	-11.4687366482	-11.2312647092	-10.9937927701	-10.7563208311	-10.5188488921	-10.281376953	-10.043905014	-9.80643307498	-1.16483870968	-1.16483870968	-1.16483870968	-1.16483870968	-1.16483870968	-1.16483870968	-1.16483870968	-1.16483870968	-1.16483870968	-1.16483870968	
2.5	84.6987100128	85.8942900142	87.0898700156	88.2854500171	89.4810300185	90.6766100199	91.8721900213	93.0677700227	94.2633500242	95.4589300256	0.0	0.0	1.11857620949e-06	1.23480112379e-06	3.33402101445e-06	2.57026841119e-06	5.68380124509e-06	6.22415644609e-06	1.02443500853e-05	1.0909676131e-05	0.0	9.35592940793e-07	9.72121599235e-08	1.7558171667e-06	-6.38813464885e-07	2.60420283895e-06	4.5196072229e-07	3.36254674255e-06	5.56488101885e-07	2.47740464898e-06	115.065914818	114.513440702	113.960966585	113.408492469	112.856018353	112.303544236	111.75107012	111.198596004	110.646121887	110.093647771	-11.9436805262	-11.7062085872	-11.4687366482	-11.2312647092	-10.9937927701	-10.7563208311	-10.5188488921	-10.281376953	-10.043905014	-9.80643307498	-1.16483870968	-1.16483870968	-1.16483870968	-1.16483870968	-1.16483870968	-1.16483870968	-1.16483870968	-1.16483870968	-1.16483870968	-1.16483870968	
2.51666666667	84.6987100128	85.8942900142	87.0898700156	88.2854500171	89.4810300185	90.6766100199	91.8721900213	93.0677700227	94.2633500242	95.4589300256	0.0	0.0	1.11857620949e-06	1.23480112379e-06	3.33402101445e-06	2.57026841119e-06	5.68380124509e-06	6.22415644609e-06	1.02443500853e-05	1.0909676131e-05	0.0	9.35592940793e-07	9.72121599235e-08	1.7558171667e-06	-6.38813464885e-07	2.60420283895e-06	4.5196072229e-07	3.36254674255e-06	5.56488101885e-07	2.47740464898e-06	115.065914818	114.513440702	113.960966585	113.408492469	112.856018353	112.303544236	111.75107012	111.198596004	110.646121887	110.093647771	-11.9436805262	-11.7062085872	-11.4687366482	-11.2312647092	-10.9937927701	-10.7563208311	-10.5188488921	-10.281376953	-10.043905014	-9.80643307498	-1.16483870968	-1.16483870968	-1.16483870968	-1.16483870968	-1.16483870968	-1.16483870968	-1.16483870968	-1.16483870968	-1.16483870968	-1.16483870968	
2.53333333333	84.6987100128	85.8942900142	87.0898700156	88.2854500171	89.4810300185	90.6766100199	91.8721900213	93.0677700227	94.2633500242	95.4589300256	0.0	0.0	1.11857620949e-06	1.23480112379e-06	3.33402101445e-06	2.57026841119e-06	5.68380124509e-06	6.22415644609e-06	1.02443500853e-05	1.0909676131e-05	0.0	9.35592940793e-07	9.72121599235e-08	1.7558171667e-06	-6.38813464885e-07	2.60420283895e-06	4.5196072229e-07	3.36254674255e-06	5.56488101885e-07	2.47740464898e-06	115.065914818	114.513440702	113.960966585	113.408492469	112.856018353	112.303544236	111.75107012	111.198596004	110.646121887	110.093647771	-11.9436805262	-11.7062085872	-11.4687366482	-11.2312647092	-10.9937927701	-10.7563208311	-10.5188488921	-10.281376953	-10.043905014	-9.80643307498	-1.16483870968	-1.16483870968	-1.16483870968	-1.16483870968	-1.16483870968	-1.16483870968	-1.16483870968	-1.16483870968	-1.16483870968	-1.16483870968	
2.55	84.6987100128	85.8942900142	87.0898700156	88.2854500171	89.4810300185	90.6766100199	91.8721900213	93.0677700227	94.2633500242	95.4589300256	0.0	0.0	1.11857620949e-06	1.23480112379e-06	3.33402101445e-06	2.57026841119e-06	5.68380124509e-06	6.22415644609e-06	1.02443500853e-05	1.0909676131e-05	0.0	9.35592940793e-07	9.72121599235e-08	1.7558171667e-06	-6.38813464885e-07	2.60420283895e-06	4.5196072229e-07	3.36254674255e-06	5.56488101885e-07	2.47740464898e-06	115.065914818	114.513440702	113.960966585	113.408492469	112.856018353	112.303544236	111.75107012	111.198596004	110.646121887	110.093647771	-11.9436805262	-11.7062085872	-11.4687366482	-11.2312647092	-10.9937927701	-10.7563208311	-10.5188488921	-10.281376953	-10.043905014	-9.80643307498	-1.16483870968	-1.16483870968	-1.16483870968	-1.16483870968	-1.16483870968	-1.16483870968	-1.16483870968	-1.16483870968	-1.16483870968	-1.16483870968	
2.56666666667	84.6987100128	85.8942900142	87.0898700156	88.2854500171	89.4810300185	90.6766100199	91.8721900213	93.0677700227	94.2633500242	95.4589300256	0.0	0.0	1.11857620949e-06	1.23480112379e-06	3.33402101445e-06	2.57026841119e-06	5.68380124509e-06	6.22415644609e-06	1.02443500853e-05	1.0909676131e-05	0.0	9.35592940793e-07	9.72121599235e-08	1.7558171667e-06	-6.38813464885e-07	2.60420283895e-06	4.5196072229e-07	3.36254674255e-06	5.56488101885e-07	2.47740464898e-06	115.065914818	114.513440702	113.960966585	113.408492469	112.856018353	112.303544236	111.75107012	111.198596004	110.646121887	110.093647771	-11.9436805262	-11.7062085872	-11.4687366482	-11.2312647092	-10.9937927701	-10.7563208311	-10.5188488921	-10.281376953	-10.043905014	-9.80643307498	-1.16483870968	-1.16483870968	-1.16483870968	-1.16483870968	-1.16483870968	-1.16483870968	-1.16483870968	-1.16483870968	-1.16483870968	-1.16483870968	
2.58333333333	85.9848258478	87.1117358492	88.2386458507	89.3655558521	90.4924658535	91.619375855	92.7462858564	93.8731958578	95.0001058593	96.1270158607	0.0	0.0	-3.84325800595e-06	-4.75088675954e-06	-6.35604706264e-06	-7.45735483212e-06	-4.73631873329e-06	-9.10040621245e-06	-9.80465894202e-06	-1.99403772484e-05	0.0	-3.41043916644e-06	-8.05413699794e-07	-1.42439085734e-06	-9.77281032273e-07	2.4145992984e-06	-3.87261402739e-06	-6.24941413841e-07	-8.99425712225e-06	-6.89477611795e-06	114.407361117	113.834185361	113.261009604	112.687833848	112.114658091	111.541482335	110.968306578	110.395130822	109.821955065	109.248779309	-11.6606120174	-11.4142418178	-11.1678716183	-10.9215014187	-10.6751312191	-10.4287610195	-10.18239082	-9.93602062039	-9.68965042081	-9.44328022124	-1.16483870968	-1.16483870968	-1.16483870968	-1.16483870968	-1.16483870968	-1.16483870968	-1.16483870968	-1.16483870968	-1.16483870968	-1.16483870968	
2.6	85.9848258478	87.1117358492	88.2386458507	89.3655558521	90.4924658535	91.619375855	92.7462858564	93.8731958578	95.0001058593	96.1270158607	0.0	0.0	-3.84325800595e-06	-4.75088675954e-06	-6.35604706264e-06	-7.45735483212e-06	-4.73631873329e-06	-9.10040621245e-06	-9.80465894202e-06	-1.99403772484e-05	0.0	-3.41043916644e-06	-8.05413699794e-07	-1.42439085734e-06	-9.77281032273e-07	2.4145992984e-06	-3.87261402739e-06	-6.24941413841e-07	-8.99425712225e-06	-6.89477611795e-06	114.407361117	113.834185361	113.261009604	112.687833848	112.114658091	111.541482335	110.968306578	110.395130822	109.821955065	109.248779309	-11.6606120174	-11.4142418178	-11.1678716183	-10.9215014187	-10.6751312191	-10.4287610195	-10.18239082	-9.93602062039	-9.68965042081	-9.44328022124	-1.16483870968	-1.16483870968	-1.16483870968	-1.16483870968	-1.16483870968	-1.16483870968	-1.16483870968	-1.16483870968	-1.16483870968	-1.16483870968	
2.61666666667	85.9848258478	87.1117358492	88.2386458507	89.3655558521	90.4924658535	91.619375855	92.7462858564	93.8731958578	95.0001058593	96.1270158607	0.0	0.0	-3.84325800595e-06	-4.75088675954e-06	-6.35604706264e-06	-7.45735483212e-06	-4.73631873329e-06	-9.10040621245e-06	-9.80465894202e-06	-1.99403772484e-05	0.0	-3.41043916644e-06	-8.05413699794e-07	-1.42439085734e-06	-9.77281032273e-07	2.4145992984e-06	-3.87261402739e-06	-6.24941413841e-07	-8.99425712225e-06	-6.89477611795e-06	114.407361117	113.834185361	113.261009604	112.687833848	112.114658091	111.541482335	110.968306578	110.395130822	109.821955065	109.248779309	-11.6606120174	-11.4142418178	-11.1678716183	-10.9215014187	-10.6751312191	-10.4287610195	-10.18239082	-9.93602062039	-9.68965042081	-9.44328022124	-1.16483870968	-1.16483870968	-1.16483870968	-1.16483870968	-1.16483870968	-1.16483870968	-1.16483870968	-1.16483870968	-1.16483870968	-1.16483870968	
2.63333333333	85.9848258478	87.1117358492	88.2386458507	89.3655558521	90.4924658535	91.619375855	92.7462858564	93.8731958578	95.0001058593	96.1270158607	0.0	0.0	-3.84325800595e-06	-4.75088675954e-06	-6.35604706264e-06	-7.45735483212e-06	-4.73631873329e-06	-9.10040621245e-06	-9.80465894202e-06	-1.99403772484e-05	0.0	-3.41043916644e-06	-8.05413699794e-07	-1.42439085734e-06	-9.77281032273e-07	2.4145992984e-06	-3.87261402739e-06	-6.24941413841e-07	-8.99425712225e-06	-6.89477611795e-06	114.407361117	113.834185361	113.261009604	112.687833848	112.114658091	111.541482335	110.968306578	110.395130822	109.821955065	109.248779309	-11.6606120174	-11.4142418178	-11.1678716183	-10.9215014187	-10.6751312191	-10.4287610195	-10.18239082	-9.93602062039	-9.68965042081	-9.44328022124	-1.16483870968	-1.16483870968	-1.16483870968	-1.16483870968	-1.16483870968	-1.16483870968	-1.16483870968	-1.16483870968	-1.16483870968	-1.16483870968	
2.65	85.9848258478	87.1117358492	88.2386458507	89.3655558521	90.4924658535	91.619375855	92.7462858564	93.8731958578	95.0001058593	96.1270158607	0.0	0.0	-3.84325800595e-06	-4.75088675954e-06	-6.35604706264e-06	-7.45735483212e-06	-4.73631873329e-06	-9.10040621245e-06	-9.80465894202e-06	-1.99403772484e-05	0.0	-3.41043916644e-06	-8.05413699794e-07	-1.42439085734e-06	-9.77281032273e-07	2.4145992984e-06	-3.87261402739e-06	-6.24941413841e-07	-8.99425712225e-06	-6.89477611795e-06	114.407361117	113.834185361	113.261009604	112.687833848	112.114658091	111.541482335	110.968306578	110.395130822	109.821955065	109.248779309	-11.6606120174	-11.4142418178	-11.1678716183	-10.9215014187	-10.6751312191	-10.4287610195	-10.18239082	-9.93602062039	-9.68965042081	-9.44328022124	-1.16483870968	-1.16483870968	-1.16483870968	-1.16483870968	-1.16483870968	-1.16483870968	-1.16483870968	-1.16483870968	-1.16483870968	-1.16483870968	
2.66666666667	85.9848258478	87.1117358492	88.2386458507	89.3655558521	90.4924658535	91.619375855	92.7462858564	93.8731958578	95.0001058593	96.1270158607	0.0	0.0	-3.84325800595e-06	-4.75088675954e-06	-6.35604706264e-06	-7.45735483212e-06	-4.73631873329e-06	-9.10040621245e-06	-9.80465894202e-06	-1.99403772484e-05	0.0	-3.41043916644e-06	-8.05413699794e-07	-1.42439085734e-06	-9.77281032273e-07	2.4145992984e-06	-3.87261402739e-06	-6.24941413841e-07	-8.99425712225e-06	-6.89477611795e-06	114.407361117	113.834185361	113.261009604	112.687833848	112.114658091	111.541482335	110.968306578	110.395130822	109.821955065	109.248779309	-11.6606120174	-11.4142418178	-11.1678716183	-10.9215014187	-10.6751312191	-10.4287610195	-10.18239082	-9.93602062039	-9.68965042081	-9.44328022124	-1.16483870968	-1.16483870968	-1.16483870968	-1.16483870968	-1.16483870968	-1.16483870968	-1.16483870968	-1.16483870968	-1.16483870968	-1.16483870968	
2.68333333333	85.9848258478	87.1117358492	88.2386458507	89.3655558521	90.4924658535	91.619375855	92.7462858564	93.8731958578	95.0001058593	96.1270158607	0.0	0.0	-3.84325800595e-06	-4.75088675954e-06	-6.35604706264e-06	-7.45735483212e-06	-4.73631873329e-06	-9.10040621245e-06	-9.80465894202e-06	-1.99403772484e-05	0.0	-3.41043916644e-06	-8.05413699794e-07	-1.42439085734e-06	-9.77281032273e-07	2.4145992984e-06	-3.87261402739e-06	-6.24941413841e-07	-8.99425712225e-06	-6.89477611795e-06	114.407361117	113.834185361	113.261009604	112.687833848	112.114658091	111.541482335	110.968306578	110.395130822	109.821955065	109.248779309	-11.6606120174	-11.4142418178	-11.1678716183	-10.9215014187	-10.6751312191	-10.4287610195	-10.18239082	-9.93602062039	-9.68965042081	-9.44328022124	-1.16483870968	-1.16483870968	-1.16483870968	-1.16483870968	-1.16483870968	-1.16483870968	-1.16483870968	-1.16483870968	-1.16483870968	-1.16483870968	
2.7	87.190826683	88.2490666846	89.3073066862	90.3655466878	91.4237866894	92.482026691	93.5402666925	94.5985066941	95.6567466957	96.7149866973	0.0	0.0	6.61153695618e-07	-1.62934471165e-06	-2.46716134786e-06	-5.35410341827e-06	-6.5158302782e-06	-9.48599962778e-06	-1.06685434272e-05	-1.34964493254e-05	0.0	6.24767249988e-07	-2.16444134019e-06	-7.91707585195e-07	-2.72805985985e-06	-1.09779148227e-06	-2.80670674435e-06	-1.11746276614e-06	-2.67227273021e-06	-7.47734926586e-07	113.72600291	113.134117828	112.542232746	111.950347664	111.358462582	110.7665775	110.174692419	109.582807337	108.990922255	108.399037173	-11.3677413654	-11.1133292691	-10.8589171728	-10.6045050766	-10.3500929803	-10.095680884	-9.84126878776	-9.58685669149	-9.33244459522	-9.07803249895	-1.16483870968	-1.16483870968	-1.16483870968	-1.16483870968	-1.16483870968	-1.16483870968	-1.16483870968	-1.16483870968	-1.16483870968	-1.16483870968	
2.71666666667	87.190826683	88.2490666846	89.3073066862	90.3655466878	91.4237866894	92.482026691	93.5402666925	94.5985066941	95.6567466957	96.7149866973	0.0	0.0	6.61153695618e-07	-1.62934471165e-06	-2.46716134786e-06	-5.35410341827e-06	-6.5158302782e-06	-9.48599962778e-06	-1.06685434272e-05	-1.34964493254e-05	0.0	6.24767249988e-07	-2.16444134019e-06	-7.91707585195e-07	-2.72805985985e-06	-1.09779148227e-06	-2.80670674435e-06	-1.11746276614e-06	-2.67227273021e-06	-7.47734926586e-07	113.72600291	113.134117828	112.542232746	111.950347664	111.358462582	110.7665775	110.174692419	109.582807337	108.990922255	108.399037173	-11.3677413654	-11.1133292691	-10.8589171728	-10.6045050766	-10.3500929803	-10.095680884	-9.84126878776	-9.58685669149	-9.33244459522	-9.07803249895	-1.16483870968	-1.16483870968	-1.16483870968	-1.16483870968	-1.16483870968	-1.16483870968	-1.16483870968	-1.16483870968	-1.16483870968	-1.16483870968	
2.73333333333	87.190826683	88.2490666846	89.3073066862	90.3655466878	91.4237866894	92.482026691	93.5402666925	94.5985066941	95.6567466957	96.7149866973	0.0	0.0	6.61153695618e-07	-1.62934471165e-06	-2.46716134786e-06	-5.35410341827e-06	-6.5158302782e-06	-9.48599962778e-06	-1.06685434272e-05	-1.34964493254e-05	0.0	6.24767249988e-07	-2.16444134019e-06	-7.91707585195e-07	-2.72805985985e-06	-1.09779148227e-06	-2.80670674435e-06	-1.11746276614e-06	-2.67227273021e-06	-7.47734926586e-07	113.72600291	113.134117828	112.542232746	111.950347664	111.358462582	110.7665775	110.174692419	109.582807337	108.990922255	108.399037173	-11.3677413654	-11.1133292691	-10.8589171728	-10.6045050766	-10.3500929803	-10.095680884	-9.84126878776	-9.58685669149	-9.33244459522	-9.07803249895	-1.16483870968	-1.16483870968	-1.16483870968	-1.16483870968	-1.16483870968	-1.16483870968	-1.16483870968	-1.16483870968	-1.16483870968	-1.16483870968	
2.75	87.190826683	88.2490666846	89.3073066862	90.3655466878	91.4237866894	92.482026691	93.5402666925	94.5985066941	95.6567466957	96.7149866973	0.0	0.0	6.61153695618e-07	-1.62934471165e-06	-2.46716134786e-06	-5.35410341827e-06	-6.5158302782e-06	-9.48599962778e-06	-1.06685434272e-05	-1.34964493254e-05	0.0	6.24767249988e-07	-2.16444134019e-06	-7.91707585195e-07	-2.72805985985e-06	-1.09779148227e-06	-2.80670674435e-06	-1.11746276614e-06	-2.67227273021e-06	-7.47734926586e-07	113.72600291	113.134117828	112.542232746	111.950347664	111.358462582	110.7665775	110.174692419	109.582807337	108.990922255	108.399037173	-11.3677413654	-11.1133292691	-10.8589171728	-10.6045050766	-10.3500929803	-10.095680884	-9.84126878776	-9.58685669149	-9.33244459522	-9.07803249895	-1.16483870968	-1.16483870968	-1.16483870968	-1.16483870968	-1.16483870968	-1.16483870968	-1.16483870968	-1.16483870968	-1.16483870968	-1.16483870968	
2.76666666667	87.190826683	88.2490666846	89.3073066862	90.3655466878	91.4237866894	92.482026691	93.5402666925	94.5985066941	95.6567466957	96.7149866973	0.0	0.0	6.61153695618e-07	-1.62934471165e-06	-2.46716134786e-06	-5.35410341827e-06	-6.5158302782e-06	-9.48599962778e-06	-1.06685434272e-05	-1.34964493254e-05	0.0	6.24767249988e-07	-2.16444134019e-06	-7.91707585195e-07	-2.72805985985e-06	-1.09779148227e-06	-2.80670674435e-06	-1.11746276614e-06	-2.67227273021e-06	-7.47734926586e-07	113.72600291	113.134117828	112.542232746	111.950347664	111.358462582	110.7665775	110.174692419	109.582807337	108.990922255	108.399037173	-11.3677413654	-11.1133292691	-10.8589171728	-10.6045050766	-10.3500929803	-10.095680884	-9.84126878776	-9.58685669149	-9.33244459522	-9.07803249895	-1.16483870968	-1.16483870968	-1.16483870968	-1.16483870968	-1.16483870968	-1.16483870968	-1.16483870968	-1.16483870968	-1.16483870968	-1.16483870968	
2.78333333333	87.190826683	88.2490666846	89.3073066862	90.3655466878	91.4237866894	92.482026691	93.5402666925	94.5985066941	95.6567466957	96.7149866973	0.0	0.0	6.61153695618e-07	-1.62934471165e-06	-2.46716134786e-06	-5.35410341827e-06	-6.5158302782e-06	-9.48599962778e-06	-1.06685434272e-05	-1.34964493254e-05	0.0	6.24767249988e-07	-2.16444134019e-06	-7.91707585195e-07	-2.72805985985e-06	-1.09779148227e-06	-2.80670674435e-06	-1.11746276614e-06	-2.67227273021e-06	-7.47734926586e-07	113.72600291	113.134117828	112.542232746	111.950347664	111.358462582	110.7665775	110.174692419	109.582807337	108.990922255	108.399037173	-11.3677413654	-11.1133292691	-10.8589171728	-10.6045050766	-10.3500929803	-10.095680884	-9.84126878776	-9.58685669149	-9.33244459522	-9.07803249895	-1.16483870968	-1.16483870968	-1.16483870968	-1.16483870968	-1.16483870968	-1.16483870968	-1.16483870968	-1.16483870968	-1.16483870968	-1.16483870968	
2.8	87.190826683	88.2490666846	89.3073066862	90.3655466878	91.4237866894	92.482026691	93.5402666925	94.5985066941	95.6567466957	96.7149866973	0.0	0.0	6.61153695618e-07	-1.62934471165e-06	-2.46716134786e-06	-5.35410341827e-06	-6.5158302782e-06	-9.48599962778e-06	-1.06685434272e-05	-1.34964493254e-05	0.0	6.24767249988e-07	-2.16444134019e-06	-7.91707585195e-07	-2.72805985985e-06	-1.09779148227e-06	-2.80670674435e-06	-1.11746276614e-06	-2.67227273021e-06	-7.47734926586e-07	113.72600291	113.134117828	112.542232746	111.950347664	111.358462582	110.7665775	110.174692419	109.582807337	108.990922255	108.399037173	-11.3677413654	-11.1133292691	-10.8589171728	-10.6045050766	-10.3500929803	-10.095680884	-9.84126878776	-9.58685669149	-9.33244459522	-9.07803249895	-1.16483870968	-1.16483870968	-1.16483870968	-1.16483870968	-1.16483870968	-1.16483870968	-1.16483870968	-1.16483870968	-1.16483870968	-1.16483870968	
2.81666666667	88.3167125182	89.3062825198	90.2958525214	91.285422523	92.2749925246	93.2645625262	94.2541325278	95.2437025293	96.2332725309	97.2228425325	0.0	0.0	-7.94925747091e-07	4.33868935855e-07	1.17404783211e-06	2.58163744286e-06	4.68726437895e-06	7.89308598419e-06	1.10385138213e-05	1.42200179497e-05	0.0	-8.03304208712e-07	1.24174609272e-06	7.47980329911e-07	1.42242550652e-06	2.12782009631e-06	3.23961074012e-06	3.17858042596e-06	3.21503695871e-06	3.23552569695e-06	113.024034889	112.415241058	111.806447226	111.197653394	110.588859562	109.980065731	109.371271899	108.762478067	108.153684236	107.544890404	-11.0660119232	-10.8043318781	-10.5426518329	-10.2809717878	-10.0192917427	-9.75761169759	-9.49593165248	-9.23425160736	-8.97257156225	-8.71089151713	-1.16483870968	-1.16483870968	-1.16483870968	-1.16483870968	-1.16483870968	-1.16483870968	-1.16483870968	-1.16483870968	-1.16483870968	-1.16483870968	
2.83333333333	88.3167125182	89.3062825198	90.2958525214	91.285422523	92.2749925246	93.2645625262	94.2541325278	95.2437025293	96.2332725309	97.2228425325	0.0	0.0	-7.94925747091e-07	4.33868935855e-07	1.17404783211e-06	2.58163744286e-06	4.68726437895e-06	7.89308598419e-06	1.10385138213e-05	1.42200179497e-05	0.0	-8.03304208712e-07	1.24174609272e-06	7.47980329911e-07	1.42242550652e-06	2.12782009631e-06	3.23961074012e-06	3.17858042596e-06	3.21503695871e-06	3.23552569695e-06	113.024034889	112.415241058	111.806447226	111.197653394	110.588859562	109.980065731	109.371271899	108.762478067	108.153684236	107.544890404	-11.0660119232	-10.8043318781	-10.5426518329	-10.2809717878	-10.0192917427	-9.75761169759	-9.49593165248	-9.23425160736	-8.97257156225	-8.71089151713	-1.16483870968	-1.16483870968	-1.16483870968	-1.16483870968	-1.16483870968	-1.16483870968	-1.16483870968	-1.16483870968	-1.16483870968	-1.16483870968	
2.85	88.3167125182	89.3062825198	90.2958525214	91.285422523	92.2749925246	93.2645625262	94.2541325278	95.2437025293	96.2332725309	97.2228425325	0.0	0.0	-7.94925747091e-07	4.33868935855e-07	1.17404783211e-06	2.58163744286e-06	4.68726437895e-06	7.89308598419e-06	1.10385138213e-05	1.42200179497e-05	0.0	-8.03304208712e-07	1.24174609272e-06	7.47980329911e-07	1.42242550652e-06	2.12782009631e-06	3.23961074012e-06	3.17858042596e-06	3.21503695871e-06	3.23552569695e-06	113.024034889	112.415241058	111.806447226	111.197653394	110.588859562	109.980065731	109.371271899	108.762478067	108.153684236	107.544890404	-11.0660119232	-10.8043318781	-10.5426518329	-10.2809717878	-10.0192917427	-9.75761169759	-9.49593165248	-9.23425160736	-8.97257156225	-8.71089151713	-1.16483870968	-1.16483870968	-1.16483870968	-1.16483870968	-1.16483870968	-1.16483870968	-1.16483870968	-1.16483870968	-1.16483870968	-1.16483870968	
2.86666666667	88.3167125182	89.3062825198	90.2958525214	91.285422523	92.2749925246	93.2645625262	94.2541325278	95.2437025293	96.2332725309	97.2228425325	0.0	0.0	-7.94925747091e-07	4.33868935855e-07	1.17404783211e-06	2.58163744286e-06	4.68726437895e-06	7.89308598419e-06	1.10385138213e-05	1.42200179497e-05	0.0	-8.03304208712e-07	1.24174609272e-06	7.47980329911e-07	1.42242550652e-06	2.12782009631e-06	3.23961074012e-06	3.17858042596e-06	3.21503695871e-06	3.23552569695e-06	113.024034889	112.415241058	111.806447226	111.197653394	110.588859562	109.980065731	109.371271899	108.762478067	108.153684236	107.544890404	-11.0660119232	-10.8043318781	-10.5426518329	-10.2809717878	-10.0192917427	-9.75761169759	-9.49593165248	-9.23425160736	-8.97257156225	-8.71089151713	-1.16483870968	-1.16483870968	-1.16483870968	-1.16483870968	-1.16483870968	-1.16483870968	-1.16483870968	-1.16483870968	-1.16483870968	-1.16483870968	
2.88333333333	88.3167125182	89.3062825198	90.2958525214	91.285422523	92.2749925246	93.2645625262	94.2541325278	95.2437025293	96.2332725309	97.2228425325	0.0	0.0	-7.94925747091e-07	4.33868935855e-07	1.17404783211e-06	2.58163744286e-06	4.68726437895e-06	7.89308598419e-06	1.10385138213e-05	1.42200179497e-05	0.0	-8.03304208712e-07	1.24174609272e-06	7.47980329911e-07	1.42242550652e-06	2.12782009631e-06	3.23961074012e-06	3.17858042596e-06	3.21503695871e-06	3.23552569695e-06	113.024034889	112.415241058	111.806447226	111.197653394	110.588859562	109.980065731	109.371271899	108.762478067	108.153684236	107.544890404	-11.0660119232	-10.8043318781	-10.5426518329	-10.2809717878	-10.0192917427	-9.75761169759	-9.49593165248	-9.23425160736	-8.97257156225	-8.71089151713	-1.16483870968	-1.16483870968	-1.16483870968	-1.16483870968	-1.16483870968	-1.16483870968	-1.16483870968	-1.16483870968	-1.16483870968	-1.16483870968	
2.9	88.3167125182	89.3062825198	90.2958525214	91.285422523	92.2749925246	93.2645625262	94.2541325278	95.2437025293	96.2332725309	97.2228425325	0.0	0.0	-7.94925747091e-07	4.33868935855e-07	1.17404783211e-06	2.58163744286e-06	4.68726437895e-06	7.89308598419e-06	1.10385138213e-05	1.42200179497e-05	0.0	-8.03304208712e-07	1.24174609272e-06	7.47980329911e-07	1.42242550652e-06	2.12782009631e-06	3.23961074012e-06	3.17858042596e-06	3.21503695871e-06	3.23552569695e-06	113.024034889	112.415241058	111.806447226	111.197653394	110.588859562	109.980065731	109.371271899	108.762478067	108.153684236	107.544890404	-11.0660119232	-10.8043318781	-10.5426518329	-10.2809717878	-10.0192917427	-9.75761169759	-9.49593165248	-9.23425160736	-8.97257156225	-8.71089151713	-1.16483870968	-1.16483870968	-1.16483870968	-1.16483870968	-1.16483870968	-1.16483870968	-1.16483870968	-1.16483870968	-1.16483870968	-1.16483870968	
2.91666666667	89.2179925198	90.1487025214	91.079412523	92.0101225246	92.9408325262	93.8715425278	94.8022525294	95.732962531	96.6636725326	97.5943825341	0.0	0.0	-2.05052060649e-06	-4.49229056038e-06	-3.24998244899e-06	-6.21239290337e-06	-3.21198943408e-06	-5.25211461701e-06	-3.45843386417e-06	-5.07288100727e-06	0.0	-2.20317886665e-06	-2.62355615574e-06	1.33479613334e-06	-3.18295758003e-06	3.22377911934e-06	-2.19200951902e-06	1.92721766155e-06	-1.7346403717e-06	3.05159348658e-06	112.407453082	111.785467331	111.163481581	110.54149583	109.919510079	109.297524329	108.675538578	108.053552827	107.431567077	106.809581326	-10.8009843445	-10.5336339693	-10.2662835941	-9.99893321899	-9.73158284383	-9.46423246868	-9.19688209353	-8.92953171837	-8.66218134322	-8.39483096806	-1.16483870968	-1.16483870968	-1.16483870968	-1.16483870968	-1.16483870968	-1.16483870968	-1.16483870968	-1.16483870968	-1.16483870968	-1.16483870968	
2.93333333333	89.2179925198	90.1487025214	91.079412523	92.0101225246	92.9408325262	93.8715425278	94.8022525294	95.732962531	96.6636725326	97.5943825341	0.0	0.0	-2.05052060649e-06	-4.49229056038e-06	-3.24998244899e-06	-6.21239290337e-06	-3.21198943408e-06	-5.25211461701e-06	-3.45843386417e-06	-5.07288100727e-06	0.0	-2.20317886665e-06	-2.62355615574e-06	1.33479613334e-06	-3.18295758003e-06	3.22377911934e-06	-2.19200951902e-06	1.92721766155e-06	-1.7346403717e-06	3.05159348658e-06	112.407453082	111.785467331	111.163481581	110.54149583	109.919510079	109.297524329	108.675538578	108.053552827	107.431567077	106.809581326	-10.8009843445	-10.5336339693	-10.2662835941	-9.99893321899	-9.73158284383	-9.46423246868	-9.19688209353	-8.92953171837	-8.66218134322	-8.39483096806	-1.16483870968	-1.16483870968	-1.16483870968	-1.16483870968	-1.16483870968	-1.16483870968	-1.16483870968	-1.16483870968	-1.16483870968	-1.16483870968	
2.95	89.2179925198	90.1487025214	91.079412523	92.0101225246	92.9408325262	93.8715425278	94.8022525294	95.732962531	96.6636725326	97.5943825341	0.0	0.0	-2.05052060649e-06	-4.49229056038e-06	-3.24998244899e-06	-6.21239290337e-06	-3.21198943408e-06	-5.25211461701e-06	-3.45843386417e-06	-5.07288100727e-06	0.0	-2.20317886665e-06	-2.62355615574e-06	1.33479613334e-06	-3.18295758003e-06	3.22377911934e-06	-2.19200951902e-06	1.92721766155e-06	-1.7346403717e-06	3.05159348658e-06	112.407453082	111.785467331	111.163481581	110.54149583	109.919510079	109.297524329	108.675538578	108.053552827	107.431567077	106.809581326	-10.8009843445	-10.5336339693	-10.2662835941	-9.99893321899	-9.73158284383	-9.46423246868	-9.19688209353	-8.92953171837	-8.66218134322	-8.39483096806	-1.16483870968	-1.16483870968	-1.16483870968	-1.16483870968	-1.16483870968	-1.16483870968	-1.16483870968	-1.16483870968	-1.16483870968	-1.16483870968	
2.96666666667	89.2179925198	90.1487025214	91.079412523	92.0101225246	92.9408325262	93.8715425278	94.8022525294	95.732962531	96.6636725326	97.5943825341	0.0	0.0	-2.05052060649e-06	-4.49229056038e-06	-3.24998244899e-06	-6.21239290337e-06	-3.21198943408e-06	-5.25211461701e-06	-3.45843386417e-06	-5.07288100727e-06	0.0	-2.20317886665e-06	-2.62355615574e-06	1.33479613334e-06	-3.18295758003e-06	3.22377911934e-06	-2.19200951902e-06	1.92721766155e-06	-1.7346403717e-06	3.05159348658e-06	112.407453082	111.785467331	111.163481581	110.54149583	109.919510079	109.297524329	108.675538578	108.053552827	107.431567077	106.809581326	-10.8009843445	-10.5336339693	-10.2662835941	-9.99893321899	-9.73158284383	-9.46423246868	-9.19688209353	-8.92953171837	-8.66218134322	-8.39483096806	-1.16483870968	-1.16483870968	-1.16483870968	-1.16483870968	-1.16483870968	-1.16483870968	-1.16483870968	-1.16483870968	-1.16483870968	-1.16483870968	
2.98333333333	89.2179925198	90.1487025214	91.079412523	92.0101225246	92.9408325262	93.8715425278	94.8022525294	95.732962531	96.6636725326	97.5943825341	0.0	0.0	-2.05052060649e-06	-4.49229056038e-06	-3.24998244899e-06	-6.21239290337e-06	-3.21198943408e-06	-5.25211461701e-06	-3.45843386417e-06	-5.07288100727e-06	0.0	-2.20317886665e-06	-2.62355615574e-06	1.33479613334e-06	-3.18295758003e-06	3.22377911934e-06	-2.19200951902e-06	1.92721766155e-06	-1.7346403717e-06	3.05159348658e-06	112.407453082	111.785467331	111.163481581	110.54149583	109.919510079	109.297524329	108.675538578	108.053552827	107.431567077	106.809581326	-10.8009843445	-10.5336339693	-10.2662835941	-9.99893321899	-9.73158284383	-9.46423246868	-9.19688209353	-8.92953171837	-8.66218134322	-8.39483096806	-1.16483870968	-1.16483870968	-1.16483870968	-1.16483870968	-1.16483870968	-1.16483870968	-1.16483870968	-1.16483870968	-1.16483870968	-1.16483870968	
3.0	89.2179925198	90.1487025214	91.079412523	92.0101225246	92.9408325262	93.8715425278	94.8022525294	95.732962531	96.6636725326	97.5943825341	0.0	0.0	-2.05052060649e-06	-4.49229056038e-06	-3.24998244899e-06	-6.21239290337e-06	-3.21198943408e-06	-5.25211461701e-06	-3.45843386417e-06	-5.07288100727e-06	0.0	-2.20317886665e-06	-2.62355615574e-06	1.33479613334e-06	-3.18295758003e-06	3.22377911934e-06	-2.19200951902e-06	1.92721766155e-06	-1.7346403717e-06	3.05159348658e-06	112.407453082	111.785467331	111.163481581	110.54149583	109.919510079	109.297524329	108.675538578	108.053552827	107.431567077	106.809581326	-10.8009843445	-10.5336339693	-10.2662835941	-9.99893321899	-9.73158284383	-9.46423246868	-9.19688209353	-8.92953171837	-8.66218134322	-8.39483096806	-1.16483870968	-1.16483870968	-1.16483870968	-1.16483870968	-1.16483870968	-1.16483870968	-1.16483870968	-1.16483870968	-1.16483870968	-1.16483870968	
3.01666666667	90.0604125215	90.9322625231	91.8041125247	92.6759625264	93.547812528	94.4196625296	95.2915125312	96.1633625329	97.0352125345	97.9070625361	0.0	0.0	4.64398505259e-07	-1.11236840181e-06	-1.33164481801e-06	-3.32733669091e-06	-4.38711479219e-06	-7.51940133995e-06	-9.55868757904e-06	-1.28772357094e-05	0.0	5.32658719265e-07	-1.8085300271e-06	-2.51507043399e-07	-2.28903122002e-06	-1.21555095406e-06	-3.59268973093e-06	-2.33903336041e-06	-3.80632921283e-06	-2.3123111572e-06	111.77832638	111.144244695	110.510163009	109.876081324	109.241999639	108.607917953	107.973836268	107.339754582	106.705672897	106.071591211	-10.5305645487	-10.2580149343	-9.98546531994	-9.71291570558	-9.44036609121	-9.16781647685	-8.89526686248	-8.62271724812	-8.35016763375	-8.07761801939	-1.16483870968	-1.16483870968	-1.16483870968	-1.16483870968	-1.16483870968	-1.16483870968	-1.16483870968	-1.16483870968	-1.16483870968	-1.16483870968	
3.03333333333	90.0604125215	90.9322625231	91.8041125247	92.6759625264	93.547812528	94.4196625296	95.2915125312	96.1633625329	97.0352125345	97.9070625361	0.0	0.0	4.64398505259e-07	-1.11236840181e-06	-1.33164481801e-06	-3.32733669091e-06	-4.38711479219e-06	-7.51940133995e-06	-9.55868757904e-06	-1.28772357094e-05	0.0	5.32658719265e-07	-1.8085300271e-06	-2.51507043399e-07	-2.28903122002e-06	-1.21555095406e-06	-3.59268973093e-06	-2.33903336041e-06	-3.80632921283e-06	-2.3123111572e-06	111.77832638	111.144244695	110.510163009	109.876081324	109.241999639	108.607917953	107.973836268	107.339754582	106.705672897	106.071591211	-10.5305645487	-10.2580149343	-9.98546531994	-9.71291570558	-9.44036609121	-9.16781647685	-8.89526686248	-8.62271724812	-8.35016763375	-8.07761801939	-1.16483870968	-1.16483870968	-1.16483870968	-1.16483870968	-1.16483870968	-1.16483870968	-1.16483870968	-1.16483870968	-1.16483870968	-1.16483870968	
3.05	90.0604125215	90.9322625231	91.8041125247	92.6759625264	93.547812528	94.4196625296	95.2915125312	96.1633625329	97.0352125345	97.9070625361	0.0	0.0	4.64398505259e-07	-1.11236840181e-06	-1.33164481801e-06	-3.32733669091e-06	-4.38711479219e-06	-7.51940133995e-06	-9.55868757904e-06	-1.28772357094e-05	0.0	5.32658719265e-07	-1.8085300271e-06	-2.51507043399e-07	-2.28903122002e-06	-1.21555095406e-06	-3.59268973093e-06	-2.33903336041e-06	-3.80632921283e-06	-2.3123111572e-06	111.77832638	111.144244695	110.510163009	109.876081324	109.241999639	108.607917953	107.973836268	107.339754582	106.705672897	106.071591211	-10.5305645487	-10.2580149343	-9.98546531994	-9.71291570558	-9.44036609121	-9.16781647685	-8.89526686248	-8.62271724812	-8.35016763375	-8.07761801939	-1.16483870968	-1.16483870968	-1.16483870968	-1.16483870968	-1.16483870968	-1.16483870968	-1.16483870968	-1.16483870968	-1.16483870968	-1.16483870968	
3.06666666667	90.0604125215	90.9322625231	91.8041125247	92.6759625264	93.547812528	94.4196625296	95.2915125312	96.1633625329	97.0352125345	97.9070625361	0.0	0.0	4.64398505259e-07	-1.11236840181e-06	-1.33164481801e-06	-3.32733669091e-06	-4.38711479219e-06	-7.51940133995e-06	-9.55868757904e-06	-1.28772357094e-05	0.0	5.32658719265e-07	-1.8085300271e-06	-2.51507043399e-07	-2.28903122002e-06	-1.21555095406e-06	-3.59268973093e-06	-2.33903336041e-06	-3.80632921283e-06	-2.3123111572e-06	111.77832638	111.144244695	110.510163009	109.876081324	109.241999639	108.607917953	107.973836268	107.339754582	106.705672897	106.071591211	-10.5305645487	-10.2580149343	-9.98546531994	-9.71291570558	-9.44036609121	-9.16781647685	-8.89526686248	-8.62271724812	-8.35016763375	-8.07761801939	-1.16483870968	-1.16483870968	-1.16483870968	-1.16483870968	-1.16483870968	-1.16483870968	-1.16483870968	-1.16483870968	-1.16483870968	-1.16483870968	
3.08333333333	90.0604125215	90.9322625231	91.8041125247	92.6759625264	93.547812528	94.4196625296	95.2915125312	96.1633625329	97.0352125345	97.9070625361	0.0	0.0	4.64398505259e-07	-1.11236840181e-06	-1.33164481801e-06	-3.32733669091e-06	-4.38711479219e-06	-7.51940133995e-06	-9.55868757904e-06	-1.28772357094e-05	0.0	5.32658719265e-07	-1.8085300271e-06	-2.51507043399e-07	-2.28903122002e-06	-1.21555095406e-06	-3.59268973093e-06	-2.33903336041e-06	-3.80632921283e-06	-2.3123111572e-06	111.77832638	111.144244695	110.510163009	109.876081324	109.241999639	108.607917953	107.973836268	107.339754582	106.705672897	106.071591211	-10.5305645487	-10.2580149343	-9.98546531994	-9.71291570558	-9.44036609121	-9.16781647685	-8.89526686248	-8.62271724812	-8.35016763375	-8.07761801939	-1.16483870968	-1.16483870968	-1.16483870968	-1.16483870968	-1.16483870968	-1.16483870968	-1.16483870968	-1.16483870968	-1.16483870968	-1.16483870968	
3.1	90.0604125215	90.9322625231	91.8041125247	92.6759625264	93.547812528	94.4196625296	95.2915125312	96.1633625329	97.0352125345	97.9070625361	0.0	0.0	4.64398505259e-07	-1.11236840181e-06	-1.33164481801e-06	-3.32733669091e-06	-4.38711479219e-06	-7.51940133995e-06	-9.55868757904e-06	-1.28772357094e-05	0.0	5.32658719265e-07	-1.8085300271e-06	-2.51507043399e-07	-2.28903122002e-06	-1.21555095406e-06	-3.59268973093e-06	-2.33903336041e-06	-3.80632921283e-06	-2.3123111572e-06	111.77832638	111.144244695	110.510163009	109.876081324	109.241999639	108.607917953	107.973836268	107.339754582	106.705672897	106.071591211	-10.5305645487	-10.2580149343	-9.98546531994	-9.71291570558	-9.44036609121	-9.16781647685	-8.89526686248	-8.62271724812	-8.35016763375	-8.07761801939	-1.16483870968	-1.16483870968	-1.16483870968	-1.16483870968	-1.16483870968	-1.16483870968	-1.16483870968	-1.16483870968	-1.16483870968	-1.16483870968	
3.11666666667	90.8439725231	91.6569625247	92.4699525264	93.282942528	94.0959325296	94.9089225313	95.7219125329	96.5349025345	97.3478925362	98.1608825378	0.0	0.0	1.58472365919e-07	7.7024463354e-07	1.03684774846e-06	2.13778282131e-06	2.3275326471e-06	3.3194468003e-06	3.47767701408e-06	4.26196057294e-06	0.0	1.94925356524e-07	7.5249666834e-07	3.27929143507e-07	1.35418033511e-06	2.33397490017e-07	1.22008161381e-06	1.94627502746e-07	9.64690288057e-07	5.7806156006e-07	111.137697014	110.492524324	109.847351633	109.202178943	108.557006252	107.911833562	107.266660872	106.621488181	105.976315491	105.3311428	-10.255200521	-9.97788362009	-9.70056671913	-9.42324981817	-9.14593291721	-8.86861601626	-8.5912991153	-8.31398221434	-8.03666531339	-7.75934841243	-1.16483870968	-1.16483870968	-1.16483870968	-1.16483870968	-1.16483870968	-1.16483870968	-1.16483870968	-1.16483870968	-1.16483870968	-1.16483870968	
3.13333333333	90.8439725231	91.6569625247	92.4699525264	93.282942528	94.0959325296	94.9089225313	95.7219125329	96.5349025345	97.3478925362	98.1608825378	0.0	0.0	1.58472365919e-07	7.7024463354e-07	1.03684774846e-06	2.13778282131e-06	2.3275326471e-06	3.3194468003e-06	3.47767701408e-06	4.26196057294e-06	0.0	1.94925356524e-07	7.5249666834e-07	3.27929143507e-07	1.35418033511e-06	2.33397490017e-07	1.22008161381e-06	1.94627502746e-07	9.64690288057e-07	5.7806156006e-07	111.137697014	110.492524324	109.847351633	109.202178943	108.557006252	107.911833562	107.266660872	106.621488181	105.976315491	105.3311428	-10.255200521	-9.97788362009	-9.70056671913	-9.42324981817	-9.14593291721	-8.86861601626	-8.5912991153	-8.31398221434	-8.03666531339	-7.75934841243	-1.16483870968	-1.16483870968	-1.16483870968	-1.16483870968	-1.16483870968	-1.16483870968	-1.16483870968	-1.16483870968	-1.16483870968	-1.16483870968	
3.15	90.8439725231	91.6569625247	92.4699525264	93.282942528	94.0959325296	94.9089225313	95.7219125329	96.5349025345	97.3478925362	98.1608825378	0.0	0.0	1.58472365919e-07	7.7024463354e-07	1.03684774846e-06	2.13778282131e-06	2.3275326471e-06	3.3194468003e-06	3.47767701408e-06	4.26196057294e-06	0.0	1.94925356524e-07	7.5249666834e-07	3.27929143507e-07	1.35418033511e-06	2.33397490017e-07	1.22008161381e-06	1.94627502746e-07	9.64690288057e-07	5.7806156006e-07	111.137697014	110.492524324	109.847351633	109.202178943	108.557006252	107.911833562	107.266660872	106.621488181	105.976315491	105.3311428	-10.255200521	-9.97788362009	-9.70056671913	-9.42324981817	-9.14593291721	-8.86861601626	-8.5912991153	-8.31398221434	-8.03666531339	-7.75934841243	-1.16483870968	-1.16483870968	-1.16483870968	-1.16483870968	-1.16483870968	-1.16483870968	-1.16483870968	-1.16483870968	-1.16483870968	-1.16483870968	
3.16666666667	90.8439725231	91.6569625247	92.4699525264	93.282942528	94.0959325296	94.9089225313	95.7219125329	96.5349025345	97.3478925362	98.1608825378	0.0	0.0	1.58472365919e-07	7.7024463354e-07	1.03684774846e-06	2.13778282131e-06	2.3275326471e-06	3.3194468003e-06	3.47767701408e-06	4.26196057294e-06	0.0	1.94925356524e-07	7.5249666834e-07	3.27929143507e-07	1.35418033511e-06	2.33397490017e-07	1.22008161381e-06	1.94627502746e-07	9.64690288057e-07	5.7806156006e-07	111.137697014	110.492524324	109.847351633	109.202178943	108.557006252	107.911833562	107.266660872	106.621488181	105.976315491	105.3311428	-10.255200521	-9.97788362009	-9.70056671913	-9.42324981817	-9.14593291721	-8.86861601626	-8.5912991153	-8.31398221434	-8.03666531339	-7.75934841243	-1.16483870968	-1.16483870968	-1.16483870968	-1.16483870968	-1.16483870968	-1.16483870968	-1.16483870968	-1.16483870968	-1.16483870968	-1.16483870968	
3.18333333333	90.8439725231	91.6569625247	92.4699525264	93.282942528	94.0959325296	94.9089225313	95.7219125329	96.5349025345	97.3478925362	98.1608825378	0.0	0.0	1.58472365919e-07	7.7024463354e-07	1.03684774846e-06	2.13778282131e-06	2.3275326471e-06	3.3194468003e-06	3.47767701408e-06	4.26196057294e-06	0.0	1.94925356524e-07	7.5249666834e-07	3.27929143507e-07	1.35418033511e-06	2.33397490017e-07	1.22008161381e-06	1.94627502746e-07	9.64690288057e-07	5.7806156006e-07	111.137697014	110.492524324	109.847351633	109.202178943	108.557006252	107.911833562	107.266660872	106.621488181	105.976315491	105.3311428	-10.255200521	-9.97788362009	-9.70056671913	-9.42324981817	-9.14593291721	-8.86861601626	-8.5912991153	-8.31398221434	-8.03666531339	-7.75934841243	-1.16483870968	-1.16483870968	-1.16483870968	-1.16483870968	-1.16483870968	-1.16483870968	-1.16483870968	-1.16483870968	-1.16483870968	-1.16483870968	
3.2	90.8439725231	91.6569625247	92.4699525264	93.282942528	94.0959325296	94.9089225313	95.7219125329	96.5349025345	97.3478925362	98.1608825378	0.0	0.0	1.58472365919e-07	7.7024463354e-07	1.03684774846e-06	2.13778282131e-06	2.3275326471e-06	3.3194468003e-06	3.47767701408e-06	4.26196057294e-06	0.0	1.94925356524e-07	7.5249666834e-07	3.27929143507e-07	1.35418033511e-06	2.33397490017e-07	1.22008161381e-06	1.94627502746e-07	9.64690288057e-07	5.7806156006e-07	111.137697014	110.492524324	109.847351633	109.202178943	108.557006252	107.911833562	107.266660872	106.621488181	105.976315491	105.3311428	-10.255200521	-9.97788362009	-9.70056671913	-9.42324981817	-9.14593291721	-8.86861601626	-8.5912991153	-8.31398221434	-8.03666531339	-7.75934841243	-1.16483870968	-1.16483870968	-1.16483870968	-1.16483870968	-1.16483870968	-1.16483870968	-1.16483870968	-1.16483870968	-1.16483870968	-1.16483870968	
3.21666666667	91.5686725247	92.3228025264	93.076932528	93.8310625296	94.5851925313	95.3393225329	96.0934525345	96.8475825362	97.6017125378	98.3558425394	0.0	0.0	-6.19864298954e-07	-3.02886131898e-07	-4.37517326688e-07	5.80027086527e-07	5.804355332e-07	1.66335257007e-06	1.49384601409e-06	1.8037104889e-06	0.0	-8.21959473317e-07	4.20322976634e-07	-1.7852518067e-07	1.34929575937e-06	5.41613080681e-10	1.43598190567e-06	-2.24771001833e-07	4.10889997934e-07	-1.37374942724e-06	110.515802055	109.91907507	109.322348085	108.7256211	108.128894115	107.53216713	106.935440145	106.33871316	105.741986175	105.14525919	-9.96779734152	-9.67143258332	-9.37506782513	-9.07870306693	-8.78233830873	-8.48597355053	-8.18960879234	-7.89324403414	-7.59687927594	-7.30051451774	-1.10983190261	-1.10983190261	-1.10983190261	-1.10983190261	-1.10983190261	-1.10983190261	-1.10983190261	-1.10983190261	-1.10983190261	-1.10983190261	
3.23333333333	91.5686725247	92.3228025264	93.076932528	93.8310625296	94.5851925313	95.3393225329	96.0934525345	96.8475825362	97.6017125378	98.3558425394	0.0	0.0	-6.19864298954e-07	-3.02886131898e-07	-4.37517326688e-07	5.80027086527e-07	5.804355332e-07	1.66335257007e-06	1.49384601409e-06	1.8037104889e-06	0.0	-8.21959473317e-07	4.20322976634e-07	-1.7852518067e-07	1.34929575937e-06	5.41613080681e-10	1.43598190567e-06	-2.24771001833e-07	4.10889997934e-07	-1.37374942724e-06	110.515802055	109.91907507	109.322348085	108.7256211	108.128894115	107.53216713	106.935440145	106.33871316	105.741986175	105.14525919	-9.96779734152	-9.67143258332	-9.37506782513	-9.07870306693	-8.78233830873	-8.48597355053	-8.18960879234	-7.89324403414	-7.59687927594	-7.30051451774	-1.10983190261	-1.10983190261	-1.10983190261	-1.10983190261	-1.10983190261	-1.10983190261	-1.10983190261	-1.10983190261	-1.10983190261	-1.10983190261	
3.25	91.5686725247	92.3228025264	93.076932528	93.8310625296	94.5851925313	95.3393225329	96.0934525345	96.8475825362	97.6017125378	98.3558425394	0.0	0.0	-6.19864298954e-07	-3.02886131898e-07	-4.37517326688e-07	5.80027086527e-07	5.804355332e-07	1.66335257007e-06	1.49384601409e-06	1.8037104889e-06	0.0	-8.21959473317e-07	4.20322976634e-07	-1.7852518067e-07	1.34929575937e-06	5.41613080681e-10	1.43598190567e-06	-2.24771001833e-07	4.10889997934e-07	-1.37374942724e-06	110.515802055	109.91907507	109.322348085	108.7256211	108.128894115	107.53216713	106.935440145	106.33871316	105.741986175	105.14525919	-9.96779734152	-9.67143258332	-9.37506782513	-9.07870306693	-8.78233830873	-8.48597355053	-8.18960879234	-7.89324403414	-7.59687927594	-7.30051451774	-1.10983190261	-1.10983190261	-1.10983190261	-1.10983190261	-1.10983190261	-1.10983190261	-1.10983190261	-1.10983190261	-1.10983190261	-1.10983190261	
3.26666666667	91.5686725247	92.3228025264	93.076932528	93.8310625296	94.5851925313	95.3393225329	96.0934525345	96.8475825362	97.6017125378	98.3558425394	0.0	0.0	-6.19864298954e-07	-3.02886131898e-07	-4.37517326688e-07	5.80027086527e-07	5.804355332e-07	1.66335257007e-06	1.49384601409e-06	1.8037104889e-06	0.0	-8.21959473317e-07	4.20322976634e-07	-1.7852518067e-07	1.34929575937e-06	5.41613080681e-10	1.43598190567e-06	-2.24771001833e-07	4.10889997934e-07	-1.37374942724e-06	110.515802055	109.91907507	109.322348085	108.7256211	108.128894115	107.53216713	106.935440145	106.33871316	105.741986175	105.14525919	-9.96779734152	-9.67143258332	-9.37506782513	-9.07870306693	-8.78233830873	-8.48597355053	-8.18960879234	-7.89324403414	-7.59687927594	-7.30051451774	-1.10983190261	-1.10983190261	-1.10983190261	-1.10983190261	-1.10983190261	-1.10983190261	-1.10983190261	-1.10983190261	-1.10983190261	-1.10983190261	
3.28333333333	91.5686725247	92.3228025264	93.076932528	93.8310625296	94.5851925313	95.3393225329	96.0934525345	96.8475825362	97.6017125378	98.3558425394	0.0	0.0	-6.19864298954e-07	-3.02886131898e-07	-4.37517326688e-07	5.80027086527e-07	5.804355332e-07	1.66335257007e-06	1.49384601409e-06	1.8037104889e-06	0.0	-8.21959473317e-07	4.20322976634e-07	-1.7852518067e-07	1.34929575937e-06	5.41613080681e-10	1.43598190567e-06	-2.24771001833e-07	4.10889997934e-07	-1.37374942724e-06	110.515802055	109.91907507	109.322348085	108.7256211	108.128894115	107.53216713	106.935440145	106.33871316	105.741986175	105.14525919	-9.96779734152	-9.67143258332	-9.37506782513	-9.07870306693	-8.78233830873	-8.48597355053	-8.18960879234	-7.89324403414	-7.59687927594	-7.30051451774	-1.10983190261	-1.10983190261	-1.10983190261	-1.10983190261	-1.10983190261	-1.10983190261	-1.10983190261	-1.10983190261	-1.10983190261	-1.10983190261	
3.3	91.5686725247	92.3228025264	93.076932528	93.8310625296	94.5851925313	95.3393225329	96.0934525345	96.8475825362	97.6017125378	98.3558425394	0.0	0.0	-6.19864298954e-07	-3.02886131898e-07	-4.37517326688e-07	5.80027086527e-07	5.804355332e-07	1.66335257007e-06	1.49384601409e-06	1.8037104889e-06	0.0	-8.21959473317e-07	4.20322976634e-07	-1.7852518067e-07	1.34929575937e-06	5.41613080681e-10	1.43598190567e-06	-2.24771001833e-07	4.10889997934e-07	-1.37374942724e-06	110.515802055	109.91907507	109.322348085	108.7256211	108.128894115	107.53216713	106.935440145	106.33871316	105.741986175	105.14525919	-9.96779734152	-9.67143258332	-9.37506782513	-9.07870306693	-8.78233830873	-8.48597355053	-8.18960879234	-7.89324403414	-7.59687927594	-7.30051451774	-1.10983190261	-1.10983190261	-1.10983190261	-1.10983190261	-1.10983190261	-1.10983190261	-1.10983190261	-1.10983190261	-1.10983190261	-1.10983190261	
3.31666666667	91.5686725247	92.3228025264	93.076932528	93.8310625296	94.5851925313	95.3393225329	96.0934525345	96.8475825362	97.6017125378	98.3558425394	0.0	0.0	-6.19864298954e-07	-3.02886131898e-07	-4.37517326688e-07	5.80027086527e-07	5.804355332e-07	1.66335257007e-06	1.49384601409e-06	1.8037104889e-06	0.0	-8.21959473317e-07	4.20322976634e-07	-1.7852518067e-07	1.34929575937e-06	5.41613080681e-10	1.43598190567e-06	-2.24771001833e-07	4.10889997934e-07	-1.37374942724e-06	110.515802055	109.91907507	109.322348085	108.7256211	108.128894115	107.53216713	106.935440145	106.33871316	105.741986175	105.14525919	-9.96779734152	-9.67143258332	-9.37506782513	-9.07870306693	-8.78233830873	-8.48597355053	-8.18960879234	-7.89324403414	-7.59687927594	-7.30051451774	-1.10983190261	-1.10983190261	-1.10983190261	-1.10983190261	-1.10983190261	-1.10983190261	-1.10983190261	-1.10983190261	-1.10983190261	-1.10983190261	
3.33333333333	92.33976336	93.0252233616	93.7106833632	94.3961433649	95.0816033665	95.7670633682	96.4525233698	97.1379833714	97.8234433731	98.5089033747	0.0	0.0	3.8984051219e-07	-4.09140682784e-07	-4.25532159069e-08	-6.26359353818e-07	-2.27130302519e-07	-1.21766966068e-06	-7.47443625354e-07	-1.47211650486e-06	0.0	5.6872831567e-07	-1.16561315477e-06	5.34805044791e-07	-8.5169978776e-07	5.82425014365e-07	-1.44507244157e-06	6.86000691801e-07	-1.05720666089e-06	1.14689656691e-06	109.867358209	109.342479851	108.817601492	108.292723133	107.767844775	107.242966416	106.718088058	106.193209699	105.66833134	105.143452982	-9.60765667183	-9.29056897694	-8.97348128206	-8.65639358717	-8.33930589228	-8.02221819739	-7.7051305025	-7.38804280762	-7.07095511273	-6.75386741784	-1.02735545949	-1.02735545949	-1.02735545949	-1.02735545949	-1.02735545949	-1.02735545949	-1.02735545949	-1.02735545949	-1.02735545949	-1.02735545949	
3.35	92.33976336	93.0252233616	93.7106833632	94.3961433649	95.0816033665	95.7670633682	96.4525233698	97.1379833714	97.8234433731	98.5089033747	0.0	0.0	3.8984051219e-07	-4.09140682784e-07	-4.25532159069e-08	-6.26359353818e-07	-2.27130302519e-07	-1.21766966068e-06	-7.47443625354e-07	-1.47211650486e-06	0.0	5.6872831567e-07	-1.16561315477e-06	5.34805044791e-07	-8.5169978776e-07	5.82425014365e-07	-1.44507244157e-06	6.86000691801e-07	-1.05720666089e-06	1.14689656691e-06	109.867358209	109.342479851	108.817601492	108.292723133	107.767844775	107.242966416	106.718088058	106.193209699	105.66833134	105.143452982	-9.60765667183	-9.29056897694	-8.97348128206	-8.65639358717	-8.33930589228	-8.02221819739	-7.7051305025	-7.38804280762	-7.07095511273	-6.75386741784	-1.02735545949	-1.02735545949	-1.02735545949	-1.02735545949	-1.02735545949	-1.02735545949	-1.02735545949	-1.02735545949	-1.02735545949	-1.02735545949	
3.36666666667	92.33976336	93.0252233616	93.7106833632	94.3961433649	95.0816033665	95.7670633682	96.4525233698	97.1379833714	97.8234433731	98.5089033747	0.0	0.0	3.8984051219e-07	-4.09140682784e-07	-4.25532159069e-08	-6.26359353818e-07	-2.27130302519e-07	-1.21766966068e-06	-7.47443625354e-07	-1.47211650486e-06	0.0	5.6872831567e-07	-1.16561315477e-06	5.34805044791e-07	-8.5169978776e-07	5.82425014365e-07	-1.44507244157e-06	6.86000691801e-07	-1.05720666089e-06	1.14689656691e-06	109.867358209	109.342479851	108.817601492	108.292723133	107.767844775	107.242966416	106.718088058	106.193209699	105.66833134	105.143452982	-9.60765667183	-9.29056897694	-8.97348128206	-8.65639358717	-8.33930589228	-8.02221819739	-7.7051305025	-7.38804280762	-7.07095511273	-6.75386741784	-1.02735545949	-1.02735545949	-1.02735545949	-1.02735545949	-1.02735545949	-1.02735545949	-1.02735545949	-1.02735545949	-1.02735545949	-1.02735545949	
3.38333333333	92.33976336	93.0252233616	93.7106833632	94.3961433649	95.0816033665	95.7670633682	96.4525233698	97.1379833714	97.8234433731	98.5089033747	0.0	0.0	3.8984051219e-07	-4.09140682784e-07	-4.25532159069e-08	-6.26359353818e-07	-2.27130302519e-07	-1.21766966068e-06	-7.47443625354e-07	-1.47211650486e-06	0.0	5.6872831567e-07	-1.16561315477e-06	5.34805044791e-07	-8.5169978776e-07	5.82425014365e-07	-1.44507244157e-06	6.86000691801e-07	-1.05720666089e-06	1.14689656691e-06	109.867358209	109.342479851	108.817601492	108.292723133	107.767844775	107.242966416	106.718088058	106.193209699	105.66833134	105.143452982	-9.60765667183	-9.29056897694	-8.97348128206	-8.65639358717	-8.33930589228	-8.02221819739	-7.7051305025	-7.38804280762	-7.07095511273	-6.75386741784	-1.02735545949	-1.02735545949	-1.02735545949	-1.02735545949	-1.02735545949	-1.02735545949	-1.02735545949	-1.02735545949	-1.02735545949	-1.02735545949	
3.4	92.33976336	93.0252233616	93.7106833632	94.3961433649	95.0816033665	95.7670633682	96.4525233698	97.1379833714	97.8234433731	98.5089033747	0.0	0.0	3.8984051219e-07	-4.09140682784e-07	-4.25532159069e-08	-6.26359353818e-07	-2.27130302519e-07	-1.21766966068e-06	-7.47443625354e-07	-1.47211650486e-06	0.0	5.6872831567e-07	-1.16561315477e-06	5.34805044791e-07	-8.5169978776e-07	5.82425014365e-07	-1.44507244157e-06	6.86000691801e-07	-1.05720666089e-06	1.14689656691e-06	109.867358209	109.342479851	108.817601492	108.292723133	107.767844775	107.242966416	106.718088058	106.193209699	105.66833134	105.143452982	-9.60765667183	-9.29056897694	-8.97348128206	-8.65639358717	-8.33930589228	-8.02221819739	-7.7051305025	-7.38804280762	-7.07095511273	-6.75386741784	-1.02735545949	-1.02735545949	-1.02735545949	-1.02735545949	-1.02735545949	-1.02735545949	-1.02735545949	-1.02735545949	-1.02735545949	-1.02735545949	
3.41666666667	92.33976336	93.0252233616	93.7106833632	94.3961433649	95.0816033665	95.7670633682	96.4525233698	97.1379833714	97.8234433731	98.5089033747	0.0	0.0	3.8984051219e-07	-4.09140682784e-07	-4.25532159069e-08	-6.26359353818e-07	-2.27130302519e-07	-1.21766966068e-06	-7.47443625354e-07	-1.47211650486e-06	0.0	5.6872831567e-07	-1.16561315477e-06	5.34805044791e-07	-8.5169978776e-07	5.82425014365e-07	-1.44507244157e-06	6.86000691801e-07	-1.05720666089e-06	1.14689656691e-06	109.867358209	109.342479851	108.817601492	108.292723133	107.767844775	107.242966416	106.718088058	106.193209699	105.66833134	105.143452982	-9.60765667183	-9.29056897694	-8.97348128206	-8.65639358717	-8.33930589228	-8.02221819739	-7.7051305025	-7.38804280762	-7.07095511273	-6.75386741784	-1.02735545949	-1.02735545949	-1.02735545949	-1.02735545949	-1.02735545949	-1.02735545949	-1.02735545949	-1.02735545949	-1.02735545949	-1.02735545949	
3.43333333333	92.33976336	93.0252233616	93.7106833632	94.3961433649	95.0816033665	95.7670633682	96.4525233698	97.1379833714	97.8234433731	98.5089033747	0.0	0.0	3.8984051219e-07	-4.09140682784e-07	-4.25532159069e-08	-6.26359353818e-07	-2.27130302519e-07	-1.21766966068e-06	-7.47443625354e-07	-1.47211650486e-06	0.0	5.6872831567e-07	-1.16561315477e-06	5.34805044791e-07	-8.5169978776e-07	5.82425014365e-07	-1.44507244157e-06	6.86000691801e-07	-1.05720666089e-06	1.14689656691e-06	109.867358209	109.342479851	108.817601492	108.292723133	107.767844775	107.242966416	106.718088058	106.193209699	105.66833134	105.143452982	-9.60765667183	-9.29056897694	-8.97348128206	-8.65639358717	-8.33930589228	-8.02221819739	-7.7051305025	-7.38804280762	-7.07095511273	-6.75386741784	-1.02735545949	-1.02735545949	-1.02735545949	-1.02735545949	-1.02735545949	-1.02735545949	-1.02735545949	-1.02735545949	-1.02735545949	-1.02735545949	
3.45	93.0307391952	93.6475291969	94.2643191985	94.8811092001	95.4978992018	96.1146892034	96.731479205	97.3482692067	97.9650592083	98.58184921	0.0	0.0	1.52340866293e-06	1.68486215628e-06	2.59537937522e-06	3.02835381116e-06	3.90228018527e-06	3.2539281099e-06	4.21950753318e-06	3.50255209056e-06	0.0	2.46989844013e-06	2.61764122176e-07	1.47621916135e-06	7.01980308999e-07	1.41689452129e-06	-1.05117150674e-06	1.56549136775e-06	-1.16239796481e-06	3.07578416233e-06	109.303774676	108.85224094	108.400707203	107.949173467	107.497639731	107.046105995	106.594572258	106.143038522	105.691504786	105.23997105	-9.2274607462	-8.89592810537	-8.56439546453	-8.2328628237	-7.90133018286	-7.56979754203	-7.23826490119	-6.90673226036	-6.57519961952	-6.24366697869	-0.937460294847	-0.937460294847	-0.937460294847	-0.937460294847	-0.937460294847	-0.937460294847	-0.937460294847	-0.937460294847	-0.937460294847	-0.937460294847	
3.46666666667	93.0307391952	93.6475291969	94.2643191985	94.8811092001	95.4978992018	96.1146892034	96.731479205	97.3482692067	97.9650592083	98.58184921	0.0	0.0	1.52340866293e-06	1.68486215628e-06	2.59537937522e-06	3.02835381116e-06	3.90228018527e-06	3.2539281099e-06	4.21950753318e-06	3.50255209056e-06	0.0	2.46989844013e-06	2.61764122176e-07	1.47621916135e-06	7.01980308999e-07	1.41689452129e-06	-1.05117150674e-06	1.56549136775e-06	-1.16239796481e-06	3.07578416233e-06	109.303774676	108.85224094	108.400707203	107.949173467	107.497639731	107.046105995	106.594572258	106.143038522	105.691504786	105.23997105	-9.2274607462	-8.89592810537	-8.56439546453	-8.2328628237	-7.90133018286	-7.56979754203	-7.23826490119	-6.90673226036	-6.57519961952	-6.24366697869	-0.937460294847	-0.937460294847	-0.937460294847	-0.937460294847	-0.937460294847	-0.937460294847	-0.937460294847	-0.937460294847	-0.937460294847	-0.937460294847	
3.48333333333	93.0307391952	93.6475291969	94.2643191985	94.8811092001	95.4978992018	96.1146892034	96.731479205	97.3482692067	97.9650592083	98.58184921	0.0	0.0	1.52340866293e-06	1.68486215628e-06	2.59537937522e-06	3.02835381116e-06	3.90228018527e-06	3.2539281099e-06	4.21950753318e-06	3.50255209056e-06	0.0	2.46989844013e-06	2.61764122176e-07	1.47621916135e-06	7.01980308999e-07	1.41689452129e-06	-1.05117150674e-06	1.56549136775e-06	-1.16239796481e-06	3.07578416233e-06	109.303774676	108.85224094	108.400707203	107.949173467	107.497639731	107.046105995	106.594572258	106.143038522	105.691504786	105.23997105	-9.2274607462	-8.89592810537	-8.56439546453	-8.2328628237	-7.90133018286	-7.56979754203	-7.23826490119	-6.90673226036	-6.57519961952	-6.24366697869	-0.937460294847	-0.937460294847	-0.937460294847	-0.937460294847	-0.937460294847	-0.937460294847	-0.937460294847	-0.937460294847	-0.937460294847	-0.937460294847	
3.5	93.0307391952	93.6475291969	94.2643191985	94.8811092001	95.4978992018	96.1146892034	96.731479205	97.3482692067	97.9650592083	98.58184921	0.0	0.0	1.52340866293e-06	1.68486215628e-06	2.59537937522e-06	3.02835381116e-06	3.90228018527e-06	3.2539281099e-06	4.21950753318e-06	3.50255209056e-06	0.0	2.46989844013e-06	2.61764122176e-07	1.47621916135e-06	7.01980308999e-07	1.41689452129e-06	-1.05117150674e-06	1.56549136775e-06	-1.16239796481e-06	3.07578416233e-06	109.303774676	108.85224094	108.400707203	107.949173467	107.497639731	107.046105995	106.594572258	106.143038522	105.691504786	105.23997105	-9.2274607462	-8.89592810537	-8.56439546453	-8.2328628237	-7.90133018286	-7.56979754203	-7.23826490119	-6.90673226036	-6.57519961952	-6.24366697869	-0.937460294847	-0.937460294847	-0.937460294847	-0.937460294847	-0.937460294847	-0.937460294847	-0.937460294847	-0.937460294847	-0.937460294847	-0.937460294847	
3.51666666667	93.0307391952	93.6475291969	94.2643191985	94.8811092001	95.4978992018	96.1146892034	96.731479205	97.3482692067	97.9650592083	98.58184921	0.0	0.0	1.52340866293e-06	1.68486215628e-06	2.59537937522e-06	3.02835381116e-06	3.90228018527e-06	3.2539281099e-06	4.21950753318e-06	3.50255209056e-06	0.0	2.46989844013e-06	2.61764122176e-07	1.47621916135e-06	7.01980308999e-07	1.41689452129e-06	-1.05117150674e-06	1.56549136775e-06	-1.16239796481e-06	3.07578416233e-06	109.303774676	108.85224094	108.400707203	107.949173467	107.497639731	107.046105995	106.594572258	106.143038522	105.691504786	105.23997105	-9.2274607462	-8.89592810537	-8.56439546453	-8.2328628237	-7.90133018286	-7.56979754203	-7.23826490119	-6.90673226036	-6.57519961952	-6.24366697869	-0.937460294847	-0.937460294847	-0.937460294847	-0.937460294847	-0.937460294847	-0.937460294847	-0.937460294847	-0.937460294847	-0.937460294847	-0.937460294847	
3.53333333333	93.0307391952	93.6475291969	94.2643191985	94.8811092001	95.4978992018	96.1146892034	96.731479205	97.3482692067	97.9650592083	98.58184921	0.0	0.0	1.52340866293e-06	1.68486215628e-06	2.59537937522e-06	3.02835381116e-06	3.90228018527e-06	3.2539281099e-06	4.21950753318e-06	3.50255209056e-06	0.0	2.46989844013e-06	2.61764122176e-07	1.47621916135e-06	7.01980308999e-07	1.41689452129e-06	-1.05117150674e-06	1.56549136775e-06	-1.16239796481e-06	3.07578416233e-06	109.303774676	108.85224094	108.400707203	107.949173467	107.497639731	107.046105995	106.594572258	106.143038522	105.691504786	105.23997105	-9.2274607462	-8.89592810537	-8.56439546453	-8.2328628237	-7.90133018286	-7.56979754203	-7.23826490119	-6.90673226036	-6.57519961952	-6.24366697869	-0.937460294847	-0.937460294847	-0.937460294847	-0.937460294847	-0.937460294847	-0.937460294847	-0.937460294847	-0.937460294847	-0.937460294847	-0.937460294847	
3.55	93.5592391969	94.1171691985	94.6750992002	95.2330292019	95.7909592035	96.3488892051	96.9068192068	97.4647492084	98.02267921	98.5806092116	0.0	0.0	2.18311125893e-06	4.65440782153e-06	8.5711356653e-06	1.32997561225e-05	1.91626463227e-05	2.59989543872e-05	3.3825204959e-05	4.25766502299e-05	0.0	3.91287661973e-06	4.42940253307e-06	7.02010616416e-06	8.47529339373e-06	1.05082898983e-05	1.22529852209e-05	1.40272983149e-05	1.56855613523e-05	1.84889959669e-05	108.889349054	108.50150666	108.113664266	107.725821871	107.337979477	106.950137082	106.562294688	106.174452294	105.786609899	105.398767505	-8.89149825732	-8.55311801638	-8.21473777545	-7.87635753451	-7.53797729358	-7.19959705264	-6.86121681171	-6.52283657077	-6.18445632983	-5.8460760889	-0.853401942658	-0.853401942658	-0.853401942658	-0.853401942658	-0.853401942658	-0.853401942658	-0.853401942658	-0.853401942658	-0.853401942658	-0.853401942658	
3.56666666667	93.5592391969	94.1171691985	94.6750992002	95.2330292019	95.7909592035	96.3488892051	96.9068192068	97.4647492084	98.02267921	98.5806092116	0.0	0.0	2.18311125893e-06	4.65440782153e-06	8.5711356653e-06	1.32997561225e-05	1.91626463227e-05	2.59989543872e-05	3.3825204959e-05	4.25766502299e-05	0.0	3.91287661973e-06	4.42940253307e-06	7.02010616416e-06	8.47529339373e-06	1.05082898983e-05	1.22529852209e-05	1.40272983149e-05	1.56855613523e-05	1.84889959669e-05	108.889349054	108.50150666	108.113664266	107.725821871	107.337979477	106.950137082	106.562294688	106.174452294	105.786609899	105.398767505	-8.89149825732	-8.55311801638	-8.21473777545	-7.87635753451	-7.53797729358	-7.19959705264	-6.86121681171	-6.52283657077	-6.18445632983	-5.8460760889	-0.853401942658	-0.853401942658	-0.853401942658	-0.853401942658	-0.853401942658	-0.853401942658	-0.853401942658	-0.853401942658	-0.853401942658	-0.853401942658	
3.58333333333	93.5592391969	94.1171691985	94.6750992002	95.2330292019	95.7909592035	96.3488892051	96.9068192068	97.4647492084	98.02267921	98.5806092116	0.0	0.0	2.18311125893e-06	4.65440782153e-06	8.5711356653e-06	1.32997561225e-05	1.91626463227e-05	2.59989543872e-05	3.3825204959e-05	4.25766502299e-05	0.0	3.91287661973e-06	4.42940253307e-06	7.02010616416e-06	8.47529339373e-06	1.05082898983e-05	1.22529852209e-05	1.40272983149e-05	1.56855613523e-05	1.84889959669e-05	108.889349054	108.50150666	108.113664266	107.725821871	107.337979477	106.950137082	106.562294688	106.174452294	105.786609899	105.398767505	-8.89149825732	-8.55311801638	-8.21473777545	-7.87635753451	-7.53797729358	-7.19959705264	-6.86121681171	-6.52283657077	-6.18445632983	-5.8460760889	-0.853401942658	-0.853401942658	-0.853401942658	-0.853401942658	-0.853401942658	-0.853401942658	-0.853401942658	-0.853401942658	-0.853401942658	-0.853401942658	
3.6	93.5592391969	94.1171691985	94.6750992002	95.2330292019	95.7909592035	96.3488892051	96.9068192068	97.4647492084	98.02267921	98.5806092116	0.0	0.0	2.18311125893e-06	4.65440782153e-06	8.5711356653e-06	1.32997561225e-05	1.91626463227e-05	2.59989543872e-05	3.3825204959e-05	4.25766502299e-05	0.0	3.91287661973e-06	4.42940253307e-06	7.02010616416e-06	8.47529339373e-06	1.05082898983e-05	1.22529852209e-05	1.40272983149e-05	1.56855613523e-05	1.84889959669e-05	108.889349054	108.50150666	108.113664266	107.725821871	107.337979477	106.950137082	106.562294688	106.174452294	105.786609899	105.398767505	-8.89149825732	-8.55311801638	-8.21473777545	-7.87635753451	-7.53797729358	-7.19959705264	-6.86121681171	-6.52283657077	-6.18445632983	-5.8460760889	-0.853401942658	-0.853401942658	-0.853401942658	-0.853401942658	-0.853401942658	-0.853401942658	-0.853401942658	-0.853401942658	-0.853401942658	-0.853401942658	
3.61666666667	93.5592391969	94.1171691985	94.6750992002	95.2330292019	95.7909592035	96.3488892051	96.9068192068	97.4647492084	98.02267921	98.5806092116	0.0	0.0	2.18311125893e-06	4.65440782153e-06	8.5711356653e-06	1.32997561225e-05	1.91626463227e-05	2.59989543872e-05	3.3825204959e-05	4.25766502299e-05	0.0	3.91287661973e-06	4.42940253307e-06	7.02010616416e-06	8.47529339373e-06	1.05082898983e-05	1.22529852209e-05	1.40272983149e-05	1.56855613523e-05	1.84889959669e-05	108.889349054	108.50150666	108.113664266	107.725821871	107.337979477	106.950137082	106.562294688	106.174452294	105.786609899	105.398767505	-8.89149825732	-8.55311801638	-8.21473777545	-7.87635753451	-7.53797729358	-7.19959705264	-6.86121681171	-6.52283657077	-6.18445632983	-5.8460760889	-0.853401942658	-0.853401942658	-0.853401942658	-0.853401942658	-0.853401942658	-0.853401942658	-0.853401942658	-0.853401942658	-0.853401942658	-0.853401942658	
3.63333333333	93.5592391969	94.1171691985	94.6750992002	95.2330292019	95.7909592035	96.3488892051	96.9068192068	97.4647492084	98.02267921	98.5806092116	0.0	0.0	2.18311125893e-06	4.65440782153e-06	8.5711356653e-06	1.32997561225e-05	1.91626463227e-05	2.59989543872e-05	3.3825204959e-05	4.25766502299e-05	0.0	3.91287661973e-06	4.42940253307e-06	7.02010616416e-06	8.47529339373e-06	1.05082898983e-05	1.22529852209e-05	1.40272983149e-05	1.56855613523e-05	1.84889959669e-05	108.889349054	108.50150666	108.113664266	107.725821871	107.337979477	106.950137082	106.562294688	106.174452294	105.786609899	105.398767505	-8.89149825732	-8.55311801638	-8.21473777545	-7.87635753451	-7.53797729358	-7.19959705264	-6.86121681171	-6.52283657077	-6.18445632983	-5.8460760889	-0.853401942658	-0.853401942658	-0.853401942658	-0.853401942658	-0.853401942658	-0.853401942658	-0.853401942658	-0.853401942658	-0.853401942658	-0.853401942658	
3.65	94.0288791986	94.5279492003	95.027019202	95.5260892037	96.0251592054	96.5242292071	97.0232992087	97.5223692104	98.0214392121	98.5205092138	0.0	0.0	1.26773916964e-06	3.11028207277e-06	6.01713377377e-06	9.36839012343e-06	1.37015349416e-05	1.84222675374e-05	2.40388533066e-05	3.00664064839e-05	0.0	2.54020310844e-06	3.69195282599e-06	5.82453702112e-06	6.71500258138e-06	8.68243894337e-06	9.45905900933e-06	1.12541041341e-05	1.20775705953e-05	1.38084408799e-05	108.538846013	108.21502612	107.891206227	107.567386335	107.243566442	106.919746549	106.595926656	106.272106763	105.94828687	105.624466977	-8.5519315719	-8.21233662132	-7.87274167073	-7.53314672015	-7.19355176956	-6.85395681898	-6.51436186839	-6.17476691781	-5.83517196722	-5.49557701664	-0.761624071316	-0.761624071316	-0.761624071316	-0.761624071316	-0.761624071316	-0.761624071316	-0.761624071316	-0.761624071316	-0.761624071316	-0.761624071316	
3.66666666667	94.0288791986	94.5279492003	95.027019202	95.5260892037	96.0251592054	96.5242292071	97.0232992087	97.5223692104	98.0214392121	98.5205092138	0.0	0.0	1.26773916964e-06	3.11028207277e-06	6.01713377377e-06	9.36839012343e-06	1.37015349416e-05	1.84222675374e-05	2.40388533066e-05	3.00664064839e-05	0.0	2.54020310844e-06	3.69195282599e-06	5.82453702112e-06	6.71500258138e-06	8.68243894337e-06	9.45905900933e-06	1.12541041341e-05	1.20775705953e-05	1.38084408799e-05	108.538846013	108.21502612	107.891206227	107.567386335	107.243566442	106.919746549	106.595926656	106.272106763	105.94828687	105.624466977	-8.5519315719	-8.21233662132	-7.87274167073	-7.53314672015	-7.19355176956	-6.85395681898	-6.51436186839	-6.17476691781	-5.83517196722	-5.49557701664	-0.761624071316	-0.761624071316	-0.761624071316	-0.761624071316	-0.761624071316	-0.761624071316	-0.761624071316	-0.761624071316	-0.761624071316	-0.761624071316	
3.68333333333	94.0288791986	94.5279492003	95.027019202	95.5260892037	96.0251592054	96.5242292071	97.0232992087	97.5223692104	98.0214392121	98.5205092138	0.0	0.0	1.26773916964e-06	3.11028207277e-06	6.01713377377e-06	9.36839012343e-06	1.37015349416e-05	1.84222675374e-05	2.40388533066e-05	3.00664064839e-05	0.0	2.54020310844e-06	3.69195282599e-06	5.82453702112e-06	6.71500258138e-06	8.68243894337e-06	9.45905900933e-06	1.12541041341e-05	1.20775705953e-05	1.38084408799e-05	108.538846013	108.21502612	107.891206227	107.567386335	107.243566442	106.919746549	106.595926656	106.272106763	105.94828687	105.624466977	-8.5519315719	-8.21233662132	-7.87274167073	-7.53314672015	-7.19355176956	-6.85395681898	-6.51436186839	-6.17476691781	-5.83517196722	-5.49557701664	-0.761624071316	-0.761624071316	-0.761624071316	-0.761624071316	-0.761624071316	-0.761624071316	-0.761624071316	-0.761624071316	-0.761624071316	-0.761624071316	
3.7	94.0288791986	94.5279492003	95.027019202	95.5260892037	96.0251592054	96.5242292071	97.0232992087	97.5223692104	98.0214392121	98.5205092138	0.0	0.0	1.26773916964e-06	3.11028207277e-06	6.01713377377e-06	9.36839012343e-06	1.37015349416e-05	1.84222675374e-05	2.40388533066e-05	3.00664064839e-05	0.0	2.54020310844e-06	3.69195282599e-06	5.82453702112e-06	6.71500258138e-06	8.68243894337e-06	9.45905900933e-06	1.12541041341e-05	1.20775705953e-05	1.38084408799e-05	108.538846013	108.21502612	107.891206227	107.567386335	107.243566442	106.919746549	106.595926656	106.272106763	105.94828687	105.624466977	-8.5519315719	-8.21233662132	-7.87274167073	-7.53314672015	-7.19355176956	-6.85395681898	-6.51436186839	-6.17476691781	-5.83517196722	-5.49557701664	-0.761624071316	-0.761624071316	-0.761624071316	-0.761624071316	-0.761624071316	-0.761624071316	-0.761624071316	-0.761624071316	-0.761624071316	-0.761624071316	
3.71666666667	94.0288791986	94.5279492003	95.027019202	95.5260892037	96.0251592054	96.5242292071	97.0232992087	97.5223692104	98.0214392121	98.5205092138	0.0	0.0	1.26773916964e-06	3.11028207277e-06	6.01713377377e-06	9.36839012343e-06	1.37015349416e-05	1.84222675374e-05	2.40388533066e-05	3.00664064839e-05	0.0	2.54020310844e-06	3.69195282599e-06	5.82453702112e-06	6.71500258138e-06	8.68243894337e-06	9.45905900933e-06	1.12541041341e-05	1.20775705953e-05	1.38084408799e-05	108.538846013	108.21502612	107.891206227	107.567386335	107.243566442	106.919746549	106.595926656	106.272106763	105.94828687	105.624466977	-8.5519315719	-8.21233662132	-7.87274167073	-7.53314672015	-7.19355176956	-6.85395681898	-6.51436186839	-6.17476691781	-5.83517196722	-5.49557701664	-0.761624071316	-0.761624071316	-0.761624071316	-0.761624071316	-0.761624071316	-0.761624071316	-0.761624071316	-0.761624071316	-0.761624071316	-0.761624071316	
3.73333333333	94.0288791986	94.5279492003	95.027019202	95.5260892037	96.0251592054	96.5242292071	97.0232992087	97.5223692104	98.0214392121	98.5205092138	0.0	0.0	1.26773916964e-06	3.11028207277e-06	6.01713377377e-06	9.36839012343e-06	1.37015349416e-05	1.84222675374e-05	2.40388533066e-05	3.00664064839e-05	0.0	2.54020310844e-06	3.69195282599e-06	5.82453702112e-06	6.71500258138e-06	8.68243894337e-06	9.45905900933e-06	1.12541041341e-05	1.20775705953e-05	1.38084408799e-05	108.538846013	108.21502612	107.891206227	107.567386335	107.243566442	106.919746549	106.595926656	106.272106763	105.94828687	105.624466977	-8.5519315719	-8.21233662132	-7.87274167073	-7.53314672015	-7.19355176956	-6.85395681898	-6.51436186839	-6.17476691781	-5.83517196722	-5.49557701664	-0.761624071316	-0.761624071316	-0.761624071316	-0.761624071316	-0.761624071316	-0.761624071316	-0.761624071316	-0.761624071316	-0.761624071316	-0.761624071316	
3.75	94.4396592003	94.879869202	95.3200792037	95.7602892055	96.2004992072	96.6407092089	97.0809192106	97.5211292122	97.9613392139	98.4015492156	0.0	0.0	1.02847533808e-06	2.41996396671e-06	4.45079789007e-06	7.13618859049e-06	1.06982498623e-05	1.52842823444e-05	2.06127701692e-05	2.67674386412e-05	0.0	2.33632887505e-06	3.16096550105e-06	4.61332980958e-06	6.10024917654e-06	8.09173180523e-06	1.04178289098e-05	1.21044224443e-05	1.39812099868e-05	1.57784155398e-05	108.25229257	107.992283922	107.732275273	107.472266624	107.212257975	106.952249327	106.692240678	106.432232029	106.17222338	105.912214731	-8.21470990119	-7.88008243838	-7.54545497557	-7.21082751276	-6.87620004995	-6.54157258714	-6.20694512433	-5.87231766152	-5.53769019871	-5.2030627359	-0.660564166242	-0.660564166242	-0.660564166242	-0.660564166242	-0.660564166242	-0.660564166242	-0.660564166242	-0.660564166242	-0.660564166242	-0.660564166242	
3.76666666667	94.4396592003	94.879869202	95.3200792037	95.7602892055	96.2004992072	96.6407092089	97.0809192106	97.5211292122	97.9613392139	98.4015492156	0.0	0.0	1.02847533808e-06	2.41996396671e-06	4.45079789007e-06	7.13618859049e-06	1.06982498623e-05	1.52842823444e-05	2.06127701692e-05	2.67674386412e-05	0.0	2.33632887505e-06	3.16096550105e-06	4.61332980958e-06	6.10024917654e-06	8.09173180523e-06	1.04178289098e-05	1.21044224443e-05	1.39812099868e-05	1.57784155398e-05	108.25229257	107.992283922	107.732275273	107.472266624	107.212257975	106.952249327	106.692240678	106.432232029	106.17222338	105.912214731	-8.21470990119	-7.88008243838	-7.54545497557	-7.21082751276	-6.87620004995	-6.54157258714	-6.20694512433	-5.87231766152	-5.53769019871	-5.2030627359	-0.660564166242	-0.660564166242	-0.660564166242	-0.660564166242	-0.660564166242	-0.660564166242	-0.660564166242	-0.660564166242	-0.660564166242	-0.660564166242	
3.78333333333	94.4396592003	94.879869202	95.3200792037	95.7602892055	96.2004992072	96.6407092089	97.0809192106	97.5211292122	97.9613392139	98.4015492156	0.0	0.0	1.02847533808e-06	2.41996396671e-06	4.45079789007e-06	7.13618859049e-06	1.06982498623e-05	1.52842823444e-05	2.06127701692e-05	2.67674386412e-05	0.0	2.33632887505e-06	3.16096550105e-06	4.61332980958e-06	6.10024917654e-06	8.09173180523e-06	1.04178289098e-05	1.21044224443e-05	1.39812099868e-05	1.57784155398e-05	108.25229257	107.992283922	107.732275273	107.472266624	107.212257975	106.952249327	106.692240678	106.432232029	106.17222338	105.912214731	-8.21470990119	-7.88008243838	-7.54545497557	-7.21082751276	-6.87620004995	-6.54157258714	-6.20694512433	-5.87231766152	-5.53769019871	-5.2030627359	-0.660564166242	-0.660564166242	-0.660564166242	-0.660564166242	-0.660564166242	-0.660564166242	-0.660564166242	-0.660564166242	-0.660564166242	-0.660564166242	
3.8	94.4396592003	94.879869202	95.3200792037	95.7602892055	96.2004992072	96.6407092089	97.0809192106	97.5211292122	97.9613392139	98.4015492156	0.0	0.0	1.02847533808e-06	2.41996396671e-06	4.45079789007e-06	7.13618859049e-06	1.06982498623e-05	1.52842823444e-05	2.06127701692e-05	2.67674386412e-05	0.0	2.33632887505e-06	3.16096550105e-06	4.61332980958e-06	6.10024917654e-06	8.09173180523e-06	1.04178289098e-05	1.21044224443e-05	1.39812099868e-05	1.57784155398e-05	108.25229257	107.992283922	107.732275273	107.472266624	107.212257975	106.952249327	106.692240678	106.432232029	106.17222338	105.912214731	-8.21470990119	-7.88008243838	-7.54545497557	-7.21082751276	-6.87620004995	-6.54157258714	-6.20694512433	-5.87231766152	-5.53769019871	-5.2030627359	-0.660564166242	-0.660564166242	-0.660564166242	-0.660564166242	-0.660564166242	-0.660564166242	-0.660564166242	-0.660564166242	-0.660564166242	-0.660564166242	
3.81666666667	94.4396592003	94.879869202	95.3200792037	95.7602892055	96.2004992072	96.6407092089	97.0809192106	97.5211292122	97.9613392139	98.4015492156	0.0	0.0	1.02847533808e-06	2.41996396671e-06	4.45079789007e-06	7.13618859049e-06	1.06982498623e-05	1.52842823444e-05	2.06127701692e-05	2.67674386412e-05	0.0	2.33632887505e-06	3.16096550105e-06	4.61332980958e-06	6.10024917654e-06	8.09173180523e-06	1.04178289098e-05	1.21044224443e-05	1.39812099868e-05	1.57784155398e-05	108.25229257	107.992283922	107.732275273	107.472266624	107.212257975	106.952249327	106.692240678	106.432232029	106.17222338	105.912214731	-8.21470990119	-7.88008243838	-7.54545497557	-7.21082751276	-6.87620004995	-6.54157258714	-6.20694512433	-5.87231766152	-5.53769019871	-5.2030627359	-0.660564166242	-0.660564166242	-0.660564166242	-0.660564166242	-0.660564166242	-0.660564166242	-0.660564166242	-0.660564166242	-0.660564166242	-0.660564166242	
3.83333333333	94.4396592003	94.879869202	95.3200792037	95.7602892055	96.2004992072	96.6407092089	97.0809192106	97.5211292122	97.9613392139	98.4015492156	0.0	0.0	1.02847533808e-06	2.41996396671e-06	4.45079789007e-06	7.13618859049e-06	1.06982498623e-05	1.52842823444e-05	2.06127701692e-05	2.67674386412e-05	0.0	2.33632887505e-06	3.16096550105e-06	4.61332980958e-06	6.10024917654e-06	8.09173180523e-06	1.04178289098e-05	1.21044224443e-05	1.39812099868e-05	1.57784155398e-05	108.25229257	107.992283922	107.732275273	107.472266624	107.212257975	106.952249327	106.692240678	106.432232029	106.17222338	105.912214731	-8.21470990119	-7.88008243838	-7.54545497557	-7.21082751276	-6.87620004995	-6.54157258714	-6.20694512433	-5.87231766152	-5.53769019871	-5.2030627359	-0.660564166242	-0.660564166242	-0.660564166242	-0.660564166242	-0.660564166242	-0.660564166242	-0.660564166242	-0.660564166242	-0.660564166242	-0.660564166242	
3.85	94.791579202	95.1729292038	95.5542792055	95.9356292072	96.3169792089	96.6983292106	97.0796792124	97.4610292141	97.8423792158	98.2237292175	0.0	0.0	9.56753892148e-07	2.19985547918e-06	3.67657446824e-06	5.3725470863e-06	6.90024049189e-06	8.60652916629e-06	1.05332192619e-05	1.22643580994e-05	0.0	2.50886033259e-06	3.25973929834e-06	3.87234556812e-06	4.44728624734e-06	4.00601389457e-06	4.4743376602e-06	5.05228815237e-06	4.53950132359e-06	6.37859257817e-06	108.029073834	107.83194428	107.634814726	107.437685172	107.240555618	107.043426064	106.84629651	106.649166957	106.452037403	106.254907849	-7.88636092905	-7.56348200773	-7.24060308641	-6.91772416509	-6.59484524377	-6.27196632245	-5.94908740113	-5.62620847981	-5.30332955849	-4.98045063717	-0.548131349639	-0.548131349639	-0.548131349639	-0.548131349639	-0.548131349639	-0.548131349639	-0.548131349639	-0.548131349639	-0.548131349639	-0.548131349639	
3.86666666667	94.791579202	95.1729292038	95.5542792055	95.9356292072	96.3169792089	96.6983292106	97.0796792124	97.4610292141	97.8423792158	98.2237292175	0.0	0.0	9.56753892148e-07	2.19985547918e-06	3.67657446824e-06	5.3725470863e-06	6.90024049189e-06	8.60652916629e-06	1.05332192619e-05	1.22643580994e-05	0.0	2.50886033259e-06	3.25973929834e-06	3.87234556812e-06	4.44728624734e-06	4.00601389457e-06	4.4743376602e-06	5.05228815237e-06	4.53950132359e-06	6.37859257817e-06	108.029073834	107.83194428	107.634814726	107.437685172	107.240555618	107.043426064	106.84629651	106.649166957	106.452037403	106.254907849	-7.88636092905	-7.56348200773	-7.24060308641	-6.91772416509	-6.59484524377	-6.27196632245	-5.94908740113	-5.62620847981	-5.30332955849	-4.98045063717	-0.548131349639	-0.548131349639	-0.548131349639	-0.548131349639	-0.548131349639	-0.548131349639	-0.548131349639	-0.548131349639	-0.548131349639	-0.548131349639	
3.88333333333	94.791579202	95.1729292038	95.5542792055	95.9356292072	96.3169792089	96.6983292106	97.0796792124	97.4610292141	97.8423792158	98.2237292175	0.0	0.0	9.56753892148e-07	2.19985547918e-06	3.67657446824e-06	5.3725470863e-06	6.90024049189e-06	8.60652916629e-06	1.05332192619e-05	1.22643580994e-05	0.0	2.50886033259e-06	3.25973929834e-06	3.87234556812e-06	4.44728624734e-06	4.00601389457e-06	4.4743376602e-06	5.05228815237e-06	4.53950132359e-06	6.37859257817e-06	108.029073834	107.83194428	107.634814726	107.437685172	107.240555618	107.043426064	106.84629651	106.649166957	106.452037403	106.254907849	-7.88636092905	-7.56348200773	-7.24060308641	-6.91772416509	-6.59484524377	-6.27196632245	-5.94908740113	-5.62620847981	-5.30332955849	-4.98045063717	-0.548131349639	-0.548131349639	-0.548131349639	-0.548131349639	-0.548131349639	-0.548131349639	-0.548131349639	-0.548131349639	-0.548131349639	-0.548131349639	
3.9	94.791579202	95.1729292038	95.5542792055	95.9356292072	96.3169792089	96.6983292106	97.0796792124	97.4610292141	97.8423792158	98.2237292175	0.0	0.0	9.56753892148e-07	2.19985547918e-06	3.67657446824e-06	5.3725470863e-06	6.90024049189e-06	8.60652916629e-06	1.05332192619e-05	1.22643580994e-05	0.0	2.50886033259e-06	3.25973929834e-06	3.87234556812e-06	4.44728624734e-06	4.00601389457e-06	4.4743376602e-06	5.05228815237e-06	4.53950132359e-06	6.37859257817e-06	108.029073834	107.83194428	107.634814726	107.437685172	107.240555618	107.043426064	106.84629651	106.649166957	106.452037403	106.254907849	-7.88636092905	-7.56348200773	-7.24060308641	-6.91772416509	-6.59484524377	-6.27196632245	-5.94908740113	-5.62620847981	-5.30332955849	-4.98045063717	-0.548131349639	-0.548131349639	-0.548131349639	-0.548131349639	-0.548131349639	-0.548131349639	-0.548131349639	-0.548131349639	-0.548131349639	-0.548131349639	
3.91666666667	94.791579202	95.1729292038	95.5542792055	95.9356292072	96.3169792089	96.6983292106	97.0796792124	97.4610292141	97.8423792158	98.2237292175	0.0	0.0	9.56753892148e-07	2.19985547918e-06	3.67657446824e-06	5.3725470863e-06	6.90024049189e-06	8.60652916629e-06	1.05332192619e-05	1.22643580994e-05	0.0	2.50886033259e-06	3.25973929834e-06	3.87234556812e-06	4.44728624734e-06	4.00601389457e-06	4.4743376602e-06	5.05228815237e-06	4.53950132359e-06	6.37859257817e-06	108.029073834	107.83194428	107.634814726	107.437685172	107.240555618	107.043426064	106.84629651	106.649166957	106.452037403	106.254907849	-7.88636092905	-7.56348200773	-7.24060308641	-6.91772416509	-6.59484524377	-6.27196632245	-5.94908740113	-5.62620847981	-5.30332955849	-4.98045063717	-0.548131349639	-0.548131349639	-0.548131349639	-0.548131349639	-0.548131349639	-0.548131349639	-0.548131349639	-0.548131349639	-0.548131349639	-0.548131349639	
3.93333333333	94.791579202	95.1729292038	95.5542792055	95.9356292072	96.3169792089	96.6983292106	97.0796792124	97.4610292141	97.8423792158	98.2237292175	0.0	0.0	9.56753892148e-07	2.19985547918e-06	3.67657446824e-06	5.3725470863e-06	6.90024049189e-06	8.60652916629e-06	1.05332192619e-05	1.22643580994e-05	0.0	2.50886033259e-06	3.25973929834e-06	3.87234556812e-06	4.44728624734e-06	4.00601389457e-06	4.4743376602e-06	5.05228815237e-06	4.53950132359e-06	6.37859257817e-06	108.029073834	107.83194428	107.634814726	107.437685172	107.240555618	107.043426064	106.84629651	106.649166957	106.452037403	106.254907849	-7.88636092905	-7.56348200773	-7.24060308641	-6.91772416509	-6.59484524377	-6.27196632245	-5.94908740113	-5.62620847981	-5.30332955849	-4.98045063717	-0.548131349639	-0.548131349639	-0.548131349639	-0.548131349639	-0.548131349639	-0.548131349639	-0.548131349639	-0.548131349639	-0.548131349639	-0.548131349639	
3.95	94.791579202	95.1729292038	95.5542792055	95.9356292072	96.3169792089	96.6983292106	97.0796792124	97.4610292141	97.8423792158	98.2237292175	0.0	0.0	9.56753892148e-07	2.19985547918e-06	3.67657446824e-06	5.3725470863e-06	6.90024049189e-06	8.60652916629e-06	1.05332192619e-05	1.22643580994e-05	0.0	2.50886033259e-06	3.25973929834e-06	3.87234556812e-06	4.44728624734e-06	4.00601389457e-06	4.4743376602e-06	5.05228815237e-06	4.53950132359e-06	6.37859257817e-06	108.029073834	107.83194428	107.634814726	107.437685172	107.240555618	107.043426064	106.84629651	106.649166957	106.452037403	106.254907849	-7.88636092905	-7.56348200773	-7.24060308641	-6.91772416509	-6.59484524377	-6.27196632245	-5.94908740113	-5.62620847981	-5.30332955849	-4.98045063717	-0.548131349639	-0.548131349639	-0.548131349639	-0.548131349639	-0.548131349639	-0.548131349639	-0.548131349639	-0.548131349639	-0.548131349639	-0.548131349639	
3.96666666667	95.1277600374	95.4404400391	95.7531200409	96.0658000426	96.3784800443	96.691160046	97.0038400478	97.3165200495	97.6292000512	97.9418800529	0.0	0.0	5.21933873027e-07	1.14308493966e-06	2.2564668669e-06	3.44755065548e-06	5.13282527811e-06	6.8956395113e-06	9.13005092562e-06	1.14235709273e-05	0.0	1.66922690975e-06	1.98653915569e-06	3.56077114329e-06	3.80927396058e-06	5.38977425266e-06	5.63775816633e-06	7.14600039011e-06	7.33503898228e-06	8.86250502569e-06	107.846672474	107.720411931	107.594151388	107.467890846	107.341630303	107.21536976	107.089109217	106.962848675	106.836588132	106.710327589	-7.52407885542	-7.22433273205	-6.92458660867	-6.62484048529	-6.32509436192	-6.02534823854	-5.72560211517	-5.42585599179	-5.12610986841	-4.82636374504	-0.398668797229	-0.398668797229	-0.398668797229	-0.398668797229	-0.398668797229	-0.398668797229	-0.398668797229	-0.398668797229	-0.398668797229	-0.398668797229	
3.98333333333	95.1277600374	95.4404400391	95.7531200409	96.0658000426	96.3784800443	96.691160046	97.0038400478	97.3165200495	97.6292000512	97.9418800529	0.0	0.0	5.21933873027e-07	1.14308493966e-06	2.2564668669e-06	3.44755065548e-06	5.13282527811e-06	6.8956395113e-06	9.13005092562e-06	1.14235709273e-05	0.0	1.66922690975e-06	1.98653915569e-06	3.56077114329e-06	3.80927396058e-06	5.38977425266e-06	5.63775816633e-06	7.14600039011e-06	7.33503898228e-06	8.86250502569e-06	107.846672474	107.720411931	107.594151388	107.467890846	107.341630303	107.21536976	107.089109217	106.962848675	106.836588132	106.710327589	-7.52407885542	-7.22433273205	-6.92458660867	-6.62484048529	-6.32509436192	-6.02534823854	-5.72560211517	-5.42585599179	-5.12610986841	-4.82636374504	-0.398668797229	-0.398668797229	-0.398668797229	-0.398668797229	-0.398668797229	-0.398668797229	-0.398668797229	-0.398668797229	-0.398668797229	-0.398668797229	
4.0	95.1277600374	95.4404400391	95.7531200409	96.0658000426	96.3784800443	96.691160046	97.0038400478	97.3165200495	97.6292000512	97.9418800529	0.0	0.0	5.21933873027e-07	1.14308493966e-06	2.2564668669e-06	3.44755065548e-06	5.13282527811e-06	6.8956395113e-06	9.13005092562e-06	1.14235709273e-05	0.0	1.66922690975e-06	1.98653915569e-06	3.56077114329e-06	3.80927396058e-06	5.38977425266e-06	5.63775816633e-06	7.14600039011e-06	7.33503898228e-06	8.86250502569e-06	107.846672474	107.720411931	107.594151388	107.467890846	107.341630303	107.21536976	107.089109217	106.962848675	106.836588132	106.710327589	-7.52407885542	-7.22433273205	-6.92458660867	-6.62484048529	-6.32509436192	-6.02534823854	-5.72560211517	-5.42585599179	-5.12610986841	-4.82636374504	-0.398668797229	-0.398668797229	-0.398668797229	-0.398668797229	-0.398668797229	-0.398668797229	-0.398668797229	-0.398668797229	-0.398668797229	-0.398668797229	
4.01666666667	95.1277600374	95.4404400391	95.7531200409	96.0658000426	96.3784800443	96.691160046	97.0038400478	97.3165200495	97.6292000512	97.9418800529	0.0	0.0	5.21933873027e-07	1.14308493966e-06	2.2564668669e-06	3.44755065548e-06	5.13282527811e-06	6.8956395113e-06	9.13005092562e-06	1.14235709273e-05	0.0	1.66922690975e-06	1.98653915569e-06	3.56077114329e-06	3.80927396058e-06	5.38977425266e-06	5.63775816633e-06	7.14600039011e-06	7.33503898228e-06	8.86250502569e-06	107.846672474	107.720411931	107.594151388	107.467890846	107.341630303	107.21536976	107.089109217	106.962848675	106.836588132	106.710327589	-7.52407885542	-7.22433273205	-6.92458660867	-6.62484048529	-6.32509436192	-6.02534823854	-5.72560211517	-5.42585599179	-5.12610986841	-4.82636374504	-0.398668797229	-0.398668797229	-0.398668797229	-0.398668797229	-0.398668797229	-0.398668797229	-0.398668797229	-0.398668797229	-0.398668797229	-0.398668797229	
4.03333333333	95.1277600374	95.4404400391	95.7531200409	96.0658000426	96.3784800443	96.691160046	97.0038400478	97.3165200495	97.6292000512	97.9418800529	0.0	0.0	5.21933873027e-07	1.14308493966e-06	2.2564668669e-06	3.44755065548e-06	5.13282527811e-06	6.8956395113e-06	9.13005092562e-06	1.14235709273e-05	0.0	1.66922690975e-06	1.98653915569e-06	3.56077114329e-06	3.80927396058e-06	5.38977425266e-06	5.63775816633e-06	7.14600039011e-06	7.33503898228e-06	8.86250502569e-06	107.846672474	107.720411931	107.594151388	107.467890846	107.341630303	107.21536976	107.089109217	106.962848675	106.836588132	106.710327589	-7.52407885542	-7.22433273205	-6.92458660867	-6.62484048529	-6.32509436192	-6.02534823854	-5.72560211517	-5.42585599179	-5.12610986841	-4.82636374504	-0.398668797229	-0.398668797229	-0.398668797229	-0.398668797229	-0.398668797229	-0.398668797229	-0.398668797229	-0.398668797229	-0.398668797229	-0.398668797229	
4.05	95.1277600374	95.4404400391	95.7531200409	96.0658000426	96.3784800443	96.691160046	97.0038400478	97.3165200495	97.6292000512	97.9418800529	0.0	0.0	5.21933873027e-07	1.14308493966e-06	2.2564668669e-06	3.44755065548e-06	5.13282527811e-06	6.8956395113e-06	9.13005092562e-06	1.14235709273e-05	0.0	1.66922690975e-06	1.98653915569e-06	3.56077114329e-06	3.80927396058e-06	5.38977425266e-06	5.63775816633e-06	7.14600039011e-06	7.33503898228e-06	8.86250502569e-06	107.846672474	107.720411931	107.594151388	107.467890846	107.341630303	107.21536976	107.089109217	106.962848675	106.836588132	106.710327589	-7.52407885542	-7.22433273205	-6.92458660867	-6.62484048529	-6.32509436192	-6.02534823854	-5.72560211517	-5.42585599179	-5.12610986841	-4.82636374504	-0.398668797229	-0.398668797229	-0.398668797229	-0.398668797229	-0.398668797229	-0.398668797229	-0.398668797229	-0.398668797229	-0.398668797229	-0.398668797229	
4.06666666667	95.1277600374	95.4404400391	95.7531200409	96.0658000426	96.3784800443	96.691160046	97.0038400478	97.3165200495	97.6292000512	97.9418800529	0.0	0.0	5.21933873027e-07	1.14308493966e-06	2.2564668669e-06	3.44755065548e-06	5.13282527811e-06	6.8956395113e-06	9.13005092562e-06	1.14235709273e-05	0.0	1.66922690975e-06	1.98653915569e-06	3.56077114329e-06	3.80927396058e-06	5.38977425266e-06	5.63775816633e-06	7.14600039011e-06	7.33503898228e-06	8.86250502569e-06	107.846672474	107.720411931	107.594151388	107.467890846	107.341630303	107.21536976	107.089109217	106.962848675	106.836588132	106.710327589	-7.52407885542	-7.22433273205	-6.92458660867	-6.62484048529	-6.32509436192	-6.02534823854	-5.72560211517	-5.42585599179	-5.12610986841	-4.82636374504	-0.398668797229	-0.398668797229	-0.398668797229	-0.398668797229	-0.398668797229	-0.398668797229	-0.398668797229	-0.398668797229	-0.398668797229	-0.398668797229	
4.08333333333	95.3838258728	95.6278358745	95.8718458762	96.115855878	96.3598658797	96.6038758814	96.8478858831	97.0918958849	97.3359058866	97.5799158883	0.0	0.0	7.30654764667e-07	9.92652414251e-07	1.96137726252e-06	2.55582398866e-06	3.99900931302e-06	4.96470820675e-06	6.75193889612e-06	8.0399564785e-06	0.0	2.99436399935e-06	1.07371684654e-06	3.97002107043e-06	2.43615721453e-06	5.91445151479e-06	3.95762012573e-06	7.32441570713e-06	5.2785442123e-06	9.04829415251e-06	107.744016212	107.683849257	107.623682302	107.563515347	107.503348392	107.443181437	107.383014482	107.322847527	107.262680572	107.202513617	-7.1961148766	-6.93064174948	-6.66516862236	-6.39969549523	-6.13422236811	-5.86874924099	-5.60327611387	-5.33780298675	-5.07232985963	-4.80685673251	-0.222875318165	-0.222875318165	-0.222875318165	-0.222875318165	-0.222875318165	-0.222875318165	-0.222875318165	-0.222875318165	-0.222875318165	-0.222875318165	
4.1	95.3838258728	95.6278358745	95.8718458762	96.115855878	96.3598658797	96.6038758814	96.8478858831	97.0918958849	97.3359058866	97.5799158883	0.0	0.0	7.30654764667e-07	9.92652414251e-07	1.96137726252e-06	2.55582398866e-06	3.99900931302e-06	4.96470820675e-06	6.75193889612e-06	8.0399564785e-06	0.0	2.99436399935e-06	1.07371684654e-06	3.97002107043e-06	2.43615721453e-06	5.91445151479e-06	3.95762012573e-06	7.32441570713e-06	5.2785442123e-06	9.04829415251e-06	107.744016212	107.683849257	107.623682302	107.563515347	107.503348392	107.443181437	107.383014482	107.322847527	107.262680572	107.202513617	-7.1961148766	-6.93064174948	-6.66516862236	-6.39969549523	-6.13422236811	-5.86874924099	-5.60327611387	-5.33780298675	-5.07232985963	-4.80685673251	-0.222875318165	-0.222875318165	-0.222875318165	-0.222875318165	-0.222875318165	-0.222875318165	-0.222875318165	-0.222875318165	-0.222875318165	-0.222875318165	
4.11666666667	95.3838258728	95.6278358745	95.8718458762	96.115855878	96.3598658797	96.6038758814	96.8478858831	97.0918958849	97.3359058866	97.5799158883	0.0	0.0	7.30654764667e-07	9.92652414251e-07	1.96137726252e-06	2.55582398866e-06	3.99900931302e-06	4.96470820675e-06	6.75193889612e-06	8.0399564785e-06	0.0	2.99436399935e-06	1.07371684654e-06	3.97002107043e-06	2.43615721453e-06	5.91445151479e-06	3.95762012573e-06	7.32441570713e-06	5.2785442123e-06	9.04829415251e-06	107.744016212	107.683849257	107.623682302	107.563515347	107.503348392	107.443181437	107.383014482	107.322847527	107.262680572	107.202513617	-7.1961148766	-6.93064174948	-6.66516862236	-6.39969549523	-6.13422236811	-5.86874924099	-5.60327611387	-5.33780298675	-5.07232985963	-4.80685673251	-0.222875318165	-0.222875318165	-0.222875318165	-0.222875318165	-0.222875318165	-0.222875318165	-0.222875318165	-0.222875318165	-0.222875318165	-0.222875318165	
4.13333333333	95.3838258728	95.6278358745	95.8718458762	96.115855878	96.3598658797	96.6038758814	96.8478858831	97.0918958849	97.3359058866	97.5799158883	0.0	0.0	7.30654764667e-07	9.92652414251e-07	1.96137726252e-06	2.55582398866e-06	3.99900931302e-06	4.96470820675e-06	6.75193889612e-06	8.0399564785e-06	0.0	2.99436399935e-06	1.07371684654e-06	3.97002107043e-06	2.43615721453e-06	5.91445151479e-06	3.95762012573e-06	7.32441570713e-06	5.2785442123e-06	9.04829415251e-06	107.744016212	107.683849257	107.623682302	107.563515347	107.503348392	107.443181437	107.383014482	107.322847527	107.262680572	107.202513617	-7.1961148766	-6.93064174948	-6.66516862236	-6.39969549523	-6.13422236811	-5.86874924099	-5.60327611387	-5.33780298675	-5.07232985963	-4.80685673251	-0.222875318165	-0.222875318165	-0.222875318165	-0.222875318165	-0.222875318165	-0.222875318165	-0.222875318165	-0.222875318165	-0.222875318165	-0.222875318165	
4.15	95.3838258728	95.6278358745	95.8718458762	96.115855878	96.3598658797	96.6038758814	96.8478858831	97.0918958849	97.3359058866	97.5799158883	0.0	0.0	7.30654764667e-07	9.92652414251e-07	1.96137726252e-06	2.55582398866e-06	3.99900931302e-06	4.96470820675e-06	6.75193889612e-06	8.0399564785e-06	0.0	2.99436399935e-06	1.07371684654e-06	3.97002107043e-06	2.43615721453e-06	5.91445151479e-06	3.95762012573e-06	7.32441570713e-06	5.2785442123e-06	9.04829415251e-06	107.744016212	107.683849257	107.623682302	107.563515347	107.503348392	107.443181437	107.383014482	107.322847527	107.262680572	107.202513617	-7.1961148766	-6.93064174948	-6.66516862236	-6.39969549523	-6.13422236811	-5.86874924099	-5.60327611387	-5.33780298675	-5.07232985963	-4.80685673251	-0.222875318165	-0.222875318165	-0.222875318165	-0.222875318165	-0.222875318165	-0.222875318165	-0.222875318165	-0.222875318165	-0.222875318165	-0.222875318165	
4.16666666667	95.3838258728	95.6278358745	95.8718458762	96.115855878	96.3598658797	96.6038758814	96.8478858831	97.0918958849	97.3359058866	97.5799158883	0.0	0.0	7.30654764667e-07	9.92652414251e-07	1.96137726252e-06	2.55582398866e-06	3.99900931302e-06	4.96470820675e-06	6.75193889612e-06	8.0399564785e-06	0.0	2.99436399935e-06	1.07371684654e-06	3.97002107043e-06	2.43615721453e-06	5.91445151479e-06	3.95762012573e-06	7.32441570713e-06	5.2785442123e-06	9.04829415251e-06	107.744016212	107.683849257	107.623682302	107.563515347	107.503348392	107.443181437	107.383014482	107.322847527	107.262680572	107.202513617	-7.1961148766	-6.93064174948	-6.66516862236	-6.39969549523	-6.13422236811	-5.86874924099	-5.60327611387	-5.33780298675	-5.07232985963	-4.80685673251	-0.222875318165	-0.222875318165	-0.222875318165	-0.222875318165	-0.222875318165	-0.222875318165	-0.222875318165	-0.222875318165	-0.222875318165	-0.222875318165	
4.18333333333	95.5395458745	95.7246958762	95.909845878	96.0949958797	96.2801458814	96.4652958832	96.6504458849	96.8355958866	97.0207458884	97.2058958901	9.9507546097e-08	1.31079023953e-07	7.68155627025e-07	1.1772496234e-06	2.38614595968e-06	3.32407202035e-06	5.11610641023e-06	6.65842256217e-06	8.94291666275e-06	1.10850077452e-05	1.70518377313e-07	3.44086738914e-06	2.20952736991e-06	6.52928071806e-06	5.06576317516e-06	9.67882459139e-06	8.33008985951e-06	1.23386123641e-05	1.15694899402e-05	1.56733934809e-05	107.713856577	107.704139274	107.694421972	107.684704669	107.674987367	107.665270064	107.655552762	107.645835459	107.636118157	107.626400854	-6.95262327354	-6.72609460134	-6.49956592914	-6.27303725694	-6.04650858474	-5.81997991254	-5.59345124034	-5.36692256814	-5.14039389594	-4.91386522374	-0.0428702850526	-0.0428702850526	-0.0428702850526	-0.0428702850526	-0.0428702850526	-0.0428702850526	-0.0428702850526	-0.0428702850526	-0.0428702850526	-0.0428702850526	
4.2	95.5395458745	95.7246958762	95.909845878	96.0949958797	96.2801458814	96.4652958832	96.6504458849	96.8355958866	97.0207458884	97.2058958901	9.9507546097e-08	1.31079023953e-07	7.68155627025e-07	1.1772496234e-06	2.38614595968e-06	3.32407202035e-06	5.11610641023e-06	6.65842256217e-06	8.94291666275e-06	1.10850077452e-05	1.70518377313e-07	3.44086738914e-06	2.20952736991e-06	6.52928071806e-06	5.06576317516e-06	9.67882459139e-06	8.33008985951e-06	1.23386123641e-05	1.15694899402e-05	1.56733934809e-05	107.713856577	107.704139274	107.694421972	107.684704669	107.674987367	107.665270064	107.655552762	107.645835459	107.636118157	107.626400854	-6.95262327354	-6.72609460134	-6.49956592914	-6.27303725694	-6.04650858474	-5.81997991254	-5.59345124034	-5.36692256814	-5.14039389594	-4.91386522374	-0.0428702850526	-0.0428702850526	-0.0428702850526	-0.0428702850526	-0.0428702850526	-0.0428702850526	-0.0428702850526	-0.0428702850526	-0.0428702850526	-0.0428702850526	
4.21666666667	95.5395458745	95.7246958762	95.909845878	96.0949958797	96.2801458814	96.4652958832	96.6504458849	96.8355958866	97.0207458884	97.2058958901	9.9507546097e-08	1.31079023953e-07	7.68155627025e-07	1.1772496234e-06	2.38614595968e-06	3.32407202035e-06	5.11610641023e-06	6.65842256217e-06	8.94291666275e-06	1.10850077452e-05	1.70518377313e-07	3.44086738914e-06	2.20952736991e-06	6.52928071806e-06	5.06576317516e-06	9.67882459139e-06	8.33008985951e-06	1.23386123641e-05	1.15694899402e-05	1.56733934809e-05	107.713856577	107.704139274	107.694421972	107.684704669	107.674987367	107.665270064	107.655552762	107.645835459	107.636118157	107.626400854	-6.95262327354	-6.72609460134	-6.49956592914	-6.27303725694	-6.04650858474	-5.81997991254	-5.59345124034	-5.36692256814	-5.14039389594	-4.91386522374	-0.0428702850526	-0.0428702850526	-0.0428702850526	-0.0428702850526	-0.0428702850526	-0.0428702850526	-0.0428702850526	-0.0428702850526	-0.0428702850526	-0.0428702850526	
4.23333333333	95.5395458745	95.7246958762	95.909845878	96.0949958797	96.2801458814	96.4652958832	96.6504458849	96.8355958866	97.0207458884	97.2058958901	9.9507546097e-08	1.31079023953e-07	7.68155627025e-07	1.1772496234e-06	2.38614595968e-06	3.32407202035e-06	5.11610641023e-06	6.65842256217e-06	8.94291666275e-06	1.10850077452e-05	1.70518377313e-07	3.44086738914e-06	2.20952736991e-06	6.52928071806e-06	5.06576317516e-06	9.67882459139e-06	8.33008985951e-06	1.23386123641e-05	1.15694899402e-05	1.56733934809e-05	107.713856577	107.704139274	107.694421972	107.684704669	107.674987367	107.665270064	107.655552762	107.645835459	107.636118157	107.626400854	-6.95262327354	-6.72609460134	-6.49956592914	-6.27303725694	-6.04650858474	-5.81997991254	-5.59345124034	-5.36692256814	-5.14039389594	-4.91386522374	-0.0428702850526	-0.0428702850526	-0.0428702850526	-0.0428702850526	-0.0428702850526	-0.0428702850526	-0.0428702850526	-0.0428702850526	-0.0428702850526	-0.0428702850526	
4.25	95.5395458745	95.7246958762	95.909845878	96.0949958797	96.2801458814	96.4652958832	96.6504458849	96.8355958866	97.0207458884	97.2058958901	9.9507546097e-08	1.31079023953e-07	7.68155627025e-07	1.1772496234e-06	2.38614595968e-06	3.32407202035e-06	5.11610641023e-06	6.65842256217e-06	8.94291666275e-06	1.10850077452e-05	1.70518377313e-07	3.44086738914e-06	2.20952736991e-06	6.52928071806e-06	5.06576317516e-06	9.67882459139e-06	8.33008985951e-06	1.23386123641e-05	1.15694899402e-05	1.56733934809e-05	107.713856577	107.704139274	107.694421972	107.684704669	107.674987367	107.665270064	107.655552762	107.645835459	107.636118157	107.626400854	-6.95262327354	-6.72609460134	-6.49956592914	-6.27303725694	-6.04650858474	-5.81997991254	-5.59345124034	-5.36692256814	-5.14039389594	-4.91386522374	-0.0428702850526	-0.0428702850526	-0.0428702850526	-0.0428702850526	-0.0428702850526	-0.0428702850526	-0.0428702850526	-0.0428702850526	-0.0428702850526	-0.0428702850526	
4.26666666667	95.5395458745	95.7246958762	95.909845878	96.0949958797	96.2801458814	96.4652958832	96.6504458849	96.8355958866	97.0207458884	97.2058958901	9.9507546097e-08	1.31079023953e-07	7.68155627025e-07	1.1772496234e-06	2.38614595968e-06	3.32407202035e-06	5.11610641023e-06	6.65842256217e-06	8.94291666275e-06	1.10850077452e-05	1.70518377313e-07	3.44086738914e-06	2.20952736991e-06	6.52928071806e-06	5.06576317516e-06	9.67882459139e-06	8.33008985951e-06	1.23386123641e-05	1.15694899402e-05	1.56733934809e-05	107.713856577	107.704139274	107.694421972	107.684704669	107.674987367	107.665270064	107.655552762	107.645835459	107.636118157	107.626400854	-6.95262327354	-6.72609460134	-6.49956592914	-6.27303725694	-6.04650858474	-5.81997991254	-5.59345124034	-5.36692256814	-5.14039389594	-4.91386522374	-0.0428702850526	-0.0428702850526	-0.0428702850526	-0.0428702850526	-0.0428702850526	-0.0428702850526	-0.0428702850526	-0.0428702850526	-0.0428702850526	-0.0428702850526	
4.28333333333	95.5395458745	95.7246958762	95.909845878	96.0949958797	96.2801458814	96.4652958832	96.6504458849	96.8355958866	97.0207458884	97.2058958901	9.9507546097e-08	1.31079023953e-07	7.68155627025e-07	1.1772496234e-06	2.38614595968e-06	3.32407202035e-06	5.11610641023e-06	6.65842256217e-06	8.94291666275e-06	1.10850077452e-05	1.70518377313e-07	3.44086738914e-06	2.20952736991e-06	6.52928071806e-06	5.06576317516e-06	9.67882459139e-06	8.33008985951e-06	1.23386123641e-05	1.15694899402e-05	1.56733934809e-05	107.713856577	107.704139274	107.694421972	107.684704669	107.674987367	107.665270064	107.655552762	107.645835459	107.636118157	107.626400854	-6.95262327354	-6.72609460134	-6.49956592914	-6.27303725694	-6.04650858474	-5.81997991254	-5.59345124034	-5.36692256814	-5.14039389594	-4.91386522374	-0.0428702850526	-0.0428702850526	-0.0428702850526	-0.0428702850526	-0.0428702850526	-0.0428702850526	-0.0428702850526	-0.0428702850526	-0.0428702850526	-0.0428702850526	
4.3	95.6468267099	95.7633067116	95.8797867133	95.9962667151	96.1127467168	96.2292267186	96.3457067203	96.462186722	96.5786667238	96.6951467255	1.37853050532e-06	1.5239554572e-06	1.87610899499e-06	2.32244295741e-06	3.01470287665e-06	3.74585720755e-06	4.72116142455e-06	5.66910837288e-06	6.9150138744e-06	8.11960146411e-06	1.24849716433e-06	3.02329612409e-06	3.8318505816e-06	5.94316542669e-06	6.27708035694e-06	8.37314734236e-06	8.13828068484e-06	1.069630394e-05	1.03415828616e-05	1.31202353614e-05	107.735554982	107.773223675	107.810892369	107.848561063	107.886229757	107.923898451	107.961567144	107.999235838	108.036904532	108.074573226	-6.72514820831	-6.55559210755	-6.38603600679	-6.21647990603	-6.04692380526	-5.8773677045	-5.70781160374	-5.53825550298	-5.36869940221	-5.19914330145	0.218610271846	0.218610271846	0.218610271846	0.218610271846	0.218610271846	0.218610271846	0.218610271846	0.218610271846	0.218610271846	0.218610271846	
4.31666666667	95.6468267099	95.7633067116	95.8797867133	95.9962667151	96.1127467168	96.2292267186	96.3457067203	96.462186722	96.5786667238	96.6951467255	1.37853050532e-06	1.5239554572e-06	1.87610899499e-06	2.32244295741e-06	3.01470287665e-06	3.74585720755e-06	4.72116142455e-06	5.66910837288e-06	6.9150138744e-06	8.11960146411e-06	1.24849716433e-06	3.02329612409e-06	3.8318505816e-06	5.94316542669e-06	6.27708035694e-06	8.37314734236e-06	8.13828068484e-06	1.069630394e-05	1.03415828616e-05	1.31202353614e-05	107.735554982	107.773223675	107.810892369	107.848561063	107.886229757	107.923898451	107.961567144	107.999235838	108.036904532	108.074573226	-6.72514820831	-6.55559210755	-6.38603600679	-6.21647990603	-6.04692380526	-5.8773677045	-5.70781160374	-5.53825550298	-5.36869940221	-5.19914330145	0.218610271846	0.218610271846	0.218610271846	0.218610271846	0.218610271846	0.218610271846	0.218610271846	0.218610271846	0.218610271846	0.218610271846	
4.33333333333	95.6468267099	95.7633067116	95.8797867133	95.9962667151	96.1127467168	96.2292267186	96.3457067203	96.462186722	96.5786667238	96.6951467255	1.37853050532e-06	1.5239554572e-06	1.87610899499e-06	2.32244295741e-06	3.01470287665e-06	3.74585720755e-06	4.72116142455e-06	5.66910837288e-06	6.9150138744e-06	8.11960146411e-06	1.24849716433e-06	3.02329612409e-06	3.8318505816e-06	5.94316542669e-06	6.27708035694e-06	8.37314734236e-06	8.13828068484e-06	1.069630394e-05	1.03415828616e-05	1.31202353614e-05	107.735554982	107.773223675	107.810892369	107.848561063	107.886229757	107.923898451	107.961567144	107.999235838	108.036904532	108.074573226	-6.72514820831	-6.55559210755	-6.38603600679	-6.21647990603	-6.04692380526	-5.8773677045	-5.70781160374	-5.53825550298	-5.36869940221	-5.19914330145	0.218610271846	0.218610271846	0.218610271846	0.218610271846	0.218610271846	0.218610271846	0.218610271846	0.218610271846	0.218610271846	0.218610271846	
4.35	95.6468267099	95.7633067116	95.8797867133	95.9962667151	96.1127467168	96.2292267186	96.3457067203	96.462186722	96.5786667238	96.6951467255	1.37853050532e-06	1.5239554572e-06	1.87610899499e-06	2.32244295741e-06	3.01470287665e-06	3.74585720755e-06	4.72116142455e-06	5.66910837288e-06	6.9150138744e-06	8.11960146411e-06	1.24849716433e-06	3.02329612409e-06	3.8318505816e-06	5.94316542669e-06	6.27708035694e-06	8.37314734236e-06	8.13828068484e-06	1.069630394e-05	1.03415828616e-05	1.31202353614e-05	107.735554982	107.773223675	107.810892369	107.848561063	107.886229757	107.923898451	107.961567144	107.999235838	108.036904532	108.074573226	-6.72514820831	-6.55559210755	-6.38603600679	-6.21647990603	-6.04692380526	-5.8773677045	-5.70781160374	-5.53825550298	-5.36869940221	-5.19914330145	0.218610271846	0.218610271846	0.218610271846	0.218610271846	0.218610271846	0.218610271846	0.218610271846	0.218610271846	0.218610271846	0.218610271846	
4.36666666667	95.6468267099	95.7633067116	95.8797867133	95.9962667151	96.1127467168	96.2292267186	96.3457067203	96.462186722	96.5786667238	96.6951467255	1.37853050532e-06	1.5239554572e-06	1.87610899499e-06	2.32244295741e-06	3.01470287665e-06	3.74585720755e-06	4.72116142455e-06	5.66910837288e-06	6.9150138744e-06	8.11960146411e-06	1.24849716433e-06	3.02329612409e-06	3.8318505816e-06	5.94316542669e-06	6.27708035694e-06	8.37314734236e-06	8.13828068484e-06	1.069630394e-05	1.03415828616e-05	1.31202353614e-05	107.735554982	107.773223675	107.810892369	107.848561063	107.886229757	107.923898451	107.961567144	107.999235838	108.036904532	108.074573226	-6.72514820831	-6.55559210755	-6.38603600679	-6.21647990603	-6.04692380526	-5.8773677045	-5.70781160374	-5.53825550298	-5.36869940221	-5.19914330145	0.218610271846	0.218610271846	0.218610271846	0.218610271846	0.218610271846	0.218610271846	0.218610271846	0.218610271846	0.218610271846	0.218610271846	
4.38333333333	95.6468267099	95.7633067116	95.8797867133	95.9962667151	96.1127467168	96.2292267186	96.3457067203	96.462186722	96.5786667238	96.6951467255	1.37853050532e-06	1.5239554572e-06	1.87610899499e-06	2.32244295741e-06	3.01470287665e-06	3.74585720755e-06	4.72116142455e-06	5.66910837288e-06	6.9150138744e-06	8.11960146411e-06	1.24849716433e-06	3.02329612409e-06	3.8318505816e-06	5.94316542669e-06	6.27708035694e-06	8.37314734236e-06	8.13828068484e-06	1.069630394e-05	1.03415828616e-05	1.31202353614e-05	107.735554982	107.773223675	107.810892369	107.848561063	107.886229757	107.923898451	107.961567144	107.999235838	108.036904532	108.074573226	-6.72514820831	-6.55559210755	-6.38603600679	-6.21647990603	-6.04692380526	-5.8773677045	-5.70781160374	-5.53825550298	-5.36869940221	-5.19914330145	0.218610271846	0.218610271846	0.218610271846	0.218610271846	0.218610271846	0.218610271846	0.218610271846	0.218610271846	0.218610271846	0.218610271846	
4.4	95.6468267099	95.7633067116	95.8797867133	95.9962667151	96.1127467168	96.2292267186	96.3457067203	96.462186722	96.5786667238	96.6951467255	1.37853050532e-06	1.5239554572e-06	1.87610899499e-06	2.32244295741e-06	3.01470287665e-06	3.74585720755e-06	4.72116142455e-06	5.66910837288e-06	6.9150138744e-06	8.11960146411e-06	1.24849716433e-06	3.02329612409e-06	3.8318505816e-06	5.94316542669e-06	6.27708035694e-06	8.37314734236e-06	8.13828068484e-06	1.069630394e-05	1.03415828616e-05	1.31202353614e-05	107.735554982	107.773223675	107.810892369	107.848561063	107.886229757	107.923898451	107.961567144	107.999235838	108.036904532	108.074573226	-6.72514820831	-6.55559210755	-6.38603600679	-6.21647990603	-6.04692380526	-5.8773677045	-5.70781160374	-5.53825550298	-5.36869940221	-5.19914330145	0.218610271846	0.218610271846	0.218610271846	0.218610271846	0.218610271846	0.218610271846	0.218610271846	0.218610271846	0.218610271846	0.218610271846	
4.41666666667	95.6468267099	95.7633067116	95.8797867133	95.9962667151	96.1127467168	96.2292267186	96.3457067203	96.462186722	96.5786667238	96.6951467255	1.37853050532e-06	1.5239554572e-06	1.87610899499e-06	2.32244295741e-06	3.01470287665e-06	3.74585720755e-06	4.72116142455e-06	5.66910837288e-06	6.9150138744e-06	8.11960146411e-06	1.24849716433e-06	3.02329612409e-06	3.8318505816e-06	5.94316542669e-06	6.27708035694e-06	8.37314734236e-06	8.13828068484e-06	1.069630394e-05	1.03415828616e-05	1.31202353614e-05	107.735554982	107.773223675	107.810892369	107.848561063	107.886229757	107.923898451	107.961567144	107.999235838	108.036904532	108.074573226	-6.72514820831	-6.55559210755	-6.38603600679	-6.21647990603	-6.04692380526	-5.8773677045	-5.70781160374	-5.53825550298	-5.36869940221	-5.19914330145	0.218610271846	0.218610271846	0.218610271846	0.218610271846	0.218610271846	0.218610271846	0.218610271846	0.218610271846	0.218610271846	0.218610271846	
4.43333333333	95.6468267099	95.7633067116	95.8797867133	95.9962667151	96.1127467168	96.2292267186	96.3457067203	96.462186722	96.5786667238	96.6951467255	1.37853050532e-06	1.5239554572e-06	1.87610899499e-06	2.32244295741e-06	3.01470287665e-06	3.74585720755e-06	4.72116142455e-06	5.66910837288e-06	6.9150138744e-06	8.11960146411e-06	1.24849716433e-06	3.02329612409e-06	3.8318505816e-06	5.94316542669e-06	6.27708035694e-06	8.37314734236e-06	8.13828068484e-06	1.069630394e-05	1.03415828616e-05	1.31202353614e-05	107.735554982	107.773223675	107.810892369	107.848561063	107.886229757	107.923898451	107.961567144	107.999235838	108.036904532	108.074573226	-6.72514820831	-6.55559210755	-6.38603600679	-6.21647990603	-6.04692380526	-5.8773677045	-5.70781160374	-5.53825550298	-5.36869940221	-5.19914330145	0.218610271846	0.218610271846	0.218610271846	0.218610271846	0.218610271846	0.218610271846	0.218610271846	0.218610271846	0.218610271846	0.218610271846	
4.45	95.6468267099	95.7633067116	95.8797867133	95.9962667151	96.1127467168	96.2292267186	96.3457067203	96.462186722	96.5786667238	96.6951467255	1.37853050532e-06	1.5239554572e-06	1.87610899499e-06	2.32244295741e-06	3.01470287665e-06	3.74585720755e-06	4.72116142455e-06	5.66910837288e-06	6.9150138744e-06	8.11960146411e-06	1.24849716433e-06	3.02329612409e-06	3.8318505816e-06	5.94316542669e-06	6.27708035694e-06	8.37314734236e-06	8.13828068484e-06	1.069630394e-05	1.03415828616e-05	1.31202353614e-05	107.735554982	107.773223675	107.810892369	107.848561063	107.886229757	107.923898451	107.961567144	107.999235838	108.036904532	108.074573226	-6.72514820831	-6.55559210755	-6.38603600679	-6.21647990603	-6.04692380526	-5.8773677045	-5.70781160374	-5.53825550298	-5.36869940221	-5.19914330145	0.218610271846	0.218610271846	0.218610271846	0.218610271846	0.218610271846	0.218610271846	0.218610271846	0.218610271846	0.218610271846	0.218610271846	
4.46666666667	95.6468267099	95.7633067116	95.8797867133	95.9962667151	96.1127467168	96.2292267186	96.3457067203	96.462186722	96.5786667238	96.6951467255	1.37853050532e-06	1.5239554572e-06	1.87610899499e-06	2.32244295741e-06	3.01470287665e-06	3.74585720755e-06	4.72116142455e-06	5.66910837288e-06	6.9150138744e-06	8.11960146411e-06	1.24849716433e-06	3.02329612409e-06	3.8318505816e-06	5.94316542669e-06	6.27708035694e-06	8.37314734236e-06	8.13828068484e-06	1.069630394e-05	1.03415828616e-05	1.31202353614e-05	107.735554982	107.773223675	107.810892369	107.848561063	107.886229757	107.923898451	107.961567144	107.999235838	108.036904532	108.074573226	-6.72514820831	-6.55559210755	-6.38603600679	-6.21647990603	-6.04692380526	-5.8773677045	-5.70781160374	-5.53825550298	-5.36869940221	-5.19914330145	0.218610271846	0.218610271846	0.218610271846	0.218610271846	0.218610271846	0.218610271846	0.218610271846	0.218610271846	0.218610271846	0.218610271846	
4.48333333333	95.6468267099	95.7633067116	95.8797867133	95.9962667151	96.1127467168	96.2292267186	96.3457067203	96.462186722	96.5786667238	96.6951467255	1.37853050532e-06	1.5239554572e-06	1.87610899499e-06	2.32244295741e-06	3.01470287665e-06	3.74585720755e-06	4.72116142455e-06	5.66910837288e-06	6.9150138744e-06	8.11960146411e-06	1.24849716433e-06	3.02329612409e-06	3.8318505816e-06	5.94316542669e-06	6.27708035694e-06	8.37314734236e-06	8.13828068484e-06	1.069630394e-05	1.03415828616e-05	1.31202353614e-05	107.735554982	107.773223675	107.810892369	107.848561063	107.886229757	107.923898451	107.961567144	107.999235838	108.036904532	108.074573226	-6.72514820831	-6.55559210755	-6.38603600679	-6.21647990603	-6.04692380526	-5.8773677045	-5.70781160374	-5.53825550298	-5.36869940221	-5.19914330145	0.218610271846	0.218610271846	0.218610271846	0.218610271846	0.218610271846	0.218610271846	0.218610271846	0.218610271846	0.218610271846	0.218610271846	
4.5	95.6468267099	95.7633067116	95.8797867133	95.9962667151	96.1127467168	96.2292267186	96.3457067203	96.462186722	96.5786667238	96.6951467255	1.37853050532e-06	1.5239554572e-06	1.87610899499e-06	2.32244295741e-06	3.01470287665e-06	3.74585720755e-06	4.72116142455e-06	5.66910837288e-06	6.9150138744e-06	8.11960146411e-06	1.24849716433e-06	3.02329612409e-06	3.8318505816e-06	5.94316542669e-06	6.27708035694e-06	8.37314734236e-06	8.13828068484e-06	1.069630394e-05	1.03415828616e-05	1.31202353614e-05	107.735554982	107.773223675	107.810892369	107.848561063	107.886229757	107.923898451	107.961567144	107.999235838	108.036904532	108.074573226	-6.72514820831	-6.55559210755	-6.38603600679	-6.21647990603	-6.04692380526	-5.8773677045	-5.70781160374	-5.53825550298	-5.36869940221	-5.19914330145	0.218610271846	0.218610271846	0.218610271846	0.218610271846	0.218610271846	0.218610271846	0.218610271846	0.218610271846	0.218610271846	0.218610271846	
4.51666666667	95.6468267099	95.7633067116	95.8797867133	95.9962667151	96.1127467168	96.2292267186	96.3457067203	96.462186722	96.5786667238	96.6951467255	1.37853050532e-06	1.5239554572e-06	1.87610899499e-06	2.32244295741e-06	3.01470287665e-06	3.74585720755e-06	4.72116142455e-06	5.66910837288e-06	6.9150138744e-06	8.11960146411e-06	1.24849716433e-06	3.02329612409e-06	3.8318505816e-06	5.94316542669e-06	6.27708035694e-06	8.37314734236e-06	8.13828068484e-06	1.069630394e-05	1.03415828616e-05	1.31202353614e-05	107.735554982	107.773223675	107.810892369	107.848561063	107.886229757	107.923898451	107.961567144	107.999235838	108.036904532	108.074573226	-6.72514820831	-6.55559210755	-6.38603600679	-6.21647990603	-6.04692380526	-5.8773677045	-5.70781160374	-5.53825550298	-5.36869940221	-5.19914330145	0.218610271846	0.218610271846	0.218610271846	0.218610271846	0.218610271846	0.218610271846	0.218610271846	0.218610271846	0.218610271846	0.218610271846	
4.53333333333	95.6468267099	95.7633067116	95.8797867133	95.9962667151	96.1127467168	96.2292267186	96.3457067203	96.462186722	96.5786667238	96.6951467255	1.37853050532e-06	1.5239554572e-06	1.87610899499e-06	2.32244295741e-06	3.01470287665e-06	3.74585720755e-06	4.72116142455e-06	5.66910837288e-06	6.9150138744e-06	8.11960146411e-06	1.24849716433e-06	3.02329612409e-06	3.8318505816e-06	5.94316542669e-06	6.27708035694e-06	8.37314734236e-06	8.13828068484e-06	1.069630394e-05	1.03415828616e-05	1.31202353614e-05	107.735554982	107.773223675	107.810892369	107.848561063	107.886229757	107.923898451	107.961567144	107.999235838	108.036904532	108.074573226	-6.72514820831	-6.55559210755	-6.38603600679	-6.21647990603	-6.04692380526	-5.8773677045	-5.70781160374	-5.53825550298	-5.36869940221	-5.19914330145	0.218610271846	0.218610271846	0.218610271846	0.218610271846	0.218610271846	0.218610271846	0.218610271846	0.218610271846	0.218610271846	0.218610271846	
4.55	95.6468267099	95.7633067116	95.8797867133	95.9962667151	96.1127467168	96.2292267186	96.3457067203	96.462186722	96.5786667238	96.6951467255	1.37853050532e-06	1.5239554572e-06	1.87610899499e-06	2.32244295741e-06	3.01470287665e-06	3.74585720755e-06	4.72116142455e-06	5.66910837288e-06	6.9150138744e-06	8.11960146411e-06	1.24849716433e-06	3.02329612409e-06	3.8318505816e-06	5.94316542669e-06	6.27708035694e-06	8.37314734236e-06	8.13828068484e-06	1.069630394e-05	1.03415828616e-05	1.31202353614e-05	107.735554982	107.773223675	107.810892369	107.848561063	107.886229757	107.923898451	107.961567144	107.999235838	108.036904532	108.074573226	-6.72514820831	-6.55559210755	-6.38603600679	-6.21647990603	-6.04692380526	-5.8773677045	-5.70781160374	-5.53825550298	-5.36869940221	-5.19914330145	0.218610271846	0.218610271846	0.218610271846	0.218610271846	0.218610271846	0.218610271846	0.218610271846	0.218610271846	0.218610271846	0.218610271846	
4.56666666667	95.6468267099	95.7633067116	95.8797867133	95.9962667151	96.1127467168	96.2292267186	96.3457067203	96.462186722	96.5786667238	96.6951467255	1.37853050532e-06	1.5239554572e-06	1.87610899499e-06	2.32244295741e-06	3.01470287665e-06	3.74585720755e-06	4.72116142455e-06	5.66910837288e-06	6.9150138744e-06	8.11960146411e-06	1.24849716433e-06	3.02329612409e-06	3.8318505816e-06	5.94316542669e-06	6.27708035694e-06	8.37314734236e-06	8.13828068484e-06	1.069630394e-05	1.03415828616e-05	1.31202353614e-05	107.735554982	107.773223675	107.810892369	107.848561063	107.886229757	107.923898451	107.961567144	107.999235838	108.036904532	108.074573226	-6.72514820831	-6.55559210755	-6.38603600679	-6.21647990603	-6.04692380526	-5.8773677045	-5.70781160374	-5.53825550298	-5.36869940221	-5.19914330145	0.218610271846	0.218610271846	0.218610271846	0.218610271846	0.218610271846	0.218610271846	0.218610271846	0.218610271846	0.218610271846	0.218610271846	
4.58333333333	95.6468267099	95.7633067116	95.8797867133	95.9962667151	96.1127467168	96.2292267186	96.3457067203	96.462186722	96.5786667238	96.6951467255	1.37853050532e-06	1.5239554572e-06	1.87610899499e-06	2.32244295741e-06	3.01470287665e-06	3.74585720755e-06	4.72116142455e-06	5.66910837288e-06	6.9150138744e-06	8.11960146411e-06	1.24849716433e-06	3.02329612409e-06	3.8318505816e-06	5.94316542669e-06	6.27708035694e-06	8.37314734236e-06	8.13828068484e-06	1.069630394e-05	1.03415828616e-05	1.31202353614e-05	107.735554982	107.773223675	107.810892369	107.848561063	107.886229757	107.923898451	107.961567144	107.999235838	108.036904532	108.074573226	-6.72514820831	-6.55559210755	-6.38603600679	-6.21647990603	-6.04692380526	-5.8773677045	-5.70781160374	-5.53825550298	-5.36869940221	-5.19914330145	0.218610271846	0.218610271846	0.218610271846	0.218610271846	0.218610271846	0.218610271846	0.218610271846	0.218610271846	0.218610271846	0.218610271846	
4.6	95.6468267099	95.7633067116	95.8797867133	95.9962667151	96.1127467168	96.2292267186	96.3457067203	96.462186722	96.5786667238	96.6951467255	1.37853050532e-06	1.5239554572e-06	1.87610899499e-06	2.32244295741e-06	3.01470287665e-06	3.74585720755e-06	4.72116142455e-06	5.66910837288e-06	6.9150138744e-06	8.11960146411e-06	1.24849716433e-06	3.02329612409e-06	3.8318505816e-06	5.94316542669e-06	6.27708035694e-06	8.37314734236e-06	8.13828068484e-06	1.069630394e-05	1.03415828616e-05	1.31202353614e-05	107.735554982	107.773223675	107.810892369	107.848561063	107.886229757	107.923898451	107.961567144	107.999235838	108.036904532	108.074573226	-6.72514820831	-6.55559210755	-6.38603600679	-6.21647990603	-6.04692380526	-5.8773677045	-5.70781160374	-5.53825550298	-5.36869940221	-5.19914330145	0.218610271846	0.218610271846	0.218610271846	0.218610271846	0.218610271846	0.218610271846	0.218610271846	0.218610271846	0.218610271846	0.218610271846	
4.61666666667	95.6468267099	95.7633067116	95.8797867133	95.9962667151	96.1127467168	96.2292267186	96.3457067203	96.462186722	96.5786667238	96.6951467255	1.37853050532e-06	1.5239554572e-06	1.87610899499e-06	2.32244295741e-06	3.01470287665e-06	3.74585720755e-06	4.72116142455e-06	5.66910837288e-06	6.9150138744e-06	8.11960146411e-06	1.24849716433e-06	3.02329612409e-06	3.8318505816e-06	5.94316542669e-06	6.27708035694e-06	8.37314734236e-06	8.13828068484e-06	1.069630394e-05	1.03415828616e-05	1.31202353614e-05	107.735554982	107.773223675	107.810892369	107.848561063	107.886229757	107.923898451	107.961567144	107.999235838	108.036904532	108.074573226	-6.72514820831	-6.55559210755	-6.38603600679	-6.21647990603	-6.04692380526	-5.8773677045	-5.70781160374	-5.53825550298	-5.36869940221	-5.19914330145	0.218610271846	0.218610271846	0.218610271846	0.218610271846	0.218610271846	0.218610271846	0.218610271846	0.218610271846	0.218610271846	0.218610271846	
4.63333333333	95.6468267099	95.7633067116	95.8797867133	95.9962667151	96.1127467168	96.2292267186	96.3457067203	96.462186722	96.5786667238	96.6951467255	1.37853050532e-06	1.5239554572e-06	1.87610899499e-06	2.32244295741e-06	3.01470287665e-06	3.74585720755e-06	4.72116142455e-06	5.66910837288e-06	6.9150138744e-06	8.11960146411e-06	1.24849716433e-06	3.02329612409e-06	3.8318505816e-06	5.94316542669e-06	6.27708035694e-06	8.37314734236e-06	8.13828068484e-06	1.069630394e-05	1.03415828616e-05	1.31202353614e-05	107.735554982	107.773223675	107.810892369	107.848561063	107.886229757	107.923898451	107.961567144	107.999235838	108.036904532	108.074573226	-6.72514820831	-6.55559210755	-6.38603600679	-6.21647990603	-6.04692380526	-5.8773677045	-5.70781160374	-5.53825550298	-5.36869940221	-5.19914330145	0.218610271846	0.218610271846	0.218610271846	0.218610271846	0.218610271846	0.218610271846	0.218610271846	0.218610271846	0.218610271846	0.218610271846	
4.65	95.6468267099	95.7633067116	95.8797867133	95.9962667151	96.1127467168	96.2292267186	96.3457067203	96.462186722	96.5786667238	96.6951467255	1.37853050532e-06	1.5239554572e-06	1.87610899499e-06	2.32244295741e-06	3.01470287665e-06	3.74585720755e-06	4.72116142455e-06	5.66910837288e-06	6.9150138744e-06	8.11960146411e-06	1.24849716433e-06	3.02329612409e-06	3.8318505816e-06	5.94316542669e-06	6.27708035694e-06	8.37314734236e-06	8.13828068484e-06	1.069630394e-05	1.03415828616e-05	1.31202353614e-05	107.735554982	107.773223675	107.810892369	107.848561063	107.886229757	107.923898451	107.961567144	107.999235838	108.036904532	108.074573226	-6.72514820831	-6.55559210755	-6.38603600679	-6.21647990603	-6.04692380526	-5.8773677045	-5.70781160374	-5.53825550298	-5.36869940221	-5.19914330145	0.218610271846	0.218610271846	0.218610271846	0.218610271846	0.218610271846	0.218610271846	0.218610271846	0.218610271846	0.218610271846	0.218610271846	
4.66666666667	95.6468267099	95.7633067116	95.8797867133	95.9962667151	96.1127467168	96.2292267186	96.3457067203	96.462186722	96.5786667238	96.6951467255	1.37853050532e-06	1.5239554572e-06	1.87610899499e-06	2.32244295741e-06	3.01470287665e-06	3.74585720755e-06	4.72116142455e-06	5.66910837288e-06	6.9150138744e-06	8.11960146411e-06	1.24849716433e-06	3.02329612409e-06	3.8318505816e-06	5.94316542669e-06	6.27708035694e-06	8.37314734236e-06	8.13828068484e-06	1.069630394e-05	1.03415828616e-05	1.31202353614e-05	107.735554982	107.773223675	107.810892369	107.848561063	107.886229757	107.923898451	107.961567144	107.999235838	108.036904532	108.074573226	-6.72514820831	-6.55559210755	-6.38603600679	-6.21647990603	-6.04692380526	-5.8773677045	-5.70781160374	-5.53825550298	-5.36869940221	-5.19914330145	0.218610271846	0.218610271846	0.218610271846	0.218610271846	0.218610271846	0.218610271846	0.218610271846	0.218610271846	0.218610271846	0.218610271846	
4.68333333333	95.6468267099	95.7633067116	95.8797867133	95.9962667151	96.1127467168	96.2292267186	96.3457067203	96.462186722	96.5786667238	96.6951467255	1.37853050532e-06	1.5239554572e-06	1.87610899499e-06	2.32244295741e-06	3.01470287665e-06	3.74585720755e-06	4.72116142455e-06	5.66910837288e-06	6.9150138744e-06	8.11960146411e-06	1.24849716433e-06	3.02329612409e-06	3.8318505816e-06	5.94316542669e-06	6.27708035694e-06	8.37314734236e-06	8.13828068484e-06	1.069630394e-05	1.03415828616e-05	1.31202353614e-05	107.735554982	107.773223675	107.810892369	107.848561063	107.886229757	107.923898451	107.961567144	107.999235838	108.036904532	108.074573226	-6.72514820831	-6.55559210755	-6.38603600679	-6.21647990603	-6.04692380526	-5.8773677045	-5.70781160374	-5.53825550298	-5.36869940221	-5.19914330145	0.218610271846	0.218610271846	0.218610271846	0.218610271846	0.218610271846	0.218610271846	0.218610271846	0.218610271846	0.218610271846	0.218610271846	
4.7	95.6468267099	95.7633067116	95.8797867133	95.9962667151	96.1127467168	96.2292267186	96.3457067203	96.462186722	96.5786667238	96.6951467255	1.37853050532e-06	1.5239554572e-06	1.87610899499e-06	2.32244295741e-06	3.01470287665e-06	3.74585720755e-06	4.72116142455e-06	5.66910837288e-06	6.9150138744e-06	8.11960146411e-06	1.24849716433e-06	3.02329612409e-06	3.8318505816e-06	5.94316542669e-06	6.27708035694e-06	8.37314734236e-06	8.13828068484e-06	1.069630394e-05	1.03415828616e-05	1.31202353614e-05	107.735554982	107.773223675	107.810892369	107.848561063	107.886229757	107.923898451	107.961567144	107.999235838	108.036904532	108.074573226	-6.72514820831	-6.55559210755	-6.38603600679	-6.21647990603	-6.04692380526	-5.8773677045	-5.70781160374	-5.53825550298	-5.36869940221	-5.19914330145	0.218610271846	0.218610271846	0.218610271846	0.218610271846	0.218610271846	0.218610271846	0.218610271846	0.218610271846	0.218610271846	0.218610271846	
4.71666666667	95.6468267099	95.7633067116	95.8797867133	95.9962667151	96.1127467168	96.2292267186	96.3457067203	96.462186722	96.5786667238	96.6951467255	1.37853050532e-06	1.5239554572e-06	1.87610899499e-06	2.32244295741e-06	3.01470287665e-06	3.74585720755e-06	4.72116142455e-06	5.66910837288e-06	6.9150138744e-06	8.11960146411e-06	1.24849716433e-06	3.02329612409e-06	3.8318505816e-06	5.94316542669e-06	6.27708035694e-06	8.37314734236e-06	8.13828068484e-06	1.069630394e-05	1.03415828616e-05	1.31202353614e-05	107.735554982	107.773223675	107.810892369	107.848561063	107.886229757	107.923898451	107.961567144	107.999235838	108.036904532	108.074573226	-6.72514820831	-6.55559210755	-6.38603600679	-6.21647990603	-6.04692380526	-5.8773677045	-5.70781160374	-5.53825550298	-5.36869940221	-5.19914330145	0.218610271846	0.218610271846	0.218610271846	0.218610271846	0.218610271846	0.218610271846	0.218610271846	0.218610271846	0.218610271846	0.218610271846	
4.73333333333	95.6468267099	95.7633067116	95.8797867133	95.9962667151	96.1127467168	96.2292267186	96.3457067203	96.462186722	96.5786667238	96.6951467255	1.37853050532e-06	1.5239554572e-06	1.87610899499e-06	2.32244295741e-06	3.01470287665e-06	3.74585720755e-06	4.72116142455e-06	5.66910837288e-06	6.9150138744e-06	8.11960146411e-06	1.24849716433e-06	3.02329612409e-06	3.8318505816e-06	5.94316542669e-06	6.27708035694e-06	8.37314734236e-06	8.13828068484e-06	1.069630394e-05	1.03415828616e-05	1.31202353614e-05	107.735554982	107.773223675	107.810892369	107.848561063	107.886229757	107.923898451	107.961567144	107.999235838	108.036904532	108.074573226	-6.72514820831	-6.55559210755	-6.38603600679	-6.21647990603	-6.04692380526	-5.8773677045	-5.70781160374	-5.53825550298	-5.36869940221	-5.19914330145	0.218610271846	0.218610271846	0.218610271846	0.218610271846	0.218610271846	0.218610271846	0.218610271846	0.218610271846	0.218610271846	0.218610271846	
4.75	95.6468267099	95.7633067116	95.8797867133	95.9962667151	96.1127467168	96.2292267186	96.3457067203	96.462186722	96.5786667238	96.6951467255	1.37853050532e-06	1.5239554572e-06	1.87610899499e-06	2.32244295741e-06	3.01470287665e-06	3.74585720755e-06	4.72116142455e-06	5.66910837288e-06	6.9150138744e-06	8.11960146411e-06	1.24849716433e-06	3.02329612409e-06	3.8318505816e-06	5.94316542669e-06	6.27708035694e-06	8.37314734236e-06	8.13828068484e-06	1.069630394e-05	1.03415828616e-05	1.31202353614e-05	107.735554982	107.773223675	107.810892369	107.848561063	107.886229757	107.923898451	107.961567144	107.999235838	108.036904532	108.074573226	-6.72514820831	-6.55559210755	-6.38603600679	-6.21647990603	-6.04692380526	-5.8773677045	-5.70781160374	-5.53825550298	-5.36869940221	-5.19914330145	0.218610271846	0.218610271846	0.218610271846	0.218610271846	0.218610271846	0.218610271846	0.218610271846	0.218610271846	0.218610271846	0.218610271846	
4.76666666667	95.6468267099	95.7633067116	95.8797867133	95.9962667151	96.1127467168	96.2292267186	96.3457067203	96.462186722	96.5786667238	96.6951467255	1.37853050532e-06	1.5239554572e-06	1.87610899499e-06	2.32244295741e-06	3.01470287665e-06	3.74585720755e-06	4.72116142455e-06	5.66910837288e-06	6.9150138744e-06	8.11960146411e-06	1.24849716433e-06	3.02329612409e-06	3.8318505816e-06	5.94316542669e-06	6.27708035694e-06	8.37314734236e-06	8.13828068484e-06	1.069630394e-05	1.03415828616e-05	1.31202353614e-05	107.735554982	107.773223675	107.810892369	107.848561063	107.886229757	107.923898451	107.961567144	107.999235838	108.036904532	108.074573226	-6.72514820831	-6.55559210755	-6.38603600679	-6.21647990603	-6.04692380526	-5.8773677045	-5.70781160374	-5.53825550298	-5.36869940221	-5.19914330145	0.218610271846	0.218610271846	0.218610271846	0.218610271846	0.218610271846	0.218610271846	0.218610271846	0.218610271846	0.218610271846	0.218610271846	
4.78333333333	95.6468267099	95.7633067116	95.8797867133	95.9962667151	96.1127467168	96.2292267186	96.3457067203	96.462186722	96.5786667238	96.6951467255	1.37853050532e-06	1.5239554572e-06	1.87610899499e-06	2.32244295741e-06	3.01470287665e-06	3.74585720755e-06	4.72116142455e-06	5.66910837288e-06	6.9150138744e-06	8.11960146411e-06	1.24849716433e-06	3.02329612409e-06	3.8318505816e-06	5.94316542669e-06	6.27708035694e-06	8.37314734236e-06	8.13828068484e-06	1.069630394e-05	1.03415828616e-05	1.31202353614e-05	107.735554982	107.773223675	107.810892369	107.848561063	107.886229757	107.923898451	107.961567144	107.999235838	108.036904532	108.074573226	-6.72514820831	-6.55559210755	-6.38603600679	-6.21647990603	-6.04692380526	-5.8773677045	-5.70781160374	-5.53825550298	-5.36869940221	-5.19914330145	0.218610271846	0.218610271846	0.218610271846	0.218610271846	0.218610271846	0.218610271846	0.218610271846	0.218610271846	0.218610271846	0.218610271846	
4.8	95.6468267099	95.7633067116	95.8797867133	95.9962667151	96.1127467168	96.2292267186	96.3457067203	96.462186722	96.5786667238	96.6951467255	1.37853050532e-06	1.5239554572e-06	1.87610899499e-06	2.32244295741e-06	3.01470287665e-06	3.74585720755e-06	4.72116142455e-06	5.66910837288e-06	6.9150138744e-06	8.11960146411e-06	1.24849716433e-06	3.02329612409e-06	3.8318505816e-06	5.94316542669e-06	6.27708035694e-06	8.37314734236e-06	8.13828068484e-06	1.069630394e-05	1.03415828616e-05	1.31202353614e-05	107.735554982	107.773223675	107.810892369	107.848561063	107.886229757	107.923898451	107.961567144	107.999235838	108.036904532	108.074573226	-6.72514820831	-6.55559210755	-6.38603600679	-6.21647990603	-6.04692380526	-5.8773677045	-5.70781160374	-5.53825550298	-5.36869940221	-5.19914330145	0.218610271846	0.218610271846	0.218610271846	0.218610271846	0.218610271846	0.218610271846	0.218610271846	0.218610271846	0.218610271846	0.218610271846	
4.81666666667	95.6468267099	95.7633067116	95.8797867133	95.9962667151	96.1127467168	96.2292267186	96.3457067203	96.462186722	96.5786667238	96.6951467255	1.37853050532e-06	1.5239554572e-06	1.87610899499e-06	2.32244295741e-06	3.01470287665e-06	3.74585720755e-06	4.72116142455e-06	5.66910837288e-06	6.9150138744e-06	8.11960146411e-06	1.24849716433e-06	3.02329612409e-06	3.8318505816e-06	5.94316542669e-06	6.27708035694e-06	8.37314734236e-06	8.13828068484e-06	1.069630394e-05	1.03415828616e-05	1.31202353614e-05	107.735554982	107.773223675	107.810892369	107.848561063	107.886229757	107.923898451	107.961567144	107.999235838	108.036904532	108.074573226	-6.72514820831	-6.55559210755	-6.38603600679	-6.21647990603	-6.04692380526	-5.8773677045	-5.70781160374	-5.53825550298	-5.36869940221	-5.19914330145	0.218610271846	0.218610271846	0.218610271846	0.218610271846	0.218610271846	0.218610271846	0.218610271846	0.218610271846	0.218610271846	0.218610271846	
4.83333333333	95.6468267099	95.7633067116	95.8797867133	95.9962667151	96.1127467168	96.2292267186	96.3457067203	96.462186722	96.5786667238	96.6951467255	1.37853050532e-06	1.5239554572e-06	1.87610899499e-06	2.32244295741e-06	3.01470287665e-06	3.74585720755e-06	4.72116142455e-06	5.66910837288e-06	6.9150138744e-06	8.11960146411e-06	1.24849716433e-06	3.02329612409e-06	3.8318505816e-06	5.94316542669e-06	6.27708035694e-06	8.37314734236e-06	8.13828068484e-06	1.069630394e-05	1.03415828616e-05	1.31202353614e-05	107.735554982	107.773223675	107.810892369	107.848561063	107.886229757	107.923898451	107.961567144	107.999235838	108.036904532	108.074573226	-6.72514820831	-6.55559210755	-6.38603600679	-6.21647990603	-6.04692380526	-5.8773677045	-5.70781160374	-5.53825550298	-5.36869940221	-5.19914330145	0.218610271846	0.218610271846	0.218610271846	0.218610271846	0.218610271846	0.218610271846	0.218610271846	0.218610271846	0.218610271846	0.218610271846	
4.85	95.6468267099	95.7633067116	95.8797867133	95.9962667151	96.1127467168	96.2292267186	96.3457067203	96.462186722	96.5786667238	96.6951467255	1.37853050532e-06	1.5239554572e-06	1.87610899499e-06	2.32244295741e-06	3.01470287665e-06	3.74585720755e-06	4.72116142455e-06	5.66910837288e-06	6.9150138744e-06	8.11960146411e-06	1.24849716433e-06	3.02329612409e-06	3.8318505816e-06	5.94316542669e-06	6.27708035694e-06	8.37314734236e-06	8.13828068484e-06	1.069630394e-05	1.03415828616e-05	1.31202353614e-05	107.735554982	107.773223675	107.810892369	107.848561063	107.886229757	107.923898451	107.961567144	107.999235838	108.036904532	108.074573226	-6.72514820831	-6.55559210755	-6.38603600679	-6.21647990603	-6.04692380526	-5.8773677045	-5.70781160374	-5.53825550298	-5.36869940221	-5.19914330145	0.218610271846	0.218610271846	0.218610271846	0.218610271846	0.218610271846	0.218610271846	0.218610271846	0.218610271846	0.218610271846	0.218610271846	
4.86666666667	95.6468267099	95.7633067116	95.8797867133	95.9962667151	96.1127467168	96.2292267186	96.3457067203	96.462186722	96.5786667238	96.6951467255	1.37853050532e-06	1.5239554572e-06	1.87610899499e-06	2.32244295741e-06	3.01470287665e-06	3.74585720755e-06	4.72116142455e-06	5.66910837288e-06	6.9150138744e-06	8.11960146411e-06	1.24849716433e-06	3.02329612409e-06	3.8318505816e-06	5.94316542669e-06	6.27708035694e-06	8.37314734236e-06	8.13828068484e-06	1.069630394e-05	1.03415828616e-05	1.31202353614e-05	107.735554982	107.773223675	107.810892369	107.848561063	107.886229757	107.923898451	107.961567144	107.999235838	108.036904532	108.074573226	-6.72514820831	-6.55559210755	-6.38603600679	-6.21647990603	-6.04692380526	-5.8773677045	-5.70781160374	-5.53825550298	-5.36869940221	-5.19914330145	0.218610271846	0.218610271846	0.218610271846	0.218610271846	0.218610271846	0.218610271846	0.218610271846	0.218610271846	0.218610271846	0.218610271846	
4.88333333333	95.6468267099	95.7633067116	95.8797867133	95.9962667151	96.1127467168	96.2292267186	96.3457067203	96.462186722	96.5786667238	96.6951467255	1.37853050532e-06	1.5239554572e-06	1.87610899499e-06	2.32244295741e-06	3.01470287665e-06	3.74585720755e-06	4.72116142455e-06	5.66910837288e-06	6.9150138744e-06	8.11960146411e-06	1.24849716433e-06	3.02329612409e-06	3.8318505816e-06	5.94316542669e-06	6.27708035694e-06	8.37314734236e-06	8.13828068484e-06	1.069630394e-05	1.03415828616e-05	1.31202353614e-05	107.735554982	107.773223675	107.810892369	107.848561063	107.886229757	107.923898451	107.961567144	107.999235838	108.036904532	108.074573226	-6.72514820831	-6.55559210755	-6.38603600679	-6.21647990603	-6.04692380526	-5.8773677045	-5.70781160374	-5.53825550298	-5.36869940221	-5.19914330145	0.218610271846	0.218610271846	0.218610271846	0.218610271846	0.218610271846	0.218610271846	0.218610271846	0.218610271846	0.218610271846	0.218610271846	
4.9	95.6468267099	95.7633067116	95.8797867133	95.9962667151	96.1127467168	96.2292267186	96.3457067203	96.462186722	96.5786667238	96.6951467255	1.37853050532e-06	1.5239554572e-06	1.87610899499e-06	2.32244295741e-06	3.01470287665e-06	3.74585720755e-06	4.72116142455e-06	5.66910837288e-06	6.9150138744e-06	8.11960146411e-06	1.24849716433e-06	3.02329612409e-06	3.8318505816e-06	5.94316542669e-06	6.27708035694e-06	8.37314734236e-06	8.13828068484e-06	1.069630394e-05	1.03415828616e-05	1.31202353614e-05	107.735554982	107.773223675	107.810892369	107.848561063	107.886229757	107.923898451	107.961567144	107.999235838	108.036904532	108.074573226	-6.72514820831	-6.55559210755	-6.38603600679	-6.21647990603	-6.04692380526	-5.8773677045	-5.70781160374	-5.53825550298	-5.36869940221	-5.19914330145	0.218610271846	0.218610271846	0.218610271846	0.218610271846	0.218610271846	0.218610271846	0.218610271846	0.218610271846	0.218610271846	0.218610271846	
4.91666666667	95.6468267099	95.7633067116	95.8797867133	95.9962667151	96.1127467168	96.2292267186	96.3457067203	96.462186722	96.5786667238	96.6951467255	1.37853050532e-06	1.5239554572e-06	1.87610899499e-06	2.32244295741e-06	3.01470287665e-06	3.74585720755e-06	4.72116142455e-06	5.66910837288e-06	6.9150138744e-06	8.11960146411e-06	1.24849716433e-06	3.02329612409e-06	3.8318505816e-06	5.94316542669e-06	6.27708035694e-06	8.37314734236e-06	8.13828068484e-06	1.069630394e-05	1.03415828616e-05	1.31202353614e-05	107.735554982	107.773223675	107.810892369	107.848561063	107.886229757	107.923898451	107.961567144	107.999235838	108.036904532	108.074573226	-6.72514820831	-6.55559210755	-6.38603600679	-6.21647990603	-6.04692380526	-5.8773677045	-5.70781160374	-5.53825550298	-5.36869940221	-5.19914330145	0.218610271846	0.218610271846	0.218610271846	0.218610271846	0.218610271846	0.218610271846	0.218610271846	0.218610271846	0.218610271846	0.218610271846	
4.93333333333	95.6468267099	95.7633067116	95.8797867133	95.9962667151	96.1127467168	96.2292267186	96.3457067203	96.462186722	96.5786667238	96.6951467255	1.37853050532e-06	1.5239554572e-06	1.87610899499e-06	2.32244295741e-06	3.01470287665e-06	3.74585720755e-06	4.72116142455e-06	5.66910837288e-06	6.9150138744e-06	8.11960146411e-06	1.24849716433e-06	3.02329612409e-06	3.8318505816e-06	5.94316542669e-06	6.27708035694e-06	8.37314734236e-06	8.13828068484e-06	1.069630394e-05	1.03415828616e-05	1.31202353614e-05	107.735554982	107.773223675	107.810892369	107.848561063	107.886229757	107.923898451	107.961567144	107.999235838	108.036904532	108.074573226	-6.72514820831	-6.55559210755	-6.38603600679	-6.21647990603	-6.04692380526	-5.8773677045	-5.70781160374	-5.53825550298	-5.36869940221	-5.19914330145	0.218610271846	0.218610271846	0.218610271846	0.218610271846	0.218610271846	0.218610271846	0.218610271846	0.218610271846	0.218610271846	0.218610271846	
4.95	95.6468267099	95.7633067116	95.8797867133	95.9962667151	96.1127467168	96.2292267186	96.3457067203	96.462186722	96.5786667238	96.6951467255	1.37853050532e-06	1.5239554572e-06	1.87610899499e-06	2.32244295741e-06	3.01470287665e-06	3.74585720755e-06	4.72116142455e-06	5.66910837288e-06	6.9150138744e-06	8.11960146411e-06	1.24849716433e-06	3.02329612409e-06	3.8318505816e-06	5.94316542669e-06	6.27708035694e-06	8.37314734236e-06	8.13828068484e-06	1.069630394e-05	1.03415828616e-05	1.31202353614e-05	107.735554982	107.773223675	107.810892369	107.848561063	107.886229757	107.923898451	107.961567144	107.999235838	108.036904532	108.074573226	-6.72514820831	-6.55559210755	-6.38603600679	-6.21647990603	-6.04692380526	-5.8773677045	-5.70781160374	-5.53825550298	-5.36869940221	-5.19914330145	0.218610271846	0.218610271846	0.218610271846	0.218610271846	0.218610271846	0.218610271846	0.218610271846	0.218610271846	0.218610271846	0.218610271846	
4.96666666667	95.6468267099	95.7633067116	95.8797867133	95.9962667151	96.1127467168	96.2292267186	96.3457067203	96.462186722	96.5786667238	96.6951467255	1.37853050532e-06	1.5239554572e-06	1.87610899499e-06	2.32244295741e-06	3.01470287665e-06	3.74585720755e-06	4.72116142455e-06	5.66910837288e-06	6.9150138744e-06	8.11960146411e-06	1.24849716433e-06	3.02329612409e-06	3.8318505816e-06	5.94316542669e-06	6.27708035694e-06	8.37314734236e-06	8.13828068484e-06	1.069630394e-05	1.03415828616e-05	1.31202353614e-05	107.735554982	107.773223675	107.810892369	107.848561063	107.886229757	107.923898451	107.961567144	107.999235838	108.036904532	108.074573226	-6.72514820831	-6.55559210755	-6.38603600679	-6.21647990603	-6.04692380526	-5.8773677045	-5.70781160374	-5.53825550298	-5.36869940221	-5.19914330145	0.218610271846	0.218610271846	0.218610271846	0.218610271846	0.218610271846	0.218610271846	0.218610271846	0.218610271846	0.218610271846	0.218610271846	
4.98333333333	95.6468267099	95.7633067116	95.8797867133	95.9962667151	96.1127467168	96.2292267186	96.3457067203	96.462186722	96.5786667238	96.6951467255	1.37853050532e-06	1.5239554572e-06	1.87610899499e-06	2.32244295741e-06	3.01470287665e-06	3.74585720755e-06	4.72116142455e-06	5.66910837288e-06	6.9150138744e-06	8.11960146411e-06	1.24849716433e-06	3.02329612409e-06	3.8318505816e-06	5.94316542669e-06	6.27708035694e-06	8.37314734236e-06	8.13828068484e-06	1.069630394e-05	1.03415828616e-05	1.31202353614e-05	107.735554982	107.773223675	107.810892369	107.848561063	107.886229757	107.923898451	107.961567144	107.999235838	108.036904532	108.074573226	-6.72514820831	-6.55559210755	-6.38603600679	-6.21647990603	-6.04692380526	-5.8773677045	-5.70781160374	-5.53825550298	-5.36869940221	-5.19914330145	0.218610271846	0.218610271846	0.218610271846	0.218610271846	0.218610271846	0.218610271846	0.218610271846	0.218610271846	0.218610271846	0.218610271846	
5.0	95.6468267099	95.7633067116	95.8797867133	95.9962667151	96.1127467168	96.2292267186	96.3457067203	96.462186722	96.5786667238	96.6951467255	1.37853050532e-06	1.5239554572e-06	1.87610899499e-06	2.32244295741e-06	3.01470287665e-06	3.74585720755e-06	4.72116142455e-06	5.66910837288e-06	6.9150138744e-06	8.11960146411e-06	1.24849716433e-06	3.02329612409e-06	3.8318505816e-06	5.94316542669e-06	6.27708035694e-06	8.37314734236e-06	8.13828068484e-06	1.069630394e-05	1.03415828616e-05	1.31202353614e-05	107.735554982	107.773223675	107.810892369	107.848561063	107.886229757	107.923898451	107.961567144	107.999235838	108.036904532	108.074573226	-6.72514820831	-6.55559210755	-6.38603600679	-6.21647990603	-6.04692380526	-5.8773677045	-5.70781160374	-5.53825550298	-5.36869940221	-5.19914330145	0.218610271846	0.218610271846	0.218610271846	0.218610271846	0.218610271846	0.218610271846	0.218610271846	0.218610271846	0.218610271846	0.218610271846	
5.01666666667	95.6468267099	95.7633067116	95.8797867133	95.9962667151	96.1127467168	96.2292267186	96.3457067203	96.462186722	96.5786667238	96.6951467255	1.37853050532e-06	1.5239554572e-06	1.87610899499e-06	2.32244295741e-06	3.01470287665e-06	3.74585720755e-06	4.72116142455e-06	5.66910837288e-06	6.9150138744e-06	8.11960146411e-06	1.24849716433e-06	3.02329612409e-06	3.8318505816e-06	5.94316542669e-06	6.27708035694e-06	8.37314734236e-06	8.13828068484e-06	1.069630394e-05	1.03415828616e-05	1.31202353614e-05	107.735554982	107.773223675	107.810892369	107.848561063	107.886229757	107.923898451	107.961567144	107.999235838	108.036904532	108.074573226	-6.72514820831	-6.55559210755	-6.38603600679	-6.21647990603	-6.04692380526	-5.8773677045	-5.70781160374	-5.53825550298	-5.36869940221	-5.19914330145	0.218610271846	0.218610271846	0.218610271846	0.218610271846	0.218610271846	0.218610271846	0.218610271846	0.218610271846	0.218610271846	0.218610271846	
5.03333333333	95.6468267099	95.7633067116	95.8797867133	95.9962667151	96.1127467168	96.2292267186	96.3457067203	96.462186722	96.5786667238	96.6951467255	1.37853050532e-06	1.5239554572e-06	1.87610899499e-06	2.32244295741e-06	3.01470287665e-06	3.74585720755e-06	4.72116142455e-06	5.66910837288e-06	6.9150138744e-06	8.11960146411e-06	1.24849716433e-06	3.02329612409e-06	3.8318505816e-06	5.94316542669e-06	6.27708035694e-06	8.37314734236e-06	8.13828068484e-06	1.069630394e-05	1.03415828616e-05	1.31202353614e-05	107.735554982	107.773223675	107.810892369	107.848561063	107.886229757	107.923898451	107.961567144	107.999235838	108.036904532	108.074573226	-6.72514820831	-6.55559210755	-6.38603600679	-6.21647990603	-6.04692380526	-5.8773677045	-5.70781160374	-5.53825550298	-5.36869940221	-5.19914330145	0.218610271846	0.218610271846	0.218610271846	0.218610271846	0.218610271846	0.218610271846	0.218610271846	0.218610271846	0.218610271846	0.218610271846	
5.05	95.6468267099	95.7633067116	95.8797867133	95.9962667151	96.1127467168	96.2292267186	96.3457067203	96.462186722	96.5786667238	96.6951467255	1.37853050532e-06	1.5239554572e-06	1.87610899499e-06	2.32244295741e-06	3.01470287665e-06	3.74585720755e-06	4.72116142455e-06	5.66910837288e-06	6.9150138744e-06	8.11960146411e-06	1.24849716433e-06	3.02329612409e-06	3.8318505816e-06	5.94316542669e-06	6.27708035694e-06	8.37314734236e-06	8.13828068484e-06	1.069630394e-05	1.03415828616e-05	1.31202353614e-05	107.735554982	107.773223675	107.810892369	107.848561063	107.886229757	107.923898451	107.961567144	107.999235838	108.036904532	108.074573226	-6.72514820831	-6.55559210755	-6.38603600679	-6.21647990603	-6.04692380526	-5.8773677045	-5.70781160374	-5.53825550298	-5.36869940221	-5.19914330145	0.218610271846	0.218610271846	0.218610271846	0.218610271846	0.218610271846	0.218610271846	0.218610271846	0.218610271846	0.218610271846	0.218610271846	
5.06666666667	95.6468267099	95.7633067116	95.8797867133	95.9962667151	96.1127467168	96.2292267186	96.3457067203	96.462186722	96.5786667238	96.6951467255	1.37853050532e-06	1.5239554572e-06	1.87610899499e-06	2.32244295741e-06	3.01470287665e-06	3.74585720755e-06	4.72116142455e-06	5.66910837288e-06	6.9150138744e-06	8.11960146411e-06	1.24849716433e-06	3.02329612409e-06	3.8318505816e-06	5.94316542669e-06	6.27708035694e-06	8.37314734236e-06	8.13828068484e-06	1.069630394e-05	1.03415828616e-05	1.31202353614e-05	107.735554982	107.773223675	107.810892369	107.848561063	107.886229757	107.923898451	107.961567144	107.999235838	108.036904532	108.074573226	-6.72514820831	-6.55559210755	-6.38603600679	-6.21647990603	-6.04692380526	-5.8773677045	-5.70781160374	-5.53825550298	-5.36869940221	-5.19914330145	0.218610271846	0.218610271846	0.218610271846	0.218610271846	0.218610271846	0.218610271846	0.218610271846	0.218610271846	0.218610271846	0.218610271846	
5.08333333333	95.6468267099	95.7633067116	95.8797867133	95.9962667151	96.1127467168	96.2292267186	96.3457067203	96.462186722	96.5786667238	96.6951467255	1.37853050532e-06	1.5239554572e-06	1.87610899499e-06	2.32244295741e-06	3.01470287665e-06	3.74585720755e-06	4.72116142455e-06	5.66910837288e-06	6.9150138744e-06	8.11960146411e-06	1.24849716433e-06	3.02329612409e-06	3.8318505816e-06	5.94316542669e-06	6.27708035694e-06	8.37314734236e-06	8.13828068484e-06	1.069630394e-05	1.03415828616e-05	1.31202353614e-05	107.735554982	107.773223675	107.810892369	107.848561063	107.886229757	107.923898451	107.961567144	107.999235838	108.036904532	108.074573226	-6.72514820831	-6.55559210755	-6.38603600679	-6.21647990603	-6.04692380526	-5.8773677045	-5.70781160374	-5.53825550298	-5.36869940221	-5.19914330145	0.218610271846	0.218610271846	0.218610271846	0.218610271846	0.218610271846	0.218610271846	0.218610271846	0.218610271846	0.218610271846	0.218610271846	
5.1	95.6468267099	95.7633067116	95.8797867133	95.9962667151	96.1127467168	96.2292267186	96.3457067203	96.462186722	96.5786667238	96.6951467255	1.37853050532e-06	1.5239554572e-06	1.87610899499e-06	2.32244295741e-06	3.01470287665e-06	3.74585720755e-06	4.72116142455e-06	5.66910837288e-06	6.9150138744e-06	8.11960146411e-06	1.24849716433e-06	3.02329612409e-06	3.8318505816e-06	5.94316542669e-06	6.27708035694e-06	8.37314734236e-06	8.13828068484e-06	1.069630394e-05	1.03415828616e-05	1.31202353614e-05	107.735554982	107.773223675	107.810892369	107.848561063	107.886229757	107.923898451	107.961567144	107.999235838	108.036904532	108.074573226	-6.72514820831	-6.55559210755	-6.38603600679	-6.21647990603	-6.04692380526	-5.8773677045	-5.70781160374	-5.53825550298	-5.36869940221	-5.19914330145	0.218610271846	0.218610271846	0.218610271846	0.218610271846	0.218610271846	0.218610271846	0.218610271846	0.218610271846	0.218610271846	0.218610271846	
5.11666666667	95.6468267099	95.7633067116	95.8797867133	95.9962667151	96.1127467168	96.2292267186	96.3457067203	96.462186722	96.5786667238	96.6951467255	1.37853050532e-06	1.5239554572e-06	1.87610899499e-06	2.32244295741e-06	3.01470287665e-06	3.74585720755e-06	4.72116142455e-06	5.66910837288e-06	6.9150138744e-06	8.11960146411e-06	1.24849716433e-06	3.02329612409e-06	3.8318505816e-06	5.94316542669e-06	6.27708035694e-06	8.37314734236e-06	8.13828068484e-06	1.069630394e-05	1.03415828616e-05	1.31202353614e-05	107.735554982	107.773223675	107.810892369	107.848561063	107.886229757	107.923898451	107.961567144	107.999235838	108.036904532	108.074573226	-6.72514820831	-6.55559210755	-6.38603600679	-6.21647990603	-6.04692380526	-5.8773677045	-5.70781160374	-5.53825550298	-5.36869940221	-5.19914330145	0.218610271846	0.218610271846	0.218610271846	0.218610271846	0.218610271846	0.218610271846	0.218610271846	0.218610271846	0.218610271846	0.218610271846	
5.13333333333	95.6468267099	95.7633067116	95.8797867133	95.9962667151	96.1127467168	96.2292267186	96.3457067203	96.462186722	96.5786667238	96.6951467255	1.37853050532e-06	1.5239554572e-06	1.87610899499e-06	2.32244295741e-06	3.01470287665e-06	3.74585720755e-06	4.72116142455e-06	5.66910837288e-06	6.9150138744e-06	8.11960146411e-06	1.24849716433e-06	3.02329612409e-06	3.8318505816e-06	5.94316542669e-06	6.27708035694e-06	8.37314734236e-06	8.13828068484e-06	1.069630394e-05	1.03415828616e-05	1.31202353614e-05	107.735554982	107.773223675	107.810892369	107.848561063	107.886229757	107.923898451	107.961567144	107.999235838	108.036904532	108.074573226	-6.72514820831	-6.55559210755	-6.38603600679	-6.21647990603	-6.04692380526	-5.8773677045	-5.70781160374	-5.53825550298	-5.36869940221	-5.19914330145	0.218610271846	0.218610271846	0.218610271846	0.218610271846	0.218610271846	0.218610271846	0.218610271846	0.218610271846	0.218610271846	0.218610271846	
5.15	95.6468267099	95.7633067116	95.8797867133	95.9962667151	96.1127467168	96.2292267186	96.3457067203	96.462186722	96.5786667238	96.6951467255	1.37853050532e-06	1.5239554572e-06	1.87610899499e-06	2.32244295741e-06	3.01470287665e-06	3.74585720755e-06	4.72116142455e-06	5.66910837288e-06	6.9150138744e-06	8.11960146411e-06	1.24849716433e-06	3.02329612409e-06	3.8318505816e-06	5.94316542669e-06	6.27708035694e-06	8.37314734236e-06	8.13828068484e-06	1.069630394e-05	1.03415828616e-05	1.31202353614e-05	107.735554982	107.773223675	107.810892369	107.848561063	107.886229757	107.923898451	107.961567144	107.999235838	108.036904532	108.074573226	-6.72514820831	-6.55559210755	-6.38603600679	-6.21647990603	-6.04692380526	-5.8773677045	-5.70781160374	-5.53825550298	-5.36869940221	-5.19914330145	0.218610271846	0.218610271846	0.218610271846	0.218610271846	0.218610271846	0.218610271846	0.218610271846	0.218610271846	0.218610271846	0.218610271846	
5.16666666667	95.6468267099	95.7633067116	95.8797867133	95.9962667151	96.1127467168	96.2292267186	96.3457067203	96.462186722	96.5786667238	96.6951467255	1.37853050532e-06	1.5239554572e-06	1.87610899499e-06	2.32244295741e-06	3.01470287665e-06	3.74585720755e-06	4.72116142455e-06	5.66910837288e-06	6.9150138744e-06	8.11960146411e-06	1.24849716433e-06	3.02329612409e-06	3.8318505816e-06	5.94316542669e-06	6.27708035694e-06	8.37314734236e-06	8.13828068484e-06	1.069630394e-05	1.03415828616e-05	1.31202353614e-05	107.735554982	107.773223675	107.810892369	107.848561063	107.886229757	107.923898451	107.961567144	107.999235838	108.036904532	108.074573226	-6.72514820831	-6.55559210755	-6.38603600679	-6.21647990603	-6.04692380526	-5.8773677045	-5.70781160374	-5.53825550298	-5.36869940221	-5.19914330145	0.218610271846	0.218610271846	0.218610271846	0.218610271846	0.218610271846	0.218610271846	0.218610271846	0.218610271846	0.218610271846	0.218610271846	
5.18333333333	95.6468267099	95.7633067116	95.8797867133	95.9962667151	96.1127467168	96.2292267186	96.3457067203	96.462186722	96.5786667238	96.6951467255	1.37853050532e-06	1.5239554572e-06	1.87610899499e-06	2.32244295741e-06	3.01470287665e-06	3.74585720755e-06	4.72116142455e-06	5.66910837288e-06	6.9150138744e-06	8.11960146411e-06	1.24849716433e-06	3.02329612409e-06	3.8318505816e-06	5.94316542669e-06	6.27708035694e-06	8.37314734236e-06	8.13828068484e-06	1.069630394e-05	1.03415828616e-05	1.31202353614e-05	107.735554982	107.773223675	107.810892369	107.848561063	107.886229757	107.923898451	107.961567144	107.999235838	108.036904532	108.074573226	-6.72514820831	-6.55559210755	-6.38603600679	-6.21647990603	-6.04692380526	-5.8773677045	-5.70781160374	-5.53825550298	-5.36869940221	-5.19914330145	0.218610271846	0.218610271846	0.218610271846	0.218610271846	0.218610271846	0.218610271846	0.218610271846	0.218610271846	0.218610271846	0.218610271846	
5.2	95.6468267099	95.7633067116	95.8797867133	95.9962667151	96.1127467168	96.2292267186	96.3457067203	96.462186722	96.5786667238	96.6951467255	1.37853050532e-06	1.5239554572e-06	1.87610899499e-06	2.32244295741e-06	3.01470287665e-06	3.74585720755e-06	4.72116142455e-06	5.66910837288e-06	6.9150138744e-06	8.11960146411e-06	1.24849716433e-06	3.02329612409e-06	3.8318505816e-06	5.94316542669e-06	6.27708035694e-06	8.37314734236e-06	8.13828068484e-06	1.069630394e-05	1.03415828616e-05	1.31202353614e-05	107.735554982	107.773223675	107.810892369	107.848561063	107.886229757	107.923898451	107.961567144	107.999235838	108.036904532	108.074573226	-6.72514820831	-6.55559210755	-6.38603600679	-6.21647990603	-6.04692380526	-5.8773677045	-5.70781160374	-5.53825550298	-5.36869940221	-5.19914330145	0.218610271846	0.218610271846	0.218610271846	0.218610271846	0.218610271846	0.218610271846	0.218610271846	0.218610271846	0.218610271846	0.218610271846	
5.21666666667	95.6468267099	95.7633067116	95.8797867133	95.9962667151	96.1127467168	96.2292267186	96.3457067203	96.462186722	96.5786667238	96.6951467255	1.37853050532e-06	1.5239554572e-06	1.87610899499e-06	2.32244295741e-06	3.01470287665e-06	3.74585720755e-06	4.72116142455e-06	5.66910837288e-06	6.9150138744e-06	8.11960146411e-06	1.24849716433e-06	3.02329612409e-06	3.8318505816e-06	5.94316542669e-06	6.27708035694e-06	8.37314734236e-06	8.13828068484e-06	1.069630394e-05	1.03415828616e-05	1.31202353614e-05	107.735554982	107.773223675	107.810892369	107.848561063	107.886229757	107.923898451	107.961567144	107.999235838	108.036904532	108.074573226	-6.72514820831	-6.55559210755	-6.38603600679	-6.21647990603	-6.04692380526	-5.8773677045	-5.70781160374	-5.53825550298	-5.36869940221	-5.19914330145	0.218610271846	0.218610271846	0.218610271846	0.218610271846	0.218610271846	0.218610271846	0.218610271846	0.218610271846	0.218610271846	0.218610271846	
5.23333333333	95.6468267099	95.7633067116	95.8797867133	95.9962667151	96.1127467168	96.2292267186	96.3457067203	96.462186722	96.5786667238	96.6951467255	1.37853050532e-06	1.5239554572e-06	1.87610899499e-06	2.32244295741e-06	3.01470287665e-06	3.74585720755e-06	4.72116142455e-06	5.66910837288e-06	6.9150138744e-06	8.11960146411e-06	1.24849716433e-06	3.02329612409e-06	3.8318505816e-06	5.94316542669e-06	6.27708035694e-06	8.37314734236e-06	8.13828068484e-06	1.069630394e-05	1.03415828616e-05	1.31202353614e-05	107.735554982	107.773223675	107.810892369	107.848561063	107.886229757	107.923898451	107.961567144	107.999235838	108.036904532	108.074573226	-6.72514820831	-6.55559210755	-6.38603600679	-6.21647990603	-6.04692380526	-5.8773677045	-5.70781160374	-5.53825550298	-5.36869940221	-5.19914330145	0.218610271846	0.218610271846	0.218610271846	0.218610271846	0.218610271846	0.218610271846	0.218610271846	0.218610271846	0.218610271846	0.218610271846	
5.25	95.6468267099	95.7633067116	95.8797867133	95.9962667151	96.1127467168	96.2292267186	96.3457067203	96.462186722	96.5786667238	96.6951467255	1.37853050532e-06	1.5239554572e-06	1.87610899499e-06	2.32244295741e-06	3.01470287665e-06	3.74585720755e-06	4.72116142455e-06	5.66910837288e-06	6.9150138744e-06	8.11960146411e-06	1.24849716433e-06	3.02329612409e-06	3.8318505816e-06	5.94316542669e-06	6.27708035694e-06	8.37314734236e-06	8.13828068484e-06	1.069630394e-05	1.03415828616e-05	1.31202353614e-05	107.735554982	107.773223675	107.810892369	107.848561063	107.886229757	107.923898451	107.961567144	107.999235838	108.036904532	108.074573226	-6.72514820831	-6.55559210755	-6.38603600679	-6.21647990603	-6.04692380526	-5.8773677045	-5.70781160374	-5.53825550298	-5.36869940221	-5.19914330145	0.218610271846	0.218610271846	0.218610271846	0.218610271846	0.218610271846	0.218610271846	0.218610271846	0.218610271846	0.218610271846	0.218610271846	
5.26666666667	95.6468267099	95.7633067116	95.8797867133	95.9962667151	96.1127467168	96.2292267186	96.3457067203	96.462186722	96.5786667238	96.6951467255	1.37853050532e-06	1.5239554572e-06	1.87610899499e-06	2.32244295741e-06	3.01470287665e-06	3.74585720755e-06	4.72116142455e-06	5.66910837288e-06	6.9150138744e-06	8.11960146411e-06	1.24849716433e-06	3.02329612409e-06	3.8318505816e-06	5.94316542669e-06	6.27708035694e-06	8.37314734236e-06	8.13828068484e-06	1.069630394e-05	1.03415828616e-05	1.31202353614e-05	107.735554982	107.773223675	107.810892369	107.848561063	107.886229757	107.923898451	107.961567144	107.999235838	108.036904532	108.074573226	-6.72514820831	-6.55559210755	-6.38603600679	-6.21647990603	-6.04692380526	-5.8773677045	-5.70781160374	-5.53825550298	-5.36869940221	-5.19914330145	0.218610271846	0.218610271846	0.218610271846	0.218610271846	0.218610271846	0.218610271846	0.218610271846	0.218610271846	0.218610271846	0.218610271846	
5.28333333333	95.6468267099	95.7633067116	95.8797867133	95.9962667151	96.1127467168	96.2292267186	96.3457067203	96.462186722	96.5786667238	96.6951467255	1.37853050532e-06	1.5239554572e-06	1.87610899499e-06	2.32244295741e-06	3.01470287665e-06	3.74585720755e-06	4.72116142455e-06	5.66910837288e-06	6.9150138744e-06	8.11960146411e-06	1.24849716433e-06	3.02329612409e-06	3.8318505816e-06	5.94316542669e-06	6.27708035694e-06	8.37314734236e-06	8.13828068484e-06	1.069630394e-05	1.03415828616e-05	1.31202353614e-05	107.735554982	107.773223675	107.810892369	107.848561063	107.886229757	107.923898451	107.961567144	107.999235838	108.036904532	108.074573226	-6.72514820831	-6.55559210755	-6.38603600679	-6.21647990603	-6.04692380526	-5.8773677045	-5.70781160374	-5.53825550298	-5.36869940221	-5.19914330145	0.218610271846	0.218610271846	0.218610271846	0.218610271846	0.218610271846	0.218610271846	0.218610271846	0.218610271846	0.218610271846	0.218610271846	
5.3	95.6468267099	95.7633067116	95.8797867133	95.9962667151	96.1127467168	96.2292267186	96.3457067203	96.462186722	96.5786667238	96.6951467255	1.37853050532e-06	1.5239554572e-06	1.87610899499e-06	2.32244295741e-06	3.01470287665e-06	3.74585720755e-06	4.72116142455e-06	5.66910837288e-06	6.9150138744e-06	8.11960146411e-06	1.24849716433e-06	3.02329612409e-06	3.8318505816e-06	5.94316542669e-06	6.27708035694e-06	8.37314734236e-06	8.13828068484e-06	1.069630394e-05	1.03415828616e-05	1.31202353614e-05	107.735554982	107.773223675	107.810892369	107.848561063	107.886229757	107.923898451	107.961567144	107.999235838	108.036904532	108.074573226	-6.72514820831	-6.55559210755	-6.38603600679	-6.21647990603	-6.04692380526	-5.8773677045	-5.70781160374	-5.53825550298	-5.36869940221	-5.19914330145	0.218610271846	0.218610271846	0.218610271846	0.218610271846	0.218610271846	0.218610271846	0.218610271846	0.218610271846	0.218610271846	0.218610271846	
5.31666666667	95.6468267099	95.7633067116	95.8797867133	95.9962667151	96.1127467168	96.2292267186	96.3457067203	96.462186722	96.5786667238	96.6951467255	1.37853050532e-06	1.5239554572e-06	1.87610899499e-06	2.32244295741e-06	3.01470287665e-06	3.74585720755e-06	4.72116142455e-06	5.66910837288e-06	6.9150138744e-06	8.11960146411e-06	1.24849716433e-06	3.02329612409e-06	3.8318505816e-06	5.94316542669e-06	6.27708035694e-06	8.37314734236e-06	8.13828068484e-06	1.069630394e-05	1.03415828616e-05	1.31202353614e-05	107.735554982	107.773223675	107.810892369	107.848561063	107.886229757	107.923898451	107.961567144	107.999235838	108.036904532	108.074573226	-6.72514820831	-6.55559210755	-6.38603600679	-6.21647990603	-6.04692380526	-5.8773677045	-5.70781160374	-5.53825550298	-5.36869940221	-5.19914330145	0.218610271846	0.218610271846	0.218610271846	0.218610271846	0.218610271846	0.218610271846	0.218610271846	0.218610271846	0.218610271846	0.218610271846	
5.33333333333	95.6468267099	95.7633067116	95.8797867133	95.9962667151	96.1127467168	96.2292267186	96.3457067203	96.462186722	96.5786667238	96.6951467255	1.37853050532e-06	1.5239554572e-06	1.87610899499e-06	2.32244295741e-06	3.01470287665e-06	3.74585720755e-06	4.72116142455e-06	5.66910837288e-06	6.9150138744e-06	8.11960146411e-06	1.24849716433e-06	3.02329612409e-06	3.8318505816e-06	5.94316542669e-06	6.27708035694e-06	8.37314734236e-06	8.13828068484e-06	1.069630394e-05	1.03415828616e-05	1.31202353614e-05	107.735554982	107.773223675	107.810892369	107.848561063	107.886229757	107.923898451	107.961567144	107.999235838	108.036904532	108.074573226	-6.72514820831	-6.55559210755	-6.38603600679	-6.21647990603	-6.04692380526	-5.8773677045	-5.70781160374	-5.53825550298	-5.36869940221	-5.19914330145	0.218610271846	0.218610271846	0.218610271846	0.218610271846	0.218610271846	0.218610271846	0.218610271846	0.218610271846	0.218610271846	0.218610271846	
5.35	95.6468267099	95.7633067116	95.8797867133	95.9962667151	96.1127467168	96.2292267186	96.3457067203	96.462186722	96.5786667238	96.6951467255	1.37853050532e-06	1.5239554572e-06	1.87610899499e-06	2.32244295741e-06	3.01470287665e-06	3.74585720755e-06	4.72116142455e-06	5.66910837288e-06	6.9150138744e-06	8.11960146411e-06	1.24849716433e-06	3.02329612409e-06	3.8318505816e-06	5.94316542669e-06	6.27708035694e-06	8.37314734236e-06	8.13828068484e-06	1.069630394e-05	1.03415828616e-05	1.31202353614e-05	107.735554982	107.773223675	107.810892369	107.848561063	107.886229757	107.923898451	107.961567144	107.999235838	108.036904532	108.074573226	-6.72514820831	-6.55559210755	-6.38603600679	-6.21647990603	-6.04692380526	-5.8773677045	-5.70781160374	-5.53825550298	-5.36869940221	-5.19914330145	0.218610271846	0.218610271846	0.218610271846	0.218610271846	0.218610271846	0.218610271846	0.218610271846	0.218610271846	0.218610271846	0.218610271846	
5.36666666667	95.6468267099	95.7633067116	95.8797867133	95.9962667151	96.1127467168	96.2292267186	96.3457067203	96.462186722	96.5786667238	96.6951467255	1.37853050532e-06	1.5239554572e-06	1.87610899499e-06	2.32244295741e-06	3.01470287665e-06	3.74585720755e-06	4.72116142455e-06	5.66910837288e-06	6.9150138744e-06	8.11960146411e-06	1.24849716433e-06	3.02329612409e-06	3.8318505816e-06	5.94316542669e-06	6.27708035694e-06	8.37314734236e-06	8.13828068484e-06	1.069630394e-05	1.03415828616e-05	1.31202353614e-05	107.735554982	107.773223675	107.810892369	107.848561063	107.886229757	107.923898451	107.961567144	107.999235838	108.036904532	108.074573226	-6.72514820831	-6.55559210755	-6.38603600679	-6.21647990603	-6.04692380526	-5.8773677045	-5.70781160374	-5.53825550298	-5.36869940221	-5.19914330145	0.218610271846	0.218610271846	0.218610271846	0.218610271846	0.218610271846	0.218610271846	0.218610271846	0.218610271846	0.218610271846	0.218610271846	
5.38333333333	95.6468267099	95.7633067116	95.8797867133	95.9962667151	96.1127467168	96.2292267186	96.3457067203	96.462186722	96.5786667238	96.6951467255	1.37853050532e-06	1.5239554572e-06	1.87610899499e-06	2.32244295741e-06	3.01470287665e-06	3.74585720755e-06	4.72116142455e-06	5.66910837288e-06	6.9150138744e-06	8.11960146411e-06	1.24849716433e-06	3.02329612409e-06	3.8318505816e-06	5.94316542669e-06	6.27708035694e-06	8.37314734236e-06	8.13828068484e-06	1.069630394e-05	1.03415828616e-05	1.31202353614e-05	107.735554982	107.773223675	107.810892369	107.848561063	107.886229757	107.923898451	107.961567144	107.999235838	108.036904532	108.074573226	-6.72514820831	-6.55559210755	-6.38603600679	-6.21647990603	-6.04692380526	-5.8773677045	-5.70781160374	-5.53825550298	-5.36869940221	-5.19914330145	0.218610271846	0.218610271846	0.218610271846	0.218610271846	0.218610271846	0.218610271846	0.218610271846	0.218610271846	0.218610271846	0.218610271846	
5.4	95.6468267099	95.7633067116	95.8797867133	95.9962667151	96.1127467168	96.2292267186	96.3457067203	96.462186722	96.5786667238	96.6951467255	1.37853050532e-06	1.5239554572e-06	1.87610899499e-06	2.32244295741e-06	3.01470287665e-06	3.74585720755e-06	4.72116142455e-06	5.66910837288e-06	6.9150138744e-06	8.11960146411e-06	1.24849716433e-06	3.02329612409e-06	3.8318505816e-06	5.94316542669e-06	6.27708035694e-06	8.37314734236e-06	8.13828068484e-06	1.069630394e-05	1.03415828616e-05	1.31202353614e-05	107.735554982	107.773223675	107.810892369	107.848561063	107.886229757	107.923898451	107.961567144	107.999235838	108.036904532	108.074573226	-6.72514820831	-6.55559210755	-6.38603600679	-6.21647990603	-6.04692380526	-5.8773677045	-5.70781160374	-5.53825550298	-5.36869940221	-5.19914330145	0.218610271846	0.218610271846	0.218610271846	0.218610271846	0.218610271846	0.218610271846	0.218610271846	0.218610271846	0.218610271846	0.218610271846	
5.41666666667	95.6468267099	95.7633067116	95.8797867133	95.9962667151	96.1127467168	96.2292267186	96.3457067203	96.462186722	96.5786667238	96.6951467255	1.37853050532e-06	1.5239554572e-06	1.87610899499e-06	2.32244295741e-06	3.01470287665e-06	3.74585720755e-06	4.72116142455e-06	5.66910837288e-06	6.9150138744e-06	8.11960146411e-06	1.24849716433e-06	3.02329612409e-06	3.8318505816e-06	5.94316542669e-06	6.27708035694e-06	8.37314734236e-06	8.13828068484e-06	1.069630394e-05	1.03415828616e-05	1.31202353614e-05	107.735554982	107.773223675	107.810892369	107.848561063	107.886229757	107.923898451	107.961567144	107.999235838	108.036904532	108.074573226	-6.72514820831	-6.55559210755	-6.38603600679	-6.21647990603	-6.04692380526	-5.8773677045	-5.70781160374	-5.53825550298	-5.36869940221	-5.19914330145	0.218610271846	0.218610271846	0.218610271846	0.218610271846	0.218610271846	0.218610271846	0.218610271846	0.218610271846	0.218610271846	0.218610271846	
5.43333333333	95.6468267099	95.7633067116	95.8797867133	95.9962667151	96.1127467168	96.2292267186	96.3457067203	96.462186722	96.5786667238	96.6951467255	1.37853050532e-06	1.5239554572e-06	1.87610899499e-06	2.32244295741e-06	3.01470287665e-06	3.74585720755e-06	4.72116142455e-06	5.66910837288e-06	6.9150138744e-06	8.11960146411e-06	1.24849716433e-06	3.02329612409e-06	3.8318505816e-06	5.94316542669e-06	6.27708035694e-06	8.37314734236e-06	8.13828068484e-06	1.069630394e-05	1.03415828616e-05	1.31202353614e-05	107.735554982	107.773223675	107.810892369	107.848561063	107.886229757	107.923898451	107.961567144	107.999235838	108.036904532	108.074573226	-6.72514820831	-6.55559210755	-6.38603600679	-6.21647990603	-6.04692380526	-5.8773677045	-5.70781160374	-5.53825550298	-5.36869940221	-5.19914330145	0.218610271846	0.218610271846	0.218610271846	0.218610271846	0.218610271846	0.218610271846	0.218610271846	0.218610271846	0.218610271846	0.218610271846	
5.45	95.6468267099	95.7633067116	95.8797867133	95.9962667151	96.1127467168	96.2292267186	96.3457067203	96.462186722	96.5786667238	96.6951467255	1.37853050532e-06	1.5239554572e-06	1.87610899499e-06	2.32244295741e-06	3.01470287665e-06	3.74585720755e-06	4.72116142455e-06	5.66910837288e-06	6.9150138744e-06	8.11960146411e-06	1.24849716433e-06	3.02329612409e-06	3.8318505816e-06	5.94316542669e-06	6.27708035694e-06	8.37314734236e-06	8.13828068484e-06	1.069630394e-05	1.03415828616e-05	1.31202353614e-05	107.735554982	107.773223675	107.810892369	107.848561063	107.886229757	107.923898451	107.961567144	107.999235838	108.036904532	108.074573226	-6.72514820831	-6.55559210755	-6.38603600679	-6.21647990603	-6.04692380526	-5.8773677045	-5.70781160374	-5.53825550298	-5.36869940221	-5.19914330145	0.218610271846	0.218610271846	0.218610271846	0.218610271846	0.218610271846	0.218610271846	0.218610271846	0.218610271846	0.218610271846	0.218610271846	
5.46666666667	95.6468267099	95.7633067116	95.8797867133	95.9962667151	96.1127467168	96.2292267186	96.3457067203	96.462186722	96.5786667238	96.6951467255	1.37853050532e-06	1.5239554572e-06	1.87610899499e-06	2.32244295741e-06	3.01470287665e-06	3.74585720755e-06	4.72116142455e-06	5.66910837288e-06	6.9150138744e-06	8.11960146411e-06	1.24849716433e-06	3.02329612409e-06	3.8318505816e-06	5.94316542669e-06	6.27708035694e-06	8.37314734236e-06	8.13828068484e-06	1.069630394e-05	1.03415828616e-05	1.31202353614e-05	107.735554982	107.773223675	107.810892369	107.848561063	107.886229757	107.923898451	107.961567144	107.999235838	108.036904532	108.074573226	-6.72514820831	-6.55559210755	-6.38603600679	-6.21647990603	-6.04692380526	-5.8773677045	-5.70781160374	-5.53825550298	-5.36869940221	-5.19914330145	0.218610271846	0.218610271846	0.218610271846	0.218610271846	0.218610271846	0.218610271846	0.218610271846	0.218610271846	0.218610271846	0.218610271846	
5.48333333333	95.6468267099	95.7633067116	95.8797867133	95.9962667151	96.1127467168	96.2292267186	96.3457067203	96.462186722	96.5786667238	96.6951467255	1.37853050532e-06	1.5239554572e-06	1.87610899499e-06	2.32244295741e-06	3.01470287665e-06	3.74585720755e-06	4.72116142455e-06	5.66910837288e-06	6.9150138744e-06	8.11960146411e-06	1.24849716433e-06	3.02329612409e-06	3.8318505816e-06	5.94316542669e-06	6.27708035694e-06	8.37314734236e-06	8.13828068484e-06	1.069630394e-05	1.03415828616e-05	1.31202353614e-05	107.735554982	107.773223675	107.810892369	107.848561063	107.886229757	107.923898451	107.961567144	107.999235838	108.036904532	108.074573226	-6.72514820831	-6.55559210755	-6.38603600679	-6.21647990603	-6.04692380526	-5.8773677045	-5.70781160374	-5.53825550298	-5.36869940221	-5.19914330145	0.218610271846	0.218610271846	0.218610271846	0.218610271846	0.218610271846	0.218610271846	0.218610271846	0.218610271846	0.218610271846	0.218610271846	
5.5	95.6468267099	95.7633067116	95.8797867133	95.9962667151	96.1127467168	96.2292267186	96.3457067203	96.462186722	96.5786667238	96.6951467255	1.37853050532e-06	1.5239554572e-06	1.87610899499e-06	2.32244295741e-06	3.01470287665e-06	3.74585720755e-06	4.72116142455e-06	5.66910837288e-06	6.9150138744e-06	8.11960146411e-06	1.24849716433e-06	3.02329612409e-06	3.8318505816e-06	5.94316542669e-06	6.27708035694e-06	8.37314734236e-06	8.13828068484e-06	1.069630394e-05	1.03415828616e-05	1.31202353614e-05	107.735554982	107.773223675	107.810892369	107.848561063	107.886229757	107.923898451	107.961567144	107.999235838	108.036904532	108.074573226	-6.72514820831	-6.55559210755	-6.38603600679	-6.21647990603	-6.04692380526	-5.8773677045	-5.70781160374	-5.53825550298	-5.36869940221	-5.19914330145	0.218610271846	0.218610271846	0.218610271846	0.218610271846	0.218610271846	0.218610271846	0.218610271846	0.218610271846	0.218610271846	0.218610271846	
5.51666666667	95.6468267099	95.7633067116	95.8797867133	95.9962667151	96.1127467168	96.2292267186	96.3457067203	96.462186722	96.5786667238	96.6951467255	1.37853050532e-06	1.5239554572e-06	1.87610899499e-06	2.32244295741e-06	3.01470287665e-06	3.74585720755e-06	4.72116142455e-06	5.66910837288e-06	6.9150138744e-06	8.11960146411e-06	1.24849716433e-06	3.02329612409e-06	3.8318505816e-06	5.94316542669e-06	6.27708035694e-06	8.37314734236e-06	8.13828068484e-06	1.069630394e-05	1.03415828616e-05	1.31202353614e-05	107.735554982	107.773223675	107.810892369	107.848561063	107.886229757	107.923898451	107.961567144	107.999235838	108.036904532	108.074573226	-6.72514820831	-6.55559210755	-6.38603600679	-6.21647990603	-6.04692380526	-5.8773677045	-5.70781160374	-5.53825550298	-5.36869940221	-5.19914330145	0.218610271846	0.218610271846	0.218610271846	0.218610271846	0.218610271846	0.218610271846	0.218610271846	0.218610271846	0.218610271846	0.218610271846	
5.53333333333	95.6468267099	95.7633067116	95.8797867133	95.9962667151	96.1127467168	96.2292267186	96.3457067203	96.462186722	96.5786667238	96.6951467255	1.37853050532e-06	1.5239554572e-06	1.87610899499e-06	2.32244295741e-06	3.01470287665e-06	3.74585720755e-06	4.72116142455e-06	5.66910837288e-06	6.9150138744e-06	8.11960146411e-06	1.24849716433e-06	3.02329612409e-06	3.8318505816e-06	5.94316542669e-06	6.27708035694e-06	8.37314734236e-06	8.13828068484e-06	1.069630394e-05	1.03415828616e-05	1.31202353614e-05	107.735554982	107.773223675	107.810892369	107.848561063	107.886229757	107.923898451	107.961567144	107.999235838	108.036904532	108.074573226	-6.72514820831	-6.55559210755	-6.38603600679	-6.21647990603	-6.04692380526	-5.8773677045	-5.70781160374	-5.53825550298	-5.36869940221	-5.19914330145	0.218610271846	0.218610271846	0.218610271846	0.218610271846	0.218610271846	0.218610271846	0.218610271846	0.218610271846	0.218610271846	0.218610271846	
5.55	95.6468267099	95.7633067116	95.8797867133	95.9962667151	96.1127467168	96.2292267186	96.3457067203	96.462186722	96.5786667238	96.6951467255	1.37853050532e-06	1.5239554572e-06	1.87610899499e-06	2.32244295741e-06	3.01470287665e-06	3.74585720755e-06	4.72116142455e-06	5.66910837288e-06	6.9150138744e-06	8.11960146411e-06	1.24849716433e-06	3.02329612409e-06	3.8318505816e-06	5.94316542669e-06	6.27708035694e-06	8.37314734236e-06	8.13828068484e-06	1.069630394e-05	1.03415828616e-05	1.31202353614e-05	107.735554982	107.773223675	107.810892369	107.848561063	107.886229757	107.923898451	107.961567144	107.999235838	108.036904532	108.074573226	-6.72514820831	-6.55559210755	-6.38603600679	-6.21647990603	-6.04692380526	-5.8773677045	-5.70781160374	-5.53825550298	-5.36869940221	-5.19914330145	0.218610271846	0.218610271846	0.218610271846	0.218610271846	0.218610271846	0.218610271846	0.218610271846	0.218610271846	0.218610271846	0.218610271846	
5.56666666667	95.6468267099	95.7633067116	95.8797867133	95.9962667151	96.1127467168	96.2292267186	96.3457067203	96.462186722	96.5786667238	96.6951467255	1.37853050532e-06	1.5239554572e-06	1.87610899499e-06	2.32244295741e-06	3.01470287665e-06	3.74585720755e-06	4.72116142455e-06	5.66910837288e-06	6.9150138744e-06	8.11960146411e-06	1.24849716433e-06	3.02329612409e-06	3.8318505816e-06	5.94316542669e-06	6.27708035694e-06	8.37314734236e-06	8.13828068484e-06	1.069630394e-05	1.03415828616e-05	1.31202353614e-05	107.735554982	107.773223675	107.810892369	107.848561063	107.886229757	107.923898451	107.961567144	107.999235838	108.036904532	108.074573226	-6.72514820831	-6.55559210755	-6.38603600679	-6.21647990603	-6.04692380526	-5.8773677045	-5.70781160374	-5.53825550298	-5.36869940221	-5.19914330145	0.218610271846	0.218610271846	0.218610271846	0.218610271846	0.218610271846	0.218610271846	0.218610271846	0.218610271846	0.218610271846	0.218610271846	
5.58333333333	95.6468267099	95.7633067116	95.8797867133	95.9962667151	96.1127467168	96.2292267186	96.3457067203	96.462186722	96.5786667238	96.6951467255	1.37853050532e-06	1.5239554572e-06	1.87610899499e-06	2.32244295741e-06	3.01470287665e-06	3.74585720755e-06	4.72116142455e-06	5.66910837288e-06	6.9150138744e-06	8.11960146411e-06	1.24849716433e-06	3.02329612409e-06	3.8318505816e-06	5.94316542669e-06	6.27708035694e-06	8.37314734236e-06	8.13828068484e-06	1.069630394e-05	1.03415828616e-05	1.31202353614e-05	107.735554982	107.773223675	107.810892369	107.848561063	107.886229757	107.923898451	107.961567144	107.999235838	108.036904532	108.074573226	-6.72514820831	-6.55559210755	-6.38603600679	-6.21647990603	-6.04692380526	-5.8773677045	-5.70781160374	-5.53825550298	-5.36869940221	-5.19914330145	0.218610271846	0.218610271846	0.218610271846	0.218610271846	0.218610271846	0.218610271846	0.218610271846	0.218610271846	0.218610271846	0.218610271846	
5.6	95.6468267099	95.7633067116	95.8797867133	95.9962667151	96.1127467168	96.2292267186	96.3457067203	96.462186722	96.5786667238	96.6951467255	1.37853050532e-06	1.5239554572e-06	1.87610899499e-06	2.32244295741e-06	3.01470287665e-06	3.74585720755e-06	4.72116142455e-06	5.66910837288e-06	6.9150138744e-06	8.11960146411e-06	1.24849716433e-06	3.02329612409e-06	3.8318505816e-06	5.94316542669e-06	6.27708035694e-06	8.37314734236e-06	8.13828068484e-06	1.069630394e-05	1.03415828616e-05	1.31202353614e-05	107.735554982	107.773223675	107.810892369	107.848561063	107.886229757	107.923898451	107.961567144	107.999235838	108.036904532	108.074573226	-6.72514820831	-6.55559210755	-6.38603600679	-6.21647990603	-6.04692380526	-5.8773677045	-5.70781160374	-5.53825550298	-5.36869940221	-5.19914330145	0.218610271846	0.218610271846	0.218610271846	0.218610271846	0.218610271846	0.218610271846	0.218610271846	0.218610271846	0.218610271846	0.218610271846	
5.61666666667	95.6468267099	95.7633067116	95.8797867133	95.9962667151	96.1127467168	96.2292267186	96.3457067203	96.462186722	96.5786667238	96.6951467255	1.37853050532e-06	1.5239554572e-06	1.87610899499e-06	2.32244295741e-06	3.01470287665e-06	3.74585720755e-06	4.72116142455e-06	5.66910837288e-06	6.9150138744e-06	8.11960146411e-06	1.24849716433e-06	3.02329612409e-06	3.8318505816e-06	5.94316542669e-06	6.27708035694e-06	8.37314734236e-06	8.13828068484e-06	1.069630394e-05	1.03415828616e-05	1.31202353614e-05	107.735554982	107.773223675	107.810892369	107.848561063	107.886229757	107.923898451	107.961567144	107.999235838	108.036904532	108.074573226	-6.72514820831	-6.55559210755	-6.38603600679	-6.21647990603	-6.04692380526	-5.8773677045	-5.70781160374	-5.53825550298	-5.36869940221	-5.19914330145	0.218610271846	0.218610271846	0.218610271846	0.218610271846	0.218610271846	0.218610271846	0.218610271846	0.218610271846	0.218610271846	0.218610271846	
5.63333333333	95.6468267099	95.7633067116	95.8797867133	95.9962667151	96.1127467168	96.2292267186	96.3457067203	96.462186722	96.5786667238	96.6951467255	1.37853050532e-06	1.5239554572e-06	1.87610899499e-06	2.32244295741e-06	3.01470287665e-06	3.74585720755e-06	4.72116142455e-06	5.66910837288e-06	6.9150138744e-06	8.11960146411e-06	1.24849716433e-06	3.02329612409e-06	3.8318505816e-06	5.94316542669e-06	6.27708035694e-06	8.37314734236e-06	8.13828068484e-06	1.069630394e-05	1.03415828616e-05	1.31202353614e-05	107.735554982	107.773223675	107.810892369	107.848561063	107.886229757	107.923898451	107.961567144	107.999235838	108.036904532	108.074573226	-6.72514820831	-6.55559210755	-6.38603600679	-6.21647990603	-6.04692380526	-5.8773677045	-5.70781160374	-5.53825550298	-5.36869940221	-5.19914330145	0.218610271846	0.218610271846	0.218610271846	0.218610271846	0.218610271846	0.218610271846	0.218610271846	0.218610271846	0.218610271846	0.218610271846	
5.65	95.6468267099	95.7633067116	95.8797867133	95.9962667151	96.1127467168	96.2292267186	96.3457067203	96.462186722	96.5786667238	96.6951467255	1.37853050532e-06	1.5239554572e-06	1.87610899499e-06	2.32244295741e-06	3.01470287665e-06	3.74585720755e-06	4.72116142455e-06	5.66910837288e-06	6.9150138744e-06	8.11960146411e-06	1.24849716433e-06	3.02329612409e-06	3.8318505816e-06	5.94316542669e-06	6.27708035694e-06	8.37314734236e-06	8.13828068484e-06	1.069630394e-05	1.03415828616e-05	1.31202353614e-05	107.735554982	107.773223675	107.810892369	107.848561063	107.886229757	107.923898451	107.961567144	107.999235838	108.036904532	108.074573226	-6.72514820831	-6.55559210755	-6.38603600679	-6.21647990603	-6.04692380526	-5.8773677045	-5.70781160374	-5.53825550298	-5.36869940221	-5.19914330145	0.218610271846	0.218610271846	0.218610271846	0.218610271846	0.218610271846	0.218610271846	0.218610271846	0.218610271846	0.218610271846	0.218610271846	
5.66666666667	95.6468267099	95.7633067116	95.8797867133	95.9962667151	96.1127467168	96.2292267186	96.3457067203	96.462186722	96.5786667238	96.6951467255	1.37853050532e-06	1.5239554572e-06	1.87610899499e-06	2.32244295741e-06	3.01470287665e-06	3.74585720755e-06	4.72116142455e-06	5.66910837288e-06	6.9150138744e-06	8.11960146411e-06	1.24849716433e-06	3.02329612409e-06	3.8318505816e-06	5.94316542669e-06	6.27708035694e-06	8.37314734236e-06	8.13828068484e-06	1.069630394e-05	1.03415828616e-05	1.31202353614e-05	107.735554982	107.773223675	107.810892369	107.848561063	107.886229757	107.923898451	107.961567144	107.999235838	108.036904532	108.074573226	-6.72514820831	-6.55559210755	-6.38603600679	-6.21647990603	-6.04692380526	-5.8773677045	-5.70781160374	-5.53825550298	-5.36869940221	-5.19914330145	0.218610271846	0.218610271846	0.218610271846	0.218610271846	0.218610271846	0.218610271846	0.218610271846	0.218610271846	0.218610271846	0.218610271846	
5.68333333333	95.6468267099	95.7633067116	95.8797867133	95.9962667151	96.1127467168	96.2292267186	96.3457067203	96.462186722	96.5786667238	96.6951467255	1.37853050532e-06	1.5239554572e-06	1.87610899499e-06	2.32244295741e-06	3.01470287665e-06	3.74585720755e-06	4.72116142455e-06	5.66910837288e-06	6.9150138744e-06	8.11960146411e-06	1.24849716433e-06	3.02329612409e-06	3.8318505816e-06	5.94316542669e-06	6.27708035694e-06	8.37314734236e-06	8.13828068484e-06	1.069630394e-05	1.03415828616e-05	1.31202353614e-05	107.735554982	107.773223675	107.810892369	107.848561063	107.886229757	107.923898451	107.961567144	107.999235838	108.036904532	108.074573226	-6.72514820831	-6.55559210755	-6.38603600679	-6.21647990603	-6.04692380526	-5.8773677045	-5.70781160374	-5.53825550298	-5.36869940221	-5.19914330145	0.218610271846	0.218610271846	0.218610271846	0.218610271846	0.218610271846	0.218610271846	0.218610271846	0.218610271846	0.218610271846	0.218610271846	
5.7	95.6468267099	95.7633067116	95.8797867133	95.9962667151	96.1127467168	96.2292267186	96.3457067203	96.462186722	96.5786667238	96.6951467255	1.37853050532e-06	1.5239554572e-06	1.87610899499e-06	2.32244295741e-06	3.01470287665e-06	3.74585720755e-06	4.72116142455e-06	5.66910837288e-06	6.9150138744e-06	8.11960146411e-06	1.24849716433e-06	3.02329612409e-06	3.8318505816e-06	5.94316542669e-06	6.27708035694e-06	8.37314734236e-06	8.13828068484e-06	1.069630394e-05	1.03415828616e-05	1.31202353614e-05	107.735554982	107.773223675	107.810892369	107.848561063	107.886229757	107.923898451	107.961567144	107.999235838	108.036904532	108.074573226	-6.72514820831	-6.55559210755	-6.38603600679	-6.21647990603	-6.04692380526	-5.8773677045	-5.70781160374	-5.53825550298	-5.36869940221	-5.19914330145	0.218610271846	0.218610271846	0.218610271846	0.218610271846	0.218610271846	0.218610271846	0.218610271846	0.218610271846	0.218610271846	0.218610271846	
5.71666666667	95.6468267099	95.7633067116	95.8797867133	95.9962667151	96.1127467168	96.2292267186	96.3457067203	96.462186722	96.5786667238	96.6951467255	1.37853050532e-06	1.5239554572e-06	1.87610899499e-06	2.32244295741e-06	3.01470287665e-06	3.74585720755e-06	4.72116142455e-06	5.66910837288e-06	6.9150138744e-06	8.11960146411e-06	1.24849716433e-06	3.02329612409e-06	3.8318505816e-06	5.94316542669e-06	6.27708035694e-06	8.37314734236e-06	8.13828068484e-06	1.069630394e-05	1.03415828616e-05	1.31202353614e-05	107.735554982	107.773223675	107.810892369	107.848561063	107.886229757	107.923898451	107.961567144	107.999235838	108.036904532	108.074573226	-6.72514820831	-6.55559210755	-6.38603600679	-6.21647990603	-6.04692380526	-5.8773677045	-5.70781160374	-5.53825550298	-5.36869940221	-5.19914330145	0.218610271846	0.218610271846	0.218610271846	0.218610271846	0.218610271846	0.218610271846	0.218610271846	0.218610271846	0.218610271846	0.218610271846	
5.73333333333	95.6468267099	95.7633067116	95.8797867133	95.9962667151	96.1127467168	96.2292267186	96.3457067203	96.462186722	96.5786667238	96.6951467255	1.37853050532e-06	1.5239554572e-06	1.87610899499e-06	2.32244295741e-06	3.01470287665e-06	3.74585720755e-06	4.72116142455e-06	5.66910837288e-06	6.9150138744e-06	8.11960146411e-06	1.24849716433e-06	3.02329612409e-06	3.8318505816e-06	5.94316542669e-06	6.27708035694e-06	8.37314734236e-06	8.13828068484e-06	1.069630394e-05	1.03415828616e-05	1.31202353614e-05	107.735554982	107.773223675	107.810892369	107.848561063	107.886229757	107.923898451	107.961567144	107.999235838	108.036904532	108.074573226	-6.72514820831	-6.55559210755	-6.38603600679	-6.21647990603	-6.04692380526	-5.8773677045	-5.70781160374	-5.53825550298	-5.36869940221	-5.19914330145	0.218610271846	0.218610271846	0.218610271846	0.218610271846	0.218610271846	0.218610271846	0.218610271846	0.218610271846	0.218610271846	0.218610271846	
5.75	95.6468267099	95.7633067116	95.8797867133	95.9962667151	96.1127467168	96.2292267186	96.3457067203	96.462186722	96.5786667238	96.6951467255	1.37853050532e-06	1.5239554572e-06	1.87610899499e-06	2.32244295741e-06	3.01470287665e-06	3.74585720755e-06	4.72116142455e-06	5.66910837288e-06	6.9150138744e-06	8.11960146411e-06	1.24849716433e-06	3.02329612409e-06	3.8318505816e-06	5.94316542669e-06	6.27708035694e-06	8.37314734236e-06	8.13828068484e-06	1.069630394e-05	1.03415828616e-05	1.31202353614e-05	107.735554982	107.773223675	107.810892369	107.848561063	107.886229757	107.923898451	107.961567144	107.999235838	108.036904532	108.074573226	-6.72514820831	-6.55559210755	-6.38603600679	-6.21647990603	-6.04692380526	-5.8773677045	-5.70781160374	-5.53825550298	-5.36869940221	-5.19914330145	0.218610271846	0.218610271846	0.218610271846	0.218610271846	0.218610271846	0.218610271846	0.218610271846	0.218610271846	0.218610271846	0.218610271846	
5.76666666667	95.6468267099	95.7633067116	95.8797867133	95.9962667151	96.1127467168	96.2292267186	96.3457067203	96.462186722	96.5786667238	96.6951467255	1.37853050532e-06	1.5239554572e-06	1.87610899499e-06	2.32244295741e-06	3.01470287665e-06	3.74585720755e-06	4.72116142455e-06	5.66910837288e-06	6.9150138744e-06	8.11960146411e-06	1.24849716433e-06	3.02329612409e-06	3.8318505816e-06	5.94316542669e-06	6.27708035694e-06	8.37314734236e-06	8.13828068484e-06	1.069630394e-05	1.03415828616e-05	1.31202353614e-05	107.735554982	107.773223675	107.810892369	107.848561063	107.886229757	107.923898451	107.961567144	107.999235838	108.036904532	108.074573226	-6.72514820831	-6.55559210755	-6.38603600679	-6.21647990603	-6.04692380526	-5.8773677045	-5.70781160374	-5.53825550298	-5.36869940221	-5.19914330145	0.218610271846	0.218610271846	0.218610271846	0.218610271846	0.218610271846	0.218610271846	0.218610271846	0.218610271846	0.218610271846	0.218610271846	
5.78333333333	95.6468267099	95.7633067116	95.8797867133	95.9962667151	96.1127467168	96.2292267186	96.3457067203	96.462186722	96.5786667238	96.6951467255	1.37853050532e-06	1.5239554572e-06	1.87610899499e-06	2.32244295741e-06	3.01470287665e-06	3.74585720755e-06	4.72116142455e-06	5.66910837288e-06	6.9150138744e-06	8.11960146411e-06	1.24849716433e-06	3.02329612409e-06	3.8318505816e-06	5.94316542669e-06	6.27708035694e-06	8.37314734236e-06	8.13828068484e-06	1.069630394e-05	1.03415828616e-05	1.31202353614e-05	107.735554982	107.773223675	107.810892369	107.848561063	107.886229757	107.923898451	107.961567144	107.999235838	108.036904532	108.074573226	-6.72514820831	-6.55559210755	-6.38603600679	-6.21647990603	-6.04692380526	-5.8773677045	-5.70781160374	-5.53825550298	-5.36869940221	-5.19914330145	0.218610271846	0.218610271846	0.218610271846	0.218610271846	0.218610271846	0.218610271846	0.218610271846	0.218610271846	0.218610271846	0.218610271846	
5.8	95.6468267099	95.7633067116	95.8797867133	95.9962667151	96.1127467168	96.2292267186	96.3457067203	96.462186722	96.5786667238	96.6951467255	1.37853050532e-06	1.5239554572e-06	1.87610899499e-06	2.32244295741e-06	3.01470287665e-06	3.74585720755e-06	4.72116142455e-06	5.66910837288e-06	6.9150138744e-06	8.11960146411e-06	1.24849716433e-06	3.02329612409e-06	3.8318505816e-06	5.94316542669e-06	6.27708035694e-06	8.37314734236e-06	8.13828068484e-06	1.069630394e-05	1.03415828616e-05	1.31202353614e-05	107.735554982	107.773223675	107.810892369	107.848561063	107.886229757	107.923898451	107.961567144	107.999235838	108.036904532	108.074573226	-6.72514820831	-6.55559210755	-6.38603600679	-6.21647990603	-6.04692380526	-5.8773677045	-5.70781160374	-5.53825550298	-5.36869940221	-5.19914330145	0.218610271846	0.218610271846	0.218610271846	0.218610271846	0.218610271846	0.218610271846	0.218610271846	0.218610271846	0.218610271846	0.218610271846	
5.81666666667	95.6468267099	95.7633067116	95.8797867133	95.9962667151	96.1127467168	96.2292267186	96.3457067203	96.462186722	96.5786667238	96.6951467255	1.37853050532e-06	1.5239554572e-06	1.87610899499e-06	2.32244295741e-06	3.01470287665e-06	3.74585720755e-06	4.72116142455e-06	5.66910837288e-06	6.9150138744e-06	8.11960146411e-06	1.24849716433e-06	3.02329612409e-06	3.8318505816e-06	5.94316542669e-06	6.27708035694e-06	8.37314734236e-06	8.13828068484e-06	1.069630394e-05	1.03415828616e-05	1.31202353614e-05	107.735554982	107.773223675	107.810892369	107.848561063	107.886229757	107.923898451	107.961567144	107.999235838	108.036904532	108.074573226	-6.72514820831	-6.55559210755	-6.38603600679	-6.21647990603	-6.04692380526	-5.8773677045	-5.70781160374	-5.53825550298	-5.36869940221	-5.19914330145	0.218610271846	0.218610271846	0.218610271846	0.218610271846	0.218610271846	0.218610271846	0.218610271846	0.218610271846	0.218610271846	0.218610271846	
5.83333333333	95.6468267099	95.7633067116	95.8797867133	95.9962667151	96.1127467168	96.2292267186	96.3457067203	96.462186722	96.5786667238	96.6951467255	1.37853050532e-06	1.5239554572e-06	1.87610899499e-06	2.32244295741e-06	3.01470287665e-06	3.74585720755e-06	4.72116142455e-06	5.66910837288e-06	6.9150138744e-06	8.11960146411e-06	1.24849716433e-06	3.02329612409e-06	3.8318505816e-06	5.94316542669e-06	6.27708035694e-06	8.37314734236e-06	8.13828068484e-06	1.069630394e-05	1.03415828616e-05	1.31202353614e-05	107.735554982	107.773223675	107.810892369	107.848561063	107.886229757	107.923898451	107.961567144	107.999235838	108.036904532	108.074573226	-6.72514820831	-6.55559210755	-6.38603600679	-6.21647990603	-6.04692380526	-5.8773677045	-5.70781160374	-5.53825550298	-5.36869940221	-5.19914330145	0.218610271846	0.218610271846	0.218610271846	0.218610271846	0.218610271846	0.218610271846	0.218610271846	0.218610271846	0.218610271846	0.218610271846	
5.85	95.6468267099	95.7633067116	95.8797867133	95.9962667151	96.1127467168	96.2292267186	96.3457067203	96.462186722	96.5786667238	96.6951467255	1.37853050532e-06	1.5239554572e-06	1.87610899499e-06	2.32244295741e-06	3.01470287665e-06	3.74585720755e-06	4.72116142455e-06	5.66910837288e-06	6.9150138744e-06	8.11960146411e-06	1.24849716433e-06	3.02329612409e-06	3.8318505816e-06	5.94316542669e-06	6.27708035694e-06	8.37314734236e-06	8.13828068484e-06	1.069630394e-05	1.03415828616e-05	1.31202353614e-05	107.735554982	107.773223675	107.810892369	107.848561063	107.886229757	107.923898451	107.961567144	107.999235838	108.036904532	108.074573226	-6.72514820831	-6.55559210755	-6.38603600679	-6.21647990603	-6.04692380526	-5.8773677045	-5.70781160374	-5.53825550298	-5.36869940221	-5.19914330145	0.218610271846	0.218610271846	0.218610271846	0.218610271846	0.218610271846	0.218610271846	0.218610271846	0.218610271846	0.218610271846	0.218610271846	
5.86666666667	95.6468267099	95.7633067116	95.8797867133	95.9962667151	96.1127467168	96.2292267186	96.3457067203	96.462186722	96.5786667238	96.6951467255	1.37853050532e-06	1.5239554572e-06	1.87610899499e-06	2.32244295741e-06	3.01470287665e-06	3.74585720755e-06	4.72116142455e-06	5.66910837288e-06	6.9150138744e-06	8.11960146411e-06	1.24849716433e-06	3.02329612409e-06	3.8318505816e-06	5.94316542669e-06	6.27708035694e-06	8.37314734236e-06	8.13828068484e-06	1.069630394e-05	1.03415828616e-05	1.31202353614e-05	107.735554982	107.773223675	107.810892369	107.848561063	107.886229757	107.923898451	107.961567144	107.999235838	108.036904532	108.074573226	-6.72514820831	-6.55559210755	-6.38603600679	-6.21647990603	-6.04692380526	-5.8773677045	-5.70781160374	-5.53825550298	-5.36869940221	-5.19914330145	0.218610271846	0.218610271846	0.218610271846	0.218610271846	0.218610271846	0.218610271846	0.218610271846	0.218610271846	0.218610271846	0.218610271846	
5.88333333333	95.6468267099	95.7633067116	95.8797867133	95.9962667151	96.1127467168	96.2292267186	96.3457067203	96.462186722	96.5786667238	96.6951467255	1.37853050532e-06	1.5239554572e-06	1.87610899499e-06	2.32244295741e-06	3.01470287665e-06	3.74585720755e-06	4.72116142455e-06	5.66910837288e-06	6.9150138744e-06	8.11960146411e-06	1.24849716433e-06	3.02329612409e-06	3.8318505816e-06	5.94316542669e-06	6.27708035694e-06	8.37314734236e-06	8.13828068484e-06	1.069630394e-05	1.03415828616e-05	1.31202353614e-05	107.735554982	107.773223675	107.810892369	107.848561063	107.886229757	107.923898451	107.961567144	107.999235838	108.036904532	108.074573226	-6.72514820831	-6.55559210755	-6.38603600679	-6.21647990603	-6.04692380526	-5.8773677045	-5.70781160374	-5.53825550298	-5.36869940221	-5.19914330145	0.218610271846	0.218610271846	0.218610271846	0.218610271846	0.218610271846	0.218610271846	0.218610271846	0.218610271846	0.218610271846	0.218610271846	
5.9	95.6468267099	95.7633067116	95.8797867133	95.9962667151	96.1127467168	96.2292267186	96.3457067203	96.462186722	96.5786667238	96.6951467255	1.37853050532e-06	1.5239554572e-06	1.87610899499e-06	2.32244295741e-06	3.01470287665e-06	3.74585720755e-06	4.72116142455e-06	5.66910837288e-06	6.9150138744e-06	8.11960146411e-06	1.24849716433e-06	3.02329612409e-06	3.8318505816e-06	5.94316542669e-06	6.27708035694e-06	8.37314734236e-06	8.13828068484e-06	1.069630394e-05	1.03415828616e-05	1.31202353614e-05	107.735554982	107.773223675	107.810892369	107.848561063	107.886229757	107.923898451	107.961567144	107.999235838	108.036904532	108.074573226	-6.72514820831	-6.55559210755	-6.38603600679	-6.21647990603	-6.04692380526	-5.8773677045	-5.70781160374	-5.53825550298	-5.36869940221	-5.19914330145	0.218610271846	0.218610271846	0.218610271846	0.218610271846	0.218610271846	0.218610271846	0.218610271846	0.218610271846	0.218610271846	0.218610271846	
5.91666666667	95.6468267099	95.7633067116	95.8797867133	95.9962667151	96.1127467168	96.2292267186	96.3457067203	96.462186722	96.5786667238	96.6951467255	1.37853050532e-06	1.5239554572e-06	1.87610899499e-06	2.32244295741e-06	3.01470287665e-06	3.74585720755e-06	4.72116142455e-06	5.66910837288e-06	6.9150138744e-06	8.11960146411e-06	1.24849716433e-06	3.02329612409e-06	3.8318505816e-06	5.94316542669e-06	6.27708035694e-06	8.37314734236e-06	8.13828068484e-06	1.069630394e-05	1.03415828616e-05	1.31202353614e-05	107.735554982	107.773223675	107.810892369	107.848561063	107.886229757	107.923898451	107.961567144	107.999235838	108.036904532	108.074573226	-6.72514820831	-6.55559210755	-6.38603600679	-6.21647990603	-6.04692380526	-5.8773677045	-5.70781160374	-5.53825550298	-5.36869940221	-5.19914330145	0.218610271846	0.218610271846	0.218610271846	0.218610271846	0.218610271846	0.218610271846	0.218610271846	0.218610271846	0.218610271846	0.218610271846	
5.93333333333	95.6468267099	95.7633067116	95.8797867133	95.9962667151	96.1127467168	96.2292267186	96.3457067203	96.462186722	96.5786667238	96.6951467255	1.37853050532e-06	1.5239554572e-06	1.87610899499e-06	2.32244295741e-06	3.01470287665e-06	3.74585720755e-06	4.72116142455e-06	5.66910837288e-06	6.9150138744e-06	8.11960146411e-06	1.24849716433e-06	3.02329612409e-06	3.8318505816e-06	5.94316542669e-06	6.27708035694e-06	8.37314734236e-06	8.13828068484e-06	1.069630394e-05	1.03415828616e-05	1.31202353614e-05	107.735554982	107.773223675	107.810892369	107.848561063	107.886229757	107.923898451	107.961567144	107.999235838	108.036904532	108.074573226	-6.72514820831	-6.55559210755	-6.38603600679	-6.21647990603	-6.04692380526	-5.8773677045	-5.70781160374	-5.53825550298	-5.36869940221	-5.19914330145	0.218610271846	0.218610271846	0.218610271846	0.218610271846	0.218610271846	0.218610271846	0.218610271846	0.218610271846	0.218610271846	0.218610271846	
5.95	95.6468267099	95.7633067116	95.8797867133	95.9962667151	96.1127467168	96.2292267186	96.3457067203	96.462186722	96.5786667238	96.6951467255	1.37853050532e-06	1.5239554572e-06	1.87610899499e-06	2.32244295741e-06	3.01470287665e-06	3.74585720755e-06	4.72116142455e-06	5.66910837288e-06	6.9150138744e-06	8.11960146411e-06	1.24849716433e-06	3.02329612409e-06	3.8318505816e-06	5.94316542669e-06	6.27708035694e-06	8.37314734236e-06	8.13828068484e-06	1.069630394e-05	1.03415828616e-05	1.31202353614e-05	107.735554982	107.773223675	107.810892369	107.848561063	107.886229757	107.923898451	107.961567144	107.999235838	108.036904532	108.074573226	-6.72514820831	-6.55559210755	-6.38603600679	-6.21647990603	-6.04692380526	-5.8773677045	-5.70781160374	-5.53825550298	-5.36869940221	-5.19914330145	0.218610271846	0.218610271846	0.218610271846	0.218610271846	0.218610271846	0.218610271846	0.218610271846	0.218610271846	0.218610271846	0.218610271846	
5.96666666667	95.6468267099	95.7633067116	95.8797867133	95.9962667151	96.1127467168	96.2292267186	96.3457067203	96.462186722	96.5786667238	96.6951467255	1.37853050532e-06	1.5239554572e-06	1.87610899499e-06	2.32244295741e-06	3.01470287665e-06	3.74585720755e-06	4.72116142455e-06	5.66910837288e-06	6.9150138744e-06	8.11960146411e-06	1.24849716433e-06	3.02329612409e-06	3.8318505816e-06	5.94316542669e-06	6.27708035694e-06	8.37314734236e-06	8.13828068484e-06	1.069630394e-05	1.03415828616e-05	1.31202353614e-05	107.735554982	107.773223675	107.810892369	107.848561063	107.886229757	107.923898451	107.961567144	107.999235838	108.036904532	108.074573226	-6.72514820831	-6.55559210755	-6.38603600679	-6.21647990603	-6.04692380526	-5.8773677045	-5.70781160374	-5.53825550298	-5.36869940221	-5.19914330145	0.218610271846	0.218610271846	0.218610271846	0.218610271846	0.218610271846	0.218610271846	0.218610271846	0.218610271846	0.218610271846	0.218610271846	
5.98333333333	95.6468267099	95.7633067116	95.8797867133	95.9962667151	96.1127467168	96.2292267186	96.3457067203	96.462186722	96.5786667238	96.6951467255	1.37853050532e-06	1.5239554572e-06	1.87610899499e-06	2.32244295741e-06	3.01470287665e-06	3.74585720755e-06	4.72116142455e-06	5.66910837288e-06	6.9150138744e-06	8.11960146411e-06	1.24849716433e-06	3.02329612409e-06	3.8318505816e-06	5.94316542669e-06	6.27708035694e-06	8.37314734236e-06	8.13828068484e-06	1.069630394e-05	1.03415828616e-05	1.31202353614e-05	107.735554982	107.773223675	107.810892369	107.848561063	107.886229757	107.923898451	107.961567144	107.999235838	108.036904532	108.074573226	-6.72514820831	-6.55559210755	-6.38603600679	-6.21647990603	-6.04692380526	-5.8773677045	-5.70781160374	-5.53825550298	-5.36869940221	-5.19914330145	0.218610271846	0.218610271846	0.218610271846	0.218610271846	0.218610271846	0.218610271846	0.218610271846	0.218610271846	0.218610271846	0.218610271846	
6.0	95.6468267099	95.7633067116	95.8797867133	95.9962667151	96.1127467168	96.2292267186	96.3457067203	96.462186722	96.5786667238	96.6951467255	1.37853050532e-06	1.5239554572e-06	1.87610899499e-06	2.32244295741e-06	3.01470287665e-06	3.74585720755e-06	4.72116142455e-06	5.66910837288e-06	6.9150138744e-06	8.11960146411e-06	1.24849716433e-06	3.02329612409e-06	3.8318505816e-06	5.94316542669e-06	6.27708035694e-06	8.37314734236e-06	8.13828068484e-06	1.069630394e-05	1.03415828616e-05	1.31202353614e-05	107.735554982	107.773223675	107.810892369	107.848561063	107.886229757	107.923898451	107.961567144	107.999235838	108.036904532	108.074573226	-6.72514820831	-6.55559210755	-6.38603600679	-6.21647990603	-6.04692380526	-5.8773677045	-5.70781160374	-5.53825550298	-5.36869940221	-5.19914330145	0.218610271846	0.218610271846	0.218610271846	0.218610271846	0.218610271846	0.218610271846	0.218610271846	0.218610271846	0.218610271846	0.218610271846	
6.01666666667	95.6468267099	95.7633067116	95.8797867133	95.9962667151	96.1127467168	96.2292267186	96.3457067203	96.462186722	96.5786667238	96.6951467255	1.37853050532e-06	1.5239554572e-06	1.87610899499e-06	2.32244295741e-06	3.01470287665e-06	3.74585720755e-06	4.72116142455e-06	5.66910837288e-06	6.9150138744e-06	8.11960146411e-06	1.24849716433e-06	3.02329612409e-06	3.8318505816e-06	5.94316542669e-06	6.27708035694e-06	8.37314734236e-06	8.13828068484e-06	1.069630394e-05	1.03415828616e-05	1.31202353614e-05	107.735554982	107.773223675	107.810892369	107.848561063	107.886229757	107.923898451	107.961567144	107.999235838	108.036904532	108.074573226	-6.72514820831	-6.55559210755	-6.38603600679	-6.21647990603	-6.04692380526	-5.8773677045	-5.70781160374	-5.53825550298	-5.36869940221	-5.19914330145	0.218610271846	0.218610271846	0.218610271846	0.218610271846	0.218610271846	0.218610271846	0.218610271846	0.218610271846	0.218610271846	0.218610271846	
6.03333333333	95.6468267099	95.7633067116	95.8797867133	95.9962667151	96.1127467168	96.2292267186	96.3457067203	96.462186722	96.5786667238	96.6951467255	1.37853050532e-06	1.5239554572e-06	1.87610899499e-06	2.32244295741e-06	3.01470287665e-06	3.74585720755e-06	4.72116142455e-06	5.66910837288e-06	6.9150138744e-06	8.11960146411e-06	1.24849716433e-06	3.02329612409e-06	3.8318505816e-06	5.94316542669e-06	6.27708035694e-06	8.37314734236e-06	8.13828068484e-06	1.069630394e-05	1.03415828616e-05	1.31202353614e-05	107.735554982	107.773223675	107.810892369	107.848561063	107.886229757	107.923898451	107.961567144	107.999235838	108.036904532	108.074573226	-6.72514820831	-6.55559210755	-6.38603600679	-6.21647990603	-6.04692380526	-5.8773677045	-5.70781160374	-5.53825550298	-5.36869940221	-5.19914330145	0.218610271846	0.218610271846	0.218610271846	0.218610271846	0.218610271846	0.218610271846	0.218610271846	0.218610271846	0.218610271846	0.218610271846	
6.05	95.6468267099	95.7633067116	95.8797867133	95.9962667151	96.1127467168	96.2292267186	96.3457067203	96.462186722	96.5786667238	96.6951467255	1.37853050532e-06	1.5239554572e-06	1.87610899499e-06	2.32244295741e-06	3.01470287665e-06	3.74585720755e-06	4.72116142455e-06	5.66910837288e-06	6.9150138744e-06	8.11960146411e-06	1.24849716433e-06	3.02329612409e-06	3.8318505816e-06	5.94316542669e-06	6.27708035694e-06	8.37314734236e-06	8.13828068484e-06	1.069630394e-05	1.03415828616e-05	1.31202353614e-05	107.735554982	107.773223675	107.810892369	107.848561063	107.886229757	107.923898451	107.961567144	107.999235838	108.036904532	108.074573226	-6.72514820831	-6.55559210755	-6.38603600679	-6.21647990603	-6.04692380526	-5.8773677045	-5.70781160374	-5.53825550298	-5.36869940221	-5.19914330145	0.218610271846	0.218610271846	0.218610271846	0.218610271846	0.218610271846	0.218610271846	0.218610271846	0.218610271846	0.218610271846	0.218610271846	
6.06666666667	95.6468267099	95.7633067116	95.8797867133	95.9962667151	96.1127467168	96.2292267186	96.3457067203	96.462186722	96.5786667238	96.6951467255	1.37853050532e-06	1.5239554572e-06	1.87610899499e-06	2.32244295741e-06	3.01470287665e-06	3.74585720755e-06	4.72116142455e-06	5.66910837288e-06	6.9150138744e-06	8.11960146411e-06	1.24849716433e-06	3.02329612409e-06	3.8318505816e-06	5.94316542669e-06	6.27708035694e-06	8.37314734236e-06	8.13828068484e-06	1.069630394e-05	1.03415828616e-05	1.31202353614e-05	107.735554982	107.773223675	107.810892369	107.848561063	107.886229757	107.923898451	107.961567144	107.999235838	108.036904532	108.074573226	-6.72514820831	-6.55559210755	-6.38603600679	-6.21647990603	-6.04692380526	-5.8773677045	-5.70781160374	-5.53825550298	-5.36869940221	-5.19914330145	0.218610271846	0.218610271846	0.218610271846	0.218610271846	0.218610271846	0.218610271846	0.218610271846	0.218610271846	0.218610271846	0.218610271846	
6.08333333333	95.6468267099	95.7633067116	95.8797867133	95.9962667151	96.1127467168	96.2292267186	96.3457067203	96.462186722	96.5786667238	96.6951467255	1.37853050532e-06	1.5239554572e-06	1.87610899499e-06	2.32244295741e-06	3.01470287665e-06	3.74585720755e-06	4.72116142455e-06	5.66910837288e-06	6.9150138744e-06	8.11960146411e-06	1.24849716433e-06	3.02329612409e-06	3.8318505816e-06	5.94316542669e-06	6.27708035694e-06	8.37314734236e-06	8.13828068484e-06	1.069630394e-05	1.03415828616e-05	1.31202353614e-05	107.735554982	107.773223675	107.810892369	107.848561063	107.886229757	107.923898451	107.961567144	107.999235838	108.036904532	108.074573226	-6.72514820831	-6.55559210755	-6.38603600679	-6.21647990603	-6.04692380526	-5.8773677045	-5.70781160374	-5.53825550298	-5.36869940221	-5.19914330145	0.218610271846	0.218610271846	0.218610271846	0.218610271846	0.218610271846	0.218610271846	0.218610271846	0.218610271846	0.218610271846	0.218610271846	
6.1	95.6468267099	95.7633067116	95.8797867133	95.9962667151	96.1127467168	96.2292267186	96.3457067203	96.462186722	96.5786667238	96.6951467255	1.37853050532e-06	1.5239554572e-06	1.87610899499e-06	2.32244295741e-06	3.01470287665e-06	3.74585720755e-06	4.72116142455e-06	5.66910837288e-06	6.9150138744e-06	8.11960146411e-06	1.24849716433e-06	3.02329612409e-06	3.8318505816e-06	5.94316542669e-06	6.27708035694e-06	8.37314734236e-06	8.13828068484e-06	1.069630394e-05	1.03415828616e-05	1.31202353614e-05	107.735554982	107.773223675	107.810892369	107.848561063	107.886229757	107.923898451	107.961567144	107.999235838	108.036904532	108.074573226	-6.72514820831	-6.55559210755	-6.38603600679	-6.21647990603	-6.04692380526	-5.8773677045	-5.70781160374	-5.53825550298	-5.36869940221	-5.19914330145	0.218610271846	0.218610271846	0.218610271846	0.218610271846	0.218610271846	0.218610271846	0.218610271846	0.218610271846	0.218610271846	0.218610271846	
6.11666666667	95.6468267099	95.7633067116	95.8797867133	95.9962667151	96.1127467168	96.2292267186	96.3457067203	96.462186722	96.5786667238	96.6951467255	1.37853050532e-06	1.5239554572e-06	1.87610899499e-06	2.32244295741e-06	3.01470287665e-06	3.74585720755e-06	4.72116142455e-06	5.66910837288e-06	6.9150138744e-06	8.11960146411e-06	1.24849716433e-06	3.02329612409e-06	3.8318505816e-06	5.94316542669e-06	6.27708035694e-06	8.37314734236e-06	8.13828068484e-06	1.069630394e-05	1.03415828616e-05	1.31202353614e-05	107.735554982	107.773223675	107.810892369	107.848561063	107.886229757	107.923898451	107.961567144	107.999235838	108.036904532	108.074573226	-6.72514820831	-6.55559210755	-6.38603600679	-6.21647990603	-6.04692380526	-5.8773677045	-5.70781160374	-5.53825550298	-5.36869940221	-5.19914330145	0.218610271846	0.218610271846	0.218610271846	0.218610271846	0.218610271846	0.218610271846	0.218610271846	0.218610271846	0.218610271846	0.218610271846	
6.13333333333	95.6468267099	95.7633067116	95.8797867133	95.9962667151	96.1127467168	96.2292267186	96.3457067203	96.462186722	96.5786667238	96.6951467255	1.37853050532e-06	1.5239554572e-06	1.87610899499e-06	2.32244295741e-06	3.01470287665e-06	3.74585720755e-06	4.72116142455e-06	5.66910837288e-06	6.9150138744e-06	8.11960146411e-06	1.24849716433e-06	3.02329612409e-06	3.8318505816e-06	5.94316542669e-06	6.27708035694e-06	8.37314734236e-06	8.13828068484e-06	1.069630394e-05	1.03415828616e-05	1.31202353614e-05	107.735554982	107.773223675	107.810892369	107.848561063	107.886229757	107.923898451	107.961567144	107.999235838	108.036904532	108.074573226	-6.72514820831	-6.55559210755	-6.38603600679	-6.21647990603	-6.04692380526	-5.8773677045	-5.70781160374	-5.53825550298	-5.36869940221	-5.19914330145	0.218610271846	0.218610271846	0.218610271846	0.218610271846	0.218610271846	0.218610271846	0.218610271846	0.218610271846	0.218610271846	0.218610271846	
6.15	95.6468267099	95.7633067116	95.8797867133	95.9962667151	96.1127467168	96.2292267186	96.3457067203	96.462186722	96.5786667238	96.6951467255	1.37853050532e-06	1.5239554572e-06	1.87610899499e-06	2.32244295741e-06	3.01470287665e-06	3.74585720755e-06	4.72116142455e-06	5.66910837288e-06	6.9150138744e-06	8.11960146411e-06	1.24849716433e-06	3.02329612409e-06	3.8318505816e-06	5.94316542669e-06	6.27708035694e-06	8.37314734236e-06	8.13828068484e-06	1.069630394e-05	1.03415828616e-05	1.31202353614e-05	107.735554982	107.773223675	107.810892369	107.848561063	107.886229757	107.923898451	107.961567144	107.999235838	108.036904532	108.074573226	-6.72514820831	-6.55559210755	-6.38603600679	-6.21647990603	-6.04692380526	-5.8773677045	-5.70781160374	-5.53825550298	-5.36869940221	-5.19914330145	0.218610271846	0.218610271846	0.218610271846	0.218610271846	0.218610271846	0.218610271846	0.218610271846	0.218610271846	0.218610271846	0.218610271846	
6.16666666667	95.6468267099	95.7633067116	95.8797867133	95.9962667151	96.1127467168	96.2292267186	96.3457067203	96.462186722	96.5786667238	96.6951467255	1.37853050532e-06	1.5239554572e-06	1.87610899499e-06	2.32244295741e-06	3.01470287665e-06	3.74585720755e-06	4.72116142455e-06	5.66910837288e-06	6.9150138744e-06	8.11960146411e-06	1.24849716433e-06	3.02329612409e-06	3.8318505816e-06	5.94316542669e-06	6.27708035694e-06	8.37314734236e-06	8.13828068484e-06	1.069630394e-05	1.03415828616e-05	1.31202353614e-05	107.735554982	107.773223675	107.810892369	107.848561063	107.886229757	107.923898451	107.961567144	107.999235838	108.036904532	108.074573226	-6.72514820831	-6.55559210755	-6.38603600679	-6.21647990603	-6.04692380526	-5.8773677045	-5.70781160374	-5.53825550298	-5.36869940221	-5.19914330145	0.218610271846	0.218610271846	0.218610271846	0.218610271846	0.218610271846	0.218610271846	0.218610271846	0.218610271846	0.218610271846	0.218610271846	
6.18333333333	95.6468267099	95.7633067116	95.8797867133	95.9962667151	96.1127467168	96.2292267186	96.3457067203	96.462186722	96.5786667238	96.6951467255	1.37853050532e-06	1.5239554572e-06	1.87610899499e-06	2.32244295741e-06	3.01470287665e-06	3.74585720755e-06	4.72116142455e-06	5.66910837288e-06	6.9150138744e-06	8.11960146411e-06	1.24849716433e-06	3.02329612409e-06	3.8318505816e-06	5.94316542669e-06	6.27708035694e-06	8.37314734236e-06	8.13828068484e-06	1.069630394e-05	1.03415828616e-05	1.31202353614e-05	107.735554982	107.773223675	107.810892369	107.848561063	107.886229757	107.923898451	107.961567144	107.999235838	108.036904532	108.074573226	-6.72514820831	-6.55559210755	-6.38603600679	-6.21647990603	-6.04692380526	-5.8773677045	-5.70781160374	-5.53825550298	-5.36869940221	-5.19914330145	0.218610271846	0.218610271846	0.218610271846	0.218610271846	0.218610271846	0.218610271846	0.218610271846	0.218610271846	0.218610271846	0.218610271846	
6.2	95.6468267099	95.7633067116	95.8797867133	95.9962667151	96.1127467168	96.2292267186	96.3457067203	96.462186722	96.5786667238	96.6951467255	1.37853050532e-06	1.5239554572e-06	1.87610899499e-06	2.32244295741e-06	3.01470287665e-06	3.74585720755e-06	4.72116142455e-06	5.66910837288e-06	6.9150138744e-06	8.11960146411e-06	1.24849716433e-06	3.02329612409e-06	3.8318505816e-06	5.94316542669e-06	6.27708035694e-06	8.37314734236e-06	8.13828068484e-06	1.069630394e-05	1.03415828616e-05	1.31202353614e-05	107.735554982	107.773223675	107.810892369	107.848561063	107.886229757	107.923898451	107.961567144	107.999235838	108.036904532	108.074573226	-6.72514820831	-6.55559210755	-6.38603600679	-6.21647990603	-6.04692380526	-5.8773677045	-5.70781160374	-5.53825550298	-5.36869940221	-5.19914330145	0.218610271846	0.218610271846	0.218610271846	0.218610271846	0.218610271846	0.218610271846	0.218610271846	0.218610271846	0.218610271846	0.218610271846	
6.21666666667	95.6468267099	95.7633067116	95.8797867133	95.9962667151	96.1127467168	96.2292267186	96.3457067203	96.462186722	96.5786667238	96.6951467255	1.37853050532e-06	1.5239554572e-06	1.87610899499e-06	2.32244295741e-06	3.01470287665e-06	3.74585720755e-06	4.72116142455e-06	5.66910837288e-06	6.9150138744e-06	8.11960146411e-06	1.24849716433e-06	3.02329612409e-06	3.8318505816e-06	5.94316542669e-06	6.27708035694e-06	8.37314734236e-06	8.13828068484e-06	1.069630394e-05	1.03415828616e-05	1.31202353614e-05	107.735554982	107.773223675	107.810892369	107.848561063	107.886229757	107.923898451	107.961567144	107.999235838	108.036904532	108.074573226	-6.72514820831	-6.55559210755	-6.38603600679	-6.21647990603	-6.04692380526	-5.8773677045	-5.70781160374	-5.53825550298	-5.36869940221	-5.19914330145	0.218610271846	0.218610271846	0.218610271846	0.218610271846	0.218610271846	0.218610271846	0.218610271846	0.218610271846	0.218610271846	0.218610271846	
6.23333333333	95.6468267099	95.7633067116	95.8797867133	95.9962667151	96.1127467168	96.2292267186	96.3457067203	96.462186722	96.5786667238	96.6951467255	1.37853050532e-06	1.5239554572e-06	1.87610899499e-06	2.32244295741e-06	3.01470287665e-06	3.74585720755e-06	4.72116142455e-06	5.66910837288e-06	6.9150138744e-06	8.11960146411e-06	1.24849716433e-06	3.02329612409e-06	3.8318505816e-06	5.94316542669e-06	6.27708035694e-06	8.37314734236e-06	8.13828068484e-06	1.069630394e-05	1.03415828616e-05	1.31202353614e-05	107.735554982	107.773223675	107.810892369	107.848561063	107.886229757	107.923898451	107.961567144	107.999235838	108.036904532	108.074573226	-6.72514820831	-6.55559210755	-6.38603600679	-6.21647990603	-6.04692380526	-5.8773677045	-5.70781160374	-5.53825550298	-5.36869940221	-5.19914330145	0.218610271846	0.218610271846	0.218610271846	0.218610271846	0.218610271846	0.218610271846	0.218610271846	0.218610271846	0.218610271846	0.218610271846	
6.25	95.6468267099	95.7633067116	95.8797867133	95.9962667151	96.1127467168	96.2292267186	96.3457067203	96.462186722	96.5786667238	96.6951467255	1.37853050532e-06	1.5239554572e-06	1.87610899499e-06	2.32244295741e-06	3.01470287665e-06	3.74585720755e-06	4.72116142455e-06	5.66910837288e-06	6.9150138744e-06	8.11960146411e-06	1.24849716433e-06	3.02329612409e-06	3.8318505816e-06	5.94316542669e-06	6.27708035694e-06	8.37314734236e-06	8.13828068484e-06	1.069630394e-05	1.03415828616e-05	1.31202353614e-05	107.735554982	107.773223675	107.810892369	107.848561063	107.886229757	107.923898451	107.961567144	107.999235838	108.036904532	108.074573226	-6.72514820831	-6.55559210755	-6.38603600679	-6.21647990603	-6.04692380526	-5.8773677045	-5.70781160374	-5.53825550298	-5.36869940221	-5.19914330145	0.218610271846	0.218610271846	0.218610271846	0.218610271846	0.218610271846	0.218610271846	0.218610271846	0.218610271846	0.218610271846	0.218610271846	
6.26666666667	95.6468267099	95.7633067116	95.8797867133	95.9962667151	96.1127467168	96.2292267186	96.3457067203	96.462186722	96.5786667238	96.6951467255	1.37853050532e-06	1.5239554572e-06	1.87610899499e-06	2.32244295741e-06	3.01470287665e-06	3.74585720755e-06	4.72116142455e-06	5.66910837288e-06	6.9150138744e-06	8.11960146411e-06	1.24849716433e-06	3.02329612409e-06	3.8318505816e-06	5.94316542669e-06	6.27708035694e-06	8.37314734236e-06	8.13828068484e-06	1.069630394e-05	1.03415828616e-05	1.31202353614e-05	107.735554982	107.773223675	107.810892369	107.848561063	107.886229757	107.923898451	107.961567144	107.999235838	108.036904532	108.074573226	-6.72514820831	-6.55559210755	-6.38603600679	-6.21647990603	-6.04692380526	-5.8773677045	-5.70781160374	-5.53825550298	-5.36869940221	-5.19914330145	0.218610271846	0.218610271846	0.218610271846	0.218610271846	0.218610271846	0.218610271846	0.218610271846	0.218610271846	0.218610271846	0.218610271846	
6.28333333333	95.6468267099	95.7633067116	95.8797867133	95.9962667151	96.1127467168	96.2292267186	96.3457067203	96.462186722	96.5786667238	96.6951467255	1.37853050532e-06	1.5239554572e-06	1.87610899499e-06	2.32244295741e-06	3.01470287665e-06	3.74585720755e-06	4.72116142455e-06	5.66910837288e-06	6.9150138744e-06	8.11960146411e-06	1.24849716433e-06	3.02329612409e-06	3.8318505816e-06	5.94316542669e-06	6.27708035694e-06	8.37314734236e-06	8.13828068484e-06	1.069630394e-05	1.03415828616e-05	1.31202353614e-05	107.735554982	107.773223675	107.810892369	107.848561063	107.886229757	107.923898451	107.961567144	107.999235838	108.036904532	108.074573226	-6.72514820831	-6.55559210755	-6.38603600679	-6.21647990603	-6.04692380526	-5.8773677045	-5.70781160374	-5.53825550298	-5.36869940221	-5.19914330145	0.218610271846	0.218610271846	0.218610271846	0.218610271846	0.218610271846	0.218610271846	0.218610271846	0.218610271846	0.218610271846	0.218610271846	
6.3	95.6468267099	95.7633067116	95.8797867133	95.9962667151	96.1127467168	96.2292267186	96.3457067203	96.462186722	96.5786667238	96.6951467255	1.37853050532e-06	1.5239554572e-06	1.87610899499e-06	2.32244295741e-06	3.01470287665e-06	3.74585720755e-06	4.72116142455e-06	5.66910837288e-06	6.9150138744e-06	8.11960146411e-06	1.24849716433e-06	3.02329612409e-06	3.8318505816e-06	5.94316542669e-06	6.27708035694e-06	8.37314734236e-06	8.13828068484e-06	1.069630394e-05	1.03415828616e-05	1.31202353614e-05	107.735554982	107.773223675	107.810892369	107.848561063	107.886229757	107.923898451	107.961567144	107.999235838	108.036904532	108.074573226	-6.72514820831	-6.55559210755	-6.38603600679	-6.21647990603	-6.04692380526	-5.8773677045	-5.70781160374	-5.53825550298	-5.36869940221	-5.19914330145	0.218610271846	0.218610271846	0.218610271846	0.218610271846	0.218610271846	0.218610271846	0.218610271846	0.218610271846	0.218610271846	0.218610271846	
6.31666666667	95.6468267099	95.7633067116	95.8797867133	95.9962667151	96.1127467168	96.2292267186	96.3457067203	96.462186722	96.5786667238	96.6951467255	1.37853050532e-06	1.5239554572e-06	1.87610899499e-06	2.32244295741e-06	3.01470287665e-06	3.74585720755e-06	4.72116142455e-06	5.66910837288e-06	6.9150138744e-06	8.11960146411e-06	1.24849716433e-06	3.02329612409e-06	3.8318505816e-06	5.94316542669e-06	6.27708035694e-06	8.37314734236e-06	8.13828068484e-06	1.069630394e-05	1.03415828616e-05	1.31202353614e-05	107.735554982	107.773223675	107.810892369	107.848561063	107.886229757	107.923898451	107.961567144	107.999235838	108.036904532	108.074573226	-6.72514820831	-6.55559210755	-6.38603600679	-6.21647990603	-6.04692380526	-5.8773677045	-5.70781160374	-5.53825550298	-5.36869940221	-5.19914330145	0.218610271846	0.218610271846	0.218610271846	0.218610271846	0.218610271846	0.218610271846	0.218610271846	0.218610271846	0.218610271846	0.218610271846	
6.33333333333	95.6468267099	95.7633067116	95.8797867133	95.9962667151	96.1127467168	96.2292267186	96.3457067203	96.462186722	96.5786667238	96.6951467255	1.37853050532e-06	1.5239554572e-06	1.87610899499e-06	2.32244295741e-06	3.01470287665e-06	3.74585720755e-06	4.72116142455e-06	5.66910837288e-06	6.9150138744e-06	8.11960146411e-06	1.24849716433e-06	3.02329612409e-06	3.8318505816e-06	5.94316542669e-06	6.27708035694e-06	8.37314734236e-06	8.13828068484e-06	1.069630394e-05	1.03415828616e-05	1.31202353614e-05	107.735554982	107.773223675	107.810892369	107.848561063	107.886229757	107.923898451	107.961567144	107.999235838	108.036904532	108.074573226	-6.72514820831	-6.55559210755	-6.38603600679	-6.21647990603	-6.04692380526	-5.8773677045	-5.70781160374	-5.53825550298	-5.36869940221	-5.19914330145	0.218610271846	0.218610271846	0.218610271846	0.218610271846	0.218610271846	0.218610271846	0.218610271846	0.218610271846	0.218610271846	0.218610271846	
6.35	95.6468267099	95.7633067116	95.8797867133	95.9962667151	96.1127467168	96.2292267186	96.3457067203	96.462186722	96.5786667238	96.6951467255	1.37853050532e-06	1.5239554572e-06	1.87610899499e-06	2.32244295741e-06	3.01470287665e-06	3.74585720755e-06	4.72116142455e-06	5.66910837288e-06	6.9150138744e-06	8.11960146411e-06	1.24849716433e-06	3.02329612409e-06	3.8318505816e-06	5.94316542669e-06	6.27708035694e-06	8.37314734236e-06	8.13828068484e-06	1.069630394e-05	1.03415828616e-05	1.31202353614e-05	107.735554982	107.773223675	107.810892369	107.848561063	107.886229757	107.923898451	107.961567144	107.999235838	108.036904532	108.074573226	-6.72514820831	-6.55559210755	-6.38603600679	-6.21647990603	-6.04692380526	-5.8773677045	-5.70781160374	-5.53825550298	-5.36869940221	-5.19914330145	0.218610271846	0.218610271846	0.218610271846	0.218610271846	0.218610271846	0.218610271846	0.218610271846	0.218610271846	0.218610271846	0.218610271846	
6.36666666667	95.6468267099	95.7633067116	95.8797867133	95.9962667151	96.1127467168	96.2292267186	96.3457067203	96.462186722	96.5786667238	96.6951467255	1.37853050532e-06	1.5239554572e-06	1.87610899499e-06	2.32244295741e-06	3.01470287665e-06	3.74585720755e-06	4.72116142455e-06	5.66910837288e-06	6.9150138744e-06	8.11960146411e-06	1.24849716433e-06	3.02329612409e-06	3.8318505816e-06	5.94316542669e-06	6.27708035694e-06	8.37314734236e-06	8.13828068484e-06	1.069630394e-05	1.03415828616e-05	1.31202353614e-05	107.735554982	107.773223675	107.810892369	107.848561063	107.886229757	107.923898451	107.961567144	107.999235838	108.036904532	108.074573226	-6.72514820831	-6.55559210755	-6.38603600679	-6.21647990603	-6.04692380526	-5.8773677045	-5.70781160374	-5.53825550298	-5.36869940221	-5.19914330145	0.218610271846	0.218610271846	0.218610271846	0.218610271846	0.218610271846	0.218610271846	0.218610271846	0.218610271846	0.218610271846	0.218610271846	
6.38333333333	95.6468267099	95.7633067116	95.8797867133	95.9962667151	96.1127467168	96.2292267186	96.3457067203	96.462186722	96.5786667238	96.6951467255	1.37853050532e-06	1.5239554572e-06	1.87610899499e-06	2.32244295741e-06	3.01470287665e-06	3.74585720755e-06	4.72116142455e-06	5.66910837288e-06	6.9150138744e-06	8.11960146411e-06	1.24849716433e-06	3.02329612409e-06	3.8318505816e-06	5.94316542669e-06	6.27708035694e-06	8.37314734236e-06	8.13828068484e-06	1.069630394e-05	1.03415828616e-05	1.31202353614e-05	107.735554982	107.773223675	107.810892369	107.848561063	107.886229757	107.923898451	107.961567144	107.999235838	108.036904532	108.074573226	-6.72514820831	-6.55559210755	-6.38603600679	-6.21647990603	-6.04692380526	-5.8773677045	-5.70781160374	-5.53825550298	-5.36869940221	-5.19914330145	0.218610271846	0.218610271846	0.218610271846	0.218610271846	0.218610271846	0.218610271846	0.218610271846	0.218610271846	0.218610271846	0.218610271846	
6.4	95.6468267099	95.7633067116	95.8797867133	95.9962667151	96.1127467168	96.2292267186	96.3457067203	96.462186722	96.5786667238	96.6951467255	1.37853050532e-06	1.5239554572e-06	1.87610899499e-06	2.32244295741e-06	3.01470287665e-06	3.74585720755e-06	4.72116142455e-06	5.66910837288e-06	6.9150138744e-06	8.11960146411e-06	1.24849716433e-06	3.02329612409e-06	3.8318505816e-06	5.94316542669e-06	6.27708035694e-06	8.37314734236e-06	8.13828068484e-06	1.069630394e-05	1.03415828616e-05	1.31202353614e-05	107.735554982	107.773223675	107.810892369	107.848561063	107.886229757	107.923898451	107.961567144	107.999235838	108.036904532	108.074573226	-6.72514820831	-6.55559210755	-6.38603600679	-6.21647990603	-6.04692380526	-5.8773677045	-5.70781160374	-5.53825550298	-5.36869940221	-5.19914330145	0.218610271846	0.218610271846	0.218610271846	0.218610271846	0.218610271846	0.218610271846	0.218610271846	0.218610271846	0.218610271846	0.218610271846	
6.41666666667	95.6468267099	95.7633067116	95.8797867133	95.9962667151	96.1127467168	96.2292267186	96.3457067203	96.462186722	96.5786667238	96.6951467255	1.37853050532e-06	1.5239554572e-06	1.87610899499e-06	2.32244295741e-06	3.01470287665e-06	3.74585720755e-06	4.72116142455e-06	5.66910837288e-06	6.9150138744e-06	8.11960146411e-06	1.24849716433e-06	3.02329612409e-06	3.8318505816e-06	5.94316542669e-06	6.27708035694e-06	8.37314734236e-06	8.13828068484e-06	1.069630394e-05	1.03415828616e-05	1.31202353614e-05	107.735554982	107.773223675	107.810892369	107.848561063	107.886229757	107.923898451	107.961567144	107.999235838	108.036904532	108.074573226	-6.72514820831	-6.55559210755	-6.38603600679	-6.21647990603	-6.04692380526	-5.8773677045	-5.70781160374	-5.53825550298	-5.36869940221	-5.19914330145	0.218610271846	0.218610271846	0.218610271846	0.218610271846	0.218610271846	0.218610271846	0.218610271846	0.218610271846	0.218610271846	0.218610271846	
6.43333333333	95.6468267099	95.7633067116	95.8797867133	95.9962667151	96.1127467168	96.2292267186	96.3457067203	96.462186722	96.5786667238	96.6951467255	1.37853050532e-06	1.5239554572e-06	1.87610899499e-06	2.32244295741e-06	3.01470287665e-06	3.74585720755e-06	4.72116142455e-06	5.66910837288e-06	6.9150138744e-06	8.11960146411e-06	1.24849716433e-06	3.02329612409e-06	3.8318505816e-06	5.94316542669e-06	6.27708035694e-06	8.37314734236e-06	8.13828068484e-06	1.069630394e-05	1.03415828616e-05	1.31202353614e-05	107.735554982	107.773223675	107.810892369	107.848561063	107.886229757	107.923898451	107.961567144	107.999235838	108.036904532	108.074573226	-6.72514820831	-6.55559210755	-6.38603600679	-6.21647990603	-6.04692380526	-5.8773677045	-5.70781160374	-5.53825550298	-5.36869940221	-5.19914330145	0.218610271846	0.218610271846	0.218610271846	0.218610271846	0.218610271846	0.218610271846	0.218610271846	0.218610271846	0.218610271846	0.218610271846	
6.45	95.6468267099	95.7633067116	95.8797867133	95.9962667151	96.1127467168	96.2292267186	96.3457067203	96.462186722	96.5786667238	96.6951467255	1.37853050532e-06	1.5239554572e-06	1.87610899499e-06	2.32244295741e-06	3.01470287665e-06	3.74585720755e-06	4.72116142455e-06	5.66910837288e-06	6.9150138744e-06	8.11960146411e-06	1.24849716433e-06	3.02329612409e-06	3.8318505816e-06	5.94316542669e-06	6.27708035694e-06	8.37314734236e-06	8.13828068484e-06	1.069630394e-05	1.03415828616e-05	1.31202353614e-05	107.735554982	107.773223675	107.810892369	107.848561063	107.886229757	107.923898451	107.961567144	107.999235838	108.036904532	108.074573226	-6.72514820831	-6.55559210755	-6.38603600679	-6.21647990603	-6.04692380526	-5.8773677045	-5.70781160374	-5.53825550298	-5.36869940221	-5.19914330145	0.218610271846	0.218610271846	0.218610271846	0.218610271846	0.218610271846	0.218610271846	0.218610271846	0.218610271846	0.218610271846	0.218610271846	
6.46666666667	95.6468267099	95.7633067116	95.8797867133	95.9962667151	96.1127467168	96.2292267186	96.3457067203	96.462186722	96.5786667238	96.6951467255	1.37853050532e-06	1.5239554572e-06	1.87610899499e-06	2.32244295741e-06	3.01470287665e-06	3.74585720755e-06	4.72116142455e-06	5.66910837288e-06	6.9150138744e-06	8.11960146411e-06	1.24849716433e-06	3.02329612409e-06	3.8318505816e-06	5.94316542669e-06	6.27708035694e-06	8.37314734236e-06	8.13828068484e-06	1.069630394e-05	1.03415828616e-05	1.31202353614e-05	107.735554982	107.773223675	107.810892369	107.848561063	107.886229757	107.923898451	107.961567144	107.999235838	108.036904532	108.074573226	-6.72514820831	-6.55559210755	-6.38603600679	-6.21647990603	-6.04692380526	-5.8773677045	-5.70781160374	-5.53825550298	-5.36869940221	-5.19914330145	0.218610271846	0.218610271846	0.218610271846	0.218610271846	0.218610271846	0.218610271846	0.218610271846	0.218610271846	0.218610271846	0.218610271846	
6.48333333333	95.6468267099	95.7633067116	95.8797867133	95.9962667151	96.1127467168	96.2292267186	96.3457067203	96.462186722	96.5786667238	96.6951467255	1.37853050532e-06	1.5239554572e-06	1.87610899499e-06	2.32244295741e-06	3.01470287665e-06	3.74585720755e-06	4.72116142455e-06	5.66910837288e-06	6.9150138744e-06	8.11960146411e-06	1.24849716433e-06	3.02329612409e-06	3.8318505816e-06	5.94316542669e-06	6.27708035694e-06	8.37314734236e-06	8.13828068484e-06	1.069630394e-05	1.03415828616e-05	1.31202353614e-05	107.735554982	107.773223675	107.810892369	107.848561063	107.886229757	107.923898451	107.961567144	107.999235838	108.036904532	108.074573226	-6.72514820831	-6.55559210755	-6.38603600679	-6.21647990603	-6.04692380526	-5.8773677045	-5.70781160374	-5.53825550298	-5.36869940221	-5.19914330145	0.218610271846	0.218610271846	0.218610271846	0.218610271846	0.218610271846	0.218610271846	0.218610271846	0.218610271846	0.218610271846	0.218610271846	
6.5	95.6468267099	95.7633067116	95.8797867133	95.9962667151	96.1127467168	96.2292267186	96.3457067203	96.462186722	96.5786667238	96.6951467255	1.37853050532e-06	1.5239554572e-06	1.87610899499e-06	2.32244295741e-06	3.01470287665e-06	3.74585720755e-06	4.72116142455e-06	5.66910837288e-06	6.9150138744e-06	8.11960146411e-06	1.24849716433e-06	3.02329612409e-06	3.8318505816e-06	5.94316542669e-06	6.27708035694e-06	8.37314734236e-06	8.13828068484e-06	1.069630394e-05	1.03415828616e-05	1.31202353614e-05	107.735554982	107.773223675	107.810892369	107.848561063	107.886229757	107.923898451	107.961567144	107.999235838	108.036904532	108.074573226	-6.72514820831	-6.55559210755	-6.38603600679	-6.21647990603	-6.04692380526	-5.8773677045	-5.70781160374	-5.53825550298	-5.36869940221	-5.19914330145	0.218610271846	0.218610271846	0.218610271846	0.218610271846	0.218610271846	0.218610271846	0.218610271846	0.218610271846	0.218610271846	0.218610271846	
6.51666666667	95.6468267099	95.7633067116	95.8797867133	95.9962667151	96.1127467168	96.2292267186	96.3457067203	96.462186722	96.5786667238	96.6951467255	1.37853050532e-06	1.5239554572e-06	1.87610899499e-06	2.32244295741e-06	3.01470287665e-06	3.74585720755e-06	4.72116142455e-06	5.66910837288e-06	6.9150138744e-06	8.11960146411e-06	1.24849716433e-06	3.02329612409e-06	3.8318505816e-06	5.94316542669e-06	6.27708035694e-06	8.37314734236e-06	8.13828068484e-06	1.069630394e-05	1.03415828616e-05	1.31202353614e-05	107.735554982	107.773223675	107.810892369	107.848561063	107.886229757	107.923898451	107.961567144	107.999235838	108.036904532	108.074573226	-6.72514820831	-6.55559210755	-6.38603600679	-6.21647990603	-6.04692380526	-5.8773677045	-5.70781160374	-5.53825550298	-5.36869940221	-5.19914330145	0.218610271846	0.218610271846	0.218610271846	0.218610271846	0.218610271846	0.218610271846	0.218610271846	0.218610271846	0.218610271846	0.218610271846	
6.53333333333	95.6468267099	95.7633067116	95.8797867133	95.9962667151	96.1127467168	96.2292267186	96.3457067203	96.462186722	96.5786667238	96.6951467255	1.37853050532e-06	1.5239554572e-06	1.87610899499e-06	2.32244295741e-06	3.01470287665e-06	3.74585720755e-06	4.72116142455e-06	5.66910837288e-06	6.9150138744e-06	8.11960146411e-06	1.24849716433e-06	3.02329612409e-06	3.8318505816e-06	5.94316542669e-06	6.27708035694e-06	8.37314734236e-06	8.13828068484e-06	1.069630394e-05	1.03415828616e-05	1.31202353614e-05	107.735554982	107.773223675	107.810892369	107.848561063	107.886229757	107.923898451	107.961567144	107.999235838	108.036904532	108.074573226	-6.72514820831	-6.55559210755	-6.38603600679	-6.21647990603	-6.04692380526	-5.8773677045	-5.70781160374	-5.53825550298	-5.36869940221	-5.19914330145	0.218610271846	0.218610271846	0.218610271846	0.218610271846	0.218610271846	0.218610271846	0.218610271846	0.218610271846	0.218610271846	0.218610271846	
6.55	95.6468267099	95.7633067116	95.8797867133	95.9962667151	96.1127467168	96.2292267186	96.3457067203	96.462186722	96.5786667238	96.6951467255	1.37853050532e-06	1.5239554572e-06	1.87610899499e-06	2.32244295741e-06	3.01470287665e-06	3.74585720755e-06	4.72116142455e-06	5.66910837288e-06	6.9150138744e-06	8.11960146411e-06	1.24849716433e-06	3.02329612409e-06	3.8318505816e-06	5.94316542669e-06	6.27708035694e-06	8.37314734236e-06	8.13828068484e-06	1.069630394e-05	1.03415828616e-05	1.31202353614e-05	107.735554982	107.773223675	107.810892369	107.848561063	107.886229757	107.923898451	107.961567144	107.999235838	108.036904532	108.074573226	-6.72514820831	-6.55559210755	-6.38603600679	-6.21647990603	-6.04692380526	-5.8773677045	-5.70781160374	-5.53825550298	-5.36869940221	-5.19914330145	0.218610271846	0.218610271846	0.218610271846	0.218610271846	0.218610271846	0.218610271846	0.218610271846	0.218610271846	0.218610271846	0.218610271846	
6.56666666667	95.6468267099	95.7633067116	95.8797867133	95.9962667151	96.1127467168	96.2292267186	96.3457067203	96.462186722	96.5786667238	96.6951467255	1.37853050532e-06	1.5239554572e-06	1.87610899499e-06	2.32244295741e-06	3.01470287665e-06	3.74585720755e-06	4.72116142455e-06	5.66910837288e-06	6.9150138744e-06	8.11960146411e-06	1.24849716433e-06	3.02329612409e-06	3.8318505816e-06	5.94316542669e-06	6.27708035694e-06	8.37314734236e-06	8.13828068484e-06	1.069630394e-05	1.03415828616e-05	1.31202353614e-05	107.735554982	107.773223675	107.810892369	107.848561063	107.886229757	107.923898451	107.961567144	107.999235838	108.036904532	108.074573226	-6.72514820831	-6.55559210755	-6.38603600679	-6.21647990603	-6.04692380526	-5.8773677045	-5.70781160374	-5.53825550298	-5.36869940221	-5.19914330145	0.218610271846	0.218610271846	0.218610271846	0.218610271846	0.218610271846	0.218610271846	0.218610271846	0.218610271846	0.218610271846	0.218610271846	
6.58333333333	95.6468267099	95.7633067116	95.8797867133	95.9962667151	96.1127467168	96.2292267186	96.3457067203	96.462186722	96.5786667238	96.6951467255	1.37853050532e-06	1.5239554572e-06	1.87610899499e-06	2.32244295741e-06	3.01470287665e-06	3.74585720755e-06	4.72116142455e-06	5.66910837288e-06	6.9150138744e-06	8.11960146411e-06	1.24849716433e-06	3.02329612409e-06	3.8318505816e-06	5.94316542669e-06	6.27708035694e-06	8.37314734236e-06	8.13828068484e-06	1.069630394e-05	1.03415828616e-05	1.31202353614e-05	107.735554982	107.773223675	107.810892369	107.848561063	107.886229757	107.923898451	107.961567144	107.999235838	108.036904532	108.074573226	-6.72514820831	-6.55559210755	-6.38603600679	-6.21647990603	-6.04692380526	-5.8773677045	-5.70781160374	-5.53825550298	-5.36869940221	-5.19914330145	0.218610271846	0.218610271846	0.218610271846	0.218610271846	0.218610271846	0.218610271846	0.218610271846	0.218610271846	0.218610271846	0.218610271846	
6.6	95.6468267099	95.7633067116	95.8797867133	95.9962667151	96.1127467168	96.2292267186	96.3457067203	96.462186722	96.5786667238	96.6951467255	1.37853050532e-06	1.5239554572e-06	1.87610899499e-06	2.32244295741e-06	3.01470287665e-06	3.74585720755e-06	4.72116142455e-06	5.66910837288e-06	6.9150138744e-06	8.11960146411e-06	1.24849716433e-06	3.02329612409e-06	3.8318505816e-06	5.94316542669e-06	6.27708035694e-06	8.37314734236e-06	8.13828068484e-06	1.069630394e-05	1.03415828616e-05	1.31202353614e-05	107.735554982	107.773223675	107.810892369	107.848561063	107.886229757	107.923898451	107.961567144	107.999235838	108.036904532	108.074573226	-6.72514820831	-6.55559210755	-6.38603600679	-6.21647990603	-6.04692380526	-5.8773677045	-5.70781160374	-5.53825550298	-5.36869940221	-5.19914330145	0.218610271846	0.218610271846	0.218610271846	0.218610271846	0.218610271846	0.218610271846	0.218610271846	0.218610271846	0.218610271846	0.218610271846	
6.61666666667	95.6468267099	95.7633067116	95.8797867133	95.9962667151	96.1127467168	96.2292267186	96.3457067203	96.462186722	96.5786667238	96.6951467255	1.37853050532e-06	1.5239554572e-06	1.87610899499e-06	2.32244295741e-06	3.01470287665e-06	3.74585720755e-06	4.72116142455e-06	5.66910837288e-06	6.9150138744e-06	8.11960146411e-06	1.24849716433e-06	3.02329612409e-06	3.8318505816e-06	5.94316542669e-06	6.27708035694e-06	8.37314734236e-06	8.13828068484e-06	1.069630394e-05	1.03415828616e-05	1.31202353614e-05	107.735554982	107.773223675	107.810892369	107.848561063	107.886229757	107.923898451	107.961567144	107.999235838	108.036904532	108.074573226	-6.72514820831	-6.55559210755	-6.38603600679	-6.21647990603	-6.04692380526	-5.8773677045	-5.70781160374	-5.53825550298	-5.36869940221	-5.19914330145	0.218610271846	0.218610271846	0.218610271846	0.218610271846	0.218610271846	0.218610271846	0.218610271846	0.218610271846	0.218610271846	0.218610271846	
6.63333333333	95.6468267099	95.7633067116	95.8797867133	95.9962667151	96.1127467168	96.2292267186	96.3457067203	96.462186722	96.5786667238	96.6951467255	1.37853050532e-06	1.5239554572e-06	1.87610899499e-06	2.32244295741e-06	3.01470287665e-06	3.74585720755e-06	4.72116142455e-06	5.66910837288e-06	6.9150138744e-06	8.11960146411e-06	1.24849716433e-06	3.02329612409e-06	3.8318505816e-06	5.94316542669e-06	6.27708035694e-06	8.37314734236e-06	8.13828068484e-06	1.069630394e-05	1.03415828616e-05	1.31202353614e-05	107.735554982	107.773223675	107.810892369	107.848561063	107.886229757	107.923898451	107.961567144	107.999235838	108.036904532	108.074573226	-6.72514820831	-6.55559210755	-6.38603600679	-6.21647990603	-6.04692380526	-5.8773677045	-5.70781160374	-5.53825550298	-5.36869940221	-5.19914330145	0.218610271846	0.218610271846	0.218610271846	0.218610271846	0.218610271846	0.218610271846	0.218610271846	0.218610271846	0.218610271846	0.218610271846	
6.65	95.6468267099	95.7633067116	95.8797867133	95.9962667151	96.1127467168	96.2292267186	96.3457067203	96.462186722	96.5786667238	96.6951467255	1.37853050532e-06	1.5239554572e-06	1.87610899499e-06	2.32244295741e-06	3.01470287665e-06	3.74585720755e-06	4.72116142455e-06	5.66910837288e-06	6.9150138744e-06	8.11960146411e-06	1.24849716433e-06	3.02329612409e-06	3.8318505816e-06	5.94316542669e-06	6.27708035694e-06	8.37314734236e-06	8.13828068484e-06	1.069630394e-05	1.03415828616e-05	1.31202353614e-05	107.735554982	107.773223675	107.810892369	107.848561063	107.886229757	107.923898451	107.961567144	107.999235838	108.036904532	108.074573226	-6.72514820831	-6.55559210755	-6.38603600679	-6.21647990603	-6.04692380526	-5.8773677045	-5.70781160374	-5.53825550298	-5.36869940221	-5.19914330145	0.218610271846	0.218610271846	0.218610271846	0.218610271846	0.218610271846	0.218610271846	0.218610271846	0.218610271846	0.218610271846	0.218610271846	
6.66666666667	95.6468267099	95.7633067116	95.8797867133	95.9962667151	96.1127467168	96.2292267186	96.3457067203	96.462186722	96.5786667238	96.6951467255	1.37853050532e-06	1.5239554572e-06	1.87610899499e-06	2.32244295741e-06	3.01470287665e-06	3.74585720755e-06	4.72116142455e-06	5.66910837288e-06	6.9150138744e-06	8.11960146411e-06	1.24849716433e-06	3.02329612409e-06	3.8318505816e-06	5.94316542669e-06	6.27708035694e-06	8.37314734236e-06	8.13828068484e-06	1.069630394e-05	1.03415828616e-05	1.31202353614e-05	107.735554982	107.773223675	107.810892369	107.848561063	107.886229757	107.923898451	107.961567144	107.999235838	108.036904532	108.074573226	-6.72514820831	-6.55559210755	-6.38603600679	-6.21647990603	-6.04692380526	-5.8773677045	-5.70781160374	-5.53825550298	-5.36869940221	-5.19914330145	0.218610271846	0.218610271846	0.218610271846	0.218610271846	0.218610271846	0.218610271846	0.218610271846	0.218610271846	0.218610271846	0.218610271846	
6.68333333333	95.6468267099	95.7633067116	95.8797867133	95.9962667151	96.1127467168	96.2292267186	96.3457067203	96.462186722	96.5786667238	96.6951467255	1.37853050532e-06	1.5239554572e-06	1.87610899499e-06	2.32244295741e-06	3.01470287665e-06	3.74585720755e-06	4.72116142455e-06	5.66910837288e-06	6.9150138744e-06	8.11960146411e-06	1.24849716433e-06	3.02329612409e-06	3.8318505816e-06	5.94316542669e-06	6.27708035694e-06	8.37314734236e-06	8.13828068484e-06	1.069630394e-05	1.03415828616e-05	1.31202353614e-05	107.735554982	107.773223675	107.810892369	107.848561063	107.886229757	107.923898451	107.961567144	107.999235838	108.036904532	108.074573226	-6.72514820831	-6.55559210755	-6.38603600679	-6.21647990603	-6.04692380526	-5.8773677045	-5.70781160374	-5.53825550298	-5.36869940221	-5.19914330145	0.218610271846	0.218610271846	0.218610271846	0.218610271846	0.218610271846	0.218610271846	0.218610271846	0.218610271846	0.218610271846	0.218610271846	
6.7	95.6468267099	95.7633067116	95.8797867133	95.9962667151	96.1127467168	96.2292267186	96.3457067203	96.462186722	96.5786667238	96.6951467255	1.37853050532e-06	1.5239554572e-06	1.87610899499e-06	2.32244295741e-06	3.01470287665e-06	3.74585720755e-06	4.72116142455e-06	5.66910837288e-06	6.9150138744e-06	8.11960146411e-06	1.24849716433e-06	3.02329612409e-06	3.8318505816e-06	5.94316542669e-06	6.27708035694e-06	8.37314734236e-06	8.13828068484e-06	1.069630394e-05	1.03415828616e-05	1.31202353614e-05	107.735554982	107.773223675	107.810892369	107.848561063	107.886229757	107.923898451	107.961567144	107.999235838	108.036904532	108.074573226	-6.72514820831	-6.55559210755	-6.38603600679	-6.21647990603	-6.04692380526	-5.8773677045	-5.70781160374	-5.53825550298	-5.36869940221	-5.19914330145	0.218610271846	0.218610271846	0.218610271846	0.218610271846	0.218610271846	0.218610271846	0.218610271846	0.218610271846	0.218610271846	0.218610271846	
6.71666666667	95.6468267099	95.7633067116	95.8797867133	95.9962667151	96.1127467168	96.2292267186	96.3457067203	96.462186722	96.5786667238	96.6951467255	1.37853050532e-06	1.5239554572e-06	1.87610899499e-06	2.32244295741e-06	3.01470287665e-06	3.74585720755e-06	4.72116142455e-06	5.66910837288e-06	6.9150138744e-06	8.11960146411e-06	1.24849716433e-06	3.02329612409e-06	3.8318505816e-06	5.94316542669e-06	6.27708035694e-06	8.37314734236e-06	8.13828068484e-06	1.069630394e-05	1.03415828616e-05	1.31202353614e-05	107.735554982	107.773223675	107.810892369	107.848561063	107.886229757	107.923898451	107.961567144	107.999235838	108.036904532	108.074573226	-6.72514820831	-6.55559210755	-6.38603600679	-6.21647990603	-6.04692380526	-5.8773677045	-5.70781160374	-5.53825550298	-5.36869940221	-5.19914330145	0.218610271846	0.218610271846	0.218610271846	0.218610271846	0.218610271846	0.218610271846	0.218610271846	0.218610271846	0.218610271846	0.218610271846	
6.73333333333	95.6468267099	95.7633067116	95.8797867133	95.9962667151	96.1127467168	96.2292267186	96.3457067203	96.462186722	96.5786667238	96.6951467255	1.37853050532e-06	1.5239554572e-06	1.87610899499e-06	2.32244295741e-06	3.01470287665e-06	3.74585720755e-06	4.72116142455e-06	5.66910837288e-06	6.9150138744e-06	8.11960146411e-06	1.24849716433e-06	3.02329612409e-06	3.8318505816e-06	5.94316542669e-06	6.27708035694e-06	8.37314734236e-06	8.13828068484e-06	1.069630394e-05	1.03415828616e-05	1.31202353614e-05	107.735554982	107.773223675	107.810892369	107.848561063	107.886229757	107.923898451	107.961567144	107.999235838	108.036904532	108.074573226	-6.72514820831	-6.55559210755	-6.38603600679	-6.21647990603	-6.04692380526	-5.8773677045	-5.70781160374	-5.53825550298	-5.36869940221	-5.19914330145	0.218610271846	0.218610271846	0.218610271846	0.218610271846	0.218610271846	0.218610271846	0.218610271846	0.218610271846	0.218610271846	0.218610271846	
6.75	95.6468267099	95.7633067116	95.8797867133	95.9962667151	96.1127467168	96.2292267186	96.3457067203	96.462186722	96.5786667238	96.6951467255	1.37853050532e-06	1.5239554572e-06	1.87610899499e-06	2.32244295741e-06	3.01470287665e-06	3.74585720755e-06	4.72116142455e-06	5.66910837288e-06	6.9150138744e-06	8.11960146411e-06	1.24849716433e-06	3.02329612409e-06	3.8318505816e-06	5.94316542669e-06	6.27708035694e-06	8.37314734236e-06	8.13828068484e-06	1.069630394e-05	1.03415828616e-05	1.31202353614e-05	107.735554982	107.773223675	107.810892369	107.848561063	107.886229757	107.923898451	107.961567144	107.999235838	108.036904532	108.074573226	-6.72514820831	-6.55559210755	-6.38603600679	-6.21647990603	-6.04692380526	-5.8773677045	-5.70781160374	-5.53825550298	-5.36869940221	-5.19914330145	0.218610271846	0.218610271846	0.218610271846	0.218610271846	0.218610271846	0.218610271846	0.218610271846	0.218610271846	0.218610271846	0.218610271846	
6.76666666667	95.6468267099	95.7633067116	95.8797867133	95.9962667151	96.1127467168	96.2292267186	96.3457067203	96.462186722	96.5786667238	96.6951467255	1.37853050532e-06	1.5239554572e-06	1.87610899499e-06	2.32244295741e-06	3.01470287665e-06	3.74585720755e-06	4.72116142455e-06	5.66910837288e-06	6.9150138744e-06	8.11960146411e-06	1.24849716433e-06	3.02329612409e-06	3.8318505816e-06	5.94316542669e-06	6.27708035694e-06	8.37314734236e-06	8.13828068484e-06	1.069630394e-05	1.03415828616e-05	1.31202353614e-05	107.735554982	107.773223675	107.810892369	107.848561063	107.886229757	107.923898451	107.961567144	107.999235838	108.036904532	108.074573226	-6.72514820831	-6.55559210755	-6.38603600679	-6.21647990603	-6.04692380526	-5.8773677045	-5.70781160374	-5.53825550298	-5.36869940221	-5.19914330145	0.218610271846	0.218610271846	0.218610271846	0.218610271846	0.218610271846	0.218610271846	0.218610271846	0.218610271846	0.218610271846	0.218610271846	
6.78333333333	95.6468267099	95.7633067116	95.8797867133	95.9962667151	96.1127467168	96.2292267186	96.3457067203	96.462186722	96.5786667238	96.6951467255	1.37853050532e-06	1.5239554572e-06	1.87610899499e-06	2.32244295741e-06	3.01470287665e-06	3.74585720755e-06	4.72116142455e-06	5.66910837288e-06	6.9150138744e-06	8.11960146411e-06	1.24849716433e-06	3.02329612409e-06	3.8318505816e-06	5.94316542669e-06	6.27708035694e-06	8.37314734236e-06	8.13828068484e-06	1.069630394e-05	1.03415828616e-05	1.31202353614e-05	107.735554982	107.773223675	107.810892369	107.848561063	107.886229757	107.923898451	107.961567144	107.999235838	108.036904532	108.074573226	-6.72514820831	-6.55559210755	-6.38603600679	-6.21647990603	-6.04692380526	-5.8773677045	-5.70781160374	-5.53825550298	-5.36869940221	-5.19914330145	0.218610271846	0.218610271846	0.218610271846	0.218610271846	0.218610271846	0.218610271846	0.218610271846	0.218610271846	0.218610271846	0.218610271846	
6.8	95.6468267099	95.7633067116	95.8797867133	95.9962667151	96.1127467168	96.2292267186	96.3457067203	96.462186722	96.5786667238	96.6951467255	1.37853050532e-06	1.5239554572e-06	1.87610899499e-06	2.32244295741e-06	3.01470287665e-06	3.74585720755e-06	4.72116142455e-06	5.66910837288e-06	6.9150138744e-06	8.11960146411e-06	1.24849716433e-06	3.02329612409e-06	3.8318505816e-06	5.94316542669e-06	6.27708035694e-06	8.37314734236e-06	8.13828068484e-06	1.069630394e-05	1.03415828616e-05	1.31202353614e-05	107.735554982	107.773223675	107.810892369	107.848561063	107.886229757	107.923898451	107.961567144	107.999235838	108.036904532	108.074573226	-6.72514820831	-6.55559210755	-6.38603600679	-6.21647990603	-6.04692380526	-5.8773677045	-5.70781160374	-5.53825550298	-5.36869940221	-5.19914330145	0.218610271846	0.218610271846	0.218610271846	0.218610271846	0.218610271846	0.218610271846	0.218610271846	0.218610271846	0.218610271846	0.218610271846	
6.81666666667	95.6468267099	95.7633067116	95.8797867133	95.9962667151	96.1127467168	96.2292267186	96.3457067203	96.462186722	96.5786667238	96.6951467255	1.37853050532e-06	1.5239554572e-06	1.87610899499e-06	2.32244295741e-06	3.01470287665e-06	3.74585720755e-06	4.72116142455e-06	5.66910837288e-06	6.9150138744e-06	8.11960146411e-06	1.24849716433e-06	3.02329612409e-06	3.8318505816e-06	5.94316542669e-06	6.27708035694e-06	8.37314734236e-06	8.13828068484e-06	1.069630394e-05	1.03415828616e-05	1.31202353614e-05	107.735554982	107.773223675	107.810892369	107.848561063	107.886229757	107.923898451	107.961567144	107.999235838	108.036904532	108.074573226	-6.72514820831	-6.55559210755	-6.38603600679	-6.21647990603	-6.04692380526	-5.8773677045	-5.70781160374	-5.53825550298	-5.36869940221	-5.19914330145	0.218610271846	0.218610271846	0.218610271846	0.218610271846	0.218610271846	0.218610271846	0.218610271846	0.218610271846	0.218610271846	0.218610271846	
6.83333333333	95.6468267099	95.7633067116	95.8797867133	95.9962667151	96.1127467168	96.2292267186	96.3457067203	96.462186722	96.5786667238	96.6951467255	1.37853050532e-06	1.5239554572e-06	1.87610899499e-06	2.32244295741e-06	3.01470287665e-06	3.74585720755e-06	4.72116142455e-06	5.66910837288e-06	6.9150138744e-06	8.11960146411e-06	1.24849716433e-06	3.02329612409e-06	3.8318505816e-06	5.94316542669e-06	6.27708035694e-06	8.37314734236e-06	8.13828068484e-06	1.069630394e-05	1.03415828616e-05	1.31202353614e-05	107.735554982	107.773223675	107.810892369	107.848561063	107.886229757	107.923898451	107.961567144	107.999235838	108.036904532	108.074573226	-6.72514820831	-6.55559210755	-6.38603600679	-6.21647990603	-6.04692380526	-5.8773677045	-5.70781160374	-5.53825550298	-5.36869940221	-5.19914330145	0.218610271846	0.218610271846	0.218610271846	0.218610271846	0.218610271846	0.218610271846	0.218610271846	0.218610271846	0.218610271846	0.218610271846	
6.85	95.6468267099	95.7633067116	95.8797867133	95.9962667151	96.1127467168	96.2292267186	96.3457067203	96.462186722	96.5786667238	96.6951467255	1.37853050532e-06	1.5239554572e-06	1.87610899499e-06	2.32244295741e-06	3.01470287665e-06	3.74585720755e-06	4.72116142455e-06	5.66910837288e-06	6.9150138744e-06	8.11960146411e-06	1.24849716433e-06	3.02329612409e-06	3.8318505816e-06	5.94316542669e-06	6.27708035694e-06	8.37314734236e-06	8.13828068484e-06	1.069630394e-05	1.03415828616e-05	1.31202353614e-05	107.735554982	107.773223675	107.810892369	107.848561063	107.886229757	107.923898451	107.961567144	107.999235838	108.036904532	108.074573226	-6.72514820831	-6.55559210755	-6.38603600679	-6.21647990603	-6.04692380526	-5.8773677045	-5.70781160374	-5.53825550298	-5.36869940221	-5.19914330145	0.218610271846	0.218610271846	0.218610271846	0.218610271846	0.218610271846	0.218610271846	0.218610271846	0.218610271846	0.218610271846	0.218610271846	
6.86666666667	95.6468267099	95.7633067116	95.8797867133	95.9962667151	96.1127467168	96.2292267186	96.3457067203	96.462186722	96.5786667238	96.6951467255	1.37853050532e-06	1.5239554572e-06	1.87610899499e-06	2.32244295741e-06	3.01470287665e-06	3.74585720755e-06	4.72116142455e-06	5.66910837288e-06	6.9150138744e-06	8.11960146411e-06	1.24849716433e-06	3.02329612409e-06	3.8318505816e-06	5.94316542669e-06	6.27708035694e-06	8.37314734236e-06	8.13828068484e-06	1.069630394e-05	1.03415828616e-05	1.31202353614e-05	107.735554982	107.773223675	107.810892369	107.848561063	107.886229757	107.923898451	107.961567144	107.999235838	108.036904532	108.074573226	-6.72514820831	-6.55559210755	-6.38603600679	-6.21647990603	-6.04692380526	-5.8773677045	-5.70781160374	-5.53825550298	-5.36869940221	-5.19914330145	0.218610271846	0.218610271846	0.218610271846	0.218610271846	0.218610271846	0.218610271846	0.218610271846	0.218610271846	0.218610271846	0.218610271846	
6.88333333333	95.6468267099	95.7633067116	95.8797867133	95.9962667151	96.1127467168	96.2292267186	96.3457067203	96.462186722	96.5786667238	96.6951467255	1.37853050532e-06	1.5239554572e-06	1.87610899499e-06	2.32244295741e-06	3.01470287665e-06	3.74585720755e-06	4.72116142455e-06	5.66910837288e-06	6.9150138744e-06	8.11960146411e-06	1.24849716433e-06	3.02329612409e-06	3.8318505816e-06	5.94316542669e-06	6.27708035694e-06	8.37314734236e-06	8.13828068484e-06	1.069630394e-05	1.03415828616e-05	1.31202353614e-05	107.735554982	107.773223675	107.810892369	107.848561063	107.886229757	107.923898451	107.961567144	107.999235838	108.036904532	108.074573226	-6.72514820831	-6.55559210755	-6.38603600679	-6.21647990603	-6.04692380526	-5.8773677045	-5.70781160374	-5.53825550298	-5.36869940221	-5.19914330145	0.218610271846	0.218610271846	0.218610271846	0.218610271846	0.218610271846	0.218610271846	0.218610271846	0.218610271846	0.218610271846	0.218610271846	
6.9	95.6468267099	95.7633067116	95.8797867133	95.9962667151	96.1127467168	96.2292267186	96.3457067203	96.462186722	96.5786667238	96.6951467255	1.37853050532e-06	1.5239554572e-06	1.87610899499e-06	2.32244295741e-06	3.01470287665e-06	3.74585720755e-06	4.72116142455e-06	5.66910837288e-06	6.9150138744e-06	8.11960146411e-06	1.24849716433e-06	3.02329612409e-06	3.8318505816e-06	5.94316542669e-06	6.27708035694e-06	8.37314734236e-06	8.13828068484e-06	1.069630394e-05	1.03415828616e-05	1.31202353614e-05	107.735554982	107.773223675	107.810892369	107.848561063	107.886229757	107.923898451	107.961567144	107.999235838	108.036904532	108.074573226	-6.72514820831	-6.55559210755	-6.38603600679	-6.21647990603	-6.04692380526	-5.8773677045	-5.70781160374	-5.53825550298	-5.36869940221	-5.19914330145	0.218610271846	0.218610271846	0.218610271846	0.218610271846	0.218610271846	0.218610271846	0.218610271846	0.218610271846	0.218610271846	0.218610271846	
6.91666666667	95.6468267099	95.7633067116	95.8797867133	95.9962667151	96.1127467168	96.2292267186	96.3457067203	96.462186722	96.5786667238	96.6951467255	1.37853050532e-06	1.5239554572e-06	1.87610899499e-06	2.32244295741e-06	3.01470287665e-06	3.74585720755e-06	4.72116142455e-06	5.66910837288e-06	6.9150138744e-06	8.11960146411e-06	1.24849716433e-06	3.02329612409e-06	3.8318505816e-06	5.94316542669e-06	6.27708035694e-06	8.37314734236e-06	8.13828068484e-06	1.069630394e-05	1.03415828616e-05	1.31202353614e-05	107.735554982	107.773223675	107.810892369	107.848561063	107.886229757	107.923898451	107.961567144	107.999235838	108.036904532	108.074573226	-6.72514820831	-6.55559210755	-6.38603600679	-6.21647990603	-6.04692380526	-5.8773677045	-5.70781160374	-5.53825550298	-5.36869940221	-5.19914330145	0.218610271846	0.218610271846	0.218610271846	0.218610271846	0.218610271846	0.218610271846	0.218610271846	0.218610271846	0.218610271846	0.218610271846	
6.93333333333	95.6468267099	95.7633067116	95.8797867133	95.9962667151	96.1127467168	96.2292267186	96.3457067203	96.462186722	96.5786667238	96.6951467255	1.37853050532e-06	1.5239554572e-06	1.87610899499e-06	2.32244295741e-06	3.01470287665e-06	3.74585720755e-06	4.72116142455e-06	5.66910837288e-06	6.9150138744e-06	8.11960146411e-06	1.24849716433e-06	3.02329612409e-06	3.8318505816e-06	5.94316542669e-06	6.27708035694e-06	8.37314734236e-06	8.13828068484e-06	1.069630394e-05	1.03415828616e-05	1.31202353614e-05	107.735554982	107.773223675	107.810892369	107.848561063	107.886229757	107.923898451	107.961567144	107.999235838	108.036904532	108.074573226	-6.72514820831	-6.55559210755	-6.38603600679	-6.21647990603	-6.04692380526	-5.8773677045	-5.70781160374	-5.53825550298	-5.36869940221	-5.19914330145	0.218610271846	0.218610271846	0.218610271846	0.218610271846	0.218610271846	0.218610271846	0.218610271846	0.218610271846	0.218610271846	0.218610271846	
6.95	95.6468267099	95.7633067116	95.8797867133	95.9962667151	96.1127467168	96.2292267186	96.3457067203	96.462186722	96.5786667238	96.6951467255	1.37853050532e-06	1.5239554572e-06	1.87610899499e-06	2.32244295741e-06	3.01470287665e-06	3.74585720755e-06	4.72116142455e-06	5.66910837288e-06	6.9150138744e-06	8.11960146411e-06	1.24849716433e-06	3.02329612409e-06	3.8318505816e-06	5.94316542669e-06	6.27708035694e-06	8.37314734236e-06	8.13828068484e-06	1.069630394e-05	1.03415828616e-05	1.31202353614e-05	107.735554982	107.773223675	107.810892369	107.848561063	107.886229757	107.923898451	107.961567144	107.999235838	108.036904532	108.074573226	-6.72514820831	-6.55559210755	-6.38603600679	-6.21647990603	-6.04692380526	-5.8773677045	-5.70781160374	-5.53825550298	-5.36869940221	-5.19914330145	0.218610271846	0.218610271846	0.218610271846	0.218610271846	0.218610271846	0.218610271846	0.218610271846	0.218610271846	0.218610271846	0.218610271846	
6.96666666667	95.6468267099	95.7633067116	95.8797867133	95.9962667151	96.1127467168	96.2292267186	96.3457067203	96.462186722	96.5786667238	96.6951467255	1.37853050532e-06	1.5239554572e-06	1.87610899499e-06	2.32244295741e-06	3.01470287665e-06	3.74585720755e-06	4.72116142455e-06	5.66910837288e-06	6.9150138744e-06	8.11960146411e-06	1.24849716433e-06	3.02329612409e-06	3.8318505816e-06	5.94316542669e-06	6.27708035694e-06	8.37314734236e-06	8.13828068484e-06	1.069630394e-05	1.03415828616e-05	1.31202353614e-05	107.735554982	107.773223675	107.810892369	107.848561063	107.886229757	107.923898451	107.961567144	107.999235838	108.036904532	108.074573226	-6.72514820831	-6.55559210755	-6.38603600679	-6.21647990603	-6.04692380526	-5.8773677045	-5.70781160374	-5.53825550298	-5.36869940221	-5.19914330145	0.218610271846	0.218610271846	0.218610271846	0.218610271846	0.218610271846	0.218610271846	0.218610271846	0.218610271846	0.218610271846	0.218610271846	
6.98333333333	95.6468267099	95.7633067116	95.8797867133	95.9962667151	96.1127467168	96.2292267186	96.3457067203	96.462186722	96.5786667238	96.6951467255	1.37853050532e-06	1.5239554572e-06	1.87610899499e-06	2.32244295741e-06	3.01470287665e-06	3.74585720755e-06	4.72116142455e-06	5.66910837288e-06	6.9150138744e-06	8.11960146411e-06	1.24849716433e-06	3.02329612409e-06	3.8318505816e-06	5.94316542669e-06	6.27708035694e-06	8.37314734236e-06	8.13828068484e-06	1.069630394e-05	1.03415828616e-05	1.31202353614e-05	107.735554982	107.773223675	107.810892369	107.848561063	107.886229757	107.923898451	107.961567144	107.999235838	108.036904532	108.074573226	-6.72514820831	-6.55559210755	-6.38603600679	-6.21647990603	-6.04692380526	-5.8773677045	-5.70781160374	-5.53825550298	-5.36869940221	-5.19914330145	0.218610271846	0.218610271846	0.218610271846	0.218610271846	0.218610271846	0.218610271846	0.218610271846	0.218610271846	0.218610271846	0.218610271846	
7.0	95.6468267099	95.7633067116	95.8797867133	95.9962667151	96.1127467168	96.2292267186	96.3457067203	96.462186722	96.5786667238	96.6951467255	1.37853050532e-06	1.5239554572e-06	1.87610899499e-06	2.32244295741e-06	3.01470287665e-06	3.74585720755e-06	4.72116142455e-06	5.66910837288e-06	6.9150138744e-06	8.11960146411e-06	1.24849716433e-06	3.02329612409e-06	3.8318505816e-06	5.94316542669e-06	6.27708035694e-06	8.37314734236e-06	8.13828068484e-06	1.069630394e-05	1.03415828616e-05	1.31202353614e-05	107.735554982	107.773223675	107.810892369	107.848561063	107.886229757	107.923898451	107.961567144	107.999235838	108.036904532	108.074573226	-6.72514820831	-6.55559210755	-6.38603600679	-6.21647990603	-6.04692380526	-5.8773677045	-5.70781160374	-5.53825550298	-5.36869940221	-5.19914330145	0.218610271846	0.218610271846	0.218610271846	0.218610271846	0.218610271846	0.218610271846	0.218610271846	0.218610271846	0.218610271846	0.218610271846	
7.01666666667	95.6468267099	95.7633067116	95.8797867133	95.9962667151	96.1127467168	96.2292267186	96.3457067203	96.462186722	96.5786667238	96.6951467255	1.37853050532e-06	1.5239554572e-06	1.87610899499e-06	2.32244295741e-06	3.01470287665e-06	3.74585720755e-06	4.72116142455e-06	5.66910837288e-06	6.9150138744e-06	8.11960146411e-06	1.24849716433e-06	3.02329612409e-06	3.8318505816e-06	5.94316542669e-06	6.27708035694e-06	8.37314734236e-06	8.13828068484e-06	1.069630394e-05	1.03415828616e-05	1.31202353614e-05	107.735554982	107.773223675	107.810892369	107.848561063	107.886229757	107.923898451	107.961567144	107.999235838	108.036904532	108.074573226	-6.72514820831	-6.55559210755	-6.38603600679	-6.21647990603	-6.04692380526	-5.8773677045	-5.70781160374	-5.53825550298	-5.36869940221	-5.19914330145	0.218610271846	0.218610271846	0.218610271846	0.218610271846	0.218610271846	0.218610271846	0.218610271846	0.218610271846	0.218610271846	0.218610271846	
7.03333333333	95.6468267099	95.7633067116	95.8797867133	95.9962667151	96.1127467168	96.2292267186	96.3457067203	96.462186722	96.5786667238	96.6951467255	1.37853050532e-06	1.5239554572e-06	1.87610899499e-06	2.32244295741e-06	3.01470287665e-06	3.74585720755e-06	4.72116142455e-06	5.66910837288e-06	6.9150138744e-06	8.11960146411e-06	1.24849716433e-06	3.02329612409e-06	3.8318505816e-06	5.94316542669e-06	6.27708035694e-06	8.37314734236e-06	8.13828068484e-06	1.069630394e-05	1.03415828616e-05	1.31202353614e-05	107.735554982	107.773223675	107.810892369	107.848561063	107.886229757	107.923898451	107.961567144	107.999235838	108.036904532	108.074573226	-6.72514820831	-6.55559210755	-6.38603600679	-6.21647990603	-6.04692380526	-5.8773677045	-5.70781160374	-5.53825550298	-5.36869940221	-5.19914330145	0.218610271846	0.218610271846	0.218610271846	0.218610271846	0.218610271846	0.218610271846	0.218610271846	0.218610271846	0.218610271846	0.218610271846	
7.05	95.6468267099	95.7633067116	95.8797867133	95.9962667151	96.1127467168	96.2292267186	96.3457067203	96.462186722	96.5786667238	96.6951467255	1.37853050532e-06	1.5239554572e-06	1.87610899499e-06	2.32244295741e-06	3.01470287665e-06	3.74585720755e-06	4.72116142455e-06	5.66910837288e-06	6.9150138744e-06	8.11960146411e-06	1.24849716433e-06	3.02329612409e-06	3.8318505816e-06	5.94316542669e-06	6.27708035694e-06	8.37314734236e-06	8.13828068484e-06	1.069630394e-05	1.03415828616e-05	1.31202353614e-05	107.735554982	107.773223675	107.810892369	107.848561063	107.886229757	107.923898451	107.961567144	107.999235838	108.036904532	108.074573226	-6.72514820831	-6.55559210755	-6.38603600679	-6.21647990603	-6.04692380526	-5.8773677045	-5.70781160374	-5.53825550298	-5.36869940221	-5.19914330145	0.218610271846	0.218610271846	0.218610271846	0.218610271846	0.218610271846	0.218610271846	0.218610271846	0.218610271846	0.218610271846	0.218610271846	
7.06666666667	95.6468267099	95.7633067116	95.8797867133	95.9962667151	96.1127467168	96.2292267186	96.3457067203	96.462186722	96.5786667238	96.6951467255	1.37853050532e-06	1.5239554572e-06	1.87610899499e-06	2.32244295741e-06	3.01470287665e-06	3.74585720755e-06	4.72116142455e-06	5.66910837288e-06	6.9150138744e-06	8.11960146411e-06	1.24849716433e-06	3.02329612409e-06	3.8318505816e-06	5.94316542669e-06	6.27708035694e-06	8.37314734236e-06	8.13828068484e-06	1.069630394e-05	1.03415828616e-05	1.31202353614e-05	107.735554982	107.773223675	107.810892369	107.848561063	107.886229757	107.923898451	107.961567144	107.999235838	108.036904532	108.074573226	-6.72514820831	-6.55559210755	-6.38603600679	-6.21647990603	-6.04692380526	-5.8773677045	-5.70781160374	-5.53825550298	-5.36869940221	-5.19914330145	0.218610271846	0.218610271846	0.218610271846	0.218610271846	0.218610271846	0.218610271846	0.218610271846	0.218610271846	0.218610271846	0.218610271846	
7.08333333333	95.6468267099	95.7633067116	95.8797867133	95.9962667151	96.1127467168	96.2292267186	96.3457067203	96.462186722	96.5786667238	96.6951467255	1.37853050532e-06	1.5239554572e-06	1.87610899499e-06	2.32244295741e-06	3.01470287665e-06	3.74585720755e-06	4.72116142455e-06	5.66910837288e-06	6.9150138744e-06	8.11960146411e-06	1.24849716433e-06	3.02329612409e-06	3.8318505816e-06	5.94316542669e-06	6.27708035694e-06	8.37314734236e-06	8.13828068484e-06	1.069630394e-05	1.03415828616e-05	1.31202353614e-05	107.735554982	107.773223675	107.810892369	107.848561063	107.886229757	107.923898451	107.961567144	107.999235838	108.036904532	108.074573226	-6.72514820831	-6.55559210755	-6.38603600679	-6.21647990603	-6.04692380526	-5.8773677045	-5.70781160374	-5.53825550298	-5.36869940221	-5.19914330145	0.218610271846	0.218610271846	0.218610271846	0.218610271846	0.218610271846	0.218610271846	0.218610271846	0.218610271846	0.218610271846	0.218610271846	
7.1	95.6468267099	95.7633067116	95.8797867133	95.9962667151	96.1127467168	96.2292267186	96.3457067203	96.462186722	96.5786667238	96.6951467255	1.37853050532e-06	1.5239554572e-06	1.87610899499e-06	2.32244295741e-06	3.01470287665e-06	3.74585720755e-06	4.72116142455e-06	5.66910837288e-06	6.9150138744e-06	8.11960146411e-06	1.24849716433e-06	3.02329612409e-06	3.8318505816e-06	5.94316542669e-06	6.27708035694e-06	8.37314734236e-06	8.13828068484e-06	1.069630394e-05	1.03415828616e-05	1.31202353614e-05	107.735554982	107.773223675	107.810892369	107.848561063	107.886229757	107.923898451	107.961567144	107.999235838	108.036904532	108.074573226	-6.72514820831	-6.55559210755	-6.38603600679	-6.21647990603	-6.04692380526	-5.8773677045	-5.70781160374	-5.53825550298	-5.36869940221	-5.19914330145	0.218610271846	0.218610271846	0.218610271846	0.218610271846	0.218610271846	0.218610271846	0.218610271846	0.218610271846	0.218610271846	0.218610271846	
7.11666666667	95.6468267099	95.7633067116	95.8797867133	95.9962667151	96.1127467168	96.2292267186	96.3457067203	96.462186722	96.5786667238	96.6951467255	1.37853050532e-06	1.5239554572e-06	1.87610899499e-06	2.32244295741e-06	3.01470287665e-06	3.74585720755e-06	4.72116142455e-06	5.66910837288e-06	6.9150138744e-06	8.11960146411e-06	1.24849716433e-06	3.02329612409e-06	3.8318505816e-06	5.94316542669e-06	6.27708035694e-06	8.37314734236e-06	8.13828068484e-06	1.069630394e-05	1.03415828616e-05	1.31202353614e-05	107.735554982	107.773223675	107.810892369	107.848561063	107.886229757	107.923898451	107.961567144	107.999235838	108.036904532	108.074573226	-6.72514820831	-6.55559210755	-6.38603600679	-6.21647990603	-6.04692380526	-5.8773677045	-5.70781160374	-5.53825550298	-5.36869940221	-5.19914330145	0.218610271846	0.218610271846	0.218610271846	0.218610271846	0.218610271846	0.218610271846	0.218610271846	0.218610271846	0.218610271846	0.218610271846	
7.13333333333	95.6468267099	95.7633067116	95.8797867133	95.9962667151	96.1127467168	96.2292267186	96.3457067203	96.462186722	96.5786667238	96.6951467255	1.37853050532e-06	1.5239554572e-06	1.87610899499e-06	2.32244295741e-06	3.01470287665e-06	3.74585720755e-06	4.72116142455e-06	5.66910837288e-06	6.9150138744e-06	8.11960146411e-06	1.24849716433e-06	3.02329612409e-06	3.8318505816e-06	5.94316542669e-06	6.27708035694e-06	8.37314734236e-06	8.13828068484e-06	1.069630394e-05	1.03415828616e-05	1.31202353614e-05	107.735554982	107.773223675	107.810892369	107.848561063	107.886229757	107.923898451	107.961567144	107.999235838	108.036904532	108.074573226	-6.72514820831	-6.55559210755	-6.38603600679	-6.21647990603	-6.04692380526	-5.8773677045	-5.70781160374	-5.53825550298	-5.36869940221	-5.19914330145	0.218610271846	0.218610271846	0.218610271846	0.218610271846	0.218610271846	0.218610271846	0.218610271846	0.218610271846	0.218610271846	0.218610271846	
7.15	95.6468267099	95.7633067116	95.8797867133	95.9962667151	96.1127467168	96.2292267186	96.3457067203	96.462186722	96.5786667238	96.6951467255	1.37853050532e-06	1.5239554572e-06	1.87610899499e-06	2.32244295741e-06	3.01470287665e-06	3.74585720755e-06	4.72116142455e-06	5.66910837288e-06	6.9150138744e-06	8.11960146411e-06	1.24849716433e-06	3.02329612409e-06	3.8318505816e-06	5.94316542669e-06	6.27708035694e-06	8.37314734236e-06	8.13828068484e-06	1.069630394e-05	1.03415828616e-05	1.31202353614e-05	107.735554982	107.773223675	107.810892369	107.848561063	107.886229757	107.923898451	107.961567144	107.999235838	108.036904532	108.074573226	-6.72514820831	-6.55559210755	-6.38603600679	-6.21647990603	-6.04692380526	-5.8773677045	-5.70781160374	-5.53825550298	-5.36869940221	-5.19914330145	0.218610271846	0.218610271846	0.218610271846	0.218610271846	0.218610271846	0.218610271846	0.218610271846	0.218610271846	0.218610271846	0.218610271846	
7.16666666667	95.6468267099	95.7633067116	95.8797867133	95.9962667151	96.1127467168	96.2292267186	96.3457067203	96.462186722	96.5786667238	96.6951467255	1.37853050532e-06	1.5239554572e-06	1.87610899499e-06	2.32244295741e-06	3.01470287665e-06	3.74585720755e-06	4.72116142455e-06	5.66910837288e-06	6.9150138744e-06	8.11960146411e-06	1.24849716433e-06	3.02329612409e-06	3.8318505816e-06	5.94316542669e-06	6.27708035694e-06	8.37314734236e-06	8.13828068484e-06	1.069630394e-05	1.03415828616e-05	1.31202353614e-05	107.735554982	107.773223675	107.810892369	107.848561063	107.886229757	107.923898451	107.961567144	107.999235838	108.036904532	108.074573226	-6.72514820831	-6.55559210755	-6.38603600679	-6.21647990603	-6.04692380526	-5.8773677045	-5.70781160374	-5.53825550298	-5.36869940221	-5.19914330145	0.218610271846	0.218610271846	0.218610271846	0.218610271846	0.218610271846	0.218610271846	0.218610271846	0.218610271846	0.218610271846	0.218610271846	
7.18333333333	95.6468267099	95.7633067116	95.8797867133	95.9962667151	96.1127467168	96.2292267186	96.3457067203	96.462186722	96.5786667238	96.6951467255	1.37853050532e-06	1.5239554572e-06	1.87610899499e-06	2.32244295741e-06	3.01470287665e-06	3.74585720755e-06	4.72116142455e-06	5.66910837288e-06	6.9150138744e-06	8.11960146411e-06	1.24849716433e-06	3.02329612409e-06	3.8318505816e-06	5.94316542669e-06	6.27708035694e-06	8.37314734236e-06	8.13828068484e-06	1.069630394e-05	1.03415828616e-05	1.31202353614e-05	107.735554982	107.773223675	107.810892369	107.848561063	107.886229757	107.923898451	107.961567144	107.999235838	108.036904532	108.074573226	-6.72514820831	-6.55559210755	-6.38603600679	-6.21647990603	-6.04692380526	-5.8773677045	-5.70781160374	-5.53825550298	-5.36869940221	-5.19914330145	0.218610271846	0.218610271846	0.218610271846	0.218610271846	0.218610271846	0.218610271846	0.218610271846	0.218610271846	0.218610271846	0.218610271846	
7.2	95.6468267099	95.7633067116	95.8797867133	95.9962667151	96.1127467168	96.2292267186	96.3457067203	96.462186722	96.5786667238	96.6951467255	1.37853050532e-06	1.5239554572e-06	1.87610899499e-06	2.32244295741e-06	3.01470287665e-06	3.74585720755e-06	4.72116142455e-06	5.66910837288e-06	6.9150138744e-06	8.11960146411e-06	1.24849716433e-06	3.02329612409e-06	3.8318505816e-06	5.94316542669e-06	6.27708035694e-06	8.37314734236e-06	8.13828068484e-06	1.069630394e-05	1.03415828616e-05	1.31202353614e-05	107.735554982	107.773223675	107.810892369	107.848561063	107.886229757	107.923898451	107.961567144	107.999235838	108.036904532	108.074573226	-6.72514820831	-6.55559210755	-6.38603600679	-6.21647990603	-6.04692380526	-5.8773677045	-5.70781160374	-5.53825550298	-5.36869940221	-5.19914330145	0.218610271846	0.218610271846	0.218610271846	0.218610271846	0.218610271846	0.218610271846	0.218610271846	0.218610271846	0.218610271846	0.218610271846	
7.21666666667	95.6468267099	95.7633067116	95.8797867133	95.9962667151	96.1127467168	96.2292267186	96.3457067203	96.462186722	96.5786667238	96.6951467255	1.37853050532e-06	1.5239554572e-06	1.87610899499e-06	2.32244295741e-06	3.01470287665e-06	3.74585720755e-06	4.72116142455e-06	5.66910837288e-06	6.9150138744e-06	8.11960146411e-06	1.24849716433e-06	3.02329612409e-06	3.8318505816e-06	5.94316542669e-06	6.27708035694e-06	8.37314734236e-06	8.13828068484e-06	1.069630394e-05	1.03415828616e-05	1.31202353614e-05	107.735554982	107.773223675	107.810892369	107.848561063	107.886229757	107.923898451	107.961567144	107.999235838	108.036904532	108.074573226	-6.72514820831	-6.55559210755	-6.38603600679	-6.21647990603	-6.04692380526	-5.8773677045	-5.70781160374	-5.53825550298	-5.36869940221	-5.19914330145	0.218610271846	0.218610271846	0.218610271846	0.218610271846	0.218610271846	0.218610271846	0.218610271846	0.218610271846	0.218610271846	0.218610271846	
7.23333333333	95.6468267099	95.7633067116	95.8797867133	95.9962667151	96.1127467168	96.2292267186	96.3457067203	96.462186722	96.5786667238	96.6951467255	1.37853050532e-06	1.5239554572e-06	1.87610899499e-06	2.32244295741e-06	3.01470287665e-06	3.74585720755e-06	4.72116142455e-06	5.66910837288e-06	6.9150138744e-06	8.11960146411e-06	1.24849716433e-06	3.02329612409e-06	3.8318505816e-06	5.94316542669e-06	6.27708035694e-06	8.37314734236e-06	8.13828068484e-06	1.069630394e-05	1.03415828616e-05	1.31202353614e-05	107.735554982	107.773223675	107.810892369	107.848561063	107.886229757	107.923898451	107.961567144	107.999235838	108.036904532	108.074573226	-6.72514820831	-6.55559210755	-6.38603600679	-6.21647990603	-6.04692380526	-5.8773677045	-5.70781160374	-5.53825550298	-5.36869940221	-5.19914330145	0.218610271846	0.218610271846	0.218610271846	0.218610271846	0.218610271846	0.218610271846	0.218610271846	0.218610271846	0.218610271846	0.218610271846	
7.25	95.6468267099	95.7633067116	95.8797867133	95.9962667151	96.1127467168	96.2292267186	96.3457067203	96.462186722	96.5786667238	96.6951467255	1.37853050532e-06	1.5239554572e-06	1.87610899499e-06	2.32244295741e-06	3.01470287665e-06	3.74585720755e-06	4.72116142455e-06	5.66910837288e-06	6.9150138744e-06	8.11960146411e-06	1.24849716433e-06	3.02329612409e-06	3.8318505816e-06	5.94316542669e-06	6.27708035694e-06	8.37314734236e-06	8.13828068484e-06	1.069630394e-05	1.03415828616e-05	1.31202353614e-05	107.735554982	107.773223675	107.810892369	107.848561063	107.886229757	107.923898451	107.961567144	107.999235838	108.036904532	108.074573226	-6.72514820831	-6.55559210755	-6.38603600679	-6.21647990603	-6.04692380526	-5.8773677045	-5.70781160374	-5.53825550298	-5.36869940221	-5.19914330145	0.218610271846	0.218610271846	0.218610271846	0.218610271846	0.218610271846	0.218610271846	0.218610271846	0.218610271846	0.218610271846	0.218610271846	
7.26666666667	95.6468267099	95.7633067116	95.8797867133	95.9962667151	96.1127467168	96.2292267186	96.3457067203	96.462186722	96.5786667238	96.6951467255	1.37853050532e-06	1.5239554572e-06	1.87610899499e-06	2.32244295741e-06	3.01470287665e-06	3.74585720755e-06	4.72116142455e-06	5.66910837288e-06	6.9150138744e-06	8.11960146411e-06	1.24849716433e-06	3.02329612409e-06	3.8318505816e-06	5.94316542669e-06	6.27708035694e-06	8.37314734236e-06	8.13828068484e-06	1.069630394e-05	1.03415828616e-05	1.31202353614e-05	107.735554982	107.773223675	107.810892369	107.848561063	107.886229757	107.923898451	107.961567144	107.999235838	108.036904532	108.074573226	-6.72514820831	-6.55559210755	-6.38603600679	-6.21647990603	-6.04692380526	-5.8773677045	-5.70781160374	-5.53825550298	-5.36869940221	-5.19914330145	0.218610271846	0.218610271846	0.218610271846	0.218610271846	0.218610271846	0.218610271846	0.218610271846	0.218610271846	0.218610271846	0.218610271846	
7.28333333333	95.6468267099	95.7633067116	95.8797867133	95.9962667151	96.1127467168	96.2292267186	96.3457067203	96.462186722	96.5786667238	96.6951467255	1.37853050532e-06	1.5239554572e-06	1.87610899499e-06	2.32244295741e-06	3.01470287665e-06	3.74585720755e-06	4.72116142455e-06	5.66910837288e-06	6.9150138744e-06	8.11960146411e-06	1.24849716433e-06	3.02329612409e-06	3.8318505816e-06	5.94316542669e-06	6.27708035694e-06	8.37314734236e-06	8.13828068484e-06	1.069630394e-05	1.03415828616e-05	1.31202353614e-05	107.735554982	107.773223675	107.810892369	107.848561063	107.886229757	107.923898451	107.961567144	107.999235838	108.036904532	108.074573226	-6.72514820831	-6.55559210755	-6.38603600679	-6.21647990603	-6.04692380526	-5.8773677045	-5.70781160374	-5.53825550298	-5.36869940221	-5.19914330145	0.218610271846	0.218610271846	0.218610271846	0.218610271846	0.218610271846	0.218610271846	0.218610271846	0.218610271846	0.218610271846	0.218610271846	
7.3	95.6468267099	95.7633067116	95.8797867133	95.9962667151	96.1127467168	96.2292267186	96.3457067203	96.462186722	96.5786667238	96.6951467255	1.37853050532e-06	1.5239554572e-06	1.87610899499e-06	2.32244295741e-06	3.01470287665e-06	3.74585720755e-06	4.72116142455e-06	5.66910837288e-06	6.9150138744e-06	8.11960146411e-06	1.24849716433e-06	3.02329612409e-06	3.8318505816e-06	5.94316542669e-06	6.27708035694e-06	8.37314734236e-06	8.13828068484e-06	1.069630394e-05	1.03415828616e-05	1.31202353614e-05	107.735554982	107.773223675	107.810892369	107.848561063	107.886229757	107.923898451	107.961567144	107.999235838	108.036904532	108.074573226	-6.72514820831	-6.55559210755	-6.38603600679	-6.21647990603	-6.04692380526	-5.8773677045	-5.70781160374	-5.53825550298	-5.36869940221	-5.19914330145	0.218610271846	0.218610271846	0.218610271846	0.218610271846	0.218610271846	0.218610271846	0.218610271846	0.218610271846	0.218610271846	0.218610271846	
7.31666666667	95.6468267099	95.7633067116	95.8797867133	95.9962667151	96.1127467168	96.2292267186	96.3457067203	96.462186722	96.5786667238	96.6951467255	1.37853050532e-06	1.5239554572e-06	1.87610899499e-06	2.32244295741e-06	3.01470287665e-06	3.74585720755e-06	4.72116142455e-06	5.66910837288e-06	6.9150138744e-06	8.11960146411e-06	1.24849716433e-06	3.02329612409e-06	3.8318505816e-06	5.94316542669e-06	6.27708035694e-06	8.37314734236e-06	8.13828068484e-06	1.069630394e-05	1.03415828616e-05	1.31202353614e-05	107.735554982	107.773223675	107.810892369	107.848561063	107.886229757	107.923898451	107.961567144	107.999235838	108.036904532	108.074573226	-6.72514820831	-6.55559210755	-6.38603600679	-6.21647990603	-6.04692380526	-5.8773677045	-5.70781160374	-5.53825550298	-5.36869940221	-5.19914330145	0.218610271846	0.218610271846	0.218610271846	0.218610271846	0.218610271846	0.218610271846	0.218610271846	0.218610271846	0.218610271846	0.218610271846	
7.33333333333	95.6468267099	95.7633067116	95.8797867133	95.9962667151	96.1127467168	96.2292267186	96.3457067203	96.462186722	96.5786667238	96.6951467255	1.37853050532e-06	1.5239554572e-06	1.87610899499e-06	2.32244295741e-06	3.01470287665e-06	3.74585720755e-06	4.72116142455e-06	5.66910837288e-06	6.9150138744e-06	8.11960146411e-06	1.24849716433e-06	3.02329612409e-06	3.8318505816e-06	5.94316542669e-06	6.27708035694e-06	8.37314734236e-06	8.13828068484e-06	1.069630394e-05	1.03415828616e-05	1.31202353614e-05	107.735554982	107.773223675	107.810892369	107.848561063	107.886229757	107.923898451	107.961567144	107.999235838	108.036904532	108.074573226	-6.72514820831	-6.55559210755	-6.38603600679	-6.21647990603	-6.04692380526	-5.8773677045	-5.70781160374	-5.53825550298	-5.36869940221	-5.19914330145	0.218610271846	0.218610271846	0.218610271846	0.218610271846	0.218610271846	0.218610271846	0.218610271846	0.218610271846	0.218610271846	0.218610271846	
7.35	95.6468267099	95.7633067116	95.8797867133	95.9962667151	96.1127467168	96.2292267186	96.3457067203	96.462186722	96.5786667238	96.6951467255	1.37853050532e-06	1.5239554572e-06	1.87610899499e-06	2.32244295741e-06	3.01470287665e-06	3.74585720755e-06	4.72116142455e-06	5.66910837288e-06	6.9150138744e-06	8.11960146411e-06	1.24849716433e-06	3.02329612409e-06	3.8318505816e-06	5.94316542669e-06	6.27708035694e-06	8.37314734236e-06	8.13828068484e-06	1.069630394e-05	1.03415828616e-05	1.31202353614e-05	107.735554982	107.773223675	107.810892369	107.848561063	107.886229757	107.923898451	107.961567144	107.999235838	108.036904532	108.074573226	-6.72514820831	-6.55559210755	-6.38603600679	-6.21647990603	-6.04692380526	-5.8773677045	-5.70781160374	-5.53825550298	-5.36869940221	-5.19914330145	0.218610271846	0.218610271846	0.218610271846	0.218610271846	0.218610271846	0.218610271846	0.218610271846	0.218610271846	0.218610271846	0.218610271846	
7.36666666667	95.6468267099	95.7633067116	95.8797867133	95.9962667151	96.1127467168	96.2292267186	96.3457067203	96.462186722	96.5786667238	96.6951467255	1.37853050532e-06	1.5239554572e-06	1.87610899499e-06	2.32244295741e-06	3.01470287665e-06	3.74585720755e-06	4.72116142455e-06	5.66910837288e-06	6.9150138744e-06	8.11960146411e-06	1.24849716433e-06	3.02329612409e-06	3.8318505816e-06	5.94316542669e-06	6.27708035694e-06	8.37314734236e-06	8.13828068484e-06	1.069630394e-05	1.03415828616e-05	1.31202353614e-05	107.735554982	107.773223675	107.810892369	107.848561063	107.886229757	107.923898451	107.961567144	107.999235838	108.036904532	108.074573226	-6.72514820831	-6.55559210755	-6.38603600679	-6.21647990603	-6.04692380526	-5.8773677045	-5.70781160374	-5.53825550298	-5.36869940221	-5.19914330145	0.218610271846	0.218610271846	0.218610271846	0.218610271846	0.218610271846	0.218610271846	0.218610271846	0.218610271846	0.218610271846	0.218610271846	
7.38333333333	95.6468267099	95.7633067116	95.8797867133	95.9962667151	96.1127467168	96.2292267186	96.3457067203	96.462186722	96.5786667238	96.6951467255	1.37853050532e-06	1.5239554572e-06	1.87610899499e-06	2.32244295741e-06	3.01470287665e-06	3.74585720755e-06	4.72116142455e-06	5.66910837288e-06	6.9150138744e-06	8.11960146411e-06	1.24849716433e-06	3.02329612409e-06	3.8318505816e-06	5.94316542669e-06	6.27708035694e-06	8.37314734236e-06	8.13828068484e-06	1.069630394e-05	1.03415828616e-05	1.31202353614e-05	107.735554982	107.773223675	107.810892369	107.848561063	107.886229757	107.923898451	107.961567144	107.999235838	108.036904532	108.074573226	-6.72514820831	-6.55559210755	-6.38603600679	-6.21647990603	-6.04692380526	-5.8773677045	-5.70781160374	-5.53825550298	-5.36869940221	-5.19914330145	0.218610271846	0.218610271846	0.218610271846	0.218610271846	0.218610271846	0.218610271846	0.218610271846	0.218610271846	0.218610271846	0.218610271846	
7.4	95.6468267099	95.7633067116	95.8797867133	95.9962667151	96.1127467168	96.2292267186	96.3457067203	96.462186722	96.5786667238	96.6951467255	1.37853050532e-06	1.5239554572e-06	1.87610899499e-06	2.32244295741e-06	3.01470287665e-06	3.74585720755e-06	4.72116142455e-06	5.66910837288e-06	6.9150138744e-06	8.11960146411e-06	1.24849716433e-06	3.02329612409e-06	3.8318505816e-06	5.94316542669e-06	6.27708035694e-06	8.37314734236e-06	8.13828068484e-06	1.069630394e-05	1.03415828616e-05	1.31202353614e-05	107.735554982	107.773223675	107.810892369	107.848561063	107.886229757	107.923898451	107.961567144	107.999235838	108.036904532	108.074573226	-6.72514820831	-6.55559210755	-6.38603600679	-6.21647990603	-6.04692380526	-5.8773677045	-5.70781160374	-5.53825550298	-5.36869940221	-5.19914330145	0.218610271846	0.218610271846	0.218610271846	0.218610271846	0.218610271846	0.218610271846	0.218610271846	0.218610271846	0.218610271846	0.218610271846	
7.41666666667	95.6468267099	95.7633067116	95.8797867133	95.9962667151	96.1127467168	96.2292267186	96.3457067203	96.462186722	96.5786667238	96.6951467255	1.37853050532e-06	1.5239554572e-06	1.87610899499e-06	2.32244295741e-06	3.01470287665e-06	3.74585720755e-06	4.72116142455e-06	5.66910837288e-06	6.9150138744e-06	8.11960146411e-06	1.24849716433e-06	3.02329612409e-06	3.8318505816e-06	5.94316542669e-06	6.27708035694e-06	8.37314734236e-06	8.13828068484e-06	1.069630394e-05	1.03415828616e-05	1.31202353614e-05	107.735554982	107.773223675	107.810892369	107.848561063	107.886229757	107.923898451	107.961567144	107.999235838	108.036904532	108.074573226	-6.72514820831	-6.55559210755	-6.38603600679	-6.21647990603	-6.04692380526	-5.8773677045	-5.70781160374	-5.53825550298	-5.36869940221	-5.19914330145	0.218610271846	0.218610271846	0.218610271846	0.218610271846	0.218610271846	0.218610271846	0.218610271846	0.218610271846	0.218610271846	0.218610271846	
7.43333333333	95.6468267099	95.7633067116	95.8797867133	95.9962667151	96.1127467168	96.2292267186	96.3457067203	96.462186722	96.5786667238	96.6951467255	1.37853050532e-06	1.5239554572e-06	1.87610899499e-06	2.32244295741e-06	3.01470287665e-06	3.74585720755e-06	4.72116142455e-06	5.66910837288e-06	6.9150138744e-06	8.11960146411e-06	1.24849716433e-06	3.02329612409e-06	3.8318505816e-06	5.94316542669e-06	6.27708035694e-06	8.37314734236e-06	8.13828068484e-06	1.069630394e-05	1.03415828616e-05	1.31202353614e-05	107.735554982	107.773223675	107.810892369	107.848561063	107.886229757	107.923898451	107.961567144	107.999235838	108.036904532	108.074573226	-6.72514820831	-6.55559210755	-6.38603600679	-6.21647990603	-6.04692380526	-5.8773677045	-5.70781160374	-5.53825550298	-5.36869940221	-5.19914330145	0.218610271846	0.218610271846	0.218610271846	0.218610271846	0.218610271846	0.218610271846	0.218610271846	0.218610271846	0.218610271846	0.218610271846	
7.45	95.6468267099	95.7633067116	95.8797867133	95.9962667151	96.1127467168	96.2292267186	96.3457067203	96.462186722	96.5786667238	96.6951467255	1.37853050532e-06	1.5239554572e-06	1.87610899499e-06	2.32244295741e-06	3.01470287665e-06	3.74585720755e-06	4.72116142455e-06	5.66910837288e-06	6.9150138744e-06	8.11960146411e-06	1.24849716433e-06	3.02329612409e-06	3.8318505816e-06	5.94316542669e-06	6.27708035694e-06	8.37314734236e-06	8.13828068484e-06	1.069630394e-05	1.03415828616e-05	1.31202353614e-05	107.735554982	107.773223675	107.810892369	107.848561063	107.886229757	107.923898451	107.961567144	107.999235838	108.036904532	108.074573226	-6.72514820831	-6.55559210755	-6.38603600679	-6.21647990603	-6.04692380526	-5.8773677045	-5.70781160374	-5.53825550298	-5.36869940221	-5.19914330145	0.218610271846	0.218610271846	0.218610271846	0.218610271846	0.218610271846	0.218610271846	0.218610271846	0.218610271846	0.218610271846	0.218610271846	
7.46666666667	95.6468267099	95.7633067116	95.8797867133	95.9962667151	96.1127467168	96.2292267186	96.3457067203	96.462186722	96.5786667238	96.6951467255	1.37853050532e-06	1.5239554572e-06	1.87610899499e-06	2.32244295741e-06	3.01470287665e-06	3.74585720755e-06	4.72116142455e-06	5.66910837288e-06	6.9150138744e-06	8.11960146411e-06	1.24849716433e-06	3.02329612409e-06	3.8318505816e-06	5.94316542669e-06	6.27708035694e-06	8.37314734236e-06	8.13828068484e-06	1.069630394e-05	1.03415828616e-05	1.31202353614e-05	107.735554982	107.773223675	107.810892369	107.848561063	107.886229757	107.923898451	107.961567144	107.999235838	108.036904532	108.074573226	-6.72514820831	-6.55559210755	-6.38603600679	-6.21647990603	-6.04692380526	-5.8773677045	-5.70781160374	-5.53825550298	-5.36869940221	-5.19914330145	0.218610271846	0.218610271846	0.218610271846	0.218610271846	0.218610271846	0.218610271846	0.218610271846	0.218610271846	0.218610271846	0.218610271846	
7.48333333333	95.6468267099	95.7633067116	95.8797867133	95.9962667151	96.1127467168	96.2292267186	96.3457067203	96.462186722	96.5786667238	96.6951467255	1.37853050532e-06	1.5239554572e-06	1.87610899499e-06	2.32244295741e-06	3.01470287665e-06	3.74585720755e-06	4.72116142455e-06	5.66910837288e-06	6.9150138744e-06	8.11960146411e-06	1.24849716433e-06	3.02329612409e-06	3.8318505816e-06	5.94316542669e-06	6.27708035694e-06	8.37314734236e-06	8.13828068484e-06	1.069630394e-05	1.03415828616e-05	1.31202353614e-05	107.735554982	107.773223675	107.810892369	107.848561063	107.886229757	107.923898451	107.961567144	107.999235838	108.036904532	108.074573226	-6.72514820831	-6.55559210755	-6.38603600679	-6.21647990603	-6.04692380526	-5.8773677045	-5.70781160374	-5.53825550298	-5.36869940221	-5.19914330145	0.218610271846	0.218610271846	0.218610271846	0.218610271846	0.218610271846	0.218610271846	0.218610271846	0.218610271846	0.218610271846	0.218610271846	
7.5	95.6468267099	95.7633067116	95.8797867133	95.9962667151	96.1127467168	96.2292267186	96.3457067203	96.462186722	96.5786667238	96.6951467255	1.37853050532e-06	1.5239554572e-06	1.87610899499e-06	2.32244295741e-06	3.01470287665e-06	3.74585720755e-06	4.72116142455e-06	5.66910837288e-06	6.9150138744e-06	8.11960146411e-06	1.24849716433e-06	3.02329612409e-06	3.8318505816e-06	5.94316542669e-06	6.27708035694e-06	8.37314734236e-06	8.13828068484e-06	1.069630394e-05	1.03415828616e-05	1.31202353614e-05	107.735554982	107.773223675	107.810892369	107.848561063	107.886229757	107.923898451	107.961567144	107.999235838	108.036904532	108.074573226	-6.72514820831	-6.55559210755	-6.38603600679	-6.21647990603	-6.04692380526	-5.8773677045	-5.70781160374	-5.53825550298	-5.36869940221	-5.19914330145	0.218610271846	0.218610271846	0.218610271846	0.218610271846	0.218610271846	0.218610271846	0.218610271846	0.218610271846	0.218610271846	0.218610271846	
7.51666666667	95.6468267099	95.7633067116	95.8797867133	95.9962667151	96.1127467168	96.2292267186	96.3457067203	96.462186722	96.5786667238	96.6951467255	1.37853050532e-06	1.5239554572e-06	1.87610899499e-06	2.32244295741e-06	3.01470287665e-06	3.74585720755e-06	4.72116142455e-06	5.66910837288e-06	6.9150138744e-06	8.11960146411e-06	1.24849716433e-06	3.02329612409e-06	3.8318505816e-06	5.94316542669e-06	6.27708035694e-06	8.37314734236e-06	8.13828068484e-06	1.069630394e-05	1.03415828616e-05	1.31202353614e-05	107.735554982	107.773223675	107.810892369	107.848561063	107.886229757	107.923898451	107.961567144	107.999235838	108.036904532	108.074573226	-6.72514820831	-6.55559210755	-6.38603600679	-6.21647990603	-6.04692380526	-5.8773677045	-5.70781160374	-5.53825550298	-5.36869940221	-5.19914330145	0.218610271846	0.218610271846	0.218610271846	0.218610271846	0.218610271846	0.218610271846	0.218610271846	0.218610271846	0.218610271846	0.218610271846	
7.53333333333	95.6468267099	95.7633067116	95.8797867133	95.9962667151	96.1127467168	96.2292267186	96.3457067203	96.462186722	96.5786667238	96.6951467255	1.37853050532e-06	1.5239554572e-06	1.87610899499e-06	2.32244295741e-06	3.01470287665e-06	3.74585720755e-06	4.72116142455e-06	5.66910837288e-06	6.9150138744e-06	8.11960146411e-06	1.24849716433e-06	3.02329612409e-06	3.8318505816e-06	5.94316542669e-06	6.27708035694e-06	8.37314734236e-06	8.13828068484e-06	1.069630394e-05	1.03415828616e-05	1.31202353614e-05	107.735554982	107.773223675	107.810892369	107.848561063	107.886229757	107.923898451	107.961567144	107.999235838	108.036904532	108.074573226	-6.72514820831	-6.55559210755	-6.38603600679	-6.21647990603	-6.04692380526	-5.8773677045	-5.70781160374	-5.53825550298	-5.36869940221	-5.19914330145	0.218610271846	0.218610271846	0.218610271846	0.218610271846	0.218610271846	0.218610271846	0.218610271846	0.218610271846	0.218610271846	0.218610271846	
7.55	95.6468267099	95.7633067116	95.8797867133	95.9962667151	96.1127467168	96.2292267186	96.3457067203	96.462186722	96.5786667238	96.6951467255	1.37853050532e-06	1.5239554572e-06	1.87610899499e-06	2.32244295741e-06	3.01470287665e-06	3.74585720755e-06	4.72116142455e-06	5.66910837288e-06	6.9150138744e-06	8.11960146411e-06	1.24849716433e-06	3.02329612409e-06	3.8318505816e-06	5.94316542669e-06	6.27708035694e-06	8.37314734236e-06	8.13828068484e-06	1.069630394e-05	1.03415828616e-05	1.31202353614e-05	107.735554982	107.773223675	107.810892369	107.848561063	107.886229757	107.923898451	107.961567144	107.999235838	108.036904532	108.074573226	-6.72514820831	-6.55559210755	-6.38603600679	-6.21647990603	-6.04692380526	-5.8773677045	-5.70781160374	-5.53825550298	-5.36869940221	-5.19914330145	0.218610271846	0.218610271846	0.218610271846	0.218610271846	0.218610271846	0.218610271846	0.218610271846	0.218610271846	0.218610271846	0.218610271846	
7.56666666667	95.6468267099	95.7633067116	95.8797867133	95.9962667151	96.1127467168	96.2292267186	96.3457067203	96.462186722	96.5786667238	96.6951467255	1.37853050532e-06	1.5239554572e-06	1.87610899499e-06	2.32244295741e-06	3.01470287665e-06	3.74585720755e-06	4.72116142455e-06	5.66910837288e-06	6.9150138744e-06	8.11960146411e-06	1.24849716433e-06	3.02329612409e-06	3.8318505816e-06	5.94316542669e-06	6.27708035694e-06	8.37314734236e-06	8.13828068484e-06	1.069630394e-05	1.03415828616e-05	1.31202353614e-05	107.735554982	107.773223675	107.810892369	107.848561063	107.886229757	107.923898451	107.961567144	107.999235838	108.036904532	108.074573226	-6.72514820831	-6.55559210755	-6.38603600679	-6.21647990603	-6.04692380526	-5.8773677045	-5.70781160374	-5.53825550298	-5.36869940221	-5.19914330145	0.218610271846	0.218610271846	0.218610271846	0.218610271846	0.218610271846	0.218610271846	0.218610271846	0.218610271846	0.218610271846	0.218610271846	
7.58333333333	95.6468267099	95.7633067116	95.8797867133	95.9962667151	96.1127467168	96.2292267186	96.3457067203	96.462186722	96.5786667238	96.6951467255	1.37853050532e-06	1.5239554572e-06	1.87610899499e-06	2.32244295741e-06	3.01470287665e-06	3.74585720755e-06	4.72116142455e-06	5.66910837288e-06	6.9150138744e-06	8.11960146411e-06	1.24849716433e-06	3.02329612409e-06	3.8318505816e-06	5.94316542669e-06	6.27708035694e-06	8.37314734236e-06	8.13828068484e-06	1.069630394e-05	1.03415828616e-05	1.31202353614e-05	107.735554982	107.773223675	107.810892369	107.848561063	107.886229757	107.923898451	107.961567144	107.999235838	108.036904532	108.074573226	-6.72514820831	-6.55559210755	-6.38603600679	-6.21647990603	-6.04692380526	-5.8773677045	-5.70781160374	-5.53825550298	-5.36869940221	-5.19914330145	0.218610271846	0.218610271846	0.218610271846	0.218610271846	0.218610271846	0.218610271846	0.218610271846	0.218610271846	0.218610271846	0.218610271846	
7.6	95.6468267099	95.7633067116	95.8797867133	95.9962667151	96.1127467168	96.2292267186	96.3457067203	96.462186722	96.5786667238	96.6951467255	1.37853050532e-06	1.5239554572e-06	1.87610899499e-06	2.32244295741e-06	3.01470287665e-06	3.74585720755e-06	4.72116142455e-06	5.66910837288e-06	6.9150138744e-06	8.11960146411e-06	1.24849716433e-06	3.02329612409e-06	3.8318505816e-06	5.94316542669e-06	6.27708035694e-06	8.37314734236e-06	8.13828068484e-06	1.069630394e-05	1.03415828616e-05	1.31202353614e-05	107.735554982	107.773223675	107.810892369	107.848561063	107.886229757	107.923898451	107.961567144	107.999235838	108.036904532	108.074573226	-6.72514820831	-6.55559210755	-6.38603600679	-6.21647990603	-6.04692380526	-5.8773677045	-5.70781160374	-5.53825550298	-5.36869940221	-5.19914330145	0.218610271846	0.218610271846	0.218610271846	0.218610271846	0.218610271846	0.218610271846	0.218610271846	0.218610271846	0.218610271846	0.218610271846	
7.61666666667	95.6468267099	95.7633067116	95.8797867133	95.9962667151	96.1127467168	96.2292267186	96.3457067203	96.462186722	96.5786667238	96.6951467255	1.37853050532e-06	1.5239554572e-06	1.87610899499e-06	2.32244295741e-06	3.01470287665e-06	3.74585720755e-06	4.72116142455e-06	5.66910837288e-06	6.9150138744e-06	8.11960146411e-06	1.24849716433e-06	3.02329612409e-06	3.8318505816e-06	5.94316542669e-06	6.27708035694e-06	8.37314734236e-06	8.13828068484e-06	1.069630394e-05	1.03415828616e-05	1.31202353614e-05	107.735554982	107.773223675	107.810892369	107.848561063	107.886229757	107.923898451	107.961567144	107.999235838	108.036904532	108.074573226	-6.72514820831	-6.55559210755	-6.38603600679	-6.21647990603	-6.04692380526	-5.8773677045	-5.70781160374	-5.53825550298	-5.36869940221	-5.19914330145	0.218610271846	0.218610271846	0.218610271846	0.218610271846	0.218610271846	0.218610271846	0.218610271846	0.218610271846	0.218610271846	0.218610271846	
7.63333333333	95.6468267099	95.7633067116	95.8797867133	95.9962667151	96.1127467168	96.2292267186	96.3457067203	96.462186722	96.5786667238	96.6951467255	1.37853050532e-06	1.5239554572e-06	1.87610899499e-06	2.32244295741e-06	3.01470287665e-06	3.74585720755e-06	4.72116142455e-06	5.66910837288e-06	6.9150138744e-06	8.11960146411e-06	1.24849716433e-06	3.02329612409e-06	3.8318505816e-06	5.94316542669e-06	6.27708035694e-06	8.37314734236e-06	8.13828068484e-06	1.069630394e-05	1.03415828616e-05	1.31202353614e-05	107.735554982	107.773223675	107.810892369	107.848561063	107.886229757	107.923898451	107.961567144	107.999235838	108.036904532	108.074573226	-6.72514820831	-6.55559210755	-6.38603600679	-6.21647990603	-6.04692380526	-5.8773677045	-5.70781160374	-5.53825550298	-5.36869940221	-5.19914330145	0.218610271846	0.218610271846	0.218610271846	0.218610271846	0.218610271846	0.218610271846	0.218610271846	0.218610271846	0.218610271846	0.218610271846	
7.65	95.6468267099	95.7633067116	95.8797867133	95.9962667151	96.1127467168	96.2292267186	96.3457067203	96.462186722	96.5786667238	96.6951467255	1.37853050532e-06	1.5239554572e-06	1.87610899499e-06	2.32244295741e-06	3.01470287665e-06	3.74585720755e-06	4.72116142455e-06	5.66910837288e-06	6.9150138744e-06	8.11960146411e-06	1.24849716433e-06	3.02329612409e-06	3.8318505816e-06	5.94316542669e-06	6.27708035694e-06	8.37314734236e-06	8.13828068484e-06	1.069630394e-05	1.03415828616e-05	1.31202353614e-05	107.735554982	107.773223675	107.810892369	107.848561063	107.886229757	107.923898451	107.961567144	107.999235838	108.036904532	108.074573226	-6.72514820831	-6.55559210755	-6.38603600679	-6.21647990603	-6.04692380526	-5.8773677045	-5.70781160374	-5.53825550298	-5.36869940221	-5.19914330145	0.218610271846	0.218610271846	0.218610271846	0.218610271846	0.218610271846	0.218610271846	0.218610271846	0.218610271846	0.218610271846	0.218610271846	
7.66666666667	95.6468267099	95.7633067116	95.8797867133	95.9962667151	96.1127467168	96.2292267186	96.3457067203	96.462186722	96.5786667238	96.6951467255	1.37853050532e-06	1.5239554572e-06	1.87610899499e-06	2.32244295741e-06	3.01470287665e-06	3.74585720755e-06	4.72116142455e-06	5.66910837288e-06	6.9150138744e-06	8.11960146411e-06	1.24849716433e-06	3.02329612409e-06	3.8318505816e-06	5.94316542669e-06	6.27708035694e-06	8.37314734236e-06	8.13828068484e-06	1.069630394e-05	1.03415828616e-05	1.31202353614e-05	107.735554982	107.773223675	107.810892369	107.848561063	107.886229757	107.923898451	107.961567144	107.999235838	108.036904532	108.074573226	-6.72514820831	-6.55559210755	-6.38603600679	-6.21647990603	-6.04692380526	-5.8773677045	-5.70781160374	-5.53825550298	-5.36869940221	-5.19914330145	0.218610271846	0.218610271846	0.218610271846	0.218610271846	0.218610271846	0.218610271846	0.218610271846	0.218610271846	0.218610271846	0.218610271846	
7.68333333333	95.6468267099	95.7633067116	95.8797867133	95.9962667151	96.1127467168	96.2292267186	96.3457067203	96.462186722	96.5786667238	96.6951467255	1.37853050532e-06	1.5239554572e-06	1.87610899499e-06	2.32244295741e-06	3.01470287665e-06	3.74585720755e-06	4.72116142455e-06	5.66910837288e-06	6.9150138744e-06	8.11960146411e-06	1.24849716433e-06	3.02329612409e-06	3.8318505816e-06	5.94316542669e-06	6.27708035694e-06	8.37314734236e-06	8.13828068484e-06	1.069630394e-05	1.03415828616e-05	1.31202353614e-05	107.735554982	107.773223675	107.810892369	107.848561063	107.886229757	107.923898451	107.961567144	107.999235838	108.036904532	108.074573226	-6.72514820831	-6.55559210755	-6.38603600679	-6.21647990603	-6.04692380526	-5.8773677045	-5.70781160374	-5.53825550298	-5.36869940221	-5.19914330145	0.218610271846	0.218610271846	0.218610271846	0.218610271846	0.218610271846	0.218610271846	0.218610271846	0.218610271846	0.218610271846	0.218610271846	
7.7	95.6468267099	95.7633067116	95.8797867133	95.9962667151	96.1127467168	96.2292267186	96.3457067203	96.462186722	96.5786667238	96.6951467255	1.37853050532e-06	1.5239554572e-06	1.87610899499e-06	2.32244295741e-06	3.01470287665e-06	3.74585720755e-06	4.72116142455e-06	5.66910837288e-06	6.9150138744e-06	8.11960146411e-06	1.24849716433e-06	3.02329612409e-06	3.8318505816e-06	5.94316542669e-06	6.27708035694e-06	8.37314734236e-06	8.13828068484e-06	1.069630394e-05	1.03415828616e-05	1.31202353614e-05	107.735554982	107.773223675	107.810892369	107.848561063	107.886229757	107.923898451	107.961567144	107.999235838	108.036904532	108.074573226	-6.72514820831	-6.55559210755	-6.38603600679	-6.21647990603	-6.04692380526	-5.8773677045	-5.70781160374	-5.53825550298	-5.36869940221	-5.19914330145	0.218610271846	0.218610271846	0.218610271846	0.218610271846	0.218610271846	0.218610271846	0.218610271846	0.218610271846	0.218610271846	0.218610271846	
7.71666666667	95.6468267099	95.7633067116	95.8797867133	95.9962667151	96.1127467168	96.2292267186	96.3457067203	96.462186722	96.5786667238	96.6951467255	1.37853050532e-06	1.5239554572e-06	1.87610899499e-06	2.32244295741e-06	3.01470287665e-06	3.74585720755e-06	4.72116142455e-06	5.66910837288e-06	6.9150138744e-06	8.11960146411e-06	1.24849716433e-06	3.02329612409e-06	3.8318505816e-06	5.94316542669e-06	6.27708035694e-06	8.37314734236e-06	8.13828068484e-06	1.069630394e-05	1.03415828616e-05	1.31202353614e-05	107.735554982	107.773223675	107.810892369	107.848561063	107.886229757	107.923898451	107.961567144	107.999235838	108.036904532	108.074573226	-6.72514820831	-6.55559210755	-6.38603600679	-6.21647990603	-6.04692380526	-5.8773677045	-5.70781160374	-5.53825550298	-5.36869940221	-5.19914330145	0.218610271846	0.218610271846	0.218610271846	0.218610271846	0.218610271846	0.218610271846	0.218610271846	0.218610271846	0.218610271846	0.218610271846	
7.73333333333	95.6468267099	95.7633067116	95.8797867133	95.9962667151	96.1127467168	96.2292267186	96.3457067203	96.462186722	96.5786667238	96.6951467255	1.37853050532e-06	1.5239554572e-06	1.87610899499e-06	2.32244295741e-06	3.01470287665e-06	3.74585720755e-06	4.72116142455e-06	5.66910837288e-06	6.9150138744e-06	8.11960146411e-06	1.24849716433e-06	3.02329612409e-06	3.8318505816e-06	5.94316542669e-06	6.27708035694e-06	8.37314734236e-06	8.13828068484e-06	1.069630394e-05	1.03415828616e-05	1.31202353614e-05	107.735554982	107.773223675	107.810892369	107.848561063	107.886229757	107.923898451	107.961567144	107.999235838	108.036904532	108.074573226	-6.72514820831	-6.55559210755	-6.38603600679	-6.21647990603	-6.04692380526	-5.8773677045	-5.70781160374	-5.53825550298	-5.36869940221	-5.19914330145	0.218610271846	0.218610271846	0.218610271846	0.218610271846	0.218610271846	0.218610271846	0.218610271846	0.218610271846	0.218610271846	0.218610271846	
7.75	95.6468267099	95.7633067116	95.8797867133	95.9962667151	96.1127467168	96.2292267186	96.3457067203	96.462186722	96.5786667238	96.6951467255	1.37853050532e-06	1.5239554572e-06	1.87610899499e-06	2.32244295741e-06	3.01470287665e-06	3.74585720755e-06	4.72116142455e-06	5.66910837288e-06	6.9150138744e-06	8.11960146411e-06	1.24849716433e-06	3.02329612409e-06	3.8318505816e-06	5.94316542669e-06	6.27708035694e-06	8.37314734236e-06	8.13828068484e-06	1.069630394e-05	1.03415828616e-05	1.31202353614e-05	107.735554982	107.773223675	107.810892369	107.848561063	107.886229757	107.923898451	107.961567144	107.999235838	108.036904532	108.074573226	-6.72514820831	-6.55559210755	-6.38603600679	-6.21647990603	-6.04692380526	-5.8773677045	-5.70781160374	-5.53825550298	-5.36869940221	-5.19914330145	0.218610271846	0.218610271846	0.218610271846	0.218610271846	0.218610271846	0.218610271846	0.218610271846	0.218610271846	0.218610271846	0.218610271846	
7.76666666667	95.6468267099	95.7633067116	95.8797867133	95.9962667151	96.1127467168	96.2292267186	96.3457067203	96.462186722	96.5786667238	96.6951467255	1.37853050532e-06	1.5239554572e-06	1.87610899499e-06	2.32244295741e-06	3.01470287665e-06	3.74585720755e-06	4.72116142455e-06	5.66910837288e-06	6.9150138744e-06	8.11960146411e-06	1.24849716433e-06	3.02329612409e-06	3.8318505816e-06	5.94316542669e-06	6.27708035694e-06	8.37314734236e-06	8.13828068484e-06	1.069630394e-05	1.03415828616e-05	1.31202353614e-05	107.735554982	107.773223675	107.810892369	107.848561063	107.886229757	107.923898451	107.961567144	107.999235838	108.036904532	108.074573226	-6.72514820831	-6.55559210755	-6.38603600679	-6.21647990603	-6.04692380526	-5.8773677045	-5.70781160374	-5.53825550298	-5.36869940221	-5.19914330145	0.218610271846	0.218610271846	0.218610271846	0.218610271846	0.218610271846	0.218610271846	0.218610271846	0.218610271846	0.218610271846	0.218610271846	
7.78333333333	95.6468267099	95.7633067116	95.8797867133	95.9962667151	96.1127467168	96.2292267186	96.3457067203	96.462186722	96.5786667238	96.6951467255	1.37853050532e-06	1.5239554572e-06	1.87610899499e-06	2.32244295741e-06	3.01470287665e-06	3.74585720755e-06	4.72116142455e-06	5.66910837288e-06	6.9150138744e-06	8.11960146411e-06	1.24849716433e-06	3.02329612409e-06	3.8318505816e-06	5.94316542669e-06	6.27708035694e-06	8.37314734236e-06	8.13828068484e-06	1.069630394e-05	1.03415828616e-05	1.31202353614e-05	107.735554982	107.773223675	107.810892369	107.848561063	107.886229757	107.923898451	107.961567144	107.999235838	108.036904532	108.074573226	-6.72514820831	-6.55559210755	-6.38603600679	-6.21647990603	-6.04692380526	-5.8773677045	-5.70781160374	-5.53825550298	-5.36869940221	-5.19914330145	0.218610271846	0.218610271846	0.218610271846	0.218610271846	0.218610271846	0.218610271846	0.218610271846	0.218610271846	0.218610271846	0.218610271846	
7.8	95.6468267099	95.7633067116	95.8797867133	95.9962667151	96.1127467168	96.2292267186	96.3457067203	96.462186722	96.5786667238	96.6951467255	1.37853050532e-06	1.5239554572e-06	1.87610899499e-06	2.32244295741e-06	3.01470287665e-06	3.74585720755e-06	4.72116142455e-06	5.66910837288e-06	6.9150138744e-06	8.11960146411e-06	1.24849716433e-06	3.02329612409e-06	3.8318505816e-06	5.94316542669e-06	6.27708035694e-06	8.37314734236e-06	8.13828068484e-06	1.069630394e-05	1.03415828616e-05	1.31202353614e-05	107.735554982	107.773223675	107.810892369	107.848561063	107.886229757	107.923898451	107.961567144	107.999235838	108.036904532	108.074573226	-6.72514820831	-6.55559210755	-6.38603600679	-6.21647990603	-6.04692380526	-5.8773677045	-5.70781160374	-5.53825550298	-5.36869940221	-5.19914330145	0.218610271846	0.218610271846	0.218610271846	0.218610271846	0.218610271846	0.218610271846	0.218610271846	0.218610271846	0.218610271846	0.218610271846	
7.81666666667	95.6468267099	95.7633067116	95.8797867133	95.9962667151	96.1127467168	96.2292267186	96.3457067203	96.462186722	96.5786667238	96.6951467255	1.37853050532e-06	1.5239554572e-06	1.87610899499e-06	2.32244295741e-06	3.01470287665e-06	3.74585720755e-06	4.72116142455e-06	5.66910837288e-06	6.9150138744e-06	8.11960146411e-06	1.24849716433e-06	3.02329612409e-06	3.8318505816e-06	5.94316542669e-06	6.27708035694e-06	8.37314734236e-06	8.13828068484e-06	1.069630394e-05	1.03415828616e-05	1.31202353614e-05	107.735554982	107.773223675	107.810892369	107.848561063	107.886229757	107.923898451	107.961567144	107.999235838	108.036904532	108.074573226	-6.72514820831	-6.55559210755	-6.38603600679	-6.21647990603	-6.04692380526	-5.8773677045	-5.70781160374	-5.53825550298	-5.36869940221	-5.19914330145	0.218610271846	0.218610271846	0.218610271846	0.218610271846	0.218610271846	0.218610271846	0.218610271846	0.218610271846	0.218610271846	0.218610271846	
7.83333333333	95.6468267099	95.7633067116	95.8797867133	95.9962667151	96.1127467168	96.2292267186	96.3457067203	96.462186722	96.5786667238	96.6951467255	1.37853050532e-06	1.5239554572e-06	1.87610899499e-06	2.32244295741e-06	3.01470287665e-06	3.74585720755e-06	4.72116142455e-06	5.66910837288e-06	6.9150138744e-06	8.11960146411e-06	1.24849716433e-06	3.02329612409e-06	3.8318505816e-06	5.94316542669e-06	6.27708035694e-06	8.37314734236e-06	8.13828068484e-06	1.069630394e-05	1.03415828616e-05	1.31202353614e-05	107.735554982	107.773223675	107.810892369	107.848561063	107.886229757	107.923898451	107.961567144	107.999235838	108.036904532	108.074573226	-6.72514820831	-6.55559210755	-6.38603600679	-6.21647990603	-6.04692380526	-5.8773677045	-5.70781160374	-5.53825550298	-5.36869940221	-5.19914330145	0.218610271846	0.218610271846	0.218610271846	0.218610271846	0.218610271846	0.218610271846	0.218610271846	0.218610271846	0.218610271846	0.218610271846	
7.85	95.6468267099	95.7633067116	95.8797867133	95.9962667151	96.1127467168	96.2292267186	96.3457067203	96.462186722	96.5786667238	96.6951467255	1.37853050532e-06	1.5239554572e-06	1.87610899499e-06	2.32244295741e-06	3.01470287665e-06	3.74585720755e-06	4.72116142455e-06	5.66910837288e-06	6.9150138744e-06	8.11960146411e-06	1.24849716433e-06	3.02329612409e-06	3.8318505816e-06	5.94316542669e-06	6.27708035694e-06	8.37314734236e-06	8.13828068484e-06	1.069630394e-05	1.03415828616e-05	1.31202353614e-05	107.735554982	107.773223675	107.810892369	107.848561063	107.886229757	107.923898451	107.961567144	107.999235838	108.036904532	108.074573226	-6.72514820831	-6.55559210755	-6.38603600679	-6.21647990603	-6.04692380526	-5.8773677045	-5.70781160374	-5.53825550298	-5.36869940221	-5.19914330145	0.218610271846	0.218610271846	0.218610271846	0.218610271846	0.218610271846	0.218610271846	0.218610271846	0.218610271846	0.218610271846	0.218610271846	
7.86666666667	95.6468267099	95.7633067116	95.8797867133	95.9962667151	96.1127467168	96.2292267186	96.3457067203	96.462186722	96.5786667238	96.6951467255	1.37853050532e-06	1.5239554572e-06	1.87610899499e-06	2.32244295741e-06	3.01470287665e-06	3.74585720755e-06	4.72116142455e-06	5.66910837288e-06	6.9150138744e-06	8.11960146411e-06	1.24849716433e-06	3.02329612409e-06	3.8318505816e-06	5.94316542669e-06	6.27708035694e-06	8.37314734236e-06	8.13828068484e-06	1.069630394e-05	1.03415828616e-05	1.31202353614e-05	107.735554982	107.773223675	107.810892369	107.848561063	107.886229757	107.923898451	107.961567144	107.999235838	108.036904532	108.074573226	-6.72514820831	-6.55559210755	-6.38603600679	-6.21647990603	-6.04692380526	-5.8773677045	-5.70781160374	-5.53825550298	-5.36869940221	-5.19914330145	0.218610271846	0.218610271846	0.218610271846	0.218610271846	0.218610271846	0.218610271846	0.218610271846	0.218610271846	0.218610271846	0.218610271846	
7.88333333333	95.6468267099	95.7633067116	95.8797867133	95.9962667151	96.1127467168	96.2292267186	96.3457067203	96.462186722	96.5786667238	96.6951467255	1.37853050532e-06	1.5239554572e-06	1.87610899499e-06	2.32244295741e-06	3.01470287665e-06	3.74585720755e-06	4.72116142455e-06	5.66910837288e-06	6.9150138744e-06	8.11960146411e-06	1.24849716433e-06	3.02329612409e-06	3.8318505816e-06	5.94316542669e-06	6.27708035694e-06	8.37314734236e-06	8.13828068484e-06	1.069630394e-05	1.03415828616e-05	1.31202353614e-05	107.735554982	107.773223675	107.810892369	107.848561063	107.886229757	107.923898451	107.961567144	107.999235838	108.036904532	108.074573226	-6.72514820831	-6.55559210755	-6.38603600679	-6.21647990603	-6.04692380526	-5.8773677045	-5.70781160374	-5.53825550298	-5.36869940221	-5.19914330145	0.218610271846	0.218610271846	0.218610271846	0.218610271846	0.218610271846	0.218610271846	0.218610271846	0.218610271846	0.218610271846	0.218610271846	
7.9	95.6468267099	95.7633067116	95.8797867133	95.9962667151	96.1127467168	96.2292267186	96.3457067203	96.462186722	96.5786667238	96.6951467255	1.37853050532e-06	1.5239554572e-06	1.87610899499e-06	2.32244295741e-06	3.01470287665e-06	3.74585720755e-06	4.72116142455e-06	5.66910837288e-06	6.9150138744e-06	8.11960146411e-06	1.24849716433e-06	3.02329612409e-06	3.8318505816e-06	5.94316542669e-06	6.27708035694e-06	8.37314734236e-06	8.13828068484e-06	1.069630394e-05	1.03415828616e-05	1.31202353614e-05	107.735554982	107.773223675	107.810892369	107.848561063	107.886229757	107.923898451	107.961567144	107.999235838	108.036904532	108.074573226	-6.72514820831	-6.55559210755	-6.38603600679	-6.21647990603	-6.04692380526	-5.8773677045	-5.70781160374	-5.53825550298	-5.36869940221	-5.19914330145	0.218610271846	0.218610271846	0.218610271846	0.218610271846	0.218610271846	0.218610271846	0.218610271846	0.218610271846	0.218610271846	0.218610271846	
7.91666666667	95.6468267099	95.7633067116	95.8797867133	95.9962667151	96.1127467168	96.2292267186	96.3457067203	96.462186722	96.5786667238	96.6951467255	1.37853050532e-06	1.5239554572e-06	1.87610899499e-06	2.32244295741e-06	3.01470287665e-06	3.74585720755e-06	4.72116142455e-06	5.66910837288e-06	6.9150138744e-06	8.11960146411e-06	1.24849716433e-06	3.02329612409e-06	3.8318505816e-06	5.94316542669e-06	6.27708035694e-06	8.37314734236e-06	8.13828068484e-06	1.069630394e-05	1.03415828616e-05	1.31202353614e-05	107.735554982	107.773223675	107.810892369	107.848561063	107.886229757	107.923898451	107.961567144	107.999235838	108.036904532	108.074573226	-6.72514820831	-6.55559210755	-6.38603600679	-6.21647990603	-6.04692380526	-5.8773677045	-5.70781160374	-5.53825550298	-5.36869940221	-5.19914330145	0.218610271846	0.218610271846	0.218610271846	0.218610271846	0.218610271846	0.218610271846	0.218610271846	0.218610271846	0.218610271846	0.218610271846	
7.93333333333	95.6468267099	95.7633067116	95.8797867133	95.9962667151	96.1127467168	96.2292267186	96.3457067203	96.462186722	96.5786667238	96.6951467255	1.37853050532e-06	1.5239554572e-06	1.87610899499e-06	2.32244295741e-06	3.01470287665e-06	3.74585720755e-06	4.72116142455e-06	5.66910837288e-06	6.9150138744e-06	8.11960146411e-06	1.24849716433e-06	3.02329612409e-06	3.8318505816e-06	5.94316542669e-06	6.27708035694e-06	8.37314734236e-06	8.13828068484e-06	1.069630394e-05	1.03415828616e-05	1.31202353614e-05	107.735554982	107.773223675	107.810892369	107.848561063	107.886229757	107.923898451	107.961567144	107.999235838	108.036904532	108.074573226	-6.72514820831	-6.55559210755	-6.38603600679	-6.21647990603	-6.04692380526	-5.8773677045	-5.70781160374	-5.53825550298	-5.36869940221	-5.19914330145	0.218610271846	0.218610271846	0.218610271846	0.218610271846	0.218610271846	0.218610271846	0.218610271846	0.218610271846	0.218610271846	0.218610271846	
7.95	95.6468267099	95.7633067116	95.8797867133	95.9962667151	96.1127467168	96.2292267186	96.3457067203	96.462186722	96.5786667238	96.6951467255	1.37853050532e-06	1.5239554572e-06	1.87610899499e-06	2.32244295741e-06	3.01470287665e-06	3.74585720755e-06	4.72116142455e-06	5.66910837288e-06	6.9150138744e-06	8.11960146411e-06	1.24849716433e-06	3.02329612409e-06	3.8318505816e-06	5.94316542669e-06	6.27708035694e-06	8.37314734236e-06	8.13828068484e-06	1.069630394e-05	1.03415828616e-05	1.31202353614e-05	107.735554982	107.773223675	107.810892369	107.848561063	107.886229757	107.923898451	107.961567144	107.999235838	108.036904532	108.074573226	-6.72514820831	-6.55559210755	-6.38603600679	-6.21647990603	-6.04692380526	-5.8773677045	-5.70781160374	-5.53825550298	-5.36869940221	-5.19914330145	0.218610271846	0.218610271846	0.218610271846	0.218610271846	0.218610271846	0.218610271846	0.218610271846	0.218610271846	0.218610271846	0.218610271846	
7.96666666667	95.6468267099	95.7633067116	95.8797867133	95.9962667151	96.1127467168	96.2292267186	96.3457067203	96.462186722	96.5786667238	96.6951467255	1.37853050532e-06	1.5239554572e-06	1.87610899499e-06	2.32244295741e-06	3.01470287665e-06	3.74585720755e-06	4.72116142455e-06	5.66910837288e-06	6.9150138744e-06	8.11960146411e-06	1.24849716433e-06	3.02329612409e-06	3.8318505816e-06	5.94316542669e-06	6.27708035694e-06	8.37314734236e-06	8.13828068484e-06	1.069630394e-05	1.03415828616e-05	1.31202353614e-05	107.735554982	107.773223675	107.810892369	107.848561063	107.886229757	107.923898451	107.961567144	107.999235838	108.036904532	108.074573226	-6.72514820831	-6.55559210755	-6.38603600679	-6.21647990603	-6.04692380526	-5.8773677045	-5.70781160374	-5.53825550298	-5.36869940221	-5.19914330145	0.218610271846	0.218610271846	0.218610271846	0.218610271846	0.218610271846	0.218610271846	0.218610271846	0.218610271846	0.218610271846	0.218610271846	
7.98333333333	95.6468267099	95.7633067116	95.8797867133	95.9962667151	96.1127467168	96.2292267186	96.3457067203	96.462186722	96.5786667238	96.6951467255	1.37853050532e-06	1.5239554572e-06	1.87610899499e-06	2.32244295741e-06	3.01470287665e-06	3.74585720755e-06	4.72116142455e-06	5.66910837288e-06	6.9150138744e-06	8.11960146411e-06	1.24849716433e-06	3.02329612409e-06	3.8318505816e-06	5.94316542669e-06	6.27708035694e-06	8.37314734236e-06	8.13828068484e-06	1.069630394e-05	1.03415828616e-05	1.31202353614e-05	107.735554982	107.773223675	107.810892369	107.848561063	107.886229757	107.923898451	107.961567144	107.999235838	108.036904532	108.074573226	-6.72514820831	-6.55559210755	-6.38603600679	-6.21647990603	-6.04692380526	-5.8773677045	-5.70781160374	-5.53825550298	-5.36869940221	-5.19914330145	0.218610271846	0.218610271846	0.218610271846	0.218610271846	0.218610271846	0.218610271846	0.218610271846	0.218610271846	0.218610271846	0.218610271846	
8.0	95.6468267099	95.7633067116	95.8797867133	95.9962667151	96.1127467168	96.2292267186	96.3457067203	96.462186722	96.5786667238	96.6951467255	1.37853050532e-06	1.5239554572e-06	1.87610899499e-06	2.32244295741e-06	3.01470287665e-06	3.74585720755e-06	4.72116142455e-06	5.66910837288e-06	6.9150138744e-06	8.11960146411e-06	1.24849716433e-06	3.02329612409e-06	3.8318505816e-06	5.94316542669e-06	6.27708035694e-06	8.37314734236e-06	8.13828068484e-06	1.069630394e-05	1.03415828616e-05	1.31202353614e-05	107.735554982	107.773223675	107.810892369	107.848561063	107.886229757	107.923898451	107.961567144	107.999235838	108.036904532	108.074573226	-6.72514820831	-6.55559210755	-6.38603600679	-6.21647990603	-6.04692380526	-5.8773677045	-5.70781160374	-5.53825550298	-5.36869940221	-5.19914330145	0.218610271846	0.218610271846	0.218610271846	0.218610271846	0.218610271846	0.218610271846	0.218610271846	0.218610271846	0.218610271846	0.218610271846	
8.01666666667	95.6468267099	95.7633067116	95.8797867133	95.9962667151	96.1127467168	96.2292267186	96.3457067203	96.462186722	96.5786667238	96.6951467255	1.37853050532e-06	1.5239554572e-06	1.87610899499e-06	2.32244295741e-06	3.01470287665e-06	3.74585720755e-06	4.72116142455e-06	5.66910837288e-06	6.9150138744e-06	8.11960146411e-06	1.24849716433e-06	3.02329612409e-06	3.8318505816e-06	5.94316542669e-06	6.27708035694e-06	8.37314734236e-06	8.13828068484e-06	1.069630394e-05	1.03415828616e-05	1.31202353614e-05	107.735554982	107.773223675	107.810892369	107.848561063	107.886229757	107.923898451	107.961567144	107.999235838	108.036904532	108.074573226	-6.72514820831	-6.55559210755	-6.38603600679	-6.21647990603	-6.04692380526	-5.8773677045	-5.70781160374	-5.53825550298	-5.36869940221	-5.19914330145	0.218610271846	0.218610271846	0.218610271846	0.218610271846	0.218610271846	0.218610271846	0.218610271846	0.218610271846	0.218610271846	0.218610271846	
8.03333333333	95.6468267099	95.7633067116	95.8797867133	95.9962667151	96.1127467168	96.2292267186	96.3457067203	96.462186722	96.5786667238	96.6951467255	1.37853050532e-06	1.5239554572e-06	1.87610899499e-06	2.32244295741e-06	3.01470287665e-06	3.74585720755e-06	4.72116142455e-06	5.66910837288e-06	6.9150138744e-06	8.11960146411e-06	1.24849716433e-06	3.02329612409e-06	3.8318505816e-06	5.94316542669e-06	6.27708035694e-06	8.37314734236e-06	8.13828068484e-06	1.069630394e-05	1.03415828616e-05	1.31202353614e-05	107.735554982	107.773223675	107.810892369	107.848561063	107.886229757	107.923898451	107.961567144	107.999235838	108.036904532	108.074573226	-6.72514820831	-6.55559210755	-6.38603600679	-6.21647990603	-6.04692380526	-5.8773677045	-5.70781160374	-5.53825550298	-5.36869940221	-5.19914330145	0.218610271846	0.218610271846	0.218610271846	0.218610271846	0.218610271846	0.218610271846	0.218610271846	0.218610271846	0.218610271846	0.218610271846	
8.05	95.6468267099	95.7633067116	95.8797867133	95.9962667151	96.1127467168	96.2292267186	96.3457067203	96.462186722	96.5786667238	96.6951467255	1.37853050532e-06	1.5239554572e-06	1.87610899499e-06	2.32244295741e-06	3.01470287665e-06	3.74585720755e-06	4.72116142455e-06	5.66910837288e-06	6.9150138744e-06	8.11960146411e-06	1.24849716433e-06	3.02329612409e-06	3.8318505816e-06	5.94316542669e-06	6.27708035694e-06	8.37314734236e-06	8.13828068484e-06	1.069630394e-05	1.03415828616e-05	1.31202353614e-05	107.735554982	107.773223675	107.810892369	107.848561063	107.886229757	107.923898451	107.961567144	107.999235838	108.036904532	108.074573226	-6.72514820831	-6.55559210755	-6.38603600679	-6.21647990603	-6.04692380526	-5.8773677045	-5.70781160374	-5.53825550298	-5.36869940221	-5.19914330145	0.218610271846	0.218610271846	0.218610271846	0.218610271846	0.218610271846	0.218610271846	0.218610271846	0.218610271846	0.218610271846	0.218610271846	
8.06666666667	95.6468267099	95.7633067116	95.8797867133	95.9962667151	96.1127467168	96.2292267186	96.3457067203	96.462186722	96.5786667238	96.6951467255	1.37853050532e-06	1.5239554572e-06	1.87610899499e-06	2.32244295741e-06	3.01470287665e-06	3.74585720755e-06	4.72116142455e-06	5.66910837288e-06	6.9150138744e-06	8.11960146411e-06	1.24849716433e-06	3.02329612409e-06	3.8318505816e-06	5.94316542669e-06	6.27708035694e-06	8.37314734236e-06	8.13828068484e-06	1.069630394e-05	1.03415828616e-05	1.31202353614e-05	107.735554982	107.773223675	107.810892369	107.848561063	107.886229757	107.923898451	107.961567144	107.999235838	108.036904532	108.074573226	-6.72514820831	-6.55559210755	-6.38603600679	-6.21647990603	-6.04692380526	-5.8773677045	-5.70781160374	-5.53825550298	-5.36869940221	-5.19914330145	0.218610271846	0.218610271846	0.218610271846	0.218610271846	0.218610271846	0.218610271846	0.218610271846	0.218610271846	0.218610271846	0.218610271846	
8.08333333333	95.6468267099	95.7633067116	95.8797867133	95.9962667151	96.1127467168	96.2292267186	96.3457067203	96.462186722	96.5786667238	96.6951467255	1.37853050532e-06	1.5239554572e-06	1.87610899499e-06	2.32244295741e-06	3.01470287665e-06	3.74585720755e-06	4.72116142455e-06	5.66910837288e-06	6.9150138744e-06	8.11960146411e-06	1.24849716433e-06	3.02329612409e-06	3.8318505816e-06	5.94316542669e-06	6.27708035694e-06	8.37314734236e-06	8.13828068484e-06	1.069630394e-05	1.03415828616e-05	1.31202353614e-05	107.735554982	107.773223675	107.810892369	107.848561063	107.886229757	107.923898451	107.961567144	107.999235838	108.036904532	108.074573226	-6.72514820831	-6.55559210755	-6.38603600679	-6.21647990603	-6.04692380526	-5.8773677045	-5.70781160374	-5.53825550298	-5.36869940221	-5.19914330145	0.218610271846	0.218610271846	0.218610271846	0.218610271846	0.218610271846	0.218610271846	0.218610271846	0.218610271846	0.218610271846	0.218610271846	
8.1	95.6468267099	95.7633067116	95.8797867133	95.9962667151	96.1127467168	96.2292267186	96.3457067203	96.462186722	96.5786667238	96.6951467255	1.37853050532e-06	1.5239554572e-06	1.87610899499e-06	2.32244295741e-06	3.01470287665e-06	3.74585720755e-06	4.72116142455e-06	5.66910837288e-06	6.9150138744e-06	8.11960146411e-06	1.24849716433e-06	3.02329612409e-06	3.8318505816e-06	5.94316542669e-06	6.27708035694e-06	8.37314734236e-06	8.13828068484e-06	1.069630394e-05	1.03415828616e-05	1.31202353614e-05	107.735554982	107.773223675	107.810892369	107.848561063	107.886229757	107.923898451	107.961567144	107.999235838	108.036904532	108.074573226	-6.72514820831	-6.55559210755	-6.38603600679	-6.21647990603	-6.04692380526	-5.8773677045	-5.70781160374	-5.53825550298	-5.36869940221	-5.19914330145	0.218610271846	0.218610271846	0.218610271846	0.218610271846	0.218610271846	0.218610271846	0.218610271846	0.218610271846	0.218610271846	0.218610271846	
8.11666666667	95.6468267099	95.7633067116	95.8797867133	95.9962667151	96.1127467168	96.2292267186	96.3457067203	96.462186722	96.5786667238	96.6951467255	1.37853050532e-06	1.5239554572e-06	1.87610899499e-06	2.32244295741e-06	3.01470287665e-06	3.74585720755e-06	4.72116142455e-06	5.66910837288e-06	6.9150138744e-06	8.11960146411e-06	1.24849716433e-06	3.02329612409e-06	3.8318505816e-06	5.94316542669e-06	6.27708035694e-06	8.37314734236e-06	8.13828068484e-06	1.069630394e-05	1.03415828616e-05	1.31202353614e-05	107.735554982	107.773223675	107.810892369	107.848561063	107.886229757	107.923898451	107.961567144	107.999235838	108.036904532	108.074573226	-6.72514820831	-6.55559210755	-6.38603600679	-6.21647990603	-6.04692380526	-5.8773677045	-5.70781160374	-5.53825550298	-5.36869940221	-5.19914330145	0.218610271846	0.218610271846	0.218610271846	0.218610271846	0.218610271846	0.218610271846	0.218610271846	0.218610271846	0.218610271846	0.218610271846	
8.13333333333	95.6468267099	95.7633067116	95.8797867133	95.9962667151	96.1127467168	96.2292267186	96.3457067203	96.462186722	96.5786667238	96.6951467255	1.37853050532e-06	1.5239554572e-06	1.87610899499e-06	2.32244295741e-06	3.01470287665e-06	3.74585720755e-06	4.72116142455e-06	5.66910837288e-06	6.9150138744e-06	8.11960146411e-06	1.24849716433e-06	3.02329612409e-06	3.8318505816e-06	5.94316542669e-06	6.27708035694e-06	8.37314734236e-06	8.13828068484e-06	1.069630394e-05	1.03415828616e-05	1.31202353614e-05	107.735554982	107.773223675	107.810892369	107.848561063	107.886229757	107.923898451	107.961567144	107.999235838	108.036904532	108.074573226	-6.72514820831	-6.55559210755	-6.38603600679	-6.21647990603	-6.04692380526	-5.8773677045	-5.70781160374	-5.53825550298	-5.36869940221	-5.19914330145	0.218610271846	0.218610271846	0.218610271846	0.218610271846	0.218610271846	0.218610271846	0.218610271846	0.218610271846	0.218610271846	0.218610271846	
8.15	95.6468267099	95.7633067116	95.8797867133	95.9962667151	96.1127467168	96.2292267186	96.3457067203	96.462186722	96.5786667238	96.6951467255	1.37853050532e-06	1.5239554572e-06	1.87610899499e-06	2.32244295741e-06	3.01470287665e-06	3.74585720755e-06	4.72116142455e-06	5.66910837288e-06	6.9150138744e-06	8.11960146411e-06	1.24849716433e-06	3.02329612409e-06	3.8318505816e-06	5.94316542669e-06	6.27708035694e-06	8.37314734236e-06	8.13828068484e-06	1.069630394e-05	1.03415828616e-05	1.31202353614e-05	107.735554982	107.773223675	107.810892369	107.848561063	107.886229757	107.923898451	107.961567144	107.999235838	108.036904532	108.074573226	-6.72514820831	-6.55559210755	-6.38603600679	-6.21647990603	-6.04692380526	-5.8773677045	-5.70781160374	-5.53825550298	-5.36869940221	-5.19914330145	0.218610271846	0.218610271846	0.218610271846	0.218610271846	0.218610271846	0.218610271846	0.218610271846	0.218610271846	0.218610271846	0.218610271846	
8.16666666667	95.6468267099	95.7633067116	95.8797867133	95.9962667151	96.1127467168	96.2292267186	96.3457067203	96.462186722	96.5786667238	96.6951467255	1.37853050532e-06	1.5239554572e-06	1.87610899499e-06	2.32244295741e-06	3.01470287665e-06	3.74585720755e-06	4.72116142455e-06	5.66910837288e-06	6.9150138744e-06	8.11960146411e-06	1.24849716433e-06	3.02329612409e-06	3.8318505816e-06	5.94316542669e-06	6.27708035694e-06	8.37314734236e-06	8.13828068484e-06	1.069630394e-05	1.03415828616e-05	1.31202353614e-05	107.735554982	107.773223675	107.810892369	107.848561063	107.886229757	107.923898451	107.961567144	107.999235838	108.036904532	108.074573226	-6.72514820831	-6.55559210755	-6.38603600679	-6.21647990603	-6.04692380526	-5.8773677045	-5.70781160374	-5.53825550298	-5.36869940221	-5.19914330145	0.218610271846	0.218610271846	0.218610271846	0.218610271846	0.218610271846	0.218610271846	0.218610271846	0.218610271846	0.218610271846	0.218610271846	
8.18333333333	95.6468267099	95.7633067116	95.8797867133	95.9962667151	96.1127467168	96.2292267186	96.3457067203	96.462186722	96.5786667238	96.6951467255	1.37853050532e-06	1.5239554572e-06	1.87610899499e-06	2.32244295741e-06	3.01470287665e-06	3.74585720755e-06	4.72116142455e-06	5.66910837288e-06	6.9150138744e-06	8.11960146411e-06	1.24849716433e-06	3.02329612409e-06	3.8318505816e-06	5.94316542669e-06	6.27708035694e-06	8.37314734236e-06	8.13828068484e-06	1.069630394e-05	1.03415828616e-05	1.31202353614e-05	107.735554982	107.773223675	107.810892369	107.848561063	107.886229757	107.923898451	107.961567144	107.999235838	108.036904532	108.074573226	-6.72514820831	-6.55559210755	-6.38603600679	-6.21647990603	-6.04692380526	-5.8773677045	-5.70781160374	-5.53825550298	-5.36869940221	-5.19914330145	0.218610271846	0.218610271846	0.218610271846	0.218610271846	0.218610271846	0.218610271846	0.218610271846	0.218610271846	0.218610271846	0.218610271846	
8.2	95.6468267099	95.7633067116	95.8797867133	95.9962667151	96.1127467168	96.2292267186	96.3457067203	96.462186722	96.5786667238	96.6951467255	1.37853050532e-06	1.5239554572e-06	1.87610899499e-06	2.32244295741e-06	3.01470287665e-06	3.74585720755e-06	4.72116142455e-06	5.66910837288e-06	6.9150138744e-06	8.11960146411e-06	1.24849716433e-06	3.02329612409e-06	3.8318505816e-06	5.94316542669e-06	6.27708035694e-06	8.37314734236e-06	8.13828068484e-06	1.069630394e-05	1.03415828616e-05	1.31202353614e-05	107.735554982	107.773223675	107.810892369	107.848561063	107.886229757	107.923898451	107.961567144	107.999235838	108.036904532	108.074573226	-6.72514820831	-6.55559210755	-6.38603600679	-6.21647990603	-6.04692380526	-5.8773677045	-5.70781160374	-5.53825550298	-5.36869940221	-5.19914330145	0.218610271846	0.218610271846	0.218610271846	0.218610271846	0.218610271846	0.218610271846	0.218610271846	0.218610271846	0.218610271846	0.218610271846	
8.21666666667	95.6468267099	95.7633067116	95.8797867133	95.9962667151	96.1127467168	96.2292267186	96.3457067203	96.462186722	96.5786667238	96.6951467255	1.37853050532e-06	1.5239554572e-06	1.87610899499e-06	2.32244295741e-06	3.01470287665e-06	3.74585720755e-06	4.72116142455e-06	5.66910837288e-06	6.9150138744e-06	8.11960146411e-06	1.24849716433e-06	3.02329612409e-06	3.8318505816e-06	5.94316542669e-06	6.27708035694e-06	8.37314734236e-06	8.13828068484e-06	1.069630394e-05	1.03415828616e-05	1.31202353614e-05	107.735554982	107.773223675	107.810892369	107.848561063	107.886229757	107.923898451	107.961567144	107.999235838	108.036904532	108.074573226	-6.72514820831	-6.55559210755	-6.38603600679	-6.21647990603	-6.04692380526	-5.8773677045	-5.70781160374	-5.53825550298	-5.36869940221	-5.19914330145	0.218610271846	0.218610271846	0.218610271846	0.218610271846	0.218610271846	0.218610271846	0.218610271846	0.218610271846	0.218610271846	0.218610271846	
8.23333333333	95.6468267099	95.7633067116	95.8797867133	95.9962667151	96.1127467168	96.2292267186	96.3457067203	96.462186722	96.5786667238	96.6951467255	1.37853050532e-06	1.5239554572e-06	1.87610899499e-06	2.32244295741e-06	3.01470287665e-06	3.74585720755e-06	4.72116142455e-06	5.66910837288e-06	6.9150138744e-06	8.11960146411e-06	1.24849716433e-06	3.02329612409e-06	3.8318505816e-06	5.94316542669e-06	6.27708035694e-06	8.37314734236e-06	8.13828068484e-06	1.069630394e-05	1.03415828616e-05	1.31202353614e-05	107.735554982	107.773223675	107.810892369	107.848561063	107.886229757	107.923898451	107.961567144	107.999235838	108.036904532	108.074573226	-6.72514820831	-6.55559210755	-6.38603600679	-6.21647990603	-6.04692380526	-5.8773677045	-5.70781160374	-5.53825550298	-5.36869940221	-5.19914330145	0.218610271846	0.218610271846	0.218610271846	0.218610271846	0.218610271846	0.218610271846	0.218610271846	0.218610271846	0.218610271846	0.218610271846	
8.25	95.6468267099	95.7633067116	95.8797867133	95.9962667151	96.1127467168	96.2292267186	96.3457067203	96.462186722	96.5786667238	96.6951467255	1.37853050532e-06	1.5239554572e-06	1.87610899499e-06	2.32244295741e-06	3.01470287665e-06	3.74585720755e-06	4.72116142455e-06	5.66910837288e-06	6.9150138744e-06	8.11960146411e-06	1.24849716433e-06	3.02329612409e-06	3.8318505816e-06	5.94316542669e-06	6.27708035694e-06	8.37314734236e-06	8.13828068484e-06	1.069630394e-05	1.03415828616e-05	1.31202353614e-05	107.735554982	107.773223675	107.810892369	107.848561063	107.886229757	107.923898451	107.961567144	107.999235838	108.036904532	108.074573226	-6.72514820831	-6.55559210755	-6.38603600679	-6.21647990603	-6.04692380526	-5.8773677045	-5.70781160374	-5.53825550298	-5.36869940221	-5.19914330145	0.218610271846	0.218610271846	0.218610271846	0.218610271846	0.218610271846	0.218610271846	0.218610271846	0.218610271846	0.218610271846	0.218610271846	
8.26666666667	95.6468267099	95.7633067116	95.8797867133	95.9962667151	96.1127467168	96.2292267186	96.3457067203	96.462186722	96.5786667238	96.6951467255	1.37853050532e-06	1.5239554572e-06	1.87610899499e-06	2.32244295741e-06	3.01470287665e-06	3.74585720755e-06	4.72116142455e-06	5.66910837288e-06	6.9150138744e-06	8.11960146411e-06	1.24849716433e-06	3.02329612409e-06	3.8318505816e-06	5.94316542669e-06	6.27708035694e-06	8.37314734236e-06	8.13828068484e-06	1.069630394e-05	1.03415828616e-05	1.31202353614e-05	107.735554982	107.773223675	107.810892369	107.848561063	107.886229757	107.923898451	107.961567144	107.999235838	108.036904532	108.074573226	-6.72514820831	-6.55559210755	-6.38603600679	-6.21647990603	-6.04692380526	-5.8773677045	-5.70781160374	-5.53825550298	-5.36869940221	-5.19914330145	0.218610271846	0.218610271846	0.218610271846	0.218610271846	0.218610271846	0.218610271846	0.218610271846	0.218610271846	0.218610271846	0.218610271846	
8.28333333333	95.6468267099	95.7633067116	95.8797867133	95.9962667151	96.1127467168	96.2292267186	96.3457067203	96.462186722	96.5786667238	96.6951467255	1.37853050532e-06	1.5239554572e-06	1.87610899499e-06	2.32244295741e-06	3.01470287665e-06	3.74585720755e-06	4.72116142455e-06	5.66910837288e-06	6.9150138744e-06	8.11960146411e-06	1.24849716433e-06	3.02329612409e-06	3.8318505816e-06	5.94316542669e-06	6.27708035694e-06	8.37314734236e-06	8.13828068484e-06	1.069630394e-05	1.03415828616e-05	1.31202353614e-05	107.735554982	107.773223675	107.810892369	107.848561063	107.886229757	107.923898451	107.961567144	107.999235838	108.036904532	108.074573226	-6.72514820831	-6.55559210755	-6.38603600679	-6.21647990603	-6.04692380526	-5.8773677045	-5.70781160374	-5.53825550298	-5.36869940221	-5.19914330145	0.218610271846	0.218610271846	0.218610271846	0.218610271846	0.218610271846	0.218610271846	0.218610271846	0.218610271846	0.218610271846	0.218610271846	
8.3	95.6468267099	95.7633067116	95.8797867133	95.9962667151	96.1127467168	96.2292267186	96.3457067203	96.462186722	96.5786667238	96.6951467255	1.37853050532e-06	1.5239554572e-06	1.87610899499e-06	2.32244295741e-06	3.01470287665e-06	3.74585720755e-06	4.72116142455e-06	5.66910837288e-06	6.9150138744e-06	8.11960146411e-06	1.24849716433e-06	3.02329612409e-06	3.8318505816e-06	5.94316542669e-06	6.27708035694e-06	8.37314734236e-06	8.13828068484e-06	1.069630394e-05	1.03415828616e-05	1.31202353614e-05	107.735554982	107.773223675	107.810892369	107.848561063	107.886229757	107.923898451	107.961567144	107.999235838	108.036904532	108.074573226	-6.72514820831	-6.55559210755	-6.38603600679	-6.21647990603	-6.04692380526	-5.8773677045	-5.70781160374	-5.53825550298	-5.36869940221	-5.19914330145	0.218610271846	0.218610271846	0.218610271846	0.218610271846	0.218610271846	0.218610271846	0.218610271846	0.218610271846	0.218610271846	0.218610271846	
8.31666666667	95.6468267099	95.7633067116	95.8797867133	95.9962667151	96.1127467168	96.2292267186	96.3457067203	96.462186722	96.5786667238	96.6951467255	1.37853050532e-06	1.5239554572e-06	1.87610899499e-06	2.32244295741e-06	3.01470287665e-06	3.74585720755e-06	4.72116142455e-06	5.66910837288e-06	6.9150138744e-06	8.11960146411e-06	1.24849716433e-06	3.02329612409e-06	3.8318505816e-06	5.94316542669e-06	6.27708035694e-06	8.37314734236e-06	8.13828068484e-06	1.069630394e-05	1.03415828616e-05	1.31202353614e-05	107.735554982	107.773223675	107.810892369	107.848561063	107.886229757	107.923898451	107.961567144	107.999235838	108.036904532	108.074573226	-6.72514820831	-6.55559210755	-6.38603600679	-6.21647990603	-6.04692380526	-5.8773677045	-5.70781160374	-5.53825550298	-5.36869940221	-5.19914330145	0.218610271846	0.218610271846	0.218610271846	0.218610271846	0.218610271846	0.218610271846	0.218610271846	0.218610271846	0.218610271846	0.218610271846	
8.33333333333	95.6468267099	95.7633067116	95.8797867133	95.9962667151	96.1127467168	96.2292267186	96.3457067203	96.462186722	96.5786667238	96.6951467255	1.37853050532e-06	1.5239554572e-06	1.87610899499e-06	2.32244295741e-06	3.01470287665e-06	3.74585720755e-06	4.72116142455e-06	5.66910837288e-06	6.9150138744e-06	8.11960146411e-06	1.24849716433e-06	3.02329612409e-06	3.8318505816e-06	5.94316542669e-06	6.27708035694e-06	8.37314734236e-06	8.13828068484e-06	1.069630394e-05	1.03415828616e-05	1.31202353614e-05	107.735554982	107.773223675	107.810892369	107.848561063	107.886229757	107.923898451	107.961567144	107.999235838	108.036904532	108.074573226	-6.72514820831	-6.55559210755	-6.38603600679	-6.21647990603	-6.04692380526	-5.8773677045	-5.70781160374	-5.53825550298	-5.36869940221	-5.19914330145	0.218610271846	0.218610271846	0.218610271846	0.218610271846	0.218610271846	0.218610271846	0.218610271846	0.218610271846	0.218610271846	0.218610271846	
8.35	95.6468267099	95.7633067116	95.8797867133	95.9962667151	96.1127467168	96.2292267186	96.3457067203	96.462186722	96.5786667238	96.6951467255	1.37853050532e-06	1.5239554572e-06	1.87610899499e-06	2.32244295741e-06	3.01470287665e-06	3.74585720755e-06	4.72116142455e-06	5.66910837288e-06	6.9150138744e-06	8.11960146411e-06	1.24849716433e-06	3.02329612409e-06	3.8318505816e-06	5.94316542669e-06	6.27708035694e-06	8.37314734236e-06	8.13828068484e-06	1.069630394e-05	1.03415828616e-05	1.31202353614e-05	107.735554982	107.773223675	107.810892369	107.848561063	107.886229757	107.923898451	107.961567144	107.999235838	108.036904532	108.074573226	-6.72514820831	-6.55559210755	-6.38603600679	-6.21647990603	-6.04692380526	-5.8773677045	-5.70781160374	-5.53825550298	-5.36869940221	-5.19914330145	0.218610271846	0.218610271846	0.218610271846	0.218610271846	0.218610271846	0.218610271846	0.218610271846	0.218610271846	0.218610271846	0.218610271846	
8.36666666667	95.6468267099	95.7633067116	95.8797867133	95.9962667151	96.1127467168	96.2292267186	96.3457067203	96.462186722	96.5786667238	96.6951467255	1.37853050532e-06	1.5239554572e-06	1.87610899499e-06	2.32244295741e-06	3.01470287665e-06	3.74585720755e-06	4.72116142455e-06	5.66910837288e-06	6.9150138744e-06	8.11960146411e-06	1.24849716433e-06	3.02329612409e-06	3.8318505816e-06	5.94316542669e-06	6.27708035694e-06	8.37314734236e-06	8.13828068484e-06	1.069630394e-05	1.03415828616e-05	1.31202353614e-05	107.735554982	107.773223675	107.810892369	107.848561063	107.886229757	107.923898451	107.961567144	107.999235838	108.036904532	108.074573226	-6.72514820831	-6.55559210755	-6.38603600679	-6.21647990603	-6.04692380526	-5.8773677045	-5.70781160374	-5.53825550298	-5.36869940221	-5.19914330145	0.218610271846	0.218610271846	0.218610271846	0.218610271846	0.218610271846	0.218610271846	0.218610271846	0.218610271846	0.218610271846	0.218610271846	
8.38333333333	95.6468267099	95.7633067116	95.8797867133	95.9962667151	96.1127467168	96.2292267186	96.3457067203	96.462186722	96.5786667238	96.6951467255	1.37853050532e-06	1.5239554572e-06	1.87610899499e-06	2.32244295741e-06	3.01470287665e-06	3.74585720755e-06	4.72116142455e-06	5.66910837288e-06	6.9150138744e-06	8.11960146411e-06	1.24849716433e-06	3.02329612409e-06	3.8318505816e-06	5.94316542669e-06	6.27708035694e-06	8.37314734236e-06	8.13828068484e-06	1.069630394e-05	1.03415828616e-05	1.31202353614e-05	107.735554982	107.773223675	107.810892369	107.848561063	107.886229757	107.923898451	107.961567144	107.999235838	108.036904532	108.074573226	-6.72514820831	-6.55559210755	-6.38603600679	-6.21647990603	-6.04692380526	-5.8773677045	-5.70781160374	-5.53825550298	-5.36869940221	-5.19914330145	0.218610271846	0.218610271846	0.218610271846	0.218610271846	0.218610271846	0.218610271846	0.218610271846	0.218610271846	0.218610271846	0.218610271846	
8.4	95.6468267099	95.7633067116	95.8797867133	95.9962667151	96.1127467168	96.2292267186	96.3457067203	96.462186722	96.5786667238	96.6951467255	1.37853050532e-06	1.5239554572e-06	1.87610899499e-06	2.32244295741e-06	3.01470287665e-06	3.74585720755e-06	4.72116142455e-06	5.66910837288e-06	6.9150138744e-06	8.11960146411e-06	1.24849716433e-06	3.02329612409e-06	3.8318505816e-06	5.94316542669e-06	6.27708035694e-06	8.37314734236e-06	8.13828068484e-06	1.069630394e-05	1.03415828616e-05	1.31202353614e-05	107.735554982	107.773223675	107.810892369	107.848561063	107.886229757	107.923898451	107.961567144	107.999235838	108.036904532	108.074573226	-6.72514820831	-6.55559210755	-6.38603600679	-6.21647990603	-6.04692380526	-5.8773677045	-5.70781160374	-5.53825550298	-5.36869940221	-5.19914330145	0.218610271846	0.218610271846	0.218610271846	0.218610271846	0.218610271846	0.218610271846	0.218610271846	0.218610271846	0.218610271846	0.218610271846	
8.41666666667	95.6468267099	95.7633067116	95.8797867133	95.9962667151	96.1127467168	96.2292267186	96.3457067203	96.462186722	96.5786667238	96.6951467255	1.37853050532e-06	1.5239554572e-06	1.87610899499e-06	2.32244295741e-06	3.01470287665e-06	3.74585720755e-06	4.72116142455e-06	5.66910837288e-06	6.9150138744e-06	8.11960146411e-06	1.24849716433e-06	3.02329612409e-06	3.8318505816e-06	5.94316542669e-06	6.27708035694e-06	8.37314734236e-06	8.13828068484e-06	1.069630394e-05	1.03415828616e-05	1.31202353614e-05	107.735554982	107.773223675	107.810892369	107.848561063	107.886229757	107.923898451	107.961567144	107.999235838	108.036904532	108.074573226	-6.72514820831	-6.55559210755	-6.38603600679	-6.21647990603	-6.04692380526	-5.8773677045	-5.70781160374	-5.53825550298	-5.36869940221	-5.19914330145	0.218610271846	0.218610271846	0.218610271846	0.218610271846	0.218610271846	0.218610271846	0.218610271846	0.218610271846	0.218610271846	0.218610271846	
8.43333333333	95.6468267099	95.7633067116	95.8797867133	95.9962667151	96.1127467168	96.2292267186	96.3457067203	96.462186722	96.5786667238	96.6951467255	1.37853050532e-06	1.5239554572e-06	1.87610899499e-06	2.32244295741e-06	3.01470287665e-06	3.74585720755e-06	4.72116142455e-06	5.66910837288e-06	6.9150138744e-06	8.11960146411e-06	1.24849716433e-06	3.02329612409e-06	3.8318505816e-06	5.94316542669e-06	6.27708035694e-06	8.37314734236e-06	8.13828068484e-06	1.069630394e-05	1.03415828616e-05	1.31202353614e-05	107.735554982	107.773223675	107.810892369	107.848561063	107.886229757	107.923898451	107.961567144	107.999235838	108.036904532	108.074573226	-6.72514820831	-6.55559210755	-6.38603600679	-6.21647990603	-6.04692380526	-5.8773677045	-5.70781160374	-5.53825550298	-5.36869940221	-5.19914330145	0.218610271846	0.218610271846	0.218610271846	0.218610271846	0.218610271846	0.218610271846	0.218610271846	0.218610271846	0.218610271846	0.218610271846	
8.45	95.6468267099	95.7633067116	95.8797867133	95.9962667151	96.1127467168	96.2292267186	96.3457067203	96.462186722	96.5786667238	96.6951467255	1.37853050532e-06	1.5239554572e-06	1.87610899499e-06	2.32244295741e-06	3.01470287665e-06	3.74585720755e-06	4.72116142455e-06	5.66910837288e-06	6.9150138744e-06	8.11960146411e-06	1.24849716433e-06	3.02329612409e-06	3.8318505816e-06	5.94316542669e-06	6.27708035694e-06	8.37314734236e-06	8.13828068484e-06	1.069630394e-05	1.03415828616e-05	1.31202353614e-05	107.735554982	107.773223675	107.810892369	107.848561063	107.886229757	107.923898451	107.961567144	107.999235838	108.036904532	108.074573226	-6.72514820831	-6.55559210755	-6.38603600679	-6.21647990603	-6.04692380526	-5.8773677045	-5.70781160374	-5.53825550298	-5.36869940221	-5.19914330145	0.218610271846	0.218610271846	0.218610271846	0.218610271846	0.218610271846	0.218610271846	0.218610271846	0.218610271846	0.218610271846	0.218610271846	
8.46666666667	95.6468267099	95.7633067116	95.8797867133	95.9962667151	96.1127467168	96.2292267186	96.3457067203	96.462186722	96.5786667238	96.6951467255	1.37853050532e-06	1.5239554572e-06	1.87610899499e-06	2.32244295741e-06	3.01470287665e-06	3.74585720755e-06	4.72116142455e-06	5.66910837288e-06	6.9150138744e-06	8.11960146411e-06	1.24849716433e-06	3.02329612409e-06	3.8318505816e-06	5.94316542669e-06	6.27708035694e-06	8.37314734236e-06	8.13828068484e-06	1.069630394e-05	1.03415828616e-05	1.31202353614e-05	107.735554982	107.773223675	107.810892369	107.848561063	107.886229757	107.923898451	107.961567144	107.999235838	108.036904532	108.074573226	-6.72514820831	-6.55559210755	-6.38603600679	-6.21647990603	-6.04692380526	-5.8773677045	-5.70781160374	-5.53825550298	-5.36869940221	-5.19914330145	0.218610271846	0.218610271846	0.218610271846	0.218610271846	0.218610271846	0.218610271846	0.218610271846	0.218610271846	0.218610271846	0.218610271846	
8.48333333333	95.6468267099	95.7633067116	95.8797867133	95.9962667151	96.1127467168	96.2292267186	96.3457067203	96.462186722	96.5786667238	96.6951467255	1.37853050532e-06	1.5239554572e-06	1.87610899499e-06	2.32244295741e-06	3.01470287665e-06	3.74585720755e-06	4.72116142455e-06	5.66910837288e-06	6.9150138744e-06	8.11960146411e-06	1.24849716433e-06	3.02329612409e-06	3.8318505816e-06	5.94316542669e-06	6.27708035694e-06	8.37314734236e-06	8.13828068484e-06	1.069630394e-05	1.03415828616e-05	1.31202353614e-05	107.735554982	107.773223675	107.810892369	107.848561063	107.886229757	107.923898451	107.961567144	107.999235838	108.036904532	108.074573226	-6.72514820831	-6.55559210755	-6.38603600679	-6.21647990603	-6.04692380526	-5.8773677045	-5.70781160374	-5.53825550298	-5.36869940221	-5.19914330145	0.218610271846	0.218610271846	0.218610271846	0.218610271846	0.218610271846	0.218610271846	0.218610271846	0.218610271846	0.218610271846	0.218610271846	
8.5	95.6468267099	95.7633067116	95.8797867133	95.9962667151	96.1127467168	96.2292267186	96.3457067203	96.462186722	96.5786667238	96.6951467255	1.37853050532e-06	1.5239554572e-06	1.87610899499e-06	2.32244295741e-06	3.01470287665e-06	3.74585720755e-06	4.72116142455e-06	5.66910837288e-06	6.9150138744e-06	8.11960146411e-06	1.24849716433e-06	3.02329612409e-06	3.8318505816e-06	5.94316542669e-06	6.27708035694e-06	8.37314734236e-06	8.13828068484e-06	1.069630394e-05	1.03415828616e-05	1.31202353614e-05	107.735554982	107.773223675	107.810892369	107.848561063	107.886229757	107.923898451	107.961567144	107.999235838	108.036904532	108.074573226	-6.72514820831	-6.55559210755	-6.38603600679	-6.21647990603	-6.04692380526	-5.8773677045	-5.70781160374	-5.53825550298	-5.36869940221	-5.19914330145	0.218610271846	0.218610271846	0.218610271846	0.218610271846	0.218610271846	0.218610271846	0.218610271846	0.218610271846	0.218610271846	0.218610271846	
8.51666666667	95.6468267099	95.7633067116	95.8797867133	95.9962667151	96.1127467168	96.2292267186	96.3457067203	96.462186722	96.5786667238	96.6951467255	1.37853050532e-06	1.5239554572e-06	1.87610899499e-06	2.32244295741e-06	3.01470287665e-06	3.74585720755e-06	4.72116142455e-06	5.66910837288e-06	6.9150138744e-06	8.11960146411e-06	1.24849716433e-06	3.02329612409e-06	3.8318505816e-06	5.94316542669e-06	6.27708035694e-06	8.37314734236e-06	8.13828068484e-06	1.069630394e-05	1.03415828616e-05	1.31202353614e-05	107.735554982	107.773223675	107.810892369	107.848561063	107.886229757	107.923898451	107.961567144	107.999235838	108.036904532	108.074573226	-6.72514820831	-6.55559210755	-6.38603600679	-6.21647990603	-6.04692380526	-5.8773677045	-5.70781160374	-5.53825550298	-5.36869940221	-5.19914330145	0.218610271846	0.218610271846	0.218610271846	0.218610271846	0.218610271846	0.218610271846	0.218610271846	0.218610271846	0.218610271846	0.218610271846	
8.53333333333	95.6468267099	95.7633067116	95.8797867133	95.9962667151	96.1127467168	96.2292267186	96.3457067203	96.462186722	96.5786667238	96.6951467255	1.37853050532e-06	1.5239554572e-06	1.87610899499e-06	2.32244295741e-06	3.01470287665e-06	3.74585720755e-06	4.72116142455e-06	5.66910837288e-06	6.9150138744e-06	8.11960146411e-06	1.24849716433e-06	3.02329612409e-06	3.8318505816e-06	5.94316542669e-06	6.27708035694e-06	8.37314734236e-06	8.13828068484e-06	1.069630394e-05	1.03415828616e-05	1.31202353614e-05	107.735554982	107.773223675	107.810892369	107.848561063	107.886229757	107.923898451	107.961567144	107.999235838	108.036904532	108.074573226	-6.72514820831	-6.55559210755	-6.38603600679	-6.21647990603	-6.04692380526	-5.8773677045	-5.70781160374	-5.53825550298	-5.36869940221	-5.19914330145	0.218610271846	0.218610271846	0.218610271846	0.218610271846	0.218610271846	0.218610271846	0.218610271846	0.218610271846	0.218610271846	0.218610271846	
8.55	95.6468267099	95.7633067116	95.8797867133	95.9962667151	96.1127467168	96.2292267186	96.3457067203	96.462186722	96.5786667238	96.6951467255	1.37853050532e-06	1.5239554572e-06	1.87610899499e-06	2.32244295741e-06	3.01470287665e-06	3.74585720755e-06	4.72116142455e-06	5.66910837288e-06	6.9150138744e-06	8.11960146411e-06	1.24849716433e-06	3.02329612409e-06	3.8318505816e-06	5.94316542669e-06	6.27708035694e-06	8.37314734236e-06	8.13828068484e-06	1.069630394e-05	1.03415828616e-05	1.31202353614e-05	107.735554982	107.773223675	107.810892369	107.848561063	107.886229757	107.923898451	107.961567144	107.999235838	108.036904532	108.074573226	-6.72514820831	-6.55559210755	-6.38603600679	-6.21647990603	-6.04692380526	-5.8773677045	-5.70781160374	-5.53825550298	-5.36869940221	-5.19914330145	0.218610271846	0.218610271846	0.218610271846	0.218610271846	0.218610271846	0.218610271846	0.218610271846	0.218610271846	0.218610271846	0.218610271846	
8.56666666667	95.6468267099	95.7633067116	95.8797867133	95.9962667151	96.1127467168	96.2292267186	96.3457067203	96.462186722	96.5786667238	96.6951467255	1.37853050532e-06	1.5239554572e-06	1.87610899499e-06	2.32244295741e-06	3.01470287665e-06	3.74585720755e-06	4.72116142455e-06	5.66910837288e-06	6.9150138744e-06	8.11960146411e-06	1.24849716433e-06	3.02329612409e-06	3.8318505816e-06	5.94316542669e-06	6.27708035694e-06	8.37314734236e-06	8.13828068484e-06	1.069630394e-05	1.03415828616e-05	1.31202353614e-05	107.735554982	107.773223675	107.810892369	107.848561063	107.886229757	107.923898451	107.961567144	107.999235838	108.036904532	108.074573226	-6.72514820831	-6.55559210755	-6.38603600679	-6.21647990603	-6.04692380526	-5.8773677045	-5.70781160374	-5.53825550298	-5.36869940221	-5.19914330145	0.218610271846	0.218610271846	0.218610271846	0.218610271846	0.218610271846	0.218610271846	0.218610271846	0.218610271846	0.218610271846	0.218610271846	
8.58333333333	95.6468267099	95.7633067116	95.8797867133	95.9962667151	96.1127467168	96.2292267186	96.3457067203	96.462186722	96.5786667238	96.6951467255	1.37853050532e-06	1.5239554572e-06	1.87610899499e-06	2.32244295741e-06	3.01470287665e-06	3.74585720755e-06	4.72116142455e-06	5.66910837288e-06	6.9150138744e-06	8.11960146411e-06	1.24849716433e-06	3.02329612409e-06	3.8318505816e-06	5.94316542669e-06	6.27708035694e-06	8.37314734236e-06	8.13828068484e-06	1.069630394e-05	1.03415828616e-05	1.31202353614e-05	107.735554982	107.773223675	107.810892369	107.848561063	107.886229757	107.923898451	107.961567144	107.999235838	108.036904532	108.074573226	-6.72514820831	-6.55559210755	-6.38603600679	-6.21647990603	-6.04692380526	-5.8773677045	-5.70781160374	-5.53825550298	-5.36869940221	-5.19914330145	0.218610271846	0.218610271846	0.218610271846	0.218610271846	0.218610271846	0.218610271846	0.218610271846	0.218610271846	0.218610271846	0.218610271846	
8.6	95.6468267099	95.7633067116	95.8797867133	95.9962667151	96.1127467168	96.2292267186	96.3457067203	96.462186722	96.5786667238	96.6951467255	1.37853050532e-06	1.5239554572e-06	1.87610899499e-06	2.32244295741e-06	3.01470287665e-06	3.74585720755e-06	4.72116142455e-06	5.66910837288e-06	6.9150138744e-06	8.11960146411e-06	1.24849716433e-06	3.02329612409e-06	3.8318505816e-06	5.94316542669e-06	6.27708035694e-06	8.37314734236e-06	8.13828068484e-06	1.069630394e-05	1.03415828616e-05	1.31202353614e-05	107.735554982	107.773223675	107.810892369	107.848561063	107.886229757	107.923898451	107.961567144	107.999235838	108.036904532	108.074573226	-6.72514820831	-6.55559210755	-6.38603600679	-6.21647990603	-6.04692380526	-5.8773677045	-5.70781160374	-5.53825550298	-5.36869940221	-5.19914330145	0.218610271846	0.218610271846	0.218610271846	0.218610271846	0.218610271846	0.218610271846	0.218610271846	0.218610271846	0.218610271846	0.218610271846	
8.61666666667	95.6468267099	95.7633067116	95.8797867133	95.9962667151	96.1127467168	96.2292267186	96.3457067203	96.462186722	96.5786667238	96.6951467255	1.37853050532e-06	1.5239554572e-06	1.87610899499e-06	2.32244295741e-06	3.01470287665e-06	3.74585720755e-06	4.72116142455e-06	5.66910837288e-06	6.9150138744e-06	8.11960146411e-06	1.24849716433e-06	3.02329612409e-06	3.8318505816e-06	5.94316542669e-06	6.27708035694e-06	8.37314734236e-06	8.13828068484e-06	1.069630394e-05	1.03415828616e-05	1.31202353614e-05	107.735554982	107.773223675	107.810892369	107.848561063	107.886229757	107.923898451	107.961567144	107.999235838	108.036904532	108.074573226	-6.72514820831	-6.55559210755	-6.38603600679	-6.21647990603	-6.04692380526	-5.8773677045	-5.70781160374	-5.53825550298	-5.36869940221	-5.19914330145	0.218610271846	0.218610271846	0.218610271846	0.218610271846	0.218610271846	0.218610271846	0.218610271846	0.218610271846	0.218610271846	0.218610271846	
8.63333333333	95.6468267099	95.7633067116	95.8797867133	95.9962667151	96.1127467168	96.2292267186	96.3457067203	96.462186722	96.5786667238	96.6951467255	1.37853050532e-06	1.5239554572e-06	1.87610899499e-06	2.32244295741e-06	3.01470287665e-06	3.74585720755e-06	4.72116142455e-06	5.66910837288e-06	6.9150138744e-06	8.11960146411e-06	1.24849716433e-06	3.02329612409e-06	3.8318505816e-06	5.94316542669e-06	6.27708035694e-06	8.37314734236e-06	8.13828068484e-06	1.069630394e-05	1.03415828616e-05	1.31202353614e-05	107.735554982	107.773223675	107.810892369	107.848561063	107.886229757	107.923898451	107.961567144	107.999235838	108.036904532	108.074573226	-6.72514820831	-6.55559210755	-6.38603600679	-6.21647990603	-6.04692380526	-5.8773677045	-5.70781160374	-5.53825550298	-5.36869940221	-5.19914330145	0.218610271846	0.218610271846	0.218610271846	0.218610271846	0.218610271846	0.218610271846	0.218610271846	0.218610271846	0.218610271846	0.218610271846	
8.65	95.6468267099	95.7633067116	95.8797867133	95.9962667151	96.1127467168	96.2292267186	96.3457067203	96.462186722	96.5786667238	96.6951467255	1.37853050532e-06	1.5239554572e-06	1.87610899499e-06	2.32244295741e-06	3.01470287665e-06	3.74585720755e-06	4.72116142455e-06	5.66910837288e-06	6.9150138744e-06	8.11960146411e-06	1.24849716433e-06	3.02329612409e-06	3.8318505816e-06	5.94316542669e-06	6.27708035694e-06	8.37314734236e-06	8.13828068484e-06	1.069630394e-05	1.03415828616e-05	1.31202353614e-05	107.735554982	107.773223675	107.810892369	107.848561063	107.886229757	107.923898451	107.961567144	107.999235838	108.036904532	108.074573226	-6.72514820831	-6.55559210755	-6.38603600679	-6.21647990603	-6.04692380526	-5.8773677045	-5.70781160374	-5.53825550298	-5.36869940221	-5.19914330145	0.218610271846	0.218610271846	0.218610271846	0.218610271846	0.218610271846	0.218610271846	0.218610271846	0.218610271846	0.218610271846	0.218610271846	
8.66666666667	95.6468267099	95.7633067116	95.8797867133	95.9962667151	96.1127467168	96.2292267186	96.3457067203	96.462186722	96.5786667238	96.6951467255	1.37853050532e-06	1.5239554572e-06	1.87610899499e-06	2.32244295741e-06	3.01470287665e-06	3.74585720755e-06	4.72116142455e-06	5.66910837288e-06	6.9150138744e-06	8.11960146411e-06	1.24849716433e-06	3.02329612409e-06	3.8318505816e-06	5.94316542669e-06	6.27708035694e-06	8.37314734236e-06	8.13828068484e-06	1.069630394e-05	1.03415828616e-05	1.31202353614e-05	107.735554982	107.773223675	107.810892369	107.848561063	107.886229757	107.923898451	107.961567144	107.999235838	108.036904532	108.074573226	-6.72514820831	-6.55559210755	-6.38603600679	-6.21647990603	-6.04692380526	-5.8773677045	-5.70781160374	-5.53825550298	-5.36869940221	-5.19914330145	0.218610271846	0.218610271846	0.218610271846	0.218610271846	0.218610271846	0.218610271846	0.218610271846	0.218610271846	0.218610271846	0.218610271846	
8.68333333333	95.6468267099	95.7633067116	95.8797867133	95.9962667151	96.1127467168	96.2292267186	96.3457067203	96.462186722	96.5786667238	96.6951467255	1.37853050532e-06	1.5239554572e-06	1.87610899499e-06	2.32244295741e-06	3.01470287665e-06	3.74585720755e-06	4.72116142455e-06	5.66910837288e-06	6.9150138744e-06	8.11960146411e-06	1.24849716433e-06	3.02329612409e-06	3.8318505816e-06	5.94316542669e-06	6.27708035694e-06	8.37314734236e-06	8.13828068484e-06	1.069630394e-05	1.03415828616e-05	1.31202353614e-05	107.735554982	107.773223675	107.810892369	107.848561063	107.886229757	107.923898451	107.961567144	107.999235838	108.036904532	108.074573226	-6.72514820831	-6.55559210755	-6.38603600679	-6.21647990603	-6.04692380526	-5.8773677045	-5.70781160374	-5.53825550298	-5.36869940221	-5.19914330145	0.218610271846	0.218610271846	0.218610271846	0.218610271846	0.218610271846	0.218610271846	0.218610271846	0.218610271846	0.218610271846	0.218610271846	
8.7	95.6468267099	95.7633067116	95.8797867133	95.9962667151	96.1127467168	96.2292267186	96.3457067203	96.462186722	96.5786667238	96.6951467255	1.37853050532e-06	1.5239554572e-06	1.87610899499e-06	2.32244295741e-06	3.01470287665e-06	3.74585720755e-06	4.72116142455e-06	5.66910837288e-06	6.9150138744e-06	8.11960146411e-06	1.24849716433e-06	3.02329612409e-06	3.8318505816e-06	5.94316542669e-06	6.27708035694e-06	8.37314734236e-06	8.13828068484e-06	1.069630394e-05	1.03415828616e-05	1.31202353614e-05	107.735554982	107.773223675	107.810892369	107.848561063	107.886229757	107.923898451	107.961567144	107.999235838	108.036904532	108.074573226	-6.72514820831	-6.55559210755	-6.38603600679	-6.21647990603	-6.04692380526	-5.8773677045	-5.70781160374	-5.53825550298	-5.36869940221	-5.19914330145	0.218610271846	0.218610271846	0.218610271846	0.218610271846	0.218610271846	0.218610271846	0.218610271846	0.218610271846	0.218610271846	0.218610271846	
8.71666666667	95.6468267099	95.7633067116	95.8797867133	95.9962667151	96.1127467168	96.2292267186	96.3457067203	96.462186722	96.5786667238	96.6951467255	1.37853050532e-06	1.5239554572e-06	1.87610899499e-06	2.32244295741e-06	3.01470287665e-06	3.74585720755e-06	4.72116142455e-06	5.66910837288e-06	6.9150138744e-06	8.11960146411e-06	1.24849716433e-06	3.02329612409e-06	3.8318505816e-06	5.94316542669e-06	6.27708035694e-06	8.37314734236e-06	8.13828068484e-06	1.069630394e-05	1.03415828616e-05	1.31202353614e-05	107.735554982	107.773223675	107.810892369	107.848561063	107.886229757	107.923898451	107.961567144	107.999235838	108.036904532	108.074573226	-6.72514820831	-6.55559210755	-6.38603600679	-6.21647990603	-6.04692380526	-5.8773677045	-5.70781160374	-5.53825550298	-5.36869940221	-5.19914330145	0.218610271846	0.218610271846	0.218610271846	0.218610271846	0.218610271846	0.218610271846	0.218610271846	0.218610271846	0.218610271846	0.218610271846	
8.73333333333	95.6468267099	95.7633067116	95.8797867133	95.9962667151	96.1127467168	96.2292267186	96.3457067203	96.462186722	96.5786667238	96.6951467255	1.37853050532e-06	1.5239554572e-06	1.87610899499e-06	2.32244295741e-06	3.01470287665e-06	3.74585720755e-06	4.72116142455e-06	5.66910837288e-06	6.9150138744e-06	8.11960146411e-06	1.24849716433e-06	3.02329612409e-06	3.8318505816e-06	5.94316542669e-06	6.27708035694e-06	8.37314734236e-06	8.13828068484e-06	1.069630394e-05	1.03415828616e-05	1.31202353614e-05	107.735554982	107.773223675	107.810892369	107.848561063	107.886229757	107.923898451	107.961567144	107.999235838	108.036904532	108.074573226	-6.72514820831	-6.55559210755	-6.38603600679	-6.21647990603	-6.04692380526	-5.8773677045	-5.70781160374	-5.53825550298	-5.36869940221	-5.19914330145	0.218610271846	0.218610271846	0.218610271846	0.218610271846	0.218610271846	0.218610271846	0.218610271846	0.218610271846	0.218610271846	0.218610271846	
8.75	95.6468267099	95.7633067116	95.8797867133	95.9962667151	96.1127467168	96.2292267186	96.3457067203	96.462186722	96.5786667238	96.6951467255	1.37853050532e-06	1.5239554572e-06	1.87610899499e-06	2.32244295741e-06	3.01470287665e-06	3.74585720755e-06	4.72116142455e-06	5.66910837288e-06	6.9150138744e-06	8.11960146411e-06	1.24849716433e-06	3.02329612409e-06	3.8318505816e-06	5.94316542669e-06	6.27708035694e-06	8.37314734236e-06	8.13828068484e-06	1.069630394e-05	1.03415828616e-05	1.31202353614e-05	107.735554982	107.773223675	107.810892369	107.848561063	107.886229757	107.923898451	107.961567144	107.999235838	108.036904532	108.074573226	-6.72514820831	-6.55559210755	-6.38603600679	-6.21647990603	-6.04692380526	-5.8773677045	-5.70781160374	-5.53825550298	-5.36869940221	-5.19914330145	0.218610271846	0.218610271846	0.218610271846	0.218610271846	0.218610271846	0.218610271846	0.218610271846	0.218610271846	0.218610271846	0.218610271846	
8.76666666667	95.6468267099	95.7633067116	95.8797867133	95.9962667151	96.1127467168	96.2292267186	96.3457067203	96.462186722	96.5786667238	96.6951467255	1.37853050532e-06	1.5239554572e-06	1.87610899499e-06	2.32244295741e-06	3.01470287665e-06	3.74585720755e-06	4.72116142455e-06	5.66910837288e-06	6.9150138744e-06	8.11960146411e-06	1.24849716433e-06	3.02329612409e-06	3.8318505816e-06	5.94316542669e-06	6.27708035694e-06	8.37314734236e-06	8.13828068484e-06	1.069630394e-05	1.03415828616e-05	1.31202353614e-05	107.735554982	107.773223675	107.810892369	107.848561063	107.886229757	107.923898451	107.961567144	107.999235838	108.036904532	108.074573226	-6.72514820831	-6.55559210755	-6.38603600679	-6.21647990603	-6.04692380526	-5.8773677045	-5.70781160374	-5.53825550298	-5.36869940221	-5.19914330145	0.218610271846	0.218610271846	0.218610271846	0.218610271846	0.218610271846	0.218610271846	0.218610271846	0.218610271846	0.218610271846	0.218610271846	
8.78333333333	95.6468267099	95.7633067116	95.8797867133	95.9962667151	96.1127467168	96.2292267186	96.3457067203	96.462186722	96.5786667238	96.6951467255	1.37853050532e-06	1.5239554572e-06	1.87610899499e-06	2.32244295741e-06	3.01470287665e-06	3.74585720755e-06	4.72116142455e-06	5.66910837288e-06	6.9150138744e-06	8.11960146411e-06	1.24849716433e-06	3.02329612409e-06	3.8318505816e-06	5.94316542669e-06	6.27708035694e-06	8.37314734236e-06	8.13828068484e-06	1.069630394e-05	1.03415828616e-05	1.31202353614e-05	107.735554982	107.773223675	107.810892369	107.848561063	107.886229757	107.923898451	107.961567144	107.999235838	108.036904532	108.074573226	-6.72514820831	-6.55559210755	-6.38603600679	-6.21647990603	-6.04692380526	-5.8773677045	-5.70781160374	-5.53825550298	-5.36869940221	-5.19914330145	0.218610271846	0.218610271846	0.218610271846	0.218610271846	0.218610271846	0.218610271846	0.218610271846	0.218610271846	0.218610271846	0.218610271846	
8.8	95.6468267099	95.7633067116	95.8797867133	95.9962667151	96.1127467168	96.2292267186	96.3457067203	96.462186722	96.5786667238	96.6951467255	1.37853050532e-06	1.5239554572e-06	1.87610899499e-06	2.32244295741e-06	3.01470287665e-06	3.74585720755e-06	4.72116142455e-06	5.66910837288e-06	6.9150138744e-06	8.11960146411e-06	1.24849716433e-06	3.02329612409e-06	3.8318505816e-06	5.94316542669e-06	6.27708035694e-06	8.37314734236e-06	8.13828068484e-06	1.069630394e-05	1.03415828616e-05	1.31202353614e-05	107.735554982	107.773223675	107.810892369	107.848561063	107.886229757	107.923898451	107.961567144	107.999235838	108.036904532	108.074573226	-6.72514820831	-6.55559210755	-6.38603600679	-6.21647990603	-6.04692380526	-5.8773677045	-5.70781160374	-5.53825550298	-5.36869940221	-5.19914330145	0.218610271846	0.218610271846	0.218610271846	0.218610271846	0.218610271846	0.218610271846	0.218610271846	0.218610271846	0.218610271846	0.218610271846	
8.81666666667	95.6468267099	95.7633067116	95.8797867133	95.9962667151	96.1127467168	96.2292267186	96.3457067203	96.462186722	96.5786667238	96.6951467255	1.37853050532e-06	1.5239554572e-06	1.87610899499e-06	2.32244295741e-06	3.01470287665e-06	3.74585720755e-06	4.72116142455e-06	5.66910837288e-06	6.9150138744e-06	8.11960146411e-06	1.24849716433e-06	3.02329612409e-06	3.8318505816e-06	5.94316542669e-06	6.27708035694e-06	8.37314734236e-06	8.13828068484e-06	1.069630394e-05	1.03415828616e-05	1.31202353614e-05	107.735554982	107.773223675	107.810892369	107.848561063	107.886229757	107.923898451	107.961567144	107.999235838	108.036904532	108.074573226	-6.72514820831	-6.55559210755	-6.38603600679	-6.21647990603	-6.04692380526	-5.8773677045	-5.70781160374	-5.53825550298	-5.36869940221	-5.19914330145	0.218610271846	0.218610271846	0.218610271846	0.218610271846	0.218610271846	0.218610271846	0.218610271846	0.218610271846	0.218610271846	0.218610271846	
8.83333333333	95.6468267099	95.7633067116	95.8797867133	95.9962667151	96.1127467168	96.2292267186	96.3457067203	96.462186722	96.5786667238	96.6951467255	1.37853050532e-06	1.5239554572e-06	1.87610899499e-06	2.32244295741e-06	3.01470287665e-06	3.74585720755e-06	4.72116142455e-06	5.66910837288e-06	6.9150138744e-06	8.11960146411e-06	1.24849716433e-06	3.02329612409e-06	3.8318505816e-06	5.94316542669e-06	6.27708035694e-06	8.37314734236e-06	8.13828068484e-06	1.069630394e-05	1.03415828616e-05	1.31202353614e-05	107.735554982	107.773223675	107.810892369	107.848561063	107.886229757	107.923898451	107.961567144	107.999235838	108.036904532	108.074573226	-6.72514820831	-6.55559210755	-6.38603600679	-6.21647990603	-6.04692380526	-5.8773677045	-5.70781160374	-5.53825550298	-5.36869940221	-5.19914330145	0.218610271846	0.218610271846	0.218610271846	0.218610271846	0.218610271846	0.218610271846	0.218610271846	0.218610271846	0.218610271846	0.218610271846	
8.85	95.6468267099	95.7633067116	95.8797867133	95.9962667151	96.1127467168	96.2292267186	96.3457067203	96.462186722	96.5786667238	96.6951467255	1.37853050532e-06	1.5239554572e-06	1.87610899499e-06	2.32244295741e-06	3.01470287665e-06	3.74585720755e-06	4.72116142455e-06	5.66910837288e-06	6.9150138744e-06	8.11960146411e-06	1.24849716433e-06	3.02329612409e-06	3.8318505816e-06	5.94316542669e-06	6.27708035694e-06	8.37314734236e-06	8.13828068484e-06	1.069630394e-05	1.03415828616e-05	1.31202353614e-05	107.735554982	107.773223675	107.810892369	107.848561063	107.886229757	107.923898451	107.961567144	107.999235838	108.036904532	108.074573226	-6.72514820831	-6.55559210755	-6.38603600679	-6.21647990603	-6.04692380526	-5.8773677045	-5.70781160374	-5.53825550298	-5.36869940221	-5.19914330145	0.218610271846	0.218610271846	0.218610271846	0.218610271846	0.218610271846	0.218610271846	0.218610271846	0.218610271846	0.218610271846	0.218610271846	
8.86666666667	95.6468267099	95.7633067116	95.8797867133	95.9962667151	96.1127467168	96.2292267186	96.3457067203	96.462186722	96.5786667238	96.6951467255	1.37853050532e-06	1.5239554572e-06	1.87610899499e-06	2.32244295741e-06	3.01470287665e-06	3.74585720755e-06	4.72116142455e-06	5.66910837288e-06	6.9150138744e-06	8.11960146411e-06	1.24849716433e-06	3.02329612409e-06	3.8318505816e-06	5.94316542669e-06	6.27708035694e-06	8.37314734236e-06	8.13828068484e-06	1.069630394e-05	1.03415828616e-05	1.31202353614e-05	107.735554982	107.773223675	107.810892369	107.848561063	107.886229757	107.923898451	107.961567144	107.999235838	108.036904532	108.074573226	-6.72514820831	-6.55559210755	-6.38603600679	-6.21647990603	-6.04692380526	-5.8773677045	-5.70781160374	-5.53825550298	-5.36869940221	-5.19914330145	0.218610271846	0.218610271846	0.218610271846	0.218610271846	0.218610271846	0.218610271846	0.218610271846	0.218610271846	0.218610271846	0.218610271846	
8.88333333333	95.6468267099	95.7633067116	95.8797867133	95.9962667151	96.1127467168	96.2292267186	96.3457067203	96.462186722	96.5786667238	96.6951467255	1.37853050532e-06	1.5239554572e-06	1.87610899499e-06	2.32244295741e-06	3.01470287665e-06	3.74585720755e-06	4.72116142455e-06	5.66910837288e-06	6.9150138744e-06	8.11960146411e-06	1.24849716433e-06	3.02329612409e-06	3.8318505816e-06	5.94316542669e-06	6.27708035694e-06	8.37314734236e-06	8.13828068484e-06	1.069630394e-05	1.03415828616e-05	1.31202353614e-05	107.735554982	107.773223675	107.810892369	107.848561063	107.886229757	107.923898451	107.961567144	107.999235838	108.036904532	108.074573226	-6.72514820831	-6.55559210755	-6.38603600679	-6.21647990603	-6.04692380526	-5.8773677045	-5.70781160374	-5.53825550298	-5.36869940221	-5.19914330145	0.218610271846	0.218610271846	0.218610271846	0.218610271846	0.218610271846	0.218610271846	0.218610271846	0.218610271846	0.218610271846	0.218610271846	
8.9	95.6468267099	95.7633067116	95.8797867133	95.9962667151	96.1127467168	96.2292267186	96.3457067203	96.462186722	96.5786667238	96.6951467255	1.37853050532e-06	1.5239554572e-06	1.87610899499e-06	2.32244295741e-06	3.01470287665e-06	3.74585720755e-06	4.72116142455e-06	5.66910837288e-06	6.9150138744e-06	8.11960146411e-06	1.24849716433e-06	3.02329612409e-06	3.8318505816e-06	5.94316542669e-06	6.27708035694e-06	8.37314734236e-06	8.13828068484e-06	1.069630394e-05	1.03415828616e-05	1.31202353614e-05	107.735554982	107.773223675	107.810892369	107.848561063	107.886229757	107.923898451	107.961567144	107.999235838	108.036904532	108.074573226	-6.72514820831	-6.55559210755	-6.38603600679	-6.21647990603	-6.04692380526	-5.8773677045	-5.70781160374	-5.53825550298	-5.36869940221	-5.19914330145	0.218610271846	0.218610271846	0.218610271846	0.218610271846	0.218610271846	0.218610271846	0.218610271846	0.218610271846	0.218610271846	0.218610271846	
8.91666666667	95.6468267099	95.7633067116	95.8797867133	95.9962667151	96.1127467168	96.2292267186	96.3457067203	96.462186722	96.5786667238	96.6951467255	1.37853050532e-06	1.5239554572e-06	1.87610899499e-06	2.32244295741e-06	3.01470287665e-06	3.74585720755e-06	4.72116142455e-06	5.66910837288e-06	6.9150138744e-06	8.11960146411e-06	1.24849716433e-06	3.02329612409e-06	3.8318505816e-06	5.94316542669e-06	6.27708035694e-06	8.37314734236e-06	8.13828068484e-06	1.069630394e-05	1.03415828616e-05	1.31202353614e-05	107.735554982	107.773223675	107.810892369	107.848561063	107.886229757	107.923898451	107.961567144	107.999235838	108.036904532	108.074573226	-6.72514820831	-6.55559210755	-6.38603600679	-6.21647990603	-6.04692380526	-5.8773677045	-5.70781160374	-5.53825550298	-5.36869940221	-5.19914330145	0.218610271846	0.218610271846	0.218610271846	0.218610271846	0.218610271846	0.218610271846	0.218610271846	0.218610271846	0.218610271846	0.218610271846	
8.93333333333	95.6468267099	95.7633067116	95.8797867133	95.9962667151	96.1127467168	96.2292267186	96.3457067203	96.462186722	96.5786667238	96.6951467255	1.37853050532e-06	1.5239554572e-06	1.87610899499e-06	2.32244295741e-06	3.01470287665e-06	3.74585720755e-06	4.72116142455e-06	5.66910837288e-06	6.9150138744e-06	8.11960146411e-06	1.24849716433e-06	3.02329612409e-06	3.8318505816e-06	5.94316542669e-06	6.27708035694e-06	8.37314734236e-06	8.13828068484e-06	1.069630394e-05	1.03415828616e-05	1.31202353614e-05	107.735554982	107.773223675	107.810892369	107.848561063	107.886229757	107.923898451	107.961567144	107.999235838	108.036904532	108.074573226	-6.72514820831	-6.55559210755	-6.38603600679	-6.21647990603	-6.04692380526	-5.8773677045	-5.70781160374	-5.53825550298	-5.36869940221	-5.19914330145	0.218610271846	0.218610271846	0.218610271846	0.218610271846	0.218610271846	0.218610271846	0.218610271846	0.218610271846	0.218610271846	0.218610271846	
8.95	95.6468267099	95.7633067116	95.8797867133	95.9962667151	96.1127467168	96.2292267186	96.3457067203	96.462186722	96.5786667238	96.6951467255	1.37853050532e-06	1.5239554572e-06	1.87610899499e-06	2.32244295741e-06	3.01470287665e-06	3.74585720755e-06	4.72116142455e-06	5.66910837288e-06	6.9150138744e-06	8.11960146411e-06	1.24849716433e-06	3.02329612409e-06	3.8318505816e-06	5.94316542669e-06	6.27708035694e-06	8.37314734236e-06	8.13828068484e-06	1.069630394e-05	1.03415828616e-05	1.31202353614e-05	107.735554982	107.773223675	107.810892369	107.848561063	107.886229757	107.923898451	107.961567144	107.999235838	108.036904532	108.074573226	-6.72514820831	-6.55559210755	-6.38603600679	-6.21647990603	-6.04692380526	-5.8773677045	-5.70781160374	-5.53825550298	-5.36869940221	-5.19914330145	0.218610271846	0.218610271846	0.218610271846	0.218610271846	0.218610271846	0.218610271846	0.218610271846	0.218610271846	0.218610271846	0.218610271846	
8.96666666667	95.6468267099	95.7633067116	95.8797867133	95.9962667151	96.1127467168	96.2292267186	96.3457067203	96.462186722	96.5786667238	96.6951467255	1.37853050532e-06	1.5239554572e-06	1.87610899499e-06	2.32244295741e-06	3.01470287665e-06	3.74585720755e-06	4.72116142455e-06	5.66910837288e-06	6.9150138744e-06	8.11960146411e-06	1.24849716433e-06	3.02329612409e-06	3.8318505816e-06	5.94316542669e-06	6.27708035694e-06	8.37314734236e-06	8.13828068484e-06	1.069630394e-05	1.03415828616e-05	1.31202353614e-05	107.735554982	107.773223675	107.810892369	107.848561063	107.886229757	107.923898451	107.961567144	107.999235838	108.036904532	108.074573226	-6.72514820831	-6.55559210755	-6.38603600679	-6.21647990603	-6.04692380526	-5.8773677045	-5.70781160374	-5.53825550298	-5.36869940221	-5.19914330145	0.218610271846	0.218610271846	0.218610271846	0.218610271846	0.218610271846	0.218610271846	0.218610271846	0.218610271846	0.218610271846	0.218610271846	
8.98333333333	95.6468267099	95.7633067116	95.8797867133	95.9962667151	96.1127467168	96.2292267186	96.3457067203	96.462186722	96.5786667238	96.6951467255	1.37853050532e-06	1.5239554572e-06	1.87610899499e-06	2.32244295741e-06	3.01470287665e-06	3.74585720755e-06	4.72116142455e-06	5.66910837288e-06	6.9150138744e-06	8.11960146411e-06	1.24849716433e-06	3.02329612409e-06	3.8318505816e-06	5.94316542669e-06	6.27708035694e-06	8.37314734236e-06	8.13828068484e-06	1.069630394e-05	1.03415828616e-05	1.31202353614e-05	107.735554982	107.773223675	107.810892369	107.848561063	107.886229757	107.923898451	107.961567144	107.999235838	108.036904532	108.074573226	-6.72514820831	-6.55559210755	-6.38603600679	-6.21647990603	-6.04692380526	-5.8773677045	-5.70781160374	-5.53825550298	-5.36869940221	-5.19914330145	0.218610271846	0.218610271846	0.218610271846	0.218610271846	0.218610271846	0.218610271846	0.218610271846	0.218610271846	0.218610271846	0.218610271846	
9.0	95.6468267099	95.7633067116	95.8797867133	95.9962667151	96.1127467168	96.2292267186	96.3457067203	96.462186722	96.5786667238	96.6951467255	1.37853050532e-06	1.5239554572e-06	1.87610899499e-06	2.32244295741e-06	3.01470287665e-06	3.74585720755e-06	4.72116142455e-06	5.66910837288e-06	6.9150138744e-06	8.11960146411e-06	1.24849716433e-06	3.02329612409e-06	3.8318505816e-06	5.94316542669e-06	6.27708035694e-06	8.37314734236e-06	8.13828068484e-06	1.069630394e-05	1.03415828616e-05	1.31202353614e-05	107.735554982	107.773223675	107.810892369	107.848561063	107.886229757	107.923898451	107.961567144	107.999235838	108.036904532	108.074573226	-6.72514820831	-6.55559210755	-6.38603600679	-6.21647990603	-6.04692380526	-5.8773677045	-5.70781160374	-5.53825550298	-5.36869940221	-5.19914330145	0.218610271846	0.218610271846	0.218610271846	0.218610271846	0.218610271846	0.218610271846	0.218610271846	0.218610271846	0.218610271846	0.218610271846	
9.01666666667	95.6468267099	95.7633067116	95.8797867133	95.9962667151	96.1127467168	96.2292267186	96.3457067203	96.462186722	96.5786667238	96.6951467255	1.37853050532e-06	1.5239554572e-06	1.87610899499e-06	2.32244295741e-06	3.01470287665e-06	3.74585720755e-06	4.72116142455e-06	5.66910837288e-06	6.9150138744e-06	8.11960146411e-06	1.24849716433e-06	3.02329612409e-06	3.8318505816e-06	5.94316542669e-06	6.27708035694e-06	8.37314734236e-06	8.13828068484e-06	1.069630394e-05	1.03415828616e-05	1.31202353614e-05	107.735554982	107.773223675	107.810892369	107.848561063	107.886229757	107.923898451	107.961567144	107.999235838	108.036904532	108.074573226	-6.72514820831	-6.55559210755	-6.38603600679	-6.21647990603	-6.04692380526	-5.8773677045	-5.70781160374	-5.53825550298	-5.36869940221	-5.19914330145	0.218610271846	0.218610271846	0.218610271846	0.218610271846	0.218610271846	0.218610271846	0.218610271846	0.218610271846	0.218610271846	0.218610271846	
9.03333333333	95.6468267099	95.7633067116	95.8797867133	95.9962667151	96.1127467168	96.2292267186	96.3457067203	96.462186722	96.5786667238	96.6951467255	1.37853050532e-06	1.5239554572e-06	1.87610899499e-06	2.32244295741e-06	3.01470287665e-06	3.74585720755e-06	4.72116142455e-06	5.66910837288e-06	6.9150138744e-06	8.11960146411e-06	1.24849716433e-06	3.02329612409e-06	3.8318505816e-06	5.94316542669e-06	6.27708035694e-06	8.37314734236e-06	8.13828068484e-06	1.069630394e-05	1.03415828616e-05	1.31202353614e-05	107.735554982	107.773223675	107.810892369	107.848561063	107.886229757	107.923898451	107.961567144	107.999235838	108.036904532	108.074573226	-6.72514820831	-6.55559210755	-6.38603600679	-6.21647990603	-6.04692380526	-5.8773677045	-5.70781160374	-5.53825550298	-5.36869940221	-5.19914330145	0.218610271846	0.218610271846	0.218610271846	0.218610271846	0.218610271846	0.218610271846	0.218610271846	0.218610271846	0.218610271846	0.218610271846	
9.05	95.6468267099	95.7633067116	95.8797867133	95.9962667151	96.1127467168	96.2292267186	96.3457067203	96.462186722	96.5786667238	96.6951467255	1.37853050532e-06	1.5239554572e-06	1.87610899499e-06	2.32244295741e-06	3.01470287665e-06	3.74585720755e-06	4.72116142455e-06	5.66910837288e-06	6.9150138744e-06	8.11960146411e-06	1.24849716433e-06	3.02329612409e-06	3.8318505816e-06	5.94316542669e-06	6.27708035694e-06	8.37314734236e-06	8.13828068484e-06	1.069630394e-05	1.03415828616e-05	1.31202353614e-05	107.735554982	107.773223675	107.810892369	107.848561063	107.886229757	107.923898451	107.961567144	107.999235838	108.036904532	108.074573226	-6.72514820831	-6.55559210755	-6.38603600679	-6.21647990603	-6.04692380526	-5.8773677045	-5.70781160374	-5.53825550298	-5.36869940221	-5.19914330145	0.218610271846	0.218610271846	0.218610271846	0.218610271846	0.218610271846	0.218610271846	0.218610271846	0.218610271846	0.218610271846	0.218610271846	
9.06666666667	95.6468267099	95.7633067116	95.8797867133	95.9962667151	96.1127467168	96.2292267186	96.3457067203	96.462186722	96.5786667238	96.6951467255	1.37853050532e-06	1.5239554572e-06	1.87610899499e-06	2.32244295741e-06	3.01470287665e-06	3.74585720755e-06	4.72116142455e-06	5.66910837288e-06	6.9150138744e-06	8.11960146411e-06	1.24849716433e-06	3.02329612409e-06	3.8318505816e-06	5.94316542669e-06	6.27708035694e-06	8.37314734236e-06	8.13828068484e-06	1.069630394e-05	1.03415828616e-05	1.31202353614e-05	107.735554982	107.773223675	107.810892369	107.848561063	107.886229757	107.923898451	107.961567144	107.999235838	108.036904532	108.074573226	-6.72514820831	-6.55559210755	-6.38603600679	-6.21647990603	-6.04692380526	-5.8773677045	-5.70781160374	-5.53825550298	-5.36869940221	-5.19914330145	0.218610271846	0.218610271846	0.218610271846	0.218610271846	0.218610271846	0.218610271846	0.218610271846	0.218610271846	0.218610271846	0.218610271846	
9.08333333333	95.6468267099	95.7633067116	95.8797867133	95.9962667151	96.1127467168	96.2292267186	96.3457067203	96.462186722	96.5786667238	96.6951467255	1.37853050532e-06	1.5239554572e-06	1.87610899499e-06	2.32244295741e-06	3.01470287665e-06	3.74585720755e-06	4.72116142455e-06	5.66910837288e-06	6.9150138744e-06	8.11960146411e-06	1.24849716433e-06	3.02329612409e-06	3.8318505816e-06	5.94316542669e-06	6.27708035694e-06	8.37314734236e-06	8.13828068484e-06	1.069630394e-05	1.03415828616e-05	1.31202353614e-05	107.735554982	107.773223675	107.810892369	107.848561063	107.886229757	107.923898451	107.961567144	107.999235838	108.036904532	108.074573226	-6.72514820831	-6.55559210755	-6.38603600679	-6.21647990603	-6.04692380526	-5.8773677045	-5.70781160374	-5.53825550298	-5.36869940221	-5.19914330145	0.218610271846	0.218610271846	0.218610271846	0.218610271846	0.218610271846	0.218610271846	0.218610271846	0.218610271846	0.218610271846	0.218610271846	
9.1	95.6468267099	95.7633067116	95.8797867133	95.9962667151	96.1127467168	96.2292267186	96.3457067203	96.462186722	96.5786667238	96.6951467255	1.37853050532e-06	1.5239554572e-06	1.87610899499e-06	2.32244295741e-06	3.01470287665e-06	3.74585720755e-06	4.72116142455e-06	5.66910837288e-06	6.9150138744e-06	8.11960146411e-06	1.24849716433e-06	3.02329612409e-06	3.8318505816e-06	5.94316542669e-06	6.27708035694e-06	8.37314734236e-06	8.13828068484e-06	1.069630394e-05	1.03415828616e-05	1.31202353614e-05	107.735554982	107.773223675	107.810892369	107.848561063	107.886229757	107.923898451	107.961567144	107.999235838	108.036904532	108.074573226	-6.72514820831	-6.55559210755	-6.38603600679	-6.21647990603	-6.04692380526	-5.8773677045	-5.70781160374	-5.53825550298	-5.36869940221	-5.19914330145	0.218610271846	0.218610271846	0.218610271846	0.218610271846	0.218610271846	0.218610271846	0.218610271846	0.218610271846	0.218610271846	0.218610271846	
9.11666666667	95.6468267099	95.7633067116	95.8797867133	95.9962667151	96.1127467168	96.2292267186	96.3457067203	96.462186722	96.5786667238	96.6951467255	1.37853050532e-06	1.5239554572e-06	1.87610899499e-06	2.32244295741e-06	3.01470287665e-06	3.74585720755e-06	4.72116142455e-06	5.66910837288e-06	6.9150138744e-06	8.11960146411e-06	1.24849716433e-06	3.02329612409e-06	3.8318505816e-06	5.94316542669e-06	6.27708035694e-06	8.37314734236e-06	8.13828068484e-06	1.069630394e-05	1.03415828616e-05	1.31202353614e-05	107.735554982	107.773223675	107.810892369	107.848561063	107.886229757	107.923898451	107.961567144	107.999235838	108.036904532	108.074573226	-6.72514820831	-6.55559210755	-6.38603600679	-6.21647990603	-6.04692380526	-5.8773677045	-5.70781160374	-5.53825550298	-5.36869940221	-5.19914330145	0.218610271846	0.218610271846	0.218610271846	0.218610271846	0.218610271846	0.218610271846	0.218610271846	0.218610271846	0.218610271846	0.218610271846	
9.13333333333	95.6468267099	95.7633067116	95.8797867133	95.9962667151	96.1127467168	96.2292267186	96.3457067203	96.462186722	96.5786667238	96.6951467255	1.37853050532e-06	1.5239554572e-06	1.87610899499e-06	2.32244295741e-06	3.01470287665e-06	3.74585720755e-06	4.72116142455e-06	5.66910837288e-06	6.9150138744e-06	8.11960146411e-06	1.24849716433e-06	3.02329612409e-06	3.8318505816e-06	5.94316542669e-06	6.27708035694e-06	8.37314734236e-06	8.13828068484e-06	1.069630394e-05	1.03415828616e-05	1.31202353614e-05	107.735554982	107.773223675	107.810892369	107.848561063	107.886229757	107.923898451	107.961567144	107.999235838	108.036904532	108.074573226	-6.72514820831	-6.55559210755	-6.38603600679	-6.21647990603	-6.04692380526	-5.8773677045	-5.70781160374	-5.53825550298	-5.36869940221	-5.19914330145	0.218610271846	0.218610271846	0.218610271846	0.218610271846	0.218610271846	0.218610271846	0.218610271846	0.218610271846	0.218610271846	0.218610271846	
9.15	95.6468267099	95.7633067116	95.8797867133	95.9962667151	96.1127467168	96.2292267186	96.3457067203	96.462186722	96.5786667238	96.6951467255	1.37853050532e-06	1.5239554572e-06	1.87610899499e-06	2.32244295741e-06	3.01470287665e-06	3.74585720755e-06	4.72116142455e-06	5.66910837288e-06	6.9150138744e-06	8.11960146411e-06	1.24849716433e-06	3.02329612409e-06	3.8318505816e-06	5.94316542669e-06	6.27708035694e-06	8.37314734236e-06	8.13828068484e-06	1.069630394e-05	1.03415828616e-05	1.31202353614e-05	107.735554982	107.773223675	107.810892369	107.848561063	107.886229757	107.923898451	107.961567144	107.999235838	108.036904532	108.074573226	-6.72514820831	-6.55559210755	-6.38603600679	-6.21647990603	-6.04692380526	-5.8773677045	-5.70781160374	-5.53825550298	-5.36869940221	-5.19914330145	0.218610271846	0.218610271846	0.218610271846	0.218610271846	0.218610271846	0.218610271846	0.218610271846	0.218610271846	0.218610271846	0.218610271846	
9.16666666667	95.6468267099	95.7633067116	95.8797867133	95.9962667151	96.1127467168	96.2292267186	96.3457067203	96.462186722	96.5786667238	96.6951467255	1.37853050532e-06	1.5239554572e-06	1.87610899499e-06	2.32244295741e-06	3.01470287665e-06	3.74585720755e-06	4.72116142455e-06	5.66910837288e-06	6.9150138744e-06	8.11960146411e-06	1.24849716433e-06	3.02329612409e-06	3.8318505816e-06	5.94316542669e-06	6.27708035694e-06	8.37314734236e-06	8.13828068484e-06	1.069630394e-05	1.03415828616e-05	1.31202353614e-05	107.735554982	107.773223675	107.810892369	107.848561063	107.886229757	107.923898451	107.961567144	107.999235838	108.036904532	108.074573226	-6.72514820831	-6.55559210755	-6.38603600679	-6.21647990603	-6.04692380526	-5.8773677045	-5.70781160374	-5.53825550298	-5.36869940221	-5.19914330145	0.218610271846	0.218610271846	0.218610271846	0.218610271846	0.218610271846	0.218610271846	0.218610271846	0.218610271846	0.218610271846	0.218610271846	
9.18333333333	95.6468267099	95.7633067116	95.8797867133	95.9962667151	96.1127467168	96.2292267186	96.3457067203	96.462186722	96.5786667238	96.6951467255	1.37853050532e-06	1.5239554572e-06	1.87610899499e-06	2.32244295741e-06	3.01470287665e-06	3.74585720755e-06	4.72116142455e-06	5.66910837288e-06	6.9150138744e-06	8.11960146411e-06	1.24849716433e-06	3.02329612409e-06	3.8318505816e-06	5.94316542669e-06	6.27708035694e-06	8.37314734236e-06	8.13828068484e-06	1.069630394e-05	1.03415828616e-05	1.31202353614e-05	107.735554982	107.773223675	107.810892369	107.848561063	107.886229757	107.923898451	107.961567144	107.999235838	108.036904532	108.074573226	-6.72514820831	-6.55559210755	-6.38603600679	-6.21647990603	-6.04692380526	-5.8773677045	-5.70781160374	-5.53825550298	-5.36869940221	-5.19914330145	0.218610271846	0.218610271846	0.218610271846	0.218610271846	0.218610271846	0.218610271846	0.218610271846	0.218610271846	0.218610271846	0.218610271846	
9.2	95.6468267099	95.7633067116	95.8797867133	95.9962667151	96.1127467168	96.2292267186	96.3457067203	96.462186722	96.5786667238	96.6951467255	1.37853050532e-06	1.5239554572e-06	1.87610899499e-06	2.32244295741e-06	3.01470287665e-06	3.74585720755e-06	4.72116142455e-06	5.66910837288e-06	6.9150138744e-06	8.11960146411e-06	1.24849716433e-06	3.02329612409e-06	3.8318505816e-06	5.94316542669e-06	6.27708035694e-06	8.37314734236e-06	8.13828068484e-06	1.069630394e-05	1.03415828616e-05	1.31202353614e-05	107.735554982	107.773223675	107.810892369	107.848561063	107.886229757	107.923898451	107.961567144	107.999235838	108.036904532	108.074573226	-6.72514820831	-6.55559210755	-6.38603600679	-6.21647990603	-6.04692380526	-5.8773677045	-5.70781160374	-5.53825550298	-5.36869940221	-5.19914330145	0.218610271846	0.218610271846	0.218610271846	0.218610271846	0.218610271846	0.218610271846	0.218610271846	0.218610271846	0.218610271846	0.218610271846	
9.21666666667	95.6468267099	95.7633067116	95.8797867133	95.9962667151	96.1127467168	96.2292267186	96.3457067203	96.462186722	96.5786667238	96.6951467255	1.37853050532e-06	1.5239554572e-06	1.87610899499e-06	2.32244295741e-06	3.01470287665e-06	3.74585720755e-06	4.72116142455e-06	5.66910837288e-06	6.9150138744e-06	8.11960146411e-06	1.24849716433e-06	3.02329612409e-06	3.8318505816e-06	5.94316542669e-06	6.27708035694e-06	8.37314734236e-06	8.13828068484e-06	1.069630394e-05	1.03415828616e-05	1.31202353614e-05	107.735554982	107.773223675	107.810892369	107.848561063	107.886229757	107.923898451	107.961567144	107.999235838	108.036904532	108.074573226	-6.72514820831	-6.55559210755	-6.38603600679	-6.21647990603	-6.04692380526	-5.8773677045	-5.70781160374	-5.53825550298	-5.36869940221	-5.19914330145	0.218610271846	0.218610271846	0.218610271846	0.218610271846	0.218610271846	0.218610271846	0.218610271846	0.218610271846	0.218610271846	0.218610271846	
9.23333333333	95.6468267099	95.7633067116	95.8797867133	95.9962667151	96.1127467168	96.2292267186	96.3457067203	96.462186722	96.5786667238	96.6951467255	1.37853050532e-06	1.5239554572e-06	1.87610899499e-06	2.32244295741e-06	3.01470287665e-06	3.74585720755e-06	4.72116142455e-06	5.66910837288e-06	6.9150138744e-06	8.11960146411e-06	1.24849716433e-06	3.02329612409e-06	3.8318505816e-06	5.94316542669e-06	6.27708035694e-06	8.37314734236e-06	8.13828068484e-06	1.069630394e-05	1.03415828616e-05	1.31202353614e-05	107.735554982	107.773223675	107.810892369	107.848561063	107.886229757	107.923898451	107.961567144	107.999235838	108.036904532	108.074573226	-6.72514820831	-6.55559210755	-6.38603600679	-6.21647990603	-6.04692380526	-5.8773677045	-5.70781160374	-5.53825550298	-5.36869940221	-5.19914330145	0.218610271846	0.218610271846	0.218610271846	0.218610271846	0.218610271846	0.218610271846	0.218610271846	0.218610271846	0.218610271846	0.218610271846	
9.25	95.6468267099	95.7633067116	95.8797867133	95.9962667151	96.1127467168	96.2292267186	96.3457067203	96.462186722	96.5786667238	96.6951467255	1.37853050532e-06	1.5239554572e-06	1.87610899499e-06	2.32244295741e-06	3.01470287665e-06	3.74585720755e-06	4.72116142455e-06	5.66910837288e-06	6.9150138744e-06	8.11960146411e-06	1.24849716433e-06	3.02329612409e-06	3.8318505816e-06	5.94316542669e-06	6.27708035694e-06	8.37314734236e-06	8.13828068484e-06	1.069630394e-05	1.03415828616e-05	1.31202353614e-05	107.735554982	107.773223675	107.810892369	107.848561063	107.886229757	107.923898451	107.961567144	107.999235838	108.036904532	108.074573226	-6.72514820831	-6.55559210755	-6.38603600679	-6.21647990603	-6.04692380526	-5.8773677045	-5.70781160374	-5.53825550298	-5.36869940221	-5.19914330145	0.218610271846	0.218610271846	0.218610271846	0.218610271846	0.218610271846	0.218610271846	0.218610271846	0.218610271846	0.218610271846	0.218610271846	
9.26666666667	95.6468267099	95.7633067116	95.8797867133	95.9962667151	96.1127467168	96.2292267186	96.3457067203	96.462186722	96.5786667238	96.6951467255	1.37853050532e-06	1.5239554572e-06	1.87610899499e-06	2.32244295741e-06	3.01470287665e-06	3.74585720755e-06	4.72116142455e-06	5.66910837288e-06	6.9150138744e-06	8.11960146411e-06	1.24849716433e-06	3.02329612409e-06	3.8318505816e-06	5.94316542669e-06	6.27708035694e-06	8.37314734236e-06	8.13828068484e-06	1.069630394e-05	1.03415828616e-05	1.31202353614e-05	107.735554982	107.773223675	107.810892369	107.848561063	107.886229757	107.923898451	107.961567144	107.999235838	108.036904532	108.074573226	-6.72514820831	-6.55559210755	-6.38603600679	-6.21647990603	-6.04692380526	-5.8773677045	-5.70781160374	-5.53825550298	-5.36869940221	-5.19914330145	0.218610271846	0.218610271846	0.218610271846	0.218610271846	0.218610271846	0.218610271846	0.218610271846	0.218610271846	0.218610271846	0.218610271846	
9.28333333333	95.6468267099	95.7633067116	95.8797867133	95.9962667151	96.1127467168	96.2292267186	96.3457067203	96.462186722	96.5786667238	96.6951467255	1.37853050532e-06	1.5239554572e-06	1.87610899499e-06	2.32244295741e-06	3.01470287665e-06	3.74585720755e-06	4.72116142455e-06	5.66910837288e-06	6.9150138744e-06	8.11960146411e-06	1.24849716433e-06	3.02329612409e-06	3.8318505816e-06	5.94316542669e-06	6.27708035694e-06	8.37314734236e-06	8.13828068484e-06	1.069630394e-05	1.03415828616e-05	1.31202353614e-05	107.735554982	107.773223675	107.810892369	107.848561063	107.886229757	107.923898451	107.961567144	107.999235838	108.036904532	108.074573226	-6.72514820831	-6.55559210755	-6.38603600679	-6.21647990603	-6.04692380526	-5.8773677045	-5.70781160374	-5.53825550298	-5.36869940221	-5.19914330145	0.218610271846	0.218610271846	0.218610271846	0.218610271846	0.218610271846	0.218610271846	0.218610271846	0.218610271846	0.218610271846	0.218610271846	
9.3	95.6468267099	95.7633067116	95.8797867133	95.9962667151	96.1127467168	96.2292267186	96.3457067203	96.462186722	96.5786667238	96.6951467255	1.37853050532e-06	1.5239554572e-06	1.87610899499e-06	2.32244295741e-06	3.01470287665e-06	3.74585720755e-06	4.72116142455e-06	5.66910837288e-06	6.9150138744e-06	8.11960146411e-06	1.24849716433e-06	3.02329612409e-06	3.8318505816e-06	5.94316542669e-06	6.27708035694e-06	8.37314734236e-06	8.13828068484e-06	1.069630394e-05	1.03415828616e-05	1.31202353614e-05	107.735554982	107.773223675	107.810892369	107.848561063	107.886229757	107.923898451	107.961567144	107.999235838	108.036904532	108.074573226	-6.72514820831	-6.55559210755	-6.38603600679	-6.21647990603	-6.04692380526	-5.8773677045	-5.70781160374	-5.53825550298	-5.36869940221	-5.19914330145	0.218610271846	0.218610271846	0.218610271846	0.218610271846	0.218610271846	0.218610271846	0.218610271846	0.218610271846	0.218610271846	0.218610271846	
9.31666666667	95.6468267099	95.7633067116	95.8797867133	95.9962667151	96.1127467168	96.2292267186	96.3457067203	96.462186722	96.5786667238	96.6951467255	1.37853050532e-06	1.5239554572e-06	1.87610899499e-06	2.32244295741e-06	3.01470287665e-06	3.74585720755e-06	4.72116142455e-06	5.66910837288e-06	6.9150138744e-06	8.11960146411e-06	1.24849716433e-06	3.02329612409e-06	3.8318505816e-06	5.94316542669e-06	6.27708035694e-06	8.37314734236e-06	8.13828068484e-06	1.069630394e-05	1.03415828616e-05	1.31202353614e-05	107.735554982	107.773223675	107.810892369	107.848561063	107.886229757	107.923898451	107.961567144	107.999235838	108.036904532	108.074573226	-6.72514820831	-6.55559210755	-6.38603600679	-6.21647990603	-6.04692380526	-5.8773677045	-5.70781160374	-5.53825550298	-5.36869940221	-5.19914330145	0.218610271846	0.218610271846	0.218610271846	0.218610271846	0.218610271846	0.218610271846	0.218610271846	0.218610271846	0.218610271846	0.218610271846	
9.33333333333	95.6468267099	95.7633067116	95.8797867133	95.9962667151	96.1127467168	96.2292267186	96.3457067203	96.462186722	96.5786667238	96.6951467255	1.37853050532e-06	1.5239554572e-06	1.87610899499e-06	2.32244295741e-06	3.01470287665e-06	3.74585720755e-06	4.72116142455e-06	5.66910837288e-06	6.9150138744e-06	8.11960146411e-06	1.24849716433e-06	3.02329612409e-06	3.8318505816e-06	5.94316542669e-06	6.27708035694e-06	8.37314734236e-06	8.13828068484e-06	1.069630394e-05	1.03415828616e-05	1.31202353614e-05	107.735554982	107.773223675	107.810892369	107.848561063	107.886229757	107.923898451	107.961567144	107.999235838	108.036904532	108.074573226	-6.72514820831	-6.55559210755	-6.38603600679	-6.21647990603	-6.04692380526	-5.8773677045	-5.70781160374	-5.53825550298	-5.36869940221	-5.19914330145	0.218610271846	0.218610271846	0.218610271846	0.218610271846	0.218610271846	0.218610271846	0.218610271846	0.218610271846	0.218610271846	0.218610271846	
9.35	95.6468267099	95.7633067116	95.8797867133	95.9962667151	96.1127467168	96.2292267186	96.3457067203	96.462186722	96.5786667238	96.6951467255	1.37853050532e-06	1.5239554572e-06	1.87610899499e-06	2.32244295741e-06	3.01470287665e-06	3.74585720755e-06	4.72116142455e-06	5.66910837288e-06	6.9150138744e-06	8.11960146411e-06	1.24849716433e-06	3.02329612409e-06	3.8318505816e-06	5.94316542669e-06	6.27708035694e-06	8.37314734236e-06	8.13828068484e-06	1.069630394e-05	1.03415828616e-05	1.31202353614e-05	107.735554982	107.773223675	107.810892369	107.848561063	107.886229757	107.923898451	107.961567144	107.999235838	108.036904532	108.074573226	-6.72514820831	-6.55559210755	-6.38603600679	-6.21647990603	-6.04692380526	-5.8773677045	-5.70781160374	-5.53825550298	-5.36869940221	-5.19914330145	0.218610271846	0.218610271846	0.218610271846	0.218610271846	0.218610271846	0.218610271846	0.218610271846	0.218610271846	0.218610271846	0.218610271846	
9.36666666667	95.6468267099	95.7633067116	95.8797867133	95.9962667151	96.1127467168	96.2292267186	96.3457067203	96.462186722	96.5786667238	96.6951467255	1.37853050532e-06	1.5239554572e-06	1.87610899499e-06	2.32244295741e-06	3.01470287665e-06	3.74585720755e-06	4.72116142455e-06	5.66910837288e-06	6.9150138744e-06	8.11960146411e-06	1.24849716433e-06	3.02329612409e-06	3.8318505816e-06	5.94316542669e-06	6.27708035694e-06	8.37314734236e-06	8.13828068484e-06	1.069630394e-05	1.03415828616e-05	1.31202353614e-05	107.735554982	107.773223675	107.810892369	107.848561063	107.886229757	107.923898451	107.961567144	107.999235838	108.036904532	108.074573226	-6.72514820831	-6.55559210755	-6.38603600679	-6.21647990603	-6.04692380526	-5.8773677045	-5.70781160374	-5.53825550298	-5.36869940221	-5.19914330145	0.218610271846	0.218610271846	0.218610271846	0.218610271846	0.218610271846	0.218610271846	0.218610271846	0.218610271846	0.218610271846	0.218610271846	
9.38333333333	95.6468267099	95.7633067116	95.8797867133	95.9962667151	96.1127467168	96.2292267186	96.3457067203	96.462186722	96.5786667238	96.6951467255	1.37853050532e-06	1.5239554572e-06	1.87610899499e-06	2.32244295741e-06	3.01470287665e-06	3.74585720755e-06	4.72116142455e-06	5.66910837288e-06	6.9150138744e-06	8.11960146411e-06	1.24849716433e-06	3.02329612409e-06	3.8318505816e-06	5.94316542669e-06	6.27708035694e-06	8.37314734236e-06	8.13828068484e-06	1.069630394e-05	1.03415828616e-05	1.31202353614e-05	107.735554982	107.773223675	107.810892369	107.848561063	107.886229757	107.923898451	107.961567144	107.999235838	108.036904532	108.074573226	-6.72514820831	-6.55559210755	-6.38603600679	-6.21647990603	-6.04692380526	-5.8773677045	-5.70781160374	-5.53825550298	-5.36869940221	-5.19914330145	0.218610271846	0.218610271846	0.218610271846	0.218610271846	0.218610271846	0.218610271846	0.218610271846	0.218610271846	0.218610271846	0.218610271846	
9.4	95.6468267099	95.7633067116	95.8797867133	95.9962667151	96.1127467168	96.2292267186	96.3457067203	96.462186722	96.5786667238	96.6951467255	1.37853050532e-06	1.5239554572e-06	1.87610899499e-06	2.32244295741e-06	3.01470287665e-06	3.74585720755e-06	4.72116142455e-06	5.66910837288e-06	6.9150138744e-06	8.11960146411e-06	1.24849716433e-06	3.02329612409e-06	3.8318505816e-06	5.94316542669e-06	6.27708035694e-06	8.37314734236e-06	8.13828068484e-06	1.069630394e-05	1.03415828616e-05	1.31202353614e-05	107.735554982	107.773223675	107.810892369	107.848561063	107.886229757	107.923898451	107.961567144	107.999235838	108.036904532	108.074573226	-6.72514820831	-6.55559210755	-6.38603600679	-6.21647990603	-6.04692380526	-5.8773677045	-5.70781160374	-5.53825550298	-5.36869940221	-5.19914330145	0.218610271846	0.218610271846	0.218610271846	0.218610271846	0.218610271846	0.218610271846	0.218610271846	0.218610271846	0.218610271846	0.218610271846	
9.41666666667	95.6468267099	95.7633067116	95.8797867133	95.9962667151	96.1127467168	96.2292267186	96.3457067203	96.462186722	96.5786667238	96.6951467255	1.37853050532e-06	1.5239554572e-06	1.87610899499e-06	2.32244295741e-06	3.01470287665e-06	3.74585720755e-06	4.72116142455e-06	5.66910837288e-06	6.9150138744e-06	8.11960146411e-06	1.24849716433e-06	3.02329612409e-06	3.8318505816e-06	5.94316542669e-06	6.27708035694e-06	8.37314734236e-06	8.13828068484e-06	1.069630394e-05	1.03415828616e-05	1.31202353614e-05	107.735554982	107.773223675	107.810892369	107.848561063	107.886229757	107.923898451	107.961567144	107.999235838	108.036904532	108.074573226	-6.72514820831	-6.55559210755	-6.38603600679	-6.21647990603	-6.04692380526	-5.8773677045	-5.70781160374	-5.53825550298	-5.36869940221	-5.19914330145	0.218610271846	0.218610271846	0.218610271846	0.218610271846	0.218610271846	0.218610271846	0.218610271846	0.218610271846	0.218610271846	0.218610271846	
9.43333333333	95.6468267099	95.7633067116	95.8797867133	95.9962667151	96.1127467168	96.2292267186	96.3457067203	96.462186722	96.5786667238	96.6951467255	1.37853050532e-06	1.5239554572e-06	1.87610899499e-06	2.32244295741e-06	3.01470287665e-06	3.74585720755e-06	4.72116142455e-06	5.66910837288e-06	6.9150138744e-06	8.11960146411e-06	1.24849716433e-06	3.02329612409e-06	3.8318505816e-06	5.94316542669e-06	6.27708035694e-06	8.37314734236e-06	8.13828068484e-06	1.069630394e-05	1.03415828616e-05	1.31202353614e-05	107.735554982	107.773223675	107.810892369	107.848561063	107.886229757	107.923898451	107.961567144	107.999235838	108.036904532	108.074573226	-6.72514820831	-6.55559210755	-6.38603600679	-6.21647990603	-6.04692380526	-5.8773677045	-5.70781160374	-5.53825550298	-5.36869940221	-5.19914330145	0.218610271846	0.218610271846	0.218610271846	0.218610271846	0.218610271846	0.218610271846	0.218610271846	0.218610271846	0.218610271846	0.218610271846	
9.45	95.6468267099	95.7633067116	95.8797867133	95.9962667151	96.1127467168	96.2292267186	96.3457067203	96.462186722	96.5786667238	96.6951467255	1.37853050532e-06	1.5239554572e-06	1.87610899499e-06	2.32244295741e-06	3.01470287665e-06	3.74585720755e-06	4.72116142455e-06	5.66910837288e-06	6.9150138744e-06	8.11960146411e-06	1.24849716433e-06	3.02329612409e-06	3.8318505816e-06	5.94316542669e-06	6.27708035694e-06	8.37314734236e-06	8.13828068484e-06	1.069630394e-05	1.03415828616e-05	1.31202353614e-05	107.735554982	107.773223675	107.810892369	107.848561063	107.886229757	107.923898451	107.961567144	107.999235838	108.036904532	108.074573226	-6.72514820831	-6.55559210755	-6.38603600679	-6.21647990603	-6.04692380526	-5.8773677045	-5.70781160374	-5.53825550298	-5.36869940221	-5.19914330145	0.218610271846	0.218610271846	0.218610271846	0.218610271846	0.218610271846	0.218610271846	0.218610271846	0.218610271846	0.218610271846	0.218610271846	
9.46666666667	95.6468267099	95.7633067116	95.8797867133	95.9962667151	96.1127467168	96.2292267186	96.3457067203	96.462186722	96.5786667238	96.6951467255	1.37853050532e-06	1.5239554572e-06	1.87610899499e-06	2.32244295741e-06	3.01470287665e-06	3.74585720755e-06	4.72116142455e-06	5.66910837288e-06	6.9150138744e-06	8.11960146411e-06	1.24849716433e-06	3.02329612409e-06	3.8318505816e-06	5.94316542669e-06	6.27708035694e-06	8.37314734236e-06	8.13828068484e-06	1.069630394e-05	1.03415828616e-05	1.31202353614e-05	107.735554982	107.773223675	107.810892369	107.848561063	107.886229757	107.923898451	107.961567144	107.999235838	108.036904532	108.074573226	-6.72514820831	-6.55559210755	-6.38603600679	-6.21647990603	-6.04692380526	-5.8773677045	-5.70781160374	-5.53825550298	-5.36869940221	-5.19914330145	0.218610271846	0.218610271846	0.218610271846	0.218610271846	0.218610271846	0.218610271846	0.218610271846	0.218610271846	0.218610271846	0.218610271846	
9.48333333333	95.6468267099	95.7633067116	95.8797867133	95.9962667151	96.1127467168	96.2292267186	96.3457067203	96.462186722	96.5786667238	96.6951467255	1.37853050532e-06	1.5239554572e-06	1.87610899499e-06	2.32244295741e-06	3.01470287665e-06	3.74585720755e-06	4.72116142455e-06	5.66910837288e-06	6.9150138744e-06	8.11960146411e-06	1.24849716433e-06	3.02329612409e-06	3.8318505816e-06	5.94316542669e-06	6.27708035694e-06	8.37314734236e-06	8.13828068484e-06	1.069630394e-05	1.03415828616e-05	1.31202353614e-05	107.735554982	107.773223675	107.810892369	107.848561063	107.886229757	107.923898451	107.961567144	107.999235838	108.036904532	108.074573226	-6.72514820831	-6.55559210755	-6.38603600679	-6.21647990603	-6.04692380526	-5.8773677045	-5.70781160374	-5.53825550298	-5.36869940221	-5.19914330145	0.218610271846	0.218610271846	0.218610271846	0.218610271846	0.218610271846	0.218610271846	0.218610271846	0.218610271846	0.218610271846	0.218610271846	
9.5	95.6468267099	95.7633067116	95.8797867133	95.9962667151	96.1127467168	96.2292267186	96.3457067203	96.462186722	96.5786667238	96.6951467255	1.37853050532e-06	1.5239554572e-06	1.87610899499e-06	2.32244295741e-06	3.01470287665e-06	3.74585720755e-06	4.72116142455e-06	5.66910837288e-06	6.9150138744e-06	8.11960146411e-06	1.24849716433e-06	3.02329612409e-06	3.8318505816e-06	5.94316542669e-06	6.27708035694e-06	8.37314734236e-06	8.13828068484e-06	1.069630394e-05	1.03415828616e-05	1.31202353614e-05	107.735554982	107.773223675	107.810892369	107.848561063	107.886229757	107.923898451	107.961567144	107.999235838	108.036904532	108.074573226	-6.72514820831	-6.55559210755	-6.38603600679	-6.21647990603	-6.04692380526	-5.8773677045	-5.70781160374	-5.53825550298	-5.36869940221	-5.19914330145	0.218610271846	0.218610271846	0.218610271846	0.218610271846	0.218610271846	0.218610271846	0.218610271846	0.218610271846	0.218610271846	0.218610271846	
9.51666666667	95.6468267099	95.7633067116	95.8797867133	95.9962667151	96.1127467168	96.2292267186	96.3457067203	96.462186722	96.5786667238	96.6951467255	1.37853050532e-06	1.5239554572e-06	1.87610899499e-06	2.32244295741e-06	3.01470287665e-06	3.74585720755e-06	4.72116142455e-06	5.66910837288e-06	6.9150138744e-06	8.11960146411e-06	1.24849716433e-06	3.02329612409e-06	3.8318505816e-06	5.94316542669e-06	6.27708035694e-06	8.37314734236e-06	8.13828068484e-06	1.069630394e-05	1.03415828616e-05	1.31202353614e-05	107.735554982	107.773223675	107.810892369	107.848561063	107.886229757	107.923898451	107.961567144	107.999235838	108.036904532	108.074573226	-6.72514820831	-6.55559210755	-6.38603600679	-6.21647990603	-6.04692380526	-5.8773677045	-5.70781160374	-5.53825550298	-5.36869940221	-5.19914330145	0.218610271846	0.218610271846	0.218610271846	0.218610271846	0.218610271846	0.218610271846	0.218610271846	0.218610271846	0.218610271846	0.218610271846	
9.53333333333	95.6468267099	95.7633067116	95.8797867133	95.9962667151	96.1127467168	96.2292267186	96.3457067203	96.462186722	96.5786667238	96.6951467255	1.37853050532e-06	1.5239554572e-06	1.87610899499e-06	2.32244295741e-06	3.01470287665e-06	3.74585720755e-06	4.72116142455e-06	5.66910837288e-06	6.9150138744e-06	8.11960146411e-06	1.24849716433e-06	3.02329612409e-06	3.8318505816e-06	5.94316542669e-06	6.27708035694e-06	8.37314734236e-06	8.13828068484e-06	1.069630394e-05	1.03415828616e-05	1.31202353614e-05	107.735554982	107.773223675	107.810892369	107.848561063	107.886229757	107.923898451	107.961567144	107.999235838	108.036904532	108.074573226	-6.72514820831	-6.55559210755	-6.38603600679	-6.21647990603	-6.04692380526	-5.8773677045	-5.70781160374	-5.53825550298	-5.36869940221	-5.19914330145	0.218610271846	0.218610271846	0.218610271846	0.218610271846	0.218610271846	0.218610271846	0.218610271846	0.218610271846	0.218610271846	0.218610271846	
9.55	95.6468267099	95.7633067116	95.8797867133	95.9962667151	96.1127467168	96.2292267186	96.3457067203	96.462186722	96.5786667238	96.6951467255	1.37853050532e-06	1.5239554572e-06	1.87610899499e-06	2.32244295741e-06	3.01470287665e-06	3.74585720755e-06	4.72116142455e-06	5.66910837288e-06	6.9150138744e-06	8.11960146411e-06	1.24849716433e-06	3.02329612409e-06	3.8318505816e-06	5.94316542669e-06	6.27708035694e-06	8.37314734236e-06	8.13828068484e-06	1.069630394e-05	1.03415828616e-05	1.31202353614e-05	107.735554982	107.773223675	107.810892369	107.848561063	107.886229757	107.923898451	107.961567144	107.999235838	108.036904532	108.074573226	-6.72514820831	-6.55559210755	-6.38603600679	-6.21647990603	-6.04692380526	-5.8773677045	-5.70781160374	-5.53825550298	-5.36869940221	-5.19914330145	0.218610271846	0.218610271846	0.218610271846	0.218610271846	0.218610271846	0.218610271846	0.218610271846	0.218610271846	0.218610271846	0.218610271846	
9.56666666667	95.6468267099	95.7633067116	95.8797867133	95.9962667151	96.1127467168	96.2292267186	96.3457067203	96.462186722	96.5786667238	96.6951467255	1.37853050532e-06	1.5239554572e-06	1.87610899499e-06	2.32244295741e-06	3.01470287665e-06	3.74585720755e-06	4.72116142455e-06	5.66910837288e-06	6.9150138744e-06	8.11960146411e-06	1.24849716433e-06	3.02329612409e-06	3.8318505816e-06	5.94316542669e-06	6.27708035694e-06	8.37314734236e-06	8.13828068484e-06	1.069630394e-05	1.03415828616e-05	1.31202353614e-05	107.735554982	107.773223675	107.810892369	107.848561063	107.886229757	107.923898451	107.961567144	107.999235838	108.036904532	108.074573226	-6.72514820831	-6.55559210755	-6.38603600679	-6.21647990603	-6.04692380526	-5.8773677045	-5.70781160374	-5.53825550298	-5.36869940221	-5.19914330145	0.218610271846	0.218610271846	0.218610271846	0.218610271846	0.218610271846	0.218610271846	0.218610271846	0.218610271846	0.218610271846	0.218610271846	
9.58333333333	95.6468267099	95.7633067116	95.8797867133	95.9962667151	96.1127467168	96.2292267186	96.3457067203	96.462186722	96.5786667238	96.6951467255	1.37853050532e-06	1.5239554572e-06	1.87610899499e-06	2.32244295741e-06	3.01470287665e-06	3.74585720755e-06	4.72116142455e-06	5.66910837288e-06	6.9150138744e-06	8.11960146411e-06	1.24849716433e-06	3.02329612409e-06	3.8318505816e-06	5.94316542669e-06	6.27708035694e-06	8.37314734236e-06	8.13828068484e-06	1.069630394e-05	1.03415828616e-05	1.31202353614e-05	107.735554982	107.773223675	107.810892369	107.848561063	107.886229757	107.923898451	107.961567144	107.999235838	108.036904532	108.074573226	-6.72514820831	-6.55559210755	-6.38603600679	-6.21647990603	-6.04692380526	-5.8773677045	-5.70781160374	-5.53825550298	-5.36869940221	-5.19914330145	0.218610271846	0.218610271846	0.218610271846	0.218610271846	0.218610271846	0.218610271846	0.218610271846	0.218610271846	0.218610271846	0.218610271846	
9.6	95.6468267099	95.7633067116	95.8797867133	95.9962667151	96.1127467168	96.2292267186	96.3457067203	96.462186722	96.5786667238	96.6951467255	1.37853050532e-06	1.5239554572e-06	1.87610899499e-06	2.32244295741e-06	3.01470287665e-06	3.74585720755e-06	4.72116142455e-06	5.66910837288e-06	6.9150138744e-06	8.11960146411e-06	1.24849716433e-06	3.02329612409e-06	3.8318505816e-06	5.94316542669e-06	6.27708035694e-06	8.37314734236e-06	8.13828068484e-06	1.069630394e-05	1.03415828616e-05	1.31202353614e-05	107.735554982	107.773223675	107.810892369	107.848561063	107.886229757	107.923898451	107.961567144	107.999235838	108.036904532	108.074573226	-6.72514820831	-6.55559210755	-6.38603600679	-6.21647990603	-6.04692380526	-5.8773677045	-5.70781160374	-5.53825550298	-5.36869940221	-5.19914330145	0.218610271846	0.218610271846	0.218610271846	0.218610271846	0.218610271846	0.218610271846	0.218610271846	0.218610271846	0.218610271846	0.218610271846	
9.61666666667	95.6468267099	95.7633067116	95.8797867133	95.9962667151	96.1127467168	96.2292267186	96.3457067203	96.462186722	96.5786667238	96.6951467255	1.37853050532e-06	1.5239554572e-06	1.87610899499e-06	2.32244295741e-06	3.01470287665e-06	3.74585720755e-06	4.72116142455e-06	5.66910837288e-06	6.9150138744e-06	8.11960146411e-06	1.24849716433e-06	3.02329612409e-06	3.8318505816e-06	5.94316542669e-06	6.27708035694e-06	8.37314734236e-06	8.13828068484e-06	1.069630394e-05	1.03415828616e-05	1.31202353614e-05	107.735554982	107.773223675	107.810892369	107.848561063	107.886229757	107.923898451	107.961567144	107.999235838	108.036904532	108.074573226	-6.72514820831	-6.55559210755	-6.38603600679	-6.21647990603	-6.04692380526	-5.8773677045	-5.70781160374	-5.53825550298	-5.36869940221	-5.19914330145	0.218610271846	0.218610271846	0.218610271846	0.218610271846	0.218610271846	0.218610271846	0.218610271846	0.218610271846	0.218610271846	0.218610271846	
9.63333333333	95.6468267099	95.7633067116	95.8797867133	95.9962667151	96.1127467168	96.2292267186	96.3457067203	96.462186722	96.5786667238	96.6951467255	1.37853050532e-06	1.5239554572e-06	1.87610899499e-06	2.32244295741e-06	3.01470287665e-06	3.74585720755e-06	4.72116142455e-06	5.66910837288e-06	6.9150138744e-06	8.11960146411e-06	1.24849716433e-06	3.02329612409e-06	3.8318505816e-06	5.94316542669e-06	6.27708035694e-06	8.37314734236e-06	8.13828068484e-06	1.069630394e-05	1.03415828616e-05	1.31202353614e-05	107.735554982	107.773223675	107.810892369	107.848561063	107.886229757	107.923898451	107.961567144	107.999235838	108.036904532	108.074573226	-6.72514820831	-6.55559210755	-6.38603600679	-6.21647990603	-6.04692380526	-5.8773677045	-5.70781160374	-5.53825550298	-5.36869940221	-5.19914330145	0.218610271846	0.218610271846	0.218610271846	0.218610271846	0.218610271846	0.218610271846	0.218610271846	0.218610271846	0.218610271846	0.218610271846	
9.65	95.6468267099	95.7633067116	95.8797867133	95.9962667151	96.1127467168	96.2292267186	96.3457067203	96.462186722	96.5786667238	96.6951467255	1.37853050532e-06	1.5239554572e-06	1.87610899499e-06	2.32244295741e-06	3.01470287665e-06	3.74585720755e-06	4.72116142455e-06	5.66910837288e-06	6.9150138744e-06	8.11960146411e-06	1.24849716433e-06	3.02329612409e-06	3.8318505816e-06	5.94316542669e-06	6.27708035694e-06	8.37314734236e-06	8.13828068484e-06	1.069630394e-05	1.03415828616e-05	1.31202353614e-05	107.735554982	107.773223675	107.810892369	107.848561063	107.886229757	107.923898451	107.961567144	107.999235838	108.036904532	108.074573226	-6.72514820831	-6.55559210755	-6.38603600679	-6.21647990603	-6.04692380526	-5.8773677045	-5.70781160374	-5.53825550298	-5.36869940221	-5.19914330145	0.218610271846	0.218610271846	0.218610271846	0.218610271846	0.218610271846	0.218610271846	0.218610271846	0.218610271846	0.218610271846	0.218610271846	
9.66666666667	95.6468267099	95.7633067116	95.8797867133	95.9962667151	96.1127467168	96.2292267186	96.3457067203	96.462186722	96.5786667238	96.6951467255	1.37853050532e-06	1.5239554572e-06	1.87610899499e-06	2.32244295741e-06	3.01470287665e-06	3.74585720755e-06	4.72116142455e-06	5.66910837288e-06	6.9150138744e-06	8.11960146411e-06	1.24849716433e-06	3.02329612409e-06	3.8318505816e-06	5.94316542669e-06	6.27708035694e-06	8.37314734236e-06	8.13828068484e-06	1.069630394e-05	1.03415828616e-05	1.31202353614e-05	107.735554982	107.773223675	107.810892369	107.848561063	107.886229757	107.923898451	107.961567144	107.999235838	108.036904532	108.074573226	-6.72514820831	-6.55559210755	-6.38603600679	-6.21647990603	-6.04692380526	-5.8773677045	-5.70781160374	-5.53825550298	-5.36869940221	-5.19914330145	0.218610271846	0.218610271846	0.218610271846	0.218610271846	0.218610271846	0.218610271846	0.218610271846	0.218610271846	0.218610271846	0.218610271846	
9.68333333333	95.6468267099	95.7633067116	95.8797867133	95.9962667151	96.1127467168	96.2292267186	96.3457067203	96.462186722	96.5786667238	96.6951467255	1.37853050532e-06	1.5239554572e-06	1.87610899499e-06	2.32244295741e-06	3.01470287665e-06	3.74585720755e-06	4.72116142455e-06	5.66910837288e-06	6.9150138744e-06	8.11960146411e-06	1.24849716433e-06	3.02329612409e-06	3.8318505816e-06	5.94316542669e-06	6.27708035694e-06	8.37314734236e-06	8.13828068484e-06	1.069630394e-05	1.03415828616e-05	1.31202353614e-05	107.735554982	107.773223675	107.810892369	107.848561063	107.886229757	107.923898451	107.961567144	107.999235838	108.036904532	108.074573226	-6.72514820831	-6.55559210755	-6.38603600679	-6.21647990603	-6.04692380526	-5.8773677045	-5.70781160374	-5.53825550298	-5.36869940221	-5.19914330145	0.218610271846	0.218610271846	0.218610271846	0.218610271846	0.218610271846	0.218610271846	0.218610271846	0.218610271846	0.218610271846	0.218610271846	
9.7	95.6468267099	95.7633067116	95.8797867133	95.9962667151	96.1127467168	96.2292267186	96.3457067203	96.462186722	96.5786667238	96.6951467255	1.37853050532e-06	1.5239554572e-06	1.87610899499e-06	2.32244295741e-06	3.01470287665e-06	3.74585720755e-06	4.72116142455e-06	5.66910837288e-06	6.9150138744e-06	8.11960146411e-06	1.24849716433e-06	3.02329612409e-06	3.8318505816e-06	5.94316542669e-06	6.27708035694e-06	8.37314734236e-06	8.13828068484e-06	1.069630394e-05	1.03415828616e-05	1.31202353614e-05	107.735554982	107.773223675	107.810892369	107.848561063	107.886229757	107.923898451	107.961567144	107.999235838	108.036904532	108.074573226	-6.72514820831	-6.55559210755	-6.38603600679	-6.21647990603	-6.04692380526	-5.8773677045	-5.70781160374	-5.53825550298	-5.36869940221	-5.19914330145	0.218610271846	0.218610271846	0.218610271846	0.218610271846	0.218610271846	0.218610271846	0.218610271846	0.218610271846	0.218610271846	0.218610271846	
9.71666666667	95.6468267099	95.7633067116	95.8797867133	95.9962667151	96.1127467168	96.2292267186	96.3457067203	96.462186722	96.5786667238	96.6951467255	1.37853050532e-06	1.5239554572e-06	1.87610899499e-06	2.32244295741e-06	3.01470287665e-06	3.74585720755e-06	4.72116142455e-06	5.66910837288e-06	6.9150138744e-06	8.11960146411e-06	1.24849716433e-06	3.02329612409e-06	3.8318505816e-06	5.94316542669e-06	6.27708035694e-06	8.37314734236e-06	8.13828068484e-06	1.069630394e-05	1.03415828616e-05	1.31202353614e-05	107.735554982	107.773223675	107.810892369	107.848561063	107.886229757	107.923898451	107.961567144	107.999235838	108.036904532	108.074573226	-6.72514820831	-6.55559210755	-6.38603600679	-6.21647990603	-6.04692380526	-5.8773677045	-5.70781160374	-5.53825550298	-5.36869940221	-5.19914330145	0.218610271846	0.218610271846	0.218610271846	0.218610271846	0.218610271846	0.218610271846	0.218610271846	0.218610271846	0.218610271846	0.218610271846	
9.73333333333	95.6468267099	95.7633067116	95.8797867133	95.9962667151	96.1127467168	96.2292267186	96.3457067203	96.462186722	96.5786667238	96.6951467255	1.37853050532e-06	1.5239554572e-06	1.87610899499e-06	2.32244295741e-06	3.01470287665e-06	3.74585720755e-06	4.72116142455e-06	5.66910837288e-06	6.9150138744e-06	8.11960146411e-06	1.24849716433e-06	3.02329612409e-06	3.8318505816e-06	5.94316542669e-06	6.27708035694e-06	8.37314734236e-06	8.13828068484e-06	1.069630394e-05	1.03415828616e-05	1.31202353614e-05	107.735554982	107.773223675	107.810892369	107.848561063	107.886229757	107.923898451	107.961567144	107.999235838	108.036904532	108.074573226	-6.72514820831	-6.55559210755	-6.38603600679	-6.21647990603	-6.04692380526	-5.8773677045	-5.70781160374	-5.53825550298	-5.36869940221	-5.19914330145	0.218610271846	0.218610271846	0.218610271846	0.218610271846	0.218610271846	0.218610271846	0.218610271846	0.218610271846	0.218610271846	0.218610271846	
9.75	95.6468267099	95.7633067116	95.8797867133	95.9962667151	96.1127467168	96.2292267186	96.3457067203	96.462186722	96.5786667238	96.6951467255	1.37853050532e-06	1.5239554572e-06	1.87610899499e-06	2.32244295741e-06	3.01470287665e-06	3.74585720755e-06	4.72116142455e-06	5.66910837288e-06	6.9150138744e-06	8.11960146411e-06	1.24849716433e-06	3.02329612409e-06	3.8318505816e-06	5.94316542669e-06	6.27708035694e-06	8.37314734236e-06	8.13828068484e-06	1.069630394e-05	1.03415828616e-05	1.31202353614e-05	107.735554982	107.773223675	107.810892369	107.848561063	107.886229757	107.923898451	107.961567144	107.999235838	108.036904532	108.074573226	-6.72514820831	-6.55559210755	-6.38603600679	-6.21647990603	-6.04692380526	-5.8773677045	-5.70781160374	-5.53825550298	-5.36869940221	-5.19914330145	0.218610271846	0.218610271846	0.218610271846	0.218610271846	0.218610271846	0.218610271846	0.218610271846	0.218610271846	0.218610271846	0.218610271846	
9.76666666667	95.6468267099	95.7633067116	95.8797867133	95.9962667151	96.1127467168	96.2292267186	96.3457067203	96.462186722	96.5786667238	96.6951467255	1.37853050532e-06	1.5239554572e-06	1.87610899499e-06	2.32244295741e-06	3.01470287665e-06	3.74585720755e-06	4.72116142455e-06	5.66910837288e-06	6.9150138744e-06	8.11960146411e-06	1.24849716433e-06	3.02329612409e-06	3.8318505816e-06	5.94316542669e-06	6.27708035694e-06	8.37314734236e-06	8.13828068484e-06	1.069630394e-05	1.03415828616e-05	1.31202353614e-05	107.735554982	107.773223675	107.810892369	107.848561063	107.886229757	107.923898451	107.961567144	107.999235838	108.036904532	108.074573226	-6.72514820831	-6.55559210755	-6.38603600679	-6.21647990603	-6.04692380526	-5.8773677045	-5.70781160374	-5.53825550298	-5.36869940221	-5.19914330145	0.218610271846	0.218610271846	0.218610271846	0.218610271846	0.218610271846	0.218610271846	0.218610271846	0.218610271846	0.218610271846	0.218610271846	
9.78333333333	95.6468267099	95.7633067116	95.8797867133	95.9962667151	96.1127467168	96.2292267186	96.3457067203	96.462186722	96.5786667238	96.6951467255	1.37853050532e-06	1.5239554572e-06	1.87610899499e-06	2.32244295741e-06	3.01470287665e-06	3.74585720755e-06	4.72116142455e-06	5.66910837288e-06	6.9150138744e-06	8.11960146411e-06	1.24849716433e-06	3.02329612409e-06	3.8318505816e-06	5.94316542669e-06	6.27708035694e-06	8.37314734236e-06	8.13828068484e-06	1.069630394e-05	1.03415828616e-05	1.31202353614e-05	107.735554982	107.773223675	107.810892369	107.848561063	107.886229757	107.923898451	107.961567144	107.999235838	108.036904532	108.074573226	-6.72514820831	-6.55559210755	-6.38603600679	-6.21647990603	-6.04692380526	-5.8773677045	-5.70781160374	-5.53825550298	-5.36869940221	-5.19914330145	0.218610271846	0.218610271846	0.218610271846	0.218610271846	0.218610271846	0.218610271846	0.218610271846	0.218610271846	0.218610271846	0.218610271846	
9.8	95.6468267099	95.7633067116	95.8797867133	95.9962667151	96.1127467168	96.2292267186	96.3457067203	96.462186722	96.5786667238	96.6951467255	1.37853050532e-06	1.5239554572e-06	1.87610899499e-06	2.32244295741e-06	3.01470287665e-06	3.74585720755e-06	4.72116142455e-06	5.66910837288e-06	6.9150138744e-06	8.11960146411e-06	1.24849716433e-06	3.02329612409e-06	3.8318505816e-06	5.94316542669e-06	6.27708035694e-06	8.37314734236e-06	8.13828068484e-06	1.069630394e-05	1.03415828616e-05	1.31202353614e-05	107.735554982	107.773223675	107.810892369	107.848561063	107.886229757	107.923898451	107.961567144	107.999235838	108.036904532	108.074573226	-6.72514820831	-6.55559210755	-6.38603600679	-6.21647990603	-6.04692380526	-5.8773677045	-5.70781160374	-5.53825550298	-5.36869940221	-5.19914330145	0.218610271846	0.218610271846	0.218610271846	0.218610271846	0.218610271846	0.218610271846	0.218610271846	0.218610271846	0.218610271846	0.218610271846	
9.81666666667	95.6468267099	95.7633067116	95.8797867133	95.9962667151	96.1127467168	96.2292267186	96.3457067203	96.462186722	96.5786667238	96.6951467255	1.37853050532e-06	1.5239554572e-06	1.87610899499e-06	2.32244295741e-06	3.01470287665e-06	3.74585720755e-06	4.72116142455e-06	5.66910837288e-06	6.9150138744e-06	8.11960146411e-06	1.24849716433e-06	3.02329612409e-06	3.8318505816e-06	5.94316542669e-06	6.27708035694e-06	8.37314734236e-06	8.13828068484e-06	1.069630394e-05	1.03415828616e-05	1.31202353614e-05	107.735554982	107.773223675	107.810892369	107.848561063	107.886229757	107.923898451	107.961567144	107.999235838	108.036904532	108.074573226	-6.72514820831	-6.55559210755	-6.38603600679	-6.21647990603	-6.04692380526	-5.8773677045	-5.70781160374	-5.53825550298	-5.36869940221	-5.19914330145	0.218610271846	0.218610271846	0.218610271846	0.218610271846	0.218610271846	0.218610271846	0.218610271846	0.218610271846	0.218610271846	0.218610271846	
9.83333333333	95.6468267099	95.7633067116	95.8797867133	95.9962667151	96.1127467168	96.2292267186	96.3457067203	96.462186722	96.5786667238	96.6951467255	1.37853050532e-06	1.5239554572e-06	1.87610899499e-06	2.32244295741e-06	3.01470287665e-06	3.74585720755e-06	4.72116142455e-06	5.66910837288e-06	6.9150138744e-06	8.11960146411e-06	1.24849716433e-06	3.02329612409e-06	3.8318505816e-06	5.94316542669e-06	6.27708035694e-06	8.37314734236e-06	8.13828068484e-06	1.069630394e-05	1.03415828616e-05	1.31202353614e-05	107.735554982	107.773223675	107.810892369	107.848561063	107.886229757	107.923898451	107.961567144	107.999235838	108.036904532	108.074573226	-6.72514820831	-6.55559210755	-6.38603600679	-6.21647990603	-6.04692380526	-5.8773677045	-5.70781160374	-5.53825550298	-5.36869940221	-5.19914330145	0.218610271846	0.218610271846	0.218610271846	0.218610271846	0.218610271846	0.218610271846	0.218610271846	0.218610271846	0.218610271846	0.218610271846	
9.85	95.6468267099	95.7633067116	95.8797867133	95.9962667151	96.1127467168	96.2292267186	96.3457067203	96.462186722	96.5786667238	96.6951467255	1.37853050532e-06	1.5239554572e-06	1.87610899499e-06	2.32244295741e-06	3.01470287665e-06	3.74585720755e-06	4.72116142455e-06	5.66910837288e-06	6.9150138744e-06	8.11960146411e-06	1.24849716433e-06	3.02329612409e-06	3.8318505816e-06	5.94316542669e-06	6.27708035694e-06	8.37314734236e-06	8.13828068484e-06	1.069630394e-05	1.03415828616e-05	1.31202353614e-05	107.735554982	107.773223675	107.810892369	107.848561063	107.886229757	107.923898451	107.961567144	107.999235838	108.036904532	108.074573226	-6.72514820831	-6.55559210755	-6.38603600679	-6.21647990603	-6.04692380526	-5.8773677045	-5.70781160374	-5.53825550298	-5.36869940221	-5.19914330145	0.218610271846	0.218610271846	0.218610271846	0.218610271846	0.218610271846	0.218610271846	0.218610271846	0.218610271846	0.218610271846	0.218610271846	
9.86666666667	95.6468267099	95.7633067116	95.8797867133	95.9962667151	96.1127467168	96.2292267186	96.3457067203	96.462186722	96.5786667238	96.6951467255	1.37853050532e-06	1.5239554572e-06	1.87610899499e-06	2.32244295741e-06	3.01470287665e-06	3.74585720755e-06	4.72116142455e-06	5.66910837288e-06	6.9150138744e-06	8.11960146411e-06	1.24849716433e-06	3.02329612409e-06	3.8318505816e-06	5.94316542669e-06	6.27708035694e-06	8.37314734236e-06	8.13828068484e-06	1.069630394e-05	1.03415828616e-05	1.31202353614e-05	107.735554982	107.773223675	107.810892369	107.848561063	107.886229757	107.923898451	107.961567144	107.999235838	108.036904532	108.074573226	-6.72514820831	-6.55559210755	-6.38603600679	-6.21647990603	-6.04692380526	-5.8773677045	-5.70781160374	-5.53825550298	-5.36869940221	-5.19914330145	0.218610271846	0.218610271846	0.218610271846	0.218610271846	0.218610271846	0.218610271846	0.218610271846	0.218610271846	0.218610271846	0.218610271846	
9.88333333333	95.6468267099	95.7633067116	95.8797867133	95.9962667151	96.1127467168	96.2292267186	96.3457067203	96.462186722	96.5786667238	96.6951467255	1.37853050532e-06	1.5239554572e-06	1.87610899499e-06	2.32244295741e-06	3.01470287665e-06	3.74585720755e-06	4.72116142455e-06	5.66910837288e-06	6.9150138744e-06	8.11960146411e-06	1.24849716433e-06	3.02329612409e-06	3.8318505816e-06	5.94316542669e-06	6.27708035694e-06	8.37314734236e-06	8.13828068484e-06	1.069630394e-05	1.03415828616e-05	1.31202353614e-05	107.735554982	107.773223675	107.810892369	107.848561063	107.886229757	107.923898451	107.961567144	107.999235838	108.036904532	108.074573226	-6.72514820831	-6.55559210755	-6.38603600679	-6.21647990603	-6.04692380526	-5.8773677045	-5.70781160374	-5.53825550298	-5.36869940221	-5.19914330145	0.218610271846	0.218610271846	0.218610271846	0.218610271846	0.218610271846	0.218610271846	0.218610271846	0.218610271846	0.218610271846	0.218610271846	
9.9	95.6468267099	95.7633067116	95.8797867133	95.9962667151	96.1127467168	96.2292267186	96.3457067203	96.462186722	96.5786667238	96.6951467255	1.37853050532e-06	1.5239554572e-06	1.87610899499e-06	2.32244295741e-06	3.01470287665e-06	3.74585720755e-06	4.72116142455e-06	5.66910837288e-06	6.9150138744e-06	8.11960146411e-06	1.24849716433e-06	3.02329612409e-06	3.8318505816e-06	5.94316542669e-06	6.27708035694e-06	8.37314734236e-06	8.13828068484e-06	1.069630394e-05	1.03415828616e-05	1.31202353614e-05	107.735554982	107.773223675	107.810892369	107.848561063	107.886229757	107.923898451	107.961567144	107.999235838	108.036904532	108.074573226	-6.72514820831	-6.55559210755	-6.38603600679	-6.21647990603	-6.04692380526	-5.8773677045	-5.70781160374	-5.53825550298	-5.36869940221	-5.19914330145	0.218610271846	0.218610271846	0.218610271846	0.218610271846	0.218610271846	0.218610271846	0.218610271846	0.218610271846	0.218610271846	0.218610271846	
9.91666666667	95.6468267099	95.7633067116	95.8797867133	95.9962667151	96.1127467168	96.2292267186	96.3457067203	96.462186722	96.5786667238	96.6951467255	1.37853050532e-06	1.5239554572e-06	1.87610899499e-06	2.32244295741e-06	3.01470287665e-06	3.74585720755e-06	4.72116142455e-06	5.66910837288e-06	6.9150138744e-06	8.11960146411e-06	1.24849716433e-06	3.02329612409e-06	3.8318505816e-06	5.94316542669e-06	6.27708035694e-06	8.37314734236e-06	8.13828068484e-06	1.069630394e-05	1.03415828616e-05	1.31202353614e-05	107.735554982	107.773223675	107.810892369	107.848561063	107.886229757	107.923898451	107.961567144	107.999235838	108.036904532	108.074573226	-6.72514820831	-6.55559210755	-6.38603600679	-6.21647990603	-6.04692380526	-5.8773677045	-5.70781160374	-5.53825550298	-5.36869940221	-5.19914330145	0.218610271846	0.218610271846	0.218610271846	0.218610271846	0.218610271846	0.218610271846	0.218610271846	0.218610271846	0.218610271846	0.218610271846	
9.93333333333	95.6468267099	95.7633067116	95.8797867133	95.9962667151	96.1127467168	96.2292267186	96.3457067203	96.462186722	96.5786667238	96.6951467255	1.37853050532e-06	1.5239554572e-06	1.87610899499e-06	2.32244295741e-06	3.01470287665e-06	3.74585720755e-06	4.72116142455e-06	5.66910837288e-06	6.9150138744e-06	8.11960146411e-06	1.24849716433e-06	3.02329612409e-06	3.8318505816e-06	5.94316542669e-06	6.27708035694e-06	8.37314734236e-06	8.13828068484e-06	1.069630394e-05	1.03415828616e-05	1.31202353614e-05	107.735554982	107.773223675	107.810892369	107.848561063	107.886229757	107.923898451	107.961567144	107.999235838	108.036904532	108.074573226	-6.72514820831	-6.55559210755	-6.38603600679	-6.21647990603	-6.04692380526	-5.8773677045	-5.70781160374	-5.53825550298	-5.36869940221	-5.19914330145	0.218610271846	0.218610271846	0.218610271846	0.218610271846	0.218610271846	0.218610271846	0.218610271846	0.218610271846	0.218610271846	0.218610271846	
9.95	95.6468267099	95.7633067116	95.8797867133	95.9962667151	96.1127467168	96.2292267186	96.3457067203	96.462186722	96.5786667238	96.6951467255	1.37853050532e-06	1.5239554572e-06	1.87610899499e-06	2.32244295741e-06	3.01470287665e-06	3.74585720755e-06	4.72116142455e-06	5.66910837288e-06	6.9150138744e-06	8.11960146411e-06	1.24849716433e-06	3.02329612409e-06	3.8318505816e-06	5.94316542669e-06	6.27708035694e-06	8.37314734236e-06	8.13828068484e-06	1.069630394e-05	1.03415828616e-05	1.31202353614e-05	107.735554982	107.773223675	107.810892369	107.848561063	107.886229757	107.923898451	107.961567144	107.999235838	108.036904532	108.074573226	-6.72514820831	-6.55559210755	-6.38603600679	-6.21647990603	-6.04692380526	-5.8773677045	-5.70781160374	-5.53825550298	-5.36869940221	-5.19914330145	0.218610271846	0.218610271846	0.218610271846	0.218610271846	0.218610271846	0.218610271846	0.218610271846	0.218610271846	0.218610271846	0.218610271846	
9.96666666667	95.6468267099	95.7633067116	95.8797867133	95.9962667151	96.1127467168	96.2292267186	96.3457067203	96.462186722	96.5786667238	96.6951467255	1.37853050532e-06	1.5239554572e-06	1.87610899499e-06	2.32244295741e-06	3.01470287665e-06	3.74585720755e-06	4.72116142455e-06	5.66910837288e-06	6.9150138744e-06	8.11960146411e-06	1.24849716433e-06	3.02329612409e-06	3.8318505816e-06	5.94316542669e-06	6.27708035694e-06	8.37314734236e-06	8.13828068484e-06	1.069630394e-05	1.03415828616e-05	1.31202353614e-05	107.735554982	107.773223675	107.810892369	107.848561063	107.886229757	107.923898451	107.961567144	107.999235838	108.036904532	108.074573226	-6.72514820831	-6.55559210755	-6.38603600679	-6.21647990603	-6.04692380526	-5.8773677045	-5.70781160374	-5.53825550298	-5.36869940221	-5.19914330145	0.218610271846	0.218610271846	0.218610271846	0.218610271846	0.218610271846	0.218610271846	0.218610271846	0.218610271846	0.218610271846	0.218610271846	
9.98333333333	95.6468267099	95.7633067116	95.8797867133	95.9962667151	96.1127467168	96.2292267186	96.3457067203	96.462186722	96.5786667238	96.6951467255	1.37853050532e-06	1.5239554572e-06	1.87610899499e-06	2.32244295741e-06	3.01470287665e-06	3.74585720755e-06	4.72116142455e-06	5.66910837288e-06	6.9150138744e-06	8.11960146411e-06	1.24849716433e-06	3.02329612409e-06	3.8318505816e-06	5.94316542669e-06	6.27708035694e-06	8.37314734236e-06	8.13828068484e-06	1.069630394e-05	1.03415828616e-05	1.31202353614e-05	107.735554982	107.773223675	107.810892369	107.848561063	107.886229757	107.923898451	107.961567144	107.999235838	108.036904532	108.074573226	-6.72514820831	-6.55559210755	-6.38603600679	-6.21647990603	-6.04692380526	-5.8773677045	-5.70781160374	-5.53825550298	-5.36869940221	-5.19914330145	0.218610271846	0.218610271846	0.218610271846	0.218610271846	0.218610271846	0.218610271846	0.218610271846	0.218610271846	0.218610271846	0.218610271846	
