0.0166666666667	0.0	0.0	0.0	0.0	0.0	0.0	0.0	0.0	0.0	0.0	0.0	0.0	0.0	0.0	0.0	0.0	0.0	0.0	0.0	0.0	0.0	0.0	0.0	0.0	0.0	0.0	0.0	0.0	0.0	0.0	0.0	0.0	0.0	0.0	0.0	0.0	0.0	0.0	0.0	0.0	0.0	0.0	0.0	0.0	0.0	0.0	0.0	0.0	0.0	0.0	0.0	0.0	0.0	0.0	0.0	0.0	0.0	0.0	0.0	0.0	
0.0333333333333	0.0	0.0	0.0	0.0	0.0	0.0	0.0	0.0	0.0	0.0	0.0	0.0	0.0	0.0	0.0	0.0	0.0	0.0	0.0	0.0	0.0	0.0	0.0	0.0	0.0	0.0	0.0	0.0	0.0	0.0	0.0	0.0	0.0	0.0	0.0	0.0	0.0	0.0	0.0	0.0	0.0	0.0	0.0	0.0	0.0	0.0	0.0	0.0	0.0	0.0	0.0	0.0	0.0	0.0	0.0	0.0	0.0	0.0	0.0	0.0	
0.05	0.0	0.0	0.0	0.0	0.0	0.0	0.0	0.0	0.0	0.0	0.0	0.0	0.0	0.0	0.0	0.0	0.0	0.0	0.0	0.0	0.0	0.0	0.0	0.0	0.0	0.0	0.0	0.0	0.0	0.0	0.0	0.0	0.0	0.0	0.0	0.0	0.0	0.0	0.0	0.0	0.0	0.0	0.0	0.0	0.0	0.0	0.0	0.0	0.0	0.0	0.0	0.0	0.0	0.0	0.0	0.0	0.0	0.0	0.0	0.0	
0.0666666666667	0.0	0.0	0.0	0.0	0.0	0.0	0.0	0.0	0.0	0.0	0.0	0.0	0.0	0.0	0.0	0.0	0.0	0.0	0.0	0.0	0.0	0.0	0.0	0.0	0.0	0.0	0.0	0.0	0.0	0.0	0.0	0.0	0.0	0.0	0.0	0.0	0.0	0.0	0.0	0.0	0.0	0.0	0.0	0.0	0.0	0.0	0.0	0.0	0.0	0.0	0.0	0.0	0.0	0.0	0.0	0.0	0.0	0.0	0.0	0.0	
0.0833333333333	0.0	0.0	0.0	0.0	0.0	0.0	0.0	0.0	0.0	0.0	0.0	0.0	0.0	0.0	0.0	0.0	0.0	0.0	0.0	0.0	0.0	0.0	0.0	0.0	0.0	0.0	0.0	0.0	0.0	0.0	0.0	0.0	0.0	0.0	0.0	0.0	0.0	0.0	0.0	0.0	0.0	0.0	0.0	0.0	0.0	0.0	0.0	0.0	0.0	0.0	0.0	0.0	0.0	0.0	0.0	0.0	0.0	0.0	0.0	0.0	
0.1	0.0	0.0	0.0	0.0	0.0	0.0	0.0	0.0	0.0	0.0	0.0	0.0	0.0	0.0	0.0	0.0	0.0	0.0	0.0	0.0	0.0	0.0	0.0	0.0	0.0	0.0	0.0	0.0	0.0	0.0	0.0	0.0	0.0	0.0	0.0	0.0	0.0	0.0	0.0	0.0	0.0	0.0	0.0	0.0	0.0	0.0	0.0	0.0	0.0	0.0	0.0	0.0	0.0	0.0	0.0	0.0	0.0	0.0	0.0	0.0	
0.116666666667	0.0	0.0	0.0	0.0	0.0	0.0	0.0	0.0	0.0	0.0	0.0	0.0	0.0	0.0	0.0	0.0	0.0	0.0	0.0	0.0	0.0	0.0	0.0	0.0	0.0	0.0	0.0	0.0	0.0	0.0	0.0	0.0	0.0	0.0	0.0	0.0	0.0	0.0	0.0	0.0	0.0	0.0	0.0	0.0	0.0	0.0	0.0	0.0	0.0	0.0	0.0	0.0	0.0	0.0	0.0	0.0	0.0	0.0	0.0	0.0	
0.133333333333	0.0	0.0	0.0	0.0	0.0	0.0	0.0	0.0	0.0	0.0	0.0	0.0	0.0	0.0	0.0	0.0	0.0	0.0	0.0	0.0	0.0	0.0	0.0	0.0	0.0	0.0	0.0	0.0	0.0	0.0	0.0	0.0	0.0	0.0	0.0	0.0	0.0	0.0	0.0	0.0	0.0	0.0	0.0	0.0	0.0	0.0	0.0	0.0	0.0	0.0	0.0	0.0	0.0	0.0	0.0	0.0	0.0	0.0	0.0	0.0	
0.15	0.0	0.0	0.0	0.0	0.0	0.0	0.0	0.0	0.0	0.0	0.0	0.0	0.0	0.0	0.0	0.0	0.0	0.0	0.0	0.0	0.0	0.0	0.0	0.0	0.0	0.0	0.0	0.0	0.0	0.0	0.0	0.0	0.0	0.0	0.0	0.0	0.0	0.0	0.0	0.0	0.0	0.0	0.0	0.0	0.0	0.0	0.0	0.0	0.0	0.0	0.0	0.0	0.0	0.0	0.0	0.0	0.0	0.0	0.0	0.0	
0.166666666667	0.0	0.0	0.0	0.0	0.0	0.0	0.0	0.0	0.0	0.0	0.0	0.0	0.0	0.0	0.0	0.0	0.0	0.0	0.0	0.0	0.0	0.0	0.0	0.0	0.0	0.0	0.0	0.0	0.0	0.0	0.0	0.0	0.0	0.0	0.0	0.0	0.0	0.0	0.0	0.0	0.0	0.0	0.0	0.0	0.0	0.0	0.0	0.0	0.0	0.0	0.0	0.0	0.0	0.0	0.0	0.0	0.0	0.0	0.0	0.0	
0.183333333333	0.0	0.0	0.0	0.0	0.0	0.0	0.0	0.0	0.0	0.0	0.0	0.0	0.0	0.0	0.0	0.0	0.0	0.0	0.0	0.0	0.0	0.0	0.0	0.0	0.0	0.0	0.0	0.0	0.0	0.0	0.0	0.0	0.0	0.0	0.0	0.0	0.0	0.0	0.0	0.0	0.0	0.0	0.0	0.0	0.0	0.0	0.0	0.0	0.0	0.0	0.0	0.0	0.0	0.0	0.0	0.0	0.0	0.0	0.0	0.0	
0.2	0.0	0.0	0.0	0.0	0.0	0.0	0.0	0.0	0.0	0.0	0.0	0.0	0.0	0.0	0.0	0.0	0.0	0.0	0.0	0.0	0.0	0.0	0.0	0.0	0.0	0.0	0.0	0.0	0.0	0.0	0.0	0.0	0.0	0.0	0.0	0.0	0.0	0.0	0.0	0.0	0.0	0.0	0.0	0.0	0.0	0.0	0.0	0.0	0.0	0.0	0.0	0.0	0.0	0.0	0.0	0.0	0.0	0.0	0.0	0.0	
0.216666666667	0.0	0.0	0.0	0.0	0.0	0.0	0.0	0.0	0.0	0.0	0.0	0.0	0.0	0.0	0.0	0.0	0.0	0.0	0.0	0.0	0.0	0.0	0.0	0.0	0.0	0.0	0.0	0.0	0.0	0.0	0.0	0.0	0.0	0.0	0.0	0.0	0.0	0.0	0.0	0.0	0.0	0.0	0.0	0.0	0.0	0.0	0.0	0.0	0.0	0.0	0.0	0.0	0.0	0.0	0.0	0.0	0.0	0.0	0.0	0.0	
0.233333333333	0.0	0.0	0.0	0.0	0.0	0.0	0.0	0.0	0.0	0.0	0.0	0.0	0.0	0.0	0.0	0.0	0.0	0.0	0.0	0.0	0.0	0.0	0.0	0.0	0.0	0.0	0.0	0.0	0.0	0.0	0.0	0.0	0.0	0.0	0.0	0.0	0.0	0.0	0.0	0.0	0.0	0.0	0.0	0.0	0.0	0.0	0.0	0.0	0.0	0.0	0.0	0.0	0.0	0.0	0.0	0.0	0.0	0.0	0.0	0.0	
0.25	0.0	0.0	0.0	0.0	0.0	0.0	0.0	0.0	0.0	0.0	0.0	0.0	0.0	0.0	0.0	0.0	0.0	0.0	0.0	0.0	0.0	0.0	0.0	0.0	0.0	0.0	0.0	0.0	0.0	0.0	0.0	0.0	0.0	0.0	0.0	0.0	0.0	0.0	0.0	0.0	0.0	0.0	0.0	0.0	0.0	0.0	0.0	0.0	0.0	0.0	0.0	0.0	0.0	0.0	0.0	0.0	0.0	0.0	0.0	0.0	
0.266666666667	0.0	0.0	0.0	0.0	0.0	0.0	0.0	0.0	0.0	0.0	0.0	0.0	0.0	0.0	0.0	0.0	0.0	0.0	0.0	0.0	0.0	0.0	0.0	0.0	0.0	0.0	0.0	0.0	0.0	0.0	0.0	0.0	0.0	0.0	0.0	0.0	0.0	0.0	0.0	0.0	0.0	0.0	0.0	0.0	0.0	0.0	0.0	0.0	0.0	0.0	0.0	0.0	0.0	0.0	0.0	0.0	0.0	0.0	0.0	0.0	
0.283333333333	0.0	0.0	0.0	0.0	0.0	0.0	0.0	0.0	0.0	0.0	0.0	0.0	0.0	0.0	0.0	0.0	0.0	0.0	0.0	0.0	0.0	0.0	0.0	0.0	0.0	0.0	0.0	0.0	0.0	0.0	0.0	0.0	0.0	0.0	0.0	0.0	0.0	0.0	0.0	0.0	0.0	0.0	0.0	0.0	0.0	0.0	0.0	0.0	0.0	0.0	0.0	0.0	0.0	0.0	0.0	0.0	0.0	0.0	0.0	0.0	
0.3	0.0	0.0	0.0	0.0	0.0	0.0	0.0	0.0	0.0	0.0	0.0	0.0	0.0	0.0	0.0	0.0	0.0	0.0	0.0	0.0	0.0	0.0	0.0	0.0	0.0	0.0	0.0	0.0	0.0	0.0	0.0	0.0	0.0	0.0	0.0	0.0	0.0	0.0	0.0	0.0	0.0	0.0	0.0	0.0	0.0	0.0	0.0	0.0	0.0	0.0	0.0	0.0	0.0	0.0	0.0	0.0	0.0	0.0	0.0	0.0	
0.316666666667	0.0	0.0	0.0	0.0	0.0	0.0	0.0	0.0	0.0	0.0	0.0	0.0	0.0	0.0	0.0	0.0	0.0	0.0	0.0	0.0	0.0	0.0	0.0	0.0	0.0	0.0	0.0	0.0	0.0	0.0	0.0	0.0	0.0	0.0	0.0	0.0	0.0	0.0	0.0	0.0	0.0	0.0	0.0	0.0	0.0	0.0	0.0	0.0	0.0	0.0	0.0	0.0	0.0	0.0	0.0	0.0	0.0	0.0	0.0	0.0	
0.333333333333	0.0	0.0	0.0	0.0	0.0	0.0	0.0	0.0	0.0	0.0	0.0	0.0	0.0	0.0	0.0	0.0	0.0	0.0	0.0	0.0	0.0	0.0	0.0	0.0	0.0	0.0	0.0	0.0	0.0	0.0	0.0	0.0	0.0	0.0	0.0	0.0	0.0	0.0	0.0	0.0	0.0	0.0	0.0	0.0	0.0	0.0	0.0	0.0	0.0	0.0	0.0	0.0	0.0	0.0	0.0	0.0	0.0	0.0	0.0	0.0	
0.35	0.0	0.0	0.0	0.0	0.0	0.0	0.0	0.0	0.0	0.0	0.0	0.0	0.0	0.0	0.0	0.0	0.0	0.0	0.0	0.0	0.0	0.0	0.0	0.0	0.0	0.0	0.0	0.0	0.0	0.0	0.0	0.0	0.0	0.0	0.0	0.0	0.0	0.0	0.0	0.0	0.0	0.0	0.0	0.0	0.0	0.0	0.0	0.0	0.0	0.0	0.0	0.0	0.0	0.0	0.0	0.0	0.0	0.0	0.0	0.0	
0.366666666667	0.0	0.0	0.0	0.0	0.0	0.0	0.0	0.0	0.0	0.0	0.0	0.0	0.0	0.0	0.0	0.0	0.0	0.0	0.0	0.0	0.0	0.0	0.0	0.0	0.0	0.0	0.0	0.0	0.0	0.0	0.0	0.0	0.0	0.0	0.0	0.0	0.0	0.0	0.0	0.0	0.0	0.0	0.0	0.0	0.0	0.0	0.0	0.0	0.0	0.0	0.0	0.0	0.0	0.0	0.0	0.0	0.0	0.0	0.0	0.0	
0.383333333333	0.0	0.0	0.0	0.0	0.0	0.0	0.0	0.0	0.0	0.0	0.0	0.0	0.0	0.0	0.0	0.0	0.0	0.0	0.0	0.0	0.0	0.0	0.0	0.0	0.0	0.0	0.0	0.0	0.0	0.0	0.0	0.0	0.0	0.0	0.0	0.0	0.0	0.0	0.0	0.0	0.0	0.0	0.0	0.0	0.0	0.0	0.0	0.0	0.0	0.0	0.0	0.0	0.0	0.0	0.0	0.0	0.0	0.0	0.0	0.0	
0.4	0.0	0.0	0.0	0.0	0.0	0.0	0.0	0.0	0.0	0.0	0.0	0.0	0.0	0.0	0.0	0.0	0.0	0.0	0.0	0.0	0.0	0.0	0.0	0.0	0.0	0.0	0.0	0.0	0.0	0.0	0.0	0.0	0.0	0.0	0.0	0.0	0.0	0.0	0.0	0.0	0.0	0.0	0.0	0.0	0.0	0.0	0.0	0.0	0.0	0.0	0.0	0.0	0.0	0.0	0.0	0.0	0.0	0.0	0.0	0.0	
0.416666666667	0.0	0.0	0.0	0.0	0.0	0.0	0.0	0.0	0.0	0.0	0.0	0.0	0.0	0.0	0.0	0.0	0.0	0.0	0.0	0.0	0.0	0.0	0.0	0.0	0.0	0.0	0.0	0.0	0.0	0.0	0.0	0.0	0.0	0.0	0.0	0.0	0.0	0.0	0.0	0.0	0.0	0.0	0.0	0.0	0.0	0.0	0.0	0.0	0.0	0.0	0.0	0.0	0.0	0.0	0.0	0.0	0.0	0.0	0.0	0.0	
0.433333333333	0.0	0.0	0.0	0.0	0.0	0.0	0.0	0.0	0.0	0.0	0.0	0.0	0.0	0.0	0.0	0.0	0.0	0.0	0.0	0.0	0.0	0.0	0.0	0.0	0.0	0.0	0.0	0.0	0.0	0.0	0.0	0.0	0.0	0.0	0.0	0.0	0.0	0.0	0.0	0.0	0.0	0.0	0.0	0.0	0.0	0.0	0.0	0.0	0.0	0.0	0.0	0.0	0.0	0.0	0.0	0.0	0.0	0.0	0.0	0.0	
0.45	0.0	0.0	0.0	0.0	0.0	0.0	0.0	0.0	0.0	0.0	0.0	0.0	0.0	0.0	0.0	0.0	0.0	0.0	0.0	0.0	0.0	0.0	0.0	0.0	0.0	0.0	0.0	0.0	0.0	0.0	0.0	0.0	0.0	0.0	0.0	0.0	0.0	0.0	0.0	0.0	0.0	0.0	0.0	0.0	0.0	0.0	0.0	0.0	0.0	0.0	0.0	0.0	0.0	0.0	0.0	0.0	0.0	0.0	0.0	0.0	
0.466666666667	0.0	0.0	0.0	0.0	0.0	0.0	0.0	0.0	0.0	0.0	0.0	0.0	0.0	0.0	0.0	0.0	0.0	0.0	0.0	0.0	0.0	0.0	0.0	0.0	0.0	0.0	0.0	0.0	0.0	0.0	0.0	0.0	0.0	0.0	0.0	0.0	0.0	0.0	0.0	0.0	0.0	0.0	0.0	0.0	0.0	0.0	0.0	0.0	0.0	0.0	0.0	0.0	0.0	0.0	0.0	0.0	0.0	0.0	0.0	0.0	
0.483333333333	0.0	0.0	0.0	0.0	0.0	0.0	0.0	0.0	0.0	0.0	0.0	0.0	0.0	0.0	0.0	0.0	0.0	0.0	0.0	0.0	0.0	0.0	0.0	0.0	0.0	0.0	0.0	0.0	0.0	0.0	0.0	0.0	0.0	0.0	0.0	0.0	0.0	0.0	0.0	0.0	0.0	0.0	0.0	0.0	0.0	0.0	0.0	0.0	0.0	0.0	0.0	0.0	0.0	0.0	0.0	0.0	0.0	0.0	0.0	0.0	
0.5	0.0	0.0	0.0	0.0	0.0	0.0	0.0	0.0	0.0	0.0	0.0	0.0	0.0	0.0	0.0	0.0	0.0	0.0	0.0	0.0	0.0	0.0	0.0	0.0	0.0	0.0	0.0	0.0	0.0	0.0	0.0	0.0	0.0	0.0	0.0	0.0	0.0	0.0	0.0	0.0	0.0	0.0	0.0	0.0	0.0	0.0	0.0	0.0	0.0	0.0	0.0	0.0	0.0	0.0	0.0	0.0	0.0	0.0	0.0	0.0	
0.516666666667	0.0	0.0	0.0	0.0	0.0	0.0	0.0	0.0	0.0	0.0	0.0	0.0	0.0	0.0	0.0	0.0	0.0	0.0	0.0	0.0	0.0	0.0	0.0	0.0	0.0	0.0	0.0	0.0	0.0	0.0	0.0	0.0	0.0	0.0	0.0	0.0	0.0	0.0	0.0	0.0	0.0	0.0	0.0	0.0	0.0	0.0	0.0	0.0	0.0	0.0	0.0	0.0	0.0	0.0	0.0	0.0	0.0	0.0	0.0	0.0	
0.533333333333	0.0	0.0	0.0	0.0	0.0	0.0	0.0	0.0	0.0	0.0	0.0	0.0	0.0	0.0	0.0	0.0	0.0	0.0	0.0	0.0	0.0	0.0	0.0	0.0	0.0	0.0	0.0	0.0	0.0	0.0	0.0	0.0	0.0	0.0	0.0	0.0	0.0	0.0	0.0	0.0	0.0	0.0	0.0	0.0	0.0	0.0	0.0	0.0	0.0	0.0	0.0	0.0	0.0	0.0	0.0	0.0	0.0	0.0	0.0	0.0	
0.55	0.0	0.0	0.0	0.0	0.0	0.0	0.0	0.0	0.0	0.0	0.0	0.0	0.0	0.0	0.0	0.0	0.0	0.0	0.0	0.0	0.0	0.0	0.0	0.0	0.0	0.0	0.0	0.0	0.0	0.0	0.0	0.0	0.0	0.0	0.0	0.0	0.0	0.0	0.0	0.0	0.0	0.0	0.0	0.0	0.0	0.0	0.0	0.0	0.0	0.0	0.0	0.0	0.0	0.0	0.0	0.0	0.0	0.0	0.0	0.0	
0.566666666667	0.0	0.0	0.0	0.0	0.0	0.0	0.0	0.0	0.0	0.0	0.0	0.0	0.0	0.0	0.0	0.0	0.0	0.0	0.0	0.0	0.0	0.0	0.0	0.0	0.0	0.0	0.0	0.0	0.0	0.0	0.0	0.0	0.0	0.0	0.0	0.0	0.0	0.0	0.0	0.0	0.0	0.0	0.0	0.0	0.0	0.0	0.0	0.0	0.0	0.0	0.0	0.0	0.0	0.0	0.0	0.0	0.0	0.0	0.0	0.0	
0.583333333333	0.0	0.0	0.0	0.0	0.0	0.0	0.0	0.0	0.0	0.0	0.0	0.0	0.0	0.0	0.0	0.0	0.0	0.0	0.0	0.0	0.0	0.0	0.0	0.0	0.0	0.0	0.0	0.0	0.0	0.0	0.0	0.0	0.0	0.0	0.0	0.0	0.0	0.0	0.0	0.0	0.0	0.0	0.0	0.0	0.0	0.0	0.0	0.0	0.0	0.0	0.0	0.0	0.0	0.0	0.0	0.0	0.0	0.0	0.0	0.0	
0.6	0.0	0.0	0.0	0.0	0.0	0.0	0.0	0.0	0.0	0.0	0.0	0.0	0.0	0.0	0.0	0.0	0.0	0.0	0.0	0.0	0.0	0.0	0.0	0.0	0.0	0.0	0.0	0.0	0.0	0.0	0.0	0.0	0.0	0.0	0.0	0.0	0.0	0.0	0.0	0.0	0.0	0.0	0.0	0.0	0.0	0.0	0.0	0.0	0.0	0.0	0.0	0.0	0.0	0.0	0.0	0.0	0.0	0.0	0.0	0.0	
0.616666666667	0.0	0.0	0.0	0.0	0.0	0.0	0.0	0.0	0.0	0.0	0.0	0.0	0.0	0.0	0.0	0.0	0.0	0.0	0.0	0.0	0.0	0.0	0.0	0.0	0.0	0.0	0.0	0.0	0.0	0.0	0.0	0.0	0.0	0.0	0.0	0.0	0.0	0.0	0.0	0.0	0.0	0.0	0.0	0.0	0.0	0.0	0.0	0.0	0.0	0.0	0.0	0.0	0.0	0.0	0.0	0.0	0.0	0.0	0.0	0.0	
0.633333333333	0.0	0.0	0.0	0.0	0.0	0.0	0.0	0.0	0.0	0.0	0.0	0.0	0.0	0.0	0.0	0.0	0.0	0.0	0.0	0.0	0.0	0.0	0.0	0.0	0.0	0.0	0.0	0.0	0.0	0.0	0.0	0.0	0.0	0.0	0.0	0.0	0.0	0.0	0.0	0.0	0.0	0.0	0.0	0.0	0.0	0.0	0.0	0.0	0.0	0.0	0.0	0.0	0.0	0.0	0.0	0.0	0.0	0.0	0.0	0.0	
0.65	0.0	0.0	0.0	0.0	0.0	0.0	0.0	0.0	0.0	0.0	0.0	0.0	0.0	0.0	0.0	0.0	0.0	0.0	0.0	0.0	0.0	0.0	0.0	0.0	0.0	0.0	0.0	0.0	0.0	0.0	0.0	0.0	0.0	0.0	0.0	0.0	0.0	0.0	0.0	0.0	0.0	0.0	0.0	0.0	0.0	0.0	0.0	0.0	0.0	0.0	0.0	0.0	0.0	0.0	0.0	0.0	0.0	0.0	0.0	0.0	
0.666666666667	0.0	0.0	0.0	0.0	0.0	0.0	0.0	0.0	0.0	0.0	0.0	0.0	0.0	0.0	0.0	0.0	0.0	0.0	0.0	0.0	0.0	0.0	0.0	0.0	0.0	0.0	0.0	0.0	0.0	0.0	0.0	0.0	0.0	0.0	0.0	0.0	0.0	0.0	0.0	0.0	0.0	0.0	0.0	0.0	0.0	0.0	0.0	0.0	0.0	0.0	0.0	0.0	0.0	0.0	0.0	0.0	0.0	0.0	0.0	0.0	
0.683333333333	0.0	0.0	0.0	0.0	0.0	0.0	0.0	0.0	0.0	0.0	0.0	0.0	0.0	0.0	0.0	0.0	0.0	0.0	0.0	0.0	0.0	0.0	0.0	0.0	0.0	0.0	0.0	0.0	0.0	0.0	0.0	0.0	0.0	0.0	0.0	0.0	0.0	0.0	0.0	0.0	0.0	0.0	0.0	0.0	0.0	0.0	0.0	0.0	0.0	0.0	0.0	0.0	0.0	0.0	0.0	0.0	0.0	0.0	0.0	0.0	
0.7	0.0	0.0	0.0	0.0	0.0	0.0	0.0	0.0	0.0	0.0	0.0	0.0	0.0	0.0	0.0	0.0	0.0	0.0	0.0	0.0	0.0	0.0	0.0	0.0	0.0	0.0	0.0	0.0	0.0	0.0	0.0	0.0	0.0	0.0	0.0	0.0	0.0	0.0	0.0	0.0	0.0	0.0	0.0	0.0	0.0	0.0	0.0	0.0	0.0	0.0	0.0	0.0	0.0	0.0	0.0	0.0	0.0	0.0	0.0	0.0	
0.716666666667	0.0	0.0	0.0	0.0	0.0	0.0	0.0	0.0	0.0	0.0	0.0	0.0	0.0	0.0	0.0	0.0	0.0	0.0	0.0	0.0	0.0	0.0	0.0	0.0	0.0	0.0	0.0	0.0	0.0	0.0	0.0	0.0	0.0	0.0	0.0	0.0	0.0	0.0	0.0	0.0	0.0	0.0	0.0	0.0	0.0	0.0	0.0	0.0	0.0	0.0	0.0	0.0	0.0	0.0	0.0	0.0	0.0	0.0	0.0	0.0	
0.733333333333	0.0	0.0	0.0	0.0	0.0	0.0	0.0	0.0	0.0	0.0	0.0	0.0	0.0	0.0	0.0	0.0	0.0	0.0	0.0	0.0	0.0	0.0	0.0	0.0	0.0	0.0	0.0	0.0	0.0	0.0	0.0	0.0	0.0	0.0	0.0	0.0	0.0	0.0	0.0	0.0	0.0	0.0	0.0	0.0	0.0	0.0	0.0	0.0	0.0	0.0	0.0	0.0	0.0	0.0	0.0	0.0	0.0	0.0	0.0	0.0	
0.75	0.0	0.0	0.0	0.0	0.0	0.0	0.0	0.0	0.0	0.0	0.0	0.0	0.0	0.0	0.0	0.0	0.0	0.0	0.0	0.0	0.0	0.0	0.0	0.0	0.0	0.0	0.0	0.0	0.0	0.0	0.0	0.0	0.0	0.0	0.0	0.0	0.0	0.0	0.0	0.0	0.0	0.0	0.0	0.0	0.0	0.0	0.0	0.0	0.0	0.0	0.0	0.0	0.0	0.0	0.0	0.0	0.0	0.0	0.0	0.0	
0.766666666667	0.0	0.0	0.0	0.0	0.0	0.0	0.0	0.0	0.0	0.0	0.0	0.0	0.0	0.0	0.0	0.0	0.0	0.0	0.0	0.0	0.0	0.0	0.0	0.0	0.0	0.0	0.0	0.0	0.0	0.0	0.0	0.0	0.0	0.0	0.0	0.0	0.0	0.0	0.0	0.0	0.0	0.0	0.0	0.0	0.0	0.0	0.0	0.0	0.0	0.0	0.0	0.0	0.0	0.0	0.0	0.0	0.0	0.0	0.0	0.0	
0.783333333333	0.0	0.0	0.0	0.0	0.0	0.0	0.0	0.0	0.0	0.0	0.0	0.0	0.0	0.0	0.0	0.0	0.0	0.0	0.0	0.0	0.0	0.0	0.0	0.0	0.0	0.0	0.0	0.0	0.0	0.0	0.0	0.0	0.0	0.0	0.0	0.0	0.0	0.0	0.0	0.0	0.0	0.0	0.0	0.0	0.0	0.0	0.0	0.0	0.0	0.0	0.0	0.0	0.0	0.0	0.0	0.0	0.0	0.0	0.0	0.0	
0.8	0.0	0.0	0.0	0.0	0.0	0.0	0.0	0.0	0.0	0.0	0.0	0.0	0.0	0.0	0.0	0.0	0.0	0.0	0.0	0.0	0.0	0.0	0.0	0.0	0.0	0.0	0.0	0.0	0.0	0.0	0.0	0.0	0.0	0.0	0.0	0.0	0.0	0.0	0.0	0.0	0.0	0.0	0.0	0.0	0.0	0.0	0.0	0.0	0.0	0.0	0.0	0.0	0.0	0.0	0.0	0.0	0.0	0.0	0.0	0.0	
0.816666666667	0.0	0.0	0.0	0.0	0.0	0.0	0.0	0.0	0.0	0.0	0.0	0.0	0.0	0.0	0.0	0.0	0.0	0.0	0.0	0.0	0.0	0.0	0.0	0.0	0.0	0.0	0.0	0.0	0.0	0.0	0.0	0.0	0.0	0.0	0.0	0.0	0.0	0.0	0.0	0.0	0.0	0.0	0.0	0.0	0.0	0.0	0.0	0.0	0.0	0.0	0.0	0.0	0.0	0.0	0.0	0.0	0.0	0.0	0.0	0.0	
0.833333333333	0.0	0.0	0.0	0.0	0.0	0.0	0.0	0.0	0.0	0.0	0.0	0.0	0.0	0.0	0.0	0.0	0.0	0.0	0.0	0.0	0.0	0.0	0.0	0.0	0.0	0.0	0.0	0.0	0.0	0.0	0.0	0.0	0.0	0.0	0.0	0.0	0.0	0.0	0.0	0.0	0.0	0.0	0.0	0.0	0.0	0.0	0.0	0.0	0.0	0.0	0.0	0.0	0.0	0.0	0.0	0.0	0.0	0.0	0.0	0.0	
0.85	0.0	0.0	0.0	0.0	0.0	0.0	0.0	0.0	0.0	0.0	0.0	0.0	0.0	0.0	0.0	0.0	0.0	0.0	0.0	0.0	0.0	0.0	0.0	0.0	0.0	0.0	0.0	0.0	0.0	0.0	0.0	0.0	0.0	0.0	0.0	0.0	0.0	0.0	0.0	0.0	0.0	0.0	0.0	0.0	0.0	0.0	0.0	0.0	0.0	0.0	0.0	0.0	0.0	0.0	0.0	0.0	0.0	0.0	0.0	0.0	
0.866666666667	0.0	0.0	0.0	0.0	0.0	0.0	0.0	0.0	0.0	0.0	0.0	0.0	0.0	0.0	0.0	0.0	0.0	0.0	0.0	0.0	0.0	0.0	0.0	0.0	0.0	0.0	0.0	0.0	0.0	0.0	0.0	0.0	0.0	0.0	0.0	0.0	0.0	0.0	0.0	0.0	0.0	0.0	0.0	0.0	0.0	0.0	0.0	0.0	0.0	0.0	0.0	0.0	0.0	0.0	0.0	0.0	0.0	0.0	0.0	0.0	
0.883333333333	0.0	0.0	0.0	0.0	0.0	0.0	0.0	0.0	0.0	0.0	0.0	0.0	0.0	0.0	0.0	0.0	0.0	0.0	0.0	0.0	0.0	0.0	0.0	0.0	0.0	0.0	0.0	0.0	0.0	0.0	0.0	0.0	0.0	0.0	0.0	0.0	0.0	0.0	0.0	0.0	0.0	0.0	0.0	0.0	0.0	0.0	0.0	0.0	0.0	0.0	0.0	0.0	0.0	0.0	0.0	0.0	0.0	0.0	0.0	0.0	
0.9	0.0	0.0	0.0	0.0	0.0	0.0	0.0	0.0	0.0	0.0	0.0	0.0	0.0	0.0	0.0	0.0	0.0	0.0	0.0	0.0	0.0	0.0	0.0	0.0	0.0	0.0	0.0	0.0	0.0	0.0	0.0	0.0	0.0	0.0	0.0	0.0	0.0	0.0	0.0	0.0	0.0	0.0	0.0	0.0	0.0	0.0	0.0	0.0	0.0	0.0	0.0	0.0	0.0	0.0	0.0	0.0	0.0	0.0	0.0	0.0	
0.916666666667	0.0	0.0	0.0	0.0	0.0	0.0	0.0	0.0	0.0	0.0	0.0	0.0	0.0	0.0	0.0	0.0	0.0	0.0	0.0	0.0	0.0	0.0	0.0	0.0	0.0	0.0	0.0	0.0	0.0	0.0	0.0	0.0	0.0	0.0	0.0	0.0	0.0	0.0	0.0	0.0	0.0	0.0	0.0	0.0	0.0	0.0	0.0	0.0	0.0	0.0	0.0	0.0	0.0	0.0	0.0	0.0	0.0	0.0	0.0	0.0	
0.933333333333	0.0	0.0	0.0	0.0	0.0	0.0	0.0	0.0	0.0	0.0	0.0	0.0	0.0	0.0	0.0	0.0	0.0	0.0	0.0	0.0	0.0	0.0	0.0	0.0	0.0	0.0	0.0	0.0	0.0	0.0	0.0	0.0	0.0	0.0	0.0	0.0	0.0	0.0	0.0	0.0	0.0	0.0	0.0	0.0	0.0	0.0	0.0	0.0	0.0	0.0	0.0	0.0	0.0	0.0	0.0	0.0	0.0	0.0	0.0	0.0	
0.95	0.0	0.0	0.0	0.0	0.0	0.0	0.0	0.0	0.0	0.0	0.0	0.0	0.0	0.0	0.0	0.0	0.0	0.0	0.0	0.0	0.0	0.0	0.0	0.0	0.0	0.0	0.0	0.0	0.0	0.0	0.0	0.0	0.0	0.0	0.0	0.0	0.0	0.0	0.0	0.0	0.0	0.0	0.0	0.0	0.0	0.0	0.0	0.0	0.0	0.0	0.0	0.0	0.0	0.0	0.0	0.0	0.0	0.0	0.0	0.0	
0.966666666667	0.0	0.0	0.0	0.0	0.0	0.0	0.0	0.0	0.0	0.0	0.0	0.0	0.0	0.0	0.0	0.0	0.0	0.0	0.0	0.0	0.0	0.0	0.0	0.0	0.0	0.0	0.0	0.0	0.0	0.0	0.0	0.0	0.0	0.0	0.0	0.0	0.0	0.0	0.0	0.0	0.0	0.0	0.0	0.0	0.0	0.0	0.0	0.0	0.0	0.0	0.0	0.0	0.0	0.0	0.0	0.0	0.0	0.0	0.0	0.0	
0.983333333333	0.0	0.0	0.0	0.0	0.0	0.0	0.0	0.0	0.0	0.0	0.0	0.0	0.0	0.0	0.0	0.0	0.0	0.0	0.0	0.0	0.0	0.0	0.0	0.0	0.0	0.0	0.0	0.0	0.0	0.0	0.0	0.0	0.0	0.0	0.0	0.0	0.0	0.0	0.0	0.0	0.0	0.0	0.0	0.0	0.0	0.0	0.0	0.0	0.0	0.0	0.0	0.0	0.0	0.0	0.0	0.0	0.0	0.0	0.0	0.0	
1.0	0.0	0.0	0.0	0.0	0.0	0.0	0.0	0.0	0.0	0.0	0.0	0.0	0.0	0.0	0.0	0.0	0.0	0.0	0.0	0.0	0.0	0.0	0.0	0.0	0.0	0.0	0.0	0.0	0.0	0.0	0.0	0.0	0.0	0.0	0.0	0.0	0.0	0.0	0.0	0.0	0.0	0.0	0.0	0.0	0.0	0.0	0.0	0.0	0.0	0.0	0.0	0.0	0.0	0.0	0.0	0.0	0.0	0.0	0.0	0.0	
1.01666666667	0.0	0.0	0.0	0.0	0.0	0.0	0.0	0.0	0.0	0.0	0.0	0.0	0.0	0.0	0.0	0.0	0.0	0.0	0.0	0.0	0.0	0.0	0.0	0.0	0.0	0.0	0.0	0.0	0.0	0.0	0.0	0.0	0.0	0.0	0.0	0.0	0.0	0.0	0.0	0.0	0.0	0.0	0.0	0.0	0.0	0.0	0.0	0.0	0.0	0.0	0.0	0.0	0.0	0.0	0.0	0.0	0.0	0.0	0.0	0.0	
1.03333333333	0.0	0.0	0.0	0.0	0.0	0.0	0.0	0.0	0.0	0.0	0.0	0.0	0.0	0.0	0.0	0.0	0.0	0.0	0.0	0.0	0.0	0.0	0.0	0.0	0.0	0.0	0.0	0.0	0.0	0.0	0.0	0.0	0.0	0.0	0.0	0.0	0.0	0.0	0.0	0.0	0.0	0.0	0.0	0.0	0.0	0.0	0.0	0.0	0.0	0.0	0.0	0.0	0.0	0.0	0.0	0.0	0.0	0.0	0.0	0.0	
1.05	0.0	0.0	0.0	0.0	0.0	0.0	0.0	0.0	0.0	0.0	0.0	0.0	0.0	0.0	0.0	0.0	0.0	0.0	0.0	0.0	0.0	0.0	0.0	0.0	0.0	0.0	0.0	0.0	0.0	0.0	0.0	0.0	0.0	0.0	0.0	0.0	0.0	0.0	0.0	0.0	0.0	0.0	0.0	0.0	0.0	0.0	0.0	0.0	0.0	0.0	0.0	0.0	0.0	0.0	0.0	0.0	0.0	0.0	0.0	0.0	
1.06666666667	0.0	0.0	0.0	0.0	0.0	0.0	0.0	0.0	0.0	0.0	0.0	0.0	0.0	0.0	0.0	0.0	0.0	0.0	0.0	0.0	0.0	0.0	0.0	0.0	0.0	0.0	0.0	0.0	0.0	0.0	0.0	0.0	0.0	0.0	0.0	0.0	0.0	0.0	0.0	0.0	0.0	0.0	0.0	0.0	0.0	0.0	0.0	0.0	0.0	0.0	0.0	0.0	0.0	0.0	0.0	0.0	0.0	0.0	0.0	0.0	
1.08333333333	0.0	0.0	0.0	0.0	0.0	0.0	0.0	0.0	0.0	0.0	0.0	0.0	0.0	0.0	0.0	0.0	0.0	0.0	0.0	0.0	0.0	0.0	0.0	0.0	0.0	0.0	0.0	0.0	0.0	0.0	0.0	0.0	0.0	0.0	0.0	0.0	0.0	0.0	0.0	0.0	0.0	0.0	0.0	0.0	0.0	0.0	0.0	0.0	0.0	0.0	0.0	0.0	0.0	0.0	0.0	0.0	0.0	0.0	0.0	0.0	
1.1	0.0	0.0	0.0	0.0	0.0	0.0	0.0	0.0	0.0	0.0	0.0	0.0	0.0	0.0	0.0	0.0	0.0	0.0	0.0	0.0	0.0	0.0	0.0	0.0	0.0	0.0	0.0	0.0	0.0	0.0	0.0	0.0	0.0	0.0	0.0	0.0	0.0	0.0	0.0	0.0	0.0	0.0	0.0	0.0	0.0	0.0	0.0	0.0	0.0	0.0	0.0	0.0	0.0	0.0	0.0	0.0	0.0	0.0	0.0	0.0	
1.11666666667	0.0	0.0	0.0	0.0	0.0	0.0	0.0	0.0	0.0	0.0	0.0	0.0	0.0	0.0	0.0	0.0	0.0	0.0	0.0	0.0	0.0	0.0	0.0	0.0	0.0	0.0	0.0	0.0	0.0	0.0	0.0	0.0	0.0	0.0	0.0	0.0	0.0	0.0	0.0	0.0	0.0	0.0	0.0	0.0	0.0	0.0	0.0	0.0	0.0	0.0	0.0	0.0	0.0	0.0	0.0	0.0	0.0	0.0	0.0	0.0	
1.13333333333	0.0	0.0	0.0	0.0	0.0	0.0	0.0	0.0	0.0	0.0	0.0	0.0	0.0	0.0	0.0	0.0	0.0	0.0	0.0	0.0	0.0	0.0	0.0	0.0	0.0	0.0	0.0	0.0	0.0	0.0	0.0	0.0	0.0	0.0	0.0	0.0	0.0	0.0	0.0	0.0	0.0	0.0	0.0	0.0	0.0	0.0	0.0	0.0	0.0	0.0	0.0	0.0	0.0	0.0	0.0	0.0	0.0	0.0	0.0	0.0	
1.15	0.0	0.0	0.0	0.0	0.0	0.0	0.0	0.0	0.0	0.0	0.0	0.0	0.0	0.0	0.0	0.0	0.0	0.0	0.0	0.0	0.0	0.0	0.0	0.0	0.0	0.0	0.0	0.0	0.0	0.0	0.0	0.0	0.0	0.0	0.0	0.0	0.0	0.0	0.0	0.0	0.0	0.0	0.0	0.0	0.0	0.0	0.0	0.0	0.0	0.0	0.0	0.0	0.0	0.0	0.0	0.0	0.0	0.0	0.0	0.0	
1.16666666667	0.0	0.0	0.0	0.0	0.0	0.0	0.0	0.0	0.0	0.0	0.0	0.0	0.0	0.0	0.0	0.0	0.0	0.0	0.0	0.0	0.0	0.0	0.0	0.0	0.0	0.0	0.0	0.0	0.0	0.0	0.0	0.0	0.0	0.0	0.0	0.0	0.0	0.0	0.0	0.0	0.0	0.0	0.0	0.0	0.0	0.0	0.0	0.0	0.0	0.0	0.0	0.0	0.0	0.0	0.0	0.0	0.0	0.0	0.0	0.0	
1.18333333333	0.0	0.0	0.0	0.0	0.0	0.0	0.0	0.0	0.0	0.0	0.0	0.0	0.0	0.0	0.0	0.0	0.0	0.0	0.0	0.0	0.0	0.0	0.0	0.0	0.0	0.0	0.0	0.0	0.0	0.0	0.0	0.0	0.0	0.0	0.0	0.0	0.0	0.0	0.0	0.0	0.0	0.0	0.0	0.0	0.0	0.0	0.0	0.0	0.0	0.0	0.0	0.0	0.0	0.0	0.0	0.0	0.0	0.0	0.0	0.0	
1.2	0.0	0.0	0.0	0.0	0.0	0.0	0.0	0.0	0.0	0.0	0.0	0.0	0.0	0.0	0.0	0.0	0.0	0.0	0.0	0.0	0.0	0.0	0.0	0.0	0.0	0.0	0.0	0.0	0.0	0.0	0.0	0.0	0.0	0.0	0.0	0.0	0.0	0.0	0.0	0.0	0.0	0.0	0.0	0.0	0.0	0.0	0.0	0.0	0.0	0.0	0.0	0.0	0.0	0.0	0.0	0.0	0.0	0.0	0.0	0.0	
1.21666666667	0.0	0.0	0.0	0.0	0.0	0.0	0.0	0.0	0.0	0.0	0.0	0.0	0.0	0.0	0.0	0.0	0.0	0.0	0.0	0.0	0.0	0.0	0.0	0.0	0.0	0.0	0.0	0.0	0.0	0.0	0.0	0.0	0.0	0.0	0.0	0.0	0.0	0.0	0.0	0.0	0.0	0.0	0.0	0.0	0.0	0.0	0.0	0.0	0.0	0.0	0.0	0.0	0.0	0.0	0.0	0.0	0.0	0.0	0.0	0.0	
1.23333333333	0.0	0.0	0.0	0.0	0.0	0.0	0.0	0.0	0.0	0.0	0.0	0.0	0.0	0.0	0.0	0.0	0.0	0.0	0.0	0.0	0.0	0.0	0.0	0.0	0.0	0.0	0.0	0.0	0.0	0.0	0.0	0.0	0.0	0.0	0.0	0.0	0.0	0.0	0.0	0.0	0.0	0.0	0.0	0.0	0.0	0.0	0.0	0.0	0.0	0.0	0.0	0.0	0.0	0.0	0.0	0.0	0.0	0.0	0.0	0.0	
1.25	0.0	0.0	0.0	0.0	0.0	0.0	0.0	0.0	0.0	0.0	0.0	0.0	0.0	0.0	0.0	0.0	0.0	0.0	0.0	0.0	0.0	0.0	0.0	0.0	0.0	0.0	0.0	0.0	0.0	0.0	0.0	0.0	0.0	0.0	0.0	0.0	0.0	0.0	0.0	0.0	0.0	0.0	0.0	0.0	0.0	0.0	0.0	0.0	0.0	0.0	0.0	0.0	0.0	0.0	0.0	0.0	0.0	0.0	0.0	0.0	
1.26666666667	0.0	0.0	0.0	0.0	0.0	0.0	0.0	0.0	0.0	0.0	0.0	0.0	0.0	0.0	0.0	0.0	0.0	0.0	0.0	0.0	0.0	0.0	0.0	0.0	0.0	0.0	0.0	0.0	0.0	0.0	0.0	0.0	0.0	0.0	0.0	0.0	0.0	0.0	0.0	0.0	0.0	0.0	0.0	0.0	0.0	0.0	0.0	0.0	0.0	0.0	0.0	0.0	0.0	0.0	0.0	0.0	0.0	0.0	0.0	0.0	
1.28333333333	0.0	0.0	0.0	0.0	0.0	0.0	0.0	0.0	0.0	0.0	0.0	0.0	0.0	0.0	0.0	0.0	0.0	0.0	0.0	0.0	0.0	0.0	0.0	0.0	0.0	0.0	0.0	0.0	0.0	0.0	0.0	0.0	0.0	0.0	0.0	0.0	0.0	0.0	0.0	0.0	0.0	0.0	0.0	0.0	0.0	0.0	0.0	0.0	0.0	0.0	0.0	0.0	0.0	0.0	0.0	0.0	0.0	0.0	0.0	0.0	
1.3	0.0	0.0	0.0	0.0	0.0	0.0	0.0	0.0	0.0	0.0	0.0	0.0	0.0	0.0	0.0	0.0	0.0	0.0	0.0	0.0	0.0	0.0	0.0	0.0	0.0	0.0	0.0	0.0	0.0	0.0	0.0	0.0	0.0	0.0	0.0	0.0	0.0	0.0	0.0	0.0	0.0	0.0	0.0	0.0	0.0	0.0	0.0	0.0	0.0	0.0	0.0	0.0	0.0	0.0	0.0	0.0	0.0	0.0	0.0	0.0	
1.31666666667	0.0	0.0	0.0	0.0	0.0	0.0	0.0	0.0	0.0	0.0	0.0	0.0	0.0	0.0	0.0	0.0	0.0	0.0	0.0	0.0	0.0	0.0	0.0	0.0	0.0	0.0	0.0	0.0	0.0	0.0	0.0	0.0	0.0	0.0	0.0	0.0	0.0	0.0	0.0	0.0	0.0	0.0	0.0	0.0	0.0	0.0	0.0	0.0	0.0	0.0	0.0	0.0	0.0	0.0	0.0	0.0	0.0	0.0	0.0	0.0	
1.33333333333	0.0	0.0	0.0	0.0	0.0	0.0	0.0	0.0	0.0	0.0	0.0	0.0	0.0	0.0	0.0	0.0	0.0	0.0	0.0	0.0	0.0	0.0	0.0	0.0	0.0	0.0	0.0	0.0	0.0	0.0	0.0	0.0	0.0	0.0	0.0	0.0	0.0	0.0	0.0	0.0	0.0	0.0	0.0	0.0	0.0	0.0	0.0	0.0	0.0	0.0	0.0	0.0	0.0	0.0	0.0	0.0	0.0	0.0	0.0	0.0	
1.35	0.0	0.0	0.0	0.0	0.0	0.0	0.0	0.0	0.0	0.0	0.0	0.0	0.0	0.0	0.0	0.0	0.0	0.0	0.0	0.0	0.0	0.0	0.0	0.0	0.0	0.0	0.0	0.0	0.0	0.0	0.0	0.0	0.0	0.0	0.0	0.0	0.0	0.0	0.0	0.0	0.0	0.0	0.0	0.0	0.0	0.0	0.0	0.0	0.0	0.0	0.0	0.0	0.0	0.0	0.0	0.0	0.0	0.0	0.0	0.0	
1.36666666667	0.0	0.0	0.0	0.0	0.0	0.0	0.0	0.0	0.0	0.0	0.0	0.0	0.0	0.0	0.0	0.0	0.0	0.0	0.0	0.0	0.0	0.0	0.0	0.0	0.0	0.0	0.0	0.0	0.0	0.0	0.0	0.0	0.0	0.0	0.0	0.0	0.0	0.0	0.0	0.0	0.0	0.0	0.0	0.0	0.0	0.0	0.0	0.0	0.0	0.0	0.0	0.0	0.0	0.0	0.0	0.0	0.0	0.0	0.0	0.0	
1.38333333333	0.0	0.0	0.0	0.0	0.0	0.0	0.0	0.0	0.0	0.0	0.0	0.0	0.0	0.0	0.0	0.0	0.0	0.0	0.0	0.0	0.0	0.0	0.0	0.0	0.0	0.0	0.0	0.0	0.0	0.0	0.0	0.0	0.0	0.0	0.0	0.0	0.0	0.0	0.0	0.0	0.0	0.0	0.0	0.0	0.0	0.0	0.0	0.0	0.0	0.0	0.0	0.0	0.0	0.0	0.0	0.0	0.0	0.0	0.0	0.0	
1.4	0.0	0.0	0.0	0.0	0.0	0.0	0.0	0.0	0.0	0.0	0.0	0.0	0.0	0.0	0.0	0.0	0.0	0.0	0.0	0.0	0.0	0.0	0.0	0.0	0.0	0.0	0.0	0.0	0.0	0.0	0.0	0.0	0.0	0.0	0.0	0.0	0.0	0.0	0.0	0.0	0.0	0.0	0.0	0.0	0.0	0.0	0.0	0.0	0.0	0.0	0.0	0.0	0.0	0.0	0.0	0.0	0.0	0.0	0.0	0.0	
1.41666666667	0.0	0.0	0.0	0.0	0.0	0.0	0.0	0.0	0.0	0.0	0.0	0.0	0.0	0.0	0.0	0.0	0.0	0.0	0.0	0.0	0.0	0.0	0.0	0.0	0.0	0.0	0.0	0.0	0.0	0.0	0.0	0.0	0.0	0.0	0.0	0.0	0.0	0.0	0.0	0.0	0.0	0.0	0.0	0.0	0.0	0.0	0.0	0.0	0.0	0.0	0.0	0.0	0.0	0.0	0.0	0.0	0.0	0.0	0.0	0.0	
1.43333333333	0.0	0.0	0.0	0.0	0.0	0.0	0.0	0.0	0.0	0.0	0.0	0.0	0.0	0.0	0.0	0.0	0.0	0.0	0.0	0.0	0.0	0.0	0.0	0.0	0.0	0.0	0.0	0.0	0.0	0.0	0.0	0.0	0.0	0.0	0.0	0.0	0.0	0.0	0.0	0.0	0.0	0.0	0.0	0.0	0.0	0.0	0.0	0.0	0.0	0.0	0.0	0.0	0.0	0.0	0.0	0.0	0.0	0.0	0.0	0.0	
1.45	0.0	0.0	0.0	0.0	0.0	0.0	0.0	0.0	0.0	0.0	0.0	0.0	0.0	0.0	0.0	0.0	0.0	0.0	0.0	0.0	0.0	0.0	0.0	0.0	0.0	0.0	0.0	0.0	0.0	0.0	0.0	0.0	0.0	0.0	0.0	0.0	0.0	0.0	0.0	0.0	0.0	0.0	0.0	0.0	0.0	0.0	0.0	0.0	0.0	0.0	0.0	0.0	0.0	0.0	0.0	0.0	0.0	0.0	0.0	0.0	
1.46666666667	0.0	0.0	0.0	0.0	0.0	0.0	0.0	0.0	0.0	0.0	0.0	0.0	0.0	0.0	0.0	0.0	0.0	0.0	0.0	0.0	0.0	0.0	0.0	0.0	0.0	0.0	0.0	0.0	0.0	0.0	0.0	0.0	0.0	0.0	0.0	0.0	0.0	0.0	0.0	0.0	0.0	0.0	0.0	0.0	0.0	0.0	0.0	0.0	0.0	0.0	0.0	0.0	0.0	0.0	0.0	0.0	0.0	0.0	0.0	0.0	
1.48333333333	0.0	0.0	0.0	0.0	0.0	0.0	0.0	0.0	0.0	0.0	0.0	0.0	0.0	0.0	0.0	0.0	0.0	0.0	0.0	0.0	0.0	0.0	0.0	0.0	0.0	0.0	0.0	0.0	0.0	0.0	0.0	0.0	0.0	0.0	0.0	0.0	0.0	0.0	0.0	0.0	0.0	0.0	0.0	0.0	0.0	0.0	0.0	0.0	0.0	0.0	0.0	0.0	0.0	0.0	0.0	0.0	0.0	0.0	0.0	0.0	
1.5	0.0	0.0	0.0	0.0	0.0	0.0	0.0	0.0	0.0	0.0	0.0	0.0	0.0	0.0	0.0	0.0	0.0	0.0	0.0	0.0	0.0	0.0	0.0	0.0	0.0	0.0	0.0	0.0	0.0	0.0	0.0	0.0	0.0	0.0	0.0	0.0	0.0	0.0	0.0	0.0	0.0	0.0	0.0	0.0	0.0	0.0	0.0	0.0	0.0	0.0	0.0	0.0	0.0	0.0	0.0	0.0	0.0	0.0	0.0	0.0	
1.51666666667	0.0	0.0	0.0	0.0	0.0	0.0	0.0	0.0	0.0	0.0	0.0	0.0	0.0	0.0	0.0	0.0	0.0	0.0	0.0	0.0	0.0	0.0	0.0	0.0	0.0	0.0	0.0	0.0	0.0	0.0	0.0	0.0	0.0	0.0	0.0	0.0	0.0	0.0	0.0	0.0	0.0	0.0	0.0	0.0	0.0	0.0	0.0	0.0	0.0	0.0	0.0	0.0	0.0	0.0	0.0	0.0	0.0	0.0	0.0	0.0	
1.53333333333	0.0	0.0	0.0	0.0	0.0	0.0	0.0	0.0	0.0	0.0	0.0	0.0	0.0	0.0	0.0	0.0	0.0	0.0	0.0	0.0	0.0	0.0	0.0	0.0	0.0	0.0	0.0	0.0	0.0	0.0	0.0	0.0	0.0	0.0	0.0	0.0	0.0	0.0	0.0	0.0	0.0	0.0	0.0	0.0	0.0	0.0	0.0	0.0	0.0	0.0	0.0	0.0	0.0	0.0	0.0	0.0	0.0	0.0	0.0	0.0	
1.55	0.0	0.0	0.0	0.0	0.0	0.0	0.0	0.0	0.0	0.0	0.0	0.0	0.0	0.0	0.0	0.0	0.0	0.0	0.0	0.0	0.0	0.0	0.0	0.0	0.0	0.0	0.0	0.0	0.0	0.0	0.0	0.0	0.0	0.0	0.0	0.0	0.0	0.0	0.0	0.0	0.0	0.0	0.0	0.0	0.0	0.0	0.0	0.0	0.0	0.0	0.0	0.0	0.0	0.0	0.0	0.0	0.0	0.0	0.0	0.0	
1.56666666667	0.0	0.0	0.0	0.0	0.0	0.0	0.0	0.0	0.0	0.0	0.0	0.0	0.0	0.0	0.0	0.0	0.0	0.0	0.0	0.0	0.0	0.0	0.0	0.0	0.0	0.0	0.0	0.0	0.0	0.0	0.0	0.0	0.0	0.0	0.0	0.0	0.0	0.0	0.0	0.0	0.0	0.0	0.0	0.0	0.0	0.0	0.0	0.0	0.0	0.0	0.0	0.0	0.0	0.0	0.0	0.0	0.0	0.0	0.0	0.0	
1.58333333333	0.0	0.0	0.0	0.0	0.0	0.0	0.0	0.0	0.0	0.0	0.0	0.0	0.0	0.0	0.0	0.0	0.0	0.0	0.0	0.0	0.0	0.0	0.0	0.0	0.0	0.0	0.0	0.0	0.0	0.0	0.0	0.0	0.0	0.0	0.0	0.0	0.0	0.0	0.0	0.0	0.0	0.0	0.0	0.0	0.0	0.0	0.0	0.0	0.0	0.0	0.0	0.0	0.0	0.0	0.0	0.0	0.0	0.0	0.0	0.0	
1.6	0.0	0.0	0.0	0.0	0.0	0.0	0.0	0.0	0.0	0.0	0.0	0.0	0.0	0.0	0.0	0.0	0.0	0.0	0.0	0.0	0.0	0.0	0.0	0.0	0.0	0.0	0.0	0.0	0.0	0.0	0.0	0.0	0.0	0.0	0.0	0.0	0.0	0.0	0.0	0.0	0.0	0.0	0.0	0.0	0.0	0.0	0.0	0.0	0.0	0.0	0.0	0.0	0.0	0.0	0.0	0.0	0.0	0.0	0.0	0.0	
1.61666666667	0.0	0.0	0.0	0.0	0.0	0.0	0.0	0.0	0.0	0.0	0.0	0.0	0.0	0.0	0.0	0.0	0.0	0.0	0.0	0.0	0.0	0.0	0.0	0.0	0.0	0.0	0.0	0.0	0.0	0.0	0.0	0.0	0.0	0.0	0.0	0.0	0.0	0.0	0.0	0.0	0.0	0.0	0.0	0.0	0.0	0.0	0.0	0.0	0.0	0.0	0.0	0.0	0.0	0.0	0.0	0.0	0.0	0.0	0.0	0.0	
1.63333333333	0.0	0.0	0.0	0.0	0.0	0.0	0.0	0.0	0.0	0.0	0.0	0.0	0.0	0.0	0.0	0.0	0.0	0.0	0.0	0.0	0.0	0.0	0.0	0.0	0.0	0.0	0.0	0.0	0.0	0.0	0.0	0.0	0.0	0.0	0.0	0.0	0.0	0.0	0.0	0.0	0.0	0.0	0.0	0.0	0.0	0.0	0.0	0.0	0.0	0.0	0.0	0.0	0.0	0.0	0.0	0.0	0.0	0.0	0.0	0.0	
1.65	0.0	0.0	0.0	0.0	0.0	0.0	0.0	0.0	0.0	0.0	0.0	0.0	0.0	0.0	0.0	0.0	0.0	0.0	0.0	0.0	0.0	0.0	0.0	0.0	0.0	0.0	0.0	0.0	0.0	0.0	0.0	0.0	0.0	0.0	0.0	0.0	0.0	0.0	0.0	0.0	0.0	0.0	0.0	0.0	0.0	0.0	0.0	0.0	0.0	0.0	0.0	0.0	0.0	0.0	0.0	0.0	0.0	0.0	0.0	0.0	
1.66666666667	0.0	0.0	0.0	0.0	0.0	0.0	0.0	0.0	0.0	0.0	0.0	0.0	0.0	0.0	0.0	0.0	0.0	0.0	0.0	0.0	0.0	0.0	0.0	0.0	0.0	0.0	0.0	0.0	0.0	0.0	0.0	0.0	0.0	0.0	0.0	0.0	0.0	0.0	0.0	0.0	0.0	0.0	0.0	0.0	0.0	0.0	0.0	0.0	0.0	0.0	0.0	0.0	0.0	0.0	0.0	0.0	0.0	0.0	0.0	0.0	
1.68333333333	0.0	0.0	0.0	0.0	0.0	0.0	0.0	0.0	0.0	0.0	0.0	0.0	0.0	0.0	0.0	0.0	0.0	0.0	0.0	0.0	0.0	0.0	0.0	0.0	0.0	0.0	0.0	0.0	0.0	0.0	0.0	0.0	0.0	0.0	0.0	0.0	0.0	0.0	0.0	0.0	0.0	0.0	0.0	0.0	0.0	0.0	0.0	0.0	0.0	0.0	0.0	0.0	0.0	0.0	0.0	0.0	0.0	0.0	0.0	0.0	
1.7	0.0	0.0	0.0	0.0	0.0	0.0	0.0	0.0	0.0	0.0	0.0	0.0	0.0	0.0	0.0	0.0	0.0	0.0	0.0	0.0	0.0	0.0	0.0	0.0	0.0	0.0	0.0	0.0	0.0	0.0	0.0	0.0	0.0	0.0	0.0	0.0	0.0	0.0	0.0	0.0	0.0	0.0	0.0	0.0	0.0	0.0	0.0	0.0	0.0	0.0	0.0	0.0	0.0	0.0	0.0	0.0	0.0	0.0	0.0	0.0	
1.71666666667	0.0	0.0	0.0	0.0	0.0	0.0	0.0	0.0	0.0	0.0	0.0	0.0	0.0	0.0	0.0	0.0	0.0	0.0	0.0	0.0	0.0	0.0	0.0	0.0	0.0	0.0	0.0	0.0	0.0	0.0	0.0	0.0	0.0	0.0	0.0	0.0	0.0	0.0	0.0	0.0	0.0	0.0	0.0	0.0	0.0	0.0	0.0	0.0	0.0	0.0	0.0	0.0	0.0	0.0	0.0	0.0	0.0	0.0	0.0	0.0	
1.73333333333	0.0	0.0	0.0	0.0	0.0	0.0	0.0	0.0	0.0	0.0	0.0	0.0	0.0	0.0	0.0	0.0	0.0	0.0	0.0	0.0	0.0	0.0	0.0	0.0	0.0	0.0	0.0	0.0	0.0	0.0	0.0	0.0	0.0	0.0	0.0	0.0	0.0	0.0	0.0	0.0	0.0	0.0	0.0	0.0	0.0	0.0	0.0	0.0	0.0	0.0	0.0	0.0	0.0	0.0	0.0	0.0	0.0	0.0	0.0	0.0	
1.75	0.0	0.0	0.0	0.0	0.0	0.0	0.0	0.0	0.0	0.0	0.0	0.0	0.0	0.0	0.0	0.0	0.0	0.0	0.0	0.0	0.0	0.0	0.0	0.0	0.0	0.0	0.0	0.0	0.0	0.0	0.0	0.0	0.0	0.0	0.0	0.0	0.0	0.0	0.0	0.0	0.0	0.0	0.0	0.0	0.0	0.0	0.0	0.0	0.0	0.0	0.0	0.0	0.0	0.0	0.0	0.0	0.0	0.0	0.0	0.0	
1.76666666667	0.0	0.0	0.0	0.0	0.0	0.0	0.0	0.0	0.0	0.0	0.0	0.0	0.0	0.0	0.0	0.0	0.0	0.0	0.0	0.0	0.0	0.0	0.0	0.0	0.0	0.0	0.0	0.0	0.0	0.0	0.0	0.0	0.0	0.0	0.0	0.0	0.0	0.0	0.0	0.0	0.0	0.0	0.0	0.0	0.0	0.0	0.0	0.0	0.0	0.0	0.0	0.0	0.0	0.0	0.0	0.0	0.0	0.0	0.0	0.0	
1.78333333333	0.0	0.0	0.0	0.0	0.0	0.0	0.0	0.0	0.0	0.0	0.0	0.0	0.0	0.0	0.0	0.0	0.0	0.0	0.0	0.0	0.0	0.0	0.0	0.0	0.0	0.0	0.0	0.0	0.0	0.0	0.0	0.0	0.0	0.0	0.0	0.0	0.0	0.0	0.0	0.0	0.0	0.0	0.0	0.0	0.0	0.0	0.0	0.0	0.0	0.0	0.0	0.0	0.0	0.0	0.0	0.0	0.0	0.0	0.0	0.0	
1.8	0.0	0.0	0.0	0.0	0.0	0.0	0.0	0.0	0.0	0.0	0.0	0.0	0.0	0.0	0.0	0.0	0.0	0.0	0.0	0.0	0.0	0.0	0.0	0.0	0.0	0.0	0.0	0.0	0.0	0.0	0.0	0.0	0.0	0.0	0.0	0.0	0.0	0.0	0.0	0.0	0.0	0.0	0.0	0.0	0.0	0.0	0.0	0.0	0.0	0.0	0.0	0.0	0.0	0.0	0.0	0.0	0.0	0.0	0.0	0.0	
1.81666666667	0.0	0.0	0.0	0.0	0.0	0.0	0.0	0.0	0.0	0.0	0.0	0.0	0.0	0.0	0.0	0.0	0.0	0.0	0.0	0.0	0.0	0.0	0.0	0.0	0.0	0.0	0.0	0.0	0.0	0.0	0.0	0.0	0.0	0.0	0.0	0.0	0.0	0.0	0.0	0.0	0.0	0.0	0.0	0.0	0.0	0.0	0.0	0.0	0.0	0.0	0.0	0.0	0.0	0.0	0.0	0.0	0.0	0.0	0.0	0.0	
1.83333333333	0.0	0.0	0.0	0.0	0.0	0.0	0.0	0.0	0.0	0.0	0.0	0.0	0.0	0.0	0.0	0.0	0.0	0.0	0.0	0.0	0.0	0.0	0.0	0.0	0.0	0.0	0.0	0.0	0.0	0.0	0.0	0.0	0.0	0.0	0.0	0.0	0.0	0.0	0.0	0.0	0.0	0.0	0.0	0.0	0.0	0.0	0.0	0.0	0.0	0.0	0.0	0.0	0.0	0.0	0.0	0.0	0.0	0.0	0.0	0.0	
1.85	0.0	0.0	0.0	0.0	0.0	0.0	0.0	0.0	0.0	0.0	0.0	0.0	0.0	0.0	0.0	0.0	0.0	0.0	0.0	0.0	0.0	0.0	0.0	0.0	0.0	0.0	0.0	0.0	0.0	0.0	0.0	0.0	0.0	0.0	0.0	0.0	0.0	0.0	0.0	0.0	0.0	0.0	0.0	0.0	0.0	0.0	0.0	0.0	0.0	0.0	0.0	0.0	0.0	0.0	0.0	0.0	0.0	0.0	0.0	0.0	
1.86666666667	0.0	0.0	0.0	0.0	0.0	0.0	0.0	0.0	0.0	0.0	0.0	0.0	0.0	0.0	0.0	0.0	0.0	0.0	0.0	0.0	0.0	0.0	0.0	0.0	0.0	0.0	0.0	0.0	0.0	0.0	0.0	0.0	0.0	0.0	0.0	0.0	0.0	0.0	0.0	0.0	0.0	0.0	0.0	0.0	0.0	0.0	0.0	0.0	0.0	0.0	0.0	0.0	0.0	0.0	0.0	0.0	0.0	0.0	0.0	0.0	
1.88333333333	0.0	0.0	0.0	0.0	0.0	0.0	0.0	0.0	0.0	0.0	0.0	0.0	0.0	0.0	0.0	0.0	0.0	0.0	0.0	0.0	0.0	0.0	0.0	0.0	0.0	0.0	0.0	0.0	0.0	0.0	0.0	0.0	0.0	0.0	0.0	0.0	0.0	0.0	0.0	0.0	0.0	0.0	0.0	0.0	0.0	0.0	0.0	0.0	0.0	0.0	0.0	0.0	0.0	0.0	0.0	0.0	0.0	0.0	0.0	0.0	
1.9	0.0	0.0	0.0	0.0	0.0	0.0	0.0	0.0	0.0	0.0	0.0	0.0	0.0	0.0	0.0	0.0	0.0	0.0	0.0	0.0	0.0	0.0	0.0	0.0	0.0	0.0	0.0	0.0	0.0	0.0	0.0	0.0	0.0	0.0	0.0	0.0	0.0	0.0	0.0	0.0	0.0	0.0	0.0	0.0	0.0	0.0	0.0	0.0	0.0	0.0	0.0	0.0	0.0	0.0	0.0	0.0	0.0	0.0	0.0	0.0	
1.91666666667	0.0	0.0	0.0	0.0	0.0	0.0	0.0	0.0	0.0	0.0	0.0	0.0	0.0	0.0	0.0	0.0	0.0	0.0	0.0	0.0	0.0	0.0	0.0	0.0	0.0	0.0	0.0	0.0	0.0	0.0	0.0	0.0	0.0	0.0	0.0	0.0	0.0	0.0	0.0	0.0	0.0	0.0	0.0	0.0	0.0	0.0	0.0	0.0	0.0	0.0	0.0	0.0	0.0	0.0	0.0	0.0	0.0	0.0	0.0	0.0	
1.93333333333	0.0	0.0	0.0	0.0	0.0	0.0	0.0	0.0	0.0	0.0	0.0	0.0	0.0	0.0	0.0	0.0	0.0	0.0	0.0	0.0	0.0	0.0	0.0	0.0	0.0	0.0	0.0	0.0	0.0	0.0	0.0	0.0	0.0	0.0	0.0	0.0	0.0	0.0	0.0	0.0	0.0	0.0	0.0	0.0	0.0	0.0	0.0	0.0	0.0	0.0	0.0	0.0	0.0	0.0	0.0	0.0	0.0	0.0	0.0	0.0	
1.95	0.0	0.0	0.0	0.0	0.0	0.0	0.0	0.0	0.0	0.0	0.0	0.0	0.0	0.0	0.0	0.0	0.0	0.0	0.0	0.0	0.0	0.0	0.0	0.0	0.0	0.0	0.0	0.0	0.0	0.0	0.0	0.0	0.0	0.0	0.0	0.0	0.0	0.0	0.0	0.0	0.0	0.0	0.0	0.0	0.0	0.0	0.0	0.0	0.0	0.0	0.0	0.0	0.0	0.0	0.0	0.0	0.0	0.0	0.0	0.0	
1.96666666667	0.0	0.0	0.0	0.0	0.0	0.0	0.0	0.0	0.0	0.0	0.0	0.0	0.0	0.0	0.0	0.0	0.0	0.0	0.0	0.0	0.0	0.0	0.0	0.0	0.0	0.0	0.0	0.0	0.0	0.0	0.0	0.0	0.0	0.0	0.0	0.0	0.0	0.0	0.0	0.0	0.0	0.0	0.0	0.0	0.0	0.0	0.0	0.0	0.0	0.0	0.0	0.0	0.0	0.0	0.0	0.0	0.0	0.0	0.0	0.0	
1.98333333333	0.0	0.0	0.0	0.0	0.0	0.0	0.0	0.0	0.0	0.0	0.0	0.0	0.0	0.0	0.0	0.0	0.0	0.0	0.0	0.0	0.0	0.0	0.0	0.0	0.0	0.0	0.0	0.0	0.0	0.0	0.0	0.0	0.0	0.0	0.0	0.0	0.0	0.0	0.0	0.0	0.0	0.0	0.0	0.0	0.0	0.0	0.0	0.0	0.0	0.0	0.0	0.0	0.0	0.0	0.0	0.0	0.0	0.0	0.0	0.0	
2.0	0.0	0.0	0.0	0.0	0.0	0.0	0.0	0.0	0.0	0.0	0.0	0.0	0.0	0.0	0.0	0.0	0.0	0.0	0.0	0.0	0.0	0.0	0.0	0.0	0.0	0.0	0.0	0.0	0.0	0.0	0.0	0.0	0.0	0.0	0.0	0.0	0.0	0.0	0.0	0.0	0.0	0.0	0.0	0.0	0.0	0.0	0.0	0.0	0.0	0.0	0.0	0.0	0.0	0.0	0.0	0.0	0.0	0.0	0.0	0.0	
2.01666666667	0.0	0.0	0.0	0.0	0.0	0.0	0.0	0.0	0.0	0.0	0.0	0.0	0.0	0.0	0.0	0.0	0.0	0.0	0.0	0.0	0.0	0.0	0.0	0.0	0.0	0.0	0.0	0.0	0.0	0.0	0.0	0.0	0.0	0.0	0.0	0.0	0.0	0.0	0.0	0.0	0.0	0.0	0.0	0.0	0.0	0.0	0.0	0.0	0.0	0.0	0.0	0.0	0.0	0.0	0.0	0.0	0.0	0.0	0.0	0.0	
2.03333333333	0.0	0.0	0.0	0.0	0.0	0.0	0.0	0.0	0.0	0.0	0.0	0.0	0.0	0.0	0.0	0.0	0.0	0.0	0.0	0.0	0.0	0.0	0.0	0.0	0.0	0.0	0.0	0.0	0.0	0.0	0.0	0.0	0.0	0.0	0.0	0.0	0.0	0.0	0.0	0.0	0.0	0.0	0.0	0.0	0.0	0.0	0.0	0.0	0.0	0.0	0.0	0.0	0.0	0.0	0.0	0.0	0.0	0.0	0.0	0.0	
2.05	0.0	0.0	0.0	0.0	0.0	0.0	0.0	0.0	0.0	0.0	0.0	0.0	0.0	0.0	0.0	0.0	0.0	0.0	0.0	0.0	0.0	0.0	0.0	0.0	0.0	0.0	0.0	0.0	0.0	0.0	0.0	0.0	0.0	0.0	0.0	0.0	0.0	0.0	0.0	0.0	0.0	0.0	0.0	0.0	0.0	0.0	0.0	0.0	0.0	0.0	0.0	0.0	0.0	0.0	0.0	0.0	0.0	0.0	0.0	0.0	
2.06666666667	0.0	0.0	0.0	0.0	0.0	0.0	0.0	0.0	0.0	0.0	0.0	0.0	0.0	0.0	0.0	0.0	0.0	0.0	0.0	0.0	0.0	0.0	0.0	0.0	0.0	0.0	0.0	0.0	0.0	0.0	0.0	0.0	0.0	0.0	0.0	0.0	0.0	0.0	0.0	0.0	0.0	0.0	0.0	0.0	0.0	0.0	0.0	0.0	0.0	0.0	0.0	0.0	0.0	0.0	0.0	0.0	0.0	0.0	0.0	0.0	
2.08333333333	0.0	0.0	0.0	0.0	0.0	0.0	0.0	0.0	0.0	0.0	0.0	0.0	0.0	0.0	0.0	0.0	0.0	0.0	0.0	0.0	0.0	0.0	0.0	0.0	0.0	0.0	0.0	0.0	0.0	0.0	0.0	0.0	0.0	0.0	0.0	0.0	0.0	0.0	0.0	0.0	0.0	0.0	0.0	0.0	0.0	0.0	0.0	0.0	0.0	0.0	0.0	0.0	0.0	0.0	0.0	0.0	0.0	0.0	0.0	0.0	
2.1	0.0	0.0	0.0	0.0	0.0	0.0	0.0	0.0	0.0	0.0	0.0	0.0	0.0	0.0	0.0	0.0	0.0	0.0	0.0	0.0	0.0	0.0	0.0	0.0	0.0	0.0	0.0	0.0	0.0	0.0	0.0	0.0	0.0	0.0	0.0	0.0	0.0	0.0	0.0	0.0	0.0	0.0	0.0	0.0	0.0	0.0	0.0	0.0	0.0	0.0	0.0	0.0	0.0	0.0	0.0	0.0	0.0	0.0	0.0	0.0	
2.11666666667	0.0	0.0	0.0	0.0	0.0	0.0	0.0	0.0	0.0	0.0	0.0	0.0	0.0	0.0	0.0	0.0	0.0	0.0	0.0	0.0	0.0	0.0	0.0	0.0	0.0	0.0	0.0	0.0	0.0	0.0	0.0	0.0	0.0	0.0	0.0	0.0	0.0	0.0	0.0	0.0	0.0	0.0	0.0	0.0	0.0	0.0	0.0	0.0	0.0	0.0	0.0	0.0	0.0	0.0	0.0	0.0	0.0	0.0	0.0	0.0	
2.13333333333	0.0	0.0	0.0	0.0	0.0	0.0	0.0	0.0	0.0	0.0	0.0	0.0	0.0	0.0	0.0	0.0	0.0	0.0	0.0	0.0	0.0	0.0	0.0	0.0	0.0	0.0	0.0	0.0	0.0	0.0	0.0	0.0	0.0	0.0	0.0	0.0	0.0	0.0	0.0	0.0	0.0	0.0	0.0	0.0	0.0	0.0	0.0	0.0	0.0	0.0	0.0	0.0	0.0	0.0	0.0	0.0	0.0	0.0	0.0	0.0	
2.15	0.0	0.0	0.0	0.0	0.0	0.0	0.0	0.0	0.0	0.0	0.0	0.0	0.0	0.0	0.0	0.0	0.0	0.0	0.0	0.0	0.0	0.0	0.0	0.0	0.0	0.0	0.0	0.0	0.0	0.0	0.0	0.0	0.0	0.0	0.0	0.0	0.0	0.0	0.0	0.0	0.0	0.0	0.0	0.0	0.0	0.0	0.0	0.0	0.0	0.0	0.0	0.0	0.0	0.0	0.0	0.0	0.0	0.0	0.0	0.0	
2.16666666667	0.0	0.0	0.0	0.0	0.0	0.0	0.0	0.0	0.0	0.0	0.0	0.0	0.0	0.0	0.0	0.0	0.0	0.0	0.0	0.0	0.0	0.0	0.0	0.0	0.0	0.0	0.0	0.0	0.0	0.0	0.0	0.0	0.0	0.0	0.0	0.0	0.0	0.0	0.0	0.0	0.0	0.0	0.0	0.0	0.0	0.0	0.0	0.0	0.0	0.0	0.0	0.0	0.0	0.0	0.0	0.0	0.0	0.0	0.0	0.0	
2.18333333333	0.0	0.0	0.0	0.0	0.0	0.0	0.0	0.0	0.0	0.0	0.0	0.0	0.0	0.0	0.0	0.0	0.0	0.0	0.0	0.0	0.0	0.0	0.0	0.0	0.0	0.0	0.0	0.0	0.0	0.0	0.0	0.0	0.0	0.0	0.0	0.0	0.0	0.0	0.0	0.0	0.0	0.0	0.0	0.0	0.0	0.0	0.0	0.0	0.0	0.0	0.0	0.0	0.0	0.0	0.0	0.0	0.0	0.0	0.0	0.0	
2.2	0.0	0.0	0.0	0.0	0.0	0.0	0.0	0.0	0.0	0.0	0.0	0.0	0.0	0.0	0.0	0.0	0.0	0.0	0.0	0.0	0.0	0.0	0.0	0.0	0.0	0.0	0.0	0.0	0.0	0.0	0.0	0.0	0.0	0.0	0.0	0.0	0.0	0.0	0.0	0.0	0.0	0.0	0.0	0.0	0.0	0.0	0.0	0.0	0.0	0.0	0.0	0.0	0.0	0.0	0.0	0.0	0.0	0.0	0.0	0.0	
2.21666666667	0.0	0.0	0.0	0.0	0.0	0.0	0.0	0.0	0.0	0.0	0.0	0.0	0.0	0.0	0.0	0.0	0.0	0.0	0.0	0.0	0.0	0.0	0.0	0.0	0.0	0.0	0.0	0.0	0.0	0.0	0.0	0.0	0.0	0.0	0.0	0.0	0.0	0.0	0.0	0.0	0.0	0.0	0.0	0.0	0.0	0.0	0.0	0.0	0.0	0.0	0.0	0.0	0.0	0.0	0.0	0.0	0.0	0.0	0.0	0.0	
2.23333333333	0.0	0.0	0.0	0.0	0.0	0.0	0.0	0.0	0.0	0.0	0.0	0.0	0.0	0.0	0.0	0.0	0.0	0.0	0.0	0.0	0.0	0.0	0.0	0.0	0.0	0.0	0.0	0.0	0.0	0.0	0.0	0.0	0.0	0.0	0.0	0.0	0.0	0.0	0.0	0.0	0.0	0.0	0.0	0.0	0.0	0.0	0.0	0.0	0.0	0.0	0.0	0.0	0.0	0.0	0.0	0.0	0.0	0.0	0.0	0.0	
2.25	0.0	0.0	0.0	0.0	0.0	0.0	0.0	0.0	0.0	0.0	0.0	0.0	0.0	0.0	0.0	0.0	0.0	0.0	0.0	0.0	0.0	0.0	0.0	0.0	0.0	0.0	0.0	0.0	0.0	0.0	0.0	0.0	0.0	0.0	0.0	0.0	0.0	0.0	0.0	0.0	0.0	0.0	0.0	0.0	0.0	0.0	0.0	0.0	0.0	0.0	0.0	0.0	0.0	0.0	0.0	0.0	0.0	0.0	0.0	0.0	
2.26666666667	0.0	0.0	0.0	0.0	0.0	0.0	0.0	0.0	0.0	0.0	0.0	0.0	0.0	0.0	0.0	0.0	0.0	0.0	0.0	0.0	0.0	0.0	0.0	0.0	0.0	0.0	0.0	0.0	0.0	0.0	0.0	0.0	0.0	0.0	0.0	0.0	0.0	0.0	0.0	0.0	0.0	0.0	0.0	0.0	0.0	0.0	0.0	0.0	0.0	0.0	0.0	0.0	0.0	0.0	0.0	0.0	0.0	0.0	0.0	0.0	
2.28333333333	0.0	0.0	0.0	0.0	0.0	0.0	0.0	0.0	0.0	0.0	0.0	0.0	0.0	0.0	0.0	0.0	0.0	0.0	0.0	0.0	0.0	0.0	0.0	0.0	0.0	0.0	0.0	0.0	0.0	0.0	0.0	0.0	0.0	0.0	0.0	0.0	0.0	0.0	0.0	0.0	0.0	0.0	0.0	0.0	0.0	0.0	0.0	0.0	0.0	0.0	0.0	0.0	0.0	0.0	0.0	0.0	0.0	0.0	0.0	0.0	
2.3	0.0	0.0	0.0	0.0	0.0	0.0	0.0	0.0	0.0	0.0	0.0	0.0	0.0	0.0	0.0	0.0	0.0	0.0	0.0	0.0	0.0	0.0	0.0	0.0	0.0	0.0	0.0	0.0	0.0	0.0	0.0	0.0	0.0	0.0	0.0	0.0	0.0	0.0	0.0	0.0	0.0	0.0	0.0	0.0	0.0	0.0	0.0	0.0	0.0	0.0	0.0	0.0	0.0	0.0	0.0	0.0	0.0	0.0	0.0	0.0	
2.31666666667	0.0	0.0	0.0	0.0	0.0	0.0	0.0	0.0	0.0	0.0	0.0	0.0	0.0	0.0	0.0	0.0	0.0	0.0	0.0	0.0	0.0	0.0	0.0	0.0	0.0	0.0	0.0	0.0	0.0	0.0	0.0	0.0	0.0	0.0	0.0	0.0	0.0	0.0	0.0	0.0	0.0	0.0	0.0	0.0	0.0	0.0	0.0	0.0	0.0	0.0	0.0	0.0	0.0	0.0	0.0	0.0	0.0	0.0	0.0	0.0	
2.33333333333	0.0	0.0	0.0	0.0	0.0	0.0	0.0	0.0	0.0	0.0	0.0	0.0	0.0	0.0	0.0	0.0	0.0	0.0	0.0	0.0	0.0	0.0	0.0	0.0	0.0	0.0	0.0	0.0	0.0	0.0	0.0	0.0	0.0	0.0	0.0	0.0	0.0	0.0	0.0	0.0	0.0	0.0	0.0	0.0	0.0	0.0	0.0	0.0	0.0	0.0	0.0	0.0	0.0	0.0	0.0	0.0	0.0	0.0	0.0	0.0	
2.35	0.0	0.0	0.0	0.0	0.0	0.0	0.0	0.0	0.0	0.0	0.0	0.0	0.0	0.0	0.0	0.0	0.0	0.0	0.0	0.0	0.0	0.0	0.0	0.0	0.0	0.0	0.0	0.0	0.0	0.0	0.0	0.0	0.0	0.0	0.0	0.0	0.0	0.0	0.0	0.0	0.0	0.0	0.0	0.0	0.0	0.0	0.0	0.0	0.0	0.0	0.0	0.0	0.0	0.0	0.0	0.0	0.0	0.0	0.0	0.0	
2.36666666667	0.0	0.0	0.0	0.0	0.0	0.0	0.0	0.0	0.0	0.0	0.0	0.0	0.0	0.0	0.0	0.0	0.0	0.0	0.0	0.0	0.0	0.0	0.0	0.0	0.0	0.0	0.0	0.0	0.0	0.0	0.0	0.0	0.0	0.0	0.0	0.0	0.0	0.0	0.0	0.0	0.0	0.0	0.0	0.0	0.0	0.0	0.0	0.0	0.0	0.0	0.0	0.0	0.0	0.0	0.0	0.0	0.0	0.0	0.0	0.0	
2.38333333333	0.0	0.0	0.0	0.0	0.0	0.0	0.0	0.0	0.0	0.0	0.0	0.0	0.0	0.0	0.0	0.0	0.0	0.0	0.0	0.0	0.0	0.0	0.0	0.0	0.0	0.0	0.0	0.0	0.0	0.0	0.0	0.0	0.0	0.0	0.0	0.0	0.0	0.0	0.0	0.0	0.0	0.0	0.0	0.0	0.0	0.0	0.0	0.0	0.0	0.0	0.0	0.0	0.0	0.0	0.0	0.0	0.0	0.0	0.0	0.0	
2.4	0.0	0.0	0.0	0.0	0.0	0.0	0.0	0.0	0.0	0.0	0.0	0.0	0.0	0.0	0.0	0.0	0.0	0.0	0.0	0.0	0.0	0.0	0.0	0.0	0.0	0.0	0.0	0.0	0.0	0.0	0.0	0.0	0.0	0.0	0.0	0.0	0.0	0.0	0.0	0.0	0.0	0.0	0.0	0.0	0.0	0.0	0.0	0.0	0.0	0.0	0.0	0.0	0.0	0.0	0.0	0.0	0.0	0.0	0.0	0.0	
2.41666666667	0.0	0.0	0.0	0.0	0.0	0.0	0.0	0.0	0.0	0.0	0.0	0.0	0.0	0.0	0.0	0.0	0.0	0.0	0.0	0.0	0.0	0.0	0.0	0.0	0.0	0.0	0.0	0.0	0.0	0.0	0.0	0.0	0.0	0.0	0.0	0.0	0.0	0.0	0.0	0.0	0.0	0.0	0.0	0.0	0.0	0.0	0.0	0.0	0.0	0.0	0.0	0.0	0.0	0.0	0.0	0.0	0.0	0.0	0.0	0.0	
2.43333333333	0.0	0.0	0.0	0.0	0.0	0.0	0.0	0.0	0.0	0.0	0.0	0.0	0.0	0.0	0.0	0.0	0.0	0.0	0.0	0.0	0.0	0.0	0.0	0.0	0.0	0.0	0.0	0.0	0.0	0.0	0.0	0.0	0.0	0.0	0.0	0.0	0.0	0.0	0.0	0.0	0.0	0.0	0.0	0.0	0.0	0.0	0.0	0.0	0.0	0.0	0.0	0.0	0.0	0.0	0.0	0.0	0.0	0.0	0.0	0.0	
2.45	0.0	0.0	0.0	0.0	0.0	0.0	0.0	0.0	0.0	0.0	0.0	0.0	0.0	0.0	0.0	0.0	0.0	0.0	0.0	0.0	0.0	0.0	0.0	0.0	0.0	0.0	0.0	0.0	0.0	0.0	0.0	0.0	0.0	0.0	0.0	0.0	0.0	0.0	0.0	0.0	0.0	0.0	0.0	0.0	0.0	0.0	0.0	0.0	0.0	0.0	0.0	0.0	0.0	0.0	0.0	0.0	0.0	0.0	0.0	0.0	
2.46666666667	0.0	0.0	0.0	0.0	0.0	0.0	0.0	0.0	0.0	0.0	0.0	0.0	0.0	0.0	0.0	0.0	0.0	0.0	0.0	0.0	0.0	0.0	0.0	0.0	0.0	0.0	0.0	0.0	0.0	0.0	0.0	0.0	0.0	0.0	0.0	0.0	0.0	0.0	0.0	0.0	0.0	0.0	0.0	0.0	0.0	0.0	0.0	0.0	0.0	0.0	0.0	0.0	0.0	0.0	0.0	0.0	0.0	0.0	0.0	0.0	
2.48333333333	0.0	0.0	0.0	0.0	0.0	0.0	0.0	0.0	0.0	0.0	0.0	0.0	0.0	0.0	0.0	0.0	0.0	0.0	0.0	0.0	0.0	0.0	0.0	0.0	0.0	0.0	0.0	0.0	0.0	0.0	0.0	0.0	0.0	0.0	0.0	0.0	0.0	0.0	0.0	0.0	0.0	0.0	0.0	0.0	0.0	0.0	0.0	0.0	0.0	0.0	0.0	0.0	0.0	0.0	0.0	0.0	0.0	0.0	0.0	0.0	
2.5	0.0	0.0	0.0	0.0	0.0	0.0	0.0	0.0	0.0	0.0	0.0	0.0	0.0	0.0	0.0	0.0	0.0	0.0	0.0	0.0	0.0	0.0	0.0	0.0	0.0	0.0	0.0	0.0	0.0	0.0	0.0	0.0	0.0	0.0	0.0	0.0	0.0	0.0	0.0	0.0	0.0	0.0	0.0	0.0	0.0	0.0	0.0	0.0	0.0	0.0	0.0	0.0	0.0	0.0	0.0	0.0	0.0	0.0	0.0	0.0	
2.51666666667	0.0	0.0	0.0	0.0	0.0	0.0	0.0	0.0	0.0	0.0	0.0	0.0	0.0	0.0	0.0	0.0	0.0	0.0	0.0	0.0	0.0	0.0	0.0	0.0	0.0	0.0	0.0	0.0	0.0	0.0	0.0	0.0	0.0	0.0	0.0	0.0	0.0	0.0	0.0	0.0	0.0	0.0	0.0	0.0	0.0	0.0	0.0	0.0	0.0	0.0	0.0	0.0	0.0	0.0	0.0	0.0	0.0	0.0	0.0	0.0	
2.53333333333	0.0	0.0	0.0	0.0	0.0	0.0	0.0	0.0	0.0	0.0	0.0	0.0	0.0	0.0	0.0	0.0	0.0	0.0	0.0	0.0	0.0	0.0	0.0	0.0	0.0	0.0	0.0	0.0	0.0	0.0	0.0	0.0	0.0	0.0	0.0	0.0	0.0	0.0	0.0	0.0	0.0	0.0	0.0	0.0	0.0	0.0	0.0	0.0	0.0	0.0	0.0	0.0	0.0	0.0	0.0	0.0	0.0	0.0	0.0	0.0	
2.55	0.0	0.0	0.0	0.0	0.0	0.0	0.0	0.0	0.0	0.0	0.0	0.0	0.0	0.0	0.0	0.0	0.0	0.0	0.0	0.0	0.0	0.0	0.0	0.0	0.0	0.0	0.0	0.0	0.0	0.0	0.0	0.0	0.0	0.0	0.0	0.0	0.0	0.0	0.0	0.0	0.0	0.0	0.0	0.0	0.0	0.0	0.0	0.0	0.0	0.0	0.0	0.0	0.0	0.0	0.0	0.0	0.0	0.0	0.0	0.0	
2.56666666667	0.0	0.0	0.0	0.0	0.0	0.0	0.0	0.0	0.0	0.0	0.0	0.0	0.0	0.0	0.0	0.0	0.0	0.0	0.0	0.0	0.0	0.0	0.0	0.0	0.0	0.0	0.0	0.0	0.0	0.0	0.0	0.0	0.0	0.0	0.0	0.0	0.0	0.0	0.0	0.0	0.0	0.0	0.0	0.0	0.0	0.0	0.0	0.0	0.0	0.0	0.0	0.0	0.0	0.0	0.0	0.0	0.0	0.0	0.0	0.0	
2.58333333333	0.0	0.0	0.0	0.0	0.0	0.0	0.0	0.0	0.0	0.0	0.0	0.0	0.0	0.0	0.0	0.0	0.0	0.0	0.0	0.0	0.0	0.0	0.0	0.0	0.0	0.0	0.0	0.0	0.0	0.0	0.0	0.0	0.0	0.0	0.0	0.0	0.0	0.0	0.0	0.0	0.0	0.0	0.0	0.0	0.0	0.0	0.0	0.0	0.0	0.0	0.0	0.0	0.0	0.0	0.0	0.0	0.0	0.0	0.0	0.0	
2.6	0.0	0.0	0.0	0.0	0.0	0.0	0.0	0.0	0.0	0.0	0.0	0.0	0.0	0.0	0.0	0.0	0.0	0.0	0.0	0.0	0.0	0.0	0.0	0.0	0.0	0.0	0.0	0.0	0.0	0.0	0.0	0.0	0.0	0.0	0.0	0.0	0.0	0.0	0.0	0.0	0.0	0.0	0.0	0.0	0.0	0.0	0.0	0.0	0.0	0.0	0.0	0.0	0.0	0.0	0.0	0.0	0.0	0.0	0.0	0.0	
2.61666666667	0.0	0.0	0.0	0.0	0.0	0.0	0.0	0.0	0.0	0.0	0.0	0.0	0.0	0.0	0.0	0.0	0.0	0.0	0.0	0.0	0.0	0.0	0.0	0.0	0.0	0.0	0.0	0.0	0.0	0.0	0.0	0.0	0.0	0.0	0.0	0.0	0.0	0.0	0.0	0.0	0.0	0.0	0.0	0.0	0.0	0.0	0.0	0.0	0.0	0.0	0.0	0.0	0.0	0.0	0.0	0.0	0.0	0.0	0.0	0.0	
2.63333333333	0.0	0.0	0.0	0.0	0.0	0.0	0.0	0.0	0.0	0.0	0.0	0.0	0.0	0.0	0.0	0.0	0.0	0.0	0.0	0.0	0.0	0.0	0.0	0.0	0.0	0.0	0.0	0.0	0.0	0.0	0.0	0.0	0.0	0.0	0.0	0.0	0.0	0.0	0.0	0.0	0.0	0.0	0.0	0.0	0.0	0.0	0.0	0.0	0.0	0.0	0.0	0.0	0.0	0.0	0.0	0.0	0.0	0.0	0.0	0.0	
2.65	0.0	0.0	0.0	0.0	0.0	0.0	0.0	0.0	0.0	0.0	0.0	0.0	0.0	0.0	0.0	0.0	0.0	0.0	0.0	0.0	0.0	0.0	0.0	0.0	0.0	0.0	0.0	0.0	0.0	0.0	0.0	0.0	0.0	0.0	0.0	0.0	0.0	0.0	0.0	0.0	0.0	0.0	0.0	0.0	0.0	0.0	0.0	0.0	0.0	0.0	0.0	0.0	0.0	0.0	0.0	0.0	0.0	0.0	0.0	0.0	
2.66666666667	0.0	0.0	0.0	0.0	0.0	0.0	0.0	0.0	0.0	0.0	0.0	0.0	0.0	0.0	0.0	0.0	0.0	0.0	0.0	0.0	0.0	0.0	0.0	0.0	0.0	0.0	0.0	0.0	0.0	0.0	0.0	0.0	0.0	0.0	0.0	0.0	0.0	0.0	0.0	0.0	0.0	0.0	0.0	0.0	0.0	0.0	0.0	0.0	0.0	0.0	0.0	0.0	0.0	0.0	0.0	0.0	0.0	0.0	0.0	0.0	
2.68333333333	0.0	0.0	0.0	0.0	0.0	0.0	0.0	0.0	0.0	0.0	0.0	0.0	0.0	0.0	0.0	0.0	0.0	0.0	0.0	0.0	0.0	0.0	0.0	0.0	0.0	0.0	0.0	0.0	0.0	0.0	0.0	0.0	0.0	0.0	0.0	0.0	0.0	0.0	0.0	0.0	0.0	0.0	0.0	0.0	0.0	0.0	0.0	0.0	0.0	0.0	0.0	0.0	0.0	0.0	0.0	0.0	0.0	0.0	0.0	0.0	
2.7	0.0	0.0	0.0	0.0	0.0	0.0	0.0	0.0	0.0	0.0	0.0	0.0	0.0	0.0	0.0	0.0	0.0	0.0	0.0	0.0	0.0	0.0	0.0	0.0	0.0	0.0	0.0	0.0	0.0	0.0	0.0	0.0	0.0	0.0	0.0	0.0	0.0	0.0	0.0	0.0	0.0	0.0	0.0	0.0	0.0	0.0	0.0	0.0	0.0	0.0	0.0	0.0	0.0	0.0	0.0	0.0	0.0	0.0	0.0	0.0	
2.71666666667	0.0	0.0	0.0	0.0	0.0	0.0	0.0	0.0	0.0	0.0	0.0	0.0	0.0	0.0	0.0	0.0	0.0	0.0	0.0	0.0	0.0	0.0	0.0	0.0	0.0	0.0	0.0	0.0	0.0	0.0	0.0	0.0	0.0	0.0	0.0	0.0	0.0	0.0	0.0	0.0	0.0	0.0	0.0	0.0	0.0	0.0	0.0	0.0	0.0	0.0	0.0	0.0	0.0	0.0	0.0	0.0	0.0	0.0	0.0	0.0	
2.73333333333	0.0	0.0	0.0	0.0	0.0	0.0	0.0	0.0	0.0	0.0	0.0	0.0	0.0	0.0	0.0	0.0	0.0	0.0	0.0	0.0	0.0	0.0	0.0	0.0	0.0	0.0	0.0	0.0	0.0	0.0	0.0	0.0	0.0	0.0	0.0	0.0	0.0	0.0	0.0	0.0	0.0	0.0	0.0	0.0	0.0	0.0	0.0	0.0	0.0	0.0	0.0	0.0	0.0	0.0	0.0	0.0	0.0	0.0	0.0	0.0	
2.75	0.0	0.0	0.0	0.0	0.0	0.0	0.0	0.0	0.0	0.0	0.0	0.0	0.0	0.0	0.0	0.0	0.0	0.0	0.0	0.0	0.0	0.0	0.0	0.0	0.0	0.0	0.0	0.0	0.0	0.0	0.0	0.0	0.0	0.0	0.0	0.0	0.0	0.0	0.0	0.0	0.0	0.0	0.0	0.0	0.0	0.0	0.0	0.0	0.0	0.0	0.0	0.0	0.0	0.0	0.0	0.0	0.0	0.0	0.0	0.0	
2.76666666667	0.0	0.0	0.0	0.0	0.0	0.0	0.0	0.0	0.0	0.0	0.0	0.0	0.0	0.0	0.0	0.0	0.0	0.0	0.0	0.0	0.0	0.0	0.0	0.0	0.0	0.0	0.0	0.0	0.0	0.0	0.0	0.0	0.0	0.0	0.0	0.0	0.0	0.0	0.0	0.0	0.0	0.0	0.0	0.0	0.0	0.0	0.0	0.0	0.0	0.0	0.0	0.0	0.0	0.0	0.0	0.0	0.0	0.0	0.0	0.0	
2.78333333333	0.0	0.0	0.0	0.0	0.0	0.0	0.0	0.0	0.0	0.0	0.0	0.0	0.0	0.0	0.0	0.0	0.0	0.0	0.0	0.0	0.0	0.0	0.0	0.0	0.0	0.0	0.0	0.0	0.0	0.0	0.0	0.0	0.0	0.0	0.0	0.0	0.0	0.0	0.0	0.0	0.0	0.0	0.0	0.0	0.0	0.0	0.0	0.0	0.0	0.0	0.0	0.0	0.0	0.0	0.0	0.0	0.0	0.0	0.0	0.0	
2.8	0.0	0.0	0.0	0.0	0.0	0.0	0.0	0.0	0.0	0.0	0.0	0.0	0.0	0.0	0.0	0.0	0.0	0.0	0.0	0.0	0.0	0.0	0.0	0.0	0.0	0.0	0.0	0.0	0.0	0.0	0.0	0.0	0.0	0.0	0.0	0.0	0.0	0.0	0.0	0.0	0.0	0.0	0.0	0.0	0.0	0.0	0.0	0.0	0.0	0.0	0.0	0.0	0.0	0.0	0.0	0.0	0.0	0.0	0.0	0.0	
2.81666666667	0.0	0.0	0.0	0.0	0.0	0.0	0.0	0.0	0.0	0.0	0.0	0.0	0.0	0.0	0.0	0.0	0.0	0.0	0.0	0.0	0.0	0.0	0.0	0.0	0.0	0.0	0.0	0.0	0.0	0.0	0.0	0.0	0.0	0.0	0.0	0.0	0.0	0.0	0.0	0.0	0.0	0.0	0.0	0.0	0.0	0.0	0.0	0.0	0.0	0.0	0.0	0.0	0.0	0.0	0.0	0.0	0.0	0.0	0.0	0.0	
2.83333333333	0.0	0.0	0.0	0.0	0.0	0.0	0.0	0.0	0.0	0.0	0.0	0.0	0.0	0.0	0.0	0.0	0.0	0.0	0.0	0.0	0.0	0.0	0.0	0.0	0.0	0.0	0.0	0.0	0.0	0.0	0.0	0.0	0.0	0.0	0.0	0.0	0.0	0.0	0.0	0.0	0.0	0.0	0.0	0.0	0.0	0.0	0.0	0.0	0.0	0.0	0.0	0.0	0.0	0.0	0.0	0.0	0.0	0.0	0.0	0.0	
2.85	0.0	0.0	0.0	0.0	0.0	0.0	0.0	0.0	0.0	0.0	0.0	0.0	0.0	0.0	0.0	0.0	0.0	0.0	0.0	0.0	0.0	0.0	0.0	0.0	0.0	0.0	0.0	0.0	0.0	0.0	0.0	0.0	0.0	0.0	0.0	0.0	0.0	0.0	0.0	0.0	0.0	0.0	0.0	0.0	0.0	0.0	0.0	0.0	0.0	0.0	0.0	0.0	0.0	0.0	0.0	0.0	0.0	0.0	0.0	0.0	
2.86666666667	0.0	0.0	0.0	0.0	0.0	0.0	0.0	0.0	0.0	0.0	0.0	0.0	0.0	0.0	0.0	0.0	0.0	0.0	0.0	0.0	0.0	0.0	0.0	0.0	0.0	0.0	0.0	0.0	0.0	0.0	0.0	0.0	0.0	0.0	0.0	0.0	0.0	0.0	0.0	0.0	0.0	0.0	0.0	0.0	0.0	0.0	0.0	0.0	0.0	0.0	0.0	0.0	0.0	0.0	0.0	0.0	0.0	0.0	0.0	0.0	
2.88333333333	0.0	0.0	0.0	0.0	0.0	0.0	0.0	0.0	0.0	0.0	0.0	0.0	0.0	0.0	0.0	0.0	0.0	0.0	0.0	0.0	0.0	0.0	0.0	0.0	0.0	0.0	0.0	0.0	0.0	0.0	0.0	0.0	0.0	0.0	0.0	0.0	0.0	0.0	0.0	0.0	0.0	0.0	0.0	0.0	0.0	0.0	0.0	0.0	0.0	0.0	0.0	0.0	0.0	0.0	0.0	0.0	0.0	0.0	0.0	0.0	
2.9	0.0	0.0	0.0	0.0	0.0	0.0	0.0	0.0	0.0	0.0	0.0	0.0	0.0	0.0	0.0	0.0	0.0	0.0	0.0	0.0	0.0	0.0	0.0	0.0	0.0	0.0	0.0	0.0	0.0	0.0	0.0	0.0	0.0	0.0	0.0	0.0	0.0	0.0	0.0	0.0	0.0	0.0	0.0	0.0	0.0	0.0	0.0	0.0	0.0	0.0	0.0	0.0	0.0	0.0	0.0	0.0	0.0	0.0	0.0	0.0	
2.91666666667	0.0	0.0	0.0	0.0	0.0	0.0	0.0	0.0	0.0	0.0	0.0	0.0	0.0	0.0	0.0	0.0	0.0	0.0	0.0	0.0	0.0	0.0	0.0	0.0	0.0	0.0	0.0	0.0	0.0	0.0	0.0	0.0	0.0	0.0	0.0	0.0	0.0	0.0	0.0	0.0	0.0	0.0	0.0	0.0	0.0	0.0	0.0	0.0	0.0	0.0	0.0	0.0	0.0	0.0	0.0	0.0	0.0	0.0	0.0	0.0	
2.93333333333	0.0	0.0	0.0	0.0	0.0	0.0	0.0	0.0	0.0	0.0	0.0	0.0	0.0	0.0	0.0	0.0	0.0	0.0	0.0	0.0	0.0	0.0	0.0	0.0	0.0	0.0	0.0	0.0	0.0	0.0	0.0	0.0	0.0	0.0	0.0	0.0	0.0	0.0	0.0	0.0	0.0	0.0	0.0	0.0	0.0	0.0	0.0	0.0	0.0	0.0	0.0	0.0	0.0	0.0	0.0	0.0	0.0	0.0	0.0	0.0	
2.95	0.0	0.0	0.0	0.0	0.0	0.0	0.0	0.0	0.0	0.0	0.0	0.0	0.0	0.0	0.0	0.0	0.0	0.0	0.0	0.0	0.0	0.0	0.0	0.0	0.0	0.0	0.0	0.0	0.0	0.0	0.0	0.0	0.0	0.0	0.0	0.0	0.0	0.0	0.0	0.0	0.0	0.0	0.0	0.0	0.0	0.0	0.0	0.0	0.0	0.0	0.0	0.0	0.0	0.0	0.0	0.0	0.0	0.0	0.0	0.0	
2.96666666667	0.0	0.0	0.0	0.0	0.0	0.0	0.0	0.0	0.0	0.0	0.0	0.0	0.0	0.0	0.0	0.0	0.0	0.0	0.0	0.0	0.0	0.0	0.0	0.0	0.0	0.0	0.0	0.0	0.0	0.0	0.0	0.0	0.0	0.0	0.0	0.0	0.0	0.0	0.0	0.0	0.0	0.0	0.0	0.0	0.0	0.0	0.0	0.0	0.0	0.0	0.0	0.0	0.0	0.0	0.0	0.0	0.0	0.0	0.0	0.0	
2.98333333333	0.0	0.0	0.0	0.0	0.0	0.0	0.0	0.0	0.0	0.0	0.0	0.0	0.0	0.0	0.0	0.0	0.0	0.0	0.0	0.0	0.0	0.0	0.0	0.0	0.0	0.0	0.0	0.0	0.0	0.0	0.0	0.0	0.0	0.0	0.0	0.0	0.0	0.0	0.0	0.0	0.0	0.0	0.0	0.0	0.0	0.0	0.0	0.0	0.0	0.0	0.0	0.0	0.0	0.0	0.0	0.0	0.0	0.0	0.0	0.0	
3.0	0.0	0.0	0.0	0.0	0.0	0.0	0.0	0.0	0.0	0.0	0.0	0.0	0.0	0.0	0.0	0.0	0.0	0.0	0.0	0.0	0.0	0.0	0.0	0.0	0.0	0.0	0.0	0.0	0.0	0.0	0.0	0.0	0.0	0.0	0.0	0.0	0.0	0.0	0.0	0.0	0.0	0.0	0.0	0.0	0.0	0.0	0.0	0.0	0.0	0.0	0.0	0.0	0.0	0.0	0.0	0.0	0.0	0.0	0.0	0.0	
3.01666666667	0.0	0.0	0.0	0.0	0.0	0.0	0.0	0.0	0.0	0.0	0.0	0.0	0.0	0.0	0.0	0.0	0.0	0.0	0.0	0.0	0.0	0.0	0.0	0.0	0.0	0.0	0.0	0.0	0.0	0.0	0.0	0.0	0.0	0.0	0.0	0.0	0.0	0.0	0.0	0.0	0.0	0.0	0.0	0.0	0.0	0.0	0.0	0.0	0.0	0.0	0.0	0.0	0.0	0.0	0.0	0.0	0.0	0.0	0.0	0.0	
3.03333333333	0.0	0.0	0.0	0.0	0.0	0.0	0.0	0.0	0.0	0.0	0.0	0.0	0.0	0.0	0.0	0.0	0.0	0.0	0.0	0.0	0.0	0.0	0.0	0.0	0.0	0.0	0.0	0.0	0.0	0.0	0.0	0.0	0.0	0.0	0.0	0.0	0.0	0.0	0.0	0.0	0.0	0.0	0.0	0.0	0.0	0.0	0.0	0.0	0.0	0.0	0.0	0.0	0.0	0.0	0.0	0.0	0.0	0.0	0.0	0.0	
3.05	0.0	0.0	0.0	0.0	0.0	0.0	0.0	0.0	0.0	0.0	0.0	0.0	0.0	0.0	0.0	0.0	0.0	0.0	0.0	0.0	0.0	0.0	0.0	0.0	0.0	0.0	0.0	0.0	0.0	0.0	0.0	0.0	0.0	0.0	0.0	0.0	0.0	0.0	0.0	0.0	0.0	0.0	0.0	0.0	0.0	0.0	0.0	0.0	0.0	0.0	0.0	0.0	0.0	0.0	0.0	0.0	0.0	0.0	0.0	0.0	
3.06666666667	0.0	0.0	0.0	0.0	0.0	0.0	0.0	0.0	0.0	0.0	0.0	0.0	0.0	0.0	0.0	0.0	0.0	0.0	0.0	0.0	0.0	0.0	0.0	0.0	0.0	0.0	0.0	0.0	0.0	0.0	0.0	0.0	0.0	0.0	0.0	0.0	0.0	0.0	0.0	0.0	0.0	0.0	0.0	0.0	0.0	0.0	0.0	0.0	0.0	0.0	0.0	0.0	0.0	0.0	0.0	0.0	0.0	0.0	0.0	0.0	
3.08333333333	0.0	0.0	0.0	0.0	0.0	0.0	0.0	0.0	0.0	0.0	0.0	0.0	0.0	0.0	0.0	0.0	0.0	0.0	0.0	0.0	0.0	0.0	0.0	0.0	0.0	0.0	0.0	0.0	0.0	0.0	0.0	0.0	0.0	0.0	0.0	0.0	0.0	0.0	0.0	0.0	0.0	0.0	0.0	0.0	0.0	0.0	0.0	0.0	0.0	0.0	0.0	0.0	0.0	0.0	0.0	0.0	0.0	0.0	0.0	0.0	
3.1	0.0	0.0	0.0	0.0	0.0	0.0	0.0	0.0	0.0	0.0	0.0	0.0	0.0	0.0	0.0	0.0	0.0	0.0	0.0	0.0	0.0	0.0	0.0	0.0	0.0	0.0	0.0	0.0	0.0	0.0	0.0	0.0	0.0	0.0	0.0	0.0	0.0	0.0	0.0	0.0	0.0	0.0	0.0	0.0	0.0	0.0	0.0	0.0	0.0	0.0	0.0	0.0	0.0	0.0	0.0	0.0	0.0	0.0	0.0	0.0	
3.11666666667	0.0	0.0	0.0	0.0	0.0	0.0	0.0	0.0	0.0	0.0	0.0	0.0	0.0	0.0	0.0	0.0	0.0	0.0	0.0	0.0	0.0	0.0	0.0	0.0	0.0	0.0	0.0	0.0	0.0	0.0	0.0	0.0	0.0	0.0	0.0	0.0	0.0	0.0	0.0	0.0	0.0	0.0	0.0	0.0	0.0	0.0	0.0	0.0	0.0	0.0	0.0	0.0	0.0	0.0	0.0	0.0	0.0	0.0	0.0	0.0	
3.13333333333	0.0	0.0	0.0	0.0	0.0	0.0	0.0	0.0	0.0	0.0	0.0	0.0	0.0	0.0	0.0	0.0	0.0	0.0	0.0	0.0	0.0	0.0	0.0	0.0	0.0	0.0	0.0	0.0	0.0	0.0	0.0	0.0	0.0	0.0	0.0	0.0	0.0	0.0	0.0	0.0	0.0	0.0	0.0	0.0	0.0	0.0	0.0	0.0	0.0	0.0	0.0	0.0	0.0	0.0	0.0	0.0	0.0	0.0	0.0	0.0	
3.15	0.0	0.0	0.0	0.0	0.0	0.0	0.0	0.0	0.0	0.0	0.0	0.0	0.0	0.0	0.0	0.0	0.0	0.0	0.0	0.0	0.0	0.0	0.0	0.0	0.0	0.0	0.0	0.0	0.0	0.0	0.0	0.0	0.0	0.0	0.0	0.0	0.0	0.0	0.0	0.0	0.0	0.0	0.0	0.0	0.0	0.0	0.0	0.0	0.0	0.0	0.0	0.0	0.0	0.0	0.0	0.0	0.0	0.0	0.0	0.0	
3.16666666667	0.0	0.0	0.0	0.0	0.0	0.0	0.0	0.0	0.0	0.0	0.0	0.0	0.0	0.0	0.0	0.0	0.0	0.0	0.0	0.0	0.0	0.0	0.0	0.0	0.0	0.0	0.0	0.0	0.0	0.0	0.0	0.0	0.0	0.0	0.0	0.0	0.0	0.0	0.0	0.0	0.0	0.0	0.0	0.0	0.0	0.0	0.0	0.0	0.0	0.0	0.0	0.0	0.0	0.0	0.0	0.0	0.0	0.0	0.0	0.0	
3.18333333333	0.0	0.0	0.0	0.0	0.0	0.0	0.0	0.0	0.0	0.0	0.0	0.0	0.0	0.0	0.0	0.0	0.0	0.0	0.0	0.0	0.0	0.0	0.0	0.0	0.0	0.0	0.0	0.0	0.0	0.0	0.0	0.0	0.0	0.0	0.0	0.0	0.0	0.0	0.0	0.0	0.0	0.0	0.0	0.0	0.0	0.0	0.0	0.0	0.0	0.0	0.0	0.0	0.0	0.0	0.0	0.0	0.0	0.0	0.0	0.0	
3.2	0.0	0.0	0.0	0.0	0.0	0.0	0.0	0.0	0.0	0.0	0.0	0.0	0.0	0.0	0.0	0.0	0.0	0.0	0.0	0.0	0.0	0.0	0.0	0.0	0.0	0.0	0.0	0.0	0.0	0.0	0.0	0.0	0.0	0.0	0.0	0.0	0.0	0.0	0.0	0.0	0.0	0.0	0.0	0.0	0.0	0.0	0.0	0.0	0.0	0.0	0.0	0.0	0.0	0.0	0.0	0.0	0.0	0.0	0.0	0.0	
3.21666666667	0.0	0.0	0.0	0.0	0.0	0.0	0.0	0.0	0.0	0.0	0.0	0.0	0.0	0.0	0.0	0.0	0.0	0.0	0.0	0.0	0.0	0.0	0.0	0.0	0.0	0.0	0.0	0.0	0.0	0.0	0.0	0.0	0.0	0.0	0.0	0.0	0.0	0.0	0.0	0.0	0.0	0.0	0.0	0.0	0.0	0.0	0.0	0.0	0.0	0.0	0.0	0.0	0.0	0.0	0.0	0.0	0.0	0.0	0.0	0.0	
3.23333333333	0.0	0.0	0.0	0.0	0.0	0.0	0.0	0.0	0.0	0.0	0.0	0.0	0.0	0.0	0.0	0.0	0.0	0.0	0.0	0.0	0.0	0.0	0.0	0.0	0.0	0.0	0.0	0.0	0.0	0.0	0.0	0.0	0.0	0.0	0.0	0.0	0.0	0.0	0.0	0.0	0.0	0.0	0.0	0.0	0.0	0.0	0.0	0.0	0.0	0.0	0.0	0.0	0.0	0.0	0.0	0.0	0.0	0.0	0.0	0.0	
3.25	0.0	0.0	0.0	0.0	0.0	0.0	0.0	0.0	0.0	0.0	0.0	0.0	0.0	0.0	0.0	0.0	0.0	0.0	0.0	0.0	0.0	0.0	0.0	0.0	0.0	0.0	0.0	0.0	0.0	0.0	0.0	0.0	0.0	0.0	0.0	0.0	0.0	0.0	0.0	0.0	0.0	0.0	0.0	0.0	0.0	0.0	0.0	0.0	0.0	0.0	0.0	0.0	0.0	0.0	0.0	0.0	0.0	0.0	0.0	0.0	
3.26666666667	0.0	0.0	0.0	0.0	0.0	0.0	0.0	0.0	0.0	0.0	0.0	0.0	0.0	0.0	0.0	0.0	0.0	0.0	0.0	0.0	0.0	0.0	0.0	0.0	0.0	0.0	0.0	0.0	0.0	0.0	0.0	0.0	0.0	0.0	0.0	0.0	0.0	0.0	0.0	0.0	0.0	0.0	0.0	0.0	0.0	0.0	0.0	0.0	0.0	0.0	0.0	0.0	0.0	0.0	0.0	0.0	0.0	0.0	0.0	0.0	
3.28333333333	0.0	0.0	0.0	0.0	0.0	0.0	0.0	0.0	0.0	0.0	0.0	0.0	0.0	0.0	0.0	0.0	0.0	0.0	0.0	0.0	0.0	0.0	0.0	0.0	0.0	0.0	0.0	0.0	0.0	0.0	0.0	0.0	0.0	0.0	0.0	0.0	0.0	0.0	0.0	0.0	0.0	0.0	0.0	0.0	0.0	0.0	0.0	0.0	0.0	0.0	0.0	0.0	0.0	0.0	0.0	0.0	0.0	0.0	0.0	0.0	
3.3	0.0	0.0	0.0	0.0	0.0	0.0	0.0	0.0	0.0	0.0	0.0	0.0	0.0	0.0	0.0	0.0	0.0	0.0	0.0	0.0	0.0	0.0	0.0	0.0	0.0	0.0	0.0	0.0	0.0	0.0	0.0	0.0	0.0	0.0	0.0	0.0	0.0	0.0	0.0	0.0	0.0	0.0	0.0	0.0	0.0	0.0	0.0	0.0	0.0	0.0	0.0	0.0	0.0	0.0	0.0	0.0	0.0	0.0	0.0	0.0	
3.31666666667	0.0	0.0	0.0	0.0	0.0	0.0	0.0	0.0	0.0	0.0	0.0	0.0	0.0	0.0	0.0	0.0	0.0	0.0	0.0	0.0	0.0	0.0	0.0	0.0	0.0	0.0	0.0	0.0	0.0	0.0	0.0	0.0	0.0	0.0	0.0	0.0	0.0	0.0	0.0	0.0	0.0	0.0	0.0	0.0	0.0	0.0	0.0	0.0	0.0	0.0	0.0	0.0	0.0	0.0	0.0	0.0	0.0	0.0	0.0	0.0	
3.33333333333	0.0	0.0	0.0	0.0	0.0	0.0	0.0	0.0	0.0	0.0	0.0	0.0	0.0	0.0	0.0	0.0	0.0	0.0	0.0	0.0	0.0	0.0	0.0	0.0	0.0	0.0	0.0	0.0	0.0	0.0	0.0	0.0	0.0	0.0	0.0	0.0	0.0	0.0	0.0	0.0	0.0	0.0	0.0	0.0	0.0	0.0	0.0	0.0	0.0	0.0	0.0	0.0	0.0	0.0	0.0	0.0	0.0	0.0	0.0	0.0	
3.35	0.0	0.0	0.0	0.0	0.0	0.0	0.0	0.0	0.0	0.0	0.0	0.0	0.0	0.0	0.0	0.0	0.0	0.0	0.0	0.0	0.0	0.0	0.0	0.0	0.0	0.0	0.0	0.0	0.0	0.0	0.0	0.0	0.0	0.0	0.0	0.0	0.0	0.0	0.0	0.0	0.0	0.0	0.0	0.0	0.0	0.0	0.0	0.0	0.0	0.0	0.0	0.0	0.0	0.0	0.0	0.0	0.0	0.0	0.0	0.0	
3.36666666667	121.4	122.6	123.8	125.0	126.2	127.4	128.6	129.8	131.0	132.2	0.0	0.0	-3.34662994642e-06	-1.50603769204e-06	-1.44702560974e-06	-1.07471873612e-06	-1.6791800042e-06	-1.8746344958e-06	-4.24597031002e-06	-5.09605125419e-06	0.0	-2.78885828869e-06	1.53382687865e-06	4.91767352508e-08	3.10255728013e-07	-5.03717723401e-07	-1.62878743002e-07	-1.97611317852e-06	-7.08400786806e-07	-1.76319522756e-06	155.394251396	155.437867462	155.481483529	155.525099596	155.568715662	155.612331729	155.655947795	155.699563862	155.743179928	155.786795995	-4.28680299279	-3.6281696087	-2.96953622462	-2.31090284054	-1.65226945645	-0.993636072371	-0.335002688288	0.323630695795	0.982264079879	1.64089746396	0.066125522072	0.066125522072	0.066125522072	0.066125522072	0.066125522072	0.066125522072	0.066125522072	0.066125522072	0.066125522072	0.066125522072	
3.38333333333	121.4	122.6	123.8	125.0	126.2	127.4	128.6	129.8	131.0	132.2	0.0	0.0	-3.34662994642e-06	-1.50603769204e-06	-1.44702560974e-06	-1.07471873612e-06	-1.6791800042e-06	-1.8746344958e-06	-4.24597031002e-06	-5.09605125419e-06	0.0	-2.78885828869e-06	1.53382687865e-06	4.91767352508e-08	3.10255728013e-07	-5.03717723401e-07	-1.62878743002e-07	-1.97611317852e-06	-7.08400786806e-07	-1.76319522756e-06	155.394251396	155.437867462	155.481483529	155.525099596	155.568715662	155.612331729	155.655947795	155.699563862	155.743179928	155.786795995	-4.28680299279	-3.6281696087	-2.96953622462	-2.31090284054	-1.65226945645	-0.993636072371	-0.335002688288	0.323630695795	0.982264079879	1.64089746396	0.066125522072	0.066125522072	0.066125522072	0.066125522072	0.066125522072	0.066125522072	0.066125522072	0.066125522072	0.066125522072	0.066125522072	
3.4	121.4	122.6	123.8	125.0	126.2	127.4	128.6	129.8	131.0	132.2	0.0	0.0	-3.34662994642e-06	-1.50603769204e-06	-1.44702560974e-06	-1.07471873612e-06	-1.6791800042e-06	-1.8746344958e-06	-4.24597031002e-06	-5.09605125419e-06	0.0	-2.78885828869e-06	1.53382687865e-06	4.91767352508e-08	3.10255728013e-07	-5.03717723401e-07	-1.62878743002e-07	-1.97611317852e-06	-7.08400786806e-07	-1.76319522756e-06	155.394251396	155.437867462	155.481483529	155.525099596	155.568715662	155.612331729	155.655947795	155.699563862	155.743179928	155.786795995	-4.28680299279	-3.6281696087	-2.96953622462	-2.31090284054	-1.65226945645	-0.993636072371	-0.335002688288	0.323630695795	0.982264079879	1.64089746396	0.066125522072	0.066125522072	0.066125522072	0.066125522072	0.066125522072	0.066125522072	0.066125522072	0.066125522072	0.066125522072	0.066125522072	
3.41666666667	121.4	122.6	123.8	125.0	126.2	127.4	128.6	129.8	131.0	132.2	0.0	0.0	-3.34662994642e-06	-1.50603769204e-06	-1.44702560974e-06	-1.07471873612e-06	-1.6791800042e-06	-1.8746344958e-06	-4.24597031002e-06	-5.09605125419e-06	0.0	-2.78885828869e-06	1.53382687865e-06	4.91767352508e-08	3.10255728013e-07	-5.03717723401e-07	-1.62878743002e-07	-1.97611317852e-06	-7.08400786806e-07	-1.76319522756e-06	155.394251396	155.437867462	155.481483529	155.525099596	155.568715662	155.612331729	155.655947795	155.699563862	155.743179928	155.786795995	-4.28680299279	-3.6281696087	-2.96953622462	-2.31090284054	-1.65226945645	-0.993636072371	-0.335002688288	0.323630695795	0.982264079879	1.64089746396	0.066125522072	0.066125522072	0.066125522072	0.066125522072	0.066125522072	0.066125522072	0.066125522072	0.066125522072	0.066125522072	0.066125522072	
3.43333333333	121.4	122.6	123.8	125.0	126.2	127.4	128.6	129.8	131.0	132.2	0.0	0.0	-3.34662994642e-06	-1.50603769204e-06	-1.44702560974e-06	-1.07471873612e-06	-1.6791800042e-06	-1.8746344958e-06	-4.24597031002e-06	-5.09605125419e-06	0.0	-2.78885828869e-06	1.53382687865e-06	4.91767352508e-08	3.10255728013e-07	-5.03717723401e-07	-1.62878743002e-07	-1.97611317852e-06	-7.08400786806e-07	-1.76319522756e-06	155.394251396	155.437867462	155.481483529	155.525099596	155.568715662	155.612331729	155.655947795	155.699563862	155.743179928	155.786795995	-4.28680299279	-3.6281696087	-2.96953622462	-2.31090284054	-1.65226945645	-0.993636072371	-0.335002688288	0.323630695795	0.982264079879	1.64089746396	0.066125522072	0.066125522072	0.066125522072	0.066125522072	0.066125522072	0.066125522072	0.066125522072	0.066125522072	0.066125522072	0.066125522072	
3.45	121.4	122.6	123.8	125.0	126.2	127.4	128.6	129.8	131.0	132.2	0.0	0.0	-3.34662994642e-06	-1.50603769204e-06	-1.44702560974e-06	-1.07471873612e-06	-1.6791800042e-06	-1.8746344958e-06	-4.24597031002e-06	-5.09605125419e-06	0.0	-2.78885828869e-06	1.53382687865e-06	4.91767352508e-08	3.10255728013e-07	-5.03717723401e-07	-1.62878743002e-07	-1.97611317852e-06	-7.08400786806e-07	-1.76319522756e-06	155.394251396	155.437867462	155.481483529	155.525099596	155.568715662	155.612331729	155.655947795	155.699563862	155.743179928	155.786795995	-4.28680299279	-3.6281696087	-2.96953622462	-2.31090284054	-1.65226945645	-0.993636072371	-0.335002688288	0.323630695795	0.982264079879	1.64089746396	0.066125522072	0.066125522072	0.066125522072	0.066125522072	0.066125522072	0.066125522072	0.066125522072	0.066125522072	0.066125522072	0.066125522072	
3.46666666667	122.51171	123.65285	124.79399	125.93513	127.07627	128.217410001	129.358550001	130.499690001	131.640830001	132.781970001	0.0	0.0	6.94546274873e-07	-6.93140885681e-06	-9.25173010651e-06	-2.1669433316e-05	-2.56467177455e-05	-3.90986237623e-05	-4.1782991609e-05	-5.50135018154e-05	0.0	6.08642475783e-07	-6.68275157395e-06	-2.03333618093e-06	-1.08818402726e-05	-3.48536062989e-06	-1.17881294285e-05	-2.35235628094e-06	-1.15941165901e-05	-1.90239249743e-06	155.486982238	155.612321076	155.737659915	155.862998753	155.988337592	156.11367643	156.239015268	156.364354107	156.489692945	156.615031784	-3.69178351993	-3.1439981908	-2.59621286167	-2.04842753254	-1.50064220341	-0.952856874276	-0.405071545146	0.142713783984	0.690499113114	1.23828444224	0.224938016885	0.224938016885	0.224938016885	0.224938016885	0.224938016885	0.224938016885	0.224938016885	0.224938016885	0.224938016885	0.224938016885	
3.48333333333	122.51171	123.65285	124.79399	125.93513	127.07627	128.217410001	129.358550001	130.499690001	131.640830001	132.781970001	0.0	0.0	6.94546274873e-07	-6.93140885681e-06	-9.25173010651e-06	-2.1669433316e-05	-2.56467177455e-05	-3.90986237623e-05	-4.1782991609e-05	-5.50135018154e-05	0.0	6.08642475783e-07	-6.68275157395e-06	-2.03333618093e-06	-1.08818402726e-05	-3.48536062989e-06	-1.17881294285e-05	-2.35235628094e-06	-1.15941165901e-05	-1.90239249743e-06	155.486982238	155.612321076	155.737659915	155.862998753	155.988337592	156.11367643	156.239015268	156.364354107	156.489692945	156.615031784	-3.69178351993	-3.1439981908	-2.59621286167	-2.04842753254	-1.50064220341	-0.952856874276	-0.405071545146	0.142713783984	0.690499113114	1.23828444224	0.224938016885	0.224938016885	0.224938016885	0.224938016885	0.224938016885	0.224938016885	0.224938016885	0.224938016885	0.224938016885	0.224938016885	
3.5	122.51171	123.65285	124.79399	125.93513	127.07627	128.217410001	129.358550001	130.499690001	131.640830001	132.781970001	0.0	0.0	6.94546274873e-07	-6.93140885681e-06	-9.25173010651e-06	-2.1669433316e-05	-2.56467177455e-05	-3.90986237623e-05	-4.1782991609e-05	-5.50135018154e-05	0.0	6.08642475783e-07	-6.68275157395e-06	-2.03333618093e-06	-1.08818402726e-05	-3.48536062989e-06	-1.17881294285e-05	-2.35235628094e-06	-1.15941165901e-05	-1.90239249743e-06	155.486982238	155.612321076	155.737659915	155.862998753	155.988337592	156.11367643	156.239015268	156.364354107	156.489692945	156.615031784	-3.69178351993	-3.1439981908	-2.59621286167	-2.04842753254	-1.50064220341	-0.952856874276	-0.405071545146	0.142713783984	0.690499113114	1.23828444224	0.224938016885	0.224938016885	0.224938016885	0.224938016885	0.224938016885	0.224938016885	0.224938016885	0.224938016885	0.224938016885	0.224938016885	
3.51666666667	122.51171	123.65285	124.79399	125.93513	127.07627	128.217410001	129.358550001	130.499690001	131.640830001	132.781970001	0.0	0.0	6.94546274873e-07	-6.93140885681e-06	-9.25173010651e-06	-2.1669433316e-05	-2.56467177455e-05	-3.90986237623e-05	-4.1782991609e-05	-5.50135018154e-05	0.0	6.08642475783e-07	-6.68275157395e-06	-2.03333618093e-06	-1.08818402726e-05	-3.48536062989e-06	-1.17881294285e-05	-2.35235628094e-06	-1.15941165901e-05	-1.90239249743e-06	155.486982238	155.612321076	155.737659915	155.862998753	155.988337592	156.11367643	156.239015268	156.364354107	156.489692945	156.615031784	-3.69178351993	-3.1439981908	-2.59621286167	-2.04842753254	-1.50064220341	-0.952856874276	-0.405071545146	0.142713783984	0.690499113114	1.23828444224	0.224938016885	0.224938016885	0.224938016885	0.224938016885	0.224938016885	0.224938016885	0.224938016885	0.224938016885	0.224938016885	0.224938016885	
3.53333333333	122.51171	123.65285	124.79399	125.93513	127.07627	128.217410001	129.358550001	130.499690001	131.640830001	132.781970001	0.0	0.0	6.94546274873e-07	-6.93140885681e-06	-9.25173010651e-06	-2.1669433316e-05	-2.56467177455e-05	-3.90986237623e-05	-4.1782991609e-05	-5.50135018154e-05	0.0	6.08642475783e-07	-6.68275157395e-06	-2.03333618093e-06	-1.08818402726e-05	-3.48536062989e-06	-1.17881294285e-05	-2.35235628094e-06	-1.15941165901e-05	-1.90239249743e-06	155.486982238	155.612321076	155.737659915	155.862998753	155.988337592	156.11367643	156.239015268	156.364354107	156.489692945	156.615031784	-3.69178351993	-3.1439981908	-2.59621286167	-2.04842753254	-1.50064220341	-0.952856874276	-0.405071545146	0.142713783984	0.690499113114	1.23828444224	0.224938016885	0.224938016885	0.224938016885	0.224938016885	0.224938016885	0.224938016885	0.224938016885	0.224938016885	0.224938016885	0.224938016885	
3.55	122.51171	123.65285	124.79399	125.93513	127.07627	128.217410001	129.358550001	130.499690001	131.640830001	132.781970001	0.0	0.0	6.94546274873e-07	-6.93140885681e-06	-9.25173010651e-06	-2.1669433316e-05	-2.56467177455e-05	-3.90986237623e-05	-4.1782991609e-05	-5.50135018154e-05	0.0	6.08642475783e-07	-6.68275157395e-06	-2.03333618093e-06	-1.08818402726e-05	-3.48536062989e-06	-1.17881294285e-05	-2.35235628094e-06	-1.15941165901e-05	-1.90239249743e-06	155.486982238	155.612321076	155.737659915	155.862998753	155.988337592	156.11367643	156.239015268	156.364354107	156.489692945	156.615031784	-3.69178351993	-3.1439981908	-2.59621286167	-2.04842753254	-1.50064220341	-0.952856874276	-0.405071545146	0.142713783984	0.690499113114	1.23828444224	0.224938016885	0.224938016885	0.224938016885	0.224938016885	0.224938016885	0.224938016885	0.224938016885	0.224938016885	0.224938016885	0.224938016885	
3.56666666667	122.51171	123.65285	124.79399	125.93513	127.07627	128.217410001	129.358550001	130.499690001	131.640830001	132.781970001	0.0	0.0	6.94546274873e-07	-6.93140885681e-06	-9.25173010651e-06	-2.1669433316e-05	-2.56467177455e-05	-3.90986237623e-05	-4.1782991609e-05	-5.50135018154e-05	0.0	6.08642475783e-07	-6.68275157395e-06	-2.03333618093e-06	-1.08818402726e-05	-3.48536062989e-06	-1.17881294285e-05	-2.35235628094e-06	-1.15941165901e-05	-1.90239249743e-06	155.486982238	155.612321076	155.737659915	155.862998753	155.988337592	156.11367643	156.239015268	156.364354107	156.489692945	156.615031784	-3.69178351993	-3.1439981908	-2.59621286167	-2.04842753254	-1.50064220341	-0.952856874276	-0.405071545146	0.142713783984	0.690499113114	1.23828444224	0.224938016885	0.224938016885	0.224938016885	0.224938016885	0.224938016885	0.224938016885	0.224938016885	0.224938016885	0.224938016885	0.224938016885	
3.58333333333	123.7343125	124.8067825	125.8792525	126.951722501	128.024192501	129.096662501	130.169132501	131.241602501	132.314072501	133.386542501	0.0	0.0	7.20897800197e-07	1.46587937705e-06	2.89908024257e-06	4.00178375141e-06	5.08292342215e-06	4.84518933601e-06	5.89761139495e-06	5.48036661629e-06	0.0	6.72184583373e-07	6.94640947334e-07	1.33635520377e-06	1.02819054028e-06	1.00808383511e-06	-2.21669684114e-07	9.81306758085e-07	-3.89050303152e-07	6.45418595105e-07	155.682282408	155.876539546	156.070796684	156.265053823	156.459310961	156.653568099	156.847825237	157.042082375	157.236339514	157.430596652	-3.14771576808	-2.74463091508	-2.34154606208	-1.93846120908	-1.53537635608	-1.13229150308	-0.729206650078	-0.326121797079	0.0769630559211	0.480047908921	0.44908427881	0.44908427881	0.44908427881	0.44908427881	0.44908427881	0.44908427881	0.44908427881	0.44908427881	0.44908427881	0.44908427881	
3.6	123.7343125	124.8067825	125.8792525	126.951722501	128.024192501	129.096662501	130.169132501	131.241602501	132.314072501	133.386542501	0.0	0.0	7.20897800197e-07	1.46587937705e-06	2.89908024257e-06	4.00178375141e-06	5.08292342215e-06	4.84518933601e-06	5.89761139495e-06	5.48036661629e-06	0.0	6.72184583373e-07	6.94640947334e-07	1.33635520377e-06	1.02819054028e-06	1.00808383511e-06	-2.21669684114e-07	9.81306758085e-07	-3.89050303152e-07	6.45418595105e-07	155.682282408	155.876539546	156.070796684	156.265053823	156.459310961	156.653568099	156.847825237	157.042082375	157.236339514	157.430596652	-3.14771576808	-2.74463091508	-2.34154606208	-1.93846120908	-1.53537635608	-1.13229150308	-0.729206650078	-0.326121797079	0.0769630559211	0.480047908921	0.44908427881	0.44908427881	0.44908427881	0.44908427881	0.44908427881	0.44908427881	0.44908427881	0.44908427881	0.44908427881	0.44908427881	
3.61666666667	123.7343125	124.8067825	125.8792525	126.951722501	128.024192501	129.096662501	130.169132501	131.241602501	132.314072501	133.386542501	0.0	0.0	7.20897800197e-07	1.46587937705e-06	2.89908024257e-06	4.00178375141e-06	5.08292342215e-06	4.84518933601e-06	5.89761139495e-06	5.48036661629e-06	0.0	6.72184583373e-07	6.94640947334e-07	1.33635520377e-06	1.02819054028e-06	1.00808383511e-06	-2.21669684114e-07	9.81306758085e-07	-3.89050303152e-07	6.45418595105e-07	155.682282408	155.876539546	156.070796684	156.265053823	156.459310961	156.653568099	156.847825237	157.042082375	157.236339514	157.430596652	-3.14771576808	-2.74463091508	-2.34154606208	-1.93846120908	-1.53537635608	-1.13229150308	-0.729206650078	-0.326121797079	0.0769630559211	0.480047908921	0.44908427881	0.44908427881	0.44908427881	0.44908427881	0.44908427881	0.44908427881	0.44908427881	0.44908427881	0.44908427881	0.44908427881	
3.63333333333	123.7343125	124.8067825	125.8792525	126.951722501	128.024192501	129.096662501	130.169132501	131.241602501	132.314072501	133.386542501	0.0	0.0	7.20897800197e-07	1.46587937705e-06	2.89908024257e-06	4.00178375141e-06	5.08292342215e-06	4.84518933601e-06	5.89761139495e-06	5.48036661629e-06	0.0	6.72184583373e-07	6.94640947334e-07	1.33635520377e-06	1.02819054028e-06	1.00808383511e-06	-2.21669684114e-07	9.81306758085e-07	-3.89050303152e-07	6.45418595105e-07	155.682282408	155.876539546	156.070796684	156.265053823	156.459310961	156.653568099	156.847825237	157.042082375	157.236339514	157.430596652	-3.14771576808	-2.74463091508	-2.34154606208	-1.93846120908	-1.53537635608	-1.13229150308	-0.729206650078	-0.326121797079	0.0769630559211	0.480047908921	0.44908427881	0.44908427881	0.44908427881	0.44908427881	0.44908427881	0.44908427881	0.44908427881	0.44908427881	0.44908427881	0.44908427881	
3.65	123.7343125	124.8067825	125.8792525	126.951722501	128.024192501	129.096662501	130.169132501	131.241602501	132.314072501	133.386542501	0.0	0.0	7.20897800197e-07	1.46587937705e-06	2.89908024257e-06	4.00178375141e-06	5.08292342215e-06	4.84518933601e-06	5.89761139495e-06	5.48036661629e-06	0.0	6.72184583373e-07	6.94640947334e-07	1.33635520377e-06	1.02819054028e-06	1.00808383511e-06	-2.21669684114e-07	9.81306758085e-07	-3.89050303152e-07	6.45418595105e-07	155.682282408	155.876539546	156.070796684	156.265053823	156.459310961	156.653568099	156.847825237	157.042082375	157.236339514	157.430596652	-3.14771576808	-2.74463091508	-2.34154606208	-1.93846120908	-1.53537635608	-1.13229150308	-0.729206650078	-0.326121797079	0.0769630559211	0.480047908921	0.44908427881	0.44908427881	0.44908427881	0.44908427881	0.44908427881	0.44908427881	0.44908427881	0.44908427881	0.44908427881	0.44908427881	
3.66666666667	123.7343125	124.8067825	125.8792525	126.951722501	128.024192501	129.096662501	130.169132501	131.241602501	132.314072501	133.386542501	0.0	0.0	7.20897800197e-07	1.46587937705e-06	2.89908024257e-06	4.00178375141e-06	5.08292342215e-06	4.84518933601e-06	5.89761139495e-06	5.48036661629e-06	0.0	6.72184583373e-07	6.94640947334e-07	1.33635520377e-06	1.02819054028e-06	1.00808383511e-06	-2.21669684114e-07	9.81306758085e-07	-3.89050303152e-07	6.45418595105e-07	155.682282408	155.876539546	156.070796684	156.265053823	156.459310961	156.653568099	156.847825237	157.042082375	157.236339514	157.430596652	-3.14771576808	-2.74463091508	-2.34154606208	-1.93846120908	-1.53537635608	-1.13229150308	-0.729206650078	-0.326121797079	0.0769630559211	0.480047908921	0.44908427881	0.44908427881	0.44908427881	0.44908427881	0.44908427881	0.44908427881	0.44908427881	0.44908427881	0.44908427881	0.44908427881	
3.68333333333	123.7343125	124.8067825	125.8792525	126.951722501	128.024192501	129.096662501	130.169132501	131.241602501	132.314072501	133.386542501	0.0	0.0	7.20897800197e-07	1.46587937705e-06	2.89908024257e-06	4.00178375141e-06	5.08292342215e-06	4.84518933601e-06	5.89761139495e-06	5.48036661629e-06	0.0	6.72184583373e-07	6.94640947334e-07	1.33635520377e-06	1.02819054028e-06	1.00808383511e-06	-2.21669684114e-07	9.81306758085e-07	-3.89050303152e-07	6.45418595105e-07	155.682282408	155.876539546	156.070796684	156.265053823	156.459310961	156.653568099	156.847825237	157.042082375	157.236339514	157.430596652	-3.14771576808	-2.74463091508	-2.34154606208	-1.93846120908	-1.53537635608	-1.13229150308	-0.729206650078	-0.326121797079	0.0769630559211	0.480047908921	0.44908427881	0.44908427881	0.44908427881	0.44908427881	0.44908427881	0.44908427881	0.44908427881	0.44908427881	0.44908427881	0.44908427881	
3.7	124.8768	125.8806	126.884400001	127.888200001	128.892000001	129.895800001	130.899600001	131.903400001	132.907200001	133.911000001	0.0	0.0	-5.63809112952e-07	8.33181007123e-07	1.96924105565e-06	3.9012273064e-06	6.28585029061e-06	9.56468706145e-06	1.25629243146e-05	1.55724326796e-05	0.0	-5.61674748848e-07	1.39170165365e-06	1.13175936283e-06	1.92467249506e-06	2.37559572023e-06	3.26642435794e-06	2.98688708191e-06	2.99811552568e-06	3.20455627961e-06	155.933201353	156.157327368	156.381453383	156.605579398	156.829705413	157.053831428	157.277957443	157.502083458	157.726209473	157.950335487	-2.78124399861	-2.5350098271	-2.28877565559	-2.04254148408	-1.79630731258	-1.55007314107	-1.30383896956	-1.05760479805	-0.811370626542	-0.565136455034	0.738430120691	0.738430120691	0.738430120691	0.738430120691	0.738430120691	0.738430120691	0.738430120691	0.738430120691	0.738430120691	0.738430120691	
3.71666666667	124.8768	125.8806	126.884400001	127.888200001	128.892000001	129.895800001	130.899600001	131.903400001	132.907200001	133.911000001	0.0	0.0	-5.63809112952e-07	8.33181007123e-07	1.96924105565e-06	3.9012273064e-06	6.28585029061e-06	9.56468706145e-06	1.25629243146e-05	1.55724326796e-05	0.0	-5.61674748848e-07	1.39170165365e-06	1.13175936283e-06	1.92467249506e-06	2.37559572023e-06	3.26642435794e-06	2.98688708191e-06	2.99811552568e-06	3.20455627961e-06	155.933201353	156.157327368	156.381453383	156.605579398	156.829705413	157.053831428	157.277957443	157.502083458	157.726209473	157.950335487	-2.78124399861	-2.5350098271	-2.28877565559	-2.04254148408	-1.79630731258	-1.55007314107	-1.30383896956	-1.05760479805	-0.811370626542	-0.565136455034	0.738430120691	0.738430120691	0.738430120691	0.738430120691	0.738430120691	0.738430120691	0.738430120691	0.738430120691	0.738430120691	0.738430120691	
3.73333333333	124.8768	125.8806	126.884400001	127.888200001	128.892000001	129.895800001	130.899600001	131.903400001	132.907200001	133.911000001	0.0	0.0	-5.63809112952e-07	8.33181007123e-07	1.96924105565e-06	3.9012273064e-06	6.28585029061e-06	9.56468706145e-06	1.25629243146e-05	1.55724326796e-05	0.0	-5.61674748848e-07	1.39170165365e-06	1.13175936283e-06	1.92467249506e-06	2.37559572023e-06	3.26642435794e-06	2.98688708191e-06	2.99811552568e-06	3.20455627961e-06	155.933201353	156.157327368	156.381453383	156.605579398	156.829705413	157.053831428	157.277957443	157.502083458	157.726209473	157.950335487	-2.78124399861	-2.5350098271	-2.28877565559	-2.04254148408	-1.79630731258	-1.55007314107	-1.30383896956	-1.05760479805	-0.811370626542	-0.565136455034	0.738430120691	0.738430120691	0.738430120691	0.738430120691	0.738430120691	0.738430120691	0.738430120691	0.738430120691	0.738430120691	0.738430120691	
3.75	124.8768	125.8806	126.884400001	127.888200001	128.892000001	129.895800001	130.899600001	131.903400001	132.907200001	133.911000001	0.0	0.0	-5.63809112952e-07	8.33181007123e-07	1.96924105565e-06	3.9012273064e-06	6.28585029061e-06	9.56468706145e-06	1.25629243146e-05	1.55724326796e-05	0.0	-5.61674748848e-07	1.39170165365e-06	1.13175936283e-06	1.92467249506e-06	2.37559572023e-06	3.26642435794e-06	2.98688708191e-06	2.99811552568e-06	3.20455627961e-06	155.933201353	156.157327368	156.381453383	156.605579398	156.829705413	157.053831428	157.277957443	157.502083458	157.726209473	157.950335487	-2.78124399861	-2.5350098271	-2.28877565559	-2.04254148408	-1.79630731258	-1.55007314107	-1.30383896956	-1.05760479805	-0.811370626542	-0.565136455034	0.738430120691	0.738430120691	0.738430120691	0.738430120691	0.738430120691	0.738430120691	0.738430120691	0.738430120691	0.738430120691	0.738430120691	
3.76666666667	124.8768	125.8806	126.884400001	127.888200001	128.892000001	129.895800001	130.899600001	131.903400001	132.907200001	133.911000001	0.0	0.0	-5.63809112952e-07	8.33181007123e-07	1.96924105565e-06	3.9012273064e-06	6.28585029061e-06	9.56468706145e-06	1.25629243146e-05	1.55724326796e-05	0.0	-5.61674748848e-07	1.39170165365e-06	1.13175936283e-06	1.92467249506e-06	2.37559572023e-06	3.26642435794e-06	2.98688708191e-06	2.99811552568e-06	3.20455627961e-06	155.933201353	156.157327368	156.381453383	156.605579398	156.829705413	157.053831428	157.277957443	157.502083458	157.726209473	157.950335487	-2.78124399861	-2.5350098271	-2.28877565559	-2.04254148408	-1.79630731258	-1.55007314107	-1.30383896956	-1.05760479805	-0.811370626542	-0.565136455034	0.738430120691	0.738430120691	0.738430120691	0.738430120691	0.738430120691	0.738430120691	0.738430120691	0.738430120691	0.738430120691	0.738430120691	
3.78333333333	124.8768	125.8806	126.884400001	127.888200001	128.892000001	129.895800001	130.899600001	131.903400001	132.907200001	133.911000001	0.0	0.0	-5.63809112952e-07	8.33181007123e-07	1.96924105565e-06	3.9012273064e-06	6.28585029061e-06	9.56468706145e-06	1.25629243146e-05	1.55724326796e-05	0.0	-5.61674748848e-07	1.39170165365e-06	1.13175936283e-06	1.92467249506e-06	2.37559572023e-06	3.26642435794e-06	2.98688708191e-06	2.99811552568e-06	3.20455627961e-06	155.933201353	156.157327368	156.381453383	156.605579398	156.829705413	157.053831428	157.277957443	157.502083458	157.726209473	157.950335487	-2.78124399861	-2.5350098271	-2.28877565559	-2.04254148408	-1.79630731258	-1.55007314107	-1.30383896956	-1.05760479805	-0.811370626542	-0.565136455034	0.738430120691	0.738430120691	0.738430120691	0.738430120691	0.738430120691	0.738430120691	0.738430120691	0.738430120691	0.738430120691	0.738430120691	
3.8	125.79231	126.737250001	127.682190001	128.627130001	129.572070001	130.517010001	131.461950001	132.406890001	133.351830001	134.296770001	0.0	0.0	1.73157615102e-07	-2.70481327897e-07	-6.55073695183e-07	-1.35280166146e-06	-1.8231492743e-06	-2.37377707194e-06	-2.92137918716e-06	-3.32870670022e-06	0.0	1.83247206259e-07	-4.69489007713e-07	-4.07001891381e-07	-7.38383353646e-07	-4.97753944998e-07	-5.82711915654e-07	-5.79509932012e-07	-4.31061774309e-07	-6.39464426177e-07	156.150990316	156.357826252	156.564662187	156.771498122	156.978334057	157.185169993	157.392005928	157.598841863	157.805677799	158.012513734	-2.61433493711	-2.50314574981	-2.39195656251	-2.28076737521	-2.16957818791	-2.05838900061	-1.94719981331	-1.83601062601	-1.72482143871	-1.61363225141	1.0775448857	1.0775448857	1.0775448857	1.0775448857	1.0775448857	1.0775448857	1.0775448857	1.0775448857	1.0775448857	1.0775448857	
3.81666666667	125.79231	126.737250001	127.682190001	128.627130001	129.572070001	130.517010001	131.461950001	132.406890001	133.351830001	134.296770001	0.0	0.0	1.73157615102e-07	-2.70481327897e-07	-6.55073695183e-07	-1.35280166146e-06	-1.8231492743e-06	-2.37377707194e-06	-2.92137918716e-06	-3.32870670022e-06	0.0	1.83247206259e-07	-4.69489007713e-07	-4.07001891381e-07	-7.38383353646e-07	-4.97753944998e-07	-5.82711915654e-07	-5.79509932012e-07	-4.31061774309e-07	-6.39464426177e-07	156.150990316	156.357826252	156.564662187	156.771498122	156.978334057	157.185169993	157.392005928	157.598841863	157.805677799	158.012513734	-2.61433493711	-2.50314574981	-2.39195656251	-2.28076737521	-2.16957818791	-2.05838900061	-1.94719981331	-1.83601062601	-1.72482143871	-1.61363225141	1.0775448857	1.0775448857	1.0775448857	1.0775448857	1.0775448857	1.0775448857	1.0775448857	1.0775448857	1.0775448857	1.0775448857	
3.83333333333	125.79231	126.737250001	127.682190001	128.627130001	129.572070001	130.517010001	131.461950001	132.406890001	133.351830001	134.296770001	0.0	0.0	1.73157615102e-07	-2.70481327897e-07	-6.55073695183e-07	-1.35280166146e-06	-1.8231492743e-06	-2.37377707194e-06	-2.92137918716e-06	-3.32870670022e-06	0.0	1.83247206259e-07	-4.69489007713e-07	-4.07001891381e-07	-7.38383353646e-07	-4.97753944998e-07	-5.82711915654e-07	-5.79509932012e-07	-4.31061774309e-07	-6.39464426177e-07	156.150990316	156.357826252	156.564662187	156.771498122	156.978334057	157.185169993	157.392005928	157.598841863	157.805677799	158.012513734	-2.61433493711	-2.50314574981	-2.39195656251	-2.28076737521	-2.16957818791	-2.05838900061	-1.94719981331	-1.83601062601	-1.72482143871	-1.61363225141	1.0775448857	1.0775448857	1.0775448857	1.0775448857	1.0775448857	1.0775448857	1.0775448857	1.0775448857	1.0775448857	1.0775448857	
3.85	125.79231	126.737250001	127.682190001	128.627130001	129.572070001	130.517010001	131.461950001	132.406890001	133.351830001	134.296770001	0.0	0.0	1.73157615102e-07	-2.70481327897e-07	-6.55073695183e-07	-1.35280166146e-06	-1.8231492743e-06	-2.37377707194e-06	-2.92137918716e-06	-3.32870670022e-06	0.0	1.83247206259e-07	-4.69489007713e-07	-4.07001891381e-07	-7.38383353646e-07	-4.97753944998e-07	-5.82711915654e-07	-5.79509932012e-07	-4.31061774309e-07	-6.39464426177e-07	156.150990316	156.357826252	156.564662187	156.771498122	156.978334057	157.185169993	157.392005928	157.598841863	157.805677799	158.012513734	-2.61433493711	-2.50314574981	-2.39195656251	-2.28076737521	-2.16957818791	-2.05838900061	-1.94719981331	-1.83601062601	-1.72482143871	-1.61363225141	1.0775448857	1.0775448857	1.0775448857	1.0775448857	1.0775448857	1.0775448857	1.0775448857	1.0775448857	1.0775448857	1.0775448857	
3.86666666667	125.79231	126.737250001	127.682190001	128.627130001	129.572070001	130.517010001	131.461950001	132.406890001	133.351830001	134.296770001	0.0	0.0	1.73157615102e-07	-2.70481327897e-07	-6.55073695183e-07	-1.35280166146e-06	-1.8231492743e-06	-2.37377707194e-06	-2.92137918716e-06	-3.32870670022e-06	0.0	1.83247206259e-07	-4.69489007713e-07	-4.07001891381e-07	-7.38383353646e-07	-4.97753944998e-07	-5.82711915654e-07	-5.79509932012e-07	-4.31061774309e-07	-6.39464426177e-07	156.150990316	156.357826252	156.564662187	156.771498122	156.978334057	157.185169993	157.392005928	157.598841863	157.805677799	158.012513734	-2.61433493711	-2.50314574981	-2.39195656251	-2.28076737521	-2.16957818791	-2.05838900061	-1.94719981331	-1.83601062601	-1.72482143871	-1.61363225141	1.0775448857	1.0775448857	1.0775448857	1.0775448857	1.0775448857	1.0775448857	1.0775448857	1.0775448857	1.0775448857	1.0775448857	
3.88333333333	125.79231	126.737250001	127.682190001	128.627130001	129.572070001	130.517010001	131.461950001	132.406890001	133.351830001	134.296770001	0.0	0.0	1.73157615102e-07	-2.70481327897e-07	-6.55073695183e-07	-1.35280166146e-06	-1.8231492743e-06	-2.37377707194e-06	-2.92137918716e-06	-3.32870670022e-06	0.0	1.83247206259e-07	-4.69489007713e-07	-4.07001891381e-07	-7.38383353646e-07	-4.97753944998e-07	-5.82711915654e-07	-5.79509932012e-07	-4.31061774309e-07	-6.39464426177e-07	156.150990316	156.357826252	156.564662187	156.771498122	156.978334057	157.185169993	157.392005928	157.598841863	157.805677799	158.012513734	-2.61433493711	-2.50314574981	-2.39195656251	-2.28076737521	-2.16957818791	-2.05838900061	-1.94719981331	-1.83601062601	-1.72482143871	-1.61363225141	1.0775448857	1.0775448857	1.0775448857	1.0775448857	1.0775448857	1.0775448857	1.0775448857	1.0775448857	1.0775448857	1.0775448857	
3.9	126.648960001	127.535040001	128.421120001	129.307200001	130.193280001	131.079360001	131.965440001	132.851520001	133.737600001	134.623680002	0.0	0.0	1.98370749969e-07	1.5432594496e-07	3.85323207245e-07	2.9978899419e-07	5.77903724718e-07	4.50663941673e-07	3.73995069721e-07	2.20953993447e-07	0.0	2.23874537225e-07	-4.970748127e-08	2.60695718509e-07	-9.65310277221e-08	3.13870903862e-07	-1.43598527254e-07	-8.65259027889e-08	-1.72716996496e-07	-3.83334931748e-07	156.32149619	156.457904268	156.594312347	156.730720426	156.867128505	157.003536584	157.139944663	157.276352742	157.412760821	157.5491689	-2.56986313197	-2.56103085365	-2.55219857532	-2.543366297	-2.53453401867	-2.52570174035	-2.51686946202	-2.5080371837	-2.49920490537	-2.49037262705	1.50613764628	1.50613764628	1.50613764628	1.50613764628	1.50613764628	1.50613764628	1.50613764628	1.50613764628	1.50613764628	1.50613764628	
3.91666666667	126.648960001	127.535040001	128.421120001	129.307200001	130.193280001	131.079360001	131.965440001	132.851520001	133.737600001	134.623680002	0.0	0.0	1.98370749969e-07	1.5432594496e-07	3.85323207245e-07	2.9978899419e-07	5.77903724718e-07	4.50663941673e-07	3.73995069721e-07	2.20953993447e-07	0.0	2.23874537225e-07	-4.970748127e-08	2.60695718509e-07	-9.65310277221e-08	3.13870903862e-07	-1.43598527254e-07	-8.65259027889e-08	-1.72716996496e-07	-3.83334931748e-07	156.32149619	156.457904268	156.594312347	156.730720426	156.867128505	157.003536584	157.139944663	157.276352742	157.412760821	157.5491689	-2.56986313197	-2.56103085365	-2.55219857532	-2.543366297	-2.53453401867	-2.52570174035	-2.51686946202	-2.5080371837	-2.49920490537	-2.49037262705	1.50613764628	1.50613764628	1.50613764628	1.50613764628	1.50613764628	1.50613764628	1.50613764628	1.50613764628	1.50613764628	1.50613764628	
3.93333333333	126.648960001	127.535040001	128.421120001	129.307200001	130.193280001	131.079360001	131.965440001	132.851520001	133.737600001	134.623680002	0.0	0.0	1.98370749969e-07	1.5432594496e-07	3.85323207245e-07	2.9978899419e-07	5.77903724718e-07	4.50663941673e-07	3.73995069721e-07	2.20953993447e-07	0.0	2.23874537225e-07	-4.970748127e-08	2.60695718509e-07	-9.65310277221e-08	3.13870903862e-07	-1.43598527254e-07	-8.65259027889e-08	-1.72716996496e-07	-3.83334931748e-07	156.32149619	156.457904268	156.594312347	156.730720426	156.867128505	157.003536584	157.139944663	157.276352742	157.412760821	157.5491689	-2.56986313197	-2.56103085365	-2.55219857532	-2.543366297	-2.53453401867	-2.52570174035	-2.51686946202	-2.5080371837	-2.49920490537	-2.49037262705	1.50613764628	1.50613764628	1.50613764628	1.50613764628	1.50613764628	1.50613764628	1.50613764628	1.50613764628	1.50613764628	1.50613764628	
3.95	126.648960001	127.535040001	128.421120001	129.307200001	130.193280001	131.079360001	131.965440001	132.851520001	133.737600001	134.623680002	0.0	0.0	1.98370749969e-07	1.5432594496e-07	3.85323207245e-07	2.9978899419e-07	5.77903724718e-07	4.50663941673e-07	3.73995069721e-07	2.20953993447e-07	0.0	2.23874537225e-07	-4.970748127e-08	2.60695718509e-07	-9.65310277221e-08	3.13870903862e-07	-1.43598527254e-07	-8.65259027889e-08	-1.72716996496e-07	-3.83334931748e-07	156.32149619	156.457904268	156.594312347	156.730720426	156.867128505	157.003536584	157.139944663	157.276352742	157.412760821	157.5491689	-2.56986313197	-2.56103085365	-2.55219857532	-2.543366297	-2.53453401867	-2.52570174035	-2.51686946202	-2.5080371837	-2.49920490537	-2.49037262705	1.50613764628	1.50613764628	1.50613764628	1.50613764628	1.50613764628	1.50613764628	1.50613764628	1.50613764628	1.50613764628	1.50613764628	
3.96666666667	126.648960001	127.535040001	128.421120001	129.307200001	130.193280001	131.079360001	131.965440001	132.851520001	133.737600001	134.623680002	0.0	0.0	1.98370749969e-07	1.5432594496e-07	3.85323207245e-07	2.9978899419e-07	5.77903724718e-07	4.50663941673e-07	3.73995069721e-07	2.20953993447e-07	0.0	2.23874537225e-07	-4.970748127e-08	2.60695718509e-07	-9.65310277221e-08	3.13870903862e-07	-1.43598527254e-07	-8.65259027889e-08	-1.72716996496e-07	-3.83334931748e-07	156.32149619	156.457904268	156.594312347	156.730720426	156.867128505	157.003536584	157.139944663	157.276352742	157.412760821	157.5491689	-2.56986313197	-2.56103085365	-2.55219857532	-2.543366297	-2.53453401867	-2.52570174035	-2.51686946202	-2.5080371837	-2.49920490537	-2.49037262705	1.50613764628	1.50613764628	1.50613764628	1.50613764628	1.50613764628	1.50613764628	1.50613764628	1.50613764628	1.50613764628	1.50613764628	
3.98333333333	126.648960001	127.535040001	128.421120001	129.307200001	130.193280001	131.079360001	131.965440001	132.851520001	133.737600001	134.623680002	0.0	0.0	1.98370749969e-07	1.5432594496e-07	3.85323207245e-07	2.9978899419e-07	5.77903724718e-07	4.50663941673e-07	3.73995069721e-07	2.20953993447e-07	0.0	2.23874537225e-07	-4.970748127e-08	2.60695718509e-07	-9.65310277221e-08	3.13870903862e-07	-1.43598527254e-07	-8.65259027889e-08	-1.72716996496e-07	-3.83334931748e-07	156.32149619	156.457904268	156.594312347	156.730720426	156.867128505	157.003536584	157.139944663	157.276352742	157.412760821	157.5491689	-2.56986313197	-2.56103085365	-2.55219857532	-2.543366297	-2.53453401867	-2.52570174035	-2.51686946202	-2.5080371837	-2.49920490537	-2.49037262705	1.50613764628	1.50613764628	1.50613764628	1.50613764628	1.50613764628	1.50613764628	1.50613764628	1.50613764628	1.50613764628	1.50613764628	
4.0	127.446750001	128.273970001	129.101190001	129.928410001	130.755630001	131.582850001	132.410070001	133.237290001	134.064510002	134.891730002	0.0	0.0	-1.30774786864e-07	3.57694164076e-08	1.52385934024e-08	2.05960626549e-07	1.31577630514e-07	2.85177936156e-07	8.66942890579e-08	1.05443672189e-07	0.0	-1.58089488706e-07	2.01330000786e-07	-2.48190602289e-08	2.30557811854e-07	-8.99192427954e-08	1.85682533815e-07	-2.39940580586e-07	2.26655341129e-08	-4.24173439343e-07	156.441084128	156.599699226	156.758314324	156.916929421	157.075544519	157.234159616	157.392774714	157.551389812	157.710004909	157.868620007	-2.5777080835	-2.59712617141	-2.61654425932	-2.63596234723	-2.65538043514	-2.67479852305	-2.69421661096	-2.71363469887	-2.73305278678	-2.75247087469	1.69261286862	1.69261286862	1.69261286862	1.69261286862	1.69261286862	1.69261286862	1.69261286862	1.69261286862	1.69261286862	1.69261286862	
4.01666666667	127.446750001	128.273970001	129.101190001	129.928410001	130.755630001	131.582850001	132.410070001	133.237290001	134.064510002	134.891730002	0.0	0.0	-1.30774786864e-07	3.57694164076e-08	1.52385934024e-08	2.05960626549e-07	1.31577630514e-07	2.85177936156e-07	8.66942890579e-08	1.05443672189e-07	0.0	-1.58089488706e-07	2.01330000786e-07	-2.48190602289e-08	2.30557811854e-07	-8.99192427954e-08	1.85682533815e-07	-2.39940580586e-07	2.26655341129e-08	-4.24173439343e-07	156.441084128	156.599699226	156.758314324	156.916929421	157.075544519	157.234159616	157.392774714	157.551389812	157.710004909	157.868620007	-2.5777080835	-2.59712617141	-2.61654425932	-2.63596234723	-2.65538043514	-2.67479852305	-2.69421661096	-2.71363469887	-2.73305278678	-2.75247087469	1.69261286862	1.69261286862	1.69261286862	1.69261286862	1.69261286862	1.69261286862	1.69261286862	1.69261286862	1.69261286862	1.69261286862	
4.03333333333	127.446750001	128.273970001	129.101190001	129.928410001	130.755630001	131.582850001	132.410070001	133.237290001	134.064510002	134.891730002	0.0	0.0	-1.30774786864e-07	3.57694164076e-08	1.52385934024e-08	2.05960626549e-07	1.31577630514e-07	2.85177936156e-07	8.66942890579e-08	1.05443672189e-07	0.0	-1.58089488706e-07	2.01330000786e-07	-2.48190602289e-08	2.30557811854e-07	-8.99192427954e-08	1.85682533815e-07	-2.39940580586e-07	2.26655341129e-08	-4.24173439343e-07	156.441084128	156.599699226	156.758314324	156.916929421	157.075544519	157.234159616	157.392774714	157.551389812	157.710004909	157.868620007	-2.5777080835	-2.59712617141	-2.61654425932	-2.63596234723	-2.65538043514	-2.67479852305	-2.69421661096	-2.71363469887	-2.73305278678	-2.75247087469	1.69261286862	1.69261286862	1.69261286862	1.69261286862	1.69261286862	1.69261286862	1.69261286862	1.69261286862	1.69261286862	1.69261286862	
4.05	127.446750001	128.273970001	129.101190001	129.928410001	130.755630001	131.582850001	132.410070001	133.237290001	134.064510002	134.891730002	0.0	0.0	-1.30774786864e-07	3.57694164076e-08	1.52385934024e-08	2.05960626549e-07	1.31577630514e-07	2.85177936156e-07	8.66942890579e-08	1.05443672189e-07	0.0	-1.58089488706e-07	2.01330000786e-07	-2.48190602289e-08	2.30557811854e-07	-8.99192427954e-08	1.85682533815e-07	-2.39940580586e-07	2.26655341129e-08	-4.24173439343e-07	156.441084128	156.599699226	156.758314324	156.916929421	157.075544519	157.234159616	157.392774714	157.551389812	157.710004909	157.868620007	-2.5777080835	-2.59712617141	-2.61654425932	-2.63596234723	-2.65538043514	-2.67479852305	-2.69421661096	-2.71363469887	-2.73305278678	-2.75247087469	1.69261286862	1.69261286862	1.69261286862	1.69261286862	1.69261286862	1.69261286862	1.69261286862	1.69261286862	1.69261286862	1.69261286862	
4.06666666667	127.446750001	128.273970001	129.101190001	129.928410001	130.755630001	131.582850001	132.410070001	133.237290001	134.064510002	134.891730002	0.0	0.0	-1.30774786864e-07	3.57694164076e-08	1.52385934024e-08	2.05960626549e-07	1.31577630514e-07	2.85177936156e-07	8.66942890579e-08	1.05443672189e-07	0.0	-1.58089488706e-07	2.01330000786e-07	-2.48190602289e-08	2.30557811854e-07	-8.99192427954e-08	1.85682533815e-07	-2.39940580586e-07	2.26655341129e-08	-4.24173439343e-07	156.441084128	156.599699226	156.758314324	156.916929421	157.075544519	157.234159616	157.392774714	157.551389812	157.710004909	157.868620007	-2.5777080835	-2.59712617141	-2.61654425932	-2.63596234723	-2.65538043514	-2.67479852305	-2.69421661096	-2.71363469887	-2.73305278678	-2.75247087469	1.69261286862	1.69261286862	1.69261286862	1.69261286862	1.69261286862	1.69261286862	1.69261286862	1.69261286862	1.69261286862	1.69261286862	
4.08333333333	127.446750001	128.273970001	129.101190001	129.928410001	130.755630001	131.582850001	132.410070001	133.237290001	134.064510002	134.891730002	0.0	0.0	-1.30774786864e-07	3.57694164076e-08	1.52385934024e-08	2.05960626549e-07	1.31577630514e-07	2.85177936156e-07	8.66942890579e-08	1.05443672189e-07	0.0	-1.58089488706e-07	2.01330000786e-07	-2.48190602289e-08	2.30557811854e-07	-8.99192427954e-08	1.85682533815e-07	-2.39940580586e-07	2.26655341129e-08	-4.24173439343e-07	156.441084128	156.599699226	156.758314324	156.916929421	157.075544519	157.234159616	157.392774714	157.551389812	157.710004909	157.868620007	-2.5777080835	-2.59712617141	-2.61654425932	-2.63596234723	-2.65538043514	-2.67479852305	-2.69421661096	-2.71363469887	-2.73305278678	-2.75247087469	1.69261286862	1.69261286862	1.69261286862	1.69261286862	1.69261286862	1.69261286862	1.69261286862	1.69261286862	1.69261286862	1.69261286862	
4.1	127.446750001	128.273970001	129.101190001	129.928410001	130.755630001	131.582850001	132.410070001	133.237290001	134.064510002	134.891730002	0.0	0.0	-1.30774786864e-07	3.57694164076e-08	1.52385934024e-08	2.05960626549e-07	1.31577630514e-07	2.85177936156e-07	8.66942890579e-08	1.05443672189e-07	0.0	-1.58089488706e-07	2.01330000786e-07	-2.48190602289e-08	2.30557811854e-07	-8.99192427954e-08	1.85682533815e-07	-2.39940580586e-07	2.26655341129e-08	-4.24173439343e-07	156.441084128	156.599699226	156.758314324	156.916929421	157.075544519	157.234159616	157.392774714	157.551389812	157.710004909	157.868620007	-2.5777080835	-2.59712617141	-2.61654425932	-2.63596234723	-2.65538043514	-2.67479852305	-2.69421661096	-2.71363469887	-2.73305278678	-2.75247087469	1.69261286862	1.69261286862	1.69261286862	1.69261286862	1.69261286862	1.69261286862	1.69261286862	1.69261286862	1.69261286862	1.69261286862	
4.11666666667	128.303112501	129.061662501	129.820212501	130.578762501	131.337312501	132.095862501	132.854412501	133.612962502	134.371512502	135.130062502	0.0	0.0	-1.84228285357e-08	-2.29693517681e-07	-4.24943283487e-07	-8.62072178109e-07	-1.28770231268e-06	-1.92682122048e-06	-2.63533855898e-06	-3.48188697504e-06	0.0	-2.42869007093e-08	-2.78519134025e-07	-2.5739867613e-07	-5.76269058808e-07	-5.61110189855e-07	-8.4255343445e-07	-9.34041709052e-07	-1.11600872183e-06	-1.12700114751e-06	156.728417348	157.037775278	157.347133208	157.656491138	157.965849068	158.275206998	158.584564928	158.893922858	159.203280788	159.512638718	-2.62718455537	-2.68658134415	-2.74597813293	-2.80537492171	-2.86477171048	-2.92416849926	-2.98356528804	-3.04296207682	-3.1023588656	-3.16175565437	1.76048808522	1.76048808522	1.76048808522	1.76048808522	1.76048808522	1.76048808522	1.76048808522	1.76048808522	1.76048808522	1.76048808522	
4.13333333333	128.303112501	129.061662501	129.820212501	130.578762501	131.337312501	132.095862501	132.854412501	133.612962502	134.371512502	135.130062502	0.0	0.0	-1.84228285357e-08	-2.29693517681e-07	-4.24943283487e-07	-8.62072178109e-07	-1.28770231268e-06	-1.92682122048e-06	-2.63533855898e-06	-3.48188697504e-06	0.0	-2.42869007093e-08	-2.78519134025e-07	-2.5739867613e-07	-5.76269058808e-07	-5.61110189855e-07	-8.4255343445e-07	-9.34041709052e-07	-1.11600872183e-06	-1.12700114751e-06	156.728417348	157.037775278	157.347133208	157.656491138	157.965849068	158.275206998	158.584564928	158.893922858	159.203280788	159.512638718	-2.62718455537	-2.68658134415	-2.74597813293	-2.80537492171	-2.86477171048	-2.92416849926	-2.98356528804	-3.04296207682	-3.1023588656	-3.16175565437	1.76048808522	1.76048808522	1.76048808522	1.76048808522	1.76048808522	1.76048808522	1.76048808522	1.76048808522	1.76048808522	1.76048808522	
4.15	128.303112501	129.061662501	129.820212501	130.578762501	131.337312501	132.095862501	132.854412501	133.612962502	134.371512502	135.130062502	0.0	0.0	-1.84228285357e-08	-2.29693517681e-07	-4.24943283487e-07	-8.62072178109e-07	-1.28770231268e-06	-1.92682122048e-06	-2.63533855898e-06	-3.48188697504e-06	0.0	-2.42869007093e-08	-2.78519134025e-07	-2.5739867613e-07	-5.76269058808e-07	-5.61110189855e-07	-8.4255343445e-07	-9.34041709052e-07	-1.11600872183e-06	-1.12700114751e-06	156.728417348	157.037775278	157.347133208	157.656491138	157.965849068	158.275206998	158.584564928	158.893922858	159.203280788	159.512638718	-2.62718455537	-2.68658134415	-2.74597813293	-2.80537492171	-2.86477171048	-2.92416849926	-2.98356528804	-3.04296207682	-3.1023588656	-3.16175565437	1.76048808522	1.76048808522	1.76048808522	1.76048808522	1.76048808522	1.76048808522	1.76048808522	1.76048808522	1.76048808522	1.76048808522	
4.16666666667	128.303112501	129.061662501	129.820212501	130.578762501	131.337312501	132.095862501	132.854412501	133.612962502	134.371512502	135.130062502	0.0	0.0	-1.84228285357e-08	-2.29693517681e-07	-4.24943283487e-07	-8.62072178109e-07	-1.28770231268e-06	-1.92682122048e-06	-2.63533855898e-06	-3.48188697504e-06	0.0	-2.42869007093e-08	-2.78519134025e-07	-2.5739867613e-07	-5.76269058808e-07	-5.61110189855e-07	-8.4255343445e-07	-9.34041709052e-07	-1.11600872183e-06	-1.12700114751e-06	156.728417348	157.037775278	157.347133208	157.656491138	157.965849068	158.275206998	158.584564928	158.893922858	159.203280788	159.512638718	-2.62718455537	-2.68658134415	-2.74597813293	-2.80537492171	-2.86477171048	-2.92416849926	-2.98356528804	-3.04296207682	-3.1023588656	-3.16175565437	1.76048808522	1.76048808522	1.76048808522	1.76048808522	1.76048808522	1.76048808522	1.76048808522	1.76048808522	1.76048808522	1.76048808522	
4.18333333333	128.303112501	129.061662501	129.820212501	130.578762501	131.337312501	132.095862501	132.854412501	133.612962502	134.371512502	135.130062502	0.0	0.0	-1.84228285357e-08	-2.29693517681e-07	-4.24943283487e-07	-8.62072178109e-07	-1.28770231268e-06	-1.92682122048e-06	-2.63533855898e-06	-3.48188697504e-06	0.0	-2.42869007093e-08	-2.78519134025e-07	-2.5739867613e-07	-5.76269058808e-07	-5.61110189855e-07	-8.4255343445e-07	-9.34041709052e-07	-1.11600872183e-06	-1.12700114751e-06	156.728417348	157.037775278	157.347133208	157.656491138	157.965849068	158.275206998	158.584564928	158.893922858	159.203280788	159.512638718	-2.62718455537	-2.68658134415	-2.74597813293	-2.80537492171	-2.86477171048	-2.92416849926	-2.98356528804	-3.04296207682	-3.1023588656	-3.16175565437	1.76048808522	1.76048808522	1.76048808522	1.76048808522	1.76048808522	1.76048808522	1.76048808522	1.76048808522	1.76048808522	1.76048808522	
4.2	128.303112501	129.061662501	129.820212501	130.578762501	131.337312501	132.095862501	132.854412501	133.612962502	134.371512502	135.130062502	0.0	0.0	-1.84228285357e-08	-2.29693517681e-07	-4.24943283487e-07	-8.62072178109e-07	-1.28770231268e-06	-1.92682122048e-06	-2.63533855898e-06	-3.48188697504e-06	0.0	-2.42869007093e-08	-2.78519134025e-07	-2.5739867613e-07	-5.76269058808e-07	-5.61110189855e-07	-8.4255343445e-07	-9.34041709052e-07	-1.11600872183e-06	-1.12700114751e-06	156.728417348	157.037775278	157.347133208	157.656491138	157.965849068	158.275206998	158.584564928	158.893922858	159.203280788	159.512638718	-2.62718455537	-2.68658134415	-2.74597813293	-2.80537492171	-2.86477171048	-2.92416849926	-2.98356528804	-3.04296207682	-3.1023588656	-3.16175565437	1.76048808522	1.76048808522	1.76048808522	1.76048808522	1.76048808522	1.76048808522	1.76048808522	1.76048808522	1.76048808522	1.76048808522	
4.21666666667	128.973372501	129.673062501	130.372752501	131.072442501	131.772132501	132.471822501	133.171512502	133.871202502	134.570892502	135.270582502	0.0	0.0	3.92544353515e-06	3.9075881544e-06	7.36438848485e-06	8.30731754833e-06	1.38590670509e-05	1.74209182233e-05	2.63919046773e-05	3.51086542601e-05	0.0	5.6102610221e-06	-2.5518988046e-08	4.94047410986e-06	1.34763833031e-06	7.9345846043e-06	5.09061323136e-06	1.28213729692e-05	1.24580165241e-05	1.89970647249e-05	157.10629333	157.53157122	157.95684911	158.382127	158.807404889	159.232682779	159.657960669	160.083238558	160.508516448	160.933794338	-2.70448969197	-2.7938760554	-2.88326241883	-2.97264878226	-3.06203514569	-3.15142150912	-3.24080787255	-3.33019423598	-3.41958059941	-3.50896696285	1.77796419215	1.77796419215	1.77796419215	1.77796419215	1.77796419215	1.77796419215	1.77796419215	1.77796419215	1.77796419215	1.77796419215	
4.23333333333	128.973372501	129.673062501	130.372752501	131.072442501	131.772132501	132.471822501	133.171512502	133.871202502	134.570892502	135.270582502	0.0	0.0	3.92544353515e-06	3.9075881544e-06	7.36438848485e-06	8.30731754833e-06	1.38590670509e-05	1.74209182233e-05	2.63919046773e-05	3.51086542601e-05	0.0	5.6102610221e-06	-2.5518988046e-08	4.94047410986e-06	1.34763833031e-06	7.9345846043e-06	5.09061323136e-06	1.28213729692e-05	1.24580165241e-05	1.89970647249e-05	157.10629333	157.53157122	157.95684911	158.382127	158.807404889	159.232682779	159.657960669	160.083238558	160.508516448	160.933794338	-2.70448969197	-2.7938760554	-2.88326241883	-2.97264878226	-3.06203514569	-3.15142150912	-3.24080787255	-3.33019423598	-3.41958059941	-3.50896696285	1.77796419215	1.77796419215	1.77796419215	1.77796419215	1.77796419215	1.77796419215	1.77796419215	1.77796419215	1.77796419215	1.77796419215	
4.25	128.973372501	129.673062501	130.372752501	131.072442501	131.772132501	132.471822501	133.171512502	133.871202502	134.570892502	135.270582502	0.0	0.0	3.92544353515e-06	3.9075881544e-06	7.36438848485e-06	8.30731754833e-06	1.38590670509e-05	1.74209182233e-05	2.63919046773e-05	3.51086542601e-05	0.0	5.6102610221e-06	-2.5518988046e-08	4.94047410986e-06	1.34763833031e-06	7.9345846043e-06	5.09061323136e-06	1.28213729692e-05	1.24580165241e-05	1.89970647249e-05	157.10629333	157.53157122	157.95684911	158.382127	158.807404889	159.232682779	159.657960669	160.083238558	160.508516448	160.933794338	-2.70448969197	-2.7938760554	-2.88326241883	-2.97264878226	-3.06203514569	-3.15142150912	-3.24080787255	-3.33019423598	-3.41958059941	-3.50896696285	1.77796419215	1.77796419215	1.77796419215	1.77796419215	1.77796419215	1.77796419215	1.77796419215	1.77796419215	1.77796419215	1.77796419215	
4.26666666667	128.973372501	129.673062501	130.372752501	131.072442501	131.772132501	132.471822501	133.171512502	133.871202502	134.570892502	135.270582502	0.0	0.0	3.92544353515e-06	3.9075881544e-06	7.36438848485e-06	8.30731754833e-06	1.38590670509e-05	1.74209182233e-05	2.63919046773e-05	3.51086542601e-05	0.0	5.6102610221e-06	-2.5518988046e-08	4.94047410986e-06	1.34763833031e-06	7.9345846043e-06	5.09061323136e-06	1.28213729692e-05	1.24580165241e-05	1.89970647249e-05	157.10629333	157.53157122	157.95684911	158.382127	158.807404889	159.232682779	159.657960669	160.083238558	160.508516448	160.933794338	-2.70448969197	-2.7938760554	-2.88326241883	-2.97264878226	-3.06203514569	-3.15142150912	-3.24080787255	-3.33019423598	-3.41958059941	-3.50896696285	1.77796419215	1.77796419215	1.77796419215	1.77796419215	1.77796419215	1.77796419215	1.77796419215	1.77796419215	1.77796419215	1.77796419215	
4.28333333333	128.973372501	129.673062501	130.372752501	131.072442501	131.772132501	132.471822501	133.171512502	133.871202502	134.570892502	135.270582502	0.0	0.0	3.92544353515e-06	3.9075881544e-06	7.36438848485e-06	8.30731754833e-06	1.38590670509e-05	1.74209182233e-05	2.63919046773e-05	3.51086542601e-05	0.0	5.6102610221e-06	-2.5518988046e-08	4.94047410986e-06	1.34763833031e-06	7.9345846043e-06	5.09061323136e-06	1.28213729692e-05	1.24580165241e-05	1.89970647249e-05	157.10629333	157.53157122	157.95684911	158.382127	158.807404889	159.232682779	159.657960669	160.083238558	160.508516448	160.933794338	-2.70448969197	-2.7938760554	-2.88326241883	-2.97264878226	-3.06203514569	-3.15142150912	-3.24080787255	-3.33019423598	-3.41958059941	-3.50896696285	1.77796419215	1.77796419215	1.77796419215	1.77796419215	1.77796419215	1.77796419215	1.77796419215	1.77796419215	1.77796419215	1.77796419215	
4.3	128.973372501	129.673062501	130.372752501	131.072442501	131.772132501	132.471822501	133.171512502	133.871202502	134.570892502	135.270582502	0.0	0.0	3.92544353515e-06	3.9075881544e-06	7.36438848485e-06	8.30731754833e-06	1.38590670509e-05	1.74209182233e-05	2.63919046773e-05	3.51086542601e-05	0.0	5.6102610221e-06	-2.5518988046e-08	4.94047410986e-06	1.34763833031e-06	7.9345846043e-06	5.09061323136e-06	1.28213729692e-05	1.24580165241e-05	1.89970647249e-05	157.10629333	157.53157122	157.95684911	158.382127	158.807404889	159.232682779	159.657960669	160.083238558	160.508516448	160.933794338	-2.70448969197	-2.7938760554	-2.88326241883	-2.97264878226	-3.06203514569	-3.15142150912	-3.24080787255	-3.33019423598	-3.41958059941	-3.50896696285	1.77796419215	1.77796419215	1.77796419215	1.77796419215	1.77796419215	1.77796419215	1.77796419215	1.77796419215	1.77796419215	1.77796419215	
4.31666666667	128.973372501	129.673062501	130.372752501	131.072442501	131.772132501	132.471822501	133.171512502	133.871202502	134.570892502	135.270582502	0.0	0.0	3.92544353515e-06	3.9075881544e-06	7.36438848485e-06	8.30731754833e-06	1.38590670509e-05	1.74209182233e-05	2.63919046773e-05	3.51086542601e-05	0.0	5.6102610221e-06	-2.5518988046e-08	4.94047410986e-06	1.34763833031e-06	7.9345846043e-06	5.09061323136e-06	1.28213729692e-05	1.24580165241e-05	1.89970647249e-05	157.10629333	157.53157122	157.95684911	158.382127	158.807404889	159.232682779	159.657960669	160.083238558	160.508516448	160.933794338	-2.70448969197	-2.7938760554	-2.88326241883	-2.97264878226	-3.06203514569	-3.15142150912	-3.24080787255	-3.33019423598	-3.41958059941	-3.50896696285	1.77796419215	1.77796419215	1.77796419215	1.77796419215	1.77796419215	1.77796419215	1.77796419215	1.77796419215	1.77796419215	1.77796419215	
4.33333333333	129.680950001	130.311970002	130.942990002	131.574010002	132.205030002	132.836050003	133.467070003	134.098090003	134.729110003	135.360130004	0.0	0.0	7.37142519583e-07	2.28929937576e-06	3.16834942683e-06	4.23127055243e-06	3.88630868478e-06	4.29446256694e-06	3.97797328503e-06	5.6109594593e-06	0.0	1.16817615809e-06	2.45975857426e-06	1.39306210691e-06	1.6844491857e-06	-5.46673429536e-07	6.46816078719e-07	-5.01551902915e-07	2.58785169028e-06	-4.20812400515e-08	157.685063507	158.232315384	158.779567261	159.326819137	159.874071014	160.421322891	160.968574768	161.515826644	162.063078521	162.610330398	-2.82878779589	-2.94744102886	-3.06609426183	-3.1847474948	-3.30340072777	-3.42205396074	-3.54070719371	-3.65936042668	-3.77801365965	-3.89666689262	1.78430807318	1.78430807318	1.78430807318	1.78430807318	1.78430807318	1.78430807318	1.78430807318	1.78430807318	1.78430807318	1.78430807318	
4.35	129.680950001	130.311970002	130.942990002	131.574010002	132.205030002	132.836050003	133.467070003	134.098090003	134.729110003	135.360130004	0.0	0.0	7.37142519583e-07	2.28929937576e-06	3.16834942683e-06	4.23127055243e-06	3.88630868478e-06	4.29446256694e-06	3.97797328503e-06	5.6109594593e-06	0.0	1.16817615809e-06	2.45975857426e-06	1.39306210691e-06	1.6844491857e-06	-5.46673429536e-07	6.46816078719e-07	-5.01551902915e-07	2.58785169028e-06	-4.20812400515e-08	157.685063507	158.232315384	158.779567261	159.326819137	159.874071014	160.421322891	160.968574768	161.515826644	162.063078521	162.610330398	-2.82878779589	-2.94744102886	-3.06609426183	-3.1847474948	-3.30340072777	-3.42205396074	-3.54070719371	-3.65936042668	-3.77801365965	-3.89666689262	1.78430807318	1.78430807318	1.78430807318	1.78430807318	1.78430807318	1.78430807318	1.78430807318	1.78430807318	1.78430807318	1.78430807318	
4.36666666667	129.680950001	130.311970002	130.942990002	131.574010002	132.205030002	132.836050003	133.467070003	134.098090003	134.729110003	135.360130004	0.0	0.0	7.37142519583e-07	2.28929937576e-06	3.16834942683e-06	4.23127055243e-06	3.88630868478e-06	4.29446256694e-06	3.97797328503e-06	5.6109594593e-06	0.0	1.16817615809e-06	2.45975857426e-06	1.39306210691e-06	1.6844491857e-06	-5.46673429536e-07	6.46816078719e-07	-5.01551902915e-07	2.58785169028e-06	-4.20812400515e-08	157.685063507	158.232315384	158.779567261	159.326819137	159.874071014	160.421322891	160.968574768	161.515826644	162.063078521	162.610330398	-2.82878779589	-2.94744102886	-3.06609426183	-3.1847474948	-3.30340072777	-3.42205396074	-3.54070719371	-3.65936042668	-3.77801365965	-3.89666689262	1.78430807318	1.78430807318	1.78430807318	1.78430807318	1.78430807318	1.78430807318	1.78430807318	1.78430807318	1.78430807318	1.78430807318	
4.38333333333	129.680950001	130.311970002	130.942990002	131.574010002	132.205030002	132.836050003	133.467070003	134.098090003	134.729110003	135.360130004	0.0	0.0	7.37142519583e-07	2.28929937576e-06	3.16834942683e-06	4.23127055243e-06	3.88630868478e-06	4.29446256694e-06	3.97797328503e-06	5.6109594593e-06	0.0	1.16817615809e-06	2.45975857426e-06	1.39306210691e-06	1.6844491857e-06	-5.46673429536e-07	6.46816078719e-07	-5.01551902915e-07	2.58785169028e-06	-4.20812400515e-08	157.685063507	158.232315384	158.779567261	159.326819137	159.874071014	160.421322891	160.968574768	161.515826644	162.063078521	162.610330398	-2.82878779589	-2.94744102886	-3.06609426183	-3.1847474948	-3.30340072777	-3.42205396074	-3.54070719371	-3.65936042668	-3.77801365965	-3.89666689262	1.78430807318	1.78430807318	1.78430807318	1.78430807318	1.78430807318	1.78430807318	1.78430807318	1.78430807318	1.78430807318	1.78430807318	
4.4	129.680950001	130.311970002	130.942990002	131.574010002	132.205030002	132.836050003	133.467070003	134.098090003	134.729110003	135.360130004	0.0	0.0	7.37142519583e-07	2.28929937576e-06	3.16834942683e-06	4.23127055243e-06	3.88630868478e-06	4.29446256694e-06	3.97797328503e-06	5.6109594593e-06	0.0	1.16817615809e-06	2.45975857426e-06	1.39306210691e-06	1.6844491857e-06	-5.46673429536e-07	6.46816078719e-07	-5.01551902915e-07	2.58785169028e-06	-4.20812400515e-08	157.685063507	158.232315384	158.779567261	159.326819137	159.874071014	160.421322891	160.968574768	161.515826644	162.063078521	162.610330398	-2.82878779589	-2.94744102886	-3.06609426183	-3.1847474948	-3.30340072777	-3.42205396074	-3.54070719371	-3.65936042668	-3.77801365965	-3.89666689262	1.78430807318	1.78430807318	1.78430807318	1.78430807318	1.78430807318	1.78430807318	1.78430807318	1.78430807318	1.78430807318	1.78430807318	
4.41666666667	129.680950001	130.311970002	130.942990002	131.574010002	132.205030002	132.836050003	133.467070003	134.098090003	134.729110003	135.360130004	0.0	0.0	7.37142519583e-07	2.28929937576e-06	3.16834942683e-06	4.23127055243e-06	3.88630868478e-06	4.29446256694e-06	3.97797328503e-06	5.6109594593e-06	0.0	1.16817615809e-06	2.45975857426e-06	1.39306210691e-06	1.6844491857e-06	-5.46673429536e-07	6.46816078719e-07	-5.01551902915e-07	2.58785169028e-06	-4.20812400515e-08	157.685063507	158.232315384	158.779567261	159.326819137	159.874071014	160.421322891	160.968574768	161.515826644	162.063078521	162.610330398	-2.82878779589	-2.94744102886	-3.06609426183	-3.1847474948	-3.30340072777	-3.42205396074	-3.54070719371	-3.65936042668	-3.77801365965	-3.89666689262	1.78430807318	1.78430807318	1.78430807318	1.78430807318	1.78430807318	1.78430807318	1.78430807318	1.78430807318	1.78430807318	1.78430807318	
4.43333333333	130.223680002	130.795840002	131.368000002	131.940160002	132.512320003	133.084480003	133.656640003	134.228800003	134.800960004	135.373120004	0.0	0.0	9.41878169085e-08	1.13411753296e-06	1.95979797618e-06	3.83267694328e-06	5.15131745304e-06	7.50155229642e-06	9.10637328097e-06	1.16417827891e-05	0.0	1.64617968514e-07	1.81755053756e-06	1.44309361512e-06	3.27334830507e-06	2.30467091224e-06	4.10765317795e-06	2.80484651811e-06	4.43129458013e-06	3.15011378989e-06	158.287990744	158.929417729	159.570844714	160.212271699	160.853698685	161.49512567	162.136552655	162.77797964	163.419406625	164.06083361	-2.96021518289	-3.10038447088	-3.24055375887	-3.38072304687	-3.52089233486	-3.66106162285	-3.80123091084	-3.94140019883	-4.08156948682	-4.22173877482	1.78594145792	1.78594145792	1.78594145792	1.78594145792	1.78594145792	1.78594145792	1.78594145792	1.78594145792	1.78594145792	1.78594145792	
4.45	130.223680002	130.795840002	131.368000002	131.940160002	132.512320003	133.084480003	133.656640003	134.228800003	134.800960004	135.373120004	0.0	0.0	9.41878169085e-08	1.13411753296e-06	1.95979797618e-06	3.83267694328e-06	5.15131745304e-06	7.50155229642e-06	9.10637328097e-06	1.16417827891e-05	0.0	1.64617968514e-07	1.81755053756e-06	1.44309361512e-06	3.27334830507e-06	2.30467091224e-06	4.10765317795e-06	2.80484651811e-06	4.43129458013e-06	3.15011378989e-06	158.287990744	158.929417729	159.570844714	160.212271699	160.853698685	161.49512567	162.136552655	162.77797964	163.419406625	164.06083361	-2.96021518289	-3.10038447088	-3.24055375887	-3.38072304687	-3.52089233486	-3.66106162285	-3.80123091084	-3.94140019883	-4.08156948682	-4.22173877482	1.78594145792	1.78594145792	1.78594145792	1.78594145792	1.78594145792	1.78594145792	1.78594145792	1.78594145792	1.78594145792	1.78594145792	
4.46666666667	130.223680002	130.795840002	131.368000002	131.940160002	132.512320003	133.084480003	133.656640003	134.228800003	134.800960004	135.373120004	0.0	0.0	9.41878169085e-08	1.13411753296e-06	1.95979797618e-06	3.83267694328e-06	5.15131745304e-06	7.50155229642e-06	9.10637328097e-06	1.16417827891e-05	0.0	1.64617968514e-07	1.81755053756e-06	1.44309361512e-06	3.27334830507e-06	2.30467091224e-06	4.10765317795e-06	2.80484651811e-06	4.43129458013e-06	3.15011378989e-06	158.287990744	158.929417729	159.570844714	160.212271699	160.853698685	161.49512567	162.136552655	162.77797964	163.419406625	164.06083361	-2.96021518289	-3.10038447088	-3.24055375887	-3.38072304687	-3.52089233486	-3.66106162285	-3.80123091084	-3.94140019883	-4.08156948682	-4.22173877482	1.78594145792	1.78594145792	1.78594145792	1.78594145792	1.78594145792	1.78594145792	1.78594145792	1.78594145792	1.78594145792	1.78594145792	
4.48333333333	130.223680002	130.795840002	131.368000002	131.940160002	132.512320003	133.084480003	133.656640003	134.228800003	134.800960004	135.373120004	0.0	0.0	9.41878169085e-08	1.13411753296e-06	1.95979797618e-06	3.83267694328e-06	5.15131745304e-06	7.50155229642e-06	9.10637328097e-06	1.16417827891e-05	0.0	1.64617968514e-07	1.81755053756e-06	1.44309361512e-06	3.27334830507e-06	2.30467091224e-06	4.10765317795e-06	2.80484651811e-06	4.43129458013e-06	3.15011378989e-06	158.287990744	158.929417729	159.570844714	160.212271699	160.853698685	161.49512567	162.136552655	162.77797964	163.419406625	164.06083361	-2.96021518289	-3.10038447088	-3.24055375887	-3.38072304687	-3.52089233486	-3.66106162285	-3.80123091084	-3.94140019883	-4.08156948682	-4.22173877482	1.78594145792	1.78594145792	1.78594145792	1.78594145792	1.78594145792	1.78594145792	1.78594145792	1.78594145792	1.78594145792	1.78594145792	
4.5	130.223680002	130.795840002	131.368000002	131.940160002	132.512320003	133.084480003	133.656640003	134.228800003	134.800960004	135.373120004	0.0	0.0	9.41878169085e-08	1.13411753296e-06	1.95979797618e-06	3.83267694328e-06	5.15131745304e-06	7.50155229642e-06	9.10637328097e-06	1.16417827891e-05	0.0	1.64617968514e-07	1.81755053756e-06	1.44309361512e-06	3.27334830507e-06	2.30467091224e-06	4.10765317795e-06	2.80484651811e-06	4.43129458013e-06	3.15011378989e-06	158.287990744	158.929417729	159.570844714	160.212271699	160.853698685	161.49512567	162.136552655	162.77797964	163.419406625	164.06083361	-2.96021518289	-3.10038447088	-3.24055375887	-3.38072304687	-3.52089233486	-3.66106162285	-3.80123091084	-3.94140019883	-4.08156948682	-4.22173877482	1.78594145792	1.78594145792	1.78594145792	1.78594145792	1.78594145792	1.78594145792	1.78594145792	1.78594145792	1.78594145792	1.78594145792	
4.51666666667	130.223680002	130.795840002	131.368000002	131.940160002	132.512320003	133.084480003	133.656640003	134.228800003	134.800960004	135.373120004	0.0	0.0	9.41878169085e-08	1.13411753296e-06	1.95979797618e-06	3.83267694328e-06	5.15131745304e-06	7.50155229642e-06	9.10637328097e-06	1.16417827891e-05	0.0	1.64617968514e-07	1.81755053756e-06	1.44309361512e-06	3.27334830507e-06	2.30467091224e-06	4.10765317795e-06	2.80484651811e-06	4.43129458013e-06	3.15011378989e-06	158.287990744	158.929417729	159.570844714	160.212271699	160.853698685	161.49512567	162.136552655	162.77797964	163.419406625	164.06083361	-2.96021518289	-3.10038447088	-3.24055375887	-3.38072304687	-3.52089233486	-3.66106162285	-3.80123091084	-3.94140019883	-4.08156948682	-4.22173877482	1.78594145792	1.78594145792	1.78594145792	1.78594145792	1.78594145792	1.78594145792	1.78594145792	1.78594145792	1.78594145792	1.78594145792	
4.53333333333	130.223680002	130.795840002	131.368000002	131.940160002	132.512320003	133.084480003	133.656640003	134.228800003	134.800960004	135.373120004	0.0	0.0	9.41878169085e-08	1.13411753296e-06	1.95979797618e-06	3.83267694328e-06	5.15131745304e-06	7.50155229642e-06	9.10637328097e-06	1.16417827891e-05	0.0	1.64617968514e-07	1.81755053756e-06	1.44309361512e-06	3.27334830507e-06	2.30467091224e-06	4.10765317795e-06	2.80484651811e-06	4.43129458013e-06	3.15011378989e-06	158.287990744	158.929417729	159.570844714	160.212271699	160.853698685	161.49512567	162.136552655	162.77797964	163.419406625	164.06083361	-2.96021518289	-3.10038447088	-3.24055375887	-3.38072304687	-3.52089233486	-3.66106162285	-3.80123091084	-3.94140019883	-4.08156948682	-4.22173877482	1.78594145792	1.78594145792	1.78594145792	1.78594145792	1.78594145792	1.78594145792	1.78594145792	1.78594145792	1.78594145792	1.78594145792	
4.55	130.782472502	131.285962502	131.789452502	132.292942503	132.796432503	133.299922503	133.803412503	134.306902504	134.810392504	135.313882504	0.0	0.0	-3.5411591969e-07	-5.05048011566e-07	-1.03308831768e-06	-1.37127666986e-06	-2.13396640299e-06	-2.73988263911e-06	-3.80024080275e-06	-4.71477828879e-06	0.0	-7.03322646931e-07	-2.99771776591e-07	-1.04876026502e-06	-6.7168831953e-07	-1.51480611875e-06	-1.20343251265e-06	-2.10601633216e-06	-1.81639652338e-06	-2.78809842826e-06	159.103315942	159.843622285	160.583928628	161.324234972	162.064541315	162.804847659	163.545154002	164.285460345	165.025766689	165.766073032	-3.13873196437	-3.30096905489	-3.46320614542	-3.62544323595	-3.78768032648	-3.94991741701	-4.11215450753	-4.27439159806	-4.43662868859	-4.59886577912	1.78653438165	1.78653438165	1.78653438165	1.78653438165	1.78653438165	1.78653438165	1.78653438165	1.78653438165	1.78653438165	1.78653438165	
4.56666666667	130.782472502	131.285962502	131.789452502	132.292942503	132.796432503	133.299922503	133.803412503	134.306902504	134.810392504	135.313882504	0.0	0.0	-3.5411591969e-07	-5.05048011566e-07	-1.03308831768e-06	-1.37127666986e-06	-2.13396640299e-06	-2.73988263911e-06	-3.80024080275e-06	-4.71477828879e-06	0.0	-7.03322646931e-07	-2.99771776591e-07	-1.04876026502e-06	-6.7168831953e-07	-1.51480611875e-06	-1.20343251265e-06	-2.10601633216e-06	-1.81639652338e-06	-2.78809842826e-06	159.103315942	159.843622285	160.583928628	161.324234972	162.064541315	162.804847659	163.545154002	164.285460345	165.025766689	165.766073032	-3.13873196437	-3.30096905489	-3.46320614542	-3.62544323595	-3.78768032648	-3.94991741701	-4.11215450753	-4.27439159806	-4.43662868859	-4.59886577912	1.78653438165	1.78653438165	1.78653438165	1.78653438165	1.78653438165	1.78653438165	1.78653438165	1.78653438165	1.78653438165	1.78653438165	
4.58333333333	130.782472502	131.285962502	131.789452502	132.292942503	132.796432503	133.299922503	133.803412503	134.306902504	134.810392504	135.313882504	0.0	0.0	-3.5411591969e-07	-5.05048011566e-07	-1.03308831768e-06	-1.37127666986e-06	-2.13396640299e-06	-2.73988263911e-06	-3.80024080275e-06	-4.71477828879e-06	0.0	-7.03322646931e-07	-2.99771776591e-07	-1.04876026502e-06	-6.7168831953e-07	-1.51480611875e-06	-1.20343251265e-06	-2.10601633216e-06	-1.81639652338e-06	-2.78809842826e-06	159.103315942	159.843622285	160.583928628	161.324234972	162.064541315	162.804847659	163.545154002	164.285460345	165.025766689	165.766073032	-3.13873196437	-3.30096905489	-3.46320614542	-3.62544323595	-3.78768032648	-3.94991741701	-4.11215450753	-4.27439159806	-4.43662868859	-4.59886577912	1.78653438165	1.78653438165	1.78653438165	1.78653438165	1.78653438165	1.78653438165	1.78653438165	1.78653438165	1.78653438165	1.78653438165	
4.6	130.782472502	131.285962502	131.789452502	132.292942503	132.796432503	133.299922503	133.803412503	134.306902504	134.810392504	135.313882504	0.0	0.0	-3.5411591969e-07	-5.05048011566e-07	-1.03308831768e-06	-1.37127666986e-06	-2.13396640299e-06	-2.73988263911e-06	-3.80024080275e-06	-4.71477828879e-06	0.0	-7.03322646931e-07	-2.99771776591e-07	-1.04876026502e-06	-6.7168831953e-07	-1.51480611875e-06	-1.20343251265e-06	-2.10601633216e-06	-1.81639652338e-06	-2.78809842826e-06	159.103315942	159.843622285	160.583928628	161.324234972	162.064541315	162.804847659	163.545154002	164.285460345	165.025766689	165.766073032	-3.13873196437	-3.30096905489	-3.46320614542	-3.62544323595	-3.78768032648	-3.94991741701	-4.11215450753	-4.27439159806	-4.43662868859	-4.59886577912	1.78653438165	1.78653438165	1.78653438165	1.78653438165	1.78653438165	1.78653438165	1.78653438165	1.78653438165	1.78653438165	1.78653438165	
4.61666666667	130.782472502	131.285962502	131.789452502	132.292942503	132.796432503	133.299922503	133.803412503	134.306902504	134.810392504	135.313882504	0.0	0.0	-3.5411591969e-07	-5.05048011566e-07	-1.03308831768e-06	-1.37127666986e-06	-2.13396640299e-06	-2.73988263911e-06	-3.80024080275e-06	-4.71477828879e-06	0.0	-7.03322646931e-07	-2.99771776591e-07	-1.04876026502e-06	-6.7168831953e-07	-1.51480611875e-06	-1.20343251265e-06	-2.10601633216e-06	-1.81639652338e-06	-2.78809842826e-06	159.103315942	159.843622285	160.583928628	161.324234972	162.064541315	162.804847659	163.545154002	164.285460345	165.025766689	165.766073032	-3.13873196437	-3.30096905489	-3.46320614542	-3.62544323595	-3.78768032648	-3.94991741701	-4.11215450753	-4.27439159806	-4.43662868859	-4.59886577912	1.78653438165	1.78653438165	1.78653438165	1.78653438165	1.78653438165	1.78653438165	1.78653438165	1.78653438165	1.78653438165	1.78653438165	
4.63333333333	130.782472502	131.285962502	131.789452502	132.292942503	132.796432503	133.299922503	133.803412503	134.306902504	134.810392504	135.313882504	0.0	0.0	-3.5411591969e-07	-5.05048011566e-07	-1.03308831768e-06	-1.37127666986e-06	-2.13396640299e-06	-2.73988263911e-06	-3.80024080275e-06	-4.71477828879e-06	0.0	-7.03322646931e-07	-2.99771776591e-07	-1.04876026502e-06	-6.7168831953e-07	-1.51480611875e-06	-1.20343251265e-06	-2.10601633216e-06	-1.81639652338e-06	-2.78809842826e-06	159.103315942	159.843622285	160.583928628	161.324234972	162.064541315	162.804847659	163.545154002	164.285460345	165.025766689	165.766073032	-3.13873196437	-3.30096905489	-3.46320614542	-3.62544323595	-3.78768032648	-3.94991741701	-4.11215450753	-4.27439159806	-4.43662868859	-4.59886577912	1.78653438165	1.78653438165	1.78653438165	1.78653438165	1.78653438165	1.78653438165	1.78653438165	1.78653438165	1.78653438165	1.78653438165	
4.65	131.197672502	131.642302502	132.086932503	132.531562503	132.976192503	133.420822504	133.865452504	134.310082504	134.754712504	135.199342505	0.0	0.0	-3.11682951537e-07	-5.07641241364e-07	-1.3635251295e-06	-1.90094348297e-06	-2.9880721172e-06	-4.0162103442e-06	-5.64448725525e-06	-7.12955429385e-06	0.0	-7.00993975551e-07	-4.40722150349e-07	-1.92493508674e-06	-1.2086866679e-06	-2.44501863027e-06	-2.31234560508e-06	-3.66209412337e-06	-3.34000638218e-06	-4.88217255582e-06	159.888681931	160.705194445	161.52170696	162.338219475	163.15473199	163.971244505	164.78775702	165.604269535	166.42078205	167.237294564	-3.31092890419	-3.48999711135	-3.66906531851	-3.84813352567	-4.02720173284	-4.20626994	-4.38533814716	-4.56440635432	-4.74347456148	-4.92254276864	1.78668704413	1.78668704413	1.78668704413	1.78668704413	1.78668704413	1.78668704413	1.78668704413	1.78668704413	1.78668704413	1.78668704413	
4.66666666667	131.197672502	131.642302502	132.086932503	132.531562503	132.976192503	133.420822504	133.865452504	134.310082504	134.754712504	135.199342505	0.0	0.0	-3.11682951537e-07	-5.07641241364e-07	-1.3635251295e-06	-1.90094348297e-06	-2.9880721172e-06	-4.0162103442e-06	-5.64448725525e-06	-7.12955429385e-06	0.0	-7.00993975551e-07	-4.40722150349e-07	-1.92493508674e-06	-1.2086866679e-06	-2.44501863027e-06	-2.31234560508e-06	-3.66209412337e-06	-3.34000638218e-06	-4.88217255582e-06	159.888681931	160.705194445	161.52170696	162.338219475	163.15473199	163.971244505	164.78775702	165.604269535	166.42078205	167.237294564	-3.31092890419	-3.48999711135	-3.66906531851	-3.84813352567	-4.02720173284	-4.20626994	-4.38533814716	-4.56440635432	-4.74347456148	-4.92254276864	1.78668704413	1.78668704413	1.78668704413	1.78668704413	1.78668704413	1.78668704413	1.78668704413	1.78668704413	1.78668704413	1.78668704413	
4.68333333333	131.197672502	131.642302502	132.086932503	132.531562503	132.976192503	133.420822504	133.865452504	134.310082504	134.754712504	135.199342505	0.0	0.0	-3.11682951537e-07	-5.07641241364e-07	-1.3635251295e-06	-1.90094348297e-06	-2.9880721172e-06	-4.0162103442e-06	-5.64448725525e-06	-7.12955429385e-06	0.0	-7.00993975551e-07	-4.40722150349e-07	-1.92493508674e-06	-1.2086866679e-06	-2.44501863027e-06	-2.31234560508e-06	-3.66209412337e-06	-3.34000638218e-06	-4.88217255582e-06	159.888681931	160.705194445	161.52170696	162.338219475	163.15473199	163.971244505	164.78775702	165.604269535	166.42078205	167.237294564	-3.31092890419	-3.48999711135	-3.66906531851	-3.84813352567	-4.02720173284	-4.20626994	-4.38533814716	-4.56440635432	-4.74347456148	-4.92254276864	1.78668704413	1.78668704413	1.78668704413	1.78668704413	1.78668704413	1.78668704413	1.78668704413	1.78668704413	1.78668704413	1.78668704413	
4.7	131.197672502	131.642302502	132.086932503	132.531562503	132.976192503	133.420822504	133.865452504	134.310082504	134.754712504	135.199342505	0.0	0.0	-3.11682951537e-07	-5.07641241364e-07	-1.3635251295e-06	-1.90094348297e-06	-2.9880721172e-06	-4.0162103442e-06	-5.64448725525e-06	-7.12955429385e-06	0.0	-7.00993975551e-07	-4.40722150349e-07	-1.92493508674e-06	-1.2086866679e-06	-2.44501863027e-06	-2.31234560508e-06	-3.66209412337e-06	-3.34000638218e-06	-4.88217255582e-06	159.888681931	160.705194445	161.52170696	162.338219475	163.15473199	163.971244505	164.78775702	165.604269535	166.42078205	167.237294564	-3.31092890419	-3.48999711135	-3.66906531851	-3.84813352567	-4.02720173284	-4.20626994	-4.38533814716	-4.56440635432	-4.74347456148	-4.92254276864	1.78668704413	1.78668704413	1.78668704413	1.78668704413	1.78668704413	1.78668704413	1.78668704413	1.78668704413	1.78668704413	1.78668704413	
4.71666666667	131.197672502	131.642302502	132.086932503	132.531562503	132.976192503	133.420822504	133.865452504	134.310082504	134.754712504	135.199342505	0.0	0.0	-3.11682951537e-07	-5.07641241364e-07	-1.3635251295e-06	-1.90094348297e-06	-2.9880721172e-06	-4.0162103442e-06	-5.64448725525e-06	-7.12955429385e-06	0.0	-7.00993975551e-07	-4.40722150349e-07	-1.92493508674e-06	-1.2086866679e-06	-2.44501863027e-06	-2.31234560508e-06	-3.66209412337e-06	-3.34000638218e-06	-4.88217255582e-06	159.888681931	160.705194445	161.52170696	162.338219475	163.15473199	163.971244505	164.78775702	165.604269535	166.42078205	167.237294564	-3.31092890419	-3.48999711135	-3.66906531851	-3.84813352567	-4.02720173284	-4.20626994	-4.38533814716	-4.56440635432	-4.74347456148	-4.92254276864	1.78668704413	1.78668704413	1.78668704413	1.78668704413	1.78668704413	1.78668704413	1.78668704413	1.78668704413	1.78668704413	1.78668704413	
4.73333333333	131.197672502	131.642302502	132.086932503	132.531562503	132.976192503	133.420822504	133.865452504	134.310082504	134.754712504	135.199342505	0.0	0.0	-3.11682951537e-07	-5.07641241364e-07	-1.3635251295e-06	-1.90094348297e-06	-2.9880721172e-06	-4.0162103442e-06	-5.64448725525e-06	-7.12955429385e-06	0.0	-7.00993975551e-07	-4.40722150349e-07	-1.92493508674e-06	-1.2086866679e-06	-2.44501863027e-06	-2.31234560508e-06	-3.66209412337e-06	-3.34000638218e-06	-4.88217255582e-06	159.888681931	160.705194445	161.52170696	162.338219475	163.15473199	163.971244505	164.78775702	165.604269535	166.42078205	167.237294564	-3.31092890419	-3.48999711135	-3.66906531851	-3.84813352567	-4.02720173284	-4.20626994	-4.38533814716	-4.56440635432	-4.74347456148	-4.92254276864	1.78668704413	1.78668704413	1.78668704413	1.78668704413	1.78668704413	1.78668704413	1.78668704413	1.78668704413	1.78668704413	1.78668704413	
4.75	131.197672502	131.642302502	132.086932503	132.531562503	132.976192503	133.420822504	133.865452504	134.310082504	134.754712504	135.199342505	0.0	0.0	-3.11682951537e-07	-5.07641241364e-07	-1.3635251295e-06	-1.90094348297e-06	-2.9880721172e-06	-4.0162103442e-06	-5.64448725525e-06	-7.12955429385e-06	0.0	-7.00993975551e-07	-4.40722150349e-07	-1.92493508674e-06	-1.2086866679e-06	-2.44501863027e-06	-2.31234560508e-06	-3.66209412337e-06	-3.34000638218e-06	-4.88217255582e-06	159.888681931	160.705194445	161.52170696	162.338219475	163.15473199	163.971244505	164.78775702	165.604269535	166.42078205	167.237294564	-3.31092890419	-3.48999711135	-3.66906531851	-3.84813352567	-4.02720173284	-4.20626994	-4.38533814716	-4.56440635432	-4.74347456148	-4.92254276864	1.78668704413	1.78668704413	1.78668704413	1.78668704413	1.78668704413	1.78668704413	1.78668704413	1.78668704413	1.78668704413	1.78668704413	
4.76666666667	131.607680002	131.983640003	132.359600003	132.735560003	133.111520004	133.487480004	133.863440004	134.239400004	134.615360005	134.991320005	0.0	0.0	-6.96638894602e-07	-1.08955001737e-06	-1.74433283455e-06	-2.52967201953e-06	-3.8235145376e-06	-4.63943768488e-06	-6.10546867788e-06	-7.18356060345e-06	0.0	-1.85296013966e-06	-1.04508756911e-06	-1.74162894115e-06	-2.08889026604e-06	-3.44143663463e-06	-2.17023924538e-06	-3.89943342898e-06	-2.86757081816e-06	-5.04329274755e-06	160.895446822	161.791899894	162.688352965	163.584806037	164.481259109	165.37771218	166.274165252	167.170618323	168.067071395	168.963524467	-3.53176082593	-3.72841275245	-3.92506467897	-4.1217166055	-4.31836853202	-4.51502045855	-4.71167238507	-4.90832431159	-5.10497623812	-5.30162816464	1.78674246108	1.78674246108	1.78674246108	1.78674246108	1.78674246108	1.78674246108	1.78674246108	1.78674246108	1.78674246108	1.78674246108	
4.78333333333	131.607680002	131.983640003	132.359600003	132.735560003	133.111520004	133.487480004	133.863440004	134.239400004	134.615360005	134.991320005	0.0	0.0	-6.96638894602e-07	-1.08955001737e-06	-1.74433283455e-06	-2.52967201953e-06	-3.8235145376e-06	-4.63943768488e-06	-6.10546867788e-06	-7.18356060345e-06	0.0	-1.85296013966e-06	-1.04508756911e-06	-1.74162894115e-06	-2.08889026604e-06	-3.44143663463e-06	-2.17023924538e-06	-3.89943342898e-06	-2.86757081816e-06	-5.04329274755e-06	160.895446822	161.791899894	162.688352965	163.584806037	164.481259109	165.37771218	166.274165252	167.170618323	168.067071395	168.963524467	-3.53176082593	-3.72841275245	-3.92506467897	-4.1217166055	-4.31836853202	-4.51502045855	-4.71167238507	-4.90832431159	-5.10497623812	-5.30162816464	1.78674246108	1.78674246108	1.78674246108	1.78674246108	1.78674246108	1.78674246108	1.78674246108	1.78674246108	1.78674246108	1.78674246108	
4.8	131.607680002	131.983640003	132.359600003	132.735560003	133.111520004	133.487480004	133.863440004	134.239400004	134.615360005	134.991320005	0.0	0.0	-6.96638894602e-07	-1.08955001737e-06	-1.74433283455e-06	-2.52967201953e-06	-3.8235145376e-06	-4.63943768488e-06	-6.10546867788e-06	-7.18356060345e-06	0.0	-1.85296013966e-06	-1.04508756911e-06	-1.74162894115e-06	-2.08889026604e-06	-3.44143663463e-06	-2.17023924538e-06	-3.89943342898e-06	-2.86757081816e-06	-5.04329274755e-06	160.895446822	161.791899894	162.688352965	163.584806037	164.481259109	165.37771218	166.274165252	167.170618323	168.067071395	168.963524467	-3.53176082593	-3.72841275245	-3.92506467897	-4.1217166055	-4.31836853202	-4.51502045855	-4.71167238507	-4.90832431159	-5.10497623812	-5.30162816464	1.78674246108	1.78674246108	1.78674246108	1.78674246108	1.78674246108	1.78674246108	1.78674246108	1.78674246108	1.78674246108	1.78674246108	
4.81666666667	131.607680002	131.983640003	132.359600003	132.735560003	133.111520004	133.487480004	133.863440004	134.239400004	134.615360005	134.991320005	0.0	0.0	-6.96638894602e-07	-1.08955001737e-06	-1.74433283455e-06	-2.52967201953e-06	-3.8235145376e-06	-4.63943768488e-06	-6.10546867788e-06	-7.18356060345e-06	0.0	-1.85296013966e-06	-1.04508756911e-06	-1.74162894115e-06	-2.08889026604e-06	-3.44143663463e-06	-2.17023924538e-06	-3.89943342898e-06	-2.86757081816e-06	-5.04329274755e-06	160.895446822	161.791899894	162.688352965	163.584806037	164.481259109	165.37771218	166.274165252	167.170618323	168.067071395	168.963524467	-3.53176082593	-3.72841275245	-3.92506467897	-4.1217166055	-4.31836853202	-4.51502045855	-4.71167238507	-4.90832431159	-5.10497623812	-5.30162816464	1.78674246108	1.78674246108	1.78674246108	1.78674246108	1.78674246108	1.78674246108	1.78674246108	1.78674246108	1.78674246108	1.78674246108	
4.83333333333	131.607680002	131.983640003	132.359600003	132.735560003	133.111520004	133.487480004	133.863440004	134.239400004	134.615360005	134.991320005	0.0	0.0	-6.96638894602e-07	-1.08955001737e-06	-1.74433283455e-06	-2.52967201953e-06	-3.8235145376e-06	-4.63943768488e-06	-6.10546867788e-06	-7.18356060345e-06	0.0	-1.85296013966e-06	-1.04508756911e-06	-1.74162894115e-06	-2.08889026604e-06	-3.44143663463e-06	-2.17023924538e-06	-3.89943342898e-06	-2.86757081816e-06	-5.04329274755e-06	160.895446822	161.791899894	162.688352965	163.584806037	164.481259109	165.37771218	166.274165252	167.170618323	168.067071395	168.963524467	-3.53176082593	-3.72841275245	-3.92506467897	-4.1217166055	-4.31836853202	-4.51502045855	-4.71167238507	-4.90832431159	-5.10497623812	-5.30162816464	1.78674246108	1.78674246108	1.78674246108	1.78674246108	1.78674246108	1.78674246108	1.78674246108	1.78674246108	1.78674246108	1.78674246108	
4.85	131.607680002	131.983640003	132.359600003	132.735560003	133.111520004	133.487480004	133.863440004	134.239400004	134.615360005	134.991320005	0.0	0.0	-6.96638894602e-07	-1.08955001737e-06	-1.74433283455e-06	-2.52967201953e-06	-3.8235145376e-06	-4.63943768488e-06	-6.10546867788e-06	-7.18356060345e-06	0.0	-1.85296013966e-06	-1.04508756911e-06	-1.74162894115e-06	-2.08889026604e-06	-3.44143663463e-06	-2.17023924538e-06	-3.89943342898e-06	-2.86757081816e-06	-5.04329274755e-06	160.895446822	161.791899894	162.688352965	163.584806037	164.481259109	165.37771218	166.274165252	167.170618323	168.067071395	168.963524467	-3.53176082593	-3.72841275245	-3.92506467897	-4.1217166055	-4.31836853202	-4.51502045855	-4.71167238507	-4.90832431159	-5.10497623812	-5.30162816464	1.78674246108	1.78674246108	1.78674246108	1.78674246108	1.78674246108	1.78674246108	1.78674246108	1.78674246108	1.78674246108	1.78674246108	
4.86666666667	131.607680002	131.983640003	132.359600003	132.735560003	133.111520004	133.487480004	133.863440004	134.239400004	134.615360005	134.991320005	0.0	0.0	-6.96638894602e-07	-1.08955001737e-06	-1.74433283455e-06	-2.52967201953e-06	-3.8235145376e-06	-4.63943768488e-06	-6.10546867788e-06	-7.18356060345e-06	0.0	-1.85296013966e-06	-1.04508756911e-06	-1.74162894115e-06	-2.08889026604e-06	-3.44143663463e-06	-2.17023924538e-06	-3.89943342898e-06	-2.86757081816e-06	-5.04329274755e-06	160.895446822	161.791899894	162.688352965	163.584806037	164.481259109	165.37771218	166.274165252	167.170618323	168.067071395	168.963524467	-3.53176082593	-3.72841275245	-3.92506467897	-4.1217166055	-4.31836853202	-4.51502045855	-4.71167238507	-4.90832431159	-5.10497623812	-5.30162816464	1.78674246108	1.78674246108	1.78674246108	1.78674246108	1.78674246108	1.78674246108	1.78674246108	1.78674246108	1.78674246108	1.78674246108	
4.88333333333	131.937572503	132.244862503	132.552152503	132.859442504	133.166732504	133.474022504	133.781312504	134.088602505	134.395892505	134.703182505	0.0	0.0	-1.08047708795e-06	-1.60848602179e-06	-3.29718163721e-06	-4.54540641804e-06	-7.20015100668e-06	-9.65479146304e-06	-1.3427492422e-05	-1.70693540208e-05	0.0	-3.51614789609e-06	-1.7182756789e-06	-5.49544604096e-06	-4.06204165357e-06	-8.63921568001e-06	-7.98802581993e-06	-1.22773307161e-05	-1.18515460822e-05	-1.64742008019e-05	161.989602989	162.957328779	163.925054569	164.892780359	165.860506149	166.828231939	167.795957729	168.763683519	169.731409309	170.699135098	-3.77179425314	-3.98409672563	-4.19639919813	-4.40870167062	-4.62100414311	-4.83330661561	-5.0456090881	-5.25791156059	-5.47021403309	-5.68251650558	1.78675792693	1.78675792693	1.78675792693	1.78675792693	1.78675792693	1.78675792693	1.78675792693	1.78675792693	1.78675792693	1.78675792693	
4.9	131.937572503	132.244862503	132.552152503	132.859442504	133.166732504	133.474022504	133.781312504	134.088602505	134.395892505	134.703182505	0.0	0.0	-1.08047708795e-06	-1.60848602179e-06	-3.29718163721e-06	-4.54540641804e-06	-7.20015100668e-06	-9.65479146304e-06	-1.3427492422e-05	-1.70693540208e-05	0.0	-3.51614789609e-06	-1.7182756789e-06	-5.49544604096e-06	-4.06204165357e-06	-8.63921568001e-06	-7.98802581993e-06	-1.22773307161e-05	-1.18515460822e-05	-1.64742008019e-05	161.989602989	162.957328779	163.925054569	164.892780359	165.860506149	166.828231939	167.795957729	168.763683519	169.731409309	170.699135098	-3.77179425314	-3.98409672563	-4.19639919813	-4.40870167062	-4.62100414311	-4.83330661561	-5.0456090881	-5.25791156059	-5.47021403309	-5.68251650558	1.78675792693	1.78675792693	1.78675792693	1.78675792693	1.78675792693	1.78675792693	1.78675792693	1.78675792693	1.78675792693	1.78675792693	
4.91666666667	131.937572503	132.244862503	132.552152503	132.859442504	133.166732504	133.474022504	133.781312504	134.088602505	134.395892505	134.703182505	0.0	0.0	-1.08047708795e-06	-1.60848602179e-06	-3.29718163721e-06	-4.54540641804e-06	-7.20015100668e-06	-9.65479146304e-06	-1.3427492422e-05	-1.70693540208e-05	0.0	-3.51614789609e-06	-1.7182756789e-06	-5.49544604096e-06	-4.06204165357e-06	-8.63921568001e-06	-7.98802581993e-06	-1.22773307161e-05	-1.18515460822e-05	-1.64742008019e-05	161.989602989	162.957328779	163.925054569	164.892780359	165.860506149	166.828231939	167.795957729	168.763683519	169.731409309	170.699135098	-3.77179425314	-3.98409672563	-4.19639919813	-4.40870167062	-4.62100414311	-4.83330661561	-5.0456090881	-5.25791156059	-5.47021403309	-5.68251650558	1.78675792693	1.78675792693	1.78675792693	1.78675792693	1.78675792693	1.78675792693	1.78675792693	1.78675792693	1.78675792693	1.78675792693	
4.93333333333	131.937572503	132.244862503	132.552152503	132.859442504	133.166732504	133.474022504	133.781312504	134.088602505	134.395892505	134.703182505	0.0	0.0	-1.08047708795e-06	-1.60848602179e-06	-3.29718163721e-06	-4.54540641804e-06	-7.20015100668e-06	-9.65479146304e-06	-1.3427492422e-05	-1.70693540208e-05	0.0	-3.51614789609e-06	-1.7182756789e-06	-5.49544604096e-06	-4.06204165357e-06	-8.63921568001e-06	-7.98802581993e-06	-1.22773307161e-05	-1.18515460822e-05	-1.64742008019e-05	161.989602989	162.957328779	163.925054569	164.892780359	165.860506149	166.828231939	167.795957729	168.763683519	169.731409309	170.699135098	-3.77179425314	-3.98409672563	-4.19639919813	-4.40870167062	-4.62100414311	-4.83330661561	-5.0456090881	-5.25791156059	-5.47021403309	-5.68251650558	1.78675792693	1.78675792693	1.78675792693	1.78675792693	1.78675792693	1.78675792693	1.78675792693	1.78675792693	1.78675792693	1.78675792693	
4.95	131.937572503	132.244862503	132.552152503	132.859442504	133.166732504	133.474022504	133.781312504	134.088602505	134.395892505	134.703182505	0.0	0.0	-1.08047708795e-06	-1.60848602179e-06	-3.29718163721e-06	-4.54540641804e-06	-7.20015100668e-06	-9.65479146304e-06	-1.3427492422e-05	-1.70693540208e-05	0.0	-3.51614789609e-06	-1.7182756789e-06	-5.49544604096e-06	-4.06204165357e-06	-8.63921568001e-06	-7.98802581993e-06	-1.22773307161e-05	-1.18515460822e-05	-1.64742008019e-05	161.989602989	162.957328779	163.925054569	164.892780359	165.860506149	166.828231939	167.795957729	168.763683519	169.731409309	170.699135098	-3.77179425314	-3.98409672563	-4.19639919813	-4.40870167062	-4.62100414311	-4.83330661561	-5.0456090881	-5.25791156059	-5.47021403309	-5.68251650558	1.78675792693	1.78675792693	1.78675792693	1.78675792693	1.78675792693	1.78675792693	1.78675792693	1.78675792693	1.78675792693	1.78675792693	
4.96666666667	131.937572503	132.244862503	132.552152503	132.859442504	133.166732504	133.474022504	133.781312504	134.088602505	134.395892505	134.703182505	0.0	0.0	-1.08047708795e-06	-1.60848602179e-06	-3.29718163721e-06	-4.54540641804e-06	-7.20015100668e-06	-9.65479146304e-06	-1.3427492422e-05	-1.70693540208e-05	0.0	-3.51614789609e-06	-1.7182756789e-06	-5.49544604096e-06	-4.06204165357e-06	-8.63921568001e-06	-7.98802581993e-06	-1.22773307161e-05	-1.18515460822e-05	-1.64742008019e-05	161.989602989	162.957328779	163.925054569	164.892780359	165.860506149	166.828231939	167.795957729	168.763683519	169.731409309	170.699135098	-3.77179425314	-3.98409672563	-4.19639919813	-4.40870167062	-4.62100414311	-4.83330661561	-5.0456090881	-5.25791156059	-5.47021403309	-5.68251650558	1.78675792693	1.78675792693	1.78675792693	1.78675792693	1.78675792693	1.78675792693	1.78675792693	1.78675792693	1.78675792693	1.78675792693	
4.98333333333	132.156572503	132.405002503	132.653432504	132.901862504	133.150292504	133.398722504	133.647152505	133.895582505	134.144012505	134.392442506	-8.93351007781e-08	-1.26490131356e-07	-8.57815640804e-07	-1.65268327827e-06	-3.14379171957e-06	-4.69854402949e-06	-6.93418294037e-06	-9.22156598164e-06	-1.22481442906e-05	-1.5319855077e-05	-1.49559354892e-07	-2.94378902956e-06	-3.19956380695e-06	-6.00212711671e-06	-6.25831142842e-06	-8.99906979175e-06	-9.20735434e-06	-1.21828213403e-05	-1.23644921427e-05	-1.51592168968e-05	162.98979429	164.012424793	165.035055297	166.0576858	167.080316304	168.102946808	169.125577311	170.148207815	171.170838318	172.193468822	-3.99122191718	-4.21557381212	-4.43992570707	-4.66427760202	-4.88862949696	-5.11298139191	-5.33733328685	-5.5616851818	-5.78603707675	-6.01038897169	1.78676190899	1.78676190899	1.78676190899	1.78676190899	1.78676190899	1.78676190899	1.78676190899	1.78676190899	1.78676190899	1.78676190899	
5.0	132.156572503	132.405002503	132.653432504	132.901862504	133.150292504	133.398722504	133.647152505	133.895582505	134.144012505	134.392442506	-8.93351007781e-08	-1.26490131356e-07	-8.57815640804e-07	-1.65268327827e-06	-3.14379171957e-06	-4.69854402949e-06	-6.93418294037e-06	-9.22156598164e-06	-1.22481442906e-05	-1.5319855077e-05	-1.49559354892e-07	-2.94378902956e-06	-3.19956380695e-06	-6.00212711671e-06	-6.25831142842e-06	-8.99906979175e-06	-9.20735434e-06	-1.21828213403e-05	-1.23644921427e-05	-1.51592168968e-05	162.98979429	164.012424793	165.035055297	166.0576858	167.080316304	168.102946808	169.125577311	170.148207815	171.170838318	172.193468822	-3.99122191718	-4.21557381212	-4.43992570707	-4.66427760202	-4.88862949696	-5.11298139191	-5.33733328685	-5.5616851818	-5.78603707675	-6.01038897169	1.78676190899	1.78676190899	1.78676190899	1.78676190899	1.78676190899	1.78676190899	1.78676190899	1.78676190899	1.78676190899	1.78676190899	
5.01666666667	132.156572503	132.405002503	132.653432504	132.901862504	133.150292504	133.398722504	133.647152505	133.895582505	134.144012505	134.392442506	-8.93351007781e-08	-1.26490131356e-07	-8.57815640804e-07	-1.65268327827e-06	-3.14379171957e-06	-4.69854402949e-06	-6.93418294037e-06	-9.22156598164e-06	-1.22481442906e-05	-1.5319855077e-05	-1.49559354892e-07	-2.94378902956e-06	-3.19956380695e-06	-6.00212711671e-06	-6.25831142842e-06	-8.99906979175e-06	-9.20735434e-06	-1.21828213403e-05	-1.23644921427e-05	-1.51592168968e-05	162.98979429	164.012424793	165.035055297	166.0576858	167.080316304	168.102946808	169.125577311	170.148207815	171.170838318	172.193468822	-3.99122191718	-4.21557381212	-4.43992570707	-4.66427760202	-4.88862949696	-5.11298139191	-5.33733328685	-5.5616851818	-5.78603707675	-6.01038897169	1.78676190899	1.78676190899	1.78676190899	1.78676190899	1.78676190899	1.78676190899	1.78676190899	1.78676190899	1.78676190899	1.78676190899	
5.03333333333	132.156572503	132.405002503	132.653432504	132.901862504	133.150292504	133.398722504	133.647152505	133.895582505	134.144012505	134.392442506	-8.93351007781e-08	-1.26490131356e-07	-8.57815640804e-07	-1.65268327827e-06	-3.14379171957e-06	-4.69854402949e-06	-6.93418294037e-06	-9.22156598164e-06	-1.22481442906e-05	-1.5319855077e-05	-1.49559354892e-07	-2.94378902956e-06	-3.19956380695e-06	-6.00212711671e-06	-6.25831142842e-06	-8.99906979175e-06	-9.20735434e-06	-1.21828213403e-05	-1.23644921427e-05	-1.51592168968e-05	162.98979429	164.012424793	165.035055297	166.0576858	167.080316304	168.102946808	169.125577311	170.148207815	171.170838318	172.193468822	-3.99122191718	-4.21557381212	-4.43992570707	-4.66427760202	-4.88862949696	-5.11298139191	-5.33733328685	-5.5616851818	-5.78603707675	-6.01038897169	1.78676190899	1.78676190899	1.78676190899	1.78676190899	1.78676190899	1.78676190899	1.78676190899	1.78676190899	1.78676190899	1.78676190899	
5.05	132.156572503	132.405002503	132.653432504	132.901862504	133.150292504	133.398722504	133.647152505	133.895582505	134.144012505	134.392442506	-8.93351007781e-08	-1.26490131356e-07	-8.57815640804e-07	-1.65268327827e-06	-3.14379171957e-06	-4.69854402949e-06	-6.93418294037e-06	-9.22156598164e-06	-1.22481442906e-05	-1.5319855077e-05	-1.49559354892e-07	-2.94378902956e-06	-3.19956380695e-06	-6.00212711671e-06	-6.25831142842e-06	-8.99906979175e-06	-9.20735434e-06	-1.21828213403e-05	-1.23644921427e-05	-1.51592168968e-05	162.98979429	164.012424793	165.035055297	166.0576858	167.080316304	168.102946808	169.125577311	170.148207815	171.170838318	172.193468822	-3.99122191718	-4.21557381212	-4.43992570707	-4.66427760202	-4.88862949696	-5.11298139191	-5.33733328685	-5.5616851818	-5.78603707675	-6.01038897169	1.78676190899	1.78676190899	1.78676190899	1.78676190899	1.78676190899	1.78676190899	1.78676190899	1.78676190899	1.78676190899	1.78676190899	
5.06666666667	132.156572503	132.405002503	132.653432504	132.901862504	133.150292504	133.398722504	133.647152505	133.895582505	134.144012505	134.392442506	-8.93351007781e-08	-1.26490131356e-07	-8.57815640804e-07	-1.65268327827e-06	-3.14379171957e-06	-4.69854402949e-06	-6.93418294037e-06	-9.22156598164e-06	-1.22481442906e-05	-1.5319855077e-05	-1.49559354892e-07	-2.94378902956e-06	-3.19956380695e-06	-6.00212711671e-06	-6.25831142842e-06	-8.99906979175e-06	-9.20735434e-06	-1.21828213403e-05	-1.23644921427e-05	-1.51592168968e-05	162.98979429	164.012424793	165.035055297	166.0576858	167.080316304	168.102946808	169.125577311	170.148207815	171.170838318	172.193468822	-3.99122191718	-4.21557381212	-4.43992570707	-4.66427760202	-4.88862949696	-5.11298139191	-5.33733328685	-5.5616851818	-5.78603707675	-6.01038897169	1.78676190899	1.78676190899	1.78676190899	1.78676190899	1.78676190899	1.78676190899	1.78676190899	1.78676190899	1.78676190899	1.78676190899	
5.08333333333	132.156572503	132.405002503	132.653432504	132.901862504	133.150292504	133.398722504	133.647152505	133.895582505	134.144012505	134.392442506	-8.93351007781e-08	-1.26490131356e-07	-8.57815640804e-07	-1.65268327827e-06	-3.14379171957e-06	-4.69854402949e-06	-6.93418294037e-06	-9.22156598164e-06	-1.22481442906e-05	-1.5319855077e-05	-1.49559354892e-07	-2.94378902956e-06	-3.19956380695e-06	-6.00212711671e-06	-6.25831142842e-06	-8.99906979175e-06	-9.20735434e-06	-1.21828213403e-05	-1.23644921427e-05	-1.51592168968e-05	162.98979429	164.012424793	165.035055297	166.0576858	167.080316304	168.102946808	169.125577311	170.148207815	171.170838318	172.193468822	-3.99122191718	-4.21557381212	-4.43992570707	-4.66427760202	-4.88862949696	-5.11298139191	-5.33733328685	-5.5616851818	-5.78603707675	-6.01038897169	1.78676190899	1.78676190899	1.78676190899	1.78676190899	1.78676190899	1.78676190899	1.78676190899	1.78676190899	1.78676190899	1.78676190899	
5.1	132.337680003	132.517440004	132.697200004	132.876960004	133.056720005	133.236480005	133.416240005	133.596000005	133.775760006	133.955520006	-7.90317852153e-07	-8.8536885786e-07	-1.25321675371e-06	-1.84085195886e-06	-2.6518819033e-06	-3.72476614552e-06	-5.00877391211e-06	-6.52827667958e-06	-8.27422441113e-06	-1.0246208216e-05	-5.28766163521e-07	-2.04632785524e-06	-3.2689986883e-06	-4.51173755643e-06	-5.96842590404e-06	-7.14290033677e-06	-8.45295263161e-06	-9.71265981741e-06	-1.0970092355e-05	-1.21919979149e-05	164.221882842	165.302098267	166.382313691	167.462529116	168.542744541	169.622959966	170.703175391	171.783390816	172.863606241	173.943821665	-4.2615274599	-4.49851437777	-4.73550129564	-4.97248821352	-5.20947513139	-5.44646204926	-5.68344896713	-5.920435885	-6.15742280288	-6.39440972075	1.78676335449	1.78676335449	1.78676335449	1.78676335449	1.78676335449	1.78676335449	1.78676335449	1.78676335449	1.78676335449	1.78676335449	
5.11666666667	132.337680003	132.517440004	132.697200004	132.876960004	133.056720005	133.236480005	133.416240005	133.596000005	133.775760006	133.955520006	-7.90317852153e-07	-8.8536885786e-07	-1.25321675371e-06	-1.84085195886e-06	-2.6518819033e-06	-3.72476614552e-06	-5.00877391211e-06	-6.52827667958e-06	-8.27422441113e-06	-1.0246208216e-05	-5.28766163521e-07	-2.04632785524e-06	-3.2689986883e-06	-4.51173755643e-06	-5.96842590404e-06	-7.14290033677e-06	-8.45295263161e-06	-9.71265981741e-06	-1.0970092355e-05	-1.21919979149e-05	164.221882842	165.302098267	166.382313691	167.462529116	168.542744541	169.622959966	170.703175391	171.783390816	172.863606241	173.943821665	-4.2615274599	-4.49851437777	-4.73550129564	-4.97248821352	-5.20947513139	-5.44646204926	-5.68344896713	-5.920435885	-6.15742280288	-6.39440972075	1.78676335449	1.78676335449	1.78676335449	1.78676335449	1.78676335449	1.78676335449	1.78676335449	1.78676335449	1.78676335449	1.78676335449	
5.13333333333	132.337680003	132.517440004	132.697200004	132.876960004	133.056720005	133.236480005	133.416240005	133.596000005	133.775760006	133.955520006	-7.90317852153e-07	-8.8536885786e-07	-1.25321675371e-06	-1.84085195886e-06	-2.6518819033e-06	-3.72476614552e-06	-5.00877391211e-06	-6.52827667958e-06	-8.27422441113e-06	-1.0246208216e-05	-5.28766163521e-07	-2.04632785524e-06	-3.2689986883e-06	-4.51173755643e-06	-5.96842590404e-06	-7.14290033677e-06	-8.45295263161e-06	-9.71265981741e-06	-1.0970092355e-05	-1.21919979149e-05	164.221882842	165.302098267	166.382313691	167.462529116	168.542744541	169.622959966	170.703175391	171.783390816	172.863606241	173.943821665	-4.2615274599	-4.49851437777	-4.73550129564	-4.97248821352	-5.20947513139	-5.44646204926	-5.68344896713	-5.920435885	-6.15742280288	-6.39440972075	1.78676335449	1.78676335449	1.78676335449	1.78676335449	1.78676335449	1.78676335449	1.78676335449	1.78676335449	1.78676335449	1.78676335449	
5.15	132.337680003	132.517440004	132.697200004	132.876960004	133.056720005	133.236480005	133.416240005	133.596000005	133.775760006	133.955520006	-7.90317852153e-07	-8.8536885786e-07	-1.25321675371e-06	-1.84085195886e-06	-2.6518819033e-06	-3.72476614552e-06	-5.00877391211e-06	-6.52827667958e-06	-8.27422441113e-06	-1.0246208216e-05	-5.28766163521e-07	-2.04632785524e-06	-3.2689986883e-06	-4.51173755643e-06	-5.96842590404e-06	-7.14290033677e-06	-8.45295263161e-06	-9.71265981741e-06	-1.0970092355e-05	-1.21919979149e-05	164.221882842	165.302098267	166.382313691	167.462529116	168.542744541	169.622959966	170.703175391	171.783390816	172.863606241	173.943821665	-4.2615274599	-4.49851437777	-4.73550129564	-4.97248821352	-5.20947513139	-5.44646204926	-5.68344896713	-5.920435885	-6.15742280288	-6.39440972075	1.78676335449	1.78676335449	1.78676335449	1.78676335449	1.78676335449	1.78676335449	1.78676335449	1.78676335449	1.78676335449	1.78676335449	
5.16666666667	132.337680003	132.517440004	132.697200004	132.876960004	133.056720005	133.236480005	133.416240005	133.596000005	133.775760006	133.955520006	-7.90317852153e-07	-8.8536885786e-07	-1.25321675371e-06	-1.84085195886e-06	-2.6518819033e-06	-3.72476614552e-06	-5.00877391211e-06	-6.52827667958e-06	-8.27422441113e-06	-1.0246208216e-05	-5.28766163521e-07	-2.04632785524e-06	-3.2689986883e-06	-4.51173755643e-06	-5.96842590404e-06	-7.14290033677e-06	-8.45295263161e-06	-9.71265981741e-06	-1.0970092355e-05	-1.21919979149e-05	164.221882842	165.302098267	166.382313691	167.462529116	168.542744541	169.622959966	170.703175391	171.783390816	172.863606241	173.943821665	-4.2615274599	-4.49851437777	-4.73550129564	-4.97248821352	-5.20947513139	-5.44646204926	-5.68344896713	-5.920435885	-6.15742280288	-6.39440972075	1.78676335449	1.78676335449	1.78676335449	1.78676335449	1.78676335449	1.78676335449	1.78676335449	1.78676335449	1.78676335449	1.78676335449	
5.18333333333	132.337680003	132.517440004	132.697200004	132.876960004	133.056720005	133.236480005	133.416240005	133.596000005	133.775760006	133.955520006	-7.90317852153e-07	-8.8536885786e-07	-1.25321675371e-06	-1.84085195886e-06	-2.6518819033e-06	-3.72476614552e-06	-5.00877391211e-06	-6.52827667958e-06	-8.27422441113e-06	-1.0246208216e-05	-5.28766163521e-07	-2.04632785524e-06	-3.2689986883e-06	-4.51173755643e-06	-5.96842590404e-06	-7.14290033677e-06	-8.45295263161e-06	-9.71265981741e-06	-1.0970092355e-05	-1.21919979149e-05	164.221882842	165.302098267	166.382313691	167.462529116	168.542744541	169.622959966	170.703175391	171.783390816	172.863606241	173.943821665	-4.2615274599	-4.49851437777	-4.73550129564	-4.97248821352	-5.20947513139	-5.44646204926	-5.68344896713	-5.920435885	-6.15742280288	-6.39440972075	1.78676335449	1.78676335449	1.78676335449	1.78676335449	1.78676335449	1.78676335449	1.78676335449	1.78676335449	1.78676335449	1.78676335449	
5.2	132.429150004	132.550050004	132.670950004	132.791850005	132.912750005	133.033650005	133.154550005	133.275450006	133.396350006	133.517250006	-1.35851166874e-06	-1.45048671156e-06	-1.5748059757e-06	-1.79750779721e-06	-2.03487615354e-06	-2.36815241356e-06	-2.73007248932e-06	-3.17733029956e-06	-3.64543691072e-06	-4.18066582841e-06	-7.60753040512e-07	-1.02828175219e-06	-1.84203325876e-06	-1.96334454722e-06	-2.75662745433e-06	-2.99354900652e-06	-3.69940288814e-06	-3.8718495454e-06	-4.42703818375e-06	-4.52629400267e-06	165.328328278	166.452903052	167.577477826	168.7020526	169.826627374	170.951202148	172.075776922	173.200351696	174.32492647	175.449501245	-4.50426923302	-4.75098852379	-4.99770781455	-5.24442710532	-5.49114639609	-5.73786568685	-5.98458497762	-6.23130426839	-6.47802355915	-6.72474284992	1.78676372666	1.78676372666	1.78676372666	1.78676372666	1.78676372666	1.78676372666	1.78676372666	1.78676372666	1.78676372666	1.78676372666	
5.21666666667	132.429150004	132.550050004	132.670950004	132.791850005	132.912750005	133.033650005	133.154550005	133.275450006	133.396350006	133.517250006	-1.35851166874e-06	-1.45048671156e-06	-1.5748059757e-06	-1.79750779721e-06	-2.03487615354e-06	-2.36815241356e-06	-2.73007248932e-06	-3.17733029956e-06	-3.64543691072e-06	-4.18066582841e-06	-7.60753040512e-07	-1.02828175219e-06	-1.84203325876e-06	-1.96334454722e-06	-2.75662745433e-06	-2.99354900652e-06	-3.69940288814e-06	-3.8718495454e-06	-4.42703818375e-06	-4.52629400267e-06	165.328328278	166.452903052	167.577477826	168.7020526	169.826627374	170.951202148	172.075776922	173.200351696	174.32492647	175.449501245	-4.50426923302	-4.75098852379	-4.99770781455	-5.24442710532	-5.49114639609	-5.73786568685	-5.98458497762	-6.23130426839	-6.47802355915	-6.72474284992	1.78676372666	1.78676372666	1.78676372666	1.78676372666	1.78676372666	1.78676372666	1.78676372666	1.78676372666	1.78676372666	1.78676372666	
5.23333333333	132.429150004	132.550050004	132.670950004	132.791850005	132.912750005	133.033650005	133.154550005	133.275450006	133.396350006	133.517250006	-1.35851166874e-06	-1.45048671156e-06	-1.5748059757e-06	-1.79750779721e-06	-2.03487615354e-06	-2.36815241356e-06	-2.73007248932e-06	-3.17733029956e-06	-3.64543691072e-06	-4.18066582841e-06	-7.60753040512e-07	-1.02828175219e-06	-1.84203325876e-06	-1.96334454722e-06	-2.75662745433e-06	-2.99354900652e-06	-3.69940288814e-06	-3.8718495454e-06	-4.42703818375e-06	-4.52629400267e-06	165.328328278	166.452903052	167.577477826	168.7020526	169.826627374	170.951202148	172.075776922	173.200351696	174.32492647	175.449501245	-4.50426923302	-4.75098852379	-4.99770781455	-5.24442710532	-5.49114639609	-5.73786568685	-5.98458497762	-6.23130426839	-6.47802355915	-6.72474284992	1.78676372666	1.78676372666	1.78676372666	1.78676372666	1.78676372666	1.78676372666	1.78676372666	1.78676372666	1.78676372666	1.78676372666	
5.25	132.429150004	132.550050004	132.670950004	132.791850005	132.912750005	133.033650005	133.154550005	133.275450006	133.396350006	133.517250006	-1.35851166874e-06	-1.45048671156e-06	-1.5748059757e-06	-1.79750779721e-06	-2.03487615354e-06	-2.36815241356e-06	-2.73007248932e-06	-3.17733029956e-06	-3.64543691072e-06	-4.18066582841e-06	-7.60753040512e-07	-1.02828175219e-06	-1.84203325876e-06	-1.96334454722e-06	-2.75662745433e-06	-2.99354900652e-06	-3.69940288814e-06	-3.8718495454e-06	-4.42703818375e-06	-4.52629400267e-06	165.328328278	166.452903052	167.577477826	168.7020526	169.826627374	170.951202148	172.075776922	173.200351696	174.32492647	175.449501245	-4.50426923302	-4.75098852379	-4.99770781455	-5.24442710532	-5.49114639609	-5.73786568685	-5.98458497762	-6.23130426839	-6.47802355915	-6.72474284992	1.78676372666	1.78676372666	1.78676372666	1.78676372666	1.78676372666	1.78676372666	1.78676372666	1.78676372666	1.78676372666	1.78676372666	
5.26666666667	132.429150004	132.550050004	132.670950004	132.791850005	132.912750005	133.033650005	133.154550005	133.275450006	133.396350006	133.517250006	-1.35851166874e-06	-1.45048671156e-06	-1.5748059757e-06	-1.79750779721e-06	-2.03487615354e-06	-2.36815241356e-06	-2.73007248932e-06	-3.17733029956e-06	-3.64543691072e-06	-4.18066582841e-06	-7.60753040512e-07	-1.02828175219e-06	-1.84203325876e-06	-1.96334454722e-06	-2.75662745433e-06	-2.99354900652e-06	-3.69940288814e-06	-3.8718495454e-06	-4.42703818375e-06	-4.52629400267e-06	165.328328278	166.452903052	167.577477826	168.7020526	169.826627374	170.951202148	172.075776922	173.200351696	174.32492647	175.449501245	-4.50426923302	-4.75098852379	-4.99770781455	-5.24442710532	-5.49114639609	-5.73786568685	-5.98458497762	-6.23130426839	-6.47802355915	-6.72474284992	1.78676372666	1.78676372666	1.78676372666	1.78676372666	1.78676372666	1.78676372666	1.78676372666	1.78676372666	1.78676372666	1.78676372666	
5.28333333333	132.429150004	132.550050004	132.670950004	132.791850005	132.912750005	133.033650005	133.154550005	133.275450006	133.396350006	133.517250006	-1.35851166874e-06	-1.45048671156e-06	-1.5748059757e-06	-1.79750779721e-06	-2.03487615354e-06	-2.36815241356e-06	-2.73007248932e-06	-3.17733029956e-06	-3.64543691072e-06	-4.18066582841e-06	-7.60753040512e-07	-1.02828175219e-06	-1.84203325876e-06	-1.96334454722e-06	-2.75662745433e-06	-2.99354900652e-06	-3.69940288814e-06	-3.8718495454e-06	-4.42703818375e-06	-4.52629400267e-06	165.328328278	166.452903052	167.577477826	168.7020526	169.826627374	170.951202148	172.075776922	173.200351696	174.32492647	175.449501245	-4.50426923302	-4.75098852379	-4.99770781455	-5.24442710532	-5.49114639609	-5.73786568685	-5.98458497762	-6.23130426839	-6.47802355915	-6.72474284992	1.78676372666	1.78676372666	1.78676372666	1.78676372666	1.78676372666	1.78676372666	1.78676372666	1.78676372666	1.78676372666	1.78676372666	
5.3	132.429150004	132.550050004	132.670950004	132.791850005	132.912750005	133.033650005	133.154550005	133.275450006	133.396350006	133.517250006	-1.35851166874e-06	-1.45048671156e-06	-1.5748059757e-06	-1.79750779721e-06	-2.03487615354e-06	-2.36815241356e-06	-2.73007248932e-06	-3.17733029956e-06	-3.64543691072e-06	-4.18066582841e-06	-7.60753040512e-07	-1.02828175219e-06	-1.84203325876e-06	-1.96334454722e-06	-2.75662745433e-06	-2.99354900652e-06	-3.69940288814e-06	-3.8718495454e-06	-4.42703818375e-06	-4.52629400267e-06	165.328328278	166.452903052	167.577477826	168.7020526	169.826627374	170.951202148	172.075776922	173.200351696	174.32492647	175.449501245	-4.50426923302	-4.75098852379	-4.99770781455	-5.24442710532	-5.49114639609	-5.73786568685	-5.98458497762	-6.23130426839	-6.47802355915	-6.72474284992	1.78676372666	1.78676372666	1.78676372666	1.78676372666	1.78676372666	1.78676372666	1.78676372666	1.78676372666	1.78676372666	1.78676372666	
5.31666666667	132.429150004	132.550050004	132.670950004	132.791850005	132.912750005	133.033650005	133.154550005	133.275450006	133.396350006	133.517250006	-1.35851166874e-06	-1.45048671156e-06	-1.5748059757e-06	-1.79750779721e-06	-2.03487615354e-06	-2.36815241356e-06	-2.73007248932e-06	-3.17733029956e-06	-3.64543691072e-06	-4.18066582841e-06	-7.60753040512e-07	-1.02828175219e-06	-1.84203325876e-06	-1.96334454722e-06	-2.75662745433e-06	-2.99354900652e-06	-3.69940288814e-06	-3.8718495454e-06	-4.42703818375e-06	-4.52629400267e-06	165.328328278	166.452903052	167.577477826	168.7020526	169.826627374	170.951202148	172.075776922	173.200351696	174.32492647	175.449501245	-4.50426923302	-4.75098852379	-4.99770781455	-5.24442710532	-5.49114639609	-5.73786568685	-5.98458497762	-6.23130426839	-6.47802355915	-6.72474284992	1.78676372666	1.78676372666	1.78676372666	1.78676372666	1.78676372666	1.78676372666	1.78676372666	1.78676372666	1.78676372666	1.78676372666	
5.33333333333	132.429150004	132.550050004	132.670950004	132.791850005	132.912750005	133.033650005	133.154550005	133.275450006	133.396350006	133.517250006	-1.35851166874e-06	-1.45048671156e-06	-1.5748059757e-06	-1.79750779721e-06	-2.03487615354e-06	-2.36815241356e-06	-2.73007248932e-06	-3.17733029956e-06	-3.64543691072e-06	-4.18066582841e-06	-7.60753040512e-07	-1.02828175219e-06	-1.84203325876e-06	-1.96334454722e-06	-2.75662745433e-06	-2.99354900652e-06	-3.69940288814e-06	-3.8718495454e-06	-4.42703818375e-06	-4.52629400267e-06	165.328328278	166.452903052	167.577477826	168.7020526	169.826627374	170.951202148	172.075776922	173.200351696	174.32492647	175.449501245	-4.50426923302	-4.75098852379	-4.99770781455	-5.24442710532	-5.49114639609	-5.73786568685	-5.98458497762	-6.23130426839	-6.47802355915	-6.72474284992	1.78676372666	1.78676372666	1.78676372666	1.78676372666	1.78676372666	1.78676372666	1.78676372666	1.78676372666	1.78676372666	1.78676372666	
5.35	132.429150004	132.550050004	132.670950004	132.791850005	132.912750005	133.033650005	133.154550005	133.275450006	133.396350006	133.517250006	-1.35851166874e-06	-1.45048671156e-06	-1.5748059757e-06	-1.79750779721e-06	-2.03487615354e-06	-2.36815241356e-06	-2.73007248932e-06	-3.17733029956e-06	-3.64543691072e-06	-4.18066582841e-06	-7.60753040512e-07	-1.02828175219e-06	-1.84203325876e-06	-1.96334454722e-06	-2.75662745433e-06	-2.99354900652e-06	-3.69940288814e-06	-3.8718495454e-06	-4.42703818375e-06	-4.52629400267e-06	165.328328278	166.452903052	167.577477826	168.7020526	169.826627374	170.951202148	172.075776922	173.200351696	174.32492647	175.449501245	-4.50426923302	-4.75098852379	-4.99770781455	-5.24442710532	-5.49114639609	-5.73786568685	-5.98458497762	-6.23130426839	-6.47802355915	-6.72474284992	1.78676372666	1.78676372666	1.78676372666	1.78676372666	1.78676372666	1.78676372666	1.78676372666	1.78676372666	1.78676372666	1.78676372666	
5.36666666667	132.429150004	132.550050004	132.670950004	132.791850005	132.912750005	133.033650005	133.154550005	133.275450006	133.396350006	133.517250006	-1.35851166874e-06	-1.45048671156e-06	-1.5748059757e-06	-1.79750779721e-06	-2.03487615354e-06	-2.36815241356e-06	-2.73007248932e-06	-3.17733029956e-06	-3.64543691072e-06	-4.18066582841e-06	-7.60753040512e-07	-1.02828175219e-06	-1.84203325876e-06	-1.96334454722e-06	-2.75662745433e-06	-2.99354900652e-06	-3.69940288814e-06	-3.8718495454e-06	-4.42703818375e-06	-4.52629400267e-06	165.328328278	166.452903052	167.577477826	168.7020526	169.826627374	170.951202148	172.075776922	173.200351696	174.32492647	175.449501245	-4.50426923302	-4.75098852379	-4.99770781455	-5.24442710532	-5.49114639609	-5.73786568685	-5.98458497762	-6.23130426839	-6.47802355915	-6.72474284992	1.78676372666	1.78676372666	1.78676372666	1.78676372666	1.78676372666	1.78676372666	1.78676372666	1.78676372666	1.78676372666	1.78676372666	
5.38333333333	132.429150004	132.550050004	132.670950004	132.791850005	132.912750005	133.033650005	133.154550005	133.275450006	133.396350006	133.517250006	-1.35851166874e-06	-1.45048671156e-06	-1.5748059757e-06	-1.79750779721e-06	-2.03487615354e-06	-2.36815241356e-06	-2.73007248932e-06	-3.17733029956e-06	-3.64543691072e-06	-4.18066582841e-06	-7.60753040512e-07	-1.02828175219e-06	-1.84203325876e-06	-1.96334454722e-06	-2.75662745433e-06	-2.99354900652e-06	-3.69940288814e-06	-3.8718495454e-06	-4.42703818375e-06	-4.52629400267e-06	165.328328278	166.452903052	167.577477826	168.7020526	169.826627374	170.951202148	172.075776922	173.200351696	174.32492647	175.449501245	-4.50426923302	-4.75098852379	-4.99770781455	-5.24442710532	-5.49114639609	-5.73786568685	-5.98458497762	-6.23130426839	-6.47802355915	-6.72474284992	1.78676372666	1.78676372666	1.78676372666	1.78676372666	1.78676372666	1.78676372666	1.78676372666	1.78676372666	1.78676372666	1.78676372666	
5.4	132.429150004	132.550050004	132.670950004	132.791850005	132.912750005	133.033650005	133.154550005	133.275450006	133.396350006	133.517250006	-1.35851166874e-06	-1.45048671156e-06	-1.5748059757e-06	-1.79750779721e-06	-2.03487615354e-06	-2.36815241356e-06	-2.73007248932e-06	-3.17733029956e-06	-3.64543691072e-06	-4.18066582841e-06	-7.60753040512e-07	-1.02828175219e-06	-1.84203325876e-06	-1.96334454722e-06	-2.75662745433e-06	-2.99354900652e-06	-3.69940288814e-06	-3.8718495454e-06	-4.42703818375e-06	-4.52629400267e-06	165.328328278	166.452903052	167.577477826	168.7020526	169.826627374	170.951202148	172.075776922	173.200351696	174.32492647	175.449501245	-4.50426923302	-4.75098852379	-4.99770781455	-5.24442710532	-5.49114639609	-5.73786568685	-5.98458497762	-6.23130426839	-6.47802355915	-6.72474284992	1.78676372666	1.78676372666	1.78676372666	1.78676372666	1.78676372666	1.78676372666	1.78676372666	1.78676372666	1.78676372666	1.78676372666	
5.41666666667	132.429150004	132.550050004	132.670950004	132.791850005	132.912750005	133.033650005	133.154550005	133.275450006	133.396350006	133.517250006	-1.35851166874e-06	-1.45048671156e-06	-1.5748059757e-06	-1.79750779721e-06	-2.03487615354e-06	-2.36815241356e-06	-2.73007248932e-06	-3.17733029956e-06	-3.64543691072e-06	-4.18066582841e-06	-7.60753040512e-07	-1.02828175219e-06	-1.84203325876e-06	-1.96334454722e-06	-2.75662745433e-06	-2.99354900652e-06	-3.69940288814e-06	-3.8718495454e-06	-4.42703818375e-06	-4.52629400267e-06	165.328328278	166.452903052	167.577477826	168.7020526	169.826627374	170.951202148	172.075776922	173.200351696	174.32492647	175.449501245	-4.50426923302	-4.75098852379	-4.99770781455	-5.24442710532	-5.49114639609	-5.73786568685	-5.98458497762	-6.23130426839	-6.47802355915	-6.72474284992	1.78676372666	1.78676372666	1.78676372666	1.78676372666	1.78676372666	1.78676372666	1.78676372666	1.78676372666	1.78676372666	1.78676372666	
5.43333333333	132.429150004	132.550050004	132.670950004	132.791850005	132.912750005	133.033650005	133.154550005	133.275450006	133.396350006	133.517250006	-1.35851166874e-06	-1.45048671156e-06	-1.5748059757e-06	-1.79750779721e-06	-2.03487615354e-06	-2.36815241356e-06	-2.73007248932e-06	-3.17733029956e-06	-3.64543691072e-06	-4.18066582841e-06	-7.60753040512e-07	-1.02828175219e-06	-1.84203325876e-06	-1.96334454722e-06	-2.75662745433e-06	-2.99354900652e-06	-3.69940288814e-06	-3.8718495454e-06	-4.42703818375e-06	-4.52629400267e-06	165.328328278	166.452903052	167.577477826	168.7020526	169.826627374	170.951202148	172.075776922	173.200351696	174.32492647	175.449501245	-4.50426923302	-4.75098852379	-4.99770781455	-5.24442710532	-5.49114639609	-5.73786568685	-5.98458497762	-6.23130426839	-6.47802355915	-6.72474284992	1.78676372666	1.78676372666	1.78676372666	1.78676372666	1.78676372666	1.78676372666	1.78676372666	1.78676372666	1.78676372666	1.78676372666	
5.45	132.429150004	132.550050004	132.670950004	132.791850005	132.912750005	133.033650005	133.154550005	133.275450006	133.396350006	133.517250006	-1.35851166874e-06	-1.45048671156e-06	-1.5748059757e-06	-1.79750779721e-06	-2.03487615354e-06	-2.36815241356e-06	-2.73007248932e-06	-3.17733029956e-06	-3.64543691072e-06	-4.18066582841e-06	-7.60753040512e-07	-1.02828175219e-06	-1.84203325876e-06	-1.96334454722e-06	-2.75662745433e-06	-2.99354900652e-06	-3.69940288814e-06	-3.8718495454e-06	-4.42703818375e-06	-4.52629400267e-06	165.328328278	166.452903052	167.577477826	168.7020526	169.826627374	170.951202148	172.075776922	173.200351696	174.32492647	175.449501245	-4.50426923302	-4.75098852379	-4.99770781455	-5.24442710532	-5.49114639609	-5.73786568685	-5.98458497762	-6.23130426839	-6.47802355915	-6.72474284992	1.78676372666	1.78676372666	1.78676372666	1.78676372666	1.78676372666	1.78676372666	1.78676372666	1.78676372666	1.78676372666	1.78676372666	
5.46666666667	132.429150004	132.550050004	132.670950004	132.791850005	132.912750005	133.033650005	133.154550005	133.275450006	133.396350006	133.517250006	-1.35851166874e-06	-1.45048671156e-06	-1.5748059757e-06	-1.79750779721e-06	-2.03487615354e-06	-2.36815241356e-06	-2.73007248932e-06	-3.17733029956e-06	-3.64543691072e-06	-4.18066582841e-06	-7.60753040512e-07	-1.02828175219e-06	-1.84203325876e-06	-1.96334454722e-06	-2.75662745433e-06	-2.99354900652e-06	-3.69940288814e-06	-3.8718495454e-06	-4.42703818375e-06	-4.52629400267e-06	165.328328278	166.452903052	167.577477826	168.7020526	169.826627374	170.951202148	172.075776922	173.200351696	174.32492647	175.449501245	-4.50426923302	-4.75098852379	-4.99770781455	-5.24442710532	-5.49114639609	-5.73786568685	-5.98458497762	-6.23130426839	-6.47802355915	-6.72474284992	1.78676372666	1.78676372666	1.78676372666	1.78676372666	1.78676372666	1.78676372666	1.78676372666	1.78676372666	1.78676372666	1.78676372666	
5.48333333333	132.429150004	132.550050004	132.670950004	132.791850005	132.912750005	133.033650005	133.154550005	133.275450006	133.396350006	133.517250006	-1.35851166874e-06	-1.45048671156e-06	-1.5748059757e-06	-1.79750779721e-06	-2.03487615354e-06	-2.36815241356e-06	-2.73007248932e-06	-3.17733029956e-06	-3.64543691072e-06	-4.18066582841e-06	-7.60753040512e-07	-1.02828175219e-06	-1.84203325876e-06	-1.96334454722e-06	-2.75662745433e-06	-2.99354900652e-06	-3.69940288814e-06	-3.8718495454e-06	-4.42703818375e-06	-4.52629400267e-06	165.328328278	166.452903052	167.577477826	168.7020526	169.826627374	170.951202148	172.075776922	173.200351696	174.32492647	175.449501245	-4.50426923302	-4.75098852379	-4.99770781455	-5.24442710532	-5.49114639609	-5.73786568685	-5.98458497762	-6.23130426839	-6.47802355915	-6.72474284992	1.78676372666	1.78676372666	1.78676372666	1.78676372666	1.78676372666	1.78676372666	1.78676372666	1.78676372666	1.78676372666	1.78676372666	
5.5	132.429150004	132.550050004	132.670950004	132.791850005	132.912750005	133.033650005	133.154550005	133.275450006	133.396350006	133.517250006	-1.35851166874e-06	-1.45048671156e-06	-1.5748059757e-06	-1.79750779721e-06	-2.03487615354e-06	-2.36815241356e-06	-2.73007248932e-06	-3.17733029956e-06	-3.64543691072e-06	-4.18066582841e-06	-7.60753040512e-07	-1.02828175219e-06	-1.84203325876e-06	-1.96334454722e-06	-2.75662745433e-06	-2.99354900652e-06	-3.69940288814e-06	-3.8718495454e-06	-4.42703818375e-06	-4.52629400267e-06	165.328328278	166.452903052	167.577477826	168.7020526	169.826627374	170.951202148	172.075776922	173.200351696	174.32492647	175.449501245	-4.50426923302	-4.75098852379	-4.99770781455	-5.24442710532	-5.49114639609	-5.73786568685	-5.98458497762	-6.23130426839	-6.47802355915	-6.72474284992	1.78676372666	1.78676372666	1.78676372666	1.78676372666	1.78676372666	1.78676372666	1.78676372666	1.78676372666	1.78676372666	1.78676372666	
5.51666666667	132.429150004	132.550050004	132.670950004	132.791850005	132.912750005	133.033650005	133.154550005	133.275450006	133.396350006	133.517250006	-1.35851166874e-06	-1.45048671156e-06	-1.5748059757e-06	-1.79750779721e-06	-2.03487615354e-06	-2.36815241356e-06	-2.73007248932e-06	-3.17733029956e-06	-3.64543691072e-06	-4.18066582841e-06	-7.60753040512e-07	-1.02828175219e-06	-1.84203325876e-06	-1.96334454722e-06	-2.75662745433e-06	-2.99354900652e-06	-3.69940288814e-06	-3.8718495454e-06	-4.42703818375e-06	-4.52629400267e-06	165.328328278	166.452903052	167.577477826	168.7020526	169.826627374	170.951202148	172.075776922	173.200351696	174.32492647	175.449501245	-4.50426923302	-4.75098852379	-4.99770781455	-5.24442710532	-5.49114639609	-5.73786568685	-5.98458497762	-6.23130426839	-6.47802355915	-6.72474284992	1.78676372666	1.78676372666	1.78676372666	1.78676372666	1.78676372666	1.78676372666	1.78676372666	1.78676372666	1.78676372666	1.78676372666	
5.53333333333	132.429150004	132.550050004	132.670950004	132.791850005	132.912750005	133.033650005	133.154550005	133.275450006	133.396350006	133.517250006	-1.35851166874e-06	-1.45048671156e-06	-1.5748059757e-06	-1.79750779721e-06	-2.03487615354e-06	-2.36815241356e-06	-2.73007248932e-06	-3.17733029956e-06	-3.64543691072e-06	-4.18066582841e-06	-7.60753040512e-07	-1.02828175219e-06	-1.84203325876e-06	-1.96334454722e-06	-2.75662745433e-06	-2.99354900652e-06	-3.69940288814e-06	-3.8718495454e-06	-4.42703818375e-06	-4.52629400267e-06	165.328328278	166.452903052	167.577477826	168.7020526	169.826627374	170.951202148	172.075776922	173.200351696	174.32492647	175.449501245	-4.50426923302	-4.75098852379	-4.99770781455	-5.24442710532	-5.49114639609	-5.73786568685	-5.98458497762	-6.23130426839	-6.47802355915	-6.72474284992	1.78676372666	1.78676372666	1.78676372666	1.78676372666	1.78676372666	1.78676372666	1.78676372666	1.78676372666	1.78676372666	1.78676372666	
5.55	132.429150004	132.550050004	132.670950004	132.791850005	132.912750005	133.033650005	133.154550005	133.275450006	133.396350006	133.517250006	-1.35851166874e-06	-1.45048671156e-06	-1.5748059757e-06	-1.79750779721e-06	-2.03487615354e-06	-2.36815241356e-06	-2.73007248932e-06	-3.17733029956e-06	-3.64543691072e-06	-4.18066582841e-06	-7.60753040512e-07	-1.02828175219e-06	-1.84203325876e-06	-1.96334454722e-06	-2.75662745433e-06	-2.99354900652e-06	-3.69940288814e-06	-3.8718495454e-06	-4.42703818375e-06	-4.52629400267e-06	165.328328278	166.452903052	167.577477826	168.7020526	169.826627374	170.951202148	172.075776922	173.200351696	174.32492647	175.449501245	-4.50426923302	-4.75098852379	-4.99770781455	-5.24442710532	-5.49114639609	-5.73786568685	-5.98458497762	-6.23130426839	-6.47802355915	-6.72474284992	1.78676372666	1.78676372666	1.78676372666	1.78676372666	1.78676372666	1.78676372666	1.78676372666	1.78676372666	1.78676372666	1.78676372666	
5.56666666667	132.429150004	132.550050004	132.670950004	132.791850005	132.912750005	133.033650005	133.154550005	133.275450006	133.396350006	133.517250006	-1.35851166874e-06	-1.45048671156e-06	-1.5748059757e-06	-1.79750779721e-06	-2.03487615354e-06	-2.36815241356e-06	-2.73007248932e-06	-3.17733029956e-06	-3.64543691072e-06	-4.18066582841e-06	-7.60753040512e-07	-1.02828175219e-06	-1.84203325876e-06	-1.96334454722e-06	-2.75662745433e-06	-2.99354900652e-06	-3.69940288814e-06	-3.8718495454e-06	-4.42703818375e-06	-4.52629400267e-06	165.328328278	166.452903052	167.577477826	168.7020526	169.826627374	170.951202148	172.075776922	173.200351696	174.32492647	175.449501245	-4.50426923302	-4.75098852379	-4.99770781455	-5.24442710532	-5.49114639609	-5.73786568685	-5.98458497762	-6.23130426839	-6.47802355915	-6.72474284992	1.78676372666	1.78676372666	1.78676372666	1.78676372666	1.78676372666	1.78676372666	1.78676372666	1.78676372666	1.78676372666	1.78676372666	
5.58333333333	132.429150004	132.550050004	132.670950004	132.791850005	132.912750005	133.033650005	133.154550005	133.275450006	133.396350006	133.517250006	-1.35851166874e-06	-1.45048671156e-06	-1.5748059757e-06	-1.79750779721e-06	-2.03487615354e-06	-2.36815241356e-06	-2.73007248932e-06	-3.17733029956e-06	-3.64543691072e-06	-4.18066582841e-06	-7.60753040512e-07	-1.02828175219e-06	-1.84203325876e-06	-1.96334454722e-06	-2.75662745433e-06	-2.99354900652e-06	-3.69940288814e-06	-3.8718495454e-06	-4.42703818375e-06	-4.52629400267e-06	165.328328278	166.452903052	167.577477826	168.7020526	169.826627374	170.951202148	172.075776922	173.200351696	174.32492647	175.449501245	-4.50426923302	-4.75098852379	-4.99770781455	-5.24442710532	-5.49114639609	-5.73786568685	-5.98458497762	-6.23130426839	-6.47802355915	-6.72474284992	1.78676372666	1.78676372666	1.78676372666	1.78676372666	1.78676372666	1.78676372666	1.78676372666	1.78676372666	1.78676372666	1.78676372666	
5.6	132.429150004	132.550050004	132.670950004	132.791850005	132.912750005	133.033650005	133.154550005	133.275450006	133.396350006	133.517250006	-1.35851166874e-06	-1.45048671156e-06	-1.5748059757e-06	-1.79750779721e-06	-2.03487615354e-06	-2.36815241356e-06	-2.73007248932e-06	-3.17733029956e-06	-3.64543691072e-06	-4.18066582841e-06	-7.60753040512e-07	-1.02828175219e-06	-1.84203325876e-06	-1.96334454722e-06	-2.75662745433e-06	-2.99354900652e-06	-3.69940288814e-06	-3.8718495454e-06	-4.42703818375e-06	-4.52629400267e-06	165.328328278	166.452903052	167.577477826	168.7020526	169.826627374	170.951202148	172.075776922	173.200351696	174.32492647	175.449501245	-4.50426923302	-4.75098852379	-4.99770781455	-5.24442710532	-5.49114639609	-5.73786568685	-5.98458497762	-6.23130426839	-6.47802355915	-6.72474284992	1.78676372666	1.78676372666	1.78676372666	1.78676372666	1.78676372666	1.78676372666	1.78676372666	1.78676372666	1.78676372666	1.78676372666	
5.61666666667	132.429150004	132.550050004	132.670950004	132.791850005	132.912750005	133.033650005	133.154550005	133.275450006	133.396350006	133.517250006	-1.35851166874e-06	-1.45048671156e-06	-1.5748059757e-06	-1.79750779721e-06	-2.03487615354e-06	-2.36815241356e-06	-2.73007248932e-06	-3.17733029956e-06	-3.64543691072e-06	-4.18066582841e-06	-7.60753040512e-07	-1.02828175219e-06	-1.84203325876e-06	-1.96334454722e-06	-2.75662745433e-06	-2.99354900652e-06	-3.69940288814e-06	-3.8718495454e-06	-4.42703818375e-06	-4.52629400267e-06	165.328328278	166.452903052	167.577477826	168.7020526	169.826627374	170.951202148	172.075776922	173.200351696	174.32492647	175.449501245	-4.50426923302	-4.75098852379	-4.99770781455	-5.24442710532	-5.49114639609	-5.73786568685	-5.98458497762	-6.23130426839	-6.47802355915	-6.72474284992	1.78676372666	1.78676372666	1.78676372666	1.78676372666	1.78676372666	1.78676372666	1.78676372666	1.78676372666	1.78676372666	1.78676372666	
5.63333333333	132.429150004	132.550050004	132.670950004	132.791850005	132.912750005	133.033650005	133.154550005	133.275450006	133.396350006	133.517250006	-1.35851166874e-06	-1.45048671156e-06	-1.5748059757e-06	-1.79750779721e-06	-2.03487615354e-06	-2.36815241356e-06	-2.73007248932e-06	-3.17733029956e-06	-3.64543691072e-06	-4.18066582841e-06	-7.60753040512e-07	-1.02828175219e-06	-1.84203325876e-06	-1.96334454722e-06	-2.75662745433e-06	-2.99354900652e-06	-3.69940288814e-06	-3.8718495454e-06	-4.42703818375e-06	-4.52629400267e-06	165.328328278	166.452903052	167.577477826	168.7020526	169.826627374	170.951202148	172.075776922	173.200351696	174.32492647	175.449501245	-4.50426923302	-4.75098852379	-4.99770781455	-5.24442710532	-5.49114639609	-5.73786568685	-5.98458497762	-6.23130426839	-6.47802355915	-6.72474284992	1.78676372666	1.78676372666	1.78676372666	1.78676372666	1.78676372666	1.78676372666	1.78676372666	1.78676372666	1.78676372666	1.78676372666	
5.65	132.429150004	132.550050004	132.670950004	132.791850005	132.912750005	133.033650005	133.154550005	133.275450006	133.396350006	133.517250006	-1.35851166874e-06	-1.45048671156e-06	-1.5748059757e-06	-1.79750779721e-06	-2.03487615354e-06	-2.36815241356e-06	-2.73007248932e-06	-3.17733029956e-06	-3.64543691072e-06	-4.18066582841e-06	-7.60753040512e-07	-1.02828175219e-06	-1.84203325876e-06	-1.96334454722e-06	-2.75662745433e-06	-2.99354900652e-06	-3.69940288814e-06	-3.8718495454e-06	-4.42703818375e-06	-4.52629400267e-06	165.328328278	166.452903052	167.577477826	168.7020526	169.826627374	170.951202148	172.075776922	173.200351696	174.32492647	175.449501245	-4.50426923302	-4.75098852379	-4.99770781455	-5.24442710532	-5.49114639609	-5.73786568685	-5.98458497762	-6.23130426839	-6.47802355915	-6.72474284992	1.78676372666	1.78676372666	1.78676372666	1.78676372666	1.78676372666	1.78676372666	1.78676372666	1.78676372666	1.78676372666	1.78676372666	
5.66666666667	132.429150004	132.550050004	132.670950004	132.791850005	132.912750005	133.033650005	133.154550005	133.275450006	133.396350006	133.517250006	-1.35851166874e-06	-1.45048671156e-06	-1.5748059757e-06	-1.79750779721e-06	-2.03487615354e-06	-2.36815241356e-06	-2.73007248932e-06	-3.17733029956e-06	-3.64543691072e-06	-4.18066582841e-06	-7.60753040512e-07	-1.02828175219e-06	-1.84203325876e-06	-1.96334454722e-06	-2.75662745433e-06	-2.99354900652e-06	-3.69940288814e-06	-3.8718495454e-06	-4.42703818375e-06	-4.52629400267e-06	165.328328278	166.452903052	167.577477826	168.7020526	169.826627374	170.951202148	172.075776922	173.200351696	174.32492647	175.449501245	-4.50426923302	-4.75098852379	-4.99770781455	-5.24442710532	-5.49114639609	-5.73786568685	-5.98458497762	-6.23130426839	-6.47802355915	-6.72474284992	1.78676372666	1.78676372666	1.78676372666	1.78676372666	1.78676372666	1.78676372666	1.78676372666	1.78676372666	1.78676372666	1.78676372666	
5.68333333333	132.429150004	132.550050004	132.670950004	132.791850005	132.912750005	133.033650005	133.154550005	133.275450006	133.396350006	133.517250006	-1.35851166874e-06	-1.45048671156e-06	-1.5748059757e-06	-1.79750779721e-06	-2.03487615354e-06	-2.36815241356e-06	-2.73007248932e-06	-3.17733029956e-06	-3.64543691072e-06	-4.18066582841e-06	-7.60753040512e-07	-1.02828175219e-06	-1.84203325876e-06	-1.96334454722e-06	-2.75662745433e-06	-2.99354900652e-06	-3.69940288814e-06	-3.8718495454e-06	-4.42703818375e-06	-4.52629400267e-06	165.328328278	166.452903052	167.577477826	168.7020526	169.826627374	170.951202148	172.075776922	173.200351696	174.32492647	175.449501245	-4.50426923302	-4.75098852379	-4.99770781455	-5.24442710532	-5.49114639609	-5.73786568685	-5.98458497762	-6.23130426839	-6.47802355915	-6.72474284992	1.78676372666	1.78676372666	1.78676372666	1.78676372666	1.78676372666	1.78676372666	1.78676372666	1.78676372666	1.78676372666	1.78676372666	
5.7	132.429150004	132.550050004	132.670950004	132.791850005	132.912750005	133.033650005	133.154550005	133.275450006	133.396350006	133.517250006	-1.35851166874e-06	-1.45048671156e-06	-1.5748059757e-06	-1.79750779721e-06	-2.03487615354e-06	-2.36815241356e-06	-2.73007248932e-06	-3.17733029956e-06	-3.64543691072e-06	-4.18066582841e-06	-7.60753040512e-07	-1.02828175219e-06	-1.84203325876e-06	-1.96334454722e-06	-2.75662745433e-06	-2.99354900652e-06	-3.69940288814e-06	-3.8718495454e-06	-4.42703818375e-06	-4.52629400267e-06	165.328328278	166.452903052	167.577477826	168.7020526	169.826627374	170.951202148	172.075776922	173.200351696	174.32492647	175.449501245	-4.50426923302	-4.75098852379	-4.99770781455	-5.24442710532	-5.49114639609	-5.73786568685	-5.98458497762	-6.23130426839	-6.47802355915	-6.72474284992	1.78676372666	1.78676372666	1.78676372666	1.78676372666	1.78676372666	1.78676372666	1.78676372666	1.78676372666	1.78676372666	1.78676372666	
5.71666666667	132.429150004	132.550050004	132.670950004	132.791850005	132.912750005	133.033650005	133.154550005	133.275450006	133.396350006	133.517250006	-1.35851166874e-06	-1.45048671156e-06	-1.5748059757e-06	-1.79750779721e-06	-2.03487615354e-06	-2.36815241356e-06	-2.73007248932e-06	-3.17733029956e-06	-3.64543691072e-06	-4.18066582841e-06	-7.60753040512e-07	-1.02828175219e-06	-1.84203325876e-06	-1.96334454722e-06	-2.75662745433e-06	-2.99354900652e-06	-3.69940288814e-06	-3.8718495454e-06	-4.42703818375e-06	-4.52629400267e-06	165.328328278	166.452903052	167.577477826	168.7020526	169.826627374	170.951202148	172.075776922	173.200351696	174.32492647	175.449501245	-4.50426923302	-4.75098852379	-4.99770781455	-5.24442710532	-5.49114639609	-5.73786568685	-5.98458497762	-6.23130426839	-6.47802355915	-6.72474284992	1.78676372666	1.78676372666	1.78676372666	1.78676372666	1.78676372666	1.78676372666	1.78676372666	1.78676372666	1.78676372666	1.78676372666	
5.73333333333	132.429150004	132.550050004	132.670950004	132.791850005	132.912750005	133.033650005	133.154550005	133.275450006	133.396350006	133.517250006	-1.35851166874e-06	-1.45048671156e-06	-1.5748059757e-06	-1.79750779721e-06	-2.03487615354e-06	-2.36815241356e-06	-2.73007248932e-06	-3.17733029956e-06	-3.64543691072e-06	-4.18066582841e-06	-7.60753040512e-07	-1.02828175219e-06	-1.84203325876e-06	-1.96334454722e-06	-2.75662745433e-06	-2.99354900652e-06	-3.69940288814e-06	-3.8718495454e-06	-4.42703818375e-06	-4.52629400267e-06	165.328328278	166.452903052	167.577477826	168.7020526	169.826627374	170.951202148	172.075776922	173.200351696	174.32492647	175.449501245	-4.50426923302	-4.75098852379	-4.99770781455	-5.24442710532	-5.49114639609	-5.73786568685	-5.98458497762	-6.23130426839	-6.47802355915	-6.72474284992	1.78676372666	1.78676372666	1.78676372666	1.78676372666	1.78676372666	1.78676372666	1.78676372666	1.78676372666	1.78676372666	1.78676372666	
5.75	132.429150004	132.550050004	132.670950004	132.791850005	132.912750005	133.033650005	133.154550005	133.275450006	133.396350006	133.517250006	-1.35851166874e-06	-1.45048671156e-06	-1.5748059757e-06	-1.79750779721e-06	-2.03487615354e-06	-2.36815241356e-06	-2.73007248932e-06	-3.17733029956e-06	-3.64543691072e-06	-4.18066582841e-06	-7.60753040512e-07	-1.02828175219e-06	-1.84203325876e-06	-1.96334454722e-06	-2.75662745433e-06	-2.99354900652e-06	-3.69940288814e-06	-3.8718495454e-06	-4.42703818375e-06	-4.52629400267e-06	165.328328278	166.452903052	167.577477826	168.7020526	169.826627374	170.951202148	172.075776922	173.200351696	174.32492647	175.449501245	-4.50426923302	-4.75098852379	-4.99770781455	-5.24442710532	-5.49114639609	-5.73786568685	-5.98458497762	-6.23130426839	-6.47802355915	-6.72474284992	1.78676372666	1.78676372666	1.78676372666	1.78676372666	1.78676372666	1.78676372666	1.78676372666	1.78676372666	1.78676372666	1.78676372666	
5.76666666667	132.429150004	132.550050004	132.670950004	132.791850005	132.912750005	133.033650005	133.154550005	133.275450006	133.396350006	133.517250006	-1.35851166874e-06	-1.45048671156e-06	-1.5748059757e-06	-1.79750779721e-06	-2.03487615354e-06	-2.36815241356e-06	-2.73007248932e-06	-3.17733029956e-06	-3.64543691072e-06	-4.18066582841e-06	-7.60753040512e-07	-1.02828175219e-06	-1.84203325876e-06	-1.96334454722e-06	-2.75662745433e-06	-2.99354900652e-06	-3.69940288814e-06	-3.8718495454e-06	-4.42703818375e-06	-4.52629400267e-06	165.328328278	166.452903052	167.577477826	168.7020526	169.826627374	170.951202148	172.075776922	173.200351696	174.32492647	175.449501245	-4.50426923302	-4.75098852379	-4.99770781455	-5.24442710532	-5.49114639609	-5.73786568685	-5.98458497762	-6.23130426839	-6.47802355915	-6.72474284992	1.78676372666	1.78676372666	1.78676372666	1.78676372666	1.78676372666	1.78676372666	1.78676372666	1.78676372666	1.78676372666	1.78676372666	
5.78333333333	132.429150004	132.550050004	132.670950004	132.791850005	132.912750005	133.033650005	133.154550005	133.275450006	133.396350006	133.517250006	-1.35851166874e-06	-1.45048671156e-06	-1.5748059757e-06	-1.79750779721e-06	-2.03487615354e-06	-2.36815241356e-06	-2.73007248932e-06	-3.17733029956e-06	-3.64543691072e-06	-4.18066582841e-06	-7.60753040512e-07	-1.02828175219e-06	-1.84203325876e-06	-1.96334454722e-06	-2.75662745433e-06	-2.99354900652e-06	-3.69940288814e-06	-3.8718495454e-06	-4.42703818375e-06	-4.52629400267e-06	165.328328278	166.452903052	167.577477826	168.7020526	169.826627374	170.951202148	172.075776922	173.200351696	174.32492647	175.449501245	-4.50426923302	-4.75098852379	-4.99770781455	-5.24442710532	-5.49114639609	-5.73786568685	-5.98458497762	-6.23130426839	-6.47802355915	-6.72474284992	1.78676372666	1.78676372666	1.78676372666	1.78676372666	1.78676372666	1.78676372666	1.78676372666	1.78676372666	1.78676372666	1.78676372666	
5.8	132.429150004	132.550050004	132.670950004	132.791850005	132.912750005	133.033650005	133.154550005	133.275450006	133.396350006	133.517250006	-1.35851166874e-06	-1.45048671156e-06	-1.5748059757e-06	-1.79750779721e-06	-2.03487615354e-06	-2.36815241356e-06	-2.73007248932e-06	-3.17733029956e-06	-3.64543691072e-06	-4.18066582841e-06	-7.60753040512e-07	-1.02828175219e-06	-1.84203325876e-06	-1.96334454722e-06	-2.75662745433e-06	-2.99354900652e-06	-3.69940288814e-06	-3.8718495454e-06	-4.42703818375e-06	-4.52629400267e-06	165.328328278	166.452903052	167.577477826	168.7020526	169.826627374	170.951202148	172.075776922	173.200351696	174.32492647	175.449501245	-4.50426923302	-4.75098852379	-4.99770781455	-5.24442710532	-5.49114639609	-5.73786568685	-5.98458497762	-6.23130426839	-6.47802355915	-6.72474284992	1.78676372666	1.78676372666	1.78676372666	1.78676372666	1.78676372666	1.78676372666	1.78676372666	1.78676372666	1.78676372666	1.78676372666	
5.81666666667	132.429150004	132.550050004	132.670950004	132.791850005	132.912750005	133.033650005	133.154550005	133.275450006	133.396350006	133.517250006	-1.35851166874e-06	-1.45048671156e-06	-1.5748059757e-06	-1.79750779721e-06	-2.03487615354e-06	-2.36815241356e-06	-2.73007248932e-06	-3.17733029956e-06	-3.64543691072e-06	-4.18066582841e-06	-7.60753040512e-07	-1.02828175219e-06	-1.84203325876e-06	-1.96334454722e-06	-2.75662745433e-06	-2.99354900652e-06	-3.69940288814e-06	-3.8718495454e-06	-4.42703818375e-06	-4.52629400267e-06	165.328328278	166.452903052	167.577477826	168.7020526	169.826627374	170.951202148	172.075776922	173.200351696	174.32492647	175.449501245	-4.50426923302	-4.75098852379	-4.99770781455	-5.24442710532	-5.49114639609	-5.73786568685	-5.98458497762	-6.23130426839	-6.47802355915	-6.72474284992	1.78676372666	1.78676372666	1.78676372666	1.78676372666	1.78676372666	1.78676372666	1.78676372666	1.78676372666	1.78676372666	1.78676372666	
5.83333333333	132.429150004	132.550050004	132.670950004	132.791850005	132.912750005	133.033650005	133.154550005	133.275450006	133.396350006	133.517250006	-1.35851166874e-06	-1.45048671156e-06	-1.5748059757e-06	-1.79750779721e-06	-2.03487615354e-06	-2.36815241356e-06	-2.73007248932e-06	-3.17733029956e-06	-3.64543691072e-06	-4.18066582841e-06	-7.60753040512e-07	-1.02828175219e-06	-1.84203325876e-06	-1.96334454722e-06	-2.75662745433e-06	-2.99354900652e-06	-3.69940288814e-06	-3.8718495454e-06	-4.42703818375e-06	-4.52629400267e-06	165.328328278	166.452903052	167.577477826	168.7020526	169.826627374	170.951202148	172.075776922	173.200351696	174.32492647	175.449501245	-4.50426923302	-4.75098852379	-4.99770781455	-5.24442710532	-5.49114639609	-5.73786568685	-5.98458497762	-6.23130426839	-6.47802355915	-6.72474284992	1.78676372666	1.78676372666	1.78676372666	1.78676372666	1.78676372666	1.78676372666	1.78676372666	1.78676372666	1.78676372666	1.78676372666	
5.85	132.429150004	132.550050004	132.670950004	132.791850005	132.912750005	133.033650005	133.154550005	133.275450006	133.396350006	133.517250006	-1.35851166874e-06	-1.45048671156e-06	-1.5748059757e-06	-1.79750779721e-06	-2.03487615354e-06	-2.36815241356e-06	-2.73007248932e-06	-3.17733029956e-06	-3.64543691072e-06	-4.18066582841e-06	-7.60753040512e-07	-1.02828175219e-06	-1.84203325876e-06	-1.96334454722e-06	-2.75662745433e-06	-2.99354900652e-06	-3.69940288814e-06	-3.8718495454e-06	-4.42703818375e-06	-4.52629400267e-06	165.328328278	166.452903052	167.577477826	168.7020526	169.826627374	170.951202148	172.075776922	173.200351696	174.32492647	175.449501245	-4.50426923302	-4.75098852379	-4.99770781455	-5.24442710532	-5.49114639609	-5.73786568685	-5.98458497762	-6.23130426839	-6.47802355915	-6.72474284992	1.78676372666	1.78676372666	1.78676372666	1.78676372666	1.78676372666	1.78676372666	1.78676372666	1.78676372666	1.78676372666	1.78676372666	
5.86666666667	132.429150004	132.550050004	132.670950004	132.791850005	132.912750005	133.033650005	133.154550005	133.275450006	133.396350006	133.517250006	-1.35851166874e-06	-1.45048671156e-06	-1.5748059757e-06	-1.79750779721e-06	-2.03487615354e-06	-2.36815241356e-06	-2.73007248932e-06	-3.17733029956e-06	-3.64543691072e-06	-4.18066582841e-06	-7.60753040512e-07	-1.02828175219e-06	-1.84203325876e-06	-1.96334454722e-06	-2.75662745433e-06	-2.99354900652e-06	-3.69940288814e-06	-3.8718495454e-06	-4.42703818375e-06	-4.52629400267e-06	165.328328278	166.452903052	167.577477826	168.7020526	169.826627374	170.951202148	172.075776922	173.200351696	174.32492647	175.449501245	-4.50426923302	-4.75098852379	-4.99770781455	-5.24442710532	-5.49114639609	-5.73786568685	-5.98458497762	-6.23130426839	-6.47802355915	-6.72474284992	1.78676372666	1.78676372666	1.78676372666	1.78676372666	1.78676372666	1.78676372666	1.78676372666	1.78676372666	1.78676372666	1.78676372666	
5.88333333333	132.429150004	132.550050004	132.670950004	132.791850005	132.912750005	133.033650005	133.154550005	133.275450006	133.396350006	133.517250006	-1.35851166874e-06	-1.45048671156e-06	-1.5748059757e-06	-1.79750779721e-06	-2.03487615354e-06	-2.36815241356e-06	-2.73007248932e-06	-3.17733029956e-06	-3.64543691072e-06	-4.18066582841e-06	-7.60753040512e-07	-1.02828175219e-06	-1.84203325876e-06	-1.96334454722e-06	-2.75662745433e-06	-2.99354900652e-06	-3.69940288814e-06	-3.8718495454e-06	-4.42703818375e-06	-4.52629400267e-06	165.328328278	166.452903052	167.577477826	168.7020526	169.826627374	170.951202148	172.075776922	173.200351696	174.32492647	175.449501245	-4.50426923302	-4.75098852379	-4.99770781455	-5.24442710532	-5.49114639609	-5.73786568685	-5.98458497762	-6.23130426839	-6.47802355915	-6.72474284992	1.78676372666	1.78676372666	1.78676372666	1.78676372666	1.78676372666	1.78676372666	1.78676372666	1.78676372666	1.78676372666	1.78676372666	
5.9	132.429150004	132.550050004	132.670950004	132.791850005	132.912750005	133.033650005	133.154550005	133.275450006	133.396350006	133.517250006	-1.35851166874e-06	-1.45048671156e-06	-1.5748059757e-06	-1.79750779721e-06	-2.03487615354e-06	-2.36815241356e-06	-2.73007248932e-06	-3.17733029956e-06	-3.64543691072e-06	-4.18066582841e-06	-7.60753040512e-07	-1.02828175219e-06	-1.84203325876e-06	-1.96334454722e-06	-2.75662745433e-06	-2.99354900652e-06	-3.69940288814e-06	-3.8718495454e-06	-4.42703818375e-06	-4.52629400267e-06	165.328328278	166.452903052	167.577477826	168.7020526	169.826627374	170.951202148	172.075776922	173.200351696	174.32492647	175.449501245	-4.50426923302	-4.75098852379	-4.99770781455	-5.24442710532	-5.49114639609	-5.73786568685	-5.98458497762	-6.23130426839	-6.47802355915	-6.72474284992	1.78676372666	1.78676372666	1.78676372666	1.78676372666	1.78676372666	1.78676372666	1.78676372666	1.78676372666	1.78676372666	1.78676372666	
5.91666666667	132.429150004	132.550050004	132.670950004	132.791850005	132.912750005	133.033650005	133.154550005	133.275450006	133.396350006	133.517250006	-1.35851166874e-06	-1.45048671156e-06	-1.5748059757e-06	-1.79750779721e-06	-2.03487615354e-06	-2.36815241356e-06	-2.73007248932e-06	-3.17733029956e-06	-3.64543691072e-06	-4.18066582841e-06	-7.60753040512e-07	-1.02828175219e-06	-1.84203325876e-06	-1.96334454722e-06	-2.75662745433e-06	-2.99354900652e-06	-3.69940288814e-06	-3.8718495454e-06	-4.42703818375e-06	-4.52629400267e-06	165.328328278	166.452903052	167.577477826	168.7020526	169.826627374	170.951202148	172.075776922	173.200351696	174.32492647	175.449501245	-4.50426923302	-4.75098852379	-4.99770781455	-5.24442710532	-5.49114639609	-5.73786568685	-5.98458497762	-6.23130426839	-6.47802355915	-6.72474284992	1.78676372666	1.78676372666	1.78676372666	1.78676372666	1.78676372666	1.78676372666	1.78676372666	1.78676372666	1.78676372666	1.78676372666	
5.93333333333	132.429150004	132.550050004	132.670950004	132.791850005	132.912750005	133.033650005	133.154550005	133.275450006	133.396350006	133.517250006	-1.35851166874e-06	-1.45048671156e-06	-1.5748059757e-06	-1.79750779721e-06	-2.03487615354e-06	-2.36815241356e-06	-2.73007248932e-06	-3.17733029956e-06	-3.64543691072e-06	-4.18066582841e-06	-7.60753040512e-07	-1.02828175219e-06	-1.84203325876e-06	-1.96334454722e-06	-2.75662745433e-06	-2.99354900652e-06	-3.69940288814e-06	-3.8718495454e-06	-4.42703818375e-06	-4.52629400267e-06	165.328328278	166.452903052	167.577477826	168.7020526	169.826627374	170.951202148	172.075776922	173.200351696	174.32492647	175.449501245	-4.50426923302	-4.75098852379	-4.99770781455	-5.24442710532	-5.49114639609	-5.73786568685	-5.98458497762	-6.23130426839	-6.47802355915	-6.72474284992	1.78676372666	1.78676372666	1.78676372666	1.78676372666	1.78676372666	1.78676372666	1.78676372666	1.78676372666	1.78676372666	1.78676372666	
5.95	132.429150004	132.550050004	132.670950004	132.791850005	132.912750005	133.033650005	133.154550005	133.275450006	133.396350006	133.517250006	-1.35851166874e-06	-1.45048671156e-06	-1.5748059757e-06	-1.79750779721e-06	-2.03487615354e-06	-2.36815241356e-06	-2.73007248932e-06	-3.17733029956e-06	-3.64543691072e-06	-4.18066582841e-06	-7.60753040512e-07	-1.02828175219e-06	-1.84203325876e-06	-1.96334454722e-06	-2.75662745433e-06	-2.99354900652e-06	-3.69940288814e-06	-3.8718495454e-06	-4.42703818375e-06	-4.52629400267e-06	165.328328278	166.452903052	167.577477826	168.7020526	169.826627374	170.951202148	172.075776922	173.200351696	174.32492647	175.449501245	-4.50426923302	-4.75098852379	-4.99770781455	-5.24442710532	-5.49114639609	-5.73786568685	-5.98458497762	-6.23130426839	-6.47802355915	-6.72474284992	1.78676372666	1.78676372666	1.78676372666	1.78676372666	1.78676372666	1.78676372666	1.78676372666	1.78676372666	1.78676372666	1.78676372666	
5.96666666667	132.429150004	132.550050004	132.670950004	132.791850005	132.912750005	133.033650005	133.154550005	133.275450006	133.396350006	133.517250006	-1.35851166874e-06	-1.45048671156e-06	-1.5748059757e-06	-1.79750779721e-06	-2.03487615354e-06	-2.36815241356e-06	-2.73007248932e-06	-3.17733029956e-06	-3.64543691072e-06	-4.18066582841e-06	-7.60753040512e-07	-1.02828175219e-06	-1.84203325876e-06	-1.96334454722e-06	-2.75662745433e-06	-2.99354900652e-06	-3.69940288814e-06	-3.8718495454e-06	-4.42703818375e-06	-4.52629400267e-06	165.328328278	166.452903052	167.577477826	168.7020526	169.826627374	170.951202148	172.075776922	173.200351696	174.32492647	175.449501245	-4.50426923302	-4.75098852379	-4.99770781455	-5.24442710532	-5.49114639609	-5.73786568685	-5.98458497762	-6.23130426839	-6.47802355915	-6.72474284992	1.78676372666	1.78676372666	1.78676372666	1.78676372666	1.78676372666	1.78676372666	1.78676372666	1.78676372666	1.78676372666	1.78676372666	
5.98333333333	132.429150004	132.550050004	132.670950004	132.791850005	132.912750005	133.033650005	133.154550005	133.275450006	133.396350006	133.517250006	-1.35851166874e-06	-1.45048671156e-06	-1.5748059757e-06	-1.79750779721e-06	-2.03487615354e-06	-2.36815241356e-06	-2.73007248932e-06	-3.17733029956e-06	-3.64543691072e-06	-4.18066582841e-06	-7.60753040512e-07	-1.02828175219e-06	-1.84203325876e-06	-1.96334454722e-06	-2.75662745433e-06	-2.99354900652e-06	-3.69940288814e-06	-3.8718495454e-06	-4.42703818375e-06	-4.52629400267e-06	165.328328278	166.452903052	167.577477826	168.7020526	169.826627374	170.951202148	172.075776922	173.200351696	174.32492647	175.449501245	-4.50426923302	-4.75098852379	-4.99770781455	-5.24442710532	-5.49114639609	-5.73786568685	-5.98458497762	-6.23130426839	-6.47802355915	-6.72474284992	1.78676372666	1.78676372666	1.78676372666	1.78676372666	1.78676372666	1.78676372666	1.78676372666	1.78676372666	1.78676372666	1.78676372666	
6.0	132.429150004	132.550050004	132.670950004	132.791850005	132.912750005	133.033650005	133.154550005	133.275450006	133.396350006	133.517250006	-1.35851166874e-06	-1.45048671156e-06	-1.5748059757e-06	-1.79750779721e-06	-2.03487615354e-06	-2.36815241356e-06	-2.73007248932e-06	-3.17733029956e-06	-3.64543691072e-06	-4.18066582841e-06	-7.60753040512e-07	-1.02828175219e-06	-1.84203325876e-06	-1.96334454722e-06	-2.75662745433e-06	-2.99354900652e-06	-3.69940288814e-06	-3.8718495454e-06	-4.42703818375e-06	-4.52629400267e-06	165.328328278	166.452903052	167.577477826	168.7020526	169.826627374	170.951202148	172.075776922	173.200351696	174.32492647	175.449501245	-4.50426923302	-4.75098852379	-4.99770781455	-5.24442710532	-5.49114639609	-5.73786568685	-5.98458497762	-6.23130426839	-6.47802355915	-6.72474284992	1.78676372666	1.78676372666	1.78676372666	1.78676372666	1.78676372666	1.78676372666	1.78676372666	1.78676372666	1.78676372666	1.78676372666	
6.01666666667	132.429150004	132.550050004	132.670950004	132.791850005	132.912750005	133.033650005	133.154550005	133.275450006	133.396350006	133.517250006	-1.35851166874e-06	-1.45048671156e-06	-1.5748059757e-06	-1.79750779721e-06	-2.03487615354e-06	-2.36815241356e-06	-2.73007248932e-06	-3.17733029956e-06	-3.64543691072e-06	-4.18066582841e-06	-7.60753040512e-07	-1.02828175219e-06	-1.84203325876e-06	-1.96334454722e-06	-2.75662745433e-06	-2.99354900652e-06	-3.69940288814e-06	-3.8718495454e-06	-4.42703818375e-06	-4.52629400267e-06	165.328328278	166.452903052	167.577477826	168.7020526	169.826627374	170.951202148	172.075776922	173.200351696	174.32492647	175.449501245	-4.50426923302	-4.75098852379	-4.99770781455	-5.24442710532	-5.49114639609	-5.73786568685	-5.98458497762	-6.23130426839	-6.47802355915	-6.72474284992	1.78676372666	1.78676372666	1.78676372666	1.78676372666	1.78676372666	1.78676372666	1.78676372666	1.78676372666	1.78676372666	1.78676372666	
6.03333333333	132.429150004	132.550050004	132.670950004	132.791850005	132.912750005	133.033650005	133.154550005	133.275450006	133.396350006	133.517250006	-1.35851166874e-06	-1.45048671156e-06	-1.5748059757e-06	-1.79750779721e-06	-2.03487615354e-06	-2.36815241356e-06	-2.73007248932e-06	-3.17733029956e-06	-3.64543691072e-06	-4.18066582841e-06	-7.60753040512e-07	-1.02828175219e-06	-1.84203325876e-06	-1.96334454722e-06	-2.75662745433e-06	-2.99354900652e-06	-3.69940288814e-06	-3.8718495454e-06	-4.42703818375e-06	-4.52629400267e-06	165.328328278	166.452903052	167.577477826	168.7020526	169.826627374	170.951202148	172.075776922	173.200351696	174.32492647	175.449501245	-4.50426923302	-4.75098852379	-4.99770781455	-5.24442710532	-5.49114639609	-5.73786568685	-5.98458497762	-6.23130426839	-6.47802355915	-6.72474284992	1.78676372666	1.78676372666	1.78676372666	1.78676372666	1.78676372666	1.78676372666	1.78676372666	1.78676372666	1.78676372666	1.78676372666	
6.05	132.429150004	132.550050004	132.670950004	132.791850005	132.912750005	133.033650005	133.154550005	133.275450006	133.396350006	133.517250006	-1.35851166874e-06	-1.45048671156e-06	-1.5748059757e-06	-1.79750779721e-06	-2.03487615354e-06	-2.36815241356e-06	-2.73007248932e-06	-3.17733029956e-06	-3.64543691072e-06	-4.18066582841e-06	-7.60753040512e-07	-1.02828175219e-06	-1.84203325876e-06	-1.96334454722e-06	-2.75662745433e-06	-2.99354900652e-06	-3.69940288814e-06	-3.8718495454e-06	-4.42703818375e-06	-4.52629400267e-06	165.328328278	166.452903052	167.577477826	168.7020526	169.826627374	170.951202148	172.075776922	173.200351696	174.32492647	175.449501245	-4.50426923302	-4.75098852379	-4.99770781455	-5.24442710532	-5.49114639609	-5.73786568685	-5.98458497762	-6.23130426839	-6.47802355915	-6.72474284992	1.78676372666	1.78676372666	1.78676372666	1.78676372666	1.78676372666	1.78676372666	1.78676372666	1.78676372666	1.78676372666	1.78676372666	
6.06666666667	132.429150004	132.550050004	132.670950004	132.791850005	132.912750005	133.033650005	133.154550005	133.275450006	133.396350006	133.517250006	-1.35851166874e-06	-1.45048671156e-06	-1.5748059757e-06	-1.79750779721e-06	-2.03487615354e-06	-2.36815241356e-06	-2.73007248932e-06	-3.17733029956e-06	-3.64543691072e-06	-4.18066582841e-06	-7.60753040512e-07	-1.02828175219e-06	-1.84203325876e-06	-1.96334454722e-06	-2.75662745433e-06	-2.99354900652e-06	-3.69940288814e-06	-3.8718495454e-06	-4.42703818375e-06	-4.52629400267e-06	165.328328278	166.452903052	167.577477826	168.7020526	169.826627374	170.951202148	172.075776922	173.200351696	174.32492647	175.449501245	-4.50426923302	-4.75098852379	-4.99770781455	-5.24442710532	-5.49114639609	-5.73786568685	-5.98458497762	-6.23130426839	-6.47802355915	-6.72474284992	1.78676372666	1.78676372666	1.78676372666	1.78676372666	1.78676372666	1.78676372666	1.78676372666	1.78676372666	1.78676372666	1.78676372666	
6.08333333333	132.429150004	132.550050004	132.670950004	132.791850005	132.912750005	133.033650005	133.154550005	133.275450006	133.396350006	133.517250006	-1.35851166874e-06	-1.45048671156e-06	-1.5748059757e-06	-1.79750779721e-06	-2.03487615354e-06	-2.36815241356e-06	-2.73007248932e-06	-3.17733029956e-06	-3.64543691072e-06	-4.18066582841e-06	-7.60753040512e-07	-1.02828175219e-06	-1.84203325876e-06	-1.96334454722e-06	-2.75662745433e-06	-2.99354900652e-06	-3.69940288814e-06	-3.8718495454e-06	-4.42703818375e-06	-4.52629400267e-06	165.328328278	166.452903052	167.577477826	168.7020526	169.826627374	170.951202148	172.075776922	173.200351696	174.32492647	175.449501245	-4.50426923302	-4.75098852379	-4.99770781455	-5.24442710532	-5.49114639609	-5.73786568685	-5.98458497762	-6.23130426839	-6.47802355915	-6.72474284992	1.78676372666	1.78676372666	1.78676372666	1.78676372666	1.78676372666	1.78676372666	1.78676372666	1.78676372666	1.78676372666	1.78676372666	
6.1	132.429150004	132.550050004	132.670950004	132.791850005	132.912750005	133.033650005	133.154550005	133.275450006	133.396350006	133.517250006	-1.35851166874e-06	-1.45048671156e-06	-1.5748059757e-06	-1.79750779721e-06	-2.03487615354e-06	-2.36815241356e-06	-2.73007248932e-06	-3.17733029956e-06	-3.64543691072e-06	-4.18066582841e-06	-7.60753040512e-07	-1.02828175219e-06	-1.84203325876e-06	-1.96334454722e-06	-2.75662745433e-06	-2.99354900652e-06	-3.69940288814e-06	-3.8718495454e-06	-4.42703818375e-06	-4.52629400267e-06	165.328328278	166.452903052	167.577477826	168.7020526	169.826627374	170.951202148	172.075776922	173.200351696	174.32492647	175.449501245	-4.50426923302	-4.75098852379	-4.99770781455	-5.24442710532	-5.49114639609	-5.73786568685	-5.98458497762	-6.23130426839	-6.47802355915	-6.72474284992	1.78676372666	1.78676372666	1.78676372666	1.78676372666	1.78676372666	1.78676372666	1.78676372666	1.78676372666	1.78676372666	1.78676372666	
6.11666666667	132.429150004	132.550050004	132.670950004	132.791850005	132.912750005	133.033650005	133.154550005	133.275450006	133.396350006	133.517250006	-1.35851166874e-06	-1.45048671156e-06	-1.5748059757e-06	-1.79750779721e-06	-2.03487615354e-06	-2.36815241356e-06	-2.73007248932e-06	-3.17733029956e-06	-3.64543691072e-06	-4.18066582841e-06	-7.60753040512e-07	-1.02828175219e-06	-1.84203325876e-06	-1.96334454722e-06	-2.75662745433e-06	-2.99354900652e-06	-3.69940288814e-06	-3.8718495454e-06	-4.42703818375e-06	-4.52629400267e-06	165.328328278	166.452903052	167.577477826	168.7020526	169.826627374	170.951202148	172.075776922	173.200351696	174.32492647	175.449501245	-4.50426923302	-4.75098852379	-4.99770781455	-5.24442710532	-5.49114639609	-5.73786568685	-5.98458497762	-6.23130426839	-6.47802355915	-6.72474284992	1.78676372666	1.78676372666	1.78676372666	1.78676372666	1.78676372666	1.78676372666	1.78676372666	1.78676372666	1.78676372666	1.78676372666	
6.13333333333	132.429150004	132.550050004	132.670950004	132.791850005	132.912750005	133.033650005	133.154550005	133.275450006	133.396350006	133.517250006	-1.35851166874e-06	-1.45048671156e-06	-1.5748059757e-06	-1.79750779721e-06	-2.03487615354e-06	-2.36815241356e-06	-2.73007248932e-06	-3.17733029956e-06	-3.64543691072e-06	-4.18066582841e-06	-7.60753040512e-07	-1.02828175219e-06	-1.84203325876e-06	-1.96334454722e-06	-2.75662745433e-06	-2.99354900652e-06	-3.69940288814e-06	-3.8718495454e-06	-4.42703818375e-06	-4.52629400267e-06	165.328328278	166.452903052	167.577477826	168.7020526	169.826627374	170.951202148	172.075776922	173.200351696	174.32492647	175.449501245	-4.50426923302	-4.75098852379	-4.99770781455	-5.24442710532	-5.49114639609	-5.73786568685	-5.98458497762	-6.23130426839	-6.47802355915	-6.72474284992	1.78676372666	1.78676372666	1.78676372666	1.78676372666	1.78676372666	1.78676372666	1.78676372666	1.78676372666	1.78676372666	1.78676372666	
6.15	132.429150004	132.550050004	132.670950004	132.791850005	132.912750005	133.033650005	133.154550005	133.275450006	133.396350006	133.517250006	-1.35851166874e-06	-1.45048671156e-06	-1.5748059757e-06	-1.79750779721e-06	-2.03487615354e-06	-2.36815241356e-06	-2.73007248932e-06	-3.17733029956e-06	-3.64543691072e-06	-4.18066582841e-06	-7.60753040512e-07	-1.02828175219e-06	-1.84203325876e-06	-1.96334454722e-06	-2.75662745433e-06	-2.99354900652e-06	-3.69940288814e-06	-3.8718495454e-06	-4.42703818375e-06	-4.52629400267e-06	165.328328278	166.452903052	167.577477826	168.7020526	169.826627374	170.951202148	172.075776922	173.200351696	174.32492647	175.449501245	-4.50426923302	-4.75098852379	-4.99770781455	-5.24442710532	-5.49114639609	-5.73786568685	-5.98458497762	-6.23130426839	-6.47802355915	-6.72474284992	1.78676372666	1.78676372666	1.78676372666	1.78676372666	1.78676372666	1.78676372666	1.78676372666	1.78676372666	1.78676372666	1.78676372666	
6.16666666667	132.429150004	132.550050004	132.670950004	132.791850005	132.912750005	133.033650005	133.154550005	133.275450006	133.396350006	133.517250006	-1.35851166874e-06	-1.45048671156e-06	-1.5748059757e-06	-1.79750779721e-06	-2.03487615354e-06	-2.36815241356e-06	-2.73007248932e-06	-3.17733029956e-06	-3.64543691072e-06	-4.18066582841e-06	-7.60753040512e-07	-1.02828175219e-06	-1.84203325876e-06	-1.96334454722e-06	-2.75662745433e-06	-2.99354900652e-06	-3.69940288814e-06	-3.8718495454e-06	-4.42703818375e-06	-4.52629400267e-06	165.328328278	166.452903052	167.577477826	168.7020526	169.826627374	170.951202148	172.075776922	173.200351696	174.32492647	175.449501245	-4.50426923302	-4.75098852379	-4.99770781455	-5.24442710532	-5.49114639609	-5.73786568685	-5.98458497762	-6.23130426839	-6.47802355915	-6.72474284992	1.78676372666	1.78676372666	1.78676372666	1.78676372666	1.78676372666	1.78676372666	1.78676372666	1.78676372666	1.78676372666	1.78676372666	
6.18333333333	132.429150004	132.550050004	132.670950004	132.791850005	132.912750005	133.033650005	133.154550005	133.275450006	133.396350006	133.517250006	-1.35851166874e-06	-1.45048671156e-06	-1.5748059757e-06	-1.79750779721e-06	-2.03487615354e-06	-2.36815241356e-06	-2.73007248932e-06	-3.17733029956e-06	-3.64543691072e-06	-4.18066582841e-06	-7.60753040512e-07	-1.02828175219e-06	-1.84203325876e-06	-1.96334454722e-06	-2.75662745433e-06	-2.99354900652e-06	-3.69940288814e-06	-3.8718495454e-06	-4.42703818375e-06	-4.52629400267e-06	165.328328278	166.452903052	167.577477826	168.7020526	169.826627374	170.951202148	172.075776922	173.200351696	174.32492647	175.449501245	-4.50426923302	-4.75098852379	-4.99770781455	-5.24442710532	-5.49114639609	-5.73786568685	-5.98458497762	-6.23130426839	-6.47802355915	-6.72474284992	1.78676372666	1.78676372666	1.78676372666	1.78676372666	1.78676372666	1.78676372666	1.78676372666	1.78676372666	1.78676372666	1.78676372666	
6.2	132.429150004	132.550050004	132.670950004	132.791850005	132.912750005	133.033650005	133.154550005	133.275450006	133.396350006	133.517250006	-1.35851166874e-06	-1.45048671156e-06	-1.5748059757e-06	-1.79750779721e-06	-2.03487615354e-06	-2.36815241356e-06	-2.73007248932e-06	-3.17733029956e-06	-3.64543691072e-06	-4.18066582841e-06	-7.60753040512e-07	-1.02828175219e-06	-1.84203325876e-06	-1.96334454722e-06	-2.75662745433e-06	-2.99354900652e-06	-3.69940288814e-06	-3.8718495454e-06	-4.42703818375e-06	-4.52629400267e-06	165.328328278	166.452903052	167.577477826	168.7020526	169.826627374	170.951202148	172.075776922	173.200351696	174.32492647	175.449501245	-4.50426923302	-4.75098852379	-4.99770781455	-5.24442710532	-5.49114639609	-5.73786568685	-5.98458497762	-6.23130426839	-6.47802355915	-6.72474284992	1.78676372666	1.78676372666	1.78676372666	1.78676372666	1.78676372666	1.78676372666	1.78676372666	1.78676372666	1.78676372666	1.78676372666	
6.21666666667	132.429150004	132.550050004	132.670950004	132.791850005	132.912750005	133.033650005	133.154550005	133.275450006	133.396350006	133.517250006	-1.35851166874e-06	-1.45048671156e-06	-1.5748059757e-06	-1.79750779721e-06	-2.03487615354e-06	-2.36815241356e-06	-2.73007248932e-06	-3.17733029956e-06	-3.64543691072e-06	-4.18066582841e-06	-7.60753040512e-07	-1.02828175219e-06	-1.84203325876e-06	-1.96334454722e-06	-2.75662745433e-06	-2.99354900652e-06	-3.69940288814e-06	-3.8718495454e-06	-4.42703818375e-06	-4.52629400267e-06	165.328328278	166.452903052	167.577477826	168.7020526	169.826627374	170.951202148	172.075776922	173.200351696	174.32492647	175.449501245	-4.50426923302	-4.75098852379	-4.99770781455	-5.24442710532	-5.49114639609	-5.73786568685	-5.98458497762	-6.23130426839	-6.47802355915	-6.72474284992	1.78676372666	1.78676372666	1.78676372666	1.78676372666	1.78676372666	1.78676372666	1.78676372666	1.78676372666	1.78676372666	1.78676372666	
6.23333333333	132.429150004	132.550050004	132.670950004	132.791850005	132.912750005	133.033650005	133.154550005	133.275450006	133.396350006	133.517250006	-1.35851166874e-06	-1.45048671156e-06	-1.5748059757e-06	-1.79750779721e-06	-2.03487615354e-06	-2.36815241356e-06	-2.73007248932e-06	-3.17733029956e-06	-3.64543691072e-06	-4.18066582841e-06	-7.60753040512e-07	-1.02828175219e-06	-1.84203325876e-06	-1.96334454722e-06	-2.75662745433e-06	-2.99354900652e-06	-3.69940288814e-06	-3.8718495454e-06	-4.42703818375e-06	-4.52629400267e-06	165.328328278	166.452903052	167.577477826	168.7020526	169.826627374	170.951202148	172.075776922	173.200351696	174.32492647	175.449501245	-4.50426923302	-4.75098852379	-4.99770781455	-5.24442710532	-5.49114639609	-5.73786568685	-5.98458497762	-6.23130426839	-6.47802355915	-6.72474284992	1.78676372666	1.78676372666	1.78676372666	1.78676372666	1.78676372666	1.78676372666	1.78676372666	1.78676372666	1.78676372666	1.78676372666	
6.25	132.429150004	132.550050004	132.670950004	132.791850005	132.912750005	133.033650005	133.154550005	133.275450006	133.396350006	133.517250006	-1.35851166874e-06	-1.45048671156e-06	-1.5748059757e-06	-1.79750779721e-06	-2.03487615354e-06	-2.36815241356e-06	-2.73007248932e-06	-3.17733029956e-06	-3.64543691072e-06	-4.18066582841e-06	-7.60753040512e-07	-1.02828175219e-06	-1.84203325876e-06	-1.96334454722e-06	-2.75662745433e-06	-2.99354900652e-06	-3.69940288814e-06	-3.8718495454e-06	-4.42703818375e-06	-4.52629400267e-06	165.328328278	166.452903052	167.577477826	168.7020526	169.826627374	170.951202148	172.075776922	173.200351696	174.32492647	175.449501245	-4.50426923302	-4.75098852379	-4.99770781455	-5.24442710532	-5.49114639609	-5.73786568685	-5.98458497762	-6.23130426839	-6.47802355915	-6.72474284992	1.78676372666	1.78676372666	1.78676372666	1.78676372666	1.78676372666	1.78676372666	1.78676372666	1.78676372666	1.78676372666	1.78676372666	
6.26666666667	132.429150004	132.550050004	132.670950004	132.791850005	132.912750005	133.033650005	133.154550005	133.275450006	133.396350006	133.517250006	-1.35851166874e-06	-1.45048671156e-06	-1.5748059757e-06	-1.79750779721e-06	-2.03487615354e-06	-2.36815241356e-06	-2.73007248932e-06	-3.17733029956e-06	-3.64543691072e-06	-4.18066582841e-06	-7.60753040512e-07	-1.02828175219e-06	-1.84203325876e-06	-1.96334454722e-06	-2.75662745433e-06	-2.99354900652e-06	-3.69940288814e-06	-3.8718495454e-06	-4.42703818375e-06	-4.52629400267e-06	165.328328278	166.452903052	167.577477826	168.7020526	169.826627374	170.951202148	172.075776922	173.200351696	174.32492647	175.449501245	-4.50426923302	-4.75098852379	-4.99770781455	-5.24442710532	-5.49114639609	-5.73786568685	-5.98458497762	-6.23130426839	-6.47802355915	-6.72474284992	1.78676372666	1.78676372666	1.78676372666	1.78676372666	1.78676372666	1.78676372666	1.78676372666	1.78676372666	1.78676372666	1.78676372666	
6.28333333333	132.429150004	132.550050004	132.670950004	132.791850005	132.912750005	133.033650005	133.154550005	133.275450006	133.396350006	133.517250006	-1.35851166874e-06	-1.45048671156e-06	-1.5748059757e-06	-1.79750779721e-06	-2.03487615354e-06	-2.36815241356e-06	-2.73007248932e-06	-3.17733029956e-06	-3.64543691072e-06	-4.18066582841e-06	-7.60753040512e-07	-1.02828175219e-06	-1.84203325876e-06	-1.96334454722e-06	-2.75662745433e-06	-2.99354900652e-06	-3.69940288814e-06	-3.8718495454e-06	-4.42703818375e-06	-4.52629400267e-06	165.328328278	166.452903052	167.577477826	168.7020526	169.826627374	170.951202148	172.075776922	173.200351696	174.32492647	175.449501245	-4.50426923302	-4.75098852379	-4.99770781455	-5.24442710532	-5.49114639609	-5.73786568685	-5.98458497762	-6.23130426839	-6.47802355915	-6.72474284992	1.78676372666	1.78676372666	1.78676372666	1.78676372666	1.78676372666	1.78676372666	1.78676372666	1.78676372666	1.78676372666	1.78676372666	
6.3	132.429150004	132.550050004	132.670950004	132.791850005	132.912750005	133.033650005	133.154550005	133.275450006	133.396350006	133.517250006	-1.35851166874e-06	-1.45048671156e-06	-1.5748059757e-06	-1.79750779721e-06	-2.03487615354e-06	-2.36815241356e-06	-2.73007248932e-06	-3.17733029956e-06	-3.64543691072e-06	-4.18066582841e-06	-7.60753040512e-07	-1.02828175219e-06	-1.84203325876e-06	-1.96334454722e-06	-2.75662745433e-06	-2.99354900652e-06	-3.69940288814e-06	-3.8718495454e-06	-4.42703818375e-06	-4.52629400267e-06	165.328328278	166.452903052	167.577477826	168.7020526	169.826627374	170.951202148	172.075776922	173.200351696	174.32492647	175.449501245	-4.50426923302	-4.75098852379	-4.99770781455	-5.24442710532	-5.49114639609	-5.73786568685	-5.98458497762	-6.23130426839	-6.47802355915	-6.72474284992	1.78676372666	1.78676372666	1.78676372666	1.78676372666	1.78676372666	1.78676372666	1.78676372666	1.78676372666	1.78676372666	1.78676372666	
6.31666666667	132.429150004	132.550050004	132.670950004	132.791850005	132.912750005	133.033650005	133.154550005	133.275450006	133.396350006	133.517250006	-1.35851166874e-06	-1.45048671156e-06	-1.5748059757e-06	-1.79750779721e-06	-2.03487615354e-06	-2.36815241356e-06	-2.73007248932e-06	-3.17733029956e-06	-3.64543691072e-06	-4.18066582841e-06	-7.60753040512e-07	-1.02828175219e-06	-1.84203325876e-06	-1.96334454722e-06	-2.75662745433e-06	-2.99354900652e-06	-3.69940288814e-06	-3.8718495454e-06	-4.42703818375e-06	-4.52629400267e-06	165.328328278	166.452903052	167.577477826	168.7020526	169.826627374	170.951202148	172.075776922	173.200351696	174.32492647	175.449501245	-4.50426923302	-4.75098852379	-4.99770781455	-5.24442710532	-5.49114639609	-5.73786568685	-5.98458497762	-6.23130426839	-6.47802355915	-6.72474284992	1.78676372666	1.78676372666	1.78676372666	1.78676372666	1.78676372666	1.78676372666	1.78676372666	1.78676372666	1.78676372666	1.78676372666	
6.33333333333	132.429150004	132.550050004	132.670950004	132.791850005	132.912750005	133.033650005	133.154550005	133.275450006	133.396350006	133.517250006	-1.35851166874e-06	-1.45048671156e-06	-1.5748059757e-06	-1.79750779721e-06	-2.03487615354e-06	-2.36815241356e-06	-2.73007248932e-06	-3.17733029956e-06	-3.64543691072e-06	-4.18066582841e-06	-7.60753040512e-07	-1.02828175219e-06	-1.84203325876e-06	-1.96334454722e-06	-2.75662745433e-06	-2.99354900652e-06	-3.69940288814e-06	-3.8718495454e-06	-4.42703818375e-06	-4.52629400267e-06	165.328328278	166.452903052	167.577477826	168.7020526	169.826627374	170.951202148	172.075776922	173.200351696	174.32492647	175.449501245	-4.50426923302	-4.75098852379	-4.99770781455	-5.24442710532	-5.49114639609	-5.73786568685	-5.98458497762	-6.23130426839	-6.47802355915	-6.72474284992	1.78676372666	1.78676372666	1.78676372666	1.78676372666	1.78676372666	1.78676372666	1.78676372666	1.78676372666	1.78676372666	1.78676372666	
6.35	132.429150004	132.550050004	132.670950004	132.791850005	132.912750005	133.033650005	133.154550005	133.275450006	133.396350006	133.517250006	-1.35851166874e-06	-1.45048671156e-06	-1.5748059757e-06	-1.79750779721e-06	-2.03487615354e-06	-2.36815241356e-06	-2.73007248932e-06	-3.17733029956e-06	-3.64543691072e-06	-4.18066582841e-06	-7.60753040512e-07	-1.02828175219e-06	-1.84203325876e-06	-1.96334454722e-06	-2.75662745433e-06	-2.99354900652e-06	-3.69940288814e-06	-3.8718495454e-06	-4.42703818375e-06	-4.52629400267e-06	165.328328278	166.452903052	167.577477826	168.7020526	169.826627374	170.951202148	172.075776922	173.200351696	174.32492647	175.449501245	-4.50426923302	-4.75098852379	-4.99770781455	-5.24442710532	-5.49114639609	-5.73786568685	-5.98458497762	-6.23130426839	-6.47802355915	-6.72474284992	1.78676372666	1.78676372666	1.78676372666	1.78676372666	1.78676372666	1.78676372666	1.78676372666	1.78676372666	1.78676372666	1.78676372666	
6.36666666667	132.429150004	132.550050004	132.670950004	132.791850005	132.912750005	133.033650005	133.154550005	133.275450006	133.396350006	133.517250006	-1.35851166874e-06	-1.45048671156e-06	-1.5748059757e-06	-1.79750779721e-06	-2.03487615354e-06	-2.36815241356e-06	-2.73007248932e-06	-3.17733029956e-06	-3.64543691072e-06	-4.18066582841e-06	-7.60753040512e-07	-1.02828175219e-06	-1.84203325876e-06	-1.96334454722e-06	-2.75662745433e-06	-2.99354900652e-06	-3.69940288814e-06	-3.8718495454e-06	-4.42703818375e-06	-4.52629400267e-06	165.328328278	166.452903052	167.577477826	168.7020526	169.826627374	170.951202148	172.075776922	173.200351696	174.32492647	175.449501245	-4.50426923302	-4.75098852379	-4.99770781455	-5.24442710532	-5.49114639609	-5.73786568685	-5.98458497762	-6.23130426839	-6.47802355915	-6.72474284992	1.78676372666	1.78676372666	1.78676372666	1.78676372666	1.78676372666	1.78676372666	1.78676372666	1.78676372666	1.78676372666	1.78676372666	
6.38333333333	132.429150004	132.550050004	132.670950004	132.791850005	132.912750005	133.033650005	133.154550005	133.275450006	133.396350006	133.517250006	-1.35851166874e-06	-1.45048671156e-06	-1.5748059757e-06	-1.79750779721e-06	-2.03487615354e-06	-2.36815241356e-06	-2.73007248932e-06	-3.17733029956e-06	-3.64543691072e-06	-4.18066582841e-06	-7.60753040512e-07	-1.02828175219e-06	-1.84203325876e-06	-1.96334454722e-06	-2.75662745433e-06	-2.99354900652e-06	-3.69940288814e-06	-3.8718495454e-06	-4.42703818375e-06	-4.52629400267e-06	165.328328278	166.452903052	167.577477826	168.7020526	169.826627374	170.951202148	172.075776922	173.200351696	174.32492647	175.449501245	-4.50426923302	-4.75098852379	-4.99770781455	-5.24442710532	-5.49114639609	-5.73786568685	-5.98458497762	-6.23130426839	-6.47802355915	-6.72474284992	1.78676372666	1.78676372666	1.78676372666	1.78676372666	1.78676372666	1.78676372666	1.78676372666	1.78676372666	1.78676372666	1.78676372666	
6.4	132.429150004	132.550050004	132.670950004	132.791850005	132.912750005	133.033650005	133.154550005	133.275450006	133.396350006	133.517250006	-1.35851166874e-06	-1.45048671156e-06	-1.5748059757e-06	-1.79750779721e-06	-2.03487615354e-06	-2.36815241356e-06	-2.73007248932e-06	-3.17733029956e-06	-3.64543691072e-06	-4.18066582841e-06	-7.60753040512e-07	-1.02828175219e-06	-1.84203325876e-06	-1.96334454722e-06	-2.75662745433e-06	-2.99354900652e-06	-3.69940288814e-06	-3.8718495454e-06	-4.42703818375e-06	-4.52629400267e-06	165.328328278	166.452903052	167.577477826	168.7020526	169.826627374	170.951202148	172.075776922	173.200351696	174.32492647	175.449501245	-4.50426923302	-4.75098852379	-4.99770781455	-5.24442710532	-5.49114639609	-5.73786568685	-5.98458497762	-6.23130426839	-6.47802355915	-6.72474284992	1.78676372666	1.78676372666	1.78676372666	1.78676372666	1.78676372666	1.78676372666	1.78676372666	1.78676372666	1.78676372666	1.78676372666	
6.41666666667	132.429150004	132.550050004	132.670950004	132.791850005	132.912750005	133.033650005	133.154550005	133.275450006	133.396350006	133.517250006	-1.35851166874e-06	-1.45048671156e-06	-1.5748059757e-06	-1.79750779721e-06	-2.03487615354e-06	-2.36815241356e-06	-2.73007248932e-06	-3.17733029956e-06	-3.64543691072e-06	-4.18066582841e-06	-7.60753040512e-07	-1.02828175219e-06	-1.84203325876e-06	-1.96334454722e-06	-2.75662745433e-06	-2.99354900652e-06	-3.69940288814e-06	-3.8718495454e-06	-4.42703818375e-06	-4.52629400267e-06	165.328328278	166.452903052	167.577477826	168.7020526	169.826627374	170.951202148	172.075776922	173.200351696	174.32492647	175.449501245	-4.50426923302	-4.75098852379	-4.99770781455	-5.24442710532	-5.49114639609	-5.73786568685	-5.98458497762	-6.23130426839	-6.47802355915	-6.72474284992	1.78676372666	1.78676372666	1.78676372666	1.78676372666	1.78676372666	1.78676372666	1.78676372666	1.78676372666	1.78676372666	1.78676372666	
6.43333333333	132.429150004	132.550050004	132.670950004	132.791850005	132.912750005	133.033650005	133.154550005	133.275450006	133.396350006	133.517250006	-1.35851166874e-06	-1.45048671156e-06	-1.5748059757e-06	-1.79750779721e-06	-2.03487615354e-06	-2.36815241356e-06	-2.73007248932e-06	-3.17733029956e-06	-3.64543691072e-06	-4.18066582841e-06	-7.60753040512e-07	-1.02828175219e-06	-1.84203325876e-06	-1.96334454722e-06	-2.75662745433e-06	-2.99354900652e-06	-3.69940288814e-06	-3.8718495454e-06	-4.42703818375e-06	-4.52629400267e-06	165.328328278	166.452903052	167.577477826	168.7020526	169.826627374	170.951202148	172.075776922	173.200351696	174.32492647	175.449501245	-4.50426923302	-4.75098852379	-4.99770781455	-5.24442710532	-5.49114639609	-5.73786568685	-5.98458497762	-6.23130426839	-6.47802355915	-6.72474284992	1.78676372666	1.78676372666	1.78676372666	1.78676372666	1.78676372666	1.78676372666	1.78676372666	1.78676372666	1.78676372666	1.78676372666	
6.45	132.429150004	132.550050004	132.670950004	132.791850005	132.912750005	133.033650005	133.154550005	133.275450006	133.396350006	133.517250006	-1.35851166874e-06	-1.45048671156e-06	-1.5748059757e-06	-1.79750779721e-06	-2.03487615354e-06	-2.36815241356e-06	-2.73007248932e-06	-3.17733029956e-06	-3.64543691072e-06	-4.18066582841e-06	-7.60753040512e-07	-1.02828175219e-06	-1.84203325876e-06	-1.96334454722e-06	-2.75662745433e-06	-2.99354900652e-06	-3.69940288814e-06	-3.8718495454e-06	-4.42703818375e-06	-4.52629400267e-06	165.328328278	166.452903052	167.577477826	168.7020526	169.826627374	170.951202148	172.075776922	173.200351696	174.32492647	175.449501245	-4.50426923302	-4.75098852379	-4.99770781455	-5.24442710532	-5.49114639609	-5.73786568685	-5.98458497762	-6.23130426839	-6.47802355915	-6.72474284992	1.78676372666	1.78676372666	1.78676372666	1.78676372666	1.78676372666	1.78676372666	1.78676372666	1.78676372666	1.78676372666	1.78676372666	
6.46666666667	132.429150004	132.550050004	132.670950004	132.791850005	132.912750005	133.033650005	133.154550005	133.275450006	133.396350006	133.517250006	-1.35851166874e-06	-1.45048671156e-06	-1.5748059757e-06	-1.79750779721e-06	-2.03487615354e-06	-2.36815241356e-06	-2.73007248932e-06	-3.17733029956e-06	-3.64543691072e-06	-4.18066582841e-06	-7.60753040512e-07	-1.02828175219e-06	-1.84203325876e-06	-1.96334454722e-06	-2.75662745433e-06	-2.99354900652e-06	-3.69940288814e-06	-3.8718495454e-06	-4.42703818375e-06	-4.52629400267e-06	165.328328278	166.452903052	167.577477826	168.7020526	169.826627374	170.951202148	172.075776922	173.200351696	174.32492647	175.449501245	-4.50426923302	-4.75098852379	-4.99770781455	-5.24442710532	-5.49114639609	-5.73786568685	-5.98458497762	-6.23130426839	-6.47802355915	-6.72474284992	1.78676372666	1.78676372666	1.78676372666	1.78676372666	1.78676372666	1.78676372666	1.78676372666	1.78676372666	1.78676372666	1.78676372666	
6.48333333333	132.429150004	132.550050004	132.670950004	132.791850005	132.912750005	133.033650005	133.154550005	133.275450006	133.396350006	133.517250006	-1.35851166874e-06	-1.45048671156e-06	-1.5748059757e-06	-1.79750779721e-06	-2.03487615354e-06	-2.36815241356e-06	-2.73007248932e-06	-3.17733029956e-06	-3.64543691072e-06	-4.18066582841e-06	-7.60753040512e-07	-1.02828175219e-06	-1.84203325876e-06	-1.96334454722e-06	-2.75662745433e-06	-2.99354900652e-06	-3.69940288814e-06	-3.8718495454e-06	-4.42703818375e-06	-4.52629400267e-06	165.328328278	166.452903052	167.577477826	168.7020526	169.826627374	170.951202148	172.075776922	173.200351696	174.32492647	175.449501245	-4.50426923302	-4.75098852379	-4.99770781455	-5.24442710532	-5.49114639609	-5.73786568685	-5.98458497762	-6.23130426839	-6.47802355915	-6.72474284992	1.78676372666	1.78676372666	1.78676372666	1.78676372666	1.78676372666	1.78676372666	1.78676372666	1.78676372666	1.78676372666	1.78676372666	
6.5	132.429150004	132.550050004	132.670950004	132.791850005	132.912750005	133.033650005	133.154550005	133.275450006	133.396350006	133.517250006	-1.35851166874e-06	-1.45048671156e-06	-1.5748059757e-06	-1.79750779721e-06	-2.03487615354e-06	-2.36815241356e-06	-2.73007248932e-06	-3.17733029956e-06	-3.64543691072e-06	-4.18066582841e-06	-7.60753040512e-07	-1.02828175219e-06	-1.84203325876e-06	-1.96334454722e-06	-2.75662745433e-06	-2.99354900652e-06	-3.69940288814e-06	-3.8718495454e-06	-4.42703818375e-06	-4.52629400267e-06	165.328328278	166.452903052	167.577477826	168.7020526	169.826627374	170.951202148	172.075776922	173.200351696	174.32492647	175.449501245	-4.50426923302	-4.75098852379	-4.99770781455	-5.24442710532	-5.49114639609	-5.73786568685	-5.98458497762	-6.23130426839	-6.47802355915	-6.72474284992	1.78676372666	1.78676372666	1.78676372666	1.78676372666	1.78676372666	1.78676372666	1.78676372666	1.78676372666	1.78676372666	1.78676372666	
6.51666666667	132.429150004	132.550050004	132.670950004	132.791850005	132.912750005	133.033650005	133.154550005	133.275450006	133.396350006	133.517250006	-1.35851166874e-06	-1.45048671156e-06	-1.5748059757e-06	-1.79750779721e-06	-2.03487615354e-06	-2.36815241356e-06	-2.73007248932e-06	-3.17733029956e-06	-3.64543691072e-06	-4.18066582841e-06	-7.60753040512e-07	-1.02828175219e-06	-1.84203325876e-06	-1.96334454722e-06	-2.75662745433e-06	-2.99354900652e-06	-3.69940288814e-06	-3.8718495454e-06	-4.42703818375e-06	-4.52629400267e-06	165.328328278	166.452903052	167.577477826	168.7020526	169.826627374	170.951202148	172.075776922	173.200351696	174.32492647	175.449501245	-4.50426923302	-4.75098852379	-4.99770781455	-5.24442710532	-5.49114639609	-5.73786568685	-5.98458497762	-6.23130426839	-6.47802355915	-6.72474284992	1.78676372666	1.78676372666	1.78676372666	1.78676372666	1.78676372666	1.78676372666	1.78676372666	1.78676372666	1.78676372666	1.78676372666	
6.53333333333	132.429150004	132.550050004	132.670950004	132.791850005	132.912750005	133.033650005	133.154550005	133.275450006	133.396350006	133.517250006	-1.35851166874e-06	-1.45048671156e-06	-1.5748059757e-06	-1.79750779721e-06	-2.03487615354e-06	-2.36815241356e-06	-2.73007248932e-06	-3.17733029956e-06	-3.64543691072e-06	-4.18066582841e-06	-7.60753040512e-07	-1.02828175219e-06	-1.84203325876e-06	-1.96334454722e-06	-2.75662745433e-06	-2.99354900652e-06	-3.69940288814e-06	-3.8718495454e-06	-4.42703818375e-06	-4.52629400267e-06	165.328328278	166.452903052	167.577477826	168.7020526	169.826627374	170.951202148	172.075776922	173.200351696	174.32492647	175.449501245	-4.50426923302	-4.75098852379	-4.99770781455	-5.24442710532	-5.49114639609	-5.73786568685	-5.98458497762	-6.23130426839	-6.47802355915	-6.72474284992	1.78676372666	1.78676372666	1.78676372666	1.78676372666	1.78676372666	1.78676372666	1.78676372666	1.78676372666	1.78676372666	1.78676372666	
6.55	132.429150004	132.550050004	132.670950004	132.791850005	132.912750005	133.033650005	133.154550005	133.275450006	133.396350006	133.517250006	-1.35851166874e-06	-1.45048671156e-06	-1.5748059757e-06	-1.79750779721e-06	-2.03487615354e-06	-2.36815241356e-06	-2.73007248932e-06	-3.17733029956e-06	-3.64543691072e-06	-4.18066582841e-06	-7.60753040512e-07	-1.02828175219e-06	-1.84203325876e-06	-1.96334454722e-06	-2.75662745433e-06	-2.99354900652e-06	-3.69940288814e-06	-3.8718495454e-06	-4.42703818375e-06	-4.52629400267e-06	165.328328278	166.452903052	167.577477826	168.7020526	169.826627374	170.951202148	172.075776922	173.200351696	174.32492647	175.449501245	-4.50426923302	-4.75098852379	-4.99770781455	-5.24442710532	-5.49114639609	-5.73786568685	-5.98458497762	-6.23130426839	-6.47802355915	-6.72474284992	1.78676372666	1.78676372666	1.78676372666	1.78676372666	1.78676372666	1.78676372666	1.78676372666	1.78676372666	1.78676372666	1.78676372666	
6.56666666667	132.429150004	132.550050004	132.670950004	132.791850005	132.912750005	133.033650005	133.154550005	133.275450006	133.396350006	133.517250006	-1.35851166874e-06	-1.45048671156e-06	-1.5748059757e-06	-1.79750779721e-06	-2.03487615354e-06	-2.36815241356e-06	-2.73007248932e-06	-3.17733029956e-06	-3.64543691072e-06	-4.18066582841e-06	-7.60753040512e-07	-1.02828175219e-06	-1.84203325876e-06	-1.96334454722e-06	-2.75662745433e-06	-2.99354900652e-06	-3.69940288814e-06	-3.8718495454e-06	-4.42703818375e-06	-4.52629400267e-06	165.328328278	166.452903052	167.577477826	168.7020526	169.826627374	170.951202148	172.075776922	173.200351696	174.32492647	175.449501245	-4.50426923302	-4.75098852379	-4.99770781455	-5.24442710532	-5.49114639609	-5.73786568685	-5.98458497762	-6.23130426839	-6.47802355915	-6.72474284992	1.78676372666	1.78676372666	1.78676372666	1.78676372666	1.78676372666	1.78676372666	1.78676372666	1.78676372666	1.78676372666	1.78676372666	
6.58333333333	132.429150004	132.550050004	132.670950004	132.791850005	132.912750005	133.033650005	133.154550005	133.275450006	133.396350006	133.517250006	-1.35851166874e-06	-1.45048671156e-06	-1.5748059757e-06	-1.79750779721e-06	-2.03487615354e-06	-2.36815241356e-06	-2.73007248932e-06	-3.17733029956e-06	-3.64543691072e-06	-4.18066582841e-06	-7.60753040512e-07	-1.02828175219e-06	-1.84203325876e-06	-1.96334454722e-06	-2.75662745433e-06	-2.99354900652e-06	-3.69940288814e-06	-3.8718495454e-06	-4.42703818375e-06	-4.52629400267e-06	165.328328278	166.452903052	167.577477826	168.7020526	169.826627374	170.951202148	172.075776922	173.200351696	174.32492647	175.449501245	-4.50426923302	-4.75098852379	-4.99770781455	-5.24442710532	-5.49114639609	-5.73786568685	-5.98458497762	-6.23130426839	-6.47802355915	-6.72474284992	1.78676372666	1.78676372666	1.78676372666	1.78676372666	1.78676372666	1.78676372666	1.78676372666	1.78676372666	1.78676372666	1.78676372666	
6.6	132.429150004	132.550050004	132.670950004	132.791850005	132.912750005	133.033650005	133.154550005	133.275450006	133.396350006	133.517250006	-1.35851166874e-06	-1.45048671156e-06	-1.5748059757e-06	-1.79750779721e-06	-2.03487615354e-06	-2.36815241356e-06	-2.73007248932e-06	-3.17733029956e-06	-3.64543691072e-06	-4.18066582841e-06	-7.60753040512e-07	-1.02828175219e-06	-1.84203325876e-06	-1.96334454722e-06	-2.75662745433e-06	-2.99354900652e-06	-3.69940288814e-06	-3.8718495454e-06	-4.42703818375e-06	-4.52629400267e-06	165.328328278	166.452903052	167.577477826	168.7020526	169.826627374	170.951202148	172.075776922	173.200351696	174.32492647	175.449501245	-4.50426923302	-4.75098852379	-4.99770781455	-5.24442710532	-5.49114639609	-5.73786568685	-5.98458497762	-6.23130426839	-6.47802355915	-6.72474284992	1.78676372666	1.78676372666	1.78676372666	1.78676372666	1.78676372666	1.78676372666	1.78676372666	1.78676372666	1.78676372666	1.78676372666	
6.61666666667	132.429150004	132.550050004	132.670950004	132.791850005	132.912750005	133.033650005	133.154550005	133.275450006	133.396350006	133.517250006	-1.35851166874e-06	-1.45048671156e-06	-1.5748059757e-06	-1.79750779721e-06	-2.03487615354e-06	-2.36815241356e-06	-2.73007248932e-06	-3.17733029956e-06	-3.64543691072e-06	-4.18066582841e-06	-7.60753040512e-07	-1.02828175219e-06	-1.84203325876e-06	-1.96334454722e-06	-2.75662745433e-06	-2.99354900652e-06	-3.69940288814e-06	-3.8718495454e-06	-4.42703818375e-06	-4.52629400267e-06	165.328328278	166.452903052	167.577477826	168.7020526	169.826627374	170.951202148	172.075776922	173.200351696	174.32492647	175.449501245	-4.50426923302	-4.75098852379	-4.99770781455	-5.24442710532	-5.49114639609	-5.73786568685	-5.98458497762	-6.23130426839	-6.47802355915	-6.72474284992	1.78676372666	1.78676372666	1.78676372666	1.78676372666	1.78676372666	1.78676372666	1.78676372666	1.78676372666	1.78676372666	1.78676372666	
6.63333333333	132.429150004	132.550050004	132.670950004	132.791850005	132.912750005	133.033650005	133.154550005	133.275450006	133.396350006	133.517250006	-1.35851166874e-06	-1.45048671156e-06	-1.5748059757e-06	-1.79750779721e-06	-2.03487615354e-06	-2.36815241356e-06	-2.73007248932e-06	-3.17733029956e-06	-3.64543691072e-06	-4.18066582841e-06	-7.60753040512e-07	-1.02828175219e-06	-1.84203325876e-06	-1.96334454722e-06	-2.75662745433e-06	-2.99354900652e-06	-3.69940288814e-06	-3.8718495454e-06	-4.42703818375e-06	-4.52629400267e-06	165.328328278	166.452903052	167.577477826	168.7020526	169.826627374	170.951202148	172.075776922	173.200351696	174.32492647	175.449501245	-4.50426923302	-4.75098852379	-4.99770781455	-5.24442710532	-5.49114639609	-5.73786568685	-5.98458497762	-6.23130426839	-6.47802355915	-6.72474284992	1.78676372666	1.78676372666	1.78676372666	1.78676372666	1.78676372666	1.78676372666	1.78676372666	1.78676372666	1.78676372666	1.78676372666	
6.65	132.429150004	132.550050004	132.670950004	132.791850005	132.912750005	133.033650005	133.154550005	133.275450006	133.396350006	133.517250006	-1.35851166874e-06	-1.45048671156e-06	-1.5748059757e-06	-1.79750779721e-06	-2.03487615354e-06	-2.36815241356e-06	-2.73007248932e-06	-3.17733029956e-06	-3.64543691072e-06	-4.18066582841e-06	-7.60753040512e-07	-1.02828175219e-06	-1.84203325876e-06	-1.96334454722e-06	-2.75662745433e-06	-2.99354900652e-06	-3.69940288814e-06	-3.8718495454e-06	-4.42703818375e-06	-4.52629400267e-06	165.328328278	166.452903052	167.577477826	168.7020526	169.826627374	170.951202148	172.075776922	173.200351696	174.32492647	175.449501245	-4.50426923302	-4.75098852379	-4.99770781455	-5.24442710532	-5.49114639609	-5.73786568685	-5.98458497762	-6.23130426839	-6.47802355915	-6.72474284992	1.78676372666	1.78676372666	1.78676372666	1.78676372666	1.78676372666	1.78676372666	1.78676372666	1.78676372666	1.78676372666	1.78676372666	
6.66666666667	132.429150004	132.550050004	132.670950004	132.791850005	132.912750005	133.033650005	133.154550005	133.275450006	133.396350006	133.517250006	-1.35851166874e-06	-1.45048671156e-06	-1.5748059757e-06	-1.79750779721e-06	-2.03487615354e-06	-2.36815241356e-06	-2.73007248932e-06	-3.17733029956e-06	-3.64543691072e-06	-4.18066582841e-06	-7.60753040512e-07	-1.02828175219e-06	-1.84203325876e-06	-1.96334454722e-06	-2.75662745433e-06	-2.99354900652e-06	-3.69940288814e-06	-3.8718495454e-06	-4.42703818375e-06	-4.52629400267e-06	165.328328278	166.452903052	167.577477826	168.7020526	169.826627374	170.951202148	172.075776922	173.200351696	174.32492647	175.449501245	-4.50426923302	-4.75098852379	-4.99770781455	-5.24442710532	-5.49114639609	-5.73786568685	-5.98458497762	-6.23130426839	-6.47802355915	-6.72474284992	1.78676372666	1.78676372666	1.78676372666	1.78676372666	1.78676372666	1.78676372666	1.78676372666	1.78676372666	1.78676372666	1.78676372666	
6.68333333333	132.429150004	132.550050004	132.670950004	132.791850005	132.912750005	133.033650005	133.154550005	133.275450006	133.396350006	133.517250006	-1.35851166874e-06	-1.45048671156e-06	-1.5748059757e-06	-1.79750779721e-06	-2.03487615354e-06	-2.36815241356e-06	-2.73007248932e-06	-3.17733029956e-06	-3.64543691072e-06	-4.18066582841e-06	-7.60753040512e-07	-1.02828175219e-06	-1.84203325876e-06	-1.96334454722e-06	-2.75662745433e-06	-2.99354900652e-06	-3.69940288814e-06	-3.8718495454e-06	-4.42703818375e-06	-4.52629400267e-06	165.328328278	166.452903052	167.577477826	168.7020526	169.826627374	170.951202148	172.075776922	173.200351696	174.32492647	175.449501245	-4.50426923302	-4.75098852379	-4.99770781455	-5.24442710532	-5.49114639609	-5.73786568685	-5.98458497762	-6.23130426839	-6.47802355915	-6.72474284992	1.78676372666	1.78676372666	1.78676372666	1.78676372666	1.78676372666	1.78676372666	1.78676372666	1.78676372666	1.78676372666	1.78676372666	
6.7	132.429150004	132.550050004	132.670950004	132.791850005	132.912750005	133.033650005	133.154550005	133.275450006	133.396350006	133.517250006	-1.35851166874e-06	-1.45048671156e-06	-1.5748059757e-06	-1.79750779721e-06	-2.03487615354e-06	-2.36815241356e-06	-2.73007248932e-06	-3.17733029956e-06	-3.64543691072e-06	-4.18066582841e-06	-7.60753040512e-07	-1.02828175219e-06	-1.84203325876e-06	-1.96334454722e-06	-2.75662745433e-06	-2.99354900652e-06	-3.69940288814e-06	-3.8718495454e-06	-4.42703818375e-06	-4.52629400267e-06	165.328328278	166.452903052	167.577477826	168.7020526	169.826627374	170.951202148	172.075776922	173.200351696	174.32492647	175.449501245	-4.50426923302	-4.75098852379	-4.99770781455	-5.24442710532	-5.49114639609	-5.73786568685	-5.98458497762	-6.23130426839	-6.47802355915	-6.72474284992	1.78676372666	1.78676372666	1.78676372666	1.78676372666	1.78676372666	1.78676372666	1.78676372666	1.78676372666	1.78676372666	1.78676372666	
6.71666666667	132.429150004	132.550050004	132.670950004	132.791850005	132.912750005	133.033650005	133.154550005	133.275450006	133.396350006	133.517250006	-1.35851166874e-06	-1.45048671156e-06	-1.5748059757e-06	-1.79750779721e-06	-2.03487615354e-06	-2.36815241356e-06	-2.73007248932e-06	-3.17733029956e-06	-3.64543691072e-06	-4.18066582841e-06	-7.60753040512e-07	-1.02828175219e-06	-1.84203325876e-06	-1.96334454722e-06	-2.75662745433e-06	-2.99354900652e-06	-3.69940288814e-06	-3.8718495454e-06	-4.42703818375e-06	-4.52629400267e-06	165.328328278	166.452903052	167.577477826	168.7020526	169.826627374	170.951202148	172.075776922	173.200351696	174.32492647	175.449501245	-4.50426923302	-4.75098852379	-4.99770781455	-5.24442710532	-5.49114639609	-5.73786568685	-5.98458497762	-6.23130426839	-6.47802355915	-6.72474284992	1.78676372666	1.78676372666	1.78676372666	1.78676372666	1.78676372666	1.78676372666	1.78676372666	1.78676372666	1.78676372666	1.78676372666	
6.73333333333	132.429150004	132.550050004	132.670950004	132.791850005	132.912750005	133.033650005	133.154550005	133.275450006	133.396350006	133.517250006	-1.35851166874e-06	-1.45048671156e-06	-1.5748059757e-06	-1.79750779721e-06	-2.03487615354e-06	-2.36815241356e-06	-2.73007248932e-06	-3.17733029956e-06	-3.64543691072e-06	-4.18066582841e-06	-7.60753040512e-07	-1.02828175219e-06	-1.84203325876e-06	-1.96334454722e-06	-2.75662745433e-06	-2.99354900652e-06	-3.69940288814e-06	-3.8718495454e-06	-4.42703818375e-06	-4.52629400267e-06	165.328328278	166.452903052	167.577477826	168.7020526	169.826627374	170.951202148	172.075776922	173.200351696	174.32492647	175.449501245	-4.50426923302	-4.75098852379	-4.99770781455	-5.24442710532	-5.49114639609	-5.73786568685	-5.98458497762	-6.23130426839	-6.47802355915	-6.72474284992	1.78676372666	1.78676372666	1.78676372666	1.78676372666	1.78676372666	1.78676372666	1.78676372666	1.78676372666	1.78676372666	1.78676372666	
6.75	132.429150004	132.550050004	132.670950004	132.791850005	132.912750005	133.033650005	133.154550005	133.275450006	133.396350006	133.517250006	-1.35851166874e-06	-1.45048671156e-06	-1.5748059757e-06	-1.79750779721e-06	-2.03487615354e-06	-2.36815241356e-06	-2.73007248932e-06	-3.17733029956e-06	-3.64543691072e-06	-4.18066582841e-06	-7.60753040512e-07	-1.02828175219e-06	-1.84203325876e-06	-1.96334454722e-06	-2.75662745433e-06	-2.99354900652e-06	-3.69940288814e-06	-3.8718495454e-06	-4.42703818375e-06	-4.52629400267e-06	165.328328278	166.452903052	167.577477826	168.7020526	169.826627374	170.951202148	172.075776922	173.200351696	174.32492647	175.449501245	-4.50426923302	-4.75098852379	-4.99770781455	-5.24442710532	-5.49114639609	-5.73786568685	-5.98458497762	-6.23130426839	-6.47802355915	-6.72474284992	1.78676372666	1.78676372666	1.78676372666	1.78676372666	1.78676372666	1.78676372666	1.78676372666	1.78676372666	1.78676372666	1.78676372666	
6.76666666667	132.429150004	132.550050004	132.670950004	132.791850005	132.912750005	133.033650005	133.154550005	133.275450006	133.396350006	133.517250006	-1.35851166874e-06	-1.45048671156e-06	-1.5748059757e-06	-1.79750779721e-06	-2.03487615354e-06	-2.36815241356e-06	-2.73007248932e-06	-3.17733029956e-06	-3.64543691072e-06	-4.18066582841e-06	-7.60753040512e-07	-1.02828175219e-06	-1.84203325876e-06	-1.96334454722e-06	-2.75662745433e-06	-2.99354900652e-06	-3.69940288814e-06	-3.8718495454e-06	-4.42703818375e-06	-4.52629400267e-06	165.328328278	166.452903052	167.577477826	168.7020526	169.826627374	170.951202148	172.075776922	173.200351696	174.32492647	175.449501245	-4.50426923302	-4.75098852379	-4.99770781455	-5.24442710532	-5.49114639609	-5.73786568685	-5.98458497762	-6.23130426839	-6.47802355915	-6.72474284992	1.78676372666	1.78676372666	1.78676372666	1.78676372666	1.78676372666	1.78676372666	1.78676372666	1.78676372666	1.78676372666	1.78676372666	
6.78333333333	132.429150004	132.550050004	132.670950004	132.791850005	132.912750005	133.033650005	133.154550005	133.275450006	133.396350006	133.517250006	-1.35851166874e-06	-1.45048671156e-06	-1.5748059757e-06	-1.79750779721e-06	-2.03487615354e-06	-2.36815241356e-06	-2.73007248932e-06	-3.17733029956e-06	-3.64543691072e-06	-4.18066582841e-06	-7.60753040512e-07	-1.02828175219e-06	-1.84203325876e-06	-1.96334454722e-06	-2.75662745433e-06	-2.99354900652e-06	-3.69940288814e-06	-3.8718495454e-06	-4.42703818375e-06	-4.52629400267e-06	165.328328278	166.452903052	167.577477826	168.7020526	169.826627374	170.951202148	172.075776922	173.200351696	174.32492647	175.449501245	-4.50426923302	-4.75098852379	-4.99770781455	-5.24442710532	-5.49114639609	-5.73786568685	-5.98458497762	-6.23130426839	-6.47802355915	-6.72474284992	1.78676372666	1.78676372666	1.78676372666	1.78676372666	1.78676372666	1.78676372666	1.78676372666	1.78676372666	1.78676372666	1.78676372666	
6.8	132.429150004	132.550050004	132.670950004	132.791850005	132.912750005	133.033650005	133.154550005	133.275450006	133.396350006	133.517250006	-1.35851166874e-06	-1.45048671156e-06	-1.5748059757e-06	-1.79750779721e-06	-2.03487615354e-06	-2.36815241356e-06	-2.73007248932e-06	-3.17733029956e-06	-3.64543691072e-06	-4.18066582841e-06	-7.60753040512e-07	-1.02828175219e-06	-1.84203325876e-06	-1.96334454722e-06	-2.75662745433e-06	-2.99354900652e-06	-3.69940288814e-06	-3.8718495454e-06	-4.42703818375e-06	-4.52629400267e-06	165.328328278	166.452903052	167.577477826	168.7020526	169.826627374	170.951202148	172.075776922	173.200351696	174.32492647	175.449501245	-4.50426923302	-4.75098852379	-4.99770781455	-5.24442710532	-5.49114639609	-5.73786568685	-5.98458497762	-6.23130426839	-6.47802355915	-6.72474284992	1.78676372666	1.78676372666	1.78676372666	1.78676372666	1.78676372666	1.78676372666	1.78676372666	1.78676372666	1.78676372666	1.78676372666	
6.81666666667	132.429150004	132.550050004	132.670950004	132.791850005	132.912750005	133.033650005	133.154550005	133.275450006	133.396350006	133.517250006	-1.35851166874e-06	-1.45048671156e-06	-1.5748059757e-06	-1.79750779721e-06	-2.03487615354e-06	-2.36815241356e-06	-2.73007248932e-06	-3.17733029956e-06	-3.64543691072e-06	-4.18066582841e-06	-7.60753040512e-07	-1.02828175219e-06	-1.84203325876e-06	-1.96334454722e-06	-2.75662745433e-06	-2.99354900652e-06	-3.69940288814e-06	-3.8718495454e-06	-4.42703818375e-06	-4.52629400267e-06	165.328328278	166.452903052	167.577477826	168.7020526	169.826627374	170.951202148	172.075776922	173.200351696	174.32492647	175.449501245	-4.50426923302	-4.75098852379	-4.99770781455	-5.24442710532	-5.49114639609	-5.73786568685	-5.98458497762	-6.23130426839	-6.47802355915	-6.72474284992	1.78676372666	1.78676372666	1.78676372666	1.78676372666	1.78676372666	1.78676372666	1.78676372666	1.78676372666	1.78676372666	1.78676372666	
6.83333333333	132.429150004	132.550050004	132.670950004	132.791850005	132.912750005	133.033650005	133.154550005	133.275450006	133.396350006	133.517250006	-1.35851166874e-06	-1.45048671156e-06	-1.5748059757e-06	-1.79750779721e-06	-2.03487615354e-06	-2.36815241356e-06	-2.73007248932e-06	-3.17733029956e-06	-3.64543691072e-06	-4.18066582841e-06	-7.60753040512e-07	-1.02828175219e-06	-1.84203325876e-06	-1.96334454722e-06	-2.75662745433e-06	-2.99354900652e-06	-3.69940288814e-06	-3.8718495454e-06	-4.42703818375e-06	-4.52629400267e-06	165.328328278	166.452903052	167.577477826	168.7020526	169.826627374	170.951202148	172.075776922	173.200351696	174.32492647	175.449501245	-4.50426923302	-4.75098852379	-4.99770781455	-5.24442710532	-5.49114639609	-5.73786568685	-5.98458497762	-6.23130426839	-6.47802355915	-6.72474284992	1.78676372666	1.78676372666	1.78676372666	1.78676372666	1.78676372666	1.78676372666	1.78676372666	1.78676372666	1.78676372666	1.78676372666	
6.85	132.429150004	132.550050004	132.670950004	132.791850005	132.912750005	133.033650005	133.154550005	133.275450006	133.396350006	133.517250006	-1.35851166874e-06	-1.45048671156e-06	-1.5748059757e-06	-1.79750779721e-06	-2.03487615354e-06	-2.36815241356e-06	-2.73007248932e-06	-3.17733029956e-06	-3.64543691072e-06	-4.18066582841e-06	-7.60753040512e-07	-1.02828175219e-06	-1.84203325876e-06	-1.96334454722e-06	-2.75662745433e-06	-2.99354900652e-06	-3.69940288814e-06	-3.8718495454e-06	-4.42703818375e-06	-4.52629400267e-06	165.328328278	166.452903052	167.577477826	168.7020526	169.826627374	170.951202148	172.075776922	173.200351696	174.32492647	175.449501245	-4.50426923302	-4.75098852379	-4.99770781455	-5.24442710532	-5.49114639609	-5.73786568685	-5.98458497762	-6.23130426839	-6.47802355915	-6.72474284992	1.78676372666	1.78676372666	1.78676372666	1.78676372666	1.78676372666	1.78676372666	1.78676372666	1.78676372666	1.78676372666	1.78676372666	
6.86666666667	132.429150004	132.550050004	132.670950004	132.791850005	132.912750005	133.033650005	133.154550005	133.275450006	133.396350006	133.517250006	-1.35851166874e-06	-1.45048671156e-06	-1.5748059757e-06	-1.79750779721e-06	-2.03487615354e-06	-2.36815241356e-06	-2.73007248932e-06	-3.17733029956e-06	-3.64543691072e-06	-4.18066582841e-06	-7.60753040512e-07	-1.02828175219e-06	-1.84203325876e-06	-1.96334454722e-06	-2.75662745433e-06	-2.99354900652e-06	-3.69940288814e-06	-3.8718495454e-06	-4.42703818375e-06	-4.52629400267e-06	165.328328278	166.452903052	167.577477826	168.7020526	169.826627374	170.951202148	172.075776922	173.200351696	174.32492647	175.449501245	-4.50426923302	-4.75098852379	-4.99770781455	-5.24442710532	-5.49114639609	-5.73786568685	-5.98458497762	-6.23130426839	-6.47802355915	-6.72474284992	1.78676372666	1.78676372666	1.78676372666	1.78676372666	1.78676372666	1.78676372666	1.78676372666	1.78676372666	1.78676372666	1.78676372666	
6.88333333333	132.429150004	132.550050004	132.670950004	132.791850005	132.912750005	133.033650005	133.154550005	133.275450006	133.396350006	133.517250006	-1.35851166874e-06	-1.45048671156e-06	-1.5748059757e-06	-1.79750779721e-06	-2.03487615354e-06	-2.36815241356e-06	-2.73007248932e-06	-3.17733029956e-06	-3.64543691072e-06	-4.18066582841e-06	-7.60753040512e-07	-1.02828175219e-06	-1.84203325876e-06	-1.96334454722e-06	-2.75662745433e-06	-2.99354900652e-06	-3.69940288814e-06	-3.8718495454e-06	-4.42703818375e-06	-4.52629400267e-06	165.328328278	166.452903052	167.577477826	168.7020526	169.826627374	170.951202148	172.075776922	173.200351696	174.32492647	175.449501245	-4.50426923302	-4.75098852379	-4.99770781455	-5.24442710532	-5.49114639609	-5.73786568685	-5.98458497762	-6.23130426839	-6.47802355915	-6.72474284992	1.78676372666	1.78676372666	1.78676372666	1.78676372666	1.78676372666	1.78676372666	1.78676372666	1.78676372666	1.78676372666	1.78676372666	
6.9	132.429150004	132.550050004	132.670950004	132.791850005	132.912750005	133.033650005	133.154550005	133.275450006	133.396350006	133.517250006	-1.35851166874e-06	-1.45048671156e-06	-1.5748059757e-06	-1.79750779721e-06	-2.03487615354e-06	-2.36815241356e-06	-2.73007248932e-06	-3.17733029956e-06	-3.64543691072e-06	-4.18066582841e-06	-7.60753040512e-07	-1.02828175219e-06	-1.84203325876e-06	-1.96334454722e-06	-2.75662745433e-06	-2.99354900652e-06	-3.69940288814e-06	-3.8718495454e-06	-4.42703818375e-06	-4.52629400267e-06	165.328328278	166.452903052	167.577477826	168.7020526	169.826627374	170.951202148	172.075776922	173.200351696	174.32492647	175.449501245	-4.50426923302	-4.75098852379	-4.99770781455	-5.24442710532	-5.49114639609	-5.73786568685	-5.98458497762	-6.23130426839	-6.47802355915	-6.72474284992	1.78676372666	1.78676372666	1.78676372666	1.78676372666	1.78676372666	1.78676372666	1.78676372666	1.78676372666	1.78676372666	1.78676372666	
6.91666666667	132.429150004	132.550050004	132.670950004	132.791850005	132.912750005	133.033650005	133.154550005	133.275450006	133.396350006	133.517250006	-1.35851166874e-06	-1.45048671156e-06	-1.5748059757e-06	-1.79750779721e-06	-2.03487615354e-06	-2.36815241356e-06	-2.73007248932e-06	-3.17733029956e-06	-3.64543691072e-06	-4.18066582841e-06	-7.60753040512e-07	-1.02828175219e-06	-1.84203325876e-06	-1.96334454722e-06	-2.75662745433e-06	-2.99354900652e-06	-3.69940288814e-06	-3.8718495454e-06	-4.42703818375e-06	-4.52629400267e-06	165.328328278	166.452903052	167.577477826	168.7020526	169.826627374	170.951202148	172.075776922	173.200351696	174.32492647	175.449501245	-4.50426923302	-4.75098852379	-4.99770781455	-5.24442710532	-5.49114639609	-5.73786568685	-5.98458497762	-6.23130426839	-6.47802355915	-6.72474284992	1.78676372666	1.78676372666	1.78676372666	1.78676372666	1.78676372666	1.78676372666	1.78676372666	1.78676372666	1.78676372666	1.78676372666	
6.93333333333	132.429150004	132.550050004	132.670950004	132.791850005	132.912750005	133.033650005	133.154550005	133.275450006	133.396350006	133.517250006	-1.35851166874e-06	-1.45048671156e-06	-1.5748059757e-06	-1.79750779721e-06	-2.03487615354e-06	-2.36815241356e-06	-2.73007248932e-06	-3.17733029956e-06	-3.64543691072e-06	-4.18066582841e-06	-7.60753040512e-07	-1.02828175219e-06	-1.84203325876e-06	-1.96334454722e-06	-2.75662745433e-06	-2.99354900652e-06	-3.69940288814e-06	-3.8718495454e-06	-4.42703818375e-06	-4.52629400267e-06	165.328328278	166.452903052	167.577477826	168.7020526	169.826627374	170.951202148	172.075776922	173.200351696	174.32492647	175.449501245	-4.50426923302	-4.75098852379	-4.99770781455	-5.24442710532	-5.49114639609	-5.73786568685	-5.98458497762	-6.23130426839	-6.47802355915	-6.72474284992	1.78676372666	1.78676372666	1.78676372666	1.78676372666	1.78676372666	1.78676372666	1.78676372666	1.78676372666	1.78676372666	1.78676372666	
6.95	132.429150004	132.550050004	132.670950004	132.791850005	132.912750005	133.033650005	133.154550005	133.275450006	133.396350006	133.517250006	-1.35851166874e-06	-1.45048671156e-06	-1.5748059757e-06	-1.79750779721e-06	-2.03487615354e-06	-2.36815241356e-06	-2.73007248932e-06	-3.17733029956e-06	-3.64543691072e-06	-4.18066582841e-06	-7.60753040512e-07	-1.02828175219e-06	-1.84203325876e-06	-1.96334454722e-06	-2.75662745433e-06	-2.99354900652e-06	-3.69940288814e-06	-3.8718495454e-06	-4.42703818375e-06	-4.52629400267e-06	165.328328278	166.452903052	167.577477826	168.7020526	169.826627374	170.951202148	172.075776922	173.200351696	174.32492647	175.449501245	-4.50426923302	-4.75098852379	-4.99770781455	-5.24442710532	-5.49114639609	-5.73786568685	-5.98458497762	-6.23130426839	-6.47802355915	-6.72474284992	1.78676372666	1.78676372666	1.78676372666	1.78676372666	1.78676372666	1.78676372666	1.78676372666	1.78676372666	1.78676372666	1.78676372666	
6.96666666667	132.429150004	132.550050004	132.670950004	132.791850005	132.912750005	133.033650005	133.154550005	133.275450006	133.396350006	133.517250006	-1.35851166874e-06	-1.45048671156e-06	-1.5748059757e-06	-1.79750779721e-06	-2.03487615354e-06	-2.36815241356e-06	-2.73007248932e-06	-3.17733029956e-06	-3.64543691072e-06	-4.18066582841e-06	-7.60753040512e-07	-1.02828175219e-06	-1.84203325876e-06	-1.96334454722e-06	-2.75662745433e-06	-2.99354900652e-06	-3.69940288814e-06	-3.8718495454e-06	-4.42703818375e-06	-4.52629400267e-06	165.328328278	166.452903052	167.577477826	168.7020526	169.826627374	170.951202148	172.075776922	173.200351696	174.32492647	175.449501245	-4.50426923302	-4.75098852379	-4.99770781455	-5.24442710532	-5.49114639609	-5.73786568685	-5.98458497762	-6.23130426839	-6.47802355915	-6.72474284992	1.78676372666	1.78676372666	1.78676372666	1.78676372666	1.78676372666	1.78676372666	1.78676372666	1.78676372666	1.78676372666	1.78676372666	
6.98333333333	132.429150004	132.550050004	132.670950004	132.791850005	132.912750005	133.033650005	133.154550005	133.275450006	133.396350006	133.517250006	-1.35851166874e-06	-1.45048671156e-06	-1.5748059757e-06	-1.79750779721e-06	-2.03487615354e-06	-2.36815241356e-06	-2.73007248932e-06	-3.17733029956e-06	-3.64543691072e-06	-4.18066582841e-06	-7.60753040512e-07	-1.02828175219e-06	-1.84203325876e-06	-1.96334454722e-06	-2.75662745433e-06	-2.99354900652e-06	-3.69940288814e-06	-3.8718495454e-06	-4.42703818375e-06	-4.52629400267e-06	165.328328278	166.452903052	167.577477826	168.7020526	169.826627374	170.951202148	172.075776922	173.200351696	174.32492647	175.449501245	-4.50426923302	-4.75098852379	-4.99770781455	-5.24442710532	-5.49114639609	-5.73786568685	-5.98458497762	-6.23130426839	-6.47802355915	-6.72474284992	1.78676372666	1.78676372666	1.78676372666	1.78676372666	1.78676372666	1.78676372666	1.78676372666	1.78676372666	1.78676372666	1.78676372666	
7.0	132.429150004	132.550050004	132.670950004	132.791850005	132.912750005	133.033650005	133.154550005	133.275450006	133.396350006	133.517250006	-1.35851166874e-06	-1.45048671156e-06	-1.5748059757e-06	-1.79750779721e-06	-2.03487615354e-06	-2.36815241356e-06	-2.73007248932e-06	-3.17733029956e-06	-3.64543691072e-06	-4.18066582841e-06	-7.60753040512e-07	-1.02828175219e-06	-1.84203325876e-06	-1.96334454722e-06	-2.75662745433e-06	-2.99354900652e-06	-3.69940288814e-06	-3.8718495454e-06	-4.42703818375e-06	-4.52629400267e-06	165.328328278	166.452903052	167.577477826	168.7020526	169.826627374	170.951202148	172.075776922	173.200351696	174.32492647	175.449501245	-4.50426923302	-4.75098852379	-4.99770781455	-5.24442710532	-5.49114639609	-5.73786568685	-5.98458497762	-6.23130426839	-6.47802355915	-6.72474284992	1.78676372666	1.78676372666	1.78676372666	1.78676372666	1.78676372666	1.78676372666	1.78676372666	1.78676372666	1.78676372666	1.78676372666	
7.01666666667	132.429150004	132.550050004	132.670950004	132.791850005	132.912750005	133.033650005	133.154550005	133.275450006	133.396350006	133.517250006	-1.35851166874e-06	-1.45048671156e-06	-1.5748059757e-06	-1.79750779721e-06	-2.03487615354e-06	-2.36815241356e-06	-2.73007248932e-06	-3.17733029956e-06	-3.64543691072e-06	-4.18066582841e-06	-7.60753040512e-07	-1.02828175219e-06	-1.84203325876e-06	-1.96334454722e-06	-2.75662745433e-06	-2.99354900652e-06	-3.69940288814e-06	-3.8718495454e-06	-4.42703818375e-06	-4.52629400267e-06	165.328328278	166.452903052	167.577477826	168.7020526	169.826627374	170.951202148	172.075776922	173.200351696	174.32492647	175.449501245	-4.50426923302	-4.75098852379	-4.99770781455	-5.24442710532	-5.49114639609	-5.73786568685	-5.98458497762	-6.23130426839	-6.47802355915	-6.72474284992	1.78676372666	1.78676372666	1.78676372666	1.78676372666	1.78676372666	1.78676372666	1.78676372666	1.78676372666	1.78676372666	1.78676372666	
7.03333333333	132.429150004	132.550050004	132.670950004	132.791850005	132.912750005	133.033650005	133.154550005	133.275450006	133.396350006	133.517250006	-1.35851166874e-06	-1.45048671156e-06	-1.5748059757e-06	-1.79750779721e-06	-2.03487615354e-06	-2.36815241356e-06	-2.73007248932e-06	-3.17733029956e-06	-3.64543691072e-06	-4.18066582841e-06	-7.60753040512e-07	-1.02828175219e-06	-1.84203325876e-06	-1.96334454722e-06	-2.75662745433e-06	-2.99354900652e-06	-3.69940288814e-06	-3.8718495454e-06	-4.42703818375e-06	-4.52629400267e-06	165.328328278	166.452903052	167.577477826	168.7020526	169.826627374	170.951202148	172.075776922	173.200351696	174.32492647	175.449501245	-4.50426923302	-4.75098852379	-4.99770781455	-5.24442710532	-5.49114639609	-5.73786568685	-5.98458497762	-6.23130426839	-6.47802355915	-6.72474284992	1.78676372666	1.78676372666	1.78676372666	1.78676372666	1.78676372666	1.78676372666	1.78676372666	1.78676372666	1.78676372666	1.78676372666	
7.05	132.429150004	132.550050004	132.670950004	132.791850005	132.912750005	133.033650005	133.154550005	133.275450006	133.396350006	133.517250006	-1.35851166874e-06	-1.45048671156e-06	-1.5748059757e-06	-1.79750779721e-06	-2.03487615354e-06	-2.36815241356e-06	-2.73007248932e-06	-3.17733029956e-06	-3.64543691072e-06	-4.18066582841e-06	-7.60753040512e-07	-1.02828175219e-06	-1.84203325876e-06	-1.96334454722e-06	-2.75662745433e-06	-2.99354900652e-06	-3.69940288814e-06	-3.8718495454e-06	-4.42703818375e-06	-4.52629400267e-06	165.328328278	166.452903052	167.577477826	168.7020526	169.826627374	170.951202148	172.075776922	173.200351696	174.32492647	175.449501245	-4.50426923302	-4.75098852379	-4.99770781455	-5.24442710532	-5.49114639609	-5.73786568685	-5.98458497762	-6.23130426839	-6.47802355915	-6.72474284992	1.78676372666	1.78676372666	1.78676372666	1.78676372666	1.78676372666	1.78676372666	1.78676372666	1.78676372666	1.78676372666	1.78676372666	
7.06666666667	132.429150004	132.550050004	132.670950004	132.791850005	132.912750005	133.033650005	133.154550005	133.275450006	133.396350006	133.517250006	-1.35851166874e-06	-1.45048671156e-06	-1.5748059757e-06	-1.79750779721e-06	-2.03487615354e-06	-2.36815241356e-06	-2.73007248932e-06	-3.17733029956e-06	-3.64543691072e-06	-4.18066582841e-06	-7.60753040512e-07	-1.02828175219e-06	-1.84203325876e-06	-1.96334454722e-06	-2.75662745433e-06	-2.99354900652e-06	-3.69940288814e-06	-3.8718495454e-06	-4.42703818375e-06	-4.52629400267e-06	165.328328278	166.452903052	167.577477826	168.7020526	169.826627374	170.951202148	172.075776922	173.200351696	174.32492647	175.449501245	-4.50426923302	-4.75098852379	-4.99770781455	-5.24442710532	-5.49114639609	-5.73786568685	-5.98458497762	-6.23130426839	-6.47802355915	-6.72474284992	1.78676372666	1.78676372666	1.78676372666	1.78676372666	1.78676372666	1.78676372666	1.78676372666	1.78676372666	1.78676372666	1.78676372666	
7.08333333333	132.429150004	132.550050004	132.670950004	132.791850005	132.912750005	133.033650005	133.154550005	133.275450006	133.396350006	133.517250006	-1.35851166874e-06	-1.45048671156e-06	-1.5748059757e-06	-1.79750779721e-06	-2.03487615354e-06	-2.36815241356e-06	-2.73007248932e-06	-3.17733029956e-06	-3.64543691072e-06	-4.18066582841e-06	-7.60753040512e-07	-1.02828175219e-06	-1.84203325876e-06	-1.96334454722e-06	-2.75662745433e-06	-2.99354900652e-06	-3.69940288814e-06	-3.8718495454e-06	-4.42703818375e-06	-4.52629400267e-06	165.328328278	166.452903052	167.577477826	168.7020526	169.826627374	170.951202148	172.075776922	173.200351696	174.32492647	175.449501245	-4.50426923302	-4.75098852379	-4.99770781455	-5.24442710532	-5.49114639609	-5.73786568685	-5.98458497762	-6.23130426839	-6.47802355915	-6.72474284992	1.78676372666	1.78676372666	1.78676372666	1.78676372666	1.78676372666	1.78676372666	1.78676372666	1.78676372666	1.78676372666	1.78676372666	
7.1	132.429150004	132.550050004	132.670950004	132.791850005	132.912750005	133.033650005	133.154550005	133.275450006	133.396350006	133.517250006	-1.35851166874e-06	-1.45048671156e-06	-1.5748059757e-06	-1.79750779721e-06	-2.03487615354e-06	-2.36815241356e-06	-2.73007248932e-06	-3.17733029956e-06	-3.64543691072e-06	-4.18066582841e-06	-7.60753040512e-07	-1.02828175219e-06	-1.84203325876e-06	-1.96334454722e-06	-2.75662745433e-06	-2.99354900652e-06	-3.69940288814e-06	-3.8718495454e-06	-4.42703818375e-06	-4.52629400267e-06	165.328328278	166.452903052	167.577477826	168.7020526	169.826627374	170.951202148	172.075776922	173.200351696	174.32492647	175.449501245	-4.50426923302	-4.75098852379	-4.99770781455	-5.24442710532	-5.49114639609	-5.73786568685	-5.98458497762	-6.23130426839	-6.47802355915	-6.72474284992	1.78676372666	1.78676372666	1.78676372666	1.78676372666	1.78676372666	1.78676372666	1.78676372666	1.78676372666	1.78676372666	1.78676372666	
7.11666666667	132.429150004	132.550050004	132.670950004	132.791850005	132.912750005	133.033650005	133.154550005	133.275450006	133.396350006	133.517250006	-1.35851166874e-06	-1.45048671156e-06	-1.5748059757e-06	-1.79750779721e-06	-2.03487615354e-06	-2.36815241356e-06	-2.73007248932e-06	-3.17733029956e-06	-3.64543691072e-06	-4.18066582841e-06	-7.60753040512e-07	-1.02828175219e-06	-1.84203325876e-06	-1.96334454722e-06	-2.75662745433e-06	-2.99354900652e-06	-3.69940288814e-06	-3.8718495454e-06	-4.42703818375e-06	-4.52629400267e-06	165.328328278	166.452903052	167.577477826	168.7020526	169.826627374	170.951202148	172.075776922	173.200351696	174.32492647	175.449501245	-4.50426923302	-4.75098852379	-4.99770781455	-5.24442710532	-5.49114639609	-5.73786568685	-5.98458497762	-6.23130426839	-6.47802355915	-6.72474284992	1.78676372666	1.78676372666	1.78676372666	1.78676372666	1.78676372666	1.78676372666	1.78676372666	1.78676372666	1.78676372666	1.78676372666	
7.13333333333	132.429150004	132.550050004	132.670950004	132.791850005	132.912750005	133.033650005	133.154550005	133.275450006	133.396350006	133.517250006	-1.35851166874e-06	-1.45048671156e-06	-1.5748059757e-06	-1.79750779721e-06	-2.03487615354e-06	-2.36815241356e-06	-2.73007248932e-06	-3.17733029956e-06	-3.64543691072e-06	-4.18066582841e-06	-7.60753040512e-07	-1.02828175219e-06	-1.84203325876e-06	-1.96334454722e-06	-2.75662745433e-06	-2.99354900652e-06	-3.69940288814e-06	-3.8718495454e-06	-4.42703818375e-06	-4.52629400267e-06	165.328328278	166.452903052	167.577477826	168.7020526	169.826627374	170.951202148	172.075776922	173.200351696	174.32492647	175.449501245	-4.50426923302	-4.75098852379	-4.99770781455	-5.24442710532	-5.49114639609	-5.73786568685	-5.98458497762	-6.23130426839	-6.47802355915	-6.72474284992	1.78676372666	1.78676372666	1.78676372666	1.78676372666	1.78676372666	1.78676372666	1.78676372666	1.78676372666	1.78676372666	1.78676372666	
7.15	132.429150004	132.550050004	132.670950004	132.791850005	132.912750005	133.033650005	133.154550005	133.275450006	133.396350006	133.517250006	-1.35851166874e-06	-1.45048671156e-06	-1.5748059757e-06	-1.79750779721e-06	-2.03487615354e-06	-2.36815241356e-06	-2.73007248932e-06	-3.17733029956e-06	-3.64543691072e-06	-4.18066582841e-06	-7.60753040512e-07	-1.02828175219e-06	-1.84203325876e-06	-1.96334454722e-06	-2.75662745433e-06	-2.99354900652e-06	-3.69940288814e-06	-3.8718495454e-06	-4.42703818375e-06	-4.52629400267e-06	165.328328278	166.452903052	167.577477826	168.7020526	169.826627374	170.951202148	172.075776922	173.200351696	174.32492647	175.449501245	-4.50426923302	-4.75098852379	-4.99770781455	-5.24442710532	-5.49114639609	-5.73786568685	-5.98458497762	-6.23130426839	-6.47802355915	-6.72474284992	1.78676372666	1.78676372666	1.78676372666	1.78676372666	1.78676372666	1.78676372666	1.78676372666	1.78676372666	1.78676372666	1.78676372666	
7.16666666667	132.429150004	132.550050004	132.670950004	132.791850005	132.912750005	133.033650005	133.154550005	133.275450006	133.396350006	133.517250006	-1.35851166874e-06	-1.45048671156e-06	-1.5748059757e-06	-1.79750779721e-06	-2.03487615354e-06	-2.36815241356e-06	-2.73007248932e-06	-3.17733029956e-06	-3.64543691072e-06	-4.18066582841e-06	-7.60753040512e-07	-1.02828175219e-06	-1.84203325876e-06	-1.96334454722e-06	-2.75662745433e-06	-2.99354900652e-06	-3.69940288814e-06	-3.8718495454e-06	-4.42703818375e-06	-4.52629400267e-06	165.328328278	166.452903052	167.577477826	168.7020526	169.826627374	170.951202148	172.075776922	173.200351696	174.32492647	175.449501245	-4.50426923302	-4.75098852379	-4.99770781455	-5.24442710532	-5.49114639609	-5.73786568685	-5.98458497762	-6.23130426839	-6.47802355915	-6.72474284992	1.78676372666	1.78676372666	1.78676372666	1.78676372666	1.78676372666	1.78676372666	1.78676372666	1.78676372666	1.78676372666	1.78676372666	
7.18333333333	132.429150004	132.550050004	132.670950004	132.791850005	132.912750005	133.033650005	133.154550005	133.275450006	133.396350006	133.517250006	-1.35851166874e-06	-1.45048671156e-06	-1.5748059757e-06	-1.79750779721e-06	-2.03487615354e-06	-2.36815241356e-06	-2.73007248932e-06	-3.17733029956e-06	-3.64543691072e-06	-4.18066582841e-06	-7.60753040512e-07	-1.02828175219e-06	-1.84203325876e-06	-1.96334454722e-06	-2.75662745433e-06	-2.99354900652e-06	-3.69940288814e-06	-3.8718495454e-06	-4.42703818375e-06	-4.52629400267e-06	165.328328278	166.452903052	167.577477826	168.7020526	169.826627374	170.951202148	172.075776922	173.200351696	174.32492647	175.449501245	-4.50426923302	-4.75098852379	-4.99770781455	-5.24442710532	-5.49114639609	-5.73786568685	-5.98458497762	-6.23130426839	-6.47802355915	-6.72474284992	1.78676372666	1.78676372666	1.78676372666	1.78676372666	1.78676372666	1.78676372666	1.78676372666	1.78676372666	1.78676372666	1.78676372666	
7.2	132.429150004	132.550050004	132.670950004	132.791850005	132.912750005	133.033650005	133.154550005	133.275450006	133.396350006	133.517250006	-1.35851166874e-06	-1.45048671156e-06	-1.5748059757e-06	-1.79750779721e-06	-2.03487615354e-06	-2.36815241356e-06	-2.73007248932e-06	-3.17733029956e-06	-3.64543691072e-06	-4.18066582841e-06	-7.60753040512e-07	-1.02828175219e-06	-1.84203325876e-06	-1.96334454722e-06	-2.75662745433e-06	-2.99354900652e-06	-3.69940288814e-06	-3.8718495454e-06	-4.42703818375e-06	-4.52629400267e-06	165.328328278	166.452903052	167.577477826	168.7020526	169.826627374	170.951202148	172.075776922	173.200351696	174.32492647	175.449501245	-4.50426923302	-4.75098852379	-4.99770781455	-5.24442710532	-5.49114639609	-5.73786568685	-5.98458497762	-6.23130426839	-6.47802355915	-6.72474284992	1.78676372666	1.78676372666	1.78676372666	1.78676372666	1.78676372666	1.78676372666	1.78676372666	1.78676372666	1.78676372666	1.78676372666	
7.21666666667	132.429150004	132.550050004	132.670950004	132.791850005	132.912750005	133.033650005	133.154550005	133.275450006	133.396350006	133.517250006	-1.35851166874e-06	-1.45048671156e-06	-1.5748059757e-06	-1.79750779721e-06	-2.03487615354e-06	-2.36815241356e-06	-2.73007248932e-06	-3.17733029956e-06	-3.64543691072e-06	-4.18066582841e-06	-7.60753040512e-07	-1.02828175219e-06	-1.84203325876e-06	-1.96334454722e-06	-2.75662745433e-06	-2.99354900652e-06	-3.69940288814e-06	-3.8718495454e-06	-4.42703818375e-06	-4.52629400267e-06	165.328328278	166.452903052	167.577477826	168.7020526	169.826627374	170.951202148	172.075776922	173.200351696	174.32492647	175.449501245	-4.50426923302	-4.75098852379	-4.99770781455	-5.24442710532	-5.49114639609	-5.73786568685	-5.98458497762	-6.23130426839	-6.47802355915	-6.72474284992	1.78676372666	1.78676372666	1.78676372666	1.78676372666	1.78676372666	1.78676372666	1.78676372666	1.78676372666	1.78676372666	1.78676372666	
7.23333333333	132.429150004	132.550050004	132.670950004	132.791850005	132.912750005	133.033650005	133.154550005	133.275450006	133.396350006	133.517250006	-1.35851166874e-06	-1.45048671156e-06	-1.5748059757e-06	-1.79750779721e-06	-2.03487615354e-06	-2.36815241356e-06	-2.73007248932e-06	-3.17733029956e-06	-3.64543691072e-06	-4.18066582841e-06	-7.60753040512e-07	-1.02828175219e-06	-1.84203325876e-06	-1.96334454722e-06	-2.75662745433e-06	-2.99354900652e-06	-3.69940288814e-06	-3.8718495454e-06	-4.42703818375e-06	-4.52629400267e-06	165.328328278	166.452903052	167.577477826	168.7020526	169.826627374	170.951202148	172.075776922	173.200351696	174.32492647	175.449501245	-4.50426923302	-4.75098852379	-4.99770781455	-5.24442710532	-5.49114639609	-5.73786568685	-5.98458497762	-6.23130426839	-6.47802355915	-6.72474284992	1.78676372666	1.78676372666	1.78676372666	1.78676372666	1.78676372666	1.78676372666	1.78676372666	1.78676372666	1.78676372666	1.78676372666	
7.25	132.429150004	132.550050004	132.670950004	132.791850005	132.912750005	133.033650005	133.154550005	133.275450006	133.396350006	133.517250006	-1.35851166874e-06	-1.45048671156e-06	-1.5748059757e-06	-1.79750779721e-06	-2.03487615354e-06	-2.36815241356e-06	-2.73007248932e-06	-3.17733029956e-06	-3.64543691072e-06	-4.18066582841e-06	-7.60753040512e-07	-1.02828175219e-06	-1.84203325876e-06	-1.96334454722e-06	-2.75662745433e-06	-2.99354900652e-06	-3.69940288814e-06	-3.8718495454e-06	-4.42703818375e-06	-4.52629400267e-06	165.328328278	166.452903052	167.577477826	168.7020526	169.826627374	170.951202148	172.075776922	173.200351696	174.32492647	175.449501245	-4.50426923302	-4.75098852379	-4.99770781455	-5.24442710532	-5.49114639609	-5.73786568685	-5.98458497762	-6.23130426839	-6.47802355915	-6.72474284992	1.78676372666	1.78676372666	1.78676372666	1.78676372666	1.78676372666	1.78676372666	1.78676372666	1.78676372666	1.78676372666	1.78676372666	
7.26666666667	132.429150004	132.550050004	132.670950004	132.791850005	132.912750005	133.033650005	133.154550005	133.275450006	133.396350006	133.517250006	-1.35851166874e-06	-1.45048671156e-06	-1.5748059757e-06	-1.79750779721e-06	-2.03487615354e-06	-2.36815241356e-06	-2.73007248932e-06	-3.17733029956e-06	-3.64543691072e-06	-4.18066582841e-06	-7.60753040512e-07	-1.02828175219e-06	-1.84203325876e-06	-1.96334454722e-06	-2.75662745433e-06	-2.99354900652e-06	-3.69940288814e-06	-3.8718495454e-06	-4.42703818375e-06	-4.52629400267e-06	165.328328278	166.452903052	167.577477826	168.7020526	169.826627374	170.951202148	172.075776922	173.200351696	174.32492647	175.449501245	-4.50426923302	-4.75098852379	-4.99770781455	-5.24442710532	-5.49114639609	-5.73786568685	-5.98458497762	-6.23130426839	-6.47802355915	-6.72474284992	1.78676372666	1.78676372666	1.78676372666	1.78676372666	1.78676372666	1.78676372666	1.78676372666	1.78676372666	1.78676372666	1.78676372666	
7.28333333333	132.429150004	132.550050004	132.670950004	132.791850005	132.912750005	133.033650005	133.154550005	133.275450006	133.396350006	133.517250006	-1.35851166874e-06	-1.45048671156e-06	-1.5748059757e-06	-1.79750779721e-06	-2.03487615354e-06	-2.36815241356e-06	-2.73007248932e-06	-3.17733029956e-06	-3.64543691072e-06	-4.18066582841e-06	-7.60753040512e-07	-1.02828175219e-06	-1.84203325876e-06	-1.96334454722e-06	-2.75662745433e-06	-2.99354900652e-06	-3.69940288814e-06	-3.8718495454e-06	-4.42703818375e-06	-4.52629400267e-06	165.328328278	166.452903052	167.577477826	168.7020526	169.826627374	170.951202148	172.075776922	173.200351696	174.32492647	175.449501245	-4.50426923302	-4.75098852379	-4.99770781455	-5.24442710532	-5.49114639609	-5.73786568685	-5.98458497762	-6.23130426839	-6.47802355915	-6.72474284992	1.78676372666	1.78676372666	1.78676372666	1.78676372666	1.78676372666	1.78676372666	1.78676372666	1.78676372666	1.78676372666	1.78676372666	
7.3	132.429150004	132.550050004	132.670950004	132.791850005	132.912750005	133.033650005	133.154550005	133.275450006	133.396350006	133.517250006	-1.35851166874e-06	-1.45048671156e-06	-1.5748059757e-06	-1.79750779721e-06	-2.03487615354e-06	-2.36815241356e-06	-2.73007248932e-06	-3.17733029956e-06	-3.64543691072e-06	-4.18066582841e-06	-7.60753040512e-07	-1.02828175219e-06	-1.84203325876e-06	-1.96334454722e-06	-2.75662745433e-06	-2.99354900652e-06	-3.69940288814e-06	-3.8718495454e-06	-4.42703818375e-06	-4.52629400267e-06	165.328328278	166.452903052	167.577477826	168.7020526	169.826627374	170.951202148	172.075776922	173.200351696	174.32492647	175.449501245	-4.50426923302	-4.75098852379	-4.99770781455	-5.24442710532	-5.49114639609	-5.73786568685	-5.98458497762	-6.23130426839	-6.47802355915	-6.72474284992	1.78676372666	1.78676372666	1.78676372666	1.78676372666	1.78676372666	1.78676372666	1.78676372666	1.78676372666	1.78676372666	1.78676372666	
7.31666666667	132.429150004	132.550050004	132.670950004	132.791850005	132.912750005	133.033650005	133.154550005	133.275450006	133.396350006	133.517250006	-1.35851166874e-06	-1.45048671156e-06	-1.5748059757e-06	-1.79750779721e-06	-2.03487615354e-06	-2.36815241356e-06	-2.73007248932e-06	-3.17733029956e-06	-3.64543691072e-06	-4.18066582841e-06	-7.60753040512e-07	-1.02828175219e-06	-1.84203325876e-06	-1.96334454722e-06	-2.75662745433e-06	-2.99354900652e-06	-3.69940288814e-06	-3.8718495454e-06	-4.42703818375e-06	-4.52629400267e-06	165.328328278	166.452903052	167.577477826	168.7020526	169.826627374	170.951202148	172.075776922	173.200351696	174.32492647	175.449501245	-4.50426923302	-4.75098852379	-4.99770781455	-5.24442710532	-5.49114639609	-5.73786568685	-5.98458497762	-6.23130426839	-6.47802355915	-6.72474284992	1.78676372666	1.78676372666	1.78676372666	1.78676372666	1.78676372666	1.78676372666	1.78676372666	1.78676372666	1.78676372666	1.78676372666	
7.33333333333	132.429150004	132.550050004	132.670950004	132.791850005	132.912750005	133.033650005	133.154550005	133.275450006	133.396350006	133.517250006	-1.35851166874e-06	-1.45048671156e-06	-1.5748059757e-06	-1.79750779721e-06	-2.03487615354e-06	-2.36815241356e-06	-2.73007248932e-06	-3.17733029956e-06	-3.64543691072e-06	-4.18066582841e-06	-7.60753040512e-07	-1.02828175219e-06	-1.84203325876e-06	-1.96334454722e-06	-2.75662745433e-06	-2.99354900652e-06	-3.69940288814e-06	-3.8718495454e-06	-4.42703818375e-06	-4.52629400267e-06	165.328328278	166.452903052	167.577477826	168.7020526	169.826627374	170.951202148	172.075776922	173.200351696	174.32492647	175.449501245	-4.50426923302	-4.75098852379	-4.99770781455	-5.24442710532	-5.49114639609	-5.73786568685	-5.98458497762	-6.23130426839	-6.47802355915	-6.72474284992	1.78676372666	1.78676372666	1.78676372666	1.78676372666	1.78676372666	1.78676372666	1.78676372666	1.78676372666	1.78676372666	1.78676372666	
7.35	132.429150004	132.550050004	132.670950004	132.791850005	132.912750005	133.033650005	133.154550005	133.275450006	133.396350006	133.517250006	-1.35851166874e-06	-1.45048671156e-06	-1.5748059757e-06	-1.79750779721e-06	-2.03487615354e-06	-2.36815241356e-06	-2.73007248932e-06	-3.17733029956e-06	-3.64543691072e-06	-4.18066582841e-06	-7.60753040512e-07	-1.02828175219e-06	-1.84203325876e-06	-1.96334454722e-06	-2.75662745433e-06	-2.99354900652e-06	-3.69940288814e-06	-3.8718495454e-06	-4.42703818375e-06	-4.52629400267e-06	165.328328278	166.452903052	167.577477826	168.7020526	169.826627374	170.951202148	172.075776922	173.200351696	174.32492647	175.449501245	-4.50426923302	-4.75098852379	-4.99770781455	-5.24442710532	-5.49114639609	-5.73786568685	-5.98458497762	-6.23130426839	-6.47802355915	-6.72474284992	1.78676372666	1.78676372666	1.78676372666	1.78676372666	1.78676372666	1.78676372666	1.78676372666	1.78676372666	1.78676372666	1.78676372666	
7.36666666667	132.429150004	132.550050004	132.670950004	132.791850005	132.912750005	133.033650005	133.154550005	133.275450006	133.396350006	133.517250006	-1.35851166874e-06	-1.45048671156e-06	-1.5748059757e-06	-1.79750779721e-06	-2.03487615354e-06	-2.36815241356e-06	-2.73007248932e-06	-3.17733029956e-06	-3.64543691072e-06	-4.18066582841e-06	-7.60753040512e-07	-1.02828175219e-06	-1.84203325876e-06	-1.96334454722e-06	-2.75662745433e-06	-2.99354900652e-06	-3.69940288814e-06	-3.8718495454e-06	-4.42703818375e-06	-4.52629400267e-06	165.328328278	166.452903052	167.577477826	168.7020526	169.826627374	170.951202148	172.075776922	173.200351696	174.32492647	175.449501245	-4.50426923302	-4.75098852379	-4.99770781455	-5.24442710532	-5.49114639609	-5.73786568685	-5.98458497762	-6.23130426839	-6.47802355915	-6.72474284992	1.78676372666	1.78676372666	1.78676372666	1.78676372666	1.78676372666	1.78676372666	1.78676372666	1.78676372666	1.78676372666	1.78676372666	
7.38333333333	132.429150004	132.550050004	132.670950004	132.791850005	132.912750005	133.033650005	133.154550005	133.275450006	133.396350006	133.517250006	-1.35851166874e-06	-1.45048671156e-06	-1.5748059757e-06	-1.79750779721e-06	-2.03487615354e-06	-2.36815241356e-06	-2.73007248932e-06	-3.17733029956e-06	-3.64543691072e-06	-4.18066582841e-06	-7.60753040512e-07	-1.02828175219e-06	-1.84203325876e-06	-1.96334454722e-06	-2.75662745433e-06	-2.99354900652e-06	-3.69940288814e-06	-3.8718495454e-06	-4.42703818375e-06	-4.52629400267e-06	165.328328278	166.452903052	167.577477826	168.7020526	169.826627374	170.951202148	172.075776922	173.200351696	174.32492647	175.449501245	-4.50426923302	-4.75098852379	-4.99770781455	-5.24442710532	-5.49114639609	-5.73786568685	-5.98458497762	-6.23130426839	-6.47802355915	-6.72474284992	1.78676372666	1.78676372666	1.78676372666	1.78676372666	1.78676372666	1.78676372666	1.78676372666	1.78676372666	1.78676372666	1.78676372666	
7.4	132.429150004	132.550050004	132.670950004	132.791850005	132.912750005	133.033650005	133.154550005	133.275450006	133.396350006	133.517250006	-1.35851166874e-06	-1.45048671156e-06	-1.5748059757e-06	-1.79750779721e-06	-2.03487615354e-06	-2.36815241356e-06	-2.73007248932e-06	-3.17733029956e-06	-3.64543691072e-06	-4.18066582841e-06	-7.60753040512e-07	-1.02828175219e-06	-1.84203325876e-06	-1.96334454722e-06	-2.75662745433e-06	-2.99354900652e-06	-3.69940288814e-06	-3.8718495454e-06	-4.42703818375e-06	-4.52629400267e-06	165.328328278	166.452903052	167.577477826	168.7020526	169.826627374	170.951202148	172.075776922	173.200351696	174.32492647	175.449501245	-4.50426923302	-4.75098852379	-4.99770781455	-5.24442710532	-5.49114639609	-5.73786568685	-5.98458497762	-6.23130426839	-6.47802355915	-6.72474284992	1.78676372666	1.78676372666	1.78676372666	1.78676372666	1.78676372666	1.78676372666	1.78676372666	1.78676372666	1.78676372666	1.78676372666	
7.41666666667	132.429150004	132.550050004	132.670950004	132.791850005	132.912750005	133.033650005	133.154550005	133.275450006	133.396350006	133.517250006	-1.35851166874e-06	-1.45048671156e-06	-1.5748059757e-06	-1.79750779721e-06	-2.03487615354e-06	-2.36815241356e-06	-2.73007248932e-06	-3.17733029956e-06	-3.64543691072e-06	-4.18066582841e-06	-7.60753040512e-07	-1.02828175219e-06	-1.84203325876e-06	-1.96334454722e-06	-2.75662745433e-06	-2.99354900652e-06	-3.69940288814e-06	-3.8718495454e-06	-4.42703818375e-06	-4.52629400267e-06	165.328328278	166.452903052	167.577477826	168.7020526	169.826627374	170.951202148	172.075776922	173.200351696	174.32492647	175.449501245	-4.50426923302	-4.75098852379	-4.99770781455	-5.24442710532	-5.49114639609	-5.73786568685	-5.98458497762	-6.23130426839	-6.47802355915	-6.72474284992	1.78676372666	1.78676372666	1.78676372666	1.78676372666	1.78676372666	1.78676372666	1.78676372666	1.78676372666	1.78676372666	1.78676372666	
7.43333333333	132.429150004	132.550050004	132.670950004	132.791850005	132.912750005	133.033650005	133.154550005	133.275450006	133.396350006	133.517250006	-1.35851166874e-06	-1.45048671156e-06	-1.5748059757e-06	-1.79750779721e-06	-2.03487615354e-06	-2.36815241356e-06	-2.73007248932e-06	-3.17733029956e-06	-3.64543691072e-06	-4.18066582841e-06	-7.60753040512e-07	-1.02828175219e-06	-1.84203325876e-06	-1.96334454722e-06	-2.75662745433e-06	-2.99354900652e-06	-3.69940288814e-06	-3.8718495454e-06	-4.42703818375e-06	-4.52629400267e-06	165.328328278	166.452903052	167.577477826	168.7020526	169.826627374	170.951202148	172.075776922	173.200351696	174.32492647	175.449501245	-4.50426923302	-4.75098852379	-4.99770781455	-5.24442710532	-5.49114639609	-5.73786568685	-5.98458497762	-6.23130426839	-6.47802355915	-6.72474284992	1.78676372666	1.78676372666	1.78676372666	1.78676372666	1.78676372666	1.78676372666	1.78676372666	1.78676372666	1.78676372666	1.78676372666	
7.45	132.429150004	132.550050004	132.670950004	132.791850005	132.912750005	133.033650005	133.154550005	133.275450006	133.396350006	133.517250006	-1.35851166874e-06	-1.45048671156e-06	-1.5748059757e-06	-1.79750779721e-06	-2.03487615354e-06	-2.36815241356e-06	-2.73007248932e-06	-3.17733029956e-06	-3.64543691072e-06	-4.18066582841e-06	-7.60753040512e-07	-1.02828175219e-06	-1.84203325876e-06	-1.96334454722e-06	-2.75662745433e-06	-2.99354900652e-06	-3.69940288814e-06	-3.8718495454e-06	-4.42703818375e-06	-4.52629400267e-06	165.328328278	166.452903052	167.577477826	168.7020526	169.826627374	170.951202148	172.075776922	173.200351696	174.32492647	175.449501245	-4.50426923302	-4.75098852379	-4.99770781455	-5.24442710532	-5.49114639609	-5.73786568685	-5.98458497762	-6.23130426839	-6.47802355915	-6.72474284992	1.78676372666	1.78676372666	1.78676372666	1.78676372666	1.78676372666	1.78676372666	1.78676372666	1.78676372666	1.78676372666	1.78676372666	
7.46666666667	132.429150004	132.550050004	132.670950004	132.791850005	132.912750005	133.033650005	133.154550005	133.275450006	133.396350006	133.517250006	-1.35851166874e-06	-1.45048671156e-06	-1.5748059757e-06	-1.79750779721e-06	-2.03487615354e-06	-2.36815241356e-06	-2.73007248932e-06	-3.17733029956e-06	-3.64543691072e-06	-4.18066582841e-06	-7.60753040512e-07	-1.02828175219e-06	-1.84203325876e-06	-1.96334454722e-06	-2.75662745433e-06	-2.99354900652e-06	-3.69940288814e-06	-3.8718495454e-06	-4.42703818375e-06	-4.52629400267e-06	165.328328278	166.452903052	167.577477826	168.7020526	169.826627374	170.951202148	172.075776922	173.200351696	174.32492647	175.449501245	-4.50426923302	-4.75098852379	-4.99770781455	-5.24442710532	-5.49114639609	-5.73786568685	-5.98458497762	-6.23130426839	-6.47802355915	-6.72474284992	1.78676372666	1.78676372666	1.78676372666	1.78676372666	1.78676372666	1.78676372666	1.78676372666	1.78676372666	1.78676372666	1.78676372666	
7.48333333333	132.429150004	132.550050004	132.670950004	132.791850005	132.912750005	133.033650005	133.154550005	133.275450006	133.396350006	133.517250006	-1.35851166874e-06	-1.45048671156e-06	-1.5748059757e-06	-1.79750779721e-06	-2.03487615354e-06	-2.36815241356e-06	-2.73007248932e-06	-3.17733029956e-06	-3.64543691072e-06	-4.18066582841e-06	-7.60753040512e-07	-1.02828175219e-06	-1.84203325876e-06	-1.96334454722e-06	-2.75662745433e-06	-2.99354900652e-06	-3.69940288814e-06	-3.8718495454e-06	-4.42703818375e-06	-4.52629400267e-06	165.328328278	166.452903052	167.577477826	168.7020526	169.826627374	170.951202148	172.075776922	173.200351696	174.32492647	175.449501245	-4.50426923302	-4.75098852379	-4.99770781455	-5.24442710532	-5.49114639609	-5.73786568685	-5.98458497762	-6.23130426839	-6.47802355915	-6.72474284992	1.78676372666	1.78676372666	1.78676372666	1.78676372666	1.78676372666	1.78676372666	1.78676372666	1.78676372666	1.78676372666	1.78676372666	
7.5	132.429150004	132.550050004	132.670950004	132.791850005	132.912750005	133.033650005	133.154550005	133.275450006	133.396350006	133.517250006	-1.35851166874e-06	-1.45048671156e-06	-1.5748059757e-06	-1.79750779721e-06	-2.03487615354e-06	-2.36815241356e-06	-2.73007248932e-06	-3.17733029956e-06	-3.64543691072e-06	-4.18066582841e-06	-7.60753040512e-07	-1.02828175219e-06	-1.84203325876e-06	-1.96334454722e-06	-2.75662745433e-06	-2.99354900652e-06	-3.69940288814e-06	-3.8718495454e-06	-4.42703818375e-06	-4.52629400267e-06	165.328328278	166.452903052	167.577477826	168.7020526	169.826627374	170.951202148	172.075776922	173.200351696	174.32492647	175.449501245	-4.50426923302	-4.75098852379	-4.99770781455	-5.24442710532	-5.49114639609	-5.73786568685	-5.98458497762	-6.23130426839	-6.47802355915	-6.72474284992	1.78676372666	1.78676372666	1.78676372666	1.78676372666	1.78676372666	1.78676372666	1.78676372666	1.78676372666	1.78676372666	1.78676372666	
7.51666666667	132.429150004	132.550050004	132.670950004	132.791850005	132.912750005	133.033650005	133.154550005	133.275450006	133.396350006	133.517250006	-1.35851166874e-06	-1.45048671156e-06	-1.5748059757e-06	-1.79750779721e-06	-2.03487615354e-06	-2.36815241356e-06	-2.73007248932e-06	-3.17733029956e-06	-3.64543691072e-06	-4.18066582841e-06	-7.60753040512e-07	-1.02828175219e-06	-1.84203325876e-06	-1.96334454722e-06	-2.75662745433e-06	-2.99354900652e-06	-3.69940288814e-06	-3.8718495454e-06	-4.42703818375e-06	-4.52629400267e-06	165.328328278	166.452903052	167.577477826	168.7020526	169.826627374	170.951202148	172.075776922	173.200351696	174.32492647	175.449501245	-4.50426923302	-4.75098852379	-4.99770781455	-5.24442710532	-5.49114639609	-5.73786568685	-5.98458497762	-6.23130426839	-6.47802355915	-6.72474284992	1.78676372666	1.78676372666	1.78676372666	1.78676372666	1.78676372666	1.78676372666	1.78676372666	1.78676372666	1.78676372666	1.78676372666	
7.53333333333	132.429150004	132.550050004	132.670950004	132.791850005	132.912750005	133.033650005	133.154550005	133.275450006	133.396350006	133.517250006	-1.35851166874e-06	-1.45048671156e-06	-1.5748059757e-06	-1.79750779721e-06	-2.03487615354e-06	-2.36815241356e-06	-2.73007248932e-06	-3.17733029956e-06	-3.64543691072e-06	-4.18066582841e-06	-7.60753040512e-07	-1.02828175219e-06	-1.84203325876e-06	-1.96334454722e-06	-2.75662745433e-06	-2.99354900652e-06	-3.69940288814e-06	-3.8718495454e-06	-4.42703818375e-06	-4.52629400267e-06	165.328328278	166.452903052	167.577477826	168.7020526	169.826627374	170.951202148	172.075776922	173.200351696	174.32492647	175.449501245	-4.50426923302	-4.75098852379	-4.99770781455	-5.24442710532	-5.49114639609	-5.73786568685	-5.98458497762	-6.23130426839	-6.47802355915	-6.72474284992	1.78676372666	1.78676372666	1.78676372666	1.78676372666	1.78676372666	1.78676372666	1.78676372666	1.78676372666	1.78676372666	1.78676372666	
7.55	132.429150004	132.550050004	132.670950004	132.791850005	132.912750005	133.033650005	133.154550005	133.275450006	133.396350006	133.517250006	-1.35851166874e-06	-1.45048671156e-06	-1.5748059757e-06	-1.79750779721e-06	-2.03487615354e-06	-2.36815241356e-06	-2.73007248932e-06	-3.17733029956e-06	-3.64543691072e-06	-4.18066582841e-06	-7.60753040512e-07	-1.02828175219e-06	-1.84203325876e-06	-1.96334454722e-06	-2.75662745433e-06	-2.99354900652e-06	-3.69940288814e-06	-3.8718495454e-06	-4.42703818375e-06	-4.52629400267e-06	165.328328278	166.452903052	167.577477826	168.7020526	169.826627374	170.951202148	172.075776922	173.200351696	174.32492647	175.449501245	-4.50426923302	-4.75098852379	-4.99770781455	-5.24442710532	-5.49114639609	-5.73786568685	-5.98458497762	-6.23130426839	-6.47802355915	-6.72474284992	1.78676372666	1.78676372666	1.78676372666	1.78676372666	1.78676372666	1.78676372666	1.78676372666	1.78676372666	1.78676372666	1.78676372666	
7.56666666667	132.429150004	132.550050004	132.670950004	132.791850005	132.912750005	133.033650005	133.154550005	133.275450006	133.396350006	133.517250006	-1.35851166874e-06	-1.45048671156e-06	-1.5748059757e-06	-1.79750779721e-06	-2.03487615354e-06	-2.36815241356e-06	-2.73007248932e-06	-3.17733029956e-06	-3.64543691072e-06	-4.18066582841e-06	-7.60753040512e-07	-1.02828175219e-06	-1.84203325876e-06	-1.96334454722e-06	-2.75662745433e-06	-2.99354900652e-06	-3.69940288814e-06	-3.8718495454e-06	-4.42703818375e-06	-4.52629400267e-06	165.328328278	166.452903052	167.577477826	168.7020526	169.826627374	170.951202148	172.075776922	173.200351696	174.32492647	175.449501245	-4.50426923302	-4.75098852379	-4.99770781455	-5.24442710532	-5.49114639609	-5.73786568685	-5.98458497762	-6.23130426839	-6.47802355915	-6.72474284992	1.78676372666	1.78676372666	1.78676372666	1.78676372666	1.78676372666	1.78676372666	1.78676372666	1.78676372666	1.78676372666	1.78676372666	
7.58333333333	132.429150004	132.550050004	132.670950004	132.791850005	132.912750005	133.033650005	133.154550005	133.275450006	133.396350006	133.517250006	-1.35851166874e-06	-1.45048671156e-06	-1.5748059757e-06	-1.79750779721e-06	-2.03487615354e-06	-2.36815241356e-06	-2.73007248932e-06	-3.17733029956e-06	-3.64543691072e-06	-4.18066582841e-06	-7.60753040512e-07	-1.02828175219e-06	-1.84203325876e-06	-1.96334454722e-06	-2.75662745433e-06	-2.99354900652e-06	-3.69940288814e-06	-3.8718495454e-06	-4.42703818375e-06	-4.52629400267e-06	165.328328278	166.452903052	167.577477826	168.7020526	169.826627374	170.951202148	172.075776922	173.200351696	174.32492647	175.449501245	-4.50426923302	-4.75098852379	-4.99770781455	-5.24442710532	-5.49114639609	-5.73786568685	-5.98458497762	-6.23130426839	-6.47802355915	-6.72474284992	1.78676372666	1.78676372666	1.78676372666	1.78676372666	1.78676372666	1.78676372666	1.78676372666	1.78676372666	1.78676372666	1.78676372666	
7.6	132.429150004	132.550050004	132.670950004	132.791850005	132.912750005	133.033650005	133.154550005	133.275450006	133.396350006	133.517250006	-1.35851166874e-06	-1.45048671156e-06	-1.5748059757e-06	-1.79750779721e-06	-2.03487615354e-06	-2.36815241356e-06	-2.73007248932e-06	-3.17733029956e-06	-3.64543691072e-06	-4.18066582841e-06	-7.60753040512e-07	-1.02828175219e-06	-1.84203325876e-06	-1.96334454722e-06	-2.75662745433e-06	-2.99354900652e-06	-3.69940288814e-06	-3.8718495454e-06	-4.42703818375e-06	-4.52629400267e-06	165.328328278	166.452903052	167.577477826	168.7020526	169.826627374	170.951202148	172.075776922	173.200351696	174.32492647	175.449501245	-4.50426923302	-4.75098852379	-4.99770781455	-5.24442710532	-5.49114639609	-5.73786568685	-5.98458497762	-6.23130426839	-6.47802355915	-6.72474284992	1.78676372666	1.78676372666	1.78676372666	1.78676372666	1.78676372666	1.78676372666	1.78676372666	1.78676372666	1.78676372666	1.78676372666	
7.61666666667	132.429150004	132.550050004	132.670950004	132.791850005	132.912750005	133.033650005	133.154550005	133.275450006	133.396350006	133.517250006	-1.35851166874e-06	-1.45048671156e-06	-1.5748059757e-06	-1.79750779721e-06	-2.03487615354e-06	-2.36815241356e-06	-2.73007248932e-06	-3.17733029956e-06	-3.64543691072e-06	-4.18066582841e-06	-7.60753040512e-07	-1.02828175219e-06	-1.84203325876e-06	-1.96334454722e-06	-2.75662745433e-06	-2.99354900652e-06	-3.69940288814e-06	-3.8718495454e-06	-4.42703818375e-06	-4.52629400267e-06	165.328328278	166.452903052	167.577477826	168.7020526	169.826627374	170.951202148	172.075776922	173.200351696	174.32492647	175.449501245	-4.50426923302	-4.75098852379	-4.99770781455	-5.24442710532	-5.49114639609	-5.73786568685	-5.98458497762	-6.23130426839	-6.47802355915	-6.72474284992	1.78676372666	1.78676372666	1.78676372666	1.78676372666	1.78676372666	1.78676372666	1.78676372666	1.78676372666	1.78676372666	1.78676372666	
7.63333333333	132.429150004	132.550050004	132.670950004	132.791850005	132.912750005	133.033650005	133.154550005	133.275450006	133.396350006	133.517250006	-1.35851166874e-06	-1.45048671156e-06	-1.5748059757e-06	-1.79750779721e-06	-2.03487615354e-06	-2.36815241356e-06	-2.73007248932e-06	-3.17733029956e-06	-3.64543691072e-06	-4.18066582841e-06	-7.60753040512e-07	-1.02828175219e-06	-1.84203325876e-06	-1.96334454722e-06	-2.75662745433e-06	-2.99354900652e-06	-3.69940288814e-06	-3.8718495454e-06	-4.42703818375e-06	-4.52629400267e-06	165.328328278	166.452903052	167.577477826	168.7020526	169.826627374	170.951202148	172.075776922	173.200351696	174.32492647	175.449501245	-4.50426923302	-4.75098852379	-4.99770781455	-5.24442710532	-5.49114639609	-5.73786568685	-5.98458497762	-6.23130426839	-6.47802355915	-6.72474284992	1.78676372666	1.78676372666	1.78676372666	1.78676372666	1.78676372666	1.78676372666	1.78676372666	1.78676372666	1.78676372666	1.78676372666	
7.65	132.429150004	132.550050004	132.670950004	132.791850005	132.912750005	133.033650005	133.154550005	133.275450006	133.396350006	133.517250006	-1.35851166874e-06	-1.45048671156e-06	-1.5748059757e-06	-1.79750779721e-06	-2.03487615354e-06	-2.36815241356e-06	-2.73007248932e-06	-3.17733029956e-06	-3.64543691072e-06	-4.18066582841e-06	-7.60753040512e-07	-1.02828175219e-06	-1.84203325876e-06	-1.96334454722e-06	-2.75662745433e-06	-2.99354900652e-06	-3.69940288814e-06	-3.8718495454e-06	-4.42703818375e-06	-4.52629400267e-06	165.328328278	166.452903052	167.577477826	168.7020526	169.826627374	170.951202148	172.075776922	173.200351696	174.32492647	175.449501245	-4.50426923302	-4.75098852379	-4.99770781455	-5.24442710532	-5.49114639609	-5.73786568685	-5.98458497762	-6.23130426839	-6.47802355915	-6.72474284992	1.78676372666	1.78676372666	1.78676372666	1.78676372666	1.78676372666	1.78676372666	1.78676372666	1.78676372666	1.78676372666	1.78676372666	
7.66666666667	132.429150004	132.550050004	132.670950004	132.791850005	132.912750005	133.033650005	133.154550005	133.275450006	133.396350006	133.517250006	-1.35851166874e-06	-1.45048671156e-06	-1.5748059757e-06	-1.79750779721e-06	-2.03487615354e-06	-2.36815241356e-06	-2.73007248932e-06	-3.17733029956e-06	-3.64543691072e-06	-4.18066582841e-06	-7.60753040512e-07	-1.02828175219e-06	-1.84203325876e-06	-1.96334454722e-06	-2.75662745433e-06	-2.99354900652e-06	-3.69940288814e-06	-3.8718495454e-06	-4.42703818375e-06	-4.52629400267e-06	165.328328278	166.452903052	167.577477826	168.7020526	169.826627374	170.951202148	172.075776922	173.200351696	174.32492647	175.449501245	-4.50426923302	-4.75098852379	-4.99770781455	-5.24442710532	-5.49114639609	-5.73786568685	-5.98458497762	-6.23130426839	-6.47802355915	-6.72474284992	1.78676372666	1.78676372666	1.78676372666	1.78676372666	1.78676372666	1.78676372666	1.78676372666	1.78676372666	1.78676372666	1.78676372666	
7.68333333333	132.429150004	132.550050004	132.670950004	132.791850005	132.912750005	133.033650005	133.154550005	133.275450006	133.396350006	133.517250006	-1.35851166874e-06	-1.45048671156e-06	-1.5748059757e-06	-1.79750779721e-06	-2.03487615354e-06	-2.36815241356e-06	-2.73007248932e-06	-3.17733029956e-06	-3.64543691072e-06	-4.18066582841e-06	-7.60753040512e-07	-1.02828175219e-06	-1.84203325876e-06	-1.96334454722e-06	-2.75662745433e-06	-2.99354900652e-06	-3.69940288814e-06	-3.8718495454e-06	-4.42703818375e-06	-4.52629400267e-06	165.328328278	166.452903052	167.577477826	168.7020526	169.826627374	170.951202148	172.075776922	173.200351696	174.32492647	175.449501245	-4.50426923302	-4.75098852379	-4.99770781455	-5.24442710532	-5.49114639609	-5.73786568685	-5.98458497762	-6.23130426839	-6.47802355915	-6.72474284992	1.78676372666	1.78676372666	1.78676372666	1.78676372666	1.78676372666	1.78676372666	1.78676372666	1.78676372666	1.78676372666	1.78676372666	
7.7	132.429150004	132.550050004	132.670950004	132.791850005	132.912750005	133.033650005	133.154550005	133.275450006	133.396350006	133.517250006	-1.35851166874e-06	-1.45048671156e-06	-1.5748059757e-06	-1.79750779721e-06	-2.03487615354e-06	-2.36815241356e-06	-2.73007248932e-06	-3.17733029956e-06	-3.64543691072e-06	-4.18066582841e-06	-7.60753040512e-07	-1.02828175219e-06	-1.84203325876e-06	-1.96334454722e-06	-2.75662745433e-06	-2.99354900652e-06	-3.69940288814e-06	-3.8718495454e-06	-4.42703818375e-06	-4.52629400267e-06	165.328328278	166.452903052	167.577477826	168.7020526	169.826627374	170.951202148	172.075776922	173.200351696	174.32492647	175.449501245	-4.50426923302	-4.75098852379	-4.99770781455	-5.24442710532	-5.49114639609	-5.73786568685	-5.98458497762	-6.23130426839	-6.47802355915	-6.72474284992	1.78676372666	1.78676372666	1.78676372666	1.78676372666	1.78676372666	1.78676372666	1.78676372666	1.78676372666	1.78676372666	1.78676372666	
7.71666666667	132.429150004	132.550050004	132.670950004	132.791850005	132.912750005	133.033650005	133.154550005	133.275450006	133.396350006	133.517250006	-1.35851166874e-06	-1.45048671156e-06	-1.5748059757e-06	-1.79750779721e-06	-2.03487615354e-06	-2.36815241356e-06	-2.73007248932e-06	-3.17733029956e-06	-3.64543691072e-06	-4.18066582841e-06	-7.60753040512e-07	-1.02828175219e-06	-1.84203325876e-06	-1.96334454722e-06	-2.75662745433e-06	-2.99354900652e-06	-3.69940288814e-06	-3.8718495454e-06	-4.42703818375e-06	-4.52629400267e-06	165.328328278	166.452903052	167.577477826	168.7020526	169.826627374	170.951202148	172.075776922	173.200351696	174.32492647	175.449501245	-4.50426923302	-4.75098852379	-4.99770781455	-5.24442710532	-5.49114639609	-5.73786568685	-5.98458497762	-6.23130426839	-6.47802355915	-6.72474284992	1.78676372666	1.78676372666	1.78676372666	1.78676372666	1.78676372666	1.78676372666	1.78676372666	1.78676372666	1.78676372666	1.78676372666	
7.73333333333	132.429150004	132.550050004	132.670950004	132.791850005	132.912750005	133.033650005	133.154550005	133.275450006	133.396350006	133.517250006	-1.35851166874e-06	-1.45048671156e-06	-1.5748059757e-06	-1.79750779721e-06	-2.03487615354e-06	-2.36815241356e-06	-2.73007248932e-06	-3.17733029956e-06	-3.64543691072e-06	-4.18066582841e-06	-7.60753040512e-07	-1.02828175219e-06	-1.84203325876e-06	-1.96334454722e-06	-2.75662745433e-06	-2.99354900652e-06	-3.69940288814e-06	-3.8718495454e-06	-4.42703818375e-06	-4.52629400267e-06	165.328328278	166.452903052	167.577477826	168.7020526	169.826627374	170.951202148	172.075776922	173.200351696	174.32492647	175.449501245	-4.50426923302	-4.75098852379	-4.99770781455	-5.24442710532	-5.49114639609	-5.73786568685	-5.98458497762	-6.23130426839	-6.47802355915	-6.72474284992	1.78676372666	1.78676372666	1.78676372666	1.78676372666	1.78676372666	1.78676372666	1.78676372666	1.78676372666	1.78676372666	1.78676372666	
7.75	132.429150004	132.550050004	132.670950004	132.791850005	132.912750005	133.033650005	133.154550005	133.275450006	133.396350006	133.517250006	-1.35851166874e-06	-1.45048671156e-06	-1.5748059757e-06	-1.79750779721e-06	-2.03487615354e-06	-2.36815241356e-06	-2.73007248932e-06	-3.17733029956e-06	-3.64543691072e-06	-4.18066582841e-06	-7.60753040512e-07	-1.02828175219e-06	-1.84203325876e-06	-1.96334454722e-06	-2.75662745433e-06	-2.99354900652e-06	-3.69940288814e-06	-3.8718495454e-06	-4.42703818375e-06	-4.52629400267e-06	165.328328278	166.452903052	167.577477826	168.7020526	169.826627374	170.951202148	172.075776922	173.200351696	174.32492647	175.449501245	-4.50426923302	-4.75098852379	-4.99770781455	-5.24442710532	-5.49114639609	-5.73786568685	-5.98458497762	-6.23130426839	-6.47802355915	-6.72474284992	1.78676372666	1.78676372666	1.78676372666	1.78676372666	1.78676372666	1.78676372666	1.78676372666	1.78676372666	1.78676372666	1.78676372666	
7.76666666667	132.429150004	132.550050004	132.670950004	132.791850005	132.912750005	133.033650005	133.154550005	133.275450006	133.396350006	133.517250006	-1.35851166874e-06	-1.45048671156e-06	-1.5748059757e-06	-1.79750779721e-06	-2.03487615354e-06	-2.36815241356e-06	-2.73007248932e-06	-3.17733029956e-06	-3.64543691072e-06	-4.18066582841e-06	-7.60753040512e-07	-1.02828175219e-06	-1.84203325876e-06	-1.96334454722e-06	-2.75662745433e-06	-2.99354900652e-06	-3.69940288814e-06	-3.8718495454e-06	-4.42703818375e-06	-4.52629400267e-06	165.328328278	166.452903052	167.577477826	168.7020526	169.826627374	170.951202148	172.075776922	173.200351696	174.32492647	175.449501245	-4.50426923302	-4.75098852379	-4.99770781455	-5.24442710532	-5.49114639609	-5.73786568685	-5.98458497762	-6.23130426839	-6.47802355915	-6.72474284992	1.78676372666	1.78676372666	1.78676372666	1.78676372666	1.78676372666	1.78676372666	1.78676372666	1.78676372666	1.78676372666	1.78676372666	
7.78333333333	132.429150004	132.550050004	132.670950004	132.791850005	132.912750005	133.033650005	133.154550005	133.275450006	133.396350006	133.517250006	-1.35851166874e-06	-1.45048671156e-06	-1.5748059757e-06	-1.79750779721e-06	-2.03487615354e-06	-2.36815241356e-06	-2.73007248932e-06	-3.17733029956e-06	-3.64543691072e-06	-4.18066582841e-06	-7.60753040512e-07	-1.02828175219e-06	-1.84203325876e-06	-1.96334454722e-06	-2.75662745433e-06	-2.99354900652e-06	-3.69940288814e-06	-3.8718495454e-06	-4.42703818375e-06	-4.52629400267e-06	165.328328278	166.452903052	167.577477826	168.7020526	169.826627374	170.951202148	172.075776922	173.200351696	174.32492647	175.449501245	-4.50426923302	-4.75098852379	-4.99770781455	-5.24442710532	-5.49114639609	-5.73786568685	-5.98458497762	-6.23130426839	-6.47802355915	-6.72474284992	1.78676372666	1.78676372666	1.78676372666	1.78676372666	1.78676372666	1.78676372666	1.78676372666	1.78676372666	1.78676372666	1.78676372666	
7.8	132.429150004	132.550050004	132.670950004	132.791850005	132.912750005	133.033650005	133.154550005	133.275450006	133.396350006	133.517250006	-1.35851166874e-06	-1.45048671156e-06	-1.5748059757e-06	-1.79750779721e-06	-2.03487615354e-06	-2.36815241356e-06	-2.73007248932e-06	-3.17733029956e-06	-3.64543691072e-06	-4.18066582841e-06	-7.60753040512e-07	-1.02828175219e-06	-1.84203325876e-06	-1.96334454722e-06	-2.75662745433e-06	-2.99354900652e-06	-3.69940288814e-06	-3.8718495454e-06	-4.42703818375e-06	-4.52629400267e-06	165.328328278	166.452903052	167.577477826	168.7020526	169.826627374	170.951202148	172.075776922	173.200351696	174.32492647	175.449501245	-4.50426923302	-4.75098852379	-4.99770781455	-5.24442710532	-5.49114639609	-5.73786568685	-5.98458497762	-6.23130426839	-6.47802355915	-6.72474284992	1.78676372666	1.78676372666	1.78676372666	1.78676372666	1.78676372666	1.78676372666	1.78676372666	1.78676372666	1.78676372666	1.78676372666	
7.81666666667	132.429150004	132.550050004	132.670950004	132.791850005	132.912750005	133.033650005	133.154550005	133.275450006	133.396350006	133.517250006	-1.35851166874e-06	-1.45048671156e-06	-1.5748059757e-06	-1.79750779721e-06	-2.03487615354e-06	-2.36815241356e-06	-2.73007248932e-06	-3.17733029956e-06	-3.64543691072e-06	-4.18066582841e-06	-7.60753040512e-07	-1.02828175219e-06	-1.84203325876e-06	-1.96334454722e-06	-2.75662745433e-06	-2.99354900652e-06	-3.69940288814e-06	-3.8718495454e-06	-4.42703818375e-06	-4.52629400267e-06	165.328328278	166.452903052	167.577477826	168.7020526	169.826627374	170.951202148	172.075776922	173.200351696	174.32492647	175.449501245	-4.50426923302	-4.75098852379	-4.99770781455	-5.24442710532	-5.49114639609	-5.73786568685	-5.98458497762	-6.23130426839	-6.47802355915	-6.72474284992	1.78676372666	1.78676372666	1.78676372666	1.78676372666	1.78676372666	1.78676372666	1.78676372666	1.78676372666	1.78676372666	1.78676372666	
7.83333333333	132.429150004	132.550050004	132.670950004	132.791850005	132.912750005	133.033650005	133.154550005	133.275450006	133.396350006	133.517250006	-1.35851166874e-06	-1.45048671156e-06	-1.5748059757e-06	-1.79750779721e-06	-2.03487615354e-06	-2.36815241356e-06	-2.73007248932e-06	-3.17733029956e-06	-3.64543691072e-06	-4.18066582841e-06	-7.60753040512e-07	-1.02828175219e-06	-1.84203325876e-06	-1.96334454722e-06	-2.75662745433e-06	-2.99354900652e-06	-3.69940288814e-06	-3.8718495454e-06	-4.42703818375e-06	-4.52629400267e-06	165.328328278	166.452903052	167.577477826	168.7020526	169.826627374	170.951202148	172.075776922	173.200351696	174.32492647	175.449501245	-4.50426923302	-4.75098852379	-4.99770781455	-5.24442710532	-5.49114639609	-5.73786568685	-5.98458497762	-6.23130426839	-6.47802355915	-6.72474284992	1.78676372666	1.78676372666	1.78676372666	1.78676372666	1.78676372666	1.78676372666	1.78676372666	1.78676372666	1.78676372666	1.78676372666	
7.85	132.429150004	132.550050004	132.670950004	132.791850005	132.912750005	133.033650005	133.154550005	133.275450006	133.396350006	133.517250006	-1.35851166874e-06	-1.45048671156e-06	-1.5748059757e-06	-1.79750779721e-06	-2.03487615354e-06	-2.36815241356e-06	-2.73007248932e-06	-3.17733029956e-06	-3.64543691072e-06	-4.18066582841e-06	-7.60753040512e-07	-1.02828175219e-06	-1.84203325876e-06	-1.96334454722e-06	-2.75662745433e-06	-2.99354900652e-06	-3.69940288814e-06	-3.8718495454e-06	-4.42703818375e-06	-4.52629400267e-06	165.328328278	166.452903052	167.577477826	168.7020526	169.826627374	170.951202148	172.075776922	173.200351696	174.32492647	175.449501245	-4.50426923302	-4.75098852379	-4.99770781455	-5.24442710532	-5.49114639609	-5.73786568685	-5.98458497762	-6.23130426839	-6.47802355915	-6.72474284992	1.78676372666	1.78676372666	1.78676372666	1.78676372666	1.78676372666	1.78676372666	1.78676372666	1.78676372666	1.78676372666	1.78676372666	
7.86666666667	132.429150004	132.550050004	132.670950004	132.791850005	132.912750005	133.033650005	133.154550005	133.275450006	133.396350006	133.517250006	-1.35851166874e-06	-1.45048671156e-06	-1.5748059757e-06	-1.79750779721e-06	-2.03487615354e-06	-2.36815241356e-06	-2.73007248932e-06	-3.17733029956e-06	-3.64543691072e-06	-4.18066582841e-06	-7.60753040512e-07	-1.02828175219e-06	-1.84203325876e-06	-1.96334454722e-06	-2.75662745433e-06	-2.99354900652e-06	-3.69940288814e-06	-3.8718495454e-06	-4.42703818375e-06	-4.52629400267e-06	165.328328278	166.452903052	167.577477826	168.7020526	169.826627374	170.951202148	172.075776922	173.200351696	174.32492647	175.449501245	-4.50426923302	-4.75098852379	-4.99770781455	-5.24442710532	-5.49114639609	-5.73786568685	-5.98458497762	-6.23130426839	-6.47802355915	-6.72474284992	1.78676372666	1.78676372666	1.78676372666	1.78676372666	1.78676372666	1.78676372666	1.78676372666	1.78676372666	1.78676372666	1.78676372666	
7.88333333333	132.429150004	132.550050004	132.670950004	132.791850005	132.912750005	133.033650005	133.154550005	133.275450006	133.396350006	133.517250006	-1.35851166874e-06	-1.45048671156e-06	-1.5748059757e-06	-1.79750779721e-06	-2.03487615354e-06	-2.36815241356e-06	-2.73007248932e-06	-3.17733029956e-06	-3.64543691072e-06	-4.18066582841e-06	-7.60753040512e-07	-1.02828175219e-06	-1.84203325876e-06	-1.96334454722e-06	-2.75662745433e-06	-2.99354900652e-06	-3.69940288814e-06	-3.8718495454e-06	-4.42703818375e-06	-4.52629400267e-06	165.328328278	166.452903052	167.577477826	168.7020526	169.826627374	170.951202148	172.075776922	173.200351696	174.32492647	175.449501245	-4.50426923302	-4.75098852379	-4.99770781455	-5.24442710532	-5.49114639609	-5.73786568685	-5.98458497762	-6.23130426839	-6.47802355915	-6.72474284992	1.78676372666	1.78676372666	1.78676372666	1.78676372666	1.78676372666	1.78676372666	1.78676372666	1.78676372666	1.78676372666	1.78676372666	
7.9	132.429150004	132.550050004	132.670950004	132.791850005	132.912750005	133.033650005	133.154550005	133.275450006	133.396350006	133.517250006	-1.35851166874e-06	-1.45048671156e-06	-1.5748059757e-06	-1.79750779721e-06	-2.03487615354e-06	-2.36815241356e-06	-2.73007248932e-06	-3.17733029956e-06	-3.64543691072e-06	-4.18066582841e-06	-7.60753040512e-07	-1.02828175219e-06	-1.84203325876e-06	-1.96334454722e-06	-2.75662745433e-06	-2.99354900652e-06	-3.69940288814e-06	-3.8718495454e-06	-4.42703818375e-06	-4.52629400267e-06	165.328328278	166.452903052	167.577477826	168.7020526	169.826627374	170.951202148	172.075776922	173.200351696	174.32492647	175.449501245	-4.50426923302	-4.75098852379	-4.99770781455	-5.24442710532	-5.49114639609	-5.73786568685	-5.98458497762	-6.23130426839	-6.47802355915	-6.72474284992	1.78676372666	1.78676372666	1.78676372666	1.78676372666	1.78676372666	1.78676372666	1.78676372666	1.78676372666	1.78676372666	1.78676372666	
7.91666666667	132.429150004	132.550050004	132.670950004	132.791850005	132.912750005	133.033650005	133.154550005	133.275450006	133.396350006	133.517250006	-1.35851166874e-06	-1.45048671156e-06	-1.5748059757e-06	-1.79750779721e-06	-2.03487615354e-06	-2.36815241356e-06	-2.73007248932e-06	-3.17733029956e-06	-3.64543691072e-06	-4.18066582841e-06	-7.60753040512e-07	-1.02828175219e-06	-1.84203325876e-06	-1.96334454722e-06	-2.75662745433e-06	-2.99354900652e-06	-3.69940288814e-06	-3.8718495454e-06	-4.42703818375e-06	-4.52629400267e-06	165.328328278	166.452903052	167.577477826	168.7020526	169.826627374	170.951202148	172.075776922	173.200351696	174.32492647	175.449501245	-4.50426923302	-4.75098852379	-4.99770781455	-5.24442710532	-5.49114639609	-5.73786568685	-5.98458497762	-6.23130426839	-6.47802355915	-6.72474284992	1.78676372666	1.78676372666	1.78676372666	1.78676372666	1.78676372666	1.78676372666	1.78676372666	1.78676372666	1.78676372666	1.78676372666	
7.93333333333	132.429150004	132.550050004	132.670950004	132.791850005	132.912750005	133.033650005	133.154550005	133.275450006	133.396350006	133.517250006	-1.35851166874e-06	-1.45048671156e-06	-1.5748059757e-06	-1.79750779721e-06	-2.03487615354e-06	-2.36815241356e-06	-2.73007248932e-06	-3.17733029956e-06	-3.64543691072e-06	-4.18066582841e-06	-7.60753040512e-07	-1.02828175219e-06	-1.84203325876e-06	-1.96334454722e-06	-2.75662745433e-06	-2.99354900652e-06	-3.69940288814e-06	-3.8718495454e-06	-4.42703818375e-06	-4.52629400267e-06	165.328328278	166.452903052	167.577477826	168.7020526	169.826627374	170.951202148	172.075776922	173.200351696	174.32492647	175.449501245	-4.50426923302	-4.75098852379	-4.99770781455	-5.24442710532	-5.49114639609	-5.73786568685	-5.98458497762	-6.23130426839	-6.47802355915	-6.72474284992	1.78676372666	1.78676372666	1.78676372666	1.78676372666	1.78676372666	1.78676372666	1.78676372666	1.78676372666	1.78676372666	1.78676372666	
7.95	132.429150004	132.550050004	132.670950004	132.791850005	132.912750005	133.033650005	133.154550005	133.275450006	133.396350006	133.517250006	-1.35851166874e-06	-1.45048671156e-06	-1.5748059757e-06	-1.79750779721e-06	-2.03487615354e-06	-2.36815241356e-06	-2.73007248932e-06	-3.17733029956e-06	-3.64543691072e-06	-4.18066582841e-06	-7.60753040512e-07	-1.02828175219e-06	-1.84203325876e-06	-1.96334454722e-06	-2.75662745433e-06	-2.99354900652e-06	-3.69940288814e-06	-3.8718495454e-06	-4.42703818375e-06	-4.52629400267e-06	165.328328278	166.452903052	167.577477826	168.7020526	169.826627374	170.951202148	172.075776922	173.200351696	174.32492647	175.449501245	-4.50426923302	-4.75098852379	-4.99770781455	-5.24442710532	-5.49114639609	-5.73786568685	-5.98458497762	-6.23130426839	-6.47802355915	-6.72474284992	1.78676372666	1.78676372666	1.78676372666	1.78676372666	1.78676372666	1.78676372666	1.78676372666	1.78676372666	1.78676372666	1.78676372666	
7.96666666667	132.429150004	132.550050004	132.670950004	132.791850005	132.912750005	133.033650005	133.154550005	133.275450006	133.396350006	133.517250006	-1.35851166874e-06	-1.45048671156e-06	-1.5748059757e-06	-1.79750779721e-06	-2.03487615354e-06	-2.36815241356e-06	-2.73007248932e-06	-3.17733029956e-06	-3.64543691072e-06	-4.18066582841e-06	-7.60753040512e-07	-1.02828175219e-06	-1.84203325876e-06	-1.96334454722e-06	-2.75662745433e-06	-2.99354900652e-06	-3.69940288814e-06	-3.8718495454e-06	-4.42703818375e-06	-4.52629400267e-06	165.328328278	166.452903052	167.577477826	168.7020526	169.826627374	170.951202148	172.075776922	173.200351696	174.32492647	175.449501245	-4.50426923302	-4.75098852379	-4.99770781455	-5.24442710532	-5.49114639609	-5.73786568685	-5.98458497762	-6.23130426839	-6.47802355915	-6.72474284992	1.78676372666	1.78676372666	1.78676372666	1.78676372666	1.78676372666	1.78676372666	1.78676372666	1.78676372666	1.78676372666	1.78676372666	
7.98333333333	132.429150004	132.550050004	132.670950004	132.791850005	132.912750005	133.033650005	133.154550005	133.275450006	133.396350006	133.517250006	-1.35851166874e-06	-1.45048671156e-06	-1.5748059757e-06	-1.79750779721e-06	-2.03487615354e-06	-2.36815241356e-06	-2.73007248932e-06	-3.17733029956e-06	-3.64543691072e-06	-4.18066582841e-06	-7.60753040512e-07	-1.02828175219e-06	-1.84203325876e-06	-1.96334454722e-06	-2.75662745433e-06	-2.99354900652e-06	-3.69940288814e-06	-3.8718495454e-06	-4.42703818375e-06	-4.52629400267e-06	165.328328278	166.452903052	167.577477826	168.7020526	169.826627374	170.951202148	172.075776922	173.200351696	174.32492647	175.449501245	-4.50426923302	-4.75098852379	-4.99770781455	-5.24442710532	-5.49114639609	-5.73786568685	-5.98458497762	-6.23130426839	-6.47802355915	-6.72474284992	1.78676372666	1.78676372666	1.78676372666	1.78676372666	1.78676372666	1.78676372666	1.78676372666	1.78676372666	1.78676372666	1.78676372666	
8.0	132.429150004	132.550050004	132.670950004	132.791850005	132.912750005	133.033650005	133.154550005	133.275450006	133.396350006	133.517250006	-1.35851166874e-06	-1.45048671156e-06	-1.5748059757e-06	-1.79750779721e-06	-2.03487615354e-06	-2.36815241356e-06	-2.73007248932e-06	-3.17733029956e-06	-3.64543691072e-06	-4.18066582841e-06	-7.60753040512e-07	-1.02828175219e-06	-1.84203325876e-06	-1.96334454722e-06	-2.75662745433e-06	-2.99354900652e-06	-3.69940288814e-06	-3.8718495454e-06	-4.42703818375e-06	-4.52629400267e-06	165.328328278	166.452903052	167.577477826	168.7020526	169.826627374	170.951202148	172.075776922	173.200351696	174.32492647	175.449501245	-4.50426923302	-4.75098852379	-4.99770781455	-5.24442710532	-5.49114639609	-5.73786568685	-5.98458497762	-6.23130426839	-6.47802355915	-6.72474284992	1.78676372666	1.78676372666	1.78676372666	1.78676372666	1.78676372666	1.78676372666	1.78676372666	1.78676372666	1.78676372666	1.78676372666	
8.01666666667	132.429150004	132.550050004	132.670950004	132.791850005	132.912750005	133.033650005	133.154550005	133.275450006	133.396350006	133.517250006	-1.35851166874e-06	-1.45048671156e-06	-1.5748059757e-06	-1.79750779721e-06	-2.03487615354e-06	-2.36815241356e-06	-2.73007248932e-06	-3.17733029956e-06	-3.64543691072e-06	-4.18066582841e-06	-7.60753040512e-07	-1.02828175219e-06	-1.84203325876e-06	-1.96334454722e-06	-2.75662745433e-06	-2.99354900652e-06	-3.69940288814e-06	-3.8718495454e-06	-4.42703818375e-06	-4.52629400267e-06	165.328328278	166.452903052	167.577477826	168.7020526	169.826627374	170.951202148	172.075776922	173.200351696	174.32492647	175.449501245	-4.50426923302	-4.75098852379	-4.99770781455	-5.24442710532	-5.49114639609	-5.73786568685	-5.98458497762	-6.23130426839	-6.47802355915	-6.72474284992	1.78676372666	1.78676372666	1.78676372666	1.78676372666	1.78676372666	1.78676372666	1.78676372666	1.78676372666	1.78676372666	1.78676372666	
8.03333333333	132.429150004	132.550050004	132.670950004	132.791850005	132.912750005	133.033650005	133.154550005	133.275450006	133.396350006	133.517250006	-1.35851166874e-06	-1.45048671156e-06	-1.5748059757e-06	-1.79750779721e-06	-2.03487615354e-06	-2.36815241356e-06	-2.73007248932e-06	-3.17733029956e-06	-3.64543691072e-06	-4.18066582841e-06	-7.60753040512e-07	-1.02828175219e-06	-1.84203325876e-06	-1.96334454722e-06	-2.75662745433e-06	-2.99354900652e-06	-3.69940288814e-06	-3.8718495454e-06	-4.42703818375e-06	-4.52629400267e-06	165.328328278	166.452903052	167.577477826	168.7020526	169.826627374	170.951202148	172.075776922	173.200351696	174.32492647	175.449501245	-4.50426923302	-4.75098852379	-4.99770781455	-5.24442710532	-5.49114639609	-5.73786568685	-5.98458497762	-6.23130426839	-6.47802355915	-6.72474284992	1.78676372666	1.78676372666	1.78676372666	1.78676372666	1.78676372666	1.78676372666	1.78676372666	1.78676372666	1.78676372666	1.78676372666	
8.05	132.429150004	132.550050004	132.670950004	132.791850005	132.912750005	133.033650005	133.154550005	133.275450006	133.396350006	133.517250006	-1.35851166874e-06	-1.45048671156e-06	-1.5748059757e-06	-1.79750779721e-06	-2.03487615354e-06	-2.36815241356e-06	-2.73007248932e-06	-3.17733029956e-06	-3.64543691072e-06	-4.18066582841e-06	-7.60753040512e-07	-1.02828175219e-06	-1.84203325876e-06	-1.96334454722e-06	-2.75662745433e-06	-2.99354900652e-06	-3.69940288814e-06	-3.8718495454e-06	-4.42703818375e-06	-4.52629400267e-06	165.328328278	166.452903052	167.577477826	168.7020526	169.826627374	170.951202148	172.075776922	173.200351696	174.32492647	175.449501245	-4.50426923302	-4.75098852379	-4.99770781455	-5.24442710532	-5.49114639609	-5.73786568685	-5.98458497762	-6.23130426839	-6.47802355915	-6.72474284992	1.78676372666	1.78676372666	1.78676372666	1.78676372666	1.78676372666	1.78676372666	1.78676372666	1.78676372666	1.78676372666	1.78676372666	
8.06666666667	132.429150004	132.550050004	132.670950004	132.791850005	132.912750005	133.033650005	133.154550005	133.275450006	133.396350006	133.517250006	-1.35851166874e-06	-1.45048671156e-06	-1.5748059757e-06	-1.79750779721e-06	-2.03487615354e-06	-2.36815241356e-06	-2.73007248932e-06	-3.17733029956e-06	-3.64543691072e-06	-4.18066582841e-06	-7.60753040512e-07	-1.02828175219e-06	-1.84203325876e-06	-1.96334454722e-06	-2.75662745433e-06	-2.99354900652e-06	-3.69940288814e-06	-3.8718495454e-06	-4.42703818375e-06	-4.52629400267e-06	165.328328278	166.452903052	167.577477826	168.7020526	169.826627374	170.951202148	172.075776922	173.200351696	174.32492647	175.449501245	-4.50426923302	-4.75098852379	-4.99770781455	-5.24442710532	-5.49114639609	-5.73786568685	-5.98458497762	-6.23130426839	-6.47802355915	-6.72474284992	1.78676372666	1.78676372666	1.78676372666	1.78676372666	1.78676372666	1.78676372666	1.78676372666	1.78676372666	1.78676372666	1.78676372666	
8.08333333333	132.429150004	132.550050004	132.670950004	132.791850005	132.912750005	133.033650005	133.154550005	133.275450006	133.396350006	133.517250006	-1.35851166874e-06	-1.45048671156e-06	-1.5748059757e-06	-1.79750779721e-06	-2.03487615354e-06	-2.36815241356e-06	-2.73007248932e-06	-3.17733029956e-06	-3.64543691072e-06	-4.18066582841e-06	-7.60753040512e-07	-1.02828175219e-06	-1.84203325876e-06	-1.96334454722e-06	-2.75662745433e-06	-2.99354900652e-06	-3.69940288814e-06	-3.8718495454e-06	-4.42703818375e-06	-4.52629400267e-06	165.328328278	166.452903052	167.577477826	168.7020526	169.826627374	170.951202148	172.075776922	173.200351696	174.32492647	175.449501245	-4.50426923302	-4.75098852379	-4.99770781455	-5.24442710532	-5.49114639609	-5.73786568685	-5.98458497762	-6.23130426839	-6.47802355915	-6.72474284992	1.78676372666	1.78676372666	1.78676372666	1.78676372666	1.78676372666	1.78676372666	1.78676372666	1.78676372666	1.78676372666	1.78676372666	
8.1	132.429150004	132.550050004	132.670950004	132.791850005	132.912750005	133.033650005	133.154550005	133.275450006	133.396350006	133.517250006	-1.35851166874e-06	-1.45048671156e-06	-1.5748059757e-06	-1.79750779721e-06	-2.03487615354e-06	-2.36815241356e-06	-2.73007248932e-06	-3.17733029956e-06	-3.64543691072e-06	-4.18066582841e-06	-7.60753040512e-07	-1.02828175219e-06	-1.84203325876e-06	-1.96334454722e-06	-2.75662745433e-06	-2.99354900652e-06	-3.69940288814e-06	-3.8718495454e-06	-4.42703818375e-06	-4.52629400267e-06	165.328328278	166.452903052	167.577477826	168.7020526	169.826627374	170.951202148	172.075776922	173.200351696	174.32492647	175.449501245	-4.50426923302	-4.75098852379	-4.99770781455	-5.24442710532	-5.49114639609	-5.73786568685	-5.98458497762	-6.23130426839	-6.47802355915	-6.72474284992	1.78676372666	1.78676372666	1.78676372666	1.78676372666	1.78676372666	1.78676372666	1.78676372666	1.78676372666	1.78676372666	1.78676372666	
8.11666666667	132.429150004	132.550050004	132.670950004	132.791850005	132.912750005	133.033650005	133.154550005	133.275450006	133.396350006	133.517250006	-1.35851166874e-06	-1.45048671156e-06	-1.5748059757e-06	-1.79750779721e-06	-2.03487615354e-06	-2.36815241356e-06	-2.73007248932e-06	-3.17733029956e-06	-3.64543691072e-06	-4.18066582841e-06	-7.60753040512e-07	-1.02828175219e-06	-1.84203325876e-06	-1.96334454722e-06	-2.75662745433e-06	-2.99354900652e-06	-3.69940288814e-06	-3.8718495454e-06	-4.42703818375e-06	-4.52629400267e-06	165.328328278	166.452903052	167.577477826	168.7020526	169.826627374	170.951202148	172.075776922	173.200351696	174.32492647	175.449501245	-4.50426923302	-4.75098852379	-4.99770781455	-5.24442710532	-5.49114639609	-5.73786568685	-5.98458497762	-6.23130426839	-6.47802355915	-6.72474284992	1.78676372666	1.78676372666	1.78676372666	1.78676372666	1.78676372666	1.78676372666	1.78676372666	1.78676372666	1.78676372666	1.78676372666	
8.13333333333	132.429150004	132.550050004	132.670950004	132.791850005	132.912750005	133.033650005	133.154550005	133.275450006	133.396350006	133.517250006	-1.35851166874e-06	-1.45048671156e-06	-1.5748059757e-06	-1.79750779721e-06	-2.03487615354e-06	-2.36815241356e-06	-2.73007248932e-06	-3.17733029956e-06	-3.64543691072e-06	-4.18066582841e-06	-7.60753040512e-07	-1.02828175219e-06	-1.84203325876e-06	-1.96334454722e-06	-2.75662745433e-06	-2.99354900652e-06	-3.69940288814e-06	-3.8718495454e-06	-4.42703818375e-06	-4.52629400267e-06	165.328328278	166.452903052	167.577477826	168.7020526	169.826627374	170.951202148	172.075776922	173.200351696	174.32492647	175.449501245	-4.50426923302	-4.75098852379	-4.99770781455	-5.24442710532	-5.49114639609	-5.73786568685	-5.98458497762	-6.23130426839	-6.47802355915	-6.72474284992	1.78676372666	1.78676372666	1.78676372666	1.78676372666	1.78676372666	1.78676372666	1.78676372666	1.78676372666	1.78676372666	1.78676372666	
8.15	132.429150004	132.550050004	132.670950004	132.791850005	132.912750005	133.033650005	133.154550005	133.275450006	133.396350006	133.517250006	-1.35851166874e-06	-1.45048671156e-06	-1.5748059757e-06	-1.79750779721e-06	-2.03487615354e-06	-2.36815241356e-06	-2.73007248932e-06	-3.17733029956e-06	-3.64543691072e-06	-4.18066582841e-06	-7.60753040512e-07	-1.02828175219e-06	-1.84203325876e-06	-1.96334454722e-06	-2.75662745433e-06	-2.99354900652e-06	-3.69940288814e-06	-3.8718495454e-06	-4.42703818375e-06	-4.52629400267e-06	165.328328278	166.452903052	167.577477826	168.7020526	169.826627374	170.951202148	172.075776922	173.200351696	174.32492647	175.449501245	-4.50426923302	-4.75098852379	-4.99770781455	-5.24442710532	-5.49114639609	-5.73786568685	-5.98458497762	-6.23130426839	-6.47802355915	-6.72474284992	1.78676372666	1.78676372666	1.78676372666	1.78676372666	1.78676372666	1.78676372666	1.78676372666	1.78676372666	1.78676372666	1.78676372666	
8.16666666667	132.429150004	132.550050004	132.670950004	132.791850005	132.912750005	133.033650005	133.154550005	133.275450006	133.396350006	133.517250006	-1.35851166874e-06	-1.45048671156e-06	-1.5748059757e-06	-1.79750779721e-06	-2.03487615354e-06	-2.36815241356e-06	-2.73007248932e-06	-3.17733029956e-06	-3.64543691072e-06	-4.18066582841e-06	-7.60753040512e-07	-1.02828175219e-06	-1.84203325876e-06	-1.96334454722e-06	-2.75662745433e-06	-2.99354900652e-06	-3.69940288814e-06	-3.8718495454e-06	-4.42703818375e-06	-4.52629400267e-06	165.328328278	166.452903052	167.577477826	168.7020526	169.826627374	170.951202148	172.075776922	173.200351696	174.32492647	175.449501245	-4.50426923302	-4.75098852379	-4.99770781455	-5.24442710532	-5.49114639609	-5.73786568685	-5.98458497762	-6.23130426839	-6.47802355915	-6.72474284992	1.78676372666	1.78676372666	1.78676372666	1.78676372666	1.78676372666	1.78676372666	1.78676372666	1.78676372666	1.78676372666	1.78676372666	
8.18333333333	132.429150004	132.550050004	132.670950004	132.791850005	132.912750005	133.033650005	133.154550005	133.275450006	133.396350006	133.517250006	-1.35851166874e-06	-1.45048671156e-06	-1.5748059757e-06	-1.79750779721e-06	-2.03487615354e-06	-2.36815241356e-06	-2.73007248932e-06	-3.17733029956e-06	-3.64543691072e-06	-4.18066582841e-06	-7.60753040512e-07	-1.02828175219e-06	-1.84203325876e-06	-1.96334454722e-06	-2.75662745433e-06	-2.99354900652e-06	-3.69940288814e-06	-3.8718495454e-06	-4.42703818375e-06	-4.52629400267e-06	165.328328278	166.452903052	167.577477826	168.7020526	169.826627374	170.951202148	172.075776922	173.200351696	174.32492647	175.449501245	-4.50426923302	-4.75098852379	-4.99770781455	-5.24442710532	-5.49114639609	-5.73786568685	-5.98458497762	-6.23130426839	-6.47802355915	-6.72474284992	1.78676372666	1.78676372666	1.78676372666	1.78676372666	1.78676372666	1.78676372666	1.78676372666	1.78676372666	1.78676372666	1.78676372666	
8.2	132.429150004	132.550050004	132.670950004	132.791850005	132.912750005	133.033650005	133.154550005	133.275450006	133.396350006	133.517250006	-1.35851166874e-06	-1.45048671156e-06	-1.5748059757e-06	-1.79750779721e-06	-2.03487615354e-06	-2.36815241356e-06	-2.73007248932e-06	-3.17733029956e-06	-3.64543691072e-06	-4.18066582841e-06	-7.60753040512e-07	-1.02828175219e-06	-1.84203325876e-06	-1.96334454722e-06	-2.75662745433e-06	-2.99354900652e-06	-3.69940288814e-06	-3.8718495454e-06	-4.42703818375e-06	-4.52629400267e-06	165.328328278	166.452903052	167.577477826	168.7020526	169.826627374	170.951202148	172.075776922	173.200351696	174.32492647	175.449501245	-4.50426923302	-4.75098852379	-4.99770781455	-5.24442710532	-5.49114639609	-5.73786568685	-5.98458497762	-6.23130426839	-6.47802355915	-6.72474284992	1.78676372666	1.78676372666	1.78676372666	1.78676372666	1.78676372666	1.78676372666	1.78676372666	1.78676372666	1.78676372666	1.78676372666	
8.21666666667	132.429150004	132.550050004	132.670950004	132.791850005	132.912750005	133.033650005	133.154550005	133.275450006	133.396350006	133.517250006	-1.35851166874e-06	-1.45048671156e-06	-1.5748059757e-06	-1.79750779721e-06	-2.03487615354e-06	-2.36815241356e-06	-2.73007248932e-06	-3.17733029956e-06	-3.64543691072e-06	-4.18066582841e-06	-7.60753040512e-07	-1.02828175219e-06	-1.84203325876e-06	-1.96334454722e-06	-2.75662745433e-06	-2.99354900652e-06	-3.69940288814e-06	-3.8718495454e-06	-4.42703818375e-06	-4.52629400267e-06	165.328328278	166.452903052	167.577477826	168.7020526	169.826627374	170.951202148	172.075776922	173.200351696	174.32492647	175.449501245	-4.50426923302	-4.75098852379	-4.99770781455	-5.24442710532	-5.49114639609	-5.73786568685	-5.98458497762	-6.23130426839	-6.47802355915	-6.72474284992	1.78676372666	1.78676372666	1.78676372666	1.78676372666	1.78676372666	1.78676372666	1.78676372666	1.78676372666	1.78676372666	1.78676372666	
8.23333333333	132.429150004	132.550050004	132.670950004	132.791850005	132.912750005	133.033650005	133.154550005	133.275450006	133.396350006	133.517250006	-1.35851166874e-06	-1.45048671156e-06	-1.5748059757e-06	-1.79750779721e-06	-2.03487615354e-06	-2.36815241356e-06	-2.73007248932e-06	-3.17733029956e-06	-3.64543691072e-06	-4.18066582841e-06	-7.60753040512e-07	-1.02828175219e-06	-1.84203325876e-06	-1.96334454722e-06	-2.75662745433e-06	-2.99354900652e-06	-3.69940288814e-06	-3.8718495454e-06	-4.42703818375e-06	-4.52629400267e-06	165.328328278	166.452903052	167.577477826	168.7020526	169.826627374	170.951202148	172.075776922	173.200351696	174.32492647	175.449501245	-4.50426923302	-4.75098852379	-4.99770781455	-5.24442710532	-5.49114639609	-5.73786568685	-5.98458497762	-6.23130426839	-6.47802355915	-6.72474284992	1.78676372666	1.78676372666	1.78676372666	1.78676372666	1.78676372666	1.78676372666	1.78676372666	1.78676372666	1.78676372666	1.78676372666	
8.25	132.429150004	132.550050004	132.670950004	132.791850005	132.912750005	133.033650005	133.154550005	133.275450006	133.396350006	133.517250006	-1.35851166874e-06	-1.45048671156e-06	-1.5748059757e-06	-1.79750779721e-06	-2.03487615354e-06	-2.36815241356e-06	-2.73007248932e-06	-3.17733029956e-06	-3.64543691072e-06	-4.18066582841e-06	-7.60753040512e-07	-1.02828175219e-06	-1.84203325876e-06	-1.96334454722e-06	-2.75662745433e-06	-2.99354900652e-06	-3.69940288814e-06	-3.8718495454e-06	-4.42703818375e-06	-4.52629400267e-06	165.328328278	166.452903052	167.577477826	168.7020526	169.826627374	170.951202148	172.075776922	173.200351696	174.32492647	175.449501245	-4.50426923302	-4.75098852379	-4.99770781455	-5.24442710532	-5.49114639609	-5.73786568685	-5.98458497762	-6.23130426839	-6.47802355915	-6.72474284992	1.78676372666	1.78676372666	1.78676372666	1.78676372666	1.78676372666	1.78676372666	1.78676372666	1.78676372666	1.78676372666	1.78676372666	
8.26666666667	132.429150004	132.550050004	132.670950004	132.791850005	132.912750005	133.033650005	133.154550005	133.275450006	133.396350006	133.517250006	-1.35851166874e-06	-1.45048671156e-06	-1.5748059757e-06	-1.79750779721e-06	-2.03487615354e-06	-2.36815241356e-06	-2.73007248932e-06	-3.17733029956e-06	-3.64543691072e-06	-4.18066582841e-06	-7.60753040512e-07	-1.02828175219e-06	-1.84203325876e-06	-1.96334454722e-06	-2.75662745433e-06	-2.99354900652e-06	-3.69940288814e-06	-3.8718495454e-06	-4.42703818375e-06	-4.52629400267e-06	165.328328278	166.452903052	167.577477826	168.7020526	169.826627374	170.951202148	172.075776922	173.200351696	174.32492647	175.449501245	-4.50426923302	-4.75098852379	-4.99770781455	-5.24442710532	-5.49114639609	-5.73786568685	-5.98458497762	-6.23130426839	-6.47802355915	-6.72474284992	1.78676372666	1.78676372666	1.78676372666	1.78676372666	1.78676372666	1.78676372666	1.78676372666	1.78676372666	1.78676372666	1.78676372666	
8.28333333333	132.429150004	132.550050004	132.670950004	132.791850005	132.912750005	133.033650005	133.154550005	133.275450006	133.396350006	133.517250006	-1.35851166874e-06	-1.45048671156e-06	-1.5748059757e-06	-1.79750779721e-06	-2.03487615354e-06	-2.36815241356e-06	-2.73007248932e-06	-3.17733029956e-06	-3.64543691072e-06	-4.18066582841e-06	-7.60753040512e-07	-1.02828175219e-06	-1.84203325876e-06	-1.96334454722e-06	-2.75662745433e-06	-2.99354900652e-06	-3.69940288814e-06	-3.8718495454e-06	-4.42703818375e-06	-4.52629400267e-06	165.328328278	166.452903052	167.577477826	168.7020526	169.826627374	170.951202148	172.075776922	173.200351696	174.32492647	175.449501245	-4.50426923302	-4.75098852379	-4.99770781455	-5.24442710532	-5.49114639609	-5.73786568685	-5.98458497762	-6.23130426839	-6.47802355915	-6.72474284992	1.78676372666	1.78676372666	1.78676372666	1.78676372666	1.78676372666	1.78676372666	1.78676372666	1.78676372666	1.78676372666	1.78676372666	
8.3	132.429150004	132.550050004	132.670950004	132.791850005	132.912750005	133.033650005	133.154550005	133.275450006	133.396350006	133.517250006	-1.35851166874e-06	-1.45048671156e-06	-1.5748059757e-06	-1.79750779721e-06	-2.03487615354e-06	-2.36815241356e-06	-2.73007248932e-06	-3.17733029956e-06	-3.64543691072e-06	-4.18066582841e-06	-7.60753040512e-07	-1.02828175219e-06	-1.84203325876e-06	-1.96334454722e-06	-2.75662745433e-06	-2.99354900652e-06	-3.69940288814e-06	-3.8718495454e-06	-4.42703818375e-06	-4.52629400267e-06	165.328328278	166.452903052	167.577477826	168.7020526	169.826627374	170.951202148	172.075776922	173.200351696	174.32492647	175.449501245	-4.50426923302	-4.75098852379	-4.99770781455	-5.24442710532	-5.49114639609	-5.73786568685	-5.98458497762	-6.23130426839	-6.47802355915	-6.72474284992	1.78676372666	1.78676372666	1.78676372666	1.78676372666	1.78676372666	1.78676372666	1.78676372666	1.78676372666	1.78676372666	1.78676372666	
8.31666666667	132.429150004	132.550050004	132.670950004	132.791850005	132.912750005	133.033650005	133.154550005	133.275450006	133.396350006	133.517250006	-1.35851166874e-06	-1.45048671156e-06	-1.5748059757e-06	-1.79750779721e-06	-2.03487615354e-06	-2.36815241356e-06	-2.73007248932e-06	-3.17733029956e-06	-3.64543691072e-06	-4.18066582841e-06	-7.60753040512e-07	-1.02828175219e-06	-1.84203325876e-06	-1.96334454722e-06	-2.75662745433e-06	-2.99354900652e-06	-3.69940288814e-06	-3.8718495454e-06	-4.42703818375e-06	-4.52629400267e-06	165.328328278	166.452903052	167.577477826	168.7020526	169.826627374	170.951202148	172.075776922	173.200351696	174.32492647	175.449501245	-4.50426923302	-4.75098852379	-4.99770781455	-5.24442710532	-5.49114639609	-5.73786568685	-5.98458497762	-6.23130426839	-6.47802355915	-6.72474284992	1.78676372666	1.78676372666	1.78676372666	1.78676372666	1.78676372666	1.78676372666	1.78676372666	1.78676372666	1.78676372666	1.78676372666	
8.33333333333	132.429150004	132.550050004	132.670950004	132.791850005	132.912750005	133.033650005	133.154550005	133.275450006	133.396350006	133.517250006	-1.35851166874e-06	-1.45048671156e-06	-1.5748059757e-06	-1.79750779721e-06	-2.03487615354e-06	-2.36815241356e-06	-2.73007248932e-06	-3.17733029956e-06	-3.64543691072e-06	-4.18066582841e-06	-7.60753040512e-07	-1.02828175219e-06	-1.84203325876e-06	-1.96334454722e-06	-2.75662745433e-06	-2.99354900652e-06	-3.69940288814e-06	-3.8718495454e-06	-4.42703818375e-06	-4.52629400267e-06	165.328328278	166.452903052	167.577477826	168.7020526	169.826627374	170.951202148	172.075776922	173.200351696	174.32492647	175.449501245	-4.50426923302	-4.75098852379	-4.99770781455	-5.24442710532	-5.49114639609	-5.73786568685	-5.98458497762	-6.23130426839	-6.47802355915	-6.72474284992	1.78676372666	1.78676372666	1.78676372666	1.78676372666	1.78676372666	1.78676372666	1.78676372666	1.78676372666	1.78676372666	1.78676372666	
8.35	132.429150004	132.550050004	132.670950004	132.791850005	132.912750005	133.033650005	133.154550005	133.275450006	133.396350006	133.517250006	-1.35851166874e-06	-1.45048671156e-06	-1.5748059757e-06	-1.79750779721e-06	-2.03487615354e-06	-2.36815241356e-06	-2.73007248932e-06	-3.17733029956e-06	-3.64543691072e-06	-4.18066582841e-06	-7.60753040512e-07	-1.02828175219e-06	-1.84203325876e-06	-1.96334454722e-06	-2.75662745433e-06	-2.99354900652e-06	-3.69940288814e-06	-3.8718495454e-06	-4.42703818375e-06	-4.52629400267e-06	165.328328278	166.452903052	167.577477826	168.7020526	169.826627374	170.951202148	172.075776922	173.200351696	174.32492647	175.449501245	-4.50426923302	-4.75098852379	-4.99770781455	-5.24442710532	-5.49114639609	-5.73786568685	-5.98458497762	-6.23130426839	-6.47802355915	-6.72474284992	1.78676372666	1.78676372666	1.78676372666	1.78676372666	1.78676372666	1.78676372666	1.78676372666	1.78676372666	1.78676372666	1.78676372666	
8.36666666667	132.429150004	132.550050004	132.670950004	132.791850005	132.912750005	133.033650005	133.154550005	133.275450006	133.396350006	133.517250006	-1.35851166874e-06	-1.45048671156e-06	-1.5748059757e-06	-1.79750779721e-06	-2.03487615354e-06	-2.36815241356e-06	-2.73007248932e-06	-3.17733029956e-06	-3.64543691072e-06	-4.18066582841e-06	-7.60753040512e-07	-1.02828175219e-06	-1.84203325876e-06	-1.96334454722e-06	-2.75662745433e-06	-2.99354900652e-06	-3.69940288814e-06	-3.8718495454e-06	-4.42703818375e-06	-4.52629400267e-06	165.328328278	166.452903052	167.577477826	168.7020526	169.826627374	170.951202148	172.075776922	173.200351696	174.32492647	175.449501245	-4.50426923302	-4.75098852379	-4.99770781455	-5.24442710532	-5.49114639609	-5.73786568685	-5.98458497762	-6.23130426839	-6.47802355915	-6.72474284992	1.78676372666	1.78676372666	1.78676372666	1.78676372666	1.78676372666	1.78676372666	1.78676372666	1.78676372666	1.78676372666	1.78676372666	
8.38333333333	132.429150004	132.550050004	132.670950004	132.791850005	132.912750005	133.033650005	133.154550005	133.275450006	133.396350006	133.517250006	-1.35851166874e-06	-1.45048671156e-06	-1.5748059757e-06	-1.79750779721e-06	-2.03487615354e-06	-2.36815241356e-06	-2.73007248932e-06	-3.17733029956e-06	-3.64543691072e-06	-4.18066582841e-06	-7.60753040512e-07	-1.02828175219e-06	-1.84203325876e-06	-1.96334454722e-06	-2.75662745433e-06	-2.99354900652e-06	-3.69940288814e-06	-3.8718495454e-06	-4.42703818375e-06	-4.52629400267e-06	165.328328278	166.452903052	167.577477826	168.7020526	169.826627374	170.951202148	172.075776922	173.200351696	174.32492647	175.449501245	-4.50426923302	-4.75098852379	-4.99770781455	-5.24442710532	-5.49114639609	-5.73786568685	-5.98458497762	-6.23130426839	-6.47802355915	-6.72474284992	1.78676372666	1.78676372666	1.78676372666	1.78676372666	1.78676372666	1.78676372666	1.78676372666	1.78676372666	1.78676372666	1.78676372666	
8.4	132.429150004	132.550050004	132.670950004	132.791850005	132.912750005	133.033650005	133.154550005	133.275450006	133.396350006	133.517250006	-1.35851166874e-06	-1.45048671156e-06	-1.5748059757e-06	-1.79750779721e-06	-2.03487615354e-06	-2.36815241356e-06	-2.73007248932e-06	-3.17733029956e-06	-3.64543691072e-06	-4.18066582841e-06	-7.60753040512e-07	-1.02828175219e-06	-1.84203325876e-06	-1.96334454722e-06	-2.75662745433e-06	-2.99354900652e-06	-3.69940288814e-06	-3.8718495454e-06	-4.42703818375e-06	-4.52629400267e-06	165.328328278	166.452903052	167.577477826	168.7020526	169.826627374	170.951202148	172.075776922	173.200351696	174.32492647	175.449501245	-4.50426923302	-4.75098852379	-4.99770781455	-5.24442710532	-5.49114639609	-5.73786568685	-5.98458497762	-6.23130426839	-6.47802355915	-6.72474284992	1.78676372666	1.78676372666	1.78676372666	1.78676372666	1.78676372666	1.78676372666	1.78676372666	1.78676372666	1.78676372666	1.78676372666	
8.41666666667	132.429150004	132.550050004	132.670950004	132.791850005	132.912750005	133.033650005	133.154550005	133.275450006	133.396350006	133.517250006	-1.35851166874e-06	-1.45048671156e-06	-1.5748059757e-06	-1.79750779721e-06	-2.03487615354e-06	-2.36815241356e-06	-2.73007248932e-06	-3.17733029956e-06	-3.64543691072e-06	-4.18066582841e-06	-7.60753040512e-07	-1.02828175219e-06	-1.84203325876e-06	-1.96334454722e-06	-2.75662745433e-06	-2.99354900652e-06	-3.69940288814e-06	-3.8718495454e-06	-4.42703818375e-06	-4.52629400267e-06	165.328328278	166.452903052	167.577477826	168.7020526	169.826627374	170.951202148	172.075776922	173.200351696	174.32492647	175.449501245	-4.50426923302	-4.75098852379	-4.99770781455	-5.24442710532	-5.49114639609	-5.73786568685	-5.98458497762	-6.23130426839	-6.47802355915	-6.72474284992	1.78676372666	1.78676372666	1.78676372666	1.78676372666	1.78676372666	1.78676372666	1.78676372666	1.78676372666	1.78676372666	1.78676372666	
8.43333333333	132.429150004	132.550050004	132.670950004	132.791850005	132.912750005	133.033650005	133.154550005	133.275450006	133.396350006	133.517250006	-1.35851166874e-06	-1.45048671156e-06	-1.5748059757e-06	-1.79750779721e-06	-2.03487615354e-06	-2.36815241356e-06	-2.73007248932e-06	-3.17733029956e-06	-3.64543691072e-06	-4.18066582841e-06	-7.60753040512e-07	-1.02828175219e-06	-1.84203325876e-06	-1.96334454722e-06	-2.75662745433e-06	-2.99354900652e-06	-3.69940288814e-06	-3.8718495454e-06	-4.42703818375e-06	-4.52629400267e-06	165.328328278	166.452903052	167.577477826	168.7020526	169.826627374	170.951202148	172.075776922	173.200351696	174.32492647	175.449501245	-4.50426923302	-4.75098852379	-4.99770781455	-5.24442710532	-5.49114639609	-5.73786568685	-5.98458497762	-6.23130426839	-6.47802355915	-6.72474284992	1.78676372666	1.78676372666	1.78676372666	1.78676372666	1.78676372666	1.78676372666	1.78676372666	1.78676372666	1.78676372666	1.78676372666	
8.45	132.429150004	132.550050004	132.670950004	132.791850005	132.912750005	133.033650005	133.154550005	133.275450006	133.396350006	133.517250006	-1.35851166874e-06	-1.45048671156e-06	-1.5748059757e-06	-1.79750779721e-06	-2.03487615354e-06	-2.36815241356e-06	-2.73007248932e-06	-3.17733029956e-06	-3.64543691072e-06	-4.18066582841e-06	-7.60753040512e-07	-1.02828175219e-06	-1.84203325876e-06	-1.96334454722e-06	-2.75662745433e-06	-2.99354900652e-06	-3.69940288814e-06	-3.8718495454e-06	-4.42703818375e-06	-4.52629400267e-06	165.328328278	166.452903052	167.577477826	168.7020526	169.826627374	170.951202148	172.075776922	173.200351696	174.32492647	175.449501245	-4.50426923302	-4.75098852379	-4.99770781455	-5.24442710532	-5.49114639609	-5.73786568685	-5.98458497762	-6.23130426839	-6.47802355915	-6.72474284992	1.78676372666	1.78676372666	1.78676372666	1.78676372666	1.78676372666	1.78676372666	1.78676372666	1.78676372666	1.78676372666	1.78676372666	
8.46666666667	132.429150004	132.550050004	132.670950004	132.791850005	132.912750005	133.033650005	133.154550005	133.275450006	133.396350006	133.517250006	-1.35851166874e-06	-1.45048671156e-06	-1.5748059757e-06	-1.79750779721e-06	-2.03487615354e-06	-2.36815241356e-06	-2.73007248932e-06	-3.17733029956e-06	-3.64543691072e-06	-4.18066582841e-06	-7.60753040512e-07	-1.02828175219e-06	-1.84203325876e-06	-1.96334454722e-06	-2.75662745433e-06	-2.99354900652e-06	-3.69940288814e-06	-3.8718495454e-06	-4.42703818375e-06	-4.52629400267e-06	165.328328278	166.452903052	167.577477826	168.7020526	169.826627374	170.951202148	172.075776922	173.200351696	174.32492647	175.449501245	-4.50426923302	-4.75098852379	-4.99770781455	-5.24442710532	-5.49114639609	-5.73786568685	-5.98458497762	-6.23130426839	-6.47802355915	-6.72474284992	1.78676372666	1.78676372666	1.78676372666	1.78676372666	1.78676372666	1.78676372666	1.78676372666	1.78676372666	1.78676372666	1.78676372666	
8.48333333333	132.429150004	132.550050004	132.670950004	132.791850005	132.912750005	133.033650005	133.154550005	133.275450006	133.396350006	133.517250006	-1.35851166874e-06	-1.45048671156e-06	-1.5748059757e-06	-1.79750779721e-06	-2.03487615354e-06	-2.36815241356e-06	-2.73007248932e-06	-3.17733029956e-06	-3.64543691072e-06	-4.18066582841e-06	-7.60753040512e-07	-1.02828175219e-06	-1.84203325876e-06	-1.96334454722e-06	-2.75662745433e-06	-2.99354900652e-06	-3.69940288814e-06	-3.8718495454e-06	-4.42703818375e-06	-4.52629400267e-06	165.328328278	166.452903052	167.577477826	168.7020526	169.826627374	170.951202148	172.075776922	173.200351696	174.32492647	175.449501245	-4.50426923302	-4.75098852379	-4.99770781455	-5.24442710532	-5.49114639609	-5.73786568685	-5.98458497762	-6.23130426839	-6.47802355915	-6.72474284992	1.78676372666	1.78676372666	1.78676372666	1.78676372666	1.78676372666	1.78676372666	1.78676372666	1.78676372666	1.78676372666	1.78676372666	
8.5	132.429150004	132.550050004	132.670950004	132.791850005	132.912750005	133.033650005	133.154550005	133.275450006	133.396350006	133.517250006	-1.35851166874e-06	-1.45048671156e-06	-1.5748059757e-06	-1.79750779721e-06	-2.03487615354e-06	-2.36815241356e-06	-2.73007248932e-06	-3.17733029956e-06	-3.64543691072e-06	-4.18066582841e-06	-7.60753040512e-07	-1.02828175219e-06	-1.84203325876e-06	-1.96334454722e-06	-2.75662745433e-06	-2.99354900652e-06	-3.69940288814e-06	-3.8718495454e-06	-4.42703818375e-06	-4.52629400267e-06	165.328328278	166.452903052	167.577477826	168.7020526	169.826627374	170.951202148	172.075776922	173.200351696	174.32492647	175.449501245	-4.50426923302	-4.75098852379	-4.99770781455	-5.24442710532	-5.49114639609	-5.73786568685	-5.98458497762	-6.23130426839	-6.47802355915	-6.72474284992	1.78676372666	1.78676372666	1.78676372666	1.78676372666	1.78676372666	1.78676372666	1.78676372666	1.78676372666	1.78676372666	1.78676372666	
8.51666666667	132.429150004	132.550050004	132.670950004	132.791850005	132.912750005	133.033650005	133.154550005	133.275450006	133.396350006	133.517250006	-1.35851166874e-06	-1.45048671156e-06	-1.5748059757e-06	-1.79750779721e-06	-2.03487615354e-06	-2.36815241356e-06	-2.73007248932e-06	-3.17733029956e-06	-3.64543691072e-06	-4.18066582841e-06	-7.60753040512e-07	-1.02828175219e-06	-1.84203325876e-06	-1.96334454722e-06	-2.75662745433e-06	-2.99354900652e-06	-3.69940288814e-06	-3.8718495454e-06	-4.42703818375e-06	-4.52629400267e-06	165.328328278	166.452903052	167.577477826	168.7020526	169.826627374	170.951202148	172.075776922	173.200351696	174.32492647	175.449501245	-4.50426923302	-4.75098852379	-4.99770781455	-5.24442710532	-5.49114639609	-5.73786568685	-5.98458497762	-6.23130426839	-6.47802355915	-6.72474284992	1.78676372666	1.78676372666	1.78676372666	1.78676372666	1.78676372666	1.78676372666	1.78676372666	1.78676372666	1.78676372666	1.78676372666	
8.53333333333	132.429150004	132.550050004	132.670950004	132.791850005	132.912750005	133.033650005	133.154550005	133.275450006	133.396350006	133.517250006	-1.35851166874e-06	-1.45048671156e-06	-1.5748059757e-06	-1.79750779721e-06	-2.03487615354e-06	-2.36815241356e-06	-2.73007248932e-06	-3.17733029956e-06	-3.64543691072e-06	-4.18066582841e-06	-7.60753040512e-07	-1.02828175219e-06	-1.84203325876e-06	-1.96334454722e-06	-2.75662745433e-06	-2.99354900652e-06	-3.69940288814e-06	-3.8718495454e-06	-4.42703818375e-06	-4.52629400267e-06	165.328328278	166.452903052	167.577477826	168.7020526	169.826627374	170.951202148	172.075776922	173.200351696	174.32492647	175.449501245	-4.50426923302	-4.75098852379	-4.99770781455	-5.24442710532	-5.49114639609	-5.73786568685	-5.98458497762	-6.23130426839	-6.47802355915	-6.72474284992	1.78676372666	1.78676372666	1.78676372666	1.78676372666	1.78676372666	1.78676372666	1.78676372666	1.78676372666	1.78676372666	1.78676372666	
8.55	132.429150004	132.550050004	132.670950004	132.791850005	132.912750005	133.033650005	133.154550005	133.275450006	133.396350006	133.517250006	-1.35851166874e-06	-1.45048671156e-06	-1.5748059757e-06	-1.79750779721e-06	-2.03487615354e-06	-2.36815241356e-06	-2.73007248932e-06	-3.17733029956e-06	-3.64543691072e-06	-4.18066582841e-06	-7.60753040512e-07	-1.02828175219e-06	-1.84203325876e-06	-1.96334454722e-06	-2.75662745433e-06	-2.99354900652e-06	-3.69940288814e-06	-3.8718495454e-06	-4.42703818375e-06	-4.52629400267e-06	165.328328278	166.452903052	167.577477826	168.7020526	169.826627374	170.951202148	172.075776922	173.200351696	174.32492647	175.449501245	-4.50426923302	-4.75098852379	-4.99770781455	-5.24442710532	-5.49114639609	-5.73786568685	-5.98458497762	-6.23130426839	-6.47802355915	-6.72474284992	1.78676372666	1.78676372666	1.78676372666	1.78676372666	1.78676372666	1.78676372666	1.78676372666	1.78676372666	1.78676372666	1.78676372666	
8.56666666667	132.429150004	132.550050004	132.670950004	132.791850005	132.912750005	133.033650005	133.154550005	133.275450006	133.396350006	133.517250006	-1.35851166874e-06	-1.45048671156e-06	-1.5748059757e-06	-1.79750779721e-06	-2.03487615354e-06	-2.36815241356e-06	-2.73007248932e-06	-3.17733029956e-06	-3.64543691072e-06	-4.18066582841e-06	-7.60753040512e-07	-1.02828175219e-06	-1.84203325876e-06	-1.96334454722e-06	-2.75662745433e-06	-2.99354900652e-06	-3.69940288814e-06	-3.8718495454e-06	-4.42703818375e-06	-4.52629400267e-06	165.328328278	166.452903052	167.577477826	168.7020526	169.826627374	170.951202148	172.075776922	173.200351696	174.32492647	175.449501245	-4.50426923302	-4.75098852379	-4.99770781455	-5.24442710532	-5.49114639609	-5.73786568685	-5.98458497762	-6.23130426839	-6.47802355915	-6.72474284992	1.78676372666	1.78676372666	1.78676372666	1.78676372666	1.78676372666	1.78676372666	1.78676372666	1.78676372666	1.78676372666	1.78676372666	
8.58333333333	132.429150004	132.550050004	132.670950004	132.791850005	132.912750005	133.033650005	133.154550005	133.275450006	133.396350006	133.517250006	-1.35851166874e-06	-1.45048671156e-06	-1.5748059757e-06	-1.79750779721e-06	-2.03487615354e-06	-2.36815241356e-06	-2.73007248932e-06	-3.17733029956e-06	-3.64543691072e-06	-4.18066582841e-06	-7.60753040512e-07	-1.02828175219e-06	-1.84203325876e-06	-1.96334454722e-06	-2.75662745433e-06	-2.99354900652e-06	-3.69940288814e-06	-3.8718495454e-06	-4.42703818375e-06	-4.52629400267e-06	165.328328278	166.452903052	167.577477826	168.7020526	169.826627374	170.951202148	172.075776922	173.200351696	174.32492647	175.449501245	-4.50426923302	-4.75098852379	-4.99770781455	-5.24442710532	-5.49114639609	-5.73786568685	-5.98458497762	-6.23130426839	-6.47802355915	-6.72474284992	1.78676372666	1.78676372666	1.78676372666	1.78676372666	1.78676372666	1.78676372666	1.78676372666	1.78676372666	1.78676372666	1.78676372666	
8.6	132.429150004	132.550050004	132.670950004	132.791850005	132.912750005	133.033650005	133.154550005	133.275450006	133.396350006	133.517250006	-1.35851166874e-06	-1.45048671156e-06	-1.5748059757e-06	-1.79750779721e-06	-2.03487615354e-06	-2.36815241356e-06	-2.73007248932e-06	-3.17733029956e-06	-3.64543691072e-06	-4.18066582841e-06	-7.60753040512e-07	-1.02828175219e-06	-1.84203325876e-06	-1.96334454722e-06	-2.75662745433e-06	-2.99354900652e-06	-3.69940288814e-06	-3.8718495454e-06	-4.42703818375e-06	-4.52629400267e-06	165.328328278	166.452903052	167.577477826	168.7020526	169.826627374	170.951202148	172.075776922	173.200351696	174.32492647	175.449501245	-4.50426923302	-4.75098852379	-4.99770781455	-5.24442710532	-5.49114639609	-5.73786568685	-5.98458497762	-6.23130426839	-6.47802355915	-6.72474284992	1.78676372666	1.78676372666	1.78676372666	1.78676372666	1.78676372666	1.78676372666	1.78676372666	1.78676372666	1.78676372666	1.78676372666	
8.61666666667	132.429150004	132.550050004	132.670950004	132.791850005	132.912750005	133.033650005	133.154550005	133.275450006	133.396350006	133.517250006	-1.35851166874e-06	-1.45048671156e-06	-1.5748059757e-06	-1.79750779721e-06	-2.03487615354e-06	-2.36815241356e-06	-2.73007248932e-06	-3.17733029956e-06	-3.64543691072e-06	-4.18066582841e-06	-7.60753040512e-07	-1.02828175219e-06	-1.84203325876e-06	-1.96334454722e-06	-2.75662745433e-06	-2.99354900652e-06	-3.69940288814e-06	-3.8718495454e-06	-4.42703818375e-06	-4.52629400267e-06	165.328328278	166.452903052	167.577477826	168.7020526	169.826627374	170.951202148	172.075776922	173.200351696	174.32492647	175.449501245	-4.50426923302	-4.75098852379	-4.99770781455	-5.24442710532	-5.49114639609	-5.73786568685	-5.98458497762	-6.23130426839	-6.47802355915	-6.72474284992	1.78676372666	1.78676372666	1.78676372666	1.78676372666	1.78676372666	1.78676372666	1.78676372666	1.78676372666	1.78676372666	1.78676372666	
8.63333333333	132.429150004	132.550050004	132.670950004	132.791850005	132.912750005	133.033650005	133.154550005	133.275450006	133.396350006	133.517250006	-1.35851166874e-06	-1.45048671156e-06	-1.5748059757e-06	-1.79750779721e-06	-2.03487615354e-06	-2.36815241356e-06	-2.73007248932e-06	-3.17733029956e-06	-3.64543691072e-06	-4.18066582841e-06	-7.60753040512e-07	-1.02828175219e-06	-1.84203325876e-06	-1.96334454722e-06	-2.75662745433e-06	-2.99354900652e-06	-3.69940288814e-06	-3.8718495454e-06	-4.42703818375e-06	-4.52629400267e-06	165.328328278	166.452903052	167.577477826	168.7020526	169.826627374	170.951202148	172.075776922	173.200351696	174.32492647	175.449501245	-4.50426923302	-4.75098852379	-4.99770781455	-5.24442710532	-5.49114639609	-5.73786568685	-5.98458497762	-6.23130426839	-6.47802355915	-6.72474284992	1.78676372666	1.78676372666	1.78676372666	1.78676372666	1.78676372666	1.78676372666	1.78676372666	1.78676372666	1.78676372666	1.78676372666	
8.65	132.429150004	132.550050004	132.670950004	132.791850005	132.912750005	133.033650005	133.154550005	133.275450006	133.396350006	133.517250006	-1.35851166874e-06	-1.45048671156e-06	-1.5748059757e-06	-1.79750779721e-06	-2.03487615354e-06	-2.36815241356e-06	-2.73007248932e-06	-3.17733029956e-06	-3.64543691072e-06	-4.18066582841e-06	-7.60753040512e-07	-1.02828175219e-06	-1.84203325876e-06	-1.96334454722e-06	-2.75662745433e-06	-2.99354900652e-06	-3.69940288814e-06	-3.8718495454e-06	-4.42703818375e-06	-4.52629400267e-06	165.328328278	166.452903052	167.577477826	168.7020526	169.826627374	170.951202148	172.075776922	173.200351696	174.32492647	175.449501245	-4.50426923302	-4.75098852379	-4.99770781455	-5.24442710532	-5.49114639609	-5.73786568685	-5.98458497762	-6.23130426839	-6.47802355915	-6.72474284992	1.78676372666	1.78676372666	1.78676372666	1.78676372666	1.78676372666	1.78676372666	1.78676372666	1.78676372666	1.78676372666	1.78676372666	
8.66666666667	132.429150004	132.550050004	132.670950004	132.791850005	132.912750005	133.033650005	133.154550005	133.275450006	133.396350006	133.517250006	-1.35851166874e-06	-1.45048671156e-06	-1.5748059757e-06	-1.79750779721e-06	-2.03487615354e-06	-2.36815241356e-06	-2.73007248932e-06	-3.17733029956e-06	-3.64543691072e-06	-4.18066582841e-06	-7.60753040512e-07	-1.02828175219e-06	-1.84203325876e-06	-1.96334454722e-06	-2.75662745433e-06	-2.99354900652e-06	-3.69940288814e-06	-3.8718495454e-06	-4.42703818375e-06	-4.52629400267e-06	165.328328278	166.452903052	167.577477826	168.7020526	169.826627374	170.951202148	172.075776922	173.200351696	174.32492647	175.449501245	-4.50426923302	-4.75098852379	-4.99770781455	-5.24442710532	-5.49114639609	-5.73786568685	-5.98458497762	-6.23130426839	-6.47802355915	-6.72474284992	1.78676372666	1.78676372666	1.78676372666	1.78676372666	1.78676372666	1.78676372666	1.78676372666	1.78676372666	1.78676372666	1.78676372666	
8.68333333333	132.429150004	132.550050004	132.670950004	132.791850005	132.912750005	133.033650005	133.154550005	133.275450006	133.396350006	133.517250006	-1.35851166874e-06	-1.45048671156e-06	-1.5748059757e-06	-1.79750779721e-06	-2.03487615354e-06	-2.36815241356e-06	-2.73007248932e-06	-3.17733029956e-06	-3.64543691072e-06	-4.18066582841e-06	-7.60753040512e-07	-1.02828175219e-06	-1.84203325876e-06	-1.96334454722e-06	-2.75662745433e-06	-2.99354900652e-06	-3.69940288814e-06	-3.8718495454e-06	-4.42703818375e-06	-4.52629400267e-06	165.328328278	166.452903052	167.577477826	168.7020526	169.826627374	170.951202148	172.075776922	173.200351696	174.32492647	175.449501245	-4.50426923302	-4.75098852379	-4.99770781455	-5.24442710532	-5.49114639609	-5.73786568685	-5.98458497762	-6.23130426839	-6.47802355915	-6.72474284992	1.78676372666	1.78676372666	1.78676372666	1.78676372666	1.78676372666	1.78676372666	1.78676372666	1.78676372666	1.78676372666	1.78676372666	
8.7	132.429150004	132.550050004	132.670950004	132.791850005	132.912750005	133.033650005	133.154550005	133.275450006	133.396350006	133.517250006	-1.35851166874e-06	-1.45048671156e-06	-1.5748059757e-06	-1.79750779721e-06	-2.03487615354e-06	-2.36815241356e-06	-2.73007248932e-06	-3.17733029956e-06	-3.64543691072e-06	-4.18066582841e-06	-7.60753040512e-07	-1.02828175219e-06	-1.84203325876e-06	-1.96334454722e-06	-2.75662745433e-06	-2.99354900652e-06	-3.69940288814e-06	-3.8718495454e-06	-4.42703818375e-06	-4.52629400267e-06	165.328328278	166.452903052	167.577477826	168.7020526	169.826627374	170.951202148	172.075776922	173.200351696	174.32492647	175.449501245	-4.50426923302	-4.75098852379	-4.99770781455	-5.24442710532	-5.49114639609	-5.73786568685	-5.98458497762	-6.23130426839	-6.47802355915	-6.72474284992	1.78676372666	1.78676372666	1.78676372666	1.78676372666	1.78676372666	1.78676372666	1.78676372666	1.78676372666	1.78676372666	1.78676372666	
8.71666666667	132.429150004	132.550050004	132.670950004	132.791850005	132.912750005	133.033650005	133.154550005	133.275450006	133.396350006	133.517250006	-1.35851166874e-06	-1.45048671156e-06	-1.5748059757e-06	-1.79750779721e-06	-2.03487615354e-06	-2.36815241356e-06	-2.73007248932e-06	-3.17733029956e-06	-3.64543691072e-06	-4.18066582841e-06	-7.60753040512e-07	-1.02828175219e-06	-1.84203325876e-06	-1.96334454722e-06	-2.75662745433e-06	-2.99354900652e-06	-3.69940288814e-06	-3.8718495454e-06	-4.42703818375e-06	-4.52629400267e-06	165.328328278	166.452903052	167.577477826	168.7020526	169.826627374	170.951202148	172.075776922	173.200351696	174.32492647	175.449501245	-4.50426923302	-4.75098852379	-4.99770781455	-5.24442710532	-5.49114639609	-5.73786568685	-5.98458497762	-6.23130426839	-6.47802355915	-6.72474284992	1.78676372666	1.78676372666	1.78676372666	1.78676372666	1.78676372666	1.78676372666	1.78676372666	1.78676372666	1.78676372666	1.78676372666	
8.73333333333	132.429150004	132.550050004	132.670950004	132.791850005	132.912750005	133.033650005	133.154550005	133.275450006	133.396350006	133.517250006	-1.35851166874e-06	-1.45048671156e-06	-1.5748059757e-06	-1.79750779721e-06	-2.03487615354e-06	-2.36815241356e-06	-2.73007248932e-06	-3.17733029956e-06	-3.64543691072e-06	-4.18066582841e-06	-7.60753040512e-07	-1.02828175219e-06	-1.84203325876e-06	-1.96334454722e-06	-2.75662745433e-06	-2.99354900652e-06	-3.69940288814e-06	-3.8718495454e-06	-4.42703818375e-06	-4.52629400267e-06	165.328328278	166.452903052	167.577477826	168.7020526	169.826627374	170.951202148	172.075776922	173.200351696	174.32492647	175.449501245	-4.50426923302	-4.75098852379	-4.99770781455	-5.24442710532	-5.49114639609	-5.73786568685	-5.98458497762	-6.23130426839	-6.47802355915	-6.72474284992	1.78676372666	1.78676372666	1.78676372666	1.78676372666	1.78676372666	1.78676372666	1.78676372666	1.78676372666	1.78676372666	1.78676372666	
8.75	132.429150004	132.550050004	132.670950004	132.791850005	132.912750005	133.033650005	133.154550005	133.275450006	133.396350006	133.517250006	-1.35851166874e-06	-1.45048671156e-06	-1.5748059757e-06	-1.79750779721e-06	-2.03487615354e-06	-2.36815241356e-06	-2.73007248932e-06	-3.17733029956e-06	-3.64543691072e-06	-4.18066582841e-06	-7.60753040512e-07	-1.02828175219e-06	-1.84203325876e-06	-1.96334454722e-06	-2.75662745433e-06	-2.99354900652e-06	-3.69940288814e-06	-3.8718495454e-06	-4.42703818375e-06	-4.52629400267e-06	165.328328278	166.452903052	167.577477826	168.7020526	169.826627374	170.951202148	172.075776922	173.200351696	174.32492647	175.449501245	-4.50426923302	-4.75098852379	-4.99770781455	-5.24442710532	-5.49114639609	-5.73786568685	-5.98458497762	-6.23130426839	-6.47802355915	-6.72474284992	1.78676372666	1.78676372666	1.78676372666	1.78676372666	1.78676372666	1.78676372666	1.78676372666	1.78676372666	1.78676372666	1.78676372666	
8.76666666667	132.429150004	132.550050004	132.670950004	132.791850005	132.912750005	133.033650005	133.154550005	133.275450006	133.396350006	133.517250006	-1.35851166874e-06	-1.45048671156e-06	-1.5748059757e-06	-1.79750779721e-06	-2.03487615354e-06	-2.36815241356e-06	-2.73007248932e-06	-3.17733029956e-06	-3.64543691072e-06	-4.18066582841e-06	-7.60753040512e-07	-1.02828175219e-06	-1.84203325876e-06	-1.96334454722e-06	-2.75662745433e-06	-2.99354900652e-06	-3.69940288814e-06	-3.8718495454e-06	-4.42703818375e-06	-4.52629400267e-06	165.328328278	166.452903052	167.577477826	168.7020526	169.826627374	170.951202148	172.075776922	173.200351696	174.32492647	175.449501245	-4.50426923302	-4.75098852379	-4.99770781455	-5.24442710532	-5.49114639609	-5.73786568685	-5.98458497762	-6.23130426839	-6.47802355915	-6.72474284992	1.78676372666	1.78676372666	1.78676372666	1.78676372666	1.78676372666	1.78676372666	1.78676372666	1.78676372666	1.78676372666	1.78676372666	
8.78333333333	132.429150004	132.550050004	132.670950004	132.791850005	132.912750005	133.033650005	133.154550005	133.275450006	133.396350006	133.517250006	-1.35851166874e-06	-1.45048671156e-06	-1.5748059757e-06	-1.79750779721e-06	-2.03487615354e-06	-2.36815241356e-06	-2.73007248932e-06	-3.17733029956e-06	-3.64543691072e-06	-4.18066582841e-06	-7.60753040512e-07	-1.02828175219e-06	-1.84203325876e-06	-1.96334454722e-06	-2.75662745433e-06	-2.99354900652e-06	-3.69940288814e-06	-3.8718495454e-06	-4.42703818375e-06	-4.52629400267e-06	165.328328278	166.452903052	167.577477826	168.7020526	169.826627374	170.951202148	172.075776922	173.200351696	174.32492647	175.449501245	-4.50426923302	-4.75098852379	-4.99770781455	-5.24442710532	-5.49114639609	-5.73786568685	-5.98458497762	-6.23130426839	-6.47802355915	-6.72474284992	1.78676372666	1.78676372666	1.78676372666	1.78676372666	1.78676372666	1.78676372666	1.78676372666	1.78676372666	1.78676372666	1.78676372666	
8.8	132.429150004	132.550050004	132.670950004	132.791850005	132.912750005	133.033650005	133.154550005	133.275450006	133.396350006	133.517250006	-1.35851166874e-06	-1.45048671156e-06	-1.5748059757e-06	-1.79750779721e-06	-2.03487615354e-06	-2.36815241356e-06	-2.73007248932e-06	-3.17733029956e-06	-3.64543691072e-06	-4.18066582841e-06	-7.60753040512e-07	-1.02828175219e-06	-1.84203325876e-06	-1.96334454722e-06	-2.75662745433e-06	-2.99354900652e-06	-3.69940288814e-06	-3.8718495454e-06	-4.42703818375e-06	-4.52629400267e-06	165.328328278	166.452903052	167.577477826	168.7020526	169.826627374	170.951202148	172.075776922	173.200351696	174.32492647	175.449501245	-4.50426923302	-4.75098852379	-4.99770781455	-5.24442710532	-5.49114639609	-5.73786568685	-5.98458497762	-6.23130426839	-6.47802355915	-6.72474284992	1.78676372666	1.78676372666	1.78676372666	1.78676372666	1.78676372666	1.78676372666	1.78676372666	1.78676372666	1.78676372666	1.78676372666	
8.81666666667	132.429150004	132.550050004	132.670950004	132.791850005	132.912750005	133.033650005	133.154550005	133.275450006	133.396350006	133.517250006	-1.35851166874e-06	-1.45048671156e-06	-1.5748059757e-06	-1.79750779721e-06	-2.03487615354e-06	-2.36815241356e-06	-2.73007248932e-06	-3.17733029956e-06	-3.64543691072e-06	-4.18066582841e-06	-7.60753040512e-07	-1.02828175219e-06	-1.84203325876e-06	-1.96334454722e-06	-2.75662745433e-06	-2.99354900652e-06	-3.69940288814e-06	-3.8718495454e-06	-4.42703818375e-06	-4.52629400267e-06	165.328328278	166.452903052	167.577477826	168.7020526	169.826627374	170.951202148	172.075776922	173.200351696	174.32492647	175.449501245	-4.50426923302	-4.75098852379	-4.99770781455	-5.24442710532	-5.49114639609	-5.73786568685	-5.98458497762	-6.23130426839	-6.47802355915	-6.72474284992	1.78676372666	1.78676372666	1.78676372666	1.78676372666	1.78676372666	1.78676372666	1.78676372666	1.78676372666	1.78676372666	1.78676372666	
8.83333333333	132.429150004	132.550050004	132.670950004	132.791850005	132.912750005	133.033650005	133.154550005	133.275450006	133.396350006	133.517250006	-1.35851166874e-06	-1.45048671156e-06	-1.5748059757e-06	-1.79750779721e-06	-2.03487615354e-06	-2.36815241356e-06	-2.73007248932e-06	-3.17733029956e-06	-3.64543691072e-06	-4.18066582841e-06	-7.60753040512e-07	-1.02828175219e-06	-1.84203325876e-06	-1.96334454722e-06	-2.75662745433e-06	-2.99354900652e-06	-3.69940288814e-06	-3.8718495454e-06	-4.42703818375e-06	-4.52629400267e-06	165.328328278	166.452903052	167.577477826	168.7020526	169.826627374	170.951202148	172.075776922	173.200351696	174.32492647	175.449501245	-4.50426923302	-4.75098852379	-4.99770781455	-5.24442710532	-5.49114639609	-5.73786568685	-5.98458497762	-6.23130426839	-6.47802355915	-6.72474284992	1.78676372666	1.78676372666	1.78676372666	1.78676372666	1.78676372666	1.78676372666	1.78676372666	1.78676372666	1.78676372666	1.78676372666	
8.85	132.429150004	132.550050004	132.670950004	132.791850005	132.912750005	133.033650005	133.154550005	133.275450006	133.396350006	133.517250006	-1.35851166874e-06	-1.45048671156e-06	-1.5748059757e-06	-1.79750779721e-06	-2.03487615354e-06	-2.36815241356e-06	-2.73007248932e-06	-3.17733029956e-06	-3.64543691072e-06	-4.18066582841e-06	-7.60753040512e-07	-1.02828175219e-06	-1.84203325876e-06	-1.96334454722e-06	-2.75662745433e-06	-2.99354900652e-06	-3.69940288814e-06	-3.8718495454e-06	-4.42703818375e-06	-4.52629400267e-06	165.328328278	166.452903052	167.577477826	168.7020526	169.826627374	170.951202148	172.075776922	173.200351696	174.32492647	175.449501245	-4.50426923302	-4.75098852379	-4.99770781455	-5.24442710532	-5.49114639609	-5.73786568685	-5.98458497762	-6.23130426839	-6.47802355915	-6.72474284992	1.78676372666	1.78676372666	1.78676372666	1.78676372666	1.78676372666	1.78676372666	1.78676372666	1.78676372666	1.78676372666	1.78676372666	
8.86666666667	132.429150004	132.550050004	132.670950004	132.791850005	132.912750005	133.033650005	133.154550005	133.275450006	133.396350006	133.517250006	-1.35851166874e-06	-1.45048671156e-06	-1.5748059757e-06	-1.79750779721e-06	-2.03487615354e-06	-2.36815241356e-06	-2.73007248932e-06	-3.17733029956e-06	-3.64543691072e-06	-4.18066582841e-06	-7.60753040512e-07	-1.02828175219e-06	-1.84203325876e-06	-1.96334454722e-06	-2.75662745433e-06	-2.99354900652e-06	-3.69940288814e-06	-3.8718495454e-06	-4.42703818375e-06	-4.52629400267e-06	165.328328278	166.452903052	167.577477826	168.7020526	169.826627374	170.951202148	172.075776922	173.200351696	174.32492647	175.449501245	-4.50426923302	-4.75098852379	-4.99770781455	-5.24442710532	-5.49114639609	-5.73786568685	-5.98458497762	-6.23130426839	-6.47802355915	-6.72474284992	1.78676372666	1.78676372666	1.78676372666	1.78676372666	1.78676372666	1.78676372666	1.78676372666	1.78676372666	1.78676372666	1.78676372666	
8.88333333333	132.429150004	132.550050004	132.670950004	132.791850005	132.912750005	133.033650005	133.154550005	133.275450006	133.396350006	133.517250006	-1.35851166874e-06	-1.45048671156e-06	-1.5748059757e-06	-1.79750779721e-06	-2.03487615354e-06	-2.36815241356e-06	-2.73007248932e-06	-3.17733029956e-06	-3.64543691072e-06	-4.18066582841e-06	-7.60753040512e-07	-1.02828175219e-06	-1.84203325876e-06	-1.96334454722e-06	-2.75662745433e-06	-2.99354900652e-06	-3.69940288814e-06	-3.8718495454e-06	-4.42703818375e-06	-4.52629400267e-06	165.328328278	166.452903052	167.577477826	168.7020526	169.826627374	170.951202148	172.075776922	173.200351696	174.32492647	175.449501245	-4.50426923302	-4.75098852379	-4.99770781455	-5.24442710532	-5.49114639609	-5.73786568685	-5.98458497762	-6.23130426839	-6.47802355915	-6.72474284992	1.78676372666	1.78676372666	1.78676372666	1.78676372666	1.78676372666	1.78676372666	1.78676372666	1.78676372666	1.78676372666	1.78676372666	
8.9	132.429150004	132.550050004	132.670950004	132.791850005	132.912750005	133.033650005	133.154550005	133.275450006	133.396350006	133.517250006	-1.35851166874e-06	-1.45048671156e-06	-1.5748059757e-06	-1.79750779721e-06	-2.03487615354e-06	-2.36815241356e-06	-2.73007248932e-06	-3.17733029956e-06	-3.64543691072e-06	-4.18066582841e-06	-7.60753040512e-07	-1.02828175219e-06	-1.84203325876e-06	-1.96334454722e-06	-2.75662745433e-06	-2.99354900652e-06	-3.69940288814e-06	-3.8718495454e-06	-4.42703818375e-06	-4.52629400267e-06	165.328328278	166.452903052	167.577477826	168.7020526	169.826627374	170.951202148	172.075776922	173.200351696	174.32492647	175.449501245	-4.50426923302	-4.75098852379	-4.99770781455	-5.24442710532	-5.49114639609	-5.73786568685	-5.98458497762	-6.23130426839	-6.47802355915	-6.72474284992	1.78676372666	1.78676372666	1.78676372666	1.78676372666	1.78676372666	1.78676372666	1.78676372666	1.78676372666	1.78676372666	1.78676372666	
8.91666666667	132.429150004	132.550050004	132.670950004	132.791850005	132.912750005	133.033650005	133.154550005	133.275450006	133.396350006	133.517250006	-1.35851166874e-06	-1.45048671156e-06	-1.5748059757e-06	-1.79750779721e-06	-2.03487615354e-06	-2.36815241356e-06	-2.73007248932e-06	-3.17733029956e-06	-3.64543691072e-06	-4.18066582841e-06	-7.60753040512e-07	-1.02828175219e-06	-1.84203325876e-06	-1.96334454722e-06	-2.75662745433e-06	-2.99354900652e-06	-3.69940288814e-06	-3.8718495454e-06	-4.42703818375e-06	-4.52629400267e-06	165.328328278	166.452903052	167.577477826	168.7020526	169.826627374	170.951202148	172.075776922	173.200351696	174.32492647	175.449501245	-4.50426923302	-4.75098852379	-4.99770781455	-5.24442710532	-5.49114639609	-5.73786568685	-5.98458497762	-6.23130426839	-6.47802355915	-6.72474284992	1.78676372666	1.78676372666	1.78676372666	1.78676372666	1.78676372666	1.78676372666	1.78676372666	1.78676372666	1.78676372666	1.78676372666	
8.93333333333	132.429150004	132.550050004	132.670950004	132.791850005	132.912750005	133.033650005	133.154550005	133.275450006	133.396350006	133.517250006	-1.35851166874e-06	-1.45048671156e-06	-1.5748059757e-06	-1.79750779721e-06	-2.03487615354e-06	-2.36815241356e-06	-2.73007248932e-06	-3.17733029956e-06	-3.64543691072e-06	-4.18066582841e-06	-7.60753040512e-07	-1.02828175219e-06	-1.84203325876e-06	-1.96334454722e-06	-2.75662745433e-06	-2.99354900652e-06	-3.69940288814e-06	-3.8718495454e-06	-4.42703818375e-06	-4.52629400267e-06	165.328328278	166.452903052	167.577477826	168.7020526	169.826627374	170.951202148	172.075776922	173.200351696	174.32492647	175.449501245	-4.50426923302	-4.75098852379	-4.99770781455	-5.24442710532	-5.49114639609	-5.73786568685	-5.98458497762	-6.23130426839	-6.47802355915	-6.72474284992	1.78676372666	1.78676372666	1.78676372666	1.78676372666	1.78676372666	1.78676372666	1.78676372666	1.78676372666	1.78676372666	1.78676372666	
8.95	132.429150004	132.550050004	132.670950004	132.791850005	132.912750005	133.033650005	133.154550005	133.275450006	133.396350006	133.517250006	-1.35851166874e-06	-1.45048671156e-06	-1.5748059757e-06	-1.79750779721e-06	-2.03487615354e-06	-2.36815241356e-06	-2.73007248932e-06	-3.17733029956e-06	-3.64543691072e-06	-4.18066582841e-06	-7.60753040512e-07	-1.02828175219e-06	-1.84203325876e-06	-1.96334454722e-06	-2.75662745433e-06	-2.99354900652e-06	-3.69940288814e-06	-3.8718495454e-06	-4.42703818375e-06	-4.52629400267e-06	165.328328278	166.452903052	167.577477826	168.7020526	169.826627374	170.951202148	172.075776922	173.200351696	174.32492647	175.449501245	-4.50426923302	-4.75098852379	-4.99770781455	-5.24442710532	-5.49114639609	-5.73786568685	-5.98458497762	-6.23130426839	-6.47802355915	-6.72474284992	1.78676372666	1.78676372666	1.78676372666	1.78676372666	1.78676372666	1.78676372666	1.78676372666	1.78676372666	1.78676372666	1.78676372666	
8.96666666667	132.429150004	132.550050004	132.670950004	132.791850005	132.912750005	133.033650005	133.154550005	133.275450006	133.396350006	133.517250006	-1.35851166874e-06	-1.45048671156e-06	-1.5748059757e-06	-1.79750779721e-06	-2.03487615354e-06	-2.36815241356e-06	-2.73007248932e-06	-3.17733029956e-06	-3.64543691072e-06	-4.18066582841e-06	-7.60753040512e-07	-1.02828175219e-06	-1.84203325876e-06	-1.96334454722e-06	-2.75662745433e-06	-2.99354900652e-06	-3.69940288814e-06	-3.8718495454e-06	-4.42703818375e-06	-4.52629400267e-06	165.328328278	166.452903052	167.577477826	168.7020526	169.826627374	170.951202148	172.075776922	173.200351696	174.32492647	175.449501245	-4.50426923302	-4.75098852379	-4.99770781455	-5.24442710532	-5.49114639609	-5.73786568685	-5.98458497762	-6.23130426839	-6.47802355915	-6.72474284992	1.78676372666	1.78676372666	1.78676372666	1.78676372666	1.78676372666	1.78676372666	1.78676372666	1.78676372666	1.78676372666	1.78676372666	
8.98333333333	132.429150004	132.550050004	132.670950004	132.791850005	132.912750005	133.033650005	133.154550005	133.275450006	133.396350006	133.517250006	-1.35851166874e-06	-1.45048671156e-06	-1.5748059757e-06	-1.79750779721e-06	-2.03487615354e-06	-2.36815241356e-06	-2.73007248932e-06	-3.17733029956e-06	-3.64543691072e-06	-4.18066582841e-06	-7.60753040512e-07	-1.02828175219e-06	-1.84203325876e-06	-1.96334454722e-06	-2.75662745433e-06	-2.99354900652e-06	-3.69940288814e-06	-3.8718495454e-06	-4.42703818375e-06	-4.52629400267e-06	165.328328278	166.452903052	167.577477826	168.7020526	169.826627374	170.951202148	172.075776922	173.200351696	174.32492647	175.449501245	-4.50426923302	-4.75098852379	-4.99770781455	-5.24442710532	-5.49114639609	-5.73786568685	-5.98458497762	-6.23130426839	-6.47802355915	-6.72474284992	1.78676372666	1.78676372666	1.78676372666	1.78676372666	1.78676372666	1.78676372666	1.78676372666	1.78676372666	1.78676372666	1.78676372666	
9.0	132.429150004	132.550050004	132.670950004	132.791850005	132.912750005	133.033650005	133.154550005	133.275450006	133.396350006	133.517250006	-1.35851166874e-06	-1.45048671156e-06	-1.5748059757e-06	-1.79750779721e-06	-2.03487615354e-06	-2.36815241356e-06	-2.73007248932e-06	-3.17733029956e-06	-3.64543691072e-06	-4.18066582841e-06	-7.60753040512e-07	-1.02828175219e-06	-1.84203325876e-06	-1.96334454722e-06	-2.75662745433e-06	-2.99354900652e-06	-3.69940288814e-06	-3.8718495454e-06	-4.42703818375e-06	-4.52629400267e-06	165.328328278	166.452903052	167.577477826	168.7020526	169.826627374	170.951202148	172.075776922	173.200351696	174.32492647	175.449501245	-4.50426923302	-4.75098852379	-4.99770781455	-5.24442710532	-5.49114639609	-5.73786568685	-5.98458497762	-6.23130426839	-6.47802355915	-6.72474284992	1.78676372666	1.78676372666	1.78676372666	1.78676372666	1.78676372666	1.78676372666	1.78676372666	1.78676372666	1.78676372666	1.78676372666	
9.01666666667	132.429150004	132.550050004	132.670950004	132.791850005	132.912750005	133.033650005	133.154550005	133.275450006	133.396350006	133.517250006	-1.35851166874e-06	-1.45048671156e-06	-1.5748059757e-06	-1.79750779721e-06	-2.03487615354e-06	-2.36815241356e-06	-2.73007248932e-06	-3.17733029956e-06	-3.64543691072e-06	-4.18066582841e-06	-7.60753040512e-07	-1.02828175219e-06	-1.84203325876e-06	-1.96334454722e-06	-2.75662745433e-06	-2.99354900652e-06	-3.69940288814e-06	-3.8718495454e-06	-4.42703818375e-06	-4.52629400267e-06	165.328328278	166.452903052	167.577477826	168.7020526	169.826627374	170.951202148	172.075776922	173.200351696	174.32492647	175.449501245	-4.50426923302	-4.75098852379	-4.99770781455	-5.24442710532	-5.49114639609	-5.73786568685	-5.98458497762	-6.23130426839	-6.47802355915	-6.72474284992	1.78676372666	1.78676372666	1.78676372666	1.78676372666	1.78676372666	1.78676372666	1.78676372666	1.78676372666	1.78676372666	1.78676372666	
9.03333333333	132.429150004	132.550050004	132.670950004	132.791850005	132.912750005	133.033650005	133.154550005	133.275450006	133.396350006	133.517250006	-1.35851166874e-06	-1.45048671156e-06	-1.5748059757e-06	-1.79750779721e-06	-2.03487615354e-06	-2.36815241356e-06	-2.73007248932e-06	-3.17733029956e-06	-3.64543691072e-06	-4.18066582841e-06	-7.60753040512e-07	-1.02828175219e-06	-1.84203325876e-06	-1.96334454722e-06	-2.75662745433e-06	-2.99354900652e-06	-3.69940288814e-06	-3.8718495454e-06	-4.42703818375e-06	-4.52629400267e-06	165.328328278	166.452903052	167.577477826	168.7020526	169.826627374	170.951202148	172.075776922	173.200351696	174.32492647	175.449501245	-4.50426923302	-4.75098852379	-4.99770781455	-5.24442710532	-5.49114639609	-5.73786568685	-5.98458497762	-6.23130426839	-6.47802355915	-6.72474284992	1.78676372666	1.78676372666	1.78676372666	1.78676372666	1.78676372666	1.78676372666	1.78676372666	1.78676372666	1.78676372666	1.78676372666	
9.05	132.429150004	132.550050004	132.670950004	132.791850005	132.912750005	133.033650005	133.154550005	133.275450006	133.396350006	133.517250006	-1.35851166874e-06	-1.45048671156e-06	-1.5748059757e-06	-1.79750779721e-06	-2.03487615354e-06	-2.36815241356e-06	-2.73007248932e-06	-3.17733029956e-06	-3.64543691072e-06	-4.18066582841e-06	-7.60753040512e-07	-1.02828175219e-06	-1.84203325876e-06	-1.96334454722e-06	-2.75662745433e-06	-2.99354900652e-06	-3.69940288814e-06	-3.8718495454e-06	-4.42703818375e-06	-4.52629400267e-06	165.328328278	166.452903052	167.577477826	168.7020526	169.826627374	170.951202148	172.075776922	173.200351696	174.32492647	175.449501245	-4.50426923302	-4.75098852379	-4.99770781455	-5.24442710532	-5.49114639609	-5.73786568685	-5.98458497762	-6.23130426839	-6.47802355915	-6.72474284992	1.78676372666	1.78676372666	1.78676372666	1.78676372666	1.78676372666	1.78676372666	1.78676372666	1.78676372666	1.78676372666	1.78676372666	
9.06666666667	132.429150004	132.550050004	132.670950004	132.791850005	132.912750005	133.033650005	133.154550005	133.275450006	133.396350006	133.517250006	-1.35851166874e-06	-1.45048671156e-06	-1.5748059757e-06	-1.79750779721e-06	-2.03487615354e-06	-2.36815241356e-06	-2.73007248932e-06	-3.17733029956e-06	-3.64543691072e-06	-4.18066582841e-06	-7.60753040512e-07	-1.02828175219e-06	-1.84203325876e-06	-1.96334454722e-06	-2.75662745433e-06	-2.99354900652e-06	-3.69940288814e-06	-3.8718495454e-06	-4.42703818375e-06	-4.52629400267e-06	165.328328278	166.452903052	167.577477826	168.7020526	169.826627374	170.951202148	172.075776922	173.200351696	174.32492647	175.449501245	-4.50426923302	-4.75098852379	-4.99770781455	-5.24442710532	-5.49114639609	-5.73786568685	-5.98458497762	-6.23130426839	-6.47802355915	-6.72474284992	1.78676372666	1.78676372666	1.78676372666	1.78676372666	1.78676372666	1.78676372666	1.78676372666	1.78676372666	1.78676372666	1.78676372666	
9.08333333333	132.429150004	132.550050004	132.670950004	132.791850005	132.912750005	133.033650005	133.154550005	133.275450006	133.396350006	133.517250006	-1.35851166874e-06	-1.45048671156e-06	-1.5748059757e-06	-1.79750779721e-06	-2.03487615354e-06	-2.36815241356e-06	-2.73007248932e-06	-3.17733029956e-06	-3.64543691072e-06	-4.18066582841e-06	-7.60753040512e-07	-1.02828175219e-06	-1.84203325876e-06	-1.96334454722e-06	-2.75662745433e-06	-2.99354900652e-06	-3.69940288814e-06	-3.8718495454e-06	-4.42703818375e-06	-4.52629400267e-06	165.328328278	166.452903052	167.577477826	168.7020526	169.826627374	170.951202148	172.075776922	173.200351696	174.32492647	175.449501245	-4.50426923302	-4.75098852379	-4.99770781455	-5.24442710532	-5.49114639609	-5.73786568685	-5.98458497762	-6.23130426839	-6.47802355915	-6.72474284992	1.78676372666	1.78676372666	1.78676372666	1.78676372666	1.78676372666	1.78676372666	1.78676372666	1.78676372666	1.78676372666	1.78676372666	
9.1	132.429150004	132.550050004	132.670950004	132.791850005	132.912750005	133.033650005	133.154550005	133.275450006	133.396350006	133.517250006	-1.35851166874e-06	-1.45048671156e-06	-1.5748059757e-06	-1.79750779721e-06	-2.03487615354e-06	-2.36815241356e-06	-2.73007248932e-06	-3.17733029956e-06	-3.64543691072e-06	-4.18066582841e-06	-7.60753040512e-07	-1.02828175219e-06	-1.84203325876e-06	-1.96334454722e-06	-2.75662745433e-06	-2.99354900652e-06	-3.69940288814e-06	-3.8718495454e-06	-4.42703818375e-06	-4.52629400267e-06	165.328328278	166.452903052	167.577477826	168.7020526	169.826627374	170.951202148	172.075776922	173.200351696	174.32492647	175.449501245	-4.50426923302	-4.75098852379	-4.99770781455	-5.24442710532	-5.49114639609	-5.73786568685	-5.98458497762	-6.23130426839	-6.47802355915	-6.72474284992	1.78676372666	1.78676372666	1.78676372666	1.78676372666	1.78676372666	1.78676372666	1.78676372666	1.78676372666	1.78676372666	1.78676372666	
9.11666666667	132.429150004	132.550050004	132.670950004	132.791850005	132.912750005	133.033650005	133.154550005	133.275450006	133.396350006	133.517250006	-1.35851166874e-06	-1.45048671156e-06	-1.5748059757e-06	-1.79750779721e-06	-2.03487615354e-06	-2.36815241356e-06	-2.73007248932e-06	-3.17733029956e-06	-3.64543691072e-06	-4.18066582841e-06	-7.60753040512e-07	-1.02828175219e-06	-1.84203325876e-06	-1.96334454722e-06	-2.75662745433e-06	-2.99354900652e-06	-3.69940288814e-06	-3.8718495454e-06	-4.42703818375e-06	-4.52629400267e-06	165.328328278	166.452903052	167.577477826	168.7020526	169.826627374	170.951202148	172.075776922	173.200351696	174.32492647	175.449501245	-4.50426923302	-4.75098852379	-4.99770781455	-5.24442710532	-5.49114639609	-5.73786568685	-5.98458497762	-6.23130426839	-6.47802355915	-6.72474284992	1.78676372666	1.78676372666	1.78676372666	1.78676372666	1.78676372666	1.78676372666	1.78676372666	1.78676372666	1.78676372666	1.78676372666	
9.13333333333	132.429150004	132.550050004	132.670950004	132.791850005	132.912750005	133.033650005	133.154550005	133.275450006	133.396350006	133.517250006	-1.35851166874e-06	-1.45048671156e-06	-1.5748059757e-06	-1.79750779721e-06	-2.03487615354e-06	-2.36815241356e-06	-2.73007248932e-06	-3.17733029956e-06	-3.64543691072e-06	-4.18066582841e-06	-7.60753040512e-07	-1.02828175219e-06	-1.84203325876e-06	-1.96334454722e-06	-2.75662745433e-06	-2.99354900652e-06	-3.69940288814e-06	-3.8718495454e-06	-4.42703818375e-06	-4.52629400267e-06	165.328328278	166.452903052	167.577477826	168.7020526	169.826627374	170.951202148	172.075776922	173.200351696	174.32492647	175.449501245	-4.50426923302	-4.75098852379	-4.99770781455	-5.24442710532	-5.49114639609	-5.73786568685	-5.98458497762	-6.23130426839	-6.47802355915	-6.72474284992	1.78676372666	1.78676372666	1.78676372666	1.78676372666	1.78676372666	1.78676372666	1.78676372666	1.78676372666	1.78676372666	1.78676372666	
9.15	132.429150004	132.550050004	132.670950004	132.791850005	132.912750005	133.033650005	133.154550005	133.275450006	133.396350006	133.517250006	-1.35851166874e-06	-1.45048671156e-06	-1.5748059757e-06	-1.79750779721e-06	-2.03487615354e-06	-2.36815241356e-06	-2.73007248932e-06	-3.17733029956e-06	-3.64543691072e-06	-4.18066582841e-06	-7.60753040512e-07	-1.02828175219e-06	-1.84203325876e-06	-1.96334454722e-06	-2.75662745433e-06	-2.99354900652e-06	-3.69940288814e-06	-3.8718495454e-06	-4.42703818375e-06	-4.52629400267e-06	165.328328278	166.452903052	167.577477826	168.7020526	169.826627374	170.951202148	172.075776922	173.200351696	174.32492647	175.449501245	-4.50426923302	-4.75098852379	-4.99770781455	-5.24442710532	-5.49114639609	-5.73786568685	-5.98458497762	-6.23130426839	-6.47802355915	-6.72474284992	1.78676372666	1.78676372666	1.78676372666	1.78676372666	1.78676372666	1.78676372666	1.78676372666	1.78676372666	1.78676372666	1.78676372666	
9.16666666667	132.429150004	132.550050004	132.670950004	132.791850005	132.912750005	133.033650005	133.154550005	133.275450006	133.396350006	133.517250006	-1.35851166874e-06	-1.45048671156e-06	-1.5748059757e-06	-1.79750779721e-06	-2.03487615354e-06	-2.36815241356e-06	-2.73007248932e-06	-3.17733029956e-06	-3.64543691072e-06	-4.18066582841e-06	-7.60753040512e-07	-1.02828175219e-06	-1.84203325876e-06	-1.96334454722e-06	-2.75662745433e-06	-2.99354900652e-06	-3.69940288814e-06	-3.8718495454e-06	-4.42703818375e-06	-4.52629400267e-06	165.328328278	166.452903052	167.577477826	168.7020526	169.826627374	170.951202148	172.075776922	173.200351696	174.32492647	175.449501245	-4.50426923302	-4.75098852379	-4.99770781455	-5.24442710532	-5.49114639609	-5.73786568685	-5.98458497762	-6.23130426839	-6.47802355915	-6.72474284992	1.78676372666	1.78676372666	1.78676372666	1.78676372666	1.78676372666	1.78676372666	1.78676372666	1.78676372666	1.78676372666	1.78676372666	
9.18333333333	132.429150004	132.550050004	132.670950004	132.791850005	132.912750005	133.033650005	133.154550005	133.275450006	133.396350006	133.517250006	-1.35851166874e-06	-1.45048671156e-06	-1.5748059757e-06	-1.79750779721e-06	-2.03487615354e-06	-2.36815241356e-06	-2.73007248932e-06	-3.17733029956e-06	-3.64543691072e-06	-4.18066582841e-06	-7.60753040512e-07	-1.02828175219e-06	-1.84203325876e-06	-1.96334454722e-06	-2.75662745433e-06	-2.99354900652e-06	-3.69940288814e-06	-3.8718495454e-06	-4.42703818375e-06	-4.52629400267e-06	165.328328278	166.452903052	167.577477826	168.7020526	169.826627374	170.951202148	172.075776922	173.200351696	174.32492647	175.449501245	-4.50426923302	-4.75098852379	-4.99770781455	-5.24442710532	-5.49114639609	-5.73786568685	-5.98458497762	-6.23130426839	-6.47802355915	-6.72474284992	1.78676372666	1.78676372666	1.78676372666	1.78676372666	1.78676372666	1.78676372666	1.78676372666	1.78676372666	1.78676372666	1.78676372666	
9.2	132.429150004	132.550050004	132.670950004	132.791850005	132.912750005	133.033650005	133.154550005	133.275450006	133.396350006	133.517250006	-1.35851166874e-06	-1.45048671156e-06	-1.5748059757e-06	-1.79750779721e-06	-2.03487615354e-06	-2.36815241356e-06	-2.73007248932e-06	-3.17733029956e-06	-3.64543691072e-06	-4.18066582841e-06	-7.60753040512e-07	-1.02828175219e-06	-1.84203325876e-06	-1.96334454722e-06	-2.75662745433e-06	-2.99354900652e-06	-3.69940288814e-06	-3.8718495454e-06	-4.42703818375e-06	-4.52629400267e-06	165.328328278	166.452903052	167.577477826	168.7020526	169.826627374	170.951202148	172.075776922	173.200351696	174.32492647	175.449501245	-4.50426923302	-4.75098852379	-4.99770781455	-5.24442710532	-5.49114639609	-5.73786568685	-5.98458497762	-6.23130426839	-6.47802355915	-6.72474284992	1.78676372666	1.78676372666	1.78676372666	1.78676372666	1.78676372666	1.78676372666	1.78676372666	1.78676372666	1.78676372666	1.78676372666	
9.21666666667	132.429150004	132.550050004	132.670950004	132.791850005	132.912750005	133.033650005	133.154550005	133.275450006	133.396350006	133.517250006	-1.35851166874e-06	-1.45048671156e-06	-1.5748059757e-06	-1.79750779721e-06	-2.03487615354e-06	-2.36815241356e-06	-2.73007248932e-06	-3.17733029956e-06	-3.64543691072e-06	-4.18066582841e-06	-7.60753040512e-07	-1.02828175219e-06	-1.84203325876e-06	-1.96334454722e-06	-2.75662745433e-06	-2.99354900652e-06	-3.69940288814e-06	-3.8718495454e-06	-4.42703818375e-06	-4.52629400267e-06	165.328328278	166.452903052	167.577477826	168.7020526	169.826627374	170.951202148	172.075776922	173.200351696	174.32492647	175.449501245	-4.50426923302	-4.75098852379	-4.99770781455	-5.24442710532	-5.49114639609	-5.73786568685	-5.98458497762	-6.23130426839	-6.47802355915	-6.72474284992	1.78676372666	1.78676372666	1.78676372666	1.78676372666	1.78676372666	1.78676372666	1.78676372666	1.78676372666	1.78676372666	1.78676372666	
9.23333333333	132.429150004	132.550050004	132.670950004	132.791850005	132.912750005	133.033650005	133.154550005	133.275450006	133.396350006	133.517250006	-1.35851166874e-06	-1.45048671156e-06	-1.5748059757e-06	-1.79750779721e-06	-2.03487615354e-06	-2.36815241356e-06	-2.73007248932e-06	-3.17733029956e-06	-3.64543691072e-06	-4.18066582841e-06	-7.60753040512e-07	-1.02828175219e-06	-1.84203325876e-06	-1.96334454722e-06	-2.75662745433e-06	-2.99354900652e-06	-3.69940288814e-06	-3.8718495454e-06	-4.42703818375e-06	-4.52629400267e-06	165.328328278	166.452903052	167.577477826	168.7020526	169.826627374	170.951202148	172.075776922	173.200351696	174.32492647	175.449501245	-4.50426923302	-4.75098852379	-4.99770781455	-5.24442710532	-5.49114639609	-5.73786568685	-5.98458497762	-6.23130426839	-6.47802355915	-6.72474284992	1.78676372666	1.78676372666	1.78676372666	1.78676372666	1.78676372666	1.78676372666	1.78676372666	1.78676372666	1.78676372666	1.78676372666	
9.25	132.429150004	132.550050004	132.670950004	132.791850005	132.912750005	133.033650005	133.154550005	133.275450006	133.396350006	133.517250006	-1.35851166874e-06	-1.45048671156e-06	-1.5748059757e-06	-1.79750779721e-06	-2.03487615354e-06	-2.36815241356e-06	-2.73007248932e-06	-3.17733029956e-06	-3.64543691072e-06	-4.18066582841e-06	-7.60753040512e-07	-1.02828175219e-06	-1.84203325876e-06	-1.96334454722e-06	-2.75662745433e-06	-2.99354900652e-06	-3.69940288814e-06	-3.8718495454e-06	-4.42703818375e-06	-4.52629400267e-06	165.328328278	166.452903052	167.577477826	168.7020526	169.826627374	170.951202148	172.075776922	173.200351696	174.32492647	175.449501245	-4.50426923302	-4.75098852379	-4.99770781455	-5.24442710532	-5.49114639609	-5.73786568685	-5.98458497762	-6.23130426839	-6.47802355915	-6.72474284992	1.78676372666	1.78676372666	1.78676372666	1.78676372666	1.78676372666	1.78676372666	1.78676372666	1.78676372666	1.78676372666	1.78676372666	
9.26666666667	132.429150004	132.550050004	132.670950004	132.791850005	132.912750005	133.033650005	133.154550005	133.275450006	133.396350006	133.517250006	-1.35851166874e-06	-1.45048671156e-06	-1.5748059757e-06	-1.79750779721e-06	-2.03487615354e-06	-2.36815241356e-06	-2.73007248932e-06	-3.17733029956e-06	-3.64543691072e-06	-4.18066582841e-06	-7.60753040512e-07	-1.02828175219e-06	-1.84203325876e-06	-1.96334454722e-06	-2.75662745433e-06	-2.99354900652e-06	-3.69940288814e-06	-3.8718495454e-06	-4.42703818375e-06	-4.52629400267e-06	165.328328278	166.452903052	167.577477826	168.7020526	169.826627374	170.951202148	172.075776922	173.200351696	174.32492647	175.449501245	-4.50426923302	-4.75098852379	-4.99770781455	-5.24442710532	-5.49114639609	-5.73786568685	-5.98458497762	-6.23130426839	-6.47802355915	-6.72474284992	1.78676372666	1.78676372666	1.78676372666	1.78676372666	1.78676372666	1.78676372666	1.78676372666	1.78676372666	1.78676372666	1.78676372666	
9.28333333333	132.429150004	132.550050004	132.670950004	132.791850005	132.912750005	133.033650005	133.154550005	133.275450006	133.396350006	133.517250006	-1.35851166874e-06	-1.45048671156e-06	-1.5748059757e-06	-1.79750779721e-06	-2.03487615354e-06	-2.36815241356e-06	-2.73007248932e-06	-3.17733029956e-06	-3.64543691072e-06	-4.18066582841e-06	-7.60753040512e-07	-1.02828175219e-06	-1.84203325876e-06	-1.96334454722e-06	-2.75662745433e-06	-2.99354900652e-06	-3.69940288814e-06	-3.8718495454e-06	-4.42703818375e-06	-4.52629400267e-06	165.328328278	166.452903052	167.577477826	168.7020526	169.826627374	170.951202148	172.075776922	173.200351696	174.32492647	175.449501245	-4.50426923302	-4.75098852379	-4.99770781455	-5.24442710532	-5.49114639609	-5.73786568685	-5.98458497762	-6.23130426839	-6.47802355915	-6.72474284992	1.78676372666	1.78676372666	1.78676372666	1.78676372666	1.78676372666	1.78676372666	1.78676372666	1.78676372666	1.78676372666	1.78676372666	
9.3	132.429150004	132.550050004	132.670950004	132.791850005	132.912750005	133.033650005	133.154550005	133.275450006	133.396350006	133.517250006	-1.35851166874e-06	-1.45048671156e-06	-1.5748059757e-06	-1.79750779721e-06	-2.03487615354e-06	-2.36815241356e-06	-2.73007248932e-06	-3.17733029956e-06	-3.64543691072e-06	-4.18066582841e-06	-7.60753040512e-07	-1.02828175219e-06	-1.84203325876e-06	-1.96334454722e-06	-2.75662745433e-06	-2.99354900652e-06	-3.69940288814e-06	-3.8718495454e-06	-4.42703818375e-06	-4.52629400267e-06	165.328328278	166.452903052	167.577477826	168.7020526	169.826627374	170.951202148	172.075776922	173.200351696	174.32492647	175.449501245	-4.50426923302	-4.75098852379	-4.99770781455	-5.24442710532	-5.49114639609	-5.73786568685	-5.98458497762	-6.23130426839	-6.47802355915	-6.72474284992	1.78676372666	1.78676372666	1.78676372666	1.78676372666	1.78676372666	1.78676372666	1.78676372666	1.78676372666	1.78676372666	1.78676372666	
9.31666666667	132.429150004	132.550050004	132.670950004	132.791850005	132.912750005	133.033650005	133.154550005	133.275450006	133.396350006	133.517250006	-1.35851166874e-06	-1.45048671156e-06	-1.5748059757e-06	-1.79750779721e-06	-2.03487615354e-06	-2.36815241356e-06	-2.73007248932e-06	-3.17733029956e-06	-3.64543691072e-06	-4.18066582841e-06	-7.60753040512e-07	-1.02828175219e-06	-1.84203325876e-06	-1.96334454722e-06	-2.75662745433e-06	-2.99354900652e-06	-3.69940288814e-06	-3.8718495454e-06	-4.42703818375e-06	-4.52629400267e-06	165.328328278	166.452903052	167.577477826	168.7020526	169.826627374	170.951202148	172.075776922	173.200351696	174.32492647	175.449501245	-4.50426923302	-4.75098852379	-4.99770781455	-5.24442710532	-5.49114639609	-5.73786568685	-5.98458497762	-6.23130426839	-6.47802355915	-6.72474284992	1.78676372666	1.78676372666	1.78676372666	1.78676372666	1.78676372666	1.78676372666	1.78676372666	1.78676372666	1.78676372666	1.78676372666	
9.33333333333	132.429150004	132.550050004	132.670950004	132.791850005	132.912750005	133.033650005	133.154550005	133.275450006	133.396350006	133.517250006	-1.35851166874e-06	-1.45048671156e-06	-1.5748059757e-06	-1.79750779721e-06	-2.03487615354e-06	-2.36815241356e-06	-2.73007248932e-06	-3.17733029956e-06	-3.64543691072e-06	-4.18066582841e-06	-7.60753040512e-07	-1.02828175219e-06	-1.84203325876e-06	-1.96334454722e-06	-2.75662745433e-06	-2.99354900652e-06	-3.69940288814e-06	-3.8718495454e-06	-4.42703818375e-06	-4.52629400267e-06	165.328328278	166.452903052	167.577477826	168.7020526	169.826627374	170.951202148	172.075776922	173.200351696	174.32492647	175.449501245	-4.50426923302	-4.75098852379	-4.99770781455	-5.24442710532	-5.49114639609	-5.73786568685	-5.98458497762	-6.23130426839	-6.47802355915	-6.72474284992	1.78676372666	1.78676372666	1.78676372666	1.78676372666	1.78676372666	1.78676372666	1.78676372666	1.78676372666	1.78676372666	1.78676372666	
9.35	132.429150004	132.550050004	132.670950004	132.791850005	132.912750005	133.033650005	133.154550005	133.275450006	133.396350006	133.517250006	-1.35851166874e-06	-1.45048671156e-06	-1.5748059757e-06	-1.79750779721e-06	-2.03487615354e-06	-2.36815241356e-06	-2.73007248932e-06	-3.17733029956e-06	-3.64543691072e-06	-4.18066582841e-06	-7.60753040512e-07	-1.02828175219e-06	-1.84203325876e-06	-1.96334454722e-06	-2.75662745433e-06	-2.99354900652e-06	-3.69940288814e-06	-3.8718495454e-06	-4.42703818375e-06	-4.52629400267e-06	165.328328278	166.452903052	167.577477826	168.7020526	169.826627374	170.951202148	172.075776922	173.200351696	174.32492647	175.449501245	-4.50426923302	-4.75098852379	-4.99770781455	-5.24442710532	-5.49114639609	-5.73786568685	-5.98458497762	-6.23130426839	-6.47802355915	-6.72474284992	1.78676372666	1.78676372666	1.78676372666	1.78676372666	1.78676372666	1.78676372666	1.78676372666	1.78676372666	1.78676372666	1.78676372666	
9.36666666667	132.429150004	132.550050004	132.670950004	132.791850005	132.912750005	133.033650005	133.154550005	133.275450006	133.396350006	133.517250006	-1.35851166874e-06	-1.45048671156e-06	-1.5748059757e-06	-1.79750779721e-06	-2.03487615354e-06	-2.36815241356e-06	-2.73007248932e-06	-3.17733029956e-06	-3.64543691072e-06	-4.18066582841e-06	-7.60753040512e-07	-1.02828175219e-06	-1.84203325876e-06	-1.96334454722e-06	-2.75662745433e-06	-2.99354900652e-06	-3.69940288814e-06	-3.8718495454e-06	-4.42703818375e-06	-4.52629400267e-06	165.328328278	166.452903052	167.577477826	168.7020526	169.826627374	170.951202148	172.075776922	173.200351696	174.32492647	175.449501245	-4.50426923302	-4.75098852379	-4.99770781455	-5.24442710532	-5.49114639609	-5.73786568685	-5.98458497762	-6.23130426839	-6.47802355915	-6.72474284992	1.78676372666	1.78676372666	1.78676372666	1.78676372666	1.78676372666	1.78676372666	1.78676372666	1.78676372666	1.78676372666	1.78676372666	
9.38333333333	132.429150004	132.550050004	132.670950004	132.791850005	132.912750005	133.033650005	133.154550005	133.275450006	133.396350006	133.517250006	-1.35851166874e-06	-1.45048671156e-06	-1.5748059757e-06	-1.79750779721e-06	-2.03487615354e-06	-2.36815241356e-06	-2.73007248932e-06	-3.17733029956e-06	-3.64543691072e-06	-4.18066582841e-06	-7.60753040512e-07	-1.02828175219e-06	-1.84203325876e-06	-1.96334454722e-06	-2.75662745433e-06	-2.99354900652e-06	-3.69940288814e-06	-3.8718495454e-06	-4.42703818375e-06	-4.52629400267e-06	165.328328278	166.452903052	167.577477826	168.7020526	169.826627374	170.951202148	172.075776922	173.200351696	174.32492647	175.449501245	-4.50426923302	-4.75098852379	-4.99770781455	-5.24442710532	-5.49114639609	-5.73786568685	-5.98458497762	-6.23130426839	-6.47802355915	-6.72474284992	1.78676372666	1.78676372666	1.78676372666	1.78676372666	1.78676372666	1.78676372666	1.78676372666	1.78676372666	1.78676372666	1.78676372666	
9.4	132.429150004	132.550050004	132.670950004	132.791850005	132.912750005	133.033650005	133.154550005	133.275450006	133.396350006	133.517250006	-1.35851166874e-06	-1.45048671156e-06	-1.5748059757e-06	-1.79750779721e-06	-2.03487615354e-06	-2.36815241356e-06	-2.73007248932e-06	-3.17733029956e-06	-3.64543691072e-06	-4.18066582841e-06	-7.60753040512e-07	-1.02828175219e-06	-1.84203325876e-06	-1.96334454722e-06	-2.75662745433e-06	-2.99354900652e-06	-3.69940288814e-06	-3.8718495454e-06	-4.42703818375e-06	-4.52629400267e-06	165.328328278	166.452903052	167.577477826	168.7020526	169.826627374	170.951202148	172.075776922	173.200351696	174.32492647	175.449501245	-4.50426923302	-4.75098852379	-4.99770781455	-5.24442710532	-5.49114639609	-5.73786568685	-5.98458497762	-6.23130426839	-6.47802355915	-6.72474284992	1.78676372666	1.78676372666	1.78676372666	1.78676372666	1.78676372666	1.78676372666	1.78676372666	1.78676372666	1.78676372666	1.78676372666	
9.41666666667	132.429150004	132.550050004	132.670950004	132.791850005	132.912750005	133.033650005	133.154550005	133.275450006	133.396350006	133.517250006	-1.35851166874e-06	-1.45048671156e-06	-1.5748059757e-06	-1.79750779721e-06	-2.03487615354e-06	-2.36815241356e-06	-2.73007248932e-06	-3.17733029956e-06	-3.64543691072e-06	-4.18066582841e-06	-7.60753040512e-07	-1.02828175219e-06	-1.84203325876e-06	-1.96334454722e-06	-2.75662745433e-06	-2.99354900652e-06	-3.69940288814e-06	-3.8718495454e-06	-4.42703818375e-06	-4.52629400267e-06	165.328328278	166.452903052	167.577477826	168.7020526	169.826627374	170.951202148	172.075776922	173.200351696	174.32492647	175.449501245	-4.50426923302	-4.75098852379	-4.99770781455	-5.24442710532	-5.49114639609	-5.73786568685	-5.98458497762	-6.23130426839	-6.47802355915	-6.72474284992	1.78676372666	1.78676372666	1.78676372666	1.78676372666	1.78676372666	1.78676372666	1.78676372666	1.78676372666	1.78676372666	1.78676372666	
9.43333333333	132.429150004	132.550050004	132.670950004	132.791850005	132.912750005	133.033650005	133.154550005	133.275450006	133.396350006	133.517250006	-1.35851166874e-06	-1.45048671156e-06	-1.5748059757e-06	-1.79750779721e-06	-2.03487615354e-06	-2.36815241356e-06	-2.73007248932e-06	-3.17733029956e-06	-3.64543691072e-06	-4.18066582841e-06	-7.60753040512e-07	-1.02828175219e-06	-1.84203325876e-06	-1.96334454722e-06	-2.75662745433e-06	-2.99354900652e-06	-3.69940288814e-06	-3.8718495454e-06	-4.42703818375e-06	-4.52629400267e-06	165.328328278	166.452903052	167.577477826	168.7020526	169.826627374	170.951202148	172.075776922	173.200351696	174.32492647	175.449501245	-4.50426923302	-4.75098852379	-4.99770781455	-5.24442710532	-5.49114639609	-5.73786568685	-5.98458497762	-6.23130426839	-6.47802355915	-6.72474284992	1.78676372666	1.78676372666	1.78676372666	1.78676372666	1.78676372666	1.78676372666	1.78676372666	1.78676372666	1.78676372666	1.78676372666	
9.45	132.429150004	132.550050004	132.670950004	132.791850005	132.912750005	133.033650005	133.154550005	133.275450006	133.396350006	133.517250006	-1.35851166874e-06	-1.45048671156e-06	-1.5748059757e-06	-1.79750779721e-06	-2.03487615354e-06	-2.36815241356e-06	-2.73007248932e-06	-3.17733029956e-06	-3.64543691072e-06	-4.18066582841e-06	-7.60753040512e-07	-1.02828175219e-06	-1.84203325876e-06	-1.96334454722e-06	-2.75662745433e-06	-2.99354900652e-06	-3.69940288814e-06	-3.8718495454e-06	-4.42703818375e-06	-4.52629400267e-06	165.328328278	166.452903052	167.577477826	168.7020526	169.826627374	170.951202148	172.075776922	173.200351696	174.32492647	175.449501245	-4.50426923302	-4.75098852379	-4.99770781455	-5.24442710532	-5.49114639609	-5.73786568685	-5.98458497762	-6.23130426839	-6.47802355915	-6.72474284992	1.78676372666	1.78676372666	1.78676372666	1.78676372666	1.78676372666	1.78676372666	1.78676372666	1.78676372666	1.78676372666	1.78676372666	
9.46666666667	132.429150004	132.550050004	132.670950004	132.791850005	132.912750005	133.033650005	133.154550005	133.275450006	133.396350006	133.517250006	-1.35851166874e-06	-1.45048671156e-06	-1.5748059757e-06	-1.79750779721e-06	-2.03487615354e-06	-2.36815241356e-06	-2.73007248932e-06	-3.17733029956e-06	-3.64543691072e-06	-4.18066582841e-06	-7.60753040512e-07	-1.02828175219e-06	-1.84203325876e-06	-1.96334454722e-06	-2.75662745433e-06	-2.99354900652e-06	-3.69940288814e-06	-3.8718495454e-06	-4.42703818375e-06	-4.52629400267e-06	165.328328278	166.452903052	167.577477826	168.7020526	169.826627374	170.951202148	172.075776922	173.200351696	174.32492647	175.449501245	-4.50426923302	-4.75098852379	-4.99770781455	-5.24442710532	-5.49114639609	-5.73786568685	-5.98458497762	-6.23130426839	-6.47802355915	-6.72474284992	1.78676372666	1.78676372666	1.78676372666	1.78676372666	1.78676372666	1.78676372666	1.78676372666	1.78676372666	1.78676372666	1.78676372666	
9.48333333333	132.429150004	132.550050004	132.670950004	132.791850005	132.912750005	133.033650005	133.154550005	133.275450006	133.396350006	133.517250006	-1.35851166874e-06	-1.45048671156e-06	-1.5748059757e-06	-1.79750779721e-06	-2.03487615354e-06	-2.36815241356e-06	-2.73007248932e-06	-3.17733029956e-06	-3.64543691072e-06	-4.18066582841e-06	-7.60753040512e-07	-1.02828175219e-06	-1.84203325876e-06	-1.96334454722e-06	-2.75662745433e-06	-2.99354900652e-06	-3.69940288814e-06	-3.8718495454e-06	-4.42703818375e-06	-4.52629400267e-06	165.328328278	166.452903052	167.577477826	168.7020526	169.826627374	170.951202148	172.075776922	173.200351696	174.32492647	175.449501245	-4.50426923302	-4.75098852379	-4.99770781455	-5.24442710532	-5.49114639609	-5.73786568685	-5.98458497762	-6.23130426839	-6.47802355915	-6.72474284992	1.78676372666	1.78676372666	1.78676372666	1.78676372666	1.78676372666	1.78676372666	1.78676372666	1.78676372666	1.78676372666	1.78676372666	
9.5	132.429150004	132.550050004	132.670950004	132.791850005	132.912750005	133.033650005	133.154550005	133.275450006	133.396350006	133.517250006	-1.35851166874e-06	-1.45048671156e-06	-1.5748059757e-06	-1.79750779721e-06	-2.03487615354e-06	-2.36815241356e-06	-2.73007248932e-06	-3.17733029956e-06	-3.64543691072e-06	-4.18066582841e-06	-7.60753040512e-07	-1.02828175219e-06	-1.84203325876e-06	-1.96334454722e-06	-2.75662745433e-06	-2.99354900652e-06	-3.69940288814e-06	-3.8718495454e-06	-4.42703818375e-06	-4.52629400267e-06	165.328328278	166.452903052	167.577477826	168.7020526	169.826627374	170.951202148	172.075776922	173.200351696	174.32492647	175.449501245	-4.50426923302	-4.75098852379	-4.99770781455	-5.24442710532	-5.49114639609	-5.73786568685	-5.98458497762	-6.23130426839	-6.47802355915	-6.72474284992	1.78676372666	1.78676372666	1.78676372666	1.78676372666	1.78676372666	1.78676372666	1.78676372666	1.78676372666	1.78676372666	1.78676372666	
9.51666666667	132.429150004	132.550050004	132.670950004	132.791850005	132.912750005	133.033650005	133.154550005	133.275450006	133.396350006	133.517250006	-1.35851166874e-06	-1.45048671156e-06	-1.5748059757e-06	-1.79750779721e-06	-2.03487615354e-06	-2.36815241356e-06	-2.73007248932e-06	-3.17733029956e-06	-3.64543691072e-06	-4.18066582841e-06	-7.60753040512e-07	-1.02828175219e-06	-1.84203325876e-06	-1.96334454722e-06	-2.75662745433e-06	-2.99354900652e-06	-3.69940288814e-06	-3.8718495454e-06	-4.42703818375e-06	-4.52629400267e-06	165.328328278	166.452903052	167.577477826	168.7020526	169.826627374	170.951202148	172.075776922	173.200351696	174.32492647	175.449501245	-4.50426923302	-4.75098852379	-4.99770781455	-5.24442710532	-5.49114639609	-5.73786568685	-5.98458497762	-6.23130426839	-6.47802355915	-6.72474284992	1.78676372666	1.78676372666	1.78676372666	1.78676372666	1.78676372666	1.78676372666	1.78676372666	1.78676372666	1.78676372666	1.78676372666	
9.53333333333	132.429150004	132.550050004	132.670950004	132.791850005	132.912750005	133.033650005	133.154550005	133.275450006	133.396350006	133.517250006	-1.35851166874e-06	-1.45048671156e-06	-1.5748059757e-06	-1.79750779721e-06	-2.03487615354e-06	-2.36815241356e-06	-2.73007248932e-06	-3.17733029956e-06	-3.64543691072e-06	-4.18066582841e-06	-7.60753040512e-07	-1.02828175219e-06	-1.84203325876e-06	-1.96334454722e-06	-2.75662745433e-06	-2.99354900652e-06	-3.69940288814e-06	-3.8718495454e-06	-4.42703818375e-06	-4.52629400267e-06	165.328328278	166.452903052	167.577477826	168.7020526	169.826627374	170.951202148	172.075776922	173.200351696	174.32492647	175.449501245	-4.50426923302	-4.75098852379	-4.99770781455	-5.24442710532	-5.49114639609	-5.73786568685	-5.98458497762	-6.23130426839	-6.47802355915	-6.72474284992	1.78676372666	1.78676372666	1.78676372666	1.78676372666	1.78676372666	1.78676372666	1.78676372666	1.78676372666	1.78676372666	1.78676372666	
9.55	132.429150004	132.550050004	132.670950004	132.791850005	132.912750005	133.033650005	133.154550005	133.275450006	133.396350006	133.517250006	-1.35851166874e-06	-1.45048671156e-06	-1.5748059757e-06	-1.79750779721e-06	-2.03487615354e-06	-2.36815241356e-06	-2.73007248932e-06	-3.17733029956e-06	-3.64543691072e-06	-4.18066582841e-06	-7.60753040512e-07	-1.02828175219e-06	-1.84203325876e-06	-1.96334454722e-06	-2.75662745433e-06	-2.99354900652e-06	-3.69940288814e-06	-3.8718495454e-06	-4.42703818375e-06	-4.52629400267e-06	165.328328278	166.452903052	167.577477826	168.7020526	169.826627374	170.951202148	172.075776922	173.200351696	174.32492647	175.449501245	-4.50426923302	-4.75098852379	-4.99770781455	-5.24442710532	-5.49114639609	-5.73786568685	-5.98458497762	-6.23130426839	-6.47802355915	-6.72474284992	1.78676372666	1.78676372666	1.78676372666	1.78676372666	1.78676372666	1.78676372666	1.78676372666	1.78676372666	1.78676372666	1.78676372666	
9.56666666667	132.429150004	132.550050004	132.670950004	132.791850005	132.912750005	133.033650005	133.154550005	133.275450006	133.396350006	133.517250006	-1.35851166874e-06	-1.45048671156e-06	-1.5748059757e-06	-1.79750779721e-06	-2.03487615354e-06	-2.36815241356e-06	-2.73007248932e-06	-3.17733029956e-06	-3.64543691072e-06	-4.18066582841e-06	-7.60753040512e-07	-1.02828175219e-06	-1.84203325876e-06	-1.96334454722e-06	-2.75662745433e-06	-2.99354900652e-06	-3.69940288814e-06	-3.8718495454e-06	-4.42703818375e-06	-4.52629400267e-06	165.328328278	166.452903052	167.577477826	168.7020526	169.826627374	170.951202148	172.075776922	173.200351696	174.32492647	175.449501245	-4.50426923302	-4.75098852379	-4.99770781455	-5.24442710532	-5.49114639609	-5.73786568685	-5.98458497762	-6.23130426839	-6.47802355915	-6.72474284992	1.78676372666	1.78676372666	1.78676372666	1.78676372666	1.78676372666	1.78676372666	1.78676372666	1.78676372666	1.78676372666	1.78676372666	
9.58333333333	132.429150004	132.550050004	132.670950004	132.791850005	132.912750005	133.033650005	133.154550005	133.275450006	133.396350006	133.517250006	-1.35851166874e-06	-1.45048671156e-06	-1.5748059757e-06	-1.79750779721e-06	-2.03487615354e-06	-2.36815241356e-06	-2.73007248932e-06	-3.17733029956e-06	-3.64543691072e-06	-4.18066582841e-06	-7.60753040512e-07	-1.02828175219e-06	-1.84203325876e-06	-1.96334454722e-06	-2.75662745433e-06	-2.99354900652e-06	-3.69940288814e-06	-3.8718495454e-06	-4.42703818375e-06	-4.52629400267e-06	165.328328278	166.452903052	167.577477826	168.7020526	169.826627374	170.951202148	172.075776922	173.200351696	174.32492647	175.449501245	-4.50426923302	-4.75098852379	-4.99770781455	-5.24442710532	-5.49114639609	-5.73786568685	-5.98458497762	-6.23130426839	-6.47802355915	-6.72474284992	1.78676372666	1.78676372666	1.78676372666	1.78676372666	1.78676372666	1.78676372666	1.78676372666	1.78676372666	1.78676372666	1.78676372666	
9.6	132.429150004	132.550050004	132.670950004	132.791850005	132.912750005	133.033650005	133.154550005	133.275450006	133.396350006	133.517250006	-1.35851166874e-06	-1.45048671156e-06	-1.5748059757e-06	-1.79750779721e-06	-2.03487615354e-06	-2.36815241356e-06	-2.73007248932e-06	-3.17733029956e-06	-3.64543691072e-06	-4.18066582841e-06	-7.60753040512e-07	-1.02828175219e-06	-1.84203325876e-06	-1.96334454722e-06	-2.75662745433e-06	-2.99354900652e-06	-3.69940288814e-06	-3.8718495454e-06	-4.42703818375e-06	-4.52629400267e-06	165.328328278	166.452903052	167.577477826	168.7020526	169.826627374	170.951202148	172.075776922	173.200351696	174.32492647	175.449501245	-4.50426923302	-4.75098852379	-4.99770781455	-5.24442710532	-5.49114639609	-5.73786568685	-5.98458497762	-6.23130426839	-6.47802355915	-6.72474284992	1.78676372666	1.78676372666	1.78676372666	1.78676372666	1.78676372666	1.78676372666	1.78676372666	1.78676372666	1.78676372666	1.78676372666	
9.61666666667	132.429150004	132.550050004	132.670950004	132.791850005	132.912750005	133.033650005	133.154550005	133.275450006	133.396350006	133.517250006	-1.35851166874e-06	-1.45048671156e-06	-1.5748059757e-06	-1.79750779721e-06	-2.03487615354e-06	-2.36815241356e-06	-2.73007248932e-06	-3.17733029956e-06	-3.64543691072e-06	-4.18066582841e-06	-7.60753040512e-07	-1.02828175219e-06	-1.84203325876e-06	-1.96334454722e-06	-2.75662745433e-06	-2.99354900652e-06	-3.69940288814e-06	-3.8718495454e-06	-4.42703818375e-06	-4.52629400267e-06	165.328328278	166.452903052	167.577477826	168.7020526	169.826627374	170.951202148	172.075776922	173.200351696	174.32492647	175.449501245	-4.50426923302	-4.75098852379	-4.99770781455	-5.24442710532	-5.49114639609	-5.73786568685	-5.98458497762	-6.23130426839	-6.47802355915	-6.72474284992	1.78676372666	1.78676372666	1.78676372666	1.78676372666	1.78676372666	1.78676372666	1.78676372666	1.78676372666	1.78676372666	1.78676372666	
9.63333333333	132.429150004	132.550050004	132.670950004	132.791850005	132.912750005	133.033650005	133.154550005	133.275450006	133.396350006	133.517250006	-1.35851166874e-06	-1.45048671156e-06	-1.5748059757e-06	-1.79750779721e-06	-2.03487615354e-06	-2.36815241356e-06	-2.73007248932e-06	-3.17733029956e-06	-3.64543691072e-06	-4.18066582841e-06	-7.60753040512e-07	-1.02828175219e-06	-1.84203325876e-06	-1.96334454722e-06	-2.75662745433e-06	-2.99354900652e-06	-3.69940288814e-06	-3.8718495454e-06	-4.42703818375e-06	-4.52629400267e-06	165.328328278	166.452903052	167.577477826	168.7020526	169.826627374	170.951202148	172.075776922	173.200351696	174.32492647	175.449501245	-4.50426923302	-4.75098852379	-4.99770781455	-5.24442710532	-5.49114639609	-5.73786568685	-5.98458497762	-6.23130426839	-6.47802355915	-6.72474284992	1.78676372666	1.78676372666	1.78676372666	1.78676372666	1.78676372666	1.78676372666	1.78676372666	1.78676372666	1.78676372666	1.78676372666	
9.65	132.429150004	132.550050004	132.670950004	132.791850005	132.912750005	133.033650005	133.154550005	133.275450006	133.396350006	133.517250006	-1.35851166874e-06	-1.45048671156e-06	-1.5748059757e-06	-1.79750779721e-06	-2.03487615354e-06	-2.36815241356e-06	-2.73007248932e-06	-3.17733029956e-06	-3.64543691072e-06	-4.18066582841e-06	-7.60753040512e-07	-1.02828175219e-06	-1.84203325876e-06	-1.96334454722e-06	-2.75662745433e-06	-2.99354900652e-06	-3.69940288814e-06	-3.8718495454e-06	-4.42703818375e-06	-4.52629400267e-06	165.328328278	166.452903052	167.577477826	168.7020526	169.826627374	170.951202148	172.075776922	173.200351696	174.32492647	175.449501245	-4.50426923302	-4.75098852379	-4.99770781455	-5.24442710532	-5.49114639609	-5.73786568685	-5.98458497762	-6.23130426839	-6.47802355915	-6.72474284992	1.78676372666	1.78676372666	1.78676372666	1.78676372666	1.78676372666	1.78676372666	1.78676372666	1.78676372666	1.78676372666	1.78676372666	
9.66666666667	132.429150004	132.550050004	132.670950004	132.791850005	132.912750005	133.033650005	133.154550005	133.275450006	133.396350006	133.517250006	-1.35851166874e-06	-1.45048671156e-06	-1.5748059757e-06	-1.79750779721e-06	-2.03487615354e-06	-2.36815241356e-06	-2.73007248932e-06	-3.17733029956e-06	-3.64543691072e-06	-4.18066582841e-06	-7.60753040512e-07	-1.02828175219e-06	-1.84203325876e-06	-1.96334454722e-06	-2.75662745433e-06	-2.99354900652e-06	-3.69940288814e-06	-3.8718495454e-06	-4.42703818375e-06	-4.52629400267e-06	165.328328278	166.452903052	167.577477826	168.7020526	169.826627374	170.951202148	172.075776922	173.200351696	174.32492647	175.449501245	-4.50426923302	-4.75098852379	-4.99770781455	-5.24442710532	-5.49114639609	-5.73786568685	-5.98458497762	-6.23130426839	-6.47802355915	-6.72474284992	1.78676372666	1.78676372666	1.78676372666	1.78676372666	1.78676372666	1.78676372666	1.78676372666	1.78676372666	1.78676372666	1.78676372666	
9.68333333333	132.429150004	132.550050004	132.670950004	132.791850005	132.912750005	133.033650005	133.154550005	133.275450006	133.396350006	133.517250006	-1.35851166874e-06	-1.45048671156e-06	-1.5748059757e-06	-1.79750779721e-06	-2.03487615354e-06	-2.36815241356e-06	-2.73007248932e-06	-3.17733029956e-06	-3.64543691072e-06	-4.18066582841e-06	-7.60753040512e-07	-1.02828175219e-06	-1.84203325876e-06	-1.96334454722e-06	-2.75662745433e-06	-2.99354900652e-06	-3.69940288814e-06	-3.8718495454e-06	-4.42703818375e-06	-4.52629400267e-06	165.328328278	166.452903052	167.577477826	168.7020526	169.826627374	170.951202148	172.075776922	173.200351696	174.32492647	175.449501245	-4.50426923302	-4.75098852379	-4.99770781455	-5.24442710532	-5.49114639609	-5.73786568685	-5.98458497762	-6.23130426839	-6.47802355915	-6.72474284992	1.78676372666	1.78676372666	1.78676372666	1.78676372666	1.78676372666	1.78676372666	1.78676372666	1.78676372666	1.78676372666	1.78676372666	
9.7	132.429150004	132.550050004	132.670950004	132.791850005	132.912750005	133.033650005	133.154550005	133.275450006	133.396350006	133.517250006	-1.35851166874e-06	-1.45048671156e-06	-1.5748059757e-06	-1.79750779721e-06	-2.03487615354e-06	-2.36815241356e-06	-2.73007248932e-06	-3.17733029956e-06	-3.64543691072e-06	-4.18066582841e-06	-7.60753040512e-07	-1.02828175219e-06	-1.84203325876e-06	-1.96334454722e-06	-2.75662745433e-06	-2.99354900652e-06	-3.69940288814e-06	-3.8718495454e-06	-4.42703818375e-06	-4.52629400267e-06	165.328328278	166.452903052	167.577477826	168.7020526	169.826627374	170.951202148	172.075776922	173.200351696	174.32492647	175.449501245	-4.50426923302	-4.75098852379	-4.99770781455	-5.24442710532	-5.49114639609	-5.73786568685	-5.98458497762	-6.23130426839	-6.47802355915	-6.72474284992	1.78676372666	1.78676372666	1.78676372666	1.78676372666	1.78676372666	1.78676372666	1.78676372666	1.78676372666	1.78676372666	1.78676372666	
9.71666666667	132.429150004	132.550050004	132.670950004	132.791850005	132.912750005	133.033650005	133.154550005	133.275450006	133.396350006	133.517250006	-1.35851166874e-06	-1.45048671156e-06	-1.5748059757e-06	-1.79750779721e-06	-2.03487615354e-06	-2.36815241356e-06	-2.73007248932e-06	-3.17733029956e-06	-3.64543691072e-06	-4.18066582841e-06	-7.60753040512e-07	-1.02828175219e-06	-1.84203325876e-06	-1.96334454722e-06	-2.75662745433e-06	-2.99354900652e-06	-3.69940288814e-06	-3.8718495454e-06	-4.42703818375e-06	-4.52629400267e-06	165.328328278	166.452903052	167.577477826	168.7020526	169.826627374	170.951202148	172.075776922	173.200351696	174.32492647	175.449501245	-4.50426923302	-4.75098852379	-4.99770781455	-5.24442710532	-5.49114639609	-5.73786568685	-5.98458497762	-6.23130426839	-6.47802355915	-6.72474284992	1.78676372666	1.78676372666	1.78676372666	1.78676372666	1.78676372666	1.78676372666	1.78676372666	1.78676372666	1.78676372666	1.78676372666	
9.73333333333	132.429150004	132.550050004	132.670950004	132.791850005	132.912750005	133.033650005	133.154550005	133.275450006	133.396350006	133.517250006	-1.35851166874e-06	-1.45048671156e-06	-1.5748059757e-06	-1.79750779721e-06	-2.03487615354e-06	-2.36815241356e-06	-2.73007248932e-06	-3.17733029956e-06	-3.64543691072e-06	-4.18066582841e-06	-7.60753040512e-07	-1.02828175219e-06	-1.84203325876e-06	-1.96334454722e-06	-2.75662745433e-06	-2.99354900652e-06	-3.69940288814e-06	-3.8718495454e-06	-4.42703818375e-06	-4.52629400267e-06	165.328328278	166.452903052	167.577477826	168.7020526	169.826627374	170.951202148	172.075776922	173.200351696	174.32492647	175.449501245	-4.50426923302	-4.75098852379	-4.99770781455	-5.24442710532	-5.49114639609	-5.73786568685	-5.98458497762	-6.23130426839	-6.47802355915	-6.72474284992	1.78676372666	1.78676372666	1.78676372666	1.78676372666	1.78676372666	1.78676372666	1.78676372666	1.78676372666	1.78676372666	1.78676372666	
9.75	132.429150004	132.550050004	132.670950004	132.791850005	132.912750005	133.033650005	133.154550005	133.275450006	133.396350006	133.517250006	-1.35851166874e-06	-1.45048671156e-06	-1.5748059757e-06	-1.79750779721e-06	-2.03487615354e-06	-2.36815241356e-06	-2.73007248932e-06	-3.17733029956e-06	-3.64543691072e-06	-4.18066582841e-06	-7.60753040512e-07	-1.02828175219e-06	-1.84203325876e-06	-1.96334454722e-06	-2.75662745433e-06	-2.99354900652e-06	-3.69940288814e-06	-3.8718495454e-06	-4.42703818375e-06	-4.52629400267e-06	165.328328278	166.452903052	167.577477826	168.7020526	169.826627374	170.951202148	172.075776922	173.200351696	174.32492647	175.449501245	-4.50426923302	-4.75098852379	-4.99770781455	-5.24442710532	-5.49114639609	-5.73786568685	-5.98458497762	-6.23130426839	-6.47802355915	-6.72474284992	1.78676372666	1.78676372666	1.78676372666	1.78676372666	1.78676372666	1.78676372666	1.78676372666	1.78676372666	1.78676372666	1.78676372666	
9.76666666667	132.429150004	132.550050004	132.670950004	132.791850005	132.912750005	133.033650005	133.154550005	133.275450006	133.396350006	133.517250006	-1.35851166874e-06	-1.45048671156e-06	-1.5748059757e-06	-1.79750779721e-06	-2.03487615354e-06	-2.36815241356e-06	-2.73007248932e-06	-3.17733029956e-06	-3.64543691072e-06	-4.18066582841e-06	-7.60753040512e-07	-1.02828175219e-06	-1.84203325876e-06	-1.96334454722e-06	-2.75662745433e-06	-2.99354900652e-06	-3.69940288814e-06	-3.8718495454e-06	-4.42703818375e-06	-4.52629400267e-06	165.328328278	166.452903052	167.577477826	168.7020526	169.826627374	170.951202148	172.075776922	173.200351696	174.32492647	175.449501245	-4.50426923302	-4.75098852379	-4.99770781455	-5.24442710532	-5.49114639609	-5.73786568685	-5.98458497762	-6.23130426839	-6.47802355915	-6.72474284992	1.78676372666	1.78676372666	1.78676372666	1.78676372666	1.78676372666	1.78676372666	1.78676372666	1.78676372666	1.78676372666	1.78676372666	
9.78333333333	132.429150004	132.550050004	132.670950004	132.791850005	132.912750005	133.033650005	133.154550005	133.275450006	133.396350006	133.517250006	-1.35851166874e-06	-1.45048671156e-06	-1.5748059757e-06	-1.79750779721e-06	-2.03487615354e-06	-2.36815241356e-06	-2.73007248932e-06	-3.17733029956e-06	-3.64543691072e-06	-4.18066582841e-06	-7.60753040512e-07	-1.02828175219e-06	-1.84203325876e-06	-1.96334454722e-06	-2.75662745433e-06	-2.99354900652e-06	-3.69940288814e-06	-3.8718495454e-06	-4.42703818375e-06	-4.52629400267e-06	165.328328278	166.452903052	167.577477826	168.7020526	169.826627374	170.951202148	172.075776922	173.200351696	174.32492647	175.449501245	-4.50426923302	-4.75098852379	-4.99770781455	-5.24442710532	-5.49114639609	-5.73786568685	-5.98458497762	-6.23130426839	-6.47802355915	-6.72474284992	1.78676372666	1.78676372666	1.78676372666	1.78676372666	1.78676372666	1.78676372666	1.78676372666	1.78676372666	1.78676372666	1.78676372666	
9.8	132.429150004	132.550050004	132.670950004	132.791850005	132.912750005	133.033650005	133.154550005	133.275450006	133.396350006	133.517250006	-1.35851166874e-06	-1.45048671156e-06	-1.5748059757e-06	-1.79750779721e-06	-2.03487615354e-06	-2.36815241356e-06	-2.73007248932e-06	-3.17733029956e-06	-3.64543691072e-06	-4.18066582841e-06	-7.60753040512e-07	-1.02828175219e-06	-1.84203325876e-06	-1.96334454722e-06	-2.75662745433e-06	-2.99354900652e-06	-3.69940288814e-06	-3.8718495454e-06	-4.42703818375e-06	-4.52629400267e-06	165.328328278	166.452903052	167.577477826	168.7020526	169.826627374	170.951202148	172.075776922	173.200351696	174.32492647	175.449501245	-4.50426923302	-4.75098852379	-4.99770781455	-5.24442710532	-5.49114639609	-5.73786568685	-5.98458497762	-6.23130426839	-6.47802355915	-6.72474284992	1.78676372666	1.78676372666	1.78676372666	1.78676372666	1.78676372666	1.78676372666	1.78676372666	1.78676372666	1.78676372666	1.78676372666	
9.81666666667	132.429150004	132.550050004	132.670950004	132.791850005	132.912750005	133.033650005	133.154550005	133.275450006	133.396350006	133.517250006	-1.35851166874e-06	-1.45048671156e-06	-1.5748059757e-06	-1.79750779721e-06	-2.03487615354e-06	-2.36815241356e-06	-2.73007248932e-06	-3.17733029956e-06	-3.64543691072e-06	-4.18066582841e-06	-7.60753040512e-07	-1.02828175219e-06	-1.84203325876e-06	-1.96334454722e-06	-2.75662745433e-06	-2.99354900652e-06	-3.69940288814e-06	-3.8718495454e-06	-4.42703818375e-06	-4.52629400267e-06	165.328328278	166.452903052	167.577477826	168.7020526	169.826627374	170.951202148	172.075776922	173.200351696	174.32492647	175.449501245	-4.50426923302	-4.75098852379	-4.99770781455	-5.24442710532	-5.49114639609	-5.73786568685	-5.98458497762	-6.23130426839	-6.47802355915	-6.72474284992	1.78676372666	1.78676372666	1.78676372666	1.78676372666	1.78676372666	1.78676372666	1.78676372666	1.78676372666	1.78676372666	1.78676372666	
9.83333333333	132.429150004	132.550050004	132.670950004	132.791850005	132.912750005	133.033650005	133.154550005	133.275450006	133.396350006	133.517250006	-1.35851166874e-06	-1.45048671156e-06	-1.5748059757e-06	-1.79750779721e-06	-2.03487615354e-06	-2.36815241356e-06	-2.73007248932e-06	-3.17733029956e-06	-3.64543691072e-06	-4.18066582841e-06	-7.60753040512e-07	-1.02828175219e-06	-1.84203325876e-06	-1.96334454722e-06	-2.75662745433e-06	-2.99354900652e-06	-3.69940288814e-06	-3.8718495454e-06	-4.42703818375e-06	-4.52629400267e-06	165.328328278	166.452903052	167.577477826	168.7020526	169.826627374	170.951202148	172.075776922	173.200351696	174.32492647	175.449501245	-4.50426923302	-4.75098852379	-4.99770781455	-5.24442710532	-5.49114639609	-5.73786568685	-5.98458497762	-6.23130426839	-6.47802355915	-6.72474284992	1.78676372666	1.78676372666	1.78676372666	1.78676372666	1.78676372666	1.78676372666	1.78676372666	1.78676372666	1.78676372666	1.78676372666	
9.85	132.429150004	132.550050004	132.670950004	132.791850005	132.912750005	133.033650005	133.154550005	133.275450006	133.396350006	133.517250006	-1.35851166874e-06	-1.45048671156e-06	-1.5748059757e-06	-1.79750779721e-06	-2.03487615354e-06	-2.36815241356e-06	-2.73007248932e-06	-3.17733029956e-06	-3.64543691072e-06	-4.18066582841e-06	-7.60753040512e-07	-1.02828175219e-06	-1.84203325876e-06	-1.96334454722e-06	-2.75662745433e-06	-2.99354900652e-06	-3.69940288814e-06	-3.8718495454e-06	-4.42703818375e-06	-4.52629400267e-06	165.328328278	166.452903052	167.577477826	168.7020526	169.826627374	170.951202148	172.075776922	173.200351696	174.32492647	175.449501245	-4.50426923302	-4.75098852379	-4.99770781455	-5.24442710532	-5.49114639609	-5.73786568685	-5.98458497762	-6.23130426839	-6.47802355915	-6.72474284992	1.78676372666	1.78676372666	1.78676372666	1.78676372666	1.78676372666	1.78676372666	1.78676372666	1.78676372666	1.78676372666	1.78676372666	
9.86666666667	132.429150004	132.550050004	132.670950004	132.791850005	132.912750005	133.033650005	133.154550005	133.275450006	133.396350006	133.517250006	-1.35851166874e-06	-1.45048671156e-06	-1.5748059757e-06	-1.79750779721e-06	-2.03487615354e-06	-2.36815241356e-06	-2.73007248932e-06	-3.17733029956e-06	-3.64543691072e-06	-4.18066582841e-06	-7.60753040512e-07	-1.02828175219e-06	-1.84203325876e-06	-1.96334454722e-06	-2.75662745433e-06	-2.99354900652e-06	-3.69940288814e-06	-3.8718495454e-06	-4.42703818375e-06	-4.52629400267e-06	165.328328278	166.452903052	167.577477826	168.7020526	169.826627374	170.951202148	172.075776922	173.200351696	174.32492647	175.449501245	-4.50426923302	-4.75098852379	-4.99770781455	-5.24442710532	-5.49114639609	-5.73786568685	-5.98458497762	-6.23130426839	-6.47802355915	-6.72474284992	1.78676372666	1.78676372666	1.78676372666	1.78676372666	1.78676372666	1.78676372666	1.78676372666	1.78676372666	1.78676372666	1.78676372666	
9.88333333333	132.429150004	132.550050004	132.670950004	132.791850005	132.912750005	133.033650005	133.154550005	133.275450006	133.396350006	133.517250006	-1.35851166874e-06	-1.45048671156e-06	-1.5748059757e-06	-1.79750779721e-06	-2.03487615354e-06	-2.36815241356e-06	-2.73007248932e-06	-3.17733029956e-06	-3.64543691072e-06	-4.18066582841e-06	-7.60753040512e-07	-1.02828175219e-06	-1.84203325876e-06	-1.96334454722e-06	-2.75662745433e-06	-2.99354900652e-06	-3.69940288814e-06	-3.8718495454e-06	-4.42703818375e-06	-4.52629400267e-06	165.328328278	166.452903052	167.577477826	168.7020526	169.826627374	170.951202148	172.075776922	173.200351696	174.32492647	175.449501245	-4.50426923302	-4.75098852379	-4.99770781455	-5.24442710532	-5.49114639609	-5.73786568685	-5.98458497762	-6.23130426839	-6.47802355915	-6.72474284992	1.78676372666	1.78676372666	1.78676372666	1.78676372666	1.78676372666	1.78676372666	1.78676372666	1.78676372666	1.78676372666	1.78676372666	
9.9	132.429150004	132.550050004	132.670950004	132.791850005	132.912750005	133.033650005	133.154550005	133.275450006	133.396350006	133.517250006	-1.35851166874e-06	-1.45048671156e-06	-1.5748059757e-06	-1.79750779721e-06	-2.03487615354e-06	-2.36815241356e-06	-2.73007248932e-06	-3.17733029956e-06	-3.64543691072e-06	-4.18066582841e-06	-7.60753040512e-07	-1.02828175219e-06	-1.84203325876e-06	-1.96334454722e-06	-2.75662745433e-06	-2.99354900652e-06	-3.69940288814e-06	-3.8718495454e-06	-4.42703818375e-06	-4.52629400267e-06	165.328328278	166.452903052	167.577477826	168.7020526	169.826627374	170.951202148	172.075776922	173.200351696	174.32492647	175.449501245	-4.50426923302	-4.75098852379	-4.99770781455	-5.24442710532	-5.49114639609	-5.73786568685	-5.98458497762	-6.23130426839	-6.47802355915	-6.72474284992	1.78676372666	1.78676372666	1.78676372666	1.78676372666	1.78676372666	1.78676372666	1.78676372666	1.78676372666	1.78676372666	1.78676372666	
9.91666666667	132.429150004	132.550050004	132.670950004	132.791850005	132.912750005	133.033650005	133.154550005	133.275450006	133.396350006	133.517250006	-1.35851166874e-06	-1.45048671156e-06	-1.5748059757e-06	-1.79750779721e-06	-2.03487615354e-06	-2.36815241356e-06	-2.73007248932e-06	-3.17733029956e-06	-3.64543691072e-06	-4.18066582841e-06	-7.60753040512e-07	-1.02828175219e-06	-1.84203325876e-06	-1.96334454722e-06	-2.75662745433e-06	-2.99354900652e-06	-3.69940288814e-06	-3.8718495454e-06	-4.42703818375e-06	-4.52629400267e-06	165.328328278	166.452903052	167.577477826	168.7020526	169.826627374	170.951202148	172.075776922	173.200351696	174.32492647	175.449501245	-4.50426923302	-4.75098852379	-4.99770781455	-5.24442710532	-5.49114639609	-5.73786568685	-5.98458497762	-6.23130426839	-6.47802355915	-6.72474284992	1.78676372666	1.78676372666	1.78676372666	1.78676372666	1.78676372666	1.78676372666	1.78676372666	1.78676372666	1.78676372666	1.78676372666	
9.93333333333	132.429150004	132.550050004	132.670950004	132.791850005	132.912750005	133.033650005	133.154550005	133.275450006	133.396350006	133.517250006	-1.35851166874e-06	-1.45048671156e-06	-1.5748059757e-06	-1.79750779721e-06	-2.03487615354e-06	-2.36815241356e-06	-2.73007248932e-06	-3.17733029956e-06	-3.64543691072e-06	-4.18066582841e-06	-7.60753040512e-07	-1.02828175219e-06	-1.84203325876e-06	-1.96334454722e-06	-2.75662745433e-06	-2.99354900652e-06	-3.69940288814e-06	-3.8718495454e-06	-4.42703818375e-06	-4.52629400267e-06	165.328328278	166.452903052	167.577477826	168.7020526	169.826627374	170.951202148	172.075776922	173.200351696	174.32492647	175.449501245	-4.50426923302	-4.75098852379	-4.99770781455	-5.24442710532	-5.49114639609	-5.73786568685	-5.98458497762	-6.23130426839	-6.47802355915	-6.72474284992	1.78676372666	1.78676372666	1.78676372666	1.78676372666	1.78676372666	1.78676372666	1.78676372666	1.78676372666	1.78676372666	1.78676372666	
9.95	132.429150004	132.550050004	132.670950004	132.791850005	132.912750005	133.033650005	133.154550005	133.275450006	133.396350006	133.517250006	-1.35851166874e-06	-1.45048671156e-06	-1.5748059757e-06	-1.79750779721e-06	-2.03487615354e-06	-2.36815241356e-06	-2.73007248932e-06	-3.17733029956e-06	-3.64543691072e-06	-4.18066582841e-06	-7.60753040512e-07	-1.02828175219e-06	-1.84203325876e-06	-1.96334454722e-06	-2.75662745433e-06	-2.99354900652e-06	-3.69940288814e-06	-3.8718495454e-06	-4.42703818375e-06	-4.52629400267e-06	165.328328278	166.452903052	167.577477826	168.7020526	169.826627374	170.951202148	172.075776922	173.200351696	174.32492647	175.449501245	-4.50426923302	-4.75098852379	-4.99770781455	-5.24442710532	-5.49114639609	-5.73786568685	-5.98458497762	-6.23130426839	-6.47802355915	-6.72474284992	1.78676372666	1.78676372666	1.78676372666	1.78676372666	1.78676372666	1.78676372666	1.78676372666	1.78676372666	1.78676372666	1.78676372666	
9.96666666667	132.429150004	132.550050004	132.670950004	132.791850005	132.912750005	133.033650005	133.154550005	133.275450006	133.396350006	133.517250006	-1.35851166874e-06	-1.45048671156e-06	-1.5748059757e-06	-1.79750779721e-06	-2.03487615354e-06	-2.36815241356e-06	-2.73007248932e-06	-3.17733029956e-06	-3.64543691072e-06	-4.18066582841e-06	-7.60753040512e-07	-1.02828175219e-06	-1.84203325876e-06	-1.96334454722e-06	-2.75662745433e-06	-2.99354900652e-06	-3.69940288814e-06	-3.8718495454e-06	-4.42703818375e-06	-4.52629400267e-06	165.328328278	166.452903052	167.577477826	168.7020526	169.826627374	170.951202148	172.075776922	173.200351696	174.32492647	175.449501245	-4.50426923302	-4.75098852379	-4.99770781455	-5.24442710532	-5.49114639609	-5.73786568685	-5.98458497762	-6.23130426839	-6.47802355915	-6.72474284992	1.78676372666	1.78676372666	1.78676372666	1.78676372666	1.78676372666	1.78676372666	1.78676372666	1.78676372666	1.78676372666	1.78676372666	
9.98333333333	132.429150004	132.550050004	132.670950004	132.791850005	132.912750005	133.033650005	133.154550005	133.275450006	133.396350006	133.517250006	-1.35851166874e-06	-1.45048671156e-06	-1.5748059757e-06	-1.79750779721e-06	-2.03487615354e-06	-2.36815241356e-06	-2.73007248932e-06	-3.17733029956e-06	-3.64543691072e-06	-4.18066582841e-06	-7.60753040512e-07	-1.02828175219e-06	-1.84203325876e-06	-1.96334454722e-06	-2.75662745433e-06	-2.99354900652e-06	-3.69940288814e-06	-3.8718495454e-06	-4.42703818375e-06	-4.52629400267e-06	165.328328278	166.452903052	167.577477826	168.7020526	169.826627374	170.951202148	172.075776922	173.200351696	174.32492647	175.449501245	-4.50426923302	-4.75098852379	-4.99770781455	-5.24442710532	-5.49114639609	-5.73786568685	-5.98458497762	-6.23130426839	-6.47802355915	-6.72474284992	1.78676372666	1.78676372666	1.78676372666	1.78676372666	1.78676372666	1.78676372666	1.78676372666	1.78676372666	1.78676372666	1.78676372666	
