0.0166666666667	0.0	0.0	0.0	0.0	0.0	0.0	0.0	0.0	0.0	0.0	0.0	0.0	0.0	0.0	0.0	0.0	0.0	0.0	0.0	0.0	0.0	0.0	0.0	0.0	0.0	0.0	0.0	0.0	0.0	0.0	0.0	0.0	0.0	0.0	0.0	0.0	0.0	0.0	0.0	0.0	0.0	0.0	0.0	0.0	0.0	0.0	0.0	0.0	0.0	0.0	0.0	0.0	0.0	0.0	0.0	0.0	0.0	0.0	0.0	0.0	
0.0333333333333	0.0	0.0	0.0	0.0	0.0	0.0	0.0	0.0	0.0	0.0	0.0	0.0	0.0	0.0	0.0	0.0	0.0	0.0	0.0	0.0	0.0	0.0	0.0	0.0	0.0	0.0	0.0	0.0	0.0	0.0	0.0	0.0	0.0	0.0	0.0	0.0	0.0	0.0	0.0	0.0	0.0	0.0	0.0	0.0	0.0	0.0	0.0	0.0	0.0	0.0	0.0	0.0	0.0	0.0	0.0	0.0	0.0	0.0	0.0	0.0	
0.05	0.0	0.0	0.0	0.0	0.0	0.0	0.0	0.0	0.0	0.0	0.0	0.0	0.0	0.0	0.0	0.0	0.0	0.0	0.0	0.0	0.0	0.0	0.0	0.0	0.0	0.0	0.0	0.0	0.0	0.0	0.0	0.0	0.0	0.0	0.0	0.0	0.0	0.0	0.0	0.0	0.0	0.0	0.0	0.0	0.0	0.0	0.0	0.0	0.0	0.0	0.0	0.0	0.0	0.0	0.0	0.0	0.0	0.0	0.0	0.0	
0.0666666666667	0.0	0.0	0.0	0.0	0.0	0.0	0.0	0.0	0.0	0.0	0.0	0.0	0.0	0.0	0.0	0.0	0.0	0.0	0.0	0.0	0.0	0.0	0.0	0.0	0.0	0.0	0.0	0.0	0.0	0.0	0.0	0.0	0.0	0.0	0.0	0.0	0.0	0.0	0.0	0.0	0.0	0.0	0.0	0.0	0.0	0.0	0.0	0.0	0.0	0.0	0.0	0.0	0.0	0.0	0.0	0.0	0.0	0.0	0.0	0.0	
0.0833333333333	0.0	0.0	0.0	0.0	0.0	0.0	0.0	0.0	0.0	0.0	0.0	0.0	0.0	0.0	0.0	0.0	0.0	0.0	0.0	0.0	0.0	0.0	0.0	0.0	0.0	0.0	0.0	0.0	0.0	0.0	0.0	0.0	0.0	0.0	0.0	0.0	0.0	0.0	0.0	0.0	0.0	0.0	0.0	0.0	0.0	0.0	0.0	0.0	0.0	0.0	0.0	0.0	0.0	0.0	0.0	0.0	0.0	0.0	0.0	0.0	
0.1	0.0	0.0	0.0	0.0	0.0	0.0	0.0	0.0	0.0	0.0	0.0	0.0	0.0	0.0	0.0	0.0	0.0	0.0	0.0	0.0	0.0	0.0	0.0	0.0	0.0	0.0	0.0	0.0	0.0	0.0	0.0	0.0	0.0	0.0	0.0	0.0	0.0	0.0	0.0	0.0	0.0	0.0	0.0	0.0	0.0	0.0	0.0	0.0	0.0	0.0	0.0	0.0	0.0	0.0	0.0	0.0	0.0	0.0	0.0	0.0	
0.116666666667	0.0	0.0	0.0	0.0	0.0	0.0	0.0	0.0	0.0	0.0	0.0	0.0	0.0	0.0	0.0	0.0	0.0	0.0	0.0	0.0	0.0	0.0	0.0	0.0	0.0	0.0	0.0	0.0	0.0	0.0	0.0	0.0	0.0	0.0	0.0	0.0	0.0	0.0	0.0	0.0	0.0	0.0	0.0	0.0	0.0	0.0	0.0	0.0	0.0	0.0	0.0	0.0	0.0	0.0	0.0	0.0	0.0	0.0	0.0	0.0	
0.133333333333	0.0	0.0	0.0	0.0	0.0	0.0	0.0	0.0	0.0	0.0	0.0	0.0	0.0	0.0	0.0	0.0	0.0	0.0	0.0	0.0	0.0	0.0	0.0	0.0	0.0	0.0	0.0	0.0	0.0	0.0	0.0	0.0	0.0	0.0	0.0	0.0	0.0	0.0	0.0	0.0	0.0	0.0	0.0	0.0	0.0	0.0	0.0	0.0	0.0	0.0	0.0	0.0	0.0	0.0	0.0	0.0	0.0	0.0	0.0	0.0	
0.15	0.0	0.0	0.0	0.0	0.0	0.0	0.0	0.0	0.0	0.0	0.0	0.0	0.0	0.0	0.0	0.0	0.0	0.0	0.0	0.0	0.0	0.0	0.0	0.0	0.0	0.0	0.0	0.0	0.0	0.0	0.0	0.0	0.0	0.0	0.0	0.0	0.0	0.0	0.0	0.0	0.0	0.0	0.0	0.0	0.0	0.0	0.0	0.0	0.0	0.0	0.0	0.0	0.0	0.0	0.0	0.0	0.0	0.0	0.0	0.0	
0.166666666667	0.0	0.0	0.0	0.0	0.0	0.0	0.0	0.0	0.0	0.0	0.0	0.0	0.0	0.0	0.0	0.0	0.0	0.0	0.0	0.0	0.0	0.0	0.0	0.0	0.0	0.0	0.0	0.0	0.0	0.0	0.0	0.0	0.0	0.0	0.0	0.0	0.0	0.0	0.0	0.0	0.0	0.0	0.0	0.0	0.0	0.0	0.0	0.0	0.0	0.0	0.0	0.0	0.0	0.0	0.0	0.0	0.0	0.0	0.0	0.0	
0.183333333333	0.0	0.0	0.0	0.0	0.0	0.0	0.0	0.0	0.0	0.0	0.0	0.0	0.0	0.0	0.0	0.0	0.0	0.0	0.0	0.0	0.0	0.0	0.0	0.0	0.0	0.0	0.0	0.0	0.0	0.0	0.0	0.0	0.0	0.0	0.0	0.0	0.0	0.0	0.0	0.0	0.0	0.0	0.0	0.0	0.0	0.0	0.0	0.0	0.0	0.0	0.0	0.0	0.0	0.0	0.0	0.0	0.0	0.0	0.0	0.0	
0.2	0.0	0.0	0.0	0.0	0.0	0.0	0.0	0.0	0.0	0.0	0.0	0.0	0.0	0.0	0.0	0.0	0.0	0.0	0.0	0.0	0.0	0.0	0.0	0.0	0.0	0.0	0.0	0.0	0.0	0.0	0.0	0.0	0.0	0.0	0.0	0.0	0.0	0.0	0.0	0.0	0.0	0.0	0.0	0.0	0.0	0.0	0.0	0.0	0.0	0.0	0.0	0.0	0.0	0.0	0.0	0.0	0.0	0.0	0.0	0.0	
0.216666666667	0.0	0.0	0.0	0.0	0.0	0.0	0.0	0.0	0.0	0.0	0.0	0.0	0.0	0.0	0.0	0.0	0.0	0.0	0.0	0.0	0.0	0.0	0.0	0.0	0.0	0.0	0.0	0.0	0.0	0.0	0.0	0.0	0.0	0.0	0.0	0.0	0.0	0.0	0.0	0.0	0.0	0.0	0.0	0.0	0.0	0.0	0.0	0.0	0.0	0.0	0.0	0.0	0.0	0.0	0.0	0.0	0.0	0.0	0.0	0.0	
0.233333333333	0.0	0.0	0.0	0.0	0.0	0.0	0.0	0.0	0.0	0.0	0.0	0.0	0.0	0.0	0.0	0.0	0.0	0.0	0.0	0.0	0.0	0.0	0.0	0.0	0.0	0.0	0.0	0.0	0.0	0.0	0.0	0.0	0.0	0.0	0.0	0.0	0.0	0.0	0.0	0.0	0.0	0.0	0.0	0.0	0.0	0.0	0.0	0.0	0.0	0.0	0.0	0.0	0.0	0.0	0.0	0.0	0.0	0.0	0.0	0.0	
0.25	0.0	0.0	0.0	0.0	0.0	0.0	0.0	0.0	0.0	0.0	0.0	0.0	0.0	0.0	0.0	0.0	0.0	0.0	0.0	0.0	0.0	0.0	0.0	0.0	0.0	0.0	0.0	0.0	0.0	0.0	0.0	0.0	0.0	0.0	0.0	0.0	0.0	0.0	0.0	0.0	0.0	0.0	0.0	0.0	0.0	0.0	0.0	0.0	0.0	0.0	0.0	0.0	0.0	0.0	0.0	0.0	0.0	0.0	0.0	0.0	
0.266666666667	0.0	0.0	0.0	0.0	0.0	0.0	0.0	0.0	0.0	0.0	0.0	0.0	0.0	0.0	0.0	0.0	0.0	0.0	0.0	0.0	0.0	0.0	0.0	0.0	0.0	0.0	0.0	0.0	0.0	0.0	0.0	0.0	0.0	0.0	0.0	0.0	0.0	0.0	0.0	0.0	0.0	0.0	0.0	0.0	0.0	0.0	0.0	0.0	0.0	0.0	0.0	0.0	0.0	0.0	0.0	0.0	0.0	0.0	0.0	0.0	
0.283333333333	0.0	0.0	0.0	0.0	0.0	0.0	0.0	0.0	0.0	0.0	0.0	0.0	0.0	0.0	0.0	0.0	0.0	0.0	0.0	0.0	0.0	0.0	0.0	0.0	0.0	0.0	0.0	0.0	0.0	0.0	0.0	0.0	0.0	0.0	0.0	0.0	0.0	0.0	0.0	0.0	0.0	0.0	0.0	0.0	0.0	0.0	0.0	0.0	0.0	0.0	0.0	0.0	0.0	0.0	0.0	0.0	0.0	0.0	0.0	0.0	
0.3	0.0	0.0	0.0	0.0	0.0	0.0	0.0	0.0	0.0	0.0	0.0	0.0	0.0	0.0	0.0	0.0	0.0	0.0	0.0	0.0	0.0	0.0	0.0	0.0	0.0	0.0	0.0	0.0	0.0	0.0	0.0	0.0	0.0	0.0	0.0	0.0	0.0	0.0	0.0	0.0	0.0	0.0	0.0	0.0	0.0	0.0	0.0	0.0	0.0	0.0	0.0	0.0	0.0	0.0	0.0	0.0	0.0	0.0	0.0	0.0	
0.316666666667	0.0	0.0	0.0	0.0	0.0	0.0	0.0	0.0	0.0	0.0	0.0	0.0	0.0	0.0	0.0	0.0	0.0	0.0	0.0	0.0	0.0	0.0	0.0	0.0	0.0	0.0	0.0	0.0	0.0	0.0	0.0	0.0	0.0	0.0	0.0	0.0	0.0	0.0	0.0	0.0	0.0	0.0	0.0	0.0	0.0	0.0	0.0	0.0	0.0	0.0	0.0	0.0	0.0	0.0	0.0	0.0	0.0	0.0	0.0	0.0	
0.333333333333	0.0	0.0	0.0	0.0	0.0	0.0	0.0	0.0	0.0	0.0	0.0	0.0	0.0	0.0	0.0	0.0	0.0	0.0	0.0	0.0	0.0	0.0	0.0	0.0	0.0	0.0	0.0	0.0	0.0	0.0	0.0	0.0	0.0	0.0	0.0	0.0	0.0	0.0	0.0	0.0	0.0	0.0	0.0	0.0	0.0	0.0	0.0	0.0	0.0	0.0	0.0	0.0	0.0	0.0	0.0	0.0	0.0	0.0	0.0	0.0	
0.35	0.0	0.0	0.0	0.0	0.0	0.0	0.0	0.0	0.0	0.0	0.0	0.0	0.0	0.0	0.0	0.0	0.0	0.0	0.0	0.0	0.0	0.0	0.0	0.0	0.0	0.0	0.0	0.0	0.0	0.0	0.0	0.0	0.0	0.0	0.0	0.0	0.0	0.0	0.0	0.0	0.0	0.0	0.0	0.0	0.0	0.0	0.0	0.0	0.0	0.0	0.0	0.0	0.0	0.0	0.0	0.0	0.0	0.0	0.0	0.0	
0.366666666667	0.0	0.0	0.0	0.0	0.0	0.0	0.0	0.0	0.0	0.0	0.0	0.0	0.0	0.0	0.0	0.0	0.0	0.0	0.0	0.0	0.0	0.0	0.0	0.0	0.0	0.0	0.0	0.0	0.0	0.0	0.0	0.0	0.0	0.0	0.0	0.0	0.0	0.0	0.0	0.0	0.0	0.0	0.0	0.0	0.0	0.0	0.0	0.0	0.0	0.0	0.0	0.0	0.0	0.0	0.0	0.0	0.0	0.0	0.0	0.0	
0.383333333333	0.0	0.0	0.0	0.0	0.0	0.0	0.0	0.0	0.0	0.0	0.0	0.0	0.0	0.0	0.0	0.0	0.0	0.0	0.0	0.0	0.0	0.0	0.0	0.0	0.0	0.0	0.0	0.0	0.0	0.0	0.0	0.0	0.0	0.0	0.0	0.0	0.0	0.0	0.0	0.0	0.0	0.0	0.0	0.0	0.0	0.0	0.0	0.0	0.0	0.0	0.0	0.0	0.0	0.0	0.0	0.0	0.0	0.0	0.0	0.0	
0.4	0.0	0.0	0.0	0.0	0.0	0.0	0.0	0.0	0.0	0.0	0.0	0.0	0.0	0.0	0.0	0.0	0.0	0.0	0.0	0.0	0.0	0.0	0.0	0.0	0.0	0.0	0.0	0.0	0.0	0.0	0.0	0.0	0.0	0.0	0.0	0.0	0.0	0.0	0.0	0.0	0.0	0.0	0.0	0.0	0.0	0.0	0.0	0.0	0.0	0.0	0.0	0.0	0.0	0.0	0.0	0.0	0.0	0.0	0.0	0.0	
0.416666666667	0.0	0.0	0.0	0.0	0.0	0.0	0.0	0.0	0.0	0.0	0.0	0.0	0.0	0.0	0.0	0.0	0.0	0.0	0.0	0.0	0.0	0.0	0.0	0.0	0.0	0.0	0.0	0.0	0.0	0.0	0.0	0.0	0.0	0.0	0.0	0.0	0.0	0.0	0.0	0.0	0.0	0.0	0.0	0.0	0.0	0.0	0.0	0.0	0.0	0.0	0.0	0.0	0.0	0.0	0.0	0.0	0.0	0.0	0.0	0.0	
0.433333333333	0.0	0.0	0.0	0.0	0.0	0.0	0.0	0.0	0.0	0.0	0.0	0.0	0.0	0.0	0.0	0.0	0.0	0.0	0.0	0.0	0.0	0.0	0.0	0.0	0.0	0.0	0.0	0.0	0.0	0.0	0.0	0.0	0.0	0.0	0.0	0.0	0.0	0.0	0.0	0.0	0.0	0.0	0.0	0.0	0.0	0.0	0.0	0.0	0.0	0.0	0.0	0.0	0.0	0.0	0.0	0.0	0.0	0.0	0.0	0.0	
0.45	0.0	0.0	0.0	0.0	0.0	0.0	0.0	0.0	0.0	0.0	0.0	0.0	0.0	0.0	0.0	0.0	0.0	0.0	0.0	0.0	0.0	0.0	0.0	0.0	0.0	0.0	0.0	0.0	0.0	0.0	0.0	0.0	0.0	0.0	0.0	0.0	0.0	0.0	0.0	0.0	0.0	0.0	0.0	0.0	0.0	0.0	0.0	0.0	0.0	0.0	0.0	0.0	0.0	0.0	0.0	0.0	0.0	0.0	0.0	0.0	
0.466666666667	0.0	0.0	0.0	0.0	0.0	0.0	0.0	0.0	0.0	0.0	0.0	0.0	0.0	0.0	0.0	0.0	0.0	0.0	0.0	0.0	0.0	0.0	0.0	0.0	0.0	0.0	0.0	0.0	0.0	0.0	0.0	0.0	0.0	0.0	0.0	0.0	0.0	0.0	0.0	0.0	0.0	0.0	0.0	0.0	0.0	0.0	0.0	0.0	0.0	0.0	0.0	0.0	0.0	0.0	0.0	0.0	0.0	0.0	0.0	0.0	
0.483333333333	0.0	0.0	0.0	0.0	0.0	0.0	0.0	0.0	0.0	0.0	0.0	0.0	0.0	0.0	0.0	0.0	0.0	0.0	0.0	0.0	0.0	0.0	0.0	0.0	0.0	0.0	0.0	0.0	0.0	0.0	0.0	0.0	0.0	0.0	0.0	0.0	0.0	0.0	0.0	0.0	0.0	0.0	0.0	0.0	0.0	0.0	0.0	0.0	0.0	0.0	0.0	0.0	0.0	0.0	0.0	0.0	0.0	0.0	0.0	0.0	
0.5	0.0	0.0	0.0	0.0	0.0	0.0	0.0	0.0	0.0	0.0	0.0	0.0	0.0	0.0	0.0	0.0	0.0	0.0	0.0	0.0	0.0	0.0	0.0	0.0	0.0	0.0	0.0	0.0	0.0	0.0	0.0	0.0	0.0	0.0	0.0	0.0	0.0	0.0	0.0	0.0	0.0	0.0	0.0	0.0	0.0	0.0	0.0	0.0	0.0	0.0	0.0	0.0	0.0	0.0	0.0	0.0	0.0	0.0	0.0	0.0	
0.516666666667	0.0	0.0	0.0	0.0	0.0	0.0	0.0	0.0	0.0	0.0	0.0	0.0	0.0	0.0	0.0	0.0	0.0	0.0	0.0	0.0	0.0	0.0	0.0	0.0	0.0	0.0	0.0	0.0	0.0	0.0	0.0	0.0	0.0	0.0	0.0	0.0	0.0	0.0	0.0	0.0	0.0	0.0	0.0	0.0	0.0	0.0	0.0	0.0	0.0	0.0	0.0	0.0	0.0	0.0	0.0	0.0	0.0	0.0	0.0	0.0	
0.533333333333	0.0	0.0	0.0	0.0	0.0	0.0	0.0	0.0	0.0	0.0	0.0	0.0	0.0	0.0	0.0	0.0	0.0	0.0	0.0	0.0	0.0	0.0	0.0	0.0	0.0	0.0	0.0	0.0	0.0	0.0	0.0	0.0	0.0	0.0	0.0	0.0	0.0	0.0	0.0	0.0	0.0	0.0	0.0	0.0	0.0	0.0	0.0	0.0	0.0	0.0	0.0	0.0	0.0	0.0	0.0	0.0	0.0	0.0	0.0	0.0	
0.55	0.0	0.0	0.0	0.0	0.0	0.0	0.0	0.0	0.0	0.0	0.0	0.0	0.0	0.0	0.0	0.0	0.0	0.0	0.0	0.0	0.0	0.0	0.0	0.0	0.0	0.0	0.0	0.0	0.0	0.0	0.0	0.0	0.0	0.0	0.0	0.0	0.0	0.0	0.0	0.0	0.0	0.0	0.0	0.0	0.0	0.0	0.0	0.0	0.0	0.0	0.0	0.0	0.0	0.0	0.0	0.0	0.0	0.0	0.0	0.0	
0.566666666667	0.0	0.0	0.0	0.0	0.0	0.0	0.0	0.0	0.0	0.0	0.0	0.0	0.0	0.0	0.0	0.0	0.0	0.0	0.0	0.0	0.0	0.0	0.0	0.0	0.0	0.0	0.0	0.0	0.0	0.0	0.0	0.0	0.0	0.0	0.0	0.0	0.0	0.0	0.0	0.0	0.0	0.0	0.0	0.0	0.0	0.0	0.0	0.0	0.0	0.0	0.0	0.0	0.0	0.0	0.0	0.0	0.0	0.0	0.0	0.0	
0.583333333333	0.0	0.0	0.0	0.0	0.0	0.0	0.0	0.0	0.0	0.0	0.0	0.0	0.0	0.0	0.0	0.0	0.0	0.0	0.0	0.0	0.0	0.0	0.0	0.0	0.0	0.0	0.0	0.0	0.0	0.0	0.0	0.0	0.0	0.0	0.0	0.0	0.0	0.0	0.0	0.0	0.0	0.0	0.0	0.0	0.0	0.0	0.0	0.0	0.0	0.0	0.0	0.0	0.0	0.0	0.0	0.0	0.0	0.0	0.0	0.0	
0.6	0.0	0.0	0.0	0.0	0.0	0.0	0.0	0.0	0.0	0.0	0.0	0.0	0.0	0.0	0.0	0.0	0.0	0.0	0.0	0.0	0.0	0.0	0.0	0.0	0.0	0.0	0.0	0.0	0.0	0.0	0.0	0.0	0.0	0.0	0.0	0.0	0.0	0.0	0.0	0.0	0.0	0.0	0.0	0.0	0.0	0.0	0.0	0.0	0.0	0.0	0.0	0.0	0.0	0.0	0.0	0.0	0.0	0.0	0.0	0.0	
0.616666666667	0.0	0.0	0.0	0.0	0.0	0.0	0.0	0.0	0.0	0.0	0.0	0.0	0.0	0.0	0.0	0.0	0.0	0.0	0.0	0.0	0.0	0.0	0.0	0.0	0.0	0.0	0.0	0.0	0.0	0.0	0.0	0.0	0.0	0.0	0.0	0.0	0.0	0.0	0.0	0.0	0.0	0.0	0.0	0.0	0.0	0.0	0.0	0.0	0.0	0.0	0.0	0.0	0.0	0.0	0.0	0.0	0.0	0.0	0.0	0.0	
0.633333333333	0.0	0.0	0.0	0.0	0.0	0.0	0.0	0.0	0.0	0.0	0.0	0.0	0.0	0.0	0.0	0.0	0.0	0.0	0.0	0.0	0.0	0.0	0.0	0.0	0.0	0.0	0.0	0.0	0.0	0.0	0.0	0.0	0.0	0.0	0.0	0.0	0.0	0.0	0.0	0.0	0.0	0.0	0.0	0.0	0.0	0.0	0.0	0.0	0.0	0.0	0.0	0.0	0.0	0.0	0.0	0.0	0.0	0.0	0.0	0.0	
0.65	0.0	0.0	0.0	0.0	0.0	0.0	0.0	0.0	0.0	0.0	0.0	0.0	0.0	0.0	0.0	0.0	0.0	0.0	0.0	0.0	0.0	0.0	0.0	0.0	0.0	0.0	0.0	0.0	0.0	0.0	0.0	0.0	0.0	0.0	0.0	0.0	0.0	0.0	0.0	0.0	0.0	0.0	0.0	0.0	0.0	0.0	0.0	0.0	0.0	0.0	0.0	0.0	0.0	0.0	0.0	0.0	0.0	0.0	0.0	0.0	
0.666666666667	0.0	0.0	0.0	0.0	0.0	0.0	0.0	0.0	0.0	0.0	0.0	0.0	0.0	0.0	0.0	0.0	0.0	0.0	0.0	0.0	0.0	0.0	0.0	0.0	0.0	0.0	0.0	0.0	0.0	0.0	0.0	0.0	0.0	0.0	0.0	0.0	0.0	0.0	0.0	0.0	0.0	0.0	0.0	0.0	0.0	0.0	0.0	0.0	0.0	0.0	0.0	0.0	0.0	0.0	0.0	0.0	0.0	0.0	0.0	0.0	
0.683333333333	0.0	0.0	0.0	0.0	0.0	0.0	0.0	0.0	0.0	0.0	0.0	0.0	0.0	0.0	0.0	0.0	0.0	0.0	0.0	0.0	0.0	0.0	0.0	0.0	0.0	0.0	0.0	0.0	0.0	0.0	0.0	0.0	0.0	0.0	0.0	0.0	0.0	0.0	0.0	0.0	0.0	0.0	0.0	0.0	0.0	0.0	0.0	0.0	0.0	0.0	0.0	0.0	0.0	0.0	0.0	0.0	0.0	0.0	0.0	0.0	
0.7	0.0	0.0	0.0	0.0	0.0	0.0	0.0	0.0	0.0	0.0	0.0	0.0	0.0	0.0	0.0	0.0	0.0	0.0	0.0	0.0	0.0	0.0	0.0	0.0	0.0	0.0	0.0	0.0	0.0	0.0	0.0	0.0	0.0	0.0	0.0	0.0	0.0	0.0	0.0	0.0	0.0	0.0	0.0	0.0	0.0	0.0	0.0	0.0	0.0	0.0	0.0	0.0	0.0	0.0	0.0	0.0	0.0	0.0	0.0	0.0	
0.716666666667	0.0	0.0	0.0	0.0	0.0	0.0	0.0	0.0	0.0	0.0	0.0	0.0	0.0	0.0	0.0	0.0	0.0	0.0	0.0	0.0	0.0	0.0	0.0	0.0	0.0	0.0	0.0	0.0	0.0	0.0	0.0	0.0	0.0	0.0	0.0	0.0	0.0	0.0	0.0	0.0	0.0	0.0	0.0	0.0	0.0	0.0	0.0	0.0	0.0	0.0	0.0	0.0	0.0	0.0	0.0	0.0	0.0	0.0	0.0	0.0	
0.733333333333	0.0	0.0	0.0	0.0	0.0	0.0	0.0	0.0	0.0	0.0	0.0	0.0	0.0	0.0	0.0	0.0	0.0	0.0	0.0	0.0	0.0	0.0	0.0	0.0	0.0	0.0	0.0	0.0	0.0	0.0	0.0	0.0	0.0	0.0	0.0	0.0	0.0	0.0	0.0	0.0	0.0	0.0	0.0	0.0	0.0	0.0	0.0	0.0	0.0	0.0	0.0	0.0	0.0	0.0	0.0	0.0	0.0	0.0	0.0	0.0	
0.75	0.0	0.0	0.0	0.0	0.0	0.0	0.0	0.0	0.0	0.0	0.0	0.0	0.0	0.0	0.0	0.0	0.0	0.0	0.0	0.0	0.0	0.0	0.0	0.0	0.0	0.0	0.0	0.0	0.0	0.0	0.0	0.0	0.0	0.0	0.0	0.0	0.0	0.0	0.0	0.0	0.0	0.0	0.0	0.0	0.0	0.0	0.0	0.0	0.0	0.0	0.0	0.0	0.0	0.0	0.0	0.0	0.0	0.0	0.0	0.0	
0.766666666667	0.0	0.0	0.0	0.0	0.0	0.0	0.0	0.0	0.0	0.0	0.0	0.0	0.0	0.0	0.0	0.0	0.0	0.0	0.0	0.0	0.0	0.0	0.0	0.0	0.0	0.0	0.0	0.0	0.0	0.0	0.0	0.0	0.0	0.0	0.0	0.0	0.0	0.0	0.0	0.0	0.0	0.0	0.0	0.0	0.0	0.0	0.0	0.0	0.0	0.0	0.0	0.0	0.0	0.0	0.0	0.0	0.0	0.0	0.0	0.0	
0.783333333333	0.0	0.0	0.0	0.0	0.0	0.0	0.0	0.0	0.0	0.0	0.0	0.0	0.0	0.0	0.0	0.0	0.0	0.0	0.0	0.0	0.0	0.0	0.0	0.0	0.0	0.0	0.0	0.0	0.0	0.0	0.0	0.0	0.0	0.0	0.0	0.0	0.0	0.0	0.0	0.0	0.0	0.0	0.0	0.0	0.0	0.0	0.0	0.0	0.0	0.0	0.0	0.0	0.0	0.0	0.0	0.0	0.0	0.0	0.0	0.0	
0.8	0.0	0.0	0.0	0.0	0.0	0.0	0.0	0.0	0.0	0.0	0.0	0.0	0.0	0.0	0.0	0.0	0.0	0.0	0.0	0.0	0.0	0.0	0.0	0.0	0.0	0.0	0.0	0.0	0.0	0.0	0.0	0.0	0.0	0.0	0.0	0.0	0.0	0.0	0.0	0.0	0.0	0.0	0.0	0.0	0.0	0.0	0.0	0.0	0.0	0.0	0.0	0.0	0.0	0.0	0.0	0.0	0.0	0.0	0.0	0.0	
0.816666666667	0.0	0.0	0.0	0.0	0.0	0.0	0.0	0.0	0.0	0.0	0.0	0.0	0.0	0.0	0.0	0.0	0.0	0.0	0.0	0.0	0.0	0.0	0.0	0.0	0.0	0.0	0.0	0.0	0.0	0.0	0.0	0.0	0.0	0.0	0.0	0.0	0.0	0.0	0.0	0.0	0.0	0.0	0.0	0.0	0.0	0.0	0.0	0.0	0.0	0.0	0.0	0.0	0.0	0.0	0.0	0.0	0.0	0.0	0.0	0.0	
0.833333333333	0.0	0.0	0.0	0.0	0.0	0.0	0.0	0.0	0.0	0.0	0.0	0.0	0.0	0.0	0.0	0.0	0.0	0.0	0.0	0.0	0.0	0.0	0.0	0.0	0.0	0.0	0.0	0.0	0.0	0.0	0.0	0.0	0.0	0.0	0.0	0.0	0.0	0.0	0.0	0.0	0.0	0.0	0.0	0.0	0.0	0.0	0.0	0.0	0.0	0.0	0.0	0.0	0.0	0.0	0.0	0.0	0.0	0.0	0.0	0.0	
0.85	0.0	0.0	0.0	0.0	0.0	0.0	0.0	0.0	0.0	0.0	0.0	0.0	0.0	0.0	0.0	0.0	0.0	0.0	0.0	0.0	0.0	0.0	0.0	0.0	0.0	0.0	0.0	0.0	0.0	0.0	0.0	0.0	0.0	0.0	0.0	0.0	0.0	0.0	0.0	0.0	0.0	0.0	0.0	0.0	0.0	0.0	0.0	0.0	0.0	0.0	0.0	0.0	0.0	0.0	0.0	0.0	0.0	0.0	0.0	0.0	
0.866666666667	0.0	0.0	0.0	0.0	0.0	0.0	0.0	0.0	0.0	0.0	0.0	0.0	0.0	0.0	0.0	0.0	0.0	0.0	0.0	0.0	0.0	0.0	0.0	0.0	0.0	0.0	0.0	0.0	0.0	0.0	0.0	0.0	0.0	0.0	0.0	0.0	0.0	0.0	0.0	0.0	0.0	0.0	0.0	0.0	0.0	0.0	0.0	0.0	0.0	0.0	0.0	0.0	0.0	0.0	0.0	0.0	0.0	0.0	0.0	0.0	
0.883333333333	0.0	0.0	0.0	0.0	0.0	0.0	0.0	0.0	0.0	0.0	0.0	0.0	0.0	0.0	0.0	0.0	0.0	0.0	0.0	0.0	0.0	0.0	0.0	0.0	0.0	0.0	0.0	0.0	0.0	0.0	0.0	0.0	0.0	0.0	0.0	0.0	0.0	0.0	0.0	0.0	0.0	0.0	0.0	0.0	0.0	0.0	0.0	0.0	0.0	0.0	0.0	0.0	0.0	0.0	0.0	0.0	0.0	0.0	0.0	0.0	
0.9	123.6	126.0	128.4	130.8	133.2	135.6	138.0	140.4	142.8	145.2	0.0	0.0	2.05968231842e-06	1.13179393205e-06	1.76379932927e-06	5.56737324877e-06	8.90099016747e-06	5.47802779454e-06	7.20198989398e-06	-3.15979856565e-07	0.0	8.58200966008e-07	-3.86620160986e-07	2.63335582174e-07	1.58482246646e-06	1.38900704946e-06	-1.42623432205e-06	7.1831754143e-07	-3.13248739606e-06	2.7275622485e-06	180.005966137	180.027266434	180.04856673	180.069867027	180.091167324	180.11246762	180.133767917	180.155068213	180.17636851	180.197668807	-9.85866939618	-9.83264337029	-9.8066173444	-9.7805913185	-9.75456529261	-9.72853926672	-9.70251324083	-9.67648721494	-9.65046118905	-9.62443516316	0.685873928707	0.685873928707	0.685873928707	0.685873928707	0.685873928707	0.685873928707	0.685873928707	0.685873928707	0.685873928707	0.685873928707	
0.916666666667	123.6	126.0	128.4	130.8	133.2	135.6	138.0	140.4	142.8	145.2	0.0	0.0	2.05968231842e-06	1.13179393205e-06	1.76379932927e-06	5.56737324877e-06	8.90099016747e-06	5.47802779454e-06	7.20198989398e-06	-3.15979856565e-07	0.0	8.58200966008e-07	-3.86620160986e-07	2.63335582174e-07	1.58482246646e-06	1.38900704946e-06	-1.42623432205e-06	7.1831754143e-07	-3.13248739606e-06	2.7275622485e-06	180.005966137	180.027266434	180.04856673	180.069867027	180.091167324	180.11246762	180.133767917	180.155068213	180.17636851	180.197668807	-9.85866939618	-9.83264337029	-9.8066173444	-9.7805913185	-9.75456529261	-9.72853926672	-9.70251324083	-9.67648721494	-9.65046118905	-9.62443516316	0.685873928707	0.685873928707	0.685873928707	0.685873928707	0.685873928707	0.685873928707	0.685873928707	0.685873928707	0.685873928707	0.685873928707	
0.933333333333	123.6	126.0	128.4	130.8	133.2	135.6	138.0	140.4	142.8	145.2	0.0	0.0	2.05968231842e-06	1.13179393205e-06	1.76379932927e-06	5.56737324877e-06	8.90099016747e-06	5.47802779454e-06	7.20198989398e-06	-3.15979856565e-07	0.0	8.58200966008e-07	-3.86620160986e-07	2.63335582174e-07	1.58482246646e-06	1.38900704946e-06	-1.42623432205e-06	7.1831754143e-07	-3.13248739606e-06	2.7275622485e-06	180.005966137	180.027266434	180.04856673	180.069867027	180.091167324	180.11246762	180.133767917	180.155068213	180.17636851	180.197668807	-9.85866939618	-9.83264337029	-9.8066173444	-9.7805913185	-9.75456529261	-9.72853926672	-9.70251324083	-9.67648721494	-9.65046118905	-9.62443516316	0.685873928707	0.685873928707	0.685873928707	0.685873928707	0.685873928707	0.685873928707	0.685873928707	0.685873928707	0.685873928707	0.685873928707	
0.95	123.6	126.0	128.4	130.8	133.2	135.6	138.0	140.4	142.8	145.2	0.0	0.0	2.05968231842e-06	1.13179393205e-06	1.76379932927e-06	5.56737324877e-06	8.90099016747e-06	5.47802779454e-06	7.20198989398e-06	-3.15979856565e-07	0.0	8.58200966008e-07	-3.86620160986e-07	2.63335582174e-07	1.58482246646e-06	1.38900704946e-06	-1.42623432205e-06	7.1831754143e-07	-3.13248739606e-06	2.7275622485e-06	180.005966137	180.027266434	180.04856673	180.069867027	180.091167324	180.11246762	180.133767917	180.155068213	180.17636851	180.197668807	-9.85866939618	-9.83264337029	-9.8066173444	-9.7805913185	-9.75456529261	-9.72853926672	-9.70251324083	-9.67648721494	-9.65046118905	-9.62443516316	0.685873928707	0.685873928707	0.685873928707	0.685873928707	0.685873928707	0.685873928707	0.685873928707	0.685873928707	0.685873928707	0.685873928707	
0.966666666667	123.6	126.0	128.4	130.8	133.2	135.6	138.0	140.4	142.8	145.2	0.0	0.0	2.05968231842e-06	1.13179393205e-06	1.76379932927e-06	5.56737324877e-06	8.90099016747e-06	5.47802779454e-06	7.20198989398e-06	-3.15979856565e-07	0.0	8.58200966008e-07	-3.86620160986e-07	2.63335582174e-07	1.58482246646e-06	1.38900704946e-06	-1.42623432205e-06	7.1831754143e-07	-3.13248739606e-06	2.7275622485e-06	180.005966137	180.027266434	180.04856673	180.069867027	180.091167324	180.11246762	180.133767917	180.155068213	180.17636851	180.197668807	-9.85866939618	-9.83264337029	-9.8066173444	-9.7805913185	-9.75456529261	-9.72853926672	-9.70251324083	-9.67648721494	-9.65046118905	-9.62443516316	0.685873928707	0.685873928707	0.685873928707	0.685873928707	0.685873928707	0.685873928707	0.685873928707	0.685873928707	0.685873928707	0.685873928707	
0.983333333333	123.6	126.0	128.4	130.8	133.2	135.6	138.0	140.4	142.8	145.2	0.0	0.0	2.05968231842e-06	1.13179393205e-06	1.76379932927e-06	5.56737324877e-06	8.90099016747e-06	5.47802779454e-06	7.20198989398e-06	-3.15979856565e-07	0.0	8.58200966008e-07	-3.86620160986e-07	2.63335582174e-07	1.58482246646e-06	1.38900704946e-06	-1.42623432205e-06	7.1831754143e-07	-3.13248739606e-06	2.7275622485e-06	180.005966137	180.027266434	180.04856673	180.069867027	180.091167324	180.11246762	180.133767917	180.155068213	180.17636851	180.197668807	-9.85866939618	-9.83264337029	-9.8066173444	-9.7805913185	-9.75456529261	-9.72853926672	-9.70251324083	-9.67648721494	-9.65046118905	-9.62443516316	0.685873928707	0.685873928707	0.685873928707	0.685873928707	0.685873928707	0.685873928707	0.685873928707	0.685873928707	0.685873928707	0.685873928707	
1.0	123.6	126.0	128.4	130.8	133.2	135.6	138.0	140.4	142.8	145.2	0.0	0.0	2.05968231842e-06	1.13179393205e-06	1.76379932927e-06	5.56737324877e-06	8.90099016747e-06	5.47802779454e-06	7.20198989398e-06	-3.15979856565e-07	0.0	8.58200966008e-07	-3.86620160986e-07	2.63335582174e-07	1.58482246646e-06	1.38900704946e-06	-1.42623432205e-06	7.1831754143e-07	-3.13248739606e-06	2.7275622485e-06	180.005966137	180.027266434	180.04856673	180.069867027	180.091167324	180.11246762	180.133767917	180.155068213	180.17636851	180.197668807	-9.85866939618	-9.83264337029	-9.8066173444	-9.7805913185	-9.75456529261	-9.72853926672	-9.70251324083	-9.67648721494	-9.65046118905	-9.62443516316	0.685873928707	0.685873928707	0.685873928707	0.685873928707	0.685873928707	0.685873928707	0.685873928707	0.685873928707	0.685873928707	0.685873928707	
1.01666666667	126.2912725	128.6226025	130.9539325	133.2852625	135.6165925	137.9479225	140.2792525	142.6105825	144.9419125	147.2732425	0.0	0.0	3.37238766277e-07	-5.51932058734e-06	-9.74453474677e-06	-7.91123198518e-06	-3.5630917013e-06	4.49794740147e-06	6.26381886957e-06	2.26315422007e-06	0.0	1.44655096563e-07	-2.51211083524e-06	-1.81236211062e-06	7.86376343784e-07	1.86509000605e-06	3.45769972618e-06	7.57452384719e-07	-1.71604391031e-06	-5.7681813561e-07	180.075964102	180.16317841	180.250392718	180.337607026	180.424821334	180.512035641	180.599249949	180.686464257	180.773678565	180.860892873	-9.83142865527	-9.81662710787	-9.80182556048	-9.78702401308	-9.77222246569	-9.75742091829	-9.7426193709	-9.7278178235	-9.71301627611	-9.69821472871	1.40268349922	1.40268349922	1.40268349922	1.40268349922	1.40268349922	1.40268349922	1.40268349922	1.40268349922	1.40268349922	1.40268349922	
1.03333333333	126.2912725	128.6226025	130.9539325	133.2852625	135.6165925	137.9479225	140.2792525	142.6105825	144.9419125	147.2732425	0.0	0.0	3.37238766277e-07	-5.51932058734e-06	-9.74453474677e-06	-7.91123198518e-06	-3.5630917013e-06	4.49794740147e-06	6.26381886957e-06	2.26315422007e-06	0.0	1.44655096563e-07	-2.51211083524e-06	-1.81236211062e-06	7.86376343784e-07	1.86509000605e-06	3.45769972618e-06	7.57452384719e-07	-1.71604391031e-06	-5.7681813561e-07	180.075964102	180.16317841	180.250392718	180.337607026	180.424821334	180.512035641	180.599249949	180.686464257	180.773678565	180.860892873	-9.83142865527	-9.81662710787	-9.80182556048	-9.78702401308	-9.77222246569	-9.75742091829	-9.7426193709	-9.7278178235	-9.71301627611	-9.69821472871	1.40268349922	1.40268349922	1.40268349922	1.40268349922	1.40268349922	1.40268349922	1.40268349922	1.40268349922	1.40268349922	1.40268349922	
1.05	126.2912725	128.6226025	130.9539325	133.2852625	135.6165925	137.9479225	140.2792525	142.6105825	144.9419125	147.2732425	0.0	0.0	3.37238766277e-07	-5.51932058734e-06	-9.74453474677e-06	-7.91123198518e-06	-3.5630917013e-06	4.49794740147e-06	6.26381886957e-06	2.26315422007e-06	0.0	1.44655096563e-07	-2.51211083524e-06	-1.81236211062e-06	7.86376343784e-07	1.86509000605e-06	3.45769972618e-06	7.57452384719e-07	-1.71604391031e-06	-5.7681813561e-07	180.075964102	180.16317841	180.250392718	180.337607026	180.424821334	180.512035641	180.599249949	180.686464257	180.773678565	180.860892873	-9.83142865527	-9.81662710787	-9.80182556048	-9.78702401308	-9.77222246569	-9.75742091829	-9.7426193709	-9.7278178235	-9.71301627611	-9.69821472871	1.40268349922	1.40268349922	1.40268349922	1.40268349922	1.40268349922	1.40268349922	1.40268349922	1.40268349922	1.40268349922	1.40268349922	
1.06666666667	126.2912725	128.6226025	130.9539325	133.2852625	135.6165925	137.9479225	140.2792525	142.6105825	144.9419125	147.2732425	0.0	0.0	3.37238766277e-07	-5.51932058734e-06	-9.74453474677e-06	-7.91123198518e-06	-3.5630917013e-06	4.49794740147e-06	6.26381886957e-06	2.26315422007e-06	0.0	1.44655096563e-07	-2.51211083524e-06	-1.81236211062e-06	7.86376343784e-07	1.86509000605e-06	3.45769972618e-06	7.57452384719e-07	-1.71604391031e-06	-5.7681813561e-07	180.075964102	180.16317841	180.250392718	180.337607026	180.424821334	180.512035641	180.599249949	180.686464257	180.773678565	180.860892873	-9.83142865527	-9.81662710787	-9.80182556048	-9.78702401308	-9.77222246569	-9.75742091829	-9.7426193709	-9.7278178235	-9.71301627611	-9.69821472871	1.40268349922	1.40268349922	1.40268349922	1.40268349922	1.40268349922	1.40268349922	1.40268349922	1.40268349922	1.40268349922	1.40268349922	
1.08333333333	126.2912725	128.6226025	130.9539325	133.2852625	135.6165925	137.9479225	140.2792525	142.6105825	144.9419125	147.2732425	0.0	0.0	3.37238766277e-07	-5.51932058734e-06	-9.74453474677e-06	-7.91123198518e-06	-3.5630917013e-06	4.49794740147e-06	6.26381886957e-06	2.26315422007e-06	0.0	1.44655096563e-07	-2.51211083524e-06	-1.81236211062e-06	7.86376343784e-07	1.86509000605e-06	3.45769972618e-06	7.57452384719e-07	-1.71604391031e-06	-5.7681813561e-07	180.075964102	180.16317841	180.250392718	180.337607026	180.424821334	180.512035641	180.599249949	180.686464257	180.773678565	180.860892873	-9.83142865527	-9.81662710787	-9.80182556048	-9.78702401308	-9.77222246569	-9.75742091829	-9.7426193709	-9.7278178235	-9.71301627611	-9.69821472871	1.40268349922	1.40268349922	1.40268349922	1.40268349922	1.40268349922	1.40268349922	1.40268349922	1.40268349922	1.40268349922	1.40268349922	
1.1	126.2912725	128.6226025	130.9539325	133.2852625	135.6165925	137.9479225	140.2792525	142.6105825	144.9419125	147.2732425	0.0	0.0	3.37238766277e-07	-5.51932058734e-06	-9.74453474677e-06	-7.91123198518e-06	-3.5630917013e-06	4.49794740147e-06	6.26381886957e-06	2.26315422007e-06	0.0	1.44655096563e-07	-2.51211083524e-06	-1.81236211062e-06	7.86376343784e-07	1.86509000605e-06	3.45769972618e-06	7.57452384719e-07	-1.71604391031e-06	-5.7681813561e-07	180.075964102	180.16317841	180.250392718	180.337607026	180.424821334	180.512035641	180.599249949	180.686464257	180.773678565	180.860892873	-9.83142865527	-9.81662710787	-9.80182556048	-9.78702401308	-9.77222246569	-9.75742091829	-9.7426193709	-9.7278178235	-9.71301627611	-9.69821472871	1.40268349922	1.40268349922	1.40268349922	1.40268349922	1.40268349922	1.40268349922	1.40268349922	1.40268349922	1.40268349922	1.40268349922	
1.11666666667	128.5343125	130.8067825	133.0792525	135.3517225	137.6241925	139.8966625	142.1691325	144.4416025	146.7140725	148.9865425	0.0	0.0	-1.02995161553e-06	2.34105665049e-07	-3.0377310805e-07	6.32859624904e-07	8.22005456756e-07	1.70735465144e-06	2.11987026192e-06	2.84799015107e-06	0.0	-4.53230016461e-07	5.56248170735e-07	-2.36693453858e-07	4.12165059577e-07	8.32335880555e-08	3.89597748117e-07	1.81527417512e-07	3.2040902152e-07	5.34921594785e-07	180.189706525	180.321119468	180.452532412	180.583945355	180.715358298	180.846771242	180.978184185	181.109597129	181.241010072	181.372423015	-9.83059778	-9.83881044495	-9.84702310989	-9.85523577484	-9.86344843979	-9.87166110473	-9.87987376968	-9.88808643463	-9.89629909958	-9.90451176452	1.63321025515	1.63321025515	1.63321025515	1.63321025515	1.63321025515	1.63321025515	1.63321025515	1.63321025515	1.63321025515	1.63321025515	
1.13333333333	128.5343125	130.8067825	133.0792525	135.3517225	137.6241925	139.8966625	142.1691325	144.4416025	146.7140725	148.9865425	0.0	0.0	-1.02995161553e-06	2.34105665049e-07	-3.0377310805e-07	6.32859624904e-07	8.22005456756e-07	1.70735465144e-06	2.11987026192e-06	2.84799015107e-06	0.0	-4.53230016461e-07	5.56248170735e-07	-2.36693453858e-07	4.12165059577e-07	8.32335880555e-08	3.89597748117e-07	1.81527417512e-07	3.2040902152e-07	5.34921594785e-07	180.189706525	180.321119468	180.452532412	180.583945355	180.715358298	180.846771242	180.978184185	181.109597129	181.241010072	181.372423015	-9.83059778	-9.83881044495	-9.84702310989	-9.85523577484	-9.86344843979	-9.87166110473	-9.87987376968	-9.88808643463	-9.89629909958	-9.90451176452	1.63321025515	1.63321025515	1.63321025515	1.63321025515	1.63321025515	1.63321025515	1.63321025515	1.63321025515	1.63321025515	1.63321025515	
1.15	128.5343125	130.8067825	133.0792525	135.3517225	137.6241925	139.8966625	142.1691325	144.4416025	146.7140725	148.9865425	0.0	0.0	-1.02995161553e-06	2.34105665049e-07	-3.0377310805e-07	6.32859624904e-07	8.22005456756e-07	1.70735465144e-06	2.11987026192e-06	2.84799015107e-06	0.0	-4.53230016461e-07	5.56248170735e-07	-2.36693453858e-07	4.12165059577e-07	8.32335880555e-08	3.89597748117e-07	1.81527417512e-07	3.2040902152e-07	5.34921594785e-07	180.189706525	180.321119468	180.452532412	180.583945355	180.715358298	180.846771242	180.978184185	181.109597129	181.241010072	181.372423015	-9.83059778	-9.83881044495	-9.84702310989	-9.85523577484	-9.86344843979	-9.87166110473	-9.87987376968	-9.88808643463	-9.89629909958	-9.90451176452	1.63321025515	1.63321025515	1.63321025515	1.63321025515	1.63321025515	1.63321025515	1.63321025515	1.63321025515	1.63321025515	1.63321025515	
1.16666666667	128.5343125	130.8067825	133.0792525	135.3517225	137.6241925	139.8966625	142.1691325	144.4416025	146.7140725	148.9865425	0.0	0.0	-1.02995161553e-06	2.34105665049e-07	-3.0377310805e-07	6.32859624904e-07	8.22005456756e-07	1.70735465144e-06	2.11987026192e-06	2.84799015107e-06	0.0	-4.53230016461e-07	5.56248170735e-07	-2.36693453858e-07	4.12165059577e-07	8.32335880555e-08	3.89597748117e-07	1.81527417512e-07	3.2040902152e-07	5.34921594785e-07	180.189706525	180.321119468	180.452532412	180.583945355	180.715358298	180.846771242	180.978184185	181.109597129	181.241010072	181.372423015	-9.83059778	-9.83881044495	-9.84702310989	-9.85523577484	-9.86344843979	-9.87166110473	-9.87987376968	-9.88808643463	-9.89629909958	-9.90451176452	1.63321025515	1.63321025515	1.63321025515	1.63321025515	1.63321025515	1.63321025515	1.63321025515	1.63321025515	1.63321025515	1.63321025515	
1.18333333333	128.5343125	130.8067825	133.0792525	135.3517225	137.6241925	139.8966625	142.1691325	144.4416025	146.7140725	148.9865425	0.0	0.0	-1.02995161553e-06	2.34105665049e-07	-3.0377310805e-07	6.32859624904e-07	8.22005456756e-07	1.70735465144e-06	2.11987026192e-06	2.84799015107e-06	0.0	-4.53230016461e-07	5.56248170735e-07	-2.36693453858e-07	4.12165059577e-07	8.32335880555e-08	3.89597748117e-07	1.81527417512e-07	3.2040902152e-07	5.34921594785e-07	180.189706525	180.321119468	180.452532412	180.583945355	180.715358298	180.846771242	180.978184185	181.109597129	181.241010072	181.372423015	-9.83059778	-9.83881044495	-9.84702310989	-9.85523577484	-9.86344843979	-9.87166110473	-9.87987376968	-9.88808643463	-9.89629909958	-9.90451176452	1.63321025515	1.63321025515	1.63321025515	1.63321025515	1.63321025515	1.63321025515	1.63321025515	1.63321025515	1.63321025515	1.63321025515	
1.2	128.5343125	130.8067825	133.0792525	135.3517225	137.6241925	139.8966625	142.1691325	144.4416025	146.7140725	148.9865425	0.0	0.0	-1.02995161553e-06	2.34105665049e-07	-3.0377310805e-07	6.32859624904e-07	8.22005456756e-07	1.70735465144e-06	2.11987026192e-06	2.84799015107e-06	0.0	-4.53230016461e-07	5.56248170735e-07	-2.36693453858e-07	4.12165059577e-07	8.32335880555e-08	3.89597748117e-07	1.81527417512e-07	3.2040902152e-07	5.34921594785e-07	180.189706525	180.321119468	180.452532412	180.583945355	180.715358298	180.846771242	180.978184185	181.109597129	181.241010072	181.372423015	-9.83059778	-9.83881044495	-9.84702310989	-9.85523577484	-9.86344843979	-9.87166110473	-9.87987376968	-9.88808643463	-9.89629909958	-9.90451176452	1.63321025515	1.63321025515	1.63321025515	1.63321025515	1.63321025515	1.63321025515	1.63321025515	1.63321025515	1.63321025515	1.63321025515	
1.21666666667	128.5343125	130.8067825	133.0792525	135.3517225	137.6241925	139.8966625	142.1691325	144.4416025	146.7140725	148.9865425	0.0	0.0	-1.02995161553e-06	2.34105665049e-07	-3.0377310805e-07	6.32859624904e-07	8.22005456756e-07	1.70735465144e-06	2.11987026192e-06	2.84799015107e-06	0.0	-4.53230016461e-07	5.56248170735e-07	-2.36693453858e-07	4.12165059577e-07	8.32335880555e-08	3.89597748117e-07	1.81527417512e-07	3.2040902152e-07	5.34921594785e-07	180.189706525	180.321119468	180.452532412	180.583945355	180.715358298	180.846771242	180.978184185	181.109597129	181.241010072	181.372423015	-9.83059778	-9.83881044495	-9.84702310989	-9.85523577484	-9.86344843979	-9.87166110473	-9.87987376968	-9.88808643463	-9.89629909958	-9.90451176452	1.63321025515	1.63321025515	1.63321025515	1.63321025515	1.63321025515	1.63321025515	1.63321025515	1.63321025515	1.63321025515	1.63321025515	
1.23333333333	131.0768	133.2806	135.4844	137.6882	139.892	142.0958	144.2996	146.503400001	148.707200001	150.911000001	0.0	0.0	-1.43701022675e-06	-2.2160930337e-06	-3.2593009603e-06	-4.47145839106e-06	-4.97203019576e-06	-3.09756539136e-06	-2.13541154323e-06	3.49963274465e-07	0.0	-6.52060180924e-07	-3.53517926728e-07	-4.73367785907e-07	-5.50030597479e-07	-2.27140305242e-07	8.50560306904e-07	4.36588550733e-07	1.12776786353e-06	-9.2941102117e-07	180.3732404	180.549366314	180.725492229	180.901618144	181.077744059	181.253869974	181.429995889	181.606121803	181.782247718	181.958373633	-9.85281807809	-9.87873399033	-9.90464990257	-9.93056581481	-9.95648172705	-9.98239763928	-10.0083135515	-10.0342294638	-10.060145376	-10.0860612882	1.71689218268	1.71689218268	1.71689218268	1.71689218268	1.71689218268	1.71689218268	1.71689218268	1.71689218268	1.71689218268	1.71689218268	
1.25	131.0768	133.2806	135.4844	137.6882	139.892	142.0958	144.2996	146.503400001	148.707200001	150.911000001	0.0	0.0	-1.43701022675e-06	-2.2160930337e-06	-3.2593009603e-06	-4.47145839106e-06	-4.97203019576e-06	-3.09756539136e-06	-2.13541154323e-06	3.49963274465e-07	0.0	-6.52060180924e-07	-3.53517926728e-07	-4.73367785907e-07	-5.50030597479e-07	-2.27140305242e-07	8.50560306904e-07	4.36588550733e-07	1.12776786353e-06	-9.2941102117e-07	180.3732404	180.549366314	180.725492229	180.901618144	181.077744059	181.253869974	181.429995889	181.606121803	181.782247718	181.958373633	-9.85281807809	-9.87873399033	-9.90464990257	-9.93056581481	-9.95648172705	-9.98239763928	-10.0083135515	-10.0342294638	-10.060145376	-10.0860612882	1.71689218268	1.71689218268	1.71689218268	1.71689218268	1.71689218268	1.71689218268	1.71689218268	1.71689218268	1.71689218268	1.71689218268	
1.26666666667	131.0768	133.2806	135.4844	137.6882	139.892	142.0958	144.2996	146.503400001	148.707200001	150.911000001	0.0	0.0	-1.43701022675e-06	-2.2160930337e-06	-3.2593009603e-06	-4.47145839106e-06	-4.97203019576e-06	-3.09756539136e-06	-2.13541154323e-06	3.49963274465e-07	0.0	-6.52060180924e-07	-3.53517926728e-07	-4.73367785907e-07	-5.50030597479e-07	-2.27140305242e-07	8.50560306904e-07	4.36588550733e-07	1.12776786353e-06	-9.2941102117e-07	180.3732404	180.549366314	180.725492229	180.901618144	181.077744059	181.253869974	181.429995889	181.606121803	181.782247718	181.958373633	-9.85281807809	-9.87873399033	-9.90464990257	-9.93056581481	-9.95648172705	-9.98239763928	-10.0083135515	-10.0342294638	-10.060145376	-10.0860612882	1.71689218268	1.71689218268	1.71689218268	1.71689218268	1.71689218268	1.71689218268	1.71689218268	1.71689218268	1.71689218268	1.71689218268	
1.28333333333	131.0768	133.2806	135.4844	137.6882	139.892	142.0958	144.2996	146.503400001	148.707200001	150.911000001	0.0	0.0	-1.43701022675e-06	-2.2160930337e-06	-3.2593009603e-06	-4.47145839106e-06	-4.97203019576e-06	-3.09756539136e-06	-2.13541154323e-06	3.49963274465e-07	0.0	-6.52060180924e-07	-3.53517926728e-07	-4.73367785907e-07	-5.50030597479e-07	-2.27140305242e-07	8.50560306904e-07	4.36588550733e-07	1.12776786353e-06	-9.2941102117e-07	180.3732404	180.549366314	180.725492229	180.901618144	181.077744059	181.253869974	181.429995889	181.606121803	181.782247718	181.958373633	-9.85281807809	-9.87873399033	-9.90464990257	-9.93056581481	-9.95648172705	-9.98239763928	-10.0083135515	-10.0342294638	-10.060145376	-10.0860612882	1.71689218268	1.71689218268	1.71689218268	1.71689218268	1.71689218268	1.71689218268	1.71689218268	1.71689218268	1.71689218268	1.71689218268	
1.3	131.0768	133.2806	135.4844	137.6882	139.892	142.0958	144.2996	146.503400001	148.707200001	150.911000001	0.0	0.0	-1.43701022675e-06	-2.2160930337e-06	-3.2593009603e-06	-4.47145839106e-06	-4.97203019576e-06	-3.09756539136e-06	-2.13541154323e-06	3.49963274465e-07	0.0	-6.52060180924e-07	-3.53517926728e-07	-4.73367785907e-07	-5.50030597479e-07	-2.27140305242e-07	8.50560306904e-07	4.36588550733e-07	1.12776786353e-06	-9.2941102117e-07	180.3732404	180.549366314	180.725492229	180.901618144	181.077744059	181.253869974	181.429995889	181.606121803	181.782247718	181.958373633	-9.85281807809	-9.87873399033	-9.90464990257	-9.93056581481	-9.95648172705	-9.98239763928	-10.0083135515	-10.0342294638	-10.060145376	-10.0860612882	1.71689218268	1.71689218268	1.71689218268	1.71689218268	1.71689218268	1.71689218268	1.71689218268	1.71689218268	1.71689218268	1.71689218268	
1.31666666667	131.0768	133.2806	135.4844	137.6882	139.892	142.0958	144.2996	146.503400001	148.707200001	150.911000001	0.0	0.0	-1.43701022675e-06	-2.2160930337e-06	-3.2593009603e-06	-4.47145839106e-06	-4.97203019576e-06	-3.09756539136e-06	-2.13541154323e-06	3.49963274465e-07	0.0	-6.52060180924e-07	-3.53517926728e-07	-4.73367785907e-07	-5.50030597479e-07	-2.27140305242e-07	8.50560306904e-07	4.36588550733e-07	1.12776786353e-06	-9.2941102117e-07	180.3732404	180.549366314	180.725492229	180.901618144	181.077744059	181.253869974	181.429995889	181.606121803	181.782247718	181.958373633	-9.85281807809	-9.87873399033	-9.90464990257	-9.93056581481	-9.95648172705	-9.98239763928	-10.0083135515	-10.0342294638	-10.060145376	-10.0860612882	1.71689218268	1.71689218268	1.71689218268	1.71689218268	1.71689218268	1.71689218268	1.71689218268	1.71689218268	1.71689218268	1.71689218268	
1.33333333333	131.0768	133.2806	135.4844	137.6882	139.892	142.0958	144.2996	146.503400001	148.707200001	150.911000001	0.0	0.0	-1.43701022675e-06	-2.2160930337e-06	-3.2593009603e-06	-4.47145839106e-06	-4.97203019576e-06	-3.09756539136e-06	-2.13541154323e-06	3.49963274465e-07	0.0	-6.52060180924e-07	-3.53517926728e-07	-4.73367785907e-07	-5.50030597479e-07	-2.27140305242e-07	8.50560306904e-07	4.36588550733e-07	1.12776786353e-06	-9.2941102117e-07	180.3732404	180.549366314	180.725492229	180.901618144	181.077744059	181.253869974	181.429995889	181.606121803	181.782247718	181.958373633	-9.85281807809	-9.87873399033	-9.90464990257	-9.93056581481	-9.95648172705	-9.98239763928	-10.0083135515	-10.0342294638	-10.060145376	-10.0860612882	1.71689218268	1.71689218268	1.71689218268	1.71689218268	1.71689218268	1.71689218268	1.71689218268	1.71689218268	1.71689218268	1.71689218268	
1.35	133.5391725	135.6743025	137.8094325	139.9445625	142.079692501	144.214822501	146.349952501	148.485082501	150.620212501	152.755342501	0.0	0.0	8.19680921233e-07	4.1997057475e-06	8.5124164456e-06	1.1711910036e-05	2.20306220563e-05	3.4477458562e-05	4.59704789356e-05	5.41721742377e-05	0.0	3.83902114253e-07	1.58305340946e-06	2.01988202028e-06	1.49850060198e-06	4.83282611361e-06	5.82954504194e-06	5.38281995625e-06	3.84130956983e-06	2.22286230772e-06	180.606423831	180.823635072	181.040846313	181.258057553	181.475268794	181.692480034	181.909691275	182.126902516	182.344113756	182.561324997	-9.89096637003	-9.92812917449	-9.96529197895	-10.0024547834	-10.0396175879	-10.0767803923	-10.1139431968	-10.1511060013	-10.1882688057	-10.2254316102	1.74024627286	1.74024627286	1.74024627286	1.74024627286	1.74024627286	1.74024627286	1.74024627286	1.74024627286	1.74024627286	1.74024627286	
1.36666666667	133.5391725	135.6743025	137.8094325	139.9445625	142.079692501	144.214822501	146.349952501	148.485082501	150.620212501	152.755342501	0.0	0.0	8.19680921233e-07	4.1997057475e-06	8.5124164456e-06	1.1711910036e-05	2.20306220563e-05	3.4477458562e-05	4.59704789356e-05	5.41721742377e-05	0.0	3.83902114253e-07	1.58305340946e-06	2.01988202028e-06	1.49850060198e-06	4.83282611361e-06	5.82954504194e-06	5.38281995625e-06	3.84130956983e-06	2.22286230772e-06	180.606423831	180.823635072	181.040846313	181.258057553	181.475268794	181.692480034	181.909691275	182.126902516	182.344113756	182.561324997	-9.89096637003	-9.92812917449	-9.96529197895	-10.0024547834	-10.0396175879	-10.0767803923	-10.1139431968	-10.1511060013	-10.1882688057	-10.2254316102	1.74024627286	1.74024627286	1.74024627286	1.74024627286	1.74024627286	1.74024627286	1.74024627286	1.74024627286	1.74024627286	1.74024627286	
1.38333333333	133.5391725	135.6743025	137.8094325	139.9445625	142.079692501	144.214822501	146.349952501	148.485082501	150.620212501	152.755342501	0.0	0.0	8.19680921233e-07	4.1997057475e-06	8.5124164456e-06	1.1711910036e-05	2.20306220563e-05	3.4477458562e-05	4.59704789356e-05	5.41721742377e-05	0.0	3.83902114253e-07	1.58305340946e-06	2.01988202028e-06	1.49850060198e-06	4.83282611361e-06	5.82954504194e-06	5.38281995625e-06	3.84130956983e-06	2.22286230772e-06	180.606423831	180.823635072	181.040846313	181.258057553	181.475268794	181.692480034	181.909691275	182.126902516	182.344113756	182.561324997	-9.89096637003	-9.92812917449	-9.96529197895	-10.0024547834	-10.0396175879	-10.0767803923	-10.1139431968	-10.1511060013	-10.1882688057	-10.2254316102	1.74024627286	1.74024627286	1.74024627286	1.74024627286	1.74024627286	1.74024627286	1.74024627286	1.74024627286	1.74024627286	1.74024627286	
1.4	133.5391725	135.6743025	137.8094325	139.9445625	142.079692501	144.214822501	146.349952501	148.485082501	150.620212501	152.755342501	0.0	0.0	8.19680921233e-07	4.1997057475e-06	8.5124164456e-06	1.1711910036e-05	2.20306220563e-05	3.4477458562e-05	4.59704789356e-05	5.41721742377e-05	0.0	3.83902114253e-07	1.58305340946e-06	2.01988202028e-06	1.49850060198e-06	4.83282611361e-06	5.82954504194e-06	5.38281995625e-06	3.84130956983e-06	2.22286230772e-06	180.606423831	180.823635072	181.040846313	181.258057553	181.475268794	181.692480034	181.909691275	182.126902516	182.344113756	182.561324997	-9.89096637003	-9.92812917449	-9.96529197895	-10.0024547834	-10.0396175879	-10.0767803923	-10.1139431968	-10.1511060013	-10.1882688057	-10.2254316102	1.74024627286	1.74024627286	1.74024627286	1.74024627286	1.74024627286	1.74024627286	1.74024627286	1.74024627286	1.74024627286	1.74024627286	
1.41666666667	133.5391725	135.6743025	137.8094325	139.9445625	142.079692501	144.214822501	146.349952501	148.485082501	150.620212501	152.755342501	0.0	0.0	8.19680921233e-07	4.1997057475e-06	8.5124164456e-06	1.1711910036e-05	2.20306220563e-05	3.4477458562e-05	4.59704789356e-05	5.41721742377e-05	0.0	3.83902114253e-07	1.58305340946e-06	2.01988202028e-06	1.49850060198e-06	4.83282611361e-06	5.82954504194e-06	5.38281995625e-06	3.84130956983e-06	2.22286230772e-06	180.606423831	180.823635072	181.040846313	181.258057553	181.475268794	181.692480034	181.909691275	182.126902516	182.344113756	182.561324997	-9.89096637003	-9.92812917449	-9.96529197895	-10.0024547834	-10.0396175879	-10.0767803923	-10.1139431968	-10.1511060013	-10.1882688057	-10.2254316102	1.74024627286	1.74024627286	1.74024627286	1.74024627286	1.74024627286	1.74024627286	1.74024627286	1.74024627286	1.74024627286	1.74024627286	
1.43333333333	133.5391725	135.6743025	137.8094325	139.9445625	142.079692501	144.214822501	146.349952501	148.485082501	150.620212501	152.755342501	0.0	0.0	8.19680921233e-07	4.1997057475e-06	8.5124164456e-06	1.1711910036e-05	2.20306220563e-05	3.4477458562e-05	4.59704789356e-05	5.41721742377e-05	0.0	3.83902114253e-07	1.58305340946e-06	2.01988202028e-06	1.49850060198e-06	4.83282611361e-06	5.82954504194e-06	5.38281995625e-06	3.84130956983e-06	2.22286230772e-06	180.606423831	180.823635072	181.040846313	181.258057553	181.475268794	181.692480034	181.909691275	182.126902516	182.344113756	182.561324997	-9.89096637003	-9.92812917449	-9.96529197895	-10.0024547834	-10.0396175879	-10.0767803923	-10.1139431968	-10.1511060013	-10.1882688057	-10.2254316102	1.74024627286	1.74024627286	1.74024627286	1.74024627286	1.74024627286	1.74024627286	1.74024627286	1.74024627286	1.74024627286	1.74024627286	
1.45	133.5391725	135.6743025	137.8094325	139.9445625	142.079692501	144.214822501	146.349952501	148.485082501	150.620212501	152.755342501	0.0	0.0	8.19680921233e-07	4.1997057475e-06	8.5124164456e-06	1.1711910036e-05	2.20306220563e-05	3.4477458562e-05	4.59704789356e-05	5.41721742377e-05	0.0	3.83902114253e-07	1.58305340946e-06	2.01988202028e-06	1.49850060198e-06	4.83282611361e-06	5.82954504194e-06	5.38281995625e-06	3.84130956983e-06	2.22286230772e-06	180.606423831	180.823635072	181.040846313	181.258057553	181.475268794	181.692480034	181.909691275	182.126902516	182.344113756	182.561324997	-9.89096637003	-9.92812917449	-9.96529197895	-10.0024547834	-10.0396175879	-10.0767803923	-10.1139431968	-10.1511060013	-10.1882688057	-10.2254316102	1.74024627286	1.74024627286	1.74024627286	1.74024627286	1.74024627286	1.74024627286	1.74024627286	1.74024627286	1.74024627286	1.74024627286	
1.46666666667	135.92143	137.98789	140.054350001	142.120810001	144.187270001	146.253730001	148.320190001	150.386650001	152.453110001	154.519570001	0.0	0.0	-1.49748048066e-06	-2.44229928992e-06	-1.04184397494e-05	-1.08370764346e-05	-1.71142781011e-05	-1.58994733919e-05	-1.84904349441e-05	-1.85097903848e-05	0.0	-7.24659795305e-07	-4.57216113171e-07	-3.85980878371e-06	-2.02586396632e-07	-3.03765941092e-06	5.87867517014e-07	-1.25381645526e-06	-9.36647246209e-09	-1.37215066845e-06	180.885368788	181.14041937	181.395469952	181.650520534	181.905571116	182.160621698	182.415672281	182.670722863	182.925773445	183.180824027	-9.93997278699	-9.98532248474	-10.0306721825	-10.0760218803	-10.121371578	-10.1667212758	-10.2120709735	-10.2574206713	-10.302770369	-10.3481200668	1.74676397081	1.74676397081	1.74676397081	1.74676397081	1.74676397081	1.74676397081	1.74676397081	1.74676397081	1.74676397081	1.74676397081	
1.48333333333	135.92143	137.98789	140.054350001	142.120810001	144.187270001	146.253730001	148.320190001	150.386650001	152.453110001	154.519570001	0.0	0.0	-1.49748048066e-06	-2.44229928992e-06	-1.04184397494e-05	-1.08370764346e-05	-1.71142781011e-05	-1.58994733919e-05	-1.84904349441e-05	-1.85097903848e-05	0.0	-7.24659795305e-07	-4.57216113171e-07	-3.85980878371e-06	-2.02586396632e-07	-3.03765941092e-06	5.87867517014e-07	-1.25381645526e-06	-9.36647246209e-09	-1.37215066845e-06	180.885368788	181.14041937	181.395469952	181.650520534	181.905571116	182.160621698	182.415672281	182.670722863	182.925773445	183.180824027	-9.93997278699	-9.98532248474	-10.0306721825	-10.0760218803	-10.121371578	-10.1667212758	-10.2120709735	-10.2574206713	-10.302770369	-10.3481200668	1.74676397081	1.74676397081	1.74676397081	1.74676397081	1.74676397081	1.74676397081	1.74676397081	1.74676397081	1.74676397081	1.74676397081	
1.5	135.92143	137.98789	140.054350001	142.120810001	144.187270001	146.253730001	148.320190001	150.386650001	152.453110001	154.519570001	0.0	0.0	-1.49748048066e-06	-2.44229928992e-06	-1.04184397494e-05	-1.08370764346e-05	-1.71142781011e-05	-1.58994733919e-05	-1.84904349441e-05	-1.85097903848e-05	0.0	-7.24659795305e-07	-4.57216113171e-07	-3.85980878371e-06	-2.02586396632e-07	-3.03765941092e-06	5.87867517014e-07	-1.25381645526e-06	-9.36647246209e-09	-1.37215066845e-06	180.885368788	181.14041937	181.395469952	181.650520534	181.905571116	182.160621698	182.415672281	182.670722863	182.925773445	183.180824027	-9.93997278699	-9.98532248474	-10.0306721825	-10.0760218803	-10.121371578	-10.1667212758	-10.2120709735	-10.2574206713	-10.302770369	-10.3481200668	1.74676397081	1.74676397081	1.74676397081	1.74676397081	1.74676397081	1.74676397081	1.74676397081	1.74676397081	1.74676397081	1.74676397081	
1.51666666667	135.92143	137.98789	140.054350001	142.120810001	144.187270001	146.253730001	148.320190001	150.386650001	152.453110001	154.519570001	0.0	0.0	-1.49748048066e-06	-2.44229928992e-06	-1.04184397494e-05	-1.08370764346e-05	-1.71142781011e-05	-1.58994733919e-05	-1.84904349441e-05	-1.85097903848e-05	0.0	-7.24659795305e-07	-4.57216113171e-07	-3.85980878371e-06	-2.02586396632e-07	-3.03765941092e-06	5.87867517014e-07	-1.25381645526e-06	-9.36647246209e-09	-1.37215066845e-06	180.885368788	181.14041937	181.395469952	181.650520534	181.905571116	182.160621698	182.415672281	182.670722863	182.925773445	183.180824027	-9.93997278699	-9.98532248474	-10.0306721825	-10.0760218803	-10.121371578	-10.1667212758	-10.2120709735	-10.2574206713	-10.302770369	-10.3481200668	1.74676397081	1.74676397081	1.74676397081	1.74676397081	1.74676397081	1.74676397081	1.74676397081	1.74676397081	1.74676397081	1.74676397081	
1.53333333333	135.92143	137.98789	140.054350001	142.120810001	144.187270001	146.253730001	148.320190001	150.386650001	152.453110001	154.519570001	0.0	0.0	-1.49748048066e-06	-2.44229928992e-06	-1.04184397494e-05	-1.08370764346e-05	-1.71142781011e-05	-1.58994733919e-05	-1.84904349441e-05	-1.85097903848e-05	0.0	-7.24659795305e-07	-4.57216113171e-07	-3.85980878371e-06	-2.02586396632e-07	-3.03765941092e-06	5.87867517014e-07	-1.25381645526e-06	-9.36647246209e-09	-1.37215066845e-06	180.885368788	181.14041937	181.395469952	181.650520534	181.905571116	182.160621698	182.415672281	182.670722863	182.925773445	183.180824027	-9.93997278699	-9.98532248474	-10.0306721825	-10.0760218803	-10.121371578	-10.1667212758	-10.2120709735	-10.2574206713	-10.302770369	-10.3481200668	1.74676397081	1.74676397081	1.74676397081	1.74676397081	1.74676397081	1.74676397081	1.74676397081	1.74676397081	1.74676397081	1.74676397081	
1.55	135.92143	137.98789	140.054350001	142.120810001	144.187270001	146.253730001	148.320190001	150.386650001	152.453110001	154.519570001	0.0	0.0	-1.49748048066e-06	-2.44229928992e-06	-1.04184397494e-05	-1.08370764346e-05	-1.71142781011e-05	-1.58994733919e-05	-1.84904349441e-05	-1.85097903848e-05	0.0	-7.24659795305e-07	-4.57216113171e-07	-3.85980878371e-06	-2.02586396632e-07	-3.03765941092e-06	5.87867517014e-07	-1.25381645526e-06	-9.36647246209e-09	-1.37215066845e-06	180.885368788	181.14041937	181.395469952	181.650520534	181.905571116	182.160621698	182.415672281	182.670722863	182.925773445	183.180824027	-9.93997278699	-9.98532248474	-10.0306721825	-10.0760218803	-10.121371578	-10.1667212758	-10.2120709735	-10.2574206713	-10.302770369	-10.3481200668	1.74676397081	1.74676397081	1.74676397081	1.74676397081	1.74676397081	1.74676397081	1.74676397081	1.74676397081	1.74676397081	1.74676397081	
1.56666666667	137.8996	139.907200001	141.914800001	143.922400001	145.930000001	147.937600001	149.945200001	151.952800001	153.960400001	155.968000001	0.0	0.0	-2.95339659182e-07	-3.05689437368e-06	-2.55133380224e-06	4.83696232487e-07	-7.15538115545e-07	3.06676976792e-07	-1.83633332328e-06	-7.12865587485e-06	0.0	-1.47110808511e-07	-1.37555026617e-06	2.51823356953e-07	1.51177029019e-06	-5.97347254419e-07	5.09172689921e-07	-1.06744884437e-06	-2.63614392873e-06	-3.11752584125e-06	181.158060081	181.443038278	181.728016476	182.012994673	182.297972871	182.582951069	182.867929266	183.152907464	183.437885661	183.722863859	-9.98877931284	-10.0399438405	-10.0911083682	-10.1422728959	-10.1934374235	-10.2446019512	-10.2957664789	-10.3469310066	-10.3980955342	-10.4492600619	1.74844210891	1.74844210891	1.74844210891	1.74844210891	1.74844210891	1.74844210891	1.74844210891	1.74844210891	1.74844210891	1.74844210891	
1.58333333333	137.8996	139.907200001	141.914800001	143.922400001	145.930000001	147.937600001	149.945200001	151.952800001	153.960400001	155.968000001	0.0	0.0	-2.95339659182e-07	-3.05689437368e-06	-2.55133380224e-06	4.83696232487e-07	-7.15538115545e-07	3.06676976792e-07	-1.83633332328e-06	-7.12865587485e-06	0.0	-1.47110808511e-07	-1.37555026617e-06	2.51823356953e-07	1.51177029019e-06	-5.97347254419e-07	5.09172689921e-07	-1.06744884437e-06	-2.63614392873e-06	-3.11752584125e-06	181.158060081	181.443038278	181.728016476	182.012994673	182.297972871	182.582951069	182.867929266	183.152907464	183.437885661	183.722863859	-9.98877931284	-10.0399438405	-10.0911083682	-10.1422728959	-10.1934374235	-10.2446019512	-10.2957664789	-10.3469310066	-10.3980955342	-10.4492600619	1.74844210891	1.74844210891	1.74844210891	1.74844210891	1.74844210891	1.74844210891	1.74844210891	1.74844210891	1.74844210891	1.74844210891	
1.6	137.8996	139.907200001	141.914800001	143.922400001	145.930000001	147.937600001	149.945200001	151.952800001	153.960400001	155.968000001	0.0	0.0	-2.95339659182e-07	-3.05689437368e-06	-2.55133380224e-06	4.83696232487e-07	-7.15538115545e-07	3.06676976792e-07	-1.83633332328e-06	-7.12865587485e-06	0.0	-1.47110808511e-07	-1.37555026617e-06	2.51823356953e-07	1.51177029019e-06	-5.97347254419e-07	5.09172689921e-07	-1.06744884437e-06	-2.63614392873e-06	-3.11752584125e-06	181.158060081	181.443038278	181.728016476	182.012994673	182.297972871	182.582951069	182.867929266	183.152907464	183.437885661	183.722863859	-9.98877931284	-10.0399438405	-10.0911083682	-10.1422728959	-10.1934374235	-10.2446019512	-10.2957664789	-10.3469310066	-10.3980955342	-10.4492600619	1.74844210891	1.74844210891	1.74844210891	1.74844210891	1.74844210891	1.74844210891	1.74844210891	1.74844210891	1.74844210891	1.74844210891	
1.61666666667	137.8996	139.907200001	141.914800001	143.922400001	145.930000001	147.937600001	149.945200001	151.952800001	153.960400001	155.968000001	0.0	0.0	-2.95339659182e-07	-3.05689437368e-06	-2.55133380224e-06	4.83696232487e-07	-7.15538115545e-07	3.06676976792e-07	-1.83633332328e-06	-7.12865587485e-06	0.0	-1.47110808511e-07	-1.37555026617e-06	2.51823356953e-07	1.51177029019e-06	-5.97347254419e-07	5.09172689921e-07	-1.06744884437e-06	-2.63614392873e-06	-3.11752584125e-06	181.158060081	181.443038278	181.728016476	182.012994673	182.297972871	182.582951069	182.867929266	183.152907464	183.437885661	183.722863859	-9.98877931284	-10.0399438405	-10.0911083682	-10.1422728959	-10.1934374235	-10.2446019512	-10.2957664789	-10.3469310066	-10.3980955342	-10.4492600619	1.74844210891	1.74844210891	1.74844210891	1.74844210891	1.74844210891	1.74844210891	1.74844210891	1.74844210891	1.74844210891	1.74844210891	
1.63333333333	137.8996	139.907200001	141.914800001	143.922400001	145.930000001	147.937600001	149.945200001	151.952800001	153.960400001	155.968000001	0.0	0.0	-2.95339659182e-07	-3.05689437368e-06	-2.55133380224e-06	4.83696232487e-07	-7.15538115545e-07	3.06676976792e-07	-1.83633332328e-06	-7.12865587485e-06	0.0	-1.47110808511e-07	-1.37555026617e-06	2.51823356953e-07	1.51177029019e-06	-5.97347254419e-07	5.09172689921e-07	-1.06744884437e-06	-2.63614392873e-06	-3.11752584125e-06	181.158060081	181.443038278	181.728016476	182.012994673	182.297972871	182.582951069	182.867929266	183.152907464	183.437885661	183.722863859	-9.98877931284	-10.0399438405	-10.0911083682	-10.1422728959	-10.1934374235	-10.2446019512	-10.2957664789	-10.3469310066	-10.3980955342	-10.4492600619	1.74844210891	1.74844210891	1.74844210891	1.74844210891	1.74844210891	1.74844210891	1.74844210891	1.74844210891	1.74844210891	1.74844210891	
1.65	137.8996	139.907200001	141.914800001	143.922400001	145.930000001	147.937600001	149.945200001	151.952800001	153.960400001	155.968000001	0.0	0.0	-2.95339659182e-07	-3.05689437368e-06	-2.55133380224e-06	4.83696232487e-07	-7.15538115545e-07	3.06676976792e-07	-1.83633332328e-06	-7.12865587485e-06	0.0	-1.47110808511e-07	-1.37555026617e-06	2.51823356953e-07	1.51177029019e-06	-5.97347254419e-07	5.09172689921e-07	-1.06744884437e-06	-2.63614392873e-06	-3.11752584125e-06	181.158060081	181.443038278	181.728016476	182.012994673	182.297972871	182.582951069	182.867929266	183.152907464	183.437885661	183.722863859	-9.98877931284	-10.0399438405	-10.0911083682	-10.1422728959	-10.1934374235	-10.2446019512	-10.2957664789	-10.3469310066	-10.3980955342	-10.4492600619	1.74844210891	1.74844210891	1.74844210891	1.74844210891	1.74844210891	1.74844210891	1.74844210891	1.74844210891	1.74844210891	1.74844210891	
1.66666666667	139.818910001	141.767650001	143.716390001	145.665130001	147.613870001	149.562610001	151.511350001	153.460090001	155.408830001	157.357570001	0.0	0.0	6.40273649089e-07	6.64448035015e-06	9.4429205563e-06	1.4233540912e-05	1.57566003342e-05	1.58495183146e-05	1.44753283801e-05	1.34917937055e-05	0.0	3.28557759915e-07	3.08107120537e-06	1.4360254349e-06	2.45831683829e-06	7.81561122615e-07	4.7681055688e-08	-7.05168434218e-07	-5.04702871845e-07	-4.07297531303e-06	181.459388931	181.772101628	182.084814326	182.397527024	182.710239722	183.022952419	183.335665117	183.648377815	183.961090513	184.27380321	-10.0429977331	-10.0993230978	-10.1556484625	-10.2119738272	-10.268299192	-10.3246245567	-10.3809499214	-10.4372752861	-10.4936006508	-10.5499260155	1.74900411396	1.74900411396	1.74900411396	1.74900411396	1.74900411396	1.74900411396	1.74900411396	1.74900411396	1.74900411396	1.74900411396	
1.68333333333	139.818910001	141.767650001	143.716390001	145.665130001	147.613870001	149.562610001	151.511350001	153.460090001	155.408830001	157.357570001	0.0	0.0	6.40273649089e-07	6.64448035015e-06	9.4429205563e-06	1.4233540912e-05	1.57566003342e-05	1.58495183146e-05	1.44753283801e-05	1.34917937055e-05	0.0	3.28557759915e-07	3.08107120537e-06	1.4360254349e-06	2.45831683829e-06	7.81561122615e-07	4.7681055688e-08	-7.05168434218e-07	-5.04702871845e-07	-4.07297531303e-06	181.459388931	181.772101628	182.084814326	182.397527024	182.710239722	183.022952419	183.335665117	183.648377815	183.961090513	184.27380321	-10.0429977331	-10.0993230978	-10.1556484625	-10.2119738272	-10.268299192	-10.3246245567	-10.3809499214	-10.4372752861	-10.4936006508	-10.5499260155	1.74900411396	1.74900411396	1.74900411396	1.74900411396	1.74900411396	1.74900411396	1.74900411396	1.74900411396	1.74900411396	1.74900411396	
1.7	139.818910001	141.767650001	143.716390001	145.665130001	147.613870001	149.562610001	151.511350001	153.460090001	155.408830001	157.357570001	0.0	0.0	6.40273649089e-07	6.64448035015e-06	9.4429205563e-06	1.4233540912e-05	1.57566003342e-05	1.58495183146e-05	1.44753283801e-05	1.34917937055e-05	0.0	3.28557759915e-07	3.08107120537e-06	1.4360254349e-06	2.45831683829e-06	7.81561122615e-07	4.7681055688e-08	-7.05168434218e-07	-5.04702871845e-07	-4.07297531303e-06	181.459388931	181.772101628	182.084814326	182.397527024	182.710239722	183.022952419	183.335665117	183.648377815	183.961090513	184.27380321	-10.0429977331	-10.0993230978	-10.1556484625	-10.2119738272	-10.268299192	-10.3246245567	-10.3809499214	-10.4372752861	-10.4936006508	-10.5499260155	1.74900411396	1.74900411396	1.74900411396	1.74900411396	1.74900411396	1.74900411396	1.74900411396	1.74900411396	1.74900411396	1.74900411396	
1.71666666667	139.818910001	141.767650001	143.716390001	145.665130001	147.613870001	149.562610001	151.511350001	153.460090001	155.408830001	157.357570001	0.0	0.0	6.40273649089e-07	6.64448035015e-06	9.4429205563e-06	1.4233540912e-05	1.57566003342e-05	1.58495183146e-05	1.44753283801e-05	1.34917937055e-05	0.0	3.28557759915e-07	3.08107120537e-06	1.4360254349e-06	2.45831683829e-06	7.81561122615e-07	4.7681055688e-08	-7.05168434218e-07	-5.04702871845e-07	-4.07297531303e-06	181.459388931	181.772101628	182.084814326	182.397527024	182.710239722	183.022952419	183.335665117	183.648377815	183.961090513	184.27380321	-10.0429977331	-10.0993230978	-10.1556484625	-10.2119738272	-10.268299192	-10.3246245567	-10.3809499214	-10.4372752861	-10.4936006508	-10.5499260155	1.74900411396	1.74900411396	1.74900411396	1.74900411396	1.74900411396	1.74900411396	1.74900411396	1.74900411396	1.74900411396	1.74900411396	
1.73333333333	139.818910001	141.767650001	143.716390001	145.665130001	147.613870001	149.562610001	151.511350001	153.460090001	155.408830001	157.357570001	0.0	0.0	6.40273649089e-07	6.64448035015e-06	9.4429205563e-06	1.4233540912e-05	1.57566003342e-05	1.58495183146e-05	1.44753283801e-05	1.34917937055e-05	0.0	3.28557759915e-07	3.08107120537e-06	1.4360254349e-06	2.45831683829e-06	7.81561122615e-07	4.7681055688e-08	-7.05168434218e-07	-5.04702871845e-07	-4.07297531303e-06	181.459388931	181.772101628	182.084814326	182.397527024	182.710239722	183.022952419	183.335665117	183.648377815	183.961090513	184.27380321	-10.0429977331	-10.0993230978	-10.1556484625	-10.2119738272	-10.268299192	-10.3246245567	-10.3809499214	-10.4372752861	-10.4936006508	-10.5499260155	1.74900411396	1.74900411396	1.74900411396	1.74900411396	1.74900411396	1.74900411396	1.74900411396	1.74900411396	1.74900411396	1.74900411396	
1.75	139.818910001	141.767650001	143.716390001	145.665130001	147.613870001	149.562610001	151.511350001	153.460090001	155.408830001	157.357570001	0.0	0.0	6.40273649089e-07	6.64448035015e-06	9.4429205563e-06	1.4233540912e-05	1.57566003342e-05	1.58495183146e-05	1.44753283801e-05	1.34917937055e-05	0.0	3.28557759915e-07	3.08107120537e-06	1.4360254349e-06	2.45831683829e-06	7.81561122615e-07	4.7681055688e-08	-7.05168434218e-07	-5.04702871845e-07	-4.07297531303e-06	181.459388931	181.772101628	182.084814326	182.397527024	182.710239722	183.022952419	183.335665117	183.648377815	183.961090513	184.27380321	-10.0429977331	-10.0993230978	-10.1556484625	-10.2119738272	-10.268299192	-10.3246245567	-10.3809499214	-10.4372752861	-10.4936006508	-10.5499260155	1.74900411396	1.74900411396	1.74900411396	1.74900411396	1.74900411396	1.74900411396	1.74900411396	1.74900411396	1.74900411396	1.74900411396	
1.76666666667	139.818910001	141.767650001	143.716390001	145.665130001	147.613870001	149.562610001	151.511350001	153.460090001	155.408830001	157.357570001	0.0	0.0	6.40273649089e-07	6.64448035015e-06	9.4429205563e-06	1.4233540912e-05	1.57566003342e-05	1.58495183146e-05	1.44753283801e-05	1.34917937055e-05	0.0	3.28557759915e-07	3.08107120537e-06	1.4360254349e-06	2.45831683829e-06	7.81561122615e-07	4.7681055688e-08	-7.05168434218e-07	-5.04702871845e-07	-4.07297531303e-06	181.459388931	181.772101628	182.084814326	182.397527024	182.710239722	183.022952419	183.335665117	183.648377815	183.961090513	184.27380321	-10.0429977331	-10.0993230978	-10.1556484625	-10.2119738272	-10.268299192	-10.3246245567	-10.3809499214	-10.4372752861	-10.4936006508	-10.5499260155	1.74900411396	1.74900411396	1.74900411396	1.74900411396	1.74900411396	1.74900411396	1.74900411396	1.74900411396	1.74900411396	1.74900411396	
1.78333333333	141.983712501	143.863782501	145.743852501	147.623922501	149.503992501	151.384062501	153.264132501	155.144202501	157.024272502	158.904342502	0.0	0.0	2.32591879986e-07	-2.61791300691e-07	4.20260889032e-07	6.52907115892e-07	-9.60863388926e-08	2.89592793237e-07	2.32508979818e-06	5.06527956015e-06	0.0	1.23714478702e-07	-2.62959985878e-07	3.62780210144e-07	1.23743385537e-07	-3.9838594028e-07	2.05140836303e-07	1.08267086057e-06	1.45749347727e-06	1.99604658524e-06	181.844323448	182.186807784	182.52929212	182.871776456	183.214260792	183.556745129	183.899229465	184.241713801	184.584198137	184.926682473	-10.1123866699	-10.1741465991	-10.2359065283	-10.2976664575	-10.3594263868	-10.421186316	-10.4829462452	-10.5447061744	-10.6064661036	-10.6682260328	1.74920812353	1.74920812353	1.74920812353	1.74920812353	1.74920812353	1.74920812353	1.74920812353	1.74920812353	1.74920812353	1.74920812353	
1.8	141.983712501	143.863782501	145.743852501	147.623922501	149.503992501	151.384062501	153.264132501	155.144202501	157.024272502	158.904342502	0.0	0.0	2.32591879986e-07	-2.61791300691e-07	4.20260889032e-07	6.52907115892e-07	-9.60863388926e-08	2.89592793237e-07	2.32508979818e-06	5.06527956015e-06	0.0	1.23714478702e-07	-2.62959985878e-07	3.62780210144e-07	1.23743385537e-07	-3.9838594028e-07	2.05140836303e-07	1.08267086057e-06	1.45749347727e-06	1.99604658524e-06	181.844323448	182.186807784	182.52929212	182.871776456	183.214260792	183.556745129	183.899229465	184.241713801	184.584198137	184.926682473	-10.1123866699	-10.1741465991	-10.2359065283	-10.2976664575	-10.3594263868	-10.421186316	-10.4829462452	-10.5447061744	-10.6064661036	-10.6682260328	1.74920812353	1.74920812353	1.74920812353	1.74920812353	1.74920812353	1.74920812353	1.74920812353	1.74920812353	1.74920812353	1.74920812353	
1.81666666667	141.983712501	143.863782501	145.743852501	147.623922501	149.503992501	151.384062501	153.264132501	155.144202501	157.024272502	158.904342502	0.0	0.0	2.32591879986e-07	-2.61791300691e-07	4.20260889032e-07	6.52907115892e-07	-9.60863388926e-08	2.89592793237e-07	2.32508979818e-06	5.06527956015e-06	0.0	1.23714478702e-07	-2.62959985878e-07	3.62780210144e-07	1.23743385537e-07	-3.9838594028e-07	2.05140836303e-07	1.08267086057e-06	1.45749347727e-06	1.99604658524e-06	181.844323448	182.186807784	182.52929212	182.871776456	183.214260792	183.556745129	183.899229465	184.241713801	184.584198137	184.926682473	-10.1123866699	-10.1741465991	-10.2359065283	-10.2976664575	-10.3594263868	-10.421186316	-10.4829462452	-10.5447061744	-10.6064661036	-10.6682260328	1.74920812353	1.74920812353	1.74920812353	1.74920812353	1.74920812353	1.74920812353	1.74920812353	1.74920812353	1.74920812353	1.74920812353	
1.83333333333	141.983712501	143.863782501	145.743852501	147.623922501	149.503992501	151.384062501	153.264132501	155.144202501	157.024272502	158.904342502	0.0	0.0	2.32591879986e-07	-2.61791300691e-07	4.20260889032e-07	6.52907115892e-07	-9.60863388926e-08	2.89592793237e-07	2.32508979818e-06	5.06527956015e-06	0.0	1.23714478702e-07	-2.62959985878e-07	3.62780210144e-07	1.23743385537e-07	-3.9838594028e-07	2.05140836303e-07	1.08267086057e-06	1.45749347727e-06	1.99604658524e-06	181.844323448	182.186807784	182.52929212	182.871776456	183.214260792	183.556745129	183.899229465	184.241713801	184.584198137	184.926682473	-10.1123866699	-10.1741465991	-10.2359065283	-10.2976664575	-10.3594263868	-10.421186316	-10.4829462452	-10.5447061744	-10.6064661036	-10.6682260328	1.74920812353	1.74920812353	1.74920812353	1.74920812353	1.74920812353	1.74920812353	1.74920812353	1.74920812353	1.74920812353	1.74920812353	
1.85	141.983712501	143.863782501	145.743852501	147.623922501	149.503992501	151.384062501	153.264132501	155.144202501	157.024272502	158.904342502	0.0	0.0	2.32591879986e-07	-2.61791300691e-07	4.20260889032e-07	6.52907115892e-07	-9.60863388926e-08	2.89592793237e-07	2.32508979818e-06	5.06527956015e-06	0.0	1.23714478702e-07	-2.62959985878e-07	3.62780210144e-07	1.23743385537e-07	-3.9838594028e-07	2.05140836303e-07	1.08267086057e-06	1.45749347727e-06	1.99604658524e-06	181.844323448	182.186807784	182.52929212	182.871776456	183.214260792	183.556745129	183.899229465	184.241713801	184.584198137	184.926682473	-10.1123866699	-10.1741465991	-10.2359065283	-10.2976664575	-10.3594263868	-10.421186316	-10.4829462452	-10.5447061744	-10.6064661036	-10.6682260328	1.74920812353	1.74920812353	1.74920812353	1.74920812353	1.74920812353	1.74920812353	1.74920812353	1.74920812353	1.74920812353	1.74920812353	
1.86666666667	141.983712501	143.863782501	145.743852501	147.623922501	149.503992501	151.384062501	153.264132501	155.144202501	157.024272502	158.904342502	0.0	0.0	2.32591879986e-07	-2.61791300691e-07	4.20260889032e-07	6.52907115892e-07	-9.60863388926e-08	2.89592793237e-07	2.32508979818e-06	5.06527956015e-06	0.0	1.23714478702e-07	-2.62959985878e-07	3.62780210144e-07	1.23743385537e-07	-3.9838594028e-07	2.05140836303e-07	1.08267086057e-06	1.45749347727e-06	1.99604658524e-06	181.844323448	182.186807784	182.52929212	182.871776456	183.214260792	183.556745129	183.899229465	184.241713801	184.584198137	184.926682473	-10.1123866699	-10.1741465991	-10.2359065283	-10.2976664575	-10.3594263868	-10.421186316	-10.4829462452	-10.5447061744	-10.6064661036	-10.6682260328	1.74920812353	1.74920812353	1.74920812353	1.74920812353	1.74920812353	1.74920812353	1.74920812353	1.74920812353	1.74920812353	1.74920812353	
1.88333333333	143.775492501	145.596702501	147.417912501	149.239122501	151.060332501	152.881542501	154.702752501	156.523962502	158.345172502	160.166382502	0.0	0.0	2.26684321268e-06	5.13275081863e-06	6.42122805556e-06	7.03238215233e-06	5.65532910777e-06	5.47866905502e-06	7.38439402353e-06	9.63528001608e-06	0.0	1.24469073448e-06	1.57362830524e-06	7.07484165391e-07	3.35575851625e-07	-7.56119856845e-07	-9.70014730544e-08	1.04640594352e-06	1.23592885632e-06	4.1502442004e-06	182.200643741	182.566594639	182.932545537	183.298496435	183.664447333	184.030398231	184.396349129	184.762300027	185.128250925	185.494201823	-10.1766546695	-10.2426661529	-10.3086776363	-10.3746891197	-10.4407006031	-10.5067120865	-10.5727235699	-10.6387350533	-10.7047465367	-10.7707580201	1.74926065071	1.74926065071	1.74926065071	1.74926065071	1.74926065071	1.74926065071	1.74926065071	1.74926065071	1.74926065071	1.74926065071	
1.9	143.775492501	145.596702501	147.417912501	149.239122501	151.060332501	152.881542501	154.702752501	156.523962502	158.345172502	160.166382502	0.0	0.0	2.26684321268e-06	5.13275081863e-06	6.42122805556e-06	7.03238215233e-06	5.65532910777e-06	5.47866905502e-06	7.38439402353e-06	9.63528001608e-06	0.0	1.24469073448e-06	1.57362830524e-06	7.07484165391e-07	3.35575851625e-07	-7.56119856845e-07	-9.70014730544e-08	1.04640594352e-06	1.23592885632e-06	4.1502442004e-06	182.200643741	182.566594639	182.932545537	183.298496435	183.664447333	184.030398231	184.396349129	184.762300027	185.128250925	185.494201823	-10.1766546695	-10.2426661529	-10.3086776363	-10.3746891197	-10.4407006031	-10.5067120865	-10.5727235699	-10.6387350533	-10.7047465367	-10.7707580201	1.74926065071	1.74926065071	1.74926065071	1.74926065071	1.74926065071	1.74926065071	1.74926065071	1.74926065071	1.74926065071	1.74926065071	
1.91666666667	143.775492501	145.596702501	147.417912501	149.239122501	151.060332501	152.881542501	154.702752501	156.523962502	158.345172502	160.166382502	0.0	0.0	2.26684321268e-06	5.13275081863e-06	6.42122805556e-06	7.03238215233e-06	5.65532910777e-06	5.47866905502e-06	7.38439402353e-06	9.63528001608e-06	0.0	1.24469073448e-06	1.57362830524e-06	7.07484165391e-07	3.35575851625e-07	-7.56119856845e-07	-9.70014730544e-08	1.04640594352e-06	1.23592885632e-06	4.1502442004e-06	182.200643741	182.566594639	182.932545537	183.298496435	183.664447333	184.030398231	184.396349129	184.762300027	185.128250925	185.494201823	-10.1766546695	-10.2426661529	-10.3086776363	-10.3746891197	-10.4407006031	-10.5067120865	-10.5727235699	-10.6387350533	-10.7047465367	-10.7707580201	1.74926065071	1.74926065071	1.74926065071	1.74926065071	1.74926065071	1.74926065071	1.74926065071	1.74926065071	1.74926065071	1.74926065071	
1.93333333333	143.775492501	145.596702501	147.417912501	149.239122501	151.060332501	152.881542501	154.702752501	156.523962502	158.345172502	160.166382502	0.0	0.0	2.26684321268e-06	5.13275081863e-06	6.42122805556e-06	7.03238215233e-06	5.65532910777e-06	5.47866905502e-06	7.38439402353e-06	9.63528001608e-06	0.0	1.24469073448e-06	1.57362830524e-06	7.07484165391e-07	3.35575851625e-07	-7.56119856845e-07	-9.70014730544e-08	1.04640594352e-06	1.23592885632e-06	4.1502442004e-06	182.200643741	182.566594639	182.932545537	183.298496435	183.664447333	184.030398231	184.396349129	184.762300027	185.128250925	185.494201823	-10.1766546695	-10.2426661529	-10.3086776363	-10.3746891197	-10.4407006031	-10.5067120865	-10.5727235699	-10.6387350533	-10.7047465367	-10.7707580201	1.74926065071	1.74926065071	1.74926065071	1.74926065071	1.74926065071	1.74926065071	1.74926065071	1.74926065071	1.74926065071	1.74926065071	
1.95	143.775492501	145.596702501	147.417912501	149.239122501	151.060332501	152.881542501	154.702752501	156.523962502	158.345172502	160.166382502	0.0	0.0	2.26684321268e-06	5.13275081863e-06	6.42122805556e-06	7.03238215233e-06	5.65532910777e-06	5.47866905502e-06	7.38439402353e-06	9.63528001608e-06	0.0	1.24469073448e-06	1.57362830524e-06	7.07484165391e-07	3.35575851625e-07	-7.56119856845e-07	-9.70014730544e-08	1.04640594352e-06	1.23592885632e-06	4.1502442004e-06	182.200643741	182.566594639	182.932545537	183.298496435	183.664447333	184.030398231	184.396349129	184.762300027	185.128250925	185.494201823	-10.1766546695	-10.2426661529	-10.3086776363	-10.3746891197	-10.4407006031	-10.5067120865	-10.5727235699	-10.6387350533	-10.7047465367	-10.7707580201	1.74926065071	1.74926065071	1.74926065071	1.74926065071	1.74926065071	1.74926065071	1.74926065071	1.74926065071	1.74926065071	1.74926065071	
1.96666666667	143.775492501	145.596702501	147.417912501	149.239122501	151.060332501	152.881542501	154.702752501	156.523962502	158.345172502	160.166382502	0.0	0.0	2.26684321268e-06	5.13275081863e-06	6.42122805556e-06	7.03238215233e-06	5.65532910777e-06	5.47866905502e-06	7.38439402353e-06	9.63528001608e-06	0.0	1.24469073448e-06	1.57362830524e-06	7.07484165391e-07	3.35575851625e-07	-7.56119856845e-07	-9.70014730544e-08	1.04640594352e-06	1.23592885632e-06	4.1502442004e-06	182.200643741	182.566594639	182.932545537	183.298496435	183.664447333	184.030398231	184.396349129	184.762300027	185.128250925	185.494201823	-10.1766546695	-10.2426661529	-10.3086776363	-10.3746891197	-10.4407006031	-10.5067120865	-10.5727235699	-10.6387350533	-10.7047465367	-10.7707580201	1.74926065071	1.74926065071	1.74926065071	1.74926065071	1.74926065071	1.74926065071	1.74926065071	1.74926065071	1.74926065071	1.74926065071	
1.98333333333	145.508412501	147.270762501	149.033112501	150.795462501	152.557812502	154.320162502	156.082512502	157.844862502	159.607212502	161.369562502	0.0	0.0	3.56685934551e-06	1.04067222809e-05	1.95577920275e-05	2.42637818172e-05	2.01823599972e-05	1.2508230332e-05	9.85878119443e-07	-1.05519911501e-05	0.0	2.0239222318e-06	3.88110360303e-06	5.19253822786e-06	2.67029238765e-06	-2.31589742087e-06	-4.35448671635e-06	-6.53806123172e-06	-6.54686598501e-06	-4.73195911445e-06	182.579399762	182.967068649	183.354737536	183.742406423	184.13007531	184.517744197	184.905413084	185.293081971	185.680750857	186.068419744	-10.2449806243	-10.3149167149	-10.3848528054	-10.4547888959	-10.5247249864	-10.594661077	-10.6645971675	-10.734533258	-10.8044693486	-10.8744054391	1.74927824195	1.74927824195	1.74927824195	1.74927824195	1.74927824195	1.74927824195	1.74927824195	1.74927824195	1.74927824195	1.74927824195	
2.0	145.508412501	147.270762501	149.033112501	150.795462501	152.557812502	154.320162502	156.082512502	157.844862502	159.607212502	161.369562502	0.0	0.0	3.56685934551e-06	1.04067222809e-05	1.95577920275e-05	2.42637818172e-05	2.01823599972e-05	1.2508230332e-05	9.85878119443e-07	-1.05519911501e-05	0.0	2.0239222318e-06	3.88110360303e-06	5.19253822786e-06	2.67029238765e-06	-2.31589742087e-06	-4.35448671635e-06	-6.53806123172e-06	-6.54686598501e-06	-4.73195911445e-06	182.579399762	182.967068649	183.354737536	183.742406423	184.13007531	184.517744197	184.905413084	185.293081971	185.680750857	186.068419744	-10.2449806243	-10.3149167149	-10.3848528054	-10.4547888959	-10.5247249864	-10.594661077	-10.6645971675	-10.734533258	-10.8044693486	-10.8744054391	1.74927824195	1.74927824195	1.74927824195	1.74927824195	1.74927824195	1.74927824195	1.74927824195	1.74927824195	1.74927824195	1.74927824195	
2.01666666667	145.508412501	147.270762501	149.033112501	150.795462501	152.557812502	154.320162502	156.082512502	157.844862502	159.607212502	161.369562502	0.0	0.0	3.56685934551e-06	1.04067222809e-05	1.95577920275e-05	2.42637818172e-05	2.01823599972e-05	1.2508230332e-05	9.85878119443e-07	-1.05519911501e-05	0.0	2.0239222318e-06	3.88110360303e-06	5.19253822786e-06	2.67029238765e-06	-2.31589742087e-06	-4.35448671635e-06	-6.53806123172e-06	-6.54686598501e-06	-4.73195911445e-06	182.579399762	182.967068649	183.354737536	183.742406423	184.13007531	184.517744197	184.905413084	185.293081971	185.680750857	186.068419744	-10.2449806243	-10.3149167149	-10.3848528054	-10.4547888959	-10.5247249864	-10.594661077	-10.6645971675	-10.734533258	-10.8044693486	-10.8744054391	1.74927824195	1.74927824195	1.74927824195	1.74927824195	1.74927824195	1.74927824195	1.74927824195	1.74927824195	1.74927824195	1.74927824195	
2.03333333333	145.508412501	147.270762501	149.033112501	150.795462501	152.557812502	154.320162502	156.082512502	157.844862502	159.607212502	161.369562502	0.0	0.0	3.56685934551e-06	1.04067222809e-05	1.95577920275e-05	2.42637818172e-05	2.01823599972e-05	1.2508230332e-05	9.85878119443e-07	-1.05519911501e-05	0.0	2.0239222318e-06	3.88110360303e-06	5.19253822786e-06	2.67029238765e-06	-2.31589742087e-06	-4.35448671635e-06	-6.53806123172e-06	-6.54686598501e-06	-4.73195911445e-06	182.579399762	182.967068649	183.354737536	183.742406423	184.13007531	184.517744197	184.905413084	185.293081971	185.680750857	186.068419744	-10.2449806243	-10.3149167149	-10.3848528054	-10.4547888959	-10.5247249864	-10.594661077	-10.6645971675	-10.734533258	-10.8044693486	-10.8744054391	1.74927824195	1.74927824195	1.74927824195	1.74927824195	1.74927824195	1.74927824195	1.74927824195	1.74927824195	1.74927824195	1.74927824195	
2.05	145.508412501	147.270762501	149.033112501	150.795462501	152.557812502	154.320162502	156.082512502	157.844862502	159.607212502	161.369562502	0.0	0.0	3.56685934551e-06	1.04067222809e-05	1.95577920275e-05	2.42637818172e-05	2.01823599972e-05	1.2508230332e-05	9.85878119443e-07	-1.05519911501e-05	0.0	2.0239222318e-06	3.88110360303e-06	5.19253822786e-06	2.67029238765e-06	-2.31589742087e-06	-4.35448671635e-06	-6.53806123172e-06	-6.54686598501e-06	-4.73195911445e-06	182.579399762	182.967068649	183.354737536	183.742406423	184.13007531	184.517744197	184.905413084	185.293081971	185.680750857	186.068419744	-10.2449806243	-10.3149167149	-10.3848528054	-10.4547888959	-10.5247249864	-10.594661077	-10.6645971675	-10.734533258	-10.8044693486	-10.8744054391	1.74927824195	1.74927824195	1.74927824195	1.74927824195	1.74927824195	1.74927824195	1.74927824195	1.74927824195	1.74927824195	1.74927824195	
2.06666666667	145.508412501	147.270762501	149.033112501	150.795462501	152.557812502	154.320162502	156.082512502	157.844862502	159.607212502	161.369562502	0.0	0.0	3.56685934551e-06	1.04067222809e-05	1.95577920275e-05	2.42637818172e-05	2.01823599972e-05	1.2508230332e-05	9.85878119443e-07	-1.05519911501e-05	0.0	2.0239222318e-06	3.88110360303e-06	5.19253822786e-06	2.67029238765e-06	-2.31589742087e-06	-4.35448671635e-06	-6.53806123172e-06	-6.54686598501e-06	-4.73195911445e-06	182.579399762	182.967068649	183.354737536	183.742406423	184.13007531	184.517744197	184.905413084	185.293081971	185.680750857	186.068419744	-10.2449806243	-10.3149167149	-10.3848528054	-10.4547888959	-10.5247249864	-10.594661077	-10.6645971675	-10.734533258	-10.8044693486	-10.8744054391	1.74927824195	1.74927824195	1.74927824195	1.74927824195	1.74927824195	1.74927824195	1.74927824195	1.74927824195	1.74927824195	1.74927824195	
2.08333333333	147.182472501	148.885962502	150.589452502	152.292942502	153.996432502	155.699922503	157.403412503	159.106902503	160.810392503	162.513882504	0.0	0.0	-6.7186189696e-07	1.56243187653e-06	8.19991194669e-07	1.23995049703e-07	-1.59965208988e-06	-1.43447130279e-06	-2.88285677948e-06	-3.75509380462e-06	0.0	-3.94403193948e-07	1.31159782162e-06	-4.35835069036e-07	-4.08570725312e-07	-1.01183284864e-06	9.6966103154e-08	-8.50245951821e-07	-5.12029436634e-07	-1.48768066887e-06	182.978919079	183.386686675	183.794454271	184.202221866	184.609989462	185.017757058	185.425524653	185.833292249	186.241059845	186.64882744	-10.317056189	-10.3906205994	-10.4641850098	-10.5377494201	-10.6113138305	-10.6848782409	-10.7584426513	-10.8320070616	-10.905571472	-10.9791358824	1.74928413322	1.74928413322	1.74928413322	1.74928413322	1.74928413322	1.74928413322	1.74928413322	1.74928413322	1.74928413322	1.74928413322	
2.1	147.182472501	148.885962502	150.589452502	152.292942502	153.996432502	155.699922503	157.403412503	159.106902503	160.810392503	162.513882504	0.0	0.0	-6.7186189696e-07	1.56243187653e-06	8.19991194669e-07	1.23995049703e-07	-1.59965208988e-06	-1.43447130279e-06	-2.88285677948e-06	-3.75509380462e-06	0.0	-3.94403193948e-07	1.31159782162e-06	-4.35835069036e-07	-4.08570725312e-07	-1.01183284864e-06	9.6966103154e-08	-8.50245951821e-07	-5.12029436634e-07	-1.48768066887e-06	182.978919079	183.386686675	183.794454271	184.202221866	184.609989462	185.017757058	185.425524653	185.833292249	186.241059845	186.64882744	-10.317056189	-10.3906205994	-10.4641850098	-10.5377494201	-10.6113138305	-10.6848782409	-10.7584426513	-10.8320070616	-10.905571472	-10.9791358824	1.74928413322	1.74928413322	1.74928413322	1.74928413322	1.74928413322	1.74928413322	1.74928413322	1.74928413322	1.74928413322	1.74928413322	
2.11666666667	147.182472501	148.885962502	150.589452502	152.292942502	153.996432502	155.699922503	157.403412503	159.106902503	160.810392503	162.513882504	0.0	0.0	-6.7186189696e-07	1.56243187653e-06	8.19991194669e-07	1.23995049703e-07	-1.59965208988e-06	-1.43447130279e-06	-2.88285677948e-06	-3.75509380462e-06	0.0	-3.94403193948e-07	1.31159782162e-06	-4.35835069036e-07	-4.08570725312e-07	-1.01183284864e-06	9.6966103154e-08	-8.50245951821e-07	-5.12029436634e-07	-1.48768066887e-06	182.978919079	183.386686675	183.794454271	184.202221866	184.609989462	185.017757058	185.425524653	185.833292249	186.241059845	186.64882744	-10.317056189	-10.3906205994	-10.4641850098	-10.5377494201	-10.6113138305	-10.6848782409	-10.7584426513	-10.8320070616	-10.905571472	-10.9791358824	1.74928413322	1.74928413322	1.74928413322	1.74928413322	1.74928413322	1.74928413322	1.74928413322	1.74928413322	1.74928413322	1.74928413322	
2.13333333333	147.182472501	148.885962502	150.589452502	152.292942502	153.996432502	155.699922503	157.403412503	159.106902503	160.810392503	162.513882504	0.0	0.0	-6.7186189696e-07	1.56243187653e-06	8.19991194669e-07	1.23995049703e-07	-1.59965208988e-06	-1.43447130279e-06	-2.88285677948e-06	-3.75509380462e-06	0.0	-3.94403193948e-07	1.31159782162e-06	-4.35835069036e-07	-4.08570725312e-07	-1.01183284864e-06	9.6966103154e-08	-8.50245951821e-07	-5.12029436634e-07	-1.48768066887e-06	182.978919079	183.386686675	183.794454271	184.202221866	184.609989462	185.017757058	185.425524653	185.833292249	186.241059845	186.64882744	-10.317056189	-10.3906205994	-10.4641850098	-10.5377494201	-10.6113138305	-10.6848782409	-10.7584426513	-10.8320070616	-10.905571472	-10.9791358824	1.74928413322	1.74928413322	1.74928413322	1.74928413322	1.74928413322	1.74928413322	1.74928413322	1.74928413322	1.74928413322	1.74928413322	
2.15	147.182472501	148.885962502	150.589452502	152.292942502	153.996432502	155.699922503	157.403412503	159.106902503	160.810392503	162.513882504	0.0	0.0	-6.7186189696e-07	1.56243187653e-06	8.19991194669e-07	1.23995049703e-07	-1.59965208988e-06	-1.43447130279e-06	-2.88285677948e-06	-3.75509380462e-06	0.0	-3.94403193948e-07	1.31159782162e-06	-4.35835069036e-07	-4.08570725312e-07	-1.01183284864e-06	9.6966103154e-08	-8.50245951821e-07	-5.12029436634e-07	-1.48768066887e-06	182.978919079	183.386686675	183.794454271	184.202221866	184.609989462	185.017757058	185.425524653	185.833292249	186.241059845	186.64882744	-10.317056189	-10.3906205994	-10.4641850098	-10.5377494201	-10.6113138305	-10.6848782409	-10.7584426513	-10.8320070616	-10.905571472	-10.9791358824	1.74928413322	1.74928413322	1.74928413322	1.74928413322	1.74928413322	1.74928413322	1.74928413322	1.74928413322	1.74928413322	1.74928413322	
2.16666666667	147.182472501	148.885962502	150.589452502	152.292942502	153.996432502	155.699922503	157.403412503	159.106902503	160.810392503	162.513882504	0.0	0.0	-6.7186189696e-07	1.56243187653e-06	8.19991194669e-07	1.23995049703e-07	-1.59965208988e-06	-1.43447130279e-06	-2.88285677948e-06	-3.75509380462e-06	0.0	-3.94403193948e-07	1.31159782162e-06	-4.35835069036e-07	-4.08570725312e-07	-1.01183284864e-06	9.6966103154e-08	-8.50245951821e-07	-5.12029436634e-07	-1.48768066887e-06	182.978919079	183.386686675	183.794454271	184.202221866	184.609989462	185.017757058	185.425524653	185.833292249	186.241059845	186.64882744	-10.317056189	-10.3906205994	-10.4641850098	-10.5377494201	-10.6113138305	-10.6848782409	-10.7584426513	-10.8320070616	-10.905571472	-10.9791358824	1.74928413322	1.74928413322	1.74928413322	1.74928413322	1.74928413322	1.74928413322	1.74928413322	1.74928413322	1.74928413322	1.74928413322	
2.18333333333	147.182472501	148.885962502	150.589452502	152.292942502	153.996432502	155.699922503	157.403412503	159.106902503	160.810392503	162.513882504	0.0	0.0	-6.7186189696e-07	1.56243187653e-06	8.19991194669e-07	1.23995049703e-07	-1.59965208988e-06	-1.43447130279e-06	-2.88285677948e-06	-3.75509380462e-06	0.0	-3.94403193948e-07	1.31159782162e-06	-4.35835069036e-07	-4.08570725312e-07	-1.01183284864e-06	9.6966103154e-08	-8.50245951821e-07	-5.12029436634e-07	-1.48768066887e-06	182.978919079	183.386686675	183.794454271	184.202221866	184.609989462	185.017757058	185.425524653	185.833292249	186.241059845	186.64882744	-10.317056189	-10.3906205994	-10.4641850098	-10.5377494201	-10.6113138305	-10.6848782409	-10.7584426513	-10.8320070616	-10.905571472	-10.9791358824	1.74928413322	1.74928413322	1.74928413322	1.74928413322	1.74928413322	1.74928413322	1.74928413322	1.74928413322	1.74928413322	1.74928413322	
2.2	149.061150002	150.695970002	152.330790002	153.965610002	155.600430003	157.235250003	158.870070003	160.504890003	162.139710004	163.774530004	0.0	0.0	2.94415505159e-07	2.23343823721e-07	5.144127698e-07	6.42155324318e-07	1.36800736941e-06	1.88411306447e-06	3.16586481693e-06	4.55382709947e-06	0.0	1.80090471802e-07	-4.34737043997e-08	1.78043421314e-07	7.81386051666e-08	4.43995085073e-07	3.15695731012e-07	7.8403234133e-07	8.49000062588e-07	1.2467460308e-06	183.469208279	183.898537874	184.327867469	184.757197064	185.18652666	185.615856255	186.04518585	186.474515445	186.90384504	187.333174635	-10.4055088639	-10.4829641728	-10.5604194818	-10.6378747907	-10.7153300996	-10.7927854085	-10.8702407175	-10.9476960264	-11.0251513353	-11.1026066442	1.74928627177	1.74928627177	1.74928627177	1.74928627177	1.74928627177	1.74928627177	1.74928627177	1.74928627177	1.74928627177	1.74928627177	
2.21666666667	149.061150002	150.695970002	152.330790002	153.965610002	155.600430003	157.235250003	158.870070003	160.504890003	162.139710004	163.774530004	0.0	0.0	2.94415505159e-07	2.23343823721e-07	5.144127698e-07	6.42155324318e-07	1.36800736941e-06	1.88411306447e-06	3.16586481693e-06	4.55382709947e-06	0.0	1.80090471802e-07	-4.34737043997e-08	1.78043421314e-07	7.81386051666e-08	4.43995085073e-07	3.15695731012e-07	7.8403234133e-07	8.49000062588e-07	1.2467460308e-06	183.469208279	183.898537874	184.327867469	184.757197064	185.18652666	185.615856255	186.04518585	186.474515445	186.90384504	187.333174635	-10.4055088639	-10.4829641728	-10.5604194818	-10.6378747907	-10.7153300996	-10.7927854085	-10.8702407175	-10.9476960264	-11.0251513353	-11.1026066442	1.74928627177	1.74928627177	1.74928627177	1.74928627177	1.74928627177	1.74928627177	1.74928627177	1.74928627177	1.74928627177	1.74928627177	
2.23333333333	149.061150002	150.695970002	152.330790002	153.965610002	155.600430003	157.235250003	158.870070003	160.504890003	162.139710004	163.774530004	0.0	0.0	2.94415505159e-07	2.23343823721e-07	5.144127698e-07	6.42155324318e-07	1.36800736941e-06	1.88411306447e-06	3.16586481693e-06	4.55382709947e-06	0.0	1.80090471802e-07	-4.34737043997e-08	1.78043421314e-07	7.81386051666e-08	4.43995085073e-07	3.15695731012e-07	7.8403234133e-07	8.49000062588e-07	1.2467460308e-06	183.469208279	183.898537874	184.327867469	184.757197064	185.18652666	185.615856255	186.04518585	186.474515445	186.90384504	187.333174635	-10.4055088639	-10.4829641728	-10.5604194818	-10.6378747907	-10.7153300996	-10.7927854085	-10.8702407175	-10.9476960264	-11.0251513353	-11.1026066442	1.74928627177	1.74928627177	1.74928627177	1.74928627177	1.74928627177	1.74928627177	1.74928627177	1.74928627177	1.74928627177	1.74928627177	
2.25	149.061150002	150.695970002	152.330790002	153.965610002	155.600430003	157.235250003	158.870070003	160.504890003	162.139710004	163.774530004	0.0	0.0	2.94415505159e-07	2.23343823721e-07	5.144127698e-07	6.42155324318e-07	1.36800736941e-06	1.88411306447e-06	3.16586481693e-06	4.55382709947e-06	0.0	1.80090471802e-07	-4.34737043997e-08	1.78043421314e-07	7.81386051666e-08	4.43995085073e-07	3.15695731012e-07	7.8403234133e-07	8.49000062588e-07	1.2467460308e-06	183.469208279	183.898537874	184.327867469	184.757197064	185.18652666	185.615856255	186.04518585	186.474515445	186.90384504	187.333174635	-10.4055088639	-10.4829641728	-10.5604194818	-10.6378747907	-10.7153300996	-10.7927854085	-10.8702407175	-10.9476960264	-11.0251513353	-11.1026066442	1.74928627177	1.74928627177	1.74928627177	1.74928627177	1.74928627177	1.74928627177	1.74928627177	1.74928627177	1.74928627177	1.74928627177	
2.26666666667	149.061150002	150.695970002	152.330790002	153.965610002	155.600430003	157.235250003	158.870070003	160.504890003	162.139710004	163.774530004	0.0	0.0	2.94415505159e-07	2.23343823721e-07	5.144127698e-07	6.42155324318e-07	1.36800736941e-06	1.88411306447e-06	3.16586481693e-06	4.55382709947e-06	0.0	1.80090471802e-07	-4.34737043997e-08	1.78043421314e-07	7.81386051666e-08	4.43995085073e-07	3.15695731012e-07	7.8403234133e-07	8.49000062588e-07	1.2467460308e-06	183.469208279	183.898537874	184.327867469	184.757197064	185.18652666	185.615856255	186.04518585	186.474515445	186.90384504	187.333174635	-10.4055088639	-10.4829641728	-10.5604194818	-10.6378747907	-10.7153300996	-10.7927854085	-10.8702407175	-10.9476960264	-11.0251513353	-11.1026066442	1.74928627177	1.74928627177	1.74928627177	1.74928627177	1.74928627177	1.74928627177	1.74928627177	1.74928627177	1.74928627177	1.74928627177	
2.28333333333	149.061150002	150.695970002	152.330790002	153.965610002	155.600430003	157.235250003	158.870070003	160.504890003	162.139710004	163.774530004	0.0	0.0	2.94415505159e-07	2.23343823721e-07	5.144127698e-07	6.42155324318e-07	1.36800736941e-06	1.88411306447e-06	3.16586481693e-06	4.55382709947e-06	0.0	1.80090471802e-07	-4.34737043997e-08	1.78043421314e-07	7.81386051666e-08	4.43995085073e-07	3.15695731012e-07	7.8403234133e-07	8.49000062588e-07	1.2467460308e-06	183.469208279	183.898537874	184.327867469	184.757197064	185.18652666	185.615856255	186.04518585	186.474515445	186.90384504	187.333174635	-10.4055088639	-10.4829641728	-10.5604194818	-10.6378747907	-10.7153300996	-10.7927854085	-10.8702407175	-10.9476960264	-11.0251513353	-11.1026066442	1.74928627177	1.74928627177	1.74928627177	1.74928627177	1.74928627177	1.74928627177	1.74928627177	1.74928627177	1.74928627177	1.74928627177	
2.3	149.061150002	150.695970002	152.330790002	153.965610002	155.600430003	157.235250003	158.870070003	160.504890003	162.139710004	163.774530004	0.0	0.0	2.94415505159e-07	2.23343823721e-07	5.144127698e-07	6.42155324318e-07	1.36800736941e-06	1.88411306447e-06	3.16586481693e-06	4.55382709947e-06	0.0	1.80090471802e-07	-4.34737043997e-08	1.78043421314e-07	7.81386051666e-08	4.43995085073e-07	3.15695731012e-07	7.8403234133e-07	8.49000062588e-07	1.2467460308e-06	183.469208279	183.898537874	184.327867469	184.757197064	185.18652666	185.615856255	186.04518585	186.474515445	186.90384504	187.333174635	-10.4055088639	-10.4829641728	-10.5604194818	-10.6378747907	-10.7153300996	-10.7927854085	-10.8702407175	-10.9476960264	-11.0251513353	-11.1026066442	1.74928627177	1.74928627177	1.74928627177	1.74928627177	1.74928627177	1.74928627177	1.74928627177	1.74928627177	1.74928627177	1.74928627177	
2.31666666667	150.859712502	152.425862502	153.992012502	155.558162503	157.124312503	158.690462503	160.256612503	161.822762504	163.388912504	164.955062504	0.0	0.0	-9.3285495177e-07	-1.36742126625e-06	-1.67457525994e-06	-1.36738157444e-06	-1.72380449067e-06	-1.03090389454e-06	-1.61605016883e-06	-2.02779606037e-06	0.0	-5.95635763888e-07	-2.77474261345e-07	-1.9612041863e-07	1.96145762181e-07	-2.27579041701e-07	4.42422881598e-07	-3.73620837208e-07	-2.62903228599e-07	5.18214595487e-09	183.983394218	184.432421487	184.881448756	185.330476025	185.779503294	186.228530563	186.677557832	187.126585101	187.57561237	188.024639639	-10.4982733114	-10.5792825524	-10.6602917934	-10.7413010344	-10.8223102754	-10.9033195164	-10.9843287574	-11.0653379984	-11.1463472395	-11.2273564805	1.7492868686	1.7492868686	1.7492868686	1.7492868686	1.7492868686	1.7492868686	1.7492868686	1.7492868686	1.7492868686	1.7492868686	
2.33333333333	150.859712502	152.425862502	153.992012502	155.558162503	157.124312503	158.690462503	160.256612503	161.822762504	163.388912504	164.955062504	0.0	0.0	-9.3285495177e-07	-1.36742126625e-06	-1.67457525994e-06	-1.36738157444e-06	-1.72380449067e-06	-1.03090389454e-06	-1.61605016883e-06	-2.02779606037e-06	0.0	-5.95635763888e-07	-2.77474261345e-07	-1.9612041863e-07	1.96145762181e-07	-2.27579041701e-07	4.42422881598e-07	-3.73620837208e-07	-2.62903228599e-07	5.18214595487e-09	183.983394218	184.432421487	184.881448756	185.330476025	185.779503294	186.228530563	186.677557832	187.126585101	187.57561237	188.024639639	-10.4982733114	-10.5792825524	-10.6602917934	-10.7413010344	-10.8223102754	-10.9033195164	-10.9843287574	-11.0653379984	-11.1463472395	-11.2273564805	1.7492868686	1.7492868686	1.7492868686	1.7492868686	1.7492868686	1.7492868686	1.7492868686	1.7492868686	1.7492868686	1.7492868686	
2.35	150.859712502	152.425862502	153.992012502	155.558162503	157.124312503	158.690462503	160.256612503	161.822762504	163.388912504	164.955062504	0.0	0.0	-9.3285495177e-07	-1.36742126625e-06	-1.67457525994e-06	-1.36738157444e-06	-1.72380449067e-06	-1.03090389454e-06	-1.61605016883e-06	-2.02779606037e-06	0.0	-5.95635763888e-07	-2.77474261345e-07	-1.9612041863e-07	1.96145762181e-07	-2.27579041701e-07	4.42422881598e-07	-3.73620837208e-07	-2.62903228599e-07	5.18214595487e-09	183.983394218	184.432421487	184.881448756	185.330476025	185.779503294	186.228530563	186.677557832	187.126585101	187.57561237	188.024639639	-10.4982733114	-10.5792825524	-10.6602917934	-10.7413010344	-10.8223102754	-10.9033195164	-10.9843287574	-11.0653379984	-11.1463472395	-11.2273564805	1.7492868686	1.7492868686	1.7492868686	1.7492868686	1.7492868686	1.7492868686	1.7492868686	1.7492868686	1.7492868686	1.7492868686	
2.36666666667	150.859712502	152.425862502	153.992012502	155.558162503	157.124312503	158.690462503	160.256612503	161.822762504	163.388912504	164.955062504	0.0	0.0	-9.3285495177e-07	-1.36742126625e-06	-1.67457525994e-06	-1.36738157444e-06	-1.72380449067e-06	-1.03090389454e-06	-1.61605016883e-06	-2.02779606037e-06	0.0	-5.95635763888e-07	-2.77474261345e-07	-1.9612041863e-07	1.96145762181e-07	-2.27579041701e-07	4.42422881598e-07	-3.73620837208e-07	-2.62903228599e-07	5.18214595487e-09	183.983394218	184.432421487	184.881448756	185.330476025	185.779503294	186.228530563	186.677557832	187.126585101	187.57561237	188.024639639	-10.4982733114	-10.5792825524	-10.6602917934	-10.7413010344	-10.8223102754	-10.9033195164	-10.9843287574	-11.0653379984	-11.1463472395	-11.2273564805	1.7492868686	1.7492868686	1.7492868686	1.7492868686	1.7492868686	1.7492868686	1.7492868686	1.7492868686	1.7492868686	1.7492868686	
2.38333333333	150.859712502	152.425862502	153.992012502	155.558162503	157.124312503	158.690462503	160.256612503	161.822762504	163.388912504	164.955062504	0.0	0.0	-9.3285495177e-07	-1.36742126625e-06	-1.67457525994e-06	-1.36738157444e-06	-1.72380449067e-06	-1.03090389454e-06	-1.61605016883e-06	-2.02779606037e-06	0.0	-5.95635763888e-07	-2.77474261345e-07	-1.9612041863e-07	1.96145762181e-07	-2.27579041701e-07	4.42422881598e-07	-3.73620837208e-07	-2.62903228599e-07	5.18214595487e-09	183.983394218	184.432421487	184.881448756	185.330476025	185.779503294	186.228530563	186.677557832	187.126585101	187.57561237	188.024639639	-10.4982733114	-10.5792825524	-10.6602917934	-10.7413010344	-10.8223102754	-10.9033195164	-10.9843287574	-11.0653379984	-11.1463472395	-11.2273564805	1.7492868686	1.7492868686	1.7492868686	1.7492868686	1.7492868686	1.7492868686	1.7492868686	1.7492868686	1.7492868686	1.7492868686	
2.4	150.859712502	152.425862502	153.992012502	155.558162503	157.124312503	158.690462503	160.256612503	161.822762504	163.388912504	164.955062504	0.0	0.0	-9.3285495177e-07	-1.36742126625e-06	-1.67457525994e-06	-1.36738157444e-06	-1.72380449067e-06	-1.03090389454e-06	-1.61605016883e-06	-2.02779606037e-06	0.0	-5.95635763888e-07	-2.77474261345e-07	-1.9612041863e-07	1.96145762181e-07	-2.27579041701e-07	4.42422881598e-07	-3.73620837208e-07	-2.62903228599e-07	5.18214595487e-09	183.983394218	184.432421487	184.881448756	185.330476025	185.779503294	186.228530563	186.677557832	187.126585101	187.57561237	188.024639639	-10.4982733114	-10.5792825524	-10.6602917934	-10.7413010344	-10.8223102754	-10.9033195164	-10.9843287574	-11.0653379984	-11.1463472395	-11.2273564805	1.7492868686	1.7492868686	1.7492868686	1.7492868686	1.7492868686	1.7492868686	1.7492868686	1.7492868686	1.7492868686	1.7492868686	
2.41666666667	152.337572502	153.844862502	155.352152503	156.859442503	158.366732503	159.874022504	161.381312504	162.888602504	164.395892504	165.903182505	0.0	0.0	-2.65314414012e-07	-7.03554848292e-07	-6.42556372569e-07	-3.31900090843e-07	1.79351646085e-07	-2.12227973891e-07	4.58282741576e-07	3.94379552005e-07	0.0	-1.76020814816e-07	-2.90747257795e-07	4.04689712741e-08	2.06102529487e-07	3.39186047036e-07	-2.59790498116e-07	4.44845195912e-07	-4.23960814177e-08	4.30971956159e-07	184.441573693	184.90612336	185.370673027	185.835222694	186.299772361	186.764322027	187.228871694	187.693421361	188.157971028	188.622520694	-10.5809337556	-10.6647434741	-10.7485531926	-10.8323629111	-10.9161726296	-10.9999823481	-11.0837920666	-11.1676017851	-11.2514115035	-11.335221222	1.74928702227	1.74928702227	1.74928702227	1.74928702227	1.74928702227	1.74928702227	1.74928702227	1.74928702227	1.74928702227	1.74928702227	
2.43333333333	152.337572502	153.844862502	155.352152503	156.859442503	158.366732503	159.874022504	161.381312504	162.888602504	164.395892504	165.903182505	0.0	0.0	-2.65314414012e-07	-7.03554848292e-07	-6.42556372569e-07	-3.31900090843e-07	1.79351646085e-07	-2.12227973891e-07	4.58282741576e-07	3.94379552005e-07	0.0	-1.76020814816e-07	-2.90747257795e-07	4.04689712741e-08	2.06102529487e-07	3.39186047036e-07	-2.59790498116e-07	4.44845195912e-07	-4.23960814177e-08	4.30971956159e-07	184.441573693	184.90612336	185.370673027	185.835222694	186.299772361	186.764322027	187.228871694	187.693421361	188.157971028	188.622520694	-10.5809337556	-10.6647434741	-10.7485531926	-10.8323629111	-10.9161726296	-10.9999823481	-11.0837920666	-11.1676017851	-11.2514115035	-11.335221222	1.74928702227	1.74928702227	1.74928702227	1.74928702227	1.74928702227	1.74928702227	1.74928702227	1.74928702227	1.74928702227	1.74928702227	
2.45	152.337572502	153.844862502	155.352152503	156.859442503	158.366732503	159.874022504	161.381312504	162.888602504	164.395892504	165.903182505	0.0	0.0	-2.65314414012e-07	-7.03554848292e-07	-6.42556372569e-07	-3.31900090843e-07	1.79351646085e-07	-2.12227973891e-07	4.58282741576e-07	3.94379552005e-07	0.0	-1.76020814816e-07	-2.90747257795e-07	4.04689712741e-08	2.06102529487e-07	3.39186047036e-07	-2.59790498116e-07	4.44845195912e-07	-4.23960814177e-08	4.30971956159e-07	184.441573693	184.90612336	185.370673027	185.835222694	186.299772361	186.764322027	187.228871694	187.693421361	188.157971028	188.622520694	-10.5809337556	-10.6647434741	-10.7485531926	-10.8323629111	-10.9161726296	-10.9999823481	-11.0837920666	-11.1676017851	-11.2514115035	-11.335221222	1.74928702227	1.74928702227	1.74928702227	1.74928702227	1.74928702227	1.74928702227	1.74928702227	1.74928702227	1.74928702227	1.74928702227	
2.46666666667	152.337572502	153.844862502	155.352152503	156.859442503	158.366732503	159.874022504	161.381312504	162.888602504	164.395892504	165.903182505	0.0	0.0	-2.65314414012e-07	-7.03554848292e-07	-6.42556372569e-07	-3.31900090843e-07	1.79351646085e-07	-2.12227973891e-07	4.58282741576e-07	3.94379552005e-07	0.0	-1.76020814816e-07	-2.90747257795e-07	4.04689712741e-08	2.06102529487e-07	3.39186047036e-07	-2.59790498116e-07	4.44845195912e-07	-4.23960814177e-08	4.30971956159e-07	184.441573693	184.90612336	185.370673027	185.835222694	186.299772361	186.764322027	187.228871694	187.693421361	188.157971028	188.622520694	-10.5809337556	-10.6647434741	-10.7485531926	-10.8323629111	-10.9161726296	-10.9999823481	-11.0837920666	-11.1676017851	-11.2514115035	-11.335221222	1.74928702227	1.74928702227	1.74928702227	1.74928702227	1.74928702227	1.74928702227	1.74928702227	1.74928702227	1.74928702227	1.74928702227	
2.48333333333	152.337572502	153.844862502	155.352152503	156.859442503	158.366732503	159.874022504	161.381312504	162.888602504	164.395892504	165.903182505	0.0	0.0	-2.65314414012e-07	-7.03554848292e-07	-6.42556372569e-07	-3.31900090843e-07	1.79351646085e-07	-2.12227973891e-07	4.58282741576e-07	3.94379552005e-07	0.0	-1.76020814816e-07	-2.90747257795e-07	4.04689712741e-08	2.06102529487e-07	3.39186047036e-07	-2.59790498116e-07	4.44845195912e-07	-4.23960814177e-08	4.30971956159e-07	184.441573693	184.90612336	185.370673027	185.835222694	186.299772361	186.764322027	187.228871694	187.693421361	188.157971028	188.622520694	-10.5809337556	-10.6647434741	-10.7485531926	-10.8323629111	-10.9161726296	-10.9999823481	-11.0837920666	-11.1676017851	-11.2514115035	-11.335221222	1.74928702227	1.74928702227	1.74928702227	1.74928702227	1.74928702227	1.74928702227	1.74928702227	1.74928702227	1.74928702227	1.74928702227	
2.5	152.337572502	153.844862502	155.352152503	156.859442503	158.366732503	159.874022504	161.381312504	162.888602504	164.395892504	165.903182505	0.0	0.0	-2.65314414012e-07	-7.03554848292e-07	-6.42556372569e-07	-3.31900090843e-07	1.79351646085e-07	-2.12227973891e-07	4.58282741576e-07	3.94379552005e-07	0.0	-1.76020814816e-07	-2.90747257795e-07	4.04689712741e-08	2.06102529487e-07	3.39186047036e-07	-2.59790498116e-07	4.44845195912e-07	-4.23960814177e-08	4.30971956159e-07	184.441573693	184.90612336	185.370673027	185.835222694	186.299772361	186.764322027	187.228871694	187.693421361	188.157971028	188.622520694	-10.5809337556	-10.6647434741	-10.7485531926	-10.8323629111	-10.9161726296	-10.9999823481	-11.0837920666	-11.1676017851	-11.2514115035	-11.335221222	1.74928702227	1.74928702227	1.74928702227	1.74928702227	1.74928702227	1.74928702227	1.74928702227	1.74928702227	1.74928702227	1.74928702227	
2.51666666667	153.756572502	155.205002503	156.653432503	158.101862503	159.550292503	160.998722504	162.447152504	163.895582504	165.344012505	166.792442505	0.0	0.0	-9.55910931061e-06	-7.67177968176e-06	-8.63273902165e-06	-8.51562530836e-06	-4.37619094607e-06	5.04734782339e-07	1.17955988519e-05	1.6193417853e-05	0.0	-6.59963499023e-06	1.30301749377e-06	-6.63448934165e-07	8.08556252436e-08	2.85787670893e-06	3.36980435886e-06	7.79524317196e-06	3.03626616425e-06	6.55781035343e-06	184.914592919	185.393507191	185.872421464	186.351335737	186.830250009	187.309164282	187.788078555	188.266992827	188.7459071	189.224821373	-10.6662714898	-10.7526727619	-10.8390740341	-10.9254753063	-11.0118765785	-11.0982778506	-11.1846791228	-11.271080395	-11.3574816672	-11.4438829393	1.74928707373	1.74928707373	1.74928707373	1.74928707373	1.74928707373	1.74928707373	1.74928707373	1.74928707373	1.74928707373	1.74928707373	
2.53333333333	153.756572502	155.205002503	156.653432503	158.101862503	159.550292503	160.998722504	162.447152504	163.895582504	165.344012505	166.792442505	0.0	0.0	-9.55910931061e-06	-7.67177968176e-06	-8.63273902165e-06	-8.51562530836e-06	-4.37619094607e-06	5.04734782339e-07	1.17955988519e-05	1.6193417853e-05	0.0	-6.59963499023e-06	1.30301749377e-06	-6.63448934165e-07	8.08556252436e-08	2.85787670893e-06	3.36980435886e-06	7.79524317196e-06	3.03626616425e-06	6.55781035343e-06	184.914592919	185.393507191	185.872421464	186.351335737	186.830250009	187.309164282	187.788078555	188.266992827	188.7459071	189.224821373	-10.6662714898	-10.7526727619	-10.8390740341	-10.9254753063	-11.0118765785	-11.0982778506	-11.1846791228	-11.271080395	-11.3574816672	-11.4438829393	1.74928707373	1.74928707373	1.74928707373	1.74928707373	1.74928707373	1.74928707373	1.74928707373	1.74928707373	1.74928707373	1.74928707373	
2.55	153.756572502	155.205002503	156.653432503	158.101862503	159.550292503	160.998722504	162.447152504	163.895582504	165.344012505	166.792442505	0.0	0.0	-9.55910931061e-06	-7.67177968176e-06	-8.63273902165e-06	-8.51562530836e-06	-4.37619094607e-06	5.04734782339e-07	1.17955988519e-05	1.6193417853e-05	0.0	-6.59963499023e-06	1.30301749377e-06	-6.63448934165e-07	8.08556252436e-08	2.85787670893e-06	3.36980435886e-06	7.79524317196e-06	3.03626616425e-06	6.55781035343e-06	184.914592919	185.393507191	185.872421464	186.351335737	186.830250009	187.309164282	187.788078555	188.266992827	188.7459071	189.224821373	-10.6662714898	-10.7526727619	-10.8390740341	-10.9254753063	-11.0118765785	-11.0982778506	-11.1846791228	-11.271080395	-11.3574816672	-11.4438829393	1.74928707373	1.74928707373	1.74928707373	1.74928707373	1.74928707373	1.74928707373	1.74928707373	1.74928707373	1.74928707373	1.74928707373	
2.56666666667	153.756572502	155.205002503	156.653432503	158.101862503	159.550292503	160.998722504	162.447152504	163.895582504	165.344012505	166.792442505	0.0	0.0	-9.55910931061e-06	-7.67177968176e-06	-8.63273902165e-06	-8.51562530836e-06	-4.37619094607e-06	5.04734782339e-07	1.17955988519e-05	1.6193417853e-05	0.0	-6.59963499023e-06	1.30301749377e-06	-6.63448934165e-07	8.08556252436e-08	2.85787670893e-06	3.36980435886e-06	7.79524317196e-06	3.03626616425e-06	6.55781035343e-06	184.914592919	185.393507191	185.872421464	186.351335737	186.830250009	187.309164282	187.788078555	188.266992827	188.7459071	189.224821373	-10.6662714898	-10.7526727619	-10.8390740341	-10.9254753063	-11.0118765785	-11.0982778506	-11.1846791228	-11.271080395	-11.3574816672	-11.4438829393	1.74928707373	1.74928707373	1.74928707373	1.74928707373	1.74928707373	1.74928707373	1.74928707373	1.74928707373	1.74928707373	1.74928707373	
2.58333333333	153.756572502	155.205002503	156.653432503	158.101862503	159.550292503	160.998722504	162.447152504	163.895582504	165.344012505	166.792442505	0.0	0.0	-9.55910931061e-06	-7.67177968176e-06	-8.63273902165e-06	-8.51562530836e-06	-4.37619094607e-06	5.04734782339e-07	1.17955988519e-05	1.6193417853e-05	0.0	-6.59963499023e-06	1.30301749377e-06	-6.63448934165e-07	8.08556252436e-08	2.85787670893e-06	3.36980435886e-06	7.79524317196e-06	3.03626616425e-06	6.55781035343e-06	184.914592919	185.393507191	185.872421464	186.351335737	186.830250009	187.309164282	187.788078555	188.266992827	188.7459071	189.224821373	-10.6662714898	-10.7526727619	-10.8390740341	-10.9254753063	-11.0118765785	-11.0982778506	-11.1846791228	-11.271080395	-11.3574816672	-11.4438829393	1.74928707373	1.74928707373	1.74928707373	1.74928707373	1.74928707373	1.74928707373	1.74928707373	1.74928707373	1.74928707373	1.74928707373	
2.6	153.756572502	155.205002503	156.653432503	158.101862503	159.550292503	160.998722504	162.447152504	163.895582504	165.344012505	166.792442505	0.0	0.0	-9.55910931061e-06	-7.67177968176e-06	-8.63273902165e-06	-8.51562530836e-06	-4.37619094607e-06	5.04734782339e-07	1.17955988519e-05	1.6193417853e-05	0.0	-6.59963499023e-06	1.30301749377e-06	-6.63448934165e-07	8.08556252436e-08	2.85787670893e-06	3.36980435886e-06	7.79524317196e-06	3.03626616425e-06	6.55781035343e-06	184.914592919	185.393507191	185.872421464	186.351335737	186.830250009	187.309164282	187.788078555	188.266992827	188.7459071	189.224821373	-10.6662714898	-10.7526727619	-10.8390740341	-10.9254753063	-11.0118765785	-11.0982778506	-11.1846791228	-11.271080395	-11.3574816672	-11.4438829393	1.74928707373	1.74928707373	1.74928707373	1.74928707373	1.74928707373	1.74928707373	1.74928707373	1.74928707373	1.74928707373	1.74928707373	
2.61666666667	155.116712504	156.506282505	157.895852506	159.285422507	160.674992508	162.064562509	163.45413251	164.843702511	166.233272512	167.622842513	0.0	0.0	8.85874446968e-07	-3.48309378099e-06	-4.62845528678e-06	-8.15608326631e-06	-8.35433789092e-06	-1.05958515787e-05	-9.72782556326e-06	-1.11716289789e-05	0.0	6.37516963017e-07	-3.14411524765e-06	-8.24256068371e-07	-2.53864719076e-06	-1.42673362593e-07	-1.61309879032e-06	6.24672391288e-07	-1.03902891872e-06	1.62170294448e-06	185.401345016	185.893552457	186.385759897	186.877967338	187.370174779	187.862382219	188.35458966	188.846797101	189.339004541	189.831211982	-10.7540867954	-10.8428863065	-10.9316858175	-11.0204853285	-11.1092848396	-11.1980843506	-11.2868838616	-11.3756833727	-11.4644828837	-11.5532823947	1.74928709097	1.74928709097	1.74928709097	1.74928709097	1.74928709097	1.74928709097	1.74928709097	1.74928709097	1.74928709097	1.74928709097	
2.63333333333	155.116712504	156.506282505	157.895852506	159.285422507	160.674992508	162.064562509	163.45413251	164.843702511	166.233272512	167.622842513	0.0	0.0	8.85874446968e-07	-3.48309378099e-06	-4.62845528678e-06	-8.15608326631e-06	-8.35433789092e-06	-1.05958515787e-05	-9.72782556326e-06	-1.11716289789e-05	0.0	6.37516963017e-07	-3.14411524765e-06	-8.24256068371e-07	-2.53864719076e-06	-1.42673362593e-07	-1.61309879032e-06	6.24672391288e-07	-1.03902891872e-06	1.62170294448e-06	185.401345016	185.893552457	186.385759897	186.877967338	187.370174779	187.862382219	188.35458966	188.846797101	189.339004541	189.831211982	-10.7540867954	-10.8428863065	-10.9316858175	-11.0204853285	-11.1092848396	-11.1980843506	-11.2868838616	-11.3756833727	-11.4644828837	-11.5532823947	1.74928709097	1.74928709097	1.74928709097	1.74928709097	1.74928709097	1.74928709097	1.74928709097	1.74928709097	1.74928709097	1.74928709097	
2.65	155.116712504	156.506282505	157.895852506	159.285422507	160.674992508	162.064562509	163.45413251	164.843702511	166.233272512	167.622842513	0.0	0.0	8.85874446968e-07	-3.48309378099e-06	-4.62845528678e-06	-8.15608326631e-06	-8.35433789092e-06	-1.05958515787e-05	-9.72782556326e-06	-1.11716289789e-05	0.0	6.37516963017e-07	-3.14411524765e-06	-8.24256068371e-07	-2.53864719076e-06	-1.42673362593e-07	-1.61309879032e-06	6.24672391288e-07	-1.03902891872e-06	1.62170294448e-06	185.401345016	185.893552457	186.385759897	186.877967338	187.370174779	187.862382219	188.35458966	188.846797101	189.339004541	189.831211982	-10.7540867954	-10.8428863065	-10.9316858175	-11.0204853285	-11.1092848396	-11.1980843506	-11.2868838616	-11.3756833727	-11.4644828837	-11.5532823947	1.74928709097	1.74928709097	1.74928709097	1.74928709097	1.74928709097	1.74928709097	1.74928709097	1.74928709097	1.74928709097	1.74928709097	
2.66666666667	155.116712504	156.506282505	157.895852506	159.285422507	160.674992508	162.064562509	163.45413251	164.843702511	166.233272512	167.622842513	0.0	0.0	8.85874446968e-07	-3.48309378099e-06	-4.62845528678e-06	-8.15608326631e-06	-8.35433789092e-06	-1.05958515787e-05	-9.72782556326e-06	-1.11716289789e-05	0.0	6.37516963017e-07	-3.14411524765e-06	-8.24256068371e-07	-2.53864719076e-06	-1.42673362593e-07	-1.61309879032e-06	6.24672391288e-07	-1.03902891872e-06	1.62170294448e-06	185.401345016	185.893552457	186.385759897	186.877967338	187.370174779	187.862382219	188.35458966	188.846797101	189.339004541	189.831211982	-10.7540867954	-10.8428863065	-10.9316858175	-11.0204853285	-11.1092848396	-11.1980843506	-11.2868838616	-11.3756833727	-11.4644828837	-11.5532823947	1.74928709097	1.74928709097	1.74928709097	1.74928709097	1.74928709097	1.74928709097	1.74928709097	1.74928709097	1.74928709097	1.74928709097	
2.68333333333	155.116712504	156.506282505	157.895852506	159.285422507	160.674992508	162.064562509	163.45413251	164.843702511	166.233272512	167.622842513	0.0	0.0	8.85874446968e-07	-3.48309378099e-06	-4.62845528678e-06	-8.15608326631e-06	-8.35433789092e-06	-1.05958515787e-05	-9.72782556326e-06	-1.11716289789e-05	0.0	6.37516963017e-07	-3.14411524765e-06	-8.24256068371e-07	-2.53864719076e-06	-1.42673362593e-07	-1.61309879032e-06	6.24672391288e-07	-1.03902891872e-06	1.62170294448e-06	185.401345016	185.893552457	186.385759897	186.877967338	187.370174779	187.862382219	188.35458966	188.846797101	189.339004541	189.831211982	-10.7540867954	-10.8428863065	-10.9316858175	-11.0204853285	-11.1092848396	-11.1980843506	-11.2868838616	-11.3756833727	-11.4644828837	-11.5532823947	1.74928709097	1.74928709097	1.74928709097	1.74928709097	1.74928709097	1.74928709097	1.74928709097	1.74928709097	1.74928709097	1.74928709097	
2.7	155.116712504	156.506282505	157.895852506	159.285422507	160.674992508	162.064562509	163.45413251	164.843702511	166.233272512	167.622842513	0.0	0.0	8.85874446968e-07	-3.48309378099e-06	-4.62845528678e-06	-8.15608326631e-06	-8.35433789092e-06	-1.05958515787e-05	-9.72782556326e-06	-1.11716289789e-05	0.0	6.37516963017e-07	-3.14411524765e-06	-8.24256068371e-07	-2.53864719076e-06	-1.42673362593e-07	-1.61309879032e-06	6.24672391288e-07	-1.03902891872e-06	1.62170294448e-06	185.401345016	185.893552457	186.385759897	186.877967338	187.370174779	187.862382219	188.35458966	188.846797101	189.339004541	189.831211982	-10.7540867954	-10.8428863065	-10.9316858175	-11.0204853285	-11.1092848396	-11.1980843506	-11.2868838616	-11.3756833727	-11.4644828837	-11.5532823947	1.74928709097	1.74928709097	1.74928709097	1.74928709097	1.74928709097	1.74928709097	1.74928709097	1.74928709097	1.74928709097	1.74928709097	
2.71666666667	156.417992505	157.748702506	159.079412507	160.410122508	161.740832509	163.07154251	164.402252511	165.732962512	167.063672513	168.394382514	0.0	0.0	1.83170390507e-07	-1.937897843e-07	2.00739881164e-07	3.54213669945e-07	8.97132001531e-07	5.36095971241e-07	9.06972311529e-07	6.36730373675e-07	0.0	1.37648616424e-07	-2.83277479322e-07	2.96480574394e-07	1.15332257711e-07	4.07991471587e-07	-2.71310826554e-07	2.7870560828e-07	-2.03081015127e-07	5.10707414165e-08	185.900805667	186.405314754	186.90982384	187.414332927	187.918842013	188.4233511	188.927860186	189.432369272	189.936878359	190.441387445	-10.8441948656	-10.9352137287	-11.0262325918	-11.1172514549	-11.2082703181	-11.2992891812	-11.3903080443	-11.4813269074	-11.5723457706	-11.6633646337	1.74928709674	1.74928709674	1.74928709674	1.74928709674	1.74928709674	1.74928709674	1.74928709674	1.74928709674	1.74928709674	1.74928709674	
2.73333333333	156.417992505	157.748702506	159.079412507	160.410122508	161.740832509	163.07154251	164.402252511	165.732962512	167.063672513	168.394382514	0.0	0.0	1.83170390507e-07	-1.937897843e-07	2.00739881164e-07	3.54213669945e-07	8.97132001531e-07	5.36095971241e-07	9.06972311529e-07	6.36730373675e-07	0.0	1.37648616424e-07	-2.83277479322e-07	2.96480574394e-07	1.15332257711e-07	4.07991471587e-07	-2.71310826554e-07	2.7870560828e-07	-2.03081015127e-07	5.10707414165e-08	185.900805667	186.405314754	186.90982384	187.414332927	187.918842013	188.4233511	188.927860186	189.432369272	189.936878359	190.441387445	-10.8441948656	-10.9352137287	-11.0262325918	-11.1172514549	-11.2082703181	-11.2992891812	-11.3903080443	-11.4813269074	-11.5723457706	-11.6633646337	1.74928709674	1.74928709674	1.74928709674	1.74928709674	1.74928709674	1.74928709674	1.74928709674	1.74928709674	1.74928709674	1.74928709674	
2.75	156.417992505	157.748702506	159.079412507	160.410122508	161.740832509	163.07154251	164.402252511	165.732962512	167.063672513	168.394382514	0.0	0.0	1.83170390507e-07	-1.937897843e-07	2.00739881164e-07	3.54213669945e-07	8.97132001531e-07	5.36095971241e-07	9.06972311529e-07	6.36730373675e-07	0.0	1.37648616424e-07	-2.83277479322e-07	2.96480574394e-07	1.15332257711e-07	4.07991471587e-07	-2.71310826554e-07	2.7870560828e-07	-2.03081015127e-07	5.10707414165e-08	185.900805667	186.405314754	186.90982384	187.414332927	187.918842013	188.4233511	188.927860186	189.432369272	189.936878359	190.441387445	-10.8441948656	-10.9352137287	-11.0262325918	-11.1172514549	-11.2082703181	-11.2992891812	-11.3903080443	-11.4813269074	-11.5723457706	-11.6633646337	1.74928709674	1.74928709674	1.74928709674	1.74928709674	1.74928709674	1.74928709674	1.74928709674	1.74928709674	1.74928709674	1.74928709674	
2.76666666667	156.417992505	157.748702506	159.079412507	160.410122508	161.740832509	163.07154251	164.402252511	165.732962512	167.063672513	168.394382514	0.0	0.0	1.83170390507e-07	-1.937897843e-07	2.00739881164e-07	3.54213669945e-07	8.97132001531e-07	5.36095971241e-07	9.06972311529e-07	6.36730373675e-07	0.0	1.37648616424e-07	-2.83277479322e-07	2.96480574394e-07	1.15332257711e-07	4.07991471587e-07	-2.71310826554e-07	2.7870560828e-07	-2.03081015127e-07	5.10707414165e-08	185.900805667	186.405314754	186.90982384	187.414332927	187.918842013	188.4233511	188.927860186	189.432369272	189.936878359	190.441387445	-10.8441948656	-10.9352137287	-11.0262325918	-11.1172514549	-11.2082703181	-11.2992891812	-11.3903080443	-11.4813269074	-11.5723457706	-11.6633646337	1.74928709674	1.74928709674	1.74928709674	1.74928709674	1.74928709674	1.74928709674	1.74928709674	1.74928709674	1.74928709674	1.74928709674	
2.78333333333	156.417992505	157.748702506	159.079412507	160.410122508	161.740832509	163.07154251	164.402252511	165.732962512	167.063672513	168.394382514	0.0	0.0	1.83170390507e-07	-1.937897843e-07	2.00739881164e-07	3.54213669945e-07	8.97132001531e-07	5.36095971241e-07	9.06972311529e-07	6.36730373675e-07	0.0	1.37648616424e-07	-2.83277479322e-07	2.96480574394e-07	1.15332257711e-07	4.07991471587e-07	-2.71310826554e-07	2.7870560828e-07	-2.03081015127e-07	5.10707414165e-08	185.900805667	186.405314754	186.90982384	187.414332927	187.918842013	188.4233511	188.927860186	189.432369272	189.936878359	190.441387445	-10.8441948656	-10.9352137287	-11.0262325918	-11.1172514549	-11.2082703181	-11.2992891812	-11.3903080443	-11.4813269074	-11.5723457706	-11.6633646337	1.74928709674	1.74928709674	1.74928709674	1.74928709674	1.74928709674	1.74928709674	1.74928709674	1.74928709674	1.74928709674	1.74928709674	
2.8	156.417992505	157.748702506	159.079412507	160.410122508	161.740832509	163.07154251	164.402252511	165.732962512	167.063672513	168.394382514	0.0	0.0	1.83170390507e-07	-1.937897843e-07	2.00739881164e-07	3.54213669945e-07	8.97132001531e-07	5.36095971241e-07	9.06972311529e-07	6.36730373675e-07	0.0	1.37648616424e-07	-2.83277479322e-07	2.96480574394e-07	1.15332257711e-07	4.07991471587e-07	-2.71310826554e-07	2.7870560828e-07	-2.03081015127e-07	5.10707414165e-08	185.900805667	186.405314754	186.90982384	187.414332927	187.918842013	188.4233511	188.927860186	189.432369272	189.936878359	190.441387445	-10.8441948656	-10.9352137287	-11.0262325918	-11.1172514549	-11.2082703181	-11.2992891812	-11.3903080443	-11.4813269074	-11.5723457706	-11.6633646337	1.74928709674	1.74928709674	1.74928709674	1.74928709674	1.74928709674	1.74928709674	1.74928709674	1.74928709674	1.74928709674	1.74928709674	
2.81666666667	156.417992505	157.748702506	159.079412507	160.410122508	161.740832509	163.07154251	164.402252511	165.732962512	167.063672513	168.394382514	0.0	0.0	1.83170390507e-07	-1.937897843e-07	2.00739881164e-07	3.54213669945e-07	8.97132001531e-07	5.36095971241e-07	9.06972311529e-07	6.36730373675e-07	0.0	1.37648616424e-07	-2.83277479322e-07	2.96480574394e-07	1.15332257711e-07	4.07991471587e-07	-2.71310826554e-07	2.7870560828e-07	-2.03081015127e-07	5.10707414165e-08	185.900805667	186.405314754	186.90982384	187.414332927	187.918842013	188.4233511	188.927860186	189.432369272	189.936878359	190.441387445	-10.8441948656	-10.9352137287	-11.0262325918	-11.1172514549	-11.2082703181	-11.2992891812	-11.3903080443	-11.4813269074	-11.5723457706	-11.6633646337	1.74928709674	1.74928709674	1.74928709674	1.74928709674	1.74928709674	1.74928709674	1.74928709674	1.74928709674	1.74928709674	1.74928709674	
2.83333333333	157.861760006	159.123800007	160.385840008	161.647880009	162.90992001	164.171960011	165.434000013	166.696040014	167.958080015	169.220120016	0.0	0.0	-7.21845100294e-07	-1.40127351297e-07	-5.10623150982e-07	2.72492637256e-07	4.29465284123e-07	1.28434760872e-06	1.27746759863e-06	1.56736634359e-06	0.0	-5.71966894624e-07	4.60934477918e-07	-2.93568983055e-07	6.20515821672e-07	1.24380088377e-07	6.77381322207e-07	-5.45149921912e-09	2.29706463117e-07	-8.04545247035e-07	186.49831132	187.016017507	187.533723694	188.051429882	188.569136069	189.086842256	189.604548443	190.122254631	190.639960818	191.157667005	-10.9519913099	-11.045391073	-11.1387908361	-11.2321905992	-11.3255903623	-11.4189901254	-11.5123898886	-11.6057896517	-11.6991894148	-11.7925891779	1.74928709883	1.74928709883	1.74928709883	1.74928709883	1.74928709883	1.74928709883	1.74928709883	1.74928709883	1.74928709883	1.74928709883	
2.85	157.861760006	159.123800007	160.385840008	161.647880009	162.90992001	164.171960011	165.434000013	166.696040014	167.958080015	169.220120016	0.0	0.0	-7.21845100294e-07	-1.40127351297e-07	-5.10623150982e-07	2.72492637256e-07	4.29465284123e-07	1.28434760872e-06	1.27746759863e-06	1.56736634359e-06	0.0	-5.71966894624e-07	4.60934477918e-07	-2.93568983055e-07	6.20515821672e-07	1.24380088377e-07	6.77381322207e-07	-5.45149921912e-09	2.29706463117e-07	-8.04545247035e-07	186.49831132	187.016017507	187.533723694	188.051429882	188.569136069	189.086842256	189.604548443	190.122254631	190.639960818	191.157667005	-10.9519913099	-11.045391073	-11.1387908361	-11.2321905992	-11.3255903623	-11.4189901254	-11.5123898886	-11.6057896517	-11.6991894148	-11.7925891779	1.74928709883	1.74928709883	1.74928709883	1.74928709883	1.74928709883	1.74928709883	1.74928709883	1.74928709883	1.74928709883	1.74928709883	
2.86666666667	157.861760006	159.123800007	160.385840008	161.647880009	162.90992001	164.171960011	165.434000013	166.696040014	167.958080015	169.220120016	0.0	0.0	-7.21845100294e-07	-1.40127351297e-07	-5.10623150982e-07	2.72492637256e-07	4.29465284123e-07	1.28434760872e-06	1.27746759863e-06	1.56736634359e-06	0.0	-5.71966894624e-07	4.60934477918e-07	-2.93568983055e-07	6.20515821672e-07	1.24380088377e-07	6.77381322207e-07	-5.45149921912e-09	2.29706463117e-07	-8.04545247035e-07	186.49831132	187.016017507	187.533723694	188.051429882	188.569136069	189.086842256	189.604548443	190.122254631	190.639960818	191.157667005	-10.9519913099	-11.045391073	-11.1387908361	-11.2321905992	-11.3255903623	-11.4189901254	-11.5123898886	-11.6057896517	-11.6991894148	-11.7925891779	1.74928709883	1.74928709883	1.74928709883	1.74928709883	1.74928709883	1.74928709883	1.74928709883	1.74928709883	1.74928709883	1.74928709883	
2.88333333333	157.861760006	159.123800007	160.385840008	161.647880009	162.90992001	164.171960011	165.434000013	166.696040014	167.958080015	169.220120016	0.0	0.0	-7.21845100294e-07	-1.40127351297e-07	-5.10623150982e-07	2.72492637256e-07	4.29465284123e-07	1.28434760872e-06	1.27746759863e-06	1.56736634359e-06	0.0	-5.71966894624e-07	4.60934477918e-07	-2.93568983055e-07	6.20515821672e-07	1.24380088377e-07	6.77381322207e-07	-5.45149921912e-09	2.29706463117e-07	-8.04545247035e-07	186.49831132	187.016017507	187.533723694	188.051429882	188.569136069	189.086842256	189.604548443	190.122254631	190.639960818	191.157667005	-10.9519913099	-11.045391073	-11.1387908361	-11.2321905992	-11.3255903623	-11.4189901254	-11.5123898886	-11.6057896517	-11.6991894148	-11.7925891779	1.74928709883	1.74928709883	1.74928709883	1.74928709883	1.74928709883	1.74928709883	1.74928709883	1.74928709883	1.74928709883	1.74928709883	
2.9	157.861760006	159.123800007	160.385840008	161.647880009	162.90992001	164.171960011	165.434000013	166.696040014	167.958080015	169.220120016	0.0	0.0	-7.21845100294e-07	-1.40127351297e-07	-5.10623150982e-07	2.72492637256e-07	4.29465284123e-07	1.28434760872e-06	1.27746759863e-06	1.56736634359e-06	0.0	-5.71966894624e-07	4.60934477918e-07	-2.93568983055e-07	6.20515821672e-07	1.24380088377e-07	6.77381322207e-07	-5.45149921912e-09	2.29706463117e-07	-8.04545247035e-07	186.49831132	187.016017507	187.533723694	188.051429882	188.569136069	189.086842256	189.604548443	190.122254631	190.639960818	191.157667005	-10.9519913099	-11.045391073	-11.1387908361	-11.2321905992	-11.3255903623	-11.4189901254	-11.5123898886	-11.6057896517	-11.6991894148	-11.7925891779	1.74928709883	1.74928709883	1.74928709883	1.74928709883	1.74928709883	1.74928709883	1.74928709883	1.74928709883	1.74928709883	1.74928709883	
2.91666666667	157.861760006	159.123800007	160.385840008	161.647880009	162.90992001	164.171960011	165.434000013	166.696040014	167.958080015	169.220120016	0.0	0.0	-7.21845100294e-07	-1.40127351297e-07	-5.10623150982e-07	2.72492637256e-07	4.29465284123e-07	1.28434760872e-06	1.27746759863e-06	1.56736634359e-06	0.0	-5.71966894624e-07	4.60934477918e-07	-2.93568983055e-07	6.20515821672e-07	1.24380088377e-07	6.77381322207e-07	-5.45149921912e-09	2.29706463117e-07	-8.04545247035e-07	186.49831132	187.016017507	187.533723694	188.051429882	188.569136069	189.086842256	189.604548443	190.122254631	190.639960818	191.157667005	-10.9519913099	-11.045391073	-11.1387908361	-11.2321905992	-11.3255903623	-11.4189901254	-11.5123898886	-11.6057896517	-11.6991894148	-11.7925891779	1.74928709883	1.74928709883	1.74928709883	1.74928709883	1.74928709883	1.74928709883	1.74928709883	1.74928709883	1.74928709883	1.74928709883	
2.93333333333	157.861760006	159.123800007	160.385840008	161.647880009	162.90992001	164.171960011	165.434000013	166.696040014	167.958080015	169.220120016	0.0	0.0	-7.21845100294e-07	-1.40127351297e-07	-5.10623150982e-07	2.72492637256e-07	4.29465284123e-07	1.28434760872e-06	1.27746759863e-06	1.56736634359e-06	0.0	-5.71966894624e-07	4.60934477918e-07	-2.93568983055e-07	6.20515821672e-07	1.24380088377e-07	6.77381322207e-07	-5.45149921912e-09	2.29706463117e-07	-8.04545247035e-07	186.49831132	187.016017507	187.533723694	188.051429882	188.569136069	189.086842256	189.604548443	190.122254631	190.639960818	191.157667005	-10.9519913099	-11.045391073	-11.1387908361	-11.2321905992	-11.3255903623	-11.4189901254	-11.5123898886	-11.6057896517	-11.6991894148	-11.7925891779	1.74928709883	1.74928709883	1.74928709883	1.74928709883	1.74928709883	1.74928709883	1.74928709883	1.74928709883	1.74928709883	1.74928709883	
2.95	159.225412507	160.418782508	161.61215251	162.805522511	163.998892512	165.192262513	166.385632514	167.579002515	168.772372516	169.965742517	0.0	0.0	3.69670906897e-06	2.11844028951e-07	1.76322632591e-06	2.27216979935e-07	3.13923322238e-06	8.77204654388e-07	3.9533062485e-06	2.28938838293e-06	0.0	3.09770571214e-06	-2.92018823745e-06	1.30000108565e-06	-1.28711912031e-06	2.44016209546e-06	-1.89549642272e-06	2.57765956189e-06	-1.39430173717e-06	4.73460409955e-06	187.110443012	187.640205175	188.169967338	188.6997295	189.229491663	189.759253826	190.289015988	190.818778151	191.348540313	191.878302476	-11.0624264498	-11.1580012408	-11.2535760318	-11.3491508228	-11.4447256139	-11.5403004049	-11.6358751959	-11.7314499869	-11.827024778	-11.922599569	1.74928709942	1.74928709942	1.74928709942	1.74928709942	1.74928709942	1.74928709942	1.74928709942	1.74928709942	1.74928709942	1.74928709942	
2.96666666667	159.225412507	160.418782508	161.61215251	162.805522511	163.998892512	165.192262513	166.385632514	167.579002515	168.772372516	169.965742517	0.0	0.0	3.69670906897e-06	2.11844028951e-07	1.76322632591e-06	2.27216979935e-07	3.13923322238e-06	8.77204654388e-07	3.9533062485e-06	2.28938838293e-06	0.0	3.09770571214e-06	-2.92018823745e-06	1.30000108565e-06	-1.28711912031e-06	2.44016209546e-06	-1.89549642272e-06	2.57765956189e-06	-1.39430173717e-06	4.73460409955e-06	187.110443012	187.640205175	188.169967338	188.6997295	189.229491663	189.759253826	190.289015988	190.818778151	191.348540313	191.878302476	-11.0624264498	-11.1580012408	-11.2535760318	-11.3491508228	-11.4447256139	-11.5403004049	-11.6358751959	-11.7314499869	-11.827024778	-11.922599569	1.74928709942	1.74928709942	1.74928709942	1.74928709942	1.74928709942	1.74928709942	1.74928709942	1.74928709942	1.74928709942	1.74928709942	
2.98333333333	159.225412507	160.418782508	161.61215251	162.805522511	163.998892512	165.192262513	166.385632514	167.579002515	168.772372516	169.965742517	0.0	0.0	3.69670906897e-06	2.11844028951e-07	1.76322632591e-06	2.27216979935e-07	3.13923322238e-06	8.77204654388e-07	3.9533062485e-06	2.28938838293e-06	0.0	3.09770571214e-06	-2.92018823745e-06	1.30000108565e-06	-1.28711912031e-06	2.44016209546e-06	-1.89549642272e-06	2.57765956189e-06	-1.39430173717e-06	4.73460409955e-06	187.110443012	187.640205175	188.169967338	188.6997295	189.229491663	189.759253826	190.289015988	190.818778151	191.348540313	191.878302476	-11.0624264498	-11.1580012408	-11.2535760318	-11.3491508228	-11.4447256139	-11.5403004049	-11.6358751959	-11.7314499869	-11.827024778	-11.922599569	1.74928709942	1.74928709942	1.74928709942	1.74928709942	1.74928709942	1.74928709942	1.74928709942	1.74928709942	1.74928709942	1.74928709942	
3.0	159.225412507	160.418782508	161.61215251	162.805522511	163.998892512	165.192262513	166.385632514	167.579002515	168.772372516	169.965742517	0.0	0.0	3.69670906897e-06	2.11844028951e-07	1.76322632591e-06	2.27216979935e-07	3.13923322238e-06	8.77204654388e-07	3.9533062485e-06	2.28938838293e-06	0.0	3.09770571214e-06	-2.92018823745e-06	1.30000108565e-06	-1.28711912031e-06	2.44016209546e-06	-1.89549642272e-06	2.57765956189e-06	-1.39430173717e-06	4.73460409955e-06	187.110443012	187.640205175	188.169967338	188.6997295	189.229491663	189.759253826	190.289015988	190.818778151	191.348540313	191.878302476	-11.0624264498	-11.1580012408	-11.2535760318	-11.3491508228	-11.4447256139	-11.5403004049	-11.6358751959	-11.7314499869	-11.827024778	-11.922599569	1.74928709942	1.74928709942	1.74928709942	1.74928709942	1.74928709942	1.74928709942	1.74928709942	1.74928709942	1.74928709942	1.74928709942	
3.01666666667	159.225412507	160.418782508	161.61215251	162.805522511	163.998892512	165.192262513	166.385632514	167.579002515	168.772372516	169.965742517	0.0	0.0	3.69670906897e-06	2.11844028951e-07	1.76322632591e-06	2.27216979935e-07	3.13923322238e-06	8.77204654388e-07	3.9533062485e-06	2.28938838293e-06	0.0	3.09770571214e-06	-2.92018823745e-06	1.30000108565e-06	-1.28711912031e-06	2.44016209546e-06	-1.89549642272e-06	2.57765956189e-06	-1.39430173717e-06	4.73460409955e-06	187.110443012	187.640205175	188.169967338	188.6997295	189.229491663	189.759253826	190.289015988	190.818778151	191.348540313	191.878302476	-11.0624264498	-11.1580012408	-11.2535760318	-11.3491508228	-11.4447256139	-11.5403004049	-11.6358751959	-11.7314499869	-11.827024778	-11.922599569	1.74928709942	1.74928709942	1.74928709942	1.74928709942	1.74928709942	1.74928709942	1.74928709942	1.74928709942	1.74928709942	1.74928709942	
3.03333333333	159.225412507	160.418782508	161.61215251	162.805522511	163.998892512	165.192262513	166.385632514	167.579002515	168.772372516	169.965742517	0.0	0.0	3.69670906897e-06	2.11844028951e-07	1.76322632591e-06	2.27216979935e-07	3.13923322238e-06	8.77204654388e-07	3.9533062485e-06	2.28938838293e-06	0.0	3.09770571214e-06	-2.92018823745e-06	1.30000108565e-06	-1.28711912031e-06	2.44016209546e-06	-1.89549642272e-06	2.57765956189e-06	-1.39430173717e-06	4.73460409955e-06	187.110443012	187.640205175	188.169967338	188.6997295	189.229491663	189.759253826	190.289015988	190.818778151	191.348540313	191.878302476	-11.0624264498	-11.1580012408	-11.2535760318	-11.3491508228	-11.4447256139	-11.5403004049	-11.6358751959	-11.7314499869	-11.827024778	-11.922599569	1.74928709942	1.74928709942	1.74928709942	1.74928709942	1.74928709942	1.74928709942	1.74928709942	1.74928709942	1.74928709942	1.74928709942	
3.05	159.225412507	160.418782508	161.61215251	162.805522511	163.998892512	165.192262513	166.385632514	167.579002515	168.772372516	169.965742517	0.0	0.0	3.69670906897e-06	2.11844028951e-07	1.76322632591e-06	2.27216979935e-07	3.13923322238e-06	8.77204654388e-07	3.9533062485e-06	2.28938838293e-06	0.0	3.09770571214e-06	-2.92018823745e-06	1.30000108565e-06	-1.28711912031e-06	2.44016209546e-06	-1.89549642272e-06	2.57765956189e-06	-1.39430173717e-06	4.73460409955e-06	187.110443012	187.640205175	188.169967338	188.6997295	189.229491663	189.759253826	190.289015988	190.818778151	191.348540313	191.878302476	-11.0624264498	-11.1580012408	-11.2535760318	-11.3491508228	-11.4447256139	-11.5403004049	-11.6358751959	-11.7314499869	-11.827024778	-11.922599569	1.74928709942	1.74928709942	1.74928709942	1.74928709942	1.74928709942	1.74928709942	1.74928709942	1.74928709942	1.74928709942	1.74928709942	
3.06666666667	160.508950009	161.63365001	162.758350011	163.883050012	165.007750014	166.132450015	167.257150016	168.381850017	169.506550018	170.63125002	0.0	0.0	7.84664702018e-07	2.31851628522e-06	3.73003472737e-06	3.9326468063e-06	4.10271244294e-06	2.83908093852e-06	2.16477572587e-06	1.48567427615e-06	0.0	6.97665778593e-07	1.36378730468e-06	1.25501772975e-06	1.80147664901e-07	1.51209777243e-07	-1.1235276101e-06	-5.99542288549e-07	-6.03806747569e-07	-1.64587370254e-07	187.735936062	188.276711745	188.817487429	189.358263112	189.899038795	190.439814478	190.980590161	191.521365844	192.062141527	192.60291721	-11.1752721224	-11.272833871	-11.3703956197	-11.4679573683	-11.565519117	-11.6630808656	-11.7606426143	-11.8582043629	-11.9557661116	-12.0533278602	1.74928709958	1.74928709958	1.74928709958	1.74928709958	1.74928709958	1.74928709958	1.74928709958	1.74928709958	1.74928709958	1.74928709958	
3.08333333333	160.508950009	161.63365001	162.758350011	163.883050012	165.007750014	166.132450015	167.257150016	168.381850017	169.506550018	170.63125002	0.0	0.0	7.84664702018e-07	2.31851628522e-06	3.73003472737e-06	3.9326468063e-06	4.10271244294e-06	2.83908093852e-06	2.16477572587e-06	1.48567427615e-06	0.0	6.97665778593e-07	1.36378730468e-06	1.25501772975e-06	1.80147664901e-07	1.51209777243e-07	-1.1235276101e-06	-5.99542288549e-07	-6.03806747569e-07	-1.64587370254e-07	187.735936062	188.276711745	188.817487429	189.358263112	189.899038795	190.439814478	190.980590161	191.521365844	192.062141527	192.60291721	-11.1752721224	-11.272833871	-11.3703956197	-11.4679573683	-11.565519117	-11.6630808656	-11.7606426143	-11.8582043629	-11.9557661116	-12.0533278602	1.74928709958	1.74928709958	1.74928709958	1.74928709958	1.74928709958	1.74928709958	1.74928709958	1.74928709958	1.74928709958	1.74928709958	
3.1	160.508950009	161.63365001	162.758350011	163.883050012	165.007750014	166.132450015	167.257150016	168.381850017	169.506550018	170.63125002	0.0	0.0	7.84664702018e-07	2.31851628522e-06	3.73003472737e-06	3.9326468063e-06	4.10271244294e-06	2.83908093852e-06	2.16477572587e-06	1.48567427615e-06	0.0	6.97665778593e-07	1.36378730468e-06	1.25501772975e-06	1.80147664901e-07	1.51209777243e-07	-1.1235276101e-06	-5.99542288549e-07	-6.03806747569e-07	-1.64587370254e-07	187.735936062	188.276711745	188.817487429	189.358263112	189.899038795	190.439814478	190.980590161	191.521365844	192.062141527	192.60291721	-11.1752721224	-11.272833871	-11.3703956197	-11.4679573683	-11.565519117	-11.6630808656	-11.7606426143	-11.8582043629	-11.9557661116	-12.0533278602	1.74928709958	1.74928709958	1.74928709958	1.74928709958	1.74928709958	1.74928709958	1.74928709958	1.74928709958	1.74928709958	1.74928709958	
3.11666666667	160.508950009	161.63365001	162.758350011	163.883050012	165.007750014	166.132450015	167.257150016	168.381850017	169.506550018	170.63125002	0.0	0.0	7.84664702018e-07	2.31851628522e-06	3.73003472737e-06	3.9326468063e-06	4.10271244294e-06	2.83908093852e-06	2.16477572587e-06	1.48567427615e-06	0.0	6.97665778593e-07	1.36378730468e-06	1.25501772975e-06	1.80147664901e-07	1.51209777243e-07	-1.1235276101e-06	-5.99542288549e-07	-6.03806747569e-07	-1.64587370254e-07	187.735936062	188.276711745	188.817487429	189.358263112	189.899038795	190.439814478	190.980590161	191.521365844	192.062141527	192.60291721	-11.1752721224	-11.272833871	-11.3703956197	-11.4679573683	-11.565519117	-11.6630808656	-11.7606426143	-11.8582043629	-11.9557661116	-12.0533278602	1.74928709958	1.74928709958	1.74928709958	1.74928709958	1.74928709958	1.74928709958	1.74928709958	1.74928709958	1.74928709958	1.74928709958	
3.13333333333	160.508950009	161.63365001	162.758350011	163.883050012	165.007750014	166.132450015	167.257150016	168.381850017	169.506550018	170.63125002	0.0	0.0	7.84664702018e-07	2.31851628522e-06	3.73003472737e-06	3.9326468063e-06	4.10271244294e-06	2.83908093852e-06	2.16477572587e-06	1.48567427615e-06	0.0	6.97665778593e-07	1.36378730468e-06	1.25501772975e-06	1.80147664901e-07	1.51209777243e-07	-1.1235276101e-06	-5.99542288549e-07	-6.03806747569e-07	-1.64587370254e-07	187.735936062	188.276711745	188.817487429	189.358263112	189.899038795	190.439814478	190.980590161	191.521365844	192.062141527	192.60291721	-11.1752721224	-11.272833871	-11.3703956197	-11.4679573683	-11.565519117	-11.6630808656	-11.7606426143	-11.8582043629	-11.9557661116	-12.0533278602	1.74928709958	1.74928709958	1.74928709958	1.74928709958	1.74928709958	1.74928709958	1.74928709958	1.74928709958	1.74928709958	1.74928709958	
3.15	160.508950009	161.63365001	162.758350011	163.883050012	165.007750014	166.132450015	167.257150016	168.381850017	169.506550018	170.63125002	0.0	0.0	7.84664702018e-07	2.31851628522e-06	3.73003472737e-06	3.9326468063e-06	4.10271244294e-06	2.83908093852e-06	2.16477572587e-06	1.48567427615e-06	0.0	6.97665778593e-07	1.36378730468e-06	1.25501772975e-06	1.80147664901e-07	1.51209777243e-07	-1.1235276101e-06	-5.99542288549e-07	-6.03806747569e-07	-1.64587370254e-07	187.735936062	188.276711745	188.817487429	189.358263112	189.899038795	190.439814478	190.980590161	191.521365844	192.062141527	192.60291721	-11.1752721224	-11.272833871	-11.3703956197	-11.4679573683	-11.565519117	-11.6630808656	-11.7606426143	-11.8582043629	-11.9557661116	-12.0533278602	1.74928709958	1.74928709958	1.74928709958	1.74928709958	1.74928709958	1.74928709958	1.74928709958	1.74928709958	1.74928709958	1.74928709958	
3.16666666667	161.54536001	162.611200011	163.677040012	164.742880014	165.808720015	166.874560016	167.940400017	169.006240018	170.07208002	171.137920021	0.0	0.0	-7.12217871245e-06	-6.69961084953e-06	-1.28116293888e-05	-9.14404939999e-06	-1.37892262385e-05	-9.77971262515e-06	-1.46813483898e-05	-7.50320532153e-06	0.0	-6.68222125692e-06	3.9646463113e-07	-5.73446158184e-06	3.44102302847e-06	-4.35823091018e-06	3.76183442999e-06	-4.59884763114e-06	6.7347285336e-06	-3.61060626748e-06	188.281828993	188.83128367	189.380738346	189.930193023	190.4796477	191.029102377	191.578557053	192.12801173	192.677466407	193.226921083	-11.2737570776	-11.37288461	-11.4720121424	-11.5711396749	-11.6702672073	-11.7693947398	-11.8685222722	-11.9676498047	-12.0667773371	-12.1659048696	1.74928709962	1.74928709962	1.74928709962	1.74928709962	1.74928709962	1.74928709962	1.74928709962	1.74928709962	1.74928709962	1.74928709962	
3.18333333333	161.54536001	162.611200011	163.677040012	164.742880014	165.808720015	166.874560016	167.940400017	169.006240018	170.07208002	171.137920021	0.0	0.0	-7.12217871245e-06	-6.69961084953e-06	-1.28116293888e-05	-9.14404939999e-06	-1.37892262385e-05	-9.77971262515e-06	-1.46813483898e-05	-7.50320532153e-06	0.0	-6.68222125692e-06	3.9646463113e-07	-5.73446158184e-06	3.44102302847e-06	-4.35823091018e-06	3.76183442999e-06	-4.59884763114e-06	6.7347285336e-06	-3.61060626748e-06	188.281828993	188.83128367	189.380738346	189.930193023	190.4796477	191.029102377	191.578557053	192.12801173	192.677466407	193.226921083	-11.2737570776	-11.37288461	-11.4720121424	-11.5711396749	-11.6702672073	-11.7693947398	-11.8685222722	-11.9676498047	-12.0667773371	-12.1659048696	1.74928709962	1.74928709962	1.74928709962	1.74928709962	1.74928709962	1.74928709962	1.74928709962	1.74928709962	1.74928709962	1.74928709962	
3.2	161.54536001	162.611200011	163.677040012	164.742880014	165.808720015	166.874560016	167.940400017	169.006240018	170.07208002	171.137920021	0.0	0.0	-7.12217871245e-06	-6.69961084953e-06	-1.28116293888e-05	-9.14404939999e-06	-1.37892262385e-05	-9.77971262515e-06	-1.46813483898e-05	-7.50320532153e-06	0.0	-6.68222125692e-06	3.9646463113e-07	-5.73446158184e-06	3.44102302847e-06	-4.35823091018e-06	3.76183442999e-06	-4.59884763114e-06	6.7347285336e-06	-3.61060626748e-06	188.281828993	188.83128367	189.380738346	189.930193023	190.4796477	191.029102377	191.578557053	192.12801173	192.677466407	193.226921083	-11.2737570776	-11.37288461	-11.4720121424	-11.5711396749	-11.6702672073	-11.7693947398	-11.8685222722	-11.9676498047	-12.0667773371	-12.1659048696	1.74928709962	1.74928709962	1.74928709962	1.74928709962	1.74928709962	1.74928709962	1.74928709962	1.74928709962	1.74928709962	1.74928709962	
3.21666666667	161.54536001	162.611200011	163.677040012	164.742880014	165.808720015	166.874560016	167.940400017	169.006240018	170.07208002	171.137920021	0.0	0.0	-7.12217871245e-06	-6.69961084953e-06	-1.28116293888e-05	-9.14404939999e-06	-1.37892262385e-05	-9.77971262515e-06	-1.46813483898e-05	-7.50320532153e-06	0.0	-6.68222125692e-06	3.9646463113e-07	-5.73446158184e-06	3.44102302847e-06	-4.35823091018e-06	3.76183442999e-06	-4.59884763114e-06	6.7347285336e-06	-3.61060626748e-06	188.281828993	188.83128367	189.380738346	189.930193023	190.4796477	191.029102377	191.578557053	192.12801173	192.677466407	193.226921083	-11.2737570776	-11.37288461	-11.4720121424	-11.5711396749	-11.6702672073	-11.7693947398	-11.8685222722	-11.9676498047	-12.0667773371	-12.1659048696	1.74928709962	1.74928709962	1.74928709962	1.74928709962	1.74928709962	1.74928709962	1.74928709962	1.74928709962	1.74928709962	1.74928709962	
3.23333333333	161.54536001	162.611200011	163.677040012	164.742880014	165.808720015	166.874560016	167.940400017	169.006240018	170.07208002	171.137920021	0.0	0.0	-7.12217871245e-06	-6.69961084953e-06	-1.28116293888e-05	-9.14404939999e-06	-1.37892262385e-05	-9.77971262515e-06	-1.46813483898e-05	-7.50320532153e-06	0.0	-6.68222125692e-06	3.9646463113e-07	-5.73446158184e-06	3.44102302847e-06	-4.35823091018e-06	3.76183442999e-06	-4.59884763114e-06	6.7347285336e-06	-3.61060626748e-06	188.281828993	188.83128367	189.380738346	189.930193023	190.4796477	191.029102377	191.578557053	192.12801173	192.677466407	193.226921083	-11.2737570776	-11.37288461	-11.4720121424	-11.5711396749	-11.6702672073	-11.7693947398	-11.8685222722	-11.9676498047	-12.0667773371	-12.1659048696	1.74928709962	1.74928709962	1.74928709962	1.74928709962	1.74928709962	1.74928709962	1.74928709962	1.74928709962	1.74928709962	1.74928709962	
3.25	161.54536001	162.611200011	163.677040012	164.742880014	165.808720015	166.874560016	167.940400017	169.006240018	170.07208002	171.137920021	0.0	0.0	-7.12217871245e-06	-6.69961084953e-06	-1.28116293888e-05	-9.14404939999e-06	-1.37892262385e-05	-9.77971262515e-06	-1.46813483898e-05	-7.50320532153e-06	0.0	-6.68222125692e-06	3.9646463113e-07	-5.73446158184e-06	3.44102302847e-06	-4.35823091018e-06	3.76183442999e-06	-4.59884763114e-06	6.7347285336e-06	-3.61060626748e-06	188.281828993	188.83128367	189.380738346	189.930193023	190.4796477	191.029102377	191.578557053	192.12801173	192.677466407	193.226921083	-11.2737570776	-11.37288461	-11.4720121424	-11.5711396749	-11.6702672073	-11.7693947398	-11.8685222722	-11.9676498047	-12.0667773371	-12.1659048696	1.74928709962	1.74928709962	1.74928709962	1.74928709962	1.74928709962	1.74928709962	1.74928709962	1.74928709962	1.74928709962	1.74928709962	
3.26666666667	162.522910012	163.529890014	164.536870015	165.543850017	166.550830018	167.55781002	168.564790022	169.571770023	170.578750025	171.585730026	0.0	0.0	3.99030956927e-06	-3.39601908638e-06	-5.81598236569e-06	-1.97912173758e-05	-2.64731441128e-05	-4.14426547717e-05	-4.64041379958e-05	-5.90670792568e-05	0.0	3.96265026396e-06	-7.33512944024e-06	-2.40318901606e-06	-1.38783640071e-05	-6.63561016728e-06	-1.48657477161e-05	-4.92709211311e-06	-1.25751665781e-05	-2.93878791986e-06	188.836019227	189.393505541	189.950991855	190.508478168	191.065964482	191.623450795	192.180937109	192.738423422	193.295909736	193.853396049	-11.3737389555	-11.4743154816	-11.5748920078	-11.6754685339	-11.77604506	-11.8766215861	-11.9771981122	-12.0777746383	-12.1783511644	-12.2789276905	1.74928709964	1.74928709964	1.74928709964	1.74928709964	1.74928709964	1.74928709964	1.74928709964	1.74928709964	1.74928709964	1.74928709964	
3.28333333333	162.522910012	163.529890014	164.536870015	165.543850017	166.550830018	167.55781002	168.564790022	169.571770023	170.578750025	171.585730026	0.0	0.0	3.99030956927e-06	-3.39601908638e-06	-5.81598236569e-06	-1.97912173758e-05	-2.64731441128e-05	-4.14426547717e-05	-4.64041379958e-05	-5.90670792568e-05	0.0	3.96265026396e-06	-7.33512944024e-06	-2.40318901606e-06	-1.38783640071e-05	-6.63561016728e-06	-1.48657477161e-05	-4.92709211311e-06	-1.25751665781e-05	-2.93878791986e-06	188.836019227	189.393505541	189.950991855	190.508478168	191.065964482	191.623450795	192.180937109	192.738423422	193.295909736	193.853396049	-11.3737389555	-11.4743154816	-11.5748920078	-11.6754685339	-11.77604506	-11.8766215861	-11.9771981122	-12.0777746383	-12.1783511644	-12.2789276905	1.74928709964	1.74928709964	1.74928709964	1.74928709964	1.74928709964	1.74928709964	1.74928709964	1.74928709964	1.74928709964	1.74928709964	
3.3	162.522910012	163.529890014	164.536870015	165.543850017	166.550830018	167.55781002	168.564790022	169.571770023	170.578750025	171.585730026	0.0	0.0	3.99030956927e-06	-3.39601908638e-06	-5.81598236569e-06	-1.97912173758e-05	-2.64731441128e-05	-4.14426547717e-05	-4.64041379958e-05	-5.90670792568e-05	0.0	3.96265026396e-06	-7.33512944024e-06	-2.40318901606e-06	-1.38783640071e-05	-6.63561016728e-06	-1.48657477161e-05	-4.92709211311e-06	-1.25751665781e-05	-2.93878791986e-06	188.836019227	189.393505541	189.950991855	190.508478168	191.065964482	191.623450795	192.180937109	192.738423422	193.295909736	193.853396049	-11.3737389555	-11.4743154816	-11.5748920078	-11.6754685339	-11.77604506	-11.8766215861	-11.9771981122	-12.0777746383	-12.1783511644	-12.2789276905	1.74928709964	1.74928709964	1.74928709964	1.74928709964	1.74928709964	1.74928709964	1.74928709964	1.74928709964	1.74928709964	1.74928709964	
3.31666666667	162.522910012	163.529890014	164.536870015	165.543850017	166.550830018	167.55781002	168.564790022	169.571770023	170.578750025	171.585730026	0.0	0.0	3.99030956927e-06	-3.39601908638e-06	-5.81598236569e-06	-1.97912173758e-05	-2.64731441128e-05	-4.14426547717e-05	-4.64041379958e-05	-5.90670792568e-05	0.0	3.96265026396e-06	-7.33512944024e-06	-2.40318901606e-06	-1.38783640071e-05	-6.63561016728e-06	-1.48657477161e-05	-4.92709211311e-06	-1.25751665781e-05	-2.93878791986e-06	188.836019227	189.393505541	189.950991855	190.508478168	191.065964482	191.623450795	192.180937109	192.738423422	193.295909736	193.853396049	-11.3737389555	-11.4743154816	-11.5748920078	-11.6754685339	-11.77604506	-11.8766215861	-11.9771981122	-12.0777746383	-12.1783511644	-12.2789276905	1.74928709964	1.74928709964	1.74928709964	1.74928709964	1.74928709964	1.74928709964	1.74928709964	1.74928709964	1.74928709964	1.74928709964	
3.33333333333	162.522910012	163.529890014	164.536870015	165.543850017	166.550830018	167.55781002	168.564790022	169.571770023	170.578750025	171.585730026	0.0	0.0	3.99030956927e-06	-3.39601908638e-06	-5.81598236569e-06	-1.97912173758e-05	-2.64731441128e-05	-4.14426547717e-05	-4.64041379958e-05	-5.90670792568e-05	0.0	3.96265026396e-06	-7.33512944024e-06	-2.40318901606e-06	-1.38783640071e-05	-6.63561016728e-06	-1.48657477161e-05	-4.92709211311e-06	-1.25751665781e-05	-2.93878791986e-06	188.836019227	189.393505541	189.950991855	190.508478168	191.065964482	191.623450795	192.180937109	192.738423422	193.295909736	193.853396049	-11.3737389555	-11.4743154816	-11.5748920078	-11.6754685339	-11.77604506	-11.8766215861	-11.9771981122	-12.0777746383	-12.1783511644	-12.2789276905	1.74928709964	1.74928709964	1.74928709964	1.74928709964	1.74928709964	1.74928709964	1.74928709964	1.74928709964	1.74928709964	1.74928709964	
3.35	162.522910012	163.529890014	164.536870015	165.543850017	166.550830018	167.55781002	168.564790022	169.571770023	170.578750025	171.585730026	0.0	0.0	3.99030956927e-06	-3.39601908638e-06	-5.81598236569e-06	-1.97912173758e-05	-2.64731441128e-05	-4.14426547717e-05	-4.64041379958e-05	-5.90670792568e-05	0.0	3.96265026396e-06	-7.33512944024e-06	-2.40318901606e-06	-1.38783640071e-05	-6.63561016728e-06	-1.48657477161e-05	-4.92709211311e-06	-1.25751665781e-05	-2.93878791986e-06	188.836019227	189.393505541	189.950991855	190.508478168	191.065964482	191.623450795	192.180937109	192.738423422	193.295909736	193.853396049	-11.3737389555	-11.4743154816	-11.5748920078	-11.6754685339	-11.77604506	-11.8766215861	-11.9771981122	-12.0777746383	-12.1783511644	-12.2789276905	1.74928709964	1.74928709964	1.74928709964	1.74928709964	1.74928709964	1.74928709964	1.74928709964	1.74928709964	1.74928709964	1.74928709964	
3.36666666667	163.441600014	164.389720016	165.337840017	166.285960019	167.234080021	168.182200023	169.130320024	170.078440026	171.026560028	171.97468003	0.0	0.0	4.55067162917e-06	6.10963589567e-06	9.99718334431e-06	1.01912218107e-05	1.53141453702e-05	1.47742021338e-05	1.95336725676e-05	1.85446736675e-05	0.0	4.79967896542e-06	1.64426893599e-06	4.10026941885e-06	2.04656020357e-07	5.40324384043e-06	-5.69488287809e-07	5.01990299217e-06	-1.04311574299e-06	6.19848667988e-06	189.397887878	189.962806758	190.527725637	191.092644516	191.657563396	192.222482275	192.787401154	193.352320034	193.917238913	194.482157792	-11.4751061025	-11.5770235434	-11.6789409843	-11.7808584252	-11.8827758661	-11.984693307	-12.0866107479	-12.1885281888	-12.2904456297	-12.3923630706	1.74928709964	1.74928709964	1.74928709964	1.74928709964	1.74928709964	1.74928709964	1.74928709964	1.74928709964	1.74928709964	1.74928709964	
3.38333333333	163.441600014	164.389720016	165.337840017	166.285960019	167.234080021	168.182200023	169.130320024	170.078440026	171.026560028	171.97468003	0.0	0.0	4.55067162917e-06	6.10963589567e-06	9.99718334431e-06	1.01912218107e-05	1.53141453702e-05	1.47742021338e-05	1.95336725676e-05	1.85446736675e-05	0.0	4.79967896542e-06	1.64426893599e-06	4.10026941885e-06	2.04656020357e-07	5.40324384043e-06	-5.69488287809e-07	5.01990299217e-06	-1.04311574299e-06	6.19848667988e-06	189.397887878	189.962806758	190.527725637	191.092644516	191.657563396	192.222482275	192.787401154	193.352320034	193.917238913	194.482157792	-11.4751061025	-11.5770235434	-11.6789409843	-11.7808584252	-11.8827758661	-11.984693307	-12.0866107479	-12.1885281888	-12.2904456297	-12.3923630706	1.74928709964	1.74928709964	1.74928709964	1.74928709964	1.74928709964	1.74928709964	1.74928709964	1.74928709964	1.74928709964	1.74928709964	
3.4	163.441600014	164.389720016	165.337840017	166.285960019	167.234080021	168.182200023	169.130320024	170.078440026	171.026560028	171.97468003	0.0	0.0	4.55067162917e-06	6.10963589567e-06	9.99718334431e-06	1.01912218107e-05	1.53141453702e-05	1.47742021338e-05	1.95336725676e-05	1.85446736675e-05	0.0	4.79967896542e-06	1.64426893599e-06	4.10026941885e-06	2.04656020357e-07	5.40324384043e-06	-5.69488287809e-07	5.01990299217e-06	-1.04311574299e-06	6.19848667988e-06	189.397887878	189.962806758	190.527725637	191.092644516	191.657563396	192.222482275	192.787401154	193.352320034	193.917238913	194.482157792	-11.4751061025	-11.5770235434	-11.6789409843	-11.7808584252	-11.8827758661	-11.984693307	-12.0866107479	-12.1885281888	-12.2904456297	-12.3923630706	1.74928709964	1.74928709964	1.74928709964	1.74928709964	1.74928709964	1.74928709964	1.74928709964	1.74928709964	1.74928709964	1.74928709964	
3.41666666667	163.441600014	164.389720016	165.337840017	166.285960019	167.234080021	168.182200023	169.130320024	170.078440026	171.026560028	171.97468003	0.0	0.0	4.55067162917e-06	6.10963589567e-06	9.99718334431e-06	1.01912218107e-05	1.53141453702e-05	1.47742021338e-05	1.95336725676e-05	1.85446736675e-05	0.0	4.79967896542e-06	1.64426893599e-06	4.10026941885e-06	2.04656020357e-07	5.40324384043e-06	-5.69488287809e-07	5.01990299217e-06	-1.04311574299e-06	6.19848667988e-06	189.397887878	189.962806758	190.527725637	191.092644516	191.657563396	192.222482275	192.787401154	193.352320034	193.917238913	194.482157792	-11.4751061025	-11.5770235434	-11.6789409843	-11.7808584252	-11.8827758661	-11.984693307	-12.0866107479	-12.1885281888	-12.2904456297	-12.3923630706	1.74928709964	1.74928709964	1.74928709964	1.74928709964	1.74928709964	1.74928709964	1.74928709964	1.74928709964	1.74928709964	1.74928709964	
3.43333333333	163.441600014	164.389720016	165.337840017	166.285960019	167.234080021	168.182200023	169.130320024	170.078440026	171.026560028	171.97468003	0.0	0.0	4.55067162917e-06	6.10963589567e-06	9.99718334431e-06	1.01912218107e-05	1.53141453702e-05	1.47742021338e-05	1.95336725676e-05	1.85446736675e-05	0.0	4.79967896542e-06	1.64426893599e-06	4.10026941885e-06	2.04656020357e-07	5.40324384043e-06	-5.69488287809e-07	5.01990299217e-06	-1.04311574299e-06	6.19848667988e-06	189.397887878	189.962806758	190.527725637	191.092644516	191.657563396	192.222482275	192.787401154	193.352320034	193.917238913	194.482157792	-11.4751061025	-11.5770235434	-11.6789409843	-11.7808584252	-11.8827758661	-11.984693307	-12.0866107479	-12.1885281888	-12.2904456297	-12.3923630706	1.74928709964	1.74928709964	1.74928709964	1.74928709964	1.74928709964	1.74928709964	1.74928709964	1.74928709964	1.74928709964	1.74928709964	
3.45	163.441600014	164.389720016	165.337840017	166.285960019	167.234080021	168.182200023	169.130320024	170.078440026	171.026560028	171.97468003	0.0	0.0	4.55067162917e-06	6.10963589567e-06	9.99718334431e-06	1.01912218107e-05	1.53141453702e-05	1.47742021338e-05	1.95336725676e-05	1.85446736675e-05	0.0	4.79967896542e-06	1.64426893599e-06	4.10026941885e-06	2.04656020357e-07	5.40324384043e-06	-5.69488287809e-07	5.01990299217e-06	-1.04311574299e-06	6.19848667988e-06	189.397887878	189.962806758	190.527725637	191.092644516	191.657563396	192.222482275	192.787401154	193.352320034	193.917238913	194.482157792	-11.4751061025	-11.5770235434	-11.6789409843	-11.7808584252	-11.8827758661	-11.984693307	-12.0866107479	-12.1885281888	-12.2904456297	-12.3923630706	1.74928709964	1.74928709964	1.74928709964	1.74928709964	1.74928709964	1.74928709964	1.74928709964	1.74928709964	1.74928709964	1.74928709964	
3.46666666667	164.301430016	165.190690018	166.07995002	166.969210022	167.858470024	168.747730025	169.636990027	170.526250029	171.415510031	172.304770033	0.0	0.0	-4.72491247561e-07	3.1834813942e-06	5.23831922748e-06	1.10859948063e-05	1.48012667347e-05	2.16744198897e-05	2.6361635411e-05	3.38791478081e-05	0.0	-5.31330821725e-07	4.11125276497e-06	2.31072782851e-06	6.57588957799e-06	4.17793662173e-06	7.7290703957e-06	5.27091684209e-06	8.45367202035e-06	5.30619967005e-06	189.966862221	190.53865928	191.110456338	191.682253396	192.254050454	192.825847512	193.39764457	193.969441628	194.541238686	195.113035744	-11.5777551926	-11.6809135309	-11.7840718693	-11.8872302076	-11.9903885459	-12.0935468842	-12.1967052225	-12.2998635608	-12.4030218991	-12.5061802374	1.74928709965	1.74928709965	1.74928709965	1.74928709965	1.74928709965	1.74928709965	1.74928709965	1.74928709965	1.74928709965	1.74928709965	
3.48333333333	164.301430016	165.190690018	166.07995002	166.969210022	167.858470024	168.747730025	169.636990027	170.526250029	171.415510031	172.304770033	0.0	0.0	-4.72491247561e-07	3.1834813942e-06	5.23831922748e-06	1.10859948063e-05	1.48012667347e-05	2.16744198897e-05	2.6361635411e-05	3.38791478081e-05	0.0	-5.31330821725e-07	4.11125276497e-06	2.31072782851e-06	6.57588957799e-06	4.17793662173e-06	7.7290703957e-06	5.27091684209e-06	8.45367202035e-06	5.30619967005e-06	189.966862221	190.53865928	191.110456338	191.682253396	192.254050454	192.825847512	193.39764457	193.969441628	194.541238686	195.113035744	-11.5777551926	-11.6809135309	-11.7840718693	-11.8872302076	-11.9903885459	-12.0935468842	-12.1967052225	-12.2998635608	-12.4030218991	-12.5061802374	1.74928709965	1.74928709965	1.74928709965	1.74928709965	1.74928709965	1.74928709965	1.74928709965	1.74928709965	1.74928709965	1.74928709965	
3.5	164.301430016	165.190690018	166.07995002	166.969210022	167.858470024	168.747730025	169.636990027	170.526250029	171.415510031	172.304770033	0.0	0.0	-4.72491247561e-07	3.1834813942e-06	5.23831922748e-06	1.10859948063e-05	1.48012667347e-05	2.16744198897e-05	2.6361635411e-05	3.38791478081e-05	0.0	-5.31330821725e-07	4.11125276497e-06	2.31072782851e-06	6.57588957799e-06	4.17793662173e-06	7.7290703957e-06	5.27091684209e-06	8.45367202035e-06	5.30619967005e-06	189.966862221	190.53865928	191.110456338	191.682253396	192.254050454	192.825847512	193.39764457	193.969441628	194.541238686	195.113035744	-11.5777551926	-11.6809135309	-11.7840718693	-11.8872302076	-11.9903885459	-12.0935468842	-12.1967052225	-12.2998635608	-12.4030218991	-12.5061802374	1.74928709965	1.74928709965	1.74928709965	1.74928709965	1.74928709965	1.74928709965	1.74928709965	1.74928709965	1.74928709965	1.74928709965	
3.51666666667	164.301430016	165.190690018	166.07995002	166.969210022	167.858470024	168.747730025	169.636990027	170.526250029	171.415510031	172.304770033	0.0	0.0	-4.72491247561e-07	3.1834813942e-06	5.23831922748e-06	1.10859948063e-05	1.48012667347e-05	2.16744198897e-05	2.6361635411e-05	3.38791478081e-05	0.0	-5.31330821725e-07	4.11125276497e-06	2.31072782851e-06	6.57588957799e-06	4.17793662173e-06	7.7290703957e-06	5.27091684209e-06	8.45367202035e-06	5.30619967005e-06	189.966862221	190.53865928	191.110456338	191.682253396	192.254050454	192.825847512	193.39764457	193.969441628	194.541238686	195.113035744	-11.5777551926	-11.6809135309	-11.7840718693	-11.8872302076	-11.9903885459	-12.0935468842	-12.1967052225	-12.2998635608	-12.4030218991	-12.5061802374	1.74928709965	1.74928709965	1.74928709965	1.74928709965	1.74928709965	1.74928709965	1.74928709965	1.74928709965	1.74928709965	1.74928709965	
3.53333333333	164.301430016	165.190690018	166.07995002	166.969210022	167.858470024	168.747730025	169.636990027	170.526250029	171.415510031	172.304770033	0.0	0.0	-4.72491247561e-07	3.1834813942e-06	5.23831922748e-06	1.10859948063e-05	1.48012667347e-05	2.16744198897e-05	2.6361635411e-05	3.38791478081e-05	0.0	-5.31330821725e-07	4.11125276497e-06	2.31072782851e-06	6.57588957799e-06	4.17793662173e-06	7.7290703957e-06	5.27091684209e-06	8.45367202035e-06	5.30619967005e-06	189.966862221	190.53865928	191.110456338	191.682253396	192.254050454	192.825847512	193.39764457	193.969441628	194.541238686	195.113035744	-11.5777551926	-11.6809135309	-11.7840718693	-11.8872302076	-11.9903885459	-12.0935468842	-12.1967052225	-12.2998635608	-12.4030218991	-12.5061802374	1.74928709965	1.74928709965	1.74928709965	1.74928709965	1.74928709965	1.74928709965	1.74928709965	1.74928709965	1.74928709965	1.74928709965	
3.55	164.301430016	165.190690018	166.07995002	166.969210022	167.858470024	168.747730025	169.636990027	170.526250029	171.415510031	172.304770033	0.0	0.0	-4.72491247561e-07	3.1834813942e-06	5.23831922748e-06	1.10859948063e-05	1.48012667347e-05	2.16744198897e-05	2.6361635411e-05	3.38791478081e-05	0.0	-5.31330821725e-07	4.11125276497e-06	2.31072782851e-06	6.57588957799e-06	4.17793662173e-06	7.7290703957e-06	5.27091684209e-06	8.45367202035e-06	5.30619967005e-06	189.966862221	190.53865928	191.110456338	191.682253396	192.254050454	192.825847512	193.39764457	193.969441628	194.541238686	195.113035744	-11.5777551926	-11.6809135309	-11.7840718693	-11.8872302076	-11.9903885459	-12.0935468842	-12.1967052225	-12.2998635608	-12.4030218991	-12.5061802374	1.74928709965	1.74928709965	1.74928709965	1.74928709965	1.74928709965	1.74928709965	1.74928709965	1.74928709965	1.74928709965	1.74928709965	
3.56666666667	164.301430016	165.190690018	166.07995002	166.969210022	167.858470024	168.747730025	169.636990027	170.526250029	171.415510031	172.304770033	0.0	0.0	-4.72491247561e-07	3.1834813942e-06	5.23831922748e-06	1.10859948063e-05	1.48012667347e-05	2.16744198897e-05	2.6361635411e-05	3.38791478081e-05	0.0	-5.31330821725e-07	4.11125276497e-06	2.31072782851e-06	6.57588957799e-06	4.17793662173e-06	7.7290703957e-06	5.27091684209e-06	8.45367202035e-06	5.30619967005e-06	189.966862221	190.53865928	191.110456338	191.682253396	192.254050454	192.825847512	193.39764457	193.969441628	194.541238686	195.113035744	-11.5777551926	-11.6809135309	-11.7840718693	-11.8872302076	-11.9903885459	-12.0935468842	-12.1967052225	-12.2998635608	-12.4030218991	-12.5061802374	1.74928709965	1.74928709965	1.74928709965	1.74928709965	1.74928709965	1.74928709965	1.74928709965	1.74928709965	1.74928709965	1.74928709965	
3.58333333333	165.230172518	166.05076252	166.871352522	167.691942524	168.512532526	169.333122528	170.15371253	170.974302532	171.794892534	172.615482536	0.0	0.0	-4.88127856827e-07	-5.93255987459e-07	-1.44323954562e-06	-1.43734147652e-06	-2.26649334253e-06	-2.25566063029e-06	-3.23337603603e-06	-3.15443520746e-06	0.0	-5.9484987103e-07	-1.28112858288e-07	-1.03582002723e-06	7.18759561775e-09	-1.01043379038e-06	1.32011262769e-08	-1.19147857446e-06	9.62000857713e-08	-7.39824815827e-07	190.638941569	191.218117478	191.797293387	192.376469297	192.955645206	193.534821115	194.113997025	194.693172934	195.272348844	195.851524753	-11.6990055344	-11.8034950968	-11.9079846592	-12.0124742217	-12.1169637841	-12.2214533466	-12.325942909	-12.4304324715	-12.5349220339	-12.6394115963	1.74928709965	1.74928709965	1.74928709965	1.74928709965	1.74928709965	1.74928709965	1.74928709965	1.74928709965	1.74928709965	1.74928709965	
3.6	165.230172518	166.05076252	166.871352522	167.691942524	168.512532526	169.333122528	170.15371253	170.974302532	171.794892534	172.615482536	0.0	0.0	-4.88127856827e-07	-5.93255987459e-07	-1.44323954562e-06	-1.43734147652e-06	-2.26649334253e-06	-2.25566063029e-06	-3.23337603603e-06	-3.15443520746e-06	0.0	-5.9484987103e-07	-1.28112858288e-07	-1.03582002723e-06	7.18759561775e-09	-1.01043379038e-06	1.32011262769e-08	-1.19147857446e-06	9.62000857713e-08	-7.39824815827e-07	190.638941569	191.218117478	191.797293387	192.376469297	192.955645206	193.534821115	194.113997025	194.693172934	195.272348844	195.851524753	-11.6990055344	-11.8034950968	-11.9079846592	-12.0124742217	-12.1169637841	-12.2214533466	-12.325942909	-12.4304324715	-12.5349220339	-12.6394115963	1.74928709965	1.74928709965	1.74928709965	1.74928709965	1.74928709965	1.74928709965	1.74928709965	1.74928709965	1.74928709965	1.74928709965	
3.61666666667	165.230172518	166.05076252	166.871352522	167.691942524	168.512532526	169.333122528	170.15371253	170.974302532	171.794892534	172.615482536	0.0	0.0	-4.88127856827e-07	-5.93255987459e-07	-1.44323954562e-06	-1.43734147652e-06	-2.26649334253e-06	-2.25566063029e-06	-3.23337603603e-06	-3.15443520746e-06	0.0	-5.9484987103e-07	-1.28112858288e-07	-1.03582002723e-06	7.18759561775e-09	-1.01043379038e-06	1.32011262769e-08	-1.19147857446e-06	9.62000857713e-08	-7.39824815827e-07	190.638941569	191.218117478	191.797293387	192.376469297	192.955645206	193.534821115	194.113997025	194.693172934	195.272348844	195.851524753	-11.6990055344	-11.8034950968	-11.9079846592	-12.0124742217	-12.1169637841	-12.2214533466	-12.325942909	-12.4304324715	-12.5349220339	-12.6394115963	1.74928709965	1.74928709965	1.74928709965	1.74928709965	1.74928709965	1.74928709965	1.74928709965	1.74928709965	1.74928709965	1.74928709965	
3.63333333333	165.230172518	166.05076252	166.871352522	167.691942524	168.512532526	169.333122528	170.15371253	170.974302532	171.794892534	172.615482536	0.0	0.0	-4.88127856827e-07	-5.93255987459e-07	-1.44323954562e-06	-1.43734147652e-06	-2.26649334253e-06	-2.25566063029e-06	-3.23337603603e-06	-3.15443520746e-06	0.0	-5.9484987103e-07	-1.28112858288e-07	-1.03582002723e-06	7.18759561775e-09	-1.01043379038e-06	1.32011262769e-08	-1.19147857446e-06	9.62000857713e-08	-7.39824815827e-07	190.638941569	191.218117478	191.797293387	192.376469297	192.955645206	193.534821115	194.113997025	194.693172934	195.272348844	195.851524753	-11.6990055344	-11.8034950968	-11.9079846592	-12.0124742217	-12.1169637841	-12.2214533466	-12.325942909	-12.4304324715	-12.5349220339	-12.6394115963	1.74928709965	1.74928709965	1.74928709965	1.74928709965	1.74928709965	1.74928709965	1.74928709965	1.74928709965	1.74928709965	1.74928709965	
3.65	165.230172518	166.05076252	166.871352522	167.691942524	168.512532526	169.333122528	170.15371253	170.974302532	171.794892534	172.615482536	0.0	0.0	-4.88127856827e-07	-5.93255987459e-07	-1.44323954562e-06	-1.43734147652e-06	-2.26649334253e-06	-2.25566063029e-06	-3.23337603603e-06	-3.15443520746e-06	0.0	-5.9484987103e-07	-1.28112858288e-07	-1.03582002723e-06	7.18759561775e-09	-1.01043379038e-06	1.32011262769e-08	-1.19147857446e-06	9.62000857713e-08	-7.39824815827e-07	190.638941569	191.218117478	191.797293387	192.376469297	192.955645206	193.534821115	194.113997025	194.693172934	195.272348844	195.851524753	-11.6990055344	-11.8034950968	-11.9079846592	-12.0124742217	-12.1169637841	-12.2214533466	-12.325942909	-12.4304324715	-12.5349220339	-12.6394115963	1.74928709965	1.74928709965	1.74928709965	1.74928709965	1.74928709965	1.74928709965	1.74928709965	1.74928709965	1.74928709965	1.74928709965	
3.66666666667	165.230172518	166.05076252	166.871352522	167.691942524	168.512532526	169.333122528	170.15371253	170.974302532	171.794892534	172.615482536	0.0	0.0	-4.88127856827e-07	-5.93255987459e-07	-1.44323954562e-06	-1.43734147652e-06	-2.26649334253e-06	-2.25566063029e-06	-3.23337603603e-06	-3.15443520746e-06	0.0	-5.9484987103e-07	-1.28112858288e-07	-1.03582002723e-06	7.18759561775e-09	-1.01043379038e-06	1.32011262769e-08	-1.19147857446e-06	9.62000857713e-08	-7.39824815827e-07	190.638941569	191.218117478	191.797293387	192.376469297	192.955645206	193.534821115	194.113997025	194.693172934	195.272348844	195.851524753	-11.6990055344	-11.8034950968	-11.9079846592	-12.0124742217	-12.1169637841	-12.2214533466	-12.325942909	-12.4304324715	-12.5349220339	-12.6394115963	1.74928709965	1.74928709965	1.74928709965	1.74928709965	1.74928709965	1.74928709965	1.74928709965	1.74928709965	1.74928709965	1.74928709965	
3.68333333333	165.230172518	166.05076252	166.871352522	167.691942524	168.512532526	169.333122528	170.15371253	170.974302532	171.794892534	172.615482536	0.0	0.0	-4.88127856827e-07	-5.93255987459e-07	-1.44323954562e-06	-1.43734147652e-06	-2.26649334253e-06	-2.25566063029e-06	-3.23337603603e-06	-3.15443520746e-06	0.0	-5.9484987103e-07	-1.28112858288e-07	-1.03582002723e-06	7.18759561775e-09	-1.01043379038e-06	1.32011262769e-08	-1.19147857446e-06	9.62000857713e-08	-7.39824815827e-07	190.638941569	191.218117478	191.797293387	192.376469297	192.955645206	193.534821115	194.113997025	194.693172934	195.272348844	195.851524753	-11.6990055344	-11.8034950968	-11.9079846592	-12.0124742217	-12.1169637841	-12.2214533466	-12.325942909	-12.4304324715	-12.5349220339	-12.6394115963	1.74928709965	1.74928709965	1.74928709965	1.74928709965	1.74928709965	1.74928709965	1.74928709965	1.74928709965	1.74928709965	1.74928709965	
3.7	166.07880002	166.830720022	167.582640024	168.334560026	169.086480028	169.83840003	170.590320032	171.342240034	172.094160036	172.846080038	0.0	0.0	1.55975682012e-06	1.25572003805e-06	2.92541489825e-06	1.70050665761e-06	2.67029117016e-06	2.38538741647e-07	2.47046835827e-07	-1.80606337655e-06	0.0	2.0743653794e-06	-4.04347246091e-07	2.22057513548e-06	-1.62904063925e-06	1.28974426805e-06	-3.23405737606e-06	1.13151587382e-08	-2.73049022112e-06	7.59398498797e-07	191.319198725	191.905115452	192.491032179	193.076948906	193.662865633	194.24878236	194.834699087	195.420615814	196.006532541	196.592449267	-11.8217312408	-11.9274369193	-12.0331425977	-12.1388482761	-12.2445539545	-12.3502596329	-12.4559653113	-12.5616709898	-12.6673766682	-12.7730823466	1.74928709965	1.74928709965	1.74928709965	1.74928709965	1.74928709965	1.74928709965	1.74928709965	1.74928709965	1.74928709965	1.74928709965	
3.71666666667	166.07880002	166.830720022	167.582640024	168.334560026	169.086480028	169.83840003	170.590320032	171.342240034	172.094160036	172.846080038	0.0	0.0	1.55975682012e-06	1.25572003805e-06	2.92541489825e-06	1.70050665761e-06	2.67029117016e-06	2.38538741647e-07	2.47046835827e-07	-1.80606337655e-06	0.0	2.0743653794e-06	-4.04347246091e-07	2.22057513548e-06	-1.62904063925e-06	1.28974426805e-06	-3.23405737606e-06	1.13151587382e-08	-2.73049022112e-06	7.59398498797e-07	191.319198725	191.905115452	192.491032179	193.076948906	193.662865633	194.24878236	194.834699087	195.420615814	196.006532541	196.592449267	-11.8217312408	-11.9274369193	-12.0331425977	-12.1388482761	-12.2445539545	-12.3502596329	-12.4559653113	-12.5616709898	-12.6673766682	-12.7730823466	1.74928709965	1.74928709965	1.74928709965	1.74928709965	1.74928709965	1.74928709965	1.74928709965	1.74928709965	1.74928709965	1.74928709965	
3.73333333333	166.07880002	166.830720022	167.582640024	168.334560026	169.086480028	169.83840003	170.590320032	171.342240034	172.094160036	172.846080038	0.0	0.0	1.55975682012e-06	1.25572003805e-06	2.92541489825e-06	1.70050665761e-06	2.67029117016e-06	2.38538741647e-07	2.47046835827e-07	-1.80606337655e-06	0.0	2.0743653794e-06	-4.04347246091e-07	2.22057513548e-06	-1.62904063925e-06	1.28974426805e-06	-3.23405737606e-06	1.13151587382e-08	-2.73049022112e-06	7.59398498797e-07	191.319198725	191.905115452	192.491032179	193.076948906	193.662865633	194.24878236	194.834699087	195.420615814	196.006532541	196.592449267	-11.8217312408	-11.9274369193	-12.0331425977	-12.1388482761	-12.2445539545	-12.3502596329	-12.4559653113	-12.5616709898	-12.6673766682	-12.7730823466	1.74928709965	1.74928709965	1.74928709965	1.74928709965	1.74928709965	1.74928709965	1.74928709965	1.74928709965	1.74928709965	1.74928709965	
3.75	166.07880002	166.830720022	167.582640024	168.334560026	169.086480028	169.83840003	170.590320032	171.342240034	172.094160036	172.846080038	0.0	0.0	1.55975682012e-06	1.25572003805e-06	2.92541489825e-06	1.70050665761e-06	2.67029117016e-06	2.38538741647e-07	2.47046835827e-07	-1.80606337655e-06	0.0	2.0743653794e-06	-4.04347246091e-07	2.22057513548e-06	-1.62904063925e-06	1.28974426805e-06	-3.23405737606e-06	1.13151587382e-08	-2.73049022112e-06	7.59398498797e-07	191.319198725	191.905115452	192.491032179	193.076948906	193.662865633	194.24878236	194.834699087	195.420615814	196.006532541	196.592449267	-11.8217312408	-11.9274369193	-12.0331425977	-12.1388482761	-12.2445539545	-12.3502596329	-12.4559653113	-12.5616709898	-12.6673766682	-12.7730823466	1.74928709965	1.74928709965	1.74928709965	1.74928709965	1.74928709965	1.74928709965	1.74928709965	1.74928709965	1.74928709965	1.74928709965	
3.76666666667	166.07880002	166.830720022	167.582640024	168.334560026	169.086480028	169.83840003	170.590320032	171.342240034	172.094160036	172.846080038	0.0	0.0	1.55975682012e-06	1.25572003805e-06	2.92541489825e-06	1.70050665761e-06	2.67029117016e-06	2.38538741647e-07	2.47046835827e-07	-1.80606337655e-06	0.0	2.0743653794e-06	-4.04347246091e-07	2.22057513548e-06	-1.62904063925e-06	1.28974426805e-06	-3.23405737606e-06	1.13151587382e-08	-2.73049022112e-06	7.59398498797e-07	191.319198725	191.905115452	192.491032179	193.076948906	193.662865633	194.24878236	194.834699087	195.420615814	196.006532541	196.592449267	-11.8217312408	-11.9274369193	-12.0331425977	-12.1388482761	-12.2445539545	-12.3502596329	-12.4559653113	-12.5616709898	-12.6673766682	-12.7730823466	1.74928709965	1.74928709965	1.74928709965	1.74928709965	1.74928709965	1.74928709965	1.74928709965	1.74928709965	1.74928709965	1.74928709965	
3.78333333333	166.07880002	166.830720022	167.582640024	168.334560026	169.086480028	169.83840003	170.590320032	171.342240034	172.094160036	172.846080038	0.0	0.0	1.55975682012e-06	1.25572003805e-06	2.92541489825e-06	1.70050665761e-06	2.67029117016e-06	2.38538741647e-07	2.47046835827e-07	-1.80606337655e-06	0.0	2.0743653794e-06	-4.04347246091e-07	2.22057513548e-06	-1.62904063925e-06	1.28974426805e-06	-3.23405737606e-06	1.13151587382e-08	-2.73049022112e-06	7.59398498797e-07	191.319198725	191.905115452	192.491032179	193.076948906	193.662865633	194.24878236	194.834699087	195.420615814	196.006532541	196.592449267	-11.8217312408	-11.9274369193	-12.0331425977	-12.1388482761	-12.2445539545	-12.3502596329	-12.4559653113	-12.5616709898	-12.6673766682	-12.7730823466	1.74928709965	1.74928709965	1.74928709965	1.74928709965	1.74928709965	1.74928709965	1.74928709965	1.74928709965	1.74928709965	1.74928709965	
3.8	166.742430022	167.435490024	168.128550026	168.821610028	169.51467003	170.207730032	170.900790034	171.593850036	172.286910038	172.97997004	0.0	0.0	5.11394154742e-07	9.61364384581e-07	2.47959251164e-06	3.74597782808e-06	6.21089015435e-06	8.17299958177e-06	1.03237252561e-05	1.21785812884e-05	0.0	7.37878615543e-07	6.49251476871e-07	2.19061570823e-06	1.82723763142e-06	3.55656410594e-06	2.83108161176e-06	3.10323156474e-06	2.67632820678e-06	3.57874044631e-06	191.90824746	192.499476159	193.090704858	193.681933557	194.273162256	194.864390954	195.455619653	196.046848352	196.638077051	197.22930575	-11.9280019671	-12.0346659824	-12.1413299977	-12.247994013	-12.3546580283	-12.4613220436	-12.5679860589	-12.6746500742	-12.7813140894	-12.8879781047	1.74928709965	1.74928709965	1.74928709965	1.74928709965	1.74928709965	1.74928709965	1.74928709965	1.74928709965	1.74928709965	1.74928709965	
3.81666666667	166.742430022	167.435490024	168.128550026	168.821610028	169.51467003	170.207730032	170.900790034	171.593850036	172.286910038	172.97997004	0.0	0.0	5.11394154742e-07	9.61364384581e-07	2.47959251164e-06	3.74597782808e-06	6.21089015435e-06	8.17299958177e-06	1.03237252561e-05	1.21785812884e-05	0.0	7.37878615543e-07	6.49251476871e-07	2.19061570823e-06	1.82723763142e-06	3.55656410594e-06	2.83108161176e-06	3.10323156474e-06	2.67632820678e-06	3.57874044631e-06	191.90824746	192.499476159	193.090704858	193.681933557	194.273162256	194.864390954	195.455619653	196.046848352	196.638077051	197.22930575	-11.9280019671	-12.0346659824	-12.1413299977	-12.247994013	-12.3546580283	-12.4613220436	-12.5679860589	-12.6746500742	-12.7813140894	-12.8879781047	1.74928709965	1.74928709965	1.74928709965	1.74928709965	1.74928709965	1.74928709965	1.74928709965	1.74928709965	1.74928709965	1.74928709965	
3.83333333333	166.742430022	167.435490024	168.128550026	168.821610028	169.51467003	170.207730032	170.900790034	171.593850036	172.286910038	172.97997004	0.0	0.0	5.11394154742e-07	9.61364384581e-07	2.47959251164e-06	3.74597782808e-06	6.21089015435e-06	8.17299958177e-06	1.03237252561e-05	1.21785812884e-05	0.0	7.37878615543e-07	6.49251476871e-07	2.19061570823e-06	1.82723763142e-06	3.55656410594e-06	2.83108161176e-06	3.10323156474e-06	2.67632820678e-06	3.57874044631e-06	191.90824746	192.499476159	193.090704858	193.681933557	194.273162256	194.864390954	195.455619653	196.046848352	196.638077051	197.22930575	-11.9280019671	-12.0346659824	-12.1413299977	-12.247994013	-12.3546580283	-12.4613220436	-12.5679860589	-12.6746500742	-12.7813140894	-12.8879781047	1.74928709965	1.74928709965	1.74928709965	1.74928709965	1.74928709965	1.74928709965	1.74928709965	1.74928709965	1.74928709965	1.74928709965	
3.85	166.742430022	167.435490024	168.128550026	168.821610028	169.51467003	170.207730032	170.900790034	171.593850036	172.286910038	172.97997004	0.0	0.0	5.11394154742e-07	9.61364384581e-07	2.47959251164e-06	3.74597782808e-06	6.21089015435e-06	8.17299958177e-06	1.03237252561e-05	1.21785812884e-05	0.0	7.37878615543e-07	6.49251476871e-07	2.19061570823e-06	1.82723763142e-06	3.55656410594e-06	2.83108161176e-06	3.10323156474e-06	2.67632820678e-06	3.57874044631e-06	191.90824746	192.499476159	193.090704858	193.681933557	194.273162256	194.864390954	195.455619653	196.046848352	196.638077051	197.22930575	-11.9280019671	-12.0346659824	-12.1413299977	-12.247994013	-12.3546580283	-12.4613220436	-12.5679860589	-12.6746500742	-12.7813140894	-12.8879781047	1.74928709965	1.74928709965	1.74928709965	1.74928709965	1.74928709965	1.74928709965	1.74928709965	1.74928709965	1.74928709965	1.74928709965	
3.86666666667	166.742430022	167.435490024	168.128550026	168.821610028	169.51467003	170.207730032	170.900790034	171.593850036	172.286910038	172.97997004	0.0	0.0	5.11394154742e-07	9.61364384581e-07	2.47959251164e-06	3.74597782808e-06	6.21089015435e-06	8.17299958177e-06	1.03237252561e-05	1.21785812884e-05	0.0	7.37878615543e-07	6.49251476871e-07	2.19061570823e-06	1.82723763142e-06	3.55656410594e-06	2.83108161176e-06	3.10323156474e-06	2.67632820678e-06	3.57874044631e-06	191.90824746	192.499476159	193.090704858	193.681933557	194.273162256	194.864390954	195.455619653	196.046848352	196.638077051	197.22930575	-11.9280019671	-12.0346659824	-12.1413299977	-12.247994013	-12.3546580283	-12.4613220436	-12.5679860589	-12.6746500742	-12.7813140894	-12.8879781047	1.74928709965	1.74928709965	1.74928709965	1.74928709965	1.74928709965	1.74928709965	1.74928709965	1.74928709965	1.74928709965	1.74928709965	
3.88333333333	166.742430022	167.435490024	168.128550026	168.821610028	169.51467003	170.207730032	170.900790034	171.593850036	172.286910038	172.97997004	0.0	0.0	5.11394154742e-07	9.61364384581e-07	2.47959251164e-06	3.74597782808e-06	6.21089015435e-06	8.17299958177e-06	1.03237252561e-05	1.21785812884e-05	0.0	7.37878615543e-07	6.49251476871e-07	2.19061570823e-06	1.82723763142e-06	3.55656410594e-06	2.83108161176e-06	3.10323156474e-06	2.67632820678e-06	3.57874044631e-06	191.90824746	192.499476159	193.090704858	193.681933557	194.273162256	194.864390954	195.455619653	196.046848352	196.638077051	197.22930575	-11.9280019671	-12.0346659824	-12.1413299977	-12.247994013	-12.3546580283	-12.4613220436	-12.5679860589	-12.6746500742	-12.7813140894	-12.8879781047	1.74928709965	1.74928709965	1.74928709965	1.74928709965	1.74928709965	1.74928709965	1.74928709965	1.74928709965	1.74928709965	1.74928709965	
3.9	167.347200024	167.981400026	168.615600028	169.24980003	169.884000032	170.518200034	171.152400036	171.786600038	172.42080004	173.055000042	0.0	0.0	3.79026441728e-07	7.80002464882e-07	1.57439522325e-06	2.00031352885e-06	2.79359295439e-06	3.22187382976e-06	3.84948341054e-06	4.4531398334e-06	0.0	5.97644970907e-07	6.3225484375e-07	1.25259028051e-06	6.71583576584e-07	1.25083478883e-06	6.75308852153e-07	9.89608292067e-07	9.51839200547e-07	1.21989685041e-06	192.502374554	193.09851901	193.694663467	194.290807924	194.88695238	195.483096837	196.079241293	196.67538575	197.271530206	197.867674663	-12.035188884	-12.1427397549	-12.2502906257	-12.3578414966	-12.4653923674	-12.5729432382	-12.6804941091	-12.7880449799	-12.8955958508	-13.0031467216	1.74928709965	1.74928709965	1.74928709965	1.74928709965	1.74928709965	1.74928709965	1.74928709965	1.74928709965	1.74928709965	1.74928709965	
3.91666666667	167.347200024	167.981400026	168.615600028	169.24980003	169.884000032	170.518200034	171.152400036	171.786600038	172.42080004	173.055000042	0.0	0.0	3.79026441728e-07	7.80002464882e-07	1.57439522325e-06	2.00031352885e-06	2.79359295439e-06	3.22187382976e-06	3.84948341054e-06	4.4531398334e-06	0.0	5.97644970907e-07	6.3225484375e-07	1.25259028051e-06	6.71583576584e-07	1.25083478883e-06	6.75308852153e-07	9.89608292067e-07	9.51839200547e-07	1.21989685041e-06	192.502374554	193.09851901	193.694663467	194.290807924	194.88695238	195.483096837	196.079241293	196.67538575	197.271530206	197.867674663	-12.035188884	-12.1427397549	-12.2502906257	-12.3578414966	-12.4653923674	-12.5729432382	-12.6804941091	-12.7880449799	-12.8955958508	-13.0031467216	1.74928709965	1.74928709965	1.74928709965	1.74928709965	1.74928709965	1.74928709965	1.74928709965	1.74928709965	1.74928709965	1.74928709965	
3.93333333333	167.347200024	167.981400026	168.615600028	169.24980003	169.884000032	170.518200034	171.152400036	171.786600038	172.42080004	173.055000042	0.0	0.0	3.79026441728e-07	7.80002464882e-07	1.57439522325e-06	2.00031352885e-06	2.79359295439e-06	3.22187382976e-06	3.84948341054e-06	4.4531398334e-06	0.0	5.97644970907e-07	6.3225484375e-07	1.25259028051e-06	6.71583576584e-07	1.25083478883e-06	6.75308852153e-07	9.89608292067e-07	9.51839200547e-07	1.21989685041e-06	192.502374554	193.09851901	193.694663467	194.290807924	194.88695238	195.483096837	196.079241293	196.67538575	197.271530206	197.867674663	-12.035188884	-12.1427397549	-12.2502906257	-12.3578414966	-12.4653923674	-12.5729432382	-12.6804941091	-12.7880449799	-12.8955958508	-13.0031467216	1.74928709965	1.74928709965	1.74928709965	1.74928709965	1.74928709965	1.74928709965	1.74928709965	1.74928709965	1.74928709965	1.74928709965	
3.95	167.347200024	167.981400026	168.615600028	169.24980003	169.884000032	170.518200034	171.152400036	171.786600038	172.42080004	173.055000042	0.0	0.0	3.79026441728e-07	7.80002464882e-07	1.57439522325e-06	2.00031352885e-06	2.79359295439e-06	3.22187382976e-06	3.84948341054e-06	4.4531398334e-06	0.0	5.97644970907e-07	6.3225484375e-07	1.25259028051e-06	6.71583576584e-07	1.25083478883e-06	6.75308852153e-07	9.89608292067e-07	9.51839200547e-07	1.21989685041e-06	192.502374554	193.09851901	193.694663467	194.290807924	194.88695238	195.483096837	196.079241293	196.67538575	197.271530206	197.867674663	-12.035188884	-12.1427397549	-12.2502906257	-12.3578414966	-12.4653923674	-12.5729432382	-12.6804941091	-12.7880449799	-12.8955958508	-13.0031467216	1.74928709965	1.74928709965	1.74928709965	1.74928709965	1.74928709965	1.74928709965	1.74928709965	1.74928709965	1.74928709965	1.74928709965	
3.96666666667	167.347200024	167.981400026	168.615600028	169.24980003	169.884000032	170.518200034	171.152400036	171.786600038	172.42080004	173.055000042	0.0	0.0	3.79026441728e-07	7.80002464882e-07	1.57439522325e-06	2.00031352885e-06	2.79359295439e-06	3.22187382976e-06	3.84948341054e-06	4.4531398334e-06	0.0	5.97644970907e-07	6.3225484375e-07	1.25259028051e-06	6.71583576584e-07	1.25083478883e-06	6.75308852153e-07	9.89608292067e-07	9.51839200547e-07	1.21989685041e-06	192.502374554	193.09851901	193.694663467	194.290807924	194.88695238	195.483096837	196.079241293	196.67538575	197.271530206	197.867674663	-12.035188884	-12.1427397549	-12.2502906257	-12.3578414966	-12.4653923674	-12.5729432382	-12.6804941091	-12.7880449799	-12.8955958508	-13.0031467216	1.74928709965	1.74928709965	1.74928709965	1.74928709965	1.74928709965	1.74928709965	1.74928709965	1.74928709965	1.74928709965	1.74928709965	
3.98333333333	167.347200024	167.981400026	168.615600028	169.24980003	169.884000032	170.518200034	171.152400036	171.786600038	172.42080004	173.055000042	0.0	0.0	3.79026441728e-07	7.80002464882e-07	1.57439522325e-06	2.00031352885e-06	2.79359295439e-06	3.22187382976e-06	3.84948341054e-06	4.4531398334e-06	0.0	5.97644970907e-07	6.3225484375e-07	1.25259028051e-06	6.71583576584e-07	1.25083478883e-06	6.75308852153e-07	9.89608292067e-07	9.51839200547e-07	1.21989685041e-06	192.502374554	193.09851901	193.694663467	194.290807924	194.88695238	195.483096837	196.079241293	196.67538575	197.271530206	197.867674663	-12.035188884	-12.1427397549	-12.2502906257	-12.3578414966	-12.4653923674	-12.5729432382	-12.6804941091	-12.7880449799	-12.8955958508	-13.0031467216	1.74928709965	1.74928709965	1.74928709965	1.74928709965	1.74928709965	1.74928709965	1.74928709965	1.74928709965	1.74928709965	1.74928709965	
4.0	167.893110026	168.468450028	169.04379003	169.619130032	170.194470034	170.769810036	171.345150038	171.92049004	172.495830042	173.071170044	0.0	0.0	1.94404412626e-06	1.84650787996e-06	3.2562614237e-06	2.87550710105e-06	4.36255683847e-06	4.64939376637e-06	7.14603684526e-06	9.04079550353e-06	0.0	3.37894830813e-06	-1.69528011216e-07	2.45029641414e-06	-6.61790109053e-07	2.58464513561e-06	4.98552033429e-07	4.33942202929e-06	3.29328510407e-06	7.57045600274e-06	193.101201217	193.70189477	194.302588324	194.903281877	195.50397543	196.104668983	196.705362537	197.30605609	197.906749643	198.507443196	-12.1432236538	-12.2515952306	-12.3599668074	-12.4683383842	-12.576709961	-12.6850815378	-12.7934531146	-12.9018246914	-13.0101962682	-13.118567845	1.74928709965	1.74928709965	1.74928709965	1.74928709965	1.74928709965	1.74928709965	1.74928709965	1.74928709965	1.74928709965	1.74928709965	
4.01666666667	167.893110026	168.468450028	169.04379003	169.619130032	170.194470034	170.769810036	171.345150038	171.92049004	172.495830042	173.071170044	0.0	0.0	1.94404412626e-06	1.84650787996e-06	3.2562614237e-06	2.87550710105e-06	4.36255683847e-06	4.64939376637e-06	7.14603684526e-06	9.04079550353e-06	0.0	3.37894830813e-06	-1.69528011216e-07	2.45029641414e-06	-6.61790109053e-07	2.58464513561e-06	4.98552033429e-07	4.33942202929e-06	3.29328510407e-06	7.57045600274e-06	193.101201217	193.70189477	194.302588324	194.903281877	195.50397543	196.104668983	196.705362537	197.30605609	197.906749643	198.507443196	-12.1432236538	-12.2515952306	-12.3599668074	-12.4683383842	-12.576709961	-12.6850815378	-12.7934531146	-12.9018246914	-13.0101962682	-13.118567845	1.74928709965	1.74928709965	1.74928709965	1.74928709965	1.74928709965	1.74928709965	1.74928709965	1.74928709965	1.74928709965	1.74928709965	
4.03333333333	167.893110026	168.468450028	169.04379003	169.619130032	170.194470034	170.769810036	171.345150038	171.92049004	172.495830042	173.071170044	0.0	0.0	1.94404412626e-06	1.84650787996e-06	3.2562614237e-06	2.87550710105e-06	4.36255683847e-06	4.64939376637e-06	7.14603684526e-06	9.04079550353e-06	0.0	3.37894830813e-06	-1.69528011216e-07	2.45029641414e-06	-6.61790109053e-07	2.58464513561e-06	4.98552033429e-07	4.33942202929e-06	3.29328510407e-06	7.57045600274e-06	193.101201217	193.70189477	194.302588324	194.903281877	195.50397543	196.104668983	196.705362537	197.30605609	197.906749643	198.507443196	-12.1432236538	-12.2515952306	-12.3599668074	-12.4683383842	-12.576709961	-12.6850815378	-12.7934531146	-12.9018246914	-13.0101962682	-13.118567845	1.74928709965	1.74928709965	1.74928709965	1.74928709965	1.74928709965	1.74928709965	1.74928709965	1.74928709965	1.74928709965	1.74928709965	
4.05	167.893110026	168.468450028	169.04379003	169.619130032	170.194470034	170.769810036	171.345150038	171.92049004	172.495830042	173.071170044	0.0	0.0	1.94404412626e-06	1.84650787996e-06	3.2562614237e-06	2.87550710105e-06	4.36255683847e-06	4.64939376637e-06	7.14603684526e-06	9.04079550353e-06	0.0	3.37894830813e-06	-1.69528011216e-07	2.45029641414e-06	-6.61790109053e-07	2.58464513561e-06	4.98552033429e-07	4.33942202929e-06	3.29328510407e-06	7.57045600274e-06	193.101201217	193.70189477	194.302588324	194.903281877	195.50397543	196.104668983	196.705362537	197.30605609	197.906749643	198.507443196	-12.1432236538	-12.2515952306	-12.3599668074	-12.4683383842	-12.576709961	-12.6850815378	-12.7934531146	-12.9018246914	-13.0101962682	-13.118567845	1.74928709965	1.74928709965	1.74928709965	1.74928709965	1.74928709965	1.74928709965	1.74928709965	1.74928709965	1.74928709965	1.74928709965	
4.06666666667	167.893110026	168.468450028	169.04379003	169.619130032	170.194470034	170.769810036	171.345150038	171.92049004	172.495830042	173.071170044	0.0	0.0	1.94404412626e-06	1.84650787996e-06	3.2562614237e-06	2.87550710105e-06	4.36255683847e-06	4.64939376637e-06	7.14603684526e-06	9.04079550353e-06	0.0	3.37894830813e-06	-1.69528011216e-07	2.45029641414e-06	-6.61790109053e-07	2.58464513561e-06	4.98552033429e-07	4.33942202929e-06	3.29328510407e-06	7.57045600274e-06	193.101201217	193.70189477	194.302588324	194.903281877	195.50397543	196.104668983	196.705362537	197.30605609	197.906749643	198.507443196	-12.1432236538	-12.2515952306	-12.3599668074	-12.4683383842	-12.576709961	-12.6850815378	-12.7934531146	-12.9018246914	-13.0101962682	-13.118567845	1.74928709965	1.74928709965	1.74928709965	1.74928709965	1.74928709965	1.74928709965	1.74928709965	1.74928709965	1.74928709965	1.74928709965	
4.08333333333	167.893110026	168.468450028	169.04379003	169.619130032	170.194470034	170.769810036	171.345150038	171.92049004	172.495830042	173.071170044	0.0	0.0	1.94404412626e-06	1.84650787996e-06	3.2562614237e-06	2.87550710105e-06	4.36255683847e-06	4.64939376637e-06	7.14603684526e-06	9.04079550353e-06	0.0	3.37894830813e-06	-1.69528011216e-07	2.45029641414e-06	-6.61790109053e-07	2.58464513561e-06	4.98552033429e-07	4.33942202929e-06	3.29328510407e-06	7.57045600274e-06	193.101201217	193.70189477	194.302588324	194.903281877	195.50397543	196.104668983	196.705362537	197.30605609	197.906749643	198.507443196	-12.1432236538	-12.2515952306	-12.3599668074	-12.4683383842	-12.576709961	-12.6850815378	-12.7934531146	-12.9018246914	-13.0101962682	-13.118567845	1.74928709965	1.74928709965	1.74928709965	1.74928709965	1.74928709965	1.74928709965	1.74928709965	1.74928709965	1.74928709965	1.74928709965	
4.1	167.893110026	168.468450028	169.04379003	169.619130032	170.194470034	170.769810036	171.345150038	171.92049004	172.495830042	173.071170044	0.0	0.0	1.94404412626e-06	1.84650787996e-06	3.2562614237e-06	2.87550710105e-06	4.36255683847e-06	4.64939376637e-06	7.14603684526e-06	9.04079550353e-06	0.0	3.37894830813e-06	-1.69528011216e-07	2.45029641414e-06	-6.61790109053e-07	2.58464513561e-06	4.98552033429e-07	4.33942202929e-06	3.29328510407e-06	7.57045600274e-06	193.101201217	193.70189477	194.302588324	194.903281877	195.50397543	196.104668983	196.705362537	197.30605609	197.906749643	198.507443196	-12.1432236538	-12.2515952306	-12.3599668074	-12.4683383842	-12.576709961	-12.6850815378	-12.7934531146	-12.9018246914	-13.0101962682	-13.118567845	1.74928709965	1.74928709965	1.74928709965	1.74928709965	1.74928709965	1.74928709965	1.74928709965	1.74928709965	1.74928709965	1.74928709965	
4.11666666667	168.455612529	168.962282531	169.468952533	169.975622535	170.482292537	170.988962539	171.495632541	172.002302543	172.508972545	173.015642547	0.0	0.0	6.62860477133e-07	2.02489802992e-06	3.78701101519e-06	6.15015874744e-06	8.85475837314e-06	1.20561509516e-05	1.55342368852e-05	1.94674531894e-05	0.0	1.30826864528e-06	2.68821431578e-06	3.47783168193e-06	4.66407666306e-06	5.33799043752e-06	6.3184963898e-06	6.86459810095e-06	7.7628758138e-06	8.2234740007e-06	193.805305878	194.410879664	195.016453449	195.622027234	196.227601019	196.833174805	197.43874859	198.044322375	198.649896161	199.255469946	-12.2702517065	-12.3795037297	-12.4887557528	-12.598007776	-12.7072597991	-12.8165118223	-12.9257638454	-13.0350158686	-13.1442678917	-13.2535199149	1.74928709965	1.74928709965	1.74928709965	1.74928709965	1.74928709965	1.74928709965	1.74928709965	1.74928709965	1.74928709965	1.74928709965	
4.13333333333	168.455612529	168.962282531	169.468952533	169.975622535	170.482292537	170.988962539	171.495632541	172.002302543	172.508972545	173.015642547	0.0	0.0	6.62860477133e-07	2.02489802992e-06	3.78701101519e-06	6.15015874744e-06	8.85475837314e-06	1.20561509516e-05	1.55342368852e-05	1.94674531894e-05	0.0	1.30826864528e-06	2.68821431578e-06	3.47783168193e-06	4.66407666306e-06	5.33799043752e-06	6.3184963898e-06	6.86459810095e-06	7.7628758138e-06	8.2234740007e-06	193.805305878	194.410879664	195.016453449	195.622027234	196.227601019	196.833174805	197.43874859	198.044322375	198.649896161	199.255469946	-12.2702517065	-12.3795037297	-12.4887557528	-12.598007776	-12.7072597991	-12.8165118223	-12.9257638454	-13.0350158686	-13.1442678917	-13.2535199149	1.74928709965	1.74928709965	1.74928709965	1.74928709965	1.74928709965	1.74928709965	1.74928709965	1.74928709965	1.74928709965	1.74928709965	
4.15	168.455612529	168.962282531	169.468952533	169.975622535	170.482292537	170.988962539	171.495632541	172.002302543	172.508972545	173.015642547	0.0	0.0	6.62860477133e-07	2.02489802992e-06	3.78701101519e-06	6.15015874744e-06	8.85475837314e-06	1.20561509516e-05	1.55342368852e-05	1.94674531894e-05	0.0	1.30826864528e-06	2.68821431578e-06	3.47783168193e-06	4.66407666306e-06	5.33799043752e-06	6.3184963898e-06	6.86459810095e-06	7.7628758138e-06	8.2234740007e-06	193.805305878	194.410879664	195.016453449	195.622027234	196.227601019	196.833174805	197.43874859	198.044322375	198.649896161	199.255469946	-12.2702517065	-12.3795037297	-12.4887557528	-12.598007776	-12.7072597991	-12.8165118223	-12.9257638454	-13.0350158686	-13.1442678917	-13.2535199149	1.74928709965	1.74928709965	1.74928709965	1.74928709965	1.74928709965	1.74928709965	1.74928709965	1.74928709965	1.74928709965	1.74928709965	
4.16666666667	168.455612529	168.962282531	169.468952533	169.975622535	170.482292537	170.988962539	171.495632541	172.002302543	172.508972545	173.015642547	0.0	0.0	6.62860477133e-07	2.02489802992e-06	3.78701101519e-06	6.15015874744e-06	8.85475837314e-06	1.20561509516e-05	1.55342368852e-05	1.94674531894e-05	0.0	1.30826864528e-06	2.68821431578e-06	3.47783168193e-06	4.66407666306e-06	5.33799043752e-06	6.3184963898e-06	6.86459810095e-06	7.7628758138e-06	8.2234740007e-06	193.805305878	194.410879664	195.016453449	195.622027234	196.227601019	196.833174805	197.43874859	198.044322375	198.649896161	199.255469946	-12.2702517065	-12.3795037297	-12.4887557528	-12.598007776	-12.7072597991	-12.8165118223	-12.9257638454	-13.0350158686	-13.1442678917	-13.2535199149	1.74928709965	1.74928709965	1.74928709965	1.74928709965	1.74928709965	1.74928709965	1.74928709965	1.74928709965	1.74928709965	1.74928709965	
4.18333333333	168.455612529	168.962282531	169.468952533	169.975622535	170.482292537	170.988962539	171.495632541	172.002302543	172.508972545	173.015642547	0.0	0.0	6.62860477133e-07	2.02489802992e-06	3.78701101519e-06	6.15015874744e-06	8.85475837314e-06	1.20561509516e-05	1.55342368852e-05	1.94674531894e-05	0.0	1.30826864528e-06	2.68821431578e-06	3.47783168193e-06	4.66407666306e-06	5.33799043752e-06	6.3184963898e-06	6.86459810095e-06	7.7628758138e-06	8.2234740007e-06	193.805305878	194.410879664	195.016453449	195.622027234	196.227601019	196.833174805	197.43874859	198.044322375	198.649896161	199.255469946	-12.2702517065	-12.3795037297	-12.4887557528	-12.598007776	-12.7072597991	-12.8165118223	-12.9257638454	-13.0350158686	-13.1442678917	-13.2535199149	1.74928709965	1.74928709965	1.74928709965	1.74928709965	1.74928709965	1.74928709965	1.74928709965	1.74928709965	1.74928709965	1.74928709965	
4.2	168.455612529	168.962282531	169.468952533	169.975622535	170.482292537	170.988962539	171.495632541	172.002302543	172.508972545	173.015642547	0.0	0.0	6.62860477133e-07	2.02489802992e-06	3.78701101519e-06	6.15015874744e-06	8.85475837314e-06	1.20561509516e-05	1.55342368852e-05	1.94674531894e-05	0.0	1.30826864528e-06	2.68821431578e-06	3.47783168193e-06	4.66407666306e-06	5.33799043752e-06	6.3184963898e-06	6.86459810095e-06	7.7628758138e-06	8.2234740007e-06	193.805305878	194.410879664	195.016453449	195.622027234	196.227601019	196.833174805	197.43874859	198.044322375	198.649896161	199.255469946	-12.2702517065	-12.3795037297	-12.4887557528	-12.598007776	-12.7072597991	-12.8165118223	-12.9257638454	-13.0350158686	-13.1442678917	-13.2535199149	1.74928709965	1.74928709965	1.74928709965	1.74928709965	1.74928709965	1.74928709965	1.74928709965	1.74928709965	1.74928709965	1.74928709965	
4.21666666667	168.873992531	169.321802533	169.769612535	170.217422537	170.665232539	171.113042541	171.560852543	172.008662545	172.456472547	172.904282549	0.0	0.0	2.91308002687e-07	8.34132079366e-07	1.83890318778e-06	3.05239883659e-06	4.74840176254e-06	6.54560155509e-06	8.70770276582e-06	1.10056040926e-05	0.0	6.50516963391e-07	1.21217497206e-06	2.24374423058e-06	2.70984489706e-06	3.78732703226e-06	4.01330873467e-06	4.82816641211e-06	5.13142028204e-06	5.95220296527e-06	194.413147181	195.02256674	195.631986299	196.241405857	196.850825416	197.460244974	198.069664533	198.679084091	199.28850365	199.897923209	-12.3799128143	-12.4898586563	-12.5998044983	-12.7097503403	-12.8196961823	-12.9296420243	-13.0395878663	-13.1495337083	-13.2594795503	-13.3694253923	1.74928709965	1.74928709965	1.74928709965	1.74928709965	1.74928709965	1.74928709965	1.74928709965	1.74928709965	1.74928709965	1.74928709965	
4.23333333333	168.873992531	169.321802533	169.769612535	170.217422537	170.665232539	171.113042541	171.560852543	172.008662545	172.456472547	172.904282549	0.0	0.0	2.91308002687e-07	8.34132079366e-07	1.83890318778e-06	3.05239883659e-06	4.74840176254e-06	6.54560155509e-06	8.70770276582e-06	1.10056040926e-05	0.0	6.50516963391e-07	1.21217497206e-06	2.24374423058e-06	2.70984489706e-06	3.78732703226e-06	4.01330873467e-06	4.82816641211e-06	5.13142028204e-06	5.95220296527e-06	194.413147181	195.02256674	195.631986299	196.241405857	196.850825416	197.460244974	198.069664533	198.679084091	199.28850365	199.897923209	-12.3799128143	-12.4898586563	-12.5998044983	-12.7097503403	-12.8196961823	-12.9296420243	-13.0395878663	-13.1495337083	-13.2594795503	-13.3694253923	1.74928709965	1.74928709965	1.74928709965	1.74928709965	1.74928709965	1.74928709965	1.74928709965	1.74928709965	1.74928709965	1.74928709965	
4.25	168.873992531	169.321802533	169.769612535	170.217422537	170.665232539	171.113042541	171.560852543	172.008662545	172.456472547	172.904282549	0.0	0.0	2.91308002687e-07	8.34132079366e-07	1.83890318778e-06	3.05239883659e-06	4.74840176254e-06	6.54560155509e-06	8.70770276582e-06	1.10056040926e-05	0.0	6.50516963391e-07	1.21217497206e-06	2.24374423058e-06	2.70984489706e-06	3.78732703226e-06	4.01330873467e-06	4.82816641211e-06	5.13142028204e-06	5.95220296527e-06	194.413147181	195.02256674	195.631986299	196.241405857	196.850825416	197.460244974	198.069664533	198.679084091	199.28850365	199.897923209	-12.3799128143	-12.4898586563	-12.5998044983	-12.7097503403	-12.8196961823	-12.9296420243	-13.0395878663	-13.1495337083	-13.2594795503	-13.3694253923	1.74928709965	1.74928709965	1.74928709965	1.74928709965	1.74928709965	1.74928709965	1.74928709965	1.74928709965	1.74928709965	1.74928709965	
4.26666666667	168.873992531	169.321802533	169.769612535	170.217422537	170.665232539	171.113042541	171.560852543	172.008662545	172.456472547	172.904282549	0.0	0.0	2.91308002687e-07	8.34132079366e-07	1.83890318778e-06	3.05239883659e-06	4.74840176254e-06	6.54560155509e-06	8.70770276582e-06	1.10056040926e-05	0.0	6.50516963391e-07	1.21217497206e-06	2.24374423058e-06	2.70984489706e-06	3.78732703226e-06	4.01330873467e-06	4.82816641211e-06	5.13142028204e-06	5.95220296527e-06	194.413147181	195.02256674	195.631986299	196.241405857	196.850825416	197.460244974	198.069664533	198.679084091	199.28850365	199.897923209	-12.3799128143	-12.4898586563	-12.5998044983	-12.7097503403	-12.8196961823	-12.9296420243	-13.0395878663	-13.1495337083	-13.2594795503	-13.3694253923	1.74928709965	1.74928709965	1.74928709965	1.74928709965	1.74928709965	1.74928709965	1.74928709965	1.74928709965	1.74928709965	1.74928709965	
4.28333333333	168.873992531	169.321802533	169.769612535	170.217422537	170.665232539	171.113042541	171.560852543	172.008662545	172.456472547	172.904282549	0.0	0.0	2.91308002687e-07	8.34132079366e-07	1.83890318778e-06	3.05239883659e-06	4.74840176254e-06	6.54560155509e-06	8.70770276582e-06	1.10056040926e-05	0.0	6.50516963391e-07	1.21217497206e-06	2.24374423058e-06	2.70984489706e-06	3.78732703226e-06	4.01330873467e-06	4.82816641211e-06	5.13142028204e-06	5.95220296527e-06	194.413147181	195.02256674	195.631986299	196.241405857	196.850825416	197.460244974	198.069664533	198.679084091	199.28850365	199.897923209	-12.3799128143	-12.4898586563	-12.5998044983	-12.7097503403	-12.8196961823	-12.9296420243	-13.0395878663	-13.1495337083	-13.2594795503	-13.3694253923	1.74928709965	1.74928709965	1.74928709965	1.74928709965	1.74928709965	1.74928709965	1.74928709965	1.74928709965	1.74928709965	1.74928709965	
4.3	168.873992531	169.321802533	169.769612535	170.217422537	170.665232539	171.113042541	171.560852543	172.008662545	172.456472547	172.904282549	0.0	0.0	2.91308002687e-07	8.34132079366e-07	1.83890318778e-06	3.05239883659e-06	4.74840176254e-06	6.54560155509e-06	8.70770276582e-06	1.10056040926e-05	0.0	6.50516963391e-07	1.21217497206e-06	2.24374423058e-06	2.70984489706e-06	3.78732703226e-06	4.01330873467e-06	4.82816641211e-06	5.13142028204e-06	5.95220296527e-06	194.413147181	195.02256674	195.631986299	196.241405857	196.850825416	197.460244974	198.069664533	198.679084091	199.28850365	199.897923209	-12.3799128143	-12.4898586563	-12.5998044983	-12.7097503403	-12.8196961823	-12.9296420243	-13.0395878663	-13.1495337083	-13.2594795503	-13.3694253923	1.74928709965	1.74928709965	1.74928709965	1.74928709965	1.74928709965	1.74928709965	1.74928709965	1.74928709965	1.74928709965	1.74928709965	
4.31666666667	168.873992531	169.321802533	169.769612535	170.217422537	170.665232539	171.113042541	171.560852543	172.008662545	172.456472547	172.904282549	0.0	0.0	2.91308002687e-07	8.34132079366e-07	1.83890318778e-06	3.05239883659e-06	4.74840176254e-06	6.54560155509e-06	8.70770276582e-06	1.10056040926e-05	0.0	6.50516963391e-07	1.21217497206e-06	2.24374423058e-06	2.70984489706e-06	3.78732703226e-06	4.01330873467e-06	4.82816641211e-06	5.13142028204e-06	5.95220296527e-06	194.413147181	195.02256674	195.631986299	196.241405857	196.850825416	197.460244974	198.069664533	198.679084091	199.28850365	199.897923209	-12.3799128143	-12.4898586563	-12.5998044983	-12.7097503403	-12.8196961823	-12.9296420243	-13.0395878663	-13.1495337083	-13.2594795503	-13.3694253923	1.74928709965	1.74928709965	1.74928709965	1.74928709965	1.74928709965	1.74928709965	1.74928709965	1.74928709965	1.74928709965	1.74928709965	
4.33333333333	169.287710033	169.666850035	170.045990037	170.425130039	170.804270041	171.183410043	171.562550045	171.941690047	172.320830049	172.699970051	0.0	0.0	-1.27508397015e-07	-1.85249769106e-07	-1.46775115913e-07	-4.16898002249e-08	-2.0552100166e-07	-5.62702058659e-08	-2.9181966006e-07	1.89748291182e-07	0.0	-3.36309532987e-07	-1.52295647476e-07	1.01478749245e-07	2.77167576961e-07	-4.32112677543e-07	3.93656156038e-07	-6.21273020366e-07	1.27015864504e-06	4.35030791814e-09	195.126922672	195.740467943	196.354013214	196.967558485	197.581103756	198.194649028	198.808194299	199.42173957	200.035284841	200.648830113	-12.5086855886	-12.6193757535	-12.7300659184	-12.8407560834	-12.9514462483	-13.0621364132	-13.1728265782	-13.2835167431	-13.394206908	-13.504897073	1.74928709965	1.74928709965	1.74928709965	1.74928709965	1.74928709965	1.74928709965	1.74928709965	1.74928709965	1.74928709965	1.74928709965	
4.35	169.287710033	169.666850035	170.045990037	170.425130039	170.804270041	171.183410043	171.562550045	171.941690047	172.320830049	172.699970051	0.0	0.0	-1.27508397015e-07	-1.85249769106e-07	-1.46775115913e-07	-4.16898002249e-08	-2.0552100166e-07	-5.62702058659e-08	-2.9181966006e-07	1.89748291182e-07	0.0	-3.36309532987e-07	-1.52295647476e-07	1.01478749245e-07	2.77167576961e-07	-4.32112677543e-07	3.93656156038e-07	-6.21273020366e-07	1.27015864504e-06	4.35030791814e-09	195.126922672	195.740467943	196.354013214	196.967558485	197.581103756	198.194649028	198.808194299	199.42173957	200.035284841	200.648830113	-12.5086855886	-12.6193757535	-12.7300659184	-12.8407560834	-12.9514462483	-13.0621364132	-13.1728265782	-13.2835167431	-13.394206908	-13.504897073	1.74928709965	1.74928709965	1.74928709965	1.74928709965	1.74928709965	1.74928709965	1.74928709965	1.74928709965	1.74928709965	1.74928709965	
4.36666666667	169.287710033	169.666850035	170.045990037	170.425130039	170.804270041	171.183410043	171.562550045	171.941690047	172.320830049	172.699970051	0.0	0.0	-1.27508397015e-07	-1.85249769106e-07	-1.46775115913e-07	-4.16898002249e-08	-2.0552100166e-07	-5.62702058659e-08	-2.9181966006e-07	1.89748291182e-07	0.0	-3.36309532987e-07	-1.52295647476e-07	1.01478749245e-07	2.77167576961e-07	-4.32112677543e-07	3.93656156038e-07	-6.21273020366e-07	1.27015864504e-06	4.35030791814e-09	195.126922672	195.740467943	196.354013214	196.967558485	197.581103756	198.194649028	198.808194299	199.42173957	200.035284841	200.648830113	-12.5086855886	-12.6193757535	-12.7300659184	-12.8407560834	-12.9514462483	-13.0621364132	-13.1728265782	-13.2835167431	-13.394206908	-13.504897073	1.74928709965	1.74928709965	1.74928709965	1.74928709965	1.74928709965	1.74928709965	1.74928709965	1.74928709965	1.74928709965	1.74928709965	
4.38333333333	169.287710033	169.666850035	170.045990037	170.425130039	170.804270041	171.183410043	171.562550045	171.941690047	172.320830049	172.699970051	0.0	0.0	-1.27508397015e-07	-1.85249769106e-07	-1.46775115913e-07	-4.16898002249e-08	-2.0552100166e-07	-5.62702058659e-08	-2.9181966006e-07	1.89748291182e-07	0.0	-3.36309532987e-07	-1.52295647476e-07	1.01478749245e-07	2.77167576961e-07	-4.32112677543e-07	3.93656156038e-07	-6.21273020366e-07	1.27015864504e-06	4.35030791814e-09	195.126922672	195.740467943	196.354013214	196.967558485	197.581103756	198.194649028	198.808194299	199.42173957	200.035284841	200.648830113	-12.5086855886	-12.6193757535	-12.7300659184	-12.8407560834	-12.9514462483	-13.0621364132	-13.1728265782	-13.2835167431	-13.394206908	-13.504897073	1.74928709965	1.74928709965	1.74928709965	1.74928709965	1.74928709965	1.74928709965	1.74928709965	1.74928709965	1.74928709965	1.74928709965	
4.4	169.287710033	169.666850035	170.045990037	170.425130039	170.804270041	171.183410043	171.562550045	171.941690047	172.320830049	172.699970051	0.0	0.0	-1.27508397015e-07	-1.85249769106e-07	-1.46775115913e-07	-4.16898002249e-08	-2.0552100166e-07	-5.62702058659e-08	-2.9181966006e-07	1.89748291182e-07	0.0	-3.36309532987e-07	-1.52295647476e-07	1.01478749245e-07	2.77167576961e-07	-4.32112677543e-07	3.93656156038e-07	-6.21273020366e-07	1.27015864504e-06	4.35030791814e-09	195.126922672	195.740467943	196.354013214	196.967558485	197.581103756	198.194649028	198.808194299	199.42173957	200.035284841	200.648830113	-12.5086855886	-12.6193757535	-12.7300659184	-12.8407560834	-12.9514462483	-13.0621364132	-13.1728265782	-13.2835167431	-13.394206908	-13.504897073	1.74928709965	1.74928709965	1.74928709965	1.74928709965	1.74928709965	1.74928709965	1.74928709965	1.74928709965	1.74928709965	1.74928709965	
4.41666666667	169.287710033	169.666850035	170.045990037	170.425130039	170.804270041	171.183410043	171.562550045	171.941690047	172.320830049	172.699970051	0.0	0.0	-1.27508397015e-07	-1.85249769106e-07	-1.46775115913e-07	-4.16898002249e-08	-2.0552100166e-07	-5.62702058659e-08	-2.9181966006e-07	1.89748291182e-07	0.0	-3.36309532987e-07	-1.52295647476e-07	1.01478749245e-07	2.77167576961e-07	-4.32112677543e-07	3.93656156038e-07	-6.21273020366e-07	1.27015864504e-06	4.35030791814e-09	195.126922672	195.740467943	196.354013214	196.967558485	197.581103756	198.194649028	198.808194299	199.42173957	200.035284841	200.648830113	-12.5086855886	-12.6193757535	-12.7300659184	-12.8407560834	-12.9514462483	-13.0621364132	-13.1728265782	-13.2835167431	-13.394206908	-13.504897073	1.74928709965	1.74928709965	1.74928709965	1.74928709965	1.74928709965	1.74928709965	1.74928709965	1.74928709965	1.74928709965	1.74928709965	
4.43333333333	169.578560035	169.898840037	170.219120039	170.539400041	170.859680043	171.179960045	171.500240047	171.820520049	172.140800051	172.461080053	0.0	0.0	-1.20623062876e-07	-5.34583717913e-08	-1.27319689501e-07	2.40632428231e-07	4.17986324914e-07	1.12620486666e-06	1.81064567754e-06	2.83815708295e-06	0.0	-3.76617528777e-07	2.09706165423e-07	-2.30614828415e-07	1.14884512119e-06	5.53746395547e-07	2.21124808695e-06	2.13700763885e-06	3.20816597647e-06	1.47387292897e-06	195.742384886	196.359181346	196.975977806	197.592774266	198.209570726	198.826367186	199.443163646	200.059960106	200.676756566	201.293553026	-12.6197215907	-12.730998305	-12.8422750194	-12.9535517337	-13.0648284481	-13.1761051624	-13.2873818767	-13.3986585911	-13.5099353054	-13.6212120198	1.74928709965	1.74928709965	1.74928709965	1.74928709965	1.74928709965	1.74928709965	1.74928709965	1.74928709965	1.74928709965	1.74928709965	
4.45	169.578560035	169.898840037	170.219120039	170.539400041	170.859680043	171.179960045	171.500240047	171.820520049	172.140800051	172.461080053	0.0	0.0	-1.20623062876e-07	-5.34583717913e-08	-1.27319689501e-07	2.40632428231e-07	4.17986324914e-07	1.12620486666e-06	1.81064567754e-06	2.83815708295e-06	0.0	-3.76617528777e-07	2.09706165423e-07	-2.30614828415e-07	1.14884512119e-06	5.53746395547e-07	2.21124808695e-06	2.13700763885e-06	3.20816597647e-06	1.47387292897e-06	195.742384886	196.359181346	196.975977806	197.592774266	198.209570726	198.826367186	199.443163646	200.059960106	200.676756566	201.293553026	-12.6197215907	-12.730998305	-12.8422750194	-12.9535517337	-13.0648284481	-13.1761051624	-13.2873818767	-13.3986585911	-13.5099353054	-13.6212120198	1.74928709965	1.74928709965	1.74928709965	1.74928709965	1.74928709965	1.74928709965	1.74928709965	1.74928709965	1.74928709965	1.74928709965	
4.46666666667	169.578560035	169.898840037	170.219120039	170.539400041	170.859680043	171.179960045	171.500240047	171.820520049	172.140800051	172.461080053	0.0	0.0	-1.20623062876e-07	-5.34583717913e-08	-1.27319689501e-07	2.40632428231e-07	4.17986324914e-07	1.12620486666e-06	1.81064567754e-06	2.83815708295e-06	0.0	-3.76617528777e-07	2.09706165423e-07	-2.30614828415e-07	1.14884512119e-06	5.53746395547e-07	2.21124808695e-06	2.13700763885e-06	3.20816597647e-06	1.47387292897e-06	195.742384886	196.359181346	196.975977806	197.592774266	198.209570726	198.826367186	199.443163646	200.059960106	200.676756566	201.293553026	-12.6197215907	-12.730998305	-12.8422750194	-12.9535517337	-13.0648284481	-13.1761051624	-13.2873818767	-13.3986585911	-13.5099353054	-13.6212120198	1.74928709965	1.74928709965	1.74928709965	1.74928709965	1.74928709965	1.74928709965	1.74928709965	1.74928709965	1.74928709965	1.74928709965	
4.48333333333	169.578560035	169.898840037	170.219120039	170.539400041	170.859680043	171.179960045	171.500240047	171.820520049	172.140800051	172.461080053	0.0	0.0	-1.20623062876e-07	-5.34583717913e-08	-1.27319689501e-07	2.40632428231e-07	4.17986324914e-07	1.12620486666e-06	1.81064567754e-06	2.83815708295e-06	0.0	-3.76617528777e-07	2.09706165423e-07	-2.30614828415e-07	1.14884512119e-06	5.53746395547e-07	2.21124808695e-06	2.13700763885e-06	3.20816597647e-06	1.47387292897e-06	195.742384886	196.359181346	196.975977806	197.592774266	198.209570726	198.826367186	199.443163646	200.059960106	200.676756566	201.293553026	-12.6197215907	-12.730998305	-12.8422750194	-12.9535517337	-13.0648284481	-13.1761051624	-13.2873818767	-13.3986585911	-13.5099353054	-13.6212120198	1.74928709965	1.74928709965	1.74928709965	1.74928709965	1.74928709965	1.74928709965	1.74928709965	1.74928709965	1.74928709965	1.74928709965	
4.5	169.578560035	169.898840037	170.219120039	170.539400041	170.859680043	171.179960045	171.500240047	171.820520049	172.140800051	172.461080053	0.0	0.0	-1.20623062876e-07	-5.34583717913e-08	-1.27319689501e-07	2.40632428231e-07	4.17986324914e-07	1.12620486666e-06	1.81064567754e-06	2.83815708295e-06	0.0	-3.76617528777e-07	2.09706165423e-07	-2.30614828415e-07	1.14884512119e-06	5.53746395547e-07	2.21124808695e-06	2.13700763885e-06	3.20816597647e-06	1.47387292897e-06	195.742384886	196.359181346	196.975977806	197.592774266	198.209570726	198.826367186	199.443163646	200.059960106	200.676756566	201.293553026	-12.6197215907	-12.730998305	-12.8422750194	-12.9535517337	-13.0648284481	-13.1761051624	-13.2873818767	-13.3986585911	-13.5099353054	-13.6212120198	1.74928709965	1.74928709965	1.74928709965	1.74928709965	1.74928709965	1.74928709965	1.74928709965	1.74928709965	1.74928709965	1.74928709965	
4.51666666667	169.578560035	169.898840037	170.219120039	170.539400041	170.859680043	171.179960045	171.500240047	171.820520049	172.140800051	172.461080053	0.0	0.0	-1.20623062876e-07	-5.34583717913e-08	-1.27319689501e-07	2.40632428231e-07	4.17986324914e-07	1.12620486666e-06	1.81064567754e-06	2.83815708295e-06	0.0	-3.76617528777e-07	2.09706165423e-07	-2.30614828415e-07	1.14884512119e-06	5.53746395547e-07	2.21124808695e-06	2.13700763885e-06	3.20816597647e-06	1.47387292897e-06	195.742384886	196.359181346	196.975977806	197.592774266	198.209570726	198.826367186	199.443163646	200.059960106	200.676756566	201.293553026	-12.6197215907	-12.730998305	-12.8422750194	-12.9535517337	-13.0648284481	-13.1761051624	-13.2873818767	-13.3986585911	-13.5099353054	-13.6212120198	1.74928709965	1.74928709965	1.74928709965	1.74928709965	1.74928709965	1.74928709965	1.74928709965	1.74928709965	1.74928709965	1.74928709965	
4.53333333333	169.578560035	169.898840037	170.219120039	170.539400041	170.859680043	171.179960045	171.500240047	171.820520049	172.140800051	172.461080053	0.0	0.0	-1.20623062876e-07	-5.34583717913e-08	-1.27319689501e-07	2.40632428231e-07	4.17986324914e-07	1.12620486666e-06	1.81064567754e-06	2.83815708295e-06	0.0	-3.76617528777e-07	2.09706165423e-07	-2.30614828415e-07	1.14884512119e-06	5.53746395547e-07	2.21124808695e-06	2.13700763885e-06	3.20816597647e-06	1.47387292897e-06	195.742384886	196.359181346	196.975977806	197.592774266	198.209570726	198.826367186	199.443163646	200.059960106	200.676756566	201.293553026	-12.6197215907	-12.730998305	-12.8422750194	-12.9535517337	-13.0648284481	-13.1761051624	-13.2873818767	-13.3986585911	-13.5099353054	-13.6212120198	1.74928709965	1.74928709965	1.74928709965	1.74928709965	1.74928709965	1.74928709965	1.74928709965	1.74928709965	1.74928709965	1.74928709965	
4.55	169.843492537	170.095102539	170.346712541	170.598322543	170.849932545	171.101542547	171.353152549	171.604762551	171.856372553	172.107982556	0.0	0.0	-3.04348678151e-07	-5.56160609379e-07	-1.24886696946e-06	-1.8266270064e-06	-2.84303075922e-06	-3.67209177928e-06	-5.01851686962e-06	-6.18955413982e-06	0.0	-1.20960484763e-06	-1.00080254843e-06	-2.75309548323e-06	-2.29625226465e-06	-4.03959995498e-06	-3.29502409847e-06	-5.35123834332e-06	-4.65417614886e-06	-6.22653374954e-06	196.464336024	197.084620332	197.704904639	198.325188947	198.945473254	199.565757562	200.186041869	200.806326177	201.426610484	202.046894791	-12.7499693398	-12.8618752994	-12.9737812589	-13.0856872185	-13.197593178	-13.3094991375	-13.4214050971	-13.5333110566	-13.6452170162	-13.7571229757	1.74928709965	1.74928709965	1.74928709965	1.74928709965	1.74928709965	1.74928709965	1.74928709965	1.74928709965	1.74928709965	1.74928709965	
4.56666666667	169.843492537	170.095102539	170.346712541	170.598322543	170.849932545	171.101542547	171.353152549	171.604762551	171.856372553	172.107982556	0.0	0.0	-3.04348678151e-07	-5.56160609379e-07	-1.24886696946e-06	-1.8266270064e-06	-2.84303075922e-06	-3.67209177928e-06	-5.01851686962e-06	-6.18955413982e-06	0.0	-1.20960484763e-06	-1.00080254843e-06	-2.75309548323e-06	-2.29625226465e-06	-4.03959995498e-06	-3.29502409847e-06	-5.35123834332e-06	-4.65417614886e-06	-6.22653374954e-06	196.464336024	197.084620332	197.704904639	198.325188947	198.945473254	199.565757562	200.186041869	200.806326177	201.426610484	202.046894791	-12.7499693398	-12.8618752994	-12.9737812589	-13.0856872185	-13.197593178	-13.3094991375	-13.4214050971	-13.5333110566	-13.6452170162	-13.7571229757	1.74928709965	1.74928709965	1.74928709965	1.74928709965	1.74928709965	1.74928709965	1.74928709965	1.74928709965	1.74928709965	1.74928709965	
4.58333333333	169.843492537	170.095102539	170.346712541	170.598322543	170.849932545	171.101542547	171.353152549	171.604762551	171.856372553	172.107982556	0.0	0.0	-3.04348678151e-07	-5.56160609379e-07	-1.24886696946e-06	-1.8266270064e-06	-2.84303075922e-06	-3.67209177928e-06	-5.01851686962e-06	-6.18955413982e-06	0.0	-1.20960484763e-06	-1.00080254843e-06	-2.75309548323e-06	-2.29625226465e-06	-4.03959995498e-06	-3.29502409847e-06	-5.35123834332e-06	-4.65417614886e-06	-6.22653374954e-06	196.464336024	197.084620332	197.704904639	198.325188947	198.945473254	199.565757562	200.186041869	200.806326177	201.426610484	202.046894791	-12.7499693398	-12.8618752994	-12.9737812589	-13.0856872185	-13.197593178	-13.3094991375	-13.4214050971	-13.5333110566	-13.6452170162	-13.7571229757	1.74928709965	1.74928709965	1.74928709965	1.74928709965	1.74928709965	1.74928709965	1.74928709965	1.74928709965	1.74928709965	1.74928709965	
4.6	169.843492537	170.095102539	170.346712541	170.598322543	170.849932545	171.101542547	171.353152549	171.604762551	171.856372553	172.107982556	0.0	0.0	-3.04348678151e-07	-5.56160609379e-07	-1.24886696946e-06	-1.8266270064e-06	-2.84303075922e-06	-3.67209177928e-06	-5.01851686962e-06	-6.18955413982e-06	0.0	-1.20960484763e-06	-1.00080254843e-06	-2.75309548323e-06	-2.29625226465e-06	-4.03959995498e-06	-3.29502409847e-06	-5.35123834332e-06	-4.65417614886e-06	-6.22653374954e-06	196.464336024	197.084620332	197.704904639	198.325188947	198.945473254	199.565757562	200.186041869	200.806326177	201.426610484	202.046894791	-12.7499693398	-12.8618752994	-12.9737812589	-13.0856872185	-13.197593178	-13.3094991375	-13.4214050971	-13.5333110566	-13.6452170162	-13.7571229757	1.74928709965	1.74928709965	1.74928709965	1.74928709965	1.74928709965	1.74928709965	1.74928709965	1.74928709965	1.74928709965	1.74928709965	
4.61666666667	169.843492537	170.095102539	170.346712541	170.598322543	170.849932545	171.101542547	171.353152549	171.604762551	171.856372553	172.107982556	0.0	0.0	-3.04348678151e-07	-5.56160609379e-07	-1.24886696946e-06	-1.8266270064e-06	-2.84303075922e-06	-3.67209177928e-06	-5.01851686962e-06	-6.18955413982e-06	0.0	-1.20960484763e-06	-1.00080254843e-06	-2.75309548323e-06	-2.29625226465e-06	-4.03959995498e-06	-3.29502409847e-06	-5.35123834332e-06	-4.65417614886e-06	-6.22653374954e-06	196.464336024	197.084620332	197.704904639	198.325188947	198.945473254	199.565757562	200.186041869	200.806326177	201.426610484	202.046894791	-12.7499693398	-12.8618752994	-12.9737812589	-13.0856872185	-13.197593178	-13.3094991375	-13.4214050971	-13.5333110566	-13.6452170162	-13.7571229757	1.74928709965	1.74928709965	1.74928709965	1.74928709965	1.74928709965	1.74928709965	1.74928709965	1.74928709965	1.74928709965	1.74928709965	
4.63333333333	169.843492537	170.095102539	170.346712541	170.598322543	170.849932545	171.101542547	171.353152549	171.604762551	171.856372553	172.107982556	0.0	0.0	-3.04348678151e-07	-5.56160609379e-07	-1.24886696946e-06	-1.8266270064e-06	-2.84303075922e-06	-3.67209177928e-06	-5.01851686962e-06	-6.18955413982e-06	0.0	-1.20960484763e-06	-1.00080254843e-06	-2.75309548323e-06	-2.29625226465e-06	-4.03959995498e-06	-3.29502409847e-06	-5.35123834332e-06	-4.65417614886e-06	-6.22653374954e-06	196.464336024	197.084620332	197.704904639	198.325188947	198.945473254	199.565757562	200.186041869	200.806326177	201.426610484	202.046894791	-12.7499693398	-12.8618752994	-12.9737812589	-13.0856872185	-13.197593178	-13.3094991375	-13.4214050971	-13.5333110566	-13.6452170162	-13.7571229757	1.74928709965	1.74928709965	1.74928709965	1.74928709965	1.74928709965	1.74928709965	1.74928709965	1.74928709965	1.74928709965	1.74928709965	
4.65	170.006812539	170.199562541	170.392312543	170.585062545	170.777812547	170.970562549	171.163312551	171.356062554	171.548812556	171.741562558	0.0	0.0	-1.91768701214e-07	-3.57030874829e-07	-7.2677222671e-07	-1.12301474608e-06	-1.75616807997e-06	-2.44127472659e-06	-3.35604735421e-06	-4.33556036402e-06	0.0	-9.94908945302e-07	-8.57391293834e-07	-1.91824305065e-06	-2.05573289351e-06	-3.2848421648e-06	-3.55437945243e-06	-4.74590203913e-06	-5.0817795049e-06	-6.09384262464e-06	197.086240902	197.70927374	198.332306579	198.955339418	199.578372257	200.201405096	200.824437934	201.447470773	202.070503612	202.693536451	-12.8621676676	-12.9745694917	-13.0869713159	-13.19937314	-13.3117749642	-13.4241767883	-13.5365786125	-13.6489804366	-13.7613822608	-13.8737840849	1.74928709965	1.74928709965	1.74928709965	1.74928709965	1.74928709965	1.74928709965	1.74928709965	1.74928709965	1.74928709965	1.74928709965	
4.66666666667	170.006812539	170.199562541	170.392312543	170.585062545	170.777812547	170.970562549	171.163312551	171.356062554	171.548812556	171.741562558	0.0	0.0	-1.91768701214e-07	-3.57030874829e-07	-7.2677222671e-07	-1.12301474608e-06	-1.75616807997e-06	-2.44127472659e-06	-3.35604735421e-06	-4.33556036402e-06	0.0	-9.94908945302e-07	-8.57391293834e-07	-1.91824305065e-06	-2.05573289351e-06	-3.2848421648e-06	-3.55437945243e-06	-4.74590203913e-06	-5.0817795049e-06	-6.09384262464e-06	197.086240902	197.70927374	198.332306579	198.955339418	199.578372257	200.201405096	200.824437934	201.447470773	202.070503612	202.693536451	-12.8621676676	-12.9745694917	-13.0869713159	-13.19937314	-13.3117749642	-13.4241767883	-13.5365786125	-13.6489804366	-13.7613822608	-13.8737840849	1.74928709965	1.74928709965	1.74928709965	1.74928709965	1.74928709965	1.74928709965	1.74928709965	1.74928709965	1.74928709965	1.74928709965	
4.68333333333	170.006812539	170.199562541	170.392312543	170.585062545	170.777812547	170.970562549	171.163312551	171.356062554	171.548812556	171.741562558	0.0	0.0	-1.91768701214e-07	-3.57030874829e-07	-7.2677222671e-07	-1.12301474608e-06	-1.75616807997e-06	-2.44127472659e-06	-3.35604735421e-06	-4.33556036402e-06	0.0	-9.94908945302e-07	-8.57391293834e-07	-1.91824305065e-06	-2.05573289351e-06	-3.2848421648e-06	-3.55437945243e-06	-4.74590203913e-06	-5.0817795049e-06	-6.09384262464e-06	197.086240902	197.70927374	198.332306579	198.955339418	199.578372257	200.201405096	200.824437934	201.447470773	202.070503612	202.693536451	-12.8621676676	-12.9745694917	-13.0869713159	-13.19937314	-13.3117749642	-13.4241767883	-13.5365786125	-13.6489804366	-13.7613822608	-13.8737840849	1.74928709965	1.74928709965	1.74928709965	1.74928709965	1.74928709965	1.74928709965	1.74928709965	1.74928709965	1.74928709965	1.74928709965	
4.7	170.006812539	170.199562541	170.392312543	170.585062545	170.777812547	170.970562549	171.163312551	171.356062554	171.548812556	171.741562558	0.0	0.0	-1.91768701214e-07	-3.57030874829e-07	-7.2677222671e-07	-1.12301474608e-06	-1.75616807997e-06	-2.44127472659e-06	-3.35604735421e-06	-4.33556036402e-06	0.0	-9.94908945302e-07	-8.57391293834e-07	-1.91824305065e-06	-2.05573289351e-06	-3.2848421648e-06	-3.55437945243e-06	-4.74590203913e-06	-5.0817795049e-06	-6.09384262464e-06	197.086240902	197.70927374	198.332306579	198.955339418	199.578372257	200.201405096	200.824437934	201.447470773	202.070503612	202.693536451	-12.8621676676	-12.9745694917	-13.0869713159	-13.19937314	-13.3117749642	-13.4241767883	-13.5365786125	-13.6489804366	-13.7613822608	-13.8737840849	1.74928709965	1.74928709965	1.74928709965	1.74928709965	1.74928709965	1.74928709965	1.74928709965	1.74928709965	1.74928709965	1.74928709965	
4.71666666667	170.006812539	170.199562541	170.392312543	170.585062545	170.777812547	170.970562549	171.163312551	171.356062554	171.548812556	171.741562558	0.0	0.0	-1.91768701214e-07	-3.57030874829e-07	-7.2677222671e-07	-1.12301474608e-06	-1.75616807997e-06	-2.44127472659e-06	-3.35604735421e-06	-4.33556036402e-06	0.0	-9.94908945302e-07	-8.57391293834e-07	-1.91824305065e-06	-2.05573289351e-06	-3.2848421648e-06	-3.55437945243e-06	-4.74590203913e-06	-5.0817795049e-06	-6.09384262464e-06	197.086240902	197.70927374	198.332306579	198.955339418	199.578372257	200.201405096	200.824437934	201.447470773	202.070503612	202.693536451	-12.8621676676	-12.9745694917	-13.0869713159	-13.19937314	-13.3117749642	-13.4241767883	-13.5365786125	-13.6489804366	-13.7613822608	-13.8737840849	1.74928709965	1.74928709965	1.74928709965	1.74928709965	1.74928709965	1.74928709965	1.74928709965	1.74928709965	1.74928709965	1.74928709965	
4.73333333333	170.006812539	170.199562541	170.392312543	170.585062545	170.777812547	170.970562549	171.163312551	171.356062554	171.548812556	171.741562558	0.0	0.0	-1.91768701214e-07	-3.57030874829e-07	-7.2677222671e-07	-1.12301474608e-06	-1.75616807997e-06	-2.44127472659e-06	-3.35604735421e-06	-4.33556036402e-06	0.0	-9.94908945302e-07	-8.57391293834e-07	-1.91824305065e-06	-2.05573289351e-06	-3.2848421648e-06	-3.55437945243e-06	-4.74590203913e-06	-5.0817795049e-06	-6.09384262464e-06	197.086240902	197.70927374	198.332306579	198.955339418	199.578372257	200.201405096	200.824437934	201.447470773	202.070503612	202.693536451	-12.8621676676	-12.9745694917	-13.0869713159	-13.19937314	-13.3117749642	-13.4241767883	-13.5365786125	-13.6489804366	-13.7613822608	-13.8737840849	1.74928709965	1.74928709965	1.74928709965	1.74928709965	1.74928709965	1.74928709965	1.74928709965	1.74928709965	1.74928709965	1.74928709965	
4.75	170.006812539	170.199562541	170.392312543	170.585062545	170.777812547	170.970562549	171.163312551	171.356062554	171.548812556	171.741562558	0.0	0.0	-1.91768701214e-07	-3.57030874829e-07	-7.2677222671e-07	-1.12301474608e-06	-1.75616807997e-06	-2.44127472659e-06	-3.35604735421e-06	-4.33556036402e-06	0.0	-9.94908945302e-07	-8.57391293834e-07	-1.91824305065e-06	-2.05573289351e-06	-3.2848421648e-06	-3.55437945243e-06	-4.74590203913e-06	-5.0817795049e-06	-6.09384262464e-06	197.086240902	197.70927374	198.332306579	198.955339418	199.578372257	200.201405096	200.824437934	201.447470773	202.070503612	202.693536451	-12.8621676676	-12.9745694917	-13.0869713159	-13.19937314	-13.3117749642	-13.4241767883	-13.5365786125	-13.6489804366	-13.7613822608	-13.8737840849	1.74928709965	1.74928709965	1.74928709965	1.74928709965	1.74928709965	1.74928709965	1.74928709965	1.74928709965	1.74928709965	1.74928709965	
4.76666666667	170.122960042	170.247040044	170.371120046	170.495200048	170.61928005	170.743360052	170.867440054	170.991520056	171.115600058	171.23968006	0.0	0.0	-1.00907706963e-07	-1.95484527154e-07	-3.97608110891e-07	-5.90754436292e-07	-8.92162599154e-07	-1.18492516426e-06	-1.58697855303e-06	-1.97694535813e-06	0.0	-8.13247141544e-07	-7.62224521704e-07	-1.62897792111e-06	-1.55662735542e-06	-2.42914376178e-06	-2.35946615368e-06	-3.2402754854e-06	-3.14286588298e-06	-4.0857563195e-06	197.815103674	198.441085113	199.067066553	199.693047993	200.319029432	200.945010872	201.570992312	202.196973751	202.822955191	203.448936631	-12.9936623498	-13.1065961332	-13.2195299167	-13.3324637002	-13.4453974836	-13.5583312671	-13.6712650505	-13.784198834	-13.8971326175	-14.0100664009	1.74928709965	1.74928709965	1.74928709965	1.74928709965	1.74928709965	1.74928709965	1.74928709965	1.74928709965	1.74928709965	1.74928709965	
4.78333333333	170.122960042	170.247040044	170.371120046	170.495200048	170.61928005	170.743360052	170.867440054	170.991520056	171.115600058	171.23968006	0.0	0.0	-1.00907706963e-07	-1.95484527154e-07	-3.97608110891e-07	-5.90754436292e-07	-8.92162599154e-07	-1.18492516426e-06	-1.58697855303e-06	-1.97694535813e-06	0.0	-8.13247141544e-07	-7.62224521704e-07	-1.62897792111e-06	-1.55662735542e-06	-2.42914376178e-06	-2.35946615368e-06	-3.2402754854e-06	-3.14286588298e-06	-4.0857563195e-06	197.815103674	198.441085113	199.067066553	199.693047993	200.319029432	200.945010872	201.570992312	202.196973751	202.822955191	203.448936631	-12.9936623498	-13.1065961332	-13.2195299167	-13.3324637002	-13.4453974836	-13.5583312671	-13.6712650505	-13.784198834	-13.8971326175	-14.0100664009	1.74928709965	1.74928709965	1.74928709965	1.74928709965	1.74928709965	1.74928709965	1.74928709965	1.74928709965	1.74928709965	1.74928709965	
4.8	170.122960042	170.247040044	170.371120046	170.495200048	170.61928005	170.743360052	170.867440054	170.991520056	171.115600058	171.23968006	0.0	0.0	-1.00907706963e-07	-1.95484527154e-07	-3.97608110891e-07	-5.90754436292e-07	-8.92162599154e-07	-1.18492516426e-06	-1.58697855303e-06	-1.97694535813e-06	0.0	-8.13247141544e-07	-7.62224521704e-07	-1.62897792111e-06	-1.55662735542e-06	-2.42914376178e-06	-2.35946615368e-06	-3.2402754854e-06	-3.14286588298e-06	-4.0857563195e-06	197.815103674	198.441085113	199.067066553	199.693047993	200.319029432	200.945010872	201.570992312	202.196973751	202.822955191	203.448936631	-12.9936623498	-13.1065961332	-13.2195299167	-13.3324637002	-13.4453974836	-13.5583312671	-13.6712650505	-13.784198834	-13.8971326175	-14.0100664009	1.74928709965	1.74928709965	1.74928709965	1.74928709965	1.74928709965	1.74928709965	1.74928709965	1.74928709965	1.74928709965	1.74928709965	
4.81666666667	170.122960042	170.247040044	170.371120046	170.495200048	170.61928005	170.743360052	170.867440054	170.991520056	171.115600058	171.23968006	0.0	0.0	-1.00907706963e-07	-1.95484527154e-07	-3.97608110891e-07	-5.90754436292e-07	-8.92162599154e-07	-1.18492516426e-06	-1.58697855303e-06	-1.97694535813e-06	0.0	-8.13247141544e-07	-7.62224521704e-07	-1.62897792111e-06	-1.55662735542e-06	-2.42914376178e-06	-2.35946615368e-06	-3.2402754854e-06	-3.14286588298e-06	-4.0857563195e-06	197.815103674	198.441085113	199.067066553	199.693047993	200.319029432	200.945010872	201.570992312	202.196973751	202.822955191	203.448936631	-12.9936623498	-13.1065961332	-13.2195299167	-13.3324637002	-13.4453974836	-13.5583312671	-13.6712650505	-13.784198834	-13.8971326175	-14.0100664009	1.74928709965	1.74928709965	1.74928709965	1.74928709965	1.74928709965	1.74928709965	1.74928709965	1.74928709965	1.74928709965	1.74928709965	
4.83333333333	170.122960042	170.247040044	170.371120046	170.495200048	170.61928005	170.743360052	170.867440054	170.991520056	171.115600058	171.23968006	0.0	0.0	-1.00907706963e-07	-1.95484527154e-07	-3.97608110891e-07	-5.90754436292e-07	-8.92162599154e-07	-1.18492516426e-06	-1.58697855303e-06	-1.97694535813e-06	0.0	-8.13247141544e-07	-7.62224521704e-07	-1.62897792111e-06	-1.55662735542e-06	-2.42914376178e-06	-2.35946615368e-06	-3.2402754854e-06	-3.14286588298e-06	-4.0857563195e-06	197.815103674	198.441085113	199.067066553	199.693047993	200.319029432	200.945010872	201.570992312	202.196973751	202.822955191	203.448936631	-12.9936623498	-13.1065961332	-13.2195299167	-13.3324637002	-13.4453974836	-13.5583312671	-13.6712650505	-13.784198834	-13.8971326175	-14.0100664009	1.74928709965	1.74928709965	1.74928709965	1.74928709965	1.74928709965	1.74928709965	1.74928709965	1.74928709965	1.74928709965	1.74928709965	
4.85	170.122960042	170.247040044	170.371120046	170.495200048	170.61928005	170.743360052	170.867440054	170.991520056	171.115600058	171.23968006	0.0	0.0	-1.00907706963e-07	-1.95484527154e-07	-3.97608110891e-07	-5.90754436292e-07	-8.92162599154e-07	-1.18492516426e-06	-1.58697855303e-06	-1.97694535813e-06	0.0	-8.13247141544e-07	-7.62224521704e-07	-1.62897792111e-06	-1.55662735542e-06	-2.42914376178e-06	-2.35946615368e-06	-3.2402754854e-06	-3.14286588298e-06	-4.0857563195e-06	197.815103674	198.441085113	199.067066553	199.693047993	200.319029432	200.945010872	201.570992312	202.196973751	202.822955191	203.448936631	-12.9936623498	-13.1065961332	-13.2195299167	-13.3324637002	-13.4453974836	-13.5583312671	-13.6712650505	-13.784198834	-13.8971326175	-14.0100664009	1.74928709965	1.74928709965	1.74928709965	1.74928709965	1.74928709965	1.74928709965	1.74928709965	1.74928709965	1.74928709965	1.74928709965	
4.86666666667	170.122960042	170.247040044	170.371120046	170.495200048	170.61928005	170.743360052	170.867440054	170.991520056	171.115600058	171.23968006	0.0	0.0	-1.00907706963e-07	-1.95484527154e-07	-3.97608110891e-07	-5.90754436292e-07	-8.92162599154e-07	-1.18492516426e-06	-1.58697855303e-06	-1.97694535813e-06	0.0	-8.13247141544e-07	-7.62224521704e-07	-1.62897792111e-06	-1.55662735542e-06	-2.42914376178e-06	-2.35946615368e-06	-3.2402754854e-06	-3.14286588298e-06	-4.0857563195e-06	197.815103674	198.441085113	199.067066553	199.693047993	200.319029432	200.945010872	201.570992312	202.196973751	202.822955191	203.448936631	-12.9936623498	-13.1065961332	-13.2195299167	-13.3324637002	-13.4453974836	-13.5583312671	-13.6712650505	-13.784198834	-13.8971326175	-14.0100664009	1.74928709965	1.74928709965	1.74928709965	1.74928709965	1.74928709965	1.74928709965	1.74928709965	1.74928709965	1.74928709965	1.74928709965	
4.88333333333	170.122960042	170.247040044	170.371120046	170.495200048	170.61928005	170.743360052	170.867440054	170.991520056	171.115600058	171.23968006	0.0	0.0	-1.00907706963e-07	-1.95484527154e-07	-3.97608110891e-07	-5.90754436292e-07	-8.92162599154e-07	-1.18492516426e-06	-1.58697855303e-06	-1.97694535813e-06	0.0	-8.13247141544e-07	-7.62224521704e-07	-1.62897792111e-06	-1.55662735542e-06	-2.42914376178e-06	-2.35946615368e-06	-3.2402754854e-06	-3.14286588298e-06	-4.0857563195e-06	197.815103674	198.441085113	199.067066553	199.693047993	200.319029432	200.945010872	201.570992312	202.196973751	202.822955191	203.448936631	-12.9936623498	-13.1065961332	-13.2195299167	-13.3324637002	-13.4453974836	-13.5583312671	-13.6712650505	-13.784198834	-13.8971326175	-14.0100664009	1.74928709965	1.74928709965	1.74928709965	1.74928709965	1.74928709965	1.74928709965	1.74928709965	1.74928709965	1.74928709965	1.74928709965	
4.9	170.122960042	170.247040044	170.371120046	170.495200048	170.61928005	170.743360052	170.867440054	170.991520056	171.115600058	171.23968006	0.0	0.0	-1.00907706963e-07	-1.95484527154e-07	-3.97608110891e-07	-5.90754436292e-07	-8.92162599154e-07	-1.18492516426e-06	-1.58697855303e-06	-1.97694535813e-06	0.0	-8.13247141544e-07	-7.62224521704e-07	-1.62897792111e-06	-1.55662735542e-06	-2.42914376178e-06	-2.35946615368e-06	-3.2402754854e-06	-3.14286588298e-06	-4.0857563195e-06	197.815103674	198.441085113	199.067066553	199.693047993	200.319029432	200.945010872	201.570992312	202.196973751	202.822955191	203.448936631	-12.9936623498	-13.1065961332	-13.2195299167	-13.3324637002	-13.4453974836	-13.5583312671	-13.6712650505	-13.784198834	-13.8971326175	-14.0100664009	1.74928709965	1.74928709965	1.74928709965	1.74928709965	1.74928709965	1.74928709965	1.74928709965	1.74928709965	1.74928709965	1.74928709965	
4.91666666667	170.122960042	170.247040044	170.371120046	170.495200048	170.61928005	170.743360052	170.867440054	170.991520056	171.115600058	171.23968006	0.0	0.0	-1.00907706963e-07	-1.95484527154e-07	-3.97608110891e-07	-5.90754436292e-07	-8.92162599154e-07	-1.18492516426e-06	-1.58697855303e-06	-1.97694535813e-06	0.0	-8.13247141544e-07	-7.62224521704e-07	-1.62897792111e-06	-1.55662735542e-06	-2.42914376178e-06	-2.35946615368e-06	-3.2402754854e-06	-3.14286588298e-06	-4.0857563195e-06	197.815103674	198.441085113	199.067066553	199.693047993	200.319029432	200.945010872	201.570992312	202.196973751	202.822955191	203.448936631	-12.9936623498	-13.1065961332	-13.2195299167	-13.3324637002	-13.4453974836	-13.5583312671	-13.6712650505	-13.784198834	-13.8971326175	-14.0100664009	1.74928709965	1.74928709965	1.74928709965	1.74928709965	1.74928709965	1.74928709965	1.74928709965	1.74928709965	1.74928709965	1.74928709965	
4.93333333333	170.122960042	170.247040044	170.371120046	170.495200048	170.61928005	170.743360052	170.867440054	170.991520056	171.115600058	171.23968006	0.0	0.0	-1.00907706963e-07	-1.95484527154e-07	-3.97608110891e-07	-5.90754436292e-07	-8.92162599154e-07	-1.18492516426e-06	-1.58697855303e-06	-1.97694535813e-06	0.0	-8.13247141544e-07	-7.62224521704e-07	-1.62897792111e-06	-1.55662735542e-06	-2.42914376178e-06	-2.35946615368e-06	-3.2402754854e-06	-3.14286588298e-06	-4.0857563195e-06	197.815103674	198.441085113	199.067066553	199.693047993	200.319029432	200.945010872	201.570992312	202.196973751	202.822955191	203.448936631	-12.9936623498	-13.1065961332	-13.2195299167	-13.3324637002	-13.4453974836	-13.5583312671	-13.6712650505	-13.784198834	-13.8971326175	-14.0100664009	1.74928709965	1.74928709965	1.74928709965	1.74928709965	1.74928709965	1.74928709965	1.74928709965	1.74928709965	1.74928709965	1.74928709965	
4.95	170.122960042	170.247040044	170.371120046	170.495200048	170.61928005	170.743360052	170.867440054	170.991520056	171.115600058	171.23968006	0.0	0.0	-1.00907706963e-07	-1.95484527154e-07	-3.97608110891e-07	-5.90754436292e-07	-8.92162599154e-07	-1.18492516426e-06	-1.58697855303e-06	-1.97694535813e-06	0.0	-8.13247141544e-07	-7.62224521704e-07	-1.62897792111e-06	-1.55662735542e-06	-2.42914376178e-06	-2.35946615368e-06	-3.2402754854e-06	-3.14286588298e-06	-4.0857563195e-06	197.815103674	198.441085113	199.067066553	199.693047993	200.319029432	200.945010872	201.570992312	202.196973751	202.822955191	203.448936631	-12.9936623498	-13.1065961332	-13.2195299167	-13.3324637002	-13.4453974836	-13.5583312671	-13.6712650505	-13.784198834	-13.8971326175	-14.0100664009	1.74928709965	1.74928709965	1.74928709965	1.74928709965	1.74928709965	1.74928709965	1.74928709965	1.74928709965	1.74928709965	1.74928709965	
4.96666666667	170.122960042	170.247040044	170.371120046	170.495200048	170.61928005	170.743360052	170.867440054	170.991520056	171.115600058	171.23968006	0.0	0.0	-1.00907706963e-07	-1.95484527154e-07	-3.97608110891e-07	-5.90754436292e-07	-8.92162599154e-07	-1.18492516426e-06	-1.58697855303e-06	-1.97694535813e-06	0.0	-8.13247141544e-07	-7.62224521704e-07	-1.62897792111e-06	-1.55662735542e-06	-2.42914376178e-06	-2.35946615368e-06	-3.2402754854e-06	-3.14286588298e-06	-4.0857563195e-06	197.815103674	198.441085113	199.067066553	199.693047993	200.319029432	200.945010872	201.570992312	202.196973751	202.822955191	203.448936631	-12.9936623498	-13.1065961332	-13.2195299167	-13.3324637002	-13.4453974836	-13.5583312671	-13.6712650505	-13.784198834	-13.8971326175	-14.0100664009	1.74928709965	1.74928709965	1.74928709965	1.74928709965	1.74928709965	1.74928709965	1.74928709965	1.74928709965	1.74928709965	1.74928709965	
4.98333333333	170.122960042	170.247040044	170.371120046	170.495200048	170.61928005	170.743360052	170.867440054	170.991520056	171.115600058	171.23968006	0.0	0.0	-1.00907706963e-07	-1.95484527154e-07	-3.97608110891e-07	-5.90754436292e-07	-8.92162599154e-07	-1.18492516426e-06	-1.58697855303e-06	-1.97694535813e-06	0.0	-8.13247141544e-07	-7.62224521704e-07	-1.62897792111e-06	-1.55662735542e-06	-2.42914376178e-06	-2.35946615368e-06	-3.2402754854e-06	-3.14286588298e-06	-4.0857563195e-06	197.815103674	198.441085113	199.067066553	199.693047993	200.319029432	200.945010872	201.570992312	202.196973751	202.822955191	203.448936631	-12.9936623498	-13.1065961332	-13.2195299167	-13.3324637002	-13.4453974836	-13.5583312671	-13.6712650505	-13.784198834	-13.8971326175	-14.0100664009	1.74928709965	1.74928709965	1.74928709965	1.74928709965	1.74928709965	1.74928709965	1.74928709965	1.74928709965	1.74928709965	1.74928709965	
5.0	170.122960042	170.247040044	170.371120046	170.495200048	170.61928005	170.743360052	170.867440054	170.991520056	171.115600058	171.23968006	0.0	0.0	-1.00907706963e-07	-1.95484527154e-07	-3.97608110891e-07	-5.90754436292e-07	-8.92162599154e-07	-1.18492516426e-06	-1.58697855303e-06	-1.97694535813e-06	0.0	-8.13247141544e-07	-7.62224521704e-07	-1.62897792111e-06	-1.55662735542e-06	-2.42914376178e-06	-2.35946615368e-06	-3.2402754854e-06	-3.14286588298e-06	-4.0857563195e-06	197.815103674	198.441085113	199.067066553	199.693047993	200.319029432	200.945010872	201.570992312	202.196973751	202.822955191	203.448936631	-12.9936623498	-13.1065961332	-13.2195299167	-13.3324637002	-13.4453974836	-13.5583312671	-13.6712650505	-13.784198834	-13.8971326175	-14.0100664009	1.74928709965	1.74928709965	1.74928709965	1.74928709965	1.74928709965	1.74928709965	1.74928709965	1.74928709965	1.74928709965	1.74928709965	
5.01666666667	170.122960042	170.247040044	170.371120046	170.495200048	170.61928005	170.743360052	170.867440054	170.991520056	171.115600058	171.23968006	0.0	0.0	-1.00907706963e-07	-1.95484527154e-07	-3.97608110891e-07	-5.90754436292e-07	-8.92162599154e-07	-1.18492516426e-06	-1.58697855303e-06	-1.97694535813e-06	0.0	-8.13247141544e-07	-7.62224521704e-07	-1.62897792111e-06	-1.55662735542e-06	-2.42914376178e-06	-2.35946615368e-06	-3.2402754854e-06	-3.14286588298e-06	-4.0857563195e-06	197.815103674	198.441085113	199.067066553	199.693047993	200.319029432	200.945010872	201.570992312	202.196973751	202.822955191	203.448936631	-12.9936623498	-13.1065961332	-13.2195299167	-13.3324637002	-13.4453974836	-13.5583312671	-13.6712650505	-13.784198834	-13.8971326175	-14.0100664009	1.74928709965	1.74928709965	1.74928709965	1.74928709965	1.74928709965	1.74928709965	1.74928709965	1.74928709965	1.74928709965	1.74928709965	
5.03333333333	170.122960042	170.247040044	170.371120046	170.495200048	170.61928005	170.743360052	170.867440054	170.991520056	171.115600058	171.23968006	0.0	0.0	-1.00907706963e-07	-1.95484527154e-07	-3.97608110891e-07	-5.90754436292e-07	-8.92162599154e-07	-1.18492516426e-06	-1.58697855303e-06	-1.97694535813e-06	0.0	-8.13247141544e-07	-7.62224521704e-07	-1.62897792111e-06	-1.55662735542e-06	-2.42914376178e-06	-2.35946615368e-06	-3.2402754854e-06	-3.14286588298e-06	-4.0857563195e-06	197.815103674	198.441085113	199.067066553	199.693047993	200.319029432	200.945010872	201.570992312	202.196973751	202.822955191	203.448936631	-12.9936623498	-13.1065961332	-13.2195299167	-13.3324637002	-13.4453974836	-13.5583312671	-13.6712650505	-13.784198834	-13.8971326175	-14.0100664009	1.74928709965	1.74928709965	1.74928709965	1.74928709965	1.74928709965	1.74928709965	1.74928709965	1.74928709965	1.74928709965	1.74928709965	
5.05	170.122960042	170.247040044	170.371120046	170.495200048	170.61928005	170.743360052	170.867440054	170.991520056	171.115600058	171.23968006	0.0	0.0	-1.00907706963e-07	-1.95484527154e-07	-3.97608110891e-07	-5.90754436292e-07	-8.92162599154e-07	-1.18492516426e-06	-1.58697855303e-06	-1.97694535813e-06	0.0	-8.13247141544e-07	-7.62224521704e-07	-1.62897792111e-06	-1.55662735542e-06	-2.42914376178e-06	-2.35946615368e-06	-3.2402754854e-06	-3.14286588298e-06	-4.0857563195e-06	197.815103674	198.441085113	199.067066553	199.693047993	200.319029432	200.945010872	201.570992312	202.196973751	202.822955191	203.448936631	-12.9936623498	-13.1065961332	-13.2195299167	-13.3324637002	-13.4453974836	-13.5583312671	-13.6712650505	-13.784198834	-13.8971326175	-14.0100664009	1.74928709965	1.74928709965	1.74928709965	1.74928709965	1.74928709965	1.74928709965	1.74928709965	1.74928709965	1.74928709965	1.74928709965	
5.06666666667	170.122960042	170.247040044	170.371120046	170.495200048	170.61928005	170.743360052	170.867440054	170.991520056	171.115600058	171.23968006	0.0	0.0	-1.00907706963e-07	-1.95484527154e-07	-3.97608110891e-07	-5.90754436292e-07	-8.92162599154e-07	-1.18492516426e-06	-1.58697855303e-06	-1.97694535813e-06	0.0	-8.13247141544e-07	-7.62224521704e-07	-1.62897792111e-06	-1.55662735542e-06	-2.42914376178e-06	-2.35946615368e-06	-3.2402754854e-06	-3.14286588298e-06	-4.0857563195e-06	197.815103674	198.441085113	199.067066553	199.693047993	200.319029432	200.945010872	201.570992312	202.196973751	202.822955191	203.448936631	-12.9936623498	-13.1065961332	-13.2195299167	-13.3324637002	-13.4453974836	-13.5583312671	-13.6712650505	-13.784198834	-13.8971326175	-14.0100664009	1.74928709965	1.74928709965	1.74928709965	1.74928709965	1.74928709965	1.74928709965	1.74928709965	1.74928709965	1.74928709965	1.74928709965	
5.08333333333	170.122960042	170.247040044	170.371120046	170.495200048	170.61928005	170.743360052	170.867440054	170.991520056	171.115600058	171.23968006	0.0	0.0	-1.00907706963e-07	-1.95484527154e-07	-3.97608110891e-07	-5.90754436292e-07	-8.92162599154e-07	-1.18492516426e-06	-1.58697855303e-06	-1.97694535813e-06	0.0	-8.13247141544e-07	-7.62224521704e-07	-1.62897792111e-06	-1.55662735542e-06	-2.42914376178e-06	-2.35946615368e-06	-3.2402754854e-06	-3.14286588298e-06	-4.0857563195e-06	197.815103674	198.441085113	199.067066553	199.693047993	200.319029432	200.945010872	201.570992312	202.196973751	202.822955191	203.448936631	-12.9936623498	-13.1065961332	-13.2195299167	-13.3324637002	-13.4453974836	-13.5583312671	-13.6712650505	-13.784198834	-13.8971326175	-14.0100664009	1.74928709965	1.74928709965	1.74928709965	1.74928709965	1.74928709965	1.74928709965	1.74928709965	1.74928709965	1.74928709965	1.74928709965	
5.1	170.122960042	170.247040044	170.371120046	170.495200048	170.61928005	170.743360052	170.867440054	170.991520056	171.115600058	171.23968006	0.0	0.0	-1.00907706963e-07	-1.95484527154e-07	-3.97608110891e-07	-5.90754436292e-07	-8.92162599154e-07	-1.18492516426e-06	-1.58697855303e-06	-1.97694535813e-06	0.0	-8.13247141544e-07	-7.62224521704e-07	-1.62897792111e-06	-1.55662735542e-06	-2.42914376178e-06	-2.35946615368e-06	-3.2402754854e-06	-3.14286588298e-06	-4.0857563195e-06	197.815103674	198.441085113	199.067066553	199.693047993	200.319029432	200.945010872	201.570992312	202.196973751	202.822955191	203.448936631	-12.9936623498	-13.1065961332	-13.2195299167	-13.3324637002	-13.4453974836	-13.5583312671	-13.6712650505	-13.784198834	-13.8971326175	-14.0100664009	1.74928709965	1.74928709965	1.74928709965	1.74928709965	1.74928709965	1.74928709965	1.74928709965	1.74928709965	1.74928709965	1.74928709965	
5.11666666667	170.122960042	170.247040044	170.371120046	170.495200048	170.61928005	170.743360052	170.867440054	170.991520056	171.115600058	171.23968006	0.0	0.0	-1.00907706963e-07	-1.95484527154e-07	-3.97608110891e-07	-5.90754436292e-07	-8.92162599154e-07	-1.18492516426e-06	-1.58697855303e-06	-1.97694535813e-06	0.0	-8.13247141544e-07	-7.62224521704e-07	-1.62897792111e-06	-1.55662735542e-06	-2.42914376178e-06	-2.35946615368e-06	-3.2402754854e-06	-3.14286588298e-06	-4.0857563195e-06	197.815103674	198.441085113	199.067066553	199.693047993	200.319029432	200.945010872	201.570992312	202.196973751	202.822955191	203.448936631	-12.9936623498	-13.1065961332	-13.2195299167	-13.3324637002	-13.4453974836	-13.5583312671	-13.6712650505	-13.784198834	-13.8971326175	-14.0100664009	1.74928709965	1.74928709965	1.74928709965	1.74928709965	1.74928709965	1.74928709965	1.74928709965	1.74928709965	1.74928709965	1.74928709965	
5.13333333333	170.122960042	170.247040044	170.371120046	170.495200048	170.61928005	170.743360052	170.867440054	170.991520056	171.115600058	171.23968006	0.0	0.0	-1.00907706963e-07	-1.95484527154e-07	-3.97608110891e-07	-5.90754436292e-07	-8.92162599154e-07	-1.18492516426e-06	-1.58697855303e-06	-1.97694535813e-06	0.0	-8.13247141544e-07	-7.62224521704e-07	-1.62897792111e-06	-1.55662735542e-06	-2.42914376178e-06	-2.35946615368e-06	-3.2402754854e-06	-3.14286588298e-06	-4.0857563195e-06	197.815103674	198.441085113	199.067066553	199.693047993	200.319029432	200.945010872	201.570992312	202.196973751	202.822955191	203.448936631	-12.9936623498	-13.1065961332	-13.2195299167	-13.3324637002	-13.4453974836	-13.5583312671	-13.6712650505	-13.784198834	-13.8971326175	-14.0100664009	1.74928709965	1.74928709965	1.74928709965	1.74928709965	1.74928709965	1.74928709965	1.74928709965	1.74928709965	1.74928709965	1.74928709965	
5.15	170.122960042	170.247040044	170.371120046	170.495200048	170.61928005	170.743360052	170.867440054	170.991520056	171.115600058	171.23968006	0.0	0.0	-1.00907706963e-07	-1.95484527154e-07	-3.97608110891e-07	-5.90754436292e-07	-8.92162599154e-07	-1.18492516426e-06	-1.58697855303e-06	-1.97694535813e-06	0.0	-8.13247141544e-07	-7.62224521704e-07	-1.62897792111e-06	-1.55662735542e-06	-2.42914376178e-06	-2.35946615368e-06	-3.2402754854e-06	-3.14286588298e-06	-4.0857563195e-06	197.815103674	198.441085113	199.067066553	199.693047993	200.319029432	200.945010872	201.570992312	202.196973751	202.822955191	203.448936631	-12.9936623498	-13.1065961332	-13.2195299167	-13.3324637002	-13.4453974836	-13.5583312671	-13.6712650505	-13.784198834	-13.8971326175	-14.0100664009	1.74928709965	1.74928709965	1.74928709965	1.74928709965	1.74928709965	1.74928709965	1.74928709965	1.74928709965	1.74928709965	1.74928709965	
5.16666666667	170.122960042	170.247040044	170.371120046	170.495200048	170.61928005	170.743360052	170.867440054	170.991520056	171.115600058	171.23968006	0.0	0.0	-1.00907706963e-07	-1.95484527154e-07	-3.97608110891e-07	-5.90754436292e-07	-8.92162599154e-07	-1.18492516426e-06	-1.58697855303e-06	-1.97694535813e-06	0.0	-8.13247141544e-07	-7.62224521704e-07	-1.62897792111e-06	-1.55662735542e-06	-2.42914376178e-06	-2.35946615368e-06	-3.2402754854e-06	-3.14286588298e-06	-4.0857563195e-06	197.815103674	198.441085113	199.067066553	199.693047993	200.319029432	200.945010872	201.570992312	202.196973751	202.822955191	203.448936631	-12.9936623498	-13.1065961332	-13.2195299167	-13.3324637002	-13.4453974836	-13.5583312671	-13.6712650505	-13.784198834	-13.8971326175	-14.0100664009	1.74928709965	1.74928709965	1.74928709965	1.74928709965	1.74928709965	1.74928709965	1.74928709965	1.74928709965	1.74928709965	1.74928709965	
5.18333333333	170.122960042	170.247040044	170.371120046	170.495200048	170.61928005	170.743360052	170.867440054	170.991520056	171.115600058	171.23968006	0.0	0.0	-1.00907706963e-07	-1.95484527154e-07	-3.97608110891e-07	-5.90754436292e-07	-8.92162599154e-07	-1.18492516426e-06	-1.58697855303e-06	-1.97694535813e-06	0.0	-8.13247141544e-07	-7.62224521704e-07	-1.62897792111e-06	-1.55662735542e-06	-2.42914376178e-06	-2.35946615368e-06	-3.2402754854e-06	-3.14286588298e-06	-4.0857563195e-06	197.815103674	198.441085113	199.067066553	199.693047993	200.319029432	200.945010872	201.570992312	202.196973751	202.822955191	203.448936631	-12.9936623498	-13.1065961332	-13.2195299167	-13.3324637002	-13.4453974836	-13.5583312671	-13.6712650505	-13.784198834	-13.8971326175	-14.0100664009	1.74928709965	1.74928709965	1.74928709965	1.74928709965	1.74928709965	1.74928709965	1.74928709965	1.74928709965	1.74928709965	1.74928709965	
5.2	170.122960042	170.247040044	170.371120046	170.495200048	170.61928005	170.743360052	170.867440054	170.991520056	171.115600058	171.23968006	0.0	0.0	-1.00907706963e-07	-1.95484527154e-07	-3.97608110891e-07	-5.90754436292e-07	-8.92162599154e-07	-1.18492516426e-06	-1.58697855303e-06	-1.97694535813e-06	0.0	-8.13247141544e-07	-7.62224521704e-07	-1.62897792111e-06	-1.55662735542e-06	-2.42914376178e-06	-2.35946615368e-06	-3.2402754854e-06	-3.14286588298e-06	-4.0857563195e-06	197.815103674	198.441085113	199.067066553	199.693047993	200.319029432	200.945010872	201.570992312	202.196973751	202.822955191	203.448936631	-12.9936623498	-13.1065961332	-13.2195299167	-13.3324637002	-13.4453974836	-13.5583312671	-13.6712650505	-13.784198834	-13.8971326175	-14.0100664009	1.74928709965	1.74928709965	1.74928709965	1.74928709965	1.74928709965	1.74928709965	1.74928709965	1.74928709965	1.74928709965	1.74928709965	
5.21666666667	170.122960042	170.247040044	170.371120046	170.495200048	170.61928005	170.743360052	170.867440054	170.991520056	171.115600058	171.23968006	0.0	0.0	-1.00907706963e-07	-1.95484527154e-07	-3.97608110891e-07	-5.90754436292e-07	-8.92162599154e-07	-1.18492516426e-06	-1.58697855303e-06	-1.97694535813e-06	0.0	-8.13247141544e-07	-7.62224521704e-07	-1.62897792111e-06	-1.55662735542e-06	-2.42914376178e-06	-2.35946615368e-06	-3.2402754854e-06	-3.14286588298e-06	-4.0857563195e-06	197.815103674	198.441085113	199.067066553	199.693047993	200.319029432	200.945010872	201.570992312	202.196973751	202.822955191	203.448936631	-12.9936623498	-13.1065961332	-13.2195299167	-13.3324637002	-13.4453974836	-13.5583312671	-13.6712650505	-13.784198834	-13.8971326175	-14.0100664009	1.74928709965	1.74928709965	1.74928709965	1.74928709965	1.74928709965	1.74928709965	1.74928709965	1.74928709965	1.74928709965	1.74928709965	
5.23333333333	170.122960042	170.247040044	170.371120046	170.495200048	170.61928005	170.743360052	170.867440054	170.991520056	171.115600058	171.23968006	0.0	0.0	-1.00907706963e-07	-1.95484527154e-07	-3.97608110891e-07	-5.90754436292e-07	-8.92162599154e-07	-1.18492516426e-06	-1.58697855303e-06	-1.97694535813e-06	0.0	-8.13247141544e-07	-7.62224521704e-07	-1.62897792111e-06	-1.55662735542e-06	-2.42914376178e-06	-2.35946615368e-06	-3.2402754854e-06	-3.14286588298e-06	-4.0857563195e-06	197.815103674	198.441085113	199.067066553	199.693047993	200.319029432	200.945010872	201.570992312	202.196973751	202.822955191	203.448936631	-12.9936623498	-13.1065961332	-13.2195299167	-13.3324637002	-13.4453974836	-13.5583312671	-13.6712650505	-13.784198834	-13.8971326175	-14.0100664009	1.74928709965	1.74928709965	1.74928709965	1.74928709965	1.74928709965	1.74928709965	1.74928709965	1.74928709965	1.74928709965	1.74928709965	
5.25	170.122960042	170.247040044	170.371120046	170.495200048	170.61928005	170.743360052	170.867440054	170.991520056	171.115600058	171.23968006	0.0	0.0	-1.00907706963e-07	-1.95484527154e-07	-3.97608110891e-07	-5.90754436292e-07	-8.92162599154e-07	-1.18492516426e-06	-1.58697855303e-06	-1.97694535813e-06	0.0	-8.13247141544e-07	-7.62224521704e-07	-1.62897792111e-06	-1.55662735542e-06	-2.42914376178e-06	-2.35946615368e-06	-3.2402754854e-06	-3.14286588298e-06	-4.0857563195e-06	197.815103674	198.441085113	199.067066553	199.693047993	200.319029432	200.945010872	201.570992312	202.196973751	202.822955191	203.448936631	-12.9936623498	-13.1065961332	-13.2195299167	-13.3324637002	-13.4453974836	-13.5583312671	-13.6712650505	-13.784198834	-13.8971326175	-14.0100664009	1.74928709965	1.74928709965	1.74928709965	1.74928709965	1.74928709965	1.74928709965	1.74928709965	1.74928709965	1.74928709965	1.74928709965	
5.26666666667	170.122960042	170.247040044	170.371120046	170.495200048	170.61928005	170.743360052	170.867440054	170.991520056	171.115600058	171.23968006	0.0	0.0	-1.00907706963e-07	-1.95484527154e-07	-3.97608110891e-07	-5.90754436292e-07	-8.92162599154e-07	-1.18492516426e-06	-1.58697855303e-06	-1.97694535813e-06	0.0	-8.13247141544e-07	-7.62224521704e-07	-1.62897792111e-06	-1.55662735542e-06	-2.42914376178e-06	-2.35946615368e-06	-3.2402754854e-06	-3.14286588298e-06	-4.0857563195e-06	197.815103674	198.441085113	199.067066553	199.693047993	200.319029432	200.945010872	201.570992312	202.196973751	202.822955191	203.448936631	-12.9936623498	-13.1065961332	-13.2195299167	-13.3324637002	-13.4453974836	-13.5583312671	-13.6712650505	-13.784198834	-13.8971326175	-14.0100664009	1.74928709965	1.74928709965	1.74928709965	1.74928709965	1.74928709965	1.74928709965	1.74928709965	1.74928709965	1.74928709965	1.74928709965	
5.28333333333	170.122960042	170.247040044	170.371120046	170.495200048	170.61928005	170.743360052	170.867440054	170.991520056	171.115600058	171.23968006	0.0	0.0	-1.00907706963e-07	-1.95484527154e-07	-3.97608110891e-07	-5.90754436292e-07	-8.92162599154e-07	-1.18492516426e-06	-1.58697855303e-06	-1.97694535813e-06	0.0	-8.13247141544e-07	-7.62224521704e-07	-1.62897792111e-06	-1.55662735542e-06	-2.42914376178e-06	-2.35946615368e-06	-3.2402754854e-06	-3.14286588298e-06	-4.0857563195e-06	197.815103674	198.441085113	199.067066553	199.693047993	200.319029432	200.945010872	201.570992312	202.196973751	202.822955191	203.448936631	-12.9936623498	-13.1065961332	-13.2195299167	-13.3324637002	-13.4453974836	-13.5583312671	-13.6712650505	-13.784198834	-13.8971326175	-14.0100664009	1.74928709965	1.74928709965	1.74928709965	1.74928709965	1.74928709965	1.74928709965	1.74928709965	1.74928709965	1.74928709965	1.74928709965	
5.3	170.122960042	170.247040044	170.371120046	170.495200048	170.61928005	170.743360052	170.867440054	170.991520056	171.115600058	171.23968006	0.0	0.0	-1.00907706963e-07	-1.95484527154e-07	-3.97608110891e-07	-5.90754436292e-07	-8.92162599154e-07	-1.18492516426e-06	-1.58697855303e-06	-1.97694535813e-06	0.0	-8.13247141544e-07	-7.62224521704e-07	-1.62897792111e-06	-1.55662735542e-06	-2.42914376178e-06	-2.35946615368e-06	-3.2402754854e-06	-3.14286588298e-06	-4.0857563195e-06	197.815103674	198.441085113	199.067066553	199.693047993	200.319029432	200.945010872	201.570992312	202.196973751	202.822955191	203.448936631	-12.9936623498	-13.1065961332	-13.2195299167	-13.3324637002	-13.4453974836	-13.5583312671	-13.6712650505	-13.784198834	-13.8971326175	-14.0100664009	1.74928709965	1.74928709965	1.74928709965	1.74928709965	1.74928709965	1.74928709965	1.74928709965	1.74928709965	1.74928709965	1.74928709965	
5.31666666667	170.122960042	170.247040044	170.371120046	170.495200048	170.61928005	170.743360052	170.867440054	170.991520056	171.115600058	171.23968006	0.0	0.0	-1.00907706963e-07	-1.95484527154e-07	-3.97608110891e-07	-5.90754436292e-07	-8.92162599154e-07	-1.18492516426e-06	-1.58697855303e-06	-1.97694535813e-06	0.0	-8.13247141544e-07	-7.62224521704e-07	-1.62897792111e-06	-1.55662735542e-06	-2.42914376178e-06	-2.35946615368e-06	-3.2402754854e-06	-3.14286588298e-06	-4.0857563195e-06	197.815103674	198.441085113	199.067066553	199.693047993	200.319029432	200.945010872	201.570992312	202.196973751	202.822955191	203.448936631	-12.9936623498	-13.1065961332	-13.2195299167	-13.3324637002	-13.4453974836	-13.5583312671	-13.6712650505	-13.784198834	-13.8971326175	-14.0100664009	1.74928709965	1.74928709965	1.74928709965	1.74928709965	1.74928709965	1.74928709965	1.74928709965	1.74928709965	1.74928709965	1.74928709965	
5.33333333333	170.122960042	170.247040044	170.371120046	170.495200048	170.61928005	170.743360052	170.867440054	170.991520056	171.115600058	171.23968006	0.0	0.0	-1.00907706963e-07	-1.95484527154e-07	-3.97608110891e-07	-5.90754436292e-07	-8.92162599154e-07	-1.18492516426e-06	-1.58697855303e-06	-1.97694535813e-06	0.0	-8.13247141544e-07	-7.62224521704e-07	-1.62897792111e-06	-1.55662735542e-06	-2.42914376178e-06	-2.35946615368e-06	-3.2402754854e-06	-3.14286588298e-06	-4.0857563195e-06	197.815103674	198.441085113	199.067066553	199.693047993	200.319029432	200.945010872	201.570992312	202.196973751	202.822955191	203.448936631	-12.9936623498	-13.1065961332	-13.2195299167	-13.3324637002	-13.4453974836	-13.5583312671	-13.6712650505	-13.784198834	-13.8971326175	-14.0100664009	1.74928709965	1.74928709965	1.74928709965	1.74928709965	1.74928709965	1.74928709965	1.74928709965	1.74928709965	1.74928709965	1.74928709965	
5.35	170.122960042	170.247040044	170.371120046	170.495200048	170.61928005	170.743360052	170.867440054	170.991520056	171.115600058	171.23968006	0.0	0.0	-1.00907706963e-07	-1.95484527154e-07	-3.97608110891e-07	-5.90754436292e-07	-8.92162599154e-07	-1.18492516426e-06	-1.58697855303e-06	-1.97694535813e-06	0.0	-8.13247141544e-07	-7.62224521704e-07	-1.62897792111e-06	-1.55662735542e-06	-2.42914376178e-06	-2.35946615368e-06	-3.2402754854e-06	-3.14286588298e-06	-4.0857563195e-06	197.815103674	198.441085113	199.067066553	199.693047993	200.319029432	200.945010872	201.570992312	202.196973751	202.822955191	203.448936631	-12.9936623498	-13.1065961332	-13.2195299167	-13.3324637002	-13.4453974836	-13.5583312671	-13.6712650505	-13.784198834	-13.8971326175	-14.0100664009	1.74928709965	1.74928709965	1.74928709965	1.74928709965	1.74928709965	1.74928709965	1.74928709965	1.74928709965	1.74928709965	1.74928709965	
5.36666666667	170.122960042	170.247040044	170.371120046	170.495200048	170.61928005	170.743360052	170.867440054	170.991520056	171.115600058	171.23968006	0.0	0.0	-1.00907706963e-07	-1.95484527154e-07	-3.97608110891e-07	-5.90754436292e-07	-8.92162599154e-07	-1.18492516426e-06	-1.58697855303e-06	-1.97694535813e-06	0.0	-8.13247141544e-07	-7.62224521704e-07	-1.62897792111e-06	-1.55662735542e-06	-2.42914376178e-06	-2.35946615368e-06	-3.2402754854e-06	-3.14286588298e-06	-4.0857563195e-06	197.815103674	198.441085113	199.067066553	199.693047993	200.319029432	200.945010872	201.570992312	202.196973751	202.822955191	203.448936631	-12.9936623498	-13.1065961332	-13.2195299167	-13.3324637002	-13.4453974836	-13.5583312671	-13.6712650505	-13.784198834	-13.8971326175	-14.0100664009	1.74928709965	1.74928709965	1.74928709965	1.74928709965	1.74928709965	1.74928709965	1.74928709965	1.74928709965	1.74928709965	1.74928709965	
5.38333333333	170.122960042	170.247040044	170.371120046	170.495200048	170.61928005	170.743360052	170.867440054	170.991520056	171.115600058	171.23968006	0.0	0.0	-1.00907706963e-07	-1.95484527154e-07	-3.97608110891e-07	-5.90754436292e-07	-8.92162599154e-07	-1.18492516426e-06	-1.58697855303e-06	-1.97694535813e-06	0.0	-8.13247141544e-07	-7.62224521704e-07	-1.62897792111e-06	-1.55662735542e-06	-2.42914376178e-06	-2.35946615368e-06	-3.2402754854e-06	-3.14286588298e-06	-4.0857563195e-06	197.815103674	198.441085113	199.067066553	199.693047993	200.319029432	200.945010872	201.570992312	202.196973751	202.822955191	203.448936631	-12.9936623498	-13.1065961332	-13.2195299167	-13.3324637002	-13.4453974836	-13.5583312671	-13.6712650505	-13.784198834	-13.8971326175	-14.0100664009	1.74928709965	1.74928709965	1.74928709965	1.74928709965	1.74928709965	1.74928709965	1.74928709965	1.74928709965	1.74928709965	1.74928709965	
5.4	170.122960042	170.247040044	170.371120046	170.495200048	170.61928005	170.743360052	170.867440054	170.991520056	171.115600058	171.23968006	0.0	0.0	-1.00907706963e-07	-1.95484527154e-07	-3.97608110891e-07	-5.90754436292e-07	-8.92162599154e-07	-1.18492516426e-06	-1.58697855303e-06	-1.97694535813e-06	0.0	-8.13247141544e-07	-7.62224521704e-07	-1.62897792111e-06	-1.55662735542e-06	-2.42914376178e-06	-2.35946615368e-06	-3.2402754854e-06	-3.14286588298e-06	-4.0857563195e-06	197.815103674	198.441085113	199.067066553	199.693047993	200.319029432	200.945010872	201.570992312	202.196973751	202.822955191	203.448936631	-12.9936623498	-13.1065961332	-13.2195299167	-13.3324637002	-13.4453974836	-13.5583312671	-13.6712650505	-13.784198834	-13.8971326175	-14.0100664009	1.74928709965	1.74928709965	1.74928709965	1.74928709965	1.74928709965	1.74928709965	1.74928709965	1.74928709965	1.74928709965	1.74928709965	
5.41666666667	170.122960042	170.247040044	170.371120046	170.495200048	170.61928005	170.743360052	170.867440054	170.991520056	171.115600058	171.23968006	0.0	0.0	-1.00907706963e-07	-1.95484527154e-07	-3.97608110891e-07	-5.90754436292e-07	-8.92162599154e-07	-1.18492516426e-06	-1.58697855303e-06	-1.97694535813e-06	0.0	-8.13247141544e-07	-7.62224521704e-07	-1.62897792111e-06	-1.55662735542e-06	-2.42914376178e-06	-2.35946615368e-06	-3.2402754854e-06	-3.14286588298e-06	-4.0857563195e-06	197.815103674	198.441085113	199.067066553	199.693047993	200.319029432	200.945010872	201.570992312	202.196973751	202.822955191	203.448936631	-12.9936623498	-13.1065961332	-13.2195299167	-13.3324637002	-13.4453974836	-13.5583312671	-13.6712650505	-13.784198834	-13.8971326175	-14.0100664009	1.74928709965	1.74928709965	1.74928709965	1.74928709965	1.74928709965	1.74928709965	1.74928709965	1.74928709965	1.74928709965	1.74928709965	
5.43333333333	170.122960042	170.247040044	170.371120046	170.495200048	170.61928005	170.743360052	170.867440054	170.991520056	171.115600058	171.23968006	0.0	0.0	-1.00907706963e-07	-1.95484527154e-07	-3.97608110891e-07	-5.90754436292e-07	-8.92162599154e-07	-1.18492516426e-06	-1.58697855303e-06	-1.97694535813e-06	0.0	-8.13247141544e-07	-7.62224521704e-07	-1.62897792111e-06	-1.55662735542e-06	-2.42914376178e-06	-2.35946615368e-06	-3.2402754854e-06	-3.14286588298e-06	-4.0857563195e-06	197.815103674	198.441085113	199.067066553	199.693047993	200.319029432	200.945010872	201.570992312	202.196973751	202.822955191	203.448936631	-12.9936623498	-13.1065961332	-13.2195299167	-13.3324637002	-13.4453974836	-13.5583312671	-13.6712650505	-13.784198834	-13.8971326175	-14.0100664009	1.74928709965	1.74928709965	1.74928709965	1.74928709965	1.74928709965	1.74928709965	1.74928709965	1.74928709965	1.74928709965	1.74928709965	
5.45	170.122960042	170.247040044	170.371120046	170.495200048	170.61928005	170.743360052	170.867440054	170.991520056	171.115600058	171.23968006	0.0	0.0	-1.00907706963e-07	-1.95484527154e-07	-3.97608110891e-07	-5.90754436292e-07	-8.92162599154e-07	-1.18492516426e-06	-1.58697855303e-06	-1.97694535813e-06	0.0	-8.13247141544e-07	-7.62224521704e-07	-1.62897792111e-06	-1.55662735542e-06	-2.42914376178e-06	-2.35946615368e-06	-3.2402754854e-06	-3.14286588298e-06	-4.0857563195e-06	197.815103674	198.441085113	199.067066553	199.693047993	200.319029432	200.945010872	201.570992312	202.196973751	202.822955191	203.448936631	-12.9936623498	-13.1065961332	-13.2195299167	-13.3324637002	-13.4453974836	-13.5583312671	-13.6712650505	-13.784198834	-13.8971326175	-14.0100664009	1.74928709965	1.74928709965	1.74928709965	1.74928709965	1.74928709965	1.74928709965	1.74928709965	1.74928709965	1.74928709965	1.74928709965	
5.46666666667	170.122960042	170.247040044	170.371120046	170.495200048	170.61928005	170.743360052	170.867440054	170.991520056	171.115600058	171.23968006	0.0	0.0	-1.00907706963e-07	-1.95484527154e-07	-3.97608110891e-07	-5.90754436292e-07	-8.92162599154e-07	-1.18492516426e-06	-1.58697855303e-06	-1.97694535813e-06	0.0	-8.13247141544e-07	-7.62224521704e-07	-1.62897792111e-06	-1.55662735542e-06	-2.42914376178e-06	-2.35946615368e-06	-3.2402754854e-06	-3.14286588298e-06	-4.0857563195e-06	197.815103674	198.441085113	199.067066553	199.693047993	200.319029432	200.945010872	201.570992312	202.196973751	202.822955191	203.448936631	-12.9936623498	-13.1065961332	-13.2195299167	-13.3324637002	-13.4453974836	-13.5583312671	-13.6712650505	-13.784198834	-13.8971326175	-14.0100664009	1.74928709965	1.74928709965	1.74928709965	1.74928709965	1.74928709965	1.74928709965	1.74928709965	1.74928709965	1.74928709965	1.74928709965	
5.48333333333	170.122960042	170.247040044	170.371120046	170.495200048	170.61928005	170.743360052	170.867440054	170.991520056	171.115600058	171.23968006	0.0	0.0	-1.00907706963e-07	-1.95484527154e-07	-3.97608110891e-07	-5.90754436292e-07	-8.92162599154e-07	-1.18492516426e-06	-1.58697855303e-06	-1.97694535813e-06	0.0	-8.13247141544e-07	-7.62224521704e-07	-1.62897792111e-06	-1.55662735542e-06	-2.42914376178e-06	-2.35946615368e-06	-3.2402754854e-06	-3.14286588298e-06	-4.0857563195e-06	197.815103674	198.441085113	199.067066553	199.693047993	200.319029432	200.945010872	201.570992312	202.196973751	202.822955191	203.448936631	-12.9936623498	-13.1065961332	-13.2195299167	-13.3324637002	-13.4453974836	-13.5583312671	-13.6712650505	-13.784198834	-13.8971326175	-14.0100664009	1.74928709965	1.74928709965	1.74928709965	1.74928709965	1.74928709965	1.74928709965	1.74928709965	1.74928709965	1.74928709965	1.74928709965	
5.5	170.122960042	170.247040044	170.371120046	170.495200048	170.61928005	170.743360052	170.867440054	170.991520056	171.115600058	171.23968006	0.0	0.0	-1.00907706963e-07	-1.95484527154e-07	-3.97608110891e-07	-5.90754436292e-07	-8.92162599154e-07	-1.18492516426e-06	-1.58697855303e-06	-1.97694535813e-06	0.0	-8.13247141544e-07	-7.62224521704e-07	-1.62897792111e-06	-1.55662735542e-06	-2.42914376178e-06	-2.35946615368e-06	-3.2402754854e-06	-3.14286588298e-06	-4.0857563195e-06	197.815103674	198.441085113	199.067066553	199.693047993	200.319029432	200.945010872	201.570992312	202.196973751	202.822955191	203.448936631	-12.9936623498	-13.1065961332	-13.2195299167	-13.3324637002	-13.4453974836	-13.5583312671	-13.6712650505	-13.784198834	-13.8971326175	-14.0100664009	1.74928709965	1.74928709965	1.74928709965	1.74928709965	1.74928709965	1.74928709965	1.74928709965	1.74928709965	1.74928709965	1.74928709965	
5.51666666667	170.122960042	170.247040044	170.371120046	170.495200048	170.61928005	170.743360052	170.867440054	170.991520056	171.115600058	171.23968006	0.0	0.0	-1.00907706963e-07	-1.95484527154e-07	-3.97608110891e-07	-5.90754436292e-07	-8.92162599154e-07	-1.18492516426e-06	-1.58697855303e-06	-1.97694535813e-06	0.0	-8.13247141544e-07	-7.62224521704e-07	-1.62897792111e-06	-1.55662735542e-06	-2.42914376178e-06	-2.35946615368e-06	-3.2402754854e-06	-3.14286588298e-06	-4.0857563195e-06	197.815103674	198.441085113	199.067066553	199.693047993	200.319029432	200.945010872	201.570992312	202.196973751	202.822955191	203.448936631	-12.9936623498	-13.1065961332	-13.2195299167	-13.3324637002	-13.4453974836	-13.5583312671	-13.6712650505	-13.784198834	-13.8971326175	-14.0100664009	1.74928709965	1.74928709965	1.74928709965	1.74928709965	1.74928709965	1.74928709965	1.74928709965	1.74928709965	1.74928709965	1.74928709965	
5.53333333333	170.122960042	170.247040044	170.371120046	170.495200048	170.61928005	170.743360052	170.867440054	170.991520056	171.115600058	171.23968006	0.0	0.0	-1.00907706963e-07	-1.95484527154e-07	-3.97608110891e-07	-5.90754436292e-07	-8.92162599154e-07	-1.18492516426e-06	-1.58697855303e-06	-1.97694535813e-06	0.0	-8.13247141544e-07	-7.62224521704e-07	-1.62897792111e-06	-1.55662735542e-06	-2.42914376178e-06	-2.35946615368e-06	-3.2402754854e-06	-3.14286588298e-06	-4.0857563195e-06	197.815103674	198.441085113	199.067066553	199.693047993	200.319029432	200.945010872	201.570992312	202.196973751	202.822955191	203.448936631	-12.9936623498	-13.1065961332	-13.2195299167	-13.3324637002	-13.4453974836	-13.5583312671	-13.6712650505	-13.784198834	-13.8971326175	-14.0100664009	1.74928709965	1.74928709965	1.74928709965	1.74928709965	1.74928709965	1.74928709965	1.74928709965	1.74928709965	1.74928709965	1.74928709965	
5.55	170.122960042	170.247040044	170.371120046	170.495200048	170.61928005	170.743360052	170.867440054	170.991520056	171.115600058	171.23968006	0.0	0.0	-1.00907706963e-07	-1.95484527154e-07	-3.97608110891e-07	-5.90754436292e-07	-8.92162599154e-07	-1.18492516426e-06	-1.58697855303e-06	-1.97694535813e-06	0.0	-8.13247141544e-07	-7.62224521704e-07	-1.62897792111e-06	-1.55662735542e-06	-2.42914376178e-06	-2.35946615368e-06	-3.2402754854e-06	-3.14286588298e-06	-4.0857563195e-06	197.815103674	198.441085113	199.067066553	199.693047993	200.319029432	200.945010872	201.570992312	202.196973751	202.822955191	203.448936631	-12.9936623498	-13.1065961332	-13.2195299167	-13.3324637002	-13.4453974836	-13.5583312671	-13.6712650505	-13.784198834	-13.8971326175	-14.0100664009	1.74928709965	1.74928709965	1.74928709965	1.74928709965	1.74928709965	1.74928709965	1.74928709965	1.74928709965	1.74928709965	1.74928709965	
5.56666666667	170.122960042	170.247040044	170.371120046	170.495200048	170.61928005	170.743360052	170.867440054	170.991520056	171.115600058	171.23968006	0.0	0.0	-1.00907706963e-07	-1.95484527154e-07	-3.97608110891e-07	-5.90754436292e-07	-8.92162599154e-07	-1.18492516426e-06	-1.58697855303e-06	-1.97694535813e-06	0.0	-8.13247141544e-07	-7.62224521704e-07	-1.62897792111e-06	-1.55662735542e-06	-2.42914376178e-06	-2.35946615368e-06	-3.2402754854e-06	-3.14286588298e-06	-4.0857563195e-06	197.815103674	198.441085113	199.067066553	199.693047993	200.319029432	200.945010872	201.570992312	202.196973751	202.822955191	203.448936631	-12.9936623498	-13.1065961332	-13.2195299167	-13.3324637002	-13.4453974836	-13.5583312671	-13.6712650505	-13.784198834	-13.8971326175	-14.0100664009	1.74928709965	1.74928709965	1.74928709965	1.74928709965	1.74928709965	1.74928709965	1.74928709965	1.74928709965	1.74928709965	1.74928709965	
5.58333333333	170.122960042	170.247040044	170.371120046	170.495200048	170.61928005	170.743360052	170.867440054	170.991520056	171.115600058	171.23968006	0.0	0.0	-1.00907706963e-07	-1.95484527154e-07	-3.97608110891e-07	-5.90754436292e-07	-8.92162599154e-07	-1.18492516426e-06	-1.58697855303e-06	-1.97694535813e-06	0.0	-8.13247141544e-07	-7.62224521704e-07	-1.62897792111e-06	-1.55662735542e-06	-2.42914376178e-06	-2.35946615368e-06	-3.2402754854e-06	-3.14286588298e-06	-4.0857563195e-06	197.815103674	198.441085113	199.067066553	199.693047993	200.319029432	200.945010872	201.570992312	202.196973751	202.822955191	203.448936631	-12.9936623498	-13.1065961332	-13.2195299167	-13.3324637002	-13.4453974836	-13.5583312671	-13.6712650505	-13.784198834	-13.8971326175	-14.0100664009	1.74928709965	1.74928709965	1.74928709965	1.74928709965	1.74928709965	1.74928709965	1.74928709965	1.74928709965	1.74928709965	1.74928709965	
5.6	170.122960042	170.247040044	170.371120046	170.495200048	170.61928005	170.743360052	170.867440054	170.991520056	171.115600058	171.23968006	0.0	0.0	-1.00907706963e-07	-1.95484527154e-07	-3.97608110891e-07	-5.90754436292e-07	-8.92162599154e-07	-1.18492516426e-06	-1.58697855303e-06	-1.97694535813e-06	0.0	-8.13247141544e-07	-7.62224521704e-07	-1.62897792111e-06	-1.55662735542e-06	-2.42914376178e-06	-2.35946615368e-06	-3.2402754854e-06	-3.14286588298e-06	-4.0857563195e-06	197.815103674	198.441085113	199.067066553	199.693047993	200.319029432	200.945010872	201.570992312	202.196973751	202.822955191	203.448936631	-12.9936623498	-13.1065961332	-13.2195299167	-13.3324637002	-13.4453974836	-13.5583312671	-13.6712650505	-13.784198834	-13.8971326175	-14.0100664009	1.74928709965	1.74928709965	1.74928709965	1.74928709965	1.74928709965	1.74928709965	1.74928709965	1.74928709965	1.74928709965	1.74928709965	
5.61666666667	170.122960042	170.247040044	170.371120046	170.495200048	170.61928005	170.743360052	170.867440054	170.991520056	171.115600058	171.23968006	0.0	0.0	-1.00907706963e-07	-1.95484527154e-07	-3.97608110891e-07	-5.90754436292e-07	-8.92162599154e-07	-1.18492516426e-06	-1.58697855303e-06	-1.97694535813e-06	0.0	-8.13247141544e-07	-7.62224521704e-07	-1.62897792111e-06	-1.55662735542e-06	-2.42914376178e-06	-2.35946615368e-06	-3.2402754854e-06	-3.14286588298e-06	-4.0857563195e-06	197.815103674	198.441085113	199.067066553	199.693047993	200.319029432	200.945010872	201.570992312	202.196973751	202.822955191	203.448936631	-12.9936623498	-13.1065961332	-13.2195299167	-13.3324637002	-13.4453974836	-13.5583312671	-13.6712650505	-13.784198834	-13.8971326175	-14.0100664009	1.74928709965	1.74928709965	1.74928709965	1.74928709965	1.74928709965	1.74928709965	1.74928709965	1.74928709965	1.74928709965	1.74928709965	
5.63333333333	170.122960042	170.247040044	170.371120046	170.495200048	170.61928005	170.743360052	170.867440054	170.991520056	171.115600058	171.23968006	0.0	0.0	-1.00907706963e-07	-1.95484527154e-07	-3.97608110891e-07	-5.90754436292e-07	-8.92162599154e-07	-1.18492516426e-06	-1.58697855303e-06	-1.97694535813e-06	0.0	-8.13247141544e-07	-7.62224521704e-07	-1.62897792111e-06	-1.55662735542e-06	-2.42914376178e-06	-2.35946615368e-06	-3.2402754854e-06	-3.14286588298e-06	-4.0857563195e-06	197.815103674	198.441085113	199.067066553	199.693047993	200.319029432	200.945010872	201.570992312	202.196973751	202.822955191	203.448936631	-12.9936623498	-13.1065961332	-13.2195299167	-13.3324637002	-13.4453974836	-13.5583312671	-13.6712650505	-13.784198834	-13.8971326175	-14.0100664009	1.74928709965	1.74928709965	1.74928709965	1.74928709965	1.74928709965	1.74928709965	1.74928709965	1.74928709965	1.74928709965	1.74928709965	
5.65	170.122960042	170.247040044	170.371120046	170.495200048	170.61928005	170.743360052	170.867440054	170.991520056	171.115600058	171.23968006	0.0	0.0	-1.00907706963e-07	-1.95484527154e-07	-3.97608110891e-07	-5.90754436292e-07	-8.92162599154e-07	-1.18492516426e-06	-1.58697855303e-06	-1.97694535813e-06	0.0	-8.13247141544e-07	-7.62224521704e-07	-1.62897792111e-06	-1.55662735542e-06	-2.42914376178e-06	-2.35946615368e-06	-3.2402754854e-06	-3.14286588298e-06	-4.0857563195e-06	197.815103674	198.441085113	199.067066553	199.693047993	200.319029432	200.945010872	201.570992312	202.196973751	202.822955191	203.448936631	-12.9936623498	-13.1065961332	-13.2195299167	-13.3324637002	-13.4453974836	-13.5583312671	-13.6712650505	-13.784198834	-13.8971326175	-14.0100664009	1.74928709965	1.74928709965	1.74928709965	1.74928709965	1.74928709965	1.74928709965	1.74928709965	1.74928709965	1.74928709965	1.74928709965	
5.66666666667	170.122960042	170.247040044	170.371120046	170.495200048	170.61928005	170.743360052	170.867440054	170.991520056	171.115600058	171.23968006	0.0	0.0	-1.00907706963e-07	-1.95484527154e-07	-3.97608110891e-07	-5.90754436292e-07	-8.92162599154e-07	-1.18492516426e-06	-1.58697855303e-06	-1.97694535813e-06	0.0	-8.13247141544e-07	-7.62224521704e-07	-1.62897792111e-06	-1.55662735542e-06	-2.42914376178e-06	-2.35946615368e-06	-3.2402754854e-06	-3.14286588298e-06	-4.0857563195e-06	197.815103674	198.441085113	199.067066553	199.693047993	200.319029432	200.945010872	201.570992312	202.196973751	202.822955191	203.448936631	-12.9936623498	-13.1065961332	-13.2195299167	-13.3324637002	-13.4453974836	-13.5583312671	-13.6712650505	-13.784198834	-13.8971326175	-14.0100664009	1.74928709965	1.74928709965	1.74928709965	1.74928709965	1.74928709965	1.74928709965	1.74928709965	1.74928709965	1.74928709965	1.74928709965	
5.68333333333	170.122960042	170.247040044	170.371120046	170.495200048	170.61928005	170.743360052	170.867440054	170.991520056	171.115600058	171.23968006	0.0	0.0	-1.00907706963e-07	-1.95484527154e-07	-3.97608110891e-07	-5.90754436292e-07	-8.92162599154e-07	-1.18492516426e-06	-1.58697855303e-06	-1.97694535813e-06	0.0	-8.13247141544e-07	-7.62224521704e-07	-1.62897792111e-06	-1.55662735542e-06	-2.42914376178e-06	-2.35946615368e-06	-3.2402754854e-06	-3.14286588298e-06	-4.0857563195e-06	197.815103674	198.441085113	199.067066553	199.693047993	200.319029432	200.945010872	201.570992312	202.196973751	202.822955191	203.448936631	-12.9936623498	-13.1065961332	-13.2195299167	-13.3324637002	-13.4453974836	-13.5583312671	-13.6712650505	-13.784198834	-13.8971326175	-14.0100664009	1.74928709965	1.74928709965	1.74928709965	1.74928709965	1.74928709965	1.74928709965	1.74928709965	1.74928709965	1.74928709965	1.74928709965	
5.7	170.122960042	170.247040044	170.371120046	170.495200048	170.61928005	170.743360052	170.867440054	170.991520056	171.115600058	171.23968006	0.0	0.0	-1.00907706963e-07	-1.95484527154e-07	-3.97608110891e-07	-5.90754436292e-07	-8.92162599154e-07	-1.18492516426e-06	-1.58697855303e-06	-1.97694535813e-06	0.0	-8.13247141544e-07	-7.62224521704e-07	-1.62897792111e-06	-1.55662735542e-06	-2.42914376178e-06	-2.35946615368e-06	-3.2402754854e-06	-3.14286588298e-06	-4.0857563195e-06	197.815103674	198.441085113	199.067066553	199.693047993	200.319029432	200.945010872	201.570992312	202.196973751	202.822955191	203.448936631	-12.9936623498	-13.1065961332	-13.2195299167	-13.3324637002	-13.4453974836	-13.5583312671	-13.6712650505	-13.784198834	-13.8971326175	-14.0100664009	1.74928709965	1.74928709965	1.74928709965	1.74928709965	1.74928709965	1.74928709965	1.74928709965	1.74928709965	1.74928709965	1.74928709965	
5.71666666667	170.122960042	170.247040044	170.371120046	170.495200048	170.61928005	170.743360052	170.867440054	170.991520056	171.115600058	171.23968006	0.0	0.0	-1.00907706963e-07	-1.95484527154e-07	-3.97608110891e-07	-5.90754436292e-07	-8.92162599154e-07	-1.18492516426e-06	-1.58697855303e-06	-1.97694535813e-06	0.0	-8.13247141544e-07	-7.62224521704e-07	-1.62897792111e-06	-1.55662735542e-06	-2.42914376178e-06	-2.35946615368e-06	-3.2402754854e-06	-3.14286588298e-06	-4.0857563195e-06	197.815103674	198.441085113	199.067066553	199.693047993	200.319029432	200.945010872	201.570992312	202.196973751	202.822955191	203.448936631	-12.9936623498	-13.1065961332	-13.2195299167	-13.3324637002	-13.4453974836	-13.5583312671	-13.6712650505	-13.784198834	-13.8971326175	-14.0100664009	1.74928709965	1.74928709965	1.74928709965	1.74928709965	1.74928709965	1.74928709965	1.74928709965	1.74928709965	1.74928709965	1.74928709965	
5.73333333333	170.122960042	170.247040044	170.371120046	170.495200048	170.61928005	170.743360052	170.867440054	170.991520056	171.115600058	171.23968006	0.0	0.0	-1.00907706963e-07	-1.95484527154e-07	-3.97608110891e-07	-5.90754436292e-07	-8.92162599154e-07	-1.18492516426e-06	-1.58697855303e-06	-1.97694535813e-06	0.0	-8.13247141544e-07	-7.62224521704e-07	-1.62897792111e-06	-1.55662735542e-06	-2.42914376178e-06	-2.35946615368e-06	-3.2402754854e-06	-3.14286588298e-06	-4.0857563195e-06	197.815103674	198.441085113	199.067066553	199.693047993	200.319029432	200.945010872	201.570992312	202.196973751	202.822955191	203.448936631	-12.9936623498	-13.1065961332	-13.2195299167	-13.3324637002	-13.4453974836	-13.5583312671	-13.6712650505	-13.784198834	-13.8971326175	-14.0100664009	1.74928709965	1.74928709965	1.74928709965	1.74928709965	1.74928709965	1.74928709965	1.74928709965	1.74928709965	1.74928709965	1.74928709965	
5.75	170.122960042	170.247040044	170.371120046	170.495200048	170.61928005	170.743360052	170.867440054	170.991520056	171.115600058	171.23968006	0.0	0.0	-1.00907706963e-07	-1.95484527154e-07	-3.97608110891e-07	-5.90754436292e-07	-8.92162599154e-07	-1.18492516426e-06	-1.58697855303e-06	-1.97694535813e-06	0.0	-8.13247141544e-07	-7.62224521704e-07	-1.62897792111e-06	-1.55662735542e-06	-2.42914376178e-06	-2.35946615368e-06	-3.2402754854e-06	-3.14286588298e-06	-4.0857563195e-06	197.815103674	198.441085113	199.067066553	199.693047993	200.319029432	200.945010872	201.570992312	202.196973751	202.822955191	203.448936631	-12.9936623498	-13.1065961332	-13.2195299167	-13.3324637002	-13.4453974836	-13.5583312671	-13.6712650505	-13.784198834	-13.8971326175	-14.0100664009	1.74928709965	1.74928709965	1.74928709965	1.74928709965	1.74928709965	1.74928709965	1.74928709965	1.74928709965	1.74928709965	1.74928709965	
5.76666666667	170.122960042	170.247040044	170.371120046	170.495200048	170.61928005	170.743360052	170.867440054	170.991520056	171.115600058	171.23968006	0.0	0.0	-1.00907706963e-07	-1.95484527154e-07	-3.97608110891e-07	-5.90754436292e-07	-8.92162599154e-07	-1.18492516426e-06	-1.58697855303e-06	-1.97694535813e-06	0.0	-8.13247141544e-07	-7.62224521704e-07	-1.62897792111e-06	-1.55662735542e-06	-2.42914376178e-06	-2.35946615368e-06	-3.2402754854e-06	-3.14286588298e-06	-4.0857563195e-06	197.815103674	198.441085113	199.067066553	199.693047993	200.319029432	200.945010872	201.570992312	202.196973751	202.822955191	203.448936631	-12.9936623498	-13.1065961332	-13.2195299167	-13.3324637002	-13.4453974836	-13.5583312671	-13.6712650505	-13.784198834	-13.8971326175	-14.0100664009	1.74928709965	1.74928709965	1.74928709965	1.74928709965	1.74928709965	1.74928709965	1.74928709965	1.74928709965	1.74928709965	1.74928709965	
5.78333333333	170.122960042	170.247040044	170.371120046	170.495200048	170.61928005	170.743360052	170.867440054	170.991520056	171.115600058	171.23968006	0.0	0.0	-1.00907706963e-07	-1.95484527154e-07	-3.97608110891e-07	-5.90754436292e-07	-8.92162599154e-07	-1.18492516426e-06	-1.58697855303e-06	-1.97694535813e-06	0.0	-8.13247141544e-07	-7.62224521704e-07	-1.62897792111e-06	-1.55662735542e-06	-2.42914376178e-06	-2.35946615368e-06	-3.2402754854e-06	-3.14286588298e-06	-4.0857563195e-06	197.815103674	198.441085113	199.067066553	199.693047993	200.319029432	200.945010872	201.570992312	202.196973751	202.822955191	203.448936631	-12.9936623498	-13.1065961332	-13.2195299167	-13.3324637002	-13.4453974836	-13.5583312671	-13.6712650505	-13.784198834	-13.8971326175	-14.0100664009	1.74928709965	1.74928709965	1.74928709965	1.74928709965	1.74928709965	1.74928709965	1.74928709965	1.74928709965	1.74928709965	1.74928709965	
5.8	170.122960042	170.247040044	170.371120046	170.495200048	170.61928005	170.743360052	170.867440054	170.991520056	171.115600058	171.23968006	0.0	0.0	-1.00907706963e-07	-1.95484527154e-07	-3.97608110891e-07	-5.90754436292e-07	-8.92162599154e-07	-1.18492516426e-06	-1.58697855303e-06	-1.97694535813e-06	0.0	-8.13247141544e-07	-7.62224521704e-07	-1.62897792111e-06	-1.55662735542e-06	-2.42914376178e-06	-2.35946615368e-06	-3.2402754854e-06	-3.14286588298e-06	-4.0857563195e-06	197.815103674	198.441085113	199.067066553	199.693047993	200.319029432	200.945010872	201.570992312	202.196973751	202.822955191	203.448936631	-12.9936623498	-13.1065961332	-13.2195299167	-13.3324637002	-13.4453974836	-13.5583312671	-13.6712650505	-13.784198834	-13.8971326175	-14.0100664009	1.74928709965	1.74928709965	1.74928709965	1.74928709965	1.74928709965	1.74928709965	1.74928709965	1.74928709965	1.74928709965	1.74928709965	
5.81666666667	170.122960042	170.247040044	170.371120046	170.495200048	170.61928005	170.743360052	170.867440054	170.991520056	171.115600058	171.23968006	0.0	0.0	-1.00907706963e-07	-1.95484527154e-07	-3.97608110891e-07	-5.90754436292e-07	-8.92162599154e-07	-1.18492516426e-06	-1.58697855303e-06	-1.97694535813e-06	0.0	-8.13247141544e-07	-7.62224521704e-07	-1.62897792111e-06	-1.55662735542e-06	-2.42914376178e-06	-2.35946615368e-06	-3.2402754854e-06	-3.14286588298e-06	-4.0857563195e-06	197.815103674	198.441085113	199.067066553	199.693047993	200.319029432	200.945010872	201.570992312	202.196973751	202.822955191	203.448936631	-12.9936623498	-13.1065961332	-13.2195299167	-13.3324637002	-13.4453974836	-13.5583312671	-13.6712650505	-13.784198834	-13.8971326175	-14.0100664009	1.74928709965	1.74928709965	1.74928709965	1.74928709965	1.74928709965	1.74928709965	1.74928709965	1.74928709965	1.74928709965	1.74928709965	
5.83333333333	170.122960042	170.247040044	170.371120046	170.495200048	170.61928005	170.743360052	170.867440054	170.991520056	171.115600058	171.23968006	0.0	0.0	-1.00907706963e-07	-1.95484527154e-07	-3.97608110891e-07	-5.90754436292e-07	-8.92162599154e-07	-1.18492516426e-06	-1.58697855303e-06	-1.97694535813e-06	0.0	-8.13247141544e-07	-7.62224521704e-07	-1.62897792111e-06	-1.55662735542e-06	-2.42914376178e-06	-2.35946615368e-06	-3.2402754854e-06	-3.14286588298e-06	-4.0857563195e-06	197.815103674	198.441085113	199.067066553	199.693047993	200.319029432	200.945010872	201.570992312	202.196973751	202.822955191	203.448936631	-12.9936623498	-13.1065961332	-13.2195299167	-13.3324637002	-13.4453974836	-13.5583312671	-13.6712650505	-13.784198834	-13.8971326175	-14.0100664009	1.74928709965	1.74928709965	1.74928709965	1.74928709965	1.74928709965	1.74928709965	1.74928709965	1.74928709965	1.74928709965	1.74928709965	
5.85	170.122960042	170.247040044	170.371120046	170.495200048	170.61928005	170.743360052	170.867440054	170.991520056	171.115600058	171.23968006	0.0	0.0	-1.00907706963e-07	-1.95484527154e-07	-3.97608110891e-07	-5.90754436292e-07	-8.92162599154e-07	-1.18492516426e-06	-1.58697855303e-06	-1.97694535813e-06	0.0	-8.13247141544e-07	-7.62224521704e-07	-1.62897792111e-06	-1.55662735542e-06	-2.42914376178e-06	-2.35946615368e-06	-3.2402754854e-06	-3.14286588298e-06	-4.0857563195e-06	197.815103674	198.441085113	199.067066553	199.693047993	200.319029432	200.945010872	201.570992312	202.196973751	202.822955191	203.448936631	-12.9936623498	-13.1065961332	-13.2195299167	-13.3324637002	-13.4453974836	-13.5583312671	-13.6712650505	-13.784198834	-13.8971326175	-14.0100664009	1.74928709965	1.74928709965	1.74928709965	1.74928709965	1.74928709965	1.74928709965	1.74928709965	1.74928709965	1.74928709965	1.74928709965	
5.86666666667	170.122960042	170.247040044	170.371120046	170.495200048	170.61928005	170.743360052	170.867440054	170.991520056	171.115600058	171.23968006	0.0	0.0	-1.00907706963e-07	-1.95484527154e-07	-3.97608110891e-07	-5.90754436292e-07	-8.92162599154e-07	-1.18492516426e-06	-1.58697855303e-06	-1.97694535813e-06	0.0	-8.13247141544e-07	-7.62224521704e-07	-1.62897792111e-06	-1.55662735542e-06	-2.42914376178e-06	-2.35946615368e-06	-3.2402754854e-06	-3.14286588298e-06	-4.0857563195e-06	197.815103674	198.441085113	199.067066553	199.693047993	200.319029432	200.945010872	201.570992312	202.196973751	202.822955191	203.448936631	-12.9936623498	-13.1065961332	-13.2195299167	-13.3324637002	-13.4453974836	-13.5583312671	-13.6712650505	-13.784198834	-13.8971326175	-14.0100664009	1.74928709965	1.74928709965	1.74928709965	1.74928709965	1.74928709965	1.74928709965	1.74928709965	1.74928709965	1.74928709965	1.74928709965	
5.88333333333	170.122960042	170.247040044	170.371120046	170.495200048	170.61928005	170.743360052	170.867440054	170.991520056	171.115600058	171.23968006	0.0	0.0	-1.00907706963e-07	-1.95484527154e-07	-3.97608110891e-07	-5.90754436292e-07	-8.92162599154e-07	-1.18492516426e-06	-1.58697855303e-06	-1.97694535813e-06	0.0	-8.13247141544e-07	-7.62224521704e-07	-1.62897792111e-06	-1.55662735542e-06	-2.42914376178e-06	-2.35946615368e-06	-3.2402754854e-06	-3.14286588298e-06	-4.0857563195e-06	197.815103674	198.441085113	199.067066553	199.693047993	200.319029432	200.945010872	201.570992312	202.196973751	202.822955191	203.448936631	-12.9936623498	-13.1065961332	-13.2195299167	-13.3324637002	-13.4453974836	-13.5583312671	-13.6712650505	-13.784198834	-13.8971326175	-14.0100664009	1.74928709965	1.74928709965	1.74928709965	1.74928709965	1.74928709965	1.74928709965	1.74928709965	1.74928709965	1.74928709965	1.74928709965	
5.9	170.122960042	170.247040044	170.371120046	170.495200048	170.61928005	170.743360052	170.867440054	170.991520056	171.115600058	171.23968006	0.0	0.0	-1.00907706963e-07	-1.95484527154e-07	-3.97608110891e-07	-5.90754436292e-07	-8.92162599154e-07	-1.18492516426e-06	-1.58697855303e-06	-1.97694535813e-06	0.0	-8.13247141544e-07	-7.62224521704e-07	-1.62897792111e-06	-1.55662735542e-06	-2.42914376178e-06	-2.35946615368e-06	-3.2402754854e-06	-3.14286588298e-06	-4.0857563195e-06	197.815103674	198.441085113	199.067066553	199.693047993	200.319029432	200.945010872	201.570992312	202.196973751	202.822955191	203.448936631	-12.9936623498	-13.1065961332	-13.2195299167	-13.3324637002	-13.4453974836	-13.5583312671	-13.6712650505	-13.784198834	-13.8971326175	-14.0100664009	1.74928709965	1.74928709965	1.74928709965	1.74928709965	1.74928709965	1.74928709965	1.74928709965	1.74928709965	1.74928709965	1.74928709965	
5.91666666667	170.122960042	170.247040044	170.371120046	170.495200048	170.61928005	170.743360052	170.867440054	170.991520056	171.115600058	171.23968006	0.0	0.0	-1.00907706963e-07	-1.95484527154e-07	-3.97608110891e-07	-5.90754436292e-07	-8.92162599154e-07	-1.18492516426e-06	-1.58697855303e-06	-1.97694535813e-06	0.0	-8.13247141544e-07	-7.62224521704e-07	-1.62897792111e-06	-1.55662735542e-06	-2.42914376178e-06	-2.35946615368e-06	-3.2402754854e-06	-3.14286588298e-06	-4.0857563195e-06	197.815103674	198.441085113	199.067066553	199.693047993	200.319029432	200.945010872	201.570992312	202.196973751	202.822955191	203.448936631	-12.9936623498	-13.1065961332	-13.2195299167	-13.3324637002	-13.4453974836	-13.5583312671	-13.6712650505	-13.784198834	-13.8971326175	-14.0100664009	1.74928709965	1.74928709965	1.74928709965	1.74928709965	1.74928709965	1.74928709965	1.74928709965	1.74928709965	1.74928709965	1.74928709965	
5.93333333333	170.122960042	170.247040044	170.371120046	170.495200048	170.61928005	170.743360052	170.867440054	170.991520056	171.115600058	171.23968006	0.0	0.0	-1.00907706963e-07	-1.95484527154e-07	-3.97608110891e-07	-5.90754436292e-07	-8.92162599154e-07	-1.18492516426e-06	-1.58697855303e-06	-1.97694535813e-06	0.0	-8.13247141544e-07	-7.62224521704e-07	-1.62897792111e-06	-1.55662735542e-06	-2.42914376178e-06	-2.35946615368e-06	-3.2402754854e-06	-3.14286588298e-06	-4.0857563195e-06	197.815103674	198.441085113	199.067066553	199.693047993	200.319029432	200.945010872	201.570992312	202.196973751	202.822955191	203.448936631	-12.9936623498	-13.1065961332	-13.2195299167	-13.3324637002	-13.4453974836	-13.5583312671	-13.6712650505	-13.784198834	-13.8971326175	-14.0100664009	1.74928709965	1.74928709965	1.74928709965	1.74928709965	1.74928709965	1.74928709965	1.74928709965	1.74928709965	1.74928709965	1.74928709965	
5.95	170.122960042	170.247040044	170.371120046	170.495200048	170.61928005	170.743360052	170.867440054	170.991520056	171.115600058	171.23968006	0.0	0.0	-1.00907706963e-07	-1.95484527154e-07	-3.97608110891e-07	-5.90754436292e-07	-8.92162599154e-07	-1.18492516426e-06	-1.58697855303e-06	-1.97694535813e-06	0.0	-8.13247141544e-07	-7.62224521704e-07	-1.62897792111e-06	-1.55662735542e-06	-2.42914376178e-06	-2.35946615368e-06	-3.2402754854e-06	-3.14286588298e-06	-4.0857563195e-06	197.815103674	198.441085113	199.067066553	199.693047993	200.319029432	200.945010872	201.570992312	202.196973751	202.822955191	203.448936631	-12.9936623498	-13.1065961332	-13.2195299167	-13.3324637002	-13.4453974836	-13.5583312671	-13.6712650505	-13.784198834	-13.8971326175	-14.0100664009	1.74928709965	1.74928709965	1.74928709965	1.74928709965	1.74928709965	1.74928709965	1.74928709965	1.74928709965	1.74928709965	1.74928709965	
5.96666666667	170.122960042	170.247040044	170.371120046	170.495200048	170.61928005	170.743360052	170.867440054	170.991520056	171.115600058	171.23968006	0.0	0.0	-1.00907706963e-07	-1.95484527154e-07	-3.97608110891e-07	-5.90754436292e-07	-8.92162599154e-07	-1.18492516426e-06	-1.58697855303e-06	-1.97694535813e-06	0.0	-8.13247141544e-07	-7.62224521704e-07	-1.62897792111e-06	-1.55662735542e-06	-2.42914376178e-06	-2.35946615368e-06	-3.2402754854e-06	-3.14286588298e-06	-4.0857563195e-06	197.815103674	198.441085113	199.067066553	199.693047993	200.319029432	200.945010872	201.570992312	202.196973751	202.822955191	203.448936631	-12.9936623498	-13.1065961332	-13.2195299167	-13.3324637002	-13.4453974836	-13.5583312671	-13.6712650505	-13.784198834	-13.8971326175	-14.0100664009	1.74928709965	1.74928709965	1.74928709965	1.74928709965	1.74928709965	1.74928709965	1.74928709965	1.74928709965	1.74928709965	1.74928709965	
5.98333333333	170.122960042	170.247040044	170.371120046	170.495200048	170.61928005	170.743360052	170.867440054	170.991520056	171.115600058	171.23968006	0.0	0.0	-1.00907706963e-07	-1.95484527154e-07	-3.97608110891e-07	-5.90754436292e-07	-8.92162599154e-07	-1.18492516426e-06	-1.58697855303e-06	-1.97694535813e-06	0.0	-8.13247141544e-07	-7.62224521704e-07	-1.62897792111e-06	-1.55662735542e-06	-2.42914376178e-06	-2.35946615368e-06	-3.2402754854e-06	-3.14286588298e-06	-4.0857563195e-06	197.815103674	198.441085113	199.067066553	199.693047993	200.319029432	200.945010872	201.570992312	202.196973751	202.822955191	203.448936631	-12.9936623498	-13.1065961332	-13.2195299167	-13.3324637002	-13.4453974836	-13.5583312671	-13.6712650505	-13.784198834	-13.8971326175	-14.0100664009	1.74928709965	1.74928709965	1.74928709965	1.74928709965	1.74928709965	1.74928709965	1.74928709965	1.74928709965	1.74928709965	1.74928709965	
6.0	170.122960042	170.247040044	170.371120046	170.495200048	170.61928005	170.743360052	170.867440054	170.991520056	171.115600058	171.23968006	0.0	0.0	-1.00907706963e-07	-1.95484527154e-07	-3.97608110891e-07	-5.90754436292e-07	-8.92162599154e-07	-1.18492516426e-06	-1.58697855303e-06	-1.97694535813e-06	0.0	-8.13247141544e-07	-7.62224521704e-07	-1.62897792111e-06	-1.55662735542e-06	-2.42914376178e-06	-2.35946615368e-06	-3.2402754854e-06	-3.14286588298e-06	-4.0857563195e-06	197.815103674	198.441085113	199.067066553	199.693047993	200.319029432	200.945010872	201.570992312	202.196973751	202.822955191	203.448936631	-12.9936623498	-13.1065961332	-13.2195299167	-13.3324637002	-13.4453974836	-13.5583312671	-13.6712650505	-13.784198834	-13.8971326175	-14.0100664009	1.74928709965	1.74928709965	1.74928709965	1.74928709965	1.74928709965	1.74928709965	1.74928709965	1.74928709965	1.74928709965	1.74928709965	
6.01666666667	170.122960042	170.247040044	170.371120046	170.495200048	170.61928005	170.743360052	170.867440054	170.991520056	171.115600058	171.23968006	0.0	0.0	-1.00907706963e-07	-1.95484527154e-07	-3.97608110891e-07	-5.90754436292e-07	-8.92162599154e-07	-1.18492516426e-06	-1.58697855303e-06	-1.97694535813e-06	0.0	-8.13247141544e-07	-7.62224521704e-07	-1.62897792111e-06	-1.55662735542e-06	-2.42914376178e-06	-2.35946615368e-06	-3.2402754854e-06	-3.14286588298e-06	-4.0857563195e-06	197.815103674	198.441085113	199.067066553	199.693047993	200.319029432	200.945010872	201.570992312	202.196973751	202.822955191	203.448936631	-12.9936623498	-13.1065961332	-13.2195299167	-13.3324637002	-13.4453974836	-13.5583312671	-13.6712650505	-13.784198834	-13.8971326175	-14.0100664009	1.74928709965	1.74928709965	1.74928709965	1.74928709965	1.74928709965	1.74928709965	1.74928709965	1.74928709965	1.74928709965	1.74928709965	
6.03333333333	170.122960042	170.247040044	170.371120046	170.495200048	170.61928005	170.743360052	170.867440054	170.991520056	171.115600058	171.23968006	0.0	0.0	-1.00907706963e-07	-1.95484527154e-07	-3.97608110891e-07	-5.90754436292e-07	-8.92162599154e-07	-1.18492516426e-06	-1.58697855303e-06	-1.97694535813e-06	0.0	-8.13247141544e-07	-7.62224521704e-07	-1.62897792111e-06	-1.55662735542e-06	-2.42914376178e-06	-2.35946615368e-06	-3.2402754854e-06	-3.14286588298e-06	-4.0857563195e-06	197.815103674	198.441085113	199.067066553	199.693047993	200.319029432	200.945010872	201.570992312	202.196973751	202.822955191	203.448936631	-12.9936623498	-13.1065961332	-13.2195299167	-13.3324637002	-13.4453974836	-13.5583312671	-13.6712650505	-13.784198834	-13.8971326175	-14.0100664009	1.74928709965	1.74928709965	1.74928709965	1.74928709965	1.74928709965	1.74928709965	1.74928709965	1.74928709965	1.74928709965	1.74928709965	
6.05	170.122960042	170.247040044	170.371120046	170.495200048	170.61928005	170.743360052	170.867440054	170.991520056	171.115600058	171.23968006	0.0	0.0	-1.00907706963e-07	-1.95484527154e-07	-3.97608110891e-07	-5.90754436292e-07	-8.92162599154e-07	-1.18492516426e-06	-1.58697855303e-06	-1.97694535813e-06	0.0	-8.13247141544e-07	-7.62224521704e-07	-1.62897792111e-06	-1.55662735542e-06	-2.42914376178e-06	-2.35946615368e-06	-3.2402754854e-06	-3.14286588298e-06	-4.0857563195e-06	197.815103674	198.441085113	199.067066553	199.693047993	200.319029432	200.945010872	201.570992312	202.196973751	202.822955191	203.448936631	-12.9936623498	-13.1065961332	-13.2195299167	-13.3324637002	-13.4453974836	-13.5583312671	-13.6712650505	-13.784198834	-13.8971326175	-14.0100664009	1.74928709965	1.74928709965	1.74928709965	1.74928709965	1.74928709965	1.74928709965	1.74928709965	1.74928709965	1.74928709965	1.74928709965	
6.06666666667	170.122960042	170.247040044	170.371120046	170.495200048	170.61928005	170.743360052	170.867440054	170.991520056	171.115600058	171.23968006	0.0	0.0	-1.00907706963e-07	-1.95484527154e-07	-3.97608110891e-07	-5.90754436292e-07	-8.92162599154e-07	-1.18492516426e-06	-1.58697855303e-06	-1.97694535813e-06	0.0	-8.13247141544e-07	-7.62224521704e-07	-1.62897792111e-06	-1.55662735542e-06	-2.42914376178e-06	-2.35946615368e-06	-3.2402754854e-06	-3.14286588298e-06	-4.0857563195e-06	197.815103674	198.441085113	199.067066553	199.693047993	200.319029432	200.945010872	201.570992312	202.196973751	202.822955191	203.448936631	-12.9936623498	-13.1065961332	-13.2195299167	-13.3324637002	-13.4453974836	-13.5583312671	-13.6712650505	-13.784198834	-13.8971326175	-14.0100664009	1.74928709965	1.74928709965	1.74928709965	1.74928709965	1.74928709965	1.74928709965	1.74928709965	1.74928709965	1.74928709965	1.74928709965	
6.08333333333	170.122960042	170.247040044	170.371120046	170.495200048	170.61928005	170.743360052	170.867440054	170.991520056	171.115600058	171.23968006	0.0	0.0	-1.00907706963e-07	-1.95484527154e-07	-3.97608110891e-07	-5.90754436292e-07	-8.92162599154e-07	-1.18492516426e-06	-1.58697855303e-06	-1.97694535813e-06	0.0	-8.13247141544e-07	-7.62224521704e-07	-1.62897792111e-06	-1.55662735542e-06	-2.42914376178e-06	-2.35946615368e-06	-3.2402754854e-06	-3.14286588298e-06	-4.0857563195e-06	197.815103674	198.441085113	199.067066553	199.693047993	200.319029432	200.945010872	201.570992312	202.196973751	202.822955191	203.448936631	-12.9936623498	-13.1065961332	-13.2195299167	-13.3324637002	-13.4453974836	-13.5583312671	-13.6712650505	-13.784198834	-13.8971326175	-14.0100664009	1.74928709965	1.74928709965	1.74928709965	1.74928709965	1.74928709965	1.74928709965	1.74928709965	1.74928709965	1.74928709965	1.74928709965	
6.1	170.122960042	170.247040044	170.371120046	170.495200048	170.61928005	170.743360052	170.867440054	170.991520056	171.115600058	171.23968006	0.0	0.0	-1.00907706963e-07	-1.95484527154e-07	-3.97608110891e-07	-5.90754436292e-07	-8.92162599154e-07	-1.18492516426e-06	-1.58697855303e-06	-1.97694535813e-06	0.0	-8.13247141544e-07	-7.62224521704e-07	-1.62897792111e-06	-1.55662735542e-06	-2.42914376178e-06	-2.35946615368e-06	-3.2402754854e-06	-3.14286588298e-06	-4.0857563195e-06	197.815103674	198.441085113	199.067066553	199.693047993	200.319029432	200.945010872	201.570992312	202.196973751	202.822955191	203.448936631	-12.9936623498	-13.1065961332	-13.2195299167	-13.3324637002	-13.4453974836	-13.5583312671	-13.6712650505	-13.784198834	-13.8971326175	-14.0100664009	1.74928709965	1.74928709965	1.74928709965	1.74928709965	1.74928709965	1.74928709965	1.74928709965	1.74928709965	1.74928709965	1.74928709965	
6.11666666667	170.122960042	170.247040044	170.371120046	170.495200048	170.61928005	170.743360052	170.867440054	170.991520056	171.115600058	171.23968006	0.0	0.0	-1.00907706963e-07	-1.95484527154e-07	-3.97608110891e-07	-5.90754436292e-07	-8.92162599154e-07	-1.18492516426e-06	-1.58697855303e-06	-1.97694535813e-06	0.0	-8.13247141544e-07	-7.62224521704e-07	-1.62897792111e-06	-1.55662735542e-06	-2.42914376178e-06	-2.35946615368e-06	-3.2402754854e-06	-3.14286588298e-06	-4.0857563195e-06	197.815103674	198.441085113	199.067066553	199.693047993	200.319029432	200.945010872	201.570992312	202.196973751	202.822955191	203.448936631	-12.9936623498	-13.1065961332	-13.2195299167	-13.3324637002	-13.4453974836	-13.5583312671	-13.6712650505	-13.784198834	-13.8971326175	-14.0100664009	1.74928709965	1.74928709965	1.74928709965	1.74928709965	1.74928709965	1.74928709965	1.74928709965	1.74928709965	1.74928709965	1.74928709965	
6.13333333333	170.122960042	170.247040044	170.371120046	170.495200048	170.61928005	170.743360052	170.867440054	170.991520056	171.115600058	171.23968006	0.0	0.0	-1.00907706963e-07	-1.95484527154e-07	-3.97608110891e-07	-5.90754436292e-07	-8.92162599154e-07	-1.18492516426e-06	-1.58697855303e-06	-1.97694535813e-06	0.0	-8.13247141544e-07	-7.62224521704e-07	-1.62897792111e-06	-1.55662735542e-06	-2.42914376178e-06	-2.35946615368e-06	-3.2402754854e-06	-3.14286588298e-06	-4.0857563195e-06	197.815103674	198.441085113	199.067066553	199.693047993	200.319029432	200.945010872	201.570992312	202.196973751	202.822955191	203.448936631	-12.9936623498	-13.1065961332	-13.2195299167	-13.3324637002	-13.4453974836	-13.5583312671	-13.6712650505	-13.784198834	-13.8971326175	-14.0100664009	1.74928709965	1.74928709965	1.74928709965	1.74928709965	1.74928709965	1.74928709965	1.74928709965	1.74928709965	1.74928709965	1.74928709965	
6.15	170.122960042	170.247040044	170.371120046	170.495200048	170.61928005	170.743360052	170.867440054	170.991520056	171.115600058	171.23968006	0.0	0.0	-1.00907706963e-07	-1.95484527154e-07	-3.97608110891e-07	-5.90754436292e-07	-8.92162599154e-07	-1.18492516426e-06	-1.58697855303e-06	-1.97694535813e-06	0.0	-8.13247141544e-07	-7.62224521704e-07	-1.62897792111e-06	-1.55662735542e-06	-2.42914376178e-06	-2.35946615368e-06	-3.2402754854e-06	-3.14286588298e-06	-4.0857563195e-06	197.815103674	198.441085113	199.067066553	199.693047993	200.319029432	200.945010872	201.570992312	202.196973751	202.822955191	203.448936631	-12.9936623498	-13.1065961332	-13.2195299167	-13.3324637002	-13.4453974836	-13.5583312671	-13.6712650505	-13.784198834	-13.8971326175	-14.0100664009	1.74928709965	1.74928709965	1.74928709965	1.74928709965	1.74928709965	1.74928709965	1.74928709965	1.74928709965	1.74928709965	1.74928709965	
6.16666666667	170.122960042	170.247040044	170.371120046	170.495200048	170.61928005	170.743360052	170.867440054	170.991520056	171.115600058	171.23968006	0.0	0.0	-1.00907706963e-07	-1.95484527154e-07	-3.97608110891e-07	-5.90754436292e-07	-8.92162599154e-07	-1.18492516426e-06	-1.58697855303e-06	-1.97694535813e-06	0.0	-8.13247141544e-07	-7.62224521704e-07	-1.62897792111e-06	-1.55662735542e-06	-2.42914376178e-06	-2.35946615368e-06	-3.2402754854e-06	-3.14286588298e-06	-4.0857563195e-06	197.815103674	198.441085113	199.067066553	199.693047993	200.319029432	200.945010872	201.570992312	202.196973751	202.822955191	203.448936631	-12.9936623498	-13.1065961332	-13.2195299167	-13.3324637002	-13.4453974836	-13.5583312671	-13.6712650505	-13.784198834	-13.8971326175	-14.0100664009	1.74928709965	1.74928709965	1.74928709965	1.74928709965	1.74928709965	1.74928709965	1.74928709965	1.74928709965	1.74928709965	1.74928709965	
6.18333333333	170.122960042	170.247040044	170.371120046	170.495200048	170.61928005	170.743360052	170.867440054	170.991520056	171.115600058	171.23968006	0.0	0.0	-1.00907706963e-07	-1.95484527154e-07	-3.97608110891e-07	-5.90754436292e-07	-8.92162599154e-07	-1.18492516426e-06	-1.58697855303e-06	-1.97694535813e-06	0.0	-8.13247141544e-07	-7.62224521704e-07	-1.62897792111e-06	-1.55662735542e-06	-2.42914376178e-06	-2.35946615368e-06	-3.2402754854e-06	-3.14286588298e-06	-4.0857563195e-06	197.815103674	198.441085113	199.067066553	199.693047993	200.319029432	200.945010872	201.570992312	202.196973751	202.822955191	203.448936631	-12.9936623498	-13.1065961332	-13.2195299167	-13.3324637002	-13.4453974836	-13.5583312671	-13.6712650505	-13.784198834	-13.8971326175	-14.0100664009	1.74928709965	1.74928709965	1.74928709965	1.74928709965	1.74928709965	1.74928709965	1.74928709965	1.74928709965	1.74928709965	1.74928709965	
6.2	170.122960042	170.247040044	170.371120046	170.495200048	170.61928005	170.743360052	170.867440054	170.991520056	171.115600058	171.23968006	0.0	0.0	-1.00907706963e-07	-1.95484527154e-07	-3.97608110891e-07	-5.90754436292e-07	-8.92162599154e-07	-1.18492516426e-06	-1.58697855303e-06	-1.97694535813e-06	0.0	-8.13247141544e-07	-7.62224521704e-07	-1.62897792111e-06	-1.55662735542e-06	-2.42914376178e-06	-2.35946615368e-06	-3.2402754854e-06	-3.14286588298e-06	-4.0857563195e-06	197.815103674	198.441085113	199.067066553	199.693047993	200.319029432	200.945010872	201.570992312	202.196973751	202.822955191	203.448936631	-12.9936623498	-13.1065961332	-13.2195299167	-13.3324637002	-13.4453974836	-13.5583312671	-13.6712650505	-13.784198834	-13.8971326175	-14.0100664009	1.74928709965	1.74928709965	1.74928709965	1.74928709965	1.74928709965	1.74928709965	1.74928709965	1.74928709965	1.74928709965	1.74928709965	
6.21666666667	170.122960042	170.247040044	170.371120046	170.495200048	170.61928005	170.743360052	170.867440054	170.991520056	171.115600058	171.23968006	0.0	0.0	-1.00907706963e-07	-1.95484527154e-07	-3.97608110891e-07	-5.90754436292e-07	-8.92162599154e-07	-1.18492516426e-06	-1.58697855303e-06	-1.97694535813e-06	0.0	-8.13247141544e-07	-7.62224521704e-07	-1.62897792111e-06	-1.55662735542e-06	-2.42914376178e-06	-2.35946615368e-06	-3.2402754854e-06	-3.14286588298e-06	-4.0857563195e-06	197.815103674	198.441085113	199.067066553	199.693047993	200.319029432	200.945010872	201.570992312	202.196973751	202.822955191	203.448936631	-12.9936623498	-13.1065961332	-13.2195299167	-13.3324637002	-13.4453974836	-13.5583312671	-13.6712650505	-13.784198834	-13.8971326175	-14.0100664009	1.74928709965	1.74928709965	1.74928709965	1.74928709965	1.74928709965	1.74928709965	1.74928709965	1.74928709965	1.74928709965	1.74928709965	
6.23333333333	170.122960042	170.247040044	170.371120046	170.495200048	170.61928005	170.743360052	170.867440054	170.991520056	171.115600058	171.23968006	0.0	0.0	-1.00907706963e-07	-1.95484527154e-07	-3.97608110891e-07	-5.90754436292e-07	-8.92162599154e-07	-1.18492516426e-06	-1.58697855303e-06	-1.97694535813e-06	0.0	-8.13247141544e-07	-7.62224521704e-07	-1.62897792111e-06	-1.55662735542e-06	-2.42914376178e-06	-2.35946615368e-06	-3.2402754854e-06	-3.14286588298e-06	-4.0857563195e-06	197.815103674	198.441085113	199.067066553	199.693047993	200.319029432	200.945010872	201.570992312	202.196973751	202.822955191	203.448936631	-12.9936623498	-13.1065961332	-13.2195299167	-13.3324637002	-13.4453974836	-13.5583312671	-13.6712650505	-13.784198834	-13.8971326175	-14.0100664009	1.74928709965	1.74928709965	1.74928709965	1.74928709965	1.74928709965	1.74928709965	1.74928709965	1.74928709965	1.74928709965	1.74928709965	
6.25	170.122960042	170.247040044	170.371120046	170.495200048	170.61928005	170.743360052	170.867440054	170.991520056	171.115600058	171.23968006	0.0	0.0	-1.00907706963e-07	-1.95484527154e-07	-3.97608110891e-07	-5.90754436292e-07	-8.92162599154e-07	-1.18492516426e-06	-1.58697855303e-06	-1.97694535813e-06	0.0	-8.13247141544e-07	-7.62224521704e-07	-1.62897792111e-06	-1.55662735542e-06	-2.42914376178e-06	-2.35946615368e-06	-3.2402754854e-06	-3.14286588298e-06	-4.0857563195e-06	197.815103674	198.441085113	199.067066553	199.693047993	200.319029432	200.945010872	201.570992312	202.196973751	202.822955191	203.448936631	-12.9936623498	-13.1065961332	-13.2195299167	-13.3324637002	-13.4453974836	-13.5583312671	-13.6712650505	-13.784198834	-13.8971326175	-14.0100664009	1.74928709965	1.74928709965	1.74928709965	1.74928709965	1.74928709965	1.74928709965	1.74928709965	1.74928709965	1.74928709965	1.74928709965	
6.26666666667	170.122960042	170.247040044	170.371120046	170.495200048	170.61928005	170.743360052	170.867440054	170.991520056	171.115600058	171.23968006	0.0	0.0	-1.00907706963e-07	-1.95484527154e-07	-3.97608110891e-07	-5.90754436292e-07	-8.92162599154e-07	-1.18492516426e-06	-1.58697855303e-06	-1.97694535813e-06	0.0	-8.13247141544e-07	-7.62224521704e-07	-1.62897792111e-06	-1.55662735542e-06	-2.42914376178e-06	-2.35946615368e-06	-3.2402754854e-06	-3.14286588298e-06	-4.0857563195e-06	197.815103674	198.441085113	199.067066553	199.693047993	200.319029432	200.945010872	201.570992312	202.196973751	202.822955191	203.448936631	-12.9936623498	-13.1065961332	-13.2195299167	-13.3324637002	-13.4453974836	-13.5583312671	-13.6712650505	-13.784198834	-13.8971326175	-14.0100664009	1.74928709965	1.74928709965	1.74928709965	1.74928709965	1.74928709965	1.74928709965	1.74928709965	1.74928709965	1.74928709965	1.74928709965	
6.28333333333	170.122960042	170.247040044	170.371120046	170.495200048	170.61928005	170.743360052	170.867440054	170.991520056	171.115600058	171.23968006	0.0	0.0	-1.00907706963e-07	-1.95484527154e-07	-3.97608110891e-07	-5.90754436292e-07	-8.92162599154e-07	-1.18492516426e-06	-1.58697855303e-06	-1.97694535813e-06	0.0	-8.13247141544e-07	-7.62224521704e-07	-1.62897792111e-06	-1.55662735542e-06	-2.42914376178e-06	-2.35946615368e-06	-3.2402754854e-06	-3.14286588298e-06	-4.0857563195e-06	197.815103674	198.441085113	199.067066553	199.693047993	200.319029432	200.945010872	201.570992312	202.196973751	202.822955191	203.448936631	-12.9936623498	-13.1065961332	-13.2195299167	-13.3324637002	-13.4453974836	-13.5583312671	-13.6712650505	-13.784198834	-13.8971326175	-14.0100664009	1.74928709965	1.74928709965	1.74928709965	1.74928709965	1.74928709965	1.74928709965	1.74928709965	1.74928709965	1.74928709965	1.74928709965	
6.3	170.122960042	170.247040044	170.371120046	170.495200048	170.61928005	170.743360052	170.867440054	170.991520056	171.115600058	171.23968006	0.0	0.0	-1.00907706963e-07	-1.95484527154e-07	-3.97608110891e-07	-5.90754436292e-07	-8.92162599154e-07	-1.18492516426e-06	-1.58697855303e-06	-1.97694535813e-06	0.0	-8.13247141544e-07	-7.62224521704e-07	-1.62897792111e-06	-1.55662735542e-06	-2.42914376178e-06	-2.35946615368e-06	-3.2402754854e-06	-3.14286588298e-06	-4.0857563195e-06	197.815103674	198.441085113	199.067066553	199.693047993	200.319029432	200.945010872	201.570992312	202.196973751	202.822955191	203.448936631	-12.9936623498	-13.1065961332	-13.2195299167	-13.3324637002	-13.4453974836	-13.5583312671	-13.6712650505	-13.784198834	-13.8971326175	-14.0100664009	1.74928709965	1.74928709965	1.74928709965	1.74928709965	1.74928709965	1.74928709965	1.74928709965	1.74928709965	1.74928709965	1.74928709965	
6.31666666667	170.122960042	170.247040044	170.371120046	170.495200048	170.61928005	170.743360052	170.867440054	170.991520056	171.115600058	171.23968006	0.0	0.0	-1.00907706963e-07	-1.95484527154e-07	-3.97608110891e-07	-5.90754436292e-07	-8.92162599154e-07	-1.18492516426e-06	-1.58697855303e-06	-1.97694535813e-06	0.0	-8.13247141544e-07	-7.62224521704e-07	-1.62897792111e-06	-1.55662735542e-06	-2.42914376178e-06	-2.35946615368e-06	-3.2402754854e-06	-3.14286588298e-06	-4.0857563195e-06	197.815103674	198.441085113	199.067066553	199.693047993	200.319029432	200.945010872	201.570992312	202.196973751	202.822955191	203.448936631	-12.9936623498	-13.1065961332	-13.2195299167	-13.3324637002	-13.4453974836	-13.5583312671	-13.6712650505	-13.784198834	-13.8971326175	-14.0100664009	1.74928709965	1.74928709965	1.74928709965	1.74928709965	1.74928709965	1.74928709965	1.74928709965	1.74928709965	1.74928709965	1.74928709965	
6.33333333333	170.122960042	170.247040044	170.371120046	170.495200048	170.61928005	170.743360052	170.867440054	170.991520056	171.115600058	171.23968006	0.0	0.0	-1.00907706963e-07	-1.95484527154e-07	-3.97608110891e-07	-5.90754436292e-07	-8.92162599154e-07	-1.18492516426e-06	-1.58697855303e-06	-1.97694535813e-06	0.0	-8.13247141544e-07	-7.62224521704e-07	-1.62897792111e-06	-1.55662735542e-06	-2.42914376178e-06	-2.35946615368e-06	-3.2402754854e-06	-3.14286588298e-06	-4.0857563195e-06	197.815103674	198.441085113	199.067066553	199.693047993	200.319029432	200.945010872	201.570992312	202.196973751	202.822955191	203.448936631	-12.9936623498	-13.1065961332	-13.2195299167	-13.3324637002	-13.4453974836	-13.5583312671	-13.6712650505	-13.784198834	-13.8971326175	-14.0100664009	1.74928709965	1.74928709965	1.74928709965	1.74928709965	1.74928709965	1.74928709965	1.74928709965	1.74928709965	1.74928709965	1.74928709965	
6.35	170.122960042	170.247040044	170.371120046	170.495200048	170.61928005	170.743360052	170.867440054	170.991520056	171.115600058	171.23968006	0.0	0.0	-1.00907706963e-07	-1.95484527154e-07	-3.97608110891e-07	-5.90754436292e-07	-8.92162599154e-07	-1.18492516426e-06	-1.58697855303e-06	-1.97694535813e-06	0.0	-8.13247141544e-07	-7.62224521704e-07	-1.62897792111e-06	-1.55662735542e-06	-2.42914376178e-06	-2.35946615368e-06	-3.2402754854e-06	-3.14286588298e-06	-4.0857563195e-06	197.815103674	198.441085113	199.067066553	199.693047993	200.319029432	200.945010872	201.570992312	202.196973751	202.822955191	203.448936631	-12.9936623498	-13.1065961332	-13.2195299167	-13.3324637002	-13.4453974836	-13.5583312671	-13.6712650505	-13.784198834	-13.8971326175	-14.0100664009	1.74928709965	1.74928709965	1.74928709965	1.74928709965	1.74928709965	1.74928709965	1.74928709965	1.74928709965	1.74928709965	1.74928709965	
6.36666666667	170.122960042	170.247040044	170.371120046	170.495200048	170.61928005	170.743360052	170.867440054	170.991520056	171.115600058	171.23968006	0.0	0.0	-1.00907706963e-07	-1.95484527154e-07	-3.97608110891e-07	-5.90754436292e-07	-8.92162599154e-07	-1.18492516426e-06	-1.58697855303e-06	-1.97694535813e-06	0.0	-8.13247141544e-07	-7.62224521704e-07	-1.62897792111e-06	-1.55662735542e-06	-2.42914376178e-06	-2.35946615368e-06	-3.2402754854e-06	-3.14286588298e-06	-4.0857563195e-06	197.815103674	198.441085113	199.067066553	199.693047993	200.319029432	200.945010872	201.570992312	202.196973751	202.822955191	203.448936631	-12.9936623498	-13.1065961332	-13.2195299167	-13.3324637002	-13.4453974836	-13.5583312671	-13.6712650505	-13.784198834	-13.8971326175	-14.0100664009	1.74928709965	1.74928709965	1.74928709965	1.74928709965	1.74928709965	1.74928709965	1.74928709965	1.74928709965	1.74928709965	1.74928709965	
6.38333333333	170.122960042	170.247040044	170.371120046	170.495200048	170.61928005	170.743360052	170.867440054	170.991520056	171.115600058	171.23968006	0.0	0.0	-1.00907706963e-07	-1.95484527154e-07	-3.97608110891e-07	-5.90754436292e-07	-8.92162599154e-07	-1.18492516426e-06	-1.58697855303e-06	-1.97694535813e-06	0.0	-8.13247141544e-07	-7.62224521704e-07	-1.62897792111e-06	-1.55662735542e-06	-2.42914376178e-06	-2.35946615368e-06	-3.2402754854e-06	-3.14286588298e-06	-4.0857563195e-06	197.815103674	198.441085113	199.067066553	199.693047993	200.319029432	200.945010872	201.570992312	202.196973751	202.822955191	203.448936631	-12.9936623498	-13.1065961332	-13.2195299167	-13.3324637002	-13.4453974836	-13.5583312671	-13.6712650505	-13.784198834	-13.8971326175	-14.0100664009	1.74928709965	1.74928709965	1.74928709965	1.74928709965	1.74928709965	1.74928709965	1.74928709965	1.74928709965	1.74928709965	1.74928709965	
6.4	170.122960042	170.247040044	170.371120046	170.495200048	170.61928005	170.743360052	170.867440054	170.991520056	171.115600058	171.23968006	0.0	0.0	-1.00907706963e-07	-1.95484527154e-07	-3.97608110891e-07	-5.90754436292e-07	-8.92162599154e-07	-1.18492516426e-06	-1.58697855303e-06	-1.97694535813e-06	0.0	-8.13247141544e-07	-7.62224521704e-07	-1.62897792111e-06	-1.55662735542e-06	-2.42914376178e-06	-2.35946615368e-06	-3.2402754854e-06	-3.14286588298e-06	-4.0857563195e-06	197.815103674	198.441085113	199.067066553	199.693047993	200.319029432	200.945010872	201.570992312	202.196973751	202.822955191	203.448936631	-12.9936623498	-13.1065961332	-13.2195299167	-13.3324637002	-13.4453974836	-13.5583312671	-13.6712650505	-13.784198834	-13.8971326175	-14.0100664009	1.74928709965	1.74928709965	1.74928709965	1.74928709965	1.74928709965	1.74928709965	1.74928709965	1.74928709965	1.74928709965	1.74928709965	
6.41666666667	170.122960042	170.247040044	170.371120046	170.495200048	170.61928005	170.743360052	170.867440054	170.991520056	171.115600058	171.23968006	0.0	0.0	-1.00907706963e-07	-1.95484527154e-07	-3.97608110891e-07	-5.90754436292e-07	-8.92162599154e-07	-1.18492516426e-06	-1.58697855303e-06	-1.97694535813e-06	0.0	-8.13247141544e-07	-7.62224521704e-07	-1.62897792111e-06	-1.55662735542e-06	-2.42914376178e-06	-2.35946615368e-06	-3.2402754854e-06	-3.14286588298e-06	-4.0857563195e-06	197.815103674	198.441085113	199.067066553	199.693047993	200.319029432	200.945010872	201.570992312	202.196973751	202.822955191	203.448936631	-12.9936623498	-13.1065961332	-13.2195299167	-13.3324637002	-13.4453974836	-13.5583312671	-13.6712650505	-13.784198834	-13.8971326175	-14.0100664009	1.74928709965	1.74928709965	1.74928709965	1.74928709965	1.74928709965	1.74928709965	1.74928709965	1.74928709965	1.74928709965	1.74928709965	
6.43333333333	170.122960042	170.247040044	170.371120046	170.495200048	170.61928005	170.743360052	170.867440054	170.991520056	171.115600058	171.23968006	0.0	0.0	-1.00907706963e-07	-1.95484527154e-07	-3.97608110891e-07	-5.90754436292e-07	-8.92162599154e-07	-1.18492516426e-06	-1.58697855303e-06	-1.97694535813e-06	0.0	-8.13247141544e-07	-7.62224521704e-07	-1.62897792111e-06	-1.55662735542e-06	-2.42914376178e-06	-2.35946615368e-06	-3.2402754854e-06	-3.14286588298e-06	-4.0857563195e-06	197.815103674	198.441085113	199.067066553	199.693047993	200.319029432	200.945010872	201.570992312	202.196973751	202.822955191	203.448936631	-12.9936623498	-13.1065961332	-13.2195299167	-13.3324637002	-13.4453974836	-13.5583312671	-13.6712650505	-13.784198834	-13.8971326175	-14.0100664009	1.74928709965	1.74928709965	1.74928709965	1.74928709965	1.74928709965	1.74928709965	1.74928709965	1.74928709965	1.74928709965	1.74928709965	
6.45	170.122960042	170.247040044	170.371120046	170.495200048	170.61928005	170.743360052	170.867440054	170.991520056	171.115600058	171.23968006	0.0	0.0	-1.00907706963e-07	-1.95484527154e-07	-3.97608110891e-07	-5.90754436292e-07	-8.92162599154e-07	-1.18492516426e-06	-1.58697855303e-06	-1.97694535813e-06	0.0	-8.13247141544e-07	-7.62224521704e-07	-1.62897792111e-06	-1.55662735542e-06	-2.42914376178e-06	-2.35946615368e-06	-3.2402754854e-06	-3.14286588298e-06	-4.0857563195e-06	197.815103674	198.441085113	199.067066553	199.693047993	200.319029432	200.945010872	201.570992312	202.196973751	202.822955191	203.448936631	-12.9936623498	-13.1065961332	-13.2195299167	-13.3324637002	-13.4453974836	-13.5583312671	-13.6712650505	-13.784198834	-13.8971326175	-14.0100664009	1.74928709965	1.74928709965	1.74928709965	1.74928709965	1.74928709965	1.74928709965	1.74928709965	1.74928709965	1.74928709965	1.74928709965	
6.46666666667	170.122960042	170.247040044	170.371120046	170.495200048	170.61928005	170.743360052	170.867440054	170.991520056	171.115600058	171.23968006	0.0	0.0	-1.00907706963e-07	-1.95484527154e-07	-3.97608110891e-07	-5.90754436292e-07	-8.92162599154e-07	-1.18492516426e-06	-1.58697855303e-06	-1.97694535813e-06	0.0	-8.13247141544e-07	-7.62224521704e-07	-1.62897792111e-06	-1.55662735542e-06	-2.42914376178e-06	-2.35946615368e-06	-3.2402754854e-06	-3.14286588298e-06	-4.0857563195e-06	197.815103674	198.441085113	199.067066553	199.693047993	200.319029432	200.945010872	201.570992312	202.196973751	202.822955191	203.448936631	-12.9936623498	-13.1065961332	-13.2195299167	-13.3324637002	-13.4453974836	-13.5583312671	-13.6712650505	-13.784198834	-13.8971326175	-14.0100664009	1.74928709965	1.74928709965	1.74928709965	1.74928709965	1.74928709965	1.74928709965	1.74928709965	1.74928709965	1.74928709965	1.74928709965	
6.48333333333	170.122960042	170.247040044	170.371120046	170.495200048	170.61928005	170.743360052	170.867440054	170.991520056	171.115600058	171.23968006	0.0	0.0	-1.00907706963e-07	-1.95484527154e-07	-3.97608110891e-07	-5.90754436292e-07	-8.92162599154e-07	-1.18492516426e-06	-1.58697855303e-06	-1.97694535813e-06	0.0	-8.13247141544e-07	-7.62224521704e-07	-1.62897792111e-06	-1.55662735542e-06	-2.42914376178e-06	-2.35946615368e-06	-3.2402754854e-06	-3.14286588298e-06	-4.0857563195e-06	197.815103674	198.441085113	199.067066553	199.693047993	200.319029432	200.945010872	201.570992312	202.196973751	202.822955191	203.448936631	-12.9936623498	-13.1065961332	-13.2195299167	-13.3324637002	-13.4453974836	-13.5583312671	-13.6712650505	-13.784198834	-13.8971326175	-14.0100664009	1.74928709965	1.74928709965	1.74928709965	1.74928709965	1.74928709965	1.74928709965	1.74928709965	1.74928709965	1.74928709965	1.74928709965	
6.5	170.122960042	170.247040044	170.371120046	170.495200048	170.61928005	170.743360052	170.867440054	170.991520056	171.115600058	171.23968006	0.0	0.0	-1.00907706963e-07	-1.95484527154e-07	-3.97608110891e-07	-5.90754436292e-07	-8.92162599154e-07	-1.18492516426e-06	-1.58697855303e-06	-1.97694535813e-06	0.0	-8.13247141544e-07	-7.62224521704e-07	-1.62897792111e-06	-1.55662735542e-06	-2.42914376178e-06	-2.35946615368e-06	-3.2402754854e-06	-3.14286588298e-06	-4.0857563195e-06	197.815103674	198.441085113	199.067066553	199.693047993	200.319029432	200.945010872	201.570992312	202.196973751	202.822955191	203.448936631	-12.9936623498	-13.1065961332	-13.2195299167	-13.3324637002	-13.4453974836	-13.5583312671	-13.6712650505	-13.784198834	-13.8971326175	-14.0100664009	1.74928709965	1.74928709965	1.74928709965	1.74928709965	1.74928709965	1.74928709965	1.74928709965	1.74928709965	1.74928709965	1.74928709965	
6.51666666667	170.122960042	170.247040044	170.371120046	170.495200048	170.61928005	170.743360052	170.867440054	170.991520056	171.115600058	171.23968006	0.0	0.0	-1.00907706963e-07	-1.95484527154e-07	-3.97608110891e-07	-5.90754436292e-07	-8.92162599154e-07	-1.18492516426e-06	-1.58697855303e-06	-1.97694535813e-06	0.0	-8.13247141544e-07	-7.62224521704e-07	-1.62897792111e-06	-1.55662735542e-06	-2.42914376178e-06	-2.35946615368e-06	-3.2402754854e-06	-3.14286588298e-06	-4.0857563195e-06	197.815103674	198.441085113	199.067066553	199.693047993	200.319029432	200.945010872	201.570992312	202.196973751	202.822955191	203.448936631	-12.9936623498	-13.1065961332	-13.2195299167	-13.3324637002	-13.4453974836	-13.5583312671	-13.6712650505	-13.784198834	-13.8971326175	-14.0100664009	1.74928709965	1.74928709965	1.74928709965	1.74928709965	1.74928709965	1.74928709965	1.74928709965	1.74928709965	1.74928709965	1.74928709965	
6.53333333333	170.122960042	170.247040044	170.371120046	170.495200048	170.61928005	170.743360052	170.867440054	170.991520056	171.115600058	171.23968006	0.0	0.0	-1.00907706963e-07	-1.95484527154e-07	-3.97608110891e-07	-5.90754436292e-07	-8.92162599154e-07	-1.18492516426e-06	-1.58697855303e-06	-1.97694535813e-06	0.0	-8.13247141544e-07	-7.62224521704e-07	-1.62897792111e-06	-1.55662735542e-06	-2.42914376178e-06	-2.35946615368e-06	-3.2402754854e-06	-3.14286588298e-06	-4.0857563195e-06	197.815103674	198.441085113	199.067066553	199.693047993	200.319029432	200.945010872	201.570992312	202.196973751	202.822955191	203.448936631	-12.9936623498	-13.1065961332	-13.2195299167	-13.3324637002	-13.4453974836	-13.5583312671	-13.6712650505	-13.784198834	-13.8971326175	-14.0100664009	1.74928709965	1.74928709965	1.74928709965	1.74928709965	1.74928709965	1.74928709965	1.74928709965	1.74928709965	1.74928709965	1.74928709965	
6.55	170.122960042	170.247040044	170.371120046	170.495200048	170.61928005	170.743360052	170.867440054	170.991520056	171.115600058	171.23968006	0.0	0.0	-1.00907706963e-07	-1.95484527154e-07	-3.97608110891e-07	-5.90754436292e-07	-8.92162599154e-07	-1.18492516426e-06	-1.58697855303e-06	-1.97694535813e-06	0.0	-8.13247141544e-07	-7.62224521704e-07	-1.62897792111e-06	-1.55662735542e-06	-2.42914376178e-06	-2.35946615368e-06	-3.2402754854e-06	-3.14286588298e-06	-4.0857563195e-06	197.815103674	198.441085113	199.067066553	199.693047993	200.319029432	200.945010872	201.570992312	202.196973751	202.822955191	203.448936631	-12.9936623498	-13.1065961332	-13.2195299167	-13.3324637002	-13.4453974836	-13.5583312671	-13.6712650505	-13.784198834	-13.8971326175	-14.0100664009	1.74928709965	1.74928709965	1.74928709965	1.74928709965	1.74928709965	1.74928709965	1.74928709965	1.74928709965	1.74928709965	1.74928709965	
6.56666666667	170.122960042	170.247040044	170.371120046	170.495200048	170.61928005	170.743360052	170.867440054	170.991520056	171.115600058	171.23968006	0.0	0.0	-1.00907706963e-07	-1.95484527154e-07	-3.97608110891e-07	-5.90754436292e-07	-8.92162599154e-07	-1.18492516426e-06	-1.58697855303e-06	-1.97694535813e-06	0.0	-8.13247141544e-07	-7.62224521704e-07	-1.62897792111e-06	-1.55662735542e-06	-2.42914376178e-06	-2.35946615368e-06	-3.2402754854e-06	-3.14286588298e-06	-4.0857563195e-06	197.815103674	198.441085113	199.067066553	199.693047993	200.319029432	200.945010872	201.570992312	202.196973751	202.822955191	203.448936631	-12.9936623498	-13.1065961332	-13.2195299167	-13.3324637002	-13.4453974836	-13.5583312671	-13.6712650505	-13.784198834	-13.8971326175	-14.0100664009	1.74928709965	1.74928709965	1.74928709965	1.74928709965	1.74928709965	1.74928709965	1.74928709965	1.74928709965	1.74928709965	1.74928709965	
6.58333333333	170.122960042	170.247040044	170.371120046	170.495200048	170.61928005	170.743360052	170.867440054	170.991520056	171.115600058	171.23968006	0.0	0.0	-1.00907706963e-07	-1.95484527154e-07	-3.97608110891e-07	-5.90754436292e-07	-8.92162599154e-07	-1.18492516426e-06	-1.58697855303e-06	-1.97694535813e-06	0.0	-8.13247141544e-07	-7.62224521704e-07	-1.62897792111e-06	-1.55662735542e-06	-2.42914376178e-06	-2.35946615368e-06	-3.2402754854e-06	-3.14286588298e-06	-4.0857563195e-06	197.815103674	198.441085113	199.067066553	199.693047993	200.319029432	200.945010872	201.570992312	202.196973751	202.822955191	203.448936631	-12.9936623498	-13.1065961332	-13.2195299167	-13.3324637002	-13.4453974836	-13.5583312671	-13.6712650505	-13.784198834	-13.8971326175	-14.0100664009	1.74928709965	1.74928709965	1.74928709965	1.74928709965	1.74928709965	1.74928709965	1.74928709965	1.74928709965	1.74928709965	1.74928709965	
6.6	170.122960042	170.247040044	170.371120046	170.495200048	170.61928005	170.743360052	170.867440054	170.991520056	171.115600058	171.23968006	0.0	0.0	-1.00907706963e-07	-1.95484527154e-07	-3.97608110891e-07	-5.90754436292e-07	-8.92162599154e-07	-1.18492516426e-06	-1.58697855303e-06	-1.97694535813e-06	0.0	-8.13247141544e-07	-7.62224521704e-07	-1.62897792111e-06	-1.55662735542e-06	-2.42914376178e-06	-2.35946615368e-06	-3.2402754854e-06	-3.14286588298e-06	-4.0857563195e-06	197.815103674	198.441085113	199.067066553	199.693047993	200.319029432	200.945010872	201.570992312	202.196973751	202.822955191	203.448936631	-12.9936623498	-13.1065961332	-13.2195299167	-13.3324637002	-13.4453974836	-13.5583312671	-13.6712650505	-13.784198834	-13.8971326175	-14.0100664009	1.74928709965	1.74928709965	1.74928709965	1.74928709965	1.74928709965	1.74928709965	1.74928709965	1.74928709965	1.74928709965	1.74928709965	
6.61666666667	170.122960042	170.247040044	170.371120046	170.495200048	170.61928005	170.743360052	170.867440054	170.991520056	171.115600058	171.23968006	0.0	0.0	-1.00907706963e-07	-1.95484527154e-07	-3.97608110891e-07	-5.90754436292e-07	-8.92162599154e-07	-1.18492516426e-06	-1.58697855303e-06	-1.97694535813e-06	0.0	-8.13247141544e-07	-7.62224521704e-07	-1.62897792111e-06	-1.55662735542e-06	-2.42914376178e-06	-2.35946615368e-06	-3.2402754854e-06	-3.14286588298e-06	-4.0857563195e-06	197.815103674	198.441085113	199.067066553	199.693047993	200.319029432	200.945010872	201.570992312	202.196973751	202.822955191	203.448936631	-12.9936623498	-13.1065961332	-13.2195299167	-13.3324637002	-13.4453974836	-13.5583312671	-13.6712650505	-13.784198834	-13.8971326175	-14.0100664009	1.74928709965	1.74928709965	1.74928709965	1.74928709965	1.74928709965	1.74928709965	1.74928709965	1.74928709965	1.74928709965	1.74928709965	
6.63333333333	170.122960042	170.247040044	170.371120046	170.495200048	170.61928005	170.743360052	170.867440054	170.991520056	171.115600058	171.23968006	0.0	0.0	-1.00907706963e-07	-1.95484527154e-07	-3.97608110891e-07	-5.90754436292e-07	-8.92162599154e-07	-1.18492516426e-06	-1.58697855303e-06	-1.97694535813e-06	0.0	-8.13247141544e-07	-7.62224521704e-07	-1.62897792111e-06	-1.55662735542e-06	-2.42914376178e-06	-2.35946615368e-06	-3.2402754854e-06	-3.14286588298e-06	-4.0857563195e-06	197.815103674	198.441085113	199.067066553	199.693047993	200.319029432	200.945010872	201.570992312	202.196973751	202.822955191	203.448936631	-12.9936623498	-13.1065961332	-13.2195299167	-13.3324637002	-13.4453974836	-13.5583312671	-13.6712650505	-13.784198834	-13.8971326175	-14.0100664009	1.74928709965	1.74928709965	1.74928709965	1.74928709965	1.74928709965	1.74928709965	1.74928709965	1.74928709965	1.74928709965	1.74928709965	
6.65	170.122960042	170.247040044	170.371120046	170.495200048	170.61928005	170.743360052	170.867440054	170.991520056	171.115600058	171.23968006	0.0	0.0	-1.00907706963e-07	-1.95484527154e-07	-3.97608110891e-07	-5.90754436292e-07	-8.92162599154e-07	-1.18492516426e-06	-1.58697855303e-06	-1.97694535813e-06	0.0	-8.13247141544e-07	-7.62224521704e-07	-1.62897792111e-06	-1.55662735542e-06	-2.42914376178e-06	-2.35946615368e-06	-3.2402754854e-06	-3.14286588298e-06	-4.0857563195e-06	197.815103674	198.441085113	199.067066553	199.693047993	200.319029432	200.945010872	201.570992312	202.196973751	202.822955191	203.448936631	-12.9936623498	-13.1065961332	-13.2195299167	-13.3324637002	-13.4453974836	-13.5583312671	-13.6712650505	-13.784198834	-13.8971326175	-14.0100664009	1.74928709965	1.74928709965	1.74928709965	1.74928709965	1.74928709965	1.74928709965	1.74928709965	1.74928709965	1.74928709965	1.74928709965	
6.66666666667	170.122960042	170.247040044	170.371120046	170.495200048	170.61928005	170.743360052	170.867440054	170.991520056	171.115600058	171.23968006	0.0	0.0	-1.00907706963e-07	-1.95484527154e-07	-3.97608110891e-07	-5.90754436292e-07	-8.92162599154e-07	-1.18492516426e-06	-1.58697855303e-06	-1.97694535813e-06	0.0	-8.13247141544e-07	-7.62224521704e-07	-1.62897792111e-06	-1.55662735542e-06	-2.42914376178e-06	-2.35946615368e-06	-3.2402754854e-06	-3.14286588298e-06	-4.0857563195e-06	197.815103674	198.441085113	199.067066553	199.693047993	200.319029432	200.945010872	201.570992312	202.196973751	202.822955191	203.448936631	-12.9936623498	-13.1065961332	-13.2195299167	-13.3324637002	-13.4453974836	-13.5583312671	-13.6712650505	-13.784198834	-13.8971326175	-14.0100664009	1.74928709965	1.74928709965	1.74928709965	1.74928709965	1.74928709965	1.74928709965	1.74928709965	1.74928709965	1.74928709965	1.74928709965	
6.68333333333	170.122960042	170.247040044	170.371120046	170.495200048	170.61928005	170.743360052	170.867440054	170.991520056	171.115600058	171.23968006	0.0	0.0	-1.00907706963e-07	-1.95484527154e-07	-3.97608110891e-07	-5.90754436292e-07	-8.92162599154e-07	-1.18492516426e-06	-1.58697855303e-06	-1.97694535813e-06	0.0	-8.13247141544e-07	-7.62224521704e-07	-1.62897792111e-06	-1.55662735542e-06	-2.42914376178e-06	-2.35946615368e-06	-3.2402754854e-06	-3.14286588298e-06	-4.0857563195e-06	197.815103674	198.441085113	199.067066553	199.693047993	200.319029432	200.945010872	201.570992312	202.196973751	202.822955191	203.448936631	-12.9936623498	-13.1065961332	-13.2195299167	-13.3324637002	-13.4453974836	-13.5583312671	-13.6712650505	-13.784198834	-13.8971326175	-14.0100664009	1.74928709965	1.74928709965	1.74928709965	1.74928709965	1.74928709965	1.74928709965	1.74928709965	1.74928709965	1.74928709965	1.74928709965	
6.7	170.122960042	170.247040044	170.371120046	170.495200048	170.61928005	170.743360052	170.867440054	170.991520056	171.115600058	171.23968006	0.0	0.0	-1.00907706963e-07	-1.95484527154e-07	-3.97608110891e-07	-5.90754436292e-07	-8.92162599154e-07	-1.18492516426e-06	-1.58697855303e-06	-1.97694535813e-06	0.0	-8.13247141544e-07	-7.62224521704e-07	-1.62897792111e-06	-1.55662735542e-06	-2.42914376178e-06	-2.35946615368e-06	-3.2402754854e-06	-3.14286588298e-06	-4.0857563195e-06	197.815103674	198.441085113	199.067066553	199.693047993	200.319029432	200.945010872	201.570992312	202.196973751	202.822955191	203.448936631	-12.9936623498	-13.1065961332	-13.2195299167	-13.3324637002	-13.4453974836	-13.5583312671	-13.6712650505	-13.784198834	-13.8971326175	-14.0100664009	1.74928709965	1.74928709965	1.74928709965	1.74928709965	1.74928709965	1.74928709965	1.74928709965	1.74928709965	1.74928709965	1.74928709965	
6.71666666667	170.122960042	170.247040044	170.371120046	170.495200048	170.61928005	170.743360052	170.867440054	170.991520056	171.115600058	171.23968006	0.0	0.0	-1.00907706963e-07	-1.95484527154e-07	-3.97608110891e-07	-5.90754436292e-07	-8.92162599154e-07	-1.18492516426e-06	-1.58697855303e-06	-1.97694535813e-06	0.0	-8.13247141544e-07	-7.62224521704e-07	-1.62897792111e-06	-1.55662735542e-06	-2.42914376178e-06	-2.35946615368e-06	-3.2402754854e-06	-3.14286588298e-06	-4.0857563195e-06	197.815103674	198.441085113	199.067066553	199.693047993	200.319029432	200.945010872	201.570992312	202.196973751	202.822955191	203.448936631	-12.9936623498	-13.1065961332	-13.2195299167	-13.3324637002	-13.4453974836	-13.5583312671	-13.6712650505	-13.784198834	-13.8971326175	-14.0100664009	1.74928709965	1.74928709965	1.74928709965	1.74928709965	1.74928709965	1.74928709965	1.74928709965	1.74928709965	1.74928709965	1.74928709965	
6.73333333333	170.122960042	170.247040044	170.371120046	170.495200048	170.61928005	170.743360052	170.867440054	170.991520056	171.115600058	171.23968006	0.0	0.0	-1.00907706963e-07	-1.95484527154e-07	-3.97608110891e-07	-5.90754436292e-07	-8.92162599154e-07	-1.18492516426e-06	-1.58697855303e-06	-1.97694535813e-06	0.0	-8.13247141544e-07	-7.62224521704e-07	-1.62897792111e-06	-1.55662735542e-06	-2.42914376178e-06	-2.35946615368e-06	-3.2402754854e-06	-3.14286588298e-06	-4.0857563195e-06	197.815103674	198.441085113	199.067066553	199.693047993	200.319029432	200.945010872	201.570992312	202.196973751	202.822955191	203.448936631	-12.9936623498	-13.1065961332	-13.2195299167	-13.3324637002	-13.4453974836	-13.5583312671	-13.6712650505	-13.784198834	-13.8971326175	-14.0100664009	1.74928709965	1.74928709965	1.74928709965	1.74928709965	1.74928709965	1.74928709965	1.74928709965	1.74928709965	1.74928709965	1.74928709965	
6.75	170.122960042	170.247040044	170.371120046	170.495200048	170.61928005	170.743360052	170.867440054	170.991520056	171.115600058	171.23968006	0.0	0.0	-1.00907706963e-07	-1.95484527154e-07	-3.97608110891e-07	-5.90754436292e-07	-8.92162599154e-07	-1.18492516426e-06	-1.58697855303e-06	-1.97694535813e-06	0.0	-8.13247141544e-07	-7.62224521704e-07	-1.62897792111e-06	-1.55662735542e-06	-2.42914376178e-06	-2.35946615368e-06	-3.2402754854e-06	-3.14286588298e-06	-4.0857563195e-06	197.815103674	198.441085113	199.067066553	199.693047993	200.319029432	200.945010872	201.570992312	202.196973751	202.822955191	203.448936631	-12.9936623498	-13.1065961332	-13.2195299167	-13.3324637002	-13.4453974836	-13.5583312671	-13.6712650505	-13.784198834	-13.8971326175	-14.0100664009	1.74928709965	1.74928709965	1.74928709965	1.74928709965	1.74928709965	1.74928709965	1.74928709965	1.74928709965	1.74928709965	1.74928709965	
6.76666666667	170.122960042	170.247040044	170.371120046	170.495200048	170.61928005	170.743360052	170.867440054	170.991520056	171.115600058	171.23968006	0.0	0.0	-1.00907706963e-07	-1.95484527154e-07	-3.97608110891e-07	-5.90754436292e-07	-8.92162599154e-07	-1.18492516426e-06	-1.58697855303e-06	-1.97694535813e-06	0.0	-8.13247141544e-07	-7.62224521704e-07	-1.62897792111e-06	-1.55662735542e-06	-2.42914376178e-06	-2.35946615368e-06	-3.2402754854e-06	-3.14286588298e-06	-4.0857563195e-06	197.815103674	198.441085113	199.067066553	199.693047993	200.319029432	200.945010872	201.570992312	202.196973751	202.822955191	203.448936631	-12.9936623498	-13.1065961332	-13.2195299167	-13.3324637002	-13.4453974836	-13.5583312671	-13.6712650505	-13.784198834	-13.8971326175	-14.0100664009	1.74928709965	1.74928709965	1.74928709965	1.74928709965	1.74928709965	1.74928709965	1.74928709965	1.74928709965	1.74928709965	1.74928709965	
6.78333333333	170.122960042	170.247040044	170.371120046	170.495200048	170.61928005	170.743360052	170.867440054	170.991520056	171.115600058	171.23968006	0.0	0.0	-1.00907706963e-07	-1.95484527154e-07	-3.97608110891e-07	-5.90754436292e-07	-8.92162599154e-07	-1.18492516426e-06	-1.58697855303e-06	-1.97694535813e-06	0.0	-8.13247141544e-07	-7.62224521704e-07	-1.62897792111e-06	-1.55662735542e-06	-2.42914376178e-06	-2.35946615368e-06	-3.2402754854e-06	-3.14286588298e-06	-4.0857563195e-06	197.815103674	198.441085113	199.067066553	199.693047993	200.319029432	200.945010872	201.570992312	202.196973751	202.822955191	203.448936631	-12.9936623498	-13.1065961332	-13.2195299167	-13.3324637002	-13.4453974836	-13.5583312671	-13.6712650505	-13.784198834	-13.8971326175	-14.0100664009	1.74928709965	1.74928709965	1.74928709965	1.74928709965	1.74928709965	1.74928709965	1.74928709965	1.74928709965	1.74928709965	1.74928709965	
6.8	170.122960042	170.247040044	170.371120046	170.495200048	170.61928005	170.743360052	170.867440054	170.991520056	171.115600058	171.23968006	0.0	0.0	-1.00907706963e-07	-1.95484527154e-07	-3.97608110891e-07	-5.90754436292e-07	-8.92162599154e-07	-1.18492516426e-06	-1.58697855303e-06	-1.97694535813e-06	0.0	-8.13247141544e-07	-7.62224521704e-07	-1.62897792111e-06	-1.55662735542e-06	-2.42914376178e-06	-2.35946615368e-06	-3.2402754854e-06	-3.14286588298e-06	-4.0857563195e-06	197.815103674	198.441085113	199.067066553	199.693047993	200.319029432	200.945010872	201.570992312	202.196973751	202.822955191	203.448936631	-12.9936623498	-13.1065961332	-13.2195299167	-13.3324637002	-13.4453974836	-13.5583312671	-13.6712650505	-13.784198834	-13.8971326175	-14.0100664009	1.74928709965	1.74928709965	1.74928709965	1.74928709965	1.74928709965	1.74928709965	1.74928709965	1.74928709965	1.74928709965	1.74928709965	
6.81666666667	170.122960042	170.247040044	170.371120046	170.495200048	170.61928005	170.743360052	170.867440054	170.991520056	171.115600058	171.23968006	0.0	0.0	-1.00907706963e-07	-1.95484527154e-07	-3.97608110891e-07	-5.90754436292e-07	-8.92162599154e-07	-1.18492516426e-06	-1.58697855303e-06	-1.97694535813e-06	0.0	-8.13247141544e-07	-7.62224521704e-07	-1.62897792111e-06	-1.55662735542e-06	-2.42914376178e-06	-2.35946615368e-06	-3.2402754854e-06	-3.14286588298e-06	-4.0857563195e-06	197.815103674	198.441085113	199.067066553	199.693047993	200.319029432	200.945010872	201.570992312	202.196973751	202.822955191	203.448936631	-12.9936623498	-13.1065961332	-13.2195299167	-13.3324637002	-13.4453974836	-13.5583312671	-13.6712650505	-13.784198834	-13.8971326175	-14.0100664009	1.74928709965	1.74928709965	1.74928709965	1.74928709965	1.74928709965	1.74928709965	1.74928709965	1.74928709965	1.74928709965	1.74928709965	
6.83333333333	170.122960042	170.247040044	170.371120046	170.495200048	170.61928005	170.743360052	170.867440054	170.991520056	171.115600058	171.23968006	0.0	0.0	-1.00907706963e-07	-1.95484527154e-07	-3.97608110891e-07	-5.90754436292e-07	-8.92162599154e-07	-1.18492516426e-06	-1.58697855303e-06	-1.97694535813e-06	0.0	-8.13247141544e-07	-7.62224521704e-07	-1.62897792111e-06	-1.55662735542e-06	-2.42914376178e-06	-2.35946615368e-06	-3.2402754854e-06	-3.14286588298e-06	-4.0857563195e-06	197.815103674	198.441085113	199.067066553	199.693047993	200.319029432	200.945010872	201.570992312	202.196973751	202.822955191	203.448936631	-12.9936623498	-13.1065961332	-13.2195299167	-13.3324637002	-13.4453974836	-13.5583312671	-13.6712650505	-13.784198834	-13.8971326175	-14.0100664009	1.74928709965	1.74928709965	1.74928709965	1.74928709965	1.74928709965	1.74928709965	1.74928709965	1.74928709965	1.74928709965	1.74928709965	
6.85	170.122960042	170.247040044	170.371120046	170.495200048	170.61928005	170.743360052	170.867440054	170.991520056	171.115600058	171.23968006	0.0	0.0	-1.00907706963e-07	-1.95484527154e-07	-3.97608110891e-07	-5.90754436292e-07	-8.92162599154e-07	-1.18492516426e-06	-1.58697855303e-06	-1.97694535813e-06	0.0	-8.13247141544e-07	-7.62224521704e-07	-1.62897792111e-06	-1.55662735542e-06	-2.42914376178e-06	-2.35946615368e-06	-3.2402754854e-06	-3.14286588298e-06	-4.0857563195e-06	197.815103674	198.441085113	199.067066553	199.693047993	200.319029432	200.945010872	201.570992312	202.196973751	202.822955191	203.448936631	-12.9936623498	-13.1065961332	-13.2195299167	-13.3324637002	-13.4453974836	-13.5583312671	-13.6712650505	-13.784198834	-13.8971326175	-14.0100664009	1.74928709965	1.74928709965	1.74928709965	1.74928709965	1.74928709965	1.74928709965	1.74928709965	1.74928709965	1.74928709965	1.74928709965	
6.86666666667	170.122960042	170.247040044	170.371120046	170.495200048	170.61928005	170.743360052	170.867440054	170.991520056	171.115600058	171.23968006	0.0	0.0	-1.00907706963e-07	-1.95484527154e-07	-3.97608110891e-07	-5.90754436292e-07	-8.92162599154e-07	-1.18492516426e-06	-1.58697855303e-06	-1.97694535813e-06	0.0	-8.13247141544e-07	-7.62224521704e-07	-1.62897792111e-06	-1.55662735542e-06	-2.42914376178e-06	-2.35946615368e-06	-3.2402754854e-06	-3.14286588298e-06	-4.0857563195e-06	197.815103674	198.441085113	199.067066553	199.693047993	200.319029432	200.945010872	201.570992312	202.196973751	202.822955191	203.448936631	-12.9936623498	-13.1065961332	-13.2195299167	-13.3324637002	-13.4453974836	-13.5583312671	-13.6712650505	-13.784198834	-13.8971326175	-14.0100664009	1.74928709965	1.74928709965	1.74928709965	1.74928709965	1.74928709965	1.74928709965	1.74928709965	1.74928709965	1.74928709965	1.74928709965	
6.88333333333	170.122960042	170.247040044	170.371120046	170.495200048	170.61928005	170.743360052	170.867440054	170.991520056	171.115600058	171.23968006	0.0	0.0	-1.00907706963e-07	-1.95484527154e-07	-3.97608110891e-07	-5.90754436292e-07	-8.92162599154e-07	-1.18492516426e-06	-1.58697855303e-06	-1.97694535813e-06	0.0	-8.13247141544e-07	-7.62224521704e-07	-1.62897792111e-06	-1.55662735542e-06	-2.42914376178e-06	-2.35946615368e-06	-3.2402754854e-06	-3.14286588298e-06	-4.0857563195e-06	197.815103674	198.441085113	199.067066553	199.693047993	200.319029432	200.945010872	201.570992312	202.196973751	202.822955191	203.448936631	-12.9936623498	-13.1065961332	-13.2195299167	-13.3324637002	-13.4453974836	-13.5583312671	-13.6712650505	-13.784198834	-13.8971326175	-14.0100664009	1.74928709965	1.74928709965	1.74928709965	1.74928709965	1.74928709965	1.74928709965	1.74928709965	1.74928709965	1.74928709965	1.74928709965	
6.9	170.122960042	170.247040044	170.371120046	170.495200048	170.61928005	170.743360052	170.867440054	170.991520056	171.115600058	171.23968006	0.0	0.0	-1.00907706963e-07	-1.95484527154e-07	-3.97608110891e-07	-5.90754436292e-07	-8.92162599154e-07	-1.18492516426e-06	-1.58697855303e-06	-1.97694535813e-06	0.0	-8.13247141544e-07	-7.62224521704e-07	-1.62897792111e-06	-1.55662735542e-06	-2.42914376178e-06	-2.35946615368e-06	-3.2402754854e-06	-3.14286588298e-06	-4.0857563195e-06	197.815103674	198.441085113	199.067066553	199.693047993	200.319029432	200.945010872	201.570992312	202.196973751	202.822955191	203.448936631	-12.9936623498	-13.1065961332	-13.2195299167	-13.3324637002	-13.4453974836	-13.5583312671	-13.6712650505	-13.784198834	-13.8971326175	-14.0100664009	1.74928709965	1.74928709965	1.74928709965	1.74928709965	1.74928709965	1.74928709965	1.74928709965	1.74928709965	1.74928709965	1.74928709965	
6.91666666667	170.122960042	170.247040044	170.371120046	170.495200048	170.61928005	170.743360052	170.867440054	170.991520056	171.115600058	171.23968006	0.0	0.0	-1.00907706963e-07	-1.95484527154e-07	-3.97608110891e-07	-5.90754436292e-07	-8.92162599154e-07	-1.18492516426e-06	-1.58697855303e-06	-1.97694535813e-06	0.0	-8.13247141544e-07	-7.62224521704e-07	-1.62897792111e-06	-1.55662735542e-06	-2.42914376178e-06	-2.35946615368e-06	-3.2402754854e-06	-3.14286588298e-06	-4.0857563195e-06	197.815103674	198.441085113	199.067066553	199.693047993	200.319029432	200.945010872	201.570992312	202.196973751	202.822955191	203.448936631	-12.9936623498	-13.1065961332	-13.2195299167	-13.3324637002	-13.4453974836	-13.5583312671	-13.6712650505	-13.784198834	-13.8971326175	-14.0100664009	1.74928709965	1.74928709965	1.74928709965	1.74928709965	1.74928709965	1.74928709965	1.74928709965	1.74928709965	1.74928709965	1.74928709965	
6.93333333333	170.122960042	170.247040044	170.371120046	170.495200048	170.61928005	170.743360052	170.867440054	170.991520056	171.115600058	171.23968006	0.0	0.0	-1.00907706963e-07	-1.95484527154e-07	-3.97608110891e-07	-5.90754436292e-07	-8.92162599154e-07	-1.18492516426e-06	-1.58697855303e-06	-1.97694535813e-06	0.0	-8.13247141544e-07	-7.62224521704e-07	-1.62897792111e-06	-1.55662735542e-06	-2.42914376178e-06	-2.35946615368e-06	-3.2402754854e-06	-3.14286588298e-06	-4.0857563195e-06	197.815103674	198.441085113	199.067066553	199.693047993	200.319029432	200.945010872	201.570992312	202.196973751	202.822955191	203.448936631	-12.9936623498	-13.1065961332	-13.2195299167	-13.3324637002	-13.4453974836	-13.5583312671	-13.6712650505	-13.784198834	-13.8971326175	-14.0100664009	1.74928709965	1.74928709965	1.74928709965	1.74928709965	1.74928709965	1.74928709965	1.74928709965	1.74928709965	1.74928709965	1.74928709965	
6.95	170.122960042	170.247040044	170.371120046	170.495200048	170.61928005	170.743360052	170.867440054	170.991520056	171.115600058	171.23968006	0.0	0.0	-1.00907706963e-07	-1.95484527154e-07	-3.97608110891e-07	-5.90754436292e-07	-8.92162599154e-07	-1.18492516426e-06	-1.58697855303e-06	-1.97694535813e-06	0.0	-8.13247141544e-07	-7.62224521704e-07	-1.62897792111e-06	-1.55662735542e-06	-2.42914376178e-06	-2.35946615368e-06	-3.2402754854e-06	-3.14286588298e-06	-4.0857563195e-06	197.815103674	198.441085113	199.067066553	199.693047993	200.319029432	200.945010872	201.570992312	202.196973751	202.822955191	203.448936631	-12.9936623498	-13.1065961332	-13.2195299167	-13.3324637002	-13.4453974836	-13.5583312671	-13.6712650505	-13.784198834	-13.8971326175	-14.0100664009	1.74928709965	1.74928709965	1.74928709965	1.74928709965	1.74928709965	1.74928709965	1.74928709965	1.74928709965	1.74928709965	1.74928709965	
6.96666666667	170.122960042	170.247040044	170.371120046	170.495200048	170.61928005	170.743360052	170.867440054	170.991520056	171.115600058	171.23968006	0.0	0.0	-1.00907706963e-07	-1.95484527154e-07	-3.97608110891e-07	-5.90754436292e-07	-8.92162599154e-07	-1.18492516426e-06	-1.58697855303e-06	-1.97694535813e-06	0.0	-8.13247141544e-07	-7.62224521704e-07	-1.62897792111e-06	-1.55662735542e-06	-2.42914376178e-06	-2.35946615368e-06	-3.2402754854e-06	-3.14286588298e-06	-4.0857563195e-06	197.815103674	198.441085113	199.067066553	199.693047993	200.319029432	200.945010872	201.570992312	202.196973751	202.822955191	203.448936631	-12.9936623498	-13.1065961332	-13.2195299167	-13.3324637002	-13.4453974836	-13.5583312671	-13.6712650505	-13.784198834	-13.8971326175	-14.0100664009	1.74928709965	1.74928709965	1.74928709965	1.74928709965	1.74928709965	1.74928709965	1.74928709965	1.74928709965	1.74928709965	1.74928709965	
6.98333333333	170.122960042	170.247040044	170.371120046	170.495200048	170.61928005	170.743360052	170.867440054	170.991520056	171.115600058	171.23968006	0.0	0.0	-1.00907706963e-07	-1.95484527154e-07	-3.97608110891e-07	-5.90754436292e-07	-8.92162599154e-07	-1.18492516426e-06	-1.58697855303e-06	-1.97694535813e-06	0.0	-8.13247141544e-07	-7.62224521704e-07	-1.62897792111e-06	-1.55662735542e-06	-2.42914376178e-06	-2.35946615368e-06	-3.2402754854e-06	-3.14286588298e-06	-4.0857563195e-06	197.815103674	198.441085113	199.067066553	199.693047993	200.319029432	200.945010872	201.570992312	202.196973751	202.822955191	203.448936631	-12.9936623498	-13.1065961332	-13.2195299167	-13.3324637002	-13.4453974836	-13.5583312671	-13.6712650505	-13.784198834	-13.8971326175	-14.0100664009	1.74928709965	1.74928709965	1.74928709965	1.74928709965	1.74928709965	1.74928709965	1.74928709965	1.74928709965	1.74928709965	1.74928709965	
7.0	170.122960042	170.247040044	170.371120046	170.495200048	170.61928005	170.743360052	170.867440054	170.991520056	171.115600058	171.23968006	0.0	0.0	-1.00907706963e-07	-1.95484527154e-07	-3.97608110891e-07	-5.90754436292e-07	-8.92162599154e-07	-1.18492516426e-06	-1.58697855303e-06	-1.97694535813e-06	0.0	-8.13247141544e-07	-7.62224521704e-07	-1.62897792111e-06	-1.55662735542e-06	-2.42914376178e-06	-2.35946615368e-06	-3.2402754854e-06	-3.14286588298e-06	-4.0857563195e-06	197.815103674	198.441085113	199.067066553	199.693047993	200.319029432	200.945010872	201.570992312	202.196973751	202.822955191	203.448936631	-12.9936623498	-13.1065961332	-13.2195299167	-13.3324637002	-13.4453974836	-13.5583312671	-13.6712650505	-13.784198834	-13.8971326175	-14.0100664009	1.74928709965	1.74928709965	1.74928709965	1.74928709965	1.74928709965	1.74928709965	1.74928709965	1.74928709965	1.74928709965	1.74928709965	
7.01666666667	170.122960042	170.247040044	170.371120046	170.495200048	170.61928005	170.743360052	170.867440054	170.991520056	171.115600058	171.23968006	0.0	0.0	-1.00907706963e-07	-1.95484527154e-07	-3.97608110891e-07	-5.90754436292e-07	-8.92162599154e-07	-1.18492516426e-06	-1.58697855303e-06	-1.97694535813e-06	0.0	-8.13247141544e-07	-7.62224521704e-07	-1.62897792111e-06	-1.55662735542e-06	-2.42914376178e-06	-2.35946615368e-06	-3.2402754854e-06	-3.14286588298e-06	-4.0857563195e-06	197.815103674	198.441085113	199.067066553	199.693047993	200.319029432	200.945010872	201.570992312	202.196973751	202.822955191	203.448936631	-12.9936623498	-13.1065961332	-13.2195299167	-13.3324637002	-13.4453974836	-13.5583312671	-13.6712650505	-13.784198834	-13.8971326175	-14.0100664009	1.74928709965	1.74928709965	1.74928709965	1.74928709965	1.74928709965	1.74928709965	1.74928709965	1.74928709965	1.74928709965	1.74928709965	
7.03333333333	170.122960042	170.247040044	170.371120046	170.495200048	170.61928005	170.743360052	170.867440054	170.991520056	171.115600058	171.23968006	0.0	0.0	-1.00907706963e-07	-1.95484527154e-07	-3.97608110891e-07	-5.90754436292e-07	-8.92162599154e-07	-1.18492516426e-06	-1.58697855303e-06	-1.97694535813e-06	0.0	-8.13247141544e-07	-7.62224521704e-07	-1.62897792111e-06	-1.55662735542e-06	-2.42914376178e-06	-2.35946615368e-06	-3.2402754854e-06	-3.14286588298e-06	-4.0857563195e-06	197.815103674	198.441085113	199.067066553	199.693047993	200.319029432	200.945010872	201.570992312	202.196973751	202.822955191	203.448936631	-12.9936623498	-13.1065961332	-13.2195299167	-13.3324637002	-13.4453974836	-13.5583312671	-13.6712650505	-13.784198834	-13.8971326175	-14.0100664009	1.74928709965	1.74928709965	1.74928709965	1.74928709965	1.74928709965	1.74928709965	1.74928709965	1.74928709965	1.74928709965	1.74928709965	
7.05	170.122960042	170.247040044	170.371120046	170.495200048	170.61928005	170.743360052	170.867440054	170.991520056	171.115600058	171.23968006	0.0	0.0	-1.00907706963e-07	-1.95484527154e-07	-3.97608110891e-07	-5.90754436292e-07	-8.92162599154e-07	-1.18492516426e-06	-1.58697855303e-06	-1.97694535813e-06	0.0	-8.13247141544e-07	-7.62224521704e-07	-1.62897792111e-06	-1.55662735542e-06	-2.42914376178e-06	-2.35946615368e-06	-3.2402754854e-06	-3.14286588298e-06	-4.0857563195e-06	197.815103674	198.441085113	199.067066553	199.693047993	200.319029432	200.945010872	201.570992312	202.196973751	202.822955191	203.448936631	-12.9936623498	-13.1065961332	-13.2195299167	-13.3324637002	-13.4453974836	-13.5583312671	-13.6712650505	-13.784198834	-13.8971326175	-14.0100664009	1.74928709965	1.74928709965	1.74928709965	1.74928709965	1.74928709965	1.74928709965	1.74928709965	1.74928709965	1.74928709965	1.74928709965	
7.06666666667	170.122960042	170.247040044	170.371120046	170.495200048	170.61928005	170.743360052	170.867440054	170.991520056	171.115600058	171.23968006	0.0	0.0	-1.00907706963e-07	-1.95484527154e-07	-3.97608110891e-07	-5.90754436292e-07	-8.92162599154e-07	-1.18492516426e-06	-1.58697855303e-06	-1.97694535813e-06	0.0	-8.13247141544e-07	-7.62224521704e-07	-1.62897792111e-06	-1.55662735542e-06	-2.42914376178e-06	-2.35946615368e-06	-3.2402754854e-06	-3.14286588298e-06	-4.0857563195e-06	197.815103674	198.441085113	199.067066553	199.693047993	200.319029432	200.945010872	201.570992312	202.196973751	202.822955191	203.448936631	-12.9936623498	-13.1065961332	-13.2195299167	-13.3324637002	-13.4453974836	-13.5583312671	-13.6712650505	-13.784198834	-13.8971326175	-14.0100664009	1.74928709965	1.74928709965	1.74928709965	1.74928709965	1.74928709965	1.74928709965	1.74928709965	1.74928709965	1.74928709965	1.74928709965	
7.08333333333	170.122960042	170.247040044	170.371120046	170.495200048	170.61928005	170.743360052	170.867440054	170.991520056	171.115600058	171.23968006	0.0	0.0	-1.00907706963e-07	-1.95484527154e-07	-3.97608110891e-07	-5.90754436292e-07	-8.92162599154e-07	-1.18492516426e-06	-1.58697855303e-06	-1.97694535813e-06	0.0	-8.13247141544e-07	-7.62224521704e-07	-1.62897792111e-06	-1.55662735542e-06	-2.42914376178e-06	-2.35946615368e-06	-3.2402754854e-06	-3.14286588298e-06	-4.0857563195e-06	197.815103674	198.441085113	199.067066553	199.693047993	200.319029432	200.945010872	201.570992312	202.196973751	202.822955191	203.448936631	-12.9936623498	-13.1065961332	-13.2195299167	-13.3324637002	-13.4453974836	-13.5583312671	-13.6712650505	-13.784198834	-13.8971326175	-14.0100664009	1.74928709965	1.74928709965	1.74928709965	1.74928709965	1.74928709965	1.74928709965	1.74928709965	1.74928709965	1.74928709965	1.74928709965	
7.1	170.122960042	170.247040044	170.371120046	170.495200048	170.61928005	170.743360052	170.867440054	170.991520056	171.115600058	171.23968006	0.0	0.0	-1.00907706963e-07	-1.95484527154e-07	-3.97608110891e-07	-5.90754436292e-07	-8.92162599154e-07	-1.18492516426e-06	-1.58697855303e-06	-1.97694535813e-06	0.0	-8.13247141544e-07	-7.62224521704e-07	-1.62897792111e-06	-1.55662735542e-06	-2.42914376178e-06	-2.35946615368e-06	-3.2402754854e-06	-3.14286588298e-06	-4.0857563195e-06	197.815103674	198.441085113	199.067066553	199.693047993	200.319029432	200.945010872	201.570992312	202.196973751	202.822955191	203.448936631	-12.9936623498	-13.1065961332	-13.2195299167	-13.3324637002	-13.4453974836	-13.5583312671	-13.6712650505	-13.784198834	-13.8971326175	-14.0100664009	1.74928709965	1.74928709965	1.74928709965	1.74928709965	1.74928709965	1.74928709965	1.74928709965	1.74928709965	1.74928709965	1.74928709965	
7.11666666667	170.122960042	170.247040044	170.371120046	170.495200048	170.61928005	170.743360052	170.867440054	170.991520056	171.115600058	171.23968006	0.0	0.0	-1.00907706963e-07	-1.95484527154e-07	-3.97608110891e-07	-5.90754436292e-07	-8.92162599154e-07	-1.18492516426e-06	-1.58697855303e-06	-1.97694535813e-06	0.0	-8.13247141544e-07	-7.62224521704e-07	-1.62897792111e-06	-1.55662735542e-06	-2.42914376178e-06	-2.35946615368e-06	-3.2402754854e-06	-3.14286588298e-06	-4.0857563195e-06	197.815103674	198.441085113	199.067066553	199.693047993	200.319029432	200.945010872	201.570992312	202.196973751	202.822955191	203.448936631	-12.9936623498	-13.1065961332	-13.2195299167	-13.3324637002	-13.4453974836	-13.5583312671	-13.6712650505	-13.784198834	-13.8971326175	-14.0100664009	1.74928709965	1.74928709965	1.74928709965	1.74928709965	1.74928709965	1.74928709965	1.74928709965	1.74928709965	1.74928709965	1.74928709965	
7.13333333333	170.122960042	170.247040044	170.371120046	170.495200048	170.61928005	170.743360052	170.867440054	170.991520056	171.115600058	171.23968006	0.0	0.0	-1.00907706963e-07	-1.95484527154e-07	-3.97608110891e-07	-5.90754436292e-07	-8.92162599154e-07	-1.18492516426e-06	-1.58697855303e-06	-1.97694535813e-06	0.0	-8.13247141544e-07	-7.62224521704e-07	-1.62897792111e-06	-1.55662735542e-06	-2.42914376178e-06	-2.35946615368e-06	-3.2402754854e-06	-3.14286588298e-06	-4.0857563195e-06	197.815103674	198.441085113	199.067066553	199.693047993	200.319029432	200.945010872	201.570992312	202.196973751	202.822955191	203.448936631	-12.9936623498	-13.1065961332	-13.2195299167	-13.3324637002	-13.4453974836	-13.5583312671	-13.6712650505	-13.784198834	-13.8971326175	-14.0100664009	1.74928709965	1.74928709965	1.74928709965	1.74928709965	1.74928709965	1.74928709965	1.74928709965	1.74928709965	1.74928709965	1.74928709965	
7.15	170.122960042	170.247040044	170.371120046	170.495200048	170.61928005	170.743360052	170.867440054	170.991520056	171.115600058	171.23968006	0.0	0.0	-1.00907706963e-07	-1.95484527154e-07	-3.97608110891e-07	-5.90754436292e-07	-8.92162599154e-07	-1.18492516426e-06	-1.58697855303e-06	-1.97694535813e-06	0.0	-8.13247141544e-07	-7.62224521704e-07	-1.62897792111e-06	-1.55662735542e-06	-2.42914376178e-06	-2.35946615368e-06	-3.2402754854e-06	-3.14286588298e-06	-4.0857563195e-06	197.815103674	198.441085113	199.067066553	199.693047993	200.319029432	200.945010872	201.570992312	202.196973751	202.822955191	203.448936631	-12.9936623498	-13.1065961332	-13.2195299167	-13.3324637002	-13.4453974836	-13.5583312671	-13.6712650505	-13.784198834	-13.8971326175	-14.0100664009	1.74928709965	1.74928709965	1.74928709965	1.74928709965	1.74928709965	1.74928709965	1.74928709965	1.74928709965	1.74928709965	1.74928709965	
7.16666666667	170.122960042	170.247040044	170.371120046	170.495200048	170.61928005	170.743360052	170.867440054	170.991520056	171.115600058	171.23968006	0.0	0.0	-1.00907706963e-07	-1.95484527154e-07	-3.97608110891e-07	-5.90754436292e-07	-8.92162599154e-07	-1.18492516426e-06	-1.58697855303e-06	-1.97694535813e-06	0.0	-8.13247141544e-07	-7.62224521704e-07	-1.62897792111e-06	-1.55662735542e-06	-2.42914376178e-06	-2.35946615368e-06	-3.2402754854e-06	-3.14286588298e-06	-4.0857563195e-06	197.815103674	198.441085113	199.067066553	199.693047993	200.319029432	200.945010872	201.570992312	202.196973751	202.822955191	203.448936631	-12.9936623498	-13.1065961332	-13.2195299167	-13.3324637002	-13.4453974836	-13.5583312671	-13.6712650505	-13.784198834	-13.8971326175	-14.0100664009	1.74928709965	1.74928709965	1.74928709965	1.74928709965	1.74928709965	1.74928709965	1.74928709965	1.74928709965	1.74928709965	1.74928709965	
7.18333333333	170.122960042	170.247040044	170.371120046	170.495200048	170.61928005	170.743360052	170.867440054	170.991520056	171.115600058	171.23968006	0.0	0.0	-1.00907706963e-07	-1.95484527154e-07	-3.97608110891e-07	-5.90754436292e-07	-8.92162599154e-07	-1.18492516426e-06	-1.58697855303e-06	-1.97694535813e-06	0.0	-8.13247141544e-07	-7.62224521704e-07	-1.62897792111e-06	-1.55662735542e-06	-2.42914376178e-06	-2.35946615368e-06	-3.2402754854e-06	-3.14286588298e-06	-4.0857563195e-06	197.815103674	198.441085113	199.067066553	199.693047993	200.319029432	200.945010872	201.570992312	202.196973751	202.822955191	203.448936631	-12.9936623498	-13.1065961332	-13.2195299167	-13.3324637002	-13.4453974836	-13.5583312671	-13.6712650505	-13.784198834	-13.8971326175	-14.0100664009	1.74928709965	1.74928709965	1.74928709965	1.74928709965	1.74928709965	1.74928709965	1.74928709965	1.74928709965	1.74928709965	1.74928709965	
7.2	170.122960042	170.247040044	170.371120046	170.495200048	170.61928005	170.743360052	170.867440054	170.991520056	171.115600058	171.23968006	0.0	0.0	-1.00907706963e-07	-1.95484527154e-07	-3.97608110891e-07	-5.90754436292e-07	-8.92162599154e-07	-1.18492516426e-06	-1.58697855303e-06	-1.97694535813e-06	0.0	-8.13247141544e-07	-7.62224521704e-07	-1.62897792111e-06	-1.55662735542e-06	-2.42914376178e-06	-2.35946615368e-06	-3.2402754854e-06	-3.14286588298e-06	-4.0857563195e-06	197.815103674	198.441085113	199.067066553	199.693047993	200.319029432	200.945010872	201.570992312	202.196973751	202.822955191	203.448936631	-12.9936623498	-13.1065961332	-13.2195299167	-13.3324637002	-13.4453974836	-13.5583312671	-13.6712650505	-13.784198834	-13.8971326175	-14.0100664009	1.74928709965	1.74928709965	1.74928709965	1.74928709965	1.74928709965	1.74928709965	1.74928709965	1.74928709965	1.74928709965	1.74928709965	
7.21666666667	170.122960042	170.247040044	170.371120046	170.495200048	170.61928005	170.743360052	170.867440054	170.991520056	171.115600058	171.23968006	0.0	0.0	-1.00907706963e-07	-1.95484527154e-07	-3.97608110891e-07	-5.90754436292e-07	-8.92162599154e-07	-1.18492516426e-06	-1.58697855303e-06	-1.97694535813e-06	0.0	-8.13247141544e-07	-7.62224521704e-07	-1.62897792111e-06	-1.55662735542e-06	-2.42914376178e-06	-2.35946615368e-06	-3.2402754854e-06	-3.14286588298e-06	-4.0857563195e-06	197.815103674	198.441085113	199.067066553	199.693047993	200.319029432	200.945010872	201.570992312	202.196973751	202.822955191	203.448936631	-12.9936623498	-13.1065961332	-13.2195299167	-13.3324637002	-13.4453974836	-13.5583312671	-13.6712650505	-13.784198834	-13.8971326175	-14.0100664009	1.74928709965	1.74928709965	1.74928709965	1.74928709965	1.74928709965	1.74928709965	1.74928709965	1.74928709965	1.74928709965	1.74928709965	
7.23333333333	170.122960042	170.247040044	170.371120046	170.495200048	170.61928005	170.743360052	170.867440054	170.991520056	171.115600058	171.23968006	0.0	0.0	-1.00907706963e-07	-1.95484527154e-07	-3.97608110891e-07	-5.90754436292e-07	-8.92162599154e-07	-1.18492516426e-06	-1.58697855303e-06	-1.97694535813e-06	0.0	-8.13247141544e-07	-7.62224521704e-07	-1.62897792111e-06	-1.55662735542e-06	-2.42914376178e-06	-2.35946615368e-06	-3.2402754854e-06	-3.14286588298e-06	-4.0857563195e-06	197.815103674	198.441085113	199.067066553	199.693047993	200.319029432	200.945010872	201.570992312	202.196973751	202.822955191	203.448936631	-12.9936623498	-13.1065961332	-13.2195299167	-13.3324637002	-13.4453974836	-13.5583312671	-13.6712650505	-13.784198834	-13.8971326175	-14.0100664009	1.74928709965	1.74928709965	1.74928709965	1.74928709965	1.74928709965	1.74928709965	1.74928709965	1.74928709965	1.74928709965	1.74928709965	
7.25	170.122960042	170.247040044	170.371120046	170.495200048	170.61928005	170.743360052	170.867440054	170.991520056	171.115600058	171.23968006	0.0	0.0	-1.00907706963e-07	-1.95484527154e-07	-3.97608110891e-07	-5.90754436292e-07	-8.92162599154e-07	-1.18492516426e-06	-1.58697855303e-06	-1.97694535813e-06	0.0	-8.13247141544e-07	-7.62224521704e-07	-1.62897792111e-06	-1.55662735542e-06	-2.42914376178e-06	-2.35946615368e-06	-3.2402754854e-06	-3.14286588298e-06	-4.0857563195e-06	197.815103674	198.441085113	199.067066553	199.693047993	200.319029432	200.945010872	201.570992312	202.196973751	202.822955191	203.448936631	-12.9936623498	-13.1065961332	-13.2195299167	-13.3324637002	-13.4453974836	-13.5583312671	-13.6712650505	-13.784198834	-13.8971326175	-14.0100664009	1.74928709965	1.74928709965	1.74928709965	1.74928709965	1.74928709965	1.74928709965	1.74928709965	1.74928709965	1.74928709965	1.74928709965	
7.26666666667	170.122960042	170.247040044	170.371120046	170.495200048	170.61928005	170.743360052	170.867440054	170.991520056	171.115600058	171.23968006	0.0	0.0	-1.00907706963e-07	-1.95484527154e-07	-3.97608110891e-07	-5.90754436292e-07	-8.92162599154e-07	-1.18492516426e-06	-1.58697855303e-06	-1.97694535813e-06	0.0	-8.13247141544e-07	-7.62224521704e-07	-1.62897792111e-06	-1.55662735542e-06	-2.42914376178e-06	-2.35946615368e-06	-3.2402754854e-06	-3.14286588298e-06	-4.0857563195e-06	197.815103674	198.441085113	199.067066553	199.693047993	200.319029432	200.945010872	201.570992312	202.196973751	202.822955191	203.448936631	-12.9936623498	-13.1065961332	-13.2195299167	-13.3324637002	-13.4453974836	-13.5583312671	-13.6712650505	-13.784198834	-13.8971326175	-14.0100664009	1.74928709965	1.74928709965	1.74928709965	1.74928709965	1.74928709965	1.74928709965	1.74928709965	1.74928709965	1.74928709965	1.74928709965	
7.28333333333	170.122960042	170.247040044	170.371120046	170.495200048	170.61928005	170.743360052	170.867440054	170.991520056	171.115600058	171.23968006	0.0	0.0	-1.00907706963e-07	-1.95484527154e-07	-3.97608110891e-07	-5.90754436292e-07	-8.92162599154e-07	-1.18492516426e-06	-1.58697855303e-06	-1.97694535813e-06	0.0	-8.13247141544e-07	-7.62224521704e-07	-1.62897792111e-06	-1.55662735542e-06	-2.42914376178e-06	-2.35946615368e-06	-3.2402754854e-06	-3.14286588298e-06	-4.0857563195e-06	197.815103674	198.441085113	199.067066553	199.693047993	200.319029432	200.945010872	201.570992312	202.196973751	202.822955191	203.448936631	-12.9936623498	-13.1065961332	-13.2195299167	-13.3324637002	-13.4453974836	-13.5583312671	-13.6712650505	-13.784198834	-13.8971326175	-14.0100664009	1.74928709965	1.74928709965	1.74928709965	1.74928709965	1.74928709965	1.74928709965	1.74928709965	1.74928709965	1.74928709965	1.74928709965	
7.3	170.122960042	170.247040044	170.371120046	170.495200048	170.61928005	170.743360052	170.867440054	170.991520056	171.115600058	171.23968006	0.0	0.0	-1.00907706963e-07	-1.95484527154e-07	-3.97608110891e-07	-5.90754436292e-07	-8.92162599154e-07	-1.18492516426e-06	-1.58697855303e-06	-1.97694535813e-06	0.0	-8.13247141544e-07	-7.62224521704e-07	-1.62897792111e-06	-1.55662735542e-06	-2.42914376178e-06	-2.35946615368e-06	-3.2402754854e-06	-3.14286588298e-06	-4.0857563195e-06	197.815103674	198.441085113	199.067066553	199.693047993	200.319029432	200.945010872	201.570992312	202.196973751	202.822955191	203.448936631	-12.9936623498	-13.1065961332	-13.2195299167	-13.3324637002	-13.4453974836	-13.5583312671	-13.6712650505	-13.784198834	-13.8971326175	-14.0100664009	1.74928709965	1.74928709965	1.74928709965	1.74928709965	1.74928709965	1.74928709965	1.74928709965	1.74928709965	1.74928709965	1.74928709965	
7.31666666667	170.122960042	170.247040044	170.371120046	170.495200048	170.61928005	170.743360052	170.867440054	170.991520056	171.115600058	171.23968006	0.0	0.0	-1.00907706963e-07	-1.95484527154e-07	-3.97608110891e-07	-5.90754436292e-07	-8.92162599154e-07	-1.18492516426e-06	-1.58697855303e-06	-1.97694535813e-06	0.0	-8.13247141544e-07	-7.62224521704e-07	-1.62897792111e-06	-1.55662735542e-06	-2.42914376178e-06	-2.35946615368e-06	-3.2402754854e-06	-3.14286588298e-06	-4.0857563195e-06	197.815103674	198.441085113	199.067066553	199.693047993	200.319029432	200.945010872	201.570992312	202.196973751	202.822955191	203.448936631	-12.9936623498	-13.1065961332	-13.2195299167	-13.3324637002	-13.4453974836	-13.5583312671	-13.6712650505	-13.784198834	-13.8971326175	-14.0100664009	1.74928709965	1.74928709965	1.74928709965	1.74928709965	1.74928709965	1.74928709965	1.74928709965	1.74928709965	1.74928709965	1.74928709965	
7.33333333333	170.122960042	170.247040044	170.371120046	170.495200048	170.61928005	170.743360052	170.867440054	170.991520056	171.115600058	171.23968006	0.0	0.0	-1.00907706963e-07	-1.95484527154e-07	-3.97608110891e-07	-5.90754436292e-07	-8.92162599154e-07	-1.18492516426e-06	-1.58697855303e-06	-1.97694535813e-06	0.0	-8.13247141544e-07	-7.62224521704e-07	-1.62897792111e-06	-1.55662735542e-06	-2.42914376178e-06	-2.35946615368e-06	-3.2402754854e-06	-3.14286588298e-06	-4.0857563195e-06	197.815103674	198.441085113	199.067066553	199.693047993	200.319029432	200.945010872	201.570992312	202.196973751	202.822955191	203.448936631	-12.9936623498	-13.1065961332	-13.2195299167	-13.3324637002	-13.4453974836	-13.5583312671	-13.6712650505	-13.784198834	-13.8971326175	-14.0100664009	1.74928709965	1.74928709965	1.74928709965	1.74928709965	1.74928709965	1.74928709965	1.74928709965	1.74928709965	1.74928709965	1.74928709965	
7.35	170.122960042	170.247040044	170.371120046	170.495200048	170.61928005	170.743360052	170.867440054	170.991520056	171.115600058	171.23968006	0.0	0.0	-1.00907706963e-07	-1.95484527154e-07	-3.97608110891e-07	-5.90754436292e-07	-8.92162599154e-07	-1.18492516426e-06	-1.58697855303e-06	-1.97694535813e-06	0.0	-8.13247141544e-07	-7.62224521704e-07	-1.62897792111e-06	-1.55662735542e-06	-2.42914376178e-06	-2.35946615368e-06	-3.2402754854e-06	-3.14286588298e-06	-4.0857563195e-06	197.815103674	198.441085113	199.067066553	199.693047993	200.319029432	200.945010872	201.570992312	202.196973751	202.822955191	203.448936631	-12.9936623498	-13.1065961332	-13.2195299167	-13.3324637002	-13.4453974836	-13.5583312671	-13.6712650505	-13.784198834	-13.8971326175	-14.0100664009	1.74928709965	1.74928709965	1.74928709965	1.74928709965	1.74928709965	1.74928709965	1.74928709965	1.74928709965	1.74928709965	1.74928709965	
7.36666666667	170.122960042	170.247040044	170.371120046	170.495200048	170.61928005	170.743360052	170.867440054	170.991520056	171.115600058	171.23968006	0.0	0.0	-1.00907706963e-07	-1.95484527154e-07	-3.97608110891e-07	-5.90754436292e-07	-8.92162599154e-07	-1.18492516426e-06	-1.58697855303e-06	-1.97694535813e-06	0.0	-8.13247141544e-07	-7.62224521704e-07	-1.62897792111e-06	-1.55662735542e-06	-2.42914376178e-06	-2.35946615368e-06	-3.2402754854e-06	-3.14286588298e-06	-4.0857563195e-06	197.815103674	198.441085113	199.067066553	199.693047993	200.319029432	200.945010872	201.570992312	202.196973751	202.822955191	203.448936631	-12.9936623498	-13.1065961332	-13.2195299167	-13.3324637002	-13.4453974836	-13.5583312671	-13.6712650505	-13.784198834	-13.8971326175	-14.0100664009	1.74928709965	1.74928709965	1.74928709965	1.74928709965	1.74928709965	1.74928709965	1.74928709965	1.74928709965	1.74928709965	1.74928709965	
7.38333333333	170.122960042	170.247040044	170.371120046	170.495200048	170.61928005	170.743360052	170.867440054	170.991520056	171.115600058	171.23968006	0.0	0.0	-1.00907706963e-07	-1.95484527154e-07	-3.97608110891e-07	-5.90754436292e-07	-8.92162599154e-07	-1.18492516426e-06	-1.58697855303e-06	-1.97694535813e-06	0.0	-8.13247141544e-07	-7.62224521704e-07	-1.62897792111e-06	-1.55662735542e-06	-2.42914376178e-06	-2.35946615368e-06	-3.2402754854e-06	-3.14286588298e-06	-4.0857563195e-06	197.815103674	198.441085113	199.067066553	199.693047993	200.319029432	200.945010872	201.570992312	202.196973751	202.822955191	203.448936631	-12.9936623498	-13.1065961332	-13.2195299167	-13.3324637002	-13.4453974836	-13.5583312671	-13.6712650505	-13.784198834	-13.8971326175	-14.0100664009	1.74928709965	1.74928709965	1.74928709965	1.74928709965	1.74928709965	1.74928709965	1.74928709965	1.74928709965	1.74928709965	1.74928709965	
7.4	170.122960042	170.247040044	170.371120046	170.495200048	170.61928005	170.743360052	170.867440054	170.991520056	171.115600058	171.23968006	0.0	0.0	-1.00907706963e-07	-1.95484527154e-07	-3.97608110891e-07	-5.90754436292e-07	-8.92162599154e-07	-1.18492516426e-06	-1.58697855303e-06	-1.97694535813e-06	0.0	-8.13247141544e-07	-7.62224521704e-07	-1.62897792111e-06	-1.55662735542e-06	-2.42914376178e-06	-2.35946615368e-06	-3.2402754854e-06	-3.14286588298e-06	-4.0857563195e-06	197.815103674	198.441085113	199.067066553	199.693047993	200.319029432	200.945010872	201.570992312	202.196973751	202.822955191	203.448936631	-12.9936623498	-13.1065961332	-13.2195299167	-13.3324637002	-13.4453974836	-13.5583312671	-13.6712650505	-13.784198834	-13.8971326175	-14.0100664009	1.74928709965	1.74928709965	1.74928709965	1.74928709965	1.74928709965	1.74928709965	1.74928709965	1.74928709965	1.74928709965	1.74928709965	
7.41666666667	170.122960042	170.247040044	170.371120046	170.495200048	170.61928005	170.743360052	170.867440054	170.991520056	171.115600058	171.23968006	0.0	0.0	-1.00907706963e-07	-1.95484527154e-07	-3.97608110891e-07	-5.90754436292e-07	-8.92162599154e-07	-1.18492516426e-06	-1.58697855303e-06	-1.97694535813e-06	0.0	-8.13247141544e-07	-7.62224521704e-07	-1.62897792111e-06	-1.55662735542e-06	-2.42914376178e-06	-2.35946615368e-06	-3.2402754854e-06	-3.14286588298e-06	-4.0857563195e-06	197.815103674	198.441085113	199.067066553	199.693047993	200.319029432	200.945010872	201.570992312	202.196973751	202.822955191	203.448936631	-12.9936623498	-13.1065961332	-13.2195299167	-13.3324637002	-13.4453974836	-13.5583312671	-13.6712650505	-13.784198834	-13.8971326175	-14.0100664009	1.74928709965	1.74928709965	1.74928709965	1.74928709965	1.74928709965	1.74928709965	1.74928709965	1.74928709965	1.74928709965	1.74928709965	
7.43333333333	170.122960042	170.247040044	170.371120046	170.495200048	170.61928005	170.743360052	170.867440054	170.991520056	171.115600058	171.23968006	0.0	0.0	-1.00907706963e-07	-1.95484527154e-07	-3.97608110891e-07	-5.90754436292e-07	-8.92162599154e-07	-1.18492516426e-06	-1.58697855303e-06	-1.97694535813e-06	0.0	-8.13247141544e-07	-7.62224521704e-07	-1.62897792111e-06	-1.55662735542e-06	-2.42914376178e-06	-2.35946615368e-06	-3.2402754854e-06	-3.14286588298e-06	-4.0857563195e-06	197.815103674	198.441085113	199.067066553	199.693047993	200.319029432	200.945010872	201.570992312	202.196973751	202.822955191	203.448936631	-12.9936623498	-13.1065961332	-13.2195299167	-13.3324637002	-13.4453974836	-13.5583312671	-13.6712650505	-13.784198834	-13.8971326175	-14.0100664009	1.74928709965	1.74928709965	1.74928709965	1.74928709965	1.74928709965	1.74928709965	1.74928709965	1.74928709965	1.74928709965	1.74928709965	
7.45	170.122960042	170.247040044	170.371120046	170.495200048	170.61928005	170.743360052	170.867440054	170.991520056	171.115600058	171.23968006	0.0	0.0	-1.00907706963e-07	-1.95484527154e-07	-3.97608110891e-07	-5.90754436292e-07	-8.92162599154e-07	-1.18492516426e-06	-1.58697855303e-06	-1.97694535813e-06	0.0	-8.13247141544e-07	-7.62224521704e-07	-1.62897792111e-06	-1.55662735542e-06	-2.42914376178e-06	-2.35946615368e-06	-3.2402754854e-06	-3.14286588298e-06	-4.0857563195e-06	197.815103674	198.441085113	199.067066553	199.693047993	200.319029432	200.945010872	201.570992312	202.196973751	202.822955191	203.448936631	-12.9936623498	-13.1065961332	-13.2195299167	-13.3324637002	-13.4453974836	-13.5583312671	-13.6712650505	-13.784198834	-13.8971326175	-14.0100664009	1.74928709965	1.74928709965	1.74928709965	1.74928709965	1.74928709965	1.74928709965	1.74928709965	1.74928709965	1.74928709965	1.74928709965	
7.46666666667	170.122960042	170.247040044	170.371120046	170.495200048	170.61928005	170.743360052	170.867440054	170.991520056	171.115600058	171.23968006	0.0	0.0	-1.00907706963e-07	-1.95484527154e-07	-3.97608110891e-07	-5.90754436292e-07	-8.92162599154e-07	-1.18492516426e-06	-1.58697855303e-06	-1.97694535813e-06	0.0	-8.13247141544e-07	-7.62224521704e-07	-1.62897792111e-06	-1.55662735542e-06	-2.42914376178e-06	-2.35946615368e-06	-3.2402754854e-06	-3.14286588298e-06	-4.0857563195e-06	197.815103674	198.441085113	199.067066553	199.693047993	200.319029432	200.945010872	201.570992312	202.196973751	202.822955191	203.448936631	-12.9936623498	-13.1065961332	-13.2195299167	-13.3324637002	-13.4453974836	-13.5583312671	-13.6712650505	-13.784198834	-13.8971326175	-14.0100664009	1.74928709965	1.74928709965	1.74928709965	1.74928709965	1.74928709965	1.74928709965	1.74928709965	1.74928709965	1.74928709965	1.74928709965	
7.48333333333	170.122960042	170.247040044	170.371120046	170.495200048	170.61928005	170.743360052	170.867440054	170.991520056	171.115600058	171.23968006	0.0	0.0	-1.00907706963e-07	-1.95484527154e-07	-3.97608110891e-07	-5.90754436292e-07	-8.92162599154e-07	-1.18492516426e-06	-1.58697855303e-06	-1.97694535813e-06	0.0	-8.13247141544e-07	-7.62224521704e-07	-1.62897792111e-06	-1.55662735542e-06	-2.42914376178e-06	-2.35946615368e-06	-3.2402754854e-06	-3.14286588298e-06	-4.0857563195e-06	197.815103674	198.441085113	199.067066553	199.693047993	200.319029432	200.945010872	201.570992312	202.196973751	202.822955191	203.448936631	-12.9936623498	-13.1065961332	-13.2195299167	-13.3324637002	-13.4453974836	-13.5583312671	-13.6712650505	-13.784198834	-13.8971326175	-14.0100664009	1.74928709965	1.74928709965	1.74928709965	1.74928709965	1.74928709965	1.74928709965	1.74928709965	1.74928709965	1.74928709965	1.74928709965	
7.5	170.122960042	170.247040044	170.371120046	170.495200048	170.61928005	170.743360052	170.867440054	170.991520056	171.115600058	171.23968006	0.0	0.0	-1.00907706963e-07	-1.95484527154e-07	-3.97608110891e-07	-5.90754436292e-07	-8.92162599154e-07	-1.18492516426e-06	-1.58697855303e-06	-1.97694535813e-06	0.0	-8.13247141544e-07	-7.62224521704e-07	-1.62897792111e-06	-1.55662735542e-06	-2.42914376178e-06	-2.35946615368e-06	-3.2402754854e-06	-3.14286588298e-06	-4.0857563195e-06	197.815103674	198.441085113	199.067066553	199.693047993	200.319029432	200.945010872	201.570992312	202.196973751	202.822955191	203.448936631	-12.9936623498	-13.1065961332	-13.2195299167	-13.3324637002	-13.4453974836	-13.5583312671	-13.6712650505	-13.784198834	-13.8971326175	-14.0100664009	1.74928709965	1.74928709965	1.74928709965	1.74928709965	1.74928709965	1.74928709965	1.74928709965	1.74928709965	1.74928709965	1.74928709965	
7.51666666667	170.122960042	170.247040044	170.371120046	170.495200048	170.61928005	170.743360052	170.867440054	170.991520056	171.115600058	171.23968006	0.0	0.0	-1.00907706963e-07	-1.95484527154e-07	-3.97608110891e-07	-5.90754436292e-07	-8.92162599154e-07	-1.18492516426e-06	-1.58697855303e-06	-1.97694535813e-06	0.0	-8.13247141544e-07	-7.62224521704e-07	-1.62897792111e-06	-1.55662735542e-06	-2.42914376178e-06	-2.35946615368e-06	-3.2402754854e-06	-3.14286588298e-06	-4.0857563195e-06	197.815103674	198.441085113	199.067066553	199.693047993	200.319029432	200.945010872	201.570992312	202.196973751	202.822955191	203.448936631	-12.9936623498	-13.1065961332	-13.2195299167	-13.3324637002	-13.4453974836	-13.5583312671	-13.6712650505	-13.784198834	-13.8971326175	-14.0100664009	1.74928709965	1.74928709965	1.74928709965	1.74928709965	1.74928709965	1.74928709965	1.74928709965	1.74928709965	1.74928709965	1.74928709965	
7.53333333333	170.122960042	170.247040044	170.371120046	170.495200048	170.61928005	170.743360052	170.867440054	170.991520056	171.115600058	171.23968006	0.0	0.0	-1.00907706963e-07	-1.95484527154e-07	-3.97608110891e-07	-5.90754436292e-07	-8.92162599154e-07	-1.18492516426e-06	-1.58697855303e-06	-1.97694535813e-06	0.0	-8.13247141544e-07	-7.62224521704e-07	-1.62897792111e-06	-1.55662735542e-06	-2.42914376178e-06	-2.35946615368e-06	-3.2402754854e-06	-3.14286588298e-06	-4.0857563195e-06	197.815103674	198.441085113	199.067066553	199.693047993	200.319029432	200.945010872	201.570992312	202.196973751	202.822955191	203.448936631	-12.9936623498	-13.1065961332	-13.2195299167	-13.3324637002	-13.4453974836	-13.5583312671	-13.6712650505	-13.784198834	-13.8971326175	-14.0100664009	1.74928709965	1.74928709965	1.74928709965	1.74928709965	1.74928709965	1.74928709965	1.74928709965	1.74928709965	1.74928709965	1.74928709965	
7.55	170.122960042	170.247040044	170.371120046	170.495200048	170.61928005	170.743360052	170.867440054	170.991520056	171.115600058	171.23968006	0.0	0.0	-1.00907706963e-07	-1.95484527154e-07	-3.97608110891e-07	-5.90754436292e-07	-8.92162599154e-07	-1.18492516426e-06	-1.58697855303e-06	-1.97694535813e-06	0.0	-8.13247141544e-07	-7.62224521704e-07	-1.62897792111e-06	-1.55662735542e-06	-2.42914376178e-06	-2.35946615368e-06	-3.2402754854e-06	-3.14286588298e-06	-4.0857563195e-06	197.815103674	198.441085113	199.067066553	199.693047993	200.319029432	200.945010872	201.570992312	202.196973751	202.822955191	203.448936631	-12.9936623498	-13.1065961332	-13.2195299167	-13.3324637002	-13.4453974836	-13.5583312671	-13.6712650505	-13.784198834	-13.8971326175	-14.0100664009	1.74928709965	1.74928709965	1.74928709965	1.74928709965	1.74928709965	1.74928709965	1.74928709965	1.74928709965	1.74928709965	1.74928709965	
7.56666666667	170.122960042	170.247040044	170.371120046	170.495200048	170.61928005	170.743360052	170.867440054	170.991520056	171.115600058	171.23968006	0.0	0.0	-1.00907706963e-07	-1.95484527154e-07	-3.97608110891e-07	-5.90754436292e-07	-8.92162599154e-07	-1.18492516426e-06	-1.58697855303e-06	-1.97694535813e-06	0.0	-8.13247141544e-07	-7.62224521704e-07	-1.62897792111e-06	-1.55662735542e-06	-2.42914376178e-06	-2.35946615368e-06	-3.2402754854e-06	-3.14286588298e-06	-4.0857563195e-06	197.815103674	198.441085113	199.067066553	199.693047993	200.319029432	200.945010872	201.570992312	202.196973751	202.822955191	203.448936631	-12.9936623498	-13.1065961332	-13.2195299167	-13.3324637002	-13.4453974836	-13.5583312671	-13.6712650505	-13.784198834	-13.8971326175	-14.0100664009	1.74928709965	1.74928709965	1.74928709965	1.74928709965	1.74928709965	1.74928709965	1.74928709965	1.74928709965	1.74928709965	1.74928709965	
7.58333333333	170.122960042	170.247040044	170.371120046	170.495200048	170.61928005	170.743360052	170.867440054	170.991520056	171.115600058	171.23968006	0.0	0.0	-1.00907706963e-07	-1.95484527154e-07	-3.97608110891e-07	-5.90754436292e-07	-8.92162599154e-07	-1.18492516426e-06	-1.58697855303e-06	-1.97694535813e-06	0.0	-8.13247141544e-07	-7.62224521704e-07	-1.62897792111e-06	-1.55662735542e-06	-2.42914376178e-06	-2.35946615368e-06	-3.2402754854e-06	-3.14286588298e-06	-4.0857563195e-06	197.815103674	198.441085113	199.067066553	199.693047993	200.319029432	200.945010872	201.570992312	202.196973751	202.822955191	203.448936631	-12.9936623498	-13.1065961332	-13.2195299167	-13.3324637002	-13.4453974836	-13.5583312671	-13.6712650505	-13.784198834	-13.8971326175	-14.0100664009	1.74928709965	1.74928709965	1.74928709965	1.74928709965	1.74928709965	1.74928709965	1.74928709965	1.74928709965	1.74928709965	1.74928709965	
7.6	170.122960042	170.247040044	170.371120046	170.495200048	170.61928005	170.743360052	170.867440054	170.991520056	171.115600058	171.23968006	0.0	0.0	-1.00907706963e-07	-1.95484527154e-07	-3.97608110891e-07	-5.90754436292e-07	-8.92162599154e-07	-1.18492516426e-06	-1.58697855303e-06	-1.97694535813e-06	0.0	-8.13247141544e-07	-7.62224521704e-07	-1.62897792111e-06	-1.55662735542e-06	-2.42914376178e-06	-2.35946615368e-06	-3.2402754854e-06	-3.14286588298e-06	-4.0857563195e-06	197.815103674	198.441085113	199.067066553	199.693047993	200.319029432	200.945010872	201.570992312	202.196973751	202.822955191	203.448936631	-12.9936623498	-13.1065961332	-13.2195299167	-13.3324637002	-13.4453974836	-13.5583312671	-13.6712650505	-13.784198834	-13.8971326175	-14.0100664009	1.74928709965	1.74928709965	1.74928709965	1.74928709965	1.74928709965	1.74928709965	1.74928709965	1.74928709965	1.74928709965	1.74928709965	
7.61666666667	170.122960042	170.247040044	170.371120046	170.495200048	170.61928005	170.743360052	170.867440054	170.991520056	171.115600058	171.23968006	0.0	0.0	-1.00907706963e-07	-1.95484527154e-07	-3.97608110891e-07	-5.90754436292e-07	-8.92162599154e-07	-1.18492516426e-06	-1.58697855303e-06	-1.97694535813e-06	0.0	-8.13247141544e-07	-7.62224521704e-07	-1.62897792111e-06	-1.55662735542e-06	-2.42914376178e-06	-2.35946615368e-06	-3.2402754854e-06	-3.14286588298e-06	-4.0857563195e-06	197.815103674	198.441085113	199.067066553	199.693047993	200.319029432	200.945010872	201.570992312	202.196973751	202.822955191	203.448936631	-12.9936623498	-13.1065961332	-13.2195299167	-13.3324637002	-13.4453974836	-13.5583312671	-13.6712650505	-13.784198834	-13.8971326175	-14.0100664009	1.74928709965	1.74928709965	1.74928709965	1.74928709965	1.74928709965	1.74928709965	1.74928709965	1.74928709965	1.74928709965	1.74928709965	
7.63333333333	170.122960042	170.247040044	170.371120046	170.495200048	170.61928005	170.743360052	170.867440054	170.991520056	171.115600058	171.23968006	0.0	0.0	-1.00907706963e-07	-1.95484527154e-07	-3.97608110891e-07	-5.90754436292e-07	-8.92162599154e-07	-1.18492516426e-06	-1.58697855303e-06	-1.97694535813e-06	0.0	-8.13247141544e-07	-7.62224521704e-07	-1.62897792111e-06	-1.55662735542e-06	-2.42914376178e-06	-2.35946615368e-06	-3.2402754854e-06	-3.14286588298e-06	-4.0857563195e-06	197.815103674	198.441085113	199.067066553	199.693047993	200.319029432	200.945010872	201.570992312	202.196973751	202.822955191	203.448936631	-12.9936623498	-13.1065961332	-13.2195299167	-13.3324637002	-13.4453974836	-13.5583312671	-13.6712650505	-13.784198834	-13.8971326175	-14.0100664009	1.74928709965	1.74928709965	1.74928709965	1.74928709965	1.74928709965	1.74928709965	1.74928709965	1.74928709965	1.74928709965	1.74928709965	
7.65	170.122960042	170.247040044	170.371120046	170.495200048	170.61928005	170.743360052	170.867440054	170.991520056	171.115600058	171.23968006	0.0	0.0	-1.00907706963e-07	-1.95484527154e-07	-3.97608110891e-07	-5.90754436292e-07	-8.92162599154e-07	-1.18492516426e-06	-1.58697855303e-06	-1.97694535813e-06	0.0	-8.13247141544e-07	-7.62224521704e-07	-1.62897792111e-06	-1.55662735542e-06	-2.42914376178e-06	-2.35946615368e-06	-3.2402754854e-06	-3.14286588298e-06	-4.0857563195e-06	197.815103674	198.441085113	199.067066553	199.693047993	200.319029432	200.945010872	201.570992312	202.196973751	202.822955191	203.448936631	-12.9936623498	-13.1065961332	-13.2195299167	-13.3324637002	-13.4453974836	-13.5583312671	-13.6712650505	-13.784198834	-13.8971326175	-14.0100664009	1.74928709965	1.74928709965	1.74928709965	1.74928709965	1.74928709965	1.74928709965	1.74928709965	1.74928709965	1.74928709965	1.74928709965	
7.66666666667	170.122960042	170.247040044	170.371120046	170.495200048	170.61928005	170.743360052	170.867440054	170.991520056	171.115600058	171.23968006	0.0	0.0	-1.00907706963e-07	-1.95484527154e-07	-3.97608110891e-07	-5.90754436292e-07	-8.92162599154e-07	-1.18492516426e-06	-1.58697855303e-06	-1.97694535813e-06	0.0	-8.13247141544e-07	-7.62224521704e-07	-1.62897792111e-06	-1.55662735542e-06	-2.42914376178e-06	-2.35946615368e-06	-3.2402754854e-06	-3.14286588298e-06	-4.0857563195e-06	197.815103674	198.441085113	199.067066553	199.693047993	200.319029432	200.945010872	201.570992312	202.196973751	202.822955191	203.448936631	-12.9936623498	-13.1065961332	-13.2195299167	-13.3324637002	-13.4453974836	-13.5583312671	-13.6712650505	-13.784198834	-13.8971326175	-14.0100664009	1.74928709965	1.74928709965	1.74928709965	1.74928709965	1.74928709965	1.74928709965	1.74928709965	1.74928709965	1.74928709965	1.74928709965	
7.68333333333	170.122960042	170.247040044	170.371120046	170.495200048	170.61928005	170.743360052	170.867440054	170.991520056	171.115600058	171.23968006	0.0	0.0	-1.00907706963e-07	-1.95484527154e-07	-3.97608110891e-07	-5.90754436292e-07	-8.92162599154e-07	-1.18492516426e-06	-1.58697855303e-06	-1.97694535813e-06	0.0	-8.13247141544e-07	-7.62224521704e-07	-1.62897792111e-06	-1.55662735542e-06	-2.42914376178e-06	-2.35946615368e-06	-3.2402754854e-06	-3.14286588298e-06	-4.0857563195e-06	197.815103674	198.441085113	199.067066553	199.693047993	200.319029432	200.945010872	201.570992312	202.196973751	202.822955191	203.448936631	-12.9936623498	-13.1065961332	-13.2195299167	-13.3324637002	-13.4453974836	-13.5583312671	-13.6712650505	-13.784198834	-13.8971326175	-14.0100664009	1.74928709965	1.74928709965	1.74928709965	1.74928709965	1.74928709965	1.74928709965	1.74928709965	1.74928709965	1.74928709965	1.74928709965	
7.7	170.122960042	170.247040044	170.371120046	170.495200048	170.61928005	170.743360052	170.867440054	170.991520056	171.115600058	171.23968006	0.0	0.0	-1.00907706963e-07	-1.95484527154e-07	-3.97608110891e-07	-5.90754436292e-07	-8.92162599154e-07	-1.18492516426e-06	-1.58697855303e-06	-1.97694535813e-06	0.0	-8.13247141544e-07	-7.62224521704e-07	-1.62897792111e-06	-1.55662735542e-06	-2.42914376178e-06	-2.35946615368e-06	-3.2402754854e-06	-3.14286588298e-06	-4.0857563195e-06	197.815103674	198.441085113	199.067066553	199.693047993	200.319029432	200.945010872	201.570992312	202.196973751	202.822955191	203.448936631	-12.9936623498	-13.1065961332	-13.2195299167	-13.3324637002	-13.4453974836	-13.5583312671	-13.6712650505	-13.784198834	-13.8971326175	-14.0100664009	1.74928709965	1.74928709965	1.74928709965	1.74928709965	1.74928709965	1.74928709965	1.74928709965	1.74928709965	1.74928709965	1.74928709965	
7.71666666667	170.122960042	170.247040044	170.371120046	170.495200048	170.61928005	170.743360052	170.867440054	170.991520056	171.115600058	171.23968006	0.0	0.0	-1.00907706963e-07	-1.95484527154e-07	-3.97608110891e-07	-5.90754436292e-07	-8.92162599154e-07	-1.18492516426e-06	-1.58697855303e-06	-1.97694535813e-06	0.0	-8.13247141544e-07	-7.62224521704e-07	-1.62897792111e-06	-1.55662735542e-06	-2.42914376178e-06	-2.35946615368e-06	-3.2402754854e-06	-3.14286588298e-06	-4.0857563195e-06	197.815103674	198.441085113	199.067066553	199.693047993	200.319029432	200.945010872	201.570992312	202.196973751	202.822955191	203.448936631	-12.9936623498	-13.1065961332	-13.2195299167	-13.3324637002	-13.4453974836	-13.5583312671	-13.6712650505	-13.784198834	-13.8971326175	-14.0100664009	1.74928709965	1.74928709965	1.74928709965	1.74928709965	1.74928709965	1.74928709965	1.74928709965	1.74928709965	1.74928709965	1.74928709965	
7.73333333333	170.122960042	170.247040044	170.371120046	170.495200048	170.61928005	170.743360052	170.867440054	170.991520056	171.115600058	171.23968006	0.0	0.0	-1.00907706963e-07	-1.95484527154e-07	-3.97608110891e-07	-5.90754436292e-07	-8.92162599154e-07	-1.18492516426e-06	-1.58697855303e-06	-1.97694535813e-06	0.0	-8.13247141544e-07	-7.62224521704e-07	-1.62897792111e-06	-1.55662735542e-06	-2.42914376178e-06	-2.35946615368e-06	-3.2402754854e-06	-3.14286588298e-06	-4.0857563195e-06	197.815103674	198.441085113	199.067066553	199.693047993	200.319029432	200.945010872	201.570992312	202.196973751	202.822955191	203.448936631	-12.9936623498	-13.1065961332	-13.2195299167	-13.3324637002	-13.4453974836	-13.5583312671	-13.6712650505	-13.784198834	-13.8971326175	-14.0100664009	1.74928709965	1.74928709965	1.74928709965	1.74928709965	1.74928709965	1.74928709965	1.74928709965	1.74928709965	1.74928709965	1.74928709965	
7.75	170.122960042	170.247040044	170.371120046	170.495200048	170.61928005	170.743360052	170.867440054	170.991520056	171.115600058	171.23968006	0.0	0.0	-1.00907706963e-07	-1.95484527154e-07	-3.97608110891e-07	-5.90754436292e-07	-8.92162599154e-07	-1.18492516426e-06	-1.58697855303e-06	-1.97694535813e-06	0.0	-8.13247141544e-07	-7.62224521704e-07	-1.62897792111e-06	-1.55662735542e-06	-2.42914376178e-06	-2.35946615368e-06	-3.2402754854e-06	-3.14286588298e-06	-4.0857563195e-06	197.815103674	198.441085113	199.067066553	199.693047993	200.319029432	200.945010872	201.570992312	202.196973751	202.822955191	203.448936631	-12.9936623498	-13.1065961332	-13.2195299167	-13.3324637002	-13.4453974836	-13.5583312671	-13.6712650505	-13.784198834	-13.8971326175	-14.0100664009	1.74928709965	1.74928709965	1.74928709965	1.74928709965	1.74928709965	1.74928709965	1.74928709965	1.74928709965	1.74928709965	1.74928709965	
7.76666666667	170.122960042	170.247040044	170.371120046	170.495200048	170.61928005	170.743360052	170.867440054	170.991520056	171.115600058	171.23968006	0.0	0.0	-1.00907706963e-07	-1.95484527154e-07	-3.97608110891e-07	-5.90754436292e-07	-8.92162599154e-07	-1.18492516426e-06	-1.58697855303e-06	-1.97694535813e-06	0.0	-8.13247141544e-07	-7.62224521704e-07	-1.62897792111e-06	-1.55662735542e-06	-2.42914376178e-06	-2.35946615368e-06	-3.2402754854e-06	-3.14286588298e-06	-4.0857563195e-06	197.815103674	198.441085113	199.067066553	199.693047993	200.319029432	200.945010872	201.570992312	202.196973751	202.822955191	203.448936631	-12.9936623498	-13.1065961332	-13.2195299167	-13.3324637002	-13.4453974836	-13.5583312671	-13.6712650505	-13.784198834	-13.8971326175	-14.0100664009	1.74928709965	1.74928709965	1.74928709965	1.74928709965	1.74928709965	1.74928709965	1.74928709965	1.74928709965	1.74928709965	1.74928709965	
7.78333333333	170.122960042	170.247040044	170.371120046	170.495200048	170.61928005	170.743360052	170.867440054	170.991520056	171.115600058	171.23968006	0.0	0.0	-1.00907706963e-07	-1.95484527154e-07	-3.97608110891e-07	-5.90754436292e-07	-8.92162599154e-07	-1.18492516426e-06	-1.58697855303e-06	-1.97694535813e-06	0.0	-8.13247141544e-07	-7.62224521704e-07	-1.62897792111e-06	-1.55662735542e-06	-2.42914376178e-06	-2.35946615368e-06	-3.2402754854e-06	-3.14286588298e-06	-4.0857563195e-06	197.815103674	198.441085113	199.067066553	199.693047993	200.319029432	200.945010872	201.570992312	202.196973751	202.822955191	203.448936631	-12.9936623498	-13.1065961332	-13.2195299167	-13.3324637002	-13.4453974836	-13.5583312671	-13.6712650505	-13.784198834	-13.8971326175	-14.0100664009	1.74928709965	1.74928709965	1.74928709965	1.74928709965	1.74928709965	1.74928709965	1.74928709965	1.74928709965	1.74928709965	1.74928709965	
7.8	170.122960042	170.247040044	170.371120046	170.495200048	170.61928005	170.743360052	170.867440054	170.991520056	171.115600058	171.23968006	0.0	0.0	-1.00907706963e-07	-1.95484527154e-07	-3.97608110891e-07	-5.90754436292e-07	-8.92162599154e-07	-1.18492516426e-06	-1.58697855303e-06	-1.97694535813e-06	0.0	-8.13247141544e-07	-7.62224521704e-07	-1.62897792111e-06	-1.55662735542e-06	-2.42914376178e-06	-2.35946615368e-06	-3.2402754854e-06	-3.14286588298e-06	-4.0857563195e-06	197.815103674	198.441085113	199.067066553	199.693047993	200.319029432	200.945010872	201.570992312	202.196973751	202.822955191	203.448936631	-12.9936623498	-13.1065961332	-13.2195299167	-13.3324637002	-13.4453974836	-13.5583312671	-13.6712650505	-13.784198834	-13.8971326175	-14.0100664009	1.74928709965	1.74928709965	1.74928709965	1.74928709965	1.74928709965	1.74928709965	1.74928709965	1.74928709965	1.74928709965	1.74928709965	
7.81666666667	170.122960042	170.247040044	170.371120046	170.495200048	170.61928005	170.743360052	170.867440054	170.991520056	171.115600058	171.23968006	0.0	0.0	-1.00907706963e-07	-1.95484527154e-07	-3.97608110891e-07	-5.90754436292e-07	-8.92162599154e-07	-1.18492516426e-06	-1.58697855303e-06	-1.97694535813e-06	0.0	-8.13247141544e-07	-7.62224521704e-07	-1.62897792111e-06	-1.55662735542e-06	-2.42914376178e-06	-2.35946615368e-06	-3.2402754854e-06	-3.14286588298e-06	-4.0857563195e-06	197.815103674	198.441085113	199.067066553	199.693047993	200.319029432	200.945010872	201.570992312	202.196973751	202.822955191	203.448936631	-12.9936623498	-13.1065961332	-13.2195299167	-13.3324637002	-13.4453974836	-13.5583312671	-13.6712650505	-13.784198834	-13.8971326175	-14.0100664009	1.74928709965	1.74928709965	1.74928709965	1.74928709965	1.74928709965	1.74928709965	1.74928709965	1.74928709965	1.74928709965	1.74928709965	
7.83333333333	170.122960042	170.247040044	170.371120046	170.495200048	170.61928005	170.743360052	170.867440054	170.991520056	171.115600058	171.23968006	0.0	0.0	-1.00907706963e-07	-1.95484527154e-07	-3.97608110891e-07	-5.90754436292e-07	-8.92162599154e-07	-1.18492516426e-06	-1.58697855303e-06	-1.97694535813e-06	0.0	-8.13247141544e-07	-7.62224521704e-07	-1.62897792111e-06	-1.55662735542e-06	-2.42914376178e-06	-2.35946615368e-06	-3.2402754854e-06	-3.14286588298e-06	-4.0857563195e-06	197.815103674	198.441085113	199.067066553	199.693047993	200.319029432	200.945010872	201.570992312	202.196973751	202.822955191	203.448936631	-12.9936623498	-13.1065961332	-13.2195299167	-13.3324637002	-13.4453974836	-13.5583312671	-13.6712650505	-13.784198834	-13.8971326175	-14.0100664009	1.74928709965	1.74928709965	1.74928709965	1.74928709965	1.74928709965	1.74928709965	1.74928709965	1.74928709965	1.74928709965	1.74928709965	
7.85	170.122960042	170.247040044	170.371120046	170.495200048	170.61928005	170.743360052	170.867440054	170.991520056	171.115600058	171.23968006	0.0	0.0	-1.00907706963e-07	-1.95484527154e-07	-3.97608110891e-07	-5.90754436292e-07	-8.92162599154e-07	-1.18492516426e-06	-1.58697855303e-06	-1.97694535813e-06	0.0	-8.13247141544e-07	-7.62224521704e-07	-1.62897792111e-06	-1.55662735542e-06	-2.42914376178e-06	-2.35946615368e-06	-3.2402754854e-06	-3.14286588298e-06	-4.0857563195e-06	197.815103674	198.441085113	199.067066553	199.693047993	200.319029432	200.945010872	201.570992312	202.196973751	202.822955191	203.448936631	-12.9936623498	-13.1065961332	-13.2195299167	-13.3324637002	-13.4453974836	-13.5583312671	-13.6712650505	-13.784198834	-13.8971326175	-14.0100664009	1.74928709965	1.74928709965	1.74928709965	1.74928709965	1.74928709965	1.74928709965	1.74928709965	1.74928709965	1.74928709965	1.74928709965	
7.86666666667	170.122960042	170.247040044	170.371120046	170.495200048	170.61928005	170.743360052	170.867440054	170.991520056	171.115600058	171.23968006	0.0	0.0	-1.00907706963e-07	-1.95484527154e-07	-3.97608110891e-07	-5.90754436292e-07	-8.92162599154e-07	-1.18492516426e-06	-1.58697855303e-06	-1.97694535813e-06	0.0	-8.13247141544e-07	-7.62224521704e-07	-1.62897792111e-06	-1.55662735542e-06	-2.42914376178e-06	-2.35946615368e-06	-3.2402754854e-06	-3.14286588298e-06	-4.0857563195e-06	197.815103674	198.441085113	199.067066553	199.693047993	200.319029432	200.945010872	201.570992312	202.196973751	202.822955191	203.448936631	-12.9936623498	-13.1065961332	-13.2195299167	-13.3324637002	-13.4453974836	-13.5583312671	-13.6712650505	-13.784198834	-13.8971326175	-14.0100664009	1.74928709965	1.74928709965	1.74928709965	1.74928709965	1.74928709965	1.74928709965	1.74928709965	1.74928709965	1.74928709965	1.74928709965	
7.88333333333	170.122960042	170.247040044	170.371120046	170.495200048	170.61928005	170.743360052	170.867440054	170.991520056	171.115600058	171.23968006	0.0	0.0	-1.00907706963e-07	-1.95484527154e-07	-3.97608110891e-07	-5.90754436292e-07	-8.92162599154e-07	-1.18492516426e-06	-1.58697855303e-06	-1.97694535813e-06	0.0	-8.13247141544e-07	-7.62224521704e-07	-1.62897792111e-06	-1.55662735542e-06	-2.42914376178e-06	-2.35946615368e-06	-3.2402754854e-06	-3.14286588298e-06	-4.0857563195e-06	197.815103674	198.441085113	199.067066553	199.693047993	200.319029432	200.945010872	201.570992312	202.196973751	202.822955191	203.448936631	-12.9936623498	-13.1065961332	-13.2195299167	-13.3324637002	-13.4453974836	-13.5583312671	-13.6712650505	-13.784198834	-13.8971326175	-14.0100664009	1.74928709965	1.74928709965	1.74928709965	1.74928709965	1.74928709965	1.74928709965	1.74928709965	1.74928709965	1.74928709965	1.74928709965	
7.9	170.122960042	170.247040044	170.371120046	170.495200048	170.61928005	170.743360052	170.867440054	170.991520056	171.115600058	171.23968006	0.0	0.0	-1.00907706963e-07	-1.95484527154e-07	-3.97608110891e-07	-5.90754436292e-07	-8.92162599154e-07	-1.18492516426e-06	-1.58697855303e-06	-1.97694535813e-06	0.0	-8.13247141544e-07	-7.62224521704e-07	-1.62897792111e-06	-1.55662735542e-06	-2.42914376178e-06	-2.35946615368e-06	-3.2402754854e-06	-3.14286588298e-06	-4.0857563195e-06	197.815103674	198.441085113	199.067066553	199.693047993	200.319029432	200.945010872	201.570992312	202.196973751	202.822955191	203.448936631	-12.9936623498	-13.1065961332	-13.2195299167	-13.3324637002	-13.4453974836	-13.5583312671	-13.6712650505	-13.784198834	-13.8971326175	-14.0100664009	1.74928709965	1.74928709965	1.74928709965	1.74928709965	1.74928709965	1.74928709965	1.74928709965	1.74928709965	1.74928709965	1.74928709965	
7.91666666667	170.122960042	170.247040044	170.371120046	170.495200048	170.61928005	170.743360052	170.867440054	170.991520056	171.115600058	171.23968006	0.0	0.0	-1.00907706963e-07	-1.95484527154e-07	-3.97608110891e-07	-5.90754436292e-07	-8.92162599154e-07	-1.18492516426e-06	-1.58697855303e-06	-1.97694535813e-06	0.0	-8.13247141544e-07	-7.62224521704e-07	-1.62897792111e-06	-1.55662735542e-06	-2.42914376178e-06	-2.35946615368e-06	-3.2402754854e-06	-3.14286588298e-06	-4.0857563195e-06	197.815103674	198.441085113	199.067066553	199.693047993	200.319029432	200.945010872	201.570992312	202.196973751	202.822955191	203.448936631	-12.9936623498	-13.1065961332	-13.2195299167	-13.3324637002	-13.4453974836	-13.5583312671	-13.6712650505	-13.784198834	-13.8971326175	-14.0100664009	1.74928709965	1.74928709965	1.74928709965	1.74928709965	1.74928709965	1.74928709965	1.74928709965	1.74928709965	1.74928709965	1.74928709965	
7.93333333333	170.122960042	170.247040044	170.371120046	170.495200048	170.61928005	170.743360052	170.867440054	170.991520056	171.115600058	171.23968006	0.0	0.0	-1.00907706963e-07	-1.95484527154e-07	-3.97608110891e-07	-5.90754436292e-07	-8.92162599154e-07	-1.18492516426e-06	-1.58697855303e-06	-1.97694535813e-06	0.0	-8.13247141544e-07	-7.62224521704e-07	-1.62897792111e-06	-1.55662735542e-06	-2.42914376178e-06	-2.35946615368e-06	-3.2402754854e-06	-3.14286588298e-06	-4.0857563195e-06	197.815103674	198.441085113	199.067066553	199.693047993	200.319029432	200.945010872	201.570992312	202.196973751	202.822955191	203.448936631	-12.9936623498	-13.1065961332	-13.2195299167	-13.3324637002	-13.4453974836	-13.5583312671	-13.6712650505	-13.784198834	-13.8971326175	-14.0100664009	1.74928709965	1.74928709965	1.74928709965	1.74928709965	1.74928709965	1.74928709965	1.74928709965	1.74928709965	1.74928709965	1.74928709965	
7.95	170.122960042	170.247040044	170.371120046	170.495200048	170.61928005	170.743360052	170.867440054	170.991520056	171.115600058	171.23968006	0.0	0.0	-1.00907706963e-07	-1.95484527154e-07	-3.97608110891e-07	-5.90754436292e-07	-8.92162599154e-07	-1.18492516426e-06	-1.58697855303e-06	-1.97694535813e-06	0.0	-8.13247141544e-07	-7.62224521704e-07	-1.62897792111e-06	-1.55662735542e-06	-2.42914376178e-06	-2.35946615368e-06	-3.2402754854e-06	-3.14286588298e-06	-4.0857563195e-06	197.815103674	198.441085113	199.067066553	199.693047993	200.319029432	200.945010872	201.570992312	202.196973751	202.822955191	203.448936631	-12.9936623498	-13.1065961332	-13.2195299167	-13.3324637002	-13.4453974836	-13.5583312671	-13.6712650505	-13.784198834	-13.8971326175	-14.0100664009	1.74928709965	1.74928709965	1.74928709965	1.74928709965	1.74928709965	1.74928709965	1.74928709965	1.74928709965	1.74928709965	1.74928709965	
7.96666666667	170.122960042	170.247040044	170.371120046	170.495200048	170.61928005	170.743360052	170.867440054	170.991520056	171.115600058	171.23968006	0.0	0.0	-1.00907706963e-07	-1.95484527154e-07	-3.97608110891e-07	-5.90754436292e-07	-8.92162599154e-07	-1.18492516426e-06	-1.58697855303e-06	-1.97694535813e-06	0.0	-8.13247141544e-07	-7.62224521704e-07	-1.62897792111e-06	-1.55662735542e-06	-2.42914376178e-06	-2.35946615368e-06	-3.2402754854e-06	-3.14286588298e-06	-4.0857563195e-06	197.815103674	198.441085113	199.067066553	199.693047993	200.319029432	200.945010872	201.570992312	202.196973751	202.822955191	203.448936631	-12.9936623498	-13.1065961332	-13.2195299167	-13.3324637002	-13.4453974836	-13.5583312671	-13.6712650505	-13.784198834	-13.8971326175	-14.0100664009	1.74928709965	1.74928709965	1.74928709965	1.74928709965	1.74928709965	1.74928709965	1.74928709965	1.74928709965	1.74928709965	1.74928709965	
7.98333333333	170.122960042	170.247040044	170.371120046	170.495200048	170.61928005	170.743360052	170.867440054	170.991520056	171.115600058	171.23968006	0.0	0.0	-1.00907706963e-07	-1.95484527154e-07	-3.97608110891e-07	-5.90754436292e-07	-8.92162599154e-07	-1.18492516426e-06	-1.58697855303e-06	-1.97694535813e-06	0.0	-8.13247141544e-07	-7.62224521704e-07	-1.62897792111e-06	-1.55662735542e-06	-2.42914376178e-06	-2.35946615368e-06	-3.2402754854e-06	-3.14286588298e-06	-4.0857563195e-06	197.815103674	198.441085113	199.067066553	199.693047993	200.319029432	200.945010872	201.570992312	202.196973751	202.822955191	203.448936631	-12.9936623498	-13.1065961332	-13.2195299167	-13.3324637002	-13.4453974836	-13.5583312671	-13.6712650505	-13.784198834	-13.8971326175	-14.0100664009	1.74928709965	1.74928709965	1.74928709965	1.74928709965	1.74928709965	1.74928709965	1.74928709965	1.74928709965	1.74928709965	1.74928709965	
8.0	170.122960042	170.247040044	170.371120046	170.495200048	170.61928005	170.743360052	170.867440054	170.991520056	171.115600058	171.23968006	0.0	0.0	-1.00907706963e-07	-1.95484527154e-07	-3.97608110891e-07	-5.90754436292e-07	-8.92162599154e-07	-1.18492516426e-06	-1.58697855303e-06	-1.97694535813e-06	0.0	-8.13247141544e-07	-7.62224521704e-07	-1.62897792111e-06	-1.55662735542e-06	-2.42914376178e-06	-2.35946615368e-06	-3.2402754854e-06	-3.14286588298e-06	-4.0857563195e-06	197.815103674	198.441085113	199.067066553	199.693047993	200.319029432	200.945010872	201.570992312	202.196973751	202.822955191	203.448936631	-12.9936623498	-13.1065961332	-13.2195299167	-13.3324637002	-13.4453974836	-13.5583312671	-13.6712650505	-13.784198834	-13.8971326175	-14.0100664009	1.74928709965	1.74928709965	1.74928709965	1.74928709965	1.74928709965	1.74928709965	1.74928709965	1.74928709965	1.74928709965	1.74928709965	
8.01666666667	170.122960042	170.247040044	170.371120046	170.495200048	170.61928005	170.743360052	170.867440054	170.991520056	171.115600058	171.23968006	0.0	0.0	-1.00907706963e-07	-1.95484527154e-07	-3.97608110891e-07	-5.90754436292e-07	-8.92162599154e-07	-1.18492516426e-06	-1.58697855303e-06	-1.97694535813e-06	0.0	-8.13247141544e-07	-7.62224521704e-07	-1.62897792111e-06	-1.55662735542e-06	-2.42914376178e-06	-2.35946615368e-06	-3.2402754854e-06	-3.14286588298e-06	-4.0857563195e-06	197.815103674	198.441085113	199.067066553	199.693047993	200.319029432	200.945010872	201.570992312	202.196973751	202.822955191	203.448936631	-12.9936623498	-13.1065961332	-13.2195299167	-13.3324637002	-13.4453974836	-13.5583312671	-13.6712650505	-13.784198834	-13.8971326175	-14.0100664009	1.74928709965	1.74928709965	1.74928709965	1.74928709965	1.74928709965	1.74928709965	1.74928709965	1.74928709965	1.74928709965	1.74928709965	
8.03333333333	170.122960042	170.247040044	170.371120046	170.495200048	170.61928005	170.743360052	170.867440054	170.991520056	171.115600058	171.23968006	0.0	0.0	-1.00907706963e-07	-1.95484527154e-07	-3.97608110891e-07	-5.90754436292e-07	-8.92162599154e-07	-1.18492516426e-06	-1.58697855303e-06	-1.97694535813e-06	0.0	-8.13247141544e-07	-7.62224521704e-07	-1.62897792111e-06	-1.55662735542e-06	-2.42914376178e-06	-2.35946615368e-06	-3.2402754854e-06	-3.14286588298e-06	-4.0857563195e-06	197.815103674	198.441085113	199.067066553	199.693047993	200.319029432	200.945010872	201.570992312	202.196973751	202.822955191	203.448936631	-12.9936623498	-13.1065961332	-13.2195299167	-13.3324637002	-13.4453974836	-13.5583312671	-13.6712650505	-13.784198834	-13.8971326175	-14.0100664009	1.74928709965	1.74928709965	1.74928709965	1.74928709965	1.74928709965	1.74928709965	1.74928709965	1.74928709965	1.74928709965	1.74928709965	
8.05	170.122960042	170.247040044	170.371120046	170.495200048	170.61928005	170.743360052	170.867440054	170.991520056	171.115600058	171.23968006	0.0	0.0	-1.00907706963e-07	-1.95484527154e-07	-3.97608110891e-07	-5.90754436292e-07	-8.92162599154e-07	-1.18492516426e-06	-1.58697855303e-06	-1.97694535813e-06	0.0	-8.13247141544e-07	-7.62224521704e-07	-1.62897792111e-06	-1.55662735542e-06	-2.42914376178e-06	-2.35946615368e-06	-3.2402754854e-06	-3.14286588298e-06	-4.0857563195e-06	197.815103674	198.441085113	199.067066553	199.693047993	200.319029432	200.945010872	201.570992312	202.196973751	202.822955191	203.448936631	-12.9936623498	-13.1065961332	-13.2195299167	-13.3324637002	-13.4453974836	-13.5583312671	-13.6712650505	-13.784198834	-13.8971326175	-14.0100664009	1.74928709965	1.74928709965	1.74928709965	1.74928709965	1.74928709965	1.74928709965	1.74928709965	1.74928709965	1.74928709965	1.74928709965	
8.06666666667	170.122960042	170.247040044	170.371120046	170.495200048	170.61928005	170.743360052	170.867440054	170.991520056	171.115600058	171.23968006	0.0	0.0	-1.00907706963e-07	-1.95484527154e-07	-3.97608110891e-07	-5.90754436292e-07	-8.92162599154e-07	-1.18492516426e-06	-1.58697855303e-06	-1.97694535813e-06	0.0	-8.13247141544e-07	-7.62224521704e-07	-1.62897792111e-06	-1.55662735542e-06	-2.42914376178e-06	-2.35946615368e-06	-3.2402754854e-06	-3.14286588298e-06	-4.0857563195e-06	197.815103674	198.441085113	199.067066553	199.693047993	200.319029432	200.945010872	201.570992312	202.196973751	202.822955191	203.448936631	-12.9936623498	-13.1065961332	-13.2195299167	-13.3324637002	-13.4453974836	-13.5583312671	-13.6712650505	-13.784198834	-13.8971326175	-14.0100664009	1.74928709965	1.74928709965	1.74928709965	1.74928709965	1.74928709965	1.74928709965	1.74928709965	1.74928709965	1.74928709965	1.74928709965	
8.08333333333	170.122960042	170.247040044	170.371120046	170.495200048	170.61928005	170.743360052	170.867440054	170.991520056	171.115600058	171.23968006	0.0	0.0	-1.00907706963e-07	-1.95484527154e-07	-3.97608110891e-07	-5.90754436292e-07	-8.92162599154e-07	-1.18492516426e-06	-1.58697855303e-06	-1.97694535813e-06	0.0	-8.13247141544e-07	-7.62224521704e-07	-1.62897792111e-06	-1.55662735542e-06	-2.42914376178e-06	-2.35946615368e-06	-3.2402754854e-06	-3.14286588298e-06	-4.0857563195e-06	197.815103674	198.441085113	199.067066553	199.693047993	200.319029432	200.945010872	201.570992312	202.196973751	202.822955191	203.448936631	-12.9936623498	-13.1065961332	-13.2195299167	-13.3324637002	-13.4453974836	-13.5583312671	-13.6712650505	-13.784198834	-13.8971326175	-14.0100664009	1.74928709965	1.74928709965	1.74928709965	1.74928709965	1.74928709965	1.74928709965	1.74928709965	1.74928709965	1.74928709965	1.74928709965	
8.1	170.122960042	170.247040044	170.371120046	170.495200048	170.61928005	170.743360052	170.867440054	170.991520056	171.115600058	171.23968006	0.0	0.0	-1.00907706963e-07	-1.95484527154e-07	-3.97608110891e-07	-5.90754436292e-07	-8.92162599154e-07	-1.18492516426e-06	-1.58697855303e-06	-1.97694535813e-06	0.0	-8.13247141544e-07	-7.62224521704e-07	-1.62897792111e-06	-1.55662735542e-06	-2.42914376178e-06	-2.35946615368e-06	-3.2402754854e-06	-3.14286588298e-06	-4.0857563195e-06	197.815103674	198.441085113	199.067066553	199.693047993	200.319029432	200.945010872	201.570992312	202.196973751	202.822955191	203.448936631	-12.9936623498	-13.1065961332	-13.2195299167	-13.3324637002	-13.4453974836	-13.5583312671	-13.6712650505	-13.784198834	-13.8971326175	-14.0100664009	1.74928709965	1.74928709965	1.74928709965	1.74928709965	1.74928709965	1.74928709965	1.74928709965	1.74928709965	1.74928709965	1.74928709965	
8.11666666667	170.122960042	170.247040044	170.371120046	170.495200048	170.61928005	170.743360052	170.867440054	170.991520056	171.115600058	171.23968006	0.0	0.0	-1.00907706963e-07	-1.95484527154e-07	-3.97608110891e-07	-5.90754436292e-07	-8.92162599154e-07	-1.18492516426e-06	-1.58697855303e-06	-1.97694535813e-06	0.0	-8.13247141544e-07	-7.62224521704e-07	-1.62897792111e-06	-1.55662735542e-06	-2.42914376178e-06	-2.35946615368e-06	-3.2402754854e-06	-3.14286588298e-06	-4.0857563195e-06	197.815103674	198.441085113	199.067066553	199.693047993	200.319029432	200.945010872	201.570992312	202.196973751	202.822955191	203.448936631	-12.9936623498	-13.1065961332	-13.2195299167	-13.3324637002	-13.4453974836	-13.5583312671	-13.6712650505	-13.784198834	-13.8971326175	-14.0100664009	1.74928709965	1.74928709965	1.74928709965	1.74928709965	1.74928709965	1.74928709965	1.74928709965	1.74928709965	1.74928709965	1.74928709965	
8.13333333333	170.122960042	170.247040044	170.371120046	170.495200048	170.61928005	170.743360052	170.867440054	170.991520056	171.115600058	171.23968006	0.0	0.0	-1.00907706963e-07	-1.95484527154e-07	-3.97608110891e-07	-5.90754436292e-07	-8.92162599154e-07	-1.18492516426e-06	-1.58697855303e-06	-1.97694535813e-06	0.0	-8.13247141544e-07	-7.62224521704e-07	-1.62897792111e-06	-1.55662735542e-06	-2.42914376178e-06	-2.35946615368e-06	-3.2402754854e-06	-3.14286588298e-06	-4.0857563195e-06	197.815103674	198.441085113	199.067066553	199.693047993	200.319029432	200.945010872	201.570992312	202.196973751	202.822955191	203.448936631	-12.9936623498	-13.1065961332	-13.2195299167	-13.3324637002	-13.4453974836	-13.5583312671	-13.6712650505	-13.784198834	-13.8971326175	-14.0100664009	1.74928709965	1.74928709965	1.74928709965	1.74928709965	1.74928709965	1.74928709965	1.74928709965	1.74928709965	1.74928709965	1.74928709965	
8.15	170.122960042	170.247040044	170.371120046	170.495200048	170.61928005	170.743360052	170.867440054	170.991520056	171.115600058	171.23968006	0.0	0.0	-1.00907706963e-07	-1.95484527154e-07	-3.97608110891e-07	-5.90754436292e-07	-8.92162599154e-07	-1.18492516426e-06	-1.58697855303e-06	-1.97694535813e-06	0.0	-8.13247141544e-07	-7.62224521704e-07	-1.62897792111e-06	-1.55662735542e-06	-2.42914376178e-06	-2.35946615368e-06	-3.2402754854e-06	-3.14286588298e-06	-4.0857563195e-06	197.815103674	198.441085113	199.067066553	199.693047993	200.319029432	200.945010872	201.570992312	202.196973751	202.822955191	203.448936631	-12.9936623498	-13.1065961332	-13.2195299167	-13.3324637002	-13.4453974836	-13.5583312671	-13.6712650505	-13.784198834	-13.8971326175	-14.0100664009	1.74928709965	1.74928709965	1.74928709965	1.74928709965	1.74928709965	1.74928709965	1.74928709965	1.74928709965	1.74928709965	1.74928709965	
8.16666666667	170.122960042	170.247040044	170.371120046	170.495200048	170.61928005	170.743360052	170.867440054	170.991520056	171.115600058	171.23968006	0.0	0.0	-1.00907706963e-07	-1.95484527154e-07	-3.97608110891e-07	-5.90754436292e-07	-8.92162599154e-07	-1.18492516426e-06	-1.58697855303e-06	-1.97694535813e-06	0.0	-8.13247141544e-07	-7.62224521704e-07	-1.62897792111e-06	-1.55662735542e-06	-2.42914376178e-06	-2.35946615368e-06	-3.2402754854e-06	-3.14286588298e-06	-4.0857563195e-06	197.815103674	198.441085113	199.067066553	199.693047993	200.319029432	200.945010872	201.570992312	202.196973751	202.822955191	203.448936631	-12.9936623498	-13.1065961332	-13.2195299167	-13.3324637002	-13.4453974836	-13.5583312671	-13.6712650505	-13.784198834	-13.8971326175	-14.0100664009	1.74928709965	1.74928709965	1.74928709965	1.74928709965	1.74928709965	1.74928709965	1.74928709965	1.74928709965	1.74928709965	1.74928709965	
8.18333333333	170.122960042	170.247040044	170.371120046	170.495200048	170.61928005	170.743360052	170.867440054	170.991520056	171.115600058	171.23968006	0.0	0.0	-1.00907706963e-07	-1.95484527154e-07	-3.97608110891e-07	-5.90754436292e-07	-8.92162599154e-07	-1.18492516426e-06	-1.58697855303e-06	-1.97694535813e-06	0.0	-8.13247141544e-07	-7.62224521704e-07	-1.62897792111e-06	-1.55662735542e-06	-2.42914376178e-06	-2.35946615368e-06	-3.2402754854e-06	-3.14286588298e-06	-4.0857563195e-06	197.815103674	198.441085113	199.067066553	199.693047993	200.319029432	200.945010872	201.570992312	202.196973751	202.822955191	203.448936631	-12.9936623498	-13.1065961332	-13.2195299167	-13.3324637002	-13.4453974836	-13.5583312671	-13.6712650505	-13.784198834	-13.8971326175	-14.0100664009	1.74928709965	1.74928709965	1.74928709965	1.74928709965	1.74928709965	1.74928709965	1.74928709965	1.74928709965	1.74928709965	1.74928709965	
8.2	170.122960042	170.247040044	170.371120046	170.495200048	170.61928005	170.743360052	170.867440054	170.991520056	171.115600058	171.23968006	0.0	0.0	-1.00907706963e-07	-1.95484527154e-07	-3.97608110891e-07	-5.90754436292e-07	-8.92162599154e-07	-1.18492516426e-06	-1.58697855303e-06	-1.97694535813e-06	0.0	-8.13247141544e-07	-7.62224521704e-07	-1.62897792111e-06	-1.55662735542e-06	-2.42914376178e-06	-2.35946615368e-06	-3.2402754854e-06	-3.14286588298e-06	-4.0857563195e-06	197.815103674	198.441085113	199.067066553	199.693047993	200.319029432	200.945010872	201.570992312	202.196973751	202.822955191	203.448936631	-12.9936623498	-13.1065961332	-13.2195299167	-13.3324637002	-13.4453974836	-13.5583312671	-13.6712650505	-13.784198834	-13.8971326175	-14.0100664009	1.74928709965	1.74928709965	1.74928709965	1.74928709965	1.74928709965	1.74928709965	1.74928709965	1.74928709965	1.74928709965	1.74928709965	
8.21666666667	170.122960042	170.247040044	170.371120046	170.495200048	170.61928005	170.743360052	170.867440054	170.991520056	171.115600058	171.23968006	0.0	0.0	-1.00907706963e-07	-1.95484527154e-07	-3.97608110891e-07	-5.90754436292e-07	-8.92162599154e-07	-1.18492516426e-06	-1.58697855303e-06	-1.97694535813e-06	0.0	-8.13247141544e-07	-7.62224521704e-07	-1.62897792111e-06	-1.55662735542e-06	-2.42914376178e-06	-2.35946615368e-06	-3.2402754854e-06	-3.14286588298e-06	-4.0857563195e-06	197.815103674	198.441085113	199.067066553	199.693047993	200.319029432	200.945010872	201.570992312	202.196973751	202.822955191	203.448936631	-12.9936623498	-13.1065961332	-13.2195299167	-13.3324637002	-13.4453974836	-13.5583312671	-13.6712650505	-13.784198834	-13.8971326175	-14.0100664009	1.74928709965	1.74928709965	1.74928709965	1.74928709965	1.74928709965	1.74928709965	1.74928709965	1.74928709965	1.74928709965	1.74928709965	
8.23333333333	170.122960042	170.247040044	170.371120046	170.495200048	170.61928005	170.743360052	170.867440054	170.991520056	171.115600058	171.23968006	0.0	0.0	-1.00907706963e-07	-1.95484527154e-07	-3.97608110891e-07	-5.90754436292e-07	-8.92162599154e-07	-1.18492516426e-06	-1.58697855303e-06	-1.97694535813e-06	0.0	-8.13247141544e-07	-7.62224521704e-07	-1.62897792111e-06	-1.55662735542e-06	-2.42914376178e-06	-2.35946615368e-06	-3.2402754854e-06	-3.14286588298e-06	-4.0857563195e-06	197.815103674	198.441085113	199.067066553	199.693047993	200.319029432	200.945010872	201.570992312	202.196973751	202.822955191	203.448936631	-12.9936623498	-13.1065961332	-13.2195299167	-13.3324637002	-13.4453974836	-13.5583312671	-13.6712650505	-13.784198834	-13.8971326175	-14.0100664009	1.74928709965	1.74928709965	1.74928709965	1.74928709965	1.74928709965	1.74928709965	1.74928709965	1.74928709965	1.74928709965	1.74928709965	
8.25	170.122960042	170.247040044	170.371120046	170.495200048	170.61928005	170.743360052	170.867440054	170.991520056	171.115600058	171.23968006	0.0	0.0	-1.00907706963e-07	-1.95484527154e-07	-3.97608110891e-07	-5.90754436292e-07	-8.92162599154e-07	-1.18492516426e-06	-1.58697855303e-06	-1.97694535813e-06	0.0	-8.13247141544e-07	-7.62224521704e-07	-1.62897792111e-06	-1.55662735542e-06	-2.42914376178e-06	-2.35946615368e-06	-3.2402754854e-06	-3.14286588298e-06	-4.0857563195e-06	197.815103674	198.441085113	199.067066553	199.693047993	200.319029432	200.945010872	201.570992312	202.196973751	202.822955191	203.448936631	-12.9936623498	-13.1065961332	-13.2195299167	-13.3324637002	-13.4453974836	-13.5583312671	-13.6712650505	-13.784198834	-13.8971326175	-14.0100664009	1.74928709965	1.74928709965	1.74928709965	1.74928709965	1.74928709965	1.74928709965	1.74928709965	1.74928709965	1.74928709965	1.74928709965	
8.26666666667	170.122960042	170.247040044	170.371120046	170.495200048	170.61928005	170.743360052	170.867440054	170.991520056	171.115600058	171.23968006	0.0	0.0	-1.00907706963e-07	-1.95484527154e-07	-3.97608110891e-07	-5.90754436292e-07	-8.92162599154e-07	-1.18492516426e-06	-1.58697855303e-06	-1.97694535813e-06	0.0	-8.13247141544e-07	-7.62224521704e-07	-1.62897792111e-06	-1.55662735542e-06	-2.42914376178e-06	-2.35946615368e-06	-3.2402754854e-06	-3.14286588298e-06	-4.0857563195e-06	197.815103674	198.441085113	199.067066553	199.693047993	200.319029432	200.945010872	201.570992312	202.196973751	202.822955191	203.448936631	-12.9936623498	-13.1065961332	-13.2195299167	-13.3324637002	-13.4453974836	-13.5583312671	-13.6712650505	-13.784198834	-13.8971326175	-14.0100664009	1.74928709965	1.74928709965	1.74928709965	1.74928709965	1.74928709965	1.74928709965	1.74928709965	1.74928709965	1.74928709965	1.74928709965	
8.28333333333	170.122960042	170.247040044	170.371120046	170.495200048	170.61928005	170.743360052	170.867440054	170.991520056	171.115600058	171.23968006	0.0	0.0	-1.00907706963e-07	-1.95484527154e-07	-3.97608110891e-07	-5.90754436292e-07	-8.92162599154e-07	-1.18492516426e-06	-1.58697855303e-06	-1.97694535813e-06	0.0	-8.13247141544e-07	-7.62224521704e-07	-1.62897792111e-06	-1.55662735542e-06	-2.42914376178e-06	-2.35946615368e-06	-3.2402754854e-06	-3.14286588298e-06	-4.0857563195e-06	197.815103674	198.441085113	199.067066553	199.693047993	200.319029432	200.945010872	201.570992312	202.196973751	202.822955191	203.448936631	-12.9936623498	-13.1065961332	-13.2195299167	-13.3324637002	-13.4453974836	-13.5583312671	-13.6712650505	-13.784198834	-13.8971326175	-14.0100664009	1.74928709965	1.74928709965	1.74928709965	1.74928709965	1.74928709965	1.74928709965	1.74928709965	1.74928709965	1.74928709965	1.74928709965	
8.3	170.122960042	170.247040044	170.371120046	170.495200048	170.61928005	170.743360052	170.867440054	170.991520056	171.115600058	171.23968006	0.0	0.0	-1.00907706963e-07	-1.95484527154e-07	-3.97608110891e-07	-5.90754436292e-07	-8.92162599154e-07	-1.18492516426e-06	-1.58697855303e-06	-1.97694535813e-06	0.0	-8.13247141544e-07	-7.62224521704e-07	-1.62897792111e-06	-1.55662735542e-06	-2.42914376178e-06	-2.35946615368e-06	-3.2402754854e-06	-3.14286588298e-06	-4.0857563195e-06	197.815103674	198.441085113	199.067066553	199.693047993	200.319029432	200.945010872	201.570992312	202.196973751	202.822955191	203.448936631	-12.9936623498	-13.1065961332	-13.2195299167	-13.3324637002	-13.4453974836	-13.5583312671	-13.6712650505	-13.784198834	-13.8971326175	-14.0100664009	1.74928709965	1.74928709965	1.74928709965	1.74928709965	1.74928709965	1.74928709965	1.74928709965	1.74928709965	1.74928709965	1.74928709965	
8.31666666667	170.122960042	170.247040044	170.371120046	170.495200048	170.61928005	170.743360052	170.867440054	170.991520056	171.115600058	171.23968006	0.0	0.0	-1.00907706963e-07	-1.95484527154e-07	-3.97608110891e-07	-5.90754436292e-07	-8.92162599154e-07	-1.18492516426e-06	-1.58697855303e-06	-1.97694535813e-06	0.0	-8.13247141544e-07	-7.62224521704e-07	-1.62897792111e-06	-1.55662735542e-06	-2.42914376178e-06	-2.35946615368e-06	-3.2402754854e-06	-3.14286588298e-06	-4.0857563195e-06	197.815103674	198.441085113	199.067066553	199.693047993	200.319029432	200.945010872	201.570992312	202.196973751	202.822955191	203.448936631	-12.9936623498	-13.1065961332	-13.2195299167	-13.3324637002	-13.4453974836	-13.5583312671	-13.6712650505	-13.784198834	-13.8971326175	-14.0100664009	1.74928709965	1.74928709965	1.74928709965	1.74928709965	1.74928709965	1.74928709965	1.74928709965	1.74928709965	1.74928709965	1.74928709965	
8.33333333333	170.122960042	170.247040044	170.371120046	170.495200048	170.61928005	170.743360052	170.867440054	170.991520056	171.115600058	171.23968006	0.0	0.0	-1.00907706963e-07	-1.95484527154e-07	-3.97608110891e-07	-5.90754436292e-07	-8.92162599154e-07	-1.18492516426e-06	-1.58697855303e-06	-1.97694535813e-06	0.0	-8.13247141544e-07	-7.62224521704e-07	-1.62897792111e-06	-1.55662735542e-06	-2.42914376178e-06	-2.35946615368e-06	-3.2402754854e-06	-3.14286588298e-06	-4.0857563195e-06	197.815103674	198.441085113	199.067066553	199.693047993	200.319029432	200.945010872	201.570992312	202.196973751	202.822955191	203.448936631	-12.9936623498	-13.1065961332	-13.2195299167	-13.3324637002	-13.4453974836	-13.5583312671	-13.6712650505	-13.784198834	-13.8971326175	-14.0100664009	1.74928709965	1.74928709965	1.74928709965	1.74928709965	1.74928709965	1.74928709965	1.74928709965	1.74928709965	1.74928709965	1.74928709965	
8.35	170.122960042	170.247040044	170.371120046	170.495200048	170.61928005	170.743360052	170.867440054	170.991520056	171.115600058	171.23968006	0.0	0.0	-1.00907706963e-07	-1.95484527154e-07	-3.97608110891e-07	-5.90754436292e-07	-8.92162599154e-07	-1.18492516426e-06	-1.58697855303e-06	-1.97694535813e-06	0.0	-8.13247141544e-07	-7.62224521704e-07	-1.62897792111e-06	-1.55662735542e-06	-2.42914376178e-06	-2.35946615368e-06	-3.2402754854e-06	-3.14286588298e-06	-4.0857563195e-06	197.815103674	198.441085113	199.067066553	199.693047993	200.319029432	200.945010872	201.570992312	202.196973751	202.822955191	203.448936631	-12.9936623498	-13.1065961332	-13.2195299167	-13.3324637002	-13.4453974836	-13.5583312671	-13.6712650505	-13.784198834	-13.8971326175	-14.0100664009	1.74928709965	1.74928709965	1.74928709965	1.74928709965	1.74928709965	1.74928709965	1.74928709965	1.74928709965	1.74928709965	1.74928709965	
8.36666666667	170.122960042	170.247040044	170.371120046	170.495200048	170.61928005	170.743360052	170.867440054	170.991520056	171.115600058	171.23968006	0.0	0.0	-1.00907706963e-07	-1.95484527154e-07	-3.97608110891e-07	-5.90754436292e-07	-8.92162599154e-07	-1.18492516426e-06	-1.58697855303e-06	-1.97694535813e-06	0.0	-8.13247141544e-07	-7.62224521704e-07	-1.62897792111e-06	-1.55662735542e-06	-2.42914376178e-06	-2.35946615368e-06	-3.2402754854e-06	-3.14286588298e-06	-4.0857563195e-06	197.815103674	198.441085113	199.067066553	199.693047993	200.319029432	200.945010872	201.570992312	202.196973751	202.822955191	203.448936631	-12.9936623498	-13.1065961332	-13.2195299167	-13.3324637002	-13.4453974836	-13.5583312671	-13.6712650505	-13.784198834	-13.8971326175	-14.0100664009	1.74928709965	1.74928709965	1.74928709965	1.74928709965	1.74928709965	1.74928709965	1.74928709965	1.74928709965	1.74928709965	1.74928709965	
8.38333333333	170.122960042	170.247040044	170.371120046	170.495200048	170.61928005	170.743360052	170.867440054	170.991520056	171.115600058	171.23968006	0.0	0.0	-1.00907706963e-07	-1.95484527154e-07	-3.97608110891e-07	-5.90754436292e-07	-8.92162599154e-07	-1.18492516426e-06	-1.58697855303e-06	-1.97694535813e-06	0.0	-8.13247141544e-07	-7.62224521704e-07	-1.62897792111e-06	-1.55662735542e-06	-2.42914376178e-06	-2.35946615368e-06	-3.2402754854e-06	-3.14286588298e-06	-4.0857563195e-06	197.815103674	198.441085113	199.067066553	199.693047993	200.319029432	200.945010872	201.570992312	202.196973751	202.822955191	203.448936631	-12.9936623498	-13.1065961332	-13.2195299167	-13.3324637002	-13.4453974836	-13.5583312671	-13.6712650505	-13.784198834	-13.8971326175	-14.0100664009	1.74928709965	1.74928709965	1.74928709965	1.74928709965	1.74928709965	1.74928709965	1.74928709965	1.74928709965	1.74928709965	1.74928709965	
8.4	170.122960042	170.247040044	170.371120046	170.495200048	170.61928005	170.743360052	170.867440054	170.991520056	171.115600058	171.23968006	0.0	0.0	-1.00907706963e-07	-1.95484527154e-07	-3.97608110891e-07	-5.90754436292e-07	-8.92162599154e-07	-1.18492516426e-06	-1.58697855303e-06	-1.97694535813e-06	0.0	-8.13247141544e-07	-7.62224521704e-07	-1.62897792111e-06	-1.55662735542e-06	-2.42914376178e-06	-2.35946615368e-06	-3.2402754854e-06	-3.14286588298e-06	-4.0857563195e-06	197.815103674	198.441085113	199.067066553	199.693047993	200.319029432	200.945010872	201.570992312	202.196973751	202.822955191	203.448936631	-12.9936623498	-13.1065961332	-13.2195299167	-13.3324637002	-13.4453974836	-13.5583312671	-13.6712650505	-13.784198834	-13.8971326175	-14.0100664009	1.74928709965	1.74928709965	1.74928709965	1.74928709965	1.74928709965	1.74928709965	1.74928709965	1.74928709965	1.74928709965	1.74928709965	
8.41666666667	170.122960042	170.247040044	170.371120046	170.495200048	170.61928005	170.743360052	170.867440054	170.991520056	171.115600058	171.23968006	0.0	0.0	-1.00907706963e-07	-1.95484527154e-07	-3.97608110891e-07	-5.90754436292e-07	-8.92162599154e-07	-1.18492516426e-06	-1.58697855303e-06	-1.97694535813e-06	0.0	-8.13247141544e-07	-7.62224521704e-07	-1.62897792111e-06	-1.55662735542e-06	-2.42914376178e-06	-2.35946615368e-06	-3.2402754854e-06	-3.14286588298e-06	-4.0857563195e-06	197.815103674	198.441085113	199.067066553	199.693047993	200.319029432	200.945010872	201.570992312	202.196973751	202.822955191	203.448936631	-12.9936623498	-13.1065961332	-13.2195299167	-13.3324637002	-13.4453974836	-13.5583312671	-13.6712650505	-13.784198834	-13.8971326175	-14.0100664009	1.74928709965	1.74928709965	1.74928709965	1.74928709965	1.74928709965	1.74928709965	1.74928709965	1.74928709965	1.74928709965	1.74928709965	
8.43333333333	170.122960042	170.247040044	170.371120046	170.495200048	170.61928005	170.743360052	170.867440054	170.991520056	171.115600058	171.23968006	0.0	0.0	-1.00907706963e-07	-1.95484527154e-07	-3.97608110891e-07	-5.90754436292e-07	-8.92162599154e-07	-1.18492516426e-06	-1.58697855303e-06	-1.97694535813e-06	0.0	-8.13247141544e-07	-7.62224521704e-07	-1.62897792111e-06	-1.55662735542e-06	-2.42914376178e-06	-2.35946615368e-06	-3.2402754854e-06	-3.14286588298e-06	-4.0857563195e-06	197.815103674	198.441085113	199.067066553	199.693047993	200.319029432	200.945010872	201.570992312	202.196973751	202.822955191	203.448936631	-12.9936623498	-13.1065961332	-13.2195299167	-13.3324637002	-13.4453974836	-13.5583312671	-13.6712650505	-13.784198834	-13.8971326175	-14.0100664009	1.74928709965	1.74928709965	1.74928709965	1.74928709965	1.74928709965	1.74928709965	1.74928709965	1.74928709965	1.74928709965	1.74928709965	
8.45	170.122960042	170.247040044	170.371120046	170.495200048	170.61928005	170.743360052	170.867440054	170.991520056	171.115600058	171.23968006	0.0	0.0	-1.00907706963e-07	-1.95484527154e-07	-3.97608110891e-07	-5.90754436292e-07	-8.92162599154e-07	-1.18492516426e-06	-1.58697855303e-06	-1.97694535813e-06	0.0	-8.13247141544e-07	-7.62224521704e-07	-1.62897792111e-06	-1.55662735542e-06	-2.42914376178e-06	-2.35946615368e-06	-3.2402754854e-06	-3.14286588298e-06	-4.0857563195e-06	197.815103674	198.441085113	199.067066553	199.693047993	200.319029432	200.945010872	201.570992312	202.196973751	202.822955191	203.448936631	-12.9936623498	-13.1065961332	-13.2195299167	-13.3324637002	-13.4453974836	-13.5583312671	-13.6712650505	-13.784198834	-13.8971326175	-14.0100664009	1.74928709965	1.74928709965	1.74928709965	1.74928709965	1.74928709965	1.74928709965	1.74928709965	1.74928709965	1.74928709965	1.74928709965	
8.46666666667	170.122960042	170.247040044	170.371120046	170.495200048	170.61928005	170.743360052	170.867440054	170.991520056	171.115600058	171.23968006	0.0	0.0	-1.00907706963e-07	-1.95484527154e-07	-3.97608110891e-07	-5.90754436292e-07	-8.92162599154e-07	-1.18492516426e-06	-1.58697855303e-06	-1.97694535813e-06	0.0	-8.13247141544e-07	-7.62224521704e-07	-1.62897792111e-06	-1.55662735542e-06	-2.42914376178e-06	-2.35946615368e-06	-3.2402754854e-06	-3.14286588298e-06	-4.0857563195e-06	197.815103674	198.441085113	199.067066553	199.693047993	200.319029432	200.945010872	201.570992312	202.196973751	202.822955191	203.448936631	-12.9936623498	-13.1065961332	-13.2195299167	-13.3324637002	-13.4453974836	-13.5583312671	-13.6712650505	-13.784198834	-13.8971326175	-14.0100664009	1.74928709965	1.74928709965	1.74928709965	1.74928709965	1.74928709965	1.74928709965	1.74928709965	1.74928709965	1.74928709965	1.74928709965	
8.48333333333	170.122960042	170.247040044	170.371120046	170.495200048	170.61928005	170.743360052	170.867440054	170.991520056	171.115600058	171.23968006	0.0	0.0	-1.00907706963e-07	-1.95484527154e-07	-3.97608110891e-07	-5.90754436292e-07	-8.92162599154e-07	-1.18492516426e-06	-1.58697855303e-06	-1.97694535813e-06	0.0	-8.13247141544e-07	-7.62224521704e-07	-1.62897792111e-06	-1.55662735542e-06	-2.42914376178e-06	-2.35946615368e-06	-3.2402754854e-06	-3.14286588298e-06	-4.0857563195e-06	197.815103674	198.441085113	199.067066553	199.693047993	200.319029432	200.945010872	201.570992312	202.196973751	202.822955191	203.448936631	-12.9936623498	-13.1065961332	-13.2195299167	-13.3324637002	-13.4453974836	-13.5583312671	-13.6712650505	-13.784198834	-13.8971326175	-14.0100664009	1.74928709965	1.74928709965	1.74928709965	1.74928709965	1.74928709965	1.74928709965	1.74928709965	1.74928709965	1.74928709965	1.74928709965	
8.5	170.122960042	170.247040044	170.371120046	170.495200048	170.61928005	170.743360052	170.867440054	170.991520056	171.115600058	171.23968006	0.0	0.0	-1.00907706963e-07	-1.95484527154e-07	-3.97608110891e-07	-5.90754436292e-07	-8.92162599154e-07	-1.18492516426e-06	-1.58697855303e-06	-1.97694535813e-06	0.0	-8.13247141544e-07	-7.62224521704e-07	-1.62897792111e-06	-1.55662735542e-06	-2.42914376178e-06	-2.35946615368e-06	-3.2402754854e-06	-3.14286588298e-06	-4.0857563195e-06	197.815103674	198.441085113	199.067066553	199.693047993	200.319029432	200.945010872	201.570992312	202.196973751	202.822955191	203.448936631	-12.9936623498	-13.1065961332	-13.2195299167	-13.3324637002	-13.4453974836	-13.5583312671	-13.6712650505	-13.784198834	-13.8971326175	-14.0100664009	1.74928709965	1.74928709965	1.74928709965	1.74928709965	1.74928709965	1.74928709965	1.74928709965	1.74928709965	1.74928709965	1.74928709965	
8.51666666667	170.122960042	170.247040044	170.371120046	170.495200048	170.61928005	170.743360052	170.867440054	170.991520056	171.115600058	171.23968006	0.0	0.0	-1.00907706963e-07	-1.95484527154e-07	-3.97608110891e-07	-5.90754436292e-07	-8.92162599154e-07	-1.18492516426e-06	-1.58697855303e-06	-1.97694535813e-06	0.0	-8.13247141544e-07	-7.62224521704e-07	-1.62897792111e-06	-1.55662735542e-06	-2.42914376178e-06	-2.35946615368e-06	-3.2402754854e-06	-3.14286588298e-06	-4.0857563195e-06	197.815103674	198.441085113	199.067066553	199.693047993	200.319029432	200.945010872	201.570992312	202.196973751	202.822955191	203.448936631	-12.9936623498	-13.1065961332	-13.2195299167	-13.3324637002	-13.4453974836	-13.5583312671	-13.6712650505	-13.784198834	-13.8971326175	-14.0100664009	1.74928709965	1.74928709965	1.74928709965	1.74928709965	1.74928709965	1.74928709965	1.74928709965	1.74928709965	1.74928709965	1.74928709965	
8.53333333333	170.122960042	170.247040044	170.371120046	170.495200048	170.61928005	170.743360052	170.867440054	170.991520056	171.115600058	171.23968006	0.0	0.0	-1.00907706963e-07	-1.95484527154e-07	-3.97608110891e-07	-5.90754436292e-07	-8.92162599154e-07	-1.18492516426e-06	-1.58697855303e-06	-1.97694535813e-06	0.0	-8.13247141544e-07	-7.62224521704e-07	-1.62897792111e-06	-1.55662735542e-06	-2.42914376178e-06	-2.35946615368e-06	-3.2402754854e-06	-3.14286588298e-06	-4.0857563195e-06	197.815103674	198.441085113	199.067066553	199.693047993	200.319029432	200.945010872	201.570992312	202.196973751	202.822955191	203.448936631	-12.9936623498	-13.1065961332	-13.2195299167	-13.3324637002	-13.4453974836	-13.5583312671	-13.6712650505	-13.784198834	-13.8971326175	-14.0100664009	1.74928709965	1.74928709965	1.74928709965	1.74928709965	1.74928709965	1.74928709965	1.74928709965	1.74928709965	1.74928709965	1.74928709965	
8.55	170.122960042	170.247040044	170.371120046	170.495200048	170.61928005	170.743360052	170.867440054	170.991520056	171.115600058	171.23968006	0.0	0.0	-1.00907706963e-07	-1.95484527154e-07	-3.97608110891e-07	-5.90754436292e-07	-8.92162599154e-07	-1.18492516426e-06	-1.58697855303e-06	-1.97694535813e-06	0.0	-8.13247141544e-07	-7.62224521704e-07	-1.62897792111e-06	-1.55662735542e-06	-2.42914376178e-06	-2.35946615368e-06	-3.2402754854e-06	-3.14286588298e-06	-4.0857563195e-06	197.815103674	198.441085113	199.067066553	199.693047993	200.319029432	200.945010872	201.570992312	202.196973751	202.822955191	203.448936631	-12.9936623498	-13.1065961332	-13.2195299167	-13.3324637002	-13.4453974836	-13.5583312671	-13.6712650505	-13.784198834	-13.8971326175	-14.0100664009	1.74928709965	1.74928709965	1.74928709965	1.74928709965	1.74928709965	1.74928709965	1.74928709965	1.74928709965	1.74928709965	1.74928709965	
8.56666666667	170.122960042	170.247040044	170.371120046	170.495200048	170.61928005	170.743360052	170.867440054	170.991520056	171.115600058	171.23968006	0.0	0.0	-1.00907706963e-07	-1.95484527154e-07	-3.97608110891e-07	-5.90754436292e-07	-8.92162599154e-07	-1.18492516426e-06	-1.58697855303e-06	-1.97694535813e-06	0.0	-8.13247141544e-07	-7.62224521704e-07	-1.62897792111e-06	-1.55662735542e-06	-2.42914376178e-06	-2.35946615368e-06	-3.2402754854e-06	-3.14286588298e-06	-4.0857563195e-06	197.815103674	198.441085113	199.067066553	199.693047993	200.319029432	200.945010872	201.570992312	202.196973751	202.822955191	203.448936631	-12.9936623498	-13.1065961332	-13.2195299167	-13.3324637002	-13.4453974836	-13.5583312671	-13.6712650505	-13.784198834	-13.8971326175	-14.0100664009	1.74928709965	1.74928709965	1.74928709965	1.74928709965	1.74928709965	1.74928709965	1.74928709965	1.74928709965	1.74928709965	1.74928709965	
8.58333333333	170.122960042	170.247040044	170.371120046	170.495200048	170.61928005	170.743360052	170.867440054	170.991520056	171.115600058	171.23968006	0.0	0.0	-1.00907706963e-07	-1.95484527154e-07	-3.97608110891e-07	-5.90754436292e-07	-8.92162599154e-07	-1.18492516426e-06	-1.58697855303e-06	-1.97694535813e-06	0.0	-8.13247141544e-07	-7.62224521704e-07	-1.62897792111e-06	-1.55662735542e-06	-2.42914376178e-06	-2.35946615368e-06	-3.2402754854e-06	-3.14286588298e-06	-4.0857563195e-06	197.815103674	198.441085113	199.067066553	199.693047993	200.319029432	200.945010872	201.570992312	202.196973751	202.822955191	203.448936631	-12.9936623498	-13.1065961332	-13.2195299167	-13.3324637002	-13.4453974836	-13.5583312671	-13.6712650505	-13.784198834	-13.8971326175	-14.0100664009	1.74928709965	1.74928709965	1.74928709965	1.74928709965	1.74928709965	1.74928709965	1.74928709965	1.74928709965	1.74928709965	1.74928709965	
8.6	170.122960042	170.247040044	170.371120046	170.495200048	170.61928005	170.743360052	170.867440054	170.991520056	171.115600058	171.23968006	0.0	0.0	-1.00907706963e-07	-1.95484527154e-07	-3.97608110891e-07	-5.90754436292e-07	-8.92162599154e-07	-1.18492516426e-06	-1.58697855303e-06	-1.97694535813e-06	0.0	-8.13247141544e-07	-7.62224521704e-07	-1.62897792111e-06	-1.55662735542e-06	-2.42914376178e-06	-2.35946615368e-06	-3.2402754854e-06	-3.14286588298e-06	-4.0857563195e-06	197.815103674	198.441085113	199.067066553	199.693047993	200.319029432	200.945010872	201.570992312	202.196973751	202.822955191	203.448936631	-12.9936623498	-13.1065961332	-13.2195299167	-13.3324637002	-13.4453974836	-13.5583312671	-13.6712650505	-13.784198834	-13.8971326175	-14.0100664009	1.74928709965	1.74928709965	1.74928709965	1.74928709965	1.74928709965	1.74928709965	1.74928709965	1.74928709965	1.74928709965	1.74928709965	
8.61666666667	170.122960042	170.247040044	170.371120046	170.495200048	170.61928005	170.743360052	170.867440054	170.991520056	171.115600058	171.23968006	0.0	0.0	-1.00907706963e-07	-1.95484527154e-07	-3.97608110891e-07	-5.90754436292e-07	-8.92162599154e-07	-1.18492516426e-06	-1.58697855303e-06	-1.97694535813e-06	0.0	-8.13247141544e-07	-7.62224521704e-07	-1.62897792111e-06	-1.55662735542e-06	-2.42914376178e-06	-2.35946615368e-06	-3.2402754854e-06	-3.14286588298e-06	-4.0857563195e-06	197.815103674	198.441085113	199.067066553	199.693047993	200.319029432	200.945010872	201.570992312	202.196973751	202.822955191	203.448936631	-12.9936623498	-13.1065961332	-13.2195299167	-13.3324637002	-13.4453974836	-13.5583312671	-13.6712650505	-13.784198834	-13.8971326175	-14.0100664009	1.74928709965	1.74928709965	1.74928709965	1.74928709965	1.74928709965	1.74928709965	1.74928709965	1.74928709965	1.74928709965	1.74928709965	
8.63333333333	170.122960042	170.247040044	170.371120046	170.495200048	170.61928005	170.743360052	170.867440054	170.991520056	171.115600058	171.23968006	0.0	0.0	-1.00907706963e-07	-1.95484527154e-07	-3.97608110891e-07	-5.90754436292e-07	-8.92162599154e-07	-1.18492516426e-06	-1.58697855303e-06	-1.97694535813e-06	0.0	-8.13247141544e-07	-7.62224521704e-07	-1.62897792111e-06	-1.55662735542e-06	-2.42914376178e-06	-2.35946615368e-06	-3.2402754854e-06	-3.14286588298e-06	-4.0857563195e-06	197.815103674	198.441085113	199.067066553	199.693047993	200.319029432	200.945010872	201.570992312	202.196973751	202.822955191	203.448936631	-12.9936623498	-13.1065961332	-13.2195299167	-13.3324637002	-13.4453974836	-13.5583312671	-13.6712650505	-13.784198834	-13.8971326175	-14.0100664009	1.74928709965	1.74928709965	1.74928709965	1.74928709965	1.74928709965	1.74928709965	1.74928709965	1.74928709965	1.74928709965	1.74928709965	
8.65	170.122960042	170.247040044	170.371120046	170.495200048	170.61928005	170.743360052	170.867440054	170.991520056	171.115600058	171.23968006	0.0	0.0	-1.00907706963e-07	-1.95484527154e-07	-3.97608110891e-07	-5.90754436292e-07	-8.92162599154e-07	-1.18492516426e-06	-1.58697855303e-06	-1.97694535813e-06	0.0	-8.13247141544e-07	-7.62224521704e-07	-1.62897792111e-06	-1.55662735542e-06	-2.42914376178e-06	-2.35946615368e-06	-3.2402754854e-06	-3.14286588298e-06	-4.0857563195e-06	197.815103674	198.441085113	199.067066553	199.693047993	200.319029432	200.945010872	201.570992312	202.196973751	202.822955191	203.448936631	-12.9936623498	-13.1065961332	-13.2195299167	-13.3324637002	-13.4453974836	-13.5583312671	-13.6712650505	-13.784198834	-13.8971326175	-14.0100664009	1.74928709965	1.74928709965	1.74928709965	1.74928709965	1.74928709965	1.74928709965	1.74928709965	1.74928709965	1.74928709965	1.74928709965	
8.66666666667	170.122960042	170.247040044	170.371120046	170.495200048	170.61928005	170.743360052	170.867440054	170.991520056	171.115600058	171.23968006	0.0	0.0	-1.00907706963e-07	-1.95484527154e-07	-3.97608110891e-07	-5.90754436292e-07	-8.92162599154e-07	-1.18492516426e-06	-1.58697855303e-06	-1.97694535813e-06	0.0	-8.13247141544e-07	-7.62224521704e-07	-1.62897792111e-06	-1.55662735542e-06	-2.42914376178e-06	-2.35946615368e-06	-3.2402754854e-06	-3.14286588298e-06	-4.0857563195e-06	197.815103674	198.441085113	199.067066553	199.693047993	200.319029432	200.945010872	201.570992312	202.196973751	202.822955191	203.448936631	-12.9936623498	-13.1065961332	-13.2195299167	-13.3324637002	-13.4453974836	-13.5583312671	-13.6712650505	-13.784198834	-13.8971326175	-14.0100664009	1.74928709965	1.74928709965	1.74928709965	1.74928709965	1.74928709965	1.74928709965	1.74928709965	1.74928709965	1.74928709965	1.74928709965	
8.68333333333	170.122960042	170.247040044	170.371120046	170.495200048	170.61928005	170.743360052	170.867440054	170.991520056	171.115600058	171.23968006	0.0	0.0	-1.00907706963e-07	-1.95484527154e-07	-3.97608110891e-07	-5.90754436292e-07	-8.92162599154e-07	-1.18492516426e-06	-1.58697855303e-06	-1.97694535813e-06	0.0	-8.13247141544e-07	-7.62224521704e-07	-1.62897792111e-06	-1.55662735542e-06	-2.42914376178e-06	-2.35946615368e-06	-3.2402754854e-06	-3.14286588298e-06	-4.0857563195e-06	197.815103674	198.441085113	199.067066553	199.693047993	200.319029432	200.945010872	201.570992312	202.196973751	202.822955191	203.448936631	-12.9936623498	-13.1065961332	-13.2195299167	-13.3324637002	-13.4453974836	-13.5583312671	-13.6712650505	-13.784198834	-13.8971326175	-14.0100664009	1.74928709965	1.74928709965	1.74928709965	1.74928709965	1.74928709965	1.74928709965	1.74928709965	1.74928709965	1.74928709965	1.74928709965	
8.7	170.122960042	170.247040044	170.371120046	170.495200048	170.61928005	170.743360052	170.867440054	170.991520056	171.115600058	171.23968006	0.0	0.0	-1.00907706963e-07	-1.95484527154e-07	-3.97608110891e-07	-5.90754436292e-07	-8.92162599154e-07	-1.18492516426e-06	-1.58697855303e-06	-1.97694535813e-06	0.0	-8.13247141544e-07	-7.62224521704e-07	-1.62897792111e-06	-1.55662735542e-06	-2.42914376178e-06	-2.35946615368e-06	-3.2402754854e-06	-3.14286588298e-06	-4.0857563195e-06	197.815103674	198.441085113	199.067066553	199.693047993	200.319029432	200.945010872	201.570992312	202.196973751	202.822955191	203.448936631	-12.9936623498	-13.1065961332	-13.2195299167	-13.3324637002	-13.4453974836	-13.5583312671	-13.6712650505	-13.784198834	-13.8971326175	-14.0100664009	1.74928709965	1.74928709965	1.74928709965	1.74928709965	1.74928709965	1.74928709965	1.74928709965	1.74928709965	1.74928709965	1.74928709965	
8.71666666667	170.122960042	170.247040044	170.371120046	170.495200048	170.61928005	170.743360052	170.867440054	170.991520056	171.115600058	171.23968006	0.0	0.0	-1.00907706963e-07	-1.95484527154e-07	-3.97608110891e-07	-5.90754436292e-07	-8.92162599154e-07	-1.18492516426e-06	-1.58697855303e-06	-1.97694535813e-06	0.0	-8.13247141544e-07	-7.62224521704e-07	-1.62897792111e-06	-1.55662735542e-06	-2.42914376178e-06	-2.35946615368e-06	-3.2402754854e-06	-3.14286588298e-06	-4.0857563195e-06	197.815103674	198.441085113	199.067066553	199.693047993	200.319029432	200.945010872	201.570992312	202.196973751	202.822955191	203.448936631	-12.9936623498	-13.1065961332	-13.2195299167	-13.3324637002	-13.4453974836	-13.5583312671	-13.6712650505	-13.784198834	-13.8971326175	-14.0100664009	1.74928709965	1.74928709965	1.74928709965	1.74928709965	1.74928709965	1.74928709965	1.74928709965	1.74928709965	1.74928709965	1.74928709965	
8.73333333333	170.122960042	170.247040044	170.371120046	170.495200048	170.61928005	170.743360052	170.867440054	170.991520056	171.115600058	171.23968006	0.0	0.0	-1.00907706963e-07	-1.95484527154e-07	-3.97608110891e-07	-5.90754436292e-07	-8.92162599154e-07	-1.18492516426e-06	-1.58697855303e-06	-1.97694535813e-06	0.0	-8.13247141544e-07	-7.62224521704e-07	-1.62897792111e-06	-1.55662735542e-06	-2.42914376178e-06	-2.35946615368e-06	-3.2402754854e-06	-3.14286588298e-06	-4.0857563195e-06	197.815103674	198.441085113	199.067066553	199.693047993	200.319029432	200.945010872	201.570992312	202.196973751	202.822955191	203.448936631	-12.9936623498	-13.1065961332	-13.2195299167	-13.3324637002	-13.4453974836	-13.5583312671	-13.6712650505	-13.784198834	-13.8971326175	-14.0100664009	1.74928709965	1.74928709965	1.74928709965	1.74928709965	1.74928709965	1.74928709965	1.74928709965	1.74928709965	1.74928709965	1.74928709965	
8.75	170.122960042	170.247040044	170.371120046	170.495200048	170.61928005	170.743360052	170.867440054	170.991520056	171.115600058	171.23968006	0.0	0.0	-1.00907706963e-07	-1.95484527154e-07	-3.97608110891e-07	-5.90754436292e-07	-8.92162599154e-07	-1.18492516426e-06	-1.58697855303e-06	-1.97694535813e-06	0.0	-8.13247141544e-07	-7.62224521704e-07	-1.62897792111e-06	-1.55662735542e-06	-2.42914376178e-06	-2.35946615368e-06	-3.2402754854e-06	-3.14286588298e-06	-4.0857563195e-06	197.815103674	198.441085113	199.067066553	199.693047993	200.319029432	200.945010872	201.570992312	202.196973751	202.822955191	203.448936631	-12.9936623498	-13.1065961332	-13.2195299167	-13.3324637002	-13.4453974836	-13.5583312671	-13.6712650505	-13.784198834	-13.8971326175	-14.0100664009	1.74928709965	1.74928709965	1.74928709965	1.74928709965	1.74928709965	1.74928709965	1.74928709965	1.74928709965	1.74928709965	1.74928709965	
8.76666666667	170.122960042	170.247040044	170.371120046	170.495200048	170.61928005	170.743360052	170.867440054	170.991520056	171.115600058	171.23968006	0.0	0.0	-1.00907706963e-07	-1.95484527154e-07	-3.97608110891e-07	-5.90754436292e-07	-8.92162599154e-07	-1.18492516426e-06	-1.58697855303e-06	-1.97694535813e-06	0.0	-8.13247141544e-07	-7.62224521704e-07	-1.62897792111e-06	-1.55662735542e-06	-2.42914376178e-06	-2.35946615368e-06	-3.2402754854e-06	-3.14286588298e-06	-4.0857563195e-06	197.815103674	198.441085113	199.067066553	199.693047993	200.319029432	200.945010872	201.570992312	202.196973751	202.822955191	203.448936631	-12.9936623498	-13.1065961332	-13.2195299167	-13.3324637002	-13.4453974836	-13.5583312671	-13.6712650505	-13.784198834	-13.8971326175	-14.0100664009	1.74928709965	1.74928709965	1.74928709965	1.74928709965	1.74928709965	1.74928709965	1.74928709965	1.74928709965	1.74928709965	1.74928709965	
8.78333333333	170.122960042	170.247040044	170.371120046	170.495200048	170.61928005	170.743360052	170.867440054	170.991520056	171.115600058	171.23968006	0.0	0.0	-1.00907706963e-07	-1.95484527154e-07	-3.97608110891e-07	-5.90754436292e-07	-8.92162599154e-07	-1.18492516426e-06	-1.58697855303e-06	-1.97694535813e-06	0.0	-8.13247141544e-07	-7.62224521704e-07	-1.62897792111e-06	-1.55662735542e-06	-2.42914376178e-06	-2.35946615368e-06	-3.2402754854e-06	-3.14286588298e-06	-4.0857563195e-06	197.815103674	198.441085113	199.067066553	199.693047993	200.319029432	200.945010872	201.570992312	202.196973751	202.822955191	203.448936631	-12.9936623498	-13.1065961332	-13.2195299167	-13.3324637002	-13.4453974836	-13.5583312671	-13.6712650505	-13.784198834	-13.8971326175	-14.0100664009	1.74928709965	1.74928709965	1.74928709965	1.74928709965	1.74928709965	1.74928709965	1.74928709965	1.74928709965	1.74928709965	1.74928709965	
8.8	170.122960042	170.247040044	170.371120046	170.495200048	170.61928005	170.743360052	170.867440054	170.991520056	171.115600058	171.23968006	0.0	0.0	-1.00907706963e-07	-1.95484527154e-07	-3.97608110891e-07	-5.90754436292e-07	-8.92162599154e-07	-1.18492516426e-06	-1.58697855303e-06	-1.97694535813e-06	0.0	-8.13247141544e-07	-7.62224521704e-07	-1.62897792111e-06	-1.55662735542e-06	-2.42914376178e-06	-2.35946615368e-06	-3.2402754854e-06	-3.14286588298e-06	-4.0857563195e-06	197.815103674	198.441085113	199.067066553	199.693047993	200.319029432	200.945010872	201.570992312	202.196973751	202.822955191	203.448936631	-12.9936623498	-13.1065961332	-13.2195299167	-13.3324637002	-13.4453974836	-13.5583312671	-13.6712650505	-13.784198834	-13.8971326175	-14.0100664009	1.74928709965	1.74928709965	1.74928709965	1.74928709965	1.74928709965	1.74928709965	1.74928709965	1.74928709965	1.74928709965	1.74928709965	
8.81666666667	170.122960042	170.247040044	170.371120046	170.495200048	170.61928005	170.743360052	170.867440054	170.991520056	171.115600058	171.23968006	0.0	0.0	-1.00907706963e-07	-1.95484527154e-07	-3.97608110891e-07	-5.90754436292e-07	-8.92162599154e-07	-1.18492516426e-06	-1.58697855303e-06	-1.97694535813e-06	0.0	-8.13247141544e-07	-7.62224521704e-07	-1.62897792111e-06	-1.55662735542e-06	-2.42914376178e-06	-2.35946615368e-06	-3.2402754854e-06	-3.14286588298e-06	-4.0857563195e-06	197.815103674	198.441085113	199.067066553	199.693047993	200.319029432	200.945010872	201.570992312	202.196973751	202.822955191	203.448936631	-12.9936623498	-13.1065961332	-13.2195299167	-13.3324637002	-13.4453974836	-13.5583312671	-13.6712650505	-13.784198834	-13.8971326175	-14.0100664009	1.74928709965	1.74928709965	1.74928709965	1.74928709965	1.74928709965	1.74928709965	1.74928709965	1.74928709965	1.74928709965	1.74928709965	
8.83333333333	170.122960042	170.247040044	170.371120046	170.495200048	170.61928005	170.743360052	170.867440054	170.991520056	171.115600058	171.23968006	0.0	0.0	-1.00907706963e-07	-1.95484527154e-07	-3.97608110891e-07	-5.90754436292e-07	-8.92162599154e-07	-1.18492516426e-06	-1.58697855303e-06	-1.97694535813e-06	0.0	-8.13247141544e-07	-7.62224521704e-07	-1.62897792111e-06	-1.55662735542e-06	-2.42914376178e-06	-2.35946615368e-06	-3.2402754854e-06	-3.14286588298e-06	-4.0857563195e-06	197.815103674	198.441085113	199.067066553	199.693047993	200.319029432	200.945010872	201.570992312	202.196973751	202.822955191	203.448936631	-12.9936623498	-13.1065961332	-13.2195299167	-13.3324637002	-13.4453974836	-13.5583312671	-13.6712650505	-13.784198834	-13.8971326175	-14.0100664009	1.74928709965	1.74928709965	1.74928709965	1.74928709965	1.74928709965	1.74928709965	1.74928709965	1.74928709965	1.74928709965	1.74928709965	
8.85	170.122960042	170.247040044	170.371120046	170.495200048	170.61928005	170.743360052	170.867440054	170.991520056	171.115600058	171.23968006	0.0	0.0	-1.00907706963e-07	-1.95484527154e-07	-3.97608110891e-07	-5.90754436292e-07	-8.92162599154e-07	-1.18492516426e-06	-1.58697855303e-06	-1.97694535813e-06	0.0	-8.13247141544e-07	-7.62224521704e-07	-1.62897792111e-06	-1.55662735542e-06	-2.42914376178e-06	-2.35946615368e-06	-3.2402754854e-06	-3.14286588298e-06	-4.0857563195e-06	197.815103674	198.441085113	199.067066553	199.693047993	200.319029432	200.945010872	201.570992312	202.196973751	202.822955191	203.448936631	-12.9936623498	-13.1065961332	-13.2195299167	-13.3324637002	-13.4453974836	-13.5583312671	-13.6712650505	-13.784198834	-13.8971326175	-14.0100664009	1.74928709965	1.74928709965	1.74928709965	1.74928709965	1.74928709965	1.74928709965	1.74928709965	1.74928709965	1.74928709965	1.74928709965	
8.86666666667	170.122960042	170.247040044	170.371120046	170.495200048	170.61928005	170.743360052	170.867440054	170.991520056	171.115600058	171.23968006	0.0	0.0	-1.00907706963e-07	-1.95484527154e-07	-3.97608110891e-07	-5.90754436292e-07	-8.92162599154e-07	-1.18492516426e-06	-1.58697855303e-06	-1.97694535813e-06	0.0	-8.13247141544e-07	-7.62224521704e-07	-1.62897792111e-06	-1.55662735542e-06	-2.42914376178e-06	-2.35946615368e-06	-3.2402754854e-06	-3.14286588298e-06	-4.0857563195e-06	197.815103674	198.441085113	199.067066553	199.693047993	200.319029432	200.945010872	201.570992312	202.196973751	202.822955191	203.448936631	-12.9936623498	-13.1065961332	-13.2195299167	-13.3324637002	-13.4453974836	-13.5583312671	-13.6712650505	-13.784198834	-13.8971326175	-14.0100664009	1.74928709965	1.74928709965	1.74928709965	1.74928709965	1.74928709965	1.74928709965	1.74928709965	1.74928709965	1.74928709965	1.74928709965	
8.88333333333	170.122960042	170.247040044	170.371120046	170.495200048	170.61928005	170.743360052	170.867440054	170.991520056	171.115600058	171.23968006	0.0	0.0	-1.00907706963e-07	-1.95484527154e-07	-3.97608110891e-07	-5.90754436292e-07	-8.92162599154e-07	-1.18492516426e-06	-1.58697855303e-06	-1.97694535813e-06	0.0	-8.13247141544e-07	-7.62224521704e-07	-1.62897792111e-06	-1.55662735542e-06	-2.42914376178e-06	-2.35946615368e-06	-3.2402754854e-06	-3.14286588298e-06	-4.0857563195e-06	197.815103674	198.441085113	199.067066553	199.693047993	200.319029432	200.945010872	201.570992312	202.196973751	202.822955191	203.448936631	-12.9936623498	-13.1065961332	-13.2195299167	-13.3324637002	-13.4453974836	-13.5583312671	-13.6712650505	-13.784198834	-13.8971326175	-14.0100664009	1.74928709965	1.74928709965	1.74928709965	1.74928709965	1.74928709965	1.74928709965	1.74928709965	1.74928709965	1.74928709965	1.74928709965	
8.9	170.122960042	170.247040044	170.371120046	170.495200048	170.61928005	170.743360052	170.867440054	170.991520056	171.115600058	171.23968006	0.0	0.0	-1.00907706963e-07	-1.95484527154e-07	-3.97608110891e-07	-5.90754436292e-07	-8.92162599154e-07	-1.18492516426e-06	-1.58697855303e-06	-1.97694535813e-06	0.0	-8.13247141544e-07	-7.62224521704e-07	-1.62897792111e-06	-1.55662735542e-06	-2.42914376178e-06	-2.35946615368e-06	-3.2402754854e-06	-3.14286588298e-06	-4.0857563195e-06	197.815103674	198.441085113	199.067066553	199.693047993	200.319029432	200.945010872	201.570992312	202.196973751	202.822955191	203.448936631	-12.9936623498	-13.1065961332	-13.2195299167	-13.3324637002	-13.4453974836	-13.5583312671	-13.6712650505	-13.784198834	-13.8971326175	-14.0100664009	1.74928709965	1.74928709965	1.74928709965	1.74928709965	1.74928709965	1.74928709965	1.74928709965	1.74928709965	1.74928709965	1.74928709965	
8.91666666667	170.122960042	170.247040044	170.371120046	170.495200048	170.61928005	170.743360052	170.867440054	170.991520056	171.115600058	171.23968006	0.0	0.0	-1.00907706963e-07	-1.95484527154e-07	-3.97608110891e-07	-5.90754436292e-07	-8.92162599154e-07	-1.18492516426e-06	-1.58697855303e-06	-1.97694535813e-06	0.0	-8.13247141544e-07	-7.62224521704e-07	-1.62897792111e-06	-1.55662735542e-06	-2.42914376178e-06	-2.35946615368e-06	-3.2402754854e-06	-3.14286588298e-06	-4.0857563195e-06	197.815103674	198.441085113	199.067066553	199.693047993	200.319029432	200.945010872	201.570992312	202.196973751	202.822955191	203.448936631	-12.9936623498	-13.1065961332	-13.2195299167	-13.3324637002	-13.4453974836	-13.5583312671	-13.6712650505	-13.784198834	-13.8971326175	-14.0100664009	1.74928709965	1.74928709965	1.74928709965	1.74928709965	1.74928709965	1.74928709965	1.74928709965	1.74928709965	1.74928709965	1.74928709965	
8.93333333333	170.122960042	170.247040044	170.371120046	170.495200048	170.61928005	170.743360052	170.867440054	170.991520056	171.115600058	171.23968006	0.0	0.0	-1.00907706963e-07	-1.95484527154e-07	-3.97608110891e-07	-5.90754436292e-07	-8.92162599154e-07	-1.18492516426e-06	-1.58697855303e-06	-1.97694535813e-06	0.0	-8.13247141544e-07	-7.62224521704e-07	-1.62897792111e-06	-1.55662735542e-06	-2.42914376178e-06	-2.35946615368e-06	-3.2402754854e-06	-3.14286588298e-06	-4.0857563195e-06	197.815103674	198.441085113	199.067066553	199.693047993	200.319029432	200.945010872	201.570992312	202.196973751	202.822955191	203.448936631	-12.9936623498	-13.1065961332	-13.2195299167	-13.3324637002	-13.4453974836	-13.5583312671	-13.6712650505	-13.784198834	-13.8971326175	-14.0100664009	1.74928709965	1.74928709965	1.74928709965	1.74928709965	1.74928709965	1.74928709965	1.74928709965	1.74928709965	1.74928709965	1.74928709965	
8.95	170.122960042	170.247040044	170.371120046	170.495200048	170.61928005	170.743360052	170.867440054	170.991520056	171.115600058	171.23968006	0.0	0.0	-1.00907706963e-07	-1.95484527154e-07	-3.97608110891e-07	-5.90754436292e-07	-8.92162599154e-07	-1.18492516426e-06	-1.58697855303e-06	-1.97694535813e-06	0.0	-8.13247141544e-07	-7.62224521704e-07	-1.62897792111e-06	-1.55662735542e-06	-2.42914376178e-06	-2.35946615368e-06	-3.2402754854e-06	-3.14286588298e-06	-4.0857563195e-06	197.815103674	198.441085113	199.067066553	199.693047993	200.319029432	200.945010872	201.570992312	202.196973751	202.822955191	203.448936631	-12.9936623498	-13.1065961332	-13.2195299167	-13.3324637002	-13.4453974836	-13.5583312671	-13.6712650505	-13.784198834	-13.8971326175	-14.0100664009	1.74928709965	1.74928709965	1.74928709965	1.74928709965	1.74928709965	1.74928709965	1.74928709965	1.74928709965	1.74928709965	1.74928709965	
8.96666666667	170.122960042	170.247040044	170.371120046	170.495200048	170.61928005	170.743360052	170.867440054	170.991520056	171.115600058	171.23968006	0.0	0.0	-1.00907706963e-07	-1.95484527154e-07	-3.97608110891e-07	-5.90754436292e-07	-8.92162599154e-07	-1.18492516426e-06	-1.58697855303e-06	-1.97694535813e-06	0.0	-8.13247141544e-07	-7.62224521704e-07	-1.62897792111e-06	-1.55662735542e-06	-2.42914376178e-06	-2.35946615368e-06	-3.2402754854e-06	-3.14286588298e-06	-4.0857563195e-06	197.815103674	198.441085113	199.067066553	199.693047993	200.319029432	200.945010872	201.570992312	202.196973751	202.822955191	203.448936631	-12.9936623498	-13.1065961332	-13.2195299167	-13.3324637002	-13.4453974836	-13.5583312671	-13.6712650505	-13.784198834	-13.8971326175	-14.0100664009	1.74928709965	1.74928709965	1.74928709965	1.74928709965	1.74928709965	1.74928709965	1.74928709965	1.74928709965	1.74928709965	1.74928709965	
8.98333333333	170.122960042	170.247040044	170.371120046	170.495200048	170.61928005	170.743360052	170.867440054	170.991520056	171.115600058	171.23968006	0.0	0.0	-1.00907706963e-07	-1.95484527154e-07	-3.97608110891e-07	-5.90754436292e-07	-8.92162599154e-07	-1.18492516426e-06	-1.58697855303e-06	-1.97694535813e-06	0.0	-8.13247141544e-07	-7.62224521704e-07	-1.62897792111e-06	-1.55662735542e-06	-2.42914376178e-06	-2.35946615368e-06	-3.2402754854e-06	-3.14286588298e-06	-4.0857563195e-06	197.815103674	198.441085113	199.067066553	199.693047993	200.319029432	200.945010872	201.570992312	202.196973751	202.822955191	203.448936631	-12.9936623498	-13.1065961332	-13.2195299167	-13.3324637002	-13.4453974836	-13.5583312671	-13.6712650505	-13.784198834	-13.8971326175	-14.0100664009	1.74928709965	1.74928709965	1.74928709965	1.74928709965	1.74928709965	1.74928709965	1.74928709965	1.74928709965	1.74928709965	1.74928709965	
9.0	170.122960042	170.247040044	170.371120046	170.495200048	170.61928005	170.743360052	170.867440054	170.991520056	171.115600058	171.23968006	0.0	0.0	-1.00907706963e-07	-1.95484527154e-07	-3.97608110891e-07	-5.90754436292e-07	-8.92162599154e-07	-1.18492516426e-06	-1.58697855303e-06	-1.97694535813e-06	0.0	-8.13247141544e-07	-7.62224521704e-07	-1.62897792111e-06	-1.55662735542e-06	-2.42914376178e-06	-2.35946615368e-06	-3.2402754854e-06	-3.14286588298e-06	-4.0857563195e-06	197.815103674	198.441085113	199.067066553	199.693047993	200.319029432	200.945010872	201.570992312	202.196973751	202.822955191	203.448936631	-12.9936623498	-13.1065961332	-13.2195299167	-13.3324637002	-13.4453974836	-13.5583312671	-13.6712650505	-13.784198834	-13.8971326175	-14.0100664009	1.74928709965	1.74928709965	1.74928709965	1.74928709965	1.74928709965	1.74928709965	1.74928709965	1.74928709965	1.74928709965	1.74928709965	
9.01666666667	170.122960042	170.247040044	170.371120046	170.495200048	170.61928005	170.743360052	170.867440054	170.991520056	171.115600058	171.23968006	0.0	0.0	-1.00907706963e-07	-1.95484527154e-07	-3.97608110891e-07	-5.90754436292e-07	-8.92162599154e-07	-1.18492516426e-06	-1.58697855303e-06	-1.97694535813e-06	0.0	-8.13247141544e-07	-7.62224521704e-07	-1.62897792111e-06	-1.55662735542e-06	-2.42914376178e-06	-2.35946615368e-06	-3.2402754854e-06	-3.14286588298e-06	-4.0857563195e-06	197.815103674	198.441085113	199.067066553	199.693047993	200.319029432	200.945010872	201.570992312	202.196973751	202.822955191	203.448936631	-12.9936623498	-13.1065961332	-13.2195299167	-13.3324637002	-13.4453974836	-13.5583312671	-13.6712650505	-13.784198834	-13.8971326175	-14.0100664009	1.74928709965	1.74928709965	1.74928709965	1.74928709965	1.74928709965	1.74928709965	1.74928709965	1.74928709965	1.74928709965	1.74928709965	
9.03333333333	170.122960042	170.247040044	170.371120046	170.495200048	170.61928005	170.743360052	170.867440054	170.991520056	171.115600058	171.23968006	0.0	0.0	-1.00907706963e-07	-1.95484527154e-07	-3.97608110891e-07	-5.90754436292e-07	-8.92162599154e-07	-1.18492516426e-06	-1.58697855303e-06	-1.97694535813e-06	0.0	-8.13247141544e-07	-7.62224521704e-07	-1.62897792111e-06	-1.55662735542e-06	-2.42914376178e-06	-2.35946615368e-06	-3.2402754854e-06	-3.14286588298e-06	-4.0857563195e-06	197.815103674	198.441085113	199.067066553	199.693047993	200.319029432	200.945010872	201.570992312	202.196973751	202.822955191	203.448936631	-12.9936623498	-13.1065961332	-13.2195299167	-13.3324637002	-13.4453974836	-13.5583312671	-13.6712650505	-13.784198834	-13.8971326175	-14.0100664009	1.74928709965	1.74928709965	1.74928709965	1.74928709965	1.74928709965	1.74928709965	1.74928709965	1.74928709965	1.74928709965	1.74928709965	
9.05	170.122960042	170.247040044	170.371120046	170.495200048	170.61928005	170.743360052	170.867440054	170.991520056	171.115600058	171.23968006	0.0	0.0	-1.00907706963e-07	-1.95484527154e-07	-3.97608110891e-07	-5.90754436292e-07	-8.92162599154e-07	-1.18492516426e-06	-1.58697855303e-06	-1.97694535813e-06	0.0	-8.13247141544e-07	-7.62224521704e-07	-1.62897792111e-06	-1.55662735542e-06	-2.42914376178e-06	-2.35946615368e-06	-3.2402754854e-06	-3.14286588298e-06	-4.0857563195e-06	197.815103674	198.441085113	199.067066553	199.693047993	200.319029432	200.945010872	201.570992312	202.196973751	202.822955191	203.448936631	-12.9936623498	-13.1065961332	-13.2195299167	-13.3324637002	-13.4453974836	-13.5583312671	-13.6712650505	-13.784198834	-13.8971326175	-14.0100664009	1.74928709965	1.74928709965	1.74928709965	1.74928709965	1.74928709965	1.74928709965	1.74928709965	1.74928709965	1.74928709965	1.74928709965	
9.06666666667	170.122960042	170.247040044	170.371120046	170.495200048	170.61928005	170.743360052	170.867440054	170.991520056	171.115600058	171.23968006	0.0	0.0	-1.00907706963e-07	-1.95484527154e-07	-3.97608110891e-07	-5.90754436292e-07	-8.92162599154e-07	-1.18492516426e-06	-1.58697855303e-06	-1.97694535813e-06	0.0	-8.13247141544e-07	-7.62224521704e-07	-1.62897792111e-06	-1.55662735542e-06	-2.42914376178e-06	-2.35946615368e-06	-3.2402754854e-06	-3.14286588298e-06	-4.0857563195e-06	197.815103674	198.441085113	199.067066553	199.693047993	200.319029432	200.945010872	201.570992312	202.196973751	202.822955191	203.448936631	-12.9936623498	-13.1065961332	-13.2195299167	-13.3324637002	-13.4453974836	-13.5583312671	-13.6712650505	-13.784198834	-13.8971326175	-14.0100664009	1.74928709965	1.74928709965	1.74928709965	1.74928709965	1.74928709965	1.74928709965	1.74928709965	1.74928709965	1.74928709965	1.74928709965	
9.08333333333	170.122960042	170.247040044	170.371120046	170.495200048	170.61928005	170.743360052	170.867440054	170.991520056	171.115600058	171.23968006	0.0	0.0	-1.00907706963e-07	-1.95484527154e-07	-3.97608110891e-07	-5.90754436292e-07	-8.92162599154e-07	-1.18492516426e-06	-1.58697855303e-06	-1.97694535813e-06	0.0	-8.13247141544e-07	-7.62224521704e-07	-1.62897792111e-06	-1.55662735542e-06	-2.42914376178e-06	-2.35946615368e-06	-3.2402754854e-06	-3.14286588298e-06	-4.0857563195e-06	197.815103674	198.441085113	199.067066553	199.693047993	200.319029432	200.945010872	201.570992312	202.196973751	202.822955191	203.448936631	-12.9936623498	-13.1065961332	-13.2195299167	-13.3324637002	-13.4453974836	-13.5583312671	-13.6712650505	-13.784198834	-13.8971326175	-14.0100664009	1.74928709965	1.74928709965	1.74928709965	1.74928709965	1.74928709965	1.74928709965	1.74928709965	1.74928709965	1.74928709965	1.74928709965	
9.1	170.122960042	170.247040044	170.371120046	170.495200048	170.61928005	170.743360052	170.867440054	170.991520056	171.115600058	171.23968006	0.0	0.0	-1.00907706963e-07	-1.95484527154e-07	-3.97608110891e-07	-5.90754436292e-07	-8.92162599154e-07	-1.18492516426e-06	-1.58697855303e-06	-1.97694535813e-06	0.0	-8.13247141544e-07	-7.62224521704e-07	-1.62897792111e-06	-1.55662735542e-06	-2.42914376178e-06	-2.35946615368e-06	-3.2402754854e-06	-3.14286588298e-06	-4.0857563195e-06	197.815103674	198.441085113	199.067066553	199.693047993	200.319029432	200.945010872	201.570992312	202.196973751	202.822955191	203.448936631	-12.9936623498	-13.1065961332	-13.2195299167	-13.3324637002	-13.4453974836	-13.5583312671	-13.6712650505	-13.784198834	-13.8971326175	-14.0100664009	1.74928709965	1.74928709965	1.74928709965	1.74928709965	1.74928709965	1.74928709965	1.74928709965	1.74928709965	1.74928709965	1.74928709965	
9.11666666667	170.122960042	170.247040044	170.371120046	170.495200048	170.61928005	170.743360052	170.867440054	170.991520056	171.115600058	171.23968006	0.0	0.0	-1.00907706963e-07	-1.95484527154e-07	-3.97608110891e-07	-5.90754436292e-07	-8.92162599154e-07	-1.18492516426e-06	-1.58697855303e-06	-1.97694535813e-06	0.0	-8.13247141544e-07	-7.62224521704e-07	-1.62897792111e-06	-1.55662735542e-06	-2.42914376178e-06	-2.35946615368e-06	-3.2402754854e-06	-3.14286588298e-06	-4.0857563195e-06	197.815103674	198.441085113	199.067066553	199.693047993	200.319029432	200.945010872	201.570992312	202.196973751	202.822955191	203.448936631	-12.9936623498	-13.1065961332	-13.2195299167	-13.3324637002	-13.4453974836	-13.5583312671	-13.6712650505	-13.784198834	-13.8971326175	-14.0100664009	1.74928709965	1.74928709965	1.74928709965	1.74928709965	1.74928709965	1.74928709965	1.74928709965	1.74928709965	1.74928709965	1.74928709965	
9.13333333333	170.122960042	170.247040044	170.371120046	170.495200048	170.61928005	170.743360052	170.867440054	170.991520056	171.115600058	171.23968006	0.0	0.0	-1.00907706963e-07	-1.95484527154e-07	-3.97608110891e-07	-5.90754436292e-07	-8.92162599154e-07	-1.18492516426e-06	-1.58697855303e-06	-1.97694535813e-06	0.0	-8.13247141544e-07	-7.62224521704e-07	-1.62897792111e-06	-1.55662735542e-06	-2.42914376178e-06	-2.35946615368e-06	-3.2402754854e-06	-3.14286588298e-06	-4.0857563195e-06	197.815103674	198.441085113	199.067066553	199.693047993	200.319029432	200.945010872	201.570992312	202.196973751	202.822955191	203.448936631	-12.9936623498	-13.1065961332	-13.2195299167	-13.3324637002	-13.4453974836	-13.5583312671	-13.6712650505	-13.784198834	-13.8971326175	-14.0100664009	1.74928709965	1.74928709965	1.74928709965	1.74928709965	1.74928709965	1.74928709965	1.74928709965	1.74928709965	1.74928709965	1.74928709965	
9.15	170.122960042	170.247040044	170.371120046	170.495200048	170.61928005	170.743360052	170.867440054	170.991520056	171.115600058	171.23968006	0.0	0.0	-1.00907706963e-07	-1.95484527154e-07	-3.97608110891e-07	-5.90754436292e-07	-8.92162599154e-07	-1.18492516426e-06	-1.58697855303e-06	-1.97694535813e-06	0.0	-8.13247141544e-07	-7.62224521704e-07	-1.62897792111e-06	-1.55662735542e-06	-2.42914376178e-06	-2.35946615368e-06	-3.2402754854e-06	-3.14286588298e-06	-4.0857563195e-06	197.815103674	198.441085113	199.067066553	199.693047993	200.319029432	200.945010872	201.570992312	202.196973751	202.822955191	203.448936631	-12.9936623498	-13.1065961332	-13.2195299167	-13.3324637002	-13.4453974836	-13.5583312671	-13.6712650505	-13.784198834	-13.8971326175	-14.0100664009	1.74928709965	1.74928709965	1.74928709965	1.74928709965	1.74928709965	1.74928709965	1.74928709965	1.74928709965	1.74928709965	1.74928709965	
9.16666666667	170.122960042	170.247040044	170.371120046	170.495200048	170.61928005	170.743360052	170.867440054	170.991520056	171.115600058	171.23968006	0.0	0.0	-1.00907706963e-07	-1.95484527154e-07	-3.97608110891e-07	-5.90754436292e-07	-8.92162599154e-07	-1.18492516426e-06	-1.58697855303e-06	-1.97694535813e-06	0.0	-8.13247141544e-07	-7.62224521704e-07	-1.62897792111e-06	-1.55662735542e-06	-2.42914376178e-06	-2.35946615368e-06	-3.2402754854e-06	-3.14286588298e-06	-4.0857563195e-06	197.815103674	198.441085113	199.067066553	199.693047993	200.319029432	200.945010872	201.570992312	202.196973751	202.822955191	203.448936631	-12.9936623498	-13.1065961332	-13.2195299167	-13.3324637002	-13.4453974836	-13.5583312671	-13.6712650505	-13.784198834	-13.8971326175	-14.0100664009	1.74928709965	1.74928709965	1.74928709965	1.74928709965	1.74928709965	1.74928709965	1.74928709965	1.74928709965	1.74928709965	1.74928709965	
9.18333333333	170.122960042	170.247040044	170.371120046	170.495200048	170.61928005	170.743360052	170.867440054	170.991520056	171.115600058	171.23968006	0.0	0.0	-1.00907706963e-07	-1.95484527154e-07	-3.97608110891e-07	-5.90754436292e-07	-8.92162599154e-07	-1.18492516426e-06	-1.58697855303e-06	-1.97694535813e-06	0.0	-8.13247141544e-07	-7.62224521704e-07	-1.62897792111e-06	-1.55662735542e-06	-2.42914376178e-06	-2.35946615368e-06	-3.2402754854e-06	-3.14286588298e-06	-4.0857563195e-06	197.815103674	198.441085113	199.067066553	199.693047993	200.319029432	200.945010872	201.570992312	202.196973751	202.822955191	203.448936631	-12.9936623498	-13.1065961332	-13.2195299167	-13.3324637002	-13.4453974836	-13.5583312671	-13.6712650505	-13.784198834	-13.8971326175	-14.0100664009	1.74928709965	1.74928709965	1.74928709965	1.74928709965	1.74928709965	1.74928709965	1.74928709965	1.74928709965	1.74928709965	1.74928709965	
9.2	170.122960042	170.247040044	170.371120046	170.495200048	170.61928005	170.743360052	170.867440054	170.991520056	171.115600058	171.23968006	0.0	0.0	-1.00907706963e-07	-1.95484527154e-07	-3.97608110891e-07	-5.90754436292e-07	-8.92162599154e-07	-1.18492516426e-06	-1.58697855303e-06	-1.97694535813e-06	0.0	-8.13247141544e-07	-7.62224521704e-07	-1.62897792111e-06	-1.55662735542e-06	-2.42914376178e-06	-2.35946615368e-06	-3.2402754854e-06	-3.14286588298e-06	-4.0857563195e-06	197.815103674	198.441085113	199.067066553	199.693047993	200.319029432	200.945010872	201.570992312	202.196973751	202.822955191	203.448936631	-12.9936623498	-13.1065961332	-13.2195299167	-13.3324637002	-13.4453974836	-13.5583312671	-13.6712650505	-13.784198834	-13.8971326175	-14.0100664009	1.74928709965	1.74928709965	1.74928709965	1.74928709965	1.74928709965	1.74928709965	1.74928709965	1.74928709965	1.74928709965	1.74928709965	
9.21666666667	170.122960042	170.247040044	170.371120046	170.495200048	170.61928005	170.743360052	170.867440054	170.991520056	171.115600058	171.23968006	0.0	0.0	-1.00907706963e-07	-1.95484527154e-07	-3.97608110891e-07	-5.90754436292e-07	-8.92162599154e-07	-1.18492516426e-06	-1.58697855303e-06	-1.97694535813e-06	0.0	-8.13247141544e-07	-7.62224521704e-07	-1.62897792111e-06	-1.55662735542e-06	-2.42914376178e-06	-2.35946615368e-06	-3.2402754854e-06	-3.14286588298e-06	-4.0857563195e-06	197.815103674	198.441085113	199.067066553	199.693047993	200.319029432	200.945010872	201.570992312	202.196973751	202.822955191	203.448936631	-12.9936623498	-13.1065961332	-13.2195299167	-13.3324637002	-13.4453974836	-13.5583312671	-13.6712650505	-13.784198834	-13.8971326175	-14.0100664009	1.74928709965	1.74928709965	1.74928709965	1.74928709965	1.74928709965	1.74928709965	1.74928709965	1.74928709965	1.74928709965	1.74928709965	
9.23333333333	170.122960042	170.247040044	170.371120046	170.495200048	170.61928005	170.743360052	170.867440054	170.991520056	171.115600058	171.23968006	0.0	0.0	-1.00907706963e-07	-1.95484527154e-07	-3.97608110891e-07	-5.90754436292e-07	-8.92162599154e-07	-1.18492516426e-06	-1.58697855303e-06	-1.97694535813e-06	0.0	-8.13247141544e-07	-7.62224521704e-07	-1.62897792111e-06	-1.55662735542e-06	-2.42914376178e-06	-2.35946615368e-06	-3.2402754854e-06	-3.14286588298e-06	-4.0857563195e-06	197.815103674	198.441085113	199.067066553	199.693047993	200.319029432	200.945010872	201.570992312	202.196973751	202.822955191	203.448936631	-12.9936623498	-13.1065961332	-13.2195299167	-13.3324637002	-13.4453974836	-13.5583312671	-13.6712650505	-13.784198834	-13.8971326175	-14.0100664009	1.74928709965	1.74928709965	1.74928709965	1.74928709965	1.74928709965	1.74928709965	1.74928709965	1.74928709965	1.74928709965	1.74928709965	
9.25	170.122960042	170.247040044	170.371120046	170.495200048	170.61928005	170.743360052	170.867440054	170.991520056	171.115600058	171.23968006	0.0	0.0	-1.00907706963e-07	-1.95484527154e-07	-3.97608110891e-07	-5.90754436292e-07	-8.92162599154e-07	-1.18492516426e-06	-1.58697855303e-06	-1.97694535813e-06	0.0	-8.13247141544e-07	-7.62224521704e-07	-1.62897792111e-06	-1.55662735542e-06	-2.42914376178e-06	-2.35946615368e-06	-3.2402754854e-06	-3.14286588298e-06	-4.0857563195e-06	197.815103674	198.441085113	199.067066553	199.693047993	200.319029432	200.945010872	201.570992312	202.196973751	202.822955191	203.448936631	-12.9936623498	-13.1065961332	-13.2195299167	-13.3324637002	-13.4453974836	-13.5583312671	-13.6712650505	-13.784198834	-13.8971326175	-14.0100664009	1.74928709965	1.74928709965	1.74928709965	1.74928709965	1.74928709965	1.74928709965	1.74928709965	1.74928709965	1.74928709965	1.74928709965	
9.26666666667	170.122960042	170.247040044	170.371120046	170.495200048	170.61928005	170.743360052	170.867440054	170.991520056	171.115600058	171.23968006	0.0	0.0	-1.00907706963e-07	-1.95484527154e-07	-3.97608110891e-07	-5.90754436292e-07	-8.92162599154e-07	-1.18492516426e-06	-1.58697855303e-06	-1.97694535813e-06	0.0	-8.13247141544e-07	-7.62224521704e-07	-1.62897792111e-06	-1.55662735542e-06	-2.42914376178e-06	-2.35946615368e-06	-3.2402754854e-06	-3.14286588298e-06	-4.0857563195e-06	197.815103674	198.441085113	199.067066553	199.693047993	200.319029432	200.945010872	201.570992312	202.196973751	202.822955191	203.448936631	-12.9936623498	-13.1065961332	-13.2195299167	-13.3324637002	-13.4453974836	-13.5583312671	-13.6712650505	-13.784198834	-13.8971326175	-14.0100664009	1.74928709965	1.74928709965	1.74928709965	1.74928709965	1.74928709965	1.74928709965	1.74928709965	1.74928709965	1.74928709965	1.74928709965	
9.28333333333	170.122960042	170.247040044	170.371120046	170.495200048	170.61928005	170.743360052	170.867440054	170.991520056	171.115600058	171.23968006	0.0	0.0	-1.00907706963e-07	-1.95484527154e-07	-3.97608110891e-07	-5.90754436292e-07	-8.92162599154e-07	-1.18492516426e-06	-1.58697855303e-06	-1.97694535813e-06	0.0	-8.13247141544e-07	-7.62224521704e-07	-1.62897792111e-06	-1.55662735542e-06	-2.42914376178e-06	-2.35946615368e-06	-3.2402754854e-06	-3.14286588298e-06	-4.0857563195e-06	197.815103674	198.441085113	199.067066553	199.693047993	200.319029432	200.945010872	201.570992312	202.196973751	202.822955191	203.448936631	-12.9936623498	-13.1065961332	-13.2195299167	-13.3324637002	-13.4453974836	-13.5583312671	-13.6712650505	-13.784198834	-13.8971326175	-14.0100664009	1.74928709965	1.74928709965	1.74928709965	1.74928709965	1.74928709965	1.74928709965	1.74928709965	1.74928709965	1.74928709965	1.74928709965	
9.3	170.122960042	170.247040044	170.371120046	170.495200048	170.61928005	170.743360052	170.867440054	170.991520056	171.115600058	171.23968006	0.0	0.0	-1.00907706963e-07	-1.95484527154e-07	-3.97608110891e-07	-5.90754436292e-07	-8.92162599154e-07	-1.18492516426e-06	-1.58697855303e-06	-1.97694535813e-06	0.0	-8.13247141544e-07	-7.62224521704e-07	-1.62897792111e-06	-1.55662735542e-06	-2.42914376178e-06	-2.35946615368e-06	-3.2402754854e-06	-3.14286588298e-06	-4.0857563195e-06	197.815103674	198.441085113	199.067066553	199.693047993	200.319029432	200.945010872	201.570992312	202.196973751	202.822955191	203.448936631	-12.9936623498	-13.1065961332	-13.2195299167	-13.3324637002	-13.4453974836	-13.5583312671	-13.6712650505	-13.784198834	-13.8971326175	-14.0100664009	1.74928709965	1.74928709965	1.74928709965	1.74928709965	1.74928709965	1.74928709965	1.74928709965	1.74928709965	1.74928709965	1.74928709965	
9.31666666667	170.122960042	170.247040044	170.371120046	170.495200048	170.61928005	170.743360052	170.867440054	170.991520056	171.115600058	171.23968006	0.0	0.0	-1.00907706963e-07	-1.95484527154e-07	-3.97608110891e-07	-5.90754436292e-07	-8.92162599154e-07	-1.18492516426e-06	-1.58697855303e-06	-1.97694535813e-06	0.0	-8.13247141544e-07	-7.62224521704e-07	-1.62897792111e-06	-1.55662735542e-06	-2.42914376178e-06	-2.35946615368e-06	-3.2402754854e-06	-3.14286588298e-06	-4.0857563195e-06	197.815103674	198.441085113	199.067066553	199.693047993	200.319029432	200.945010872	201.570992312	202.196973751	202.822955191	203.448936631	-12.9936623498	-13.1065961332	-13.2195299167	-13.3324637002	-13.4453974836	-13.5583312671	-13.6712650505	-13.784198834	-13.8971326175	-14.0100664009	1.74928709965	1.74928709965	1.74928709965	1.74928709965	1.74928709965	1.74928709965	1.74928709965	1.74928709965	1.74928709965	1.74928709965	
9.33333333333	170.122960042	170.247040044	170.371120046	170.495200048	170.61928005	170.743360052	170.867440054	170.991520056	171.115600058	171.23968006	0.0	0.0	-1.00907706963e-07	-1.95484527154e-07	-3.97608110891e-07	-5.90754436292e-07	-8.92162599154e-07	-1.18492516426e-06	-1.58697855303e-06	-1.97694535813e-06	0.0	-8.13247141544e-07	-7.62224521704e-07	-1.62897792111e-06	-1.55662735542e-06	-2.42914376178e-06	-2.35946615368e-06	-3.2402754854e-06	-3.14286588298e-06	-4.0857563195e-06	197.815103674	198.441085113	199.067066553	199.693047993	200.319029432	200.945010872	201.570992312	202.196973751	202.822955191	203.448936631	-12.9936623498	-13.1065961332	-13.2195299167	-13.3324637002	-13.4453974836	-13.5583312671	-13.6712650505	-13.784198834	-13.8971326175	-14.0100664009	1.74928709965	1.74928709965	1.74928709965	1.74928709965	1.74928709965	1.74928709965	1.74928709965	1.74928709965	1.74928709965	1.74928709965	
9.35	170.122960042	170.247040044	170.371120046	170.495200048	170.61928005	170.743360052	170.867440054	170.991520056	171.115600058	171.23968006	0.0	0.0	-1.00907706963e-07	-1.95484527154e-07	-3.97608110891e-07	-5.90754436292e-07	-8.92162599154e-07	-1.18492516426e-06	-1.58697855303e-06	-1.97694535813e-06	0.0	-8.13247141544e-07	-7.62224521704e-07	-1.62897792111e-06	-1.55662735542e-06	-2.42914376178e-06	-2.35946615368e-06	-3.2402754854e-06	-3.14286588298e-06	-4.0857563195e-06	197.815103674	198.441085113	199.067066553	199.693047993	200.319029432	200.945010872	201.570992312	202.196973751	202.822955191	203.448936631	-12.9936623498	-13.1065961332	-13.2195299167	-13.3324637002	-13.4453974836	-13.5583312671	-13.6712650505	-13.784198834	-13.8971326175	-14.0100664009	1.74928709965	1.74928709965	1.74928709965	1.74928709965	1.74928709965	1.74928709965	1.74928709965	1.74928709965	1.74928709965	1.74928709965	
9.36666666667	170.122960042	170.247040044	170.371120046	170.495200048	170.61928005	170.743360052	170.867440054	170.991520056	171.115600058	171.23968006	0.0	0.0	-1.00907706963e-07	-1.95484527154e-07	-3.97608110891e-07	-5.90754436292e-07	-8.92162599154e-07	-1.18492516426e-06	-1.58697855303e-06	-1.97694535813e-06	0.0	-8.13247141544e-07	-7.62224521704e-07	-1.62897792111e-06	-1.55662735542e-06	-2.42914376178e-06	-2.35946615368e-06	-3.2402754854e-06	-3.14286588298e-06	-4.0857563195e-06	197.815103674	198.441085113	199.067066553	199.693047993	200.319029432	200.945010872	201.570992312	202.196973751	202.822955191	203.448936631	-12.9936623498	-13.1065961332	-13.2195299167	-13.3324637002	-13.4453974836	-13.5583312671	-13.6712650505	-13.784198834	-13.8971326175	-14.0100664009	1.74928709965	1.74928709965	1.74928709965	1.74928709965	1.74928709965	1.74928709965	1.74928709965	1.74928709965	1.74928709965	1.74928709965	
9.38333333333	170.122960042	170.247040044	170.371120046	170.495200048	170.61928005	170.743360052	170.867440054	170.991520056	171.115600058	171.23968006	0.0	0.0	-1.00907706963e-07	-1.95484527154e-07	-3.97608110891e-07	-5.90754436292e-07	-8.92162599154e-07	-1.18492516426e-06	-1.58697855303e-06	-1.97694535813e-06	0.0	-8.13247141544e-07	-7.62224521704e-07	-1.62897792111e-06	-1.55662735542e-06	-2.42914376178e-06	-2.35946615368e-06	-3.2402754854e-06	-3.14286588298e-06	-4.0857563195e-06	197.815103674	198.441085113	199.067066553	199.693047993	200.319029432	200.945010872	201.570992312	202.196973751	202.822955191	203.448936631	-12.9936623498	-13.1065961332	-13.2195299167	-13.3324637002	-13.4453974836	-13.5583312671	-13.6712650505	-13.784198834	-13.8971326175	-14.0100664009	1.74928709965	1.74928709965	1.74928709965	1.74928709965	1.74928709965	1.74928709965	1.74928709965	1.74928709965	1.74928709965	1.74928709965	
9.4	170.122960042	170.247040044	170.371120046	170.495200048	170.61928005	170.743360052	170.867440054	170.991520056	171.115600058	171.23968006	0.0	0.0	-1.00907706963e-07	-1.95484527154e-07	-3.97608110891e-07	-5.90754436292e-07	-8.92162599154e-07	-1.18492516426e-06	-1.58697855303e-06	-1.97694535813e-06	0.0	-8.13247141544e-07	-7.62224521704e-07	-1.62897792111e-06	-1.55662735542e-06	-2.42914376178e-06	-2.35946615368e-06	-3.2402754854e-06	-3.14286588298e-06	-4.0857563195e-06	197.815103674	198.441085113	199.067066553	199.693047993	200.319029432	200.945010872	201.570992312	202.196973751	202.822955191	203.448936631	-12.9936623498	-13.1065961332	-13.2195299167	-13.3324637002	-13.4453974836	-13.5583312671	-13.6712650505	-13.784198834	-13.8971326175	-14.0100664009	1.74928709965	1.74928709965	1.74928709965	1.74928709965	1.74928709965	1.74928709965	1.74928709965	1.74928709965	1.74928709965	1.74928709965	
9.41666666667	170.122960042	170.247040044	170.371120046	170.495200048	170.61928005	170.743360052	170.867440054	170.991520056	171.115600058	171.23968006	0.0	0.0	-1.00907706963e-07	-1.95484527154e-07	-3.97608110891e-07	-5.90754436292e-07	-8.92162599154e-07	-1.18492516426e-06	-1.58697855303e-06	-1.97694535813e-06	0.0	-8.13247141544e-07	-7.62224521704e-07	-1.62897792111e-06	-1.55662735542e-06	-2.42914376178e-06	-2.35946615368e-06	-3.2402754854e-06	-3.14286588298e-06	-4.0857563195e-06	197.815103674	198.441085113	199.067066553	199.693047993	200.319029432	200.945010872	201.570992312	202.196973751	202.822955191	203.448936631	-12.9936623498	-13.1065961332	-13.2195299167	-13.3324637002	-13.4453974836	-13.5583312671	-13.6712650505	-13.784198834	-13.8971326175	-14.0100664009	1.74928709965	1.74928709965	1.74928709965	1.74928709965	1.74928709965	1.74928709965	1.74928709965	1.74928709965	1.74928709965	1.74928709965	
9.43333333333	170.122960042	170.247040044	170.371120046	170.495200048	170.61928005	170.743360052	170.867440054	170.991520056	171.115600058	171.23968006	0.0	0.0	-1.00907706963e-07	-1.95484527154e-07	-3.97608110891e-07	-5.90754436292e-07	-8.92162599154e-07	-1.18492516426e-06	-1.58697855303e-06	-1.97694535813e-06	0.0	-8.13247141544e-07	-7.62224521704e-07	-1.62897792111e-06	-1.55662735542e-06	-2.42914376178e-06	-2.35946615368e-06	-3.2402754854e-06	-3.14286588298e-06	-4.0857563195e-06	197.815103674	198.441085113	199.067066553	199.693047993	200.319029432	200.945010872	201.570992312	202.196973751	202.822955191	203.448936631	-12.9936623498	-13.1065961332	-13.2195299167	-13.3324637002	-13.4453974836	-13.5583312671	-13.6712650505	-13.784198834	-13.8971326175	-14.0100664009	1.74928709965	1.74928709965	1.74928709965	1.74928709965	1.74928709965	1.74928709965	1.74928709965	1.74928709965	1.74928709965	1.74928709965	
9.45	170.122960042	170.247040044	170.371120046	170.495200048	170.61928005	170.743360052	170.867440054	170.991520056	171.115600058	171.23968006	0.0	0.0	-1.00907706963e-07	-1.95484527154e-07	-3.97608110891e-07	-5.90754436292e-07	-8.92162599154e-07	-1.18492516426e-06	-1.58697855303e-06	-1.97694535813e-06	0.0	-8.13247141544e-07	-7.62224521704e-07	-1.62897792111e-06	-1.55662735542e-06	-2.42914376178e-06	-2.35946615368e-06	-3.2402754854e-06	-3.14286588298e-06	-4.0857563195e-06	197.815103674	198.441085113	199.067066553	199.693047993	200.319029432	200.945010872	201.570992312	202.196973751	202.822955191	203.448936631	-12.9936623498	-13.1065961332	-13.2195299167	-13.3324637002	-13.4453974836	-13.5583312671	-13.6712650505	-13.784198834	-13.8971326175	-14.0100664009	1.74928709965	1.74928709965	1.74928709965	1.74928709965	1.74928709965	1.74928709965	1.74928709965	1.74928709965	1.74928709965	1.74928709965	
9.46666666667	170.122960042	170.247040044	170.371120046	170.495200048	170.61928005	170.743360052	170.867440054	170.991520056	171.115600058	171.23968006	0.0	0.0	-1.00907706963e-07	-1.95484527154e-07	-3.97608110891e-07	-5.90754436292e-07	-8.92162599154e-07	-1.18492516426e-06	-1.58697855303e-06	-1.97694535813e-06	0.0	-8.13247141544e-07	-7.62224521704e-07	-1.62897792111e-06	-1.55662735542e-06	-2.42914376178e-06	-2.35946615368e-06	-3.2402754854e-06	-3.14286588298e-06	-4.0857563195e-06	197.815103674	198.441085113	199.067066553	199.693047993	200.319029432	200.945010872	201.570992312	202.196973751	202.822955191	203.448936631	-12.9936623498	-13.1065961332	-13.2195299167	-13.3324637002	-13.4453974836	-13.5583312671	-13.6712650505	-13.784198834	-13.8971326175	-14.0100664009	1.74928709965	1.74928709965	1.74928709965	1.74928709965	1.74928709965	1.74928709965	1.74928709965	1.74928709965	1.74928709965	1.74928709965	
9.48333333333	170.122960042	170.247040044	170.371120046	170.495200048	170.61928005	170.743360052	170.867440054	170.991520056	171.115600058	171.23968006	0.0	0.0	-1.00907706963e-07	-1.95484527154e-07	-3.97608110891e-07	-5.90754436292e-07	-8.92162599154e-07	-1.18492516426e-06	-1.58697855303e-06	-1.97694535813e-06	0.0	-8.13247141544e-07	-7.62224521704e-07	-1.62897792111e-06	-1.55662735542e-06	-2.42914376178e-06	-2.35946615368e-06	-3.2402754854e-06	-3.14286588298e-06	-4.0857563195e-06	197.815103674	198.441085113	199.067066553	199.693047993	200.319029432	200.945010872	201.570992312	202.196973751	202.822955191	203.448936631	-12.9936623498	-13.1065961332	-13.2195299167	-13.3324637002	-13.4453974836	-13.5583312671	-13.6712650505	-13.784198834	-13.8971326175	-14.0100664009	1.74928709965	1.74928709965	1.74928709965	1.74928709965	1.74928709965	1.74928709965	1.74928709965	1.74928709965	1.74928709965	1.74928709965	
9.5	170.122960042	170.247040044	170.371120046	170.495200048	170.61928005	170.743360052	170.867440054	170.991520056	171.115600058	171.23968006	0.0	0.0	-1.00907706963e-07	-1.95484527154e-07	-3.97608110891e-07	-5.90754436292e-07	-8.92162599154e-07	-1.18492516426e-06	-1.58697855303e-06	-1.97694535813e-06	0.0	-8.13247141544e-07	-7.62224521704e-07	-1.62897792111e-06	-1.55662735542e-06	-2.42914376178e-06	-2.35946615368e-06	-3.2402754854e-06	-3.14286588298e-06	-4.0857563195e-06	197.815103674	198.441085113	199.067066553	199.693047993	200.319029432	200.945010872	201.570992312	202.196973751	202.822955191	203.448936631	-12.9936623498	-13.1065961332	-13.2195299167	-13.3324637002	-13.4453974836	-13.5583312671	-13.6712650505	-13.784198834	-13.8971326175	-14.0100664009	1.74928709965	1.74928709965	1.74928709965	1.74928709965	1.74928709965	1.74928709965	1.74928709965	1.74928709965	1.74928709965	1.74928709965	
9.51666666667	170.122960042	170.247040044	170.371120046	170.495200048	170.61928005	170.743360052	170.867440054	170.991520056	171.115600058	171.23968006	0.0	0.0	-1.00907706963e-07	-1.95484527154e-07	-3.97608110891e-07	-5.90754436292e-07	-8.92162599154e-07	-1.18492516426e-06	-1.58697855303e-06	-1.97694535813e-06	0.0	-8.13247141544e-07	-7.62224521704e-07	-1.62897792111e-06	-1.55662735542e-06	-2.42914376178e-06	-2.35946615368e-06	-3.2402754854e-06	-3.14286588298e-06	-4.0857563195e-06	197.815103674	198.441085113	199.067066553	199.693047993	200.319029432	200.945010872	201.570992312	202.196973751	202.822955191	203.448936631	-12.9936623498	-13.1065961332	-13.2195299167	-13.3324637002	-13.4453974836	-13.5583312671	-13.6712650505	-13.784198834	-13.8971326175	-14.0100664009	1.74928709965	1.74928709965	1.74928709965	1.74928709965	1.74928709965	1.74928709965	1.74928709965	1.74928709965	1.74928709965	1.74928709965	
9.53333333333	170.122960042	170.247040044	170.371120046	170.495200048	170.61928005	170.743360052	170.867440054	170.991520056	171.115600058	171.23968006	0.0	0.0	-1.00907706963e-07	-1.95484527154e-07	-3.97608110891e-07	-5.90754436292e-07	-8.92162599154e-07	-1.18492516426e-06	-1.58697855303e-06	-1.97694535813e-06	0.0	-8.13247141544e-07	-7.62224521704e-07	-1.62897792111e-06	-1.55662735542e-06	-2.42914376178e-06	-2.35946615368e-06	-3.2402754854e-06	-3.14286588298e-06	-4.0857563195e-06	197.815103674	198.441085113	199.067066553	199.693047993	200.319029432	200.945010872	201.570992312	202.196973751	202.822955191	203.448936631	-12.9936623498	-13.1065961332	-13.2195299167	-13.3324637002	-13.4453974836	-13.5583312671	-13.6712650505	-13.784198834	-13.8971326175	-14.0100664009	1.74928709965	1.74928709965	1.74928709965	1.74928709965	1.74928709965	1.74928709965	1.74928709965	1.74928709965	1.74928709965	1.74928709965	
9.55	170.122960042	170.247040044	170.371120046	170.495200048	170.61928005	170.743360052	170.867440054	170.991520056	171.115600058	171.23968006	0.0	0.0	-1.00907706963e-07	-1.95484527154e-07	-3.97608110891e-07	-5.90754436292e-07	-8.92162599154e-07	-1.18492516426e-06	-1.58697855303e-06	-1.97694535813e-06	0.0	-8.13247141544e-07	-7.62224521704e-07	-1.62897792111e-06	-1.55662735542e-06	-2.42914376178e-06	-2.35946615368e-06	-3.2402754854e-06	-3.14286588298e-06	-4.0857563195e-06	197.815103674	198.441085113	199.067066553	199.693047993	200.319029432	200.945010872	201.570992312	202.196973751	202.822955191	203.448936631	-12.9936623498	-13.1065961332	-13.2195299167	-13.3324637002	-13.4453974836	-13.5583312671	-13.6712650505	-13.784198834	-13.8971326175	-14.0100664009	1.74928709965	1.74928709965	1.74928709965	1.74928709965	1.74928709965	1.74928709965	1.74928709965	1.74928709965	1.74928709965	1.74928709965	
9.56666666667	170.122960042	170.247040044	170.371120046	170.495200048	170.61928005	170.743360052	170.867440054	170.991520056	171.115600058	171.23968006	0.0	0.0	-1.00907706963e-07	-1.95484527154e-07	-3.97608110891e-07	-5.90754436292e-07	-8.92162599154e-07	-1.18492516426e-06	-1.58697855303e-06	-1.97694535813e-06	0.0	-8.13247141544e-07	-7.62224521704e-07	-1.62897792111e-06	-1.55662735542e-06	-2.42914376178e-06	-2.35946615368e-06	-3.2402754854e-06	-3.14286588298e-06	-4.0857563195e-06	197.815103674	198.441085113	199.067066553	199.693047993	200.319029432	200.945010872	201.570992312	202.196973751	202.822955191	203.448936631	-12.9936623498	-13.1065961332	-13.2195299167	-13.3324637002	-13.4453974836	-13.5583312671	-13.6712650505	-13.784198834	-13.8971326175	-14.0100664009	1.74928709965	1.74928709965	1.74928709965	1.74928709965	1.74928709965	1.74928709965	1.74928709965	1.74928709965	1.74928709965	1.74928709965	
9.58333333333	170.122960042	170.247040044	170.371120046	170.495200048	170.61928005	170.743360052	170.867440054	170.991520056	171.115600058	171.23968006	0.0	0.0	-1.00907706963e-07	-1.95484527154e-07	-3.97608110891e-07	-5.90754436292e-07	-8.92162599154e-07	-1.18492516426e-06	-1.58697855303e-06	-1.97694535813e-06	0.0	-8.13247141544e-07	-7.62224521704e-07	-1.62897792111e-06	-1.55662735542e-06	-2.42914376178e-06	-2.35946615368e-06	-3.2402754854e-06	-3.14286588298e-06	-4.0857563195e-06	197.815103674	198.441085113	199.067066553	199.693047993	200.319029432	200.945010872	201.570992312	202.196973751	202.822955191	203.448936631	-12.9936623498	-13.1065961332	-13.2195299167	-13.3324637002	-13.4453974836	-13.5583312671	-13.6712650505	-13.784198834	-13.8971326175	-14.0100664009	1.74928709965	1.74928709965	1.74928709965	1.74928709965	1.74928709965	1.74928709965	1.74928709965	1.74928709965	1.74928709965	1.74928709965	
9.6	170.122960042	170.247040044	170.371120046	170.495200048	170.61928005	170.743360052	170.867440054	170.991520056	171.115600058	171.23968006	0.0	0.0	-1.00907706963e-07	-1.95484527154e-07	-3.97608110891e-07	-5.90754436292e-07	-8.92162599154e-07	-1.18492516426e-06	-1.58697855303e-06	-1.97694535813e-06	0.0	-8.13247141544e-07	-7.62224521704e-07	-1.62897792111e-06	-1.55662735542e-06	-2.42914376178e-06	-2.35946615368e-06	-3.2402754854e-06	-3.14286588298e-06	-4.0857563195e-06	197.815103674	198.441085113	199.067066553	199.693047993	200.319029432	200.945010872	201.570992312	202.196973751	202.822955191	203.448936631	-12.9936623498	-13.1065961332	-13.2195299167	-13.3324637002	-13.4453974836	-13.5583312671	-13.6712650505	-13.784198834	-13.8971326175	-14.0100664009	1.74928709965	1.74928709965	1.74928709965	1.74928709965	1.74928709965	1.74928709965	1.74928709965	1.74928709965	1.74928709965	1.74928709965	
9.61666666667	170.122960042	170.247040044	170.371120046	170.495200048	170.61928005	170.743360052	170.867440054	170.991520056	171.115600058	171.23968006	0.0	0.0	-1.00907706963e-07	-1.95484527154e-07	-3.97608110891e-07	-5.90754436292e-07	-8.92162599154e-07	-1.18492516426e-06	-1.58697855303e-06	-1.97694535813e-06	0.0	-8.13247141544e-07	-7.62224521704e-07	-1.62897792111e-06	-1.55662735542e-06	-2.42914376178e-06	-2.35946615368e-06	-3.2402754854e-06	-3.14286588298e-06	-4.0857563195e-06	197.815103674	198.441085113	199.067066553	199.693047993	200.319029432	200.945010872	201.570992312	202.196973751	202.822955191	203.448936631	-12.9936623498	-13.1065961332	-13.2195299167	-13.3324637002	-13.4453974836	-13.5583312671	-13.6712650505	-13.784198834	-13.8971326175	-14.0100664009	1.74928709965	1.74928709965	1.74928709965	1.74928709965	1.74928709965	1.74928709965	1.74928709965	1.74928709965	1.74928709965	1.74928709965	
9.63333333333	170.122960042	170.247040044	170.371120046	170.495200048	170.61928005	170.743360052	170.867440054	170.991520056	171.115600058	171.23968006	0.0	0.0	-1.00907706963e-07	-1.95484527154e-07	-3.97608110891e-07	-5.90754436292e-07	-8.92162599154e-07	-1.18492516426e-06	-1.58697855303e-06	-1.97694535813e-06	0.0	-8.13247141544e-07	-7.62224521704e-07	-1.62897792111e-06	-1.55662735542e-06	-2.42914376178e-06	-2.35946615368e-06	-3.2402754854e-06	-3.14286588298e-06	-4.0857563195e-06	197.815103674	198.441085113	199.067066553	199.693047993	200.319029432	200.945010872	201.570992312	202.196973751	202.822955191	203.448936631	-12.9936623498	-13.1065961332	-13.2195299167	-13.3324637002	-13.4453974836	-13.5583312671	-13.6712650505	-13.784198834	-13.8971326175	-14.0100664009	1.74928709965	1.74928709965	1.74928709965	1.74928709965	1.74928709965	1.74928709965	1.74928709965	1.74928709965	1.74928709965	1.74928709965	
9.65	170.122960042	170.247040044	170.371120046	170.495200048	170.61928005	170.743360052	170.867440054	170.991520056	171.115600058	171.23968006	0.0	0.0	-1.00907706963e-07	-1.95484527154e-07	-3.97608110891e-07	-5.90754436292e-07	-8.92162599154e-07	-1.18492516426e-06	-1.58697855303e-06	-1.97694535813e-06	0.0	-8.13247141544e-07	-7.62224521704e-07	-1.62897792111e-06	-1.55662735542e-06	-2.42914376178e-06	-2.35946615368e-06	-3.2402754854e-06	-3.14286588298e-06	-4.0857563195e-06	197.815103674	198.441085113	199.067066553	199.693047993	200.319029432	200.945010872	201.570992312	202.196973751	202.822955191	203.448936631	-12.9936623498	-13.1065961332	-13.2195299167	-13.3324637002	-13.4453974836	-13.5583312671	-13.6712650505	-13.784198834	-13.8971326175	-14.0100664009	1.74928709965	1.74928709965	1.74928709965	1.74928709965	1.74928709965	1.74928709965	1.74928709965	1.74928709965	1.74928709965	1.74928709965	
9.66666666667	170.122960042	170.247040044	170.371120046	170.495200048	170.61928005	170.743360052	170.867440054	170.991520056	171.115600058	171.23968006	0.0	0.0	-1.00907706963e-07	-1.95484527154e-07	-3.97608110891e-07	-5.90754436292e-07	-8.92162599154e-07	-1.18492516426e-06	-1.58697855303e-06	-1.97694535813e-06	0.0	-8.13247141544e-07	-7.62224521704e-07	-1.62897792111e-06	-1.55662735542e-06	-2.42914376178e-06	-2.35946615368e-06	-3.2402754854e-06	-3.14286588298e-06	-4.0857563195e-06	197.815103674	198.441085113	199.067066553	199.693047993	200.319029432	200.945010872	201.570992312	202.196973751	202.822955191	203.448936631	-12.9936623498	-13.1065961332	-13.2195299167	-13.3324637002	-13.4453974836	-13.5583312671	-13.6712650505	-13.784198834	-13.8971326175	-14.0100664009	1.74928709965	1.74928709965	1.74928709965	1.74928709965	1.74928709965	1.74928709965	1.74928709965	1.74928709965	1.74928709965	1.74928709965	
9.68333333333	170.122960042	170.247040044	170.371120046	170.495200048	170.61928005	170.743360052	170.867440054	170.991520056	171.115600058	171.23968006	0.0	0.0	-1.00907706963e-07	-1.95484527154e-07	-3.97608110891e-07	-5.90754436292e-07	-8.92162599154e-07	-1.18492516426e-06	-1.58697855303e-06	-1.97694535813e-06	0.0	-8.13247141544e-07	-7.62224521704e-07	-1.62897792111e-06	-1.55662735542e-06	-2.42914376178e-06	-2.35946615368e-06	-3.2402754854e-06	-3.14286588298e-06	-4.0857563195e-06	197.815103674	198.441085113	199.067066553	199.693047993	200.319029432	200.945010872	201.570992312	202.196973751	202.822955191	203.448936631	-12.9936623498	-13.1065961332	-13.2195299167	-13.3324637002	-13.4453974836	-13.5583312671	-13.6712650505	-13.784198834	-13.8971326175	-14.0100664009	1.74928709965	1.74928709965	1.74928709965	1.74928709965	1.74928709965	1.74928709965	1.74928709965	1.74928709965	1.74928709965	1.74928709965	
9.7	170.122960042	170.247040044	170.371120046	170.495200048	170.61928005	170.743360052	170.867440054	170.991520056	171.115600058	171.23968006	0.0	0.0	-1.00907706963e-07	-1.95484527154e-07	-3.97608110891e-07	-5.90754436292e-07	-8.92162599154e-07	-1.18492516426e-06	-1.58697855303e-06	-1.97694535813e-06	0.0	-8.13247141544e-07	-7.62224521704e-07	-1.62897792111e-06	-1.55662735542e-06	-2.42914376178e-06	-2.35946615368e-06	-3.2402754854e-06	-3.14286588298e-06	-4.0857563195e-06	197.815103674	198.441085113	199.067066553	199.693047993	200.319029432	200.945010872	201.570992312	202.196973751	202.822955191	203.448936631	-12.9936623498	-13.1065961332	-13.2195299167	-13.3324637002	-13.4453974836	-13.5583312671	-13.6712650505	-13.784198834	-13.8971326175	-14.0100664009	1.74928709965	1.74928709965	1.74928709965	1.74928709965	1.74928709965	1.74928709965	1.74928709965	1.74928709965	1.74928709965	1.74928709965	
9.71666666667	170.122960042	170.247040044	170.371120046	170.495200048	170.61928005	170.743360052	170.867440054	170.991520056	171.115600058	171.23968006	0.0	0.0	-1.00907706963e-07	-1.95484527154e-07	-3.97608110891e-07	-5.90754436292e-07	-8.92162599154e-07	-1.18492516426e-06	-1.58697855303e-06	-1.97694535813e-06	0.0	-8.13247141544e-07	-7.62224521704e-07	-1.62897792111e-06	-1.55662735542e-06	-2.42914376178e-06	-2.35946615368e-06	-3.2402754854e-06	-3.14286588298e-06	-4.0857563195e-06	197.815103674	198.441085113	199.067066553	199.693047993	200.319029432	200.945010872	201.570992312	202.196973751	202.822955191	203.448936631	-12.9936623498	-13.1065961332	-13.2195299167	-13.3324637002	-13.4453974836	-13.5583312671	-13.6712650505	-13.784198834	-13.8971326175	-14.0100664009	1.74928709965	1.74928709965	1.74928709965	1.74928709965	1.74928709965	1.74928709965	1.74928709965	1.74928709965	1.74928709965	1.74928709965	
9.73333333333	170.122960042	170.247040044	170.371120046	170.495200048	170.61928005	170.743360052	170.867440054	170.991520056	171.115600058	171.23968006	0.0	0.0	-1.00907706963e-07	-1.95484527154e-07	-3.97608110891e-07	-5.90754436292e-07	-8.92162599154e-07	-1.18492516426e-06	-1.58697855303e-06	-1.97694535813e-06	0.0	-8.13247141544e-07	-7.62224521704e-07	-1.62897792111e-06	-1.55662735542e-06	-2.42914376178e-06	-2.35946615368e-06	-3.2402754854e-06	-3.14286588298e-06	-4.0857563195e-06	197.815103674	198.441085113	199.067066553	199.693047993	200.319029432	200.945010872	201.570992312	202.196973751	202.822955191	203.448936631	-12.9936623498	-13.1065961332	-13.2195299167	-13.3324637002	-13.4453974836	-13.5583312671	-13.6712650505	-13.784198834	-13.8971326175	-14.0100664009	1.74928709965	1.74928709965	1.74928709965	1.74928709965	1.74928709965	1.74928709965	1.74928709965	1.74928709965	1.74928709965	1.74928709965	
9.75	170.122960042	170.247040044	170.371120046	170.495200048	170.61928005	170.743360052	170.867440054	170.991520056	171.115600058	171.23968006	0.0	0.0	-1.00907706963e-07	-1.95484527154e-07	-3.97608110891e-07	-5.90754436292e-07	-8.92162599154e-07	-1.18492516426e-06	-1.58697855303e-06	-1.97694535813e-06	0.0	-8.13247141544e-07	-7.62224521704e-07	-1.62897792111e-06	-1.55662735542e-06	-2.42914376178e-06	-2.35946615368e-06	-3.2402754854e-06	-3.14286588298e-06	-4.0857563195e-06	197.815103674	198.441085113	199.067066553	199.693047993	200.319029432	200.945010872	201.570992312	202.196973751	202.822955191	203.448936631	-12.9936623498	-13.1065961332	-13.2195299167	-13.3324637002	-13.4453974836	-13.5583312671	-13.6712650505	-13.784198834	-13.8971326175	-14.0100664009	1.74928709965	1.74928709965	1.74928709965	1.74928709965	1.74928709965	1.74928709965	1.74928709965	1.74928709965	1.74928709965	1.74928709965	
9.76666666667	170.122960042	170.247040044	170.371120046	170.495200048	170.61928005	170.743360052	170.867440054	170.991520056	171.115600058	171.23968006	0.0	0.0	-1.00907706963e-07	-1.95484527154e-07	-3.97608110891e-07	-5.90754436292e-07	-8.92162599154e-07	-1.18492516426e-06	-1.58697855303e-06	-1.97694535813e-06	0.0	-8.13247141544e-07	-7.62224521704e-07	-1.62897792111e-06	-1.55662735542e-06	-2.42914376178e-06	-2.35946615368e-06	-3.2402754854e-06	-3.14286588298e-06	-4.0857563195e-06	197.815103674	198.441085113	199.067066553	199.693047993	200.319029432	200.945010872	201.570992312	202.196973751	202.822955191	203.448936631	-12.9936623498	-13.1065961332	-13.2195299167	-13.3324637002	-13.4453974836	-13.5583312671	-13.6712650505	-13.784198834	-13.8971326175	-14.0100664009	1.74928709965	1.74928709965	1.74928709965	1.74928709965	1.74928709965	1.74928709965	1.74928709965	1.74928709965	1.74928709965	1.74928709965	
9.78333333333	170.122960042	170.247040044	170.371120046	170.495200048	170.61928005	170.743360052	170.867440054	170.991520056	171.115600058	171.23968006	0.0	0.0	-1.00907706963e-07	-1.95484527154e-07	-3.97608110891e-07	-5.90754436292e-07	-8.92162599154e-07	-1.18492516426e-06	-1.58697855303e-06	-1.97694535813e-06	0.0	-8.13247141544e-07	-7.62224521704e-07	-1.62897792111e-06	-1.55662735542e-06	-2.42914376178e-06	-2.35946615368e-06	-3.2402754854e-06	-3.14286588298e-06	-4.0857563195e-06	197.815103674	198.441085113	199.067066553	199.693047993	200.319029432	200.945010872	201.570992312	202.196973751	202.822955191	203.448936631	-12.9936623498	-13.1065961332	-13.2195299167	-13.3324637002	-13.4453974836	-13.5583312671	-13.6712650505	-13.784198834	-13.8971326175	-14.0100664009	1.74928709965	1.74928709965	1.74928709965	1.74928709965	1.74928709965	1.74928709965	1.74928709965	1.74928709965	1.74928709965	1.74928709965	
9.8	170.122960042	170.247040044	170.371120046	170.495200048	170.61928005	170.743360052	170.867440054	170.991520056	171.115600058	171.23968006	0.0	0.0	-1.00907706963e-07	-1.95484527154e-07	-3.97608110891e-07	-5.90754436292e-07	-8.92162599154e-07	-1.18492516426e-06	-1.58697855303e-06	-1.97694535813e-06	0.0	-8.13247141544e-07	-7.62224521704e-07	-1.62897792111e-06	-1.55662735542e-06	-2.42914376178e-06	-2.35946615368e-06	-3.2402754854e-06	-3.14286588298e-06	-4.0857563195e-06	197.815103674	198.441085113	199.067066553	199.693047993	200.319029432	200.945010872	201.570992312	202.196973751	202.822955191	203.448936631	-12.9936623498	-13.1065961332	-13.2195299167	-13.3324637002	-13.4453974836	-13.5583312671	-13.6712650505	-13.784198834	-13.8971326175	-14.0100664009	1.74928709965	1.74928709965	1.74928709965	1.74928709965	1.74928709965	1.74928709965	1.74928709965	1.74928709965	1.74928709965	1.74928709965	
9.81666666667	170.122960042	170.247040044	170.371120046	170.495200048	170.61928005	170.743360052	170.867440054	170.991520056	171.115600058	171.23968006	0.0	0.0	-1.00907706963e-07	-1.95484527154e-07	-3.97608110891e-07	-5.90754436292e-07	-8.92162599154e-07	-1.18492516426e-06	-1.58697855303e-06	-1.97694535813e-06	0.0	-8.13247141544e-07	-7.62224521704e-07	-1.62897792111e-06	-1.55662735542e-06	-2.42914376178e-06	-2.35946615368e-06	-3.2402754854e-06	-3.14286588298e-06	-4.0857563195e-06	197.815103674	198.441085113	199.067066553	199.693047993	200.319029432	200.945010872	201.570992312	202.196973751	202.822955191	203.448936631	-12.9936623498	-13.1065961332	-13.2195299167	-13.3324637002	-13.4453974836	-13.5583312671	-13.6712650505	-13.784198834	-13.8971326175	-14.0100664009	1.74928709965	1.74928709965	1.74928709965	1.74928709965	1.74928709965	1.74928709965	1.74928709965	1.74928709965	1.74928709965	1.74928709965	
9.83333333333	170.122960042	170.247040044	170.371120046	170.495200048	170.61928005	170.743360052	170.867440054	170.991520056	171.115600058	171.23968006	0.0	0.0	-1.00907706963e-07	-1.95484527154e-07	-3.97608110891e-07	-5.90754436292e-07	-8.92162599154e-07	-1.18492516426e-06	-1.58697855303e-06	-1.97694535813e-06	0.0	-8.13247141544e-07	-7.62224521704e-07	-1.62897792111e-06	-1.55662735542e-06	-2.42914376178e-06	-2.35946615368e-06	-3.2402754854e-06	-3.14286588298e-06	-4.0857563195e-06	197.815103674	198.441085113	199.067066553	199.693047993	200.319029432	200.945010872	201.570992312	202.196973751	202.822955191	203.448936631	-12.9936623498	-13.1065961332	-13.2195299167	-13.3324637002	-13.4453974836	-13.5583312671	-13.6712650505	-13.784198834	-13.8971326175	-14.0100664009	1.74928709965	1.74928709965	1.74928709965	1.74928709965	1.74928709965	1.74928709965	1.74928709965	1.74928709965	1.74928709965	1.74928709965	
9.85	170.122960042	170.247040044	170.371120046	170.495200048	170.61928005	170.743360052	170.867440054	170.991520056	171.115600058	171.23968006	0.0	0.0	-1.00907706963e-07	-1.95484527154e-07	-3.97608110891e-07	-5.90754436292e-07	-8.92162599154e-07	-1.18492516426e-06	-1.58697855303e-06	-1.97694535813e-06	0.0	-8.13247141544e-07	-7.62224521704e-07	-1.62897792111e-06	-1.55662735542e-06	-2.42914376178e-06	-2.35946615368e-06	-3.2402754854e-06	-3.14286588298e-06	-4.0857563195e-06	197.815103674	198.441085113	199.067066553	199.693047993	200.319029432	200.945010872	201.570992312	202.196973751	202.822955191	203.448936631	-12.9936623498	-13.1065961332	-13.2195299167	-13.3324637002	-13.4453974836	-13.5583312671	-13.6712650505	-13.784198834	-13.8971326175	-14.0100664009	1.74928709965	1.74928709965	1.74928709965	1.74928709965	1.74928709965	1.74928709965	1.74928709965	1.74928709965	1.74928709965	1.74928709965	
9.86666666667	170.122960042	170.247040044	170.371120046	170.495200048	170.61928005	170.743360052	170.867440054	170.991520056	171.115600058	171.23968006	0.0	0.0	-1.00907706963e-07	-1.95484527154e-07	-3.97608110891e-07	-5.90754436292e-07	-8.92162599154e-07	-1.18492516426e-06	-1.58697855303e-06	-1.97694535813e-06	0.0	-8.13247141544e-07	-7.62224521704e-07	-1.62897792111e-06	-1.55662735542e-06	-2.42914376178e-06	-2.35946615368e-06	-3.2402754854e-06	-3.14286588298e-06	-4.0857563195e-06	197.815103674	198.441085113	199.067066553	199.693047993	200.319029432	200.945010872	201.570992312	202.196973751	202.822955191	203.448936631	-12.9936623498	-13.1065961332	-13.2195299167	-13.3324637002	-13.4453974836	-13.5583312671	-13.6712650505	-13.784198834	-13.8971326175	-14.0100664009	1.74928709965	1.74928709965	1.74928709965	1.74928709965	1.74928709965	1.74928709965	1.74928709965	1.74928709965	1.74928709965	1.74928709965	
9.88333333333	170.122960042	170.247040044	170.371120046	170.495200048	170.61928005	170.743360052	170.867440054	170.991520056	171.115600058	171.23968006	0.0	0.0	-1.00907706963e-07	-1.95484527154e-07	-3.97608110891e-07	-5.90754436292e-07	-8.92162599154e-07	-1.18492516426e-06	-1.58697855303e-06	-1.97694535813e-06	0.0	-8.13247141544e-07	-7.62224521704e-07	-1.62897792111e-06	-1.55662735542e-06	-2.42914376178e-06	-2.35946615368e-06	-3.2402754854e-06	-3.14286588298e-06	-4.0857563195e-06	197.815103674	198.441085113	199.067066553	199.693047993	200.319029432	200.945010872	201.570992312	202.196973751	202.822955191	203.448936631	-12.9936623498	-13.1065961332	-13.2195299167	-13.3324637002	-13.4453974836	-13.5583312671	-13.6712650505	-13.784198834	-13.8971326175	-14.0100664009	1.74928709965	1.74928709965	1.74928709965	1.74928709965	1.74928709965	1.74928709965	1.74928709965	1.74928709965	1.74928709965	1.74928709965	
9.9	170.122960042	170.247040044	170.371120046	170.495200048	170.61928005	170.743360052	170.867440054	170.991520056	171.115600058	171.23968006	0.0	0.0	-1.00907706963e-07	-1.95484527154e-07	-3.97608110891e-07	-5.90754436292e-07	-8.92162599154e-07	-1.18492516426e-06	-1.58697855303e-06	-1.97694535813e-06	0.0	-8.13247141544e-07	-7.62224521704e-07	-1.62897792111e-06	-1.55662735542e-06	-2.42914376178e-06	-2.35946615368e-06	-3.2402754854e-06	-3.14286588298e-06	-4.0857563195e-06	197.815103674	198.441085113	199.067066553	199.693047993	200.319029432	200.945010872	201.570992312	202.196973751	202.822955191	203.448936631	-12.9936623498	-13.1065961332	-13.2195299167	-13.3324637002	-13.4453974836	-13.5583312671	-13.6712650505	-13.784198834	-13.8971326175	-14.0100664009	1.74928709965	1.74928709965	1.74928709965	1.74928709965	1.74928709965	1.74928709965	1.74928709965	1.74928709965	1.74928709965	1.74928709965	
9.91666666667	170.122960042	170.247040044	170.371120046	170.495200048	170.61928005	170.743360052	170.867440054	170.991520056	171.115600058	171.23968006	0.0	0.0	-1.00907706963e-07	-1.95484527154e-07	-3.97608110891e-07	-5.90754436292e-07	-8.92162599154e-07	-1.18492516426e-06	-1.58697855303e-06	-1.97694535813e-06	0.0	-8.13247141544e-07	-7.62224521704e-07	-1.62897792111e-06	-1.55662735542e-06	-2.42914376178e-06	-2.35946615368e-06	-3.2402754854e-06	-3.14286588298e-06	-4.0857563195e-06	197.815103674	198.441085113	199.067066553	199.693047993	200.319029432	200.945010872	201.570992312	202.196973751	202.822955191	203.448936631	-12.9936623498	-13.1065961332	-13.2195299167	-13.3324637002	-13.4453974836	-13.5583312671	-13.6712650505	-13.784198834	-13.8971326175	-14.0100664009	1.74928709965	1.74928709965	1.74928709965	1.74928709965	1.74928709965	1.74928709965	1.74928709965	1.74928709965	1.74928709965	1.74928709965	
9.93333333333	170.122960042	170.247040044	170.371120046	170.495200048	170.61928005	170.743360052	170.867440054	170.991520056	171.115600058	171.23968006	0.0	0.0	-1.00907706963e-07	-1.95484527154e-07	-3.97608110891e-07	-5.90754436292e-07	-8.92162599154e-07	-1.18492516426e-06	-1.58697855303e-06	-1.97694535813e-06	0.0	-8.13247141544e-07	-7.62224521704e-07	-1.62897792111e-06	-1.55662735542e-06	-2.42914376178e-06	-2.35946615368e-06	-3.2402754854e-06	-3.14286588298e-06	-4.0857563195e-06	197.815103674	198.441085113	199.067066553	199.693047993	200.319029432	200.945010872	201.570992312	202.196973751	202.822955191	203.448936631	-12.9936623498	-13.1065961332	-13.2195299167	-13.3324637002	-13.4453974836	-13.5583312671	-13.6712650505	-13.784198834	-13.8971326175	-14.0100664009	1.74928709965	1.74928709965	1.74928709965	1.74928709965	1.74928709965	1.74928709965	1.74928709965	1.74928709965	1.74928709965	1.74928709965	
9.95	170.122960042	170.247040044	170.371120046	170.495200048	170.61928005	170.743360052	170.867440054	170.991520056	171.115600058	171.23968006	0.0	0.0	-1.00907706963e-07	-1.95484527154e-07	-3.97608110891e-07	-5.90754436292e-07	-8.92162599154e-07	-1.18492516426e-06	-1.58697855303e-06	-1.97694535813e-06	0.0	-8.13247141544e-07	-7.62224521704e-07	-1.62897792111e-06	-1.55662735542e-06	-2.42914376178e-06	-2.35946615368e-06	-3.2402754854e-06	-3.14286588298e-06	-4.0857563195e-06	197.815103674	198.441085113	199.067066553	199.693047993	200.319029432	200.945010872	201.570992312	202.196973751	202.822955191	203.448936631	-12.9936623498	-13.1065961332	-13.2195299167	-13.3324637002	-13.4453974836	-13.5583312671	-13.6712650505	-13.784198834	-13.8971326175	-14.0100664009	1.74928709965	1.74928709965	1.74928709965	1.74928709965	1.74928709965	1.74928709965	1.74928709965	1.74928709965	1.74928709965	1.74928709965	
9.96666666667	170.122960042	170.247040044	170.371120046	170.495200048	170.61928005	170.743360052	170.867440054	170.991520056	171.115600058	171.23968006	0.0	0.0	-1.00907706963e-07	-1.95484527154e-07	-3.97608110891e-07	-5.90754436292e-07	-8.92162599154e-07	-1.18492516426e-06	-1.58697855303e-06	-1.97694535813e-06	0.0	-8.13247141544e-07	-7.62224521704e-07	-1.62897792111e-06	-1.55662735542e-06	-2.42914376178e-06	-2.35946615368e-06	-3.2402754854e-06	-3.14286588298e-06	-4.0857563195e-06	197.815103674	198.441085113	199.067066553	199.693047993	200.319029432	200.945010872	201.570992312	202.196973751	202.822955191	203.448936631	-12.9936623498	-13.1065961332	-13.2195299167	-13.3324637002	-13.4453974836	-13.5583312671	-13.6712650505	-13.784198834	-13.8971326175	-14.0100664009	1.74928709965	1.74928709965	1.74928709965	1.74928709965	1.74928709965	1.74928709965	1.74928709965	1.74928709965	1.74928709965	1.74928709965	
9.98333333333	170.122960042	170.247040044	170.371120046	170.495200048	170.61928005	170.743360052	170.867440054	170.991520056	171.115600058	171.23968006	0.0	0.0	-1.00907706963e-07	-1.95484527154e-07	-3.97608110891e-07	-5.90754436292e-07	-8.92162599154e-07	-1.18492516426e-06	-1.58697855303e-06	-1.97694535813e-06	0.0	-8.13247141544e-07	-7.62224521704e-07	-1.62897792111e-06	-1.55662735542e-06	-2.42914376178e-06	-2.35946615368e-06	-3.2402754854e-06	-3.14286588298e-06	-4.0857563195e-06	197.815103674	198.441085113	199.067066553	199.693047993	200.319029432	200.945010872	201.570992312	202.196973751	202.822955191	203.448936631	-12.9936623498	-13.1065961332	-13.2195299167	-13.3324637002	-13.4453974836	-13.5583312671	-13.6712650505	-13.784198834	-13.8971326175	-14.0100664009	1.74928709965	1.74928709965	1.74928709965	1.74928709965	1.74928709965	1.74928709965	1.74928709965	1.74928709965	1.74928709965	1.74928709965	
