0.0166666666667	0.0	0.0	0.0	0.0	0.0	0.0	0.0	0.0	0.0	0.0	0.0	0.0	0.0	0.0	0.0	0.0	0.0	0.0	0.0	0.0	0.0	0.0	0.0	0.0	0.0	0.0	0.0	0.0	0.0	0.0	0.0	0.0	0.0	0.0	0.0	0.0	0.0	0.0	0.0	0.0	0.0	0.0	0.0	0.0	0.0	0.0	0.0	0.0	0.0	0.0	0.0	0.0	0.0	0.0	0.0	0.0	0.0	0.0	0.0	0.0	
0.0333333333333	0.0	0.0	0.0	0.0	0.0	0.0	0.0	0.0	0.0	0.0	0.0	0.0	0.0	0.0	0.0	0.0	0.0	0.0	0.0	0.0	0.0	0.0	0.0	0.0	0.0	0.0	0.0	0.0	0.0	0.0	0.0	0.0	0.0	0.0	0.0	0.0	0.0	0.0	0.0	0.0	0.0	0.0	0.0	0.0	0.0	0.0	0.0	0.0	0.0	0.0	0.0	0.0	0.0	0.0	0.0	0.0	0.0	0.0	0.0	0.0	
0.05	0.0	0.0	0.0	0.0	0.0	0.0	0.0	0.0	0.0	0.0	0.0	0.0	0.0	0.0	0.0	0.0	0.0	0.0	0.0	0.0	0.0	0.0	0.0	0.0	0.0	0.0	0.0	0.0	0.0	0.0	0.0	0.0	0.0	0.0	0.0	0.0	0.0	0.0	0.0	0.0	0.0	0.0	0.0	0.0	0.0	0.0	0.0	0.0	0.0	0.0	0.0	0.0	0.0	0.0	0.0	0.0	0.0	0.0	0.0	0.0	
0.0666666666667	0.0	0.0	0.0	0.0	0.0	0.0	0.0	0.0	0.0	0.0	0.0	0.0	0.0	0.0	0.0	0.0	0.0	0.0	0.0	0.0	0.0	0.0	0.0	0.0	0.0	0.0	0.0	0.0	0.0	0.0	0.0	0.0	0.0	0.0	0.0	0.0	0.0	0.0	0.0	0.0	0.0	0.0	0.0	0.0	0.0	0.0	0.0	0.0	0.0	0.0	0.0	0.0	0.0	0.0	0.0	0.0	0.0	0.0	0.0	0.0	
0.0833333333333	0.0	0.0	0.0	0.0	0.0	0.0	0.0	0.0	0.0	0.0	0.0	0.0	0.0	0.0	0.0	0.0	0.0	0.0	0.0	0.0	0.0	0.0	0.0	0.0	0.0	0.0	0.0	0.0	0.0	0.0	0.0	0.0	0.0	0.0	0.0	0.0	0.0	0.0	0.0	0.0	0.0	0.0	0.0	0.0	0.0	0.0	0.0	0.0	0.0	0.0	0.0	0.0	0.0	0.0	0.0	0.0	0.0	0.0	0.0	0.0	
0.1	0.0	0.0	0.0	0.0	0.0	0.0	0.0	0.0	0.0	0.0	0.0	0.0	0.0	0.0	0.0	0.0	0.0	0.0	0.0	0.0	0.0	0.0	0.0	0.0	0.0	0.0	0.0	0.0	0.0	0.0	0.0	0.0	0.0	0.0	0.0	0.0	0.0	0.0	0.0	0.0	0.0	0.0	0.0	0.0	0.0	0.0	0.0	0.0	0.0	0.0	0.0	0.0	0.0	0.0	0.0	0.0	0.0	0.0	0.0	0.0	
0.116666666667	0.0	0.0	0.0	0.0	0.0	0.0	0.0	0.0	0.0	0.0	0.0	0.0	0.0	0.0	0.0	0.0	0.0	0.0	0.0	0.0	0.0	0.0	0.0	0.0	0.0	0.0	0.0	0.0	0.0	0.0	0.0	0.0	0.0	0.0	0.0	0.0	0.0	0.0	0.0	0.0	0.0	0.0	0.0	0.0	0.0	0.0	0.0	0.0	0.0	0.0	0.0	0.0	0.0	0.0	0.0	0.0	0.0	0.0	0.0	0.0	
0.133333333333	0.0	0.0	0.0	0.0	0.0	0.0	0.0	0.0	0.0	0.0	0.0	0.0	0.0	0.0	0.0	0.0	0.0	0.0	0.0	0.0	0.0	0.0	0.0	0.0	0.0	0.0	0.0	0.0	0.0	0.0	0.0	0.0	0.0	0.0	0.0	0.0	0.0	0.0	0.0	0.0	0.0	0.0	0.0	0.0	0.0	0.0	0.0	0.0	0.0	0.0	0.0	0.0	0.0	0.0	0.0	0.0	0.0	0.0	0.0	0.0	
0.15	0.0	0.0	0.0	0.0	0.0	0.0	0.0	0.0	0.0	0.0	0.0	0.0	0.0	0.0	0.0	0.0	0.0	0.0	0.0	0.0	0.0	0.0	0.0	0.0	0.0	0.0	0.0	0.0	0.0	0.0	0.0	0.0	0.0	0.0	0.0	0.0	0.0	0.0	0.0	0.0	0.0	0.0	0.0	0.0	0.0	0.0	0.0	0.0	0.0	0.0	0.0	0.0	0.0	0.0	0.0	0.0	0.0	0.0	0.0	0.0	
0.166666666667	0.0	0.0	0.0	0.0	0.0	0.0	0.0	0.0	0.0	0.0	0.0	0.0	0.0	0.0	0.0	0.0	0.0	0.0	0.0	0.0	0.0	0.0	0.0	0.0	0.0	0.0	0.0	0.0	0.0	0.0	0.0	0.0	0.0	0.0	0.0	0.0	0.0	0.0	0.0	0.0	0.0	0.0	0.0	0.0	0.0	0.0	0.0	0.0	0.0	0.0	0.0	0.0	0.0	0.0	0.0	0.0	0.0	0.0	0.0	0.0	
0.183333333333	0.0	0.0	0.0	0.0	0.0	0.0	0.0	0.0	0.0	0.0	0.0	0.0	0.0	0.0	0.0	0.0	0.0	0.0	0.0	0.0	0.0	0.0	0.0	0.0	0.0	0.0	0.0	0.0	0.0	0.0	0.0	0.0	0.0	0.0	0.0	0.0	0.0	0.0	0.0	0.0	0.0	0.0	0.0	0.0	0.0	0.0	0.0	0.0	0.0	0.0	0.0	0.0	0.0	0.0	0.0	0.0	0.0	0.0	0.0	0.0	
0.2	0.0	0.0	0.0	0.0	0.0	0.0	0.0	0.0	0.0	0.0	0.0	0.0	0.0	0.0	0.0	0.0	0.0	0.0	0.0	0.0	0.0	0.0	0.0	0.0	0.0	0.0	0.0	0.0	0.0	0.0	0.0	0.0	0.0	0.0	0.0	0.0	0.0	0.0	0.0	0.0	0.0	0.0	0.0	0.0	0.0	0.0	0.0	0.0	0.0	0.0	0.0	0.0	0.0	0.0	0.0	0.0	0.0	0.0	0.0	0.0	
0.216666666667	0.0	0.0	0.0	0.0	0.0	0.0	0.0	0.0	0.0	0.0	0.0	0.0	0.0	0.0	0.0	0.0	0.0	0.0	0.0	0.0	0.0	0.0	0.0	0.0	0.0	0.0	0.0	0.0	0.0	0.0	0.0	0.0	0.0	0.0	0.0	0.0	0.0	0.0	0.0	0.0	0.0	0.0	0.0	0.0	0.0	0.0	0.0	0.0	0.0	0.0	0.0	0.0	0.0	0.0	0.0	0.0	0.0	0.0	0.0	0.0	
0.233333333333	0.0	0.0	0.0	0.0	0.0	0.0	0.0	0.0	0.0	0.0	0.0	0.0	0.0	0.0	0.0	0.0	0.0	0.0	0.0	0.0	0.0	0.0	0.0	0.0	0.0	0.0	0.0	0.0	0.0	0.0	0.0	0.0	0.0	0.0	0.0	0.0	0.0	0.0	0.0	0.0	0.0	0.0	0.0	0.0	0.0	0.0	0.0	0.0	0.0	0.0	0.0	0.0	0.0	0.0	0.0	0.0	0.0	0.0	0.0	0.0	
0.25	0.0	0.0	0.0	0.0	0.0	0.0	0.0	0.0	0.0	0.0	0.0	0.0	0.0	0.0	0.0	0.0	0.0	0.0	0.0	0.0	0.0	0.0	0.0	0.0	0.0	0.0	0.0	0.0	0.0	0.0	0.0	0.0	0.0	0.0	0.0	0.0	0.0	0.0	0.0	0.0	0.0	0.0	0.0	0.0	0.0	0.0	0.0	0.0	0.0	0.0	0.0	0.0	0.0	0.0	0.0	0.0	0.0	0.0	0.0	0.0	
0.266666666667	0.0	0.0	0.0	0.0	0.0	0.0	0.0	0.0	0.0	0.0	0.0	0.0	0.0	0.0	0.0	0.0	0.0	0.0	0.0	0.0	0.0	0.0	0.0	0.0	0.0	0.0	0.0	0.0	0.0	0.0	0.0	0.0	0.0	0.0	0.0	0.0	0.0	0.0	0.0	0.0	0.0	0.0	0.0	0.0	0.0	0.0	0.0	0.0	0.0	0.0	0.0	0.0	0.0	0.0	0.0	0.0	0.0	0.0	0.0	0.0	
0.283333333333	0.0	0.0	0.0	0.0	0.0	0.0	0.0	0.0	0.0	0.0	0.0	0.0	0.0	0.0	0.0	0.0	0.0	0.0	0.0	0.0	0.0	0.0	0.0	0.0	0.0	0.0	0.0	0.0	0.0	0.0	0.0	0.0	0.0	0.0	0.0	0.0	0.0	0.0	0.0	0.0	0.0	0.0	0.0	0.0	0.0	0.0	0.0	0.0	0.0	0.0	0.0	0.0	0.0	0.0	0.0	0.0	0.0	0.0	0.0	0.0	
0.3	0.0	0.0	0.0	0.0	0.0	0.0	0.0	0.0	0.0	0.0	0.0	0.0	0.0	0.0	0.0	0.0	0.0	0.0	0.0	0.0	0.0	0.0	0.0	0.0	0.0	0.0	0.0	0.0	0.0	0.0	0.0	0.0	0.0	0.0	0.0	0.0	0.0	0.0	0.0	0.0	0.0	0.0	0.0	0.0	0.0	0.0	0.0	0.0	0.0	0.0	0.0	0.0	0.0	0.0	0.0	0.0	0.0	0.0	0.0	0.0	
0.316666666667	0.0	0.0	0.0	0.0	0.0	0.0	0.0	0.0	0.0	0.0	0.0	0.0	0.0	0.0	0.0	0.0	0.0	0.0	0.0	0.0	0.0	0.0	0.0	0.0	0.0	0.0	0.0	0.0	0.0	0.0	0.0	0.0	0.0	0.0	0.0	0.0	0.0	0.0	0.0	0.0	0.0	0.0	0.0	0.0	0.0	0.0	0.0	0.0	0.0	0.0	0.0	0.0	0.0	0.0	0.0	0.0	0.0	0.0	0.0	0.0	
0.333333333333	0.0	0.0	0.0	0.0	0.0	0.0	0.0	0.0	0.0	0.0	0.0	0.0	0.0	0.0	0.0	0.0	0.0	0.0	0.0	0.0	0.0	0.0	0.0	0.0	0.0	0.0	0.0	0.0	0.0	0.0	0.0	0.0	0.0	0.0	0.0	0.0	0.0	0.0	0.0	0.0	0.0	0.0	0.0	0.0	0.0	0.0	0.0	0.0	0.0	0.0	0.0	0.0	0.0	0.0	0.0	0.0	0.0	0.0	0.0	0.0	
0.35	0.0	0.0	0.0	0.0	0.0	0.0	0.0	0.0	0.0	0.0	0.0	0.0	0.0	0.0	0.0	0.0	0.0	0.0	0.0	0.0	0.0	0.0	0.0	0.0	0.0	0.0	0.0	0.0	0.0	0.0	0.0	0.0	0.0	0.0	0.0	0.0	0.0	0.0	0.0	0.0	0.0	0.0	0.0	0.0	0.0	0.0	0.0	0.0	0.0	0.0	0.0	0.0	0.0	0.0	0.0	0.0	0.0	0.0	0.0	0.0	
0.366666666667	0.0	0.0	0.0	0.0	0.0	0.0	0.0	0.0	0.0	0.0	0.0	0.0	0.0	0.0	0.0	0.0	0.0	0.0	0.0	0.0	0.0	0.0	0.0	0.0	0.0	0.0	0.0	0.0	0.0	0.0	0.0	0.0	0.0	0.0	0.0	0.0	0.0	0.0	0.0	0.0	0.0	0.0	0.0	0.0	0.0	0.0	0.0	0.0	0.0	0.0	0.0	0.0	0.0	0.0	0.0	0.0	0.0	0.0	0.0	0.0	
0.383333333333	0.0	0.0	0.0	0.0	0.0	0.0	0.0	0.0	0.0	0.0	0.0	0.0	0.0	0.0	0.0	0.0	0.0	0.0	0.0	0.0	0.0	0.0	0.0	0.0	0.0	0.0	0.0	0.0	0.0	0.0	0.0	0.0	0.0	0.0	0.0	0.0	0.0	0.0	0.0	0.0	0.0	0.0	0.0	0.0	0.0	0.0	0.0	0.0	0.0	0.0	0.0	0.0	0.0	0.0	0.0	0.0	0.0	0.0	0.0	0.0	
0.4	0.0	0.0	0.0	0.0	0.0	0.0	0.0	0.0	0.0	0.0	0.0	0.0	0.0	0.0	0.0	0.0	0.0	0.0	0.0	0.0	0.0	0.0	0.0	0.0	0.0	0.0	0.0	0.0	0.0	0.0	0.0	0.0	0.0	0.0	0.0	0.0	0.0	0.0	0.0	0.0	0.0	0.0	0.0	0.0	0.0	0.0	0.0	0.0	0.0	0.0	0.0	0.0	0.0	0.0	0.0	0.0	0.0	0.0	0.0	0.0	
0.416666666667	0.0	0.0	0.0	0.0	0.0	0.0	0.0	0.0	0.0	0.0	0.0	0.0	0.0	0.0	0.0	0.0	0.0	0.0	0.0	0.0	0.0	0.0	0.0	0.0	0.0	0.0	0.0	0.0	0.0	0.0	0.0	0.0	0.0	0.0	0.0	0.0	0.0	0.0	0.0	0.0	0.0	0.0	0.0	0.0	0.0	0.0	0.0	0.0	0.0	0.0	0.0	0.0	0.0	0.0	0.0	0.0	0.0	0.0	0.0	0.0	
0.433333333333	0.0	0.0	0.0	0.0	0.0	0.0	0.0	0.0	0.0	0.0	0.0	0.0	0.0	0.0	0.0	0.0	0.0	0.0	0.0	0.0	0.0	0.0	0.0	0.0	0.0	0.0	0.0	0.0	0.0	0.0	0.0	0.0	0.0	0.0	0.0	0.0	0.0	0.0	0.0	0.0	0.0	0.0	0.0	0.0	0.0	0.0	0.0	0.0	0.0	0.0	0.0	0.0	0.0	0.0	0.0	0.0	0.0	0.0	0.0	0.0	
0.45	0.0	0.0	0.0	0.0	0.0	0.0	0.0	0.0	0.0	0.0	0.0	0.0	0.0	0.0	0.0	0.0	0.0	0.0	0.0	0.0	0.0	0.0	0.0	0.0	0.0	0.0	0.0	0.0	0.0	0.0	0.0	0.0	0.0	0.0	0.0	0.0	0.0	0.0	0.0	0.0	0.0	0.0	0.0	0.0	0.0	0.0	0.0	0.0	0.0	0.0	0.0	0.0	0.0	0.0	0.0	0.0	0.0	0.0	0.0	0.0	
0.466666666667	0.0	0.0	0.0	0.0	0.0	0.0	0.0	0.0	0.0	0.0	0.0	0.0	0.0	0.0	0.0	0.0	0.0	0.0	0.0	0.0	0.0	0.0	0.0	0.0	0.0	0.0	0.0	0.0	0.0	0.0	0.0	0.0	0.0	0.0	0.0	0.0	0.0	0.0	0.0	0.0	0.0	0.0	0.0	0.0	0.0	0.0	0.0	0.0	0.0	0.0	0.0	0.0	0.0	0.0	0.0	0.0	0.0	0.0	0.0	0.0	
0.483333333333	0.0	0.0	0.0	0.0	0.0	0.0	0.0	0.0	0.0	0.0	0.0	0.0	0.0	0.0	0.0	0.0	0.0	0.0	0.0	0.0	0.0	0.0	0.0	0.0	0.0	0.0	0.0	0.0	0.0	0.0	0.0	0.0	0.0	0.0	0.0	0.0	0.0	0.0	0.0	0.0	0.0	0.0	0.0	0.0	0.0	0.0	0.0	0.0	0.0	0.0	0.0	0.0	0.0	0.0	0.0	0.0	0.0	0.0	0.0	0.0	
0.5	0.0	0.0	0.0	0.0	0.0	0.0	0.0	0.0	0.0	0.0	0.0	0.0	0.0	0.0	0.0	0.0	0.0	0.0	0.0	0.0	0.0	0.0	0.0	0.0	0.0	0.0	0.0	0.0	0.0	0.0	0.0	0.0	0.0	0.0	0.0	0.0	0.0	0.0	0.0	0.0	0.0	0.0	0.0	0.0	0.0	0.0	0.0	0.0	0.0	0.0	0.0	0.0	0.0	0.0	0.0	0.0	0.0	0.0	0.0	0.0	
0.516666666667	0.0	0.0	0.0	0.0	0.0	0.0	0.0	0.0	0.0	0.0	0.0	0.0	0.0	0.0	0.0	0.0	0.0	0.0	0.0	0.0	0.0	0.0	0.0	0.0	0.0	0.0	0.0	0.0	0.0	0.0	0.0	0.0	0.0	0.0	0.0	0.0	0.0	0.0	0.0	0.0	0.0	0.0	0.0	0.0	0.0	0.0	0.0	0.0	0.0	0.0	0.0	0.0	0.0	0.0	0.0	0.0	0.0	0.0	0.0	0.0	
0.533333333333	0.0	0.0	0.0	0.0	0.0	0.0	0.0	0.0	0.0	0.0	0.0	0.0	0.0	0.0	0.0	0.0	0.0	0.0	0.0	0.0	0.0	0.0	0.0	0.0	0.0	0.0	0.0	0.0	0.0	0.0	0.0	0.0	0.0	0.0	0.0	0.0	0.0	0.0	0.0	0.0	0.0	0.0	0.0	0.0	0.0	0.0	0.0	0.0	0.0	0.0	0.0	0.0	0.0	0.0	0.0	0.0	0.0	0.0	0.0	0.0	
0.55	0.0	0.0	0.0	0.0	0.0	0.0	0.0	0.0	0.0	0.0	0.0	0.0	0.0	0.0	0.0	0.0	0.0	0.0	0.0	0.0	0.0	0.0	0.0	0.0	0.0	0.0	0.0	0.0	0.0	0.0	0.0	0.0	0.0	0.0	0.0	0.0	0.0	0.0	0.0	0.0	0.0	0.0	0.0	0.0	0.0	0.0	0.0	0.0	0.0	0.0	0.0	0.0	0.0	0.0	0.0	0.0	0.0	0.0	0.0	0.0	
0.566666666667	0.0	0.0	0.0	0.0	0.0	0.0	0.0	0.0	0.0	0.0	0.0	0.0	0.0	0.0	0.0	0.0	0.0	0.0	0.0	0.0	0.0	0.0	0.0	0.0	0.0	0.0	0.0	0.0	0.0	0.0	0.0	0.0	0.0	0.0	0.0	0.0	0.0	0.0	0.0	0.0	0.0	0.0	0.0	0.0	0.0	0.0	0.0	0.0	0.0	0.0	0.0	0.0	0.0	0.0	0.0	0.0	0.0	0.0	0.0	0.0	
0.583333333333	0.0	0.0	0.0	0.0	0.0	0.0	0.0	0.0	0.0	0.0	0.0	0.0	0.0	0.0	0.0	0.0	0.0	0.0	0.0	0.0	0.0	0.0	0.0	0.0	0.0	0.0	0.0	0.0	0.0	0.0	0.0	0.0	0.0	0.0	0.0	0.0	0.0	0.0	0.0	0.0	0.0	0.0	0.0	0.0	0.0	0.0	0.0	0.0	0.0	0.0	0.0	0.0	0.0	0.0	0.0	0.0	0.0	0.0	0.0	0.0	
0.6	0.0	0.0	0.0	0.0	0.0	0.0	0.0	0.0	0.0	0.0	0.0	0.0	0.0	0.0	0.0	0.0	0.0	0.0	0.0	0.0	0.0	0.0	0.0	0.0	0.0	0.0	0.0	0.0	0.0	0.0	0.0	0.0	0.0	0.0	0.0	0.0	0.0	0.0	0.0	0.0	0.0	0.0	0.0	0.0	0.0	0.0	0.0	0.0	0.0	0.0	0.0	0.0	0.0	0.0	0.0	0.0	0.0	0.0	0.0	0.0	
0.616666666667	0.0	0.0	0.0	0.0	0.0	0.0	0.0	0.0	0.0	0.0	0.0	0.0	0.0	0.0	0.0	0.0	0.0	0.0	0.0	0.0	0.0	0.0	0.0	0.0	0.0	0.0	0.0	0.0	0.0	0.0	0.0	0.0	0.0	0.0	0.0	0.0	0.0	0.0	0.0	0.0	0.0	0.0	0.0	0.0	0.0	0.0	0.0	0.0	0.0	0.0	0.0	0.0	0.0	0.0	0.0	0.0	0.0	0.0	0.0	0.0	
0.633333333333	0.0	0.0	0.0	0.0	0.0	0.0	0.0	0.0	0.0	0.0	0.0	0.0	0.0	0.0	0.0	0.0	0.0	0.0	0.0	0.0	0.0	0.0	0.0	0.0	0.0	0.0	0.0	0.0	0.0	0.0	0.0	0.0	0.0	0.0	0.0	0.0	0.0	0.0	0.0	0.0	0.0	0.0	0.0	0.0	0.0	0.0	0.0	0.0	0.0	0.0	0.0	0.0	0.0	0.0	0.0	0.0	0.0	0.0	0.0	0.0	
0.65	0.0	0.0	0.0	0.0	0.0	0.0	0.0	0.0	0.0	0.0	0.0	0.0	0.0	0.0	0.0	0.0	0.0	0.0	0.0	0.0	0.0	0.0	0.0	0.0	0.0	0.0	0.0	0.0	0.0	0.0	0.0	0.0	0.0	0.0	0.0	0.0	0.0	0.0	0.0	0.0	0.0	0.0	0.0	0.0	0.0	0.0	0.0	0.0	0.0	0.0	0.0	0.0	0.0	0.0	0.0	0.0	0.0	0.0	0.0	0.0	
0.666666666667	0.0	0.0	0.0	0.0	0.0	0.0	0.0	0.0	0.0	0.0	0.0	0.0	0.0	0.0	0.0	0.0	0.0	0.0	0.0	0.0	0.0	0.0	0.0	0.0	0.0	0.0	0.0	0.0	0.0	0.0	0.0	0.0	0.0	0.0	0.0	0.0	0.0	0.0	0.0	0.0	0.0	0.0	0.0	0.0	0.0	0.0	0.0	0.0	0.0	0.0	0.0	0.0	0.0	0.0	0.0	0.0	0.0	0.0	0.0	0.0	
0.683333333333	0.0	0.0	0.0	0.0	0.0	0.0	0.0	0.0	0.0	0.0	0.0	0.0	0.0	0.0	0.0	0.0	0.0	0.0	0.0	0.0	0.0	0.0	0.0	0.0	0.0	0.0	0.0	0.0	0.0	0.0	0.0	0.0	0.0	0.0	0.0	0.0	0.0	0.0	0.0	0.0	0.0	0.0	0.0	0.0	0.0	0.0	0.0	0.0	0.0	0.0	0.0	0.0	0.0	0.0	0.0	0.0	0.0	0.0	0.0	0.0	
0.7	0.0	0.0	0.0	0.0	0.0	0.0	0.0	0.0	0.0	0.0	0.0	0.0	0.0	0.0	0.0	0.0	0.0	0.0	0.0	0.0	0.0	0.0	0.0	0.0	0.0	0.0	0.0	0.0	0.0	0.0	0.0	0.0	0.0	0.0	0.0	0.0	0.0	0.0	0.0	0.0	0.0	0.0	0.0	0.0	0.0	0.0	0.0	0.0	0.0	0.0	0.0	0.0	0.0	0.0	0.0	0.0	0.0	0.0	0.0	0.0	
0.716666666667	0.0	0.0	0.0	0.0	0.0	0.0	0.0	0.0	0.0	0.0	0.0	0.0	0.0	0.0	0.0	0.0	0.0	0.0	0.0	0.0	0.0	0.0	0.0	0.0	0.0	0.0	0.0	0.0	0.0	0.0	0.0	0.0	0.0	0.0	0.0	0.0	0.0	0.0	0.0	0.0	0.0	0.0	0.0	0.0	0.0	0.0	0.0	0.0	0.0	0.0	0.0	0.0	0.0	0.0	0.0	0.0	0.0	0.0	0.0	0.0	
0.733333333333	0.0	0.0	0.0	0.0	0.0	0.0	0.0	0.0	0.0	0.0	0.0	0.0	0.0	0.0	0.0	0.0	0.0	0.0	0.0	0.0	0.0	0.0	0.0	0.0	0.0	0.0	0.0	0.0	0.0	0.0	0.0	0.0	0.0	0.0	0.0	0.0	0.0	0.0	0.0	0.0	0.0	0.0	0.0	0.0	0.0	0.0	0.0	0.0	0.0	0.0	0.0	0.0	0.0	0.0	0.0	0.0	0.0	0.0	0.0	0.0	
0.75	0.0	0.0	0.0	0.0	0.0	0.0	0.0	0.0	0.0	0.0	0.0	0.0	0.0	0.0	0.0	0.0	0.0	0.0	0.0	0.0	0.0	0.0	0.0	0.0	0.0	0.0	0.0	0.0	0.0	0.0	0.0	0.0	0.0	0.0	0.0	0.0	0.0	0.0	0.0	0.0	0.0	0.0	0.0	0.0	0.0	0.0	0.0	0.0	0.0	0.0	0.0	0.0	0.0	0.0	0.0	0.0	0.0	0.0	0.0	0.0	
0.766666666667	0.0	0.0	0.0	0.0	0.0	0.0	0.0	0.0	0.0	0.0	0.0	0.0	0.0	0.0	0.0	0.0	0.0	0.0	0.0	0.0	0.0	0.0	0.0	0.0	0.0	0.0	0.0	0.0	0.0	0.0	0.0	0.0	0.0	0.0	0.0	0.0	0.0	0.0	0.0	0.0	0.0	0.0	0.0	0.0	0.0	0.0	0.0	0.0	0.0	0.0	0.0	0.0	0.0	0.0	0.0	0.0	0.0	0.0	0.0	0.0	
0.783333333333	0.0	0.0	0.0	0.0	0.0	0.0	0.0	0.0	0.0	0.0	0.0	0.0	0.0	0.0	0.0	0.0	0.0	0.0	0.0	0.0	0.0	0.0	0.0	0.0	0.0	0.0	0.0	0.0	0.0	0.0	0.0	0.0	0.0	0.0	0.0	0.0	0.0	0.0	0.0	0.0	0.0	0.0	0.0	0.0	0.0	0.0	0.0	0.0	0.0	0.0	0.0	0.0	0.0	0.0	0.0	0.0	0.0	0.0	0.0	0.0	
0.8	0.0	0.0	0.0	0.0	0.0	0.0	0.0	0.0	0.0	0.0	0.0	0.0	0.0	0.0	0.0	0.0	0.0	0.0	0.0	0.0	0.0	0.0	0.0	0.0	0.0	0.0	0.0	0.0	0.0	0.0	0.0	0.0	0.0	0.0	0.0	0.0	0.0	0.0	0.0	0.0	0.0	0.0	0.0	0.0	0.0	0.0	0.0	0.0	0.0	0.0	0.0	0.0	0.0	0.0	0.0	0.0	0.0	0.0	0.0	0.0	
0.816666666667	0.0	0.0	0.0	0.0	0.0	0.0	0.0	0.0	0.0	0.0	0.0	0.0	0.0	0.0	0.0	0.0	0.0	0.0	0.0	0.0	0.0	0.0	0.0	0.0	0.0	0.0	0.0	0.0	0.0	0.0	0.0	0.0	0.0	0.0	0.0	0.0	0.0	0.0	0.0	0.0	0.0	0.0	0.0	0.0	0.0	0.0	0.0	0.0	0.0	0.0	0.0	0.0	0.0	0.0	0.0	0.0	0.0	0.0	0.0	0.0	
0.833333333333	102.916666667	105.416666667	107.916666667	110.416666667	112.916666667	115.416666667	117.916666667	120.416666667	122.916666667	125.416666667	0.0	0.0	1.28438386969e-06	5.20638823201e-06	1.05623994289e-05	1.60240020991e-05	1.41325594576e-05	6.17871739329e-06	-5.53676285343e-06	-2.42702034387e-05	0.0	5.13753547875e-07	1.56880174493e-06	2.14240447874e-06	2.1846410681e-06	-7.56577056598e-07	-3.18153682574e-06	-4.6861920987e-06	-7.49337623417e-06	-7.37188569671e-06	159.996641183	159.983232017	159.96982285	159.956413683	159.943004516	159.929595349	159.916186182	159.902777015	159.889367848	159.875958681	-4.83836559094	-4.83699191871	-4.83561824648	-4.83424457425	-4.83287090202	-4.83149722979	-4.83012355756	-4.82874988533	-4.8273762131	-4.82600254087	-1.46870967742	-1.46870967742	-1.46870967742	-1.46870967742	-1.46870967742	-1.46870967742	-1.46870967742	-1.46870967742	-1.46870967742	-1.46870967742	
0.85	102.916666667	105.416666667	107.916666667	110.416666667	112.916666667	115.416666667	117.916666667	120.416666667	122.916666667	125.416666667	0.0	0.0	1.28438386969e-06	5.20638823201e-06	1.05623994289e-05	1.60240020991e-05	1.41325594576e-05	6.17871739329e-06	-5.53676285343e-06	-2.42702034387e-05	0.0	5.13753547875e-07	1.56880174493e-06	2.14240447874e-06	2.1846410681e-06	-7.56577056598e-07	-3.18153682574e-06	-4.6861920987e-06	-7.49337623417e-06	-7.37188569671e-06	159.996641183	159.983232017	159.96982285	159.956413683	159.943004516	159.929595349	159.916186182	159.902777015	159.889367848	159.875958681	-4.83836559094	-4.83699191871	-4.83561824648	-4.83424457425	-4.83287090202	-4.83149722979	-4.83012355756	-4.82874988533	-4.8273762131	-4.82600254087	-1.46870967742	-1.46870967742	-1.46870967742	-1.46870967742	-1.46870967742	-1.46870967742	-1.46870967742	-1.46870967742	-1.46870967742	-1.46870967742	
0.866666666667	102.916666667	105.416666667	107.916666667	110.416666667	112.916666667	115.416666667	117.916666667	120.416666667	122.916666667	125.416666667	0.0	0.0	1.28438386969e-06	5.20638823201e-06	1.05623994289e-05	1.60240020991e-05	1.41325594576e-05	6.17871739329e-06	-5.53676285343e-06	-2.42702034387e-05	0.0	5.13753547875e-07	1.56880174493e-06	2.14240447874e-06	2.1846410681e-06	-7.56577056598e-07	-3.18153682574e-06	-4.6861920987e-06	-7.49337623417e-06	-7.37188569671e-06	159.996641183	159.983232017	159.96982285	159.956413683	159.943004516	159.929595349	159.916186182	159.902777015	159.889367848	159.875958681	-4.83836559094	-4.83699191871	-4.83561824648	-4.83424457425	-4.83287090202	-4.83149722979	-4.83012355756	-4.82874988533	-4.8273762131	-4.82600254087	-1.46870967742	-1.46870967742	-1.46870967742	-1.46870967742	-1.46870967742	-1.46870967742	-1.46870967742	-1.46870967742	-1.46870967742	-1.46870967742	
0.883333333333	102.916666667	105.416666667	107.916666667	110.416666667	112.916666667	115.416666667	117.916666667	120.416666667	122.916666667	125.416666667	0.0	0.0	1.28438386969e-06	5.20638823201e-06	1.05623994289e-05	1.60240020991e-05	1.41325594576e-05	6.17871739329e-06	-5.53676285343e-06	-2.42702034387e-05	0.0	5.13753547875e-07	1.56880174493e-06	2.14240447874e-06	2.1846410681e-06	-7.56577056598e-07	-3.18153682574e-06	-4.6861920987e-06	-7.49337623417e-06	-7.37188569671e-06	159.996641183	159.983232017	159.96982285	159.956413683	159.943004516	159.929595349	159.916186182	159.902777015	159.889367848	159.875958681	-4.83836559094	-4.83699191871	-4.83561824648	-4.83424457425	-4.83287090202	-4.83149722979	-4.83012355756	-4.82874988533	-4.8273762131	-4.82600254087	-1.46870967742	-1.46870967742	-1.46870967742	-1.46870967742	-1.46870967742	-1.46870967742	-1.46870967742	-1.46870967742	-1.46870967742	-1.46870967742	
0.9	102.916666667	105.416666667	107.916666667	110.416666667	112.916666667	115.416666667	117.916666667	120.416666667	122.916666667	125.416666667	0.0	0.0	1.28438386969e-06	5.20638823201e-06	1.05623994289e-05	1.60240020991e-05	1.41325594576e-05	6.17871739329e-06	-5.53676285343e-06	-2.42702034387e-05	0.0	5.13753547875e-07	1.56880174493e-06	2.14240447874e-06	2.1846410681e-06	-7.56577056598e-07	-3.18153682574e-06	-4.6861920987e-06	-7.49337623417e-06	-7.37188569671e-06	159.996641183	159.983232017	159.96982285	159.956413683	159.943004516	159.929595349	159.916186182	159.902777015	159.889367848	159.875958681	-4.83836559094	-4.83699191871	-4.83561824648	-4.83424457425	-4.83287090202	-4.83149722979	-4.83012355756	-4.82874988533	-4.8273762131	-4.82600254087	-1.46870967742	-1.46870967742	-1.46870967742	-1.46870967742	-1.46870967742	-1.46870967742	-1.46870967742	-1.46870967742	-1.46870967742	-1.46870967742	
0.916666666667	102.916666667	105.416666667	107.916666667	110.416666667	112.916666667	115.416666667	117.916666667	120.416666667	122.916666667	125.416666667	0.0	0.0	1.28438386969e-06	5.20638823201e-06	1.05623994289e-05	1.60240020991e-05	1.41325594576e-05	6.17871739329e-06	-5.53676285343e-06	-2.42702034387e-05	0.0	5.13753547875e-07	1.56880174493e-06	2.14240447874e-06	2.1846410681e-06	-7.56577056598e-07	-3.18153682574e-06	-4.6861920987e-06	-7.49337623417e-06	-7.37188569671e-06	159.996641183	159.983232017	159.96982285	159.956413683	159.943004516	159.929595349	159.916186182	159.902777015	159.889367848	159.875958681	-4.83836559094	-4.83699191871	-4.83561824648	-4.83424457425	-4.83287090202	-4.83149722979	-4.83012355756	-4.82874988533	-4.8273762131	-4.82600254087	-1.46870967742	-1.46870967742	-1.46870967742	-1.46870967742	-1.46870967742	-1.46870967742	-1.46870967742	-1.46870967742	-1.46870967742	-1.46870967742	
0.933333333333	102.916666667	105.416666667	107.916666667	110.416666667	112.916666667	115.416666667	117.916666667	120.416666667	122.916666667	125.416666667	0.0	0.0	1.28438386969e-06	5.20638823201e-06	1.05623994289e-05	1.60240020991e-05	1.41325594576e-05	6.17871739329e-06	-5.53676285343e-06	-2.42702034387e-05	0.0	5.13753547875e-07	1.56880174493e-06	2.14240447874e-06	2.1846410681e-06	-7.56577056598e-07	-3.18153682574e-06	-4.6861920987e-06	-7.49337623417e-06	-7.37188569671e-06	159.996641183	159.983232017	159.96982285	159.956413683	159.943004516	159.929595349	159.916186182	159.902777015	159.889367848	159.875958681	-4.83836559094	-4.83699191871	-4.83561824648	-4.83424457425	-4.83287090202	-4.83149722979	-4.83012355756	-4.82874988533	-4.8273762131	-4.82600254087	-1.46870967742	-1.46870967742	-1.46870967742	-1.46870967742	-1.46870967742	-1.46870967742	-1.46870967742	-1.46870967742	-1.46870967742	-1.46870967742	
0.95	105.724605833	108.155935833	110.587265833	113.018595833	115.449925833	117.881255833	120.312585833	122.743915833	125.175245833	127.606575834	0.0	0.0	1.54811059407e-07	-6.13906878415e-07	-3.84018720645e-07	-9.57185951986e-07	-9.69576570422e-07	-3.43443108316e-06	-2.42606370499e-06	-6.73397967032e-06	0.0	6.36734048465e-08	-3.16171781624e-07	9.45524292334e-08	-2.35742260959e-07	-5.09623063729e-09	-1.01378854895e-06	4.14739002179e-07	-1.77183515414e-06	3.62075787043e-07	159.950956588	159.893006677	159.835056765	159.777106854	159.719156943	159.661207031	159.60325712	159.545307208	159.487357297	159.429407386	-4.83368553436	-4.82774898478	-4.82181243521	-4.81587588563	-4.80993933605	-4.80400278647	-4.79806623689	-4.79212968732	-4.78619313774	-4.78025658816	-1.46870967742	-1.46870967742	-1.46870967742	-1.46870967742	-1.46870967742	-1.46870967742	-1.46870967742	-1.46870967742	-1.46870967742	-1.46870967742	
0.966666666667	105.724605833	108.155935833	110.587265833	113.018595833	115.449925833	117.881255833	120.312585833	122.743915833	125.175245833	127.606575834	0.0	0.0	1.54811059407e-07	-6.13906878415e-07	-3.84018720645e-07	-9.57185951986e-07	-9.69576570422e-07	-3.43443108316e-06	-2.42606370499e-06	-6.73397967032e-06	0.0	6.36734048465e-08	-3.16171781624e-07	9.45524292334e-08	-2.35742260959e-07	-5.09623063729e-09	-1.01378854895e-06	4.14739002179e-07	-1.77183515414e-06	3.62075787043e-07	159.950956588	159.893006677	159.835056765	159.777106854	159.719156943	159.661207031	159.60325712	159.545307208	159.487357297	159.429407386	-4.83368553436	-4.82774898478	-4.82181243521	-4.81587588563	-4.80993933605	-4.80400278647	-4.79806623689	-4.79212968732	-4.78619313774	-4.78025658816	-1.46870967742	-1.46870967742	-1.46870967742	-1.46870967742	-1.46870967742	-1.46870967742	-1.46870967742	-1.46870967742	-1.46870967742	-1.46870967742	
0.983333333333	105.724605833	108.155935833	110.587265833	113.018595833	115.449925833	117.881255833	120.312585833	122.743915833	125.175245833	127.606575834	0.0	0.0	1.54811059407e-07	-6.13906878415e-07	-3.84018720645e-07	-9.57185951986e-07	-9.69576570422e-07	-3.43443108316e-06	-2.42606370499e-06	-6.73397967032e-06	0.0	6.36734048465e-08	-3.16171781624e-07	9.45524292334e-08	-2.35742260959e-07	-5.09623063729e-09	-1.01378854895e-06	4.14739002179e-07	-1.77183515414e-06	3.62075787043e-07	159.950956588	159.893006677	159.835056765	159.777106854	159.719156943	159.661207031	159.60325712	159.545307208	159.487357297	159.429407386	-4.83368553436	-4.82774898478	-4.82181243521	-4.81587588563	-4.80993933605	-4.80400278647	-4.79806623689	-4.79212968732	-4.78619313774	-4.78025658816	-1.46870967742	-1.46870967742	-1.46870967742	-1.46870967742	-1.46870967742	-1.46870967742	-1.46870967742	-1.46870967742	-1.46870967742	-1.46870967742	
1.0	105.724605833	108.155935833	110.587265833	113.018595833	115.449925833	117.881255833	120.312585833	122.743915833	125.175245833	127.606575834	0.0	0.0	1.54811059407e-07	-6.13906878415e-07	-3.84018720645e-07	-9.57185951986e-07	-9.69576570422e-07	-3.43443108316e-06	-2.42606370499e-06	-6.73397967032e-06	0.0	6.36734048465e-08	-3.16171781624e-07	9.45524292334e-08	-2.35742260959e-07	-5.09623063729e-09	-1.01378854895e-06	4.14739002179e-07	-1.77183515414e-06	3.62075787043e-07	159.950956588	159.893006677	159.835056765	159.777106854	159.719156943	159.661207031	159.60325712	159.545307208	159.487357297	159.429407386	-4.83368553436	-4.82774898478	-4.82181243521	-4.81587588563	-4.80993933605	-4.80400278647	-4.79806623689	-4.79212968732	-4.78619313774	-4.78025658816	-1.46870967742	-1.46870967742	-1.46870967742	-1.46870967742	-1.46870967742	-1.46870967742	-1.46870967742	-1.46870967742	-1.46870967742	-1.46870967742	
1.01666666667	105.724605833	108.155935833	110.587265833	113.018595833	115.449925833	117.881255833	120.312585833	122.743915833	125.175245833	127.606575834	0.0	0.0	1.54811059407e-07	-6.13906878415e-07	-3.84018720645e-07	-9.57185951986e-07	-9.69576570422e-07	-3.43443108316e-06	-2.42606370499e-06	-6.73397967032e-06	0.0	6.36734048465e-08	-3.16171781624e-07	9.45524292334e-08	-2.35742260959e-07	-5.09623063729e-09	-1.01378854895e-06	4.14739002179e-07	-1.77183515414e-06	3.62075787043e-07	159.950956588	159.893006677	159.835056765	159.777106854	159.719156943	159.661207031	159.60325712	159.545307208	159.487357297	159.429407386	-4.83368553436	-4.82774898478	-4.82181243521	-4.81587588563	-4.80993933605	-4.80400278647	-4.79806623689	-4.79212968732	-4.78619313774	-4.78025658816	-1.46870967742	-1.46870967742	-1.46870967742	-1.46870967742	-1.46870967742	-1.46870967742	-1.46870967742	-1.46870967742	-1.46870967742	-1.46870967742	
1.03333333333	105.724605833	108.155935833	110.587265833	113.018595833	115.449925833	117.881255833	120.312585833	122.743915833	125.175245833	127.606575834	0.0	0.0	1.54811059407e-07	-6.13906878415e-07	-3.84018720645e-07	-9.57185951986e-07	-9.69576570422e-07	-3.43443108316e-06	-2.42606370499e-06	-6.73397967032e-06	0.0	6.36734048465e-08	-3.16171781624e-07	9.45524292334e-08	-2.35742260959e-07	-5.09623063729e-09	-1.01378854895e-06	4.14739002179e-07	-1.77183515414e-06	3.62075787043e-07	159.950956588	159.893006677	159.835056765	159.777106854	159.719156943	159.661207031	159.60325712	159.545307208	159.487357297	159.429407386	-4.83368553436	-4.82774898478	-4.82181243521	-4.81587588563	-4.80993933605	-4.80400278647	-4.79806623689	-4.79212968732	-4.78619313774	-4.78025658816	-1.46870967742	-1.46870967742	-1.46870967742	-1.46870967742	-1.46870967742	-1.46870967742	-1.46870967742	-1.46870967742	-1.46870967742	-1.46870967742	
1.05	108.067645833	110.440115833	112.812585833	115.185055833	117.557525833	119.929995833	122.302465833	124.674935833	127.047405834	129.419875834	0.0	0.0	1.35247688075e-06	1.81007418789e-06	-7.2350654828e-07	2.41394813255e-06	3.98611622931e-06	6.85297873291e-06	6.68796268214e-06	6.96145728102e-06	0.0	5.70071225658e-07	1.92878016218e-07	-1.06790843979e-06	1.32244229887e-06	6.62671433886e-07	1.20838725193e-06	-6.95545363122e-08	1.15278422438e-07	-3.0915302322e-06	159.872164935	159.778830656	159.685496377	159.592162098	159.498827819	159.40549354	159.312159261	159.218824981	159.125490702	159.032156423	-4.825613899	-4.81605247669	-4.80649105439	-4.79692963209	-4.78736820979	-4.77780678749	-4.76824536519	-4.75868394288	-4.74912252058	-4.73956109828	-1.46870967742	-1.46870967742	-1.46870967742	-1.46870967742	-1.46870967742	-1.46870967742	-1.46870967742	-1.46870967742	-1.46870967742	-1.46870967742	
1.06666666667	108.067645833	110.440115833	112.812585833	115.185055833	117.557525833	119.929995833	122.302465833	124.674935833	127.047405834	129.419875834	0.0	0.0	1.35247688075e-06	1.81007418789e-06	-7.2350654828e-07	2.41394813255e-06	3.98611622931e-06	6.85297873291e-06	6.68796268214e-06	6.96145728102e-06	0.0	5.70071225658e-07	1.92878016218e-07	-1.06790843979e-06	1.32244229887e-06	6.62671433886e-07	1.20838725193e-06	-6.95545363122e-08	1.15278422438e-07	-3.0915302322e-06	159.872164935	159.778830656	159.685496377	159.592162098	159.498827819	159.40549354	159.312159261	159.218824981	159.125490702	159.032156423	-4.825613899	-4.81605247669	-4.80649105439	-4.79692963209	-4.78736820979	-4.77780678749	-4.76824536519	-4.75868394288	-4.74912252058	-4.73956109828	-1.46870967742	-1.46870967742	-1.46870967742	-1.46870967742	-1.46870967742	-1.46870967742	-1.46870967742	-1.46870967742	-1.46870967742	-1.46870967742	
1.08333333333	108.067645833	110.440115833	112.812585833	115.185055833	117.557525833	119.929995833	122.302465833	124.674935833	127.047405834	129.419875834	0.0	0.0	1.35247688075e-06	1.81007418789e-06	-7.2350654828e-07	2.41394813255e-06	3.98611622931e-06	6.85297873291e-06	6.68796268214e-06	6.96145728102e-06	0.0	5.70071225658e-07	1.92878016218e-07	-1.06790843979e-06	1.32244229887e-06	6.62671433886e-07	1.20838725193e-06	-6.95545363122e-08	1.15278422438e-07	-3.0915302322e-06	159.872164935	159.778830656	159.685496377	159.592162098	159.498827819	159.40549354	159.312159261	159.218824981	159.125490702	159.032156423	-4.825613899	-4.81605247669	-4.80649105439	-4.79692963209	-4.78736820979	-4.77780678749	-4.76824536519	-4.75868394288	-4.74912252058	-4.73956109828	-1.46870967742	-1.46870967742	-1.46870967742	-1.46870967742	-1.46870967742	-1.46870967742	-1.46870967742	-1.46870967742	-1.46870967742	-1.46870967742	
1.1	108.067645833	110.440115833	112.812585833	115.185055833	117.557525833	119.929995833	122.302465833	124.674935833	127.047405834	129.419875834	0.0	0.0	1.35247688075e-06	1.81007418789e-06	-7.2350654828e-07	2.41394813255e-06	3.98611622931e-06	6.85297873291e-06	6.68796268214e-06	6.96145728102e-06	0.0	5.70071225658e-07	1.92878016218e-07	-1.06790843979e-06	1.32244229887e-06	6.62671433886e-07	1.20838725193e-06	-6.95545363122e-08	1.15278422438e-07	-3.0915302322e-06	159.872164935	159.778830656	159.685496377	159.592162098	159.498827819	159.40549354	159.312159261	159.218824981	159.125490702	159.032156423	-4.825613899	-4.81605247669	-4.80649105439	-4.79692963209	-4.78736820979	-4.77780678749	-4.76824536519	-4.75868394288	-4.74912252058	-4.73956109828	-1.46870967742	-1.46870967742	-1.46870967742	-1.46870967742	-1.46870967742	-1.46870967742	-1.46870967742	-1.46870967742	-1.46870967742	-1.46870967742	
1.11666666667	108.067645833	110.440115833	112.812585833	115.185055833	117.557525833	119.929995833	122.302465833	124.674935833	127.047405834	129.419875834	0.0	0.0	1.35247688075e-06	1.81007418789e-06	-7.2350654828e-07	2.41394813255e-06	3.98611622931e-06	6.85297873291e-06	6.68796268214e-06	6.96145728102e-06	0.0	5.70071225658e-07	1.92878016218e-07	-1.06790843979e-06	1.32244229887e-06	6.62671433886e-07	1.20838725193e-06	-6.95545363122e-08	1.15278422438e-07	-3.0915302322e-06	159.872164935	159.778830656	159.685496377	159.592162098	159.498827819	159.40549354	159.312159261	159.218824981	159.125490702	159.032156423	-4.825613899	-4.81605247669	-4.80649105439	-4.79692963209	-4.78736820979	-4.77780678749	-4.76824536519	-4.75868394288	-4.74912252058	-4.73956109828	-1.46870967742	-1.46870967742	-1.46870967742	-1.46870967742	-1.46870967742	-1.46870967742	-1.46870967742	-1.46870967742	-1.46870967742	-1.46870967742	
1.13333333333	108.067645833	110.440115833	112.812585833	115.185055833	117.557525833	119.929995833	122.302465833	124.674935833	127.047405834	129.419875834	0.0	0.0	1.35247688075e-06	1.81007418789e-06	-7.2350654828e-07	2.41394813255e-06	3.98611622931e-06	6.85297873291e-06	6.68796268214e-06	6.96145728102e-06	0.0	5.70071225658e-07	1.92878016218e-07	-1.06790843979e-06	1.32244229887e-06	6.62671433886e-07	1.20838725193e-06	-6.95545363122e-08	1.15278422438e-07	-3.0915302322e-06	159.872164935	159.778830656	159.685496377	159.592162098	159.498827819	159.40549354	159.312159261	159.218824981	159.125490702	159.032156423	-4.825613899	-4.81605247669	-4.80649105439	-4.79692963209	-4.78736820979	-4.77780678749	-4.76824536519	-4.75868394288	-4.74912252058	-4.73956109828	-1.46870967742	-1.46870967742	-1.46870967742	-1.46870967742	-1.46870967742	-1.46870967742	-1.46870967742	-1.46870967742	-1.46870967742	-1.46870967742	
1.15	108.067645833	110.440115833	112.812585833	115.185055833	117.557525833	119.929995833	122.302465833	124.674935833	127.047405834	129.419875834	0.0	0.0	1.35247688075e-06	1.81007418789e-06	-7.2350654828e-07	2.41394813255e-06	3.98611622931e-06	6.85297873291e-06	6.68796268214e-06	6.96145728102e-06	0.0	5.70071225658e-07	1.92878016218e-07	-1.06790843979e-06	1.32244229887e-06	6.62671433886e-07	1.20838725193e-06	-6.95545363122e-08	1.15278422438e-07	-3.0915302322e-06	159.872164935	159.778830656	159.685496377	159.592162098	159.498827819	159.40549354	159.312159261	159.218824981	159.125490702	159.032156423	-4.825613899	-4.81605247669	-4.80649105439	-4.79692963209	-4.78736820979	-4.77780678749	-4.76824536519	-4.75868394288	-4.74912252058	-4.73956109828	-1.46870967742	-1.46870967742	-1.46870967742	-1.46870967742	-1.46870967742	-1.46870967742	-1.46870967742	-1.46870967742	-1.46870967742	-1.46870967742	
1.16666666667	110.7268	113.0306	115.3344	117.6382	119.942	122.2458	124.5496	126.8534	129.1572	131.461	0.0	0.0	5.59022027241e-06	8.48697796094e-06	9.50301034232e-06	1.75776769937e-05	1.22754464655e-05	2.15887800095e-05	2.13102870371e-05	3.05305036177e-05	0.0	2.42652151764e-06	1.25738245008e-06	4.41024560015e-07	3.50493387067e-06	-2.30151511766e-06	4.04259638158e-06	-1.20884179386e-07	4.00217752433e-06	8.88822776408e-07	159.737465787	159.60586462	159.474263452	159.342662285	159.211061118	159.07945995	158.947858783	158.816257616	158.684656449	158.553055281	-4.81181494482	-4.79833335641	-4.78485176799	-4.77137017958	-4.75788859117	-4.74440700275	-4.73092541434	-4.71744382593	-4.70396223751	-4.6904806491	-1.46870967742	-1.46870967742	-1.46870967742	-1.46870967742	-1.46870967742	-1.46870967742	-1.46870967742	-1.46870967742	-1.46870967742	-1.46870967742	
1.18333333333	110.7268	113.0306	115.3344	117.6382	119.942	122.2458	124.5496	126.8534	129.1572	131.461	0.0	0.0	5.59022027241e-06	8.48697796094e-06	9.50301034232e-06	1.75776769937e-05	1.22754464655e-05	2.15887800095e-05	2.13102870371e-05	3.05305036177e-05	0.0	2.42652151764e-06	1.25738245008e-06	4.41024560015e-07	3.50493387067e-06	-2.30151511766e-06	4.04259638158e-06	-1.20884179386e-07	4.00217752433e-06	8.88822776408e-07	159.737465787	159.60586462	159.474263452	159.342662285	159.211061118	159.07945995	158.947858783	158.816257616	158.684656449	158.553055281	-4.81181494482	-4.79833335641	-4.78485176799	-4.77137017958	-4.75788859117	-4.74440700275	-4.73092541434	-4.71744382593	-4.70396223751	-4.6904806491	-1.46870967742	-1.46870967742	-1.46870967742	-1.46870967742	-1.46870967742	-1.46870967742	-1.46870967742	-1.46870967742	-1.46870967742	-1.46870967742	
1.2	110.7268	113.0306	115.3344	117.6382	119.942	122.2458	124.5496	126.8534	129.1572	131.461	0.0	0.0	5.59022027241e-06	8.48697796094e-06	9.50301034232e-06	1.75776769937e-05	1.22754464655e-05	2.15887800095e-05	2.13102870371e-05	3.05305036177e-05	0.0	2.42652151764e-06	1.25738245008e-06	4.41024560015e-07	3.50493387067e-06	-2.30151511766e-06	4.04259638158e-06	-1.20884179386e-07	4.00217752433e-06	8.88822776408e-07	159.737465787	159.60586462	159.474263452	159.342662285	159.211061118	159.07945995	158.947858783	158.816257616	158.684656449	158.553055281	-4.81181494482	-4.79833335641	-4.78485176799	-4.77137017958	-4.75788859117	-4.74440700275	-4.73092541434	-4.71744382593	-4.70396223751	-4.6904806491	-1.46870967742	-1.46870967742	-1.46870967742	-1.46870967742	-1.46870967742	-1.46870967742	-1.46870967742	-1.46870967742	-1.46870967742	-1.46870967742	
1.21666666667	110.7268	113.0306	115.3344	117.6382	119.942	122.2458	124.5496	126.8534	129.1572	131.461	0.0	0.0	5.59022027241e-06	8.48697796094e-06	9.50301034232e-06	1.75776769937e-05	1.22754464655e-05	2.15887800095e-05	2.13102870371e-05	3.05305036177e-05	0.0	2.42652151764e-06	1.25738245008e-06	4.41024560015e-07	3.50493387067e-06	-2.30151511766e-06	4.04259638158e-06	-1.20884179386e-07	4.00217752433e-06	8.88822776408e-07	159.737465787	159.60586462	159.474263452	159.342662285	159.211061118	159.07945995	158.947858783	158.816257616	158.684656449	158.553055281	-4.81181494482	-4.79833335641	-4.78485176799	-4.77137017958	-4.75788859117	-4.74440700275	-4.73092541434	-4.71744382593	-4.70396223751	-4.6904806491	-1.46870967742	-1.46870967742	-1.46870967742	-1.46870967742	-1.46870967742	-1.46870967742	-1.46870967742	-1.46870967742	-1.46870967742	-1.46870967742	
1.23333333333	110.7268	113.0306	115.3344	117.6382	119.942	122.2458	124.5496	126.8534	129.1572	131.461	0.0	0.0	5.59022027241e-06	8.48697796094e-06	9.50301034232e-06	1.75776769937e-05	1.22754464655e-05	2.15887800095e-05	2.13102870371e-05	3.05305036177e-05	0.0	2.42652151764e-06	1.25738245008e-06	4.41024560015e-07	3.50493387067e-06	-2.30151511766e-06	4.04259638158e-06	-1.20884179386e-07	4.00217752433e-06	8.88822776408e-07	159.737465787	159.60586462	159.474263452	159.342662285	159.211061118	159.07945995	158.947858783	158.816257616	158.684656449	158.553055281	-4.81181494482	-4.79833335641	-4.78485176799	-4.77137017958	-4.75788859117	-4.74440700275	-4.73092541434	-4.71744382593	-4.70396223751	-4.6904806491	-1.46870967742	-1.46870967742	-1.46870967742	-1.46870967742	-1.46870967742	-1.46870967742	-1.46870967742	-1.46870967742	-1.46870967742	-1.46870967742	
1.25	110.7268	113.0306	115.3344	117.6382	119.942	122.2458	124.5496	126.8534	129.1572	131.461	0.0	0.0	5.59022027241e-06	8.48697796094e-06	9.50301034232e-06	1.75776769937e-05	1.22754464655e-05	2.15887800095e-05	2.13102870371e-05	3.05305036177e-05	0.0	2.42652151764e-06	1.25738245008e-06	4.41024560015e-07	3.50493387067e-06	-2.30151511766e-06	4.04259638158e-06	-1.20884179386e-07	4.00217752433e-06	8.88822776408e-07	159.737465787	159.60586462	159.474263452	159.342662285	159.211061118	159.07945995	158.947858783	158.816257616	158.684656449	158.553055281	-4.81181494482	-4.79833335641	-4.78485176799	-4.77137017958	-4.75788859117	-4.74440700275	-4.73092541434	-4.71744382593	-4.70396223751	-4.6904806491	-1.46870967742	-1.46870967742	-1.46870967742	-1.46870967742	-1.46870967742	-1.46870967742	-1.46870967742	-1.46870967742	-1.46870967742	-1.46870967742	
1.26666666667	110.7268	113.0306	115.3344	117.6382	119.942	122.2458	124.5496	126.8534	129.1572	131.461	0.0	0.0	5.59022027241e-06	8.48697796094e-06	9.50301034232e-06	1.75776769937e-05	1.22754464655e-05	2.15887800095e-05	2.13102870371e-05	3.05305036177e-05	0.0	2.42652151764e-06	1.25738245008e-06	4.41024560015e-07	3.50493387067e-06	-2.30151511766e-06	4.04259638158e-06	-1.20884179386e-07	4.00217752433e-06	8.88822776408e-07	159.737465787	159.60586462	159.474263452	159.342662285	159.211061118	159.07945995	158.947858783	158.816257616	158.684656449	158.553055281	-4.81181494482	-4.79833335641	-4.78485176799	-4.77137017958	-4.75788859117	-4.74440700275	-4.73092541434	-4.71744382593	-4.70396223751	-4.6904806491	-1.46870967742	-1.46870967742	-1.46870967742	-1.46870967742	-1.46870967742	-1.46870967742	-1.46870967742	-1.46870967742	-1.46870967742	-1.46870967742	
1.28333333333	113.305839167	115.540969168	117.776099168	120.011229168	122.246359169	124.481489169	126.716619169	128.95174917	131.18687917	133.42200917	0.0	0.0	-1.0812812799e-07	1.36415245499e-06	1.63662896044e-06	2.60021927525e-06	2.49966639667e-06	2.40086473882e-06	1.78426088003e-06	1.59764918098e-06	0.0	-4.83766617482e-08	6.58700202116e-07	1.21906334489e-07	4.31111530271e-07	-4.49874855434e-08	-4.42039871632e-08	-2.75869349299e-07	-8.34903110895e-08	-4.60536711566e-07	159.560147869	159.393283637	159.226419406	159.059555174	158.892690942	158.725826711	158.558962479	158.392098248	158.225234016	158.058369784	-4.79365000573	-4.77655597124	-4.75946193676	-4.74236790228	-4.7252738678	-4.70817983332	-4.69108579884	-4.67399176435	-4.65689772987	-4.63980369539	-1.46870967742	-1.46870967742	-1.46870967742	-1.46870967742	-1.46870967742	-1.46870967742	-1.46870967742	-1.46870967742	-1.46870967742	-1.46870967742	
1.3	113.305839167	115.540969168	117.776099168	120.011229168	122.246359169	124.481489169	126.716619169	128.95174917	131.18687917	133.42200917	0.0	0.0	-1.0812812799e-07	1.36415245499e-06	1.63662896044e-06	2.60021927525e-06	2.49966639667e-06	2.40086473882e-06	1.78426088003e-06	1.59764918098e-06	0.0	-4.83766617482e-08	6.58700202116e-07	1.21906334489e-07	4.31111530271e-07	-4.49874855434e-08	-4.42039871632e-08	-2.75869349299e-07	-8.34903110895e-08	-4.60536711566e-07	159.560147869	159.393283637	159.226419406	159.059555174	158.892690942	158.725826711	158.558962479	158.392098248	158.225234016	158.058369784	-4.79365000573	-4.77655597124	-4.75946193676	-4.74236790228	-4.7252738678	-4.70817983332	-4.69108579884	-4.67399176435	-4.65689772987	-4.63980369539	-1.46870967742	-1.46870967742	-1.46870967742	-1.46870967742	-1.46870967742	-1.46870967742	-1.46870967742	-1.46870967742	-1.46870967742	-1.46870967742	
1.31666666667	113.305839167	115.540969168	117.776099168	120.011229168	122.246359169	124.481489169	126.716619169	128.95174917	131.18687917	133.42200917	0.0	0.0	-1.0812812799e-07	1.36415245499e-06	1.63662896044e-06	2.60021927525e-06	2.49966639667e-06	2.40086473882e-06	1.78426088003e-06	1.59764918098e-06	0.0	-4.83766617482e-08	6.58700202116e-07	1.21906334489e-07	4.31111530271e-07	-4.49874855434e-08	-4.42039871632e-08	-2.75869349299e-07	-8.34903110895e-08	-4.60536711566e-07	159.560147869	159.393283637	159.226419406	159.059555174	158.892690942	158.725826711	158.558962479	158.392098248	158.225234016	158.058369784	-4.79365000573	-4.77655597124	-4.75946193676	-4.74236790228	-4.7252738678	-4.70817983332	-4.69108579884	-4.67399176435	-4.65689772987	-4.63980369539	-1.46870967742	-1.46870967742	-1.46870967742	-1.46870967742	-1.46870967742	-1.46870967742	-1.46870967742	-1.46870967742	-1.46870967742	-1.46870967742	
1.33333333333	113.305839167	115.540969168	117.776099168	120.011229168	122.246359169	124.481489169	126.716619169	128.95174917	131.18687917	133.42200917	0.0	0.0	-1.0812812799e-07	1.36415245499e-06	1.63662896044e-06	2.60021927525e-06	2.49966639667e-06	2.40086473882e-06	1.78426088003e-06	1.59764918098e-06	0.0	-4.83766617482e-08	6.58700202116e-07	1.21906334489e-07	4.31111530271e-07	-4.49874855434e-08	-4.42039871632e-08	-2.75869349299e-07	-8.34903110895e-08	-4.60536711566e-07	159.560147869	159.393283637	159.226419406	159.059555174	158.892690942	158.725826711	158.558962479	158.392098248	158.225234016	158.058369784	-4.79365000573	-4.77655597124	-4.75946193676	-4.74236790228	-4.7252738678	-4.70817983332	-4.69108579884	-4.67399176435	-4.65689772987	-4.63980369539	-1.46870967742	-1.46870967742	-1.46870967742	-1.46870967742	-1.46870967742	-1.46870967742	-1.46870967742	-1.46870967742	-1.46870967742	-1.46870967742	
1.35	113.305839167	115.540969168	117.776099168	120.011229168	122.246359169	124.481489169	126.716619169	128.95174917	131.18687917	133.42200917	0.0	0.0	-1.0812812799e-07	1.36415245499e-06	1.63662896044e-06	2.60021927525e-06	2.49966639667e-06	2.40086473882e-06	1.78426088003e-06	1.59764918098e-06	0.0	-4.83766617482e-08	6.58700202116e-07	1.21906334489e-07	4.31111530271e-07	-4.49874855434e-08	-4.42039871632e-08	-2.75869349299e-07	-8.34903110895e-08	-4.60536711566e-07	159.560147869	159.393283637	159.226419406	159.059555174	158.892690942	158.725826711	158.558962479	158.392098248	158.225234016	158.058369784	-4.79365000573	-4.77655597124	-4.75946193676	-4.74236790228	-4.7252738678	-4.70817983332	-4.69108579884	-4.67399176435	-4.65689772987	-4.63980369539	-1.46870967742	-1.46870967742	-1.46870967742	-1.46870967742	-1.46870967742	-1.46870967742	-1.46870967742	-1.46870967742	-1.46870967742	-1.46870967742	
1.36666666667	113.305839167	115.540969168	117.776099168	120.011229168	122.246359169	124.481489169	126.716619169	128.95174917	131.18687917	133.42200917	0.0	0.0	-1.0812812799e-07	1.36415245499e-06	1.63662896044e-06	2.60021927525e-06	2.49966639667e-06	2.40086473882e-06	1.78426088003e-06	1.59764918098e-06	0.0	-4.83766617482e-08	6.58700202116e-07	1.21906334489e-07	4.31111530271e-07	-4.49874855434e-08	-4.42039871632e-08	-2.75869349299e-07	-8.34903110895e-08	-4.60536711566e-07	159.560147869	159.393283637	159.226419406	159.059555174	158.892690942	158.725826711	158.558962479	158.392098248	158.225234016	158.058369784	-4.79365000573	-4.77655597124	-4.75946193676	-4.74236790228	-4.7252738678	-4.70817983332	-4.69108579884	-4.67399176435	-4.65689772987	-4.63980369539	-1.46870967742	-1.46870967742	-1.46870967742	-1.46870967742	-1.46870967742	-1.46870967742	-1.46870967742	-1.46870967742	-1.46870967742	-1.46870967742	
1.38333333333	115.452679168	117.628949168	119.805219168	121.981489169	124.157759169	126.334029169	128.51029917	130.68656917	132.86283917	135.039109171	0.0	0.0	2.31953997551e-06	3.52447505467e-06	5.43829711971e-06	5.63116629938e-06	4.38505566392e-06	4.56381360752e-06	3.29974093903e-06	2.13227287774e-06	0.0	1.06583281263e-06	5.53669847475e-07	8.79404699205e-07	8.86237367804e-08	-5.72590090045e-07	8.21395982892e-08	-5.808436767e-07	-5.36453685024e-07	-1.3403936912e-06	159.376783157	159.181904997	158.987026837	158.792148677	158.597270516	158.402392356	158.207514196	158.012636036	157.817757876	157.622879715	-4.77486561631	-4.75490175732	-4.73493789834	-4.71497403935	-4.69501018037	-4.67504632138	-4.6550824624	-4.63511860341	-4.61515474443	-4.59519088544	-1.46870967742	-1.46870967742	-1.46870967742	-1.46870967742	-1.46870967742	-1.46870967742	-1.46870967742	-1.46870967742	-1.46870967742	-1.46870967742	
1.4	115.452679168	117.628949168	119.805219168	121.981489169	124.157759169	126.334029169	128.51029917	130.68656917	132.86283917	135.039109171	0.0	0.0	2.31953997551e-06	3.52447505467e-06	5.43829711971e-06	5.63116629938e-06	4.38505566392e-06	4.56381360752e-06	3.29974093903e-06	2.13227287774e-06	0.0	1.06583281263e-06	5.53669847475e-07	8.79404699205e-07	8.86237367804e-08	-5.72590090045e-07	8.21395982892e-08	-5.808436767e-07	-5.36453685024e-07	-1.3403936912e-06	159.376783157	159.181904997	158.987026837	158.792148677	158.597270516	158.402392356	158.207514196	158.012636036	157.817757876	157.622879715	-4.77486561631	-4.75490175732	-4.73493789834	-4.71497403935	-4.69501018037	-4.67504632138	-4.6550824624	-4.63511860341	-4.61515474443	-4.59519088544	-1.46870967742	-1.46870967742	-1.46870967742	-1.46870967742	-1.46870967742	-1.46870967742	-1.46870967742	-1.46870967742	-1.46870967742	-1.46870967742	
1.41666666667	115.452679168	117.628949168	119.805219168	121.981489169	124.157759169	126.334029169	128.51029917	130.68656917	132.86283917	135.039109171	0.0	0.0	2.31953997551e-06	3.52447505467e-06	5.43829711971e-06	5.63116629938e-06	4.38505566392e-06	4.56381360752e-06	3.29974093903e-06	2.13227287774e-06	0.0	1.06583281263e-06	5.53669847475e-07	8.79404699205e-07	8.86237367804e-08	-5.72590090045e-07	8.21395982892e-08	-5.808436767e-07	-5.36453685024e-07	-1.3403936912e-06	159.376783157	159.181904997	158.987026837	158.792148677	158.597270516	158.402392356	158.207514196	158.012636036	157.817757876	157.622879715	-4.77486561631	-4.75490175732	-4.73493789834	-4.71497403935	-4.69501018037	-4.67504632138	-4.6550824624	-4.63511860341	-4.61515474443	-4.59519088544	-1.46870967742	-1.46870967742	-1.46870967742	-1.46870967742	-1.46870967742	-1.46870967742	-1.46870967742	-1.46870967742	-1.46870967742	-1.46870967742	
1.43333333333	115.452679168	117.628949168	119.805219168	121.981489169	124.157759169	126.334029169	128.51029917	130.68656917	132.86283917	135.039109171	0.0	0.0	2.31953997551e-06	3.52447505467e-06	5.43829711971e-06	5.63116629938e-06	4.38505566392e-06	4.56381360752e-06	3.29974093903e-06	2.13227287774e-06	0.0	1.06583281263e-06	5.53669847475e-07	8.79404699205e-07	8.86237367804e-08	-5.72590090045e-07	8.21395982892e-08	-5.808436767e-07	-5.36453685024e-07	-1.3403936912e-06	159.376783157	159.181904997	158.987026837	158.792148677	158.597270516	158.402392356	158.207514196	158.012636036	157.817757876	157.622879715	-4.77486561631	-4.75490175732	-4.73493789834	-4.71497403935	-4.69501018037	-4.67504632138	-4.6550824624	-4.63511860341	-4.61515474443	-4.59519088544	-1.46870967742	-1.46870967742	-1.46870967742	-1.46870967742	-1.46870967742	-1.46870967742	-1.46870967742	-1.46870967742	-1.46870967742	-1.46870967742	
1.45	115.452679168	117.628949168	119.805219168	121.981489169	124.157759169	126.334029169	128.51029917	130.68656917	132.86283917	135.039109171	0.0	0.0	2.31953997551e-06	3.52447505467e-06	5.43829711971e-06	5.63116629938e-06	4.38505566392e-06	4.56381360752e-06	3.29974093903e-06	2.13227287774e-06	0.0	1.06583281263e-06	5.53669847475e-07	8.79404699205e-07	8.86237367804e-08	-5.72590090045e-07	8.21395982892e-08	-5.808436767e-07	-5.36453685024e-07	-1.3403936912e-06	159.376783157	159.181904997	158.987026837	158.792148677	158.597270516	158.402392356	158.207514196	158.012636036	157.817757876	157.622879715	-4.77486561631	-4.75490175732	-4.73493789834	-4.71497403935	-4.69501018037	-4.67504632138	-4.6550824624	-4.63511860341	-4.61515474443	-4.59519088544	-1.46870967742	-1.46870967742	-1.46870967742	-1.46870967742	-1.46870967742	-1.46870967742	-1.46870967742	-1.46870967742	-1.46870967742	-1.46870967742	
1.46666666667	115.452679168	117.628949168	119.805219168	121.981489169	124.157759169	126.334029169	128.51029917	130.68656917	132.86283917	135.039109171	0.0	0.0	2.31953997551e-06	3.52447505467e-06	5.43829711971e-06	5.63116629938e-06	4.38505566392e-06	4.56381360752e-06	3.29974093903e-06	2.13227287774e-06	0.0	1.06583281263e-06	5.53669847475e-07	8.79404699205e-07	8.86237367804e-08	-5.72590090045e-07	8.21395982892e-08	-5.808436767e-07	-5.36453685024e-07	-1.3403936912e-06	159.376783157	159.181904997	158.987026837	158.792148677	158.597270516	158.402392356	158.207514196	158.012636036	157.817757876	157.622879715	-4.77486561631	-4.75490175732	-4.73493789834	-4.71497403935	-4.69501018037	-4.67504632138	-4.6550824624	-4.63511860341	-4.61515474443	-4.59519088544	-1.46870967742	-1.46870967742	-1.46870967742	-1.46870967742	-1.46870967742	-1.46870967742	-1.46870967742	-1.46870967742	-1.46870967742	-1.46870967742	
1.48333333333	117.540659168	119.658069168	121.775479169	123.892889169	126.01029917	128.12770917	130.24511917	132.362529171	134.479939171	136.597349172	0.0	0.0	5.52628843578e-07	-1.71242052269e-06	-3.37455348485e-06	-3.28567077923e-06	-6.31370826079e-06	-7.71046346083e-06	-9.21672876788e-06	-6.88988625122e-06	0.0	2.60992837229e-07	-1.06972639491e-06	-7.84983995476e-07	4.19770878592e-08	-1.43006667627e-06	-6.59652688797e-07	-7.11371584515e-07	1.09890976062e-06	-1.48503723503e-07	159.166521136	158.945524803	158.72452847	158.503532137	158.282535804	158.061539471	157.840543138	157.619546805	157.398550472	157.177554139	-4.75332579192	-4.73068631491	-4.7080468379	-4.6854073609	-4.66276788389	-4.64012840688	-4.61748892988	-4.59484945287	-4.57220997586	-4.54957049885	-1.46870967742	-1.46870967742	-1.46870967742	-1.46870967742	-1.46870967742	-1.46870967742	-1.46870967742	-1.46870967742	-1.46870967742	-1.46870967742	
1.5	117.540659168	119.658069168	121.775479169	123.892889169	126.01029917	128.12770917	130.24511917	132.362529171	134.479939171	136.597349172	0.0	0.0	5.52628843578e-07	-1.71242052269e-06	-3.37455348485e-06	-3.28567077923e-06	-6.31370826079e-06	-7.71046346083e-06	-9.21672876788e-06	-6.88988625122e-06	0.0	2.60992837229e-07	-1.06972639491e-06	-7.84983995476e-07	4.19770878592e-08	-1.43006667627e-06	-6.59652688797e-07	-7.11371584515e-07	1.09890976062e-06	-1.48503723503e-07	159.166521136	158.945524803	158.72452847	158.503532137	158.282535804	158.061539471	157.840543138	157.619546805	157.398550472	157.177554139	-4.75332579192	-4.73068631491	-4.7080468379	-4.6854073609	-4.66276788389	-4.64012840688	-4.61748892988	-4.59484945287	-4.57220997586	-4.54957049885	-1.46870967742	-1.46870967742	-1.46870967742	-1.46870967742	-1.46870967742	-1.46870967742	-1.46870967742	-1.46870967742	-1.46870967742	-1.46870967742	
1.51666666667	117.540659168	119.658069168	121.775479169	123.892889169	126.01029917	128.12770917	130.24511917	132.362529171	134.479939171	136.597349172	0.0	0.0	5.52628843578e-07	-1.71242052269e-06	-3.37455348485e-06	-3.28567077923e-06	-6.31370826079e-06	-7.71046346083e-06	-9.21672876788e-06	-6.88988625122e-06	0.0	2.60992837229e-07	-1.06972639491e-06	-7.84983995476e-07	4.19770878592e-08	-1.43006667627e-06	-6.59652688797e-07	-7.11371584515e-07	1.09890976062e-06	-1.48503723503e-07	159.166521136	158.945524803	158.72452847	158.503532137	158.282535804	158.061539471	157.840543138	157.619546805	157.398550472	157.177554139	-4.75332579192	-4.73068631491	-4.7080468379	-4.6854073609	-4.66276788389	-4.64012840688	-4.61748892988	-4.59484945287	-4.57220997586	-4.54957049885	-1.46870967742	-1.46870967742	-1.46870967742	-1.46870967742	-1.46870967742	-1.46870967742	-1.46870967742	-1.46870967742	-1.46870967742	-1.46870967742	
1.53333333333	117.540659168	119.658069168	121.775479169	123.892889169	126.01029917	128.12770917	130.24511917	132.362529171	134.479939171	136.597349172	0.0	0.0	5.52628843578e-07	-1.71242052269e-06	-3.37455348485e-06	-3.28567077923e-06	-6.31370826079e-06	-7.71046346083e-06	-9.21672876788e-06	-6.88988625122e-06	0.0	2.60992837229e-07	-1.06972639491e-06	-7.84983995476e-07	4.19770878592e-08	-1.43006667627e-06	-6.59652688797e-07	-7.11371584515e-07	1.09890976062e-06	-1.48503723503e-07	159.166521136	158.945524803	158.72452847	158.503532137	158.282535804	158.061539471	157.840543138	157.619546805	157.398550472	157.177554139	-4.75332579192	-4.73068631491	-4.7080468379	-4.6854073609	-4.66276788389	-4.64012840688	-4.61748892988	-4.59484945287	-4.57220997586	-4.54957049885	-1.46870967742	-1.46870967742	-1.46870967742	-1.46870967742	-1.46870967742	-1.46870967742	-1.46870967742	-1.46870967742	-1.46870967742	-1.46870967742	
1.55	117.540659168	119.658069168	121.775479169	123.892889169	126.01029917	128.12770917	130.24511917	132.362529171	134.479939171	136.597349172	0.0	0.0	5.52628843578e-07	-1.71242052269e-06	-3.37455348485e-06	-3.28567077923e-06	-6.31370826079e-06	-7.71046346083e-06	-9.21672876788e-06	-6.88988625122e-06	0.0	2.60992837229e-07	-1.06972639491e-06	-7.84983995476e-07	4.19770878592e-08	-1.43006667627e-06	-6.59652688797e-07	-7.11371584515e-07	1.09890976062e-06	-1.48503723503e-07	159.166521136	158.945524803	158.72452847	158.503532137	158.282535804	158.061539471	157.840543138	157.619546805	157.398550472	157.177554139	-4.75332579192	-4.73068631491	-4.7080468379	-4.6854073609	-4.66276788389	-4.64012840688	-4.61748892988	-4.59484945287	-4.57220997586	-4.54957049885	-1.46870967742	-1.46870967742	-1.46870967742	-1.46870967742	-1.46870967742	-1.46870967742	-1.46870967742	-1.46870967742	-1.46870967742	-1.46870967742	
1.56666666667	117.540659168	119.658069168	121.775479169	123.892889169	126.01029917	128.12770917	130.24511917	132.362529171	134.479939171	136.597349172	0.0	0.0	5.52628843578e-07	-1.71242052269e-06	-3.37455348485e-06	-3.28567077923e-06	-6.31370826079e-06	-7.71046346083e-06	-9.21672876788e-06	-6.88988625122e-06	0.0	2.60992837229e-07	-1.06972639491e-06	-7.84983995476e-07	4.19770878592e-08	-1.43006667627e-06	-6.59652688797e-07	-7.11371584515e-07	1.09890976062e-06	-1.48503723503e-07	159.166521136	158.945524803	158.72452847	158.503532137	158.282535804	158.061539471	157.840543138	157.619546805	157.398550472	157.177554139	-4.75332579192	-4.73068631491	-4.7080468379	-4.6854073609	-4.66276788389	-4.64012840688	-4.61748892988	-4.59484945287	-4.57220997586	-4.54957049885	-1.46870967742	-1.46870967742	-1.46870967742	-1.46870967742	-1.46870967742	-1.46870967742	-1.46870967742	-1.46870967742	-1.46870967742	-1.46870967742	
1.58333333333	117.540659168	119.658069168	121.775479169	123.892889169	126.01029917	128.12770917	130.24511917	132.362529171	134.479939171	136.597349172	0.0	0.0	5.52628843578e-07	-1.71242052269e-06	-3.37455348485e-06	-3.28567077923e-06	-6.31370826079e-06	-7.71046346083e-06	-9.21672876788e-06	-6.88988625122e-06	0.0	2.60992837229e-07	-1.06972639491e-06	-7.84983995476e-07	4.19770878592e-08	-1.43006667627e-06	-6.59652688797e-07	-7.11371584515e-07	1.09890976062e-06	-1.48503723503e-07	159.166521136	158.945524803	158.72452847	158.503532137	158.282535804	158.061539471	157.840543138	157.619546805	157.398550472	157.177554139	-4.75332579192	-4.73068631491	-4.7080468379	-4.6854073609	-4.66276788389	-4.64012840688	-4.61748892988	-4.59484945287	-4.57220997586	-4.54957049885	-1.46870967742	-1.46870967742	-1.46870967742	-1.46870967742	-1.46870967742	-1.46870967742	-1.46870967742	-1.46870967742	-1.46870967742	-1.46870967742	
1.6	119.902243335	121.950983336	123.999723336	126.048463336	128.097203337	130.145943337	132.194683338	134.243423338	136.292163338	138.340903339	0.0	0.0	-3.76324422448e-06	-7.00508137385e-06	-1.04371517405e-05	-6.65624445368e-06	-3.4891932938e-06	7.42275686992e-06	1.50672882799e-05	1.45479002064e-05	0.0	-1.83685788522e-06	-1.58235654536e-06	-1.67521030778e-06	1.84547931219e-06	1.54585313865e-06	5.32617616763e-06	3.73133311622e-06	-2.53515855321e-07	-9.16207051344e-07	158.904281941	158.690219196	158.47615645	158.262093705	158.048030959	157.833968214	157.619905468	157.405842723	157.191779977	156.977717232	-4.71955322259	-4.68121383046	-4.64287443832	-4.60453504619	-4.56619565405	-4.52785626192	-4.48951686978	-4.45117747764	-4.41283808551	-4.37449869337	-1.39357186554	-1.39357186554	-1.39357186554	-1.39357186554	-1.39357186554	-1.39357186554	-1.39357186554	-1.39357186554	-1.39357186554	-1.39357186554	
1.61666666667	119.902243335	121.950983336	123.999723336	126.048463336	128.097203337	130.145943337	132.194683338	134.243423338	136.292163338	138.340903339	0.0	0.0	-3.76324422448e-06	-7.00508137385e-06	-1.04371517405e-05	-6.65624445368e-06	-3.4891932938e-06	7.42275686992e-06	1.50672882799e-05	1.45479002064e-05	0.0	-1.83685788522e-06	-1.58235654536e-06	-1.67521030778e-06	1.84547931219e-06	1.54585313865e-06	5.32617616763e-06	3.73133311622e-06	-2.53515855321e-07	-9.16207051344e-07	158.904281941	158.690219196	158.47615645	158.262093705	158.048030959	157.833968214	157.619905468	157.405842723	157.191779977	156.977717232	-4.71955322259	-4.68121383046	-4.64287443832	-4.60453504619	-4.56619565405	-4.52785626192	-4.48951686978	-4.45117747764	-4.41283808551	-4.37449869337	-1.39357186554	-1.39357186554	-1.39357186554	-1.39357186554	-1.39357186554	-1.39357186554	-1.39357186554	-1.39357186554	-1.39357186554	-1.39357186554	
1.63333333333	119.902243335	121.950983336	123.999723336	126.048463336	128.097203337	130.145943337	132.194683338	134.243423338	136.292163338	138.340903339	0.0	0.0	-3.76324422448e-06	-7.00508137385e-06	-1.04371517405e-05	-6.65624445368e-06	-3.4891932938e-06	7.42275686992e-06	1.50672882799e-05	1.45479002064e-05	0.0	-1.83685788522e-06	-1.58235654536e-06	-1.67521030778e-06	1.84547931219e-06	1.54585313865e-06	5.32617616763e-06	3.73133311622e-06	-2.53515855321e-07	-9.16207051344e-07	158.904281941	158.690219196	158.47615645	158.262093705	158.048030959	157.833968214	157.619905468	157.405842723	157.191779977	156.977717232	-4.71955322259	-4.68121383046	-4.64287443832	-4.60453504619	-4.56619565405	-4.52785626192	-4.48951686978	-4.45117747764	-4.41283808551	-4.37449869337	-1.39357186554	-1.39357186554	-1.39357186554	-1.39357186554	-1.39357186554	-1.39357186554	-1.39357186554	-1.39357186554	-1.39357186554	-1.39357186554	
1.65	119.902243335	121.950983336	123.999723336	126.048463336	128.097203337	130.145943337	132.194683338	134.243423338	136.292163338	138.340903339	0.0	0.0	-3.76324422448e-06	-7.00508137385e-06	-1.04371517405e-05	-6.65624445368e-06	-3.4891932938e-06	7.42275686992e-06	1.50672882799e-05	1.45479002064e-05	0.0	-1.83685788522e-06	-1.58235654536e-06	-1.67521030778e-06	1.84547931219e-06	1.54585313865e-06	5.32617616763e-06	3.73133311622e-06	-2.53515855321e-07	-9.16207051344e-07	158.904281941	158.690219196	158.47615645	158.262093705	158.048030959	157.833968214	157.619905468	157.405842723	157.191779977	156.977717232	-4.71955322259	-4.68121383046	-4.64287443832	-4.60453504619	-4.56619565405	-4.52785626192	-4.48951686978	-4.45117747764	-4.41283808551	-4.37449869337	-1.39357186554	-1.39357186554	-1.39357186554	-1.39357186554	-1.39357186554	-1.39357186554	-1.39357186554	-1.39357186554	-1.39357186554	-1.39357186554	
1.66666666667	119.902243335	121.950983336	123.999723336	126.048463336	128.097203337	130.145943337	132.194683338	134.243423338	136.292163338	138.340903339	0.0	0.0	-3.76324422448e-06	-7.00508137385e-06	-1.04371517405e-05	-6.65624445368e-06	-3.4891932938e-06	7.42275686992e-06	1.50672882799e-05	1.45479002064e-05	0.0	-1.83685788522e-06	-1.58235654536e-06	-1.67521030778e-06	1.84547931219e-06	1.54585313865e-06	5.32617616763e-06	3.73133311622e-06	-2.53515855321e-07	-9.16207051344e-07	158.904281941	158.690219196	158.47615645	158.262093705	158.048030959	157.833968214	157.619905468	157.405842723	157.191779977	156.977717232	-4.71955322259	-4.68121383046	-4.64287443832	-4.60453504619	-4.56619565405	-4.52785626192	-4.48951686978	-4.45117747764	-4.41283808551	-4.37449869337	-1.39357186554	-1.39357186554	-1.39357186554	-1.39357186554	-1.39357186554	-1.39357186554	-1.39357186554	-1.39357186554	-1.39357186554	-1.39357186554	
1.68333333333	119.902243335	121.950983336	123.999723336	126.048463336	128.097203337	130.145943337	132.194683338	134.243423338	136.292163338	138.340903339	0.0	0.0	-3.76324422448e-06	-7.00508137385e-06	-1.04371517405e-05	-6.65624445368e-06	-3.4891932938e-06	7.42275686992e-06	1.50672882799e-05	1.45479002064e-05	0.0	-1.83685788522e-06	-1.58235654536e-06	-1.67521030778e-06	1.84547931219e-06	1.54585313865e-06	5.32617616763e-06	3.73133311622e-06	-2.53515855321e-07	-9.16207051344e-07	158.904281941	158.690219196	158.47615645	158.262093705	158.048030959	157.833968214	157.619905468	157.405842723	157.191779977	156.977717232	-4.71955322259	-4.68121383046	-4.64287443832	-4.60453504619	-4.56619565405	-4.52785626192	-4.48951686978	-4.45117747764	-4.41283808551	-4.37449869337	-1.39357186554	-1.39357186554	-1.39357186554	-1.39357186554	-1.39357186554	-1.39357186554	-1.39357186554	-1.39357186554	-1.39357186554	-1.39357186554	
1.7	119.902243335	121.950983336	123.999723336	126.048463336	128.097203337	130.145943337	132.194683338	134.243423338	136.292163338	138.340903339	0.0	0.0	-3.76324422448e-06	-7.00508137385e-06	-1.04371517405e-05	-6.65624445368e-06	-3.4891932938e-06	7.42275686992e-06	1.50672882799e-05	1.45479002064e-05	0.0	-1.83685788522e-06	-1.58235654536e-06	-1.67521030778e-06	1.84547931219e-06	1.54585313865e-06	5.32617616763e-06	3.73133311622e-06	-2.53515855321e-07	-9.16207051344e-07	158.904281941	158.690219196	158.47615645	158.262093705	158.048030959	157.833968214	157.619905468	157.405842723	157.191779977	156.977717232	-4.71955322259	-4.68121383046	-4.64287443832	-4.60453504619	-4.56619565405	-4.52785626192	-4.48951686978	-4.45117747764	-4.41283808551	-4.37449869337	-1.39357186554	-1.39357186554	-1.39357186554	-1.39357186554	-1.39357186554	-1.39357186554	-1.39357186554	-1.39357186554	-1.39357186554	-1.39357186554	
1.71666666667	122.183712503	124.163782503	126.143852504	128.123922504	130.103992505	132.084062505	134.064132506	136.044202506	138.024272507	140.004342507	0.0	0.0	6.13932553006e-07	-3.03140626866e-06	-3.6153303739e-06	-6.15616812816e-06	-3.96857395406e-06	-5.9479693932e-06	-2.59113401579e-06	4.06270693082e-07	0.0	3.10055984304e-07	-1.84101512607e-06	-2.94900738401e-07	-1.28320602482e-06	1.10480648336e-06	-9.99659324472e-07	1.69531146702e-06	1.51378724392e-06	2.50769010581e-06	158.678472889	158.500751967	158.323031045	158.145310123	157.967589201	157.789868278	157.612147356	157.434426434	157.256705512	157.07898459	-4.66007434255	-4.60037931315	-4.54068428375	-4.48098925435	-4.42129422495	-4.36159919555	-4.30190416615	-4.24220913675	-4.18251410734	-4.12281907794	-1.24674477608	-1.24674477608	-1.24674477608	-1.24674477608	-1.24674477608	-1.24674477608	-1.24674477608	-1.24674477608	-1.24674477608	-1.24674477608	
1.73333333333	122.183712503	124.163782503	126.143852504	128.123922504	130.103992505	132.084062505	134.064132506	136.044202506	138.024272507	140.004342507	0.0	0.0	6.13932553006e-07	-3.03140626866e-06	-3.6153303739e-06	-6.15616812816e-06	-3.96857395406e-06	-5.9479693932e-06	-2.59113401579e-06	4.06270693082e-07	0.0	3.10055984304e-07	-1.84101512607e-06	-2.94900738401e-07	-1.28320602482e-06	1.10480648336e-06	-9.99659324472e-07	1.69531146702e-06	1.51378724392e-06	2.50769010581e-06	158.678472889	158.500751967	158.323031045	158.145310123	157.967589201	157.789868278	157.612147356	157.434426434	157.256705512	157.07898459	-4.66007434255	-4.60037931315	-4.54068428375	-4.48098925435	-4.42129422495	-4.36159919555	-4.30190416615	-4.24220913675	-4.18251410734	-4.12281907794	-1.24674477608	-1.24674477608	-1.24674477608	-1.24674477608	-1.24674477608	-1.24674477608	-1.24674477608	-1.24674477608	-1.24674477608	-1.24674477608	
1.75	122.183712503	124.163782503	126.143852504	128.123922504	130.103992505	132.084062505	134.064132506	136.044202506	138.024272507	140.004342507	0.0	0.0	6.13932553006e-07	-3.03140626866e-06	-3.6153303739e-06	-6.15616812816e-06	-3.96857395406e-06	-5.9479693932e-06	-2.59113401579e-06	4.06270693082e-07	0.0	3.10055984304e-07	-1.84101512607e-06	-2.94900738401e-07	-1.28320602482e-06	1.10480648336e-06	-9.99659324472e-07	1.69531146702e-06	1.51378724392e-06	2.50769010581e-06	158.678472889	158.500751967	158.323031045	158.145310123	157.967589201	157.789868278	157.612147356	157.434426434	157.256705512	157.07898459	-4.66007434255	-4.60037931315	-4.54068428375	-4.48098925435	-4.42129422495	-4.36159919555	-4.30190416615	-4.24220913675	-4.18251410734	-4.12281907794	-1.24674477608	-1.24674477608	-1.24674477608	-1.24674477608	-1.24674477608	-1.24674477608	-1.24674477608	-1.24674477608	-1.24674477608	-1.24674477608	
1.76666666667	122.183712503	124.163782503	126.143852504	128.123922504	130.103992505	132.084062505	134.064132506	136.044202506	138.024272507	140.004342507	0.0	0.0	6.13932553006e-07	-3.03140626866e-06	-3.6153303739e-06	-6.15616812816e-06	-3.96857395406e-06	-5.9479693932e-06	-2.59113401579e-06	4.06270693082e-07	0.0	3.10055984304e-07	-1.84101512607e-06	-2.94900738401e-07	-1.28320602482e-06	1.10480648336e-06	-9.99659324472e-07	1.69531146702e-06	1.51378724392e-06	2.50769010581e-06	158.678472889	158.500751967	158.323031045	158.145310123	157.967589201	157.789868278	157.612147356	157.434426434	157.256705512	157.07898459	-4.66007434255	-4.60037931315	-4.54068428375	-4.48098925435	-4.42129422495	-4.36159919555	-4.30190416615	-4.24220913675	-4.18251410734	-4.12281907794	-1.24674477608	-1.24674477608	-1.24674477608	-1.24674477608	-1.24674477608	-1.24674477608	-1.24674477608	-1.24674477608	-1.24674477608	-1.24674477608	
1.78333333333	122.183712503	124.163782503	126.143852504	128.123922504	130.103992505	132.084062505	134.064132506	136.044202506	138.024272507	140.004342507	0.0	0.0	6.13932553006e-07	-3.03140626866e-06	-3.6153303739e-06	-6.15616812816e-06	-3.96857395406e-06	-5.9479693932e-06	-2.59113401579e-06	4.06270693082e-07	0.0	3.10055984304e-07	-1.84101512607e-06	-2.94900738401e-07	-1.28320602482e-06	1.10480648336e-06	-9.99659324472e-07	1.69531146702e-06	1.51378724392e-06	2.50769010581e-06	158.678472889	158.500751967	158.323031045	158.145310123	157.967589201	157.789868278	157.612147356	157.434426434	157.256705512	157.07898459	-4.66007434255	-4.60037931315	-4.54068428375	-4.48098925435	-4.42129422495	-4.36159919555	-4.30190416615	-4.24220913675	-4.18251410734	-4.12281907794	-1.24674477608	-1.24674477608	-1.24674477608	-1.24674477608	-1.24674477608	-1.24674477608	-1.24674477608	-1.24674477608	-1.24674477608	-1.24674477608	
1.8	122.183712503	124.163782503	126.143852504	128.123922504	130.103992505	132.084062505	134.064132506	136.044202506	138.024272507	140.004342507	0.0	0.0	6.13932553006e-07	-3.03140626866e-06	-3.6153303739e-06	-6.15616812816e-06	-3.96857395406e-06	-5.9479693932e-06	-2.59113401579e-06	4.06270693082e-07	0.0	3.10055984304e-07	-1.84101512607e-06	-2.94900738401e-07	-1.28320602482e-06	1.10480648336e-06	-9.99659324472e-07	1.69531146702e-06	1.51378724392e-06	2.50769010581e-06	158.678472889	158.500751967	158.323031045	158.145310123	157.967589201	157.789868278	157.612147356	157.434426434	157.256705512	157.07898459	-4.66007434255	-4.60037931315	-4.54068428375	-4.48098925435	-4.42129422495	-4.36159919555	-4.30190416615	-4.24220913675	-4.18251410734	-4.12281907794	-1.24674477608	-1.24674477608	-1.24674477608	-1.24674477608	-1.24674477608	-1.24674477608	-1.24674477608	-1.24674477608	-1.24674477608	-1.24674477608	
1.81666666667	124.075492503	125.996702504	127.917912504	129.839122505	131.760332505	133.681542506	135.602752506	137.523962507	139.445172507	141.366382508	0.0	0.0	-7.39913802868e-07	1.21244362282e-06	2.51224417364e-06	3.68367750982e-06	4.95149977083e-06	2.31861580727e-06	1.49363042041e-06	-1.60315973009e-06	0.0	-3.85129060676e-07	1.01621240007e-06	6.76553083971e-07	6.0973726758e-07	6.59908214439e-07	-1.37043007419e-06	-4.29409271565e-07	-1.61189570616e-06	-4.35443460816e-08	158.520117909	158.375866462	158.231615015	158.087363569	157.943112122	157.798860676	157.654609229	157.510357782	157.366106336	157.221854889	-4.59208855143	-4.51886375993	-4.44563896843	-4.37241417693	-4.29918938543	-4.22596459393	-4.15273980243	-4.07951501093	-4.00629021943	-3.93306542793	-1.10107202131	-1.10107202131	-1.10107202131	-1.10107202131	-1.10107202131	-1.10107202131	-1.10107202131	-1.10107202131	-1.10107202131	-1.10107202131	
1.83333333333	124.075492503	125.996702504	127.917912504	129.839122505	131.760332505	133.681542506	135.602752506	137.523962507	139.445172507	141.366382508	0.0	0.0	-7.39913802868e-07	1.21244362282e-06	2.51224417364e-06	3.68367750982e-06	4.95149977083e-06	2.31861580727e-06	1.49363042041e-06	-1.60315973009e-06	0.0	-3.85129060676e-07	1.01621240007e-06	6.76553083971e-07	6.0973726758e-07	6.59908214439e-07	-1.37043007419e-06	-4.29409271565e-07	-1.61189570616e-06	-4.35443460816e-08	158.520117909	158.375866462	158.231615015	158.087363569	157.943112122	157.798860676	157.654609229	157.510357782	157.366106336	157.221854889	-4.59208855143	-4.51886375993	-4.44563896843	-4.37241417693	-4.29918938543	-4.22596459393	-4.15273980243	-4.07951501093	-4.00629021943	-3.93306542793	-1.10107202131	-1.10107202131	-1.10107202131	-1.10107202131	-1.10107202131	-1.10107202131	-1.10107202131	-1.10107202131	-1.10107202131	-1.10107202131	
1.85	124.075492503	125.996702504	127.917912504	129.839122505	131.760332505	133.681542506	135.602752506	137.523962507	139.445172507	141.366382508	0.0	0.0	-7.39913802868e-07	1.21244362282e-06	2.51224417364e-06	3.68367750982e-06	4.95149977083e-06	2.31861580727e-06	1.49363042041e-06	-1.60315973009e-06	0.0	-3.85129060676e-07	1.01621240007e-06	6.76553083971e-07	6.0973726758e-07	6.59908214439e-07	-1.37043007419e-06	-4.29409271565e-07	-1.61189570616e-06	-4.35443460816e-08	158.520117909	158.375866462	158.231615015	158.087363569	157.943112122	157.798860676	157.654609229	157.510357782	157.366106336	157.221854889	-4.59208855143	-4.51886375993	-4.44563896843	-4.37241417693	-4.29918938543	-4.22596459393	-4.15273980243	-4.07951501093	-4.00629021943	-3.93306542793	-1.10107202131	-1.10107202131	-1.10107202131	-1.10107202131	-1.10107202131	-1.10107202131	-1.10107202131	-1.10107202131	-1.10107202131	-1.10107202131	
1.86666666667	124.075492503	125.996702504	127.917912504	129.839122505	131.760332505	133.681542506	135.602752506	137.523962507	139.445172507	141.366382508	0.0	0.0	-7.39913802868e-07	1.21244362282e-06	2.51224417364e-06	3.68367750982e-06	4.95149977083e-06	2.31861580727e-06	1.49363042041e-06	-1.60315973009e-06	0.0	-3.85129060676e-07	1.01621240007e-06	6.76553083971e-07	6.0973726758e-07	6.59908214439e-07	-1.37043007419e-06	-4.29409271565e-07	-1.61189570616e-06	-4.35443460816e-08	158.520117909	158.375866462	158.231615015	158.087363569	157.943112122	157.798860676	157.654609229	157.510357782	157.366106336	157.221854889	-4.59208855143	-4.51886375993	-4.44563896843	-4.37241417693	-4.29918938543	-4.22596459393	-4.15273980243	-4.07951501093	-4.00629021943	-3.93306542793	-1.10107202131	-1.10107202131	-1.10107202131	-1.10107202131	-1.10107202131	-1.10107202131	-1.10107202131	-1.10107202131	-1.10107202131	-1.10107202131	
1.88333333333	124.075492503	125.996702504	127.917912504	129.839122505	131.760332505	133.681542506	135.602752506	137.523962507	139.445172507	141.366382508	0.0	0.0	-7.39913802868e-07	1.21244362282e-06	2.51224417364e-06	3.68367750982e-06	4.95149977083e-06	2.31861580727e-06	1.49363042041e-06	-1.60315973009e-06	0.0	-3.85129060676e-07	1.01621240007e-06	6.76553083971e-07	6.0973726758e-07	6.59908214439e-07	-1.37043007419e-06	-4.29409271565e-07	-1.61189570616e-06	-4.35443460816e-08	158.520117909	158.375866462	158.231615015	158.087363569	157.943112122	157.798860676	157.654609229	157.510357782	157.366106336	157.221854889	-4.59208855143	-4.51886375993	-4.44563896843	-4.37241417693	-4.29918938543	-4.22596459393	-4.15273980243	-4.07951501093	-4.00629021943	-3.93306542793	-1.10107202131	-1.10107202131	-1.10107202131	-1.10107202131	-1.10107202131	-1.10107202131	-1.10107202131	-1.10107202131	-1.10107202131	-1.10107202131	
1.9	124.075492503	125.996702504	127.917912504	129.839122505	131.760332505	133.681542506	135.602752506	137.523962507	139.445172507	141.366382508	0.0	0.0	-7.39913802868e-07	1.21244362282e-06	2.51224417364e-06	3.68367750982e-06	4.95149977083e-06	2.31861580727e-06	1.49363042041e-06	-1.60315973009e-06	0.0	-3.85129060676e-07	1.01621240007e-06	6.76553083971e-07	6.0973726758e-07	6.59908214439e-07	-1.37043007419e-06	-4.29409271565e-07	-1.61189570616e-06	-4.35443460816e-08	158.520117909	158.375866462	158.231615015	158.087363569	157.943112122	157.798860676	157.654609229	157.510357782	157.366106336	157.221854889	-4.59208855143	-4.51886375993	-4.44563896843	-4.37241417693	-4.29918938543	-4.22596459393	-4.15273980243	-4.07951501093	-4.00629021943	-3.93306542793	-1.10107202131	-1.10107202131	-1.10107202131	-1.10107202131	-1.10107202131	-1.10107202131	-1.10107202131	-1.10107202131	-1.10107202131	-1.10107202131	
1.91666666667	125.908412504	127.770762504	129.633112505	131.495462505	133.357812506	135.220162506	137.082512507	138.944862507	140.807212508	142.669562508	0.0	0.0	-4.63973917197e-07	-4.53891999767e-07	-1.67526207069e-06	-1.79481464417e-06	5.65835151086e-07	-2.1891541353e-06	-3.91175837556e-06	-6.0574791091e-06	0.0	-2.49133576966e-07	5.41354601839e-09	-6.55821983284e-07	-6.41944712047e-08	1.26756506273e-06	-1.47930801707e-06	-9.24962676059e-07	-1.15215761425e-06	-2.34596578126e-06	158.39625481	158.287140419	158.178026029	158.068911638	157.959797248	157.850682857	157.741568467	157.632454076	157.523339685	157.414225295	-4.51366905381	-4.43237864396	-4.35108823411	-4.26979782426	-4.1885074144	-4.10721700455	-4.0259265947	-3.94463618485	-3.863345775	-3.78205536514	-0.930501792148	-0.930501792148	-0.930501792148	-0.930501792148	-0.930501792148	-0.930501792148	-0.930501792148	-0.930501792148	-0.930501792148	-0.930501792148	
1.93333333333	125.908412504	127.770762504	129.633112505	131.495462505	133.357812506	135.220162506	137.082512507	138.944862507	140.807212508	142.669562508	0.0	0.0	-4.63973917197e-07	-4.53891999767e-07	-1.67526207069e-06	-1.79481464417e-06	5.65835151086e-07	-2.1891541353e-06	-3.91175837556e-06	-6.0574791091e-06	0.0	-2.49133576966e-07	5.41354601839e-09	-6.55821983284e-07	-6.41944712047e-08	1.26756506273e-06	-1.47930801707e-06	-9.24962676059e-07	-1.15215761425e-06	-2.34596578126e-06	158.39625481	158.287140419	158.178026029	158.068911638	157.959797248	157.850682857	157.741568467	157.632454076	157.523339685	157.414225295	-4.51366905381	-4.43237864396	-4.35108823411	-4.26979782426	-4.1885074144	-4.10721700455	-4.0259265947	-3.94463618485	-3.863345775	-3.78205536514	-0.930501792148	-0.930501792148	-0.930501792148	-0.930501792148	-0.930501792148	-0.930501792148	-0.930501792148	-0.930501792148	-0.930501792148	-0.930501792148	
1.95	125.908412504	127.770762504	129.633112505	131.495462505	133.357812506	135.220162506	137.082512507	138.944862507	140.807212508	142.669562508	0.0	0.0	-4.63973917197e-07	-4.53891999767e-07	-1.67526207069e-06	-1.79481464417e-06	5.65835151086e-07	-2.1891541353e-06	-3.91175837556e-06	-6.0574791091e-06	0.0	-2.49133576966e-07	5.41354601839e-09	-6.55821983284e-07	-6.41944712047e-08	1.26756506273e-06	-1.47930801707e-06	-9.24962676059e-07	-1.15215761425e-06	-2.34596578126e-06	158.39625481	158.287140419	158.178026029	158.068911638	157.959797248	157.850682857	157.741568467	157.632454076	157.523339685	157.414225295	-4.51366905381	-4.43237864396	-4.35108823411	-4.26979782426	-4.1885074144	-4.10721700455	-4.0259265947	-3.94463618485	-3.863345775	-3.78205536514	-0.930501792148	-0.930501792148	-0.930501792148	-0.930501792148	-0.930501792148	-0.930501792148	-0.930501792148	-0.930501792148	-0.930501792148	-0.930501792148	
1.96666666667	125.908412504	127.770762504	129.633112505	131.495462505	133.357812506	135.220162506	137.082512507	138.944862507	140.807212508	142.669562508	0.0	0.0	-4.63973917197e-07	-4.53891999767e-07	-1.67526207069e-06	-1.79481464417e-06	5.65835151086e-07	-2.1891541353e-06	-3.91175837556e-06	-6.0574791091e-06	0.0	-2.49133576966e-07	5.41354601839e-09	-6.55821983284e-07	-6.41944712047e-08	1.26756506273e-06	-1.47930801707e-06	-9.24962676059e-07	-1.15215761425e-06	-2.34596578126e-06	158.39625481	158.287140419	158.178026029	158.068911638	157.959797248	157.850682857	157.741568467	157.632454076	157.523339685	157.414225295	-4.51366905381	-4.43237864396	-4.35108823411	-4.26979782426	-4.1885074144	-4.10721700455	-4.0259265947	-3.94463618485	-3.863345775	-3.78205536514	-0.930501792148	-0.930501792148	-0.930501792148	-0.930501792148	-0.930501792148	-0.930501792148	-0.930501792148	-0.930501792148	-0.930501792148	-0.930501792148	
1.98333333333	125.908412504	127.770762504	129.633112505	131.495462505	133.357812506	135.220162506	137.082512507	138.944862507	140.807212508	142.669562508	0.0	0.0	-4.63973917197e-07	-4.53891999767e-07	-1.67526207069e-06	-1.79481464417e-06	5.65835151086e-07	-2.1891541353e-06	-3.91175837556e-06	-6.0574791091e-06	0.0	-2.49133576966e-07	5.41354601839e-09	-6.55821983284e-07	-6.41944712047e-08	1.26756506273e-06	-1.47930801707e-06	-9.24962676059e-07	-1.15215761425e-06	-2.34596578126e-06	158.39625481	158.287140419	158.178026029	158.068911638	157.959797248	157.850682857	157.741568467	157.632454076	157.523339685	157.414225295	-4.51366905381	-4.43237864396	-4.35108823411	-4.26979782426	-4.1885074144	-4.10721700455	-4.0259265947	-3.94463618485	-3.863345775	-3.78205536514	-0.930501792148	-0.930501792148	-0.930501792148	-0.930501792148	-0.930501792148	-0.930501792148	-0.930501792148	-0.930501792148	-0.930501792148	-0.930501792148	
2.0	125.908412504	127.770762504	129.633112505	131.495462505	133.357812506	135.220162506	137.082512507	138.944862507	140.807212508	142.669562508	0.0	0.0	-4.63973917197e-07	-4.53891999767e-07	-1.67526207069e-06	-1.79481464417e-06	5.65835151086e-07	-2.1891541353e-06	-3.91175837556e-06	-6.0574791091e-06	0.0	-2.49133576966e-07	5.41354601839e-09	-6.55821983284e-07	-6.41944712047e-08	1.26756506273e-06	-1.47930801707e-06	-9.24962676059e-07	-1.15215761425e-06	-2.34596578126e-06	158.39625481	158.287140419	158.178026029	158.068911638	157.959797248	157.850682857	157.741568467	157.632454076	157.523339685	157.414225295	-4.51366905381	-4.43237864396	-4.35108823411	-4.26979782426	-4.1885074144	-4.10721700455	-4.0259265947	-3.94463618485	-3.863345775	-3.78205536514	-0.930501792148	-0.930501792148	-0.930501792148	-0.930501792148	-0.930501792148	-0.930501792148	-0.930501792148	-0.930501792148	-0.930501792148	-0.930501792148	
2.01666666667	125.908412504	127.770762504	129.633112505	131.495462505	133.357812506	135.220162506	137.082512507	138.944862507	140.807212508	142.669562508	0.0	0.0	-4.63973917197e-07	-4.53891999767e-07	-1.67526207069e-06	-1.79481464417e-06	5.65835151086e-07	-2.1891541353e-06	-3.91175837556e-06	-6.0574791091e-06	0.0	-2.49133576966e-07	5.41354601839e-09	-6.55821983284e-07	-6.41944712047e-08	1.26756506273e-06	-1.47930801707e-06	-9.24962676059e-07	-1.15215761425e-06	-2.34596578126e-06	158.39625481	158.287140419	158.178026029	158.068911638	157.959797248	157.850682857	157.741568467	157.632454076	157.523339685	157.414225295	-4.51366905381	-4.43237864396	-4.35108823411	-4.26979782426	-4.1885074144	-4.10721700455	-4.0259265947	-3.94463618485	-3.863345775	-3.78205536514	-0.930501792148	-0.930501792148	-0.930501792148	-0.930501792148	-0.930501792148	-0.930501792148	-0.930501792148	-0.930501792148	-0.930501792148	-0.930501792148	
2.03333333333	127.972426671	129.766106671	131.559786672	133.353466673	135.147146673	136.940826674	138.734506674	140.528186675	142.321866675	144.115546676	0.0	0.0	2.36730641067e-06	-7.73737540192e-06	-1.52777460078e-05	-2.68896139207e-05	-3.10339603966e-05	-4.25403326961e-05	-4.55108847259e-05	-4.99139179617e-05	0.0	1.31980420697e-06	-5.63349193255e-06	-4.20385498172e-06	-6.47376784567e-06	-2.31052722598e-06	-6.41495266496e-06	-1.65612150933e-06	-2.45474846936e-06	-1.56780262829e-06	158.296898599	158.229712223	158.162525846	158.09533947	158.028153094	157.960966718	157.893780341	157.826593965	157.759407589	157.692221213	-4.41731518622	-4.3352291438	-4.25314310139	-4.17105705898	-4.08897101657	-4.00688497416	-3.92479893175	-3.84271288933	-3.76062684692	-3.67854080451	-0.68591241911	-0.68591241911	-0.68591241911	-0.68591241911	-0.68591241911	-0.68591241911	-0.68591241911	-0.68591241911	-0.68591241911	-0.68591241911	
2.05	127.972426671	129.766106671	131.559786672	133.353466673	135.147146673	136.940826674	138.734506674	140.528186675	142.321866675	144.115546676	0.0	0.0	2.36730641067e-06	-7.73737540192e-06	-1.52777460078e-05	-2.68896139207e-05	-3.10339603966e-05	-4.25403326961e-05	-4.55108847259e-05	-4.99139179617e-05	0.0	1.31980420697e-06	-5.63349193255e-06	-4.20385498172e-06	-6.47376784567e-06	-2.31052722598e-06	-6.41495266496e-06	-1.65612150933e-06	-2.45474846936e-06	-1.56780262829e-06	158.296898599	158.229712223	158.162525846	158.09533947	158.028153094	157.960966718	157.893780341	157.826593965	157.759407589	157.692221213	-4.41731518622	-4.3352291438	-4.25314310139	-4.17105705898	-4.08897101657	-4.00688497416	-3.92479893175	-3.84271288933	-3.76062684692	-3.67854080451	-0.68591241911	-0.68591241911	-0.68591241911	-0.68591241911	-0.68591241911	-0.68591241911	-0.68591241911	-0.68591241911	-0.68591241911	-0.68591241911	
2.06666666667	127.972426671	129.766106671	131.559786672	133.353466673	135.147146673	136.940826674	138.734506674	140.528186675	142.321866675	144.115546676	0.0	0.0	2.36730641067e-06	-7.73737540192e-06	-1.52777460078e-05	-2.68896139207e-05	-3.10339603966e-05	-4.25403326961e-05	-4.55108847259e-05	-4.99139179617e-05	0.0	1.31980420697e-06	-5.63349193255e-06	-4.20385498172e-06	-6.47376784567e-06	-2.31052722598e-06	-6.41495266496e-06	-1.65612150933e-06	-2.45474846936e-06	-1.56780262829e-06	158.296898599	158.229712223	158.162525846	158.09533947	158.028153094	157.960966718	157.893780341	157.826593965	157.759407589	157.692221213	-4.41731518622	-4.3352291438	-4.25314310139	-4.17105705898	-4.08897101657	-4.00688497416	-3.92479893175	-3.84271288933	-3.76062684692	-3.67854080451	-0.68591241911	-0.68591241911	-0.68591241911	-0.68591241911	-0.68591241911	-0.68591241911	-0.68591241911	-0.68591241911	-0.68591241911	-0.68591241911	
2.08333333333	127.972426671	129.766106671	131.559786672	133.353466673	135.147146673	136.940826674	138.734506674	140.528186675	142.321866675	144.115546676	0.0	0.0	2.36730641067e-06	-7.73737540192e-06	-1.52777460078e-05	-2.68896139207e-05	-3.10339603966e-05	-4.25403326961e-05	-4.55108847259e-05	-4.99139179617e-05	0.0	1.31980420697e-06	-5.63349193255e-06	-4.20385498172e-06	-6.47376784567e-06	-2.31052722598e-06	-6.41495266496e-06	-1.65612150933e-06	-2.45474846936e-06	-1.56780262829e-06	158.296898599	158.229712223	158.162525846	158.09533947	158.028153094	157.960966718	157.893780341	157.826593965	157.759407589	157.692221213	-4.41731518622	-4.3352291438	-4.25314310139	-4.17105705898	-4.08897101657	-4.00688497416	-3.92479893175	-3.84271288933	-3.76062684692	-3.67854080451	-0.68591241911	-0.68591241911	-0.68591241911	-0.68591241911	-0.68591241911	-0.68591241911	-0.68591241911	-0.68591241911	-0.68591241911	-0.68591241911	
2.1	127.972426671	129.766106671	131.559786672	133.353466673	135.147146673	136.940826674	138.734506674	140.528186675	142.321866675	144.115546676	0.0	0.0	2.36730641067e-06	-7.73737540192e-06	-1.52777460078e-05	-2.68896139207e-05	-3.10339603966e-05	-4.25403326961e-05	-4.55108847259e-05	-4.99139179617e-05	0.0	1.31980420697e-06	-5.63349193255e-06	-4.20385498172e-06	-6.47376784567e-06	-2.31052722598e-06	-6.41495266496e-06	-1.65612150933e-06	-2.45474846936e-06	-1.56780262829e-06	158.296898599	158.229712223	158.162525846	158.09533947	158.028153094	157.960966718	157.893780341	157.826593965	157.759407589	157.692221213	-4.41731518622	-4.3352291438	-4.25314310139	-4.17105705898	-4.08897101657	-4.00688497416	-3.92479893175	-3.84271288933	-3.76062684692	-3.67854080451	-0.68591241911	-0.68591241911	-0.68591241911	-0.68591241911	-0.68591241911	-0.68591241911	-0.68591241911	-0.68591241911	-0.68591241911	-0.68591241911	
2.11666666667	127.972426671	129.766106671	131.559786672	133.353466673	135.147146673	136.940826674	138.734506674	140.528186675	142.321866675	144.115546676	0.0	0.0	2.36730641067e-06	-7.73737540192e-06	-1.52777460078e-05	-2.68896139207e-05	-3.10339603966e-05	-4.25403326961e-05	-4.55108847259e-05	-4.99139179617e-05	0.0	1.31980420697e-06	-5.63349193255e-06	-4.20385498172e-06	-6.47376784567e-06	-2.31052722598e-06	-6.41495266496e-06	-1.65612150933e-06	-2.45474846936e-06	-1.56780262829e-06	158.296898599	158.229712223	158.162525846	158.09533947	158.028153094	157.960966718	157.893780341	157.826593965	157.759407589	157.692221213	-4.41731518622	-4.3352291438	-4.25314310139	-4.17105705898	-4.08897101657	-4.00688497416	-3.92479893175	-3.84271288933	-3.76062684692	-3.67854080451	-0.68591241911	-0.68591241911	-0.68591241911	-0.68591241911	-0.68591241911	-0.68591241911	-0.68591241911	-0.68591241911	-0.68591241911	-0.68591241911	
2.13333333333	129.677816672	131.412636672	133.147456673	134.882276673	136.617096674	138.351916674	140.086736675	141.821556676	143.556376676	145.291196677	0.0	0.0	7.03750585132e-06	1.16833487927e-05	2.32167593886e-05	3.03164103889e-05	4.06678779184e-05	4.51064869239e-05	5.40025853108e-05	5.76398033289e-05	0.0	4.0566201963e-06	2.67799710624e-06	6.64818862591e-06	4.09244244237e-06	5.96688274638e-06	2.55854152241e-06	5.1279662351e-06	2.0965967748e-06	5.89936792723e-06	158.250212221	158.217825857	158.185439493	158.153053128	158.120666764	158.0882804	158.055894035	158.023507671	157.991121307	157.958734942	-4.3394352489	-4.26587944121	-4.19232363352	-4.11876782583	-4.04521201814	-3.97165621046	-3.89810040277	-3.82454459508	-3.75098878739	-3.6774329797	-0.414755251394	-0.414755251394	-0.414755251394	-0.414755251394	-0.414755251394	-0.414755251394	-0.414755251394	-0.414755251394	-0.414755251394	-0.414755251394	
2.15	129.677816672	131.412636672	133.147456673	134.882276673	136.617096674	138.351916674	140.086736675	141.821556676	143.556376676	145.291196677	0.0	0.0	7.03750585132e-06	1.16833487927e-05	2.32167593886e-05	3.03164103889e-05	4.06678779184e-05	4.51064869239e-05	5.40025853108e-05	5.76398033289e-05	0.0	4.0566201963e-06	2.67799710624e-06	6.64818862591e-06	4.09244244237e-06	5.96688274638e-06	2.55854152241e-06	5.1279662351e-06	2.0965967748e-06	5.89936792723e-06	158.250212221	158.217825857	158.185439493	158.153053128	158.120666764	158.0882804	158.055894035	158.023507671	157.991121307	157.958734942	-4.3394352489	-4.26587944121	-4.19232363352	-4.11876782583	-4.04521201814	-3.97165621046	-3.89810040277	-3.82454459508	-3.75098878739	-3.6774329797	-0.414755251394	-0.414755251394	-0.414755251394	-0.414755251394	-0.414755251394	-0.414755251394	-0.414755251394	-0.414755251394	-0.414755251394	-0.414755251394	
2.16666666667	129.677816672	131.412636672	133.147456673	134.882276673	136.617096674	138.351916674	140.086736675	141.821556676	143.556376676	145.291196677	0.0	0.0	7.03750585132e-06	1.16833487927e-05	2.32167593886e-05	3.03164103889e-05	4.06678779184e-05	4.51064869239e-05	5.40025853108e-05	5.76398033289e-05	0.0	4.0566201963e-06	2.67799710624e-06	6.64818862591e-06	4.09244244237e-06	5.96688274638e-06	2.55854152241e-06	5.1279662351e-06	2.0965967748e-06	5.89936792723e-06	158.250212221	158.217825857	158.185439493	158.153053128	158.120666764	158.0882804	158.055894035	158.023507671	157.991121307	157.958734942	-4.3394352489	-4.26587944121	-4.19232363352	-4.11876782583	-4.04521201814	-3.97165621046	-3.89810040277	-3.82454459508	-3.75098878739	-3.6774329797	-0.414755251394	-0.414755251394	-0.414755251394	-0.414755251394	-0.414755251394	-0.414755251394	-0.414755251394	-0.414755251394	-0.414755251394	-0.414755251394	
2.18333333333	129.677816672	131.412636672	133.147456673	134.882276673	136.617096674	138.351916674	140.086736675	141.821556676	143.556376676	145.291196677	0.0	0.0	7.03750585132e-06	1.16833487927e-05	2.32167593886e-05	3.03164103889e-05	4.06678779184e-05	4.51064869239e-05	5.40025853108e-05	5.76398033289e-05	0.0	4.0566201963e-06	2.67799710624e-06	6.64818862591e-06	4.09244244237e-06	5.96688274638e-06	2.55854152241e-06	5.1279662351e-06	2.0965967748e-06	5.89936792723e-06	158.250212221	158.217825857	158.185439493	158.153053128	158.120666764	158.0882804	158.055894035	158.023507671	157.991121307	157.958734942	-4.3394352489	-4.26587944121	-4.19232363352	-4.11876782583	-4.04521201814	-3.97165621046	-3.89810040277	-3.82454459508	-3.75098878739	-3.6774329797	-0.414755251394	-0.414755251394	-0.414755251394	-0.414755251394	-0.414755251394	-0.414755251394	-0.414755251394	-0.414755251394	-0.414755251394	-0.414755251394	
2.2	129.677816672	131.412636672	133.147456673	134.882276673	136.617096674	138.351916674	140.086736675	141.821556676	143.556376676	145.291196677	0.0	0.0	7.03750585132e-06	1.16833487927e-05	2.32167593886e-05	3.03164103889e-05	4.06678779184e-05	4.51064869239e-05	5.40025853108e-05	5.76398033289e-05	0.0	4.0566201963e-06	2.67799710624e-06	6.64818862591e-06	4.09244244237e-06	5.96688274638e-06	2.55854152241e-06	5.1279662351e-06	2.0965967748e-06	5.89936792723e-06	158.250212221	158.217825857	158.185439493	158.153053128	158.120666764	158.0882804	158.055894035	158.023507671	157.991121307	157.958734942	-4.3394352489	-4.26587944121	-4.19232363352	-4.11876782583	-4.04521201814	-3.97165621046	-3.89810040277	-3.82454459508	-3.75098878739	-3.6774329797	-0.414755251394	-0.414755251394	-0.414755251394	-0.414755251394	-0.414755251394	-0.414755251394	-0.414755251394	-0.414755251394	-0.414755251394	-0.414755251394	
2.21666666667	129.677816672	131.412636672	133.147456673	134.882276673	136.617096674	138.351916674	140.086736675	141.821556676	143.556376676	145.291196677	0.0	0.0	7.03750585132e-06	1.16833487927e-05	2.32167593886e-05	3.03164103889e-05	4.06678779184e-05	4.51064869239e-05	5.40025853108e-05	5.76398033289e-05	0.0	4.0566201963e-06	2.67799710624e-06	6.64818862591e-06	4.09244244237e-06	5.96688274638e-06	2.55854152241e-06	5.1279662351e-06	2.0965967748e-06	5.89936792723e-06	158.250212221	158.217825857	158.185439493	158.153053128	158.120666764	158.0882804	158.055894035	158.023507671	157.991121307	157.958734942	-4.3394352489	-4.26587944121	-4.19232363352	-4.11876782583	-4.04521201814	-3.97165621046	-3.89810040277	-3.82454459508	-3.75098878739	-3.6774329797	-0.414755251394	-0.414755251394	-0.414755251394	-0.414755251394	-0.414755251394	-0.414755251394	-0.414755251394	-0.414755251394	-0.414755251394	-0.414755251394	
2.23333333333	131.324346673	133.000306674	134.676266675	136.352226676	138.028186677	139.704146678	141.380106679	143.05606668	144.732026681	146.407986682	0.0	0.0	-4.90740781814e-07	1.12069571148e-06	2.72784514883e-06	8.58639006486e-06	1.10803338782e-05	1.42072838819e-05	1.59992777626e-05	1.89490533e-05	0.0	-2.92811750589e-07	9.6150056822e-07	9.58942597901e-07	3.49563528515e-06	1.48806881537e-06	1.86576648716e-06	1.06923427746e-06	1.76005127545e-06	2.42468500295e-06	158.235991764	158.233719624	158.231447485	158.229175345	158.226903206	158.224631067	158.222358927	158.220086788	158.217814648	158.215542509	-4.27601598619	-4.221399317	-4.16678264781	-4.11216597862	-4.05754930943	-4.00293264025	-3.94831597106	-3.89369930187	-3.83908263268	-3.78446596349	-0.0415775996374	-0.0415775996374	-0.0415775996374	-0.0415775996374	-0.0415775996374	-0.0415775996374	-0.0415775996374	-0.0415775996374	-0.0415775996374	-0.0415775996374	
2.25	131.324346673	133.000306674	134.676266675	136.352226676	138.028186677	139.704146678	141.380106679	143.05606668	144.732026681	146.407986682	0.0	0.0	-4.90740781814e-07	1.12069571148e-06	2.72784514883e-06	8.58639006486e-06	1.10803338782e-05	1.42072838819e-05	1.59992777626e-05	1.89490533e-05	0.0	-2.92811750589e-07	9.6150056822e-07	9.58942597901e-07	3.49563528515e-06	1.48806881537e-06	1.86576648716e-06	1.06923427746e-06	1.76005127545e-06	2.42468500295e-06	158.235991764	158.233719624	158.231447485	158.229175345	158.226903206	158.224631067	158.222358927	158.220086788	158.217814648	158.215542509	-4.27601598619	-4.221399317	-4.16678264781	-4.11216597862	-4.05754930943	-4.00293264025	-3.94831597106	-3.89369930187	-3.83908263268	-3.78446596349	-0.0415775996374	-0.0415775996374	-0.0415775996374	-0.0415775996374	-0.0415775996374	-0.0415775996374	-0.0415775996374	-0.0415775996374	-0.0415775996374	-0.0415775996374	
2.26666666667	131.324346673	133.000306674	134.676266675	136.352226676	138.028186677	139.704146678	141.380106679	143.05606668	144.732026681	146.407986682	0.0	0.0	-4.90740781814e-07	1.12069571148e-06	2.72784514883e-06	8.58639006486e-06	1.10803338782e-05	1.42072838819e-05	1.59992777626e-05	1.89490533e-05	0.0	-2.92811750589e-07	9.6150056822e-07	9.58942597901e-07	3.49563528515e-06	1.48806881537e-06	1.86576648716e-06	1.06923427746e-06	1.76005127545e-06	2.42468500295e-06	158.235991764	158.233719624	158.231447485	158.229175345	158.226903206	158.224631067	158.222358927	158.220086788	158.217814648	158.215542509	-4.27601598619	-4.221399317	-4.16678264781	-4.11216597862	-4.05754930943	-4.00293264025	-3.94831597106	-3.89369930187	-3.83908263268	-3.78446596349	-0.0415775996374	-0.0415775996374	-0.0415775996374	-0.0415775996374	-0.0415775996374	-0.0415775996374	-0.0415775996374	-0.0415775996374	-0.0415775996374	-0.0415775996374	
2.28333333333	131.324346673	133.000306674	134.676266675	136.352226676	138.028186677	139.704146678	141.380106679	143.05606668	144.732026681	146.407986682	0.0	0.0	-4.90740781814e-07	1.12069571148e-06	2.72784514883e-06	8.58639006486e-06	1.10803338782e-05	1.42072838819e-05	1.59992777626e-05	1.89490533e-05	0.0	-2.92811750589e-07	9.6150056822e-07	9.58942597901e-07	3.49563528515e-06	1.48806881537e-06	1.86576648716e-06	1.06923427746e-06	1.76005127545e-06	2.42468500295e-06	158.235991764	158.233719624	158.231447485	158.229175345	158.226903206	158.224631067	158.222358927	158.220086788	158.217814648	158.215542509	-4.27601598619	-4.221399317	-4.16678264781	-4.11216597862	-4.05754930943	-4.00293264025	-3.94831597106	-3.89369930187	-3.83908263268	-3.78446596349	-0.0415775996374	-0.0415775996374	-0.0415775996374	-0.0415775996374	-0.0415775996374	-0.0415775996374	-0.0415775996374	-0.0415775996374	-0.0415775996374	-0.0415775996374	
2.3	131.324346673	133.000306674	134.676266675	136.352226676	138.028186677	139.704146678	141.380106679	143.05606668	144.732026681	146.407986682	0.0	0.0	-4.90740781814e-07	1.12069571148e-06	2.72784514883e-06	8.58639006486e-06	1.10803338782e-05	1.42072838819e-05	1.59992777626e-05	1.89490533e-05	0.0	-2.92811750589e-07	9.6150056822e-07	9.58942597901e-07	3.49563528515e-06	1.48806881537e-06	1.86576648716e-06	1.06923427746e-06	1.76005127545e-06	2.42468500295e-06	158.235991764	158.233719624	158.231447485	158.229175345	158.226903206	158.224631067	158.222358927	158.220086788	158.217814648	158.215542509	-4.27601598619	-4.221399317	-4.16678264781	-4.11216597862	-4.05754930943	-4.00293264025	-3.94831597106	-3.89369930187	-3.83908263268	-3.78446596349	-0.0415775996374	-0.0415775996374	-0.0415775996374	-0.0415775996374	-0.0415775996374	-0.0415775996374	-0.0415775996374	-0.0415775996374	-0.0415775996374	-0.0415775996374	
2.31666666667	131.324346673	133.000306674	134.676266675	136.352226676	138.028186677	139.704146678	141.380106679	143.05606668	144.732026681	146.407986682	0.0	0.0	-4.90740781814e-07	1.12069571148e-06	2.72784514883e-06	8.58639006486e-06	1.10803338782e-05	1.42072838819e-05	1.59992777626e-05	1.89490533e-05	0.0	-2.92811750589e-07	9.6150056822e-07	9.58942597901e-07	3.49563528515e-06	1.48806881537e-06	1.86576648716e-06	1.06923427746e-06	1.76005127545e-06	2.42468500295e-06	158.235991764	158.233719624	158.231447485	158.229175345	158.226903206	158.224631067	158.222358927	158.220086788	158.217814648	158.215542509	-4.27601598619	-4.221399317	-4.16678264781	-4.11216597862	-4.05754930943	-4.00293264025	-3.94831597106	-3.89369930187	-3.83908263268	-3.78446596349	-0.0415775996374	-0.0415775996374	-0.0415775996374	-0.0415775996374	-0.0415775996374	-0.0415775996374	-0.0415775996374	-0.0415775996374	-0.0415775996374	-0.0415775996374	
2.33333333333	132.912016674	134.529116675	136.146216676	137.763316677	139.380416678	140.997516679	142.61461668	144.231716681	145.848816682	147.465916683	0.0	0.0	5.08557632902e-06	2.22908612641e-06	5.71114656305e-06	2.00439469693e-06	8.95109535164e-06	1.29477662846e-05	2.64571254823e-05	3.51298088518e-05	0.0	3.14487435894e-06	-1.76642767968e-06	2.15327464872e-06	-2.29222179444e-06	4.29577679202e-06	2.47150512056e-06	8.3540654192e-06	5.36310887642e-06	6.69914259933e-06	158.245552476	158.260941993	158.276331509	158.291721026	158.307110543	158.322500059	158.337889576	158.353279093	158.36866861	158.384058126	-4.23812779807	-4.21359782696	-4.18906785585	-4.16453788474	-4.14000791363	-4.11547794252	-4.09094797141	-4.0664180003	-4.04188802919	-4.01735805808	0.560306121386	0.560306121386	0.560306121386	0.560306121386	0.560306121386	0.560306121386	0.560306121386	0.560306121386	0.560306121386	0.560306121386	
2.35	132.912016674	134.529116675	136.146216676	137.763316677	139.380416678	140.997516679	142.61461668	144.231716681	145.848816682	147.465916683	0.0	0.0	5.08557632902e-06	2.22908612641e-06	5.71114656305e-06	2.00439469693e-06	8.95109535164e-06	1.29477662846e-05	2.64571254823e-05	3.51298088518e-05	0.0	3.14487435894e-06	-1.76642767968e-06	2.15327464872e-06	-2.29222179444e-06	4.29577679202e-06	2.47150512056e-06	8.3540654192e-06	5.36310887642e-06	6.69914259933e-06	158.245552476	158.260941993	158.276331509	158.291721026	158.307110543	158.322500059	158.337889576	158.353279093	158.36866861	158.384058126	-4.23812779807	-4.21359782696	-4.18906785585	-4.16453788474	-4.14000791363	-4.11547794252	-4.09094797141	-4.0664180003	-4.04188802919	-4.01735805808	0.560306121386	0.560306121386	0.560306121386	0.560306121386	0.560306121386	0.560306121386	0.560306121386	0.560306121386	0.560306121386	0.560306121386	
2.36666666667	132.912016674	134.529116675	136.146216676	137.763316677	139.380416678	140.997516679	142.61461668	144.231716681	145.848816682	147.465916683	0.0	0.0	5.08557632902e-06	2.22908612641e-06	5.71114656305e-06	2.00439469693e-06	8.95109535164e-06	1.29477662846e-05	2.64571254823e-05	3.51298088518e-05	0.0	3.14487435894e-06	-1.76642767968e-06	2.15327464872e-06	-2.29222179444e-06	4.29577679202e-06	2.47150512056e-06	8.3540654192e-06	5.36310887642e-06	6.69914259933e-06	158.245552476	158.260941993	158.276331509	158.291721026	158.307110543	158.322500059	158.337889576	158.353279093	158.36866861	158.384058126	-4.23812779807	-4.21359782696	-4.18906785585	-4.16453788474	-4.14000791363	-4.11547794252	-4.09094797141	-4.0664180003	-4.04188802919	-4.01735805808	0.560306121386	0.560306121386	0.560306121386	0.560306121386	0.560306121386	0.560306121386	0.560306121386	0.560306121386	0.560306121386	0.560306121386	
2.38333333333	132.912016674	134.529116675	136.146216676	137.763316677	139.380416678	140.997516679	142.61461668	144.231716681	145.848816682	147.465916683	0.0	0.0	5.08557632902e-06	2.22908612641e-06	5.71114656305e-06	2.00439469693e-06	8.95109535164e-06	1.29477662846e-05	2.64571254823e-05	3.51298088518e-05	0.0	3.14487435894e-06	-1.76642767968e-06	2.15327464872e-06	-2.29222179444e-06	4.29577679202e-06	2.47150512056e-06	8.3540654192e-06	5.36310887642e-06	6.69914259933e-06	158.245552476	158.260941993	158.276331509	158.291721026	158.307110543	158.322500059	158.337889576	158.353279093	158.36866861	158.384058126	-4.23812779807	-4.21359782696	-4.18906785585	-4.16453788474	-4.14000791363	-4.11547794252	-4.09094797141	-4.0664180003	-4.04188802919	-4.01735805808	0.560306121386	0.560306121386	0.560306121386	0.560306121386	0.560306121386	0.560306121386	0.560306121386	0.560306121386	0.560306121386	0.560306121386	
2.4	132.912016674	134.529116675	136.146216676	137.763316677	139.380416678	140.997516679	142.61461668	144.231716681	145.848816682	147.465916683	0.0	0.0	5.08557632902e-06	2.22908612641e-06	5.71114656305e-06	2.00439469693e-06	8.95109535164e-06	1.29477662846e-05	2.64571254823e-05	3.51298088518e-05	0.0	3.14487435894e-06	-1.76642767968e-06	2.15327464872e-06	-2.29222179444e-06	4.29577679202e-06	2.47150512056e-06	8.3540654192e-06	5.36310887642e-06	6.69914259933e-06	158.245552476	158.260941993	158.276331509	158.291721026	158.307110543	158.322500059	158.337889576	158.353279093	158.36866861	158.384058126	-4.23812779807	-4.21359782696	-4.18906785585	-4.16453788474	-4.14000791363	-4.11547794252	-4.09094797141	-4.0664180003	-4.04188802919	-4.01735805808	0.560306121386	0.560306121386	0.560306121386	0.560306121386	0.560306121386	0.560306121386	0.560306121386	0.560306121386	0.560306121386	0.560306121386	
2.41666666667	132.912016674	134.529116675	136.146216676	137.763316677	139.380416678	140.997516679	142.61461668	144.231716681	145.848816682	147.465916683	0.0	0.0	5.08557632902e-06	2.22908612641e-06	5.71114656305e-06	2.00439469693e-06	8.95109535164e-06	1.29477662846e-05	2.64571254823e-05	3.51298088518e-05	0.0	3.14487435894e-06	-1.76642767968e-06	2.15327464872e-06	-2.29222179444e-06	4.29577679202e-06	2.47150512056e-06	8.3540654192e-06	5.36310887642e-06	6.69914259933e-06	158.245552476	158.260941993	158.276331509	158.291721026	158.307110543	158.322500059	158.337889576	158.353279093	158.36866861	158.384058126	-4.23812779807	-4.21359782696	-4.18906785585	-4.16453788474	-4.14000791363	-4.11547794252	-4.09094797141	-4.0664180003	-4.04188802919	-4.01735805808	0.560306121386	0.560306121386	0.560306121386	0.560306121386	0.560306121386	0.560306121386	0.560306121386	0.560306121386	0.560306121386	0.560306121386	
2.43333333333	132.912016674	134.529116675	136.146216676	137.763316677	139.380416678	140.997516679	142.61461668	144.231716681	145.848816682	147.465916683	0.0	0.0	5.08557632902e-06	2.22908612641e-06	5.71114656305e-06	2.00439469693e-06	8.95109535164e-06	1.29477662846e-05	2.64571254823e-05	3.51298088518e-05	0.0	3.14487435894e-06	-1.76642767968e-06	2.15327464872e-06	-2.29222179444e-06	4.29577679202e-06	2.47150512056e-06	8.3540654192e-06	5.36310887642e-06	6.69914259933e-06	158.245552476	158.260941993	158.276331509	158.291721026	158.307110543	158.322500059	158.337889576	158.353279093	158.36866861	158.384058126	-4.23812779807	-4.21359782696	-4.18906785585	-4.16453788474	-4.14000791363	-4.11547794252	-4.09094797141	-4.0664180003	-4.04188802919	-4.01735805808	0.560306121386	0.560306121386	0.560306121386	0.560306121386	0.560306121386	0.560306121386	0.560306121386	0.560306121386	0.560306121386	0.560306121386	
2.45	134.689905842	136.238335843	137.786765845	139.335195846	140.883625847	142.432055848	143.98048585	145.528915851	147.077345852	148.625775853	0.0	0.0	-6.33232165493e-07	1.90366625098e-06	2.09701024e-06	4.59102313596e-06	4.43667318811e-06	6.48427833238e-06	5.40158818209e-06	7.3943413786e-06	0.0	-4.08951108525e-07	1.63836816284e-06	1.24864533018e-07	1.61067203161e-06	-9.96815792295e-08	1.32237501378e-06	-6.99218013988e-07	1.28695077909e-06	-2.15485135766e-07	158.261215048	158.280850198	158.300485347	158.320120497	158.339755646	158.359390795	158.379025945	158.398661094	158.418296243	158.437931393	-4.22752772066	-4.22053998739	-4.21355225413	-4.20656452086	-4.1995767876	-4.19258905433	-4.18560132107	-4.1786135878	-4.17162585454	-4.16463812127	1.22889390537	1.22889390537	1.22889390537	1.22889390537	1.22889390537	1.22889390537	1.22889390537	1.22889390537	1.22889390537	1.22889390537	
2.46666666667	134.689905842	136.238335843	137.786765845	139.335195846	140.883625847	142.432055848	143.98048585	145.528915851	147.077345852	148.625775853	0.0	0.0	-6.33232165493e-07	1.90366625098e-06	2.09701024e-06	4.59102313596e-06	4.43667318811e-06	6.48427833238e-06	5.40158818209e-06	7.3943413786e-06	0.0	-4.08951108525e-07	1.63836816284e-06	1.24864533018e-07	1.61067203161e-06	-9.96815792295e-08	1.32237501378e-06	-6.99218013988e-07	1.28695077909e-06	-2.15485135766e-07	158.261215048	158.280850198	158.300485347	158.320120497	158.339755646	158.359390795	158.379025945	158.398661094	158.418296243	158.437931393	-4.22752772066	-4.22053998739	-4.21355225413	-4.20656452086	-4.1995767876	-4.19258905433	-4.18560132107	-4.1786135878	-4.17162585454	-4.16463812127	1.22889390537	1.22889390537	1.22889390537	1.22889390537	1.22889390537	1.22889390537	1.22889390537	1.22889390537	1.22889390537	1.22889390537	
2.48333333333	134.689905842	136.238335843	137.786765845	139.335195846	140.883625847	142.432055848	143.98048585	145.528915851	147.077345852	148.625775853	0.0	0.0	-6.33232165493e-07	1.90366625098e-06	2.09701024e-06	4.59102313596e-06	4.43667318811e-06	6.48427833238e-06	5.40158818209e-06	7.3943413786e-06	0.0	-4.08951108525e-07	1.63836816284e-06	1.24864533018e-07	1.61067203161e-06	-9.96815792295e-08	1.32237501378e-06	-6.99218013988e-07	1.28695077909e-06	-2.15485135766e-07	158.261215048	158.280850198	158.300485347	158.320120497	158.339755646	158.359390795	158.379025945	158.398661094	158.418296243	158.437931393	-4.22752772066	-4.22053998739	-4.21355225413	-4.20656452086	-4.1995767876	-4.19258905433	-4.18560132107	-4.1786135878	-4.17162585454	-4.16463812127	1.22889390537	1.22889390537	1.22889390537	1.22889390537	1.22889390537	1.22889390537	1.22889390537	1.22889390537	1.22889390537	1.22889390537	
2.5	134.689905842	136.238335843	137.786765845	139.335195846	140.883625847	142.432055848	143.98048585	145.528915851	147.077345852	148.625775853	0.0	0.0	-6.33232165493e-07	1.90366625098e-06	2.09701024e-06	4.59102313596e-06	4.43667318811e-06	6.48427833238e-06	5.40158818209e-06	7.3943413786e-06	0.0	-4.08951108525e-07	1.63836816284e-06	1.24864533018e-07	1.61067203161e-06	-9.96815792295e-08	1.32237501378e-06	-6.99218013988e-07	1.28695077909e-06	-2.15485135766e-07	158.261215048	158.280850198	158.300485347	158.320120497	158.339755646	158.359390795	158.379025945	158.398661094	158.418296243	158.437931393	-4.22752772066	-4.22053998739	-4.21355225413	-4.20656452086	-4.1995767876	-4.19258905433	-4.18560132107	-4.1786135878	-4.17162585454	-4.16463812127	1.22889390537	1.22889390537	1.22889390537	1.22889390537	1.22889390537	1.22889390537	1.22889390537	1.22889390537	1.22889390537	1.22889390537	
2.51666666667	134.689905842	136.238335843	137.786765845	139.335195846	140.883625847	142.432055848	143.98048585	145.528915851	147.077345852	148.625775853	0.0	0.0	-6.33232165493e-07	1.90366625098e-06	2.09701024e-06	4.59102313596e-06	4.43667318811e-06	6.48427833238e-06	5.40158818209e-06	7.3943413786e-06	0.0	-4.08951108525e-07	1.63836816284e-06	1.24864533018e-07	1.61067203161e-06	-9.96815792295e-08	1.32237501378e-06	-6.99218013988e-07	1.28695077909e-06	-2.15485135766e-07	158.261215048	158.280850198	158.300485347	158.320120497	158.339755646	158.359390795	158.379025945	158.398661094	158.418296243	158.437931393	-4.22752772066	-4.22053998739	-4.21355225413	-4.20656452086	-4.1995767876	-4.19258905433	-4.18560132107	-4.1786135878	-4.17162585454	-4.16463812127	1.22889390537	1.22889390537	1.22889390537	1.22889390537	1.22889390537	1.22889390537	1.22889390537	1.22889390537	1.22889390537	1.22889390537	
2.53333333333	134.689905842	136.238335843	137.786765845	139.335195846	140.883625847	142.432055848	143.98048585	145.528915851	147.077345852	148.625775853	0.0	0.0	-6.33232165493e-07	1.90366625098e-06	2.09701024e-06	4.59102313596e-06	4.43667318811e-06	6.48427833238e-06	5.40158818209e-06	7.3943413786e-06	0.0	-4.08951108525e-07	1.63836816284e-06	1.24864533018e-07	1.61067203161e-06	-9.96815792295e-08	1.32237501378e-06	-6.99218013988e-07	1.28695077909e-06	-2.15485135766e-07	158.261215048	158.280850198	158.300485347	158.320120497	158.339755646	158.359390795	158.379025945	158.398661094	158.418296243	158.437931393	-4.22752772066	-4.22053998739	-4.21355225413	-4.20656452086	-4.1995767876	-4.19258905433	-4.18560132107	-4.1786135878	-4.17162585454	-4.16463812127	1.22889390537	1.22889390537	1.22889390537	1.22889390537	1.22889390537	1.22889390537	1.22889390537	1.22889390537	1.22889390537	1.22889390537	
2.55	134.689905842	136.238335843	137.786765845	139.335195846	140.883625847	142.432055848	143.98048585	145.528915851	147.077345852	148.625775853	0.0	0.0	-6.33232165493e-07	1.90366625098e-06	2.09701024e-06	4.59102313596e-06	4.43667318811e-06	6.48427833238e-06	5.40158818209e-06	7.3943413786e-06	0.0	-4.08951108525e-07	1.63836816284e-06	1.24864533018e-07	1.61067203161e-06	-9.96815792295e-08	1.32237501378e-06	-6.99218013988e-07	1.28695077909e-06	-2.15485135766e-07	158.261215048	158.280850198	158.300485347	158.320120497	158.339755646	158.359390795	158.379025945	158.398661094	158.418296243	158.437931393	-4.22752772066	-4.22053998739	-4.21355225413	-4.20656452086	-4.1995767876	-4.19258905433	-4.18560132107	-4.1786135878	-4.17162585454	-4.16463812127	1.22889390537	1.22889390537	1.22889390537	1.22889390537	1.22889390537	1.22889390537	1.22889390537	1.22889390537	1.22889390537	1.22889390537	
2.56666666667	136.38768001	137.867440011	139.347200013	140.826960014	142.306720015	143.786480017	145.266240018	146.746000019	148.22576002	149.705520022	0.0	0.0	-3.62506013292e-06	-3.03001619049e-06	-4.94272576874e-06	-1.93612841128e-06	-1.74810377092e-07	6.58165885794e-06	1.11138438668e-05	1.99840184043e-05	0.0	-2.4497622113e-06	4.02121926476e-07	-1.29258094326e-06	2.03181418262e-06	1.19027276901e-06	4.56592233148e-06	3.06278383317e-06	5.99433322285e-06	4.0454468754e-06	158.314197666	158.378490069	158.442782473	158.507074877	158.57136728	158.635659684	158.699952087	158.764244491	158.828536895	158.892829298	-4.21674866842	-4.20693263391	-4.19711659941	-4.18730056491	-4.1774845304	-4.1676684959	-4.15785246139	-4.14803642689	-4.13822039238	-4.12840435788	1.41928835948	1.41928835948	1.41928835948	1.41928835948	1.41928835948	1.41928835948	1.41928835948	1.41928835948	1.41928835948	1.41928835948	
2.58333333333	136.38768001	137.867440011	139.347200013	140.826960014	142.306720015	143.786480017	145.266240018	146.746000019	148.22576002	149.705520022	0.0	0.0	-3.62506013292e-06	-3.03001619049e-06	-4.94272576874e-06	-1.93612841128e-06	-1.74810377092e-07	6.58165885794e-06	1.11138438668e-05	1.99840184043e-05	0.0	-2.4497622113e-06	4.02121926476e-07	-1.29258094326e-06	2.03181418262e-06	1.19027276901e-06	4.56592233148e-06	3.06278383317e-06	5.99433322285e-06	4.0454468754e-06	158.314197666	158.378490069	158.442782473	158.507074877	158.57136728	158.635659684	158.699952087	158.764244491	158.828536895	158.892829298	-4.21674866842	-4.20693263391	-4.19711659941	-4.18730056491	-4.1774845304	-4.1676684959	-4.15785246139	-4.14803642689	-4.13822039238	-4.12840435788	1.41928835948	1.41928835948	1.41928835948	1.41928835948	1.41928835948	1.41928835948	1.41928835948	1.41928835948	1.41928835948	1.41928835948	
2.6	136.38768001	137.867440011	139.347200013	140.826960014	142.306720015	143.786480017	145.266240018	146.746000019	148.22576002	149.705520022	0.0	0.0	-3.62506013292e-06	-3.03001619049e-06	-4.94272576874e-06	-1.93612841128e-06	-1.74810377092e-07	6.58165885794e-06	1.11138438668e-05	1.99840184043e-05	0.0	-2.4497622113e-06	4.02121926476e-07	-1.29258094326e-06	2.03181418262e-06	1.19027276901e-06	4.56592233148e-06	3.06278383317e-06	5.99433322285e-06	4.0454468754e-06	158.314197666	158.378490069	158.442782473	158.507074877	158.57136728	158.635659684	158.699952087	158.764244491	158.828536895	158.892829298	-4.21674866842	-4.20693263391	-4.19711659941	-4.18730056491	-4.1774845304	-4.1676684959	-4.15785246139	-4.14803642689	-4.13822039238	-4.12840435788	1.41928835948	1.41928835948	1.41928835948	1.41928835948	1.41928835948	1.41928835948	1.41928835948	1.41928835948	1.41928835948	1.41928835948	
2.61666666667	136.38768001	137.867440011	139.347200013	140.826960014	142.306720015	143.786480017	145.266240018	146.746000019	148.22576002	149.705520022	0.0	0.0	-3.62506013292e-06	-3.03001619049e-06	-4.94272576874e-06	-1.93612841128e-06	-1.74810377092e-07	6.58165885794e-06	1.11138438668e-05	1.99840184043e-05	0.0	-2.4497622113e-06	4.02121926476e-07	-1.29258094326e-06	2.03181418262e-06	1.19027276901e-06	4.56592233148e-06	3.06278383317e-06	5.99433322285e-06	4.0454468754e-06	158.314197666	158.378490069	158.442782473	158.507074877	158.57136728	158.635659684	158.699952087	158.764244491	158.828536895	158.892829298	-4.21674866842	-4.20693263391	-4.19711659941	-4.18730056491	-4.1774845304	-4.1676684959	-4.15785246139	-4.14803642689	-4.13822039238	-4.12840435788	1.41928835948	1.41928835948	1.41928835948	1.41928835948	1.41928835948	1.41928835948	1.41928835948	1.41928835948	1.41928835948	1.41928835948	
2.63333333333	136.38768001	137.867440011	139.347200013	140.826960014	142.306720015	143.786480017	145.266240018	146.746000019	148.22576002	149.705520022	0.0	0.0	-3.62506013292e-06	-3.03001619049e-06	-4.94272576874e-06	-1.93612841128e-06	-1.74810377092e-07	6.58165885794e-06	1.11138438668e-05	1.99840184043e-05	0.0	-2.4497622113e-06	4.02121926476e-07	-1.29258094326e-06	2.03181418262e-06	1.19027276901e-06	4.56592233148e-06	3.06278383317e-06	5.99433322285e-06	4.0454468754e-06	158.314197666	158.378490069	158.442782473	158.507074877	158.57136728	158.635659684	158.699952087	158.764244491	158.828536895	158.892829298	-4.21674866842	-4.20693263391	-4.19711659941	-4.18730056491	-4.1774845304	-4.1676684959	-4.15785246139	-4.14803642689	-4.13822039238	-4.12840435788	1.41928835948	1.41928835948	1.41928835948	1.41928835948	1.41928835948	1.41928835948	1.41928835948	1.41928835948	1.41928835948	1.41928835948	
2.65	136.38768001	137.867440011	139.347200013	140.826960014	142.306720015	143.786480017	145.266240018	146.746000019	148.22576002	149.705520022	0.0	0.0	-3.62506013292e-06	-3.03001619049e-06	-4.94272576874e-06	-1.93612841128e-06	-1.74810377092e-07	6.58165885794e-06	1.11138438668e-05	1.99840184043e-05	0.0	-2.4497622113e-06	4.02121926476e-07	-1.29258094326e-06	2.03181418262e-06	1.19027276901e-06	4.56592233148e-06	3.06278383317e-06	5.99433322285e-06	4.0454468754e-06	158.314197666	158.378490069	158.442782473	158.507074877	158.57136728	158.635659684	158.699952087	158.764244491	158.828536895	158.892829298	-4.21674866842	-4.20693263391	-4.19711659941	-4.18730056491	-4.1774845304	-4.1676684959	-4.15785246139	-4.14803642689	-4.13822039238	-4.12840435788	1.41928835948	1.41928835948	1.41928835948	1.41928835948	1.41928835948	1.41928835948	1.41928835948	1.41928835948	1.41928835948	1.41928835948	
2.66666666667	137.779150012	139.200050013	140.620950014	142.041850016	143.462750017	144.883650019	146.30455002	147.725450021	149.146350023	150.567250024	0.0	0.0	8.506630606e-07	-2.69373647783e-07	-2.1333238364e-06	-3.92137845172e-06	-5.7069816164e-06	-6.0013112666e-06	-7.61285816465e-06	-8.19058963655e-06	0.0	5.98679048328e-07	-7.8825864402e-07	-1.31180954803e-06	-1.25839581503e-06	-1.25667053482e-06	-2.07143113457e-07	-1.13417333836e-06	-4.06595447488e-07	-1.79121506574e-06	158.399320937	158.498943333	158.59856573	158.698188126	158.797810522	158.897432918	158.997055314	159.09667771	159.196300106	159.295922502	-4.20672566445	-4.19647983276	-4.18623400106	-4.17598816937	-4.16574233767	-4.15549650598	-4.14525067428	-4.13500484259	-4.12475901089	-4.1145131792	1.46830999075	1.46830999075	1.46830999075	1.46830999075	1.46830999075	1.46830999075	1.46830999075	1.46830999075	1.46830999075	1.46830999075	
2.68333333333	137.779150012	139.200050013	140.620950014	142.041850016	143.462750017	144.883650019	146.30455002	147.725450021	149.146350023	150.567250024	0.0	0.0	8.506630606e-07	-2.69373647783e-07	-2.1333238364e-06	-3.92137845172e-06	-5.7069816164e-06	-6.0013112666e-06	-7.61285816465e-06	-8.19058963655e-06	0.0	5.98679048328e-07	-7.8825864402e-07	-1.31180954803e-06	-1.25839581503e-06	-1.25667053482e-06	-2.07143113457e-07	-1.13417333836e-06	-4.06595447488e-07	-1.79121506574e-06	158.399320937	158.498943333	158.59856573	158.698188126	158.797810522	158.897432918	158.997055314	159.09667771	159.196300106	159.295922502	-4.20672566445	-4.19647983276	-4.18623400106	-4.17598816937	-4.16574233767	-4.15549650598	-4.14525067428	-4.13500484259	-4.12475901089	-4.1145131792	1.46830999075	1.46830999075	1.46830999075	1.46830999075	1.46830999075	1.46830999075	1.46830999075	1.46830999075	1.46830999075	1.46830999075	
2.7	137.779150012	139.200050013	140.620950014	142.041850016	143.462750017	144.883650019	146.30455002	147.725450021	149.146350023	150.567250024	0.0	0.0	8.506630606e-07	-2.69373647783e-07	-2.1333238364e-06	-3.92137845172e-06	-5.7069816164e-06	-6.0013112666e-06	-7.61285816465e-06	-8.19058963655e-06	0.0	5.98679048328e-07	-7.8825864402e-07	-1.31180954803e-06	-1.25839581503e-06	-1.25667053482e-06	-2.07143113457e-07	-1.13417333836e-06	-4.06595447488e-07	-1.79121506574e-06	158.399320937	158.498943333	158.59856573	158.698188126	158.797810522	158.897432918	158.997055314	159.09667771	159.196300106	159.295922502	-4.20672566445	-4.19647983276	-4.18623400106	-4.17598816937	-4.16574233767	-4.15549650598	-4.14525067428	-4.13500484259	-4.12475901089	-4.1145131792	1.46830999075	1.46830999075	1.46830999075	1.46830999075	1.46830999075	1.46830999075	1.46830999075	1.46830999075	1.46830999075	1.46830999075	
2.71666666667	137.779150012	139.200050013	140.620950014	142.041850016	143.462750017	144.883650019	146.30455002	147.725450021	149.146350023	150.567250024	0.0	0.0	8.506630606e-07	-2.69373647783e-07	-2.1333238364e-06	-3.92137845172e-06	-5.7069816164e-06	-6.0013112666e-06	-7.61285816465e-06	-8.19058963655e-06	0.0	5.98679048328e-07	-7.8825864402e-07	-1.31180954803e-06	-1.25839581503e-06	-1.25667053482e-06	-2.07143113457e-07	-1.13417333836e-06	-4.06595447488e-07	-1.79121506574e-06	158.399320937	158.498943333	158.59856573	158.698188126	158.797810522	158.897432918	158.997055314	159.09667771	159.196300106	159.295922502	-4.20672566445	-4.19647983276	-4.18623400106	-4.17598816937	-4.16574233767	-4.15549650598	-4.14525067428	-4.13500484259	-4.12475901089	-4.1145131792	1.46830999075	1.46830999075	1.46830999075	1.46830999075	1.46830999075	1.46830999075	1.46830999075	1.46830999075	1.46830999075	1.46830999075	
2.73333333333	137.779150012	139.200050013	140.620950014	142.041850016	143.462750017	144.883650019	146.30455002	147.725450021	149.146350023	150.567250024	0.0	0.0	8.506630606e-07	-2.69373647783e-07	-2.1333238364e-06	-3.92137845172e-06	-5.7069816164e-06	-6.0013112666e-06	-7.61285816465e-06	-8.19058963655e-06	0.0	5.98679048328e-07	-7.8825864402e-07	-1.31180954803e-06	-1.25839581503e-06	-1.25667053482e-06	-2.07143113457e-07	-1.13417333836e-06	-4.06595447488e-07	-1.79121506574e-06	158.399320937	158.498943333	158.59856573	158.698188126	158.797810522	158.897432918	158.997055314	159.09667771	159.196300106	159.295922502	-4.20672566445	-4.19647983276	-4.18623400106	-4.17598816937	-4.16574233767	-4.15549650598	-4.14525067428	-4.13500484259	-4.12475901089	-4.1145131792	1.46830999075	1.46830999075	1.46830999075	1.46830999075	1.46830999075	1.46830999075	1.46830999075	1.46830999075	1.46830999075	1.46830999075	
2.75	137.779150012	139.200050013	140.620950014	142.041850016	143.462750017	144.883650019	146.30455002	147.725450021	149.146350023	150.567250024	0.0	0.0	8.506630606e-07	-2.69373647783e-07	-2.1333238364e-06	-3.92137845172e-06	-5.7069816164e-06	-6.0013112666e-06	-7.61285816465e-06	-8.19058963655e-06	0.0	5.98679048328e-07	-7.8825864402e-07	-1.31180954803e-06	-1.25839581503e-06	-1.25667053482e-06	-2.07143113457e-07	-1.13417333836e-06	-4.06595447488e-07	-1.79121506574e-06	158.399320937	158.498943333	158.59856573	158.698188126	158.797810522	158.897432918	158.997055314	159.09667771	159.196300106	159.295922502	-4.20672566445	-4.19647983276	-4.18623400106	-4.17598816937	-4.16574233767	-4.15549650598	-4.14525067428	-4.13500484259	-4.12475901089	-4.1145131792	1.46830999075	1.46830999075	1.46830999075	1.46830999075	1.46830999075	1.46830999075	1.46830999075	1.46830999075	1.46830999075	1.46830999075	
2.76666666667	139.111760013	140.473800014	141.835840016	143.197880017	144.559920019	145.92196002	147.284000021	148.646040023	150.008080024	151.370120026	0.0	0.0	-6.6600958483e-07	-7.01293547913e-07	-2.26358188258e-06	-4.18738918754e-06	-5.74872362777e-06	-7.04088233073e-06	-9.32925801351e-06	-1.27392079587e-05	0.0	-4.8897946033e-07	-2.5905232627e-08	-1.14702089004e-06	-1.41244552509e-06	-1.14632054758e-06	-9.48693651902e-07	-1.68010901328e-06	-2.50356079244e-06	-1.71020056556e-06	158.518252828	158.650643289	158.783033749	158.91542421	159.047814671	159.180205132	159.312595593	159.444986053	159.577376514	159.709766975	-4.19585377164	-4.18443082445	-4.17300787726	-4.16158493007	-4.15016198289	-4.1387390357	-4.12731608851	-4.11589314132	-4.10447019413	-4.09304724695	1.48472723587	1.48472723587	1.48472723587	1.48472723587	1.48472723587	1.48472723587	1.48472723587	1.48472723587	1.48472723587	1.48472723587	
2.78333333333	139.111760013	140.473800014	141.835840016	143.197880017	144.559920019	145.92196002	147.284000021	148.646040023	150.008080024	151.370120026	0.0	0.0	-6.6600958483e-07	-7.01293547913e-07	-2.26358188258e-06	-4.18738918754e-06	-5.74872362777e-06	-7.04088233073e-06	-9.32925801351e-06	-1.27392079587e-05	0.0	-4.8897946033e-07	-2.5905232627e-08	-1.14702089004e-06	-1.41244552509e-06	-1.14632054758e-06	-9.48693651902e-07	-1.68010901328e-06	-2.50356079244e-06	-1.71020056556e-06	158.518252828	158.650643289	158.783033749	158.91542421	159.047814671	159.180205132	159.312595593	159.444986053	159.577376514	159.709766975	-4.19585377164	-4.18443082445	-4.17300787726	-4.16158493007	-4.15016198289	-4.1387390357	-4.12731608851	-4.11589314132	-4.10447019413	-4.09304724695	1.48472723587	1.48472723587	1.48472723587	1.48472723587	1.48472723587	1.48472723587	1.48472723587	1.48472723587	1.48472723587	1.48472723587	
2.8	139.111760013	140.473800014	141.835840016	143.197880017	144.559920019	145.92196002	147.284000021	148.646040023	150.008080024	151.370120026	0.0	0.0	-6.6600958483e-07	-7.01293547913e-07	-2.26358188258e-06	-4.18738918754e-06	-5.74872362777e-06	-7.04088233073e-06	-9.32925801351e-06	-1.27392079587e-05	0.0	-4.8897946033e-07	-2.5905232627e-08	-1.14702089004e-06	-1.41244552509e-06	-1.14632054758e-06	-9.48693651902e-07	-1.68010901328e-06	-2.50356079244e-06	-1.71020056556e-06	158.518252828	158.650643289	158.783033749	158.91542421	159.047814671	159.180205132	159.312595593	159.444986053	159.577376514	159.709766975	-4.19585377164	-4.18443082445	-4.17300787726	-4.16158493007	-4.15016198289	-4.1387390357	-4.12731608851	-4.11589314132	-4.10447019413	-4.09304724695	1.48472723587	1.48472723587	1.48472723587	1.48472723587	1.48472723587	1.48472723587	1.48472723587	1.48472723587	1.48472723587	1.48472723587	
2.81666666667	139.111760013	140.473800014	141.835840016	143.197880017	144.559920019	145.92196002	147.284000021	148.646040023	150.008080024	151.370120026	0.0	0.0	-6.6600958483e-07	-7.01293547913e-07	-2.26358188258e-06	-4.18738918754e-06	-5.74872362777e-06	-7.04088233073e-06	-9.32925801351e-06	-1.27392079587e-05	0.0	-4.8897946033e-07	-2.5905232627e-08	-1.14702089004e-06	-1.41244552509e-06	-1.14632054758e-06	-9.48693651902e-07	-1.68010901328e-06	-2.50356079244e-06	-1.71020056556e-06	158.518252828	158.650643289	158.783033749	158.91542421	159.047814671	159.180205132	159.312595593	159.444986053	159.577376514	159.709766975	-4.19585377164	-4.18443082445	-4.17300787726	-4.16158493007	-4.15016198289	-4.1387390357	-4.12731608851	-4.11589314132	-4.10447019413	-4.09304724695	1.48472723587	1.48472723587	1.48472723587	1.48472723587	1.48472723587	1.48472723587	1.48472723587	1.48472723587	1.48472723587	1.48472723587	
2.83333333333	139.111760013	140.473800014	141.835840016	143.197880017	144.559920019	145.92196002	147.284000021	148.646040023	150.008080024	151.370120026	0.0	0.0	-6.6600958483e-07	-7.01293547913e-07	-2.26358188258e-06	-4.18738918754e-06	-5.74872362777e-06	-7.04088233073e-06	-9.32925801351e-06	-1.27392079587e-05	0.0	-4.8897946033e-07	-2.5905232627e-08	-1.14702089004e-06	-1.41244552509e-06	-1.14632054758e-06	-9.48693651902e-07	-1.68010901328e-06	-2.50356079244e-06	-1.71020056556e-06	158.518252828	158.650643289	158.783033749	158.91542421	159.047814671	159.180205132	159.312595593	159.444986053	159.577376514	159.709766975	-4.19585377164	-4.18443082445	-4.17300787726	-4.16158493007	-4.15016198289	-4.1387390357	-4.12731608851	-4.11589314132	-4.10447019413	-4.09304724695	1.48472723587	1.48472723587	1.48472723587	1.48472723587	1.48472723587	1.48472723587	1.48472723587	1.48472723587	1.48472723587	1.48472723587	
2.85	139.111760013	140.473800014	141.835840016	143.197880017	144.559920019	145.92196002	147.284000021	148.646040023	150.008080024	151.370120026	0.0	0.0	-6.6600958483e-07	-7.01293547913e-07	-2.26358188258e-06	-4.18738918754e-06	-5.74872362777e-06	-7.04088233073e-06	-9.32925801351e-06	-1.27392079587e-05	0.0	-4.8897946033e-07	-2.5905232627e-08	-1.14702089004e-06	-1.41244552509e-06	-1.14632054758e-06	-9.48693651902e-07	-1.68010901328e-06	-2.50356079244e-06	-1.71020056556e-06	158.518252828	158.650643289	158.783033749	158.91542421	159.047814671	159.180205132	159.312595593	159.444986053	159.577376514	159.709766975	-4.19585377164	-4.18443082445	-4.17300787726	-4.16158493007	-4.15016198289	-4.1387390357	-4.12731608851	-4.11589314132	-4.10447019413	-4.09304724695	1.48472723587	1.48472723587	1.48472723587	1.48472723587	1.48472723587	1.48472723587	1.48472723587	1.48472723587	1.48472723587	1.48472723587	
2.86666666667	140.385510014	141.688690016	142.991870017	144.295050019	145.59823002	146.901410021	148.204590023	149.507770024	150.810950026	152.114130027	0.0	0.0	1.07931039691e-06	4.75249853808e-07	7.06488814967e-07	1.41275618744e-06	3.42840537356e-06	5.49101641454e-06	8.92030273654e-06	1.41247580611e-05	0.0	8.28212829965e-07	-4.63528094703e-07	1.77442073168e-07	5.41956883715e-07	1.54671586731e-06	1.58275222054e-06	2.6314755585e-06	3.99365806639e-06	4.36710151972e-06	158.668600503	158.831472017	158.994343532	159.157215046	159.320086561	159.482958075	159.64582959	159.808701105	159.971572619	160.134444134	-4.18345151556	-4.17030032648	-4.1571491374	-4.14399794833	-4.13084675925	-4.11769557017	-4.10454438109	-4.09139319202	-4.07824200294	-4.06509081386	1.49022533804	1.49022533804	1.49022533804	1.49022533804	1.49022533804	1.49022533804	1.49022533804	1.49022533804	1.49022533804	1.49022533804	
2.88333333333	140.385510014	141.688690016	142.991870017	144.295050019	145.59823002	146.901410021	148.204590023	149.507770024	150.810950026	152.114130027	0.0	0.0	1.07931039691e-06	4.75249853808e-07	7.06488814967e-07	1.41275618744e-06	3.42840537356e-06	5.49101641454e-06	8.92030273654e-06	1.41247580611e-05	0.0	8.28212829965e-07	-4.63528094703e-07	1.77442073168e-07	5.41956883715e-07	1.54671586731e-06	1.58275222054e-06	2.6314755585e-06	3.99365806639e-06	4.36710151972e-06	158.668600503	158.831472017	158.994343532	159.157215046	159.320086561	159.482958075	159.64582959	159.808701105	159.971572619	160.134444134	-4.18345151556	-4.17030032648	-4.1571491374	-4.14399794833	-4.13084675925	-4.11769557017	-4.10454438109	-4.09139319202	-4.07824200294	-4.06509081386	1.49022533804	1.49022533804	1.49022533804	1.49022533804	1.49022533804	1.49022533804	1.49022533804	1.49022533804	1.49022533804	1.49022533804	
2.9	140.385510014	141.688690016	142.991870017	144.295050019	145.59823002	146.901410021	148.204590023	149.507770024	150.810950026	152.114130027	0.0	0.0	1.07931039691e-06	4.75249853808e-07	7.06488814967e-07	1.41275618744e-06	3.42840537356e-06	5.49101641454e-06	8.92030273654e-06	1.41247580611e-05	0.0	8.28212829965e-07	-4.63528094703e-07	1.77442073168e-07	5.41956883715e-07	1.54671586731e-06	1.58275222054e-06	2.6314755585e-06	3.99365806639e-06	4.36710151972e-06	158.668600503	158.831472017	158.994343532	159.157215046	159.320086561	159.482958075	159.64582959	159.808701105	159.971572619	160.134444134	-4.18345151556	-4.17030032648	-4.1571491374	-4.14399794833	-4.13084675925	-4.11769557017	-4.10454438109	-4.09139319202	-4.07824200294	-4.06509081386	1.49022533804	1.49022533804	1.49022533804	1.49022533804	1.49022533804	1.49022533804	1.49022533804	1.49022533804	1.49022533804	1.49022533804	
2.91666666667	140.385510014	141.688690016	142.991870017	144.295050019	145.59823002	146.901410021	148.204590023	149.507770024	150.810950026	152.114130027	0.0	0.0	1.07931039691e-06	4.75249853808e-07	7.06488814967e-07	1.41275618744e-06	3.42840537356e-06	5.49101641454e-06	8.92030273654e-06	1.41247580611e-05	0.0	8.28212829965e-07	-4.63528094703e-07	1.77442073168e-07	5.41956883715e-07	1.54671586731e-06	1.58275222054e-06	2.6314755585e-06	3.99365806639e-06	4.36710151972e-06	158.668600503	158.831472017	158.994343532	159.157215046	159.320086561	159.482958075	159.64582959	159.808701105	159.971572619	160.134444134	-4.18345151556	-4.17030032648	-4.1571491374	-4.14399794833	-4.13084675925	-4.11769557017	-4.10454438109	-4.09139319202	-4.07824200294	-4.06509081386	1.49022533804	1.49022533804	1.49022533804	1.49022533804	1.49022533804	1.49022533804	1.49022533804	1.49022533804	1.49022533804	1.49022533804	
2.93333333333	140.385510014	141.688690016	142.991870017	144.295050019	145.59823002	146.901410021	148.204590023	149.507770024	150.810950026	152.114130027	0.0	0.0	1.07931039691e-06	4.75249853808e-07	7.06488814967e-07	1.41275618744e-06	3.42840537356e-06	5.49101641454e-06	8.92030273654e-06	1.41247580611e-05	0.0	8.28212829965e-07	-4.63528094703e-07	1.77442073168e-07	5.41956883715e-07	1.54671586731e-06	1.58275222054e-06	2.6314755585e-06	3.99365806639e-06	4.36710151972e-06	158.668600503	158.831472017	158.994343532	159.157215046	159.320086561	159.482958075	159.64582959	159.808701105	159.971572619	160.134444134	-4.18345151556	-4.17030032648	-4.1571491374	-4.14399794833	-4.13084675925	-4.11769557017	-4.10454438109	-4.09139319202	-4.07824200294	-4.06509081386	1.49022533804	1.49022533804	1.49022533804	1.49022533804	1.49022533804	1.49022533804	1.49022533804	1.49022533804	1.49022533804	1.49022533804	
2.95	140.385510014	141.688690016	142.991870017	144.295050019	145.59823002	146.901410021	148.204590023	149.507770024	150.810950026	152.114130027	0.0	0.0	1.07931039691e-06	4.75249853808e-07	7.06488814967e-07	1.41275618744e-06	3.42840537356e-06	5.49101641454e-06	8.92030273654e-06	1.41247580611e-05	0.0	8.28212829965e-07	-4.63528094703e-07	1.77442073168e-07	5.41956883715e-07	1.54671586731e-06	1.58275222054e-06	2.6314755585e-06	3.99365806639e-06	4.36710151972e-06	158.668600503	158.831472017	158.994343532	159.157215046	159.320086561	159.482958075	159.64582959	159.808701105	159.971572619	160.134444134	-4.18345151556	-4.17030032648	-4.1571491374	-4.14399794833	-4.13084675925	-4.11769557017	-4.10454438109	-4.09139319202	-4.07824200294	-4.06509081386	1.49022533804	1.49022533804	1.49022533804	1.49022533804	1.49022533804	1.49022533804	1.49022533804	1.49022533804	1.49022533804	1.49022533804	
2.96666666667	141.600400016	142.844720017	144.089040019	145.33336002	146.577680021	147.822000023	149.066320024	150.310640026	151.554960027	152.799280029	0.0	0.0	-9.94052049168e-08	5.65009700727e-07	7.19382085713e-07	1.44004410693e-06	1.51868377487e-06	1.7852045005e-06	1.64325722044e-06	1.58262385993e-06	0.0	-7.98871711491e-08	5.33958230111e-07	1.24061643959e-07	5.79161325385e-07	6.31989101303e-08	2.14189858975e-07	-1.1407618611e-07	-4.87281088777e-08	-2.16023929492e-07	158.848195348	159.039456624	159.230717901	159.421979178	159.613240455	159.804501731	159.995763008	160.187024285	160.378285562	160.569546838	-4.16917682296	-4.15408769394	-4.13899856493	-4.12390943591	-4.10882030689	-4.09373117788	-4.07864204886	-4.06355291984	-4.04846379083	-4.03337466181	1.49206664134	1.49206664134	1.49206664134	1.49206664134	1.49206664134	1.49206664134	1.49206664134	1.49206664134	1.49206664134	1.49206664134	
2.98333333333	141.600400016	142.844720017	144.089040019	145.33336002	146.577680021	147.822000023	149.066320024	150.310640026	151.554960027	152.799280029	0.0	0.0	-9.94052049168e-08	5.65009700727e-07	7.19382085713e-07	1.44004410693e-06	1.51868377487e-06	1.7852045005e-06	1.64325722044e-06	1.58262385993e-06	0.0	-7.98871711491e-08	5.33958230111e-07	1.24061643959e-07	5.79161325385e-07	6.31989101303e-08	2.14189858975e-07	-1.1407618611e-07	-4.87281088777e-08	-2.16023929492e-07	158.848195348	159.039456624	159.230717901	159.421979178	159.613240455	159.804501731	159.995763008	160.187024285	160.378285562	160.569546838	-4.16917682296	-4.15408769394	-4.13899856493	-4.12390943591	-4.10882030689	-4.09373117788	-4.07864204886	-4.06355291984	-4.04846379083	-4.03337466181	1.49206664134	1.49206664134	1.49206664134	1.49206664134	1.49206664134	1.49206664134	1.49206664134	1.49206664134	1.49206664134	1.49206664134	
3.0	141.600400016	142.844720017	144.089040019	145.33336002	146.577680021	147.822000023	149.066320024	150.310640026	151.554960027	152.799280029	0.0	0.0	-9.94052049168e-08	5.65009700727e-07	7.19382085713e-07	1.44004410693e-06	1.51868377487e-06	1.7852045005e-06	1.64325722044e-06	1.58262385993e-06	0.0	-7.98871711491e-08	5.33958230111e-07	1.24061643959e-07	5.79161325385e-07	6.31989101303e-08	2.14189858975e-07	-1.1407618611e-07	-4.87281088777e-08	-2.16023929492e-07	158.848195348	159.039456624	159.230717901	159.421979178	159.613240455	159.804501731	159.995763008	160.187024285	160.378285562	160.569546838	-4.16917682296	-4.15408769394	-4.13899856493	-4.12390943591	-4.10882030689	-4.09373117788	-4.07864204886	-4.06355291984	-4.04846379083	-4.03337466181	1.49206664134	1.49206664134	1.49206664134	1.49206664134	1.49206664134	1.49206664134	1.49206664134	1.49206664134	1.49206664134	1.49206664134	
3.01666666667	141.600400016	142.844720017	144.089040019	145.33336002	146.577680021	147.822000023	149.066320024	150.310640026	151.554960027	152.799280029	0.0	0.0	-9.94052049168e-08	5.65009700727e-07	7.19382085713e-07	1.44004410693e-06	1.51868377487e-06	1.7852045005e-06	1.64325722044e-06	1.58262385993e-06	0.0	-7.98871711491e-08	5.33958230111e-07	1.24061643959e-07	5.79161325385e-07	6.31989101303e-08	2.14189858975e-07	-1.1407618611e-07	-4.87281088777e-08	-2.16023929492e-07	158.848195348	159.039456624	159.230717901	159.421979178	159.613240455	159.804501731	159.995763008	160.187024285	160.378285562	160.569546838	-4.16917682296	-4.15408769394	-4.13899856493	-4.12390943591	-4.10882030689	-4.09373117788	-4.07864204886	-4.06355291984	-4.04846379083	-4.03337466181	1.49206664134	1.49206664134	1.49206664134	1.49206664134	1.49206664134	1.49206664134	1.49206664134	1.49206664134	1.49206664134	1.49206664134	
3.03333333333	141.600400016	142.844720017	144.089040019	145.33336002	146.577680021	147.822000023	149.066320024	150.310640026	151.554960027	152.799280029	0.0	0.0	-9.94052049168e-08	5.65009700727e-07	7.19382085713e-07	1.44004410693e-06	1.51868377487e-06	1.7852045005e-06	1.64325722044e-06	1.58262385993e-06	0.0	-7.98871711491e-08	5.33958230111e-07	1.24061643959e-07	5.79161325385e-07	6.31989101303e-08	2.14189858975e-07	-1.1407618611e-07	-4.87281088777e-08	-2.16023929492e-07	158.848195348	159.039456624	159.230717901	159.421979178	159.613240455	159.804501731	159.995763008	160.187024285	160.378285562	160.569546838	-4.16917682296	-4.15408769394	-4.13899856493	-4.12390943591	-4.10882030689	-4.09373117788	-4.07864204886	-4.06355291984	-4.04846379083	-4.03337466181	1.49206664134	1.49206664134	1.49206664134	1.49206664134	1.49206664134	1.49206664134	1.49206664134	1.49206664134	1.49206664134	1.49206664134	
3.05	141.600400016	142.844720017	144.089040019	145.33336002	146.577680021	147.822000023	149.066320024	150.310640026	151.554960027	152.799280029	0.0	0.0	-9.94052049168e-08	5.65009700727e-07	7.19382085713e-07	1.44004410693e-06	1.51868377487e-06	1.7852045005e-06	1.64325722044e-06	1.58262385993e-06	0.0	-7.98871711491e-08	5.33958230111e-07	1.24061643959e-07	5.79161325385e-07	6.31989101303e-08	2.14189858975e-07	-1.1407618611e-07	-4.87281088777e-08	-2.16023929492e-07	158.848195348	159.039456624	159.230717901	159.421979178	159.613240455	159.804501731	159.995763008	160.187024285	160.378285562	160.569546838	-4.16917682296	-4.15408769394	-4.13899856493	-4.12390943591	-4.10882030689	-4.09373117788	-4.07864204886	-4.06355291984	-4.04846379083	-4.03337466181	1.49206664134	1.49206664134	1.49206664134	1.49206664134	1.49206664134	1.49206664134	1.49206664134	1.49206664134	1.49206664134	1.49206664134	
3.06666666667	141.600400016	142.844720017	144.089040019	145.33336002	146.577680021	147.822000023	149.066320024	150.310640026	151.554960027	152.799280029	0.0	0.0	-9.94052049168e-08	5.65009700727e-07	7.19382085713e-07	1.44004410693e-06	1.51868377487e-06	1.7852045005e-06	1.64325722044e-06	1.58262385993e-06	0.0	-7.98871711491e-08	5.33958230111e-07	1.24061643959e-07	5.79161325385e-07	6.31989101303e-08	2.14189858975e-07	-1.1407618611e-07	-4.87281088777e-08	-2.16023929492e-07	158.848195348	159.039456624	159.230717901	159.421979178	159.613240455	159.804501731	159.995763008	160.187024285	160.378285562	160.569546838	-4.16917682296	-4.15408769394	-4.13899856493	-4.12390943591	-4.10882030689	-4.09373117788	-4.07864204886	-4.06355291984	-4.04846379083	-4.03337466181	1.49206664134	1.49206664134	1.49206664134	1.49206664134	1.49206664134	1.49206664134	1.49206664134	1.49206664134	1.49206664134	1.49206664134	
3.08333333333	142.943379184	144.119029186	145.294679187	146.470329188	147.64597919	148.821629191	149.997279193	151.172929194	152.348579195	153.524229197	0.0	0.0	5.84064395945e-07	2.06747448129e-07	1.86049418437e-06	3.19549226287e-06	3.68812718407e-06	9.69149107186e-06	1.25091136974e-05	1.99272376897e-05	0.0	4.96801254834e-07	-3.20943263186e-07	1.40666587356e-06	1.1355404048e-06	4.19031957314e-07	5.10642102719e-06	2.39665089282e-06	6.30980647595e-06	5.36686973752e-06	159.092032131	159.313981653	159.535931174	159.757880695	159.979830217	160.201779738	160.42372926	160.645678781	160.867628302	161.089577824	-4.15005194038	-4.1326909975	-4.11533005462	-4.09796911173	-4.08060816885	-4.06324722596	-4.04588628308	-4.0285253402	-4.01116439731	-3.99380345443	1.49273504015	1.49273504015	1.49273504015	1.49273504015	1.49273504015	1.49273504015	1.49273504015	1.49273504015	1.49273504015	1.49273504015	
3.1	142.943379184	144.119029186	145.294679187	146.470329188	147.64597919	148.821629191	149.997279193	151.172929194	152.348579195	153.524229197	0.0	0.0	5.84064395945e-07	2.06747448129e-07	1.86049418437e-06	3.19549226287e-06	3.68812718407e-06	9.69149107186e-06	1.25091136974e-05	1.99272376897e-05	0.0	4.96801254834e-07	-3.20943263186e-07	1.40666587356e-06	1.1355404048e-06	4.19031957314e-07	5.10642102719e-06	2.39665089282e-06	6.30980647595e-06	5.36686973752e-06	159.092032131	159.313981653	159.535931174	159.757880695	159.979830217	160.201779738	160.42372926	160.645678781	160.867628302	161.089577824	-4.15005194038	-4.1326909975	-4.11533005462	-4.09796911173	-4.08060816885	-4.06324722596	-4.04588628308	-4.0285253402	-4.01116439731	-3.99380345443	1.49273504015	1.49273504015	1.49273504015	1.49273504015	1.49273504015	1.49273504015	1.49273504015	1.49273504015	1.49273504015	1.49273504015	
3.11666666667	142.943379184	144.119029186	145.294679187	146.470329188	147.64597919	148.821629191	149.997279193	151.172929194	152.348579195	153.524229197	0.0	0.0	5.84064395945e-07	2.06747448129e-07	1.86049418437e-06	3.19549226287e-06	3.68812718407e-06	9.69149107186e-06	1.25091136974e-05	1.99272376897e-05	0.0	4.96801254834e-07	-3.20943263186e-07	1.40666587356e-06	1.1355404048e-06	4.19031957314e-07	5.10642102719e-06	2.39665089282e-06	6.30980647595e-06	5.36686973752e-06	159.092032131	159.313981653	159.535931174	159.757880695	159.979830217	160.201779738	160.42372926	160.645678781	160.867628302	161.089577824	-4.15005194038	-4.1326909975	-4.11533005462	-4.09796911173	-4.08060816885	-4.06324722596	-4.04588628308	-4.0285253402	-4.01116439731	-3.99380345443	1.49273504015	1.49273504015	1.49273504015	1.49273504015	1.49273504015	1.49273504015	1.49273504015	1.49273504015	1.49273504015	1.49273504015	
3.13333333333	142.943379184	144.119029186	145.294679187	146.470329188	147.64597919	148.821629191	149.997279193	151.172929194	152.348579195	153.524229197	0.0	0.0	5.84064395945e-07	2.06747448129e-07	1.86049418437e-06	3.19549226287e-06	3.68812718407e-06	9.69149107186e-06	1.25091136974e-05	1.99272376897e-05	0.0	4.96801254834e-07	-3.20943263186e-07	1.40666587356e-06	1.1355404048e-06	4.19031957314e-07	5.10642102719e-06	2.39665089282e-06	6.30980647595e-06	5.36686973752e-06	159.092032131	159.313981653	159.535931174	159.757880695	159.979830217	160.201779738	160.42372926	160.645678781	160.867628302	161.089577824	-4.15005194038	-4.1326909975	-4.11533005462	-4.09796911173	-4.08060816885	-4.06324722596	-4.04588628308	-4.0285253402	-4.01116439731	-3.99380345443	1.49273504015	1.49273504015	1.49273504015	1.49273504015	1.49273504015	1.49273504015	1.49273504015	1.49273504015	1.49273504015	1.49273504015	
3.15	142.943379184	144.119029186	145.294679187	146.470329188	147.64597919	148.821629191	149.997279193	151.172929194	152.348579195	153.524229197	0.0	0.0	5.84064395945e-07	2.06747448129e-07	1.86049418437e-06	3.19549226287e-06	3.68812718407e-06	9.69149107186e-06	1.25091136974e-05	1.99272376897e-05	0.0	4.96801254834e-07	-3.20943263186e-07	1.40666587356e-06	1.1355404048e-06	4.19031957314e-07	5.10642102719e-06	2.39665089282e-06	6.30980647595e-06	5.36686973752e-06	159.092032131	159.313981653	159.535931174	159.757880695	159.979830217	160.201779738	160.42372926	160.645678781	160.867628302	161.089577824	-4.15005194038	-4.1326909975	-4.11533005462	-4.09796911173	-4.08060816885	-4.06324722596	-4.04588628308	-4.0285253402	-4.01116439731	-3.99380345443	1.49273504015	1.49273504015	1.49273504015	1.49273504015	1.49273504015	1.49273504015	1.49273504015	1.49273504015	1.49273504015	1.49273504015	
3.16666666667	142.943379184	144.119029186	145.294679187	146.470329188	147.64597919	148.821629191	149.997279193	151.172929194	152.348579195	153.524229197	0.0	0.0	5.84064395945e-07	2.06747448129e-07	1.86049418437e-06	3.19549226287e-06	3.68812718407e-06	9.69149107186e-06	1.25091136974e-05	1.99272376897e-05	0.0	4.96801254834e-07	-3.20943263186e-07	1.40666587356e-06	1.1355404048e-06	4.19031957314e-07	5.10642102719e-06	2.39665089282e-06	6.30980647595e-06	5.36686973752e-06	159.092032131	159.313981653	159.535931174	159.757880695	159.979830217	160.201779738	160.42372926	160.645678781	160.867628302	161.089577824	-4.15005194038	-4.1326909975	-4.11533005462	-4.09796911173	-4.08060816885	-4.06324722596	-4.04588628308	-4.0285253402	-4.01116439731	-3.99380345443	1.49273504015	1.49273504015	1.49273504015	1.49273504015	1.49273504015	1.49273504015	1.49273504015	1.49273504015	1.49273504015	1.49273504015	
3.18333333333	142.943379184	144.119029186	145.294679187	146.470329188	147.64597919	148.821629191	149.997279193	151.172929194	152.348579195	153.524229197	0.0	0.0	5.84064395945e-07	2.06747448129e-07	1.86049418437e-06	3.19549226287e-06	3.68812718407e-06	9.69149107186e-06	1.25091136974e-05	1.99272376897e-05	0.0	4.96801254834e-07	-3.20943263186e-07	1.40666587356e-06	1.1355404048e-06	4.19031957314e-07	5.10642102719e-06	2.39665089282e-06	6.30980647595e-06	5.36686973752e-06	159.092032131	159.313981653	159.535931174	159.757880695	159.979830217	160.201779738	160.42372926	160.645678781	160.867628302	161.089577824	-4.15005194038	-4.1326909975	-4.11533005462	-4.09796911173	-4.08060816885	-4.06324722596	-4.04588628308	-4.0285253402	-4.01116439731	-3.99380345443	1.49273504015	1.49273504015	1.49273504015	1.49273504015	1.49273504015	1.49273504015	1.49273504015	1.49273504015	1.49273504015	1.49273504015	
3.2	144.206243352	145.313223354	146.420203355	147.527183357	148.634163358	149.74114336	150.848123361	151.955103362	153.062083364	154.169063365	0.0	0.0	5.41948996654e-07	4.64765378884e-07	8.47414125936e-07	5.27023402788e-07	6.72059267725e-07	3.56414205012e-07	7.42332624554e-07	8.32655556263e-07	0.0	4.89574333739e-07	-6.97244915639e-08	3.45669069508e-07	-2.89427742813e-07	1.31019408437e-07	-2.85140709236e-07	3.48622756554e-07	8.15940049445e-08	6.91179005818e-07	159.370042786	159.620266018	159.870489251	160.120712483	160.370935716	160.621158949	160.871382181	161.121605414	161.371828647	161.622051879	-4.1283414351	-4.10881587698	-4.08929031887	-4.06976476075	-4.05023920263	-4.03071364451	-4.0111880864	-3.99166252828	-3.97213697016	-3.95261141204	1.49292157799	1.49292157799	1.49292157799	1.49292157799	1.49292157799	1.49292157799	1.49292157799	1.49292157799	1.49292157799	1.49292157799	
3.21666666667	144.206243352	145.313223354	146.420203355	147.527183357	148.634163358	149.74114336	150.848123361	151.955103362	153.062083364	154.169063365	0.0	0.0	5.41948996654e-07	4.64765378884e-07	8.47414125936e-07	5.27023402788e-07	6.72059267725e-07	3.56414205012e-07	7.42332624554e-07	8.32655556263e-07	0.0	4.89574333739e-07	-6.97244915639e-08	3.45669069508e-07	-2.89427742813e-07	1.31019408437e-07	-2.85140709236e-07	3.48622756554e-07	8.15940049445e-08	6.91179005818e-07	159.370042786	159.620266018	159.870489251	160.120712483	160.370935716	160.621158949	160.871382181	161.121605414	161.371828647	161.622051879	-4.1283414351	-4.10881587698	-4.08929031887	-4.06976476075	-4.05023920263	-4.03071364451	-4.0111880864	-3.99166252828	-3.97213697016	-3.95261141204	1.49292157799	1.49292157799	1.49292157799	1.49292157799	1.49292157799	1.49292157799	1.49292157799	1.49292157799	1.49292157799	1.49292157799	
3.23333333333	144.206243352	145.313223354	146.420203355	147.527183357	148.634163358	149.74114336	150.848123361	151.955103362	153.062083364	154.169063365	0.0	0.0	5.41948996654e-07	4.64765378884e-07	8.47414125936e-07	5.27023402788e-07	6.72059267725e-07	3.56414205012e-07	7.42332624554e-07	8.32655556263e-07	0.0	4.89574333739e-07	-6.97244915639e-08	3.45669069508e-07	-2.89427742813e-07	1.31019408437e-07	-2.85140709236e-07	3.48622756554e-07	8.15940049445e-08	6.91179005818e-07	159.370042786	159.620266018	159.870489251	160.120712483	160.370935716	160.621158949	160.871382181	161.121605414	161.371828647	161.622051879	-4.1283414351	-4.10881587698	-4.08929031887	-4.06976476075	-4.05023920263	-4.03071364451	-4.0111880864	-3.99166252828	-3.97213697016	-3.95261141204	1.49292157799	1.49292157799	1.49292157799	1.49292157799	1.49292157799	1.49292157799	1.49292157799	1.49292157799	1.49292157799	1.49292157799	
3.25	144.206243352	145.313223354	146.420203355	147.527183357	148.634163358	149.74114336	150.848123361	151.955103362	153.062083364	154.169063365	0.0	0.0	5.41948996654e-07	4.64765378884e-07	8.47414125936e-07	5.27023402788e-07	6.72059267725e-07	3.56414205012e-07	7.42332624554e-07	8.32655556263e-07	0.0	4.89574333739e-07	-6.97244915639e-08	3.45669069508e-07	-2.89427742813e-07	1.31019408437e-07	-2.85140709236e-07	3.48622756554e-07	8.15940049445e-08	6.91179005818e-07	159.370042786	159.620266018	159.870489251	160.120712483	160.370935716	160.621158949	160.871382181	161.121605414	161.371828647	161.622051879	-4.1283414351	-4.10881587698	-4.08929031887	-4.06976476075	-4.05023920263	-4.03071364451	-4.0111880864	-3.99166252828	-3.97213697016	-3.95261141204	1.49292157799	1.49292157799	1.49292157799	1.49292157799	1.49292157799	1.49292157799	1.49292157799	1.49292157799	1.49292157799	1.49292157799	
3.26666666667	144.206243352	145.313223354	146.420203355	147.527183357	148.634163358	149.74114336	150.848123361	151.955103362	153.062083364	154.169063365	0.0	0.0	5.41948996654e-07	4.64765378884e-07	8.47414125936e-07	5.27023402788e-07	6.72059267725e-07	3.56414205012e-07	7.42332624554e-07	8.32655556263e-07	0.0	4.89574333739e-07	-6.97244915639e-08	3.45669069508e-07	-2.89427742813e-07	1.31019408437e-07	-2.85140709236e-07	3.48622756554e-07	8.15940049445e-08	6.91179005818e-07	159.370042786	159.620266018	159.870489251	160.120712483	160.370935716	160.621158949	160.871382181	161.121605414	161.371828647	161.622051879	-4.1283414351	-4.10881587698	-4.08929031887	-4.06976476075	-4.05023920263	-4.03071364451	-4.0111880864	-3.99166252828	-3.97213697016	-3.95261141204	1.49292157799	1.49292157799	1.49292157799	1.49292157799	1.49292157799	1.49292157799	1.49292157799	1.49292157799	1.49292157799	1.49292157799	
3.28333333333	144.206243352	145.313223354	146.420203355	147.527183357	148.634163358	149.74114336	150.848123361	151.955103362	153.062083364	154.169063365	0.0	0.0	5.41948996654e-07	4.64765378884e-07	8.47414125936e-07	5.27023402788e-07	6.72059267725e-07	3.56414205012e-07	7.42332624554e-07	8.32655556263e-07	0.0	4.89574333739e-07	-6.97244915639e-08	3.45669069508e-07	-2.89427742813e-07	1.31019408437e-07	-2.85140709236e-07	3.48622756554e-07	8.15940049445e-08	6.91179005818e-07	159.370042786	159.620266018	159.870489251	160.120712483	160.370935716	160.621158949	160.871382181	161.121605414	161.371828647	161.622051879	-4.1283414351	-4.10881587698	-4.08929031887	-4.06976476075	-4.05023920263	-4.03071364451	-4.0111880864	-3.99166252828	-3.97213697016	-3.95261141204	1.49292157799	1.49292157799	1.49292157799	1.49292157799	1.49292157799	1.49292157799	1.49292157799	1.49292157799	1.49292157799	1.49292157799	
3.3	144.206243352	145.313223354	146.420203355	147.527183357	148.634163358	149.74114336	150.848123361	151.955103362	153.062083364	154.169063365	0.0	0.0	5.41948996654e-07	4.64765378884e-07	8.47414125936e-07	5.27023402788e-07	6.72059267725e-07	3.56414205012e-07	7.42332624554e-07	8.32655556263e-07	0.0	4.89574333739e-07	-6.97244915639e-08	3.45669069508e-07	-2.89427742813e-07	1.31019408437e-07	-2.85140709236e-07	3.48622756554e-07	8.15940049445e-08	6.91179005818e-07	159.370042786	159.620266018	159.870489251	160.120712483	160.370935716	160.621158949	160.871382181	161.121605414	161.371828647	161.622051879	-4.1283414351	-4.10881587698	-4.08929031887	-4.06976476075	-4.05023920263	-4.03071364451	-4.0111880864	-3.99166252828	-3.97213697016	-3.95261141204	1.49292157799	1.49292157799	1.49292157799	1.49292157799	1.49292157799	1.49292157799	1.49292157799	1.49292157799	1.49292157799	1.49292157799	
3.31666666667	145.388992521	146.427302522	147.465612524	148.503922525	149.542232526	150.580542528	151.618852529	152.657162531	153.695472532	154.733782533	0.0	0.0	-3.23584229467e-06	-2.91872967542e-06	-6.93850511156e-06	-8.3219484232e-06	-1.42101684267e-05	-1.74248943321e-05	-2.45296949873e-05	-2.81149706052e-05	0.0	-3.11645105052e-06	3.05412274585e-07	-3.87145980553e-06	-1.33239910023e-06	-5.67096531431e-06	-3.09611378206e-06	-6.84265840215e-06	-3.45299150833e-06	-9.13589429924e-06	159.679541106	159.955816799	160.232092491	160.508368184	160.784643876	161.060919569	161.337195261	161.613470954	161.889746646	162.166022339	-4.1042015121	-4.08265748421	-4.06111345632	-4.03956942843	-4.01802540054	-3.99648137265	-3.97493734477	-3.95339331688	-3.93184928899	-3.9103052611	1.49297363727	1.49297363727	1.49297363727	1.49297363727	1.49297363727	1.49297363727	1.49297363727	1.49297363727	1.49297363727	1.49297363727	
3.33333333333	145.388992521	146.427302522	147.465612524	148.503922525	149.542232526	150.580542528	151.618852529	152.657162531	153.695472532	154.733782533	0.0	0.0	-3.23584229467e-06	-2.91872967542e-06	-6.93850511156e-06	-8.3219484232e-06	-1.42101684267e-05	-1.74248943321e-05	-2.45296949873e-05	-2.81149706052e-05	0.0	-3.11645105052e-06	3.05412274585e-07	-3.87145980553e-06	-1.33239910023e-06	-5.67096531431e-06	-3.09611378206e-06	-6.84265840215e-06	-3.45299150833e-06	-9.13589429924e-06	159.679541106	159.955816799	160.232092491	160.508368184	160.784643876	161.060919569	161.337195261	161.613470954	161.889746646	162.166022339	-4.1042015121	-4.08265748421	-4.06111345632	-4.03956942843	-4.01802540054	-3.99648137265	-3.97493734477	-3.95339331688	-3.93184928899	-3.9103052611	1.49297363727	1.49297363727	1.49297363727	1.49297363727	1.49297363727	1.49297363727	1.49297363727	1.49297363727	1.49297363727	1.49297363727	
3.35	145.388992521	146.427302522	147.465612524	148.503922525	149.542232526	150.580542528	151.618852529	152.657162531	153.695472532	154.733782533	0.0	0.0	-3.23584229467e-06	-2.91872967542e-06	-6.93850511156e-06	-8.3219484232e-06	-1.42101684267e-05	-1.74248943321e-05	-2.45296949873e-05	-2.81149706052e-05	0.0	-3.11645105052e-06	3.05412274585e-07	-3.87145980553e-06	-1.33239910023e-06	-5.67096531431e-06	-3.09611378206e-06	-6.84265840215e-06	-3.45299150833e-06	-9.13589429924e-06	159.679541106	159.955816799	160.232092491	160.508368184	160.784643876	161.060919569	161.337195261	161.613470954	161.889746646	162.166022339	-4.1042015121	-4.08265748421	-4.06111345632	-4.03956942843	-4.01802540054	-3.99648137265	-3.97493734477	-3.95339331688	-3.93184928899	-3.9103052611	1.49297363727	1.49297363727	1.49297363727	1.49297363727	1.49297363727	1.49297363727	1.49297363727	1.49297363727	1.49297363727	1.49297363727	
3.36666666667	145.388992521	146.427302522	147.465612524	148.503922525	149.542232526	150.580542528	151.618852529	152.657162531	153.695472532	154.733782533	0.0	0.0	-3.23584229467e-06	-2.91872967542e-06	-6.93850511156e-06	-8.3219484232e-06	-1.42101684267e-05	-1.74248943321e-05	-2.45296949873e-05	-2.81149706052e-05	0.0	-3.11645105052e-06	3.05412274585e-07	-3.87145980553e-06	-1.33239910023e-06	-5.67096531431e-06	-3.09611378206e-06	-6.84265840215e-06	-3.45299150833e-06	-9.13589429924e-06	159.679541106	159.955816799	160.232092491	160.508368184	160.784643876	161.060919569	161.337195261	161.613470954	161.889746646	162.166022339	-4.1042015121	-4.08265748421	-4.06111345632	-4.03956942843	-4.01802540054	-3.99648137265	-3.97493734477	-3.95339331688	-3.93184928899	-3.9103052611	1.49297363727	1.49297363727	1.49297363727	1.49297363727	1.49297363727	1.49297363727	1.49297363727	1.49297363727	1.49297363727	1.49297363727	
3.38333333333	145.388992521	146.427302522	147.465612524	148.503922525	149.542232526	150.580542528	151.618852529	152.657162531	153.695472532	154.733782533	0.0	0.0	-3.23584229467e-06	-2.91872967542e-06	-6.93850511156e-06	-8.3219484232e-06	-1.42101684267e-05	-1.74248943321e-05	-2.45296949873e-05	-2.81149706052e-05	0.0	-3.11645105052e-06	3.05412274585e-07	-3.87145980553e-06	-1.33239910023e-06	-5.67096531431e-06	-3.09611378206e-06	-6.84265840215e-06	-3.45299150833e-06	-9.13589429924e-06	159.679541106	159.955816799	160.232092491	160.508368184	160.784643876	161.060919569	161.337195261	161.613470954	161.889746646	162.166022339	-4.1042015121	-4.08265748421	-4.06111345632	-4.03956942843	-4.01802540054	-3.99648137265	-3.97493734477	-3.95339331688	-3.93184928899	-3.9103052611	1.49297363727	1.49297363727	1.49297363727	1.49297363727	1.49297363727	1.49297363727	1.49297363727	1.49297363727	1.49297363727	1.49297363727	
3.4	145.388992521	146.427302522	147.465612524	148.503922525	149.542232526	150.580542528	151.618852529	152.657162531	153.695472532	154.733782533	0.0	0.0	-3.23584229467e-06	-2.91872967542e-06	-6.93850511156e-06	-8.3219484232e-06	-1.42101684267e-05	-1.74248943321e-05	-2.45296949873e-05	-2.81149706052e-05	0.0	-3.11645105052e-06	3.05412274585e-07	-3.87145980553e-06	-1.33239910023e-06	-5.67096531431e-06	-3.09611378206e-06	-6.84265840215e-06	-3.45299150833e-06	-9.13589429924e-06	159.679541106	159.955816799	160.232092491	160.508368184	160.784643876	161.060919569	161.337195261	161.613470954	161.889746646	162.166022339	-4.1042015121	-4.08265748421	-4.06111345632	-4.03956942843	-4.01802540054	-3.99648137265	-3.97493734477	-3.95339331688	-3.93184928899	-3.9103052611	1.49297363727	1.49297363727	1.49297363727	1.49297363727	1.49297363727	1.49297363727	1.49297363727	1.49297363727	1.49297363727	1.49297363727	
3.41666666667	146.339012522	147.318462524	148.297912525	149.277362527	150.256812528	151.23626253	152.215712531	153.195162533	154.174612534	155.154062536	0.0	0.0	-2.4448261496e-06	-4.77290185604e-06	-1.05781660004e-05	-1.13490489789e-05	-1.69119331787e-05	-1.63297318535e-05	-2.28964436477e-05	-2.45867961151e-05	0.0	-2.49612144147e-06	-2.37692143843e-06	-5.92706532797e-06	-7.87056998656e-07	-5.6795999707e-06	5.94416585142e-07	-6.70448903382e-06	-1.72581802518e-06	-6.49194772988e-06	159.968007132	160.264979104	160.561951076	160.858923048	161.155895019	161.452866991	161.749838963	162.046810935	162.343782907	162.640754879	-4.08170950705	-4.05855558439	-4.03540166173	-4.01224773907	-3.98909381641	-3.96593989375	-3.94278597108	-3.91963204842	-3.89647812576	-3.8733242031	1.49298704119	1.49298704119	1.49298704119	1.49298704119	1.49298704119	1.49298704119	1.49298704119	1.49298704119	1.49298704119	1.49298704119	
3.43333333333	146.339012522	147.318462524	148.297912525	149.277362527	150.256812528	151.23626253	152.215712531	153.195162533	154.174612534	155.154062536	0.0	0.0	-2.4448261496e-06	-4.77290185604e-06	-1.05781660004e-05	-1.13490489789e-05	-1.69119331787e-05	-1.63297318535e-05	-2.28964436477e-05	-2.45867961151e-05	0.0	-2.49612144147e-06	-2.37692143843e-06	-5.92706532797e-06	-7.87056998656e-07	-5.6795999707e-06	5.94416585142e-07	-6.70448903382e-06	-1.72581802518e-06	-6.49194772988e-06	159.968007132	160.264979104	160.561951076	160.858923048	161.155895019	161.452866991	161.749838963	162.046810935	162.343782907	162.640754879	-4.08170950705	-4.05855558439	-4.03540166173	-4.01224773907	-3.98909381641	-3.96593989375	-3.94278597108	-3.91963204842	-3.89647812576	-3.8733242031	1.49298704119	1.49298704119	1.49298704119	1.49298704119	1.49298704119	1.49298704119	1.49298704119	1.49298704119	1.49298704119	1.49298704119	
3.45	146.339012522	147.318462524	148.297912525	149.277362527	150.256812528	151.23626253	152.215712531	153.195162533	154.174612534	155.154062536	0.0	0.0	-2.4448261496e-06	-4.77290185604e-06	-1.05781660004e-05	-1.13490489789e-05	-1.69119331787e-05	-1.63297318535e-05	-2.28964436477e-05	-2.45867961151e-05	0.0	-2.49612144147e-06	-2.37692143843e-06	-5.92706532797e-06	-7.87056998656e-07	-5.6795999707e-06	5.94416585142e-07	-6.70448903382e-06	-1.72581802518e-06	-6.49194772988e-06	159.968007132	160.264979104	160.561951076	160.858923048	161.155895019	161.452866991	161.749838963	162.046810935	162.343782907	162.640754879	-4.08170950705	-4.05855558439	-4.03540166173	-4.01224773907	-3.98909381641	-3.96593989375	-3.94278597108	-3.91963204842	-3.89647812576	-3.8733242031	1.49298704119	1.49298704119	1.49298704119	1.49298704119	1.49298704119	1.49298704119	1.49298704119	1.49298704119	1.49298704119	1.49298704119	
3.46666666667	146.339012522	147.318462524	148.297912525	149.277362527	150.256812528	151.23626253	152.215712531	153.195162533	154.174612534	155.154062536	0.0	0.0	-2.4448261496e-06	-4.77290185604e-06	-1.05781660004e-05	-1.13490489789e-05	-1.69119331787e-05	-1.63297318535e-05	-2.28964436477e-05	-2.45867961151e-05	0.0	-2.49612144147e-06	-2.37692143843e-06	-5.92706532797e-06	-7.87056998656e-07	-5.6795999707e-06	5.94416585142e-07	-6.70448903382e-06	-1.72581802518e-06	-6.49194772988e-06	159.968007132	160.264979104	160.561951076	160.858923048	161.155895019	161.452866991	161.749838963	162.046810935	162.343782907	162.640754879	-4.08170950705	-4.05855558439	-4.03540166173	-4.01224773907	-3.98909381641	-3.96593989375	-3.94278597108	-3.91963204842	-3.89647812576	-3.8733242031	1.49298704119	1.49298704119	1.49298704119	1.49298704119	1.49298704119	1.49298704119	1.49298704119	1.49298704119	1.49298704119	1.49298704119	
3.48333333333	146.339012522	147.318462524	148.297912525	149.277362527	150.256812528	151.23626253	152.215712531	153.195162533	154.174612534	155.154062536	0.0	0.0	-2.4448261496e-06	-4.77290185604e-06	-1.05781660004e-05	-1.13490489789e-05	-1.69119331787e-05	-1.63297318535e-05	-2.28964436477e-05	-2.45867961151e-05	0.0	-2.49612144147e-06	-2.37692143843e-06	-5.92706532797e-06	-7.87056998656e-07	-5.6795999707e-06	5.94416585142e-07	-6.70448903382e-06	-1.72581802518e-06	-6.49194772988e-06	159.968007132	160.264979104	160.561951076	160.858923048	161.155895019	161.452866991	161.749838963	162.046810935	162.343782907	162.640754879	-4.08170950705	-4.05855558439	-4.03540166173	-4.01224773907	-3.98909381641	-3.96593989375	-3.94278597108	-3.91963204842	-3.89647812576	-3.8733242031	1.49298704119	1.49298704119	1.49298704119	1.49298704119	1.49298704119	1.49298704119	1.49298704119	1.49298704119	1.49298704119	1.49298704119	
3.5	146.339012522	147.318462524	148.297912525	149.277362527	150.256812528	151.23626253	152.215712531	153.195162533	154.174612534	155.154062536	0.0	0.0	-2.4448261496e-06	-4.77290185604e-06	-1.05781660004e-05	-1.13490489789e-05	-1.69119331787e-05	-1.63297318535e-05	-2.28964436477e-05	-2.45867961151e-05	0.0	-2.49612144147e-06	-2.37692143843e-06	-5.92706532797e-06	-7.87056998656e-07	-5.6795999707e-06	5.94416585142e-07	-6.70448903382e-06	-1.72581802518e-06	-6.49194772988e-06	159.968007132	160.264979104	160.561951076	160.858923048	161.155895019	161.452866991	161.749838963	162.046810935	162.343782907	162.640754879	-4.08170950705	-4.05855558439	-4.03540166173	-4.01224773907	-3.98909381641	-3.96593989375	-3.94278597108	-3.91963204842	-3.89647812576	-3.8733242031	1.49298704119	1.49298704119	1.49298704119	1.49298704119	1.49298704119	1.49298704119	1.49298704119	1.49298704119	1.49298704119	1.49298704119	
3.51666666667	147.230172524	148.150762525	149.071352527	149.991942529	150.91253253	151.833122532	152.753712533	153.674302535	154.594892536	155.515482538	0.0	0.0	-1.65207789739e-06	-6.91759909547e-07	-2.13509238058e-07	2.01584605084e-06	2.10439242202e-06	1.51989246886e-06	-2.37805148538e-06	-4.33573626345e-06	0.0	-1.79458596617e-06	1.04315491828e-06	5.19504525012e-07	2.42165924585e-06	9.61843720127e-08	-6.34918858745e-07	-4.23418019712e-06	-2.12655446482e-06	-7.85234829695e-06	160.276344389	160.592611925	160.908879461	161.225146997	161.541414533	161.85768207	162.173949606	162.490217142	162.806484678	163.122752214	-4.05767041022	-4.03301350455	-4.00835659889	-3.98369969323	-3.95904278757	-3.93438588191	-3.90972897624	-3.88507207058	-3.86041516492	-3.83575825926	1.49299153013	1.49299153013	1.49299153013	1.49299153013	1.49299153013	1.49299153013	1.49299153013	1.49299153013	1.49299153013	1.49299153013	
3.53333333333	147.230172524	148.150762525	149.071352527	149.991942529	150.91253253	151.833122532	152.753712533	153.674302535	154.594892536	155.515482538	0.0	0.0	-1.65207789739e-06	-6.91759909547e-07	-2.13509238058e-07	2.01584605084e-06	2.10439242202e-06	1.51989246886e-06	-2.37805148538e-06	-4.33573626345e-06	0.0	-1.79458596617e-06	1.04315491828e-06	5.19504525012e-07	2.42165924585e-06	9.61843720127e-08	-6.34918858745e-07	-4.23418019712e-06	-2.12655446482e-06	-7.85234829695e-06	160.276344389	160.592611925	160.908879461	161.225146997	161.541414533	161.85768207	162.173949606	162.490217142	162.806484678	163.122752214	-4.05767041022	-4.03301350455	-4.00835659889	-3.98369969323	-3.95904278757	-3.93438588191	-3.90972897624	-3.88507207058	-3.86041516492	-3.83575825926	1.49299153013	1.49299153013	1.49299153013	1.49299153013	1.49299153013	1.49299153013	1.49299153013	1.49299153013	1.49299153013	1.49299153013	
3.55	147.230172524	148.150762525	149.071352527	149.991942529	150.91253253	151.833122532	152.753712533	153.674302535	154.594892536	155.515482538	0.0	0.0	-1.65207789739e-06	-6.91759909547e-07	-2.13509238058e-07	2.01584605084e-06	2.10439242202e-06	1.51989246886e-06	-2.37805148538e-06	-4.33573626345e-06	0.0	-1.79458596617e-06	1.04315491828e-06	5.19504525012e-07	2.42165924585e-06	9.61843720127e-08	-6.34918858745e-07	-4.23418019712e-06	-2.12655446482e-06	-7.85234829695e-06	160.276344389	160.592611925	160.908879461	161.225146997	161.541414533	161.85768207	162.173949606	162.490217142	162.806484678	163.122752214	-4.05767041022	-4.03301350455	-4.00835659889	-3.98369969323	-3.95904278757	-3.93438588191	-3.90972897624	-3.88507207058	-3.86041516492	-3.83575825926	1.49299153013	1.49299153013	1.49299153013	1.49299153013	1.49299153013	1.49299153013	1.49299153013	1.49299153013	1.49299153013	1.49299153013	
3.56666666667	147.230172524	148.150762525	149.071352527	149.991942529	150.91253253	151.833122532	152.753712533	153.674302535	154.594892536	155.515482538	0.0	0.0	-1.65207789739e-06	-6.91759909547e-07	-2.13509238058e-07	2.01584605084e-06	2.10439242202e-06	1.51989246886e-06	-2.37805148538e-06	-4.33573626345e-06	0.0	-1.79458596617e-06	1.04315491828e-06	5.19504525012e-07	2.42165924585e-06	9.61843720127e-08	-6.34918858745e-07	-4.23418019712e-06	-2.12655446482e-06	-7.85234829695e-06	160.276344389	160.592611925	160.908879461	161.225146997	161.541414533	161.85768207	162.173949606	162.490217142	162.806484678	163.122752214	-4.05767041022	-4.03301350455	-4.00835659889	-3.98369969323	-3.95904278757	-3.93438588191	-3.90972897624	-3.88507207058	-3.86041516492	-3.83575825926	1.49299153013	1.49299153013	1.49299153013	1.49299153013	1.49299153013	1.49299153013	1.49299153013	1.49299153013	1.49299153013	1.49299153013	
3.58333333333	147.230172524	148.150762525	149.071352527	149.991942529	150.91253253	151.833122532	152.753712533	153.674302535	154.594892536	155.515482538	0.0	0.0	-1.65207789739e-06	-6.91759909547e-07	-2.13509238058e-07	2.01584605084e-06	2.10439242202e-06	1.51989246886e-06	-2.37805148538e-06	-4.33573626345e-06	0.0	-1.79458596617e-06	1.04315491828e-06	5.19504525012e-07	2.42165924585e-06	9.61843720127e-08	-6.34918858745e-07	-4.23418019712e-06	-2.12655446482e-06	-7.85234829695e-06	160.276344389	160.592611925	160.908879461	161.225146997	161.541414533	161.85768207	162.173949606	162.490217142	162.806484678	163.122752214	-4.05767041022	-4.03301350455	-4.00835659889	-3.98369969323	-3.95904278757	-3.93438588191	-3.90972897624	-3.88507207058	-3.86041516492	-3.83575825926	1.49299153013	1.49299153013	1.49299153013	1.49299153013	1.49299153013	1.49299153013	1.49299153013	1.49299153013	1.49299153013	1.49299153013	
3.6	147.230172524	148.150762525	149.071352527	149.991942529	150.91253253	151.833122532	152.753712533	153.674302535	154.594892536	155.515482538	0.0	0.0	-1.65207789739e-06	-6.91759909547e-07	-2.13509238058e-07	2.01584605084e-06	2.10439242202e-06	1.51989246886e-06	-2.37805148538e-06	-4.33573626345e-06	0.0	-1.79458596617e-06	1.04315491828e-06	5.19504525012e-07	2.42165924585e-06	9.61843720127e-08	-6.34918858745e-07	-4.23418019712e-06	-2.12655446482e-06	-7.85234829695e-06	160.276344389	160.592611925	160.908879461	161.225146997	161.541414533	161.85768207	162.173949606	162.490217142	162.806484678	163.122752214	-4.05767041022	-4.03301350455	-4.00835659889	-3.98369969323	-3.95904278757	-3.93438588191	-3.90972897624	-3.88507207058	-3.86041516492	-3.83575825926	1.49299153013	1.49299153013	1.49299153013	1.49299153013	1.49299153013	1.49299153013	1.49299153013	1.49299153013	1.49299153013	1.49299153013	
3.61666666667	148.062472526	148.924202527	149.785932529	150.64766253	151.509392532	152.371122533	153.232852535	154.094582537	154.956312538	155.81804254	0.0	0.0	-2.99092157339e-07	-1.77689159472e-06	-3.27512944679e-06	-5.69312685959e-06	-8.03658036419e-06	-1.09933921841e-05	-1.37126368338e-05	-1.67489579423e-05	0.0	-3.47083375061e-07	-1.71492165141e-06	-1.73863953829e-06	-2.80598030517e-06	-2.71947535807e-06	-3.43125087261e-06	-3.15556455587e-06	-3.52351792671e-06	-3.49222507173e-06	160.603208062	160.937465337	161.271722612	161.605979887	161.940237162	162.274494437	162.608751712	162.943008987	163.277266262	163.611523537	-4.03218773998	-4.00612882065	-3.98006990133	-3.95401098201	-3.92795206269	-3.90189314337	-3.87583422404	-3.84977530472	-3.8237163854	-3.79765746608	1.49299303347	1.49299303347	1.49299303347	1.49299303347	1.49299303347	1.49299303347	1.49299303347	1.49299303347	1.49299303347	1.49299303347	
3.63333333333	148.062472526	148.924202527	149.785932529	150.64766253	151.509392532	152.371122533	153.232852535	154.094582537	154.956312538	155.81804254	0.0	0.0	-2.99092157339e-07	-1.77689159472e-06	-3.27512944679e-06	-5.69312685959e-06	-8.03658036419e-06	-1.09933921841e-05	-1.37126368338e-05	-1.67489579423e-05	0.0	-3.47083375061e-07	-1.71492165141e-06	-1.73863953829e-06	-2.80598030517e-06	-2.71947535807e-06	-3.43125087261e-06	-3.15556455587e-06	-3.52351792671e-06	-3.49222507173e-06	160.603208062	160.937465337	161.271722612	161.605979887	161.940237162	162.274494437	162.608751712	162.943008987	163.277266262	163.611523537	-4.03218773998	-4.00612882065	-3.98006990133	-3.95401098201	-3.92795206269	-3.90189314337	-3.87583422404	-3.84977530472	-3.8237163854	-3.79765746608	1.49299303347	1.49299303347	1.49299303347	1.49299303347	1.49299303347	1.49299303347	1.49299303347	1.49299303347	1.49299303347	1.49299303347	
3.65	148.062472526	148.924202527	149.785932529	150.64766253	151.509392532	152.371122533	153.232852535	154.094582537	154.956312538	155.81804254	0.0	0.0	-2.99092157339e-07	-1.77689159472e-06	-3.27512944679e-06	-5.69312685959e-06	-8.03658036419e-06	-1.09933921841e-05	-1.37126368338e-05	-1.67489579423e-05	0.0	-3.47083375061e-07	-1.71492165141e-06	-1.73863953829e-06	-2.80598030517e-06	-2.71947535807e-06	-3.43125087261e-06	-3.15556455587e-06	-3.52351792671e-06	-3.49222507173e-06	160.603208062	160.937465337	161.271722612	161.605979887	161.940237162	162.274494437	162.608751712	162.943008987	163.277266262	163.611523537	-4.03218773998	-4.00612882065	-3.98006990133	-3.95401098201	-3.92795206269	-3.90189314337	-3.87583422404	-3.84977530472	-3.8237163854	-3.79765746608	1.49299303347	1.49299303347	1.49299303347	1.49299303347	1.49299303347	1.49299303347	1.49299303347	1.49299303347	1.49299303347	1.49299303347	
3.66666666667	148.062472526	148.924202527	149.785932529	150.64766253	151.509392532	152.371122533	153.232852535	154.094582537	154.956312538	155.81804254	0.0	0.0	-2.99092157339e-07	-1.77689159472e-06	-3.27512944679e-06	-5.69312685959e-06	-8.03658036419e-06	-1.09933921841e-05	-1.37126368338e-05	-1.67489579423e-05	0.0	-3.47083375061e-07	-1.71492165141e-06	-1.73863953829e-06	-2.80598030517e-06	-2.71947535807e-06	-3.43125087261e-06	-3.15556455587e-06	-3.52351792671e-06	-3.49222507173e-06	160.603208062	160.937465337	161.271722612	161.605979887	161.940237162	162.274494437	162.608751712	162.943008987	163.277266262	163.611523537	-4.03218773998	-4.00612882065	-3.98006990133	-3.95401098201	-3.92795206269	-3.90189314337	-3.87583422404	-3.84977530472	-3.8237163854	-3.79765746608	1.49299303347	1.49299303347	1.49299303347	1.49299303347	1.49299303347	1.49299303347	1.49299303347	1.49299303347	1.49299303347	1.49299303347	
3.68333333333	148.062472526	148.924202527	149.785932529	150.64766253	151.509392532	152.371122533	153.232852535	154.094582537	154.956312538	155.81804254	0.0	0.0	-2.99092157339e-07	-1.77689159472e-06	-3.27512944679e-06	-5.69312685959e-06	-8.03658036419e-06	-1.09933921841e-05	-1.37126368338e-05	-1.67489579423e-05	0.0	-3.47083375061e-07	-1.71492165141e-06	-1.73863953829e-06	-2.80598030517e-06	-2.71947535807e-06	-3.43125087261e-06	-3.15556455587e-06	-3.52351792671e-06	-3.49222507173e-06	160.603208062	160.937465337	161.271722612	161.605979887	161.940237162	162.274494437	162.608751712	162.943008987	163.277266262	163.611523537	-4.03218773998	-4.00612882065	-3.98006990133	-3.95401098201	-3.92795206269	-3.90189314337	-3.87583422404	-3.84977530472	-3.8237163854	-3.79765746608	1.49299303347	1.49299303347	1.49299303347	1.49299303347	1.49299303347	1.49299303347	1.49299303347	1.49299303347	1.49299303347	1.49299303347	
3.7	148.062472526	148.924202527	149.785932529	150.64766253	151.509392532	152.371122533	153.232852535	154.094582537	154.956312538	155.81804254	0.0	0.0	-2.99092157339e-07	-1.77689159472e-06	-3.27512944679e-06	-5.69312685959e-06	-8.03658036419e-06	-1.09933921841e-05	-1.37126368338e-05	-1.67489579423e-05	0.0	-3.47083375061e-07	-1.71492165141e-06	-1.73863953829e-06	-2.80598030517e-06	-2.71947535807e-06	-3.43125087261e-06	-3.15556455587e-06	-3.52351792671e-06	-3.49222507173e-06	160.603208062	160.937465337	161.271722612	161.605979887	161.940237162	162.274494437	162.608751712	162.943008987	163.277266262	163.611523537	-4.03218773998	-4.00612882065	-3.98006990133	-3.95401098201	-3.92795206269	-3.90189314337	-3.87583422404	-3.84977530472	-3.8237163854	-3.79765746608	1.49299303347	1.49299303347	1.49299303347	1.49299303347	1.49299303347	1.49299303347	1.49299303347	1.49299303347	1.49299303347	1.49299303347	
3.71666666667	148.835912527	149.638782529	150.44165253	151.244522532	152.047392533	152.850262535	153.653132537	154.456002538	155.25887254	156.061742541	0.0	0.0	-1.54017970135e-07	-2.73230558318e-07	-5.86043664872e-07	-8.77903296815e-07	-1.33034517042e-06	-1.82486972317e-06	-2.55248986919e-06	-3.37238231707e-06	0.0	-1.91834256893e-07	-1.48483051987e-07	-3.89618625605e-07	-3.63520409741e-07	-5.63530674604e-07	-6.15945983495e-07	-9.06273923048e-07	-1.02120199567e-06	-1.28540610959e-06	160.947344399	161.298373992	161.649403585	162.000433179	162.351462772	162.702492366	163.053521959	163.404551552	163.755581146	164.106610739	-4.00535875986	-3.97799243725	-3.95062611465	-3.92325979205	-3.89589346945	-3.86852714684	-3.84116082424	-3.81379450164	-3.78642817904	-3.75906185643	1.49299353694	1.49299353694	1.49299353694	1.49299353694	1.49299353694	1.49299353694	1.49299353694	1.49299353694	1.49299353694	1.49299353694	
3.73333333333	148.835912527	149.638782529	150.44165253	151.244522532	152.047392533	152.850262535	153.653132537	154.456002538	155.25887254	156.061742541	0.0	0.0	-1.54017970135e-07	-2.73230558318e-07	-5.86043664872e-07	-8.77903296815e-07	-1.33034517042e-06	-1.82486972317e-06	-2.55248986919e-06	-3.37238231707e-06	0.0	-1.91834256893e-07	-1.48483051987e-07	-3.89618625605e-07	-3.63520409741e-07	-5.63530674604e-07	-6.15945983495e-07	-9.06273923048e-07	-1.02120199567e-06	-1.28540610959e-06	160.947344399	161.298373992	161.649403585	162.000433179	162.351462772	162.702492366	163.053521959	163.404551552	163.755581146	164.106610739	-4.00535875986	-3.97799243725	-3.95062611465	-3.92325979205	-3.89589346945	-3.86852714684	-3.84116082424	-3.81379450164	-3.78642817904	-3.75906185643	1.49299353694	1.49299353694	1.49299353694	1.49299353694	1.49299353694	1.49299353694	1.49299353694	1.49299353694	1.49299353694	1.49299353694	
3.75	148.835912527	149.638782529	150.44165253	151.244522532	152.047392533	152.850262535	153.653132537	154.456002538	155.25887254	156.061742541	0.0	0.0	-1.54017970135e-07	-2.73230558318e-07	-5.86043664872e-07	-8.77903296815e-07	-1.33034517042e-06	-1.82486972317e-06	-2.55248986919e-06	-3.37238231707e-06	0.0	-1.91834256893e-07	-1.48483051987e-07	-3.89618625605e-07	-3.63520409741e-07	-5.63530674604e-07	-6.15945983495e-07	-9.06273923048e-07	-1.02120199567e-06	-1.28540610959e-06	160.947344399	161.298373992	161.649403585	162.000433179	162.351462772	162.702492366	163.053521959	163.404551552	163.755581146	164.106610739	-4.00535875986	-3.97799243725	-3.95062611465	-3.92325979205	-3.89589346945	-3.86852714684	-3.84116082424	-3.81379450164	-3.78642817904	-3.75906185643	1.49299353694	1.49299353694	1.49299353694	1.49299353694	1.49299353694	1.49299353694	1.49299353694	1.49299353694	1.49299353694	1.49299353694	
3.76666666667	148.835912527	149.638782529	150.44165253	151.244522532	152.047392533	152.850262535	153.653132537	154.456002538	155.25887254	156.061742541	0.0	0.0	-1.54017970135e-07	-2.73230558318e-07	-5.86043664872e-07	-8.77903296815e-07	-1.33034517042e-06	-1.82486972317e-06	-2.55248986919e-06	-3.37238231707e-06	0.0	-1.91834256893e-07	-1.48483051987e-07	-3.89618625605e-07	-3.63520409741e-07	-5.63530674604e-07	-6.15945983495e-07	-9.06273923048e-07	-1.02120199567e-06	-1.28540610959e-06	160.947344399	161.298373992	161.649403585	162.000433179	162.351462772	162.702492366	163.053521959	163.404551552	163.755581146	164.106610739	-4.00535875986	-3.97799243725	-3.95062611465	-3.92325979205	-3.89589346945	-3.86852714684	-3.84116082424	-3.81379450164	-3.78642817904	-3.75906185643	1.49299353694	1.49299353694	1.49299353694	1.49299353694	1.49299353694	1.49299353694	1.49299353694	1.49299353694	1.49299353694	1.49299353694	
3.78333333333	148.835912527	149.638782529	150.44165253	151.244522532	152.047392533	152.850262535	153.653132537	154.456002538	155.25887254	156.061742541	0.0	0.0	-1.54017970135e-07	-2.73230558318e-07	-5.86043664872e-07	-8.77903296815e-07	-1.33034517042e-06	-1.82486972317e-06	-2.55248986919e-06	-3.37238231707e-06	0.0	-1.91834256893e-07	-1.48483051987e-07	-3.89618625605e-07	-3.63520409741e-07	-5.63530674604e-07	-6.15945983495e-07	-9.06273923048e-07	-1.02120199567e-06	-1.28540610959e-06	160.947344399	161.298373992	161.649403585	162.000433179	162.351462772	162.702492366	163.053521959	163.404551552	163.755581146	164.106610739	-4.00535875986	-3.97799243725	-3.95062611465	-3.92325979205	-3.89589346945	-3.86852714684	-3.84116082424	-3.81379450164	-3.78642817904	-3.75906185643	1.49299353694	1.49299353694	1.49299353694	1.49299353694	1.49299353694	1.49299353694	1.49299353694	1.49299353694	1.49299353694	1.49299353694	
3.8	148.835912527	149.638782529	150.44165253	151.244522532	152.047392533	152.850262535	153.653132537	154.456002538	155.25887254	156.061742541	0.0	0.0	-1.54017970135e-07	-2.73230558318e-07	-5.86043664872e-07	-8.77903296815e-07	-1.33034517042e-06	-1.82486972317e-06	-2.55248986919e-06	-3.37238231707e-06	0.0	-1.91834256893e-07	-1.48483051987e-07	-3.89618625605e-07	-3.63520409741e-07	-5.63530674604e-07	-6.15945983495e-07	-9.06273923048e-07	-1.02120199567e-06	-1.28540610959e-06	160.947344399	161.298373992	161.649403585	162.000433179	162.351462772	162.702492366	163.053521959	163.404551552	163.755581146	164.106610739	-4.00535875986	-3.97799243725	-3.95062611465	-3.92325979205	-3.89589346945	-3.86852714684	-3.84116082424	-3.81379450164	-3.78642817904	-3.75906185643	1.49299353694	1.49299353694	1.49299353694	1.49299353694	1.49299353694	1.49299353694	1.49299353694	1.49299353694	1.49299353694	1.49299353694	
3.81666666667	148.835912527	149.638782529	150.44165253	151.244522532	152.047392533	152.850262535	153.653132537	154.456002538	155.25887254	156.061742541	0.0	0.0	-1.54017970135e-07	-2.73230558318e-07	-5.86043664872e-07	-8.77903296815e-07	-1.33034517042e-06	-1.82486972317e-06	-2.55248986919e-06	-3.37238231707e-06	0.0	-1.91834256893e-07	-1.48483051987e-07	-3.89618625605e-07	-3.63520409741e-07	-5.63530674604e-07	-6.15945983495e-07	-9.06273923048e-07	-1.02120199567e-06	-1.28540610959e-06	160.947344399	161.298373992	161.649403585	162.000433179	162.351462772	162.702492366	163.053521959	163.404551552	163.755581146	164.106610739	-4.00535875986	-3.97799243725	-3.95062611465	-3.92325979205	-3.89589346945	-3.86852714684	-3.84116082424	-3.81379450164	-3.78642817904	-3.75906185643	1.49299353694	1.49299353694	1.49299353694	1.49299353694	1.49299353694	1.49299353694	1.49299353694	1.49299353694	1.49299353694	1.49299353694	
3.83333333333	149.663866696	150.398066697	151.132266699	151.8664667	152.600666702	153.334866703	154.069066705	154.803266707	155.537466708	156.27166671	0.0	0.0	-7.10386390501e-07	-4.77376202646e-07	-3.15868810475e-07	-6.4737252215e-07	-8.88916840885e-07	-1.61292107696e-06	-2.94746034411e-06	-3.95816373097e-06	0.0	-9.6756522606e-07	3.17366095552e-07	2.1997737922e-07	-4.51516904062e-07	-3.28989809609e-07	-9.86113095234e-07	-1.81767810444e-06	-1.3766049914e-06	-2.38362401995e-06	161.369112552	161.73828078	162.107449008	162.476617236	162.845785464	163.214953692	163.58412192	163.953290148	164.322458376	164.691626604	-3.97247770039	-3.94369735484	-3.9149170093	-3.88613666376	-3.85735631822	-3.82857597268	-3.79979562714	-3.7710152816	-3.74223493606	-3.71345459052	1.4929937197	1.4929937197	1.4929937197	1.4929937197	1.4929937197	1.4929937197	1.4929937197	1.4929937197	1.4929937197	1.4929937197	
3.85	149.663866696	150.398066697	151.132266699	151.8664667	152.600666702	153.334866703	154.069066705	154.803266707	155.537466708	156.27166671	0.0	0.0	-7.10386390501e-07	-4.77376202646e-07	-3.15868810475e-07	-6.4737252215e-07	-8.88916840885e-07	-1.61292107696e-06	-2.94746034411e-06	-3.95816373097e-06	0.0	-9.6756522606e-07	3.17366095552e-07	2.1997737922e-07	-4.51516904062e-07	-3.28989809609e-07	-9.86113095234e-07	-1.81767810444e-06	-1.3766049914e-06	-2.38362401995e-06	161.369112552	161.73828078	162.107449008	162.476617236	162.845785464	163.214953692	163.58412192	163.953290148	164.322458376	164.691626604	-3.97247770039	-3.94369735484	-3.9149170093	-3.88613666376	-3.85735631822	-3.82857597268	-3.79979562714	-3.7710152816	-3.74223493606	-3.71345459052	1.4929937197	1.4929937197	1.4929937197	1.4929937197	1.4929937197	1.4929937197	1.4929937197	1.4929937197	1.4929937197	1.4929937197	
3.86666666667	149.663866696	150.398066697	151.132266699	151.8664667	152.600666702	153.334866703	154.069066705	154.803266707	155.537466708	156.27166671	0.0	0.0	-7.10386390501e-07	-4.77376202646e-07	-3.15868810475e-07	-6.4737252215e-07	-8.88916840885e-07	-1.61292107696e-06	-2.94746034411e-06	-3.95816373097e-06	0.0	-9.6756522606e-07	3.17366095552e-07	2.1997737922e-07	-4.51516904062e-07	-3.28989809609e-07	-9.86113095234e-07	-1.81767810444e-06	-1.3766049914e-06	-2.38362401995e-06	161.369112552	161.73828078	162.107449008	162.476617236	162.845785464	163.214953692	163.58412192	163.953290148	164.322458376	164.691626604	-3.97247770039	-3.94369735484	-3.9149170093	-3.88613666376	-3.85735631822	-3.82857597268	-3.79979562714	-3.7710152816	-3.74223493606	-3.71345459052	1.4929937197	1.4929937197	1.4929937197	1.4929937197	1.4929937197	1.4929937197	1.4929937197	1.4929937197	1.4929937197	1.4929937197	
3.88333333333	149.663866696	150.398066697	151.132266699	151.8664667	152.600666702	153.334866703	154.069066705	154.803266707	155.537466708	156.27166671	0.0	0.0	-7.10386390501e-07	-4.77376202646e-07	-3.15868810475e-07	-6.4737252215e-07	-8.88916840885e-07	-1.61292107696e-06	-2.94746034411e-06	-3.95816373097e-06	0.0	-9.6756522606e-07	3.17366095552e-07	2.1997737922e-07	-4.51516904062e-07	-3.28989809609e-07	-9.86113095234e-07	-1.81767810444e-06	-1.3766049914e-06	-2.38362401995e-06	161.369112552	161.73828078	162.107449008	162.476617236	162.845785464	163.214953692	163.58412192	163.953290148	164.322458376	164.691626604	-3.97247770039	-3.94369735484	-3.9149170093	-3.88613666376	-3.85735631822	-3.82857597268	-3.79979562714	-3.7710152816	-3.74223493606	-3.71345459052	1.4929937197	1.4929937197	1.4929937197	1.4929937197	1.4929937197	1.4929937197	1.4929937197	1.4929937197	1.4929937197	1.4929937197	
3.9	149.663866696	150.398066697	151.132266699	151.8664667	152.600666702	153.334866703	154.069066705	154.803266707	155.537466708	156.27166671	0.0	0.0	-7.10386390501e-07	-4.77376202646e-07	-3.15868810475e-07	-6.4737252215e-07	-8.88916840885e-07	-1.61292107696e-06	-2.94746034411e-06	-3.95816373097e-06	0.0	-9.6756522606e-07	3.17366095552e-07	2.1997737922e-07	-4.51516904062e-07	-3.28989809609e-07	-9.86113095234e-07	-1.81767810444e-06	-1.3766049914e-06	-2.38362401995e-06	161.369112552	161.73828078	162.107449008	162.476617236	162.845785464	163.214953692	163.58412192	163.953290148	164.322458376	164.691626604	-3.97247770039	-3.94369735484	-3.9149170093	-3.88613666376	-3.85735631822	-3.82857597268	-3.79979562714	-3.7710152816	-3.74223493606	-3.71345459052	1.4929937197	1.4929937197	1.4929937197	1.4929937197	1.4929937197	1.4929937197	1.4929937197	1.4929937197	1.4929937197	1.4929937197	
3.91666666667	149.663866696	150.398066697	151.132266699	151.8664667	152.600666702	153.334866703	154.069066705	154.803266707	155.537466708	156.27166671	0.0	0.0	-7.10386390501e-07	-4.77376202646e-07	-3.15868810475e-07	-6.4737252215e-07	-8.88916840885e-07	-1.61292107696e-06	-2.94746034411e-06	-3.95816373097e-06	0.0	-9.6756522606e-07	3.17366095552e-07	2.1997737922e-07	-4.51516904062e-07	-3.28989809609e-07	-9.86113095234e-07	-1.81767810444e-06	-1.3766049914e-06	-2.38362401995e-06	161.369112552	161.73828078	162.107449008	162.476617236	162.845785464	163.214953692	163.58412192	163.953290148	164.322458376	164.691626604	-3.97247770039	-3.94369735484	-3.9149170093	-3.88613666376	-3.85735631822	-3.82857597268	-3.79979562714	-3.7710152816	-3.74223493606	-3.71345459052	1.4929937197	1.4929937197	1.4929937197	1.4929937197	1.4929937197	1.4929937197	1.4929937197	1.4929937197	1.4929937197	1.4929937197	
3.93333333333	149.663866696	150.398066697	151.132266699	151.8664667	152.600666702	153.334866703	154.069066705	154.803266707	155.537466708	156.27166671	0.0	0.0	-7.10386390501e-07	-4.77376202646e-07	-3.15868810475e-07	-6.4737252215e-07	-8.88916840885e-07	-1.61292107696e-06	-2.94746034411e-06	-3.95816373097e-06	0.0	-9.6756522606e-07	3.17366095552e-07	2.1997737922e-07	-4.51516904062e-07	-3.28989809609e-07	-9.86113095234e-07	-1.81767810444e-06	-1.3766049914e-06	-2.38362401995e-06	161.369112552	161.73828078	162.107449008	162.476617236	162.845785464	163.214953692	163.58412192	163.953290148	164.322458376	164.691626604	-3.97247770039	-3.94369735484	-3.9149170093	-3.88613666376	-3.85735631822	-3.82857597268	-3.79979562714	-3.7710152816	-3.74223493606	-3.71345459052	1.4929937197	1.4929937197	1.4929937197	1.4929937197	1.4929937197	1.4929937197	1.4929937197	1.4929937197	1.4929937197	1.4929937197	
3.95	150.411705864	151.077235866	151.742765867	152.408295869	153.07382587	153.739355872	154.404885874	155.070415875	155.735945877	156.401475878	0.0	0.0	-3.9947763817e-07	-7.94548432331e-07	-1.73637967481e-06	-2.48399899844e-06	-3.62956373169e-06	-4.59921841557e-06	-6.07969499578e-06	-7.47231531165e-06	0.0	-6.00239864798e-07	-5.93618309048e-07	-1.41515970766e-06	-1.12334428478e-06	-1.72128188139e-06	-1.45696614965e-06	-2.22450765057e-06	-2.09249817823e-06	-3.02790145411e-06	161.811082144	162.196965181	162.582848218	162.968731254	163.354614291	163.740497328	164.126380365	164.512263401	164.898146438	165.284029475	-3.9380217777	-3.9079383659	-3.87785495409	-3.84777154229	-3.81768813049	-3.78760471868	-3.75752130688	-3.72743789508	-3.69735448328	-3.66727107147	1.4929937707	1.4929937707	1.4929937707	1.4929937707	1.4929937707	1.4929937707	1.4929937707	1.4929937707	1.4929937707	1.4929937707	
3.96666666667	150.411705864	151.077235866	151.742765867	152.408295869	153.07382587	153.739355872	154.404885874	155.070415875	155.735945877	156.401475878	0.0	0.0	-3.9947763817e-07	-7.94548432331e-07	-1.73637967481e-06	-2.48399899844e-06	-3.62956373169e-06	-4.59921841557e-06	-6.07969499578e-06	-7.47231531165e-06	0.0	-6.00239864798e-07	-5.93618309048e-07	-1.41515970766e-06	-1.12334428478e-06	-1.72128188139e-06	-1.45696614965e-06	-2.22450765057e-06	-2.09249817823e-06	-3.02790145411e-06	161.811082144	162.196965181	162.582848218	162.968731254	163.354614291	163.740497328	164.126380365	164.512263401	164.898146438	165.284029475	-3.9380217777	-3.9079383659	-3.87785495409	-3.84777154229	-3.81768813049	-3.78760471868	-3.75752130688	-3.72743789508	-3.69735448328	-3.66727107147	1.4929937707	1.4929937707	1.4929937707	1.4929937707	1.4929937707	1.4929937707	1.4929937707	1.4929937707	1.4929937707	1.4929937707	
3.98333333333	150.411705864	151.077235866	151.742765867	152.408295869	153.07382587	153.739355872	154.404885874	155.070415875	155.735945877	156.401475878	0.0	0.0	-3.9947763817e-07	-7.94548432331e-07	-1.73637967481e-06	-2.48399899844e-06	-3.62956373169e-06	-4.59921841557e-06	-6.07969499578e-06	-7.47231531165e-06	0.0	-6.00239864798e-07	-5.93618309048e-07	-1.41515970766e-06	-1.12334428478e-06	-1.72128188139e-06	-1.45696614965e-06	-2.22450765057e-06	-2.09249817823e-06	-3.02790145411e-06	161.811082144	162.196965181	162.582848218	162.968731254	163.354614291	163.740497328	164.126380365	164.512263401	164.898146438	165.284029475	-3.9380217777	-3.9079383659	-3.87785495409	-3.84777154229	-3.81768813049	-3.78760471868	-3.75752130688	-3.72743789508	-3.69735448328	-3.66727107147	1.4929937707	1.4929937707	1.4929937707	1.4929937707	1.4929937707	1.4929937707	1.4929937707	1.4929937707	1.4929937707	1.4929937707	
4.0	150.411705864	151.077235866	151.742765867	152.408295869	153.07382587	153.739355872	154.404885874	155.070415875	155.735945877	156.401475878	0.0	0.0	-3.9947763817e-07	-7.94548432331e-07	-1.73637967481e-06	-2.48399899844e-06	-3.62956373169e-06	-4.59921841557e-06	-6.07969499578e-06	-7.47231531165e-06	0.0	-6.00239864798e-07	-5.93618309048e-07	-1.41515970766e-06	-1.12334428478e-06	-1.72128188139e-06	-1.45696614965e-06	-2.22450765057e-06	-2.09249817823e-06	-3.02790145411e-06	161.811082144	162.196965181	162.582848218	162.968731254	163.354614291	163.740497328	164.126380365	164.512263401	164.898146438	165.284029475	-3.9380217777	-3.9079383659	-3.87785495409	-3.84777154229	-3.81768813049	-3.78760471868	-3.75752130688	-3.72743789508	-3.69735448328	-3.66727107147	1.4929937707	1.4929937707	1.4929937707	1.4929937707	1.4929937707	1.4929937707	1.4929937707	1.4929937707	1.4929937707	1.4929937707	
4.01666666667	150.411705864	151.077235866	151.742765867	152.408295869	153.07382587	153.739355872	154.404885874	155.070415875	155.735945877	156.401475878	0.0	0.0	-3.9947763817e-07	-7.94548432331e-07	-1.73637967481e-06	-2.48399899844e-06	-3.62956373169e-06	-4.59921841557e-06	-6.07969499578e-06	-7.47231531165e-06	0.0	-6.00239864798e-07	-5.93618309048e-07	-1.41515970766e-06	-1.12334428478e-06	-1.72128188139e-06	-1.45696614965e-06	-2.22450765057e-06	-2.09249817823e-06	-3.02790145411e-06	161.811082144	162.196965181	162.582848218	162.968731254	163.354614291	163.740497328	164.126380365	164.512263401	164.898146438	165.284029475	-3.9380217777	-3.9079383659	-3.87785495409	-3.84777154229	-3.81768813049	-3.78760471868	-3.75752130688	-3.72743789508	-3.69735448328	-3.66727107147	1.4929937707	1.4929937707	1.4929937707	1.4929937707	1.4929937707	1.4929937707	1.4929937707	1.4929937707	1.4929937707	1.4929937707	
4.03333333333	150.411705864	151.077235866	151.742765867	152.408295869	153.07382587	153.739355872	154.404885874	155.070415875	155.735945877	156.401475878	0.0	0.0	-3.9947763817e-07	-7.94548432331e-07	-1.73637967481e-06	-2.48399899844e-06	-3.62956373169e-06	-4.59921841557e-06	-6.07969499578e-06	-7.47231531165e-06	0.0	-6.00239864798e-07	-5.93618309048e-07	-1.41515970766e-06	-1.12334428478e-06	-1.72128188139e-06	-1.45696614965e-06	-2.22450765057e-06	-2.09249817823e-06	-3.02790145411e-06	161.811082144	162.196965181	162.582848218	162.968731254	163.354614291	163.740497328	164.126380365	164.512263401	164.898146438	165.284029475	-3.9380217777	-3.9079383659	-3.87785495409	-3.84777154229	-3.81768813049	-3.78760471868	-3.75752130688	-3.72743789508	-3.69735448328	-3.66727107147	1.4929937707	1.4929937707	1.4929937707	1.4929937707	1.4929937707	1.4929937707	1.4929937707	1.4929937707	1.4929937707	1.4929937707	
4.05	150.988945866	151.595615867	152.202285869	152.80895587	153.415625872	154.022295874	154.628965875	155.235635877	155.842305878	156.44897588	0.0	0.0	3.66723364802e-08	9.42572968631e-07	2.22516749801e-06	4.81137076582e-06	6.01590819565e-06	8.11561830293e-06	7.88070408863e-06	8.92435681256e-06	0.0	6.04485739931e-08	1.49323459176e-06	2.1141551849e-06	4.26294898554e-06	1.98549034349e-06	3.46104159065e-06	-3.87219103774e-07	1.72029723111e-06	-6.54786353397e-07	162.204786463	162.603948193	163.003109924	163.402271654	163.801433385	164.200595115	164.599756846	164.998918576	165.398080307	165.797242037	-3.90732862288	-3.87621001041	-3.84509139794	-3.81397278546	-3.78285417299	-3.75173556052	-3.72061694805	-3.68949833557	-3.6583797231	-3.62726111063	1.49299378383	1.49299378383	1.49299378383	1.49299378383	1.49299378383	1.49299378383	1.49299378383	1.49299378383	1.49299378383	1.49299378383	
4.06666666667	150.988945866	151.595615867	152.202285869	152.80895587	153.415625872	154.022295874	154.628965875	155.235635877	155.842305878	156.44897588	0.0	0.0	3.66723364802e-08	9.42572968631e-07	2.22516749801e-06	4.81137076582e-06	6.01590819565e-06	8.11561830293e-06	7.88070408863e-06	8.92435681256e-06	0.0	6.04485739931e-08	1.49323459176e-06	2.1141551849e-06	4.26294898554e-06	1.98549034349e-06	3.46104159065e-06	-3.87219103774e-07	1.72029723111e-06	-6.54786353397e-07	162.204786463	162.603948193	163.003109924	163.402271654	163.801433385	164.200595115	164.599756846	164.998918576	165.398080307	165.797242037	-3.90732862288	-3.87621001041	-3.84509139794	-3.81397278546	-3.78285417299	-3.75173556052	-3.72061694805	-3.68949833557	-3.6583797231	-3.62726111063	1.49299378383	1.49299378383	1.49299378383	1.49299378383	1.49299378383	1.49299378383	1.49299378383	1.49299378383	1.49299378383	1.49299378383	
4.08333333333	150.988945866	151.595615867	152.202285869	152.80895587	153.415625872	154.022295874	154.628965875	155.235635877	155.842305878	156.44897588	0.0	0.0	3.66723364802e-08	9.42572968631e-07	2.22516749801e-06	4.81137076582e-06	6.01590819565e-06	8.11561830293e-06	7.88070408863e-06	8.92435681256e-06	0.0	6.04485739931e-08	1.49323459176e-06	2.1141551849e-06	4.26294898554e-06	1.98549034349e-06	3.46104159065e-06	-3.87219103774e-07	1.72029723111e-06	-6.54786353397e-07	162.204786463	162.603948193	163.003109924	163.402271654	163.801433385	164.200595115	164.599756846	164.998918576	165.398080307	165.797242037	-3.90732862288	-3.87621001041	-3.84509139794	-3.81397278546	-3.78285417299	-3.75173556052	-3.72061694805	-3.68949833557	-3.6583797231	-3.62726111063	1.49299378383	1.49299378383	1.49299378383	1.49299378383	1.49299378383	1.49299378383	1.49299378383	1.49299378383	1.49299378383	1.49299378383	
4.1	150.988945866	151.595615867	152.202285869	152.80895587	153.415625872	154.022295874	154.628965875	155.235635877	155.842305878	156.44897588	0.0	0.0	3.66723364802e-08	9.42572968631e-07	2.22516749801e-06	4.81137076582e-06	6.01590819565e-06	8.11561830293e-06	7.88070408863e-06	8.92435681256e-06	0.0	6.04485739931e-08	1.49323459176e-06	2.1141551849e-06	4.26294898554e-06	1.98549034349e-06	3.46104159065e-06	-3.87219103774e-07	1.72029723111e-06	-6.54786353397e-07	162.204786463	162.603948193	163.003109924	163.402271654	163.801433385	164.200595115	164.599756846	164.998918576	165.398080307	165.797242037	-3.90732862288	-3.87621001041	-3.84509139794	-3.81397278546	-3.78285417299	-3.75173556052	-3.72061694805	-3.68949833557	-3.6583797231	-3.62726111063	1.49299378383	1.49299378383	1.49299378383	1.49299378383	1.49299378383	1.49299378383	1.49299378383	1.49299378383	1.49299378383	1.49299378383	
4.11666666667	150.988945866	151.595615867	152.202285869	152.80895587	153.415625872	154.022295874	154.628965875	155.235635877	155.842305878	156.44897588	0.0	0.0	3.66723364802e-08	9.42572968631e-07	2.22516749801e-06	4.81137076582e-06	6.01590819565e-06	8.11561830293e-06	7.88070408863e-06	8.92435681256e-06	0.0	6.04485739931e-08	1.49323459176e-06	2.1141551849e-06	4.26294898554e-06	1.98549034349e-06	3.46104159065e-06	-3.87219103774e-07	1.72029723111e-06	-6.54786353397e-07	162.204786463	162.603948193	163.003109924	163.402271654	163.801433385	164.200595115	164.599756846	164.998918576	165.398080307	165.797242037	-3.90732862288	-3.87621001041	-3.84509139794	-3.81397278546	-3.78285417299	-3.75173556052	-3.72061694805	-3.68949833557	-3.6583797231	-3.62726111063	1.49299378383	1.49299378383	1.49299378383	1.49299378383	1.49299378383	1.49299378383	1.49299378383	1.49299378383	1.49299378383	1.49299378383	
4.13333333333	150.988945866	151.595615867	152.202285869	152.80895587	153.415625872	154.022295874	154.628965875	155.235635877	155.842305878	156.44897588	0.0	0.0	3.66723364802e-08	9.42572968631e-07	2.22516749801e-06	4.81137076582e-06	6.01590819565e-06	8.11561830293e-06	7.88070408863e-06	8.92435681256e-06	0.0	6.04485739931e-08	1.49323459176e-06	2.1141551849e-06	4.26294898554e-06	1.98549034349e-06	3.46104159065e-06	-3.87219103774e-07	1.72029723111e-06	-6.54786353397e-07	162.204786463	162.603948193	163.003109924	163.402271654	163.801433385	164.200595115	164.599756846	164.998918576	165.398080307	165.797242037	-3.90732862288	-3.87621001041	-3.84509139794	-3.81397278546	-3.78285417299	-3.75173556052	-3.72061694805	-3.68949833557	-3.6583797231	-3.62726111063	1.49299378383	1.49299378383	1.49299378383	1.49299378383	1.49299378383	1.49299378383	1.49299378383	1.49299378383	1.49299378383	1.49299378383	
4.15	151.507325867	152.055135869	152.60294587	153.150755872	153.698565874	154.246375875	154.794185877	155.341995878	155.88980588	156.437615882	0.0	0.0	1.2149844446e-06	6.30137057578e-07	1.66903060383e-06	1.77270369906e-06	2.52851725619e-06	2.58303490029e-06	2.83256475747e-06	3.01912187148e-06	0.0	2.21789387029e-06	-1.06760991097e-06	1.89644866512e-06	1.89250095715e-07	1.3797001788e-06	9.95192565652e-08	4.55504383745e-07	3.40550762972e-07	3.90213725266e-07	162.611240194	163.022782023	163.434323853	163.845865682	164.257407512	164.668949342	165.080491171	165.492033001	165.90357483	166.31511666	-3.87564152792	-3.84355776586	-3.8114740038	-3.77939024174	-3.74730647968	-3.71522271763	-3.68313895557	-3.65105519351	-3.61897143145	-3.58688766939	1.49299378823	1.49299378823	1.49299378823	1.49299378823	1.49299378823	1.49299378823	1.49299378823	1.49299378823	1.49299378823	1.49299378823	
4.16666666667	151.507325867	152.055135869	152.60294587	153.150755872	153.698565874	154.246375875	154.794185877	155.341995878	155.88980588	156.437615882	0.0	0.0	1.2149844446e-06	6.30137057578e-07	1.66903060383e-06	1.77270369906e-06	2.52851725619e-06	2.58303490029e-06	2.83256475747e-06	3.01912187148e-06	0.0	2.21789387029e-06	-1.06760991097e-06	1.89644866512e-06	1.89250095715e-07	1.3797001788e-06	9.95192565652e-08	4.55504383745e-07	3.40550762972e-07	3.90213725266e-07	162.611240194	163.022782023	163.434323853	163.845865682	164.257407512	164.668949342	165.080491171	165.492033001	165.90357483	166.31511666	-3.87564152792	-3.84355776586	-3.8114740038	-3.77939024174	-3.74730647968	-3.71522271763	-3.68313895557	-3.65105519351	-3.61897143145	-3.58688766939	1.49299378823	1.49299378823	1.49299378823	1.49299378823	1.49299378823	1.49299378823	1.49299378823	1.49299378823	1.49299378823	1.49299378823	
4.18333333333	151.507325867	152.055135869	152.60294587	153.150755872	153.698565874	154.246375875	154.794185877	155.341995878	155.88980588	156.437615882	0.0	0.0	1.2149844446e-06	6.30137057578e-07	1.66903060383e-06	1.77270369906e-06	2.52851725619e-06	2.58303490029e-06	2.83256475747e-06	3.01912187148e-06	0.0	2.21789387029e-06	-1.06760991097e-06	1.89644866512e-06	1.89250095715e-07	1.3797001788e-06	9.95192565652e-08	4.55504383745e-07	3.40550762972e-07	3.90213725266e-07	162.611240194	163.022782023	163.434323853	163.845865682	164.257407512	164.668949342	165.080491171	165.492033001	165.90357483	166.31511666	-3.87564152792	-3.84355776586	-3.8114740038	-3.77939024174	-3.74730647968	-3.71522271763	-3.68313895557	-3.65105519351	-3.61897143145	-3.58688766939	1.49299378823	1.49299378823	1.49299378823	1.49299378823	1.49299378823	1.49299378823	1.49299378823	1.49299378823	1.49299378823	1.49299378823	
4.2	151.507325867	152.055135869	152.60294587	153.150755872	153.698565874	154.246375875	154.794185877	155.341995878	155.88980588	156.437615882	0.0	0.0	1.2149844446e-06	6.30137057578e-07	1.66903060383e-06	1.77270369906e-06	2.52851725619e-06	2.58303490029e-06	2.83256475747e-06	3.01912187148e-06	0.0	2.21789387029e-06	-1.06760991097e-06	1.89644866512e-06	1.89250095715e-07	1.3797001788e-06	9.95192565652e-08	4.55504383745e-07	3.40550762972e-07	3.90213725266e-07	162.611240194	163.022782023	163.434323853	163.845865682	164.257407512	164.668949342	165.080491171	165.492033001	165.90357483	166.31511666	-3.87564152792	-3.84355776586	-3.8114740038	-3.77939024174	-3.74730647968	-3.71522271763	-3.68313895557	-3.65105519351	-3.61897143145	-3.58688766939	1.49299378823	1.49299378823	1.49299378823	1.49299378823	1.49299378823	1.49299378823	1.49299378823	1.49299378823	1.49299378823	1.49299378823	
4.21666666667	151.507325867	152.055135869	152.60294587	153.150755872	153.698565874	154.246375875	154.794185877	155.341995878	155.88980588	156.437615882	0.0	0.0	1.2149844446e-06	6.30137057578e-07	1.66903060383e-06	1.77270369906e-06	2.52851725619e-06	2.58303490029e-06	2.83256475747e-06	3.01912187148e-06	0.0	2.21789387029e-06	-1.06760991097e-06	1.89644866512e-06	1.89250095715e-07	1.3797001788e-06	9.95192565652e-08	4.55504383745e-07	3.40550762972e-07	3.90213725266e-07	162.611240194	163.022782023	163.434323853	163.845865682	164.257407512	164.668949342	165.080491171	165.492033001	165.90357483	166.31511666	-3.87564152792	-3.84355776586	-3.8114740038	-3.77939024174	-3.74730647968	-3.71522271763	-3.68313895557	-3.65105519351	-3.61897143145	-3.58688766939	1.49299378823	1.49299378823	1.49299378823	1.49299378823	1.49299378823	1.49299378823	1.49299378823	1.49299378823	1.49299378823	1.49299378823	
4.23333333333	151.507325867	152.055135869	152.60294587	153.150755872	153.698565874	154.246375875	154.794185877	155.341995878	155.88980588	156.437615882	0.0	0.0	1.2149844446e-06	6.30137057578e-07	1.66903060383e-06	1.77270369906e-06	2.52851725619e-06	2.58303490029e-06	2.83256475747e-06	3.01912187148e-06	0.0	2.21789387029e-06	-1.06760991097e-06	1.89644866512e-06	1.89250095715e-07	1.3797001788e-06	9.95192565652e-08	4.55504383745e-07	3.40550762972e-07	3.90213725266e-07	162.611240194	163.022782023	163.434323853	163.845865682	164.257407512	164.668949342	165.080491171	165.492033001	165.90357483	166.31511666	-3.87564152792	-3.84355776586	-3.8114740038	-3.77939024174	-3.74730647968	-3.71522271763	-3.68313895557	-3.65105519351	-3.61897143145	-3.58688766939	1.49299378823	1.49299378823	1.49299378823	1.49299378823	1.49299378823	1.49299378823	1.49299378823	1.49299378823	1.49299378823	1.49299378823	
4.25	151.507325867	152.055135869	152.60294587	153.150755872	153.698565874	154.246375875	154.794185877	155.341995878	155.88980588	156.437615882	0.0	0.0	1.2149844446e-06	6.30137057578e-07	1.66903060383e-06	1.77270369906e-06	2.52851725619e-06	2.58303490029e-06	2.83256475747e-06	3.01912187148e-06	0.0	2.21789387029e-06	-1.06760991097e-06	1.89644866512e-06	1.89250095715e-07	1.3797001788e-06	9.95192565652e-08	4.55504383745e-07	3.40550762972e-07	3.90213725266e-07	162.611240194	163.022782023	163.434323853	163.845865682	164.257407512	164.668949342	165.080491171	165.492033001	165.90357483	166.31511666	-3.87564152792	-3.84355776586	-3.8114740038	-3.77939024174	-3.74730647968	-3.71522271763	-3.68313895557	-3.65105519351	-3.61897143145	-3.58688766939	1.49299378823	1.49299378823	1.49299378823	1.49299378823	1.49299378823	1.49299378823	1.49299378823	1.49299378823	1.49299378823	1.49299378823	
4.26666666667	152.037710036	152.516850037	152.995990039	153.475130041	153.954270042	154.433410044	154.912550045	155.391690047	155.870830049	156.34997005	0.0	0.0	9.81855539545e-07	1.88780705118e-06	3.92311775249e-06	6.00151028814e-06	9.31116705725e-06	1.20946457213e-05	1.62148739249e-05	1.95463285046e-05	0.0	2.04920385747e-06	1.89078663566e-06	4.24784132929e-06	4.3377562481e-06	6.90749417308e-06	5.80932223303e-06	8.59921565708e-06	6.95298778769e-06	1.02812058712e-05	163.100402302	163.525332752	163.950263202	164.375193651	164.800124101	165.225054551	165.649985001	166.074915451	166.499845901	166.924776351	-3.83750649683	-3.80437895988	-3.77125142293	-3.73812388599	-3.70499634904	-3.67186881209	-3.63874127514	-3.6056137382	-3.57248620125	-3.5393586643	1.49299378983	1.49299378983	1.49299378983	1.49299378983	1.49299378983	1.49299378983	1.49299378983	1.49299378983	1.49299378983	1.49299378983	
4.28333333333	152.037710036	152.516850037	152.995990039	153.475130041	153.954270042	154.433410044	154.912550045	155.391690047	155.870830049	156.34997005	0.0	0.0	9.81855539545e-07	1.88780705118e-06	3.92311775249e-06	6.00151028814e-06	9.31116705725e-06	1.20946457213e-05	1.62148739249e-05	1.95463285046e-05	0.0	2.04920385747e-06	1.89078663566e-06	4.24784132929e-06	4.3377562481e-06	6.90749417308e-06	5.80932223303e-06	8.59921565708e-06	6.95298778769e-06	1.02812058712e-05	163.100402302	163.525332752	163.950263202	164.375193651	164.800124101	165.225054551	165.649985001	166.074915451	166.499845901	166.924776351	-3.83750649683	-3.80437895988	-3.77125142293	-3.73812388599	-3.70499634904	-3.67186881209	-3.63874127514	-3.6056137382	-3.57248620125	-3.5393586643	1.49299378983	1.49299378983	1.49299378983	1.49299378983	1.49299378983	1.49299378983	1.49299378983	1.49299378983	1.49299378983	1.49299378983	
4.3	152.037710036	152.516850037	152.995990039	153.475130041	153.954270042	154.433410044	154.912550045	155.391690047	155.870830049	156.34997005	0.0	0.0	9.81855539545e-07	1.88780705118e-06	3.92311775249e-06	6.00151028814e-06	9.31116705725e-06	1.20946457213e-05	1.62148739249e-05	1.95463285046e-05	0.0	2.04920385747e-06	1.89078663566e-06	4.24784132929e-06	4.3377562481e-06	6.90749417308e-06	5.80932223303e-06	8.59921565708e-06	6.95298778769e-06	1.02812058712e-05	163.100402302	163.525332752	163.950263202	164.375193651	164.800124101	165.225054551	165.649985001	166.074915451	166.499845901	166.924776351	-3.83750649683	-3.80437895988	-3.77125142293	-3.73812388599	-3.70499634904	-3.67186881209	-3.63874127514	-3.6056137382	-3.57248620125	-3.5393586643	1.49299378983	1.49299378983	1.49299378983	1.49299378983	1.49299378983	1.49299378983	1.49299378983	1.49299378983	1.49299378983	1.49299378983	
4.31666666667	152.037710036	152.516850037	152.995990039	153.475130041	153.954270042	154.433410044	154.912550045	155.391690047	155.870830049	156.34997005	0.0	0.0	9.81855539545e-07	1.88780705118e-06	3.92311775249e-06	6.00151028814e-06	9.31116705725e-06	1.20946457213e-05	1.62148739249e-05	1.95463285046e-05	0.0	2.04920385747e-06	1.89078663566e-06	4.24784132929e-06	4.3377562481e-06	6.90749417308e-06	5.80932223303e-06	8.59921565708e-06	6.95298778769e-06	1.02812058712e-05	163.100402302	163.525332752	163.950263202	164.375193651	164.800124101	165.225054551	165.649985001	166.074915451	166.499845901	166.924776351	-3.83750649683	-3.80437895988	-3.77125142293	-3.73812388599	-3.70499634904	-3.67186881209	-3.63874127514	-3.6056137382	-3.57248620125	-3.5393586643	1.49299378983	1.49299378983	1.49299378983	1.49299378983	1.49299378983	1.49299378983	1.49299378983	1.49299378983	1.49299378983	1.49299378983	
4.33333333333	152.037710036	152.516850037	152.995990039	153.475130041	153.954270042	154.433410044	154.912550045	155.391690047	155.870830049	156.34997005	0.0	0.0	9.81855539545e-07	1.88780705118e-06	3.92311775249e-06	6.00151028814e-06	9.31116705725e-06	1.20946457213e-05	1.62148739249e-05	1.95463285046e-05	0.0	2.04920385747e-06	1.89078663566e-06	4.24784132929e-06	4.3377562481e-06	6.90749417308e-06	5.80932223303e-06	8.59921565708e-06	6.95298778769e-06	1.02812058712e-05	163.100402302	163.525332752	163.950263202	164.375193651	164.800124101	165.225054551	165.649985001	166.074915451	166.499845901	166.924776351	-3.83750649683	-3.80437895988	-3.77125142293	-3.73812388599	-3.70499634904	-3.67186881209	-3.63874127514	-3.6056137382	-3.57248620125	-3.5393586643	1.49299378983	1.49299378983	1.49299378983	1.49299378983	1.49299378983	1.49299378983	1.49299378983	1.49299378983	1.49299378983	1.49299378983	
4.35	152.037710036	152.516850037	152.995990039	153.475130041	153.954270042	154.433410044	154.912550045	155.391690047	155.870830049	156.34997005	0.0	0.0	9.81855539545e-07	1.88780705118e-06	3.92311775249e-06	6.00151028814e-06	9.31116705725e-06	1.20946457213e-05	1.62148739249e-05	1.95463285046e-05	0.0	2.04920385747e-06	1.89078663566e-06	4.24784132929e-06	4.3377562481e-06	6.90749417308e-06	5.80932223303e-06	8.59921565708e-06	6.95298778769e-06	1.02812058712e-05	163.100402302	163.525332752	163.950263202	164.375193651	164.800124101	165.225054551	165.649985001	166.074915451	166.499845901	166.924776351	-3.83750649683	-3.80437895988	-3.77125142293	-3.73812388599	-3.70499634904	-3.67186881209	-3.63874127514	-3.6056137382	-3.57248620125	-3.5393586643	1.49299378983	1.49299378983	1.49299378983	1.49299378983	1.49299378983	1.49299378983	1.49299378983	1.49299378983	1.49299378983	1.49299378983	
4.36666666667	152.037710036	152.516850037	152.995990039	153.475130041	153.954270042	154.433410044	154.912550045	155.391690047	155.870830049	156.34997005	0.0	0.0	9.81855539545e-07	1.88780705118e-06	3.92311775249e-06	6.00151028814e-06	9.31116705725e-06	1.20946457213e-05	1.62148739249e-05	1.95463285046e-05	0.0	2.04920385747e-06	1.89078663566e-06	4.24784132929e-06	4.3377562481e-06	6.90749417308e-06	5.80932223303e-06	8.59921565708e-06	6.95298778769e-06	1.02812058712e-05	163.100402302	163.525332752	163.950263202	164.375193651	164.800124101	165.225054551	165.649985001	166.074915451	166.499845901	166.924776351	-3.83750649683	-3.80437895988	-3.77125142293	-3.73812388599	-3.70499634904	-3.67186881209	-3.63874127514	-3.6056137382	-3.57248620125	-3.5393586643	1.49299378983	1.49299378983	1.49299378983	1.49299378983	1.49299378983	1.49299378983	1.49299378983	1.49299378983	1.49299378983	1.49299378983	
4.38333333333	152.487979204	152.898449206	153.308919208	153.719389209	154.129859211	154.540329212	154.950799214	155.361269216	155.771739217	156.182209219	0.0	0.0	5.69184770928e-07	1.44642999482e-06	2.79429700028e-06	4.43907608139e-06	6.59137522821e-06	8.92636000555e-06	1.16900708472e-05	1.47311193175e-05	0.0	1.38666594074e-06	2.13717255939e-06	3.28371622817e-06	4.00706281742e-06	5.24349925301e-06	5.68856376397e-06	6.73303976141e-06	7.40869846368e-06	8.31325498199e-06	163.604475644	164.041743752	164.47901186	164.916279968	165.353548075	165.790816183	166.228084291	166.665352399	167.102620507	167.539888615	-3.79820898778	-3.7641196084	-3.73003022902	-3.69594084964	-3.66185147026	-3.62776209089	-3.59367271151	-3.55958333213	-3.52549395275	-3.49140457337	1.49299379027	1.49299379027	1.49299379027	1.49299379027	1.49299379027	1.49299379027	1.49299379027	1.49299379027	1.49299379027	1.49299379027	
4.4	152.487979204	152.898449206	153.308919208	153.719389209	154.129859211	154.540329212	154.950799214	155.361269216	155.771739217	156.182209219	0.0	0.0	5.69184770928e-07	1.44642999482e-06	2.79429700028e-06	4.43907608139e-06	6.59137522821e-06	8.92636000555e-06	1.16900708472e-05	1.47311193175e-05	0.0	1.38666594074e-06	2.13717255939e-06	3.28371622817e-06	4.00706281742e-06	5.24349925301e-06	5.68856376397e-06	6.73303976141e-06	7.40869846368e-06	8.31325498199e-06	163.604475644	164.041743752	164.47901186	164.916279968	165.353548075	165.790816183	166.228084291	166.665352399	167.102620507	167.539888615	-3.79820898778	-3.7641196084	-3.73003022902	-3.69594084964	-3.66185147026	-3.62776209089	-3.59367271151	-3.55958333213	-3.52549395275	-3.49140457337	1.49299379027	1.49299379027	1.49299379027	1.49299379027	1.49299379027	1.49299379027	1.49299379027	1.49299379027	1.49299379027	1.49299379027	
4.41666666667	152.487979204	152.898449206	153.308919208	153.719389209	154.129859211	154.540329212	154.950799214	155.361269216	155.771739217	156.182209219	0.0	0.0	5.69184770928e-07	1.44642999482e-06	2.79429700028e-06	4.43907608139e-06	6.59137522821e-06	8.92636000555e-06	1.16900708472e-05	1.47311193175e-05	0.0	1.38666594074e-06	2.13717255939e-06	3.28371622817e-06	4.00706281742e-06	5.24349925301e-06	5.68856376397e-06	6.73303976141e-06	7.40869846368e-06	8.31325498199e-06	163.604475644	164.041743752	164.47901186	164.916279968	165.353548075	165.790816183	166.228084291	166.665352399	167.102620507	167.539888615	-3.79820898778	-3.7641196084	-3.73003022902	-3.69594084964	-3.66185147026	-3.62776209089	-3.59367271151	-3.55958333213	-3.52549395275	-3.49140457337	1.49299379027	1.49299379027	1.49299379027	1.49299379027	1.49299379027	1.49299379027	1.49299379027	1.49299379027	1.49299379027	1.49299379027	
4.43333333333	152.487979204	152.898449206	153.308919208	153.719389209	154.129859211	154.540329212	154.950799214	155.361269216	155.771739217	156.182209219	0.0	0.0	5.69184770928e-07	1.44642999482e-06	2.79429700028e-06	4.43907608139e-06	6.59137522821e-06	8.92636000555e-06	1.16900708472e-05	1.47311193175e-05	0.0	1.38666594074e-06	2.13717255939e-06	3.28371622817e-06	4.00706281742e-06	5.24349925301e-06	5.68856376397e-06	6.73303976141e-06	7.40869846368e-06	8.31325498199e-06	163.604475644	164.041743752	164.47901186	164.916279968	165.353548075	165.790816183	166.228084291	166.665352399	167.102620507	167.539888615	-3.79820898778	-3.7641196084	-3.73003022902	-3.69594084964	-3.66185147026	-3.62776209089	-3.59367271151	-3.55958333213	-3.52549395275	-3.49140457337	1.49299379027	1.49299379027	1.49299379027	1.49299379027	1.49299379027	1.49299379027	1.49299379027	1.49299379027	1.49299379027	1.49299379027	
4.45	152.487979204	152.898449206	153.308919208	153.719389209	154.129859211	154.540329212	154.950799214	155.361269216	155.771739217	156.182209219	0.0	0.0	5.69184770928e-07	1.44642999482e-06	2.79429700028e-06	4.43907608139e-06	6.59137522821e-06	8.92636000555e-06	1.16900708472e-05	1.47311193175e-05	0.0	1.38666594074e-06	2.13717255939e-06	3.28371622817e-06	4.00706281742e-06	5.24349925301e-06	5.68856376397e-06	6.73303976141e-06	7.40869846368e-06	8.31325498199e-06	163.604475644	164.041743752	164.47901186	164.916279968	165.353548075	165.790816183	166.228084291	166.665352399	167.102620507	167.539888615	-3.79820898778	-3.7641196084	-3.73003022902	-3.69594084964	-3.66185147026	-3.62776209089	-3.59367271151	-3.55958333213	-3.52549395275	-3.49140457337	1.49299379027	1.49299379027	1.49299379027	1.49299379027	1.49299379027	1.49299379027	1.49299379027	1.49299379027	1.49299379027	1.49299379027	
4.46666666667	152.487979204	152.898449206	153.308919208	153.719389209	154.129859211	154.540329212	154.950799214	155.361269216	155.771739217	156.182209219	0.0	0.0	5.69184770928e-07	1.44642999482e-06	2.79429700028e-06	4.43907608139e-06	6.59137522821e-06	8.92636000555e-06	1.16900708472e-05	1.47311193175e-05	0.0	1.38666594074e-06	2.13717255939e-06	3.28371622817e-06	4.00706281742e-06	5.24349925301e-06	5.68856376397e-06	6.73303976141e-06	7.40869846368e-06	8.31325498199e-06	163.604475644	164.041743752	164.47901186	164.916279968	165.353548075	165.790816183	166.228084291	166.665352399	167.102620507	167.539888615	-3.79820898778	-3.7641196084	-3.73003022902	-3.69594084964	-3.66185147026	-3.62776209089	-3.59367271151	-3.55958333213	-3.52549395275	-3.49140457337	1.49299379027	1.49299379027	1.49299379027	1.49299379027	1.49299379027	1.49299379027	1.49299379027	1.49299379027	1.49299379027	1.49299379027	
4.48333333333	152.810159206	153.161769208	153.513379209	153.864989211	154.216599212	154.568209214	154.919819216	155.271429217	155.623039219	155.97464922	0.0	0.0	3.23355714791e-07	8.31740763033e-07	1.5723657273e-06	2.5021345791e-06	3.55723717097e-06	4.7708199263e-06	5.96630683439e-06	7.41389541604e-06	0.0	9.19643108296e-07	1.44587766534e-06	2.10638195976e-06	2.64431855617e-06	3.00077525394e-06	3.4515023741e-06	3.4000366958e-06	4.11702902367e-06	4.17444362241e-06	164.047516854	164.49458633	164.941655806	165.388725282	165.835794758	166.282864233	166.729933709	167.177003185	167.624072661	168.071142137	-3.76366953793	-3.7288160449	-3.69396255188	-3.65910905886	-3.62425556583	-3.58940207281	-3.55454857979	-3.51969508676	-3.48484159374	-3.44998810072	1.49299379039	1.49299379039	1.49299379039	1.49299379039	1.49299379039	1.49299379039	1.49299379039	1.49299379039	1.49299379039	1.49299379039	
4.5	152.810159206	153.161769208	153.513379209	153.864989211	154.216599212	154.568209214	154.919819216	155.271429217	155.623039219	155.97464922	0.0	0.0	3.23355714791e-07	8.31740763033e-07	1.5723657273e-06	2.5021345791e-06	3.55723717097e-06	4.7708199263e-06	5.96630683439e-06	7.41389541604e-06	0.0	9.19643108296e-07	1.44587766534e-06	2.10638195976e-06	2.64431855617e-06	3.00077525394e-06	3.4515023741e-06	3.4000366958e-06	4.11702902367e-06	4.17444362241e-06	164.047516854	164.49458633	164.941655806	165.388725282	165.835794758	166.282864233	166.729933709	167.177003185	167.624072661	168.071142137	-3.76366953793	-3.7288160449	-3.69396255188	-3.65910905886	-3.62425556583	-3.58940207281	-3.55454857979	-3.51969508676	-3.48484159374	-3.44998810072	1.49299379039	1.49299379039	1.49299379039	1.49299379039	1.49299379039	1.49299379039	1.49299379039	1.49299379039	1.49299379039	1.49299379039	
4.51666666667	152.810159206	153.161769208	153.513379209	153.864989211	154.216599212	154.568209214	154.919819216	155.271429217	155.623039219	155.97464922	0.0	0.0	3.23355714791e-07	8.31740763033e-07	1.5723657273e-06	2.5021345791e-06	3.55723717097e-06	4.7708199263e-06	5.96630683439e-06	7.41389541604e-06	0.0	9.19643108296e-07	1.44587766534e-06	2.10638195976e-06	2.64431855617e-06	3.00077525394e-06	3.4515023741e-06	3.4000366958e-06	4.11702902367e-06	4.17444362241e-06	164.047516854	164.49458633	164.941655806	165.388725282	165.835794758	166.282864233	166.729933709	167.177003185	167.624072661	168.071142137	-3.76366953793	-3.7288160449	-3.69396255188	-3.65910905886	-3.62425556583	-3.58940207281	-3.55454857979	-3.51969508676	-3.48484159374	-3.44998810072	1.49299379039	1.49299379039	1.49299379039	1.49299379039	1.49299379039	1.49299379039	1.49299379039	1.49299379039	1.49299379039	1.49299379039	
4.53333333333	152.810159206	153.161769208	153.513379209	153.864989211	154.216599212	154.568209214	154.919819216	155.271429217	155.623039219	155.97464922	0.0	0.0	3.23355714791e-07	8.31740763033e-07	1.5723657273e-06	2.5021345791e-06	3.55723717097e-06	4.7708199263e-06	5.96630683439e-06	7.41389541604e-06	0.0	9.19643108296e-07	1.44587766534e-06	2.10638195976e-06	2.64431855617e-06	3.00077525394e-06	3.4515023741e-06	3.4000366958e-06	4.11702902367e-06	4.17444362241e-06	164.047516854	164.49458633	164.941655806	165.388725282	165.835794758	166.282864233	166.729933709	167.177003185	167.624072661	168.071142137	-3.76366953793	-3.7288160449	-3.69396255188	-3.65910905886	-3.62425556583	-3.58940207281	-3.55454857979	-3.51969508676	-3.48484159374	-3.44998810072	1.49299379039	1.49299379039	1.49299379039	1.49299379039	1.49299379039	1.49299379039	1.49299379039	1.49299379039	1.49299379039	1.49299379039	
4.55	152.810159206	153.161769208	153.513379209	153.864989211	154.216599212	154.568209214	154.919819216	155.271429217	155.623039219	155.97464922	0.0	0.0	3.23355714791e-07	8.31740763033e-07	1.5723657273e-06	2.5021345791e-06	3.55723717097e-06	4.7708199263e-06	5.96630683439e-06	7.41389541604e-06	0.0	9.19643108296e-07	1.44587766534e-06	2.10638195976e-06	2.64431855617e-06	3.00077525394e-06	3.4515023741e-06	3.4000366958e-06	4.11702902367e-06	4.17444362241e-06	164.047516854	164.49458633	164.941655806	165.388725282	165.835794758	166.282864233	166.729933709	167.177003185	167.624072661	168.071142137	-3.76366953793	-3.7288160449	-3.69396255188	-3.65910905886	-3.62425556583	-3.58940207281	-3.55454857979	-3.51969508676	-3.48484159374	-3.44998810072	1.49299379039	1.49299379039	1.49299379039	1.49299379039	1.49299379039	1.49299379039	1.49299379039	1.49299379039	1.49299379039	1.49299379039	
4.56666666667	152.810159206	153.161769208	153.513379209	153.864989211	154.216599212	154.568209214	154.919819216	155.271429217	155.623039219	155.97464922	0.0	0.0	3.23355714791e-07	8.31740763033e-07	1.5723657273e-06	2.5021345791e-06	3.55723717097e-06	4.7708199263e-06	5.96630683439e-06	7.41389541604e-06	0.0	9.19643108296e-07	1.44587766534e-06	2.10638195976e-06	2.64431855617e-06	3.00077525394e-06	3.4515023741e-06	3.4000366958e-06	4.11702902367e-06	4.17444362241e-06	164.047516854	164.49458633	164.941655806	165.388725282	165.835794758	166.282864233	166.729933709	167.177003185	167.624072661	168.071142137	-3.76366953793	-3.7288160449	-3.69396255188	-3.65910905886	-3.62425556583	-3.58940207281	-3.55454857979	-3.51969508676	-3.48484159374	-3.44998810072	1.49299379039	1.49299379039	1.49299379039	1.49299379039	1.49299379039	1.49299379039	1.49299379039	1.49299379039	1.49299379039	1.49299379039	
4.58333333333	152.810159206	153.161769208	153.513379209	153.864989211	154.216599212	154.568209214	154.919819216	155.271429217	155.623039219	155.97464922	0.0	0.0	3.23355714791e-07	8.31740763033e-07	1.5723657273e-06	2.5021345791e-06	3.55723717097e-06	4.7708199263e-06	5.96630683439e-06	7.41389541604e-06	0.0	9.19643108296e-07	1.44587766534e-06	2.10638195976e-06	2.64431855617e-06	3.00077525394e-06	3.4515023741e-06	3.4000366958e-06	4.11702902367e-06	4.17444362241e-06	164.047516854	164.49458633	164.941655806	165.388725282	165.835794758	166.282864233	166.729933709	167.177003185	167.624072661	168.071142137	-3.76366953793	-3.7288160449	-3.69396255188	-3.65910905886	-3.62425556583	-3.58940207281	-3.55454857979	-3.51969508676	-3.48484159374	-3.44998810072	1.49299379039	1.49299379039	1.49299379039	1.49299379039	1.49299379039	1.49299379039	1.49299379039	1.49299379039	1.49299379039	1.49299379039	
4.6	153.111643375	153.394583376	153.677523378	153.960463379	154.243403381	154.526343383	154.809283384	155.092223386	155.375163387	155.658103389	0.0	0.0	1.31996617429e-07	3.1700283391e-07	6.76401212309e-07	8.79771501452e-07	1.4532331823e-06	1.78333904667e-06	2.57398282109e-06	2.96537388172e-06	0.0	4.66518048619e-07	6.53870839846e-07	1.27022823337e-06	7.18775316262e-07	2.02679606129e-06	1.1666991676e-06	2.79438668946e-06	1.38330055278e-06	3.03860722721e-06	164.576246971	165.033916265	165.491585558	165.949254852	166.406924146	166.864593439	167.322262733	167.779932027	168.23760132	168.695270614	-3.72244978924	-3.68676993547	-3.65109008169	-3.61541022792	-3.57973037415	-3.54405052037	-3.5083706666	-3.47269081282	-3.43701095905	-3.40133110527	1.49299379043	1.49299379043	1.49299379043	1.49299379043	1.49299379043	1.49299379043	1.49299379043	1.49299379043	1.49299379043	1.49299379043	
4.61666666667	153.111643375	153.394583376	153.677523378	153.960463379	154.243403381	154.526343383	154.809283384	155.092223386	155.375163387	155.658103389	0.0	0.0	1.31996617429e-07	3.1700283391e-07	6.76401212309e-07	8.79771501452e-07	1.4532331823e-06	1.78333904667e-06	2.57398282109e-06	2.96537388172e-06	0.0	4.66518048619e-07	6.53870839846e-07	1.27022823337e-06	7.18775316262e-07	2.02679606129e-06	1.1666991676e-06	2.79438668946e-06	1.38330055278e-06	3.03860722721e-06	164.576246971	165.033916265	165.491585558	165.949254852	166.406924146	166.864593439	167.322262733	167.779932027	168.23760132	168.695270614	-3.72244978924	-3.68676993547	-3.65109008169	-3.61541022792	-3.57973037415	-3.54405052037	-3.5083706666	-3.47269081282	-3.43701095905	-3.40133110527	1.49299379043	1.49299379043	1.49299379043	1.49299379043	1.49299379043	1.49299379043	1.49299379043	1.49299379043	1.49299379043	1.49299379043	
4.63333333333	153.111643375	153.394583376	153.677523378	153.960463379	154.243403381	154.526343383	154.809283384	155.092223386	155.375163387	155.658103389	0.0	0.0	1.31996617429e-07	3.1700283391e-07	6.76401212309e-07	8.79771501452e-07	1.4532331823e-06	1.78333904667e-06	2.57398282109e-06	2.96537388172e-06	0.0	4.66518048619e-07	6.53870839846e-07	1.27022823337e-06	7.18775316262e-07	2.02679606129e-06	1.1666991676e-06	2.79438668946e-06	1.38330055278e-06	3.03860722721e-06	164.576246971	165.033916265	165.491585558	165.949254852	166.406924146	166.864593439	167.322262733	167.779932027	168.23760132	168.695270614	-3.72244978924	-3.68676993547	-3.65109008169	-3.61541022792	-3.57973037415	-3.54405052037	-3.5083706666	-3.47269081282	-3.43701095905	-3.40133110527	1.49299379043	1.49299379043	1.49299379043	1.49299379043	1.49299379043	1.49299379043	1.49299379043	1.49299379043	1.49299379043	1.49299379043	
4.65	153.111643375	153.394583376	153.677523378	153.960463379	154.243403381	154.526343383	154.809283384	155.092223386	155.375163387	155.658103389	0.0	0.0	1.31996617429e-07	3.1700283391e-07	6.76401212309e-07	8.79771501452e-07	1.4532331823e-06	1.78333904667e-06	2.57398282109e-06	2.96537388172e-06	0.0	4.66518048619e-07	6.53870839846e-07	1.27022823337e-06	7.18775316262e-07	2.02679606129e-06	1.1666991676e-06	2.79438668946e-06	1.38330055278e-06	3.03860722721e-06	164.576246971	165.033916265	165.491585558	165.949254852	166.406924146	166.864593439	167.322262733	167.779932027	168.23760132	168.695270614	-3.72244978924	-3.68676993547	-3.65109008169	-3.61541022792	-3.57973037415	-3.54405052037	-3.5083706666	-3.47269081282	-3.43701095905	-3.40133110527	1.49299379043	1.49299379043	1.49299379043	1.49299379043	1.49299379043	1.49299379043	1.49299379043	1.49299379043	1.49299379043	1.49299379043	
4.66666666667	153.111643375	153.394583376	153.677523378	153.960463379	154.243403381	154.526343383	154.809283384	155.092223386	155.375163387	155.658103389	0.0	0.0	1.31996617429e-07	3.1700283391e-07	6.76401212309e-07	8.79771501452e-07	1.4532331823e-06	1.78333904667e-06	2.57398282109e-06	2.96537388172e-06	0.0	4.66518048619e-07	6.53870839846e-07	1.27022823337e-06	7.18775316262e-07	2.02679606129e-06	1.1666991676e-06	2.79438668946e-06	1.38330055278e-06	3.03860722721e-06	164.576246971	165.033916265	165.491585558	165.949254852	166.406924146	166.864593439	167.322262733	167.779932027	168.23760132	168.695270614	-3.72244978924	-3.68676993547	-3.65109008169	-3.61541022792	-3.57973037415	-3.54405052037	-3.5083706666	-3.47269081282	-3.43701095905	-3.40133110527	1.49299379043	1.49299379043	1.49299379043	1.49299379043	1.49299379043	1.49299379043	1.49299379043	1.49299379043	1.49299379043	1.49299379043	
4.68333333333	153.111643375	153.394583376	153.677523378	153.960463379	154.243403381	154.526343383	154.809283384	155.092223386	155.375163387	155.658103389	0.0	0.0	1.31996617429e-07	3.1700283391e-07	6.76401212309e-07	8.79771501452e-07	1.4532331823e-06	1.78333904667e-06	2.57398282109e-06	2.96537388172e-06	0.0	4.66518048619e-07	6.53870839846e-07	1.27022823337e-06	7.18775316262e-07	2.02679606129e-06	1.1666991676e-06	2.79438668946e-06	1.38330055278e-06	3.03860722721e-06	164.576246971	165.033916265	165.491585558	165.949254852	166.406924146	166.864593439	167.322262733	167.779932027	168.23760132	168.695270614	-3.72244978924	-3.68676993547	-3.65109008169	-3.61541022792	-3.57973037415	-3.54405052037	-3.5083706666	-3.47269081282	-3.43701095905	-3.40133110527	1.49299379043	1.49299379043	1.49299379043	1.49299379043	1.49299379043	1.49299379043	1.49299379043	1.49299379043	1.49299379043	1.49299379043	
4.7	153.306293376	153.530373378	153.754453379	153.978533381	154.202613383	154.426693384	154.650773386	154.874853387	155.098933389	155.323013391	0.0	0.0	3.48629206182e-08	7.39306689079e-08	1.62435934782e-07	2.413276198e-07	3.49644739068e-07	4.45771669795e-07	5.79756218274e-07	7.01807830377e-07	0.0	1.55582472185e-07	1.74347322422e-07	3.94971729904e-07	3.52069280835e-07	4.83385926847e-07	4.28984871631e-07	5.97931754347e-07	5.44678736271e-07	7.65804591597e-07	165.038876188	165.504966262	165.971056337	166.437146412	166.903236486	167.369326561	167.835416635	168.30150671	168.767596784	169.233686859	-3.68638326036	-3.65004692332	-3.61371058629	-3.57737424925	-3.54103791222	-3.50470157519	-3.46836523815	-3.43202890112	-3.39569256409	-3.35935622705	1.49299379044	1.49299379044	1.49299379044	1.49299379044	1.49299379044	1.49299379044	1.49299379044	1.49299379044	1.49299379044	1.49299379044	
4.71666666667	153.306293376	153.530373378	153.754453379	153.978533381	154.202613383	154.426693384	154.650773386	154.874853387	155.098933389	155.323013391	0.0	0.0	3.48629206182e-08	7.39306689079e-08	1.62435934782e-07	2.413276198e-07	3.49644739068e-07	4.45771669795e-07	5.79756218274e-07	7.01807830377e-07	0.0	1.55582472185e-07	1.74347322422e-07	3.94971729904e-07	3.52069280835e-07	4.83385926847e-07	4.28984871631e-07	5.97931754347e-07	5.44678736271e-07	7.65804591597e-07	165.038876188	165.504966262	165.971056337	166.437146412	166.903236486	167.369326561	167.835416635	168.30150671	168.767596784	169.233686859	-3.68638326036	-3.65004692332	-3.61371058629	-3.57737424925	-3.54103791222	-3.50470157519	-3.46836523815	-3.43202890112	-3.39569256409	-3.35935622705	1.49299379044	1.49299379044	1.49299379044	1.49299379044	1.49299379044	1.49299379044	1.49299379044	1.49299379044	1.49299379044	1.49299379044	
4.73333333333	153.306293376	153.530373378	153.754453379	153.978533381	154.202613383	154.426693384	154.650773386	154.874853387	155.098933389	155.323013391	0.0	0.0	3.48629206182e-08	7.39306689079e-08	1.62435934782e-07	2.413276198e-07	3.49644739068e-07	4.45771669795e-07	5.79756218274e-07	7.01807830377e-07	0.0	1.55582472185e-07	1.74347322422e-07	3.94971729904e-07	3.52069280835e-07	4.83385926847e-07	4.28984871631e-07	5.97931754347e-07	5.44678736271e-07	7.65804591597e-07	165.038876188	165.504966262	165.971056337	166.437146412	166.903236486	167.369326561	167.835416635	168.30150671	168.767596784	169.233686859	-3.68638326036	-3.65004692332	-3.61371058629	-3.57737424925	-3.54103791222	-3.50470157519	-3.46836523815	-3.43202890112	-3.39569256409	-3.35935622705	1.49299379044	1.49299379044	1.49299379044	1.49299379044	1.49299379044	1.49299379044	1.49299379044	1.49299379044	1.49299379044	1.49299379044	
4.75	153.306293376	153.530373378	153.754453379	153.978533381	154.202613383	154.426693384	154.650773386	154.874853387	155.098933389	155.323013391	0.0	0.0	3.48629206182e-08	7.39306689079e-08	1.62435934782e-07	2.413276198e-07	3.49644739068e-07	4.45771669795e-07	5.79756218274e-07	7.01807830377e-07	0.0	1.55582472185e-07	1.74347322422e-07	3.94971729904e-07	3.52069280835e-07	4.83385926847e-07	4.28984871631e-07	5.97931754347e-07	5.44678736271e-07	7.65804591597e-07	165.038876188	165.504966262	165.971056337	166.437146412	166.903236486	167.369326561	167.835416635	168.30150671	168.767596784	169.233686859	-3.68638326036	-3.65004692332	-3.61371058629	-3.57737424925	-3.54103791222	-3.50470157519	-3.46836523815	-3.43202890112	-3.39569256409	-3.35935622705	1.49299379044	1.49299379044	1.49299379044	1.49299379044	1.49299379044	1.49299379044	1.49299379044	1.49299379044	1.49299379044	1.49299379044	
4.76666666667	153.306293376	153.530373378	153.754453379	153.978533381	154.202613383	154.426693384	154.650773386	154.874853387	155.098933389	155.323013391	0.0	0.0	3.48629206182e-08	7.39306689079e-08	1.62435934782e-07	2.413276198e-07	3.49644739068e-07	4.45771669795e-07	5.79756218274e-07	7.01807830377e-07	0.0	1.55582472185e-07	1.74347322422e-07	3.94971729904e-07	3.52069280835e-07	4.83385926847e-07	4.28984871631e-07	5.97931754347e-07	5.44678736271e-07	7.65804591597e-07	165.038876188	165.504966262	165.971056337	166.437146412	166.903236486	167.369326561	167.835416635	168.30150671	168.767596784	169.233686859	-3.68638326036	-3.65004692332	-3.61371058629	-3.57737424925	-3.54103791222	-3.50470157519	-3.46836523815	-3.43202890112	-3.39569256409	-3.35935622705	1.49299379044	1.49299379044	1.49299379044	1.49299379044	1.49299379044	1.49299379044	1.49299379044	1.49299379044	1.49299379044	1.49299379044	
4.78333333333	153.306293376	153.530373378	153.754453379	153.978533381	154.202613383	154.426693384	154.650773386	154.874853387	155.098933389	155.323013391	0.0	0.0	3.48629206182e-08	7.39306689079e-08	1.62435934782e-07	2.413276198e-07	3.49644739068e-07	4.45771669795e-07	5.79756218274e-07	7.01807830377e-07	0.0	1.55582472185e-07	1.74347322422e-07	3.94971729904e-07	3.52069280835e-07	4.83385926847e-07	4.28984871631e-07	5.97931754347e-07	5.44678736271e-07	7.65804591597e-07	165.038876188	165.504966262	165.971056337	166.437146412	166.903236486	167.369326561	167.835416635	168.30150671	168.767596784	169.233686859	-3.68638326036	-3.65004692332	-3.61371058629	-3.57737424925	-3.54103791222	-3.50470157519	-3.46836523815	-3.43202890112	-3.39569256409	-3.35935622705	1.49299379044	1.49299379044	1.49299379044	1.49299379044	1.49299379044	1.49299379044	1.49299379044	1.49299379044	1.49299379044	1.49299379044	
4.8	153.306293376	153.530373378	153.754453379	153.978533381	154.202613383	154.426693384	154.650773386	154.874853387	155.098933389	155.323013391	0.0	0.0	3.48629206182e-08	7.39306689079e-08	1.62435934782e-07	2.413276198e-07	3.49644739068e-07	4.45771669795e-07	5.79756218274e-07	7.01807830377e-07	0.0	1.55582472185e-07	1.74347322422e-07	3.94971729904e-07	3.52069280835e-07	4.83385926847e-07	4.28984871631e-07	5.97931754347e-07	5.44678736271e-07	7.65804591597e-07	165.038876188	165.504966262	165.971056337	166.437146412	166.903236486	167.369326561	167.835416635	168.30150671	168.767596784	169.233686859	-3.68638326036	-3.65004692332	-3.61371058629	-3.57737424925	-3.54103791222	-3.50470157519	-3.46836523815	-3.43202890112	-3.39569256409	-3.35935622705	1.49299379044	1.49299379044	1.49299379044	1.49299379044	1.49299379044	1.49299379044	1.49299379044	1.49299379044	1.49299379044	1.49299379044	
4.81666666667	153.458992545	153.614402546	153.769812548	153.92522255	154.080632551	154.236042553	154.391452554	154.546862556	154.702272558	154.857682559	0.0	0.0	-9.97810639666e-09	-7.35299917698e-09	-1.60506716666e-08	-1.59841853455e-08	-2.75675849526e-08	-3.03449676249e-08	-4.61550857823e-08	-5.63013465345e-08	0.0	-6.42050466061e-08	1.6891494707e-08	-5.59659764449e-08	4.27812369904e-10	-7.45344539401e-08	-1.78713251621e-08	-1.01731664585e-07	-6.52870513278e-08	-1.72862236433e-07	165.588790011	166.06398685	166.539183688	167.014380526	167.489577365	167.964774203	168.439971042	168.91516788	169.390364719	169.865561557	-3.643512032	-3.60646573254	-3.56941943308	-3.53237313362	-3.49532683416	-3.4582805347	-3.42123423524	-3.38418793578	-3.34714163632	-3.31009533686	1.49299379044	1.49299379044	1.49299379044	1.49299379044	1.49299379044	1.49299379044	1.49299379044	1.49299379044	1.49299379044	1.49299379044	
4.83333333333	153.458992545	153.614402546	153.769812548	153.92522255	154.080632551	154.236042553	154.391452554	154.546862556	154.702272558	154.857682559	0.0	0.0	-9.97810639666e-09	-7.35299917698e-09	-1.60506716666e-08	-1.59841853455e-08	-2.75675849526e-08	-3.03449676249e-08	-4.61550857823e-08	-5.63013465345e-08	0.0	-6.42050466061e-08	1.6891494707e-08	-5.59659764449e-08	4.27812369904e-10	-7.45344539401e-08	-1.78713251621e-08	-1.01731664585e-07	-6.52870513278e-08	-1.72862236433e-07	165.588790011	166.06398685	166.539183688	167.014380526	167.489577365	167.964774203	168.439971042	168.91516788	169.390364719	169.865561557	-3.643512032	-3.60646573254	-3.56941943308	-3.53237313362	-3.49532683416	-3.4582805347	-3.42123423524	-3.38418793578	-3.34714163632	-3.31009533686	1.49299379044	1.49299379044	1.49299379044	1.49299379044	1.49299379044	1.49299379044	1.49299379044	1.49299379044	1.49299379044	1.49299379044	
4.85	153.458992545	153.614402546	153.769812548	153.92522255	154.080632551	154.236042553	154.391452554	154.546862556	154.702272558	154.857682559	0.0	0.0	-9.97810639666e-09	-7.35299917698e-09	-1.60506716666e-08	-1.59841853455e-08	-2.75675849526e-08	-3.03449676249e-08	-4.61550857823e-08	-5.63013465345e-08	0.0	-6.42050466061e-08	1.6891494707e-08	-5.59659764449e-08	4.27812369904e-10	-7.45344539401e-08	-1.78713251621e-08	-1.01731664585e-07	-6.52870513278e-08	-1.72862236433e-07	165.588790011	166.06398685	166.539183688	167.014380526	167.489577365	167.964774203	168.439971042	168.91516788	169.390364719	169.865561557	-3.643512032	-3.60646573254	-3.56941943308	-3.53237313362	-3.49532683416	-3.4582805347	-3.42123423524	-3.38418793578	-3.34714163632	-3.31009533686	1.49299379044	1.49299379044	1.49299379044	1.49299379044	1.49299379044	1.49299379044	1.49299379044	1.49299379044	1.49299379044	1.49299379044	
4.86666666667	153.458992545	153.614402546	153.769812548	153.92522255	154.080632551	154.236042553	154.391452554	154.546862556	154.702272558	154.857682559	0.0	0.0	-9.97810639666e-09	-7.35299917698e-09	-1.60506716666e-08	-1.59841853455e-08	-2.75675849526e-08	-3.03449676249e-08	-4.61550857823e-08	-5.63013465345e-08	0.0	-6.42050466061e-08	1.6891494707e-08	-5.59659764449e-08	4.27812369904e-10	-7.45344539401e-08	-1.78713251621e-08	-1.01731664585e-07	-6.52870513278e-08	-1.72862236433e-07	165.588790011	166.06398685	166.539183688	167.014380526	167.489577365	167.964774203	168.439971042	168.91516788	169.390364719	169.865561557	-3.643512032	-3.60646573254	-3.56941943308	-3.53237313362	-3.49532683416	-3.4582805347	-3.42123423524	-3.38418793578	-3.34714163632	-3.31009533686	1.49299379044	1.49299379044	1.49299379044	1.49299379044	1.49299379044	1.49299379044	1.49299379044	1.49299379044	1.49299379044	1.49299379044	
4.88333333333	153.458992545	153.614402546	153.769812548	153.92522255	154.080632551	154.236042553	154.391452554	154.546862556	154.702272558	154.857682559	0.0	0.0	-9.97810639666e-09	-7.35299917698e-09	-1.60506716666e-08	-1.59841853455e-08	-2.75675849526e-08	-3.03449676249e-08	-4.61550857823e-08	-5.63013465345e-08	0.0	-6.42050466061e-08	1.6891494707e-08	-5.59659764449e-08	4.27812369904e-10	-7.45344539401e-08	-1.78713251621e-08	-1.01731664585e-07	-6.52870513278e-08	-1.72862236433e-07	165.588790011	166.06398685	166.539183688	167.014380526	167.489577365	167.964774203	168.439971042	168.91516788	169.390364719	169.865561557	-3.643512032	-3.60646573254	-3.56941943308	-3.53237313362	-3.49532683416	-3.4582805347	-3.42123423524	-3.38418793578	-3.34714163632	-3.31009533686	1.49299379044	1.49299379044	1.49299379044	1.49299379044	1.49299379044	1.49299379044	1.49299379044	1.49299379044	1.49299379044	1.49299379044	
4.9	153.458992545	153.614402546	153.769812548	153.92522255	154.080632551	154.236042553	154.391452554	154.546862556	154.702272558	154.857682559	0.0	0.0	-9.97810639666e-09	-7.35299917698e-09	-1.60506716666e-08	-1.59841853455e-08	-2.75675849526e-08	-3.03449676249e-08	-4.61550857823e-08	-5.63013465345e-08	0.0	-6.42050466061e-08	1.6891494707e-08	-5.59659764449e-08	4.27812369904e-10	-7.45344539401e-08	-1.78713251621e-08	-1.01731664585e-07	-6.52870513278e-08	-1.72862236433e-07	165.588790011	166.06398685	166.539183688	167.014380526	167.489577365	167.964774203	168.439971042	168.91516788	169.390364719	169.865561557	-3.643512032	-3.60646573254	-3.56941943308	-3.53237313362	-3.49532683416	-3.4582805347	-3.42123423524	-3.38418793578	-3.34714163632	-3.31009533686	1.49299379044	1.49299379044	1.49299379044	1.49299379044	1.49299379044	1.49299379044	1.49299379044	1.49299379044	1.49299379044	1.49299379044	
4.91666666667	153.458992545	153.614402546	153.769812548	153.92522255	154.080632551	154.236042553	154.391452554	154.546862556	154.702272558	154.857682559	0.0	0.0	-9.97810639666e-09	-7.35299917698e-09	-1.60506716666e-08	-1.59841853455e-08	-2.75675849526e-08	-3.03449676249e-08	-4.61550857823e-08	-5.63013465345e-08	0.0	-6.42050466061e-08	1.6891494707e-08	-5.59659764449e-08	4.27812369904e-10	-7.45344539401e-08	-1.78713251621e-08	-1.01731664585e-07	-6.52870513278e-08	-1.72862236433e-07	165.588790011	166.06398685	166.539183688	167.014380526	167.489577365	167.964774203	168.439971042	168.91516788	169.390364719	169.865561557	-3.643512032	-3.60646573254	-3.56941943308	-3.53237313362	-3.49532683416	-3.4582805347	-3.42123423524	-3.38418793578	-3.34714163632	-3.31009533686	1.49299379044	1.49299379044	1.49299379044	1.49299379044	1.49299379044	1.49299379044	1.49299379044	1.49299379044	1.49299379044	1.49299379044	
4.93333333333	153.458992545	153.614402546	153.769812548	153.92522255	154.080632551	154.236042553	154.391452554	154.546862556	154.702272558	154.857682559	0.0	0.0	-9.97810639666e-09	-7.35299917698e-09	-1.60506716666e-08	-1.59841853455e-08	-2.75675849526e-08	-3.03449676249e-08	-4.61550857823e-08	-5.63013465345e-08	0.0	-6.42050466061e-08	1.6891494707e-08	-5.59659764449e-08	4.27812369904e-10	-7.45344539401e-08	-1.78713251621e-08	-1.01731664585e-07	-6.52870513278e-08	-1.72862236433e-07	165.588790011	166.06398685	166.539183688	167.014380526	167.489577365	167.964774203	168.439971042	168.91516788	169.390364719	169.865561557	-3.643512032	-3.60646573254	-3.56941943308	-3.53237313362	-3.49532683416	-3.4582805347	-3.42123423524	-3.38418793578	-3.34714163632	-3.31009533686	1.49299379044	1.49299379044	1.49299379044	1.49299379044	1.49299379044	1.49299379044	1.49299379044	1.49299379044	1.49299379044	1.49299379044	
4.95	153.458992545	153.614402546	153.769812548	153.92522255	154.080632551	154.236042553	154.391452554	154.546862556	154.702272558	154.857682559	0.0	0.0	-9.97810639666e-09	-7.35299917698e-09	-1.60506716666e-08	-1.59841853455e-08	-2.75675849526e-08	-3.03449676249e-08	-4.61550857823e-08	-5.63013465345e-08	0.0	-6.42050466061e-08	1.6891494707e-08	-5.59659764449e-08	4.27812369904e-10	-7.45344539401e-08	-1.78713251621e-08	-1.01731664585e-07	-6.52870513278e-08	-1.72862236433e-07	165.588790011	166.06398685	166.539183688	167.014380526	167.489577365	167.964774203	168.439971042	168.91516788	169.390364719	169.865561557	-3.643512032	-3.60646573254	-3.56941943308	-3.53237313362	-3.49532683416	-3.4582805347	-3.42123423524	-3.38418793578	-3.34714163632	-3.31009533686	1.49299379044	1.49299379044	1.49299379044	1.49299379044	1.49299379044	1.49299379044	1.49299379044	1.49299379044	1.49299379044	1.49299379044	
4.96666666667	153.458992545	153.614402546	153.769812548	153.92522255	154.080632551	154.236042553	154.391452554	154.546862556	154.702272558	154.857682559	0.0	0.0	-9.97810639666e-09	-7.35299917698e-09	-1.60506716666e-08	-1.59841853455e-08	-2.75675849526e-08	-3.03449676249e-08	-4.61550857823e-08	-5.63013465345e-08	0.0	-6.42050466061e-08	1.6891494707e-08	-5.59659764449e-08	4.27812369904e-10	-7.45344539401e-08	-1.78713251621e-08	-1.01731664585e-07	-6.52870513278e-08	-1.72862236433e-07	165.588790011	166.06398685	166.539183688	167.014380526	167.489577365	167.964774203	168.439971042	168.91516788	169.390364719	169.865561557	-3.643512032	-3.60646573254	-3.56941943308	-3.53237313362	-3.49532683416	-3.4582805347	-3.42123423524	-3.38418793578	-3.34714163632	-3.31009533686	1.49299379044	1.49299379044	1.49299379044	1.49299379044	1.49299379044	1.49299379044	1.49299379044	1.49299379044	1.49299379044	1.49299379044	
4.98333333333	153.458992545	153.614402546	153.769812548	153.92522255	154.080632551	154.236042553	154.391452554	154.546862556	154.702272558	154.857682559	0.0	0.0	-9.97810639666e-09	-7.35299917698e-09	-1.60506716666e-08	-1.59841853455e-08	-2.75675849526e-08	-3.03449676249e-08	-4.61550857823e-08	-5.63013465345e-08	0.0	-6.42050466061e-08	1.6891494707e-08	-5.59659764449e-08	4.27812369904e-10	-7.45344539401e-08	-1.78713251621e-08	-1.01731664585e-07	-6.52870513278e-08	-1.72862236433e-07	165.588790011	166.06398685	166.539183688	167.014380526	167.489577365	167.964774203	168.439971042	168.91516788	169.390364719	169.865561557	-3.643512032	-3.60646573254	-3.56941943308	-3.53237313362	-3.49532683416	-3.4582805347	-3.42123423524	-3.38418793578	-3.34714163632	-3.31009533686	1.49299379044	1.49299379044	1.49299379044	1.49299379044	1.49299379044	1.49299379044	1.49299379044	1.49299379044	1.49299379044	1.49299379044	
5.0	153.458992545	153.614402546	153.769812548	153.92522255	154.080632551	154.236042553	154.391452554	154.546862556	154.702272558	154.857682559	0.0	0.0	-9.97810639666e-09	-7.35299917698e-09	-1.60506716666e-08	-1.59841853455e-08	-2.75675849526e-08	-3.03449676249e-08	-4.61550857823e-08	-5.63013465345e-08	0.0	-6.42050466061e-08	1.6891494707e-08	-5.59659764449e-08	4.27812369904e-10	-7.45344539401e-08	-1.78713251621e-08	-1.01731664585e-07	-6.52870513278e-08	-1.72862236433e-07	165.588790011	166.06398685	166.539183688	167.014380526	167.489577365	167.964774203	168.439971042	168.91516788	169.390364719	169.865561557	-3.643512032	-3.60646573254	-3.56941943308	-3.53237313362	-3.49532683416	-3.4582805347	-3.42123423524	-3.38418793578	-3.34714163632	-3.31009533686	1.49299379044	1.49299379044	1.49299379044	1.49299379044	1.49299379044	1.49299379044	1.49299379044	1.49299379044	1.49299379044	1.49299379044	
5.01666666667	153.458992545	153.614402546	153.769812548	153.92522255	154.080632551	154.236042553	154.391452554	154.546862556	154.702272558	154.857682559	0.0	0.0	-9.97810639666e-09	-7.35299917698e-09	-1.60506716666e-08	-1.59841853455e-08	-2.75675849526e-08	-3.03449676249e-08	-4.61550857823e-08	-5.63013465345e-08	0.0	-6.42050466061e-08	1.6891494707e-08	-5.59659764449e-08	4.27812369904e-10	-7.45344539401e-08	-1.78713251621e-08	-1.01731664585e-07	-6.52870513278e-08	-1.72862236433e-07	165.588790011	166.06398685	166.539183688	167.014380526	167.489577365	167.964774203	168.439971042	168.91516788	169.390364719	169.865561557	-3.643512032	-3.60646573254	-3.56941943308	-3.53237313362	-3.49532683416	-3.4582805347	-3.42123423524	-3.38418793578	-3.34714163632	-3.31009533686	1.49299379044	1.49299379044	1.49299379044	1.49299379044	1.49299379044	1.49299379044	1.49299379044	1.49299379044	1.49299379044	1.49299379044	
5.03333333333	153.458992545	153.614402546	153.769812548	153.92522255	154.080632551	154.236042553	154.391452554	154.546862556	154.702272558	154.857682559	0.0	0.0	-9.97810639666e-09	-7.35299917698e-09	-1.60506716666e-08	-1.59841853455e-08	-2.75675849526e-08	-3.03449676249e-08	-4.61550857823e-08	-5.63013465345e-08	0.0	-6.42050466061e-08	1.6891494707e-08	-5.59659764449e-08	4.27812369904e-10	-7.45344539401e-08	-1.78713251621e-08	-1.01731664585e-07	-6.52870513278e-08	-1.72862236433e-07	165.588790011	166.06398685	166.539183688	167.014380526	167.489577365	167.964774203	168.439971042	168.91516788	169.390364719	169.865561557	-3.643512032	-3.60646573254	-3.56941943308	-3.53237313362	-3.49532683416	-3.4582805347	-3.42123423524	-3.38418793578	-3.34714163632	-3.31009533686	1.49299379044	1.49299379044	1.49299379044	1.49299379044	1.49299379044	1.49299379044	1.49299379044	1.49299379044	1.49299379044	1.49299379044	
5.05	153.458992545	153.614402546	153.769812548	153.92522255	154.080632551	154.236042553	154.391452554	154.546862556	154.702272558	154.857682559	0.0	0.0	-9.97810639666e-09	-7.35299917698e-09	-1.60506716666e-08	-1.59841853455e-08	-2.75675849526e-08	-3.03449676249e-08	-4.61550857823e-08	-5.63013465345e-08	0.0	-6.42050466061e-08	1.6891494707e-08	-5.59659764449e-08	4.27812369904e-10	-7.45344539401e-08	-1.78713251621e-08	-1.01731664585e-07	-6.52870513278e-08	-1.72862236433e-07	165.588790011	166.06398685	166.539183688	167.014380526	167.489577365	167.964774203	168.439971042	168.91516788	169.390364719	169.865561557	-3.643512032	-3.60646573254	-3.56941943308	-3.53237313362	-3.49532683416	-3.4582805347	-3.42123423524	-3.38418793578	-3.34714163632	-3.31009533686	1.49299379044	1.49299379044	1.49299379044	1.49299379044	1.49299379044	1.49299379044	1.49299379044	1.49299379044	1.49299379044	1.49299379044	
5.06666666667	153.458992545	153.614402546	153.769812548	153.92522255	154.080632551	154.236042553	154.391452554	154.546862556	154.702272558	154.857682559	0.0	0.0	-9.97810639666e-09	-7.35299917698e-09	-1.60506716666e-08	-1.59841853455e-08	-2.75675849526e-08	-3.03449676249e-08	-4.61550857823e-08	-5.63013465345e-08	0.0	-6.42050466061e-08	1.6891494707e-08	-5.59659764449e-08	4.27812369904e-10	-7.45344539401e-08	-1.78713251621e-08	-1.01731664585e-07	-6.52870513278e-08	-1.72862236433e-07	165.588790011	166.06398685	166.539183688	167.014380526	167.489577365	167.964774203	168.439971042	168.91516788	169.390364719	169.865561557	-3.643512032	-3.60646573254	-3.56941943308	-3.53237313362	-3.49532683416	-3.4582805347	-3.42123423524	-3.38418793578	-3.34714163632	-3.31009533686	1.49299379044	1.49299379044	1.49299379044	1.49299379044	1.49299379044	1.49299379044	1.49299379044	1.49299379044	1.49299379044	1.49299379044	
5.08333333333	153.458992545	153.614402546	153.769812548	153.92522255	154.080632551	154.236042553	154.391452554	154.546862556	154.702272558	154.857682559	0.0	0.0	-9.97810639666e-09	-7.35299917698e-09	-1.60506716666e-08	-1.59841853455e-08	-2.75675849526e-08	-3.03449676249e-08	-4.61550857823e-08	-5.63013465345e-08	0.0	-6.42050466061e-08	1.6891494707e-08	-5.59659764449e-08	4.27812369904e-10	-7.45344539401e-08	-1.78713251621e-08	-1.01731664585e-07	-6.52870513278e-08	-1.72862236433e-07	165.588790011	166.06398685	166.539183688	167.014380526	167.489577365	167.964774203	168.439971042	168.91516788	169.390364719	169.865561557	-3.643512032	-3.60646573254	-3.56941943308	-3.53237313362	-3.49532683416	-3.4582805347	-3.42123423524	-3.38418793578	-3.34714163632	-3.31009533686	1.49299379044	1.49299379044	1.49299379044	1.49299379044	1.49299379044	1.49299379044	1.49299379044	1.49299379044	1.49299379044	1.49299379044	
5.1	153.458992545	153.614402546	153.769812548	153.92522255	154.080632551	154.236042553	154.391452554	154.546862556	154.702272558	154.857682559	0.0	0.0	-9.97810639666e-09	-7.35299917698e-09	-1.60506716666e-08	-1.59841853455e-08	-2.75675849526e-08	-3.03449676249e-08	-4.61550857823e-08	-5.63013465345e-08	0.0	-6.42050466061e-08	1.6891494707e-08	-5.59659764449e-08	4.27812369904e-10	-7.45344539401e-08	-1.78713251621e-08	-1.01731664585e-07	-6.52870513278e-08	-1.72862236433e-07	165.588790011	166.06398685	166.539183688	167.014380526	167.489577365	167.964774203	168.439971042	168.91516788	169.390364719	169.865561557	-3.643512032	-3.60646573254	-3.56941943308	-3.53237313362	-3.49532683416	-3.4582805347	-3.42123423524	-3.38418793578	-3.34714163632	-3.31009533686	1.49299379044	1.49299379044	1.49299379044	1.49299379044	1.49299379044	1.49299379044	1.49299379044	1.49299379044	1.49299379044	1.49299379044	
5.11666666667	153.458992545	153.614402546	153.769812548	153.92522255	154.080632551	154.236042553	154.391452554	154.546862556	154.702272558	154.857682559	0.0	0.0	-9.97810639666e-09	-7.35299917698e-09	-1.60506716666e-08	-1.59841853455e-08	-2.75675849526e-08	-3.03449676249e-08	-4.61550857823e-08	-5.63013465345e-08	0.0	-6.42050466061e-08	1.6891494707e-08	-5.59659764449e-08	4.27812369904e-10	-7.45344539401e-08	-1.78713251621e-08	-1.01731664585e-07	-6.52870513278e-08	-1.72862236433e-07	165.588790011	166.06398685	166.539183688	167.014380526	167.489577365	167.964774203	168.439971042	168.91516788	169.390364719	169.865561557	-3.643512032	-3.60646573254	-3.56941943308	-3.53237313362	-3.49532683416	-3.4582805347	-3.42123423524	-3.38418793578	-3.34714163632	-3.31009533686	1.49299379044	1.49299379044	1.49299379044	1.49299379044	1.49299379044	1.49299379044	1.49299379044	1.49299379044	1.49299379044	1.49299379044	
5.13333333333	153.458992545	153.614402546	153.769812548	153.92522255	154.080632551	154.236042553	154.391452554	154.546862556	154.702272558	154.857682559	0.0	0.0	-9.97810639666e-09	-7.35299917698e-09	-1.60506716666e-08	-1.59841853455e-08	-2.75675849526e-08	-3.03449676249e-08	-4.61550857823e-08	-5.63013465345e-08	0.0	-6.42050466061e-08	1.6891494707e-08	-5.59659764449e-08	4.27812369904e-10	-7.45344539401e-08	-1.78713251621e-08	-1.01731664585e-07	-6.52870513278e-08	-1.72862236433e-07	165.588790011	166.06398685	166.539183688	167.014380526	167.489577365	167.964774203	168.439971042	168.91516788	169.390364719	169.865561557	-3.643512032	-3.60646573254	-3.56941943308	-3.53237313362	-3.49532683416	-3.4582805347	-3.42123423524	-3.38418793578	-3.34714163632	-3.31009533686	1.49299379044	1.49299379044	1.49299379044	1.49299379044	1.49299379044	1.49299379044	1.49299379044	1.49299379044	1.49299379044	1.49299379044	
5.15	153.458992545	153.614402546	153.769812548	153.92522255	154.080632551	154.236042553	154.391452554	154.546862556	154.702272558	154.857682559	0.0	0.0	-9.97810639666e-09	-7.35299917698e-09	-1.60506716666e-08	-1.59841853455e-08	-2.75675849526e-08	-3.03449676249e-08	-4.61550857823e-08	-5.63013465345e-08	0.0	-6.42050466061e-08	1.6891494707e-08	-5.59659764449e-08	4.27812369904e-10	-7.45344539401e-08	-1.78713251621e-08	-1.01731664585e-07	-6.52870513278e-08	-1.72862236433e-07	165.588790011	166.06398685	166.539183688	167.014380526	167.489577365	167.964774203	168.439971042	168.91516788	169.390364719	169.865561557	-3.643512032	-3.60646573254	-3.56941943308	-3.53237313362	-3.49532683416	-3.4582805347	-3.42123423524	-3.38418793578	-3.34714163632	-3.31009533686	1.49299379044	1.49299379044	1.49299379044	1.49299379044	1.49299379044	1.49299379044	1.49299379044	1.49299379044	1.49299379044	1.49299379044	
5.16666666667	153.458992545	153.614402546	153.769812548	153.92522255	154.080632551	154.236042553	154.391452554	154.546862556	154.702272558	154.857682559	0.0	0.0	-9.97810639666e-09	-7.35299917698e-09	-1.60506716666e-08	-1.59841853455e-08	-2.75675849526e-08	-3.03449676249e-08	-4.61550857823e-08	-5.63013465345e-08	0.0	-6.42050466061e-08	1.6891494707e-08	-5.59659764449e-08	4.27812369904e-10	-7.45344539401e-08	-1.78713251621e-08	-1.01731664585e-07	-6.52870513278e-08	-1.72862236433e-07	165.588790011	166.06398685	166.539183688	167.014380526	167.489577365	167.964774203	168.439971042	168.91516788	169.390364719	169.865561557	-3.643512032	-3.60646573254	-3.56941943308	-3.53237313362	-3.49532683416	-3.4582805347	-3.42123423524	-3.38418793578	-3.34714163632	-3.31009533686	1.49299379044	1.49299379044	1.49299379044	1.49299379044	1.49299379044	1.49299379044	1.49299379044	1.49299379044	1.49299379044	1.49299379044	
5.18333333333	153.458992545	153.614402546	153.769812548	153.92522255	154.080632551	154.236042553	154.391452554	154.546862556	154.702272558	154.857682559	0.0	0.0	-9.97810639666e-09	-7.35299917698e-09	-1.60506716666e-08	-1.59841853455e-08	-2.75675849526e-08	-3.03449676249e-08	-4.61550857823e-08	-5.63013465345e-08	0.0	-6.42050466061e-08	1.6891494707e-08	-5.59659764449e-08	4.27812369904e-10	-7.45344539401e-08	-1.78713251621e-08	-1.01731664585e-07	-6.52870513278e-08	-1.72862236433e-07	165.588790011	166.06398685	166.539183688	167.014380526	167.489577365	167.964774203	168.439971042	168.91516788	169.390364719	169.865561557	-3.643512032	-3.60646573254	-3.56941943308	-3.53237313362	-3.49532683416	-3.4582805347	-3.42123423524	-3.38418793578	-3.34714163632	-3.31009533686	1.49299379044	1.49299379044	1.49299379044	1.49299379044	1.49299379044	1.49299379044	1.49299379044	1.49299379044	1.49299379044	1.49299379044	
5.2	153.458992545	153.614402546	153.769812548	153.92522255	154.080632551	154.236042553	154.391452554	154.546862556	154.702272558	154.857682559	0.0	0.0	-9.97810639666e-09	-7.35299917698e-09	-1.60506716666e-08	-1.59841853455e-08	-2.75675849526e-08	-3.03449676249e-08	-4.61550857823e-08	-5.63013465345e-08	0.0	-6.42050466061e-08	1.6891494707e-08	-5.59659764449e-08	4.27812369904e-10	-7.45344539401e-08	-1.78713251621e-08	-1.01731664585e-07	-6.52870513278e-08	-1.72862236433e-07	165.588790011	166.06398685	166.539183688	167.014380526	167.489577365	167.964774203	168.439971042	168.91516788	169.390364719	169.865561557	-3.643512032	-3.60646573254	-3.56941943308	-3.53237313362	-3.49532683416	-3.4582805347	-3.42123423524	-3.38418793578	-3.34714163632	-3.31009533686	1.49299379044	1.49299379044	1.49299379044	1.49299379044	1.49299379044	1.49299379044	1.49299379044	1.49299379044	1.49299379044	1.49299379044	
5.21666666667	153.458992545	153.614402546	153.769812548	153.92522255	154.080632551	154.236042553	154.391452554	154.546862556	154.702272558	154.857682559	0.0	0.0	-9.97810639666e-09	-7.35299917698e-09	-1.60506716666e-08	-1.59841853455e-08	-2.75675849526e-08	-3.03449676249e-08	-4.61550857823e-08	-5.63013465345e-08	0.0	-6.42050466061e-08	1.6891494707e-08	-5.59659764449e-08	4.27812369904e-10	-7.45344539401e-08	-1.78713251621e-08	-1.01731664585e-07	-6.52870513278e-08	-1.72862236433e-07	165.588790011	166.06398685	166.539183688	167.014380526	167.489577365	167.964774203	168.439971042	168.91516788	169.390364719	169.865561557	-3.643512032	-3.60646573254	-3.56941943308	-3.53237313362	-3.49532683416	-3.4582805347	-3.42123423524	-3.38418793578	-3.34714163632	-3.31009533686	1.49299379044	1.49299379044	1.49299379044	1.49299379044	1.49299379044	1.49299379044	1.49299379044	1.49299379044	1.49299379044	1.49299379044	
5.23333333333	153.458992545	153.614402546	153.769812548	153.92522255	154.080632551	154.236042553	154.391452554	154.546862556	154.702272558	154.857682559	0.0	0.0	-9.97810639666e-09	-7.35299917698e-09	-1.60506716666e-08	-1.59841853455e-08	-2.75675849526e-08	-3.03449676249e-08	-4.61550857823e-08	-5.63013465345e-08	0.0	-6.42050466061e-08	1.6891494707e-08	-5.59659764449e-08	4.27812369904e-10	-7.45344539401e-08	-1.78713251621e-08	-1.01731664585e-07	-6.52870513278e-08	-1.72862236433e-07	165.588790011	166.06398685	166.539183688	167.014380526	167.489577365	167.964774203	168.439971042	168.91516788	169.390364719	169.865561557	-3.643512032	-3.60646573254	-3.56941943308	-3.53237313362	-3.49532683416	-3.4582805347	-3.42123423524	-3.38418793578	-3.34714163632	-3.31009533686	1.49299379044	1.49299379044	1.49299379044	1.49299379044	1.49299379044	1.49299379044	1.49299379044	1.49299379044	1.49299379044	1.49299379044	
5.25	153.458992545	153.614402546	153.769812548	153.92522255	154.080632551	154.236042553	154.391452554	154.546862556	154.702272558	154.857682559	0.0	0.0	-9.97810639666e-09	-7.35299917698e-09	-1.60506716666e-08	-1.59841853455e-08	-2.75675849526e-08	-3.03449676249e-08	-4.61550857823e-08	-5.63013465345e-08	0.0	-6.42050466061e-08	1.6891494707e-08	-5.59659764449e-08	4.27812369904e-10	-7.45344539401e-08	-1.78713251621e-08	-1.01731664585e-07	-6.52870513278e-08	-1.72862236433e-07	165.588790011	166.06398685	166.539183688	167.014380526	167.489577365	167.964774203	168.439971042	168.91516788	169.390364719	169.865561557	-3.643512032	-3.60646573254	-3.56941943308	-3.53237313362	-3.49532683416	-3.4582805347	-3.42123423524	-3.38418793578	-3.34714163632	-3.31009533686	1.49299379044	1.49299379044	1.49299379044	1.49299379044	1.49299379044	1.49299379044	1.49299379044	1.49299379044	1.49299379044	1.49299379044	
5.26666666667	153.458992545	153.614402546	153.769812548	153.92522255	154.080632551	154.236042553	154.391452554	154.546862556	154.702272558	154.857682559	0.0	0.0	-9.97810639666e-09	-7.35299917698e-09	-1.60506716666e-08	-1.59841853455e-08	-2.75675849526e-08	-3.03449676249e-08	-4.61550857823e-08	-5.63013465345e-08	0.0	-6.42050466061e-08	1.6891494707e-08	-5.59659764449e-08	4.27812369904e-10	-7.45344539401e-08	-1.78713251621e-08	-1.01731664585e-07	-6.52870513278e-08	-1.72862236433e-07	165.588790011	166.06398685	166.539183688	167.014380526	167.489577365	167.964774203	168.439971042	168.91516788	169.390364719	169.865561557	-3.643512032	-3.60646573254	-3.56941943308	-3.53237313362	-3.49532683416	-3.4582805347	-3.42123423524	-3.38418793578	-3.34714163632	-3.31009533686	1.49299379044	1.49299379044	1.49299379044	1.49299379044	1.49299379044	1.49299379044	1.49299379044	1.49299379044	1.49299379044	1.49299379044	
5.28333333333	153.458992545	153.614402546	153.769812548	153.92522255	154.080632551	154.236042553	154.391452554	154.546862556	154.702272558	154.857682559	0.0	0.0	-9.97810639666e-09	-7.35299917698e-09	-1.60506716666e-08	-1.59841853455e-08	-2.75675849526e-08	-3.03449676249e-08	-4.61550857823e-08	-5.63013465345e-08	0.0	-6.42050466061e-08	1.6891494707e-08	-5.59659764449e-08	4.27812369904e-10	-7.45344539401e-08	-1.78713251621e-08	-1.01731664585e-07	-6.52870513278e-08	-1.72862236433e-07	165.588790011	166.06398685	166.539183688	167.014380526	167.489577365	167.964774203	168.439971042	168.91516788	169.390364719	169.865561557	-3.643512032	-3.60646573254	-3.56941943308	-3.53237313362	-3.49532683416	-3.4582805347	-3.42123423524	-3.38418793578	-3.34714163632	-3.31009533686	1.49299379044	1.49299379044	1.49299379044	1.49299379044	1.49299379044	1.49299379044	1.49299379044	1.49299379044	1.49299379044	1.49299379044	
5.3	153.458992545	153.614402546	153.769812548	153.92522255	154.080632551	154.236042553	154.391452554	154.546862556	154.702272558	154.857682559	0.0	0.0	-9.97810639666e-09	-7.35299917698e-09	-1.60506716666e-08	-1.59841853455e-08	-2.75675849526e-08	-3.03449676249e-08	-4.61550857823e-08	-5.63013465345e-08	0.0	-6.42050466061e-08	1.6891494707e-08	-5.59659764449e-08	4.27812369904e-10	-7.45344539401e-08	-1.78713251621e-08	-1.01731664585e-07	-6.52870513278e-08	-1.72862236433e-07	165.588790011	166.06398685	166.539183688	167.014380526	167.489577365	167.964774203	168.439971042	168.91516788	169.390364719	169.865561557	-3.643512032	-3.60646573254	-3.56941943308	-3.53237313362	-3.49532683416	-3.4582805347	-3.42123423524	-3.38418793578	-3.34714163632	-3.31009533686	1.49299379044	1.49299379044	1.49299379044	1.49299379044	1.49299379044	1.49299379044	1.49299379044	1.49299379044	1.49299379044	1.49299379044	
5.31666666667	153.458992545	153.614402546	153.769812548	153.92522255	154.080632551	154.236042553	154.391452554	154.546862556	154.702272558	154.857682559	0.0	0.0	-9.97810639666e-09	-7.35299917698e-09	-1.60506716666e-08	-1.59841853455e-08	-2.75675849526e-08	-3.03449676249e-08	-4.61550857823e-08	-5.63013465345e-08	0.0	-6.42050466061e-08	1.6891494707e-08	-5.59659764449e-08	4.27812369904e-10	-7.45344539401e-08	-1.78713251621e-08	-1.01731664585e-07	-6.52870513278e-08	-1.72862236433e-07	165.588790011	166.06398685	166.539183688	167.014380526	167.489577365	167.964774203	168.439971042	168.91516788	169.390364719	169.865561557	-3.643512032	-3.60646573254	-3.56941943308	-3.53237313362	-3.49532683416	-3.4582805347	-3.42123423524	-3.38418793578	-3.34714163632	-3.31009533686	1.49299379044	1.49299379044	1.49299379044	1.49299379044	1.49299379044	1.49299379044	1.49299379044	1.49299379044	1.49299379044	1.49299379044	
5.33333333333	153.458992545	153.614402546	153.769812548	153.92522255	154.080632551	154.236042553	154.391452554	154.546862556	154.702272558	154.857682559	0.0	0.0	-9.97810639666e-09	-7.35299917698e-09	-1.60506716666e-08	-1.59841853455e-08	-2.75675849526e-08	-3.03449676249e-08	-4.61550857823e-08	-5.63013465345e-08	0.0	-6.42050466061e-08	1.6891494707e-08	-5.59659764449e-08	4.27812369904e-10	-7.45344539401e-08	-1.78713251621e-08	-1.01731664585e-07	-6.52870513278e-08	-1.72862236433e-07	165.588790011	166.06398685	166.539183688	167.014380526	167.489577365	167.964774203	168.439971042	168.91516788	169.390364719	169.865561557	-3.643512032	-3.60646573254	-3.56941943308	-3.53237313362	-3.49532683416	-3.4582805347	-3.42123423524	-3.38418793578	-3.34714163632	-3.31009533686	1.49299379044	1.49299379044	1.49299379044	1.49299379044	1.49299379044	1.49299379044	1.49299379044	1.49299379044	1.49299379044	1.49299379044	
5.35	153.458992545	153.614402546	153.769812548	153.92522255	154.080632551	154.236042553	154.391452554	154.546862556	154.702272558	154.857682559	0.0	0.0	-9.97810639666e-09	-7.35299917698e-09	-1.60506716666e-08	-1.59841853455e-08	-2.75675849526e-08	-3.03449676249e-08	-4.61550857823e-08	-5.63013465345e-08	0.0	-6.42050466061e-08	1.6891494707e-08	-5.59659764449e-08	4.27812369904e-10	-7.45344539401e-08	-1.78713251621e-08	-1.01731664585e-07	-6.52870513278e-08	-1.72862236433e-07	165.588790011	166.06398685	166.539183688	167.014380526	167.489577365	167.964774203	168.439971042	168.91516788	169.390364719	169.865561557	-3.643512032	-3.60646573254	-3.56941943308	-3.53237313362	-3.49532683416	-3.4582805347	-3.42123423524	-3.38418793578	-3.34714163632	-3.31009533686	1.49299379044	1.49299379044	1.49299379044	1.49299379044	1.49299379044	1.49299379044	1.49299379044	1.49299379044	1.49299379044	1.49299379044	
5.36666666667	153.458992545	153.614402546	153.769812548	153.92522255	154.080632551	154.236042553	154.391452554	154.546862556	154.702272558	154.857682559	0.0	0.0	-9.97810639666e-09	-7.35299917698e-09	-1.60506716666e-08	-1.59841853455e-08	-2.75675849526e-08	-3.03449676249e-08	-4.61550857823e-08	-5.63013465345e-08	0.0	-6.42050466061e-08	1.6891494707e-08	-5.59659764449e-08	4.27812369904e-10	-7.45344539401e-08	-1.78713251621e-08	-1.01731664585e-07	-6.52870513278e-08	-1.72862236433e-07	165.588790011	166.06398685	166.539183688	167.014380526	167.489577365	167.964774203	168.439971042	168.91516788	169.390364719	169.865561557	-3.643512032	-3.60646573254	-3.56941943308	-3.53237313362	-3.49532683416	-3.4582805347	-3.42123423524	-3.38418793578	-3.34714163632	-3.31009533686	1.49299379044	1.49299379044	1.49299379044	1.49299379044	1.49299379044	1.49299379044	1.49299379044	1.49299379044	1.49299379044	1.49299379044	
5.38333333333	153.458992545	153.614402546	153.769812548	153.92522255	154.080632551	154.236042553	154.391452554	154.546862556	154.702272558	154.857682559	0.0	0.0	-9.97810639666e-09	-7.35299917698e-09	-1.60506716666e-08	-1.59841853455e-08	-2.75675849526e-08	-3.03449676249e-08	-4.61550857823e-08	-5.63013465345e-08	0.0	-6.42050466061e-08	1.6891494707e-08	-5.59659764449e-08	4.27812369904e-10	-7.45344539401e-08	-1.78713251621e-08	-1.01731664585e-07	-6.52870513278e-08	-1.72862236433e-07	165.588790011	166.06398685	166.539183688	167.014380526	167.489577365	167.964774203	168.439971042	168.91516788	169.390364719	169.865561557	-3.643512032	-3.60646573254	-3.56941943308	-3.53237313362	-3.49532683416	-3.4582805347	-3.42123423524	-3.38418793578	-3.34714163632	-3.31009533686	1.49299379044	1.49299379044	1.49299379044	1.49299379044	1.49299379044	1.49299379044	1.49299379044	1.49299379044	1.49299379044	1.49299379044	
5.4	153.458992545	153.614402546	153.769812548	153.92522255	154.080632551	154.236042553	154.391452554	154.546862556	154.702272558	154.857682559	0.0	0.0	-9.97810639666e-09	-7.35299917698e-09	-1.60506716666e-08	-1.59841853455e-08	-2.75675849526e-08	-3.03449676249e-08	-4.61550857823e-08	-5.63013465345e-08	0.0	-6.42050466061e-08	1.6891494707e-08	-5.59659764449e-08	4.27812369904e-10	-7.45344539401e-08	-1.78713251621e-08	-1.01731664585e-07	-6.52870513278e-08	-1.72862236433e-07	165.588790011	166.06398685	166.539183688	167.014380526	167.489577365	167.964774203	168.439971042	168.91516788	169.390364719	169.865561557	-3.643512032	-3.60646573254	-3.56941943308	-3.53237313362	-3.49532683416	-3.4582805347	-3.42123423524	-3.38418793578	-3.34714163632	-3.31009533686	1.49299379044	1.49299379044	1.49299379044	1.49299379044	1.49299379044	1.49299379044	1.49299379044	1.49299379044	1.49299379044	1.49299379044	
5.41666666667	153.458992545	153.614402546	153.769812548	153.92522255	154.080632551	154.236042553	154.391452554	154.546862556	154.702272558	154.857682559	0.0	0.0	-9.97810639666e-09	-7.35299917698e-09	-1.60506716666e-08	-1.59841853455e-08	-2.75675849526e-08	-3.03449676249e-08	-4.61550857823e-08	-5.63013465345e-08	0.0	-6.42050466061e-08	1.6891494707e-08	-5.59659764449e-08	4.27812369904e-10	-7.45344539401e-08	-1.78713251621e-08	-1.01731664585e-07	-6.52870513278e-08	-1.72862236433e-07	165.588790011	166.06398685	166.539183688	167.014380526	167.489577365	167.964774203	168.439971042	168.91516788	169.390364719	169.865561557	-3.643512032	-3.60646573254	-3.56941943308	-3.53237313362	-3.49532683416	-3.4582805347	-3.42123423524	-3.38418793578	-3.34714163632	-3.31009533686	1.49299379044	1.49299379044	1.49299379044	1.49299379044	1.49299379044	1.49299379044	1.49299379044	1.49299379044	1.49299379044	1.49299379044	
5.43333333333	153.458992545	153.614402546	153.769812548	153.92522255	154.080632551	154.236042553	154.391452554	154.546862556	154.702272558	154.857682559	0.0	0.0	-9.97810639666e-09	-7.35299917698e-09	-1.60506716666e-08	-1.59841853455e-08	-2.75675849526e-08	-3.03449676249e-08	-4.61550857823e-08	-5.63013465345e-08	0.0	-6.42050466061e-08	1.6891494707e-08	-5.59659764449e-08	4.27812369904e-10	-7.45344539401e-08	-1.78713251621e-08	-1.01731664585e-07	-6.52870513278e-08	-1.72862236433e-07	165.588790011	166.06398685	166.539183688	167.014380526	167.489577365	167.964774203	168.439971042	168.91516788	169.390364719	169.865561557	-3.643512032	-3.60646573254	-3.56941943308	-3.53237313362	-3.49532683416	-3.4582805347	-3.42123423524	-3.38418793578	-3.34714163632	-3.31009533686	1.49299379044	1.49299379044	1.49299379044	1.49299379044	1.49299379044	1.49299379044	1.49299379044	1.49299379044	1.49299379044	1.49299379044	
5.45	153.458992545	153.614402546	153.769812548	153.92522255	154.080632551	154.236042553	154.391452554	154.546862556	154.702272558	154.857682559	0.0	0.0	-9.97810639666e-09	-7.35299917698e-09	-1.60506716666e-08	-1.59841853455e-08	-2.75675849526e-08	-3.03449676249e-08	-4.61550857823e-08	-5.63013465345e-08	0.0	-6.42050466061e-08	1.6891494707e-08	-5.59659764449e-08	4.27812369904e-10	-7.45344539401e-08	-1.78713251621e-08	-1.01731664585e-07	-6.52870513278e-08	-1.72862236433e-07	165.588790011	166.06398685	166.539183688	167.014380526	167.489577365	167.964774203	168.439971042	168.91516788	169.390364719	169.865561557	-3.643512032	-3.60646573254	-3.56941943308	-3.53237313362	-3.49532683416	-3.4582805347	-3.42123423524	-3.38418793578	-3.34714163632	-3.31009533686	1.49299379044	1.49299379044	1.49299379044	1.49299379044	1.49299379044	1.49299379044	1.49299379044	1.49299379044	1.49299379044	1.49299379044	
5.46666666667	153.458992545	153.614402546	153.769812548	153.92522255	154.080632551	154.236042553	154.391452554	154.546862556	154.702272558	154.857682559	0.0	0.0	-9.97810639666e-09	-7.35299917698e-09	-1.60506716666e-08	-1.59841853455e-08	-2.75675849526e-08	-3.03449676249e-08	-4.61550857823e-08	-5.63013465345e-08	0.0	-6.42050466061e-08	1.6891494707e-08	-5.59659764449e-08	4.27812369904e-10	-7.45344539401e-08	-1.78713251621e-08	-1.01731664585e-07	-6.52870513278e-08	-1.72862236433e-07	165.588790011	166.06398685	166.539183688	167.014380526	167.489577365	167.964774203	168.439971042	168.91516788	169.390364719	169.865561557	-3.643512032	-3.60646573254	-3.56941943308	-3.53237313362	-3.49532683416	-3.4582805347	-3.42123423524	-3.38418793578	-3.34714163632	-3.31009533686	1.49299379044	1.49299379044	1.49299379044	1.49299379044	1.49299379044	1.49299379044	1.49299379044	1.49299379044	1.49299379044	1.49299379044	
5.48333333333	153.458992545	153.614402546	153.769812548	153.92522255	154.080632551	154.236042553	154.391452554	154.546862556	154.702272558	154.857682559	0.0	0.0	-9.97810639666e-09	-7.35299917698e-09	-1.60506716666e-08	-1.59841853455e-08	-2.75675849526e-08	-3.03449676249e-08	-4.61550857823e-08	-5.63013465345e-08	0.0	-6.42050466061e-08	1.6891494707e-08	-5.59659764449e-08	4.27812369904e-10	-7.45344539401e-08	-1.78713251621e-08	-1.01731664585e-07	-6.52870513278e-08	-1.72862236433e-07	165.588790011	166.06398685	166.539183688	167.014380526	167.489577365	167.964774203	168.439971042	168.91516788	169.390364719	169.865561557	-3.643512032	-3.60646573254	-3.56941943308	-3.53237313362	-3.49532683416	-3.4582805347	-3.42123423524	-3.38418793578	-3.34714163632	-3.31009533686	1.49299379044	1.49299379044	1.49299379044	1.49299379044	1.49299379044	1.49299379044	1.49299379044	1.49299379044	1.49299379044	1.49299379044	
5.5	153.458992545	153.614402546	153.769812548	153.92522255	154.080632551	154.236042553	154.391452554	154.546862556	154.702272558	154.857682559	0.0	0.0	-9.97810639666e-09	-7.35299917698e-09	-1.60506716666e-08	-1.59841853455e-08	-2.75675849526e-08	-3.03449676249e-08	-4.61550857823e-08	-5.63013465345e-08	0.0	-6.42050466061e-08	1.6891494707e-08	-5.59659764449e-08	4.27812369904e-10	-7.45344539401e-08	-1.78713251621e-08	-1.01731664585e-07	-6.52870513278e-08	-1.72862236433e-07	165.588790011	166.06398685	166.539183688	167.014380526	167.489577365	167.964774203	168.439971042	168.91516788	169.390364719	169.865561557	-3.643512032	-3.60646573254	-3.56941943308	-3.53237313362	-3.49532683416	-3.4582805347	-3.42123423524	-3.38418793578	-3.34714163632	-3.31009533686	1.49299379044	1.49299379044	1.49299379044	1.49299379044	1.49299379044	1.49299379044	1.49299379044	1.49299379044	1.49299379044	1.49299379044	
5.51666666667	153.458992545	153.614402546	153.769812548	153.92522255	154.080632551	154.236042553	154.391452554	154.546862556	154.702272558	154.857682559	0.0	0.0	-9.97810639666e-09	-7.35299917698e-09	-1.60506716666e-08	-1.59841853455e-08	-2.75675849526e-08	-3.03449676249e-08	-4.61550857823e-08	-5.63013465345e-08	0.0	-6.42050466061e-08	1.6891494707e-08	-5.59659764449e-08	4.27812369904e-10	-7.45344539401e-08	-1.78713251621e-08	-1.01731664585e-07	-6.52870513278e-08	-1.72862236433e-07	165.588790011	166.06398685	166.539183688	167.014380526	167.489577365	167.964774203	168.439971042	168.91516788	169.390364719	169.865561557	-3.643512032	-3.60646573254	-3.56941943308	-3.53237313362	-3.49532683416	-3.4582805347	-3.42123423524	-3.38418793578	-3.34714163632	-3.31009533686	1.49299379044	1.49299379044	1.49299379044	1.49299379044	1.49299379044	1.49299379044	1.49299379044	1.49299379044	1.49299379044	1.49299379044	
5.53333333333	153.458992545	153.614402546	153.769812548	153.92522255	154.080632551	154.236042553	154.391452554	154.546862556	154.702272558	154.857682559	0.0	0.0	-9.97810639666e-09	-7.35299917698e-09	-1.60506716666e-08	-1.59841853455e-08	-2.75675849526e-08	-3.03449676249e-08	-4.61550857823e-08	-5.63013465345e-08	0.0	-6.42050466061e-08	1.6891494707e-08	-5.59659764449e-08	4.27812369904e-10	-7.45344539401e-08	-1.78713251621e-08	-1.01731664585e-07	-6.52870513278e-08	-1.72862236433e-07	165.588790011	166.06398685	166.539183688	167.014380526	167.489577365	167.964774203	168.439971042	168.91516788	169.390364719	169.865561557	-3.643512032	-3.60646573254	-3.56941943308	-3.53237313362	-3.49532683416	-3.4582805347	-3.42123423524	-3.38418793578	-3.34714163632	-3.31009533686	1.49299379044	1.49299379044	1.49299379044	1.49299379044	1.49299379044	1.49299379044	1.49299379044	1.49299379044	1.49299379044	1.49299379044	
5.55	153.458992545	153.614402546	153.769812548	153.92522255	154.080632551	154.236042553	154.391452554	154.546862556	154.702272558	154.857682559	0.0	0.0	-9.97810639666e-09	-7.35299917698e-09	-1.60506716666e-08	-1.59841853455e-08	-2.75675849526e-08	-3.03449676249e-08	-4.61550857823e-08	-5.63013465345e-08	0.0	-6.42050466061e-08	1.6891494707e-08	-5.59659764449e-08	4.27812369904e-10	-7.45344539401e-08	-1.78713251621e-08	-1.01731664585e-07	-6.52870513278e-08	-1.72862236433e-07	165.588790011	166.06398685	166.539183688	167.014380526	167.489577365	167.964774203	168.439971042	168.91516788	169.390364719	169.865561557	-3.643512032	-3.60646573254	-3.56941943308	-3.53237313362	-3.49532683416	-3.4582805347	-3.42123423524	-3.38418793578	-3.34714163632	-3.31009533686	1.49299379044	1.49299379044	1.49299379044	1.49299379044	1.49299379044	1.49299379044	1.49299379044	1.49299379044	1.49299379044	1.49299379044	
5.56666666667	153.458992545	153.614402546	153.769812548	153.92522255	154.080632551	154.236042553	154.391452554	154.546862556	154.702272558	154.857682559	0.0	0.0	-9.97810639666e-09	-7.35299917698e-09	-1.60506716666e-08	-1.59841853455e-08	-2.75675849526e-08	-3.03449676249e-08	-4.61550857823e-08	-5.63013465345e-08	0.0	-6.42050466061e-08	1.6891494707e-08	-5.59659764449e-08	4.27812369904e-10	-7.45344539401e-08	-1.78713251621e-08	-1.01731664585e-07	-6.52870513278e-08	-1.72862236433e-07	165.588790011	166.06398685	166.539183688	167.014380526	167.489577365	167.964774203	168.439971042	168.91516788	169.390364719	169.865561557	-3.643512032	-3.60646573254	-3.56941943308	-3.53237313362	-3.49532683416	-3.4582805347	-3.42123423524	-3.38418793578	-3.34714163632	-3.31009533686	1.49299379044	1.49299379044	1.49299379044	1.49299379044	1.49299379044	1.49299379044	1.49299379044	1.49299379044	1.49299379044	1.49299379044	
5.58333333333	153.458992545	153.614402546	153.769812548	153.92522255	154.080632551	154.236042553	154.391452554	154.546862556	154.702272558	154.857682559	0.0	0.0	-9.97810639666e-09	-7.35299917698e-09	-1.60506716666e-08	-1.59841853455e-08	-2.75675849526e-08	-3.03449676249e-08	-4.61550857823e-08	-5.63013465345e-08	0.0	-6.42050466061e-08	1.6891494707e-08	-5.59659764449e-08	4.27812369904e-10	-7.45344539401e-08	-1.78713251621e-08	-1.01731664585e-07	-6.52870513278e-08	-1.72862236433e-07	165.588790011	166.06398685	166.539183688	167.014380526	167.489577365	167.964774203	168.439971042	168.91516788	169.390364719	169.865561557	-3.643512032	-3.60646573254	-3.56941943308	-3.53237313362	-3.49532683416	-3.4582805347	-3.42123423524	-3.38418793578	-3.34714163632	-3.31009533686	1.49299379044	1.49299379044	1.49299379044	1.49299379044	1.49299379044	1.49299379044	1.49299379044	1.49299379044	1.49299379044	1.49299379044	
5.6	153.458992545	153.614402546	153.769812548	153.92522255	154.080632551	154.236042553	154.391452554	154.546862556	154.702272558	154.857682559	0.0	0.0	-9.97810639666e-09	-7.35299917698e-09	-1.60506716666e-08	-1.59841853455e-08	-2.75675849526e-08	-3.03449676249e-08	-4.61550857823e-08	-5.63013465345e-08	0.0	-6.42050466061e-08	1.6891494707e-08	-5.59659764449e-08	4.27812369904e-10	-7.45344539401e-08	-1.78713251621e-08	-1.01731664585e-07	-6.52870513278e-08	-1.72862236433e-07	165.588790011	166.06398685	166.539183688	167.014380526	167.489577365	167.964774203	168.439971042	168.91516788	169.390364719	169.865561557	-3.643512032	-3.60646573254	-3.56941943308	-3.53237313362	-3.49532683416	-3.4582805347	-3.42123423524	-3.38418793578	-3.34714163632	-3.31009533686	1.49299379044	1.49299379044	1.49299379044	1.49299379044	1.49299379044	1.49299379044	1.49299379044	1.49299379044	1.49299379044	1.49299379044	
5.61666666667	153.458992545	153.614402546	153.769812548	153.92522255	154.080632551	154.236042553	154.391452554	154.546862556	154.702272558	154.857682559	0.0	0.0	-9.97810639666e-09	-7.35299917698e-09	-1.60506716666e-08	-1.59841853455e-08	-2.75675849526e-08	-3.03449676249e-08	-4.61550857823e-08	-5.63013465345e-08	0.0	-6.42050466061e-08	1.6891494707e-08	-5.59659764449e-08	4.27812369904e-10	-7.45344539401e-08	-1.78713251621e-08	-1.01731664585e-07	-6.52870513278e-08	-1.72862236433e-07	165.588790011	166.06398685	166.539183688	167.014380526	167.489577365	167.964774203	168.439971042	168.91516788	169.390364719	169.865561557	-3.643512032	-3.60646573254	-3.56941943308	-3.53237313362	-3.49532683416	-3.4582805347	-3.42123423524	-3.38418793578	-3.34714163632	-3.31009533686	1.49299379044	1.49299379044	1.49299379044	1.49299379044	1.49299379044	1.49299379044	1.49299379044	1.49299379044	1.49299379044	1.49299379044	
5.63333333333	153.458992545	153.614402546	153.769812548	153.92522255	154.080632551	154.236042553	154.391452554	154.546862556	154.702272558	154.857682559	0.0	0.0	-9.97810639666e-09	-7.35299917698e-09	-1.60506716666e-08	-1.59841853455e-08	-2.75675849526e-08	-3.03449676249e-08	-4.61550857823e-08	-5.63013465345e-08	0.0	-6.42050466061e-08	1.6891494707e-08	-5.59659764449e-08	4.27812369904e-10	-7.45344539401e-08	-1.78713251621e-08	-1.01731664585e-07	-6.52870513278e-08	-1.72862236433e-07	165.588790011	166.06398685	166.539183688	167.014380526	167.489577365	167.964774203	168.439971042	168.91516788	169.390364719	169.865561557	-3.643512032	-3.60646573254	-3.56941943308	-3.53237313362	-3.49532683416	-3.4582805347	-3.42123423524	-3.38418793578	-3.34714163632	-3.31009533686	1.49299379044	1.49299379044	1.49299379044	1.49299379044	1.49299379044	1.49299379044	1.49299379044	1.49299379044	1.49299379044	1.49299379044	
5.65	153.458992545	153.614402546	153.769812548	153.92522255	154.080632551	154.236042553	154.391452554	154.546862556	154.702272558	154.857682559	0.0	0.0	-9.97810639666e-09	-7.35299917698e-09	-1.60506716666e-08	-1.59841853455e-08	-2.75675849526e-08	-3.03449676249e-08	-4.61550857823e-08	-5.63013465345e-08	0.0	-6.42050466061e-08	1.6891494707e-08	-5.59659764449e-08	4.27812369904e-10	-7.45344539401e-08	-1.78713251621e-08	-1.01731664585e-07	-6.52870513278e-08	-1.72862236433e-07	165.588790011	166.06398685	166.539183688	167.014380526	167.489577365	167.964774203	168.439971042	168.91516788	169.390364719	169.865561557	-3.643512032	-3.60646573254	-3.56941943308	-3.53237313362	-3.49532683416	-3.4582805347	-3.42123423524	-3.38418793578	-3.34714163632	-3.31009533686	1.49299379044	1.49299379044	1.49299379044	1.49299379044	1.49299379044	1.49299379044	1.49299379044	1.49299379044	1.49299379044	1.49299379044	
5.66666666667	153.458992545	153.614402546	153.769812548	153.92522255	154.080632551	154.236042553	154.391452554	154.546862556	154.702272558	154.857682559	0.0	0.0	-9.97810639666e-09	-7.35299917698e-09	-1.60506716666e-08	-1.59841853455e-08	-2.75675849526e-08	-3.03449676249e-08	-4.61550857823e-08	-5.63013465345e-08	0.0	-6.42050466061e-08	1.6891494707e-08	-5.59659764449e-08	4.27812369904e-10	-7.45344539401e-08	-1.78713251621e-08	-1.01731664585e-07	-6.52870513278e-08	-1.72862236433e-07	165.588790011	166.06398685	166.539183688	167.014380526	167.489577365	167.964774203	168.439971042	168.91516788	169.390364719	169.865561557	-3.643512032	-3.60646573254	-3.56941943308	-3.53237313362	-3.49532683416	-3.4582805347	-3.42123423524	-3.38418793578	-3.34714163632	-3.31009533686	1.49299379044	1.49299379044	1.49299379044	1.49299379044	1.49299379044	1.49299379044	1.49299379044	1.49299379044	1.49299379044	1.49299379044	
5.68333333333	153.458992545	153.614402546	153.769812548	153.92522255	154.080632551	154.236042553	154.391452554	154.546862556	154.702272558	154.857682559	0.0	0.0	-9.97810639666e-09	-7.35299917698e-09	-1.60506716666e-08	-1.59841853455e-08	-2.75675849526e-08	-3.03449676249e-08	-4.61550857823e-08	-5.63013465345e-08	0.0	-6.42050466061e-08	1.6891494707e-08	-5.59659764449e-08	4.27812369904e-10	-7.45344539401e-08	-1.78713251621e-08	-1.01731664585e-07	-6.52870513278e-08	-1.72862236433e-07	165.588790011	166.06398685	166.539183688	167.014380526	167.489577365	167.964774203	168.439971042	168.91516788	169.390364719	169.865561557	-3.643512032	-3.60646573254	-3.56941943308	-3.53237313362	-3.49532683416	-3.4582805347	-3.42123423524	-3.38418793578	-3.34714163632	-3.31009533686	1.49299379044	1.49299379044	1.49299379044	1.49299379044	1.49299379044	1.49299379044	1.49299379044	1.49299379044	1.49299379044	1.49299379044	
5.7	153.458992545	153.614402546	153.769812548	153.92522255	154.080632551	154.236042553	154.391452554	154.546862556	154.702272558	154.857682559	0.0	0.0	-9.97810639666e-09	-7.35299917698e-09	-1.60506716666e-08	-1.59841853455e-08	-2.75675849526e-08	-3.03449676249e-08	-4.61550857823e-08	-5.63013465345e-08	0.0	-6.42050466061e-08	1.6891494707e-08	-5.59659764449e-08	4.27812369904e-10	-7.45344539401e-08	-1.78713251621e-08	-1.01731664585e-07	-6.52870513278e-08	-1.72862236433e-07	165.588790011	166.06398685	166.539183688	167.014380526	167.489577365	167.964774203	168.439971042	168.91516788	169.390364719	169.865561557	-3.643512032	-3.60646573254	-3.56941943308	-3.53237313362	-3.49532683416	-3.4582805347	-3.42123423524	-3.38418793578	-3.34714163632	-3.31009533686	1.49299379044	1.49299379044	1.49299379044	1.49299379044	1.49299379044	1.49299379044	1.49299379044	1.49299379044	1.49299379044	1.49299379044	
5.71666666667	153.458992545	153.614402546	153.769812548	153.92522255	154.080632551	154.236042553	154.391452554	154.546862556	154.702272558	154.857682559	0.0	0.0	-9.97810639666e-09	-7.35299917698e-09	-1.60506716666e-08	-1.59841853455e-08	-2.75675849526e-08	-3.03449676249e-08	-4.61550857823e-08	-5.63013465345e-08	0.0	-6.42050466061e-08	1.6891494707e-08	-5.59659764449e-08	4.27812369904e-10	-7.45344539401e-08	-1.78713251621e-08	-1.01731664585e-07	-6.52870513278e-08	-1.72862236433e-07	165.588790011	166.06398685	166.539183688	167.014380526	167.489577365	167.964774203	168.439971042	168.91516788	169.390364719	169.865561557	-3.643512032	-3.60646573254	-3.56941943308	-3.53237313362	-3.49532683416	-3.4582805347	-3.42123423524	-3.38418793578	-3.34714163632	-3.31009533686	1.49299379044	1.49299379044	1.49299379044	1.49299379044	1.49299379044	1.49299379044	1.49299379044	1.49299379044	1.49299379044	1.49299379044	
5.73333333333	153.458992545	153.614402546	153.769812548	153.92522255	154.080632551	154.236042553	154.391452554	154.546862556	154.702272558	154.857682559	0.0	0.0	-9.97810639666e-09	-7.35299917698e-09	-1.60506716666e-08	-1.59841853455e-08	-2.75675849526e-08	-3.03449676249e-08	-4.61550857823e-08	-5.63013465345e-08	0.0	-6.42050466061e-08	1.6891494707e-08	-5.59659764449e-08	4.27812369904e-10	-7.45344539401e-08	-1.78713251621e-08	-1.01731664585e-07	-6.52870513278e-08	-1.72862236433e-07	165.588790011	166.06398685	166.539183688	167.014380526	167.489577365	167.964774203	168.439971042	168.91516788	169.390364719	169.865561557	-3.643512032	-3.60646573254	-3.56941943308	-3.53237313362	-3.49532683416	-3.4582805347	-3.42123423524	-3.38418793578	-3.34714163632	-3.31009533686	1.49299379044	1.49299379044	1.49299379044	1.49299379044	1.49299379044	1.49299379044	1.49299379044	1.49299379044	1.49299379044	1.49299379044	
5.75	153.458992545	153.614402546	153.769812548	153.92522255	154.080632551	154.236042553	154.391452554	154.546862556	154.702272558	154.857682559	0.0	0.0	-9.97810639666e-09	-7.35299917698e-09	-1.60506716666e-08	-1.59841853455e-08	-2.75675849526e-08	-3.03449676249e-08	-4.61550857823e-08	-5.63013465345e-08	0.0	-6.42050466061e-08	1.6891494707e-08	-5.59659764449e-08	4.27812369904e-10	-7.45344539401e-08	-1.78713251621e-08	-1.01731664585e-07	-6.52870513278e-08	-1.72862236433e-07	165.588790011	166.06398685	166.539183688	167.014380526	167.489577365	167.964774203	168.439971042	168.91516788	169.390364719	169.865561557	-3.643512032	-3.60646573254	-3.56941943308	-3.53237313362	-3.49532683416	-3.4582805347	-3.42123423524	-3.38418793578	-3.34714163632	-3.31009533686	1.49299379044	1.49299379044	1.49299379044	1.49299379044	1.49299379044	1.49299379044	1.49299379044	1.49299379044	1.49299379044	1.49299379044	
5.76666666667	153.458992545	153.614402546	153.769812548	153.92522255	154.080632551	154.236042553	154.391452554	154.546862556	154.702272558	154.857682559	0.0	0.0	-9.97810639666e-09	-7.35299917698e-09	-1.60506716666e-08	-1.59841853455e-08	-2.75675849526e-08	-3.03449676249e-08	-4.61550857823e-08	-5.63013465345e-08	0.0	-6.42050466061e-08	1.6891494707e-08	-5.59659764449e-08	4.27812369904e-10	-7.45344539401e-08	-1.78713251621e-08	-1.01731664585e-07	-6.52870513278e-08	-1.72862236433e-07	165.588790011	166.06398685	166.539183688	167.014380526	167.489577365	167.964774203	168.439971042	168.91516788	169.390364719	169.865561557	-3.643512032	-3.60646573254	-3.56941943308	-3.53237313362	-3.49532683416	-3.4582805347	-3.42123423524	-3.38418793578	-3.34714163632	-3.31009533686	1.49299379044	1.49299379044	1.49299379044	1.49299379044	1.49299379044	1.49299379044	1.49299379044	1.49299379044	1.49299379044	1.49299379044	
5.78333333333	153.458992545	153.614402546	153.769812548	153.92522255	154.080632551	154.236042553	154.391452554	154.546862556	154.702272558	154.857682559	0.0	0.0	-9.97810639666e-09	-7.35299917698e-09	-1.60506716666e-08	-1.59841853455e-08	-2.75675849526e-08	-3.03449676249e-08	-4.61550857823e-08	-5.63013465345e-08	0.0	-6.42050466061e-08	1.6891494707e-08	-5.59659764449e-08	4.27812369904e-10	-7.45344539401e-08	-1.78713251621e-08	-1.01731664585e-07	-6.52870513278e-08	-1.72862236433e-07	165.588790011	166.06398685	166.539183688	167.014380526	167.489577365	167.964774203	168.439971042	168.91516788	169.390364719	169.865561557	-3.643512032	-3.60646573254	-3.56941943308	-3.53237313362	-3.49532683416	-3.4582805347	-3.42123423524	-3.38418793578	-3.34714163632	-3.31009533686	1.49299379044	1.49299379044	1.49299379044	1.49299379044	1.49299379044	1.49299379044	1.49299379044	1.49299379044	1.49299379044	1.49299379044	
5.8	153.458992545	153.614402546	153.769812548	153.92522255	154.080632551	154.236042553	154.391452554	154.546862556	154.702272558	154.857682559	0.0	0.0	-9.97810639666e-09	-7.35299917698e-09	-1.60506716666e-08	-1.59841853455e-08	-2.75675849526e-08	-3.03449676249e-08	-4.61550857823e-08	-5.63013465345e-08	0.0	-6.42050466061e-08	1.6891494707e-08	-5.59659764449e-08	4.27812369904e-10	-7.45344539401e-08	-1.78713251621e-08	-1.01731664585e-07	-6.52870513278e-08	-1.72862236433e-07	165.588790011	166.06398685	166.539183688	167.014380526	167.489577365	167.964774203	168.439971042	168.91516788	169.390364719	169.865561557	-3.643512032	-3.60646573254	-3.56941943308	-3.53237313362	-3.49532683416	-3.4582805347	-3.42123423524	-3.38418793578	-3.34714163632	-3.31009533686	1.49299379044	1.49299379044	1.49299379044	1.49299379044	1.49299379044	1.49299379044	1.49299379044	1.49299379044	1.49299379044	1.49299379044	
5.81666666667	153.458992545	153.614402546	153.769812548	153.92522255	154.080632551	154.236042553	154.391452554	154.546862556	154.702272558	154.857682559	0.0	0.0	-9.97810639666e-09	-7.35299917698e-09	-1.60506716666e-08	-1.59841853455e-08	-2.75675849526e-08	-3.03449676249e-08	-4.61550857823e-08	-5.63013465345e-08	0.0	-6.42050466061e-08	1.6891494707e-08	-5.59659764449e-08	4.27812369904e-10	-7.45344539401e-08	-1.78713251621e-08	-1.01731664585e-07	-6.52870513278e-08	-1.72862236433e-07	165.588790011	166.06398685	166.539183688	167.014380526	167.489577365	167.964774203	168.439971042	168.91516788	169.390364719	169.865561557	-3.643512032	-3.60646573254	-3.56941943308	-3.53237313362	-3.49532683416	-3.4582805347	-3.42123423524	-3.38418793578	-3.34714163632	-3.31009533686	1.49299379044	1.49299379044	1.49299379044	1.49299379044	1.49299379044	1.49299379044	1.49299379044	1.49299379044	1.49299379044	1.49299379044	
5.83333333333	153.458992545	153.614402546	153.769812548	153.92522255	154.080632551	154.236042553	154.391452554	154.546862556	154.702272558	154.857682559	0.0	0.0	-9.97810639666e-09	-7.35299917698e-09	-1.60506716666e-08	-1.59841853455e-08	-2.75675849526e-08	-3.03449676249e-08	-4.61550857823e-08	-5.63013465345e-08	0.0	-6.42050466061e-08	1.6891494707e-08	-5.59659764449e-08	4.27812369904e-10	-7.45344539401e-08	-1.78713251621e-08	-1.01731664585e-07	-6.52870513278e-08	-1.72862236433e-07	165.588790011	166.06398685	166.539183688	167.014380526	167.489577365	167.964774203	168.439971042	168.91516788	169.390364719	169.865561557	-3.643512032	-3.60646573254	-3.56941943308	-3.53237313362	-3.49532683416	-3.4582805347	-3.42123423524	-3.38418793578	-3.34714163632	-3.31009533686	1.49299379044	1.49299379044	1.49299379044	1.49299379044	1.49299379044	1.49299379044	1.49299379044	1.49299379044	1.49299379044	1.49299379044	
5.85	153.458992545	153.614402546	153.769812548	153.92522255	154.080632551	154.236042553	154.391452554	154.546862556	154.702272558	154.857682559	0.0	0.0	-9.97810639666e-09	-7.35299917698e-09	-1.60506716666e-08	-1.59841853455e-08	-2.75675849526e-08	-3.03449676249e-08	-4.61550857823e-08	-5.63013465345e-08	0.0	-6.42050466061e-08	1.6891494707e-08	-5.59659764449e-08	4.27812369904e-10	-7.45344539401e-08	-1.78713251621e-08	-1.01731664585e-07	-6.52870513278e-08	-1.72862236433e-07	165.588790011	166.06398685	166.539183688	167.014380526	167.489577365	167.964774203	168.439971042	168.91516788	169.390364719	169.865561557	-3.643512032	-3.60646573254	-3.56941943308	-3.53237313362	-3.49532683416	-3.4582805347	-3.42123423524	-3.38418793578	-3.34714163632	-3.31009533686	1.49299379044	1.49299379044	1.49299379044	1.49299379044	1.49299379044	1.49299379044	1.49299379044	1.49299379044	1.49299379044	1.49299379044	
5.86666666667	153.458992545	153.614402546	153.769812548	153.92522255	154.080632551	154.236042553	154.391452554	154.546862556	154.702272558	154.857682559	0.0	0.0	-9.97810639666e-09	-7.35299917698e-09	-1.60506716666e-08	-1.59841853455e-08	-2.75675849526e-08	-3.03449676249e-08	-4.61550857823e-08	-5.63013465345e-08	0.0	-6.42050466061e-08	1.6891494707e-08	-5.59659764449e-08	4.27812369904e-10	-7.45344539401e-08	-1.78713251621e-08	-1.01731664585e-07	-6.52870513278e-08	-1.72862236433e-07	165.588790011	166.06398685	166.539183688	167.014380526	167.489577365	167.964774203	168.439971042	168.91516788	169.390364719	169.865561557	-3.643512032	-3.60646573254	-3.56941943308	-3.53237313362	-3.49532683416	-3.4582805347	-3.42123423524	-3.38418793578	-3.34714163632	-3.31009533686	1.49299379044	1.49299379044	1.49299379044	1.49299379044	1.49299379044	1.49299379044	1.49299379044	1.49299379044	1.49299379044	1.49299379044	
5.88333333333	153.458992545	153.614402546	153.769812548	153.92522255	154.080632551	154.236042553	154.391452554	154.546862556	154.702272558	154.857682559	0.0	0.0	-9.97810639666e-09	-7.35299917698e-09	-1.60506716666e-08	-1.59841853455e-08	-2.75675849526e-08	-3.03449676249e-08	-4.61550857823e-08	-5.63013465345e-08	0.0	-6.42050466061e-08	1.6891494707e-08	-5.59659764449e-08	4.27812369904e-10	-7.45344539401e-08	-1.78713251621e-08	-1.01731664585e-07	-6.52870513278e-08	-1.72862236433e-07	165.588790011	166.06398685	166.539183688	167.014380526	167.489577365	167.964774203	168.439971042	168.91516788	169.390364719	169.865561557	-3.643512032	-3.60646573254	-3.56941943308	-3.53237313362	-3.49532683416	-3.4582805347	-3.42123423524	-3.38418793578	-3.34714163632	-3.31009533686	1.49299379044	1.49299379044	1.49299379044	1.49299379044	1.49299379044	1.49299379044	1.49299379044	1.49299379044	1.49299379044	1.49299379044	
5.9	153.458992545	153.614402546	153.769812548	153.92522255	154.080632551	154.236042553	154.391452554	154.546862556	154.702272558	154.857682559	0.0	0.0	-9.97810639666e-09	-7.35299917698e-09	-1.60506716666e-08	-1.59841853455e-08	-2.75675849526e-08	-3.03449676249e-08	-4.61550857823e-08	-5.63013465345e-08	0.0	-6.42050466061e-08	1.6891494707e-08	-5.59659764449e-08	4.27812369904e-10	-7.45344539401e-08	-1.78713251621e-08	-1.01731664585e-07	-6.52870513278e-08	-1.72862236433e-07	165.588790011	166.06398685	166.539183688	167.014380526	167.489577365	167.964774203	168.439971042	168.91516788	169.390364719	169.865561557	-3.643512032	-3.60646573254	-3.56941943308	-3.53237313362	-3.49532683416	-3.4582805347	-3.42123423524	-3.38418793578	-3.34714163632	-3.31009533686	1.49299379044	1.49299379044	1.49299379044	1.49299379044	1.49299379044	1.49299379044	1.49299379044	1.49299379044	1.49299379044	1.49299379044	
5.91666666667	153.458992545	153.614402546	153.769812548	153.92522255	154.080632551	154.236042553	154.391452554	154.546862556	154.702272558	154.857682559	0.0	0.0	-9.97810639666e-09	-7.35299917698e-09	-1.60506716666e-08	-1.59841853455e-08	-2.75675849526e-08	-3.03449676249e-08	-4.61550857823e-08	-5.63013465345e-08	0.0	-6.42050466061e-08	1.6891494707e-08	-5.59659764449e-08	4.27812369904e-10	-7.45344539401e-08	-1.78713251621e-08	-1.01731664585e-07	-6.52870513278e-08	-1.72862236433e-07	165.588790011	166.06398685	166.539183688	167.014380526	167.489577365	167.964774203	168.439971042	168.91516788	169.390364719	169.865561557	-3.643512032	-3.60646573254	-3.56941943308	-3.53237313362	-3.49532683416	-3.4582805347	-3.42123423524	-3.38418793578	-3.34714163632	-3.31009533686	1.49299379044	1.49299379044	1.49299379044	1.49299379044	1.49299379044	1.49299379044	1.49299379044	1.49299379044	1.49299379044	1.49299379044	
5.93333333333	153.458992545	153.614402546	153.769812548	153.92522255	154.080632551	154.236042553	154.391452554	154.546862556	154.702272558	154.857682559	0.0	0.0	-9.97810639666e-09	-7.35299917698e-09	-1.60506716666e-08	-1.59841853455e-08	-2.75675849526e-08	-3.03449676249e-08	-4.61550857823e-08	-5.63013465345e-08	0.0	-6.42050466061e-08	1.6891494707e-08	-5.59659764449e-08	4.27812369904e-10	-7.45344539401e-08	-1.78713251621e-08	-1.01731664585e-07	-6.52870513278e-08	-1.72862236433e-07	165.588790011	166.06398685	166.539183688	167.014380526	167.489577365	167.964774203	168.439971042	168.91516788	169.390364719	169.865561557	-3.643512032	-3.60646573254	-3.56941943308	-3.53237313362	-3.49532683416	-3.4582805347	-3.42123423524	-3.38418793578	-3.34714163632	-3.31009533686	1.49299379044	1.49299379044	1.49299379044	1.49299379044	1.49299379044	1.49299379044	1.49299379044	1.49299379044	1.49299379044	1.49299379044	
5.95	153.458992545	153.614402546	153.769812548	153.92522255	154.080632551	154.236042553	154.391452554	154.546862556	154.702272558	154.857682559	0.0	0.0	-9.97810639666e-09	-7.35299917698e-09	-1.60506716666e-08	-1.59841853455e-08	-2.75675849526e-08	-3.03449676249e-08	-4.61550857823e-08	-5.63013465345e-08	0.0	-6.42050466061e-08	1.6891494707e-08	-5.59659764449e-08	4.27812369904e-10	-7.45344539401e-08	-1.78713251621e-08	-1.01731664585e-07	-6.52870513278e-08	-1.72862236433e-07	165.588790011	166.06398685	166.539183688	167.014380526	167.489577365	167.964774203	168.439971042	168.91516788	169.390364719	169.865561557	-3.643512032	-3.60646573254	-3.56941943308	-3.53237313362	-3.49532683416	-3.4582805347	-3.42123423524	-3.38418793578	-3.34714163632	-3.31009533686	1.49299379044	1.49299379044	1.49299379044	1.49299379044	1.49299379044	1.49299379044	1.49299379044	1.49299379044	1.49299379044	1.49299379044	
5.96666666667	153.458992545	153.614402546	153.769812548	153.92522255	154.080632551	154.236042553	154.391452554	154.546862556	154.702272558	154.857682559	0.0	0.0	-9.97810639666e-09	-7.35299917698e-09	-1.60506716666e-08	-1.59841853455e-08	-2.75675849526e-08	-3.03449676249e-08	-4.61550857823e-08	-5.63013465345e-08	0.0	-6.42050466061e-08	1.6891494707e-08	-5.59659764449e-08	4.27812369904e-10	-7.45344539401e-08	-1.78713251621e-08	-1.01731664585e-07	-6.52870513278e-08	-1.72862236433e-07	165.588790011	166.06398685	166.539183688	167.014380526	167.489577365	167.964774203	168.439971042	168.91516788	169.390364719	169.865561557	-3.643512032	-3.60646573254	-3.56941943308	-3.53237313362	-3.49532683416	-3.4582805347	-3.42123423524	-3.38418793578	-3.34714163632	-3.31009533686	1.49299379044	1.49299379044	1.49299379044	1.49299379044	1.49299379044	1.49299379044	1.49299379044	1.49299379044	1.49299379044	1.49299379044	
5.98333333333	153.458992545	153.614402546	153.769812548	153.92522255	154.080632551	154.236042553	154.391452554	154.546862556	154.702272558	154.857682559	0.0	0.0	-9.97810639666e-09	-7.35299917698e-09	-1.60506716666e-08	-1.59841853455e-08	-2.75675849526e-08	-3.03449676249e-08	-4.61550857823e-08	-5.63013465345e-08	0.0	-6.42050466061e-08	1.6891494707e-08	-5.59659764449e-08	4.27812369904e-10	-7.45344539401e-08	-1.78713251621e-08	-1.01731664585e-07	-6.52870513278e-08	-1.72862236433e-07	165.588790011	166.06398685	166.539183688	167.014380526	167.489577365	167.964774203	168.439971042	168.91516788	169.390364719	169.865561557	-3.643512032	-3.60646573254	-3.56941943308	-3.53237313362	-3.49532683416	-3.4582805347	-3.42123423524	-3.38418793578	-3.34714163632	-3.31009533686	1.49299379044	1.49299379044	1.49299379044	1.49299379044	1.49299379044	1.49299379044	1.49299379044	1.49299379044	1.49299379044	1.49299379044	
6.0	153.458992545	153.614402546	153.769812548	153.92522255	154.080632551	154.236042553	154.391452554	154.546862556	154.702272558	154.857682559	0.0	0.0	-9.97810639666e-09	-7.35299917698e-09	-1.60506716666e-08	-1.59841853455e-08	-2.75675849526e-08	-3.03449676249e-08	-4.61550857823e-08	-5.63013465345e-08	0.0	-6.42050466061e-08	1.6891494707e-08	-5.59659764449e-08	4.27812369904e-10	-7.45344539401e-08	-1.78713251621e-08	-1.01731664585e-07	-6.52870513278e-08	-1.72862236433e-07	165.588790011	166.06398685	166.539183688	167.014380526	167.489577365	167.964774203	168.439971042	168.91516788	169.390364719	169.865561557	-3.643512032	-3.60646573254	-3.56941943308	-3.53237313362	-3.49532683416	-3.4582805347	-3.42123423524	-3.38418793578	-3.34714163632	-3.31009533686	1.49299379044	1.49299379044	1.49299379044	1.49299379044	1.49299379044	1.49299379044	1.49299379044	1.49299379044	1.49299379044	1.49299379044	
6.01666666667	153.458992545	153.614402546	153.769812548	153.92522255	154.080632551	154.236042553	154.391452554	154.546862556	154.702272558	154.857682559	0.0	0.0	-9.97810639666e-09	-7.35299917698e-09	-1.60506716666e-08	-1.59841853455e-08	-2.75675849526e-08	-3.03449676249e-08	-4.61550857823e-08	-5.63013465345e-08	0.0	-6.42050466061e-08	1.6891494707e-08	-5.59659764449e-08	4.27812369904e-10	-7.45344539401e-08	-1.78713251621e-08	-1.01731664585e-07	-6.52870513278e-08	-1.72862236433e-07	165.588790011	166.06398685	166.539183688	167.014380526	167.489577365	167.964774203	168.439971042	168.91516788	169.390364719	169.865561557	-3.643512032	-3.60646573254	-3.56941943308	-3.53237313362	-3.49532683416	-3.4582805347	-3.42123423524	-3.38418793578	-3.34714163632	-3.31009533686	1.49299379044	1.49299379044	1.49299379044	1.49299379044	1.49299379044	1.49299379044	1.49299379044	1.49299379044	1.49299379044	1.49299379044	
6.03333333333	153.458992545	153.614402546	153.769812548	153.92522255	154.080632551	154.236042553	154.391452554	154.546862556	154.702272558	154.857682559	0.0	0.0	-9.97810639666e-09	-7.35299917698e-09	-1.60506716666e-08	-1.59841853455e-08	-2.75675849526e-08	-3.03449676249e-08	-4.61550857823e-08	-5.63013465345e-08	0.0	-6.42050466061e-08	1.6891494707e-08	-5.59659764449e-08	4.27812369904e-10	-7.45344539401e-08	-1.78713251621e-08	-1.01731664585e-07	-6.52870513278e-08	-1.72862236433e-07	165.588790011	166.06398685	166.539183688	167.014380526	167.489577365	167.964774203	168.439971042	168.91516788	169.390364719	169.865561557	-3.643512032	-3.60646573254	-3.56941943308	-3.53237313362	-3.49532683416	-3.4582805347	-3.42123423524	-3.38418793578	-3.34714163632	-3.31009533686	1.49299379044	1.49299379044	1.49299379044	1.49299379044	1.49299379044	1.49299379044	1.49299379044	1.49299379044	1.49299379044	1.49299379044	
6.05	153.458992545	153.614402546	153.769812548	153.92522255	154.080632551	154.236042553	154.391452554	154.546862556	154.702272558	154.857682559	0.0	0.0	-9.97810639666e-09	-7.35299917698e-09	-1.60506716666e-08	-1.59841853455e-08	-2.75675849526e-08	-3.03449676249e-08	-4.61550857823e-08	-5.63013465345e-08	0.0	-6.42050466061e-08	1.6891494707e-08	-5.59659764449e-08	4.27812369904e-10	-7.45344539401e-08	-1.78713251621e-08	-1.01731664585e-07	-6.52870513278e-08	-1.72862236433e-07	165.588790011	166.06398685	166.539183688	167.014380526	167.489577365	167.964774203	168.439971042	168.91516788	169.390364719	169.865561557	-3.643512032	-3.60646573254	-3.56941943308	-3.53237313362	-3.49532683416	-3.4582805347	-3.42123423524	-3.38418793578	-3.34714163632	-3.31009533686	1.49299379044	1.49299379044	1.49299379044	1.49299379044	1.49299379044	1.49299379044	1.49299379044	1.49299379044	1.49299379044	1.49299379044	
6.06666666667	153.458992545	153.614402546	153.769812548	153.92522255	154.080632551	154.236042553	154.391452554	154.546862556	154.702272558	154.857682559	0.0	0.0	-9.97810639666e-09	-7.35299917698e-09	-1.60506716666e-08	-1.59841853455e-08	-2.75675849526e-08	-3.03449676249e-08	-4.61550857823e-08	-5.63013465345e-08	0.0	-6.42050466061e-08	1.6891494707e-08	-5.59659764449e-08	4.27812369904e-10	-7.45344539401e-08	-1.78713251621e-08	-1.01731664585e-07	-6.52870513278e-08	-1.72862236433e-07	165.588790011	166.06398685	166.539183688	167.014380526	167.489577365	167.964774203	168.439971042	168.91516788	169.390364719	169.865561557	-3.643512032	-3.60646573254	-3.56941943308	-3.53237313362	-3.49532683416	-3.4582805347	-3.42123423524	-3.38418793578	-3.34714163632	-3.31009533686	1.49299379044	1.49299379044	1.49299379044	1.49299379044	1.49299379044	1.49299379044	1.49299379044	1.49299379044	1.49299379044	1.49299379044	
6.08333333333	153.458992545	153.614402546	153.769812548	153.92522255	154.080632551	154.236042553	154.391452554	154.546862556	154.702272558	154.857682559	0.0	0.0	-9.97810639666e-09	-7.35299917698e-09	-1.60506716666e-08	-1.59841853455e-08	-2.75675849526e-08	-3.03449676249e-08	-4.61550857823e-08	-5.63013465345e-08	0.0	-6.42050466061e-08	1.6891494707e-08	-5.59659764449e-08	4.27812369904e-10	-7.45344539401e-08	-1.78713251621e-08	-1.01731664585e-07	-6.52870513278e-08	-1.72862236433e-07	165.588790011	166.06398685	166.539183688	167.014380526	167.489577365	167.964774203	168.439971042	168.91516788	169.390364719	169.865561557	-3.643512032	-3.60646573254	-3.56941943308	-3.53237313362	-3.49532683416	-3.4582805347	-3.42123423524	-3.38418793578	-3.34714163632	-3.31009533686	1.49299379044	1.49299379044	1.49299379044	1.49299379044	1.49299379044	1.49299379044	1.49299379044	1.49299379044	1.49299379044	1.49299379044	
6.1	153.458992545	153.614402546	153.769812548	153.92522255	154.080632551	154.236042553	154.391452554	154.546862556	154.702272558	154.857682559	0.0	0.0	-9.97810639666e-09	-7.35299917698e-09	-1.60506716666e-08	-1.59841853455e-08	-2.75675849526e-08	-3.03449676249e-08	-4.61550857823e-08	-5.63013465345e-08	0.0	-6.42050466061e-08	1.6891494707e-08	-5.59659764449e-08	4.27812369904e-10	-7.45344539401e-08	-1.78713251621e-08	-1.01731664585e-07	-6.52870513278e-08	-1.72862236433e-07	165.588790011	166.06398685	166.539183688	167.014380526	167.489577365	167.964774203	168.439971042	168.91516788	169.390364719	169.865561557	-3.643512032	-3.60646573254	-3.56941943308	-3.53237313362	-3.49532683416	-3.4582805347	-3.42123423524	-3.38418793578	-3.34714163632	-3.31009533686	1.49299379044	1.49299379044	1.49299379044	1.49299379044	1.49299379044	1.49299379044	1.49299379044	1.49299379044	1.49299379044	1.49299379044	
6.11666666667	153.458992545	153.614402546	153.769812548	153.92522255	154.080632551	154.236042553	154.391452554	154.546862556	154.702272558	154.857682559	0.0	0.0	-9.97810639666e-09	-7.35299917698e-09	-1.60506716666e-08	-1.59841853455e-08	-2.75675849526e-08	-3.03449676249e-08	-4.61550857823e-08	-5.63013465345e-08	0.0	-6.42050466061e-08	1.6891494707e-08	-5.59659764449e-08	4.27812369904e-10	-7.45344539401e-08	-1.78713251621e-08	-1.01731664585e-07	-6.52870513278e-08	-1.72862236433e-07	165.588790011	166.06398685	166.539183688	167.014380526	167.489577365	167.964774203	168.439971042	168.91516788	169.390364719	169.865561557	-3.643512032	-3.60646573254	-3.56941943308	-3.53237313362	-3.49532683416	-3.4582805347	-3.42123423524	-3.38418793578	-3.34714163632	-3.31009533686	1.49299379044	1.49299379044	1.49299379044	1.49299379044	1.49299379044	1.49299379044	1.49299379044	1.49299379044	1.49299379044	1.49299379044	
6.13333333333	153.458992545	153.614402546	153.769812548	153.92522255	154.080632551	154.236042553	154.391452554	154.546862556	154.702272558	154.857682559	0.0	0.0	-9.97810639666e-09	-7.35299917698e-09	-1.60506716666e-08	-1.59841853455e-08	-2.75675849526e-08	-3.03449676249e-08	-4.61550857823e-08	-5.63013465345e-08	0.0	-6.42050466061e-08	1.6891494707e-08	-5.59659764449e-08	4.27812369904e-10	-7.45344539401e-08	-1.78713251621e-08	-1.01731664585e-07	-6.52870513278e-08	-1.72862236433e-07	165.588790011	166.06398685	166.539183688	167.014380526	167.489577365	167.964774203	168.439971042	168.91516788	169.390364719	169.865561557	-3.643512032	-3.60646573254	-3.56941943308	-3.53237313362	-3.49532683416	-3.4582805347	-3.42123423524	-3.38418793578	-3.34714163632	-3.31009533686	1.49299379044	1.49299379044	1.49299379044	1.49299379044	1.49299379044	1.49299379044	1.49299379044	1.49299379044	1.49299379044	1.49299379044	
6.15	153.458992545	153.614402546	153.769812548	153.92522255	154.080632551	154.236042553	154.391452554	154.546862556	154.702272558	154.857682559	0.0	0.0	-9.97810639666e-09	-7.35299917698e-09	-1.60506716666e-08	-1.59841853455e-08	-2.75675849526e-08	-3.03449676249e-08	-4.61550857823e-08	-5.63013465345e-08	0.0	-6.42050466061e-08	1.6891494707e-08	-5.59659764449e-08	4.27812369904e-10	-7.45344539401e-08	-1.78713251621e-08	-1.01731664585e-07	-6.52870513278e-08	-1.72862236433e-07	165.588790011	166.06398685	166.539183688	167.014380526	167.489577365	167.964774203	168.439971042	168.91516788	169.390364719	169.865561557	-3.643512032	-3.60646573254	-3.56941943308	-3.53237313362	-3.49532683416	-3.4582805347	-3.42123423524	-3.38418793578	-3.34714163632	-3.31009533686	1.49299379044	1.49299379044	1.49299379044	1.49299379044	1.49299379044	1.49299379044	1.49299379044	1.49299379044	1.49299379044	1.49299379044	
6.16666666667	153.458992545	153.614402546	153.769812548	153.92522255	154.080632551	154.236042553	154.391452554	154.546862556	154.702272558	154.857682559	0.0	0.0	-9.97810639666e-09	-7.35299917698e-09	-1.60506716666e-08	-1.59841853455e-08	-2.75675849526e-08	-3.03449676249e-08	-4.61550857823e-08	-5.63013465345e-08	0.0	-6.42050466061e-08	1.6891494707e-08	-5.59659764449e-08	4.27812369904e-10	-7.45344539401e-08	-1.78713251621e-08	-1.01731664585e-07	-6.52870513278e-08	-1.72862236433e-07	165.588790011	166.06398685	166.539183688	167.014380526	167.489577365	167.964774203	168.439971042	168.91516788	169.390364719	169.865561557	-3.643512032	-3.60646573254	-3.56941943308	-3.53237313362	-3.49532683416	-3.4582805347	-3.42123423524	-3.38418793578	-3.34714163632	-3.31009533686	1.49299379044	1.49299379044	1.49299379044	1.49299379044	1.49299379044	1.49299379044	1.49299379044	1.49299379044	1.49299379044	1.49299379044	
6.18333333333	153.458992545	153.614402546	153.769812548	153.92522255	154.080632551	154.236042553	154.391452554	154.546862556	154.702272558	154.857682559	0.0	0.0	-9.97810639666e-09	-7.35299917698e-09	-1.60506716666e-08	-1.59841853455e-08	-2.75675849526e-08	-3.03449676249e-08	-4.61550857823e-08	-5.63013465345e-08	0.0	-6.42050466061e-08	1.6891494707e-08	-5.59659764449e-08	4.27812369904e-10	-7.45344539401e-08	-1.78713251621e-08	-1.01731664585e-07	-6.52870513278e-08	-1.72862236433e-07	165.588790011	166.06398685	166.539183688	167.014380526	167.489577365	167.964774203	168.439971042	168.91516788	169.390364719	169.865561557	-3.643512032	-3.60646573254	-3.56941943308	-3.53237313362	-3.49532683416	-3.4582805347	-3.42123423524	-3.38418793578	-3.34714163632	-3.31009533686	1.49299379044	1.49299379044	1.49299379044	1.49299379044	1.49299379044	1.49299379044	1.49299379044	1.49299379044	1.49299379044	1.49299379044	
6.2	153.458992545	153.614402546	153.769812548	153.92522255	154.080632551	154.236042553	154.391452554	154.546862556	154.702272558	154.857682559	0.0	0.0	-9.97810639666e-09	-7.35299917698e-09	-1.60506716666e-08	-1.59841853455e-08	-2.75675849526e-08	-3.03449676249e-08	-4.61550857823e-08	-5.63013465345e-08	0.0	-6.42050466061e-08	1.6891494707e-08	-5.59659764449e-08	4.27812369904e-10	-7.45344539401e-08	-1.78713251621e-08	-1.01731664585e-07	-6.52870513278e-08	-1.72862236433e-07	165.588790011	166.06398685	166.539183688	167.014380526	167.489577365	167.964774203	168.439971042	168.91516788	169.390364719	169.865561557	-3.643512032	-3.60646573254	-3.56941943308	-3.53237313362	-3.49532683416	-3.4582805347	-3.42123423524	-3.38418793578	-3.34714163632	-3.31009533686	1.49299379044	1.49299379044	1.49299379044	1.49299379044	1.49299379044	1.49299379044	1.49299379044	1.49299379044	1.49299379044	1.49299379044	
6.21666666667	153.458992545	153.614402546	153.769812548	153.92522255	154.080632551	154.236042553	154.391452554	154.546862556	154.702272558	154.857682559	0.0	0.0	-9.97810639666e-09	-7.35299917698e-09	-1.60506716666e-08	-1.59841853455e-08	-2.75675849526e-08	-3.03449676249e-08	-4.61550857823e-08	-5.63013465345e-08	0.0	-6.42050466061e-08	1.6891494707e-08	-5.59659764449e-08	4.27812369904e-10	-7.45344539401e-08	-1.78713251621e-08	-1.01731664585e-07	-6.52870513278e-08	-1.72862236433e-07	165.588790011	166.06398685	166.539183688	167.014380526	167.489577365	167.964774203	168.439971042	168.91516788	169.390364719	169.865561557	-3.643512032	-3.60646573254	-3.56941943308	-3.53237313362	-3.49532683416	-3.4582805347	-3.42123423524	-3.38418793578	-3.34714163632	-3.31009533686	1.49299379044	1.49299379044	1.49299379044	1.49299379044	1.49299379044	1.49299379044	1.49299379044	1.49299379044	1.49299379044	1.49299379044	
6.23333333333	153.458992545	153.614402546	153.769812548	153.92522255	154.080632551	154.236042553	154.391452554	154.546862556	154.702272558	154.857682559	0.0	0.0	-9.97810639666e-09	-7.35299917698e-09	-1.60506716666e-08	-1.59841853455e-08	-2.75675849526e-08	-3.03449676249e-08	-4.61550857823e-08	-5.63013465345e-08	0.0	-6.42050466061e-08	1.6891494707e-08	-5.59659764449e-08	4.27812369904e-10	-7.45344539401e-08	-1.78713251621e-08	-1.01731664585e-07	-6.52870513278e-08	-1.72862236433e-07	165.588790011	166.06398685	166.539183688	167.014380526	167.489577365	167.964774203	168.439971042	168.91516788	169.390364719	169.865561557	-3.643512032	-3.60646573254	-3.56941943308	-3.53237313362	-3.49532683416	-3.4582805347	-3.42123423524	-3.38418793578	-3.34714163632	-3.31009533686	1.49299379044	1.49299379044	1.49299379044	1.49299379044	1.49299379044	1.49299379044	1.49299379044	1.49299379044	1.49299379044	1.49299379044	
6.25	153.458992545	153.614402546	153.769812548	153.92522255	154.080632551	154.236042553	154.391452554	154.546862556	154.702272558	154.857682559	0.0	0.0	-9.97810639666e-09	-7.35299917698e-09	-1.60506716666e-08	-1.59841853455e-08	-2.75675849526e-08	-3.03449676249e-08	-4.61550857823e-08	-5.63013465345e-08	0.0	-6.42050466061e-08	1.6891494707e-08	-5.59659764449e-08	4.27812369904e-10	-7.45344539401e-08	-1.78713251621e-08	-1.01731664585e-07	-6.52870513278e-08	-1.72862236433e-07	165.588790011	166.06398685	166.539183688	167.014380526	167.489577365	167.964774203	168.439971042	168.91516788	169.390364719	169.865561557	-3.643512032	-3.60646573254	-3.56941943308	-3.53237313362	-3.49532683416	-3.4582805347	-3.42123423524	-3.38418793578	-3.34714163632	-3.31009533686	1.49299379044	1.49299379044	1.49299379044	1.49299379044	1.49299379044	1.49299379044	1.49299379044	1.49299379044	1.49299379044	1.49299379044	
6.26666666667	153.458992545	153.614402546	153.769812548	153.92522255	154.080632551	154.236042553	154.391452554	154.546862556	154.702272558	154.857682559	0.0	0.0	-9.97810639666e-09	-7.35299917698e-09	-1.60506716666e-08	-1.59841853455e-08	-2.75675849526e-08	-3.03449676249e-08	-4.61550857823e-08	-5.63013465345e-08	0.0	-6.42050466061e-08	1.6891494707e-08	-5.59659764449e-08	4.27812369904e-10	-7.45344539401e-08	-1.78713251621e-08	-1.01731664585e-07	-6.52870513278e-08	-1.72862236433e-07	165.588790011	166.06398685	166.539183688	167.014380526	167.489577365	167.964774203	168.439971042	168.91516788	169.390364719	169.865561557	-3.643512032	-3.60646573254	-3.56941943308	-3.53237313362	-3.49532683416	-3.4582805347	-3.42123423524	-3.38418793578	-3.34714163632	-3.31009533686	1.49299379044	1.49299379044	1.49299379044	1.49299379044	1.49299379044	1.49299379044	1.49299379044	1.49299379044	1.49299379044	1.49299379044	
6.28333333333	153.458992545	153.614402546	153.769812548	153.92522255	154.080632551	154.236042553	154.391452554	154.546862556	154.702272558	154.857682559	0.0	0.0	-9.97810639666e-09	-7.35299917698e-09	-1.60506716666e-08	-1.59841853455e-08	-2.75675849526e-08	-3.03449676249e-08	-4.61550857823e-08	-5.63013465345e-08	0.0	-6.42050466061e-08	1.6891494707e-08	-5.59659764449e-08	4.27812369904e-10	-7.45344539401e-08	-1.78713251621e-08	-1.01731664585e-07	-6.52870513278e-08	-1.72862236433e-07	165.588790011	166.06398685	166.539183688	167.014380526	167.489577365	167.964774203	168.439971042	168.91516788	169.390364719	169.865561557	-3.643512032	-3.60646573254	-3.56941943308	-3.53237313362	-3.49532683416	-3.4582805347	-3.42123423524	-3.38418793578	-3.34714163632	-3.31009533686	1.49299379044	1.49299379044	1.49299379044	1.49299379044	1.49299379044	1.49299379044	1.49299379044	1.49299379044	1.49299379044	1.49299379044	
6.3	153.458992545	153.614402546	153.769812548	153.92522255	154.080632551	154.236042553	154.391452554	154.546862556	154.702272558	154.857682559	0.0	0.0	-9.97810639666e-09	-7.35299917698e-09	-1.60506716666e-08	-1.59841853455e-08	-2.75675849526e-08	-3.03449676249e-08	-4.61550857823e-08	-5.63013465345e-08	0.0	-6.42050466061e-08	1.6891494707e-08	-5.59659764449e-08	4.27812369904e-10	-7.45344539401e-08	-1.78713251621e-08	-1.01731664585e-07	-6.52870513278e-08	-1.72862236433e-07	165.588790011	166.06398685	166.539183688	167.014380526	167.489577365	167.964774203	168.439971042	168.91516788	169.390364719	169.865561557	-3.643512032	-3.60646573254	-3.56941943308	-3.53237313362	-3.49532683416	-3.4582805347	-3.42123423524	-3.38418793578	-3.34714163632	-3.31009533686	1.49299379044	1.49299379044	1.49299379044	1.49299379044	1.49299379044	1.49299379044	1.49299379044	1.49299379044	1.49299379044	1.49299379044	
6.31666666667	153.458992545	153.614402546	153.769812548	153.92522255	154.080632551	154.236042553	154.391452554	154.546862556	154.702272558	154.857682559	0.0	0.0	-9.97810639666e-09	-7.35299917698e-09	-1.60506716666e-08	-1.59841853455e-08	-2.75675849526e-08	-3.03449676249e-08	-4.61550857823e-08	-5.63013465345e-08	0.0	-6.42050466061e-08	1.6891494707e-08	-5.59659764449e-08	4.27812369904e-10	-7.45344539401e-08	-1.78713251621e-08	-1.01731664585e-07	-6.52870513278e-08	-1.72862236433e-07	165.588790011	166.06398685	166.539183688	167.014380526	167.489577365	167.964774203	168.439971042	168.91516788	169.390364719	169.865561557	-3.643512032	-3.60646573254	-3.56941943308	-3.53237313362	-3.49532683416	-3.4582805347	-3.42123423524	-3.38418793578	-3.34714163632	-3.31009533686	1.49299379044	1.49299379044	1.49299379044	1.49299379044	1.49299379044	1.49299379044	1.49299379044	1.49299379044	1.49299379044	1.49299379044	
6.33333333333	153.458992545	153.614402546	153.769812548	153.92522255	154.080632551	154.236042553	154.391452554	154.546862556	154.702272558	154.857682559	0.0	0.0	-9.97810639666e-09	-7.35299917698e-09	-1.60506716666e-08	-1.59841853455e-08	-2.75675849526e-08	-3.03449676249e-08	-4.61550857823e-08	-5.63013465345e-08	0.0	-6.42050466061e-08	1.6891494707e-08	-5.59659764449e-08	4.27812369904e-10	-7.45344539401e-08	-1.78713251621e-08	-1.01731664585e-07	-6.52870513278e-08	-1.72862236433e-07	165.588790011	166.06398685	166.539183688	167.014380526	167.489577365	167.964774203	168.439971042	168.91516788	169.390364719	169.865561557	-3.643512032	-3.60646573254	-3.56941943308	-3.53237313362	-3.49532683416	-3.4582805347	-3.42123423524	-3.38418793578	-3.34714163632	-3.31009533686	1.49299379044	1.49299379044	1.49299379044	1.49299379044	1.49299379044	1.49299379044	1.49299379044	1.49299379044	1.49299379044	1.49299379044	
6.35	153.458992545	153.614402546	153.769812548	153.92522255	154.080632551	154.236042553	154.391452554	154.546862556	154.702272558	154.857682559	0.0	0.0	-9.97810639666e-09	-7.35299917698e-09	-1.60506716666e-08	-1.59841853455e-08	-2.75675849526e-08	-3.03449676249e-08	-4.61550857823e-08	-5.63013465345e-08	0.0	-6.42050466061e-08	1.6891494707e-08	-5.59659764449e-08	4.27812369904e-10	-7.45344539401e-08	-1.78713251621e-08	-1.01731664585e-07	-6.52870513278e-08	-1.72862236433e-07	165.588790011	166.06398685	166.539183688	167.014380526	167.489577365	167.964774203	168.439971042	168.91516788	169.390364719	169.865561557	-3.643512032	-3.60646573254	-3.56941943308	-3.53237313362	-3.49532683416	-3.4582805347	-3.42123423524	-3.38418793578	-3.34714163632	-3.31009533686	1.49299379044	1.49299379044	1.49299379044	1.49299379044	1.49299379044	1.49299379044	1.49299379044	1.49299379044	1.49299379044	1.49299379044	
6.36666666667	153.458992545	153.614402546	153.769812548	153.92522255	154.080632551	154.236042553	154.391452554	154.546862556	154.702272558	154.857682559	0.0	0.0	-9.97810639666e-09	-7.35299917698e-09	-1.60506716666e-08	-1.59841853455e-08	-2.75675849526e-08	-3.03449676249e-08	-4.61550857823e-08	-5.63013465345e-08	0.0	-6.42050466061e-08	1.6891494707e-08	-5.59659764449e-08	4.27812369904e-10	-7.45344539401e-08	-1.78713251621e-08	-1.01731664585e-07	-6.52870513278e-08	-1.72862236433e-07	165.588790011	166.06398685	166.539183688	167.014380526	167.489577365	167.964774203	168.439971042	168.91516788	169.390364719	169.865561557	-3.643512032	-3.60646573254	-3.56941943308	-3.53237313362	-3.49532683416	-3.4582805347	-3.42123423524	-3.38418793578	-3.34714163632	-3.31009533686	1.49299379044	1.49299379044	1.49299379044	1.49299379044	1.49299379044	1.49299379044	1.49299379044	1.49299379044	1.49299379044	1.49299379044	
6.38333333333	153.458992545	153.614402546	153.769812548	153.92522255	154.080632551	154.236042553	154.391452554	154.546862556	154.702272558	154.857682559	0.0	0.0	-9.97810639666e-09	-7.35299917698e-09	-1.60506716666e-08	-1.59841853455e-08	-2.75675849526e-08	-3.03449676249e-08	-4.61550857823e-08	-5.63013465345e-08	0.0	-6.42050466061e-08	1.6891494707e-08	-5.59659764449e-08	4.27812369904e-10	-7.45344539401e-08	-1.78713251621e-08	-1.01731664585e-07	-6.52870513278e-08	-1.72862236433e-07	165.588790011	166.06398685	166.539183688	167.014380526	167.489577365	167.964774203	168.439971042	168.91516788	169.390364719	169.865561557	-3.643512032	-3.60646573254	-3.56941943308	-3.53237313362	-3.49532683416	-3.4582805347	-3.42123423524	-3.38418793578	-3.34714163632	-3.31009533686	1.49299379044	1.49299379044	1.49299379044	1.49299379044	1.49299379044	1.49299379044	1.49299379044	1.49299379044	1.49299379044	1.49299379044	
6.4	153.458992545	153.614402546	153.769812548	153.92522255	154.080632551	154.236042553	154.391452554	154.546862556	154.702272558	154.857682559	0.0	0.0	-9.97810639666e-09	-7.35299917698e-09	-1.60506716666e-08	-1.59841853455e-08	-2.75675849526e-08	-3.03449676249e-08	-4.61550857823e-08	-5.63013465345e-08	0.0	-6.42050466061e-08	1.6891494707e-08	-5.59659764449e-08	4.27812369904e-10	-7.45344539401e-08	-1.78713251621e-08	-1.01731664585e-07	-6.52870513278e-08	-1.72862236433e-07	165.588790011	166.06398685	166.539183688	167.014380526	167.489577365	167.964774203	168.439971042	168.91516788	169.390364719	169.865561557	-3.643512032	-3.60646573254	-3.56941943308	-3.53237313362	-3.49532683416	-3.4582805347	-3.42123423524	-3.38418793578	-3.34714163632	-3.31009533686	1.49299379044	1.49299379044	1.49299379044	1.49299379044	1.49299379044	1.49299379044	1.49299379044	1.49299379044	1.49299379044	1.49299379044	
6.41666666667	153.458992545	153.614402546	153.769812548	153.92522255	154.080632551	154.236042553	154.391452554	154.546862556	154.702272558	154.857682559	0.0	0.0	-9.97810639666e-09	-7.35299917698e-09	-1.60506716666e-08	-1.59841853455e-08	-2.75675849526e-08	-3.03449676249e-08	-4.61550857823e-08	-5.63013465345e-08	0.0	-6.42050466061e-08	1.6891494707e-08	-5.59659764449e-08	4.27812369904e-10	-7.45344539401e-08	-1.78713251621e-08	-1.01731664585e-07	-6.52870513278e-08	-1.72862236433e-07	165.588790011	166.06398685	166.539183688	167.014380526	167.489577365	167.964774203	168.439971042	168.91516788	169.390364719	169.865561557	-3.643512032	-3.60646573254	-3.56941943308	-3.53237313362	-3.49532683416	-3.4582805347	-3.42123423524	-3.38418793578	-3.34714163632	-3.31009533686	1.49299379044	1.49299379044	1.49299379044	1.49299379044	1.49299379044	1.49299379044	1.49299379044	1.49299379044	1.49299379044	1.49299379044	
6.43333333333	153.458992545	153.614402546	153.769812548	153.92522255	154.080632551	154.236042553	154.391452554	154.546862556	154.702272558	154.857682559	0.0	0.0	-9.97810639666e-09	-7.35299917698e-09	-1.60506716666e-08	-1.59841853455e-08	-2.75675849526e-08	-3.03449676249e-08	-4.61550857823e-08	-5.63013465345e-08	0.0	-6.42050466061e-08	1.6891494707e-08	-5.59659764449e-08	4.27812369904e-10	-7.45344539401e-08	-1.78713251621e-08	-1.01731664585e-07	-6.52870513278e-08	-1.72862236433e-07	165.588790011	166.06398685	166.539183688	167.014380526	167.489577365	167.964774203	168.439971042	168.91516788	169.390364719	169.865561557	-3.643512032	-3.60646573254	-3.56941943308	-3.53237313362	-3.49532683416	-3.4582805347	-3.42123423524	-3.38418793578	-3.34714163632	-3.31009533686	1.49299379044	1.49299379044	1.49299379044	1.49299379044	1.49299379044	1.49299379044	1.49299379044	1.49299379044	1.49299379044	1.49299379044	
6.45	153.458992545	153.614402546	153.769812548	153.92522255	154.080632551	154.236042553	154.391452554	154.546862556	154.702272558	154.857682559	0.0	0.0	-9.97810639666e-09	-7.35299917698e-09	-1.60506716666e-08	-1.59841853455e-08	-2.75675849526e-08	-3.03449676249e-08	-4.61550857823e-08	-5.63013465345e-08	0.0	-6.42050466061e-08	1.6891494707e-08	-5.59659764449e-08	4.27812369904e-10	-7.45344539401e-08	-1.78713251621e-08	-1.01731664585e-07	-6.52870513278e-08	-1.72862236433e-07	165.588790011	166.06398685	166.539183688	167.014380526	167.489577365	167.964774203	168.439971042	168.91516788	169.390364719	169.865561557	-3.643512032	-3.60646573254	-3.56941943308	-3.53237313362	-3.49532683416	-3.4582805347	-3.42123423524	-3.38418793578	-3.34714163632	-3.31009533686	1.49299379044	1.49299379044	1.49299379044	1.49299379044	1.49299379044	1.49299379044	1.49299379044	1.49299379044	1.49299379044	1.49299379044	
6.46666666667	153.458992545	153.614402546	153.769812548	153.92522255	154.080632551	154.236042553	154.391452554	154.546862556	154.702272558	154.857682559	0.0	0.0	-9.97810639666e-09	-7.35299917698e-09	-1.60506716666e-08	-1.59841853455e-08	-2.75675849526e-08	-3.03449676249e-08	-4.61550857823e-08	-5.63013465345e-08	0.0	-6.42050466061e-08	1.6891494707e-08	-5.59659764449e-08	4.27812369904e-10	-7.45344539401e-08	-1.78713251621e-08	-1.01731664585e-07	-6.52870513278e-08	-1.72862236433e-07	165.588790011	166.06398685	166.539183688	167.014380526	167.489577365	167.964774203	168.439971042	168.91516788	169.390364719	169.865561557	-3.643512032	-3.60646573254	-3.56941943308	-3.53237313362	-3.49532683416	-3.4582805347	-3.42123423524	-3.38418793578	-3.34714163632	-3.31009533686	1.49299379044	1.49299379044	1.49299379044	1.49299379044	1.49299379044	1.49299379044	1.49299379044	1.49299379044	1.49299379044	1.49299379044	
6.48333333333	153.458992545	153.614402546	153.769812548	153.92522255	154.080632551	154.236042553	154.391452554	154.546862556	154.702272558	154.857682559	0.0	0.0	-9.97810639666e-09	-7.35299917698e-09	-1.60506716666e-08	-1.59841853455e-08	-2.75675849526e-08	-3.03449676249e-08	-4.61550857823e-08	-5.63013465345e-08	0.0	-6.42050466061e-08	1.6891494707e-08	-5.59659764449e-08	4.27812369904e-10	-7.45344539401e-08	-1.78713251621e-08	-1.01731664585e-07	-6.52870513278e-08	-1.72862236433e-07	165.588790011	166.06398685	166.539183688	167.014380526	167.489577365	167.964774203	168.439971042	168.91516788	169.390364719	169.865561557	-3.643512032	-3.60646573254	-3.56941943308	-3.53237313362	-3.49532683416	-3.4582805347	-3.42123423524	-3.38418793578	-3.34714163632	-3.31009533686	1.49299379044	1.49299379044	1.49299379044	1.49299379044	1.49299379044	1.49299379044	1.49299379044	1.49299379044	1.49299379044	1.49299379044	
6.5	153.458992545	153.614402546	153.769812548	153.92522255	154.080632551	154.236042553	154.391452554	154.546862556	154.702272558	154.857682559	0.0	0.0	-9.97810639666e-09	-7.35299917698e-09	-1.60506716666e-08	-1.59841853455e-08	-2.75675849526e-08	-3.03449676249e-08	-4.61550857823e-08	-5.63013465345e-08	0.0	-6.42050466061e-08	1.6891494707e-08	-5.59659764449e-08	4.27812369904e-10	-7.45344539401e-08	-1.78713251621e-08	-1.01731664585e-07	-6.52870513278e-08	-1.72862236433e-07	165.588790011	166.06398685	166.539183688	167.014380526	167.489577365	167.964774203	168.439971042	168.91516788	169.390364719	169.865561557	-3.643512032	-3.60646573254	-3.56941943308	-3.53237313362	-3.49532683416	-3.4582805347	-3.42123423524	-3.38418793578	-3.34714163632	-3.31009533686	1.49299379044	1.49299379044	1.49299379044	1.49299379044	1.49299379044	1.49299379044	1.49299379044	1.49299379044	1.49299379044	1.49299379044	
6.51666666667	153.458992545	153.614402546	153.769812548	153.92522255	154.080632551	154.236042553	154.391452554	154.546862556	154.702272558	154.857682559	0.0	0.0	-9.97810639666e-09	-7.35299917698e-09	-1.60506716666e-08	-1.59841853455e-08	-2.75675849526e-08	-3.03449676249e-08	-4.61550857823e-08	-5.63013465345e-08	0.0	-6.42050466061e-08	1.6891494707e-08	-5.59659764449e-08	4.27812369904e-10	-7.45344539401e-08	-1.78713251621e-08	-1.01731664585e-07	-6.52870513278e-08	-1.72862236433e-07	165.588790011	166.06398685	166.539183688	167.014380526	167.489577365	167.964774203	168.439971042	168.91516788	169.390364719	169.865561557	-3.643512032	-3.60646573254	-3.56941943308	-3.53237313362	-3.49532683416	-3.4582805347	-3.42123423524	-3.38418793578	-3.34714163632	-3.31009533686	1.49299379044	1.49299379044	1.49299379044	1.49299379044	1.49299379044	1.49299379044	1.49299379044	1.49299379044	1.49299379044	1.49299379044	
6.53333333333	153.458992545	153.614402546	153.769812548	153.92522255	154.080632551	154.236042553	154.391452554	154.546862556	154.702272558	154.857682559	0.0	0.0	-9.97810639666e-09	-7.35299917698e-09	-1.60506716666e-08	-1.59841853455e-08	-2.75675849526e-08	-3.03449676249e-08	-4.61550857823e-08	-5.63013465345e-08	0.0	-6.42050466061e-08	1.6891494707e-08	-5.59659764449e-08	4.27812369904e-10	-7.45344539401e-08	-1.78713251621e-08	-1.01731664585e-07	-6.52870513278e-08	-1.72862236433e-07	165.588790011	166.06398685	166.539183688	167.014380526	167.489577365	167.964774203	168.439971042	168.91516788	169.390364719	169.865561557	-3.643512032	-3.60646573254	-3.56941943308	-3.53237313362	-3.49532683416	-3.4582805347	-3.42123423524	-3.38418793578	-3.34714163632	-3.31009533686	1.49299379044	1.49299379044	1.49299379044	1.49299379044	1.49299379044	1.49299379044	1.49299379044	1.49299379044	1.49299379044	1.49299379044	
6.55	153.458992545	153.614402546	153.769812548	153.92522255	154.080632551	154.236042553	154.391452554	154.546862556	154.702272558	154.857682559	0.0	0.0	-9.97810639666e-09	-7.35299917698e-09	-1.60506716666e-08	-1.59841853455e-08	-2.75675849526e-08	-3.03449676249e-08	-4.61550857823e-08	-5.63013465345e-08	0.0	-6.42050466061e-08	1.6891494707e-08	-5.59659764449e-08	4.27812369904e-10	-7.45344539401e-08	-1.78713251621e-08	-1.01731664585e-07	-6.52870513278e-08	-1.72862236433e-07	165.588790011	166.06398685	166.539183688	167.014380526	167.489577365	167.964774203	168.439971042	168.91516788	169.390364719	169.865561557	-3.643512032	-3.60646573254	-3.56941943308	-3.53237313362	-3.49532683416	-3.4582805347	-3.42123423524	-3.38418793578	-3.34714163632	-3.31009533686	1.49299379044	1.49299379044	1.49299379044	1.49299379044	1.49299379044	1.49299379044	1.49299379044	1.49299379044	1.49299379044	1.49299379044	
6.56666666667	153.458992545	153.614402546	153.769812548	153.92522255	154.080632551	154.236042553	154.391452554	154.546862556	154.702272558	154.857682559	0.0	0.0	-9.97810639666e-09	-7.35299917698e-09	-1.60506716666e-08	-1.59841853455e-08	-2.75675849526e-08	-3.03449676249e-08	-4.61550857823e-08	-5.63013465345e-08	0.0	-6.42050466061e-08	1.6891494707e-08	-5.59659764449e-08	4.27812369904e-10	-7.45344539401e-08	-1.78713251621e-08	-1.01731664585e-07	-6.52870513278e-08	-1.72862236433e-07	165.588790011	166.06398685	166.539183688	167.014380526	167.489577365	167.964774203	168.439971042	168.91516788	169.390364719	169.865561557	-3.643512032	-3.60646573254	-3.56941943308	-3.53237313362	-3.49532683416	-3.4582805347	-3.42123423524	-3.38418793578	-3.34714163632	-3.31009533686	1.49299379044	1.49299379044	1.49299379044	1.49299379044	1.49299379044	1.49299379044	1.49299379044	1.49299379044	1.49299379044	1.49299379044	
6.58333333333	153.458992545	153.614402546	153.769812548	153.92522255	154.080632551	154.236042553	154.391452554	154.546862556	154.702272558	154.857682559	0.0	0.0	-9.97810639666e-09	-7.35299917698e-09	-1.60506716666e-08	-1.59841853455e-08	-2.75675849526e-08	-3.03449676249e-08	-4.61550857823e-08	-5.63013465345e-08	0.0	-6.42050466061e-08	1.6891494707e-08	-5.59659764449e-08	4.27812369904e-10	-7.45344539401e-08	-1.78713251621e-08	-1.01731664585e-07	-6.52870513278e-08	-1.72862236433e-07	165.588790011	166.06398685	166.539183688	167.014380526	167.489577365	167.964774203	168.439971042	168.91516788	169.390364719	169.865561557	-3.643512032	-3.60646573254	-3.56941943308	-3.53237313362	-3.49532683416	-3.4582805347	-3.42123423524	-3.38418793578	-3.34714163632	-3.31009533686	1.49299379044	1.49299379044	1.49299379044	1.49299379044	1.49299379044	1.49299379044	1.49299379044	1.49299379044	1.49299379044	1.49299379044	
6.6	153.458992545	153.614402546	153.769812548	153.92522255	154.080632551	154.236042553	154.391452554	154.546862556	154.702272558	154.857682559	0.0	0.0	-9.97810639666e-09	-7.35299917698e-09	-1.60506716666e-08	-1.59841853455e-08	-2.75675849526e-08	-3.03449676249e-08	-4.61550857823e-08	-5.63013465345e-08	0.0	-6.42050466061e-08	1.6891494707e-08	-5.59659764449e-08	4.27812369904e-10	-7.45344539401e-08	-1.78713251621e-08	-1.01731664585e-07	-6.52870513278e-08	-1.72862236433e-07	165.588790011	166.06398685	166.539183688	167.014380526	167.489577365	167.964774203	168.439971042	168.91516788	169.390364719	169.865561557	-3.643512032	-3.60646573254	-3.56941943308	-3.53237313362	-3.49532683416	-3.4582805347	-3.42123423524	-3.38418793578	-3.34714163632	-3.31009533686	1.49299379044	1.49299379044	1.49299379044	1.49299379044	1.49299379044	1.49299379044	1.49299379044	1.49299379044	1.49299379044	1.49299379044	
6.61666666667	153.458992545	153.614402546	153.769812548	153.92522255	154.080632551	154.236042553	154.391452554	154.546862556	154.702272558	154.857682559	0.0	0.0	-9.97810639666e-09	-7.35299917698e-09	-1.60506716666e-08	-1.59841853455e-08	-2.75675849526e-08	-3.03449676249e-08	-4.61550857823e-08	-5.63013465345e-08	0.0	-6.42050466061e-08	1.6891494707e-08	-5.59659764449e-08	4.27812369904e-10	-7.45344539401e-08	-1.78713251621e-08	-1.01731664585e-07	-6.52870513278e-08	-1.72862236433e-07	165.588790011	166.06398685	166.539183688	167.014380526	167.489577365	167.964774203	168.439971042	168.91516788	169.390364719	169.865561557	-3.643512032	-3.60646573254	-3.56941943308	-3.53237313362	-3.49532683416	-3.4582805347	-3.42123423524	-3.38418793578	-3.34714163632	-3.31009533686	1.49299379044	1.49299379044	1.49299379044	1.49299379044	1.49299379044	1.49299379044	1.49299379044	1.49299379044	1.49299379044	1.49299379044	
6.63333333333	153.458992545	153.614402546	153.769812548	153.92522255	154.080632551	154.236042553	154.391452554	154.546862556	154.702272558	154.857682559	0.0	0.0	-9.97810639666e-09	-7.35299917698e-09	-1.60506716666e-08	-1.59841853455e-08	-2.75675849526e-08	-3.03449676249e-08	-4.61550857823e-08	-5.63013465345e-08	0.0	-6.42050466061e-08	1.6891494707e-08	-5.59659764449e-08	4.27812369904e-10	-7.45344539401e-08	-1.78713251621e-08	-1.01731664585e-07	-6.52870513278e-08	-1.72862236433e-07	165.588790011	166.06398685	166.539183688	167.014380526	167.489577365	167.964774203	168.439971042	168.91516788	169.390364719	169.865561557	-3.643512032	-3.60646573254	-3.56941943308	-3.53237313362	-3.49532683416	-3.4582805347	-3.42123423524	-3.38418793578	-3.34714163632	-3.31009533686	1.49299379044	1.49299379044	1.49299379044	1.49299379044	1.49299379044	1.49299379044	1.49299379044	1.49299379044	1.49299379044	1.49299379044	
6.65	153.458992545	153.614402546	153.769812548	153.92522255	154.080632551	154.236042553	154.391452554	154.546862556	154.702272558	154.857682559	0.0	0.0	-9.97810639666e-09	-7.35299917698e-09	-1.60506716666e-08	-1.59841853455e-08	-2.75675849526e-08	-3.03449676249e-08	-4.61550857823e-08	-5.63013465345e-08	0.0	-6.42050466061e-08	1.6891494707e-08	-5.59659764449e-08	4.27812369904e-10	-7.45344539401e-08	-1.78713251621e-08	-1.01731664585e-07	-6.52870513278e-08	-1.72862236433e-07	165.588790011	166.06398685	166.539183688	167.014380526	167.489577365	167.964774203	168.439971042	168.91516788	169.390364719	169.865561557	-3.643512032	-3.60646573254	-3.56941943308	-3.53237313362	-3.49532683416	-3.4582805347	-3.42123423524	-3.38418793578	-3.34714163632	-3.31009533686	1.49299379044	1.49299379044	1.49299379044	1.49299379044	1.49299379044	1.49299379044	1.49299379044	1.49299379044	1.49299379044	1.49299379044	
6.66666666667	153.458992545	153.614402546	153.769812548	153.92522255	154.080632551	154.236042553	154.391452554	154.546862556	154.702272558	154.857682559	0.0	0.0	-9.97810639666e-09	-7.35299917698e-09	-1.60506716666e-08	-1.59841853455e-08	-2.75675849526e-08	-3.03449676249e-08	-4.61550857823e-08	-5.63013465345e-08	0.0	-6.42050466061e-08	1.6891494707e-08	-5.59659764449e-08	4.27812369904e-10	-7.45344539401e-08	-1.78713251621e-08	-1.01731664585e-07	-6.52870513278e-08	-1.72862236433e-07	165.588790011	166.06398685	166.539183688	167.014380526	167.489577365	167.964774203	168.439971042	168.91516788	169.390364719	169.865561557	-3.643512032	-3.60646573254	-3.56941943308	-3.53237313362	-3.49532683416	-3.4582805347	-3.42123423524	-3.38418793578	-3.34714163632	-3.31009533686	1.49299379044	1.49299379044	1.49299379044	1.49299379044	1.49299379044	1.49299379044	1.49299379044	1.49299379044	1.49299379044	1.49299379044	
6.68333333333	153.458992545	153.614402546	153.769812548	153.92522255	154.080632551	154.236042553	154.391452554	154.546862556	154.702272558	154.857682559	0.0	0.0	-9.97810639666e-09	-7.35299917698e-09	-1.60506716666e-08	-1.59841853455e-08	-2.75675849526e-08	-3.03449676249e-08	-4.61550857823e-08	-5.63013465345e-08	0.0	-6.42050466061e-08	1.6891494707e-08	-5.59659764449e-08	4.27812369904e-10	-7.45344539401e-08	-1.78713251621e-08	-1.01731664585e-07	-6.52870513278e-08	-1.72862236433e-07	165.588790011	166.06398685	166.539183688	167.014380526	167.489577365	167.964774203	168.439971042	168.91516788	169.390364719	169.865561557	-3.643512032	-3.60646573254	-3.56941943308	-3.53237313362	-3.49532683416	-3.4582805347	-3.42123423524	-3.38418793578	-3.34714163632	-3.31009533686	1.49299379044	1.49299379044	1.49299379044	1.49299379044	1.49299379044	1.49299379044	1.49299379044	1.49299379044	1.49299379044	1.49299379044	
6.7	153.458992545	153.614402546	153.769812548	153.92522255	154.080632551	154.236042553	154.391452554	154.546862556	154.702272558	154.857682559	0.0	0.0	-9.97810639666e-09	-7.35299917698e-09	-1.60506716666e-08	-1.59841853455e-08	-2.75675849526e-08	-3.03449676249e-08	-4.61550857823e-08	-5.63013465345e-08	0.0	-6.42050466061e-08	1.6891494707e-08	-5.59659764449e-08	4.27812369904e-10	-7.45344539401e-08	-1.78713251621e-08	-1.01731664585e-07	-6.52870513278e-08	-1.72862236433e-07	165.588790011	166.06398685	166.539183688	167.014380526	167.489577365	167.964774203	168.439971042	168.91516788	169.390364719	169.865561557	-3.643512032	-3.60646573254	-3.56941943308	-3.53237313362	-3.49532683416	-3.4582805347	-3.42123423524	-3.38418793578	-3.34714163632	-3.31009533686	1.49299379044	1.49299379044	1.49299379044	1.49299379044	1.49299379044	1.49299379044	1.49299379044	1.49299379044	1.49299379044	1.49299379044	
6.71666666667	153.458992545	153.614402546	153.769812548	153.92522255	154.080632551	154.236042553	154.391452554	154.546862556	154.702272558	154.857682559	0.0	0.0	-9.97810639666e-09	-7.35299917698e-09	-1.60506716666e-08	-1.59841853455e-08	-2.75675849526e-08	-3.03449676249e-08	-4.61550857823e-08	-5.63013465345e-08	0.0	-6.42050466061e-08	1.6891494707e-08	-5.59659764449e-08	4.27812369904e-10	-7.45344539401e-08	-1.78713251621e-08	-1.01731664585e-07	-6.52870513278e-08	-1.72862236433e-07	165.588790011	166.06398685	166.539183688	167.014380526	167.489577365	167.964774203	168.439971042	168.91516788	169.390364719	169.865561557	-3.643512032	-3.60646573254	-3.56941943308	-3.53237313362	-3.49532683416	-3.4582805347	-3.42123423524	-3.38418793578	-3.34714163632	-3.31009533686	1.49299379044	1.49299379044	1.49299379044	1.49299379044	1.49299379044	1.49299379044	1.49299379044	1.49299379044	1.49299379044	1.49299379044	
6.73333333333	153.458992545	153.614402546	153.769812548	153.92522255	154.080632551	154.236042553	154.391452554	154.546862556	154.702272558	154.857682559	0.0	0.0	-9.97810639666e-09	-7.35299917698e-09	-1.60506716666e-08	-1.59841853455e-08	-2.75675849526e-08	-3.03449676249e-08	-4.61550857823e-08	-5.63013465345e-08	0.0	-6.42050466061e-08	1.6891494707e-08	-5.59659764449e-08	4.27812369904e-10	-7.45344539401e-08	-1.78713251621e-08	-1.01731664585e-07	-6.52870513278e-08	-1.72862236433e-07	165.588790011	166.06398685	166.539183688	167.014380526	167.489577365	167.964774203	168.439971042	168.91516788	169.390364719	169.865561557	-3.643512032	-3.60646573254	-3.56941943308	-3.53237313362	-3.49532683416	-3.4582805347	-3.42123423524	-3.38418793578	-3.34714163632	-3.31009533686	1.49299379044	1.49299379044	1.49299379044	1.49299379044	1.49299379044	1.49299379044	1.49299379044	1.49299379044	1.49299379044	1.49299379044	
6.75	153.458992545	153.614402546	153.769812548	153.92522255	154.080632551	154.236042553	154.391452554	154.546862556	154.702272558	154.857682559	0.0	0.0	-9.97810639666e-09	-7.35299917698e-09	-1.60506716666e-08	-1.59841853455e-08	-2.75675849526e-08	-3.03449676249e-08	-4.61550857823e-08	-5.63013465345e-08	0.0	-6.42050466061e-08	1.6891494707e-08	-5.59659764449e-08	4.27812369904e-10	-7.45344539401e-08	-1.78713251621e-08	-1.01731664585e-07	-6.52870513278e-08	-1.72862236433e-07	165.588790011	166.06398685	166.539183688	167.014380526	167.489577365	167.964774203	168.439971042	168.91516788	169.390364719	169.865561557	-3.643512032	-3.60646573254	-3.56941943308	-3.53237313362	-3.49532683416	-3.4582805347	-3.42123423524	-3.38418793578	-3.34714163632	-3.31009533686	1.49299379044	1.49299379044	1.49299379044	1.49299379044	1.49299379044	1.49299379044	1.49299379044	1.49299379044	1.49299379044	1.49299379044	
6.76666666667	153.458992545	153.614402546	153.769812548	153.92522255	154.080632551	154.236042553	154.391452554	154.546862556	154.702272558	154.857682559	0.0	0.0	-9.97810639666e-09	-7.35299917698e-09	-1.60506716666e-08	-1.59841853455e-08	-2.75675849526e-08	-3.03449676249e-08	-4.61550857823e-08	-5.63013465345e-08	0.0	-6.42050466061e-08	1.6891494707e-08	-5.59659764449e-08	4.27812369904e-10	-7.45344539401e-08	-1.78713251621e-08	-1.01731664585e-07	-6.52870513278e-08	-1.72862236433e-07	165.588790011	166.06398685	166.539183688	167.014380526	167.489577365	167.964774203	168.439971042	168.91516788	169.390364719	169.865561557	-3.643512032	-3.60646573254	-3.56941943308	-3.53237313362	-3.49532683416	-3.4582805347	-3.42123423524	-3.38418793578	-3.34714163632	-3.31009533686	1.49299379044	1.49299379044	1.49299379044	1.49299379044	1.49299379044	1.49299379044	1.49299379044	1.49299379044	1.49299379044	1.49299379044	
6.78333333333	153.458992545	153.614402546	153.769812548	153.92522255	154.080632551	154.236042553	154.391452554	154.546862556	154.702272558	154.857682559	0.0	0.0	-9.97810639666e-09	-7.35299917698e-09	-1.60506716666e-08	-1.59841853455e-08	-2.75675849526e-08	-3.03449676249e-08	-4.61550857823e-08	-5.63013465345e-08	0.0	-6.42050466061e-08	1.6891494707e-08	-5.59659764449e-08	4.27812369904e-10	-7.45344539401e-08	-1.78713251621e-08	-1.01731664585e-07	-6.52870513278e-08	-1.72862236433e-07	165.588790011	166.06398685	166.539183688	167.014380526	167.489577365	167.964774203	168.439971042	168.91516788	169.390364719	169.865561557	-3.643512032	-3.60646573254	-3.56941943308	-3.53237313362	-3.49532683416	-3.4582805347	-3.42123423524	-3.38418793578	-3.34714163632	-3.31009533686	1.49299379044	1.49299379044	1.49299379044	1.49299379044	1.49299379044	1.49299379044	1.49299379044	1.49299379044	1.49299379044	1.49299379044	
6.8	153.458992545	153.614402546	153.769812548	153.92522255	154.080632551	154.236042553	154.391452554	154.546862556	154.702272558	154.857682559	0.0	0.0	-9.97810639666e-09	-7.35299917698e-09	-1.60506716666e-08	-1.59841853455e-08	-2.75675849526e-08	-3.03449676249e-08	-4.61550857823e-08	-5.63013465345e-08	0.0	-6.42050466061e-08	1.6891494707e-08	-5.59659764449e-08	4.27812369904e-10	-7.45344539401e-08	-1.78713251621e-08	-1.01731664585e-07	-6.52870513278e-08	-1.72862236433e-07	165.588790011	166.06398685	166.539183688	167.014380526	167.489577365	167.964774203	168.439971042	168.91516788	169.390364719	169.865561557	-3.643512032	-3.60646573254	-3.56941943308	-3.53237313362	-3.49532683416	-3.4582805347	-3.42123423524	-3.38418793578	-3.34714163632	-3.31009533686	1.49299379044	1.49299379044	1.49299379044	1.49299379044	1.49299379044	1.49299379044	1.49299379044	1.49299379044	1.49299379044	1.49299379044	
6.81666666667	153.458992545	153.614402546	153.769812548	153.92522255	154.080632551	154.236042553	154.391452554	154.546862556	154.702272558	154.857682559	0.0	0.0	-9.97810639666e-09	-7.35299917698e-09	-1.60506716666e-08	-1.59841853455e-08	-2.75675849526e-08	-3.03449676249e-08	-4.61550857823e-08	-5.63013465345e-08	0.0	-6.42050466061e-08	1.6891494707e-08	-5.59659764449e-08	4.27812369904e-10	-7.45344539401e-08	-1.78713251621e-08	-1.01731664585e-07	-6.52870513278e-08	-1.72862236433e-07	165.588790011	166.06398685	166.539183688	167.014380526	167.489577365	167.964774203	168.439971042	168.91516788	169.390364719	169.865561557	-3.643512032	-3.60646573254	-3.56941943308	-3.53237313362	-3.49532683416	-3.4582805347	-3.42123423524	-3.38418793578	-3.34714163632	-3.31009533686	1.49299379044	1.49299379044	1.49299379044	1.49299379044	1.49299379044	1.49299379044	1.49299379044	1.49299379044	1.49299379044	1.49299379044	
6.83333333333	153.458992545	153.614402546	153.769812548	153.92522255	154.080632551	154.236042553	154.391452554	154.546862556	154.702272558	154.857682559	0.0	0.0	-9.97810639666e-09	-7.35299917698e-09	-1.60506716666e-08	-1.59841853455e-08	-2.75675849526e-08	-3.03449676249e-08	-4.61550857823e-08	-5.63013465345e-08	0.0	-6.42050466061e-08	1.6891494707e-08	-5.59659764449e-08	4.27812369904e-10	-7.45344539401e-08	-1.78713251621e-08	-1.01731664585e-07	-6.52870513278e-08	-1.72862236433e-07	165.588790011	166.06398685	166.539183688	167.014380526	167.489577365	167.964774203	168.439971042	168.91516788	169.390364719	169.865561557	-3.643512032	-3.60646573254	-3.56941943308	-3.53237313362	-3.49532683416	-3.4582805347	-3.42123423524	-3.38418793578	-3.34714163632	-3.31009533686	1.49299379044	1.49299379044	1.49299379044	1.49299379044	1.49299379044	1.49299379044	1.49299379044	1.49299379044	1.49299379044	1.49299379044	
6.85	153.458992545	153.614402546	153.769812548	153.92522255	154.080632551	154.236042553	154.391452554	154.546862556	154.702272558	154.857682559	0.0	0.0	-9.97810639666e-09	-7.35299917698e-09	-1.60506716666e-08	-1.59841853455e-08	-2.75675849526e-08	-3.03449676249e-08	-4.61550857823e-08	-5.63013465345e-08	0.0	-6.42050466061e-08	1.6891494707e-08	-5.59659764449e-08	4.27812369904e-10	-7.45344539401e-08	-1.78713251621e-08	-1.01731664585e-07	-6.52870513278e-08	-1.72862236433e-07	165.588790011	166.06398685	166.539183688	167.014380526	167.489577365	167.964774203	168.439971042	168.91516788	169.390364719	169.865561557	-3.643512032	-3.60646573254	-3.56941943308	-3.53237313362	-3.49532683416	-3.4582805347	-3.42123423524	-3.38418793578	-3.34714163632	-3.31009533686	1.49299379044	1.49299379044	1.49299379044	1.49299379044	1.49299379044	1.49299379044	1.49299379044	1.49299379044	1.49299379044	1.49299379044	
6.86666666667	153.458992545	153.614402546	153.769812548	153.92522255	154.080632551	154.236042553	154.391452554	154.546862556	154.702272558	154.857682559	0.0	0.0	-9.97810639666e-09	-7.35299917698e-09	-1.60506716666e-08	-1.59841853455e-08	-2.75675849526e-08	-3.03449676249e-08	-4.61550857823e-08	-5.63013465345e-08	0.0	-6.42050466061e-08	1.6891494707e-08	-5.59659764449e-08	4.27812369904e-10	-7.45344539401e-08	-1.78713251621e-08	-1.01731664585e-07	-6.52870513278e-08	-1.72862236433e-07	165.588790011	166.06398685	166.539183688	167.014380526	167.489577365	167.964774203	168.439971042	168.91516788	169.390364719	169.865561557	-3.643512032	-3.60646573254	-3.56941943308	-3.53237313362	-3.49532683416	-3.4582805347	-3.42123423524	-3.38418793578	-3.34714163632	-3.31009533686	1.49299379044	1.49299379044	1.49299379044	1.49299379044	1.49299379044	1.49299379044	1.49299379044	1.49299379044	1.49299379044	1.49299379044	
6.88333333333	153.458992545	153.614402546	153.769812548	153.92522255	154.080632551	154.236042553	154.391452554	154.546862556	154.702272558	154.857682559	0.0	0.0	-9.97810639666e-09	-7.35299917698e-09	-1.60506716666e-08	-1.59841853455e-08	-2.75675849526e-08	-3.03449676249e-08	-4.61550857823e-08	-5.63013465345e-08	0.0	-6.42050466061e-08	1.6891494707e-08	-5.59659764449e-08	4.27812369904e-10	-7.45344539401e-08	-1.78713251621e-08	-1.01731664585e-07	-6.52870513278e-08	-1.72862236433e-07	165.588790011	166.06398685	166.539183688	167.014380526	167.489577365	167.964774203	168.439971042	168.91516788	169.390364719	169.865561557	-3.643512032	-3.60646573254	-3.56941943308	-3.53237313362	-3.49532683416	-3.4582805347	-3.42123423524	-3.38418793578	-3.34714163632	-3.31009533686	1.49299379044	1.49299379044	1.49299379044	1.49299379044	1.49299379044	1.49299379044	1.49299379044	1.49299379044	1.49299379044	1.49299379044	
6.9	153.458992545	153.614402546	153.769812548	153.92522255	154.080632551	154.236042553	154.391452554	154.546862556	154.702272558	154.857682559	0.0	0.0	-9.97810639666e-09	-7.35299917698e-09	-1.60506716666e-08	-1.59841853455e-08	-2.75675849526e-08	-3.03449676249e-08	-4.61550857823e-08	-5.63013465345e-08	0.0	-6.42050466061e-08	1.6891494707e-08	-5.59659764449e-08	4.27812369904e-10	-7.45344539401e-08	-1.78713251621e-08	-1.01731664585e-07	-6.52870513278e-08	-1.72862236433e-07	165.588790011	166.06398685	166.539183688	167.014380526	167.489577365	167.964774203	168.439971042	168.91516788	169.390364719	169.865561557	-3.643512032	-3.60646573254	-3.56941943308	-3.53237313362	-3.49532683416	-3.4582805347	-3.42123423524	-3.38418793578	-3.34714163632	-3.31009533686	1.49299379044	1.49299379044	1.49299379044	1.49299379044	1.49299379044	1.49299379044	1.49299379044	1.49299379044	1.49299379044	1.49299379044	
6.91666666667	153.458992545	153.614402546	153.769812548	153.92522255	154.080632551	154.236042553	154.391452554	154.546862556	154.702272558	154.857682559	0.0	0.0	-9.97810639666e-09	-7.35299917698e-09	-1.60506716666e-08	-1.59841853455e-08	-2.75675849526e-08	-3.03449676249e-08	-4.61550857823e-08	-5.63013465345e-08	0.0	-6.42050466061e-08	1.6891494707e-08	-5.59659764449e-08	4.27812369904e-10	-7.45344539401e-08	-1.78713251621e-08	-1.01731664585e-07	-6.52870513278e-08	-1.72862236433e-07	165.588790011	166.06398685	166.539183688	167.014380526	167.489577365	167.964774203	168.439971042	168.91516788	169.390364719	169.865561557	-3.643512032	-3.60646573254	-3.56941943308	-3.53237313362	-3.49532683416	-3.4582805347	-3.42123423524	-3.38418793578	-3.34714163632	-3.31009533686	1.49299379044	1.49299379044	1.49299379044	1.49299379044	1.49299379044	1.49299379044	1.49299379044	1.49299379044	1.49299379044	1.49299379044	
6.93333333333	153.458992545	153.614402546	153.769812548	153.92522255	154.080632551	154.236042553	154.391452554	154.546862556	154.702272558	154.857682559	0.0	0.0	-9.97810639666e-09	-7.35299917698e-09	-1.60506716666e-08	-1.59841853455e-08	-2.75675849526e-08	-3.03449676249e-08	-4.61550857823e-08	-5.63013465345e-08	0.0	-6.42050466061e-08	1.6891494707e-08	-5.59659764449e-08	4.27812369904e-10	-7.45344539401e-08	-1.78713251621e-08	-1.01731664585e-07	-6.52870513278e-08	-1.72862236433e-07	165.588790011	166.06398685	166.539183688	167.014380526	167.489577365	167.964774203	168.439971042	168.91516788	169.390364719	169.865561557	-3.643512032	-3.60646573254	-3.56941943308	-3.53237313362	-3.49532683416	-3.4582805347	-3.42123423524	-3.38418793578	-3.34714163632	-3.31009533686	1.49299379044	1.49299379044	1.49299379044	1.49299379044	1.49299379044	1.49299379044	1.49299379044	1.49299379044	1.49299379044	1.49299379044	
6.95	153.458992545	153.614402546	153.769812548	153.92522255	154.080632551	154.236042553	154.391452554	154.546862556	154.702272558	154.857682559	0.0	0.0	-9.97810639666e-09	-7.35299917698e-09	-1.60506716666e-08	-1.59841853455e-08	-2.75675849526e-08	-3.03449676249e-08	-4.61550857823e-08	-5.63013465345e-08	0.0	-6.42050466061e-08	1.6891494707e-08	-5.59659764449e-08	4.27812369904e-10	-7.45344539401e-08	-1.78713251621e-08	-1.01731664585e-07	-6.52870513278e-08	-1.72862236433e-07	165.588790011	166.06398685	166.539183688	167.014380526	167.489577365	167.964774203	168.439971042	168.91516788	169.390364719	169.865561557	-3.643512032	-3.60646573254	-3.56941943308	-3.53237313362	-3.49532683416	-3.4582805347	-3.42123423524	-3.38418793578	-3.34714163632	-3.31009533686	1.49299379044	1.49299379044	1.49299379044	1.49299379044	1.49299379044	1.49299379044	1.49299379044	1.49299379044	1.49299379044	1.49299379044	
6.96666666667	153.458992545	153.614402546	153.769812548	153.92522255	154.080632551	154.236042553	154.391452554	154.546862556	154.702272558	154.857682559	0.0	0.0	-9.97810639666e-09	-7.35299917698e-09	-1.60506716666e-08	-1.59841853455e-08	-2.75675849526e-08	-3.03449676249e-08	-4.61550857823e-08	-5.63013465345e-08	0.0	-6.42050466061e-08	1.6891494707e-08	-5.59659764449e-08	4.27812369904e-10	-7.45344539401e-08	-1.78713251621e-08	-1.01731664585e-07	-6.52870513278e-08	-1.72862236433e-07	165.588790011	166.06398685	166.539183688	167.014380526	167.489577365	167.964774203	168.439971042	168.91516788	169.390364719	169.865561557	-3.643512032	-3.60646573254	-3.56941943308	-3.53237313362	-3.49532683416	-3.4582805347	-3.42123423524	-3.38418793578	-3.34714163632	-3.31009533686	1.49299379044	1.49299379044	1.49299379044	1.49299379044	1.49299379044	1.49299379044	1.49299379044	1.49299379044	1.49299379044	1.49299379044	
6.98333333333	153.458992545	153.614402546	153.769812548	153.92522255	154.080632551	154.236042553	154.391452554	154.546862556	154.702272558	154.857682559	0.0	0.0	-9.97810639666e-09	-7.35299917698e-09	-1.60506716666e-08	-1.59841853455e-08	-2.75675849526e-08	-3.03449676249e-08	-4.61550857823e-08	-5.63013465345e-08	0.0	-6.42050466061e-08	1.6891494707e-08	-5.59659764449e-08	4.27812369904e-10	-7.45344539401e-08	-1.78713251621e-08	-1.01731664585e-07	-6.52870513278e-08	-1.72862236433e-07	165.588790011	166.06398685	166.539183688	167.014380526	167.489577365	167.964774203	168.439971042	168.91516788	169.390364719	169.865561557	-3.643512032	-3.60646573254	-3.56941943308	-3.53237313362	-3.49532683416	-3.4582805347	-3.42123423524	-3.38418793578	-3.34714163632	-3.31009533686	1.49299379044	1.49299379044	1.49299379044	1.49299379044	1.49299379044	1.49299379044	1.49299379044	1.49299379044	1.49299379044	1.49299379044	
7.0	153.458992545	153.614402546	153.769812548	153.92522255	154.080632551	154.236042553	154.391452554	154.546862556	154.702272558	154.857682559	0.0	0.0	-9.97810639666e-09	-7.35299917698e-09	-1.60506716666e-08	-1.59841853455e-08	-2.75675849526e-08	-3.03449676249e-08	-4.61550857823e-08	-5.63013465345e-08	0.0	-6.42050466061e-08	1.6891494707e-08	-5.59659764449e-08	4.27812369904e-10	-7.45344539401e-08	-1.78713251621e-08	-1.01731664585e-07	-6.52870513278e-08	-1.72862236433e-07	165.588790011	166.06398685	166.539183688	167.014380526	167.489577365	167.964774203	168.439971042	168.91516788	169.390364719	169.865561557	-3.643512032	-3.60646573254	-3.56941943308	-3.53237313362	-3.49532683416	-3.4582805347	-3.42123423524	-3.38418793578	-3.34714163632	-3.31009533686	1.49299379044	1.49299379044	1.49299379044	1.49299379044	1.49299379044	1.49299379044	1.49299379044	1.49299379044	1.49299379044	1.49299379044	
7.01666666667	153.458992545	153.614402546	153.769812548	153.92522255	154.080632551	154.236042553	154.391452554	154.546862556	154.702272558	154.857682559	0.0	0.0	-9.97810639666e-09	-7.35299917698e-09	-1.60506716666e-08	-1.59841853455e-08	-2.75675849526e-08	-3.03449676249e-08	-4.61550857823e-08	-5.63013465345e-08	0.0	-6.42050466061e-08	1.6891494707e-08	-5.59659764449e-08	4.27812369904e-10	-7.45344539401e-08	-1.78713251621e-08	-1.01731664585e-07	-6.52870513278e-08	-1.72862236433e-07	165.588790011	166.06398685	166.539183688	167.014380526	167.489577365	167.964774203	168.439971042	168.91516788	169.390364719	169.865561557	-3.643512032	-3.60646573254	-3.56941943308	-3.53237313362	-3.49532683416	-3.4582805347	-3.42123423524	-3.38418793578	-3.34714163632	-3.31009533686	1.49299379044	1.49299379044	1.49299379044	1.49299379044	1.49299379044	1.49299379044	1.49299379044	1.49299379044	1.49299379044	1.49299379044	
7.03333333333	153.458992545	153.614402546	153.769812548	153.92522255	154.080632551	154.236042553	154.391452554	154.546862556	154.702272558	154.857682559	0.0	0.0	-9.97810639666e-09	-7.35299917698e-09	-1.60506716666e-08	-1.59841853455e-08	-2.75675849526e-08	-3.03449676249e-08	-4.61550857823e-08	-5.63013465345e-08	0.0	-6.42050466061e-08	1.6891494707e-08	-5.59659764449e-08	4.27812369904e-10	-7.45344539401e-08	-1.78713251621e-08	-1.01731664585e-07	-6.52870513278e-08	-1.72862236433e-07	165.588790011	166.06398685	166.539183688	167.014380526	167.489577365	167.964774203	168.439971042	168.91516788	169.390364719	169.865561557	-3.643512032	-3.60646573254	-3.56941943308	-3.53237313362	-3.49532683416	-3.4582805347	-3.42123423524	-3.38418793578	-3.34714163632	-3.31009533686	1.49299379044	1.49299379044	1.49299379044	1.49299379044	1.49299379044	1.49299379044	1.49299379044	1.49299379044	1.49299379044	1.49299379044	
7.05	153.458992545	153.614402546	153.769812548	153.92522255	154.080632551	154.236042553	154.391452554	154.546862556	154.702272558	154.857682559	0.0	0.0	-9.97810639666e-09	-7.35299917698e-09	-1.60506716666e-08	-1.59841853455e-08	-2.75675849526e-08	-3.03449676249e-08	-4.61550857823e-08	-5.63013465345e-08	0.0	-6.42050466061e-08	1.6891494707e-08	-5.59659764449e-08	4.27812369904e-10	-7.45344539401e-08	-1.78713251621e-08	-1.01731664585e-07	-6.52870513278e-08	-1.72862236433e-07	165.588790011	166.06398685	166.539183688	167.014380526	167.489577365	167.964774203	168.439971042	168.91516788	169.390364719	169.865561557	-3.643512032	-3.60646573254	-3.56941943308	-3.53237313362	-3.49532683416	-3.4582805347	-3.42123423524	-3.38418793578	-3.34714163632	-3.31009533686	1.49299379044	1.49299379044	1.49299379044	1.49299379044	1.49299379044	1.49299379044	1.49299379044	1.49299379044	1.49299379044	1.49299379044	
7.06666666667	153.458992545	153.614402546	153.769812548	153.92522255	154.080632551	154.236042553	154.391452554	154.546862556	154.702272558	154.857682559	0.0	0.0	-9.97810639666e-09	-7.35299917698e-09	-1.60506716666e-08	-1.59841853455e-08	-2.75675849526e-08	-3.03449676249e-08	-4.61550857823e-08	-5.63013465345e-08	0.0	-6.42050466061e-08	1.6891494707e-08	-5.59659764449e-08	4.27812369904e-10	-7.45344539401e-08	-1.78713251621e-08	-1.01731664585e-07	-6.52870513278e-08	-1.72862236433e-07	165.588790011	166.06398685	166.539183688	167.014380526	167.489577365	167.964774203	168.439971042	168.91516788	169.390364719	169.865561557	-3.643512032	-3.60646573254	-3.56941943308	-3.53237313362	-3.49532683416	-3.4582805347	-3.42123423524	-3.38418793578	-3.34714163632	-3.31009533686	1.49299379044	1.49299379044	1.49299379044	1.49299379044	1.49299379044	1.49299379044	1.49299379044	1.49299379044	1.49299379044	1.49299379044	
7.08333333333	153.458992545	153.614402546	153.769812548	153.92522255	154.080632551	154.236042553	154.391452554	154.546862556	154.702272558	154.857682559	0.0	0.0	-9.97810639666e-09	-7.35299917698e-09	-1.60506716666e-08	-1.59841853455e-08	-2.75675849526e-08	-3.03449676249e-08	-4.61550857823e-08	-5.63013465345e-08	0.0	-6.42050466061e-08	1.6891494707e-08	-5.59659764449e-08	4.27812369904e-10	-7.45344539401e-08	-1.78713251621e-08	-1.01731664585e-07	-6.52870513278e-08	-1.72862236433e-07	165.588790011	166.06398685	166.539183688	167.014380526	167.489577365	167.964774203	168.439971042	168.91516788	169.390364719	169.865561557	-3.643512032	-3.60646573254	-3.56941943308	-3.53237313362	-3.49532683416	-3.4582805347	-3.42123423524	-3.38418793578	-3.34714163632	-3.31009533686	1.49299379044	1.49299379044	1.49299379044	1.49299379044	1.49299379044	1.49299379044	1.49299379044	1.49299379044	1.49299379044	1.49299379044	
7.1	153.458992545	153.614402546	153.769812548	153.92522255	154.080632551	154.236042553	154.391452554	154.546862556	154.702272558	154.857682559	0.0	0.0	-9.97810639666e-09	-7.35299917698e-09	-1.60506716666e-08	-1.59841853455e-08	-2.75675849526e-08	-3.03449676249e-08	-4.61550857823e-08	-5.63013465345e-08	0.0	-6.42050466061e-08	1.6891494707e-08	-5.59659764449e-08	4.27812369904e-10	-7.45344539401e-08	-1.78713251621e-08	-1.01731664585e-07	-6.52870513278e-08	-1.72862236433e-07	165.588790011	166.06398685	166.539183688	167.014380526	167.489577365	167.964774203	168.439971042	168.91516788	169.390364719	169.865561557	-3.643512032	-3.60646573254	-3.56941943308	-3.53237313362	-3.49532683416	-3.4582805347	-3.42123423524	-3.38418793578	-3.34714163632	-3.31009533686	1.49299379044	1.49299379044	1.49299379044	1.49299379044	1.49299379044	1.49299379044	1.49299379044	1.49299379044	1.49299379044	1.49299379044	
7.11666666667	153.458992545	153.614402546	153.769812548	153.92522255	154.080632551	154.236042553	154.391452554	154.546862556	154.702272558	154.857682559	0.0	0.0	-9.97810639666e-09	-7.35299917698e-09	-1.60506716666e-08	-1.59841853455e-08	-2.75675849526e-08	-3.03449676249e-08	-4.61550857823e-08	-5.63013465345e-08	0.0	-6.42050466061e-08	1.6891494707e-08	-5.59659764449e-08	4.27812369904e-10	-7.45344539401e-08	-1.78713251621e-08	-1.01731664585e-07	-6.52870513278e-08	-1.72862236433e-07	165.588790011	166.06398685	166.539183688	167.014380526	167.489577365	167.964774203	168.439971042	168.91516788	169.390364719	169.865561557	-3.643512032	-3.60646573254	-3.56941943308	-3.53237313362	-3.49532683416	-3.4582805347	-3.42123423524	-3.38418793578	-3.34714163632	-3.31009533686	1.49299379044	1.49299379044	1.49299379044	1.49299379044	1.49299379044	1.49299379044	1.49299379044	1.49299379044	1.49299379044	1.49299379044	
7.13333333333	153.458992545	153.614402546	153.769812548	153.92522255	154.080632551	154.236042553	154.391452554	154.546862556	154.702272558	154.857682559	0.0	0.0	-9.97810639666e-09	-7.35299917698e-09	-1.60506716666e-08	-1.59841853455e-08	-2.75675849526e-08	-3.03449676249e-08	-4.61550857823e-08	-5.63013465345e-08	0.0	-6.42050466061e-08	1.6891494707e-08	-5.59659764449e-08	4.27812369904e-10	-7.45344539401e-08	-1.78713251621e-08	-1.01731664585e-07	-6.52870513278e-08	-1.72862236433e-07	165.588790011	166.06398685	166.539183688	167.014380526	167.489577365	167.964774203	168.439971042	168.91516788	169.390364719	169.865561557	-3.643512032	-3.60646573254	-3.56941943308	-3.53237313362	-3.49532683416	-3.4582805347	-3.42123423524	-3.38418793578	-3.34714163632	-3.31009533686	1.49299379044	1.49299379044	1.49299379044	1.49299379044	1.49299379044	1.49299379044	1.49299379044	1.49299379044	1.49299379044	1.49299379044	
7.15	153.458992545	153.614402546	153.769812548	153.92522255	154.080632551	154.236042553	154.391452554	154.546862556	154.702272558	154.857682559	0.0	0.0	-9.97810639666e-09	-7.35299917698e-09	-1.60506716666e-08	-1.59841853455e-08	-2.75675849526e-08	-3.03449676249e-08	-4.61550857823e-08	-5.63013465345e-08	0.0	-6.42050466061e-08	1.6891494707e-08	-5.59659764449e-08	4.27812369904e-10	-7.45344539401e-08	-1.78713251621e-08	-1.01731664585e-07	-6.52870513278e-08	-1.72862236433e-07	165.588790011	166.06398685	166.539183688	167.014380526	167.489577365	167.964774203	168.439971042	168.91516788	169.390364719	169.865561557	-3.643512032	-3.60646573254	-3.56941943308	-3.53237313362	-3.49532683416	-3.4582805347	-3.42123423524	-3.38418793578	-3.34714163632	-3.31009533686	1.49299379044	1.49299379044	1.49299379044	1.49299379044	1.49299379044	1.49299379044	1.49299379044	1.49299379044	1.49299379044	1.49299379044	
7.16666666667	153.458992545	153.614402546	153.769812548	153.92522255	154.080632551	154.236042553	154.391452554	154.546862556	154.702272558	154.857682559	0.0	0.0	-9.97810639666e-09	-7.35299917698e-09	-1.60506716666e-08	-1.59841853455e-08	-2.75675849526e-08	-3.03449676249e-08	-4.61550857823e-08	-5.63013465345e-08	0.0	-6.42050466061e-08	1.6891494707e-08	-5.59659764449e-08	4.27812369904e-10	-7.45344539401e-08	-1.78713251621e-08	-1.01731664585e-07	-6.52870513278e-08	-1.72862236433e-07	165.588790011	166.06398685	166.539183688	167.014380526	167.489577365	167.964774203	168.439971042	168.91516788	169.390364719	169.865561557	-3.643512032	-3.60646573254	-3.56941943308	-3.53237313362	-3.49532683416	-3.4582805347	-3.42123423524	-3.38418793578	-3.34714163632	-3.31009533686	1.49299379044	1.49299379044	1.49299379044	1.49299379044	1.49299379044	1.49299379044	1.49299379044	1.49299379044	1.49299379044	1.49299379044	
7.18333333333	153.458992545	153.614402546	153.769812548	153.92522255	154.080632551	154.236042553	154.391452554	154.546862556	154.702272558	154.857682559	0.0	0.0	-9.97810639666e-09	-7.35299917698e-09	-1.60506716666e-08	-1.59841853455e-08	-2.75675849526e-08	-3.03449676249e-08	-4.61550857823e-08	-5.63013465345e-08	0.0	-6.42050466061e-08	1.6891494707e-08	-5.59659764449e-08	4.27812369904e-10	-7.45344539401e-08	-1.78713251621e-08	-1.01731664585e-07	-6.52870513278e-08	-1.72862236433e-07	165.588790011	166.06398685	166.539183688	167.014380526	167.489577365	167.964774203	168.439971042	168.91516788	169.390364719	169.865561557	-3.643512032	-3.60646573254	-3.56941943308	-3.53237313362	-3.49532683416	-3.4582805347	-3.42123423524	-3.38418793578	-3.34714163632	-3.31009533686	1.49299379044	1.49299379044	1.49299379044	1.49299379044	1.49299379044	1.49299379044	1.49299379044	1.49299379044	1.49299379044	1.49299379044	
7.2	153.458992545	153.614402546	153.769812548	153.92522255	154.080632551	154.236042553	154.391452554	154.546862556	154.702272558	154.857682559	0.0	0.0	-9.97810639666e-09	-7.35299917698e-09	-1.60506716666e-08	-1.59841853455e-08	-2.75675849526e-08	-3.03449676249e-08	-4.61550857823e-08	-5.63013465345e-08	0.0	-6.42050466061e-08	1.6891494707e-08	-5.59659764449e-08	4.27812369904e-10	-7.45344539401e-08	-1.78713251621e-08	-1.01731664585e-07	-6.52870513278e-08	-1.72862236433e-07	165.588790011	166.06398685	166.539183688	167.014380526	167.489577365	167.964774203	168.439971042	168.91516788	169.390364719	169.865561557	-3.643512032	-3.60646573254	-3.56941943308	-3.53237313362	-3.49532683416	-3.4582805347	-3.42123423524	-3.38418793578	-3.34714163632	-3.31009533686	1.49299379044	1.49299379044	1.49299379044	1.49299379044	1.49299379044	1.49299379044	1.49299379044	1.49299379044	1.49299379044	1.49299379044	
7.21666666667	153.458992545	153.614402546	153.769812548	153.92522255	154.080632551	154.236042553	154.391452554	154.546862556	154.702272558	154.857682559	0.0	0.0	-9.97810639666e-09	-7.35299917698e-09	-1.60506716666e-08	-1.59841853455e-08	-2.75675849526e-08	-3.03449676249e-08	-4.61550857823e-08	-5.63013465345e-08	0.0	-6.42050466061e-08	1.6891494707e-08	-5.59659764449e-08	4.27812369904e-10	-7.45344539401e-08	-1.78713251621e-08	-1.01731664585e-07	-6.52870513278e-08	-1.72862236433e-07	165.588790011	166.06398685	166.539183688	167.014380526	167.489577365	167.964774203	168.439971042	168.91516788	169.390364719	169.865561557	-3.643512032	-3.60646573254	-3.56941943308	-3.53237313362	-3.49532683416	-3.4582805347	-3.42123423524	-3.38418793578	-3.34714163632	-3.31009533686	1.49299379044	1.49299379044	1.49299379044	1.49299379044	1.49299379044	1.49299379044	1.49299379044	1.49299379044	1.49299379044	1.49299379044	
7.23333333333	153.458992545	153.614402546	153.769812548	153.92522255	154.080632551	154.236042553	154.391452554	154.546862556	154.702272558	154.857682559	0.0	0.0	-9.97810639666e-09	-7.35299917698e-09	-1.60506716666e-08	-1.59841853455e-08	-2.75675849526e-08	-3.03449676249e-08	-4.61550857823e-08	-5.63013465345e-08	0.0	-6.42050466061e-08	1.6891494707e-08	-5.59659764449e-08	4.27812369904e-10	-7.45344539401e-08	-1.78713251621e-08	-1.01731664585e-07	-6.52870513278e-08	-1.72862236433e-07	165.588790011	166.06398685	166.539183688	167.014380526	167.489577365	167.964774203	168.439971042	168.91516788	169.390364719	169.865561557	-3.643512032	-3.60646573254	-3.56941943308	-3.53237313362	-3.49532683416	-3.4582805347	-3.42123423524	-3.38418793578	-3.34714163632	-3.31009533686	1.49299379044	1.49299379044	1.49299379044	1.49299379044	1.49299379044	1.49299379044	1.49299379044	1.49299379044	1.49299379044	1.49299379044	
7.25	153.458992545	153.614402546	153.769812548	153.92522255	154.080632551	154.236042553	154.391452554	154.546862556	154.702272558	154.857682559	0.0	0.0	-9.97810639666e-09	-7.35299917698e-09	-1.60506716666e-08	-1.59841853455e-08	-2.75675849526e-08	-3.03449676249e-08	-4.61550857823e-08	-5.63013465345e-08	0.0	-6.42050466061e-08	1.6891494707e-08	-5.59659764449e-08	4.27812369904e-10	-7.45344539401e-08	-1.78713251621e-08	-1.01731664585e-07	-6.52870513278e-08	-1.72862236433e-07	165.588790011	166.06398685	166.539183688	167.014380526	167.489577365	167.964774203	168.439971042	168.91516788	169.390364719	169.865561557	-3.643512032	-3.60646573254	-3.56941943308	-3.53237313362	-3.49532683416	-3.4582805347	-3.42123423524	-3.38418793578	-3.34714163632	-3.31009533686	1.49299379044	1.49299379044	1.49299379044	1.49299379044	1.49299379044	1.49299379044	1.49299379044	1.49299379044	1.49299379044	1.49299379044	
7.26666666667	153.458992545	153.614402546	153.769812548	153.92522255	154.080632551	154.236042553	154.391452554	154.546862556	154.702272558	154.857682559	0.0	0.0	-9.97810639666e-09	-7.35299917698e-09	-1.60506716666e-08	-1.59841853455e-08	-2.75675849526e-08	-3.03449676249e-08	-4.61550857823e-08	-5.63013465345e-08	0.0	-6.42050466061e-08	1.6891494707e-08	-5.59659764449e-08	4.27812369904e-10	-7.45344539401e-08	-1.78713251621e-08	-1.01731664585e-07	-6.52870513278e-08	-1.72862236433e-07	165.588790011	166.06398685	166.539183688	167.014380526	167.489577365	167.964774203	168.439971042	168.91516788	169.390364719	169.865561557	-3.643512032	-3.60646573254	-3.56941943308	-3.53237313362	-3.49532683416	-3.4582805347	-3.42123423524	-3.38418793578	-3.34714163632	-3.31009533686	1.49299379044	1.49299379044	1.49299379044	1.49299379044	1.49299379044	1.49299379044	1.49299379044	1.49299379044	1.49299379044	1.49299379044	
7.28333333333	153.458992545	153.614402546	153.769812548	153.92522255	154.080632551	154.236042553	154.391452554	154.546862556	154.702272558	154.857682559	0.0	0.0	-9.97810639666e-09	-7.35299917698e-09	-1.60506716666e-08	-1.59841853455e-08	-2.75675849526e-08	-3.03449676249e-08	-4.61550857823e-08	-5.63013465345e-08	0.0	-6.42050466061e-08	1.6891494707e-08	-5.59659764449e-08	4.27812369904e-10	-7.45344539401e-08	-1.78713251621e-08	-1.01731664585e-07	-6.52870513278e-08	-1.72862236433e-07	165.588790011	166.06398685	166.539183688	167.014380526	167.489577365	167.964774203	168.439971042	168.91516788	169.390364719	169.865561557	-3.643512032	-3.60646573254	-3.56941943308	-3.53237313362	-3.49532683416	-3.4582805347	-3.42123423524	-3.38418793578	-3.34714163632	-3.31009533686	1.49299379044	1.49299379044	1.49299379044	1.49299379044	1.49299379044	1.49299379044	1.49299379044	1.49299379044	1.49299379044	1.49299379044	
7.3	153.458992545	153.614402546	153.769812548	153.92522255	154.080632551	154.236042553	154.391452554	154.546862556	154.702272558	154.857682559	0.0	0.0	-9.97810639666e-09	-7.35299917698e-09	-1.60506716666e-08	-1.59841853455e-08	-2.75675849526e-08	-3.03449676249e-08	-4.61550857823e-08	-5.63013465345e-08	0.0	-6.42050466061e-08	1.6891494707e-08	-5.59659764449e-08	4.27812369904e-10	-7.45344539401e-08	-1.78713251621e-08	-1.01731664585e-07	-6.52870513278e-08	-1.72862236433e-07	165.588790011	166.06398685	166.539183688	167.014380526	167.489577365	167.964774203	168.439971042	168.91516788	169.390364719	169.865561557	-3.643512032	-3.60646573254	-3.56941943308	-3.53237313362	-3.49532683416	-3.4582805347	-3.42123423524	-3.38418793578	-3.34714163632	-3.31009533686	1.49299379044	1.49299379044	1.49299379044	1.49299379044	1.49299379044	1.49299379044	1.49299379044	1.49299379044	1.49299379044	1.49299379044	
7.31666666667	153.458992545	153.614402546	153.769812548	153.92522255	154.080632551	154.236042553	154.391452554	154.546862556	154.702272558	154.857682559	0.0	0.0	-9.97810639666e-09	-7.35299917698e-09	-1.60506716666e-08	-1.59841853455e-08	-2.75675849526e-08	-3.03449676249e-08	-4.61550857823e-08	-5.63013465345e-08	0.0	-6.42050466061e-08	1.6891494707e-08	-5.59659764449e-08	4.27812369904e-10	-7.45344539401e-08	-1.78713251621e-08	-1.01731664585e-07	-6.52870513278e-08	-1.72862236433e-07	165.588790011	166.06398685	166.539183688	167.014380526	167.489577365	167.964774203	168.439971042	168.91516788	169.390364719	169.865561557	-3.643512032	-3.60646573254	-3.56941943308	-3.53237313362	-3.49532683416	-3.4582805347	-3.42123423524	-3.38418793578	-3.34714163632	-3.31009533686	1.49299379044	1.49299379044	1.49299379044	1.49299379044	1.49299379044	1.49299379044	1.49299379044	1.49299379044	1.49299379044	1.49299379044	
7.33333333333	153.458992545	153.614402546	153.769812548	153.92522255	154.080632551	154.236042553	154.391452554	154.546862556	154.702272558	154.857682559	0.0	0.0	-9.97810639666e-09	-7.35299917698e-09	-1.60506716666e-08	-1.59841853455e-08	-2.75675849526e-08	-3.03449676249e-08	-4.61550857823e-08	-5.63013465345e-08	0.0	-6.42050466061e-08	1.6891494707e-08	-5.59659764449e-08	4.27812369904e-10	-7.45344539401e-08	-1.78713251621e-08	-1.01731664585e-07	-6.52870513278e-08	-1.72862236433e-07	165.588790011	166.06398685	166.539183688	167.014380526	167.489577365	167.964774203	168.439971042	168.91516788	169.390364719	169.865561557	-3.643512032	-3.60646573254	-3.56941943308	-3.53237313362	-3.49532683416	-3.4582805347	-3.42123423524	-3.38418793578	-3.34714163632	-3.31009533686	1.49299379044	1.49299379044	1.49299379044	1.49299379044	1.49299379044	1.49299379044	1.49299379044	1.49299379044	1.49299379044	1.49299379044	
7.35	153.458992545	153.614402546	153.769812548	153.92522255	154.080632551	154.236042553	154.391452554	154.546862556	154.702272558	154.857682559	0.0	0.0	-9.97810639666e-09	-7.35299917698e-09	-1.60506716666e-08	-1.59841853455e-08	-2.75675849526e-08	-3.03449676249e-08	-4.61550857823e-08	-5.63013465345e-08	0.0	-6.42050466061e-08	1.6891494707e-08	-5.59659764449e-08	4.27812369904e-10	-7.45344539401e-08	-1.78713251621e-08	-1.01731664585e-07	-6.52870513278e-08	-1.72862236433e-07	165.588790011	166.06398685	166.539183688	167.014380526	167.489577365	167.964774203	168.439971042	168.91516788	169.390364719	169.865561557	-3.643512032	-3.60646573254	-3.56941943308	-3.53237313362	-3.49532683416	-3.4582805347	-3.42123423524	-3.38418793578	-3.34714163632	-3.31009533686	1.49299379044	1.49299379044	1.49299379044	1.49299379044	1.49299379044	1.49299379044	1.49299379044	1.49299379044	1.49299379044	1.49299379044	
7.36666666667	153.458992545	153.614402546	153.769812548	153.92522255	154.080632551	154.236042553	154.391452554	154.546862556	154.702272558	154.857682559	0.0	0.0	-9.97810639666e-09	-7.35299917698e-09	-1.60506716666e-08	-1.59841853455e-08	-2.75675849526e-08	-3.03449676249e-08	-4.61550857823e-08	-5.63013465345e-08	0.0	-6.42050466061e-08	1.6891494707e-08	-5.59659764449e-08	4.27812369904e-10	-7.45344539401e-08	-1.78713251621e-08	-1.01731664585e-07	-6.52870513278e-08	-1.72862236433e-07	165.588790011	166.06398685	166.539183688	167.014380526	167.489577365	167.964774203	168.439971042	168.91516788	169.390364719	169.865561557	-3.643512032	-3.60646573254	-3.56941943308	-3.53237313362	-3.49532683416	-3.4582805347	-3.42123423524	-3.38418793578	-3.34714163632	-3.31009533686	1.49299379044	1.49299379044	1.49299379044	1.49299379044	1.49299379044	1.49299379044	1.49299379044	1.49299379044	1.49299379044	1.49299379044	
7.38333333333	153.458992545	153.614402546	153.769812548	153.92522255	154.080632551	154.236042553	154.391452554	154.546862556	154.702272558	154.857682559	0.0	0.0	-9.97810639666e-09	-7.35299917698e-09	-1.60506716666e-08	-1.59841853455e-08	-2.75675849526e-08	-3.03449676249e-08	-4.61550857823e-08	-5.63013465345e-08	0.0	-6.42050466061e-08	1.6891494707e-08	-5.59659764449e-08	4.27812369904e-10	-7.45344539401e-08	-1.78713251621e-08	-1.01731664585e-07	-6.52870513278e-08	-1.72862236433e-07	165.588790011	166.06398685	166.539183688	167.014380526	167.489577365	167.964774203	168.439971042	168.91516788	169.390364719	169.865561557	-3.643512032	-3.60646573254	-3.56941943308	-3.53237313362	-3.49532683416	-3.4582805347	-3.42123423524	-3.38418793578	-3.34714163632	-3.31009533686	1.49299379044	1.49299379044	1.49299379044	1.49299379044	1.49299379044	1.49299379044	1.49299379044	1.49299379044	1.49299379044	1.49299379044	
7.4	153.458992545	153.614402546	153.769812548	153.92522255	154.080632551	154.236042553	154.391452554	154.546862556	154.702272558	154.857682559	0.0	0.0	-9.97810639666e-09	-7.35299917698e-09	-1.60506716666e-08	-1.59841853455e-08	-2.75675849526e-08	-3.03449676249e-08	-4.61550857823e-08	-5.63013465345e-08	0.0	-6.42050466061e-08	1.6891494707e-08	-5.59659764449e-08	4.27812369904e-10	-7.45344539401e-08	-1.78713251621e-08	-1.01731664585e-07	-6.52870513278e-08	-1.72862236433e-07	165.588790011	166.06398685	166.539183688	167.014380526	167.489577365	167.964774203	168.439971042	168.91516788	169.390364719	169.865561557	-3.643512032	-3.60646573254	-3.56941943308	-3.53237313362	-3.49532683416	-3.4582805347	-3.42123423524	-3.38418793578	-3.34714163632	-3.31009533686	1.49299379044	1.49299379044	1.49299379044	1.49299379044	1.49299379044	1.49299379044	1.49299379044	1.49299379044	1.49299379044	1.49299379044	
7.41666666667	153.458992545	153.614402546	153.769812548	153.92522255	154.080632551	154.236042553	154.391452554	154.546862556	154.702272558	154.857682559	0.0	0.0	-9.97810639666e-09	-7.35299917698e-09	-1.60506716666e-08	-1.59841853455e-08	-2.75675849526e-08	-3.03449676249e-08	-4.61550857823e-08	-5.63013465345e-08	0.0	-6.42050466061e-08	1.6891494707e-08	-5.59659764449e-08	4.27812369904e-10	-7.45344539401e-08	-1.78713251621e-08	-1.01731664585e-07	-6.52870513278e-08	-1.72862236433e-07	165.588790011	166.06398685	166.539183688	167.014380526	167.489577365	167.964774203	168.439971042	168.91516788	169.390364719	169.865561557	-3.643512032	-3.60646573254	-3.56941943308	-3.53237313362	-3.49532683416	-3.4582805347	-3.42123423524	-3.38418793578	-3.34714163632	-3.31009533686	1.49299379044	1.49299379044	1.49299379044	1.49299379044	1.49299379044	1.49299379044	1.49299379044	1.49299379044	1.49299379044	1.49299379044	
7.43333333333	153.458992545	153.614402546	153.769812548	153.92522255	154.080632551	154.236042553	154.391452554	154.546862556	154.702272558	154.857682559	0.0	0.0	-9.97810639666e-09	-7.35299917698e-09	-1.60506716666e-08	-1.59841853455e-08	-2.75675849526e-08	-3.03449676249e-08	-4.61550857823e-08	-5.63013465345e-08	0.0	-6.42050466061e-08	1.6891494707e-08	-5.59659764449e-08	4.27812369904e-10	-7.45344539401e-08	-1.78713251621e-08	-1.01731664585e-07	-6.52870513278e-08	-1.72862236433e-07	165.588790011	166.06398685	166.539183688	167.014380526	167.489577365	167.964774203	168.439971042	168.91516788	169.390364719	169.865561557	-3.643512032	-3.60646573254	-3.56941943308	-3.53237313362	-3.49532683416	-3.4582805347	-3.42123423524	-3.38418793578	-3.34714163632	-3.31009533686	1.49299379044	1.49299379044	1.49299379044	1.49299379044	1.49299379044	1.49299379044	1.49299379044	1.49299379044	1.49299379044	1.49299379044	
7.45	153.458992545	153.614402546	153.769812548	153.92522255	154.080632551	154.236042553	154.391452554	154.546862556	154.702272558	154.857682559	0.0	0.0	-9.97810639666e-09	-7.35299917698e-09	-1.60506716666e-08	-1.59841853455e-08	-2.75675849526e-08	-3.03449676249e-08	-4.61550857823e-08	-5.63013465345e-08	0.0	-6.42050466061e-08	1.6891494707e-08	-5.59659764449e-08	4.27812369904e-10	-7.45344539401e-08	-1.78713251621e-08	-1.01731664585e-07	-6.52870513278e-08	-1.72862236433e-07	165.588790011	166.06398685	166.539183688	167.014380526	167.489577365	167.964774203	168.439971042	168.91516788	169.390364719	169.865561557	-3.643512032	-3.60646573254	-3.56941943308	-3.53237313362	-3.49532683416	-3.4582805347	-3.42123423524	-3.38418793578	-3.34714163632	-3.31009533686	1.49299379044	1.49299379044	1.49299379044	1.49299379044	1.49299379044	1.49299379044	1.49299379044	1.49299379044	1.49299379044	1.49299379044	
7.46666666667	153.458992545	153.614402546	153.769812548	153.92522255	154.080632551	154.236042553	154.391452554	154.546862556	154.702272558	154.857682559	0.0	0.0	-9.97810639666e-09	-7.35299917698e-09	-1.60506716666e-08	-1.59841853455e-08	-2.75675849526e-08	-3.03449676249e-08	-4.61550857823e-08	-5.63013465345e-08	0.0	-6.42050466061e-08	1.6891494707e-08	-5.59659764449e-08	4.27812369904e-10	-7.45344539401e-08	-1.78713251621e-08	-1.01731664585e-07	-6.52870513278e-08	-1.72862236433e-07	165.588790011	166.06398685	166.539183688	167.014380526	167.489577365	167.964774203	168.439971042	168.91516788	169.390364719	169.865561557	-3.643512032	-3.60646573254	-3.56941943308	-3.53237313362	-3.49532683416	-3.4582805347	-3.42123423524	-3.38418793578	-3.34714163632	-3.31009533686	1.49299379044	1.49299379044	1.49299379044	1.49299379044	1.49299379044	1.49299379044	1.49299379044	1.49299379044	1.49299379044	1.49299379044	
7.48333333333	153.458992545	153.614402546	153.769812548	153.92522255	154.080632551	154.236042553	154.391452554	154.546862556	154.702272558	154.857682559	0.0	0.0	-9.97810639666e-09	-7.35299917698e-09	-1.60506716666e-08	-1.59841853455e-08	-2.75675849526e-08	-3.03449676249e-08	-4.61550857823e-08	-5.63013465345e-08	0.0	-6.42050466061e-08	1.6891494707e-08	-5.59659764449e-08	4.27812369904e-10	-7.45344539401e-08	-1.78713251621e-08	-1.01731664585e-07	-6.52870513278e-08	-1.72862236433e-07	165.588790011	166.06398685	166.539183688	167.014380526	167.489577365	167.964774203	168.439971042	168.91516788	169.390364719	169.865561557	-3.643512032	-3.60646573254	-3.56941943308	-3.53237313362	-3.49532683416	-3.4582805347	-3.42123423524	-3.38418793578	-3.34714163632	-3.31009533686	1.49299379044	1.49299379044	1.49299379044	1.49299379044	1.49299379044	1.49299379044	1.49299379044	1.49299379044	1.49299379044	1.49299379044	
7.5	153.458992545	153.614402546	153.769812548	153.92522255	154.080632551	154.236042553	154.391452554	154.546862556	154.702272558	154.857682559	0.0	0.0	-9.97810639666e-09	-7.35299917698e-09	-1.60506716666e-08	-1.59841853455e-08	-2.75675849526e-08	-3.03449676249e-08	-4.61550857823e-08	-5.63013465345e-08	0.0	-6.42050466061e-08	1.6891494707e-08	-5.59659764449e-08	4.27812369904e-10	-7.45344539401e-08	-1.78713251621e-08	-1.01731664585e-07	-6.52870513278e-08	-1.72862236433e-07	165.588790011	166.06398685	166.539183688	167.014380526	167.489577365	167.964774203	168.439971042	168.91516788	169.390364719	169.865561557	-3.643512032	-3.60646573254	-3.56941943308	-3.53237313362	-3.49532683416	-3.4582805347	-3.42123423524	-3.38418793578	-3.34714163632	-3.31009533686	1.49299379044	1.49299379044	1.49299379044	1.49299379044	1.49299379044	1.49299379044	1.49299379044	1.49299379044	1.49299379044	1.49299379044	
7.51666666667	153.458992545	153.614402546	153.769812548	153.92522255	154.080632551	154.236042553	154.391452554	154.546862556	154.702272558	154.857682559	0.0	0.0	-9.97810639666e-09	-7.35299917698e-09	-1.60506716666e-08	-1.59841853455e-08	-2.75675849526e-08	-3.03449676249e-08	-4.61550857823e-08	-5.63013465345e-08	0.0	-6.42050466061e-08	1.6891494707e-08	-5.59659764449e-08	4.27812369904e-10	-7.45344539401e-08	-1.78713251621e-08	-1.01731664585e-07	-6.52870513278e-08	-1.72862236433e-07	165.588790011	166.06398685	166.539183688	167.014380526	167.489577365	167.964774203	168.439971042	168.91516788	169.390364719	169.865561557	-3.643512032	-3.60646573254	-3.56941943308	-3.53237313362	-3.49532683416	-3.4582805347	-3.42123423524	-3.38418793578	-3.34714163632	-3.31009533686	1.49299379044	1.49299379044	1.49299379044	1.49299379044	1.49299379044	1.49299379044	1.49299379044	1.49299379044	1.49299379044	1.49299379044	
7.53333333333	153.458992545	153.614402546	153.769812548	153.92522255	154.080632551	154.236042553	154.391452554	154.546862556	154.702272558	154.857682559	0.0	0.0	-9.97810639666e-09	-7.35299917698e-09	-1.60506716666e-08	-1.59841853455e-08	-2.75675849526e-08	-3.03449676249e-08	-4.61550857823e-08	-5.63013465345e-08	0.0	-6.42050466061e-08	1.6891494707e-08	-5.59659764449e-08	4.27812369904e-10	-7.45344539401e-08	-1.78713251621e-08	-1.01731664585e-07	-6.52870513278e-08	-1.72862236433e-07	165.588790011	166.06398685	166.539183688	167.014380526	167.489577365	167.964774203	168.439971042	168.91516788	169.390364719	169.865561557	-3.643512032	-3.60646573254	-3.56941943308	-3.53237313362	-3.49532683416	-3.4582805347	-3.42123423524	-3.38418793578	-3.34714163632	-3.31009533686	1.49299379044	1.49299379044	1.49299379044	1.49299379044	1.49299379044	1.49299379044	1.49299379044	1.49299379044	1.49299379044	1.49299379044	
7.55	153.458992545	153.614402546	153.769812548	153.92522255	154.080632551	154.236042553	154.391452554	154.546862556	154.702272558	154.857682559	0.0	0.0	-9.97810639666e-09	-7.35299917698e-09	-1.60506716666e-08	-1.59841853455e-08	-2.75675849526e-08	-3.03449676249e-08	-4.61550857823e-08	-5.63013465345e-08	0.0	-6.42050466061e-08	1.6891494707e-08	-5.59659764449e-08	4.27812369904e-10	-7.45344539401e-08	-1.78713251621e-08	-1.01731664585e-07	-6.52870513278e-08	-1.72862236433e-07	165.588790011	166.06398685	166.539183688	167.014380526	167.489577365	167.964774203	168.439971042	168.91516788	169.390364719	169.865561557	-3.643512032	-3.60646573254	-3.56941943308	-3.53237313362	-3.49532683416	-3.4582805347	-3.42123423524	-3.38418793578	-3.34714163632	-3.31009533686	1.49299379044	1.49299379044	1.49299379044	1.49299379044	1.49299379044	1.49299379044	1.49299379044	1.49299379044	1.49299379044	1.49299379044	
7.56666666667	153.458992545	153.614402546	153.769812548	153.92522255	154.080632551	154.236042553	154.391452554	154.546862556	154.702272558	154.857682559	0.0	0.0	-9.97810639666e-09	-7.35299917698e-09	-1.60506716666e-08	-1.59841853455e-08	-2.75675849526e-08	-3.03449676249e-08	-4.61550857823e-08	-5.63013465345e-08	0.0	-6.42050466061e-08	1.6891494707e-08	-5.59659764449e-08	4.27812369904e-10	-7.45344539401e-08	-1.78713251621e-08	-1.01731664585e-07	-6.52870513278e-08	-1.72862236433e-07	165.588790011	166.06398685	166.539183688	167.014380526	167.489577365	167.964774203	168.439971042	168.91516788	169.390364719	169.865561557	-3.643512032	-3.60646573254	-3.56941943308	-3.53237313362	-3.49532683416	-3.4582805347	-3.42123423524	-3.38418793578	-3.34714163632	-3.31009533686	1.49299379044	1.49299379044	1.49299379044	1.49299379044	1.49299379044	1.49299379044	1.49299379044	1.49299379044	1.49299379044	1.49299379044	
7.58333333333	153.458992545	153.614402546	153.769812548	153.92522255	154.080632551	154.236042553	154.391452554	154.546862556	154.702272558	154.857682559	0.0	0.0	-9.97810639666e-09	-7.35299917698e-09	-1.60506716666e-08	-1.59841853455e-08	-2.75675849526e-08	-3.03449676249e-08	-4.61550857823e-08	-5.63013465345e-08	0.0	-6.42050466061e-08	1.6891494707e-08	-5.59659764449e-08	4.27812369904e-10	-7.45344539401e-08	-1.78713251621e-08	-1.01731664585e-07	-6.52870513278e-08	-1.72862236433e-07	165.588790011	166.06398685	166.539183688	167.014380526	167.489577365	167.964774203	168.439971042	168.91516788	169.390364719	169.865561557	-3.643512032	-3.60646573254	-3.56941943308	-3.53237313362	-3.49532683416	-3.4582805347	-3.42123423524	-3.38418793578	-3.34714163632	-3.31009533686	1.49299379044	1.49299379044	1.49299379044	1.49299379044	1.49299379044	1.49299379044	1.49299379044	1.49299379044	1.49299379044	1.49299379044	
7.6	153.458992545	153.614402546	153.769812548	153.92522255	154.080632551	154.236042553	154.391452554	154.546862556	154.702272558	154.857682559	0.0	0.0	-9.97810639666e-09	-7.35299917698e-09	-1.60506716666e-08	-1.59841853455e-08	-2.75675849526e-08	-3.03449676249e-08	-4.61550857823e-08	-5.63013465345e-08	0.0	-6.42050466061e-08	1.6891494707e-08	-5.59659764449e-08	4.27812369904e-10	-7.45344539401e-08	-1.78713251621e-08	-1.01731664585e-07	-6.52870513278e-08	-1.72862236433e-07	165.588790011	166.06398685	166.539183688	167.014380526	167.489577365	167.964774203	168.439971042	168.91516788	169.390364719	169.865561557	-3.643512032	-3.60646573254	-3.56941943308	-3.53237313362	-3.49532683416	-3.4582805347	-3.42123423524	-3.38418793578	-3.34714163632	-3.31009533686	1.49299379044	1.49299379044	1.49299379044	1.49299379044	1.49299379044	1.49299379044	1.49299379044	1.49299379044	1.49299379044	1.49299379044	
7.61666666667	153.458992545	153.614402546	153.769812548	153.92522255	154.080632551	154.236042553	154.391452554	154.546862556	154.702272558	154.857682559	0.0	0.0	-9.97810639666e-09	-7.35299917698e-09	-1.60506716666e-08	-1.59841853455e-08	-2.75675849526e-08	-3.03449676249e-08	-4.61550857823e-08	-5.63013465345e-08	0.0	-6.42050466061e-08	1.6891494707e-08	-5.59659764449e-08	4.27812369904e-10	-7.45344539401e-08	-1.78713251621e-08	-1.01731664585e-07	-6.52870513278e-08	-1.72862236433e-07	165.588790011	166.06398685	166.539183688	167.014380526	167.489577365	167.964774203	168.439971042	168.91516788	169.390364719	169.865561557	-3.643512032	-3.60646573254	-3.56941943308	-3.53237313362	-3.49532683416	-3.4582805347	-3.42123423524	-3.38418793578	-3.34714163632	-3.31009533686	1.49299379044	1.49299379044	1.49299379044	1.49299379044	1.49299379044	1.49299379044	1.49299379044	1.49299379044	1.49299379044	1.49299379044	
7.63333333333	153.458992545	153.614402546	153.769812548	153.92522255	154.080632551	154.236042553	154.391452554	154.546862556	154.702272558	154.857682559	0.0	0.0	-9.97810639666e-09	-7.35299917698e-09	-1.60506716666e-08	-1.59841853455e-08	-2.75675849526e-08	-3.03449676249e-08	-4.61550857823e-08	-5.63013465345e-08	0.0	-6.42050466061e-08	1.6891494707e-08	-5.59659764449e-08	4.27812369904e-10	-7.45344539401e-08	-1.78713251621e-08	-1.01731664585e-07	-6.52870513278e-08	-1.72862236433e-07	165.588790011	166.06398685	166.539183688	167.014380526	167.489577365	167.964774203	168.439971042	168.91516788	169.390364719	169.865561557	-3.643512032	-3.60646573254	-3.56941943308	-3.53237313362	-3.49532683416	-3.4582805347	-3.42123423524	-3.38418793578	-3.34714163632	-3.31009533686	1.49299379044	1.49299379044	1.49299379044	1.49299379044	1.49299379044	1.49299379044	1.49299379044	1.49299379044	1.49299379044	1.49299379044	
7.65	153.458992545	153.614402546	153.769812548	153.92522255	154.080632551	154.236042553	154.391452554	154.546862556	154.702272558	154.857682559	0.0	0.0	-9.97810639666e-09	-7.35299917698e-09	-1.60506716666e-08	-1.59841853455e-08	-2.75675849526e-08	-3.03449676249e-08	-4.61550857823e-08	-5.63013465345e-08	0.0	-6.42050466061e-08	1.6891494707e-08	-5.59659764449e-08	4.27812369904e-10	-7.45344539401e-08	-1.78713251621e-08	-1.01731664585e-07	-6.52870513278e-08	-1.72862236433e-07	165.588790011	166.06398685	166.539183688	167.014380526	167.489577365	167.964774203	168.439971042	168.91516788	169.390364719	169.865561557	-3.643512032	-3.60646573254	-3.56941943308	-3.53237313362	-3.49532683416	-3.4582805347	-3.42123423524	-3.38418793578	-3.34714163632	-3.31009533686	1.49299379044	1.49299379044	1.49299379044	1.49299379044	1.49299379044	1.49299379044	1.49299379044	1.49299379044	1.49299379044	1.49299379044	
7.66666666667	153.458992545	153.614402546	153.769812548	153.92522255	154.080632551	154.236042553	154.391452554	154.546862556	154.702272558	154.857682559	0.0	0.0	-9.97810639666e-09	-7.35299917698e-09	-1.60506716666e-08	-1.59841853455e-08	-2.75675849526e-08	-3.03449676249e-08	-4.61550857823e-08	-5.63013465345e-08	0.0	-6.42050466061e-08	1.6891494707e-08	-5.59659764449e-08	4.27812369904e-10	-7.45344539401e-08	-1.78713251621e-08	-1.01731664585e-07	-6.52870513278e-08	-1.72862236433e-07	165.588790011	166.06398685	166.539183688	167.014380526	167.489577365	167.964774203	168.439971042	168.91516788	169.390364719	169.865561557	-3.643512032	-3.60646573254	-3.56941943308	-3.53237313362	-3.49532683416	-3.4582805347	-3.42123423524	-3.38418793578	-3.34714163632	-3.31009533686	1.49299379044	1.49299379044	1.49299379044	1.49299379044	1.49299379044	1.49299379044	1.49299379044	1.49299379044	1.49299379044	1.49299379044	
7.68333333333	153.458992545	153.614402546	153.769812548	153.92522255	154.080632551	154.236042553	154.391452554	154.546862556	154.702272558	154.857682559	0.0	0.0	-9.97810639666e-09	-7.35299917698e-09	-1.60506716666e-08	-1.59841853455e-08	-2.75675849526e-08	-3.03449676249e-08	-4.61550857823e-08	-5.63013465345e-08	0.0	-6.42050466061e-08	1.6891494707e-08	-5.59659764449e-08	4.27812369904e-10	-7.45344539401e-08	-1.78713251621e-08	-1.01731664585e-07	-6.52870513278e-08	-1.72862236433e-07	165.588790011	166.06398685	166.539183688	167.014380526	167.489577365	167.964774203	168.439971042	168.91516788	169.390364719	169.865561557	-3.643512032	-3.60646573254	-3.56941943308	-3.53237313362	-3.49532683416	-3.4582805347	-3.42123423524	-3.38418793578	-3.34714163632	-3.31009533686	1.49299379044	1.49299379044	1.49299379044	1.49299379044	1.49299379044	1.49299379044	1.49299379044	1.49299379044	1.49299379044	1.49299379044	
7.7	153.458992545	153.614402546	153.769812548	153.92522255	154.080632551	154.236042553	154.391452554	154.546862556	154.702272558	154.857682559	0.0	0.0	-9.97810639666e-09	-7.35299917698e-09	-1.60506716666e-08	-1.59841853455e-08	-2.75675849526e-08	-3.03449676249e-08	-4.61550857823e-08	-5.63013465345e-08	0.0	-6.42050466061e-08	1.6891494707e-08	-5.59659764449e-08	4.27812369904e-10	-7.45344539401e-08	-1.78713251621e-08	-1.01731664585e-07	-6.52870513278e-08	-1.72862236433e-07	165.588790011	166.06398685	166.539183688	167.014380526	167.489577365	167.964774203	168.439971042	168.91516788	169.390364719	169.865561557	-3.643512032	-3.60646573254	-3.56941943308	-3.53237313362	-3.49532683416	-3.4582805347	-3.42123423524	-3.38418793578	-3.34714163632	-3.31009533686	1.49299379044	1.49299379044	1.49299379044	1.49299379044	1.49299379044	1.49299379044	1.49299379044	1.49299379044	1.49299379044	1.49299379044	
7.71666666667	153.458992545	153.614402546	153.769812548	153.92522255	154.080632551	154.236042553	154.391452554	154.546862556	154.702272558	154.857682559	0.0	0.0	-9.97810639666e-09	-7.35299917698e-09	-1.60506716666e-08	-1.59841853455e-08	-2.75675849526e-08	-3.03449676249e-08	-4.61550857823e-08	-5.63013465345e-08	0.0	-6.42050466061e-08	1.6891494707e-08	-5.59659764449e-08	4.27812369904e-10	-7.45344539401e-08	-1.78713251621e-08	-1.01731664585e-07	-6.52870513278e-08	-1.72862236433e-07	165.588790011	166.06398685	166.539183688	167.014380526	167.489577365	167.964774203	168.439971042	168.91516788	169.390364719	169.865561557	-3.643512032	-3.60646573254	-3.56941943308	-3.53237313362	-3.49532683416	-3.4582805347	-3.42123423524	-3.38418793578	-3.34714163632	-3.31009533686	1.49299379044	1.49299379044	1.49299379044	1.49299379044	1.49299379044	1.49299379044	1.49299379044	1.49299379044	1.49299379044	1.49299379044	
7.73333333333	153.458992545	153.614402546	153.769812548	153.92522255	154.080632551	154.236042553	154.391452554	154.546862556	154.702272558	154.857682559	0.0	0.0	-9.97810639666e-09	-7.35299917698e-09	-1.60506716666e-08	-1.59841853455e-08	-2.75675849526e-08	-3.03449676249e-08	-4.61550857823e-08	-5.63013465345e-08	0.0	-6.42050466061e-08	1.6891494707e-08	-5.59659764449e-08	4.27812369904e-10	-7.45344539401e-08	-1.78713251621e-08	-1.01731664585e-07	-6.52870513278e-08	-1.72862236433e-07	165.588790011	166.06398685	166.539183688	167.014380526	167.489577365	167.964774203	168.439971042	168.91516788	169.390364719	169.865561557	-3.643512032	-3.60646573254	-3.56941943308	-3.53237313362	-3.49532683416	-3.4582805347	-3.42123423524	-3.38418793578	-3.34714163632	-3.31009533686	1.49299379044	1.49299379044	1.49299379044	1.49299379044	1.49299379044	1.49299379044	1.49299379044	1.49299379044	1.49299379044	1.49299379044	
7.75	153.458992545	153.614402546	153.769812548	153.92522255	154.080632551	154.236042553	154.391452554	154.546862556	154.702272558	154.857682559	0.0	0.0	-9.97810639666e-09	-7.35299917698e-09	-1.60506716666e-08	-1.59841853455e-08	-2.75675849526e-08	-3.03449676249e-08	-4.61550857823e-08	-5.63013465345e-08	0.0	-6.42050466061e-08	1.6891494707e-08	-5.59659764449e-08	4.27812369904e-10	-7.45344539401e-08	-1.78713251621e-08	-1.01731664585e-07	-6.52870513278e-08	-1.72862236433e-07	165.588790011	166.06398685	166.539183688	167.014380526	167.489577365	167.964774203	168.439971042	168.91516788	169.390364719	169.865561557	-3.643512032	-3.60646573254	-3.56941943308	-3.53237313362	-3.49532683416	-3.4582805347	-3.42123423524	-3.38418793578	-3.34714163632	-3.31009533686	1.49299379044	1.49299379044	1.49299379044	1.49299379044	1.49299379044	1.49299379044	1.49299379044	1.49299379044	1.49299379044	1.49299379044	
7.76666666667	153.458992545	153.614402546	153.769812548	153.92522255	154.080632551	154.236042553	154.391452554	154.546862556	154.702272558	154.857682559	0.0	0.0	-9.97810639666e-09	-7.35299917698e-09	-1.60506716666e-08	-1.59841853455e-08	-2.75675849526e-08	-3.03449676249e-08	-4.61550857823e-08	-5.63013465345e-08	0.0	-6.42050466061e-08	1.6891494707e-08	-5.59659764449e-08	4.27812369904e-10	-7.45344539401e-08	-1.78713251621e-08	-1.01731664585e-07	-6.52870513278e-08	-1.72862236433e-07	165.588790011	166.06398685	166.539183688	167.014380526	167.489577365	167.964774203	168.439971042	168.91516788	169.390364719	169.865561557	-3.643512032	-3.60646573254	-3.56941943308	-3.53237313362	-3.49532683416	-3.4582805347	-3.42123423524	-3.38418793578	-3.34714163632	-3.31009533686	1.49299379044	1.49299379044	1.49299379044	1.49299379044	1.49299379044	1.49299379044	1.49299379044	1.49299379044	1.49299379044	1.49299379044	
7.78333333333	153.458992545	153.614402546	153.769812548	153.92522255	154.080632551	154.236042553	154.391452554	154.546862556	154.702272558	154.857682559	0.0	0.0	-9.97810639666e-09	-7.35299917698e-09	-1.60506716666e-08	-1.59841853455e-08	-2.75675849526e-08	-3.03449676249e-08	-4.61550857823e-08	-5.63013465345e-08	0.0	-6.42050466061e-08	1.6891494707e-08	-5.59659764449e-08	4.27812369904e-10	-7.45344539401e-08	-1.78713251621e-08	-1.01731664585e-07	-6.52870513278e-08	-1.72862236433e-07	165.588790011	166.06398685	166.539183688	167.014380526	167.489577365	167.964774203	168.439971042	168.91516788	169.390364719	169.865561557	-3.643512032	-3.60646573254	-3.56941943308	-3.53237313362	-3.49532683416	-3.4582805347	-3.42123423524	-3.38418793578	-3.34714163632	-3.31009533686	1.49299379044	1.49299379044	1.49299379044	1.49299379044	1.49299379044	1.49299379044	1.49299379044	1.49299379044	1.49299379044	1.49299379044	
7.8	153.458992545	153.614402546	153.769812548	153.92522255	154.080632551	154.236042553	154.391452554	154.546862556	154.702272558	154.857682559	0.0	0.0	-9.97810639666e-09	-7.35299917698e-09	-1.60506716666e-08	-1.59841853455e-08	-2.75675849526e-08	-3.03449676249e-08	-4.61550857823e-08	-5.63013465345e-08	0.0	-6.42050466061e-08	1.6891494707e-08	-5.59659764449e-08	4.27812369904e-10	-7.45344539401e-08	-1.78713251621e-08	-1.01731664585e-07	-6.52870513278e-08	-1.72862236433e-07	165.588790011	166.06398685	166.539183688	167.014380526	167.489577365	167.964774203	168.439971042	168.91516788	169.390364719	169.865561557	-3.643512032	-3.60646573254	-3.56941943308	-3.53237313362	-3.49532683416	-3.4582805347	-3.42123423524	-3.38418793578	-3.34714163632	-3.31009533686	1.49299379044	1.49299379044	1.49299379044	1.49299379044	1.49299379044	1.49299379044	1.49299379044	1.49299379044	1.49299379044	1.49299379044	
7.81666666667	153.458992545	153.614402546	153.769812548	153.92522255	154.080632551	154.236042553	154.391452554	154.546862556	154.702272558	154.857682559	0.0	0.0	-9.97810639666e-09	-7.35299917698e-09	-1.60506716666e-08	-1.59841853455e-08	-2.75675849526e-08	-3.03449676249e-08	-4.61550857823e-08	-5.63013465345e-08	0.0	-6.42050466061e-08	1.6891494707e-08	-5.59659764449e-08	4.27812369904e-10	-7.45344539401e-08	-1.78713251621e-08	-1.01731664585e-07	-6.52870513278e-08	-1.72862236433e-07	165.588790011	166.06398685	166.539183688	167.014380526	167.489577365	167.964774203	168.439971042	168.91516788	169.390364719	169.865561557	-3.643512032	-3.60646573254	-3.56941943308	-3.53237313362	-3.49532683416	-3.4582805347	-3.42123423524	-3.38418793578	-3.34714163632	-3.31009533686	1.49299379044	1.49299379044	1.49299379044	1.49299379044	1.49299379044	1.49299379044	1.49299379044	1.49299379044	1.49299379044	1.49299379044	
7.83333333333	153.458992545	153.614402546	153.769812548	153.92522255	154.080632551	154.236042553	154.391452554	154.546862556	154.702272558	154.857682559	0.0	0.0	-9.97810639666e-09	-7.35299917698e-09	-1.60506716666e-08	-1.59841853455e-08	-2.75675849526e-08	-3.03449676249e-08	-4.61550857823e-08	-5.63013465345e-08	0.0	-6.42050466061e-08	1.6891494707e-08	-5.59659764449e-08	4.27812369904e-10	-7.45344539401e-08	-1.78713251621e-08	-1.01731664585e-07	-6.52870513278e-08	-1.72862236433e-07	165.588790011	166.06398685	166.539183688	167.014380526	167.489577365	167.964774203	168.439971042	168.91516788	169.390364719	169.865561557	-3.643512032	-3.60646573254	-3.56941943308	-3.53237313362	-3.49532683416	-3.4582805347	-3.42123423524	-3.38418793578	-3.34714163632	-3.31009533686	1.49299379044	1.49299379044	1.49299379044	1.49299379044	1.49299379044	1.49299379044	1.49299379044	1.49299379044	1.49299379044	1.49299379044	
7.85	153.458992545	153.614402546	153.769812548	153.92522255	154.080632551	154.236042553	154.391452554	154.546862556	154.702272558	154.857682559	0.0	0.0	-9.97810639666e-09	-7.35299917698e-09	-1.60506716666e-08	-1.59841853455e-08	-2.75675849526e-08	-3.03449676249e-08	-4.61550857823e-08	-5.63013465345e-08	0.0	-6.42050466061e-08	1.6891494707e-08	-5.59659764449e-08	4.27812369904e-10	-7.45344539401e-08	-1.78713251621e-08	-1.01731664585e-07	-6.52870513278e-08	-1.72862236433e-07	165.588790011	166.06398685	166.539183688	167.014380526	167.489577365	167.964774203	168.439971042	168.91516788	169.390364719	169.865561557	-3.643512032	-3.60646573254	-3.56941943308	-3.53237313362	-3.49532683416	-3.4582805347	-3.42123423524	-3.38418793578	-3.34714163632	-3.31009533686	1.49299379044	1.49299379044	1.49299379044	1.49299379044	1.49299379044	1.49299379044	1.49299379044	1.49299379044	1.49299379044	1.49299379044	
7.86666666667	153.458992545	153.614402546	153.769812548	153.92522255	154.080632551	154.236042553	154.391452554	154.546862556	154.702272558	154.857682559	0.0	0.0	-9.97810639666e-09	-7.35299917698e-09	-1.60506716666e-08	-1.59841853455e-08	-2.75675849526e-08	-3.03449676249e-08	-4.61550857823e-08	-5.63013465345e-08	0.0	-6.42050466061e-08	1.6891494707e-08	-5.59659764449e-08	4.27812369904e-10	-7.45344539401e-08	-1.78713251621e-08	-1.01731664585e-07	-6.52870513278e-08	-1.72862236433e-07	165.588790011	166.06398685	166.539183688	167.014380526	167.489577365	167.964774203	168.439971042	168.91516788	169.390364719	169.865561557	-3.643512032	-3.60646573254	-3.56941943308	-3.53237313362	-3.49532683416	-3.4582805347	-3.42123423524	-3.38418793578	-3.34714163632	-3.31009533686	1.49299379044	1.49299379044	1.49299379044	1.49299379044	1.49299379044	1.49299379044	1.49299379044	1.49299379044	1.49299379044	1.49299379044	
7.88333333333	153.458992545	153.614402546	153.769812548	153.92522255	154.080632551	154.236042553	154.391452554	154.546862556	154.702272558	154.857682559	0.0	0.0	-9.97810639666e-09	-7.35299917698e-09	-1.60506716666e-08	-1.59841853455e-08	-2.75675849526e-08	-3.03449676249e-08	-4.61550857823e-08	-5.63013465345e-08	0.0	-6.42050466061e-08	1.6891494707e-08	-5.59659764449e-08	4.27812369904e-10	-7.45344539401e-08	-1.78713251621e-08	-1.01731664585e-07	-6.52870513278e-08	-1.72862236433e-07	165.588790011	166.06398685	166.539183688	167.014380526	167.489577365	167.964774203	168.439971042	168.91516788	169.390364719	169.865561557	-3.643512032	-3.60646573254	-3.56941943308	-3.53237313362	-3.49532683416	-3.4582805347	-3.42123423524	-3.38418793578	-3.34714163632	-3.31009533686	1.49299379044	1.49299379044	1.49299379044	1.49299379044	1.49299379044	1.49299379044	1.49299379044	1.49299379044	1.49299379044	1.49299379044	
7.9	153.458992545	153.614402546	153.769812548	153.92522255	154.080632551	154.236042553	154.391452554	154.546862556	154.702272558	154.857682559	0.0	0.0	-9.97810639666e-09	-7.35299917698e-09	-1.60506716666e-08	-1.59841853455e-08	-2.75675849526e-08	-3.03449676249e-08	-4.61550857823e-08	-5.63013465345e-08	0.0	-6.42050466061e-08	1.6891494707e-08	-5.59659764449e-08	4.27812369904e-10	-7.45344539401e-08	-1.78713251621e-08	-1.01731664585e-07	-6.52870513278e-08	-1.72862236433e-07	165.588790011	166.06398685	166.539183688	167.014380526	167.489577365	167.964774203	168.439971042	168.91516788	169.390364719	169.865561557	-3.643512032	-3.60646573254	-3.56941943308	-3.53237313362	-3.49532683416	-3.4582805347	-3.42123423524	-3.38418793578	-3.34714163632	-3.31009533686	1.49299379044	1.49299379044	1.49299379044	1.49299379044	1.49299379044	1.49299379044	1.49299379044	1.49299379044	1.49299379044	1.49299379044	
7.91666666667	153.458992545	153.614402546	153.769812548	153.92522255	154.080632551	154.236042553	154.391452554	154.546862556	154.702272558	154.857682559	0.0	0.0	-9.97810639666e-09	-7.35299917698e-09	-1.60506716666e-08	-1.59841853455e-08	-2.75675849526e-08	-3.03449676249e-08	-4.61550857823e-08	-5.63013465345e-08	0.0	-6.42050466061e-08	1.6891494707e-08	-5.59659764449e-08	4.27812369904e-10	-7.45344539401e-08	-1.78713251621e-08	-1.01731664585e-07	-6.52870513278e-08	-1.72862236433e-07	165.588790011	166.06398685	166.539183688	167.014380526	167.489577365	167.964774203	168.439971042	168.91516788	169.390364719	169.865561557	-3.643512032	-3.60646573254	-3.56941943308	-3.53237313362	-3.49532683416	-3.4582805347	-3.42123423524	-3.38418793578	-3.34714163632	-3.31009533686	1.49299379044	1.49299379044	1.49299379044	1.49299379044	1.49299379044	1.49299379044	1.49299379044	1.49299379044	1.49299379044	1.49299379044	
7.93333333333	153.458992545	153.614402546	153.769812548	153.92522255	154.080632551	154.236042553	154.391452554	154.546862556	154.702272558	154.857682559	0.0	0.0	-9.97810639666e-09	-7.35299917698e-09	-1.60506716666e-08	-1.59841853455e-08	-2.75675849526e-08	-3.03449676249e-08	-4.61550857823e-08	-5.63013465345e-08	0.0	-6.42050466061e-08	1.6891494707e-08	-5.59659764449e-08	4.27812369904e-10	-7.45344539401e-08	-1.78713251621e-08	-1.01731664585e-07	-6.52870513278e-08	-1.72862236433e-07	165.588790011	166.06398685	166.539183688	167.014380526	167.489577365	167.964774203	168.439971042	168.91516788	169.390364719	169.865561557	-3.643512032	-3.60646573254	-3.56941943308	-3.53237313362	-3.49532683416	-3.4582805347	-3.42123423524	-3.38418793578	-3.34714163632	-3.31009533686	1.49299379044	1.49299379044	1.49299379044	1.49299379044	1.49299379044	1.49299379044	1.49299379044	1.49299379044	1.49299379044	1.49299379044	
7.95	153.458992545	153.614402546	153.769812548	153.92522255	154.080632551	154.236042553	154.391452554	154.546862556	154.702272558	154.857682559	0.0	0.0	-9.97810639666e-09	-7.35299917698e-09	-1.60506716666e-08	-1.59841853455e-08	-2.75675849526e-08	-3.03449676249e-08	-4.61550857823e-08	-5.63013465345e-08	0.0	-6.42050466061e-08	1.6891494707e-08	-5.59659764449e-08	4.27812369904e-10	-7.45344539401e-08	-1.78713251621e-08	-1.01731664585e-07	-6.52870513278e-08	-1.72862236433e-07	165.588790011	166.06398685	166.539183688	167.014380526	167.489577365	167.964774203	168.439971042	168.91516788	169.390364719	169.865561557	-3.643512032	-3.60646573254	-3.56941943308	-3.53237313362	-3.49532683416	-3.4582805347	-3.42123423524	-3.38418793578	-3.34714163632	-3.31009533686	1.49299379044	1.49299379044	1.49299379044	1.49299379044	1.49299379044	1.49299379044	1.49299379044	1.49299379044	1.49299379044	1.49299379044	
7.96666666667	153.458992545	153.614402546	153.769812548	153.92522255	154.080632551	154.236042553	154.391452554	154.546862556	154.702272558	154.857682559	0.0	0.0	-9.97810639666e-09	-7.35299917698e-09	-1.60506716666e-08	-1.59841853455e-08	-2.75675849526e-08	-3.03449676249e-08	-4.61550857823e-08	-5.63013465345e-08	0.0	-6.42050466061e-08	1.6891494707e-08	-5.59659764449e-08	4.27812369904e-10	-7.45344539401e-08	-1.78713251621e-08	-1.01731664585e-07	-6.52870513278e-08	-1.72862236433e-07	165.588790011	166.06398685	166.539183688	167.014380526	167.489577365	167.964774203	168.439971042	168.91516788	169.390364719	169.865561557	-3.643512032	-3.60646573254	-3.56941943308	-3.53237313362	-3.49532683416	-3.4582805347	-3.42123423524	-3.38418793578	-3.34714163632	-3.31009533686	1.49299379044	1.49299379044	1.49299379044	1.49299379044	1.49299379044	1.49299379044	1.49299379044	1.49299379044	1.49299379044	1.49299379044	
7.98333333333	153.458992545	153.614402546	153.769812548	153.92522255	154.080632551	154.236042553	154.391452554	154.546862556	154.702272558	154.857682559	0.0	0.0	-9.97810639666e-09	-7.35299917698e-09	-1.60506716666e-08	-1.59841853455e-08	-2.75675849526e-08	-3.03449676249e-08	-4.61550857823e-08	-5.63013465345e-08	0.0	-6.42050466061e-08	1.6891494707e-08	-5.59659764449e-08	4.27812369904e-10	-7.45344539401e-08	-1.78713251621e-08	-1.01731664585e-07	-6.52870513278e-08	-1.72862236433e-07	165.588790011	166.06398685	166.539183688	167.014380526	167.489577365	167.964774203	168.439971042	168.91516788	169.390364719	169.865561557	-3.643512032	-3.60646573254	-3.56941943308	-3.53237313362	-3.49532683416	-3.4582805347	-3.42123423524	-3.38418793578	-3.34714163632	-3.31009533686	1.49299379044	1.49299379044	1.49299379044	1.49299379044	1.49299379044	1.49299379044	1.49299379044	1.49299379044	1.49299379044	1.49299379044	
8.0	153.458992545	153.614402546	153.769812548	153.92522255	154.080632551	154.236042553	154.391452554	154.546862556	154.702272558	154.857682559	0.0	0.0	-9.97810639666e-09	-7.35299917698e-09	-1.60506716666e-08	-1.59841853455e-08	-2.75675849526e-08	-3.03449676249e-08	-4.61550857823e-08	-5.63013465345e-08	0.0	-6.42050466061e-08	1.6891494707e-08	-5.59659764449e-08	4.27812369904e-10	-7.45344539401e-08	-1.78713251621e-08	-1.01731664585e-07	-6.52870513278e-08	-1.72862236433e-07	165.588790011	166.06398685	166.539183688	167.014380526	167.489577365	167.964774203	168.439971042	168.91516788	169.390364719	169.865561557	-3.643512032	-3.60646573254	-3.56941943308	-3.53237313362	-3.49532683416	-3.4582805347	-3.42123423524	-3.38418793578	-3.34714163632	-3.31009533686	1.49299379044	1.49299379044	1.49299379044	1.49299379044	1.49299379044	1.49299379044	1.49299379044	1.49299379044	1.49299379044	1.49299379044	
8.01666666667	153.458992545	153.614402546	153.769812548	153.92522255	154.080632551	154.236042553	154.391452554	154.546862556	154.702272558	154.857682559	0.0	0.0	-9.97810639666e-09	-7.35299917698e-09	-1.60506716666e-08	-1.59841853455e-08	-2.75675849526e-08	-3.03449676249e-08	-4.61550857823e-08	-5.63013465345e-08	0.0	-6.42050466061e-08	1.6891494707e-08	-5.59659764449e-08	4.27812369904e-10	-7.45344539401e-08	-1.78713251621e-08	-1.01731664585e-07	-6.52870513278e-08	-1.72862236433e-07	165.588790011	166.06398685	166.539183688	167.014380526	167.489577365	167.964774203	168.439971042	168.91516788	169.390364719	169.865561557	-3.643512032	-3.60646573254	-3.56941943308	-3.53237313362	-3.49532683416	-3.4582805347	-3.42123423524	-3.38418793578	-3.34714163632	-3.31009533686	1.49299379044	1.49299379044	1.49299379044	1.49299379044	1.49299379044	1.49299379044	1.49299379044	1.49299379044	1.49299379044	1.49299379044	
8.03333333333	153.458992545	153.614402546	153.769812548	153.92522255	154.080632551	154.236042553	154.391452554	154.546862556	154.702272558	154.857682559	0.0	0.0	-9.97810639666e-09	-7.35299917698e-09	-1.60506716666e-08	-1.59841853455e-08	-2.75675849526e-08	-3.03449676249e-08	-4.61550857823e-08	-5.63013465345e-08	0.0	-6.42050466061e-08	1.6891494707e-08	-5.59659764449e-08	4.27812369904e-10	-7.45344539401e-08	-1.78713251621e-08	-1.01731664585e-07	-6.52870513278e-08	-1.72862236433e-07	165.588790011	166.06398685	166.539183688	167.014380526	167.489577365	167.964774203	168.439971042	168.91516788	169.390364719	169.865561557	-3.643512032	-3.60646573254	-3.56941943308	-3.53237313362	-3.49532683416	-3.4582805347	-3.42123423524	-3.38418793578	-3.34714163632	-3.31009533686	1.49299379044	1.49299379044	1.49299379044	1.49299379044	1.49299379044	1.49299379044	1.49299379044	1.49299379044	1.49299379044	1.49299379044	
8.05	153.458992545	153.614402546	153.769812548	153.92522255	154.080632551	154.236042553	154.391452554	154.546862556	154.702272558	154.857682559	0.0	0.0	-9.97810639666e-09	-7.35299917698e-09	-1.60506716666e-08	-1.59841853455e-08	-2.75675849526e-08	-3.03449676249e-08	-4.61550857823e-08	-5.63013465345e-08	0.0	-6.42050466061e-08	1.6891494707e-08	-5.59659764449e-08	4.27812369904e-10	-7.45344539401e-08	-1.78713251621e-08	-1.01731664585e-07	-6.52870513278e-08	-1.72862236433e-07	165.588790011	166.06398685	166.539183688	167.014380526	167.489577365	167.964774203	168.439971042	168.91516788	169.390364719	169.865561557	-3.643512032	-3.60646573254	-3.56941943308	-3.53237313362	-3.49532683416	-3.4582805347	-3.42123423524	-3.38418793578	-3.34714163632	-3.31009533686	1.49299379044	1.49299379044	1.49299379044	1.49299379044	1.49299379044	1.49299379044	1.49299379044	1.49299379044	1.49299379044	1.49299379044	
8.06666666667	153.458992545	153.614402546	153.769812548	153.92522255	154.080632551	154.236042553	154.391452554	154.546862556	154.702272558	154.857682559	0.0	0.0	-9.97810639666e-09	-7.35299917698e-09	-1.60506716666e-08	-1.59841853455e-08	-2.75675849526e-08	-3.03449676249e-08	-4.61550857823e-08	-5.63013465345e-08	0.0	-6.42050466061e-08	1.6891494707e-08	-5.59659764449e-08	4.27812369904e-10	-7.45344539401e-08	-1.78713251621e-08	-1.01731664585e-07	-6.52870513278e-08	-1.72862236433e-07	165.588790011	166.06398685	166.539183688	167.014380526	167.489577365	167.964774203	168.439971042	168.91516788	169.390364719	169.865561557	-3.643512032	-3.60646573254	-3.56941943308	-3.53237313362	-3.49532683416	-3.4582805347	-3.42123423524	-3.38418793578	-3.34714163632	-3.31009533686	1.49299379044	1.49299379044	1.49299379044	1.49299379044	1.49299379044	1.49299379044	1.49299379044	1.49299379044	1.49299379044	1.49299379044	
8.08333333333	153.458992545	153.614402546	153.769812548	153.92522255	154.080632551	154.236042553	154.391452554	154.546862556	154.702272558	154.857682559	0.0	0.0	-9.97810639666e-09	-7.35299917698e-09	-1.60506716666e-08	-1.59841853455e-08	-2.75675849526e-08	-3.03449676249e-08	-4.61550857823e-08	-5.63013465345e-08	0.0	-6.42050466061e-08	1.6891494707e-08	-5.59659764449e-08	4.27812369904e-10	-7.45344539401e-08	-1.78713251621e-08	-1.01731664585e-07	-6.52870513278e-08	-1.72862236433e-07	165.588790011	166.06398685	166.539183688	167.014380526	167.489577365	167.964774203	168.439971042	168.91516788	169.390364719	169.865561557	-3.643512032	-3.60646573254	-3.56941943308	-3.53237313362	-3.49532683416	-3.4582805347	-3.42123423524	-3.38418793578	-3.34714163632	-3.31009533686	1.49299379044	1.49299379044	1.49299379044	1.49299379044	1.49299379044	1.49299379044	1.49299379044	1.49299379044	1.49299379044	1.49299379044	
8.1	153.458992545	153.614402546	153.769812548	153.92522255	154.080632551	154.236042553	154.391452554	154.546862556	154.702272558	154.857682559	0.0	0.0	-9.97810639666e-09	-7.35299917698e-09	-1.60506716666e-08	-1.59841853455e-08	-2.75675849526e-08	-3.03449676249e-08	-4.61550857823e-08	-5.63013465345e-08	0.0	-6.42050466061e-08	1.6891494707e-08	-5.59659764449e-08	4.27812369904e-10	-7.45344539401e-08	-1.78713251621e-08	-1.01731664585e-07	-6.52870513278e-08	-1.72862236433e-07	165.588790011	166.06398685	166.539183688	167.014380526	167.489577365	167.964774203	168.439971042	168.91516788	169.390364719	169.865561557	-3.643512032	-3.60646573254	-3.56941943308	-3.53237313362	-3.49532683416	-3.4582805347	-3.42123423524	-3.38418793578	-3.34714163632	-3.31009533686	1.49299379044	1.49299379044	1.49299379044	1.49299379044	1.49299379044	1.49299379044	1.49299379044	1.49299379044	1.49299379044	1.49299379044	
8.11666666667	153.458992545	153.614402546	153.769812548	153.92522255	154.080632551	154.236042553	154.391452554	154.546862556	154.702272558	154.857682559	0.0	0.0	-9.97810639666e-09	-7.35299917698e-09	-1.60506716666e-08	-1.59841853455e-08	-2.75675849526e-08	-3.03449676249e-08	-4.61550857823e-08	-5.63013465345e-08	0.0	-6.42050466061e-08	1.6891494707e-08	-5.59659764449e-08	4.27812369904e-10	-7.45344539401e-08	-1.78713251621e-08	-1.01731664585e-07	-6.52870513278e-08	-1.72862236433e-07	165.588790011	166.06398685	166.539183688	167.014380526	167.489577365	167.964774203	168.439971042	168.91516788	169.390364719	169.865561557	-3.643512032	-3.60646573254	-3.56941943308	-3.53237313362	-3.49532683416	-3.4582805347	-3.42123423524	-3.38418793578	-3.34714163632	-3.31009533686	1.49299379044	1.49299379044	1.49299379044	1.49299379044	1.49299379044	1.49299379044	1.49299379044	1.49299379044	1.49299379044	1.49299379044	
8.13333333333	153.458992545	153.614402546	153.769812548	153.92522255	154.080632551	154.236042553	154.391452554	154.546862556	154.702272558	154.857682559	0.0	0.0	-9.97810639666e-09	-7.35299917698e-09	-1.60506716666e-08	-1.59841853455e-08	-2.75675849526e-08	-3.03449676249e-08	-4.61550857823e-08	-5.63013465345e-08	0.0	-6.42050466061e-08	1.6891494707e-08	-5.59659764449e-08	4.27812369904e-10	-7.45344539401e-08	-1.78713251621e-08	-1.01731664585e-07	-6.52870513278e-08	-1.72862236433e-07	165.588790011	166.06398685	166.539183688	167.014380526	167.489577365	167.964774203	168.439971042	168.91516788	169.390364719	169.865561557	-3.643512032	-3.60646573254	-3.56941943308	-3.53237313362	-3.49532683416	-3.4582805347	-3.42123423524	-3.38418793578	-3.34714163632	-3.31009533686	1.49299379044	1.49299379044	1.49299379044	1.49299379044	1.49299379044	1.49299379044	1.49299379044	1.49299379044	1.49299379044	1.49299379044	
8.15	153.458992545	153.614402546	153.769812548	153.92522255	154.080632551	154.236042553	154.391452554	154.546862556	154.702272558	154.857682559	0.0	0.0	-9.97810639666e-09	-7.35299917698e-09	-1.60506716666e-08	-1.59841853455e-08	-2.75675849526e-08	-3.03449676249e-08	-4.61550857823e-08	-5.63013465345e-08	0.0	-6.42050466061e-08	1.6891494707e-08	-5.59659764449e-08	4.27812369904e-10	-7.45344539401e-08	-1.78713251621e-08	-1.01731664585e-07	-6.52870513278e-08	-1.72862236433e-07	165.588790011	166.06398685	166.539183688	167.014380526	167.489577365	167.964774203	168.439971042	168.91516788	169.390364719	169.865561557	-3.643512032	-3.60646573254	-3.56941943308	-3.53237313362	-3.49532683416	-3.4582805347	-3.42123423524	-3.38418793578	-3.34714163632	-3.31009533686	1.49299379044	1.49299379044	1.49299379044	1.49299379044	1.49299379044	1.49299379044	1.49299379044	1.49299379044	1.49299379044	1.49299379044	
8.16666666667	153.458992545	153.614402546	153.769812548	153.92522255	154.080632551	154.236042553	154.391452554	154.546862556	154.702272558	154.857682559	0.0	0.0	-9.97810639666e-09	-7.35299917698e-09	-1.60506716666e-08	-1.59841853455e-08	-2.75675849526e-08	-3.03449676249e-08	-4.61550857823e-08	-5.63013465345e-08	0.0	-6.42050466061e-08	1.6891494707e-08	-5.59659764449e-08	4.27812369904e-10	-7.45344539401e-08	-1.78713251621e-08	-1.01731664585e-07	-6.52870513278e-08	-1.72862236433e-07	165.588790011	166.06398685	166.539183688	167.014380526	167.489577365	167.964774203	168.439971042	168.91516788	169.390364719	169.865561557	-3.643512032	-3.60646573254	-3.56941943308	-3.53237313362	-3.49532683416	-3.4582805347	-3.42123423524	-3.38418793578	-3.34714163632	-3.31009533686	1.49299379044	1.49299379044	1.49299379044	1.49299379044	1.49299379044	1.49299379044	1.49299379044	1.49299379044	1.49299379044	1.49299379044	
8.18333333333	153.458992545	153.614402546	153.769812548	153.92522255	154.080632551	154.236042553	154.391452554	154.546862556	154.702272558	154.857682559	0.0	0.0	-9.97810639666e-09	-7.35299917698e-09	-1.60506716666e-08	-1.59841853455e-08	-2.75675849526e-08	-3.03449676249e-08	-4.61550857823e-08	-5.63013465345e-08	0.0	-6.42050466061e-08	1.6891494707e-08	-5.59659764449e-08	4.27812369904e-10	-7.45344539401e-08	-1.78713251621e-08	-1.01731664585e-07	-6.52870513278e-08	-1.72862236433e-07	165.588790011	166.06398685	166.539183688	167.014380526	167.489577365	167.964774203	168.439971042	168.91516788	169.390364719	169.865561557	-3.643512032	-3.60646573254	-3.56941943308	-3.53237313362	-3.49532683416	-3.4582805347	-3.42123423524	-3.38418793578	-3.34714163632	-3.31009533686	1.49299379044	1.49299379044	1.49299379044	1.49299379044	1.49299379044	1.49299379044	1.49299379044	1.49299379044	1.49299379044	1.49299379044	
8.2	153.458992545	153.614402546	153.769812548	153.92522255	154.080632551	154.236042553	154.391452554	154.546862556	154.702272558	154.857682559	0.0	0.0	-9.97810639666e-09	-7.35299917698e-09	-1.60506716666e-08	-1.59841853455e-08	-2.75675849526e-08	-3.03449676249e-08	-4.61550857823e-08	-5.63013465345e-08	0.0	-6.42050466061e-08	1.6891494707e-08	-5.59659764449e-08	4.27812369904e-10	-7.45344539401e-08	-1.78713251621e-08	-1.01731664585e-07	-6.52870513278e-08	-1.72862236433e-07	165.588790011	166.06398685	166.539183688	167.014380526	167.489577365	167.964774203	168.439971042	168.91516788	169.390364719	169.865561557	-3.643512032	-3.60646573254	-3.56941943308	-3.53237313362	-3.49532683416	-3.4582805347	-3.42123423524	-3.38418793578	-3.34714163632	-3.31009533686	1.49299379044	1.49299379044	1.49299379044	1.49299379044	1.49299379044	1.49299379044	1.49299379044	1.49299379044	1.49299379044	1.49299379044	
8.21666666667	153.458992545	153.614402546	153.769812548	153.92522255	154.080632551	154.236042553	154.391452554	154.546862556	154.702272558	154.857682559	0.0	0.0	-9.97810639666e-09	-7.35299917698e-09	-1.60506716666e-08	-1.59841853455e-08	-2.75675849526e-08	-3.03449676249e-08	-4.61550857823e-08	-5.63013465345e-08	0.0	-6.42050466061e-08	1.6891494707e-08	-5.59659764449e-08	4.27812369904e-10	-7.45344539401e-08	-1.78713251621e-08	-1.01731664585e-07	-6.52870513278e-08	-1.72862236433e-07	165.588790011	166.06398685	166.539183688	167.014380526	167.489577365	167.964774203	168.439971042	168.91516788	169.390364719	169.865561557	-3.643512032	-3.60646573254	-3.56941943308	-3.53237313362	-3.49532683416	-3.4582805347	-3.42123423524	-3.38418793578	-3.34714163632	-3.31009533686	1.49299379044	1.49299379044	1.49299379044	1.49299379044	1.49299379044	1.49299379044	1.49299379044	1.49299379044	1.49299379044	1.49299379044	
8.23333333333	153.458992545	153.614402546	153.769812548	153.92522255	154.080632551	154.236042553	154.391452554	154.546862556	154.702272558	154.857682559	0.0	0.0	-9.97810639666e-09	-7.35299917698e-09	-1.60506716666e-08	-1.59841853455e-08	-2.75675849526e-08	-3.03449676249e-08	-4.61550857823e-08	-5.63013465345e-08	0.0	-6.42050466061e-08	1.6891494707e-08	-5.59659764449e-08	4.27812369904e-10	-7.45344539401e-08	-1.78713251621e-08	-1.01731664585e-07	-6.52870513278e-08	-1.72862236433e-07	165.588790011	166.06398685	166.539183688	167.014380526	167.489577365	167.964774203	168.439971042	168.91516788	169.390364719	169.865561557	-3.643512032	-3.60646573254	-3.56941943308	-3.53237313362	-3.49532683416	-3.4582805347	-3.42123423524	-3.38418793578	-3.34714163632	-3.31009533686	1.49299379044	1.49299379044	1.49299379044	1.49299379044	1.49299379044	1.49299379044	1.49299379044	1.49299379044	1.49299379044	1.49299379044	
8.25	153.458992545	153.614402546	153.769812548	153.92522255	154.080632551	154.236042553	154.391452554	154.546862556	154.702272558	154.857682559	0.0	0.0	-9.97810639666e-09	-7.35299917698e-09	-1.60506716666e-08	-1.59841853455e-08	-2.75675849526e-08	-3.03449676249e-08	-4.61550857823e-08	-5.63013465345e-08	0.0	-6.42050466061e-08	1.6891494707e-08	-5.59659764449e-08	4.27812369904e-10	-7.45344539401e-08	-1.78713251621e-08	-1.01731664585e-07	-6.52870513278e-08	-1.72862236433e-07	165.588790011	166.06398685	166.539183688	167.014380526	167.489577365	167.964774203	168.439971042	168.91516788	169.390364719	169.865561557	-3.643512032	-3.60646573254	-3.56941943308	-3.53237313362	-3.49532683416	-3.4582805347	-3.42123423524	-3.38418793578	-3.34714163632	-3.31009533686	1.49299379044	1.49299379044	1.49299379044	1.49299379044	1.49299379044	1.49299379044	1.49299379044	1.49299379044	1.49299379044	1.49299379044	
8.26666666667	153.458992545	153.614402546	153.769812548	153.92522255	154.080632551	154.236042553	154.391452554	154.546862556	154.702272558	154.857682559	0.0	0.0	-9.97810639666e-09	-7.35299917698e-09	-1.60506716666e-08	-1.59841853455e-08	-2.75675849526e-08	-3.03449676249e-08	-4.61550857823e-08	-5.63013465345e-08	0.0	-6.42050466061e-08	1.6891494707e-08	-5.59659764449e-08	4.27812369904e-10	-7.45344539401e-08	-1.78713251621e-08	-1.01731664585e-07	-6.52870513278e-08	-1.72862236433e-07	165.588790011	166.06398685	166.539183688	167.014380526	167.489577365	167.964774203	168.439971042	168.91516788	169.390364719	169.865561557	-3.643512032	-3.60646573254	-3.56941943308	-3.53237313362	-3.49532683416	-3.4582805347	-3.42123423524	-3.38418793578	-3.34714163632	-3.31009533686	1.49299379044	1.49299379044	1.49299379044	1.49299379044	1.49299379044	1.49299379044	1.49299379044	1.49299379044	1.49299379044	1.49299379044	
8.28333333333	153.458992545	153.614402546	153.769812548	153.92522255	154.080632551	154.236042553	154.391452554	154.546862556	154.702272558	154.857682559	0.0	0.0	-9.97810639666e-09	-7.35299917698e-09	-1.60506716666e-08	-1.59841853455e-08	-2.75675849526e-08	-3.03449676249e-08	-4.61550857823e-08	-5.63013465345e-08	0.0	-6.42050466061e-08	1.6891494707e-08	-5.59659764449e-08	4.27812369904e-10	-7.45344539401e-08	-1.78713251621e-08	-1.01731664585e-07	-6.52870513278e-08	-1.72862236433e-07	165.588790011	166.06398685	166.539183688	167.014380526	167.489577365	167.964774203	168.439971042	168.91516788	169.390364719	169.865561557	-3.643512032	-3.60646573254	-3.56941943308	-3.53237313362	-3.49532683416	-3.4582805347	-3.42123423524	-3.38418793578	-3.34714163632	-3.31009533686	1.49299379044	1.49299379044	1.49299379044	1.49299379044	1.49299379044	1.49299379044	1.49299379044	1.49299379044	1.49299379044	1.49299379044	
8.3	153.458992545	153.614402546	153.769812548	153.92522255	154.080632551	154.236042553	154.391452554	154.546862556	154.702272558	154.857682559	0.0	0.0	-9.97810639666e-09	-7.35299917698e-09	-1.60506716666e-08	-1.59841853455e-08	-2.75675849526e-08	-3.03449676249e-08	-4.61550857823e-08	-5.63013465345e-08	0.0	-6.42050466061e-08	1.6891494707e-08	-5.59659764449e-08	4.27812369904e-10	-7.45344539401e-08	-1.78713251621e-08	-1.01731664585e-07	-6.52870513278e-08	-1.72862236433e-07	165.588790011	166.06398685	166.539183688	167.014380526	167.489577365	167.964774203	168.439971042	168.91516788	169.390364719	169.865561557	-3.643512032	-3.60646573254	-3.56941943308	-3.53237313362	-3.49532683416	-3.4582805347	-3.42123423524	-3.38418793578	-3.34714163632	-3.31009533686	1.49299379044	1.49299379044	1.49299379044	1.49299379044	1.49299379044	1.49299379044	1.49299379044	1.49299379044	1.49299379044	1.49299379044	
8.31666666667	153.458992545	153.614402546	153.769812548	153.92522255	154.080632551	154.236042553	154.391452554	154.546862556	154.702272558	154.857682559	0.0	0.0	-9.97810639666e-09	-7.35299917698e-09	-1.60506716666e-08	-1.59841853455e-08	-2.75675849526e-08	-3.03449676249e-08	-4.61550857823e-08	-5.63013465345e-08	0.0	-6.42050466061e-08	1.6891494707e-08	-5.59659764449e-08	4.27812369904e-10	-7.45344539401e-08	-1.78713251621e-08	-1.01731664585e-07	-6.52870513278e-08	-1.72862236433e-07	165.588790011	166.06398685	166.539183688	167.014380526	167.489577365	167.964774203	168.439971042	168.91516788	169.390364719	169.865561557	-3.643512032	-3.60646573254	-3.56941943308	-3.53237313362	-3.49532683416	-3.4582805347	-3.42123423524	-3.38418793578	-3.34714163632	-3.31009533686	1.49299379044	1.49299379044	1.49299379044	1.49299379044	1.49299379044	1.49299379044	1.49299379044	1.49299379044	1.49299379044	1.49299379044	
8.33333333333	153.458992545	153.614402546	153.769812548	153.92522255	154.080632551	154.236042553	154.391452554	154.546862556	154.702272558	154.857682559	0.0	0.0	-9.97810639666e-09	-7.35299917698e-09	-1.60506716666e-08	-1.59841853455e-08	-2.75675849526e-08	-3.03449676249e-08	-4.61550857823e-08	-5.63013465345e-08	0.0	-6.42050466061e-08	1.6891494707e-08	-5.59659764449e-08	4.27812369904e-10	-7.45344539401e-08	-1.78713251621e-08	-1.01731664585e-07	-6.52870513278e-08	-1.72862236433e-07	165.588790011	166.06398685	166.539183688	167.014380526	167.489577365	167.964774203	168.439971042	168.91516788	169.390364719	169.865561557	-3.643512032	-3.60646573254	-3.56941943308	-3.53237313362	-3.49532683416	-3.4582805347	-3.42123423524	-3.38418793578	-3.34714163632	-3.31009533686	1.49299379044	1.49299379044	1.49299379044	1.49299379044	1.49299379044	1.49299379044	1.49299379044	1.49299379044	1.49299379044	1.49299379044	
8.35	153.458992545	153.614402546	153.769812548	153.92522255	154.080632551	154.236042553	154.391452554	154.546862556	154.702272558	154.857682559	0.0	0.0	-9.97810639666e-09	-7.35299917698e-09	-1.60506716666e-08	-1.59841853455e-08	-2.75675849526e-08	-3.03449676249e-08	-4.61550857823e-08	-5.63013465345e-08	0.0	-6.42050466061e-08	1.6891494707e-08	-5.59659764449e-08	4.27812369904e-10	-7.45344539401e-08	-1.78713251621e-08	-1.01731664585e-07	-6.52870513278e-08	-1.72862236433e-07	165.588790011	166.06398685	166.539183688	167.014380526	167.489577365	167.964774203	168.439971042	168.91516788	169.390364719	169.865561557	-3.643512032	-3.60646573254	-3.56941943308	-3.53237313362	-3.49532683416	-3.4582805347	-3.42123423524	-3.38418793578	-3.34714163632	-3.31009533686	1.49299379044	1.49299379044	1.49299379044	1.49299379044	1.49299379044	1.49299379044	1.49299379044	1.49299379044	1.49299379044	1.49299379044	
8.36666666667	153.458992545	153.614402546	153.769812548	153.92522255	154.080632551	154.236042553	154.391452554	154.546862556	154.702272558	154.857682559	0.0	0.0	-9.97810639666e-09	-7.35299917698e-09	-1.60506716666e-08	-1.59841853455e-08	-2.75675849526e-08	-3.03449676249e-08	-4.61550857823e-08	-5.63013465345e-08	0.0	-6.42050466061e-08	1.6891494707e-08	-5.59659764449e-08	4.27812369904e-10	-7.45344539401e-08	-1.78713251621e-08	-1.01731664585e-07	-6.52870513278e-08	-1.72862236433e-07	165.588790011	166.06398685	166.539183688	167.014380526	167.489577365	167.964774203	168.439971042	168.91516788	169.390364719	169.865561557	-3.643512032	-3.60646573254	-3.56941943308	-3.53237313362	-3.49532683416	-3.4582805347	-3.42123423524	-3.38418793578	-3.34714163632	-3.31009533686	1.49299379044	1.49299379044	1.49299379044	1.49299379044	1.49299379044	1.49299379044	1.49299379044	1.49299379044	1.49299379044	1.49299379044	
8.38333333333	153.458992545	153.614402546	153.769812548	153.92522255	154.080632551	154.236042553	154.391452554	154.546862556	154.702272558	154.857682559	0.0	0.0	-9.97810639666e-09	-7.35299917698e-09	-1.60506716666e-08	-1.59841853455e-08	-2.75675849526e-08	-3.03449676249e-08	-4.61550857823e-08	-5.63013465345e-08	0.0	-6.42050466061e-08	1.6891494707e-08	-5.59659764449e-08	4.27812369904e-10	-7.45344539401e-08	-1.78713251621e-08	-1.01731664585e-07	-6.52870513278e-08	-1.72862236433e-07	165.588790011	166.06398685	166.539183688	167.014380526	167.489577365	167.964774203	168.439971042	168.91516788	169.390364719	169.865561557	-3.643512032	-3.60646573254	-3.56941943308	-3.53237313362	-3.49532683416	-3.4582805347	-3.42123423524	-3.38418793578	-3.34714163632	-3.31009533686	1.49299379044	1.49299379044	1.49299379044	1.49299379044	1.49299379044	1.49299379044	1.49299379044	1.49299379044	1.49299379044	1.49299379044	
8.4	153.458992545	153.614402546	153.769812548	153.92522255	154.080632551	154.236042553	154.391452554	154.546862556	154.702272558	154.857682559	0.0	0.0	-9.97810639666e-09	-7.35299917698e-09	-1.60506716666e-08	-1.59841853455e-08	-2.75675849526e-08	-3.03449676249e-08	-4.61550857823e-08	-5.63013465345e-08	0.0	-6.42050466061e-08	1.6891494707e-08	-5.59659764449e-08	4.27812369904e-10	-7.45344539401e-08	-1.78713251621e-08	-1.01731664585e-07	-6.52870513278e-08	-1.72862236433e-07	165.588790011	166.06398685	166.539183688	167.014380526	167.489577365	167.964774203	168.439971042	168.91516788	169.390364719	169.865561557	-3.643512032	-3.60646573254	-3.56941943308	-3.53237313362	-3.49532683416	-3.4582805347	-3.42123423524	-3.38418793578	-3.34714163632	-3.31009533686	1.49299379044	1.49299379044	1.49299379044	1.49299379044	1.49299379044	1.49299379044	1.49299379044	1.49299379044	1.49299379044	1.49299379044	
8.41666666667	153.458992545	153.614402546	153.769812548	153.92522255	154.080632551	154.236042553	154.391452554	154.546862556	154.702272558	154.857682559	0.0	0.0	-9.97810639666e-09	-7.35299917698e-09	-1.60506716666e-08	-1.59841853455e-08	-2.75675849526e-08	-3.03449676249e-08	-4.61550857823e-08	-5.63013465345e-08	0.0	-6.42050466061e-08	1.6891494707e-08	-5.59659764449e-08	4.27812369904e-10	-7.45344539401e-08	-1.78713251621e-08	-1.01731664585e-07	-6.52870513278e-08	-1.72862236433e-07	165.588790011	166.06398685	166.539183688	167.014380526	167.489577365	167.964774203	168.439971042	168.91516788	169.390364719	169.865561557	-3.643512032	-3.60646573254	-3.56941943308	-3.53237313362	-3.49532683416	-3.4582805347	-3.42123423524	-3.38418793578	-3.34714163632	-3.31009533686	1.49299379044	1.49299379044	1.49299379044	1.49299379044	1.49299379044	1.49299379044	1.49299379044	1.49299379044	1.49299379044	1.49299379044	
8.43333333333	153.458992545	153.614402546	153.769812548	153.92522255	154.080632551	154.236042553	154.391452554	154.546862556	154.702272558	154.857682559	0.0	0.0	-9.97810639666e-09	-7.35299917698e-09	-1.60506716666e-08	-1.59841853455e-08	-2.75675849526e-08	-3.03449676249e-08	-4.61550857823e-08	-5.63013465345e-08	0.0	-6.42050466061e-08	1.6891494707e-08	-5.59659764449e-08	4.27812369904e-10	-7.45344539401e-08	-1.78713251621e-08	-1.01731664585e-07	-6.52870513278e-08	-1.72862236433e-07	165.588790011	166.06398685	166.539183688	167.014380526	167.489577365	167.964774203	168.439971042	168.91516788	169.390364719	169.865561557	-3.643512032	-3.60646573254	-3.56941943308	-3.53237313362	-3.49532683416	-3.4582805347	-3.42123423524	-3.38418793578	-3.34714163632	-3.31009533686	1.49299379044	1.49299379044	1.49299379044	1.49299379044	1.49299379044	1.49299379044	1.49299379044	1.49299379044	1.49299379044	1.49299379044	
8.45	153.458992545	153.614402546	153.769812548	153.92522255	154.080632551	154.236042553	154.391452554	154.546862556	154.702272558	154.857682559	0.0	0.0	-9.97810639666e-09	-7.35299917698e-09	-1.60506716666e-08	-1.59841853455e-08	-2.75675849526e-08	-3.03449676249e-08	-4.61550857823e-08	-5.63013465345e-08	0.0	-6.42050466061e-08	1.6891494707e-08	-5.59659764449e-08	4.27812369904e-10	-7.45344539401e-08	-1.78713251621e-08	-1.01731664585e-07	-6.52870513278e-08	-1.72862236433e-07	165.588790011	166.06398685	166.539183688	167.014380526	167.489577365	167.964774203	168.439971042	168.91516788	169.390364719	169.865561557	-3.643512032	-3.60646573254	-3.56941943308	-3.53237313362	-3.49532683416	-3.4582805347	-3.42123423524	-3.38418793578	-3.34714163632	-3.31009533686	1.49299379044	1.49299379044	1.49299379044	1.49299379044	1.49299379044	1.49299379044	1.49299379044	1.49299379044	1.49299379044	1.49299379044	
8.46666666667	153.458992545	153.614402546	153.769812548	153.92522255	154.080632551	154.236042553	154.391452554	154.546862556	154.702272558	154.857682559	0.0	0.0	-9.97810639666e-09	-7.35299917698e-09	-1.60506716666e-08	-1.59841853455e-08	-2.75675849526e-08	-3.03449676249e-08	-4.61550857823e-08	-5.63013465345e-08	0.0	-6.42050466061e-08	1.6891494707e-08	-5.59659764449e-08	4.27812369904e-10	-7.45344539401e-08	-1.78713251621e-08	-1.01731664585e-07	-6.52870513278e-08	-1.72862236433e-07	165.588790011	166.06398685	166.539183688	167.014380526	167.489577365	167.964774203	168.439971042	168.91516788	169.390364719	169.865561557	-3.643512032	-3.60646573254	-3.56941943308	-3.53237313362	-3.49532683416	-3.4582805347	-3.42123423524	-3.38418793578	-3.34714163632	-3.31009533686	1.49299379044	1.49299379044	1.49299379044	1.49299379044	1.49299379044	1.49299379044	1.49299379044	1.49299379044	1.49299379044	1.49299379044	
8.48333333333	153.458992545	153.614402546	153.769812548	153.92522255	154.080632551	154.236042553	154.391452554	154.546862556	154.702272558	154.857682559	0.0	0.0	-9.97810639666e-09	-7.35299917698e-09	-1.60506716666e-08	-1.59841853455e-08	-2.75675849526e-08	-3.03449676249e-08	-4.61550857823e-08	-5.63013465345e-08	0.0	-6.42050466061e-08	1.6891494707e-08	-5.59659764449e-08	4.27812369904e-10	-7.45344539401e-08	-1.78713251621e-08	-1.01731664585e-07	-6.52870513278e-08	-1.72862236433e-07	165.588790011	166.06398685	166.539183688	167.014380526	167.489577365	167.964774203	168.439971042	168.91516788	169.390364719	169.865561557	-3.643512032	-3.60646573254	-3.56941943308	-3.53237313362	-3.49532683416	-3.4582805347	-3.42123423524	-3.38418793578	-3.34714163632	-3.31009533686	1.49299379044	1.49299379044	1.49299379044	1.49299379044	1.49299379044	1.49299379044	1.49299379044	1.49299379044	1.49299379044	1.49299379044	
8.5	153.458992545	153.614402546	153.769812548	153.92522255	154.080632551	154.236042553	154.391452554	154.546862556	154.702272558	154.857682559	0.0	0.0	-9.97810639666e-09	-7.35299917698e-09	-1.60506716666e-08	-1.59841853455e-08	-2.75675849526e-08	-3.03449676249e-08	-4.61550857823e-08	-5.63013465345e-08	0.0	-6.42050466061e-08	1.6891494707e-08	-5.59659764449e-08	4.27812369904e-10	-7.45344539401e-08	-1.78713251621e-08	-1.01731664585e-07	-6.52870513278e-08	-1.72862236433e-07	165.588790011	166.06398685	166.539183688	167.014380526	167.489577365	167.964774203	168.439971042	168.91516788	169.390364719	169.865561557	-3.643512032	-3.60646573254	-3.56941943308	-3.53237313362	-3.49532683416	-3.4582805347	-3.42123423524	-3.38418793578	-3.34714163632	-3.31009533686	1.49299379044	1.49299379044	1.49299379044	1.49299379044	1.49299379044	1.49299379044	1.49299379044	1.49299379044	1.49299379044	1.49299379044	
8.51666666667	153.458992545	153.614402546	153.769812548	153.92522255	154.080632551	154.236042553	154.391452554	154.546862556	154.702272558	154.857682559	0.0	0.0	-9.97810639666e-09	-7.35299917698e-09	-1.60506716666e-08	-1.59841853455e-08	-2.75675849526e-08	-3.03449676249e-08	-4.61550857823e-08	-5.63013465345e-08	0.0	-6.42050466061e-08	1.6891494707e-08	-5.59659764449e-08	4.27812369904e-10	-7.45344539401e-08	-1.78713251621e-08	-1.01731664585e-07	-6.52870513278e-08	-1.72862236433e-07	165.588790011	166.06398685	166.539183688	167.014380526	167.489577365	167.964774203	168.439971042	168.91516788	169.390364719	169.865561557	-3.643512032	-3.60646573254	-3.56941943308	-3.53237313362	-3.49532683416	-3.4582805347	-3.42123423524	-3.38418793578	-3.34714163632	-3.31009533686	1.49299379044	1.49299379044	1.49299379044	1.49299379044	1.49299379044	1.49299379044	1.49299379044	1.49299379044	1.49299379044	1.49299379044	
8.53333333333	153.458992545	153.614402546	153.769812548	153.92522255	154.080632551	154.236042553	154.391452554	154.546862556	154.702272558	154.857682559	0.0	0.0	-9.97810639666e-09	-7.35299917698e-09	-1.60506716666e-08	-1.59841853455e-08	-2.75675849526e-08	-3.03449676249e-08	-4.61550857823e-08	-5.63013465345e-08	0.0	-6.42050466061e-08	1.6891494707e-08	-5.59659764449e-08	4.27812369904e-10	-7.45344539401e-08	-1.78713251621e-08	-1.01731664585e-07	-6.52870513278e-08	-1.72862236433e-07	165.588790011	166.06398685	166.539183688	167.014380526	167.489577365	167.964774203	168.439971042	168.91516788	169.390364719	169.865561557	-3.643512032	-3.60646573254	-3.56941943308	-3.53237313362	-3.49532683416	-3.4582805347	-3.42123423524	-3.38418793578	-3.34714163632	-3.31009533686	1.49299379044	1.49299379044	1.49299379044	1.49299379044	1.49299379044	1.49299379044	1.49299379044	1.49299379044	1.49299379044	1.49299379044	
8.55	153.458992545	153.614402546	153.769812548	153.92522255	154.080632551	154.236042553	154.391452554	154.546862556	154.702272558	154.857682559	0.0	0.0	-9.97810639666e-09	-7.35299917698e-09	-1.60506716666e-08	-1.59841853455e-08	-2.75675849526e-08	-3.03449676249e-08	-4.61550857823e-08	-5.63013465345e-08	0.0	-6.42050466061e-08	1.6891494707e-08	-5.59659764449e-08	4.27812369904e-10	-7.45344539401e-08	-1.78713251621e-08	-1.01731664585e-07	-6.52870513278e-08	-1.72862236433e-07	165.588790011	166.06398685	166.539183688	167.014380526	167.489577365	167.964774203	168.439971042	168.91516788	169.390364719	169.865561557	-3.643512032	-3.60646573254	-3.56941943308	-3.53237313362	-3.49532683416	-3.4582805347	-3.42123423524	-3.38418793578	-3.34714163632	-3.31009533686	1.49299379044	1.49299379044	1.49299379044	1.49299379044	1.49299379044	1.49299379044	1.49299379044	1.49299379044	1.49299379044	1.49299379044	
8.56666666667	153.458992545	153.614402546	153.769812548	153.92522255	154.080632551	154.236042553	154.391452554	154.546862556	154.702272558	154.857682559	0.0	0.0	-9.97810639666e-09	-7.35299917698e-09	-1.60506716666e-08	-1.59841853455e-08	-2.75675849526e-08	-3.03449676249e-08	-4.61550857823e-08	-5.63013465345e-08	0.0	-6.42050466061e-08	1.6891494707e-08	-5.59659764449e-08	4.27812369904e-10	-7.45344539401e-08	-1.78713251621e-08	-1.01731664585e-07	-6.52870513278e-08	-1.72862236433e-07	165.588790011	166.06398685	166.539183688	167.014380526	167.489577365	167.964774203	168.439971042	168.91516788	169.390364719	169.865561557	-3.643512032	-3.60646573254	-3.56941943308	-3.53237313362	-3.49532683416	-3.4582805347	-3.42123423524	-3.38418793578	-3.34714163632	-3.31009533686	1.49299379044	1.49299379044	1.49299379044	1.49299379044	1.49299379044	1.49299379044	1.49299379044	1.49299379044	1.49299379044	1.49299379044	
8.58333333333	153.458992545	153.614402546	153.769812548	153.92522255	154.080632551	154.236042553	154.391452554	154.546862556	154.702272558	154.857682559	0.0	0.0	-9.97810639666e-09	-7.35299917698e-09	-1.60506716666e-08	-1.59841853455e-08	-2.75675849526e-08	-3.03449676249e-08	-4.61550857823e-08	-5.63013465345e-08	0.0	-6.42050466061e-08	1.6891494707e-08	-5.59659764449e-08	4.27812369904e-10	-7.45344539401e-08	-1.78713251621e-08	-1.01731664585e-07	-6.52870513278e-08	-1.72862236433e-07	165.588790011	166.06398685	166.539183688	167.014380526	167.489577365	167.964774203	168.439971042	168.91516788	169.390364719	169.865561557	-3.643512032	-3.60646573254	-3.56941943308	-3.53237313362	-3.49532683416	-3.4582805347	-3.42123423524	-3.38418793578	-3.34714163632	-3.31009533686	1.49299379044	1.49299379044	1.49299379044	1.49299379044	1.49299379044	1.49299379044	1.49299379044	1.49299379044	1.49299379044	1.49299379044	
8.6	153.458992545	153.614402546	153.769812548	153.92522255	154.080632551	154.236042553	154.391452554	154.546862556	154.702272558	154.857682559	0.0	0.0	-9.97810639666e-09	-7.35299917698e-09	-1.60506716666e-08	-1.59841853455e-08	-2.75675849526e-08	-3.03449676249e-08	-4.61550857823e-08	-5.63013465345e-08	0.0	-6.42050466061e-08	1.6891494707e-08	-5.59659764449e-08	4.27812369904e-10	-7.45344539401e-08	-1.78713251621e-08	-1.01731664585e-07	-6.52870513278e-08	-1.72862236433e-07	165.588790011	166.06398685	166.539183688	167.014380526	167.489577365	167.964774203	168.439971042	168.91516788	169.390364719	169.865561557	-3.643512032	-3.60646573254	-3.56941943308	-3.53237313362	-3.49532683416	-3.4582805347	-3.42123423524	-3.38418793578	-3.34714163632	-3.31009533686	1.49299379044	1.49299379044	1.49299379044	1.49299379044	1.49299379044	1.49299379044	1.49299379044	1.49299379044	1.49299379044	1.49299379044	
8.61666666667	153.458992545	153.614402546	153.769812548	153.92522255	154.080632551	154.236042553	154.391452554	154.546862556	154.702272558	154.857682559	0.0	0.0	-9.97810639666e-09	-7.35299917698e-09	-1.60506716666e-08	-1.59841853455e-08	-2.75675849526e-08	-3.03449676249e-08	-4.61550857823e-08	-5.63013465345e-08	0.0	-6.42050466061e-08	1.6891494707e-08	-5.59659764449e-08	4.27812369904e-10	-7.45344539401e-08	-1.78713251621e-08	-1.01731664585e-07	-6.52870513278e-08	-1.72862236433e-07	165.588790011	166.06398685	166.539183688	167.014380526	167.489577365	167.964774203	168.439971042	168.91516788	169.390364719	169.865561557	-3.643512032	-3.60646573254	-3.56941943308	-3.53237313362	-3.49532683416	-3.4582805347	-3.42123423524	-3.38418793578	-3.34714163632	-3.31009533686	1.49299379044	1.49299379044	1.49299379044	1.49299379044	1.49299379044	1.49299379044	1.49299379044	1.49299379044	1.49299379044	1.49299379044	
8.63333333333	153.458992545	153.614402546	153.769812548	153.92522255	154.080632551	154.236042553	154.391452554	154.546862556	154.702272558	154.857682559	0.0	0.0	-9.97810639666e-09	-7.35299917698e-09	-1.60506716666e-08	-1.59841853455e-08	-2.75675849526e-08	-3.03449676249e-08	-4.61550857823e-08	-5.63013465345e-08	0.0	-6.42050466061e-08	1.6891494707e-08	-5.59659764449e-08	4.27812369904e-10	-7.45344539401e-08	-1.78713251621e-08	-1.01731664585e-07	-6.52870513278e-08	-1.72862236433e-07	165.588790011	166.06398685	166.539183688	167.014380526	167.489577365	167.964774203	168.439971042	168.91516788	169.390364719	169.865561557	-3.643512032	-3.60646573254	-3.56941943308	-3.53237313362	-3.49532683416	-3.4582805347	-3.42123423524	-3.38418793578	-3.34714163632	-3.31009533686	1.49299379044	1.49299379044	1.49299379044	1.49299379044	1.49299379044	1.49299379044	1.49299379044	1.49299379044	1.49299379044	1.49299379044	
8.65	153.458992545	153.614402546	153.769812548	153.92522255	154.080632551	154.236042553	154.391452554	154.546862556	154.702272558	154.857682559	0.0	0.0	-9.97810639666e-09	-7.35299917698e-09	-1.60506716666e-08	-1.59841853455e-08	-2.75675849526e-08	-3.03449676249e-08	-4.61550857823e-08	-5.63013465345e-08	0.0	-6.42050466061e-08	1.6891494707e-08	-5.59659764449e-08	4.27812369904e-10	-7.45344539401e-08	-1.78713251621e-08	-1.01731664585e-07	-6.52870513278e-08	-1.72862236433e-07	165.588790011	166.06398685	166.539183688	167.014380526	167.489577365	167.964774203	168.439971042	168.91516788	169.390364719	169.865561557	-3.643512032	-3.60646573254	-3.56941943308	-3.53237313362	-3.49532683416	-3.4582805347	-3.42123423524	-3.38418793578	-3.34714163632	-3.31009533686	1.49299379044	1.49299379044	1.49299379044	1.49299379044	1.49299379044	1.49299379044	1.49299379044	1.49299379044	1.49299379044	1.49299379044	
8.66666666667	153.458992545	153.614402546	153.769812548	153.92522255	154.080632551	154.236042553	154.391452554	154.546862556	154.702272558	154.857682559	0.0	0.0	-9.97810639666e-09	-7.35299917698e-09	-1.60506716666e-08	-1.59841853455e-08	-2.75675849526e-08	-3.03449676249e-08	-4.61550857823e-08	-5.63013465345e-08	0.0	-6.42050466061e-08	1.6891494707e-08	-5.59659764449e-08	4.27812369904e-10	-7.45344539401e-08	-1.78713251621e-08	-1.01731664585e-07	-6.52870513278e-08	-1.72862236433e-07	165.588790011	166.06398685	166.539183688	167.014380526	167.489577365	167.964774203	168.439971042	168.91516788	169.390364719	169.865561557	-3.643512032	-3.60646573254	-3.56941943308	-3.53237313362	-3.49532683416	-3.4582805347	-3.42123423524	-3.38418793578	-3.34714163632	-3.31009533686	1.49299379044	1.49299379044	1.49299379044	1.49299379044	1.49299379044	1.49299379044	1.49299379044	1.49299379044	1.49299379044	1.49299379044	
8.68333333333	153.458992545	153.614402546	153.769812548	153.92522255	154.080632551	154.236042553	154.391452554	154.546862556	154.702272558	154.857682559	0.0	0.0	-9.97810639666e-09	-7.35299917698e-09	-1.60506716666e-08	-1.59841853455e-08	-2.75675849526e-08	-3.03449676249e-08	-4.61550857823e-08	-5.63013465345e-08	0.0	-6.42050466061e-08	1.6891494707e-08	-5.59659764449e-08	4.27812369904e-10	-7.45344539401e-08	-1.78713251621e-08	-1.01731664585e-07	-6.52870513278e-08	-1.72862236433e-07	165.588790011	166.06398685	166.539183688	167.014380526	167.489577365	167.964774203	168.439971042	168.91516788	169.390364719	169.865561557	-3.643512032	-3.60646573254	-3.56941943308	-3.53237313362	-3.49532683416	-3.4582805347	-3.42123423524	-3.38418793578	-3.34714163632	-3.31009533686	1.49299379044	1.49299379044	1.49299379044	1.49299379044	1.49299379044	1.49299379044	1.49299379044	1.49299379044	1.49299379044	1.49299379044	
8.7	153.458992545	153.614402546	153.769812548	153.92522255	154.080632551	154.236042553	154.391452554	154.546862556	154.702272558	154.857682559	0.0	0.0	-9.97810639666e-09	-7.35299917698e-09	-1.60506716666e-08	-1.59841853455e-08	-2.75675849526e-08	-3.03449676249e-08	-4.61550857823e-08	-5.63013465345e-08	0.0	-6.42050466061e-08	1.6891494707e-08	-5.59659764449e-08	4.27812369904e-10	-7.45344539401e-08	-1.78713251621e-08	-1.01731664585e-07	-6.52870513278e-08	-1.72862236433e-07	165.588790011	166.06398685	166.539183688	167.014380526	167.489577365	167.964774203	168.439971042	168.91516788	169.390364719	169.865561557	-3.643512032	-3.60646573254	-3.56941943308	-3.53237313362	-3.49532683416	-3.4582805347	-3.42123423524	-3.38418793578	-3.34714163632	-3.31009533686	1.49299379044	1.49299379044	1.49299379044	1.49299379044	1.49299379044	1.49299379044	1.49299379044	1.49299379044	1.49299379044	1.49299379044	
8.71666666667	153.458992545	153.614402546	153.769812548	153.92522255	154.080632551	154.236042553	154.391452554	154.546862556	154.702272558	154.857682559	0.0	0.0	-9.97810639666e-09	-7.35299917698e-09	-1.60506716666e-08	-1.59841853455e-08	-2.75675849526e-08	-3.03449676249e-08	-4.61550857823e-08	-5.63013465345e-08	0.0	-6.42050466061e-08	1.6891494707e-08	-5.59659764449e-08	4.27812369904e-10	-7.45344539401e-08	-1.78713251621e-08	-1.01731664585e-07	-6.52870513278e-08	-1.72862236433e-07	165.588790011	166.06398685	166.539183688	167.014380526	167.489577365	167.964774203	168.439971042	168.91516788	169.390364719	169.865561557	-3.643512032	-3.60646573254	-3.56941943308	-3.53237313362	-3.49532683416	-3.4582805347	-3.42123423524	-3.38418793578	-3.34714163632	-3.31009533686	1.49299379044	1.49299379044	1.49299379044	1.49299379044	1.49299379044	1.49299379044	1.49299379044	1.49299379044	1.49299379044	1.49299379044	
8.73333333333	153.458992545	153.614402546	153.769812548	153.92522255	154.080632551	154.236042553	154.391452554	154.546862556	154.702272558	154.857682559	0.0	0.0	-9.97810639666e-09	-7.35299917698e-09	-1.60506716666e-08	-1.59841853455e-08	-2.75675849526e-08	-3.03449676249e-08	-4.61550857823e-08	-5.63013465345e-08	0.0	-6.42050466061e-08	1.6891494707e-08	-5.59659764449e-08	4.27812369904e-10	-7.45344539401e-08	-1.78713251621e-08	-1.01731664585e-07	-6.52870513278e-08	-1.72862236433e-07	165.588790011	166.06398685	166.539183688	167.014380526	167.489577365	167.964774203	168.439971042	168.91516788	169.390364719	169.865561557	-3.643512032	-3.60646573254	-3.56941943308	-3.53237313362	-3.49532683416	-3.4582805347	-3.42123423524	-3.38418793578	-3.34714163632	-3.31009533686	1.49299379044	1.49299379044	1.49299379044	1.49299379044	1.49299379044	1.49299379044	1.49299379044	1.49299379044	1.49299379044	1.49299379044	
8.75	153.458992545	153.614402546	153.769812548	153.92522255	154.080632551	154.236042553	154.391452554	154.546862556	154.702272558	154.857682559	0.0	0.0	-9.97810639666e-09	-7.35299917698e-09	-1.60506716666e-08	-1.59841853455e-08	-2.75675849526e-08	-3.03449676249e-08	-4.61550857823e-08	-5.63013465345e-08	0.0	-6.42050466061e-08	1.6891494707e-08	-5.59659764449e-08	4.27812369904e-10	-7.45344539401e-08	-1.78713251621e-08	-1.01731664585e-07	-6.52870513278e-08	-1.72862236433e-07	165.588790011	166.06398685	166.539183688	167.014380526	167.489577365	167.964774203	168.439971042	168.91516788	169.390364719	169.865561557	-3.643512032	-3.60646573254	-3.56941943308	-3.53237313362	-3.49532683416	-3.4582805347	-3.42123423524	-3.38418793578	-3.34714163632	-3.31009533686	1.49299379044	1.49299379044	1.49299379044	1.49299379044	1.49299379044	1.49299379044	1.49299379044	1.49299379044	1.49299379044	1.49299379044	
8.76666666667	153.458992545	153.614402546	153.769812548	153.92522255	154.080632551	154.236042553	154.391452554	154.546862556	154.702272558	154.857682559	0.0	0.0	-9.97810639666e-09	-7.35299917698e-09	-1.60506716666e-08	-1.59841853455e-08	-2.75675849526e-08	-3.03449676249e-08	-4.61550857823e-08	-5.63013465345e-08	0.0	-6.42050466061e-08	1.6891494707e-08	-5.59659764449e-08	4.27812369904e-10	-7.45344539401e-08	-1.78713251621e-08	-1.01731664585e-07	-6.52870513278e-08	-1.72862236433e-07	165.588790011	166.06398685	166.539183688	167.014380526	167.489577365	167.964774203	168.439971042	168.91516788	169.390364719	169.865561557	-3.643512032	-3.60646573254	-3.56941943308	-3.53237313362	-3.49532683416	-3.4582805347	-3.42123423524	-3.38418793578	-3.34714163632	-3.31009533686	1.49299379044	1.49299379044	1.49299379044	1.49299379044	1.49299379044	1.49299379044	1.49299379044	1.49299379044	1.49299379044	1.49299379044	
8.78333333333	153.458992545	153.614402546	153.769812548	153.92522255	154.080632551	154.236042553	154.391452554	154.546862556	154.702272558	154.857682559	0.0	0.0	-9.97810639666e-09	-7.35299917698e-09	-1.60506716666e-08	-1.59841853455e-08	-2.75675849526e-08	-3.03449676249e-08	-4.61550857823e-08	-5.63013465345e-08	0.0	-6.42050466061e-08	1.6891494707e-08	-5.59659764449e-08	4.27812369904e-10	-7.45344539401e-08	-1.78713251621e-08	-1.01731664585e-07	-6.52870513278e-08	-1.72862236433e-07	165.588790011	166.06398685	166.539183688	167.014380526	167.489577365	167.964774203	168.439971042	168.91516788	169.390364719	169.865561557	-3.643512032	-3.60646573254	-3.56941943308	-3.53237313362	-3.49532683416	-3.4582805347	-3.42123423524	-3.38418793578	-3.34714163632	-3.31009533686	1.49299379044	1.49299379044	1.49299379044	1.49299379044	1.49299379044	1.49299379044	1.49299379044	1.49299379044	1.49299379044	1.49299379044	
8.8	153.458992545	153.614402546	153.769812548	153.92522255	154.080632551	154.236042553	154.391452554	154.546862556	154.702272558	154.857682559	0.0	0.0	-9.97810639666e-09	-7.35299917698e-09	-1.60506716666e-08	-1.59841853455e-08	-2.75675849526e-08	-3.03449676249e-08	-4.61550857823e-08	-5.63013465345e-08	0.0	-6.42050466061e-08	1.6891494707e-08	-5.59659764449e-08	4.27812369904e-10	-7.45344539401e-08	-1.78713251621e-08	-1.01731664585e-07	-6.52870513278e-08	-1.72862236433e-07	165.588790011	166.06398685	166.539183688	167.014380526	167.489577365	167.964774203	168.439971042	168.91516788	169.390364719	169.865561557	-3.643512032	-3.60646573254	-3.56941943308	-3.53237313362	-3.49532683416	-3.4582805347	-3.42123423524	-3.38418793578	-3.34714163632	-3.31009533686	1.49299379044	1.49299379044	1.49299379044	1.49299379044	1.49299379044	1.49299379044	1.49299379044	1.49299379044	1.49299379044	1.49299379044	
8.81666666667	153.458992545	153.614402546	153.769812548	153.92522255	154.080632551	154.236042553	154.391452554	154.546862556	154.702272558	154.857682559	0.0	0.0	-9.97810639666e-09	-7.35299917698e-09	-1.60506716666e-08	-1.59841853455e-08	-2.75675849526e-08	-3.03449676249e-08	-4.61550857823e-08	-5.63013465345e-08	0.0	-6.42050466061e-08	1.6891494707e-08	-5.59659764449e-08	4.27812369904e-10	-7.45344539401e-08	-1.78713251621e-08	-1.01731664585e-07	-6.52870513278e-08	-1.72862236433e-07	165.588790011	166.06398685	166.539183688	167.014380526	167.489577365	167.964774203	168.439971042	168.91516788	169.390364719	169.865561557	-3.643512032	-3.60646573254	-3.56941943308	-3.53237313362	-3.49532683416	-3.4582805347	-3.42123423524	-3.38418793578	-3.34714163632	-3.31009533686	1.49299379044	1.49299379044	1.49299379044	1.49299379044	1.49299379044	1.49299379044	1.49299379044	1.49299379044	1.49299379044	1.49299379044	
8.83333333333	153.458992545	153.614402546	153.769812548	153.92522255	154.080632551	154.236042553	154.391452554	154.546862556	154.702272558	154.857682559	0.0	0.0	-9.97810639666e-09	-7.35299917698e-09	-1.60506716666e-08	-1.59841853455e-08	-2.75675849526e-08	-3.03449676249e-08	-4.61550857823e-08	-5.63013465345e-08	0.0	-6.42050466061e-08	1.6891494707e-08	-5.59659764449e-08	4.27812369904e-10	-7.45344539401e-08	-1.78713251621e-08	-1.01731664585e-07	-6.52870513278e-08	-1.72862236433e-07	165.588790011	166.06398685	166.539183688	167.014380526	167.489577365	167.964774203	168.439971042	168.91516788	169.390364719	169.865561557	-3.643512032	-3.60646573254	-3.56941943308	-3.53237313362	-3.49532683416	-3.4582805347	-3.42123423524	-3.38418793578	-3.34714163632	-3.31009533686	1.49299379044	1.49299379044	1.49299379044	1.49299379044	1.49299379044	1.49299379044	1.49299379044	1.49299379044	1.49299379044	1.49299379044	
8.85	153.458992545	153.614402546	153.769812548	153.92522255	154.080632551	154.236042553	154.391452554	154.546862556	154.702272558	154.857682559	0.0	0.0	-9.97810639666e-09	-7.35299917698e-09	-1.60506716666e-08	-1.59841853455e-08	-2.75675849526e-08	-3.03449676249e-08	-4.61550857823e-08	-5.63013465345e-08	0.0	-6.42050466061e-08	1.6891494707e-08	-5.59659764449e-08	4.27812369904e-10	-7.45344539401e-08	-1.78713251621e-08	-1.01731664585e-07	-6.52870513278e-08	-1.72862236433e-07	165.588790011	166.06398685	166.539183688	167.014380526	167.489577365	167.964774203	168.439971042	168.91516788	169.390364719	169.865561557	-3.643512032	-3.60646573254	-3.56941943308	-3.53237313362	-3.49532683416	-3.4582805347	-3.42123423524	-3.38418793578	-3.34714163632	-3.31009533686	1.49299379044	1.49299379044	1.49299379044	1.49299379044	1.49299379044	1.49299379044	1.49299379044	1.49299379044	1.49299379044	1.49299379044	
8.86666666667	153.458992545	153.614402546	153.769812548	153.92522255	154.080632551	154.236042553	154.391452554	154.546862556	154.702272558	154.857682559	0.0	0.0	-9.97810639666e-09	-7.35299917698e-09	-1.60506716666e-08	-1.59841853455e-08	-2.75675849526e-08	-3.03449676249e-08	-4.61550857823e-08	-5.63013465345e-08	0.0	-6.42050466061e-08	1.6891494707e-08	-5.59659764449e-08	4.27812369904e-10	-7.45344539401e-08	-1.78713251621e-08	-1.01731664585e-07	-6.52870513278e-08	-1.72862236433e-07	165.588790011	166.06398685	166.539183688	167.014380526	167.489577365	167.964774203	168.439971042	168.91516788	169.390364719	169.865561557	-3.643512032	-3.60646573254	-3.56941943308	-3.53237313362	-3.49532683416	-3.4582805347	-3.42123423524	-3.38418793578	-3.34714163632	-3.31009533686	1.49299379044	1.49299379044	1.49299379044	1.49299379044	1.49299379044	1.49299379044	1.49299379044	1.49299379044	1.49299379044	1.49299379044	
8.88333333333	153.458992545	153.614402546	153.769812548	153.92522255	154.080632551	154.236042553	154.391452554	154.546862556	154.702272558	154.857682559	0.0	0.0	-9.97810639666e-09	-7.35299917698e-09	-1.60506716666e-08	-1.59841853455e-08	-2.75675849526e-08	-3.03449676249e-08	-4.61550857823e-08	-5.63013465345e-08	0.0	-6.42050466061e-08	1.6891494707e-08	-5.59659764449e-08	4.27812369904e-10	-7.45344539401e-08	-1.78713251621e-08	-1.01731664585e-07	-6.52870513278e-08	-1.72862236433e-07	165.588790011	166.06398685	166.539183688	167.014380526	167.489577365	167.964774203	168.439971042	168.91516788	169.390364719	169.865561557	-3.643512032	-3.60646573254	-3.56941943308	-3.53237313362	-3.49532683416	-3.4582805347	-3.42123423524	-3.38418793578	-3.34714163632	-3.31009533686	1.49299379044	1.49299379044	1.49299379044	1.49299379044	1.49299379044	1.49299379044	1.49299379044	1.49299379044	1.49299379044	1.49299379044	
8.9	153.458992545	153.614402546	153.769812548	153.92522255	154.080632551	154.236042553	154.391452554	154.546862556	154.702272558	154.857682559	0.0	0.0	-9.97810639666e-09	-7.35299917698e-09	-1.60506716666e-08	-1.59841853455e-08	-2.75675849526e-08	-3.03449676249e-08	-4.61550857823e-08	-5.63013465345e-08	0.0	-6.42050466061e-08	1.6891494707e-08	-5.59659764449e-08	4.27812369904e-10	-7.45344539401e-08	-1.78713251621e-08	-1.01731664585e-07	-6.52870513278e-08	-1.72862236433e-07	165.588790011	166.06398685	166.539183688	167.014380526	167.489577365	167.964774203	168.439971042	168.91516788	169.390364719	169.865561557	-3.643512032	-3.60646573254	-3.56941943308	-3.53237313362	-3.49532683416	-3.4582805347	-3.42123423524	-3.38418793578	-3.34714163632	-3.31009533686	1.49299379044	1.49299379044	1.49299379044	1.49299379044	1.49299379044	1.49299379044	1.49299379044	1.49299379044	1.49299379044	1.49299379044	
8.91666666667	153.458992545	153.614402546	153.769812548	153.92522255	154.080632551	154.236042553	154.391452554	154.546862556	154.702272558	154.857682559	0.0	0.0	-9.97810639666e-09	-7.35299917698e-09	-1.60506716666e-08	-1.59841853455e-08	-2.75675849526e-08	-3.03449676249e-08	-4.61550857823e-08	-5.63013465345e-08	0.0	-6.42050466061e-08	1.6891494707e-08	-5.59659764449e-08	4.27812369904e-10	-7.45344539401e-08	-1.78713251621e-08	-1.01731664585e-07	-6.52870513278e-08	-1.72862236433e-07	165.588790011	166.06398685	166.539183688	167.014380526	167.489577365	167.964774203	168.439971042	168.91516788	169.390364719	169.865561557	-3.643512032	-3.60646573254	-3.56941943308	-3.53237313362	-3.49532683416	-3.4582805347	-3.42123423524	-3.38418793578	-3.34714163632	-3.31009533686	1.49299379044	1.49299379044	1.49299379044	1.49299379044	1.49299379044	1.49299379044	1.49299379044	1.49299379044	1.49299379044	1.49299379044	
8.93333333333	153.458992545	153.614402546	153.769812548	153.92522255	154.080632551	154.236042553	154.391452554	154.546862556	154.702272558	154.857682559	0.0	0.0	-9.97810639666e-09	-7.35299917698e-09	-1.60506716666e-08	-1.59841853455e-08	-2.75675849526e-08	-3.03449676249e-08	-4.61550857823e-08	-5.63013465345e-08	0.0	-6.42050466061e-08	1.6891494707e-08	-5.59659764449e-08	4.27812369904e-10	-7.45344539401e-08	-1.78713251621e-08	-1.01731664585e-07	-6.52870513278e-08	-1.72862236433e-07	165.588790011	166.06398685	166.539183688	167.014380526	167.489577365	167.964774203	168.439971042	168.91516788	169.390364719	169.865561557	-3.643512032	-3.60646573254	-3.56941943308	-3.53237313362	-3.49532683416	-3.4582805347	-3.42123423524	-3.38418793578	-3.34714163632	-3.31009533686	1.49299379044	1.49299379044	1.49299379044	1.49299379044	1.49299379044	1.49299379044	1.49299379044	1.49299379044	1.49299379044	1.49299379044	
8.95	153.458992545	153.614402546	153.769812548	153.92522255	154.080632551	154.236042553	154.391452554	154.546862556	154.702272558	154.857682559	0.0	0.0	-9.97810639666e-09	-7.35299917698e-09	-1.60506716666e-08	-1.59841853455e-08	-2.75675849526e-08	-3.03449676249e-08	-4.61550857823e-08	-5.63013465345e-08	0.0	-6.42050466061e-08	1.6891494707e-08	-5.59659764449e-08	4.27812369904e-10	-7.45344539401e-08	-1.78713251621e-08	-1.01731664585e-07	-6.52870513278e-08	-1.72862236433e-07	165.588790011	166.06398685	166.539183688	167.014380526	167.489577365	167.964774203	168.439971042	168.91516788	169.390364719	169.865561557	-3.643512032	-3.60646573254	-3.56941943308	-3.53237313362	-3.49532683416	-3.4582805347	-3.42123423524	-3.38418793578	-3.34714163632	-3.31009533686	1.49299379044	1.49299379044	1.49299379044	1.49299379044	1.49299379044	1.49299379044	1.49299379044	1.49299379044	1.49299379044	1.49299379044	
8.96666666667	153.458992545	153.614402546	153.769812548	153.92522255	154.080632551	154.236042553	154.391452554	154.546862556	154.702272558	154.857682559	0.0	0.0	-9.97810639666e-09	-7.35299917698e-09	-1.60506716666e-08	-1.59841853455e-08	-2.75675849526e-08	-3.03449676249e-08	-4.61550857823e-08	-5.63013465345e-08	0.0	-6.42050466061e-08	1.6891494707e-08	-5.59659764449e-08	4.27812369904e-10	-7.45344539401e-08	-1.78713251621e-08	-1.01731664585e-07	-6.52870513278e-08	-1.72862236433e-07	165.588790011	166.06398685	166.539183688	167.014380526	167.489577365	167.964774203	168.439971042	168.91516788	169.390364719	169.865561557	-3.643512032	-3.60646573254	-3.56941943308	-3.53237313362	-3.49532683416	-3.4582805347	-3.42123423524	-3.38418793578	-3.34714163632	-3.31009533686	1.49299379044	1.49299379044	1.49299379044	1.49299379044	1.49299379044	1.49299379044	1.49299379044	1.49299379044	1.49299379044	1.49299379044	
8.98333333333	153.458992545	153.614402546	153.769812548	153.92522255	154.080632551	154.236042553	154.391452554	154.546862556	154.702272558	154.857682559	0.0	0.0	-9.97810639666e-09	-7.35299917698e-09	-1.60506716666e-08	-1.59841853455e-08	-2.75675849526e-08	-3.03449676249e-08	-4.61550857823e-08	-5.63013465345e-08	0.0	-6.42050466061e-08	1.6891494707e-08	-5.59659764449e-08	4.27812369904e-10	-7.45344539401e-08	-1.78713251621e-08	-1.01731664585e-07	-6.52870513278e-08	-1.72862236433e-07	165.588790011	166.06398685	166.539183688	167.014380526	167.489577365	167.964774203	168.439971042	168.91516788	169.390364719	169.865561557	-3.643512032	-3.60646573254	-3.56941943308	-3.53237313362	-3.49532683416	-3.4582805347	-3.42123423524	-3.38418793578	-3.34714163632	-3.31009533686	1.49299379044	1.49299379044	1.49299379044	1.49299379044	1.49299379044	1.49299379044	1.49299379044	1.49299379044	1.49299379044	1.49299379044	
9.0	153.458992545	153.614402546	153.769812548	153.92522255	154.080632551	154.236042553	154.391452554	154.546862556	154.702272558	154.857682559	0.0	0.0	-9.97810639666e-09	-7.35299917698e-09	-1.60506716666e-08	-1.59841853455e-08	-2.75675849526e-08	-3.03449676249e-08	-4.61550857823e-08	-5.63013465345e-08	0.0	-6.42050466061e-08	1.6891494707e-08	-5.59659764449e-08	4.27812369904e-10	-7.45344539401e-08	-1.78713251621e-08	-1.01731664585e-07	-6.52870513278e-08	-1.72862236433e-07	165.588790011	166.06398685	166.539183688	167.014380526	167.489577365	167.964774203	168.439971042	168.91516788	169.390364719	169.865561557	-3.643512032	-3.60646573254	-3.56941943308	-3.53237313362	-3.49532683416	-3.4582805347	-3.42123423524	-3.38418793578	-3.34714163632	-3.31009533686	1.49299379044	1.49299379044	1.49299379044	1.49299379044	1.49299379044	1.49299379044	1.49299379044	1.49299379044	1.49299379044	1.49299379044	
9.01666666667	153.458992545	153.614402546	153.769812548	153.92522255	154.080632551	154.236042553	154.391452554	154.546862556	154.702272558	154.857682559	0.0	0.0	-9.97810639666e-09	-7.35299917698e-09	-1.60506716666e-08	-1.59841853455e-08	-2.75675849526e-08	-3.03449676249e-08	-4.61550857823e-08	-5.63013465345e-08	0.0	-6.42050466061e-08	1.6891494707e-08	-5.59659764449e-08	4.27812369904e-10	-7.45344539401e-08	-1.78713251621e-08	-1.01731664585e-07	-6.52870513278e-08	-1.72862236433e-07	165.588790011	166.06398685	166.539183688	167.014380526	167.489577365	167.964774203	168.439971042	168.91516788	169.390364719	169.865561557	-3.643512032	-3.60646573254	-3.56941943308	-3.53237313362	-3.49532683416	-3.4582805347	-3.42123423524	-3.38418793578	-3.34714163632	-3.31009533686	1.49299379044	1.49299379044	1.49299379044	1.49299379044	1.49299379044	1.49299379044	1.49299379044	1.49299379044	1.49299379044	1.49299379044	
9.03333333333	153.458992545	153.614402546	153.769812548	153.92522255	154.080632551	154.236042553	154.391452554	154.546862556	154.702272558	154.857682559	0.0	0.0	-9.97810639666e-09	-7.35299917698e-09	-1.60506716666e-08	-1.59841853455e-08	-2.75675849526e-08	-3.03449676249e-08	-4.61550857823e-08	-5.63013465345e-08	0.0	-6.42050466061e-08	1.6891494707e-08	-5.59659764449e-08	4.27812369904e-10	-7.45344539401e-08	-1.78713251621e-08	-1.01731664585e-07	-6.52870513278e-08	-1.72862236433e-07	165.588790011	166.06398685	166.539183688	167.014380526	167.489577365	167.964774203	168.439971042	168.91516788	169.390364719	169.865561557	-3.643512032	-3.60646573254	-3.56941943308	-3.53237313362	-3.49532683416	-3.4582805347	-3.42123423524	-3.38418793578	-3.34714163632	-3.31009533686	1.49299379044	1.49299379044	1.49299379044	1.49299379044	1.49299379044	1.49299379044	1.49299379044	1.49299379044	1.49299379044	1.49299379044	
9.05	153.458992545	153.614402546	153.769812548	153.92522255	154.080632551	154.236042553	154.391452554	154.546862556	154.702272558	154.857682559	0.0	0.0	-9.97810639666e-09	-7.35299917698e-09	-1.60506716666e-08	-1.59841853455e-08	-2.75675849526e-08	-3.03449676249e-08	-4.61550857823e-08	-5.63013465345e-08	0.0	-6.42050466061e-08	1.6891494707e-08	-5.59659764449e-08	4.27812369904e-10	-7.45344539401e-08	-1.78713251621e-08	-1.01731664585e-07	-6.52870513278e-08	-1.72862236433e-07	165.588790011	166.06398685	166.539183688	167.014380526	167.489577365	167.964774203	168.439971042	168.91516788	169.390364719	169.865561557	-3.643512032	-3.60646573254	-3.56941943308	-3.53237313362	-3.49532683416	-3.4582805347	-3.42123423524	-3.38418793578	-3.34714163632	-3.31009533686	1.49299379044	1.49299379044	1.49299379044	1.49299379044	1.49299379044	1.49299379044	1.49299379044	1.49299379044	1.49299379044	1.49299379044	
9.06666666667	153.458992545	153.614402546	153.769812548	153.92522255	154.080632551	154.236042553	154.391452554	154.546862556	154.702272558	154.857682559	0.0	0.0	-9.97810639666e-09	-7.35299917698e-09	-1.60506716666e-08	-1.59841853455e-08	-2.75675849526e-08	-3.03449676249e-08	-4.61550857823e-08	-5.63013465345e-08	0.0	-6.42050466061e-08	1.6891494707e-08	-5.59659764449e-08	4.27812369904e-10	-7.45344539401e-08	-1.78713251621e-08	-1.01731664585e-07	-6.52870513278e-08	-1.72862236433e-07	165.588790011	166.06398685	166.539183688	167.014380526	167.489577365	167.964774203	168.439971042	168.91516788	169.390364719	169.865561557	-3.643512032	-3.60646573254	-3.56941943308	-3.53237313362	-3.49532683416	-3.4582805347	-3.42123423524	-3.38418793578	-3.34714163632	-3.31009533686	1.49299379044	1.49299379044	1.49299379044	1.49299379044	1.49299379044	1.49299379044	1.49299379044	1.49299379044	1.49299379044	1.49299379044	
9.08333333333	153.458992545	153.614402546	153.769812548	153.92522255	154.080632551	154.236042553	154.391452554	154.546862556	154.702272558	154.857682559	0.0	0.0	-9.97810639666e-09	-7.35299917698e-09	-1.60506716666e-08	-1.59841853455e-08	-2.75675849526e-08	-3.03449676249e-08	-4.61550857823e-08	-5.63013465345e-08	0.0	-6.42050466061e-08	1.6891494707e-08	-5.59659764449e-08	4.27812369904e-10	-7.45344539401e-08	-1.78713251621e-08	-1.01731664585e-07	-6.52870513278e-08	-1.72862236433e-07	165.588790011	166.06398685	166.539183688	167.014380526	167.489577365	167.964774203	168.439971042	168.91516788	169.390364719	169.865561557	-3.643512032	-3.60646573254	-3.56941943308	-3.53237313362	-3.49532683416	-3.4582805347	-3.42123423524	-3.38418793578	-3.34714163632	-3.31009533686	1.49299379044	1.49299379044	1.49299379044	1.49299379044	1.49299379044	1.49299379044	1.49299379044	1.49299379044	1.49299379044	1.49299379044	
9.1	153.458992545	153.614402546	153.769812548	153.92522255	154.080632551	154.236042553	154.391452554	154.546862556	154.702272558	154.857682559	0.0	0.0	-9.97810639666e-09	-7.35299917698e-09	-1.60506716666e-08	-1.59841853455e-08	-2.75675849526e-08	-3.03449676249e-08	-4.61550857823e-08	-5.63013465345e-08	0.0	-6.42050466061e-08	1.6891494707e-08	-5.59659764449e-08	4.27812369904e-10	-7.45344539401e-08	-1.78713251621e-08	-1.01731664585e-07	-6.52870513278e-08	-1.72862236433e-07	165.588790011	166.06398685	166.539183688	167.014380526	167.489577365	167.964774203	168.439971042	168.91516788	169.390364719	169.865561557	-3.643512032	-3.60646573254	-3.56941943308	-3.53237313362	-3.49532683416	-3.4582805347	-3.42123423524	-3.38418793578	-3.34714163632	-3.31009533686	1.49299379044	1.49299379044	1.49299379044	1.49299379044	1.49299379044	1.49299379044	1.49299379044	1.49299379044	1.49299379044	1.49299379044	
9.11666666667	153.458992545	153.614402546	153.769812548	153.92522255	154.080632551	154.236042553	154.391452554	154.546862556	154.702272558	154.857682559	0.0	0.0	-9.97810639666e-09	-7.35299917698e-09	-1.60506716666e-08	-1.59841853455e-08	-2.75675849526e-08	-3.03449676249e-08	-4.61550857823e-08	-5.63013465345e-08	0.0	-6.42050466061e-08	1.6891494707e-08	-5.59659764449e-08	4.27812369904e-10	-7.45344539401e-08	-1.78713251621e-08	-1.01731664585e-07	-6.52870513278e-08	-1.72862236433e-07	165.588790011	166.06398685	166.539183688	167.014380526	167.489577365	167.964774203	168.439971042	168.91516788	169.390364719	169.865561557	-3.643512032	-3.60646573254	-3.56941943308	-3.53237313362	-3.49532683416	-3.4582805347	-3.42123423524	-3.38418793578	-3.34714163632	-3.31009533686	1.49299379044	1.49299379044	1.49299379044	1.49299379044	1.49299379044	1.49299379044	1.49299379044	1.49299379044	1.49299379044	1.49299379044	
9.13333333333	153.458992545	153.614402546	153.769812548	153.92522255	154.080632551	154.236042553	154.391452554	154.546862556	154.702272558	154.857682559	0.0	0.0	-9.97810639666e-09	-7.35299917698e-09	-1.60506716666e-08	-1.59841853455e-08	-2.75675849526e-08	-3.03449676249e-08	-4.61550857823e-08	-5.63013465345e-08	0.0	-6.42050466061e-08	1.6891494707e-08	-5.59659764449e-08	4.27812369904e-10	-7.45344539401e-08	-1.78713251621e-08	-1.01731664585e-07	-6.52870513278e-08	-1.72862236433e-07	165.588790011	166.06398685	166.539183688	167.014380526	167.489577365	167.964774203	168.439971042	168.91516788	169.390364719	169.865561557	-3.643512032	-3.60646573254	-3.56941943308	-3.53237313362	-3.49532683416	-3.4582805347	-3.42123423524	-3.38418793578	-3.34714163632	-3.31009533686	1.49299379044	1.49299379044	1.49299379044	1.49299379044	1.49299379044	1.49299379044	1.49299379044	1.49299379044	1.49299379044	1.49299379044	
9.15	153.458992545	153.614402546	153.769812548	153.92522255	154.080632551	154.236042553	154.391452554	154.546862556	154.702272558	154.857682559	0.0	0.0	-9.97810639666e-09	-7.35299917698e-09	-1.60506716666e-08	-1.59841853455e-08	-2.75675849526e-08	-3.03449676249e-08	-4.61550857823e-08	-5.63013465345e-08	0.0	-6.42050466061e-08	1.6891494707e-08	-5.59659764449e-08	4.27812369904e-10	-7.45344539401e-08	-1.78713251621e-08	-1.01731664585e-07	-6.52870513278e-08	-1.72862236433e-07	165.588790011	166.06398685	166.539183688	167.014380526	167.489577365	167.964774203	168.439971042	168.91516788	169.390364719	169.865561557	-3.643512032	-3.60646573254	-3.56941943308	-3.53237313362	-3.49532683416	-3.4582805347	-3.42123423524	-3.38418793578	-3.34714163632	-3.31009533686	1.49299379044	1.49299379044	1.49299379044	1.49299379044	1.49299379044	1.49299379044	1.49299379044	1.49299379044	1.49299379044	1.49299379044	
9.16666666667	153.458992545	153.614402546	153.769812548	153.92522255	154.080632551	154.236042553	154.391452554	154.546862556	154.702272558	154.857682559	0.0	0.0	-9.97810639666e-09	-7.35299917698e-09	-1.60506716666e-08	-1.59841853455e-08	-2.75675849526e-08	-3.03449676249e-08	-4.61550857823e-08	-5.63013465345e-08	0.0	-6.42050466061e-08	1.6891494707e-08	-5.59659764449e-08	4.27812369904e-10	-7.45344539401e-08	-1.78713251621e-08	-1.01731664585e-07	-6.52870513278e-08	-1.72862236433e-07	165.588790011	166.06398685	166.539183688	167.014380526	167.489577365	167.964774203	168.439971042	168.91516788	169.390364719	169.865561557	-3.643512032	-3.60646573254	-3.56941943308	-3.53237313362	-3.49532683416	-3.4582805347	-3.42123423524	-3.38418793578	-3.34714163632	-3.31009533686	1.49299379044	1.49299379044	1.49299379044	1.49299379044	1.49299379044	1.49299379044	1.49299379044	1.49299379044	1.49299379044	1.49299379044	
9.18333333333	153.458992545	153.614402546	153.769812548	153.92522255	154.080632551	154.236042553	154.391452554	154.546862556	154.702272558	154.857682559	0.0	0.0	-9.97810639666e-09	-7.35299917698e-09	-1.60506716666e-08	-1.59841853455e-08	-2.75675849526e-08	-3.03449676249e-08	-4.61550857823e-08	-5.63013465345e-08	0.0	-6.42050466061e-08	1.6891494707e-08	-5.59659764449e-08	4.27812369904e-10	-7.45344539401e-08	-1.78713251621e-08	-1.01731664585e-07	-6.52870513278e-08	-1.72862236433e-07	165.588790011	166.06398685	166.539183688	167.014380526	167.489577365	167.964774203	168.439971042	168.91516788	169.390364719	169.865561557	-3.643512032	-3.60646573254	-3.56941943308	-3.53237313362	-3.49532683416	-3.4582805347	-3.42123423524	-3.38418793578	-3.34714163632	-3.31009533686	1.49299379044	1.49299379044	1.49299379044	1.49299379044	1.49299379044	1.49299379044	1.49299379044	1.49299379044	1.49299379044	1.49299379044	
9.2	153.458992545	153.614402546	153.769812548	153.92522255	154.080632551	154.236042553	154.391452554	154.546862556	154.702272558	154.857682559	0.0	0.0	-9.97810639666e-09	-7.35299917698e-09	-1.60506716666e-08	-1.59841853455e-08	-2.75675849526e-08	-3.03449676249e-08	-4.61550857823e-08	-5.63013465345e-08	0.0	-6.42050466061e-08	1.6891494707e-08	-5.59659764449e-08	4.27812369904e-10	-7.45344539401e-08	-1.78713251621e-08	-1.01731664585e-07	-6.52870513278e-08	-1.72862236433e-07	165.588790011	166.06398685	166.539183688	167.014380526	167.489577365	167.964774203	168.439971042	168.91516788	169.390364719	169.865561557	-3.643512032	-3.60646573254	-3.56941943308	-3.53237313362	-3.49532683416	-3.4582805347	-3.42123423524	-3.38418793578	-3.34714163632	-3.31009533686	1.49299379044	1.49299379044	1.49299379044	1.49299379044	1.49299379044	1.49299379044	1.49299379044	1.49299379044	1.49299379044	1.49299379044	
9.21666666667	153.458992545	153.614402546	153.769812548	153.92522255	154.080632551	154.236042553	154.391452554	154.546862556	154.702272558	154.857682559	0.0	0.0	-9.97810639666e-09	-7.35299917698e-09	-1.60506716666e-08	-1.59841853455e-08	-2.75675849526e-08	-3.03449676249e-08	-4.61550857823e-08	-5.63013465345e-08	0.0	-6.42050466061e-08	1.6891494707e-08	-5.59659764449e-08	4.27812369904e-10	-7.45344539401e-08	-1.78713251621e-08	-1.01731664585e-07	-6.52870513278e-08	-1.72862236433e-07	165.588790011	166.06398685	166.539183688	167.014380526	167.489577365	167.964774203	168.439971042	168.91516788	169.390364719	169.865561557	-3.643512032	-3.60646573254	-3.56941943308	-3.53237313362	-3.49532683416	-3.4582805347	-3.42123423524	-3.38418793578	-3.34714163632	-3.31009533686	1.49299379044	1.49299379044	1.49299379044	1.49299379044	1.49299379044	1.49299379044	1.49299379044	1.49299379044	1.49299379044	1.49299379044	
9.23333333333	153.458992545	153.614402546	153.769812548	153.92522255	154.080632551	154.236042553	154.391452554	154.546862556	154.702272558	154.857682559	0.0	0.0	-9.97810639666e-09	-7.35299917698e-09	-1.60506716666e-08	-1.59841853455e-08	-2.75675849526e-08	-3.03449676249e-08	-4.61550857823e-08	-5.63013465345e-08	0.0	-6.42050466061e-08	1.6891494707e-08	-5.59659764449e-08	4.27812369904e-10	-7.45344539401e-08	-1.78713251621e-08	-1.01731664585e-07	-6.52870513278e-08	-1.72862236433e-07	165.588790011	166.06398685	166.539183688	167.014380526	167.489577365	167.964774203	168.439971042	168.91516788	169.390364719	169.865561557	-3.643512032	-3.60646573254	-3.56941943308	-3.53237313362	-3.49532683416	-3.4582805347	-3.42123423524	-3.38418793578	-3.34714163632	-3.31009533686	1.49299379044	1.49299379044	1.49299379044	1.49299379044	1.49299379044	1.49299379044	1.49299379044	1.49299379044	1.49299379044	1.49299379044	
9.25	153.458992545	153.614402546	153.769812548	153.92522255	154.080632551	154.236042553	154.391452554	154.546862556	154.702272558	154.857682559	0.0	0.0	-9.97810639666e-09	-7.35299917698e-09	-1.60506716666e-08	-1.59841853455e-08	-2.75675849526e-08	-3.03449676249e-08	-4.61550857823e-08	-5.63013465345e-08	0.0	-6.42050466061e-08	1.6891494707e-08	-5.59659764449e-08	4.27812369904e-10	-7.45344539401e-08	-1.78713251621e-08	-1.01731664585e-07	-6.52870513278e-08	-1.72862236433e-07	165.588790011	166.06398685	166.539183688	167.014380526	167.489577365	167.964774203	168.439971042	168.91516788	169.390364719	169.865561557	-3.643512032	-3.60646573254	-3.56941943308	-3.53237313362	-3.49532683416	-3.4582805347	-3.42123423524	-3.38418793578	-3.34714163632	-3.31009533686	1.49299379044	1.49299379044	1.49299379044	1.49299379044	1.49299379044	1.49299379044	1.49299379044	1.49299379044	1.49299379044	1.49299379044	
9.26666666667	153.458992545	153.614402546	153.769812548	153.92522255	154.080632551	154.236042553	154.391452554	154.546862556	154.702272558	154.857682559	0.0	0.0	-9.97810639666e-09	-7.35299917698e-09	-1.60506716666e-08	-1.59841853455e-08	-2.75675849526e-08	-3.03449676249e-08	-4.61550857823e-08	-5.63013465345e-08	0.0	-6.42050466061e-08	1.6891494707e-08	-5.59659764449e-08	4.27812369904e-10	-7.45344539401e-08	-1.78713251621e-08	-1.01731664585e-07	-6.52870513278e-08	-1.72862236433e-07	165.588790011	166.06398685	166.539183688	167.014380526	167.489577365	167.964774203	168.439971042	168.91516788	169.390364719	169.865561557	-3.643512032	-3.60646573254	-3.56941943308	-3.53237313362	-3.49532683416	-3.4582805347	-3.42123423524	-3.38418793578	-3.34714163632	-3.31009533686	1.49299379044	1.49299379044	1.49299379044	1.49299379044	1.49299379044	1.49299379044	1.49299379044	1.49299379044	1.49299379044	1.49299379044	
9.28333333333	153.458992545	153.614402546	153.769812548	153.92522255	154.080632551	154.236042553	154.391452554	154.546862556	154.702272558	154.857682559	0.0	0.0	-9.97810639666e-09	-7.35299917698e-09	-1.60506716666e-08	-1.59841853455e-08	-2.75675849526e-08	-3.03449676249e-08	-4.61550857823e-08	-5.63013465345e-08	0.0	-6.42050466061e-08	1.6891494707e-08	-5.59659764449e-08	4.27812369904e-10	-7.45344539401e-08	-1.78713251621e-08	-1.01731664585e-07	-6.52870513278e-08	-1.72862236433e-07	165.588790011	166.06398685	166.539183688	167.014380526	167.489577365	167.964774203	168.439971042	168.91516788	169.390364719	169.865561557	-3.643512032	-3.60646573254	-3.56941943308	-3.53237313362	-3.49532683416	-3.4582805347	-3.42123423524	-3.38418793578	-3.34714163632	-3.31009533686	1.49299379044	1.49299379044	1.49299379044	1.49299379044	1.49299379044	1.49299379044	1.49299379044	1.49299379044	1.49299379044	1.49299379044	
9.3	153.458992545	153.614402546	153.769812548	153.92522255	154.080632551	154.236042553	154.391452554	154.546862556	154.702272558	154.857682559	0.0	0.0	-9.97810639666e-09	-7.35299917698e-09	-1.60506716666e-08	-1.59841853455e-08	-2.75675849526e-08	-3.03449676249e-08	-4.61550857823e-08	-5.63013465345e-08	0.0	-6.42050466061e-08	1.6891494707e-08	-5.59659764449e-08	4.27812369904e-10	-7.45344539401e-08	-1.78713251621e-08	-1.01731664585e-07	-6.52870513278e-08	-1.72862236433e-07	165.588790011	166.06398685	166.539183688	167.014380526	167.489577365	167.964774203	168.439971042	168.91516788	169.390364719	169.865561557	-3.643512032	-3.60646573254	-3.56941943308	-3.53237313362	-3.49532683416	-3.4582805347	-3.42123423524	-3.38418793578	-3.34714163632	-3.31009533686	1.49299379044	1.49299379044	1.49299379044	1.49299379044	1.49299379044	1.49299379044	1.49299379044	1.49299379044	1.49299379044	1.49299379044	
9.31666666667	153.458992545	153.614402546	153.769812548	153.92522255	154.080632551	154.236042553	154.391452554	154.546862556	154.702272558	154.857682559	0.0	0.0	-9.97810639666e-09	-7.35299917698e-09	-1.60506716666e-08	-1.59841853455e-08	-2.75675849526e-08	-3.03449676249e-08	-4.61550857823e-08	-5.63013465345e-08	0.0	-6.42050466061e-08	1.6891494707e-08	-5.59659764449e-08	4.27812369904e-10	-7.45344539401e-08	-1.78713251621e-08	-1.01731664585e-07	-6.52870513278e-08	-1.72862236433e-07	165.588790011	166.06398685	166.539183688	167.014380526	167.489577365	167.964774203	168.439971042	168.91516788	169.390364719	169.865561557	-3.643512032	-3.60646573254	-3.56941943308	-3.53237313362	-3.49532683416	-3.4582805347	-3.42123423524	-3.38418793578	-3.34714163632	-3.31009533686	1.49299379044	1.49299379044	1.49299379044	1.49299379044	1.49299379044	1.49299379044	1.49299379044	1.49299379044	1.49299379044	1.49299379044	
9.33333333333	153.458992545	153.614402546	153.769812548	153.92522255	154.080632551	154.236042553	154.391452554	154.546862556	154.702272558	154.857682559	0.0	0.0	-9.97810639666e-09	-7.35299917698e-09	-1.60506716666e-08	-1.59841853455e-08	-2.75675849526e-08	-3.03449676249e-08	-4.61550857823e-08	-5.63013465345e-08	0.0	-6.42050466061e-08	1.6891494707e-08	-5.59659764449e-08	4.27812369904e-10	-7.45344539401e-08	-1.78713251621e-08	-1.01731664585e-07	-6.52870513278e-08	-1.72862236433e-07	165.588790011	166.06398685	166.539183688	167.014380526	167.489577365	167.964774203	168.439971042	168.91516788	169.390364719	169.865561557	-3.643512032	-3.60646573254	-3.56941943308	-3.53237313362	-3.49532683416	-3.4582805347	-3.42123423524	-3.38418793578	-3.34714163632	-3.31009533686	1.49299379044	1.49299379044	1.49299379044	1.49299379044	1.49299379044	1.49299379044	1.49299379044	1.49299379044	1.49299379044	1.49299379044	
9.35	153.458992545	153.614402546	153.769812548	153.92522255	154.080632551	154.236042553	154.391452554	154.546862556	154.702272558	154.857682559	0.0	0.0	-9.97810639666e-09	-7.35299917698e-09	-1.60506716666e-08	-1.59841853455e-08	-2.75675849526e-08	-3.03449676249e-08	-4.61550857823e-08	-5.63013465345e-08	0.0	-6.42050466061e-08	1.6891494707e-08	-5.59659764449e-08	4.27812369904e-10	-7.45344539401e-08	-1.78713251621e-08	-1.01731664585e-07	-6.52870513278e-08	-1.72862236433e-07	165.588790011	166.06398685	166.539183688	167.014380526	167.489577365	167.964774203	168.439971042	168.91516788	169.390364719	169.865561557	-3.643512032	-3.60646573254	-3.56941943308	-3.53237313362	-3.49532683416	-3.4582805347	-3.42123423524	-3.38418793578	-3.34714163632	-3.31009533686	1.49299379044	1.49299379044	1.49299379044	1.49299379044	1.49299379044	1.49299379044	1.49299379044	1.49299379044	1.49299379044	1.49299379044	
9.36666666667	153.458992545	153.614402546	153.769812548	153.92522255	154.080632551	154.236042553	154.391452554	154.546862556	154.702272558	154.857682559	0.0	0.0	-9.97810639666e-09	-7.35299917698e-09	-1.60506716666e-08	-1.59841853455e-08	-2.75675849526e-08	-3.03449676249e-08	-4.61550857823e-08	-5.63013465345e-08	0.0	-6.42050466061e-08	1.6891494707e-08	-5.59659764449e-08	4.27812369904e-10	-7.45344539401e-08	-1.78713251621e-08	-1.01731664585e-07	-6.52870513278e-08	-1.72862236433e-07	165.588790011	166.06398685	166.539183688	167.014380526	167.489577365	167.964774203	168.439971042	168.91516788	169.390364719	169.865561557	-3.643512032	-3.60646573254	-3.56941943308	-3.53237313362	-3.49532683416	-3.4582805347	-3.42123423524	-3.38418793578	-3.34714163632	-3.31009533686	1.49299379044	1.49299379044	1.49299379044	1.49299379044	1.49299379044	1.49299379044	1.49299379044	1.49299379044	1.49299379044	1.49299379044	
9.38333333333	153.458992545	153.614402546	153.769812548	153.92522255	154.080632551	154.236042553	154.391452554	154.546862556	154.702272558	154.857682559	0.0	0.0	-9.97810639666e-09	-7.35299917698e-09	-1.60506716666e-08	-1.59841853455e-08	-2.75675849526e-08	-3.03449676249e-08	-4.61550857823e-08	-5.63013465345e-08	0.0	-6.42050466061e-08	1.6891494707e-08	-5.59659764449e-08	4.27812369904e-10	-7.45344539401e-08	-1.78713251621e-08	-1.01731664585e-07	-6.52870513278e-08	-1.72862236433e-07	165.588790011	166.06398685	166.539183688	167.014380526	167.489577365	167.964774203	168.439971042	168.91516788	169.390364719	169.865561557	-3.643512032	-3.60646573254	-3.56941943308	-3.53237313362	-3.49532683416	-3.4582805347	-3.42123423524	-3.38418793578	-3.34714163632	-3.31009533686	1.49299379044	1.49299379044	1.49299379044	1.49299379044	1.49299379044	1.49299379044	1.49299379044	1.49299379044	1.49299379044	1.49299379044	
9.4	153.458992545	153.614402546	153.769812548	153.92522255	154.080632551	154.236042553	154.391452554	154.546862556	154.702272558	154.857682559	0.0	0.0	-9.97810639666e-09	-7.35299917698e-09	-1.60506716666e-08	-1.59841853455e-08	-2.75675849526e-08	-3.03449676249e-08	-4.61550857823e-08	-5.63013465345e-08	0.0	-6.42050466061e-08	1.6891494707e-08	-5.59659764449e-08	4.27812369904e-10	-7.45344539401e-08	-1.78713251621e-08	-1.01731664585e-07	-6.52870513278e-08	-1.72862236433e-07	165.588790011	166.06398685	166.539183688	167.014380526	167.489577365	167.964774203	168.439971042	168.91516788	169.390364719	169.865561557	-3.643512032	-3.60646573254	-3.56941943308	-3.53237313362	-3.49532683416	-3.4582805347	-3.42123423524	-3.38418793578	-3.34714163632	-3.31009533686	1.49299379044	1.49299379044	1.49299379044	1.49299379044	1.49299379044	1.49299379044	1.49299379044	1.49299379044	1.49299379044	1.49299379044	
9.41666666667	153.458992545	153.614402546	153.769812548	153.92522255	154.080632551	154.236042553	154.391452554	154.546862556	154.702272558	154.857682559	0.0	0.0	-9.97810639666e-09	-7.35299917698e-09	-1.60506716666e-08	-1.59841853455e-08	-2.75675849526e-08	-3.03449676249e-08	-4.61550857823e-08	-5.63013465345e-08	0.0	-6.42050466061e-08	1.6891494707e-08	-5.59659764449e-08	4.27812369904e-10	-7.45344539401e-08	-1.78713251621e-08	-1.01731664585e-07	-6.52870513278e-08	-1.72862236433e-07	165.588790011	166.06398685	166.539183688	167.014380526	167.489577365	167.964774203	168.439971042	168.91516788	169.390364719	169.865561557	-3.643512032	-3.60646573254	-3.56941943308	-3.53237313362	-3.49532683416	-3.4582805347	-3.42123423524	-3.38418793578	-3.34714163632	-3.31009533686	1.49299379044	1.49299379044	1.49299379044	1.49299379044	1.49299379044	1.49299379044	1.49299379044	1.49299379044	1.49299379044	1.49299379044	
9.43333333333	153.458992545	153.614402546	153.769812548	153.92522255	154.080632551	154.236042553	154.391452554	154.546862556	154.702272558	154.857682559	0.0	0.0	-9.97810639666e-09	-7.35299917698e-09	-1.60506716666e-08	-1.59841853455e-08	-2.75675849526e-08	-3.03449676249e-08	-4.61550857823e-08	-5.63013465345e-08	0.0	-6.42050466061e-08	1.6891494707e-08	-5.59659764449e-08	4.27812369904e-10	-7.45344539401e-08	-1.78713251621e-08	-1.01731664585e-07	-6.52870513278e-08	-1.72862236433e-07	165.588790011	166.06398685	166.539183688	167.014380526	167.489577365	167.964774203	168.439971042	168.91516788	169.390364719	169.865561557	-3.643512032	-3.60646573254	-3.56941943308	-3.53237313362	-3.49532683416	-3.4582805347	-3.42123423524	-3.38418793578	-3.34714163632	-3.31009533686	1.49299379044	1.49299379044	1.49299379044	1.49299379044	1.49299379044	1.49299379044	1.49299379044	1.49299379044	1.49299379044	1.49299379044	
9.45	153.458992545	153.614402546	153.769812548	153.92522255	154.080632551	154.236042553	154.391452554	154.546862556	154.702272558	154.857682559	0.0	0.0	-9.97810639666e-09	-7.35299917698e-09	-1.60506716666e-08	-1.59841853455e-08	-2.75675849526e-08	-3.03449676249e-08	-4.61550857823e-08	-5.63013465345e-08	0.0	-6.42050466061e-08	1.6891494707e-08	-5.59659764449e-08	4.27812369904e-10	-7.45344539401e-08	-1.78713251621e-08	-1.01731664585e-07	-6.52870513278e-08	-1.72862236433e-07	165.588790011	166.06398685	166.539183688	167.014380526	167.489577365	167.964774203	168.439971042	168.91516788	169.390364719	169.865561557	-3.643512032	-3.60646573254	-3.56941943308	-3.53237313362	-3.49532683416	-3.4582805347	-3.42123423524	-3.38418793578	-3.34714163632	-3.31009533686	1.49299379044	1.49299379044	1.49299379044	1.49299379044	1.49299379044	1.49299379044	1.49299379044	1.49299379044	1.49299379044	1.49299379044	
9.46666666667	153.458992545	153.614402546	153.769812548	153.92522255	154.080632551	154.236042553	154.391452554	154.546862556	154.702272558	154.857682559	0.0	0.0	-9.97810639666e-09	-7.35299917698e-09	-1.60506716666e-08	-1.59841853455e-08	-2.75675849526e-08	-3.03449676249e-08	-4.61550857823e-08	-5.63013465345e-08	0.0	-6.42050466061e-08	1.6891494707e-08	-5.59659764449e-08	4.27812369904e-10	-7.45344539401e-08	-1.78713251621e-08	-1.01731664585e-07	-6.52870513278e-08	-1.72862236433e-07	165.588790011	166.06398685	166.539183688	167.014380526	167.489577365	167.964774203	168.439971042	168.91516788	169.390364719	169.865561557	-3.643512032	-3.60646573254	-3.56941943308	-3.53237313362	-3.49532683416	-3.4582805347	-3.42123423524	-3.38418793578	-3.34714163632	-3.31009533686	1.49299379044	1.49299379044	1.49299379044	1.49299379044	1.49299379044	1.49299379044	1.49299379044	1.49299379044	1.49299379044	1.49299379044	
9.48333333333	153.458992545	153.614402546	153.769812548	153.92522255	154.080632551	154.236042553	154.391452554	154.546862556	154.702272558	154.857682559	0.0	0.0	-9.97810639666e-09	-7.35299917698e-09	-1.60506716666e-08	-1.59841853455e-08	-2.75675849526e-08	-3.03449676249e-08	-4.61550857823e-08	-5.63013465345e-08	0.0	-6.42050466061e-08	1.6891494707e-08	-5.59659764449e-08	4.27812369904e-10	-7.45344539401e-08	-1.78713251621e-08	-1.01731664585e-07	-6.52870513278e-08	-1.72862236433e-07	165.588790011	166.06398685	166.539183688	167.014380526	167.489577365	167.964774203	168.439971042	168.91516788	169.390364719	169.865561557	-3.643512032	-3.60646573254	-3.56941943308	-3.53237313362	-3.49532683416	-3.4582805347	-3.42123423524	-3.38418793578	-3.34714163632	-3.31009533686	1.49299379044	1.49299379044	1.49299379044	1.49299379044	1.49299379044	1.49299379044	1.49299379044	1.49299379044	1.49299379044	1.49299379044	
9.5	153.458992545	153.614402546	153.769812548	153.92522255	154.080632551	154.236042553	154.391452554	154.546862556	154.702272558	154.857682559	0.0	0.0	-9.97810639666e-09	-7.35299917698e-09	-1.60506716666e-08	-1.59841853455e-08	-2.75675849526e-08	-3.03449676249e-08	-4.61550857823e-08	-5.63013465345e-08	0.0	-6.42050466061e-08	1.6891494707e-08	-5.59659764449e-08	4.27812369904e-10	-7.45344539401e-08	-1.78713251621e-08	-1.01731664585e-07	-6.52870513278e-08	-1.72862236433e-07	165.588790011	166.06398685	166.539183688	167.014380526	167.489577365	167.964774203	168.439971042	168.91516788	169.390364719	169.865561557	-3.643512032	-3.60646573254	-3.56941943308	-3.53237313362	-3.49532683416	-3.4582805347	-3.42123423524	-3.38418793578	-3.34714163632	-3.31009533686	1.49299379044	1.49299379044	1.49299379044	1.49299379044	1.49299379044	1.49299379044	1.49299379044	1.49299379044	1.49299379044	1.49299379044	
9.51666666667	153.458992545	153.614402546	153.769812548	153.92522255	154.080632551	154.236042553	154.391452554	154.546862556	154.702272558	154.857682559	0.0	0.0	-9.97810639666e-09	-7.35299917698e-09	-1.60506716666e-08	-1.59841853455e-08	-2.75675849526e-08	-3.03449676249e-08	-4.61550857823e-08	-5.63013465345e-08	0.0	-6.42050466061e-08	1.6891494707e-08	-5.59659764449e-08	4.27812369904e-10	-7.45344539401e-08	-1.78713251621e-08	-1.01731664585e-07	-6.52870513278e-08	-1.72862236433e-07	165.588790011	166.06398685	166.539183688	167.014380526	167.489577365	167.964774203	168.439971042	168.91516788	169.390364719	169.865561557	-3.643512032	-3.60646573254	-3.56941943308	-3.53237313362	-3.49532683416	-3.4582805347	-3.42123423524	-3.38418793578	-3.34714163632	-3.31009533686	1.49299379044	1.49299379044	1.49299379044	1.49299379044	1.49299379044	1.49299379044	1.49299379044	1.49299379044	1.49299379044	1.49299379044	
9.53333333333	153.458992545	153.614402546	153.769812548	153.92522255	154.080632551	154.236042553	154.391452554	154.546862556	154.702272558	154.857682559	0.0	0.0	-9.97810639666e-09	-7.35299917698e-09	-1.60506716666e-08	-1.59841853455e-08	-2.75675849526e-08	-3.03449676249e-08	-4.61550857823e-08	-5.63013465345e-08	0.0	-6.42050466061e-08	1.6891494707e-08	-5.59659764449e-08	4.27812369904e-10	-7.45344539401e-08	-1.78713251621e-08	-1.01731664585e-07	-6.52870513278e-08	-1.72862236433e-07	165.588790011	166.06398685	166.539183688	167.014380526	167.489577365	167.964774203	168.439971042	168.91516788	169.390364719	169.865561557	-3.643512032	-3.60646573254	-3.56941943308	-3.53237313362	-3.49532683416	-3.4582805347	-3.42123423524	-3.38418793578	-3.34714163632	-3.31009533686	1.49299379044	1.49299379044	1.49299379044	1.49299379044	1.49299379044	1.49299379044	1.49299379044	1.49299379044	1.49299379044	1.49299379044	
9.55	153.458992545	153.614402546	153.769812548	153.92522255	154.080632551	154.236042553	154.391452554	154.546862556	154.702272558	154.857682559	0.0	0.0	-9.97810639666e-09	-7.35299917698e-09	-1.60506716666e-08	-1.59841853455e-08	-2.75675849526e-08	-3.03449676249e-08	-4.61550857823e-08	-5.63013465345e-08	0.0	-6.42050466061e-08	1.6891494707e-08	-5.59659764449e-08	4.27812369904e-10	-7.45344539401e-08	-1.78713251621e-08	-1.01731664585e-07	-6.52870513278e-08	-1.72862236433e-07	165.588790011	166.06398685	166.539183688	167.014380526	167.489577365	167.964774203	168.439971042	168.91516788	169.390364719	169.865561557	-3.643512032	-3.60646573254	-3.56941943308	-3.53237313362	-3.49532683416	-3.4582805347	-3.42123423524	-3.38418793578	-3.34714163632	-3.31009533686	1.49299379044	1.49299379044	1.49299379044	1.49299379044	1.49299379044	1.49299379044	1.49299379044	1.49299379044	1.49299379044	1.49299379044	
9.56666666667	153.458992545	153.614402546	153.769812548	153.92522255	154.080632551	154.236042553	154.391452554	154.546862556	154.702272558	154.857682559	0.0	0.0	-9.97810639666e-09	-7.35299917698e-09	-1.60506716666e-08	-1.59841853455e-08	-2.75675849526e-08	-3.03449676249e-08	-4.61550857823e-08	-5.63013465345e-08	0.0	-6.42050466061e-08	1.6891494707e-08	-5.59659764449e-08	4.27812369904e-10	-7.45344539401e-08	-1.78713251621e-08	-1.01731664585e-07	-6.52870513278e-08	-1.72862236433e-07	165.588790011	166.06398685	166.539183688	167.014380526	167.489577365	167.964774203	168.439971042	168.91516788	169.390364719	169.865561557	-3.643512032	-3.60646573254	-3.56941943308	-3.53237313362	-3.49532683416	-3.4582805347	-3.42123423524	-3.38418793578	-3.34714163632	-3.31009533686	1.49299379044	1.49299379044	1.49299379044	1.49299379044	1.49299379044	1.49299379044	1.49299379044	1.49299379044	1.49299379044	1.49299379044	
9.58333333333	153.458992545	153.614402546	153.769812548	153.92522255	154.080632551	154.236042553	154.391452554	154.546862556	154.702272558	154.857682559	0.0	0.0	-9.97810639666e-09	-7.35299917698e-09	-1.60506716666e-08	-1.59841853455e-08	-2.75675849526e-08	-3.03449676249e-08	-4.61550857823e-08	-5.63013465345e-08	0.0	-6.42050466061e-08	1.6891494707e-08	-5.59659764449e-08	4.27812369904e-10	-7.45344539401e-08	-1.78713251621e-08	-1.01731664585e-07	-6.52870513278e-08	-1.72862236433e-07	165.588790011	166.06398685	166.539183688	167.014380526	167.489577365	167.964774203	168.439971042	168.91516788	169.390364719	169.865561557	-3.643512032	-3.60646573254	-3.56941943308	-3.53237313362	-3.49532683416	-3.4582805347	-3.42123423524	-3.38418793578	-3.34714163632	-3.31009533686	1.49299379044	1.49299379044	1.49299379044	1.49299379044	1.49299379044	1.49299379044	1.49299379044	1.49299379044	1.49299379044	1.49299379044	
9.6	153.458992545	153.614402546	153.769812548	153.92522255	154.080632551	154.236042553	154.391452554	154.546862556	154.702272558	154.857682559	0.0	0.0	-9.97810639666e-09	-7.35299917698e-09	-1.60506716666e-08	-1.59841853455e-08	-2.75675849526e-08	-3.03449676249e-08	-4.61550857823e-08	-5.63013465345e-08	0.0	-6.42050466061e-08	1.6891494707e-08	-5.59659764449e-08	4.27812369904e-10	-7.45344539401e-08	-1.78713251621e-08	-1.01731664585e-07	-6.52870513278e-08	-1.72862236433e-07	165.588790011	166.06398685	166.539183688	167.014380526	167.489577365	167.964774203	168.439971042	168.91516788	169.390364719	169.865561557	-3.643512032	-3.60646573254	-3.56941943308	-3.53237313362	-3.49532683416	-3.4582805347	-3.42123423524	-3.38418793578	-3.34714163632	-3.31009533686	1.49299379044	1.49299379044	1.49299379044	1.49299379044	1.49299379044	1.49299379044	1.49299379044	1.49299379044	1.49299379044	1.49299379044	
9.61666666667	153.458992545	153.614402546	153.769812548	153.92522255	154.080632551	154.236042553	154.391452554	154.546862556	154.702272558	154.857682559	0.0	0.0	-9.97810639666e-09	-7.35299917698e-09	-1.60506716666e-08	-1.59841853455e-08	-2.75675849526e-08	-3.03449676249e-08	-4.61550857823e-08	-5.63013465345e-08	0.0	-6.42050466061e-08	1.6891494707e-08	-5.59659764449e-08	4.27812369904e-10	-7.45344539401e-08	-1.78713251621e-08	-1.01731664585e-07	-6.52870513278e-08	-1.72862236433e-07	165.588790011	166.06398685	166.539183688	167.014380526	167.489577365	167.964774203	168.439971042	168.91516788	169.390364719	169.865561557	-3.643512032	-3.60646573254	-3.56941943308	-3.53237313362	-3.49532683416	-3.4582805347	-3.42123423524	-3.38418793578	-3.34714163632	-3.31009533686	1.49299379044	1.49299379044	1.49299379044	1.49299379044	1.49299379044	1.49299379044	1.49299379044	1.49299379044	1.49299379044	1.49299379044	
9.63333333333	153.458992545	153.614402546	153.769812548	153.92522255	154.080632551	154.236042553	154.391452554	154.546862556	154.702272558	154.857682559	0.0	0.0	-9.97810639666e-09	-7.35299917698e-09	-1.60506716666e-08	-1.59841853455e-08	-2.75675849526e-08	-3.03449676249e-08	-4.61550857823e-08	-5.63013465345e-08	0.0	-6.42050466061e-08	1.6891494707e-08	-5.59659764449e-08	4.27812369904e-10	-7.45344539401e-08	-1.78713251621e-08	-1.01731664585e-07	-6.52870513278e-08	-1.72862236433e-07	165.588790011	166.06398685	166.539183688	167.014380526	167.489577365	167.964774203	168.439971042	168.91516788	169.390364719	169.865561557	-3.643512032	-3.60646573254	-3.56941943308	-3.53237313362	-3.49532683416	-3.4582805347	-3.42123423524	-3.38418793578	-3.34714163632	-3.31009533686	1.49299379044	1.49299379044	1.49299379044	1.49299379044	1.49299379044	1.49299379044	1.49299379044	1.49299379044	1.49299379044	1.49299379044	
9.65	153.458992545	153.614402546	153.769812548	153.92522255	154.080632551	154.236042553	154.391452554	154.546862556	154.702272558	154.857682559	0.0	0.0	-9.97810639666e-09	-7.35299917698e-09	-1.60506716666e-08	-1.59841853455e-08	-2.75675849526e-08	-3.03449676249e-08	-4.61550857823e-08	-5.63013465345e-08	0.0	-6.42050466061e-08	1.6891494707e-08	-5.59659764449e-08	4.27812369904e-10	-7.45344539401e-08	-1.78713251621e-08	-1.01731664585e-07	-6.52870513278e-08	-1.72862236433e-07	165.588790011	166.06398685	166.539183688	167.014380526	167.489577365	167.964774203	168.439971042	168.91516788	169.390364719	169.865561557	-3.643512032	-3.60646573254	-3.56941943308	-3.53237313362	-3.49532683416	-3.4582805347	-3.42123423524	-3.38418793578	-3.34714163632	-3.31009533686	1.49299379044	1.49299379044	1.49299379044	1.49299379044	1.49299379044	1.49299379044	1.49299379044	1.49299379044	1.49299379044	1.49299379044	
9.66666666667	153.458992545	153.614402546	153.769812548	153.92522255	154.080632551	154.236042553	154.391452554	154.546862556	154.702272558	154.857682559	0.0	0.0	-9.97810639666e-09	-7.35299917698e-09	-1.60506716666e-08	-1.59841853455e-08	-2.75675849526e-08	-3.03449676249e-08	-4.61550857823e-08	-5.63013465345e-08	0.0	-6.42050466061e-08	1.6891494707e-08	-5.59659764449e-08	4.27812369904e-10	-7.45344539401e-08	-1.78713251621e-08	-1.01731664585e-07	-6.52870513278e-08	-1.72862236433e-07	165.588790011	166.06398685	166.539183688	167.014380526	167.489577365	167.964774203	168.439971042	168.91516788	169.390364719	169.865561557	-3.643512032	-3.60646573254	-3.56941943308	-3.53237313362	-3.49532683416	-3.4582805347	-3.42123423524	-3.38418793578	-3.34714163632	-3.31009533686	1.49299379044	1.49299379044	1.49299379044	1.49299379044	1.49299379044	1.49299379044	1.49299379044	1.49299379044	1.49299379044	1.49299379044	
9.68333333333	153.458992545	153.614402546	153.769812548	153.92522255	154.080632551	154.236042553	154.391452554	154.546862556	154.702272558	154.857682559	0.0	0.0	-9.97810639666e-09	-7.35299917698e-09	-1.60506716666e-08	-1.59841853455e-08	-2.75675849526e-08	-3.03449676249e-08	-4.61550857823e-08	-5.63013465345e-08	0.0	-6.42050466061e-08	1.6891494707e-08	-5.59659764449e-08	4.27812369904e-10	-7.45344539401e-08	-1.78713251621e-08	-1.01731664585e-07	-6.52870513278e-08	-1.72862236433e-07	165.588790011	166.06398685	166.539183688	167.014380526	167.489577365	167.964774203	168.439971042	168.91516788	169.390364719	169.865561557	-3.643512032	-3.60646573254	-3.56941943308	-3.53237313362	-3.49532683416	-3.4582805347	-3.42123423524	-3.38418793578	-3.34714163632	-3.31009533686	1.49299379044	1.49299379044	1.49299379044	1.49299379044	1.49299379044	1.49299379044	1.49299379044	1.49299379044	1.49299379044	1.49299379044	
9.7	153.458992545	153.614402546	153.769812548	153.92522255	154.080632551	154.236042553	154.391452554	154.546862556	154.702272558	154.857682559	0.0	0.0	-9.97810639666e-09	-7.35299917698e-09	-1.60506716666e-08	-1.59841853455e-08	-2.75675849526e-08	-3.03449676249e-08	-4.61550857823e-08	-5.63013465345e-08	0.0	-6.42050466061e-08	1.6891494707e-08	-5.59659764449e-08	4.27812369904e-10	-7.45344539401e-08	-1.78713251621e-08	-1.01731664585e-07	-6.52870513278e-08	-1.72862236433e-07	165.588790011	166.06398685	166.539183688	167.014380526	167.489577365	167.964774203	168.439971042	168.91516788	169.390364719	169.865561557	-3.643512032	-3.60646573254	-3.56941943308	-3.53237313362	-3.49532683416	-3.4582805347	-3.42123423524	-3.38418793578	-3.34714163632	-3.31009533686	1.49299379044	1.49299379044	1.49299379044	1.49299379044	1.49299379044	1.49299379044	1.49299379044	1.49299379044	1.49299379044	1.49299379044	
9.71666666667	153.458992545	153.614402546	153.769812548	153.92522255	154.080632551	154.236042553	154.391452554	154.546862556	154.702272558	154.857682559	0.0	0.0	-9.97810639666e-09	-7.35299917698e-09	-1.60506716666e-08	-1.59841853455e-08	-2.75675849526e-08	-3.03449676249e-08	-4.61550857823e-08	-5.63013465345e-08	0.0	-6.42050466061e-08	1.6891494707e-08	-5.59659764449e-08	4.27812369904e-10	-7.45344539401e-08	-1.78713251621e-08	-1.01731664585e-07	-6.52870513278e-08	-1.72862236433e-07	165.588790011	166.06398685	166.539183688	167.014380526	167.489577365	167.964774203	168.439971042	168.91516788	169.390364719	169.865561557	-3.643512032	-3.60646573254	-3.56941943308	-3.53237313362	-3.49532683416	-3.4582805347	-3.42123423524	-3.38418793578	-3.34714163632	-3.31009533686	1.49299379044	1.49299379044	1.49299379044	1.49299379044	1.49299379044	1.49299379044	1.49299379044	1.49299379044	1.49299379044	1.49299379044	
9.73333333333	153.458992545	153.614402546	153.769812548	153.92522255	154.080632551	154.236042553	154.391452554	154.546862556	154.702272558	154.857682559	0.0	0.0	-9.97810639666e-09	-7.35299917698e-09	-1.60506716666e-08	-1.59841853455e-08	-2.75675849526e-08	-3.03449676249e-08	-4.61550857823e-08	-5.63013465345e-08	0.0	-6.42050466061e-08	1.6891494707e-08	-5.59659764449e-08	4.27812369904e-10	-7.45344539401e-08	-1.78713251621e-08	-1.01731664585e-07	-6.52870513278e-08	-1.72862236433e-07	165.588790011	166.06398685	166.539183688	167.014380526	167.489577365	167.964774203	168.439971042	168.91516788	169.390364719	169.865561557	-3.643512032	-3.60646573254	-3.56941943308	-3.53237313362	-3.49532683416	-3.4582805347	-3.42123423524	-3.38418793578	-3.34714163632	-3.31009533686	1.49299379044	1.49299379044	1.49299379044	1.49299379044	1.49299379044	1.49299379044	1.49299379044	1.49299379044	1.49299379044	1.49299379044	
9.75	153.458992545	153.614402546	153.769812548	153.92522255	154.080632551	154.236042553	154.391452554	154.546862556	154.702272558	154.857682559	0.0	0.0	-9.97810639666e-09	-7.35299917698e-09	-1.60506716666e-08	-1.59841853455e-08	-2.75675849526e-08	-3.03449676249e-08	-4.61550857823e-08	-5.63013465345e-08	0.0	-6.42050466061e-08	1.6891494707e-08	-5.59659764449e-08	4.27812369904e-10	-7.45344539401e-08	-1.78713251621e-08	-1.01731664585e-07	-6.52870513278e-08	-1.72862236433e-07	165.588790011	166.06398685	166.539183688	167.014380526	167.489577365	167.964774203	168.439971042	168.91516788	169.390364719	169.865561557	-3.643512032	-3.60646573254	-3.56941943308	-3.53237313362	-3.49532683416	-3.4582805347	-3.42123423524	-3.38418793578	-3.34714163632	-3.31009533686	1.49299379044	1.49299379044	1.49299379044	1.49299379044	1.49299379044	1.49299379044	1.49299379044	1.49299379044	1.49299379044	1.49299379044	
9.76666666667	153.458992545	153.614402546	153.769812548	153.92522255	154.080632551	154.236042553	154.391452554	154.546862556	154.702272558	154.857682559	0.0	0.0	-9.97810639666e-09	-7.35299917698e-09	-1.60506716666e-08	-1.59841853455e-08	-2.75675849526e-08	-3.03449676249e-08	-4.61550857823e-08	-5.63013465345e-08	0.0	-6.42050466061e-08	1.6891494707e-08	-5.59659764449e-08	4.27812369904e-10	-7.45344539401e-08	-1.78713251621e-08	-1.01731664585e-07	-6.52870513278e-08	-1.72862236433e-07	165.588790011	166.06398685	166.539183688	167.014380526	167.489577365	167.964774203	168.439971042	168.91516788	169.390364719	169.865561557	-3.643512032	-3.60646573254	-3.56941943308	-3.53237313362	-3.49532683416	-3.4582805347	-3.42123423524	-3.38418793578	-3.34714163632	-3.31009533686	1.49299379044	1.49299379044	1.49299379044	1.49299379044	1.49299379044	1.49299379044	1.49299379044	1.49299379044	1.49299379044	1.49299379044	
9.78333333333	153.458992545	153.614402546	153.769812548	153.92522255	154.080632551	154.236042553	154.391452554	154.546862556	154.702272558	154.857682559	0.0	0.0	-9.97810639666e-09	-7.35299917698e-09	-1.60506716666e-08	-1.59841853455e-08	-2.75675849526e-08	-3.03449676249e-08	-4.61550857823e-08	-5.63013465345e-08	0.0	-6.42050466061e-08	1.6891494707e-08	-5.59659764449e-08	4.27812369904e-10	-7.45344539401e-08	-1.78713251621e-08	-1.01731664585e-07	-6.52870513278e-08	-1.72862236433e-07	165.588790011	166.06398685	166.539183688	167.014380526	167.489577365	167.964774203	168.439971042	168.91516788	169.390364719	169.865561557	-3.643512032	-3.60646573254	-3.56941943308	-3.53237313362	-3.49532683416	-3.4582805347	-3.42123423524	-3.38418793578	-3.34714163632	-3.31009533686	1.49299379044	1.49299379044	1.49299379044	1.49299379044	1.49299379044	1.49299379044	1.49299379044	1.49299379044	1.49299379044	1.49299379044	
9.8	153.458992545	153.614402546	153.769812548	153.92522255	154.080632551	154.236042553	154.391452554	154.546862556	154.702272558	154.857682559	0.0	0.0	-9.97810639666e-09	-7.35299917698e-09	-1.60506716666e-08	-1.59841853455e-08	-2.75675849526e-08	-3.03449676249e-08	-4.61550857823e-08	-5.63013465345e-08	0.0	-6.42050466061e-08	1.6891494707e-08	-5.59659764449e-08	4.27812369904e-10	-7.45344539401e-08	-1.78713251621e-08	-1.01731664585e-07	-6.52870513278e-08	-1.72862236433e-07	165.588790011	166.06398685	166.539183688	167.014380526	167.489577365	167.964774203	168.439971042	168.91516788	169.390364719	169.865561557	-3.643512032	-3.60646573254	-3.56941943308	-3.53237313362	-3.49532683416	-3.4582805347	-3.42123423524	-3.38418793578	-3.34714163632	-3.31009533686	1.49299379044	1.49299379044	1.49299379044	1.49299379044	1.49299379044	1.49299379044	1.49299379044	1.49299379044	1.49299379044	1.49299379044	
9.81666666667	153.458992545	153.614402546	153.769812548	153.92522255	154.080632551	154.236042553	154.391452554	154.546862556	154.702272558	154.857682559	0.0	0.0	-9.97810639666e-09	-7.35299917698e-09	-1.60506716666e-08	-1.59841853455e-08	-2.75675849526e-08	-3.03449676249e-08	-4.61550857823e-08	-5.63013465345e-08	0.0	-6.42050466061e-08	1.6891494707e-08	-5.59659764449e-08	4.27812369904e-10	-7.45344539401e-08	-1.78713251621e-08	-1.01731664585e-07	-6.52870513278e-08	-1.72862236433e-07	165.588790011	166.06398685	166.539183688	167.014380526	167.489577365	167.964774203	168.439971042	168.91516788	169.390364719	169.865561557	-3.643512032	-3.60646573254	-3.56941943308	-3.53237313362	-3.49532683416	-3.4582805347	-3.42123423524	-3.38418793578	-3.34714163632	-3.31009533686	1.49299379044	1.49299379044	1.49299379044	1.49299379044	1.49299379044	1.49299379044	1.49299379044	1.49299379044	1.49299379044	1.49299379044	
9.83333333333	153.458992545	153.614402546	153.769812548	153.92522255	154.080632551	154.236042553	154.391452554	154.546862556	154.702272558	154.857682559	0.0	0.0	-9.97810639666e-09	-7.35299917698e-09	-1.60506716666e-08	-1.59841853455e-08	-2.75675849526e-08	-3.03449676249e-08	-4.61550857823e-08	-5.63013465345e-08	0.0	-6.42050466061e-08	1.6891494707e-08	-5.59659764449e-08	4.27812369904e-10	-7.45344539401e-08	-1.78713251621e-08	-1.01731664585e-07	-6.52870513278e-08	-1.72862236433e-07	165.588790011	166.06398685	166.539183688	167.014380526	167.489577365	167.964774203	168.439971042	168.91516788	169.390364719	169.865561557	-3.643512032	-3.60646573254	-3.56941943308	-3.53237313362	-3.49532683416	-3.4582805347	-3.42123423524	-3.38418793578	-3.34714163632	-3.31009533686	1.49299379044	1.49299379044	1.49299379044	1.49299379044	1.49299379044	1.49299379044	1.49299379044	1.49299379044	1.49299379044	1.49299379044	
9.85	153.458992545	153.614402546	153.769812548	153.92522255	154.080632551	154.236042553	154.391452554	154.546862556	154.702272558	154.857682559	0.0	0.0	-9.97810639666e-09	-7.35299917698e-09	-1.60506716666e-08	-1.59841853455e-08	-2.75675849526e-08	-3.03449676249e-08	-4.61550857823e-08	-5.63013465345e-08	0.0	-6.42050466061e-08	1.6891494707e-08	-5.59659764449e-08	4.27812369904e-10	-7.45344539401e-08	-1.78713251621e-08	-1.01731664585e-07	-6.52870513278e-08	-1.72862236433e-07	165.588790011	166.06398685	166.539183688	167.014380526	167.489577365	167.964774203	168.439971042	168.91516788	169.390364719	169.865561557	-3.643512032	-3.60646573254	-3.56941943308	-3.53237313362	-3.49532683416	-3.4582805347	-3.42123423524	-3.38418793578	-3.34714163632	-3.31009533686	1.49299379044	1.49299379044	1.49299379044	1.49299379044	1.49299379044	1.49299379044	1.49299379044	1.49299379044	1.49299379044	1.49299379044	
9.86666666667	153.458992545	153.614402546	153.769812548	153.92522255	154.080632551	154.236042553	154.391452554	154.546862556	154.702272558	154.857682559	0.0	0.0	-9.97810639666e-09	-7.35299917698e-09	-1.60506716666e-08	-1.59841853455e-08	-2.75675849526e-08	-3.03449676249e-08	-4.61550857823e-08	-5.63013465345e-08	0.0	-6.42050466061e-08	1.6891494707e-08	-5.59659764449e-08	4.27812369904e-10	-7.45344539401e-08	-1.78713251621e-08	-1.01731664585e-07	-6.52870513278e-08	-1.72862236433e-07	165.588790011	166.06398685	166.539183688	167.014380526	167.489577365	167.964774203	168.439971042	168.91516788	169.390364719	169.865561557	-3.643512032	-3.60646573254	-3.56941943308	-3.53237313362	-3.49532683416	-3.4582805347	-3.42123423524	-3.38418793578	-3.34714163632	-3.31009533686	1.49299379044	1.49299379044	1.49299379044	1.49299379044	1.49299379044	1.49299379044	1.49299379044	1.49299379044	1.49299379044	1.49299379044	
9.88333333333	153.458992545	153.614402546	153.769812548	153.92522255	154.080632551	154.236042553	154.391452554	154.546862556	154.702272558	154.857682559	0.0	0.0	-9.97810639666e-09	-7.35299917698e-09	-1.60506716666e-08	-1.59841853455e-08	-2.75675849526e-08	-3.03449676249e-08	-4.61550857823e-08	-5.63013465345e-08	0.0	-6.42050466061e-08	1.6891494707e-08	-5.59659764449e-08	4.27812369904e-10	-7.45344539401e-08	-1.78713251621e-08	-1.01731664585e-07	-6.52870513278e-08	-1.72862236433e-07	165.588790011	166.06398685	166.539183688	167.014380526	167.489577365	167.964774203	168.439971042	168.91516788	169.390364719	169.865561557	-3.643512032	-3.60646573254	-3.56941943308	-3.53237313362	-3.49532683416	-3.4582805347	-3.42123423524	-3.38418793578	-3.34714163632	-3.31009533686	1.49299379044	1.49299379044	1.49299379044	1.49299379044	1.49299379044	1.49299379044	1.49299379044	1.49299379044	1.49299379044	1.49299379044	
9.9	153.458992545	153.614402546	153.769812548	153.92522255	154.080632551	154.236042553	154.391452554	154.546862556	154.702272558	154.857682559	0.0	0.0	-9.97810639666e-09	-7.35299917698e-09	-1.60506716666e-08	-1.59841853455e-08	-2.75675849526e-08	-3.03449676249e-08	-4.61550857823e-08	-5.63013465345e-08	0.0	-6.42050466061e-08	1.6891494707e-08	-5.59659764449e-08	4.27812369904e-10	-7.45344539401e-08	-1.78713251621e-08	-1.01731664585e-07	-6.52870513278e-08	-1.72862236433e-07	165.588790011	166.06398685	166.539183688	167.014380526	167.489577365	167.964774203	168.439971042	168.91516788	169.390364719	169.865561557	-3.643512032	-3.60646573254	-3.56941943308	-3.53237313362	-3.49532683416	-3.4582805347	-3.42123423524	-3.38418793578	-3.34714163632	-3.31009533686	1.49299379044	1.49299379044	1.49299379044	1.49299379044	1.49299379044	1.49299379044	1.49299379044	1.49299379044	1.49299379044	1.49299379044	
9.91666666667	153.458992545	153.614402546	153.769812548	153.92522255	154.080632551	154.236042553	154.391452554	154.546862556	154.702272558	154.857682559	0.0	0.0	-9.97810639666e-09	-7.35299917698e-09	-1.60506716666e-08	-1.59841853455e-08	-2.75675849526e-08	-3.03449676249e-08	-4.61550857823e-08	-5.63013465345e-08	0.0	-6.42050466061e-08	1.6891494707e-08	-5.59659764449e-08	4.27812369904e-10	-7.45344539401e-08	-1.78713251621e-08	-1.01731664585e-07	-6.52870513278e-08	-1.72862236433e-07	165.588790011	166.06398685	166.539183688	167.014380526	167.489577365	167.964774203	168.439971042	168.91516788	169.390364719	169.865561557	-3.643512032	-3.60646573254	-3.56941943308	-3.53237313362	-3.49532683416	-3.4582805347	-3.42123423524	-3.38418793578	-3.34714163632	-3.31009533686	1.49299379044	1.49299379044	1.49299379044	1.49299379044	1.49299379044	1.49299379044	1.49299379044	1.49299379044	1.49299379044	1.49299379044	
9.93333333333	153.458992545	153.614402546	153.769812548	153.92522255	154.080632551	154.236042553	154.391452554	154.546862556	154.702272558	154.857682559	0.0	0.0	-9.97810639666e-09	-7.35299917698e-09	-1.60506716666e-08	-1.59841853455e-08	-2.75675849526e-08	-3.03449676249e-08	-4.61550857823e-08	-5.63013465345e-08	0.0	-6.42050466061e-08	1.6891494707e-08	-5.59659764449e-08	4.27812369904e-10	-7.45344539401e-08	-1.78713251621e-08	-1.01731664585e-07	-6.52870513278e-08	-1.72862236433e-07	165.588790011	166.06398685	166.539183688	167.014380526	167.489577365	167.964774203	168.439971042	168.91516788	169.390364719	169.865561557	-3.643512032	-3.60646573254	-3.56941943308	-3.53237313362	-3.49532683416	-3.4582805347	-3.42123423524	-3.38418793578	-3.34714163632	-3.31009533686	1.49299379044	1.49299379044	1.49299379044	1.49299379044	1.49299379044	1.49299379044	1.49299379044	1.49299379044	1.49299379044	1.49299379044	
9.95	153.458992545	153.614402546	153.769812548	153.92522255	154.080632551	154.236042553	154.391452554	154.546862556	154.702272558	154.857682559	0.0	0.0	-9.97810639666e-09	-7.35299917698e-09	-1.60506716666e-08	-1.59841853455e-08	-2.75675849526e-08	-3.03449676249e-08	-4.61550857823e-08	-5.63013465345e-08	0.0	-6.42050466061e-08	1.6891494707e-08	-5.59659764449e-08	4.27812369904e-10	-7.45344539401e-08	-1.78713251621e-08	-1.01731664585e-07	-6.52870513278e-08	-1.72862236433e-07	165.588790011	166.06398685	166.539183688	167.014380526	167.489577365	167.964774203	168.439971042	168.91516788	169.390364719	169.865561557	-3.643512032	-3.60646573254	-3.56941943308	-3.53237313362	-3.49532683416	-3.4582805347	-3.42123423524	-3.38418793578	-3.34714163632	-3.31009533686	1.49299379044	1.49299379044	1.49299379044	1.49299379044	1.49299379044	1.49299379044	1.49299379044	1.49299379044	1.49299379044	1.49299379044	
9.96666666667	153.458992545	153.614402546	153.769812548	153.92522255	154.080632551	154.236042553	154.391452554	154.546862556	154.702272558	154.857682559	0.0	0.0	-9.97810639666e-09	-7.35299917698e-09	-1.60506716666e-08	-1.59841853455e-08	-2.75675849526e-08	-3.03449676249e-08	-4.61550857823e-08	-5.63013465345e-08	0.0	-6.42050466061e-08	1.6891494707e-08	-5.59659764449e-08	4.27812369904e-10	-7.45344539401e-08	-1.78713251621e-08	-1.01731664585e-07	-6.52870513278e-08	-1.72862236433e-07	165.588790011	166.06398685	166.539183688	167.014380526	167.489577365	167.964774203	168.439971042	168.91516788	169.390364719	169.865561557	-3.643512032	-3.60646573254	-3.56941943308	-3.53237313362	-3.49532683416	-3.4582805347	-3.42123423524	-3.38418793578	-3.34714163632	-3.31009533686	1.49299379044	1.49299379044	1.49299379044	1.49299379044	1.49299379044	1.49299379044	1.49299379044	1.49299379044	1.49299379044	1.49299379044	
9.98333333333	153.458992545	153.614402546	153.769812548	153.92522255	154.080632551	154.236042553	154.391452554	154.546862556	154.702272558	154.857682559	0.0	0.0	-9.97810639666e-09	-7.35299917698e-09	-1.60506716666e-08	-1.59841853455e-08	-2.75675849526e-08	-3.03449676249e-08	-4.61550857823e-08	-5.63013465345e-08	0.0	-6.42050466061e-08	1.6891494707e-08	-5.59659764449e-08	4.27812369904e-10	-7.45344539401e-08	-1.78713251621e-08	-1.01731664585e-07	-6.52870513278e-08	-1.72862236433e-07	165.588790011	166.06398685	166.539183688	167.014380526	167.489577365	167.964774203	168.439971042	168.91516788	169.390364719	169.865561557	-3.643512032	-3.60646573254	-3.56941943308	-3.53237313362	-3.49532683416	-3.4582805347	-3.42123423524	-3.38418793578	-3.34714163632	-3.31009533686	1.49299379044	1.49299379044	1.49299379044	1.49299379044	1.49299379044	1.49299379044	1.49299379044	1.49299379044	1.49299379044	1.49299379044	
