0.0166666666667	0.0	0.0	0.0 	0.0 	40.3833333333 	23.0 	0.0 	0.0 	0.0 	0.0 	23.0 	0.0 	0.0 	0.0 	0.0	1.57	120.0	-30.0	
0.0333333333333	0.0	0.0	0.0 	0.0 	40.7666666667 	23.0 	0.0 	0.0 	0.0 	-0.0 	23.0 	0.0 	0.0 	0.0 	0.0	1.57	120.0	-30.0	
0.05	0.0	0.0	0.0 	0.0 	41.15 	23.0 	0.0 	0.0 	0.0 	-0.0 	23.0 	0.0 	0.0 	0.0 	0.0	1.57	120.0	-30.0	
0.0666666666667	0.0	0.0	0.0 	0.0 	41.5333333333 	23.0 	0.0 	0.0 	0.0 	-0.0 	23.0 	0.0 	0.0 	0.0 	0.0	1.57	120.0	-30.0	
0.0833333333333	0.0	0.0	0.0 	0.0 	41.9166666667 	23.0 	0.0 	0.0 	0.0 	-0.0 	23.0 	0.0 	0.0 	0.0 	0.0	1.57	120.0	-30.0	
0.1	0.0	0.0	0.0 	0.0 	42.3 	23.0 	0.0 	0.0 	0.0 	-0.0 	23.0 	0.0 	0.0 	0.0 	0.0	1.57	120.0	-30.0	
0.116666666667	0.0	0.0	0.0 	0.0 	42.6833333333 	23.0 	0.0 	0.0 	0.0 	-0.0 	23.0 	0.0 	0.0 	0.0 	0.0	1.57	120.0	-30.0	
0.133333333333	0.0	0.0	0.0 	0.0 	43.0666666667 	23.0 	0.0 	0.0 	0.0 	-0.0 	23.0 	0.0 	0.0 	0.0 	0.0	1.57	120.0	-30.0	
0.15	0.0	0.0	0.0 	0.0 	43.45 	23.0 	0.0 	0.0 	0.0 	-0.0 	23.0 	0.0 	0.0 	0.0 	0.0	1.57	120.0	-30.0	
0.166666666667	0.0	0.0	0.0 	0.0 	43.8333333333 	23.0 	0.0 	0.0 	0.0 	-0.0 	23.0 	0.0 	0.0 	0.0 	0.0	1.57	120.0	-30.0	
0.183333333333	0.0	0.0	0.0 	0.0 	44.2166666667 	23.0 	0.0 	0.0 	0.0 	-0.0 	23.0 	0.0 	0.0 	0.0 	0.0	1.57	120.0	-30.0	
0.2	0.0	0.0	0.0 	0.0 	44.6 	23.0 	0.0 	0.0 	0.0 	-0.0 	23.0 	0.0 	0.0 	0.0 	0.0	1.57	120.0	-30.0	
0.216666666667	0.0	0.0	0.0 	0.0 	44.9833333333 	23.0 	0.0 	0.0 	0.0 	-0.0 	23.0 	0.0 	0.0 	0.0 	0.0	1.57	120.0	-30.0	
0.233333333333	0.0	0.0	0.0 	0.0 	45.3666666667 	23.0 	0.0 	0.0 	0.0 	-0.0 	23.0 	0.0 	0.0 	0.0 	0.0	1.57	120.0	-30.0	
0.25	0.0	0.0	0.0 	0.0 	45.75 	23.0 	0.0 	0.0 	0.0 	-0.0 	23.0 	0.0 	0.0 	0.0 	0.0	1.57	120.0	-30.0	
0.266666666667	0.0	0.0	0.0 	0.0 	46.1333333333 	23.0 	0.0 	0.0 	0.0 	-0.0 	23.0 	0.0 	0.0 	0.0 	0.0	1.57	120.0	-30.0	
0.283333333333	0.0	0.0	0.0 	0.0 	46.5166666667 	23.0 	0.0 	0.0 	0.0 	-0.0 	23.0 	0.0 	0.0 	0.0 	0.0	1.57	120.0	-30.0	
0.3	0.0	0.0	0.0 	0.0 	46.9 	23.0 	0.0 	0.0 	0.0 	-0.0 	23.0 	0.0 	0.0 	0.0 	0.0	1.57	120.0	-30.0	
0.316666666667	0.0	0.0	0.0 	0.0 	47.2833333333 	23.0 	0.0 	0.0 	0.0 	-0.0 	23.0 	0.0 	0.0 	0.0 	0.0	1.57	120.0	-30.0	
0.333333333333	0.0	0.0	0.0 	0.0 	47.6666666667 	23.0 	0.0 	0.0 	0.0 	-0.0 	23.0 	0.0 	0.0 	0.0 	0.0	1.57	120.0	-30.0	
0.35	0.0	0.0	0.0 	0.0 	48.05 	23.0 	0.0 	0.0 	0.0 	-0.0 	23.0 	0.0 	0.0 	0.0 	0.0	1.57	120.0	-30.0	
0.366666666667	0.0	0.0	0.0 	0.0 	48.4333333333 	23.0 	0.0 	0.0 	0.0 	-0.0 	23.0 	0.0 	0.0 	0.0 	0.0	1.57	120.0	-30.0	
0.383333333333	0.0	0.0	0.0 	0.0 	48.8166666667 	23.0 	0.0 	0.0 	0.0 	-0.0 	23.0 	0.0 	0.0 	0.0 	0.0	1.57	120.0	-30.0	
0.4	0.0	0.0	0.0 	0.0 	49.2 	23.0 	0.0 	0.0 	0.0 	-0.0 	23.0 	0.0 	0.0 	0.0 	0.0	1.57	120.0	-30.0	
0.416666666667	0.0	0.0	0.0 	0.0 	49.5833333333 	23.0 	0.0 	0.0 	0.0 	-0.0 	23.0 	0.0 	0.0 	0.0 	0.0	1.57	120.0	-30.0	
0.433333333333	0.0	0.0	0.0 	0.0 	49.9666666667 	23.0 	0.0 	0.0 	0.0 	-0.0 	23.0 	0.0 	0.0 	0.0 	0.0	1.57	120.0	-30.0	
0.45	0.0	0.0	0.0 	0.0 	50.35 	23.0 	0.0 	0.0 	0.0 	-0.0 	23.0 	0.0 	0.0 	0.0 	0.0	1.57	120.0	-30.0	
0.466666666667	0.0	0.0	0.0 	0.0 	50.7333333333 	23.0 	0.0 	0.0 	0.0 	-0.0 	23.0 	0.0 	0.0 	0.0 	0.0	1.57	120.0	-30.0	
0.483333333333	0.0	0.0	0.0 	0.0 	51.1166666667 	23.0 	0.0 	0.0 	0.0 	-0.0 	23.0 	0.0 	0.0 	0.0 	0.0	1.57	120.0	-30.0	
0.5	0.0	0.0	0.0 	0.0 	51.5 	23.0 	0.0 	0.0 	0.0 	-0.0 	23.0 	0.0 	0.0 	0.0 	0.0	1.57	120.0	-30.0	
0.516666666667	0.0	0.0	0.0 	0.0 	51.8833333333 	23.0 	0.0 	0.0 	0.0 	-0.0 	23.0 	0.0 	0.0 	0.0 	0.0	1.57	120.0	-30.0	
0.533333333333	0.0	0.0	0.0 	0.0 	52.2666666667 	23.0 	0.0 	0.0 	0.0 	-0.0 	23.0 	0.0 	0.0 	0.0 	0.0	1.57	120.0	-30.0	
0.55	0.0	0.0	0.0 	0.0 	52.65 	23.0 	0.0 	0.0 	0.0 	-0.0 	23.0 	0.0 	0.0 	0.0 	0.0	1.57	120.0	-30.0	
0.566666666667	0.0	0.0	0.0 	0.0 	53.0333333333 	23.0 	0.0 	0.0 	0.0 	-0.0 	23.0 	0.0 	0.0 	0.0 	0.0	1.57	120.0	-30.0	
0.583333333333	0.0	0.0	0.0 	0.0 	53.4166666667 	23.0 	0.0 	0.0 	0.0 	-0.0 	23.0 	0.0 	0.0 	0.0 	0.0	1.57	120.0	-30.0	
0.6	0.0	0.0	0.0 	0.0 	53.8 	23.0 	0.0 	0.0 	0.0 	-0.0 	23.0 	0.0 	0.0 	0.0 	0.0	1.57	120.0	-30.0	
0.616666666667	0.0	0.0	0.0 	0.0 	54.1833333333 	23.0 	0.0 	0.0 	0.0 	-0.0 	23.0 	0.0 	0.0 	0.0 	0.0	1.57	120.0	-30.0	
0.633333333333	0.0	0.0	0.0 	0.0 	54.5666666667 	23.0 	0.0 	0.0 	0.0 	-0.0 	23.0 	0.0 	0.0 	0.0 	0.0	1.57	120.0	-30.0	
0.65	0.0	0.0	0.0 	0.0 	54.95 	23.0 	0.0 	0.0 	0.0 	-0.0 	23.0 	0.0 	0.0 	0.0 	0.0	1.57	120.0	-30.0	
0.666666666667	0.0	0.0	0.0 	0.0 	55.3333333333 	23.0 	0.0 	0.0 	0.0 	-0.0 	23.0 	0.0 	0.0 	0.0 	0.0	1.57	120.0	-30.0	
0.683333333333	0.0	0.0	0.0 	0.0 	55.7166666667 	23.0 	0.0 	0.0 	0.0 	-0.0 	23.0 	0.0 	0.0 	0.0 	0.0	1.57	120.0	-30.0	
0.7	0.0	0.0	0.0 	0.0 	56.1 	23.0 	0.0 	0.0 	0.0 	-0.0 	23.0 	0.0 	0.0 	0.0 	0.0	1.57	120.0	-30.0	
0.716666666667	0.0	0.0	0.0 	0.0 	56.4833333333 	23.0 	0.0 	0.0 	0.0 	-0.0 	23.0 	0.0 	0.0 	0.0 	0.0	1.57	120.0	-30.0	
0.733333333333	0.0	0.0	0.0 	0.0 	56.8666666667 	23.0 	0.0 	0.0 	0.0 	-0.0 	23.0 	0.0 	0.0 	0.0 	0.0	1.57	120.0	-30.0	
0.75	0.0	0.0	0.0 	0.0 	57.25 	23.0 	0.0 	0.0 	0.0 	-0.0 	23.0 	0.0 	0.0 	0.0 	0.0	1.57	120.0	-30.0	
0.766666666667	0.0	0.0	0.0 	0.0 	57.6333333333 	23.0 	0.0 	0.0 	0.0 	-0.0 	23.0 	0.0 	0.0 	0.0 	0.0	1.57	120.0	-30.0	
0.783333333333	0.0	0.0	0.0 	0.0 	58.0166666667 	23.0 	0.0 	0.0 	0.0 	-0.0 	23.0 	0.0 	0.0 	0.0 	0.0	1.57	120.0	-30.0	
0.8	0.0	0.0	0.0 	0.0 	58.4 	23.0 	0.0 	0.0 	0.0 	-0.0 	23.0 	0.0 	0.0 	0.0 	0.0	1.57	120.0	-30.0	
0.816666666667	0.0	0.0	0.0 	0.0 	58.7833333333 	23.0 	0.0 	0.0 	0.0 	-0.0 	23.0 	0.0 	0.0 	0.0 	0.0	1.57	120.0	-30.0	
0.833333333333	0.0	0.0	0.0 	0.0 	59.1666666667 	23.0 	0.0 	0.0 	0.0 	-0.0 	23.0 	0.0 	0.0 	0.0 	0.0	1.57	120.0	-30.0	
0.85	0.0	0.0	0.0 	0.0 	59.55 	23.0 	0.0 	0.0 	0.0 	-0.0 	23.0 	0.0 	0.0 	0.0 	0.0	1.57	120.0	-30.0	
0.866666666667	0.0	0.0	0.0 	0.0 	59.9333333333 	23.0 	0.0 	0.0 	0.0 	-0.0 	23.0 	0.0 	0.0 	0.0 	0.0	1.57	120.0	-30.0	
0.883333333333	0.0	0.0	0.0 	0.0 	60.3166666667 	23.0 	0.0 	0.0 	0.0 	-0.0 	23.0 	0.0 	0.0 	0.0 	0.0572043010753	1.80471594383	120.000927439	-30.0002209918	
0.9	0.0	0.0	0.0 	0.0 	60.7 	23.0 	0.0 	0.0 	0.0 	-0.0 	23.0 	0.0 	0.0 	0.0 	0.114217921147	2.00031256368	120.002658159	-30.0010137233	
0.916666666667	0.0	0.0	0.0 	0.0 	61.0833333333 	23.0 	0.0 	0.0 	0.0 	-0.0 	23.0 	0.0 	0.0 	0.0 	0.171041495818	2.1633097469	120.005022921	-30.0026056856	
0.933333333333	0.0	0.0	0.0 	0.0 	61.4666666667 	23.0 	0.0 	0.0 	0.0 	-0.0 	23.0 	0.0 	0.0 	0.0 	0.227675658574	2.29914073291	120.007854741	-30.0051315004	
0.95	0.0	0.0	0.0 	0.0 	61.85 	23.0 	0.0 	0.0 	0.0 	-0.0 	23.0 	0.0 	0.0 	0.0 	0.284121040788	2.41233322125	120.011009989	-30.0086625002	
0.966666666667	0.0	0.0	0.0 	0.0 	62.2333333333 	23.0 	0.0 	0.0 	0.0 	-0.0 	23.0 	0.0 	0.0 	0.0 	0.340378271727	2.50666029487	120.014374759	-30.0132298764	
0.983333333333	0.0	0.0	0.0 	0.0 	62.6166666667 	23.0 	0.0 	0.0 	0.0 	-0.0 	23.0 	0.0 	0.0 	0.0 	0.396447978563	2.58526618955	120.017863965	-30.0188409415	
1.0	0.0	0.0	0.0 	0.0 	63.0 	23.0 	0.0 	0.0 	0.0 	-0.0 	23.0 	0.0 	0.0 	0.0 	0.452330786377	2.65077110179	120.021417405	-30.0254897964	
1.01666666667	0.0	0.0	0.0 	0.0 	63.3833333333 	23.0 	0.0 	0.0 	0.0 	-0.0 	23.0 	0.0 	0.0 	0.0 	0.508027318164	2.70535852865	120.024995012	-30.0331639662	
1.03333333333	0.0	0.0	0.0 	0.0 	63.7666666667 	23.0 	0.0 	0.0 	0.0 	-0.0 	23.0 	0.0 	0.0 	0.0 	0.563538194845	2.75084805103	120.028572324	-30.0418483313	
1.05	0.0	0.0	0.0 	0.0 	64.15 	23.0 	0.0 	0.0 	0.0 	-0.0 	23.0 	0.0 	0.0 	0.0 	0.618864035271	2.78875598635	120.03213658	-30.0515273261	
1.06666666667	0.0	0.0	0.0 	0.0 	64.5333333333 	23.0 	0.0 	0.0 	0.0 	-0.0 	23.0 	0.0 	0.0 	0.0 	0.674005456229	2.82034593246	120.035683531	-30.0621860766	
1.08333333333	0.0	0.0	0.0 	0.0 	64.9166666667 	23.0 	0.0 	0.0 	0.0 	-0.0 	23.0 	0.0 	0.0 	0.0 	0.72896307245	2.84667088754	120.039214931	-30.07381091	
1.1	0.0	0.0	0.0 	0.0 	65.3 	23.0 	0.0 	0.0 	0.0 	-0.0 	23.0 	0.0 	0.0 	0.0 	0.783737496617	2.86860835011	120.042736609	-30.0863895128	
1.11666666667	0.0	0.0	0.0 	0.0 	65.6833333333 	23.0 	0.0 	0.0 	0.0 	-0.0 	23.0 	0.0 	0.0 	0.0 	0.83832933937	2.88688956892	120.046257007	-30.0999109008	
1.13333333333	0.0	0.0	0.0 	0.0 	66.0666666667 	23.0 	0.0 	0.0 	0.0 	-0.0 	23.0 	0.0 	0.0 	0.0 	0.892739209314	2.90212391793	120.049786102	-30.1143653027	
1.15	0.0	0.0	0.0 	0.0 	66.45 	23.0 	0.0 	0.0 	0.0 	-0.0 	23.0 	0.0 	0.0 	0.0 	0.946967713025	2.91481920877	120.053334623	-30.1297440095	
1.16666666667	0.0	0.0	0.0 	0.0 	66.8333333333 	23.0 	0.0 	0.0 	0.0 	-0.0 	23.0 	0.0 	0.0 	0.0 	1.00101545506	2.9253986178	120.056913484	-30.1460392224	
1.18333333333	0.0	0.0	0.0 	0.0 	67.2166666667 	23.0 	0.0 	0.0 	0.0 	-0.0 	23.0 	0.0 	0.0 	0.0 	1.05488303795	2.93421479199	120.060533397	-30.1632439105	
1.2	0.0	0.0	0.0 	0.0 	67.6 	23.0 	0.0 	0.0 	0.0 	-0.0 	23.0 	0.0 	0.0 	0.0 	1.10857106223	2.94156160382	120.06420461	-30.1813516873	
1.21666666667	0.0	0.0	0.0 	0.0 	67.9833333333 	23.0 	0.0 	0.0 	0.0 	-0.0 	23.0 	0.0 	0.0 	0.0 	1.16208012643	2.94768394701	120.067936743	-30.2003567048	
1.23333333333	0.0	0.0	0.0 	0.0 	68.3666666667 	23.0 	0.0 	0.0 	0.0 	-0.0 	23.0 	0.0 	0.0 	0.0 	1.21541082709	2.95278589967	120.07173869	-30.2202535652	
1.25	-1.43372634971e-06	-3.67392377112e-07	0.0 	0.0 	68.7491825 	22.9019000006 	0.0 	0.0 	0.0 	-0.0 	22.9509500003 	-5.88599996298 	0.0 	0.0 	1.26856375874	2.95703752688	120.075618576	-30.2410372484	
1.26666666667	-1.43372634971e-06	-6.85444406018e-07	0.0 	0.0 	69.1300633334 	22.8038000012 	0.0 	0.0 	0.0 	-0.0 	22.8528500009 	-5.88599996298 	0.0 	0.0 	1.32153951395	2.96058054956	120.07958375	-30.2627030516	
1.28333333333	-1.43372634971e-06	-9.5531853916e-07	0.0 	0.0 	69.5093091667 	22.7057000019 	0.0 	0.0 	0.0 	-0.0 	22.7547500015 	-5.88599996298 	0.0 	0.0 	1.37433868331	2.96353306846	120.083640802	-30.2852465405	
1.3	-1.43372634971e-06	-1.17942123643e-06	0.0 	0.0 	69.8869200001 	22.6076000025 	0.0 	0.0 	0.0 	-0.0 	22.6566500022 	-5.88599996298 	0.0 	0.0 	1.42696185544	2.96599350088	120.087795594	-30.3086635088	
1.31666666667	-1.43372634971e-06	-1.3610478616e-06	0.0 	0.0 	70.2628958335 	22.5095000031 	0.0 	0.0 	0.0 	-0.0 	22.5585500028 	-5.88599996298 	0.0 	0.0 	1.479409617	2.96804386123	120.092053308	-30.3329499451	
1.33333333333	-1.43372634971e-06	-1.50407969886e-06	0.0 	0.0 	70.6372366669 	22.4114000037 	0.0 	0.0 	0.0 	-0.0 	22.4604500034 	-5.88599996298 	0.0 	0.0 	1.53168255269	2.96975249485	120.096418494	-30.3581020049	
1.35	5.03830425945e-07	-1.11623190681e-06	0.0 	0.0 	71.0099425002 	22.3133000038 	0.0 	0.0 	0.0 	-0.0 	22.3623500037 	-5.88599999588 	0.0 	0.0 	1.58378124525	2.9711763562	120.100895121	-30.3841159881	
1.36666666667	5.03830425945e-07	-7.65022920078e-07	0.0 	0.0 	71.3810133336 	22.2152000038 	0.0 	0.0 	0.0 	-0.0 	22.2642500038 	-5.88599999588 	0.0 	0.0 	1.63570627551	2.97236290733	120.105486634	-30.4109883191	
1.38333333333	5.03830425945e-07	-4.53184288296e-07	0.0 	0.0 	71.750449167 	22.1171000039 	0.0 	0.0 	0.0 	-0.0 	22.1661500039 	-5.88599999588 	0.0 	0.0 	1.68745822233	2.97335169993	120.110196004	-30.4387155313	
1.4	5.03830425945e-07	-1.81602638845e-07	0.0 	0.0 	72.1182500004 	22.019000004 	0.0 	0.0 	0.0 	-0.0 	22.0680500039 	-5.88599999588 	0.0 	0.0 	1.73903766267	2.97417569377	120.115025775	-30.4672942526	
1.41666666667	5.03830425945e-07	5.0292922754e-08	0.0 	0.0 	72.4844158338 	21.920900004 	0.0 	0.0 	0.0 	0.0 	21.969950004 	-5.88599999588 	0.0 	0.0 	1.79044517153	2.9748623553	120.119978113	-30.496721194	
1.43333333333	5.03830425945e-07	2.44185029968e-07	0.0 	0.0 	72.8489466672 	21.8228000041 	0.0 	0.0 	0.0 	0.0 	21.8718500041 	-5.88599999588 	0.0 	0.0 	1.84168132204	2.97543457325	120.125054848	-30.5269931394	
1.45	5.03830425945e-07	4.02565331683e-07	0.0 	0.0 	73.2118425006 	21.7247000042 	0.0 	0.0 	0.0 	0.0 	21.7737500041 	-5.88599999588 	0.0 	0.0 	1.89274668537	2.97591142153	120.130257512	-30.558106937	
1.46666666667	-1.78644602129e-07	3.53590373764e-07	0.0 	0.0 	73.573103334 	21.6266000042 	0.0 	0.0 	0.0 	0.0 	21.6756500042 	-5.88599999954 	0.0 	0.0 	1.94364183083	2.9763087951	120.135587377	-30.5900594916	
1.48333333333	-1.78644602129e-07	2.9900243838e-07	0.0 	0.0 	73.9327291675 	21.5285000042 	0.0 	0.0 	0.0 	0.0 	21.5775500042 	-5.88599999954 	0.0 	0.0 	1.9943673258	2.97663993975	120.141045485	-30.6228477587	
1.5	-1.78644602129e-07	2.41770318442e-07	0.0 	0.0 	74.2907200009 	21.4304000042 	0.0 	0.0 	0.0 	0.0 	21.4794500042 	-5.88599999954 	0.0 	0.0 	2.04492373579	2.97691589362	120.146632676	-30.6564687383	
1.51666666667	-1.78644602129e-07	1.84277459222e-07	0.0 	0.0 	74.6470758343 	21.3323000042 	0.0 	0.0 	0.0 	0.0 	21.3813500042 	-5.88599999954 	0.0 	0.0 	2.09531162441	2.97714585517	120.152349615	-30.6909194703	
1.53333333333	-1.78644602129e-07	1.28379178909e-07	0.0 	0.0 	75.0017966677 	21.2342000042 	0.0 	0.0 	0.0 	0.0 	21.2832500042 	-5.88599999954 	0.0 	0.0 	2.14553155341	2.9773374898	120.158196817	-30.7261970304	
1.55	-1.78644602129e-07	7.54635185093e-08	0.0 	0.0 	75.3548825011 	21.1361000042 	0.0 	0.0 	0.0 	0.0 	21.1851500042 	-5.88599999954 	0.0 	0.0 	2.19558408264	2.97749718533	120.164174661	-30.7622985263	
1.56666666667	-3.96637036582e-07	-2.93475583992e-08	0.0 	0.0 	75.7063333345 	21.0380000043 	0.0 	0.0 	0.0 	-0.0 	21.0870500042 	-5.88599999798 	0.0 	0.0 	2.24546977011	2.97763026494	120.170283414	-30.7992210946	
1.58333333333	-3.96637036582e-07	-1.22053939196e-07	0.0 	0.0 	76.0561491679 	20.9399000043 	0.0 	0.0 	0.0 	-0.0 	20.9889500043 	-5.88599999798 	0.0 	0.0 	2.29518917195	2.97774116461	120.176523242	-30.8369618982	
1.6	-3.96637036582e-07	-2.02482106108e-07	0.0 	0.0 	76.4043300013 	20.8418000043 	0.0 	0.0 	0.0 	-0.0 	20.8908500043 	-5.88599999798 	0.0 	0.0 	2.34474284245	2.977833581	120.182894226	-30.8755181234	
1.61666666667	-3.96637036582e-07	-2.70881277041e-07	0.0 	0.0 	76.7508758347 	20.7437000044 	0.0 	0.0 	0.0 	-0.0 	20.7927500043 	-5.88599999798 	0.0 	0.0 	2.39413133405	2.97791059466	120.189396373	-30.9148869786	
1.63333333333	-3.96637036582e-07	-3.27820502e-07	0.0 	0.0 	77.0957866681 	20.6456000044 	0.0 	0.0 	0.0 	-0.0 	20.6946500044 	-5.88599999798 	0.0 	0.0 	2.44335519734	2.97797477271	120.196029628	-30.9550656918	
1.65	-3.96637036582e-07	-3.74098918049e-07	0.0 	0.0 	77.4390625015 	20.5475000044 	0.0 	0.0 	0.0 	-0.0 	20.5965500044 	-5.88599999798 	0.0 	0.0 	2.4924149811	2.97802825442	120.202793878	-30.9960515096	
1.66666666667	1.58254823487e-07	-2.68477967549e-07	0.0 	0.0 	77.7807033349 	20.4494000044 	0.0 	0.0 	0.0 	-0.0 	20.4984500044 	-5.88599999971 	0.0 	0.0 	2.54131123223	2.97807282251	120.209688967	-31.0378416954	
1.68333333333	1.58254823487e-07	-1.73286331191e-07	0.0 	0.0 	78.1207091683 	20.3513000044 	0.0 	0.0 	0.0 	-0.0 	20.4003500044 	-5.88599999971 	0.0 	0.0 	2.59004449587	2.97810996258	120.216714698	-31.0804335285	
1.7	1.58254823487e-07	-8.91521519299e-08	0.0 	0.0 	78.4590800017 	20.2532000044 	0.0 	0.0 	0.0 	-0.0 	20.3022500044 	-5.88599999971 	0.0 	0.0 	2.63861531529	2.97814091265	120.223870838	-31.123824303	
1.71666666667	1.58254823487e-07	-1.62166950209e-08	0.0 	0.0 	78.7958158351 	20.1551000045 	0.0 	0.0 	0.0 	-0.0 	20.2041500044 	-5.88599999971 	0.0 	0.0 	2.68702423198	2.97816670437	120.231157128	-31.1680113272	
1.73333333333	1.58254823487e-07	4.5760519037e-08	0.0 	0.0 	79.1309166685 	20.0570000045 	0.0 	0.0 	0.0 	0.0 	20.1060500045 	-5.88599999971 	0.0 	0.0 	2.73527178562	2.97818819747	120.238573282	-31.2129919221	
1.75	1.58254823487e-07	9.73083069459e-08	0.0 	0.0 	79.4643825019 	19.9589000045 	0.0 	0.0 	0.0 	0.0 	20.0079500045 	-5.88599999971 	0.0 	0.0 	2.78335851407	2.97820610838	120.246118993	-31.2587634218	
1.76666666667	1.58254823487e-07	1.39162421217e-07	0.0 	0.0 	79.7962133354 	19.8608000045 	0.0 	0.0 	0.0 	0.0 	19.9098500045 	-5.88599999971 	0.0 	0.0 	2.83128495343	2.97822103414	120.253793939	-31.3053231721	
1.78333333333	-1.00199224153e-06	-1.25117313062e-07	0.0 	0.0 	80.1264091688 	19.7627000046 	0.0 	0.0 	0.0 	-0.0 	19.8117500045 	-5.88599998995 	0.0 	0.0 	2.879051638	2.97823347228	120.26159778	-31.3526685302	
1.8	-1.00199224153e-06	-3.57336448643e-07	0.0 	0.0 	80.4549700022 	19.6646000048 	0.0 	0.0 	0.0 	-0.0 	19.7136500047 	-5.88599998995 	0.0 	0.0 	2.92665910028	2.97824383739	120.269530165	-31.4007968646	
1.81666666667	-1.00199224153e-06	-5.57451772245e-07	0.0 	0.0 	80.7818958356 	19.566500005 	0.0 	0.0 	0.0 	-0.0 	19.6155500049 	-5.88599998995 	0.0 	0.0 	2.97410787102	2.97825247499	120.277590733	-31.4497055543	
1.83333333333	-1.00199224153e-06	-7.26433037703e-07	0.0 	0.0 	81.107186669 	19.4684000051 	0.0 	0.0 	0.0 	-0.0 	19.5174500051 	-5.88599998995 	0.0 	0.0 	3.02139847919	2.97825967298	120.285779112	-31.4993919888	
1.85	-1.00199224153e-06	-8.66004743552e-07	0.0 	0.0 	81.4308425024 	19.3703000053 	0.0 	0.0 	0.0 	-0.0 	19.4193500052 	-5.88599998995 	0.0 	0.0 	3.068531452	2.97826567131	120.294094924	-31.5498535677	
1.86666666667	-1.00199224153e-06	-9.78422424896e-07	0.0 	0.0 	81.7528633358 	19.2722000055 	0.0 	0.0 	0.0 	-0.0 	19.3212500054 	-5.88599998995 	0.0 	0.0 	3.11550731491	2.97827066992	120.302537787	-31.6010877005	
1.88333333333	-3.45695288957e-07	-8.98106590612e-07	0.0 	0.0 	82.0732491693 	19.1741000055 	0.0 	0.0 	0.0 	-0.0 	19.2231500055 	-5.88599999894 	0.0 	0.0 	3.1623265916	2.97827483543	120.31110731	-31.6530918061	
1.9	-3.45695288957e-07	-8.18598965864e-07	0.0 	0.0 	82.3920000027 	19.0760000055 	0.0 	0.0 	0.0 	-0.0 	19.1250500055 	-5.88599999894 	0.0 	0.0 	3.20898980404	2.97827830668	120.319803103	-31.7058633133	
1.91666666667	-3.45695288957e-07	-7.42202316782e-07	0.0 	0.0 	82.7091158361 	18.9779000055 	0.0 	0.0 	0.0 	-0.0 	19.0269500055 	-5.88599999894 	0.0 	0.0 	3.25549747243	2.9782811994	120.328624768	-31.7593996598	
1.93333333333	-3.45695288957e-07	-6.70604069123e-07	0.0 	0.0 	83.0245966695 	18.8798000055 	0.0 	0.0 	0.0 	-0.0 	18.9288500055 	-5.88599999894 	0.0 	0.0 	3.30185011526	2.97828360999	120.337571907	-31.8136982926	
1.95	-3.45695288957e-07	-6.04962027808e-07	0.0 	0.0 	83.338442503 	18.7817000056 	0.0 	0.0 	0.0 	-0.0 	18.8307500055 	-5.88599999894 	0.0 	0.0 	3.34804824929	2.97828561882	120.34664412	-31.8687566679	
1.96666666667	-3.45695288957e-07	-5.45987360199e-07	0.0 	0.0 	83.6506533364 	18.6836000056 	0.0 	0.0 	0.0 	-0.0 	18.7326500056 	-5.88599999894 	0.0 	0.0 	3.39409238953	2.97828729284	120.355841006	-31.9245722507	
1.98333333333	4.30969455303e-07	-2.95002524859e-07	0.0 	0.0 	83.9612291698 	18.5855000056 	0.0 	0.0 	0.0 	-0.0 	18.6345500056 	-5.88599999854 	0.0 	0.0 	3.43998304931	2.97828868786	120.365162161	-31.9811425147	
2.0	4.30969455303e-07	-7.78026530911e-08	0.0 	0.0 	84.2701700033 	18.4874000056 	0.0 	0.0 	0.0 	-0.0 	18.5364500056 	-5.88599999854 	0.0 	0.0 	3.48572074022	2.97828985038	120.374607184	-32.0384649426	
2.01666666667	4.30969455303e-07	1.06426375917e-07	0.0 	0.0 	84.5774758367 	18.3893000056 	0.0 	0.0 	0.0 	0.0 	18.4383500056 	-5.88599999854 	0.0 	0.0 	3.53130597216	2.97829081914	120.384175669	-32.0965370257	
2.03333333333	4.30969455303e-07	2.59345844629e-07	0.0 	0.0 	84.8831466701 	18.2912000057 	0.0 	0.0 	0.0 	0.0 	18.3402500057 	-5.88599999854 	0.0 	0.0 	3.57673925333	2.97829162645	120.393867213	-32.1553562638	
2.05	4.30969455303e-07	3.83221670714e-07	0.0 	0.0 	85.1871825035 	18.1931000057 	0.0 	0.0 	0.0 	0.0 	18.2421500057 	-5.88599999854 	0.0 	0.0 	3.62202109023	2.9782922992	120.403681413	-32.2149201653	
2.06666666667	4.30969455303e-07	4.80717554198e-07	0.0 	0.0 	85.489583337 	18.0950000057 	0.0 	0.0 	0.0 	0.0 	18.1440500057 	-5.88599999854 	0.0 	0.0 	3.66715198767	2.97829285983	120.413617866	-32.275226247	
2.08333333333	-3.79588203529e-07	3.47016835733e-07	0.0 	0.0 	85.7903491704 	17.9969000057 	0.0 	0.0 	0.0 	0.0 	18.0459500057 	-5.88599999901 	0.0 	0.0 	3.71213244879	2.97829332701	120.423676168	-32.3362720342	
2.1	-3.79588203529e-07	2.20692371445e-07	0.0 	0.0 	86.0894800038 	17.8988000058 	0.0 	0.0 	0.0 	0.0 	17.9478500057 	-5.88599999901 	0.0 	0.0 	3.75696297503	2.97829371634	120.433855918	-32.3980550607	
2.11666666667	-3.79588203529e-07	1.04032143654e-07	0.0 	0.0 	86.3869758373 	17.8007000058 	0.0 	0.0 	0.0 	0.0 	17.8497500058 	-5.88599999901 	0.0 	0.0 	3.80164406619	2.97829404078	120.444156715	-32.4605728682	
2.13333333333	-3.79588203529e-07	-1.49266873368e-09	0.0 	0.0 	86.6828366707 	17.7026000058 	0.0 	0.0 	0.0 	-0.0 	17.7516500058 	-5.88599999901 	0.0 	0.0 	3.84617622038	2.97829431114	120.454578157	-32.5238230072	
2.15	-3.79588203529e-07	-9.50898837963e-08	0.0 	0.0 	86.9770625041 	17.6045000058 	0.0 	0.0 	0.0 	-0.0 	17.6535500058 	-5.88599999901 	0.0 	0.0 	3.89055993405	2.97829453644	120.465119844	-32.5878030361	
2.16666666667	-3.79588203529e-07	-1.76518297962e-07	0.0 	0.0 	87.2696533375 	17.5064000058 	0.0 	0.0 	0.0 	-0.0 	17.5554500058 	-5.88599999901 	0.0 	0.0 	3.93479570201	2.9782947242	120.475781379	-32.6525105216	
2.18333333333	-3.79588203529e-07	-2.45971253489e-07	0.0 	0.0 	87.560609171 	17.4083000058 	0.0 	0.0 	0.0 	-0.0 	17.4573500058 	-5.88599999901 	0.0 	0.0 	3.97888401742	2.97829488066	120.486562363	-32.7179430386	
2.2	1.36360017494e-08	-2.03209121108e-07	0.0 	0.0 	87.8499300044 	17.3102000058 	0.0 	0.0 	0.0 	-0.0 	17.3592500058 	-5.886 	0.0 	0.0 	4.02282537177	2.97829501104	120.4974624	-32.78409817	
2.21666666667	1.36360017494e-08	-1.63292058424e-07	0.0 	0.0 	88.1376158378 	17.2121000058 	0.0 	0.0 	0.0 	-0.0 	17.2611500058 	-5.886 	0.0 	0.0 	4.06662025494	2.97829511969	120.508481094	-32.8509735069	
2.23333333333	1.36360017494e-08	-1.26827332963e-07	0.0 	0.0 	88.4236666713 	17.1140000058 	0.0 	0.0 	0.0 	-0.0 	17.1630500058 	-5.886 	0.0 	0.0 	4.11026915516	2.97829521024	120.519618051	-32.9185666485	
2.25	1.36360017494e-08	-9.41776915218e-08	0.0 	0.0 	88.7080825047 	17.0159000058 	0.0 	0.0 	0.0 	-0.0 	17.0649500058 	-5.886 	0.0 	0.0 	4.15377255905	2.97829528569	120.530872877	-32.9868752019	
2.26666666667	1.36360017494e-08	-6.55050414897e-08	0.0 	0.0 	88.9908633381 	16.9178000058 	0.0 	0.0 	0.0 	-0.0 	16.9668500058 	-5.886 	0.0 	0.0 	4.1971309516	2.97829534857	120.54224518	-33.0558967823	
2.28333333333	1.36360017494e-08	-4.08105801136e-08	0.0 	0.0 	89.2720091716 	16.8197000058 	0.0 	0.0 	0.0 	-0.0 	16.8687500058 	-5.886 	0.0 	0.0 	4.24034481617	2.97829540097	120.553734569	-33.1256290129	
2.3	1.36360017494e-08	-1.99709168639e-08	0.0 	0.0 	89.551520005 	16.7216000058 	0.0 	0.0 	0.0 	-0.0 	16.7706500058 	-5.886 	0.0 	0.0 	4.28341463452	2.97829544463	120.565340654	-33.1960695248	
2.31666666667	1.42065531955e-06	3.57778738549e-07	0.0 	0.0 	89.8293958384 	16.623500006 	0.0 	0.0 	0.0 	0.0 	16.6725500059 	-5.88599998984 	0.0 	0.0 	4.32634088682	2.97829548102	120.577063047	-33.2672159568	
2.33333333333	1.42065531955e-06	6.8374961465e-07	0.0 	0.0 	90.1056366719 	16.5254000062 	0.0 	0.0 	0.0 	0.0 	16.5744500061 	-5.88599998984 	0.0 	0.0 	4.3691240516	2.97829551135	120.588901361	-33.339065956	
2.35	1.42065531955e-06	9.59405346907e-07	0.0 	0.0 	90.3802425053 	16.4273000063 	0.0 	0.0 	0.0 	0.0 	16.4763500063 	-5.88599998984 	0.0 	0.0 	4.41176460584	2.97829553661	120.600855209	-33.4116171769	
2.36666666667	1.42065531955e-06	1.18745260105e-06	0.0 	0.0 	90.6532133387 	16.3292000065 	0.0 	0.0 	0.0 	0.0 	16.3782500064 	-5.88599998984 	0.0 	0.0 	4.45426302489	2.97829555767	120.612924207	-33.4848672823	
2.38333333333	1.42065531955e-06	1.37147680797e-06	0.0 	0.0 	90.9245491722 	16.2311000067 	0.0 	0.0 	0.0 	0.0 	16.2801500066 	-5.88599998984 	0.0 	0.0 	4.49661978255	2.97829557522	120.62510797	-33.5588139423	
2.4	1.42065531955e-06	1.51563239681e-06	0.0 	0.0 	91.1942500056 	16.1330000069 	0.0 	0.0 	0.0 	0.0 	16.1820500068 	-5.88599998984 	0.0 	0.0 	4.53883535102	2.97829558984	120.637406118	-33.6334548352	
2.41666666667	8.67556209935e-07	1.48265329766e-06	0.0 	0.0 	91.4623158391 	16.0349000069 	0.0 	0.0 	0.0 	0.0 	16.0839500069 	-5.88599999672 	0.0 	0.0 	4.58091020092	2.97829560203	120.649818268	-33.7087876468	
2.43333333333	8.67556209935e-07	1.43787271183e-06	0.0 	0.0 	91.7287466725 	15.936800007 	0.0 	0.0 	0.0 	0.0 	15.9858500069 	-5.88599999672 	0.0 	0.0 	4.62284480133	2.97829561219	120.66234404	-33.7848100707	
2.45	8.67556209935e-07	1.38534536713e-06	0.0 	0.0 	91.993542506 	15.838700007 	0.0 	0.0 	0.0 	0.0 	15.887750007 	-5.88599999672 	0.0 	0.0 	4.66463961973	2.97829562065	120.674983056	-33.8615198081	
2.46666666667	8.67556209935e-07	1.32845576382e-06	0.0 	0.0 	92.2567033394 	15.7406000071 	0.0 	0.0 	0.0 	0.0 	15.789650007 	-5.88599999672 	0.0 	0.0 	4.70629512208	2.9782956277	120.687734939	-33.938914568	
2.48333333333	8.67556209935e-07	1.2699632102e-06	0.0 	0.0 	92.5182291729 	15.6425000071 	0.0 	0.0 	0.0 	0.0 	15.6915500071 	-5.88599999672 	0.0 	0.0 	4.74781177275	2.97829563358	120.700599313	-34.016992067	
2.5	8.67556209935e-07	1.21205626238e-06	0.0 	0.0 	92.7781200063 	15.5444000072 	0.0 	0.0 	0.0 	0.0 	15.5934500072 	-5.88599999672 	0.0 	0.0 	4.78919003458	2.97829563847	120.713575802	-34.0957500292	
2.51666666667	-2.41987656918e-06	3.14008101538e-07	0.0 	0.0 	93.0363758398 	15.4463000075 	0.0 	0.0 	0.0 	0.0 	15.4953500074 	-5.88599997799 	0.0 	0.0 	4.83043036887	2.97829564256	120.726664033	-34.1751861865	
2.53333333333	-2.41987656918e-06	-4.67413119077e-07	0.0 	0.0 	93.2929966732 	15.3482000079 	0.0 	0.0 	0.0 	-0.0 	15.3972500077 	-5.88599997799 	0.0 	0.0 	4.87153323538	2.97829564596	120.739863633	-34.2552982782	
2.55	-2.41987656918e-06	-1.13402904787e-06	0.0 	0.0 	93.5479825067 	15.2501000083 	0.0 	0.0 	0.0 	-0.0 	15.2991500081 	-5.88599997799 	0.0 	0.0 	4.91249909234	2.97829564879	120.753174232	-34.3360840511	
2.56666666667	-2.41987656918e-06	-1.69083912772e-06	0.0 	0.0 	93.8013333402 	15.1520000086 	0.0 	0.0 	0.0 	-0.0 	15.2010500085 	-5.88599997799 	0.0 	0.0 	4.95332839644	2.97829565115	120.766595459	-34.4175412597	
2.58333333333	-2.41987656918e-06	-2.14514935966e-06	0.0 	0.0 	94.0530491737 	15.053900009 	0.0 	0.0 	0.0 	-0.0 	15.1029500088 	-5.88599997799 	0.0 	0.0 	4.99402160286	2.97829565312	120.780126946	-34.4996676659	
2.6	-2.41987656918e-06	-2.5058250147e-06	0.0 	0.0 	94.3031300072 	14.9558000094 	0.0 	0.0 	0.0 	-0.0 	15.0048500092 	-5.88599997799 	0.0 	0.0 	5.03457916526	2.97829565476	120.793768324	-34.5824610389	
2.61666666667	-1.26404479593e-06	-2.48648086654e-06	0.0 	0.0 	94.5515758406 	14.8577000095 	0.0 	0.0 	0.0 	-0.0 	14.9067500094 	-5.88599999485 	0.0 	0.0 	5.07500153579	2.97829565613	120.807519229	-34.6659191555	
2.63333333333	-1.26404479593e-06	-2.43328802451e-06	0.0 	0.0 	94.7983866741 	14.7596000096 	0.0 	0.0 	0.0 	-0.0 	14.8086500095 	-5.88599999485 	0.0 	0.0 	5.11528916508	2.97829565727	120.821379294	-34.7500398	
2.65	-1.26404479593e-06	-2.35552472105e-06	0.0 	0.0 	95.0435625076 	14.6615000096 	0.0 	0.0 	0.0 	-0.0 	14.7105500096 	-5.88599999485 	0.0 	0.0 	5.15544250227	2.97829565822	120.835348156	-34.8348207638	
2.66666666667	-1.26404479593e-06	-2.2611494132e-06	0.0 	0.0 	95.2871033411 	14.5634000097 	0.0 	0.0 	0.0 	-0.0 	14.6124500097 	-5.88599999485 	0.0 	0.0 	5.195461995	2.97829565901	120.849425452	-34.920259846	
2.68333333333	-1.26404479593e-06	-2.15684903033e-06	0.0 	0.0 	95.5290091746 	14.4653000098 	0.0 	0.0 	0.0 	-0.0 	14.5143500098 	-5.88599999485 	0.0 	0.0 	5.23534808943	2.97829565967	120.863610822	-35.0063548528	
2.7	-1.26404479593e-06	-2.04811610128e-06	0.0 	0.0 	95.7692800081 	14.3672000099 	0.0 	0.0 	0.0 	-0.0 	14.4162500099 	-5.88599999485 	0.0 	0.0 	5.2751012302	2.97829566021	120.877903903	-35.0931035978	
2.71666666667	-1.23771099206e-06	-1.93259781573e-06	0.0 	0.0 	96.0079158416 	14.26910001 	0.0 	0.0 	0.0 	-0.0 	14.3181500099 	-5.8859999958 	0.0 	0.0 	5.31472186051	2.97829566067	120.892304338	-35.1805039019	
2.73333333333	-1.23771099206e-06	-1.82135593119e-06	0.0 	0.0 	96.2449166751 	14.17100001 	0.0 	0.0 	0.0 	-0.0 	14.22005001 	-5.8859999958 	0.0 	0.0 	5.35421042205	2.97829566105	120.906811769	-35.2685535931	
2.75	-1.23771099206e-06	-1.71690456633e-06	0.0 	0.0 	96.4802825086 	14.0729000101 	0.0 	0.0 	0.0 	-0.0 	14.1219500101 	-5.8859999958 	0.0 	0.0 	5.39356735505	2.97829566137	120.921425839	-35.357250507	
2.76666666667	-1.23771099206e-06	-1.62097995936e-06	0.0 	0.0 	96.7140133421 	13.9748000102 	0.0 	0.0 	0.0 	-0.0 	14.0238500101 	-5.8859999958 	0.0 	0.0 	5.43279309828	2.97829566164	120.936146193	-35.4465924859	
2.78333333333	-1.23771099206e-06	-1.53466123373e-06	0.0 	0.0 	96.9461091756 	13.8767000102 	0.0 	0.0 	0.0 	-0.0 	13.9257500102 	-5.8859999958 	0.0 	0.0 	5.47188808903	2.97829566186	120.950972475	-35.5365773798	
2.8	-1.23771099206e-06	-1.45848452632e-06	0.0 	0.0 	97.1765700091 	13.7786000103 	0.0 	0.0 	0.0 	-0.0 	13.8276500103 	-5.8859999958 	0.0 	0.0 	5.51085276314	2.97829566204	120.965904334	-35.6272030456	
2.81666666667	-1.23771099206e-06	-1.39254840513e-06	0.0 	0.0 	97.4053958426 	13.6805000104 	0.0 	0.0 	0.0 	-0.0 	13.7295500104 	-5.8859999958 	0.0 	0.0 	5.549687555	2.97829566219	120.980941418	-35.7184673474	
2.83333333333	1.21642036296e-06	-7.07738082322e-07	0.0 	0.0 	97.6325866761 	13.5824000104 	0.0 	0.0 	0.0 	-0.0 	13.6314500104 	-5.88599999666 	0.0 	0.0 	5.58839289756	2.97829566232	120.996083375	-35.8103681564	
2.85	1.21642036296e-06	-1.16880130733e-07	0.0 	0.0 	97.8581425096 	13.4843000105 	0.0 	0.0 	0.0 	-0.0 	13.5333500105 	-5.88599999666 	0.0 	0.0 	5.62696922231	2.97829566243	121.011329855	-35.9029033509	
2.86666666667	1.21642036296e-06	3.82700422176e-07	0.0 	0.0 	98.0820633432 	13.3862000106 	0.0 	0.0 	0.0 	0.0 	13.4352500105 	-5.88599999666 	0.0 	0.0 	5.66541695931	2.97829566252	121.026680512	-35.9960708163	
2.88333333333	1.21642036296e-06	7.9592909883e-07	0.0 	0.0 	98.3043491767 	13.2881000106 	0.0 	0.0 	0.0 	0.0 	13.3371500106 	-5.88599999666 	0.0 	0.0 	5.70373653719	2.97829566259	121.042134996	-36.089868445	
2.9	1.21642036296e-06	1.12932167524e-06	0.0 	0.0 	98.5250000102 	13.1900000107 	0.0 	0.0 	0.0 	0.0 	13.2390500106 	-5.88599999666 	0.0 	0.0 	5.74192838314	2.97829566265	121.057692963	-36.1842941365	
2.91666666667	1.21642036296e-06	1.39042275595e-06	0.0 	0.0 	98.7440158437 	13.0919000107 	0.0 	0.0 	0.0 	0.0 	13.1409500107 	-5.88599999666 	0.0 	0.0 	5.77999292294	2.9782956627	121.073354067	-36.2793457972	
2.93333333333	1.21642036296e-06	1.58733851872e-06	0.0 	0.0 	98.9613966772 	12.9938000108 	0.0 	0.0 	0.0 	0.0 	13.0428500107 	-5.88599999666 	0.0 	0.0 	5.81793058094	2.97829566275	121.089117965	-36.3750213406	
2.95	-4.80698443137e-06	1.84859563951e-07	0.0 	0.0 	99.1771425107 	12.8957000115 	0.0 	0.0 	0.0 	0.0 	12.9447500111 	-5.8859999576 	0.0 	0.0 	5.85574178008	2.97829566278	121.104984313	-36.471318687	
2.96666666667	-4.80698443137e-06	-1.05805675085e-06	0.0 	0.0 	99.3912533442 	12.7976000122 	0.0 	0.0 	0.0 	-0.0 	12.8466500118 	-5.8859999576 	0.0 	0.0 	5.89342694189	2.97829566281	121.120952771	-36.5682357638	
2.98333333333	-4.80698443137e-06	-2.13847088484e-06	0.0 	0.0 	99.6037291778 	12.6995000129 	0.0 	0.0 	0.0 	-0.0 	12.7485500125 	-5.8859999576 	0.0 	0.0 	5.93098648649	2.97829566284	121.137022998	-36.6657705053	
3.0	-4.80698443137e-06	-3.05918288701e-06	0.0 	0.0 	99.8145700113 	12.6014000136 	0.0 	0.0 	0.0 	-0.0 	12.6504500132 	-5.8859999576 	0.0 	0.0 	5.96842083261	2.97829566286	121.153194654	-36.7639208524	
3.01666666667	-4.80698443137e-06	-3.82735348695e-06	0.0 	0.0 	100.023775845 	12.5033000143 	0.0 	0.0 	0.0 	-0.0 	12.552350014 	-5.8859999576 	0.0 	0.0 	6.00573039757	2.97829566288	121.169467402	-36.8626847533	
3.03333333333	-4.80698443137e-06	-4.45329916892e-06	0.0 	0.0 	100.231346678 	12.405200015 	0.0 	0.0 	0.0 	-0.0 	12.4542500147 	-5.8859999576 	0.0 	0.0 	6.04291559732	2.97829566289	121.185840905	-36.9620601627	
3.05	-4.80698443137e-06	-4.94945973689e-06	0.0 	0.0 	100.437282512 	12.3071000157 	0.0 	0.0 	0.0 	-0.0 	12.3561500154 	-5.8859999576 	0.0 	0.0 	6.07997684641	2.9782956629	121.202314827	-37.0620450423	
3.06666666667	3.22645074295e-06	-3.27096406036e-06	0.0 	0.0 	100.641583346 	12.209000016 	0.0 	0.0 	0.0 	-0.0 	12.2580500159 	-5.88599998463 	0.0 	0.0 	6.116914558	2.97829566291	121.218888833	-37.1626373604	
3.08333333333	3.22645074295e-06	-1.76708569844e-06	0.0 	0.0 	100.844249179 	12.1109000162 	0.0 	0.0 	0.0 	-0.0 	12.1599500161 	-5.88599998463 	0.0 	0.0 	6.15372914388	2.97829566292	121.235562589	-37.2638350924	
3.1	3.22645074295e-06	-4.45531954163e-07	0.0 	0.0 	101.045280013 	12.0128000165 	0.0 	0.0 	0.0 	-0.0 	12.0618500164 	-5.88599998463 	0.0 	0.0 	6.19042101447	2.97829566293	121.252335763	-37.3656362202	
3.11666666667	3.22645074295e-06	6.93421656938e-07	0.0 	0.0 	101.244675846 	11.9147000167 	0.0 	0.0 	0.0 	0.0 	11.9637500166 	-5.88599998463 	0.0 	0.0 	6.22699057883	2.97829566293	121.269208024	-37.4680387324	
3.13333333333	3.22645074295e-06	1.65526786448e-06	0.0 	0.0 	101.44243668 	11.816600017 	0.0 	0.0 	0.0 	0.0 	11.8656500169 	-5.88599998463 	0.0 	0.0 	6.26343824465	2.97829566294	121.286179041	-37.5710406244	
3.15	3.22645074295e-06	2.44979814028e-06	0.0 	0.0 	101.638562514 	11.7185000173 	0.0 	0.0 	0.0 	0.0 	11.7675500171 	-5.88599998463 	0.0 	0.0 	6.29976441824	2.97829566294	121.303248485	-37.6746398983	
3.16666666667	-3.4388898601e-07	2.17492994231e-06	0.0 	0.0 	101.833053347 	11.6204000173 	0.0 	0.0 	0.0 	0.0 	11.6694500173 	-5.88599999986 	0.0 	0.0 	6.33596950459	2.97829566294	121.320416028	-37.7788345628	
3.18333333333	-3.4388898601e-07	1.88319399737e-06	0.0 	0.0 	102.025909181 	11.5223000173 	0.0 	0.0 	0.0 	0.0 	11.5713500173 	-5.88599999986 	0.0 	0.0 	6.37205390731	2.97829566295	121.337681343	-37.8836226334	
3.2	-3.4388898601e-07	1.58750229681e-06	0.0 	0.0 	102.217130015 	11.4242000173 	0.0 	0.0 	0.0 	0.0 	11.4732500173 	-5.88599999986 	0.0 	0.0 	6.4080180287	2.97829566295	121.355044104	-37.9890021319	
3.21666666667	-3.4388898601e-07	1.2979852513e-06	0.0 	0.0 	102.406715848 	11.3261000173 	0.0 	0.0 	0.0 	0.0 	11.3751500173 	-5.88599999986 	0.0 	0.0 	6.44386226968	2.97829566295	121.372503987	-38.0949710869	
3.23333333333	-3.4388898601e-07	1.0223009711e-06	0.0 	0.0 	102.594666682 	11.2280000173 	0.0 	0.0 	0.0 	0.0 	11.2770500173 	-5.88599999986 	0.0 	0.0 	6.47958702985	2.97829566295	121.390060667	-38.2015275336	
3.25	-3.4388898601e-07	7.65952217793e-07	0.0 	0.0 	102.780982515 	11.1299000173 	0.0 	0.0 	0.0 	0.0 	11.1789500173 	-5.88599999986 	0.0 	0.0 	6.5151927075	2.97829566295	121.407713822	-38.3086695137	
3.26666666667	-2.16301663056e-06	6.64479374419e-08	0.0 	0.0 	102.965663349 	11.0318000174 	0.0 	0.0 	0.0 	0.0 	11.0808500173 	-5.88599999538 	0.0 	0.0 	6.55067969955	2.97829566296	121.425463131	-38.4163950754	
3.28333333333	-2.16301663056e-06	-5.4533864758e-07	0.0 	0.0 	103.148709183 	10.9337000174 	0.0 	0.0 	0.0 	-0.0 	10.9827500174 	-5.88599999538 	0.0 	0.0 	6.58604840162	2.97829566296	121.443308272	-38.5247022734	
3.3	-2.16301663056e-06	-1.07002568794e-06	0.0 	0.0 	103.330120016 	10.8356000175 	0.0 	0.0 	0.0 	-0.0 	10.8846500175 	-5.88599999538 	0.0 	0.0 	6.62129920803	2.97829566296	121.461248926	-38.633589169	
3.31666666667	-2.16301663056e-06	-1.51081411118e-06	0.0 	0.0 	103.50989585 	10.7375000176 	0.0 	0.0 	0.0 	-0.0 	10.7865500175 	-5.88599999538 	0.0 	0.0 	6.65643251174	2.97829566296	121.479284776	-38.7430538298	
3.33333333333	-2.16301663056e-06	-1.87280646792e-06	0.0 	0.0 	103.688036684 	10.6394000177 	0.0 	0.0 	0.0 	-0.0 	10.6884500176 	-5.88599999538 	0.0 	0.0 	6.69144870445	2.97829566296	121.497415503	-38.8530943299	
3.35	-2.16301663056e-06	-2.16241961197e-06	0.0 	0.0 	103.864542517 	10.5413000177 	0.0 	0.0 	0.0 	-0.0 	10.5903500177 	-5.88599999538 	0.0 	0.0 	6.72634817651	2.97829566296	121.515640792	-38.9637087499	
3.36666666667	2.57095503593e-07	-1.76673472107e-06	0.0 	0.0 	104.039413351 	10.4432000177 	0.0 	0.0 	0.0 	-0.0 	10.4922500177 	-5.88599999995 	0.0 	0.0 	6.76113131699	2.97829566296	121.533960326	-39.0748951767	
3.38333333333	2.57095503593e-07	-1.3968342361e-06	0.0 	0.0 	104.212649184 	10.3451000177 	0.0 	0.0 	0.0 	-0.0 	10.3941500177 	-5.88599999995 	0.0 	0.0 	6.79579851368	2.97829566296	121.552373793	-39.1866517036	
3.4	2.57095503593e-07	-1.05847605588e-06	0.0 	0.0 	104.384250018 	10.2470000177 	0.0 	0.0 	0.0 	-0.0 	10.2960500177 	-5.88599999995 	0.0 	0.0 	6.83035015304	2.97829566296	121.570880879	-39.2989764303	
3.41666666667	2.57095503593e-07	-7.55136854976e-07	0.0 	0.0 	104.554215852 	10.1489000177 	0.0 	0.0 	0.0 	-0.0 	10.1979500177 	-5.88599999995 	0.0 	0.0 	6.86478662027	2.97829566296	121.589481272	-39.4118674627	
3.43333333333	2.57095503593e-07	-4.88416713072e-07	0.0 	0.0 	104.722546685 	10.0508000177 	0.0 	0.0 	0.0 	-0.0 	10.0998500177 	-5.88599999995 	0.0 	0.0 	6.89910829928	2.97829566296	121.60817466	-39.5253229133	
3.45	2.57095503593e-07	-2.58411346325e-07	0.0 	0.0 	104.889242519 	9.95270001774 	0.0 	0.0 	0.0 	-0.0 	10.0017500177 	-5.88599999995 	0.0 	0.0 	6.93331557269	2.97829566296	121.626960734	-39.6393409006	
3.46666666667	6.54785461251e-07	3.78604536138e-08	0.0 	0.0 	105.054303353 	9.85460001775 	0.0 	0.0 	0.0 	0.0 	9.90365001774 	-5.88599999973 	0.0 	0.0 	6.96740882186	2.97829566296	121.645839186	-39.7539195494	
3.48333333333	6.54785461251e-07	2.86750005055e-07	0.0 	0.0 	105.217729186 	9.75650001775 	0.0 	0.0 	0.0 	0.0 	9.80555001775 	-5.88599999973 	0.0 	0.0 	7.00138842686	2.97829566296	121.664809706	-39.8690569909	
3.5	6.54785461251e-07	4.91140515428e-07	0.0 	0.0 	105.37952002 	9.65840001775 	0.0 	0.0 	0.0 	0.0 	9.70745001775 	-5.88599999973 	0.0 	0.0 	7.03525476651	2.97829566296	121.683871988	-39.9847513625	
3.51666666667	6.54785461251e-07	6.54657065524e-07	0.0 	0.0 	105.539675853 	9.56030001776 	0.0 	0.0 	0.0 	0.0 	9.60935001776 	-5.88599999973 	0.0 	0.0 	7.06900821837	2.97829566296	121.703025727	-40.1010008078	
3.53333333333	6.54785461251e-07	7.81386404215e-07	0.0 	0.0 	105.698196687 	9.46220001776 	0.0 	0.0 	0.0 	0.0 	9.51125001776 	-5.88599999973 	0.0 	0.0 	7.10264915871	2.97829566296	121.722270617	-40.2178034764	
3.55	6.54785461251e-07	8.75645362233e-07	0.0 	0.0 	105.855082521 	9.36410001777 	0.0 	0.0 	0.0 	0.0 	9.41315001777 	-5.88599999973 	0.0 	0.0 	7.13617796259	2.97829566296	121.741606354	-40.3351575243	
3.56666666667	6.54785461251e-07	9.41794182791e-07	0.0 	0.0 	106.010333354 	9.26600001777 	0.0 	0.0 	0.0 	0.0 	9.31505001777 	-5.88599999973 	0.0 	0.0 	7.16959500379	2.97829566296	121.761032637	-40.4530611136	
3.58333333333	-1.62098012817e-07	7.74764105946e-07	0.0 	0.0 	106.163949188 	9.16790001777 	0.0 	0.0 	0.0 	0.0 	9.21695001777 	-5.88599999999 	0.0 	0.0 	7.20290065486	2.97829566296	121.780549162	-40.5715124125	
3.6	-1.62098012817e-07	6.16038855179e-07	0.0 	0.0 	106.315930022 	9.06980001777 	0.0 	0.0 	0.0 	0.0 	9.11885001777 	-5.88599999999 	0.0 	0.0 	7.23609528708	2.97829566296	121.800155629	-40.6905095952	
3.61666666667	-1.62098012817e-07	4.6871000871e-07	0.0 	0.0 	106.466275855 	8.97170001777 	0.0 	0.0 	0.0 	0.0 	9.02075001777 	-5.88599999999 	0.0 	0.0 	7.26917927053	2.97829566296	121.819851738	-40.8100508422	
3.63333333333	-1.62098012817e-07	3.34817402024e-07	0.0 	0.0 	106.614986689 	8.87360001777 	0.0 	0.0 	0.0 	0.0 	8.92265001777 	-5.88599999999 	0.0 	0.0 	7.30215297404	2.97829566296	121.839637191	-40.93013434	
3.65	-1.62098012817e-07	2.15522025128e-07	0.0 	0.0 	106.762062523 	8.77550001777 	0.0 	0.0 	0.0 	0.0 	8.82455001777 	-5.88599999999 	0.0 	0.0 	7.3350167652	2.97829566296	121.85951169	-41.0507582809	
3.66666666667	-1.62098012817e-07	1.11267481849e-07	0.0 	0.0 	106.907503356 	8.67740001777 	0.0 	0.0 	0.0 	0.0 	8.72645001777 	-5.88599999999 	0.0 	0.0 	7.36777101039	2.97829566296	121.879474937	-41.1719208635	
3.68333333333	-1.62098012817e-07	2.19275390985e-08	0.0 	0.0 	107.05130919 	8.57930001777 	0.0 	0.0 	0.0 	0.0 	8.62835001777 	-5.88599999999 	0.0 	0.0 	7.40041607477	2.97829566296	121.899526638	-41.2936202925	
3.7	-7.23615158912e-07	-1.96950483717e-07	0.0 	0.0 	107.193480023 	8.48120001778 	0.0 	0.0 	0.0 	-0.0 	8.53025001778 	-5.88599999982 	0.0 	0.0 	7.43295232226	2.97829566296	121.919666496	-41.4158547782	
3.71666666667	-7.23615158912e-07	-3.83039222499e-07	0.0 	0.0 	107.334015857 	8.38310001778 	0.0 	0.0 	0.0 	-0.0 	8.43215001778 	-5.88599999982 	0.0 	0.0 	7.46538011559	2.97829566296	121.939894219	-41.5386225371	
3.73333333333	-7.23615158912e-07	-5.37900993068e-07	0.0 	0.0 	107.472916691 	8.28500001778 	0.0 	0.0 	0.0 	-0.0 	8.33405001778 	-5.88599999982 	0.0 	0.0 	7.49769981628	2.97829566296	121.960209514	-41.6619217917	
3.75	-7.23615158912e-07	-6.63722432942e-07	0.0 	0.0 	107.610182524 	8.18690001779 	0.0 	0.0 	0.0 	-0.0 	8.23595001778 	-5.88599999982 	0.0 	0.0 	7.52991178464	2.97829566296	121.980612087	-41.7857507703	
3.76666666667	-7.23615158912e-07	-7.63105696531e-07	0.0 	0.0 	107.745813358 	8.08880001779 	0.0 	0.0 	0.0 	-0.0 	8.13785001779 	-5.88599999982 	0.0 	0.0 	7.56201637976	2.97829566296	122.00110165	-41.9101077072	
3.78333333333	-7.23615158912e-07	-8.38893646511e-07	0.0 	0.0 	107.879809192 	7.99070001779 	0.0 	0.0 	0.0 	-0.0 	8.03975001779 	-5.88599999982 	0.0 	0.0 	7.59401395957	2.97829566296	122.021677911	-42.0349908426	
3.8	9.97816059677e-07	-4.52910105245e-07	0.0 	0.0 	108.012170025 	7.8926000178 	0.0 	0.0 	0.0 	-0.0 	7.94165001779 	-5.88599999974 	0.0 	0.0 	7.62590488078	2.97829566296	122.042340581	-42.1603984223	
3.81666666667	9.97816059677e-07	-1.0843766811e-07	0.0 	0.0 	108.142895859 	7.7945000178 	0.0 	0.0 	0.0 	-0.0 	7.8435500178 	-5.88599999974 	0.0 	0.0 	7.65768949892	2.97829566296	122.063089374	-42.2863286983	
3.83333333333	9.97816059677e-07	1.93098899663e-07	0.0 	0.0 	108.271986692 	7.69640001781 	0.0 	0.0 	0.0 	0.0 	7.7454500178 	-5.88599999974 	0.0 	0.0 	7.68936816834	2.97829566296	122.083924001	-42.4127799283	
3.85	9.97816059677e-07	4.51937150937e-07	0.0 	0.0 	108.399442526 	7.59830001781 	0.0 	0.0 	0.0 	0.0 	7.64735001781 	-5.88599999974 	0.0 	0.0 	7.72094124218	2.97829566296	122.104844176	-42.5397503757	
3.86666666667	9.97816059677e-07	6.69595511573e-07	0.0 	0.0 	108.52526336 	7.50020001781 	0.0 	0.0 	0.0 	0.0 	7.54925001781 	-5.88599999974 	0.0 	0.0 	7.75240907245	2.97829566296	122.125849614	-42.6672383098	
3.88333333333	9.97816059677e-07	8.48537633194e-07	0.0 	0.0 	108.649449193 	7.40210001782 	0.0 	0.0 	0.0 	0.0 	7.45115001782 	-5.88599999974 	0.0 	0.0 	7.78377200995	2.97829566296	122.146940032	-42.7952420056	
3.9	-1.81834812297e-07	6.89597192334e-07	0.0 	0.0 	108.772000027 	7.30400001782 	0.0 	0.0 	0.0 	0.0 	7.35305001782 	-5.88599999999 	0.0 	0.0 	7.81503040433	2.97829566296	122.168115145	-42.923759744	
3.91666666667	-1.81834812297e-07	5.39186100523e-07	0.0 	0.0 	108.892915861 	7.20590001782 	0.0 	0.0 	0.0 	0.0 	7.25495001782 	-5.88599999999 	0.0 	0.0 	7.84618460405	2.97829566296	122.189374672	-43.0527898115	
3.93333333333	-1.81834812297e-07	4.00085600844e-07	0.0 	0.0 	109.012196694 	7.10780001782 	0.0 	0.0 	0.0 	0.0 	7.15685001782 	-5.88599999999 	0.0 	0.0 	7.87723495645	2.97829566296	122.21071833	-43.1823305003	
3.95	-1.81834812297e-07	2.74097700682e-07	0.0 	0.0 	109.129842528 	7.00970001782 	0.0 	0.0 	0.0 	0.0 	7.05875001782 	-5.88599999999 	0.0 	0.0 	7.90818180767	2.97829566296	122.232145841	-43.3123801083	
3.96666666667	-1.81834812297e-07	1.62209187026e-07	0.0 	0.0 	109.245853362 	6.91160001782 	0.0 	0.0 	0.0 	0.0 	6.96065001782 	-5.88599999999 	0.0 	0.0 	7.93902550272	2.97829566296	122.253656923	-43.4429369392	
3.98333333333	-1.81834812297e-07	6.47442139638e-08	0.0 	0.0 	109.360229195 	6.81350001782 	0.0 	0.0 	0.0 	0.0 	6.86255001782 	-5.88599999999 	0.0 	0.0 	7.96976638545	2.97829566296	122.275251299	-43.5739993022	
4.0	-1.41776652186e-06	-3.35204235305e-07	0.0 	0.0 	109.472970029 	6.71540001782 	0.0 	0.0 	0.0 	-0.0 	6.76445001782 	-5.88599999972 	0.0 	0.0 	8.00040479858	2.97829566296	122.296928691	-43.7055655121	
4.01666666667	-1.41776652186e-06	-6.78994354943e-07	0.0 	0.0 	109.584075862 	6.61730001783 	0.0 	0.0 	0.0 	-0.0 	6.66635001783 	-5.88599999972 	0.0 	0.0 	8.03094108366	2.97829566296	122.318688823	-43.8376338896	
4.03333333333	-1.41776652186e-06	-9.68518327878e-07	0.0 	0.0 	109.693546696 	6.51920001783 	0.0 	0.0 	0.0 	-0.0 	6.56825001783 	-5.88599999972 	0.0 	0.0 	8.06137558112	2.97829566296	122.340531417	-43.9702027607	
4.05	-1.41776652186e-06	-1.20693841296e-06	0.0 	0.0 	109.80138253 	6.42110001784 	0.0 	0.0 	0.0 	-0.0 	6.47015001784 	-5.88599999972 	0.0 	0.0 	8.09170863026	2.97829566296	122.3624562	-44.103270457	
4.06666666667	-1.41776652186e-06	-1.39830235731e-06	0.0 	0.0 	109.907583363 	6.32300001784 	0.0 	0.0 	0.0 	-0.0 	6.37205001784 	-5.88599999972 	0.0 	0.0 	8.12194056923	2.97829566296	122.384462898	-44.236835316	
4.08333333333	-1.41776652186e-06	-1.54721766932e-06	0.0 	0.0 	110.012149197 	6.22490001785 	0.0 	0.0 	0.0 	-0.0 	6.27395001784 	-5.88599999972 	0.0 	0.0 	8.15207173508	2.97829566296	122.406551237	-44.3708956802	
4.1	-1.41776652186e-06	-1.65858168777e-06	0.0 	0.0 	110.115080031 	6.12680001785 	0.0 	0.0 	0.0 	-0.0 	6.17585001785 	-5.88599999972 	0.0 	0.0 	8.1821024637	2.97829566296	122.428720946	-44.5054498981	
4.11666666667	-1.3340686351e-08	-1.37747920778e-06	0.0 	0.0 	110.216375864 	6.02870001785 	0.0 	0.0 	0.0 	-0.0 	6.07775001785 	-5.886 	0.0 	0.0 	8.2120330899	2.97829566296	122.450971752	-44.6404963235	
4.13333333333	-1.3340686351e-08	-1.116995457e-06	0.0 	0.0 	110.316036698 	5.93060001785 	0.0 	0.0 	0.0 	-0.0 	5.97965001785 	-5.886 	0.0 	0.0 	8.24186394734	2.97829566296	122.473303387	-44.7760333157	
4.15	-1.3340686351e-08	-8.80631338561e-07	0.0 	0.0 	110.414062531 	5.83250001785 	0.0 	0.0 	0.0 	-0.0 	5.88155001785 	-5.886 	0.0 	0.0 	8.27159536859	2.97829566296	122.49571558	-44.9120592394	
4.16666666667	-1.3340686351e-08	-6.70346313889e-07	0.0 	0.0 	110.510453365 	5.73440001785 	0.0 	0.0 	0.0 	-0.0 	5.78345001785 	-5.886 	0.0 	0.0 	8.3012276851	2.97829566296	122.518208062	-45.048572465	
4.18333333333	-1.3340686351e-08	-4.86843993907e-07	0.0 	0.0 	110.605209199 	5.63630001785 	0.0 	0.0 	0.0 	-0.0 	5.68535001785 	-5.886 	0.0 	0.0 	8.33076122723	2.97829566296	122.540780567	-45.1855713679	
4.2	-1.3340686351e-08	-3.2983271756e-07	0.0 	0.0 	110.698330032 	5.53820001785 	0.0 	0.0 	0.0 	-0.0 	5.58725001785 	-5.886 	0.0 	0.0 	8.36019632421	2.97829566296	122.563432828	-45.3230543294	
4.21666666667	-1.10721884055e-07	-2.23212534328e-07	0.0 	0.0 	110.789815866 	5.44010001785 	0.0 	0.0 	0.0 	-0.0 	5.48915001785 	-5.886 	0.0 	0.0 	8.38953330421	2.97829566296	122.586164578	-45.4610197359	
4.23333333333	-1.10721884055e-07	-1.37066559502e-07	0.0 	0.0 	110.8796667 	5.34200001785 	0.0 	0.0 	0.0 	-0.0 	5.39105001785 	-5.886 	0.0 	0.0 	8.41877249427	2.97829566296	122.608975552	-45.5994659793	
4.25	-1.10721884055e-07	-6.94801579036e-08	0.0 	0.0 	110.967882533 	5.24390001785 	0.0 	0.0 	0.0 	-0.0 	5.29295001785 	-5.886 	0.0 	0.0 	8.44791422036	2.97829566296	122.631865488	-45.7383914567	
4.26666666667	-1.10721884055e-07	-1.83895006074e-08	0.0 	0.0 	111.054463367 	5.14580001785 	0.0 	0.0 	0.0 	-0.0 	5.19485001785 	-5.886 	0.0 	0.0 	8.47695880737	2.97829566296	122.65483412	-45.8777945707	
4.28333333333	-1.10721884055e-07	1.83203718144e-08	0.0 	0.0 	111.1394092 	5.04770001785 	0.0 	0.0 	0.0 	0.0 	5.09675001785 	-5.886 	0.0 	0.0 	8.50590657909	2.97829566296	122.677881188	-46.0176737292	
4.3	-1.10721884055e-07	4.27379524453e-08	0.0 	0.0 	111.222720034 	4.94960001785 	0.0 	0.0 	0.0 	0.0 	4.99865001785 	-5.886 	0.0 	0.0 	8.53475785823	2.97829566296	122.701006429	-46.1580273454	
4.31666666667	-1.10721884055e-07	5.68659575437e-08	0.0 	0.0 	111.304395868 	4.85150001785 	0.0 	0.0 	0.0 	0.0 	4.90055001785 	-5.886 	0.0 	0.0 	8.56351296645	2.97829566296	122.724209584	-46.2988538377	
4.33333333333	-3.06154545176e-06	-6.9357049778e-07	0.0 	0.0 	111.384436701 	4.75340001786 	0.0 	0.0 	0.0 	-0.0 	4.80245001785 	-5.88599999967 	0.0 	0.0 	8.5921722243	2.97829566296	122.747490392	-46.4401516299	
4.35	-3.06154545176e-06	-1.34915796797e-06	0.0 	0.0 	111.462842535 	4.65530001786 	0.0 	0.0 	0.0 	-0.0 	4.70435001786 	-5.88599999967 	0.0 	0.0 	8.6207359513	2.97829566296	122.770848594	-46.581919151	
4.36666666667	-3.06154545176e-06	-1.91075036623e-06	0.0 	0.0 	111.539613369 	4.55720001787 	0.0 	0.0 	0.0 	-0.0 	4.60625001787 	-5.88599999967 	0.0 	0.0 	8.64920446587	2.97829566296	122.794283932	-46.7241548353	
4.38333333333	-3.06154545176e-06	-2.38194682131e-06	0.0 	0.0 	111.614749202 	4.45910001787 	0.0 	0.0 	0.0 	-0.0 	4.50815001787 	-5.88599999967 	0.0 	0.0 	8.67757808539	2.97829566296	122.81779615	-46.8668571221	
4.4	-3.06154545176e-06	-2.7683615312e-06	0.0 	0.0 	111.688250036 	4.36100001788 	0.0 	0.0 	0.0 	-0.0 	4.41005001788 	-5.88599999967 	0.0 	0.0 	8.70585712618	2.97829566296	122.841384991	-47.0100244562	
4.41666666667	-3.06154545176e-06	-3.07699492887e-06	0.0 	0.0 	111.76011587 	4.26290001789 	0.0 	0.0 	0.0 	-0.0 	4.31195001788 	-5.88599999967 	0.0 	0.0 	8.7340419035	2.97829566296	122.8650502	-47.1536552874	
4.43333333333	-2.71792266079e-06	-3.22764967573e-06	0.0 	0.0 	111.830346703 	4.16480001789 	0.0 	0.0 	0.0 	-0.0 	4.21385001789 	-5.88599999984 	0.0 	0.0 	8.76213273156	2.97829566296	122.888791522	-47.2977480706	
4.45	-2.71792266079e-06	-3.32847813533e-06	0.0 	0.0 	111.898942537 	4.06670001789 	0.0 	0.0 	0.0 	-0.0 	4.11575001789 	-5.88599999984 	0.0 	0.0 	8.79012992353	2.97829566296	122.912608704	-47.4423012662	
4.46666666667	-2.71792266079e-06	-3.38754033294e-06	0.0 	0.0 	111.96590337 	3.96860001789 	0.0 	0.0 	0.0 	-0.0 	4.01765001789 	-5.88599999984 	0.0 	0.0 	8.81803379153	2.97829566296	122.936501492	-47.5873133392	
4.48333333333	-2.71792266079e-06	-3.41238798383e-06	0.0 	0.0 	112.031229204 	3.8705000179 	0.0 	0.0 	0.0 	-0.0 	3.91955001789 	-5.88599999984 	0.0 	0.0 	8.84584464664	2.97829566296	122.960469634	-47.7327827603	
4.5	-2.71792266079e-06	-3.40994287192e-06	0.0 	0.0 	112.094920038 	3.7724000179 	0.0 	0.0 	0.0 	-0.0 	3.8214500179 	-5.88599999984 	0.0 	0.0 	8.87356279889	2.97829566296	122.98451288	-47.8787080048	
4.51666666667	-2.71792266079e-06	-3.3864222786e-06	0.0 	0.0 	112.156975871 	3.6743000179 	0.0 	0.0 	0.0 	-0.0 	3.7233500179 	-5.88599999984 	0.0 	0.0 	8.9011885573	2.97829566296	123.008630979	-48.0250875533	
4.53333333333	-2.71792266079e-06	-3.34730320572e-06	0.0 	0.0 	112.217396705 	3.5762000179 	0.0 	0.0 	0.0 	-0.0 	3.6252500179 	-5.88599999984 	0.0 	0.0 	8.92872222985	2.97829566296	123.032823681	-48.1719198916	
4.55	-8.74547269234e-06	-4.84187747779e-06	0.0 	0.0 	112.276182539 	3.47810001792 	0.0 	0.0 	0.0 	-0.0 	3.52715001791 	-5.88599999919 	0.0 	0.0 	8.95616412349	2.97829566296	123.057090738	-48.3192035102	
4.56666666667	-8.74547269234e-06	-6.1221598891e-06	0.0 	0.0 	112.333333372 	3.38000001793 	0.0 	0.0 	0.0 	-0.0 	3.42905001792 	-5.88599999919 	0.0 	0.0 	8.98351454416	2.97829566296	123.081431902	-48.466936905	
4.58333333333	-8.74547269234e-06	-7.19635728296e-06	0.0 	0.0 	112.388849206 	3.28190001794 	0.0 	0.0 	0.0 	-0.0 	3.33095001794 	-5.88599999919 	0.0 	0.0 	9.01077379675	2.97829566296	123.105846926	-48.6151185767	
4.6	-8.74547269234e-06	-8.07727011975e-06	0.0 	0.0 	112.442730039 	3.18380001796 	0.0 	0.0 	0.0 	-0.0 	3.23285001795 	-5.88599999919 	0.0 	0.0 	9.03794218517	2.97829566296	123.130335564	-48.7637470311	
4.61666666667	-8.74547269234e-06	-8.78085889866e-06	0.0 	0.0 	112.494975873 	3.08570001797 	0.0 	0.0 	0.0 	-0.0 	3.13475001796 	-5.88599999919 	0.0 	0.0 	9.0650200123	2.97829566296	123.15489757	-48.9128207787	
4.63333333333	-8.74547269234e-06	-9.32503438336e-06	0.0 	0.0 	112.545586707 	2.98760001798 	0.0 	0.0 	0.0 	-0.0 	3.03665001798 	-5.88599999919 	0.0 	0.0 	9.09200758	2.97829566296	123.1795327	-49.0623383355	
4.65	-8.60419133108e-06	-9.69245573234e-06	0.0 	0.0 	112.59456254 	2.88950001799 	0.0 	0.0 	0.0 	-0.0 	2.93855001799 	-5.88599999962 	0.0 	0.0 	9.11890518914	2.97829566296	123.204240711	-49.2122982218	
4.66666666667	-8.60419133108e-06	-9.94319901526e-06	0.0 	0.0 	112.641903374 	2.791400018 	0.0 	0.0 	0.0 	-0.0 	2.84045001799 	-5.88599999962 	0.0 	0.0 	9.14571313958	2.97829566296	123.229021358	-49.3626989635	
4.68333333333	-8.60419133108e-06	-1.00956810694e-05	0.0 	0.0 	112.687609208 	2.693300018 	0.0 	0.0 	0.0 	-0.0 	2.742350018 	-5.88599999962 	0.0 	0.0 	9.17243173019	2.97829566296	123.2538744	-49.5135390909	
4.7	-8.60419133108e-06	-1.0167245607e-05	0.0 	0.0 	112.731680041 	2.59520001801 	0.0 	0.0 	0.0 	-0.0 	2.64425001801 	-5.88599999962 	0.0 	0.0 	9.19906125884	2.97829566296	123.278799596	-49.6648171394	
4.71666666667	-8.60419133108e-06	-1.01738626776e-05	0.0 	0.0 	112.774115875 	2.49710001802 	0.0 	0.0 	0.0 	-0.0 	2.54615001801 	-5.88599999962 	0.0 	0.0 	9.22560202238	2.97829566296	123.303796705	-49.8165316492	
4.73333333333	-8.60419133108e-06	-1.01299386777e-05	0.0 	0.0 	112.814916709 	2.39900001802 	0.0 	0.0 	0.0 	-0.0 	2.44805001802 	-5.88599999962 	0.0 	0.0 	9.25205431672	2.97829566296	123.328865488	-49.9686811656	
4.75	-8.60419133108e-06	-1.00482179731e-05	0.0 	0.0 	112.854082542 	2.30090001803 	0.0 	0.0 	0.0 	-0.0 	2.34995001803 	-5.88599999962 	0.0 	0.0 	9.27841843673	2.97829566296	123.354005705	-50.1212642384	
4.76666666667	-1.02539523437e-05	-1.03625098541e-05	0.0 	0.0 	112.891613376 	2.20280001803 	0.0 	0.0 	0.0 	-0.0 	2.25185001803 	-5.88599999981 	0.0 	0.0 	9.30469467635	2.97829566296	123.379217118	-50.2742794226	
4.78333333333	-1.02539523437e-05	-1.06026936396e-05	0.0 	0.0 	112.927509209 	2.10470001803 	0.0 	0.0 	0.0 	-0.0 	2.15375001803 	-5.88599999981 	0.0 	0.0 	9.33088332851	2.97829566296	123.404499491	-50.4277252776	
4.8	-1.02539523437e-05	-1.07779379079e-05	0.0 	0.0 	112.961770043 	2.00660001804 	0.0 	0.0 	0.0 	-0.0 	2.05565001804 	-5.88599999981 	0.0 	0.0 	9.35698468516	2.97829566296	123.429852586	-50.581600368	
4.81666666667	-1.02539523437e-05	-1.08973776669e-05	0.0 	0.0 	112.994395877 	1.90850001804 	0.0 	0.0 	0.0 	-0.0 	1.95755001804 	-5.88599999981 	0.0 	0.0 	9.38299903728	2.97829566296	123.455276168	-50.735903263	
4.83333333333	-1.02539523437e-05	-1.09698364389e-05	0.0 	0.0 	113.02538671 	1.81040001804 	0.0 	0.0 	0.0 	-0.0 	1.85945001804 	-5.88599999981 	0.0 	0.0 	9.4089266749	2.97829566296	123.480770002	-50.8906325365	
4.85	-1.02539523437e-05	-1.10036206091e-05	0.0 	0.0 	113.054742544 	1.71230001805 	0.0 	0.0 	0.0 	-0.0 	1.76135001805 	-5.88599999981 	0.0 	0.0 	9.43476788706	2.97829566296	123.506333854	-51.0457867674	
4.86666666667	-1.02539523437e-05	-1.10063762078e-05	0.0 	0.0 	113.082463378 	1.61420001805 	0.0 	0.0 	0.0 	-0.0 	1.66325001805 	-5.88599999981 	0.0 	0.0 	9.46052296184	2.97829566296	123.53196749	-51.201364539	
4.88333333333	-1.44628334872e-05	-1.2063524344e-05	0.0 	0.0 	113.108549211 	1.51610001805 	0.0 	0.0 	0.0 	-0.0 	1.56515001805 	-5.88599999991 	0.0 	0.0 	9.48619218638	2.97829566296	123.557670678	-51.3573644395	
4.9	-1.44628334872e-05	-1.29577925603e-05	0.0 	0.0 	113.133000045 	1.41800001805 	0.0 	0.0 	0.0 	-0.0 	1.46705001805 	-5.88599999991 	0.0 	0.0 	9.51177584683	2.97829566296	123.583443185	-51.5137850619	
4.91666666667	-1.44628334872e-05	-1.36978829569e-05	-3.24259132699e-08 	-2.90121585992e-06 	113.155815879 	1.31990001806 	-1.29703653079e-08 	-1.1674613754e-06 	-1.94555479619e-06 	-0.000174072951595 	1.36895001805 	-5.88599999991 	-7.78221918477e-07 	-7.00476825237e-05 	9.53727422842	2.97829566296	123.609284782	-51.6706250038	
4.93333333333	-1.44628334872e-05	-1.42953577183e-05	-8.10489318646e-08 	-2.87648805476e-06 	113.176996712 	1.22180001806 	-3.24280548979e-08 	-1.1674613754e-06 	-2.91738111568e-06 	1.48366831e-06 	1.27085001806 	-5.88599999991 	-1.1674613754e-06 	-0.0 	9.5626876154	2.97829566296	123.635195237	-51.8278828674	
4.95	-1.44628334872e-05	-1.47636342762e-05	-1.2961893059e-07 	-2.85366904894e-06 	113.196542546 	1.12370001806 	-5.18857444878e-08 	-1.1674613754e-06 	-2.9141999235e-06 	1.36914034908e-06 	1.17275001806 	-5.88599999991 	-1.1674613754e-06 	-0.0 	9.58801629109	2.97829566296	123.661174321	-51.9855572597	
4.96666666667	-1.44628334872e-05	-1.51171485839e-05	-1.78104096122e-07 	-2.83275884247e-06 	113.214453379 	1.02560001806 	-7.13434340777e-08 	-1.1674613754e-06 	-2.90910993196e-06 	1.25461238815e-06 	1.07465001806 	-5.88599999991 	-1.1674613754e-06 	-0.0 	9.61326053786	2.97829566296	123.687221805	-52.1436467922	
4.98333333333	-8.28739736755e-06	-1.37882193199e-05	-2.2647261514e-07 	-2.81375743535e-06 	113.230729213 	0.92750001806 	-9.08011236676e-08 	-1.1674613754e-06 	-2.90211114108e-06 	1.14008442723e-06 	0.97655001806 	-5.88599999999 	-1.1674613754e-06 	-0.0 	9.63842063714	2.97829566296	123.713337461	-52.3021500811	
5.0	-8.28739736755e-06	-1.37882193199e-05	-2.2647261514e-07 	0.0 	113.230729213 	0.0 	-9.08011236676e-08 	0.0 	0.0 	0.0 	0.0 	0.0 	0.0 	0.0 	0.0	2.97829566296	123.713337461	-52.3021500811	
5.01666666667	-8.28739736755e-06	-1.37882193199e-05	-2.2647261514e-07 	0.0 	113.230729213 	0.0 	-9.08011236676e-08 	0.0 	0.0 	0.0 	0.0 	0.0 	0.0 	0.0 	0.0	2.97829566296	123.713337461	-52.3021500811	
5.03333333333	-8.28739736755e-06	-1.37882193199e-05	-2.2647261514e-07 	0.0 	113.230729213 	0.0 	-9.08011236676e-08 	0.0 	0.0 	0.0 	0.0 	0.0 	0.0 	0.0 	0.0	2.97829566296	123.713337461	-52.3021500811	
5.05	-8.28739736755e-06	-1.37882193199e-05	-2.2647261514e-07 	0.0 	113.230729213 	0.0 	-9.08011236676e-08 	0.0 	0.0 	0.0 	0.0 	0.0 	0.0 	0.0 	0.0	2.97829566296	123.713337461	-52.3021500811	
5.06666666667	-8.28739736755e-06	-1.37882193199e-05	-2.2647261514e-07 	0.0 	113.230729213 	0.0 	-9.08011236676e-08 	0.0 	0.0 	0.0 	0.0 	0.0 	0.0 	0.0 	0.0	2.97829566296	123.713337461	-52.3021500811	
5.08333333333	-8.28739736755e-06	-1.37882193199e-05	-2.2647261514e-07 	0.0 	113.230729213 	0.0 	-9.08011236676e-08 	0.0 	0.0 	0.0 	0.0 	0.0 	0.0 	0.0 	0.0	2.97829566296	123.713337461	-52.3021500811	
5.1	-8.28739736755e-06	-1.37882193199e-05	-2.2647261514e-07 	0.0 	113.230729213 	0.0 	-9.08011236676e-08 	0.0 	0.0 	0.0 	0.0 	0.0 	0.0 	0.0 	0.0	2.97829566296	123.713337461	-52.3021500811	
5.11666666667	-8.28739736755e-06	-1.37882193199e-05	-2.2647261514e-07 	0.0 	113.230729213 	0.0 	-9.08011236676e-08 	0.0 	0.0 	0.0 	0.0 	0.0 	0.0 	0.0 	0.0	2.97829566296	123.713337461	-52.3021500811	
5.13333333333	-8.28739736755e-06	-1.37882193199e-05	-2.2647261514e-07 	0.0 	113.230729213 	0.0 	-9.08011236676e-08 	0.0 	0.0 	0.0 	0.0 	0.0 	0.0 	0.0 	0.0	2.97829566296	123.713337461	-52.3021500811	
5.15	-8.28739736755e-06	-1.37882193199e-05	-2.2647261514e-07 	0.0 	113.230729213 	0.0 	-9.08011236676e-08 	0.0 	0.0 	0.0 	0.0 	0.0 	0.0 	0.0 	0.0	2.97829566296	123.713337461	-52.3021500811	
5.16666666667	-8.28739736755e-06	-1.37882193199e-05	-2.2647261514e-07 	0.0 	113.230729213 	0.0 	-9.08011236676e-08 	0.0 	0.0 	0.0 	0.0 	0.0 	0.0 	0.0 	0.0	2.97829566296	123.713337461	-52.3021500811	
5.18333333333	-8.28739736755e-06	-1.37882193199e-05	-2.2647261514e-07 	0.0 	113.230729213 	0.0 	-9.08011236676e-08 	0.0 	0.0 	0.0 	0.0 	0.0 	0.0 	0.0 	0.0	2.97829566296	123.713337461	-52.3021500811	
5.2	-8.28739736755e-06	-1.37882193199e-05	-2.2647261514e-07 	0.0 	113.230729213 	0.0 	-9.08011236676e-08 	0.0 	0.0 	0.0 	0.0 	0.0 	0.0 	0.0 	0.0	2.97829566296	123.713337461	-52.3021500811	
5.21666666667	-8.28739736755e-06	-1.37882193199e-05	-2.2647261514e-07 	0.0 	113.230729213 	0.0 	-9.08011236676e-08 	0.0 	0.0 	0.0 	0.0 	0.0 	0.0 	0.0 	0.0	2.97829566296	123.713337461	-52.3021500811	
5.23333333333	-8.28739736755e-06	-1.37882193199e-05	-2.2647261514e-07 	0.0 	113.230729213 	0.0 	-9.08011236676e-08 	0.0 	0.0 	0.0 	0.0 	0.0 	0.0 	0.0 	0.0	2.97829566296	123.713337461	-52.3021500811	
5.25	-8.28739736755e-06	-1.37882193199e-05	-2.2647261514e-07 	0.0 	113.230729213 	0.0 	-9.08011236676e-08 	0.0 	0.0 	0.0 	0.0 	0.0 	0.0 	0.0 	0.0	2.97829566296	123.713337461	-52.3021500811	
5.26666666667	-8.28739736755e-06	-1.37882193199e-05	-2.2647261514e-07 	0.0 	113.230729213 	0.0 	-9.08011236676e-08 	0.0 	0.0 	0.0 	0.0 	0.0 	0.0 	0.0 	0.0	2.97829566296	123.713337461	-52.3021500811	
5.28333333333	-8.28739736755e-06	-1.37882193199e-05	-2.2647261514e-07 	0.0 	113.230729213 	0.0 	-9.08011236676e-08 	0.0 	0.0 	0.0 	0.0 	0.0 	0.0 	0.0 	0.0	2.97829566296	123.713337461	-52.3021500811	
5.3	-8.28739736755e-06	-1.37882193199e-05	-2.2647261514e-07 	0.0 	113.230729213 	0.0 	-9.08011236676e-08 	0.0 	0.0 	0.0 	0.0 	0.0 	0.0 	0.0 	0.0	2.97829566296	123.713337461	-52.3021500811	
5.31666666667	-8.28739736755e-06	-1.37882193199e-05	-2.2647261514e-07 	0.0 	113.230729213 	0.0 	-9.08011236676e-08 	0.0 	0.0 	0.0 	0.0 	0.0 	0.0 	0.0 	0.0	2.97829566296	123.713337461	-52.3021500811	
5.33333333333	-8.28739736755e-06	-1.37882193199e-05	-2.2647261514e-07 	0.0 	113.230729213 	0.0 	-9.08011236676e-08 	0.0 	0.0 	0.0 	0.0 	0.0 	0.0 	0.0 	0.0	2.97829566296	123.713337461	-52.3021500811	
5.35	-8.28739736755e-06	-1.37882193199e-05	-2.2647261514e-07 	0.0 	113.230729213 	0.0 	-9.08011236676e-08 	0.0 	0.0 	0.0 	0.0 	0.0 	0.0 	0.0 	0.0	2.97829566296	123.713337461	-52.3021500811	
5.36666666667	-8.28739736755e-06	-1.37882193199e-05	-2.2647261514e-07 	0.0 	113.230729213 	0.0 	-9.08011236676e-08 	0.0 	0.0 	0.0 	0.0 	0.0 	0.0 	0.0 	0.0	2.97829566296	123.713337461	-52.3021500811	
5.38333333333	-8.28739736755e-06	-1.37882193199e-05	-2.2647261514e-07 	0.0 	113.230729213 	0.0 	-9.08011236676e-08 	0.0 	0.0 	0.0 	0.0 	0.0 	0.0 	0.0 	0.0	2.97829566296	123.713337461	-52.3021500811	
5.4	-8.28739736755e-06	-1.37882193199e-05	-2.2647261514e-07 	0.0 	113.230729213 	0.0 	-9.08011236676e-08 	0.0 	0.0 	0.0 	0.0 	0.0 	0.0 	0.0 	0.0	2.97829566296	123.713337461	-52.3021500811	
5.41666666667	-8.28739736755e-06	-1.37882193199e-05	-2.2647261514e-07 	0.0 	113.230729213 	0.0 	-9.08011236676e-08 	0.0 	0.0 	0.0 	0.0 	0.0 	0.0 	0.0 	0.0	2.97829566296	123.713337461	-52.3021500811	
5.43333333333	-8.28739736755e-06	-1.37882193199e-05	-2.2647261514e-07 	0.0 	113.230729213 	0.0 	-9.08011236676e-08 	0.0 	0.0 	0.0 	0.0 	0.0 	0.0 	0.0 	0.0	2.97829566296	123.713337461	-52.3021500811	
5.45	-8.28739736755e-06	-1.37882193199e-05	-2.2647261514e-07 	0.0 	113.230729213 	0.0 	-9.08011236676e-08 	0.0 	0.0 	0.0 	0.0 	0.0 	0.0 	0.0 	0.0	2.97829566296	123.713337461	-52.3021500811	
5.46666666667	-8.28739736755e-06	-1.37882193199e-05	-2.2647261514e-07 	0.0 	113.230729213 	0.0 	-9.08011236676e-08 	0.0 	0.0 	0.0 	0.0 	0.0 	0.0 	0.0 	0.0	2.97829566296	123.713337461	-52.3021500811	
5.48333333333	-8.28739736755e-06	-1.37882193199e-05	-2.2647261514e-07 	0.0 	113.230729213 	0.0 	-9.08011236676e-08 	0.0 	0.0 	0.0 	0.0 	0.0 	0.0 	0.0 	0.0	2.97829566296	123.713337461	-52.3021500811	
5.5	-8.28739736755e-06	-1.37882193199e-05	-2.2647261514e-07 	0.0 	113.230729213 	0.0 	-9.08011236676e-08 	0.0 	0.0 	0.0 	0.0 	0.0 	0.0 	0.0 	0.0	2.97829566296	123.713337461	-52.3021500811	
5.51666666667	-8.28739736755e-06	-1.37882193199e-05	-2.2647261514e-07 	0.0 	113.230729213 	0.0 	-9.08011236676e-08 	0.0 	0.0 	0.0 	0.0 	0.0 	0.0 	0.0 	0.0	2.97829566296	123.713337461	-52.3021500811	
5.53333333333	-8.28739736755e-06	-1.37882193199e-05	-2.2647261514e-07 	0.0 	113.230729213 	0.0 	-9.08011236676e-08 	0.0 	0.0 	0.0 	0.0 	0.0 	0.0 	0.0 	0.0	2.97829566296	123.713337461	-52.3021500811	
5.55	-8.28739736755e-06	-1.37882193199e-05	-2.2647261514e-07 	0.0 	113.230729213 	0.0 	-9.08011236676e-08 	0.0 	0.0 	0.0 	0.0 	0.0 	0.0 	0.0 	0.0	2.97829566296	123.713337461	-52.3021500811	
5.56666666667	-8.28739736755e-06	-1.37882193199e-05	-2.2647261514e-07 	0.0 	113.230729213 	0.0 	-9.08011236676e-08 	0.0 	0.0 	0.0 	0.0 	0.0 	0.0 	0.0 	0.0	2.97829566296	123.713337461	-52.3021500811	
5.58333333333	-8.28739736755e-06	-1.37882193199e-05	-2.2647261514e-07 	0.0 	113.230729213 	0.0 	-9.08011236676e-08 	0.0 	0.0 	0.0 	0.0 	0.0 	0.0 	0.0 	0.0	2.97829566296	123.713337461	-52.3021500811	
5.6	-8.28739736755e-06	-1.37882193199e-05	-2.2647261514e-07 	0.0 	113.230729213 	0.0 	-9.08011236676e-08 	0.0 	0.0 	0.0 	0.0 	0.0 	0.0 	0.0 	0.0	2.97829566296	123.713337461	-52.3021500811	
5.61666666667	-8.28739736755e-06	-1.37882193199e-05	-2.2647261514e-07 	0.0 	113.230729213 	0.0 	-9.08011236676e-08 	0.0 	0.0 	0.0 	0.0 	0.0 	0.0 	0.0 	0.0	2.97829566296	123.713337461	-52.3021500811	
5.63333333333	-8.28739736755e-06	-1.37882193199e-05	-2.2647261514e-07 	0.0 	113.230729213 	0.0 	-9.08011236676e-08 	0.0 	0.0 	0.0 	0.0 	0.0 	0.0 	0.0 	0.0	2.97829566296	123.713337461	-52.3021500811	
5.65	-8.28739736755e-06	-1.37882193199e-05	-2.2647261514e-07 	0.0 	113.230729213 	0.0 	-9.08011236676e-08 	0.0 	0.0 	0.0 	0.0 	0.0 	0.0 	0.0 	0.0	2.97829566296	123.713337461	-52.3021500811	
5.66666666667	-8.28739736755e-06	-1.37882193199e-05	-2.2647261514e-07 	0.0 	113.230729213 	0.0 	-9.08011236676e-08 	0.0 	0.0 	0.0 	0.0 	0.0 	0.0 	0.0 	0.0	2.97829566296	123.713337461	-52.3021500811	
5.68333333333	-8.28739736755e-06	-1.37882193199e-05	-2.2647261514e-07 	0.0 	113.230729213 	0.0 	-9.08011236676e-08 	0.0 	0.0 	0.0 	0.0 	0.0 	0.0 	0.0 	0.0	2.97829566296	123.713337461	-52.3021500811	
5.7	-8.28739736755e-06	-1.37882193199e-05	-2.2647261514e-07 	0.0 	113.230729213 	0.0 	-9.08011236676e-08 	0.0 	0.0 	0.0 	0.0 	0.0 	0.0 	0.0 	0.0	2.97829566296	123.713337461	-52.3021500811	
5.71666666667	-8.28739736755e-06	-1.37882193199e-05	-2.2647261514e-07 	0.0 	113.230729213 	0.0 	-9.08011236676e-08 	0.0 	0.0 	0.0 	0.0 	0.0 	0.0 	0.0 	0.0	2.97829566296	123.713337461	-52.3021500811	
5.73333333333	-8.28739736755e-06	-1.37882193199e-05	-2.2647261514e-07 	0.0 	113.230729213 	0.0 	-9.08011236676e-08 	0.0 	0.0 	0.0 	0.0 	0.0 	0.0 	0.0 	0.0	2.97829566296	123.713337461	-52.3021500811	
5.75	-8.28739736755e-06	-1.37882193199e-05	-2.2647261514e-07 	0.0 	113.230729213 	0.0 	-9.08011236676e-08 	0.0 	0.0 	0.0 	0.0 	0.0 	0.0 	0.0 	0.0	2.97829566296	123.713337461	-52.3021500811	
5.76666666667	-8.28739736755e-06	-1.37882193199e-05	-2.2647261514e-07 	0.0 	113.230729213 	0.0 	-9.08011236676e-08 	0.0 	0.0 	0.0 	0.0 	0.0 	0.0 	0.0 	0.0	2.97829566296	123.713337461	-52.3021500811	
5.78333333333	-8.28739736755e-06	-1.37882193199e-05	-2.2647261514e-07 	0.0 	113.230729213 	0.0 	-9.08011236676e-08 	0.0 	0.0 	0.0 	0.0 	0.0 	0.0 	0.0 	0.0	2.97829566296	123.713337461	-52.3021500811	
5.8	-8.28739736755e-06	-1.37882193199e-05	-2.2647261514e-07 	0.0 	113.230729213 	0.0 	-9.08011236676e-08 	0.0 	0.0 	0.0 	0.0 	0.0 	0.0 	0.0 	0.0	2.97829566296	123.713337461	-52.3021500811	
5.81666666667	-8.28739736755e-06	-1.37882193199e-05	-2.2647261514e-07 	0.0 	113.230729213 	0.0 	-9.08011236676e-08 	0.0 	0.0 	0.0 	0.0 	0.0 	0.0 	0.0 	0.0	2.97829566296	123.713337461	-52.3021500811	
5.83333333333	-8.28739736755e-06	-1.37882193199e-05	-2.2647261514e-07 	0.0 	113.230729213 	0.0 	-9.08011236676e-08 	0.0 	0.0 	0.0 	0.0 	0.0 	0.0 	0.0 	0.0	2.97829566296	123.713337461	-52.3021500811	
5.85	-8.28739736755e-06	-1.37882193199e-05	-2.2647261514e-07 	0.0 	113.230729213 	0.0 	-9.08011236676e-08 	0.0 	0.0 	0.0 	0.0 	0.0 	0.0 	0.0 	0.0	2.97829566296	123.713337461	-52.3021500811	
5.86666666667	-8.28739736755e-06	-1.37882193199e-05	-2.2647261514e-07 	0.0 	113.230729213 	0.0 	-9.08011236676e-08 	0.0 	0.0 	0.0 	0.0 	0.0 	0.0 	0.0 	0.0	2.97829566296	123.713337461	-52.3021500811	
5.88333333333	-8.28739736755e-06	-1.37882193199e-05	-2.2647261514e-07 	0.0 	113.230729213 	0.0 	-9.08011236676e-08 	0.0 	0.0 	0.0 	0.0 	0.0 	0.0 	0.0 	0.0	2.97829566296	123.713337461	-52.3021500811	
5.9	-8.28739736755e-06	-1.37882193199e-05	-2.2647261514e-07 	0.0 	113.230729213 	0.0 	-9.08011236676e-08 	0.0 	0.0 	0.0 	0.0 	0.0 	0.0 	0.0 	0.0	2.97829566296	123.713337461	-52.3021500811	
5.91666666667	-8.28739736755e-06	-1.37882193199e-05	-2.2647261514e-07 	0.0 	113.230729213 	0.0 	-9.08011236676e-08 	0.0 	0.0 	0.0 	0.0 	0.0 	0.0 	0.0 	0.0	2.97829566296	123.713337461	-52.3021500811	
5.93333333333	-8.28739736755e-06	-1.37882193199e-05	-2.2647261514e-07 	0.0 	113.230729213 	0.0 	-9.08011236676e-08 	0.0 	0.0 	0.0 	0.0 	0.0 	0.0 	0.0 	0.0	2.97829566296	123.713337461	-52.3021500811	
5.95	-8.28739736755e-06	-1.37882193199e-05	-2.2647261514e-07 	0.0 	113.230729213 	0.0 	-9.08011236676e-08 	0.0 	0.0 	0.0 	0.0 	0.0 	0.0 	0.0 	0.0	2.97829566296	123.713337461	-52.3021500811	
5.96666666667	-8.28739736755e-06	-1.37882193199e-05	-2.2647261514e-07 	0.0 	113.230729213 	0.0 	-9.08011236676e-08 	0.0 	0.0 	0.0 	0.0 	0.0 	0.0 	0.0 	0.0	2.97829566296	123.713337461	-52.3021500811	
5.98333333333	-8.28739736755e-06	-1.37882193199e-05	-2.2647261514e-07 	0.0 	113.230729213 	0.0 	-9.08011236676e-08 	0.0 	0.0 	0.0 	0.0 	0.0 	0.0 	0.0 	0.0	2.97829566296	123.713337461	-52.3021500811	
6.0	-8.28739736755e-06	-1.37882193199e-05	-2.2647261514e-07 	0.0 	113.230729213 	0.0 	-9.08011236676e-08 	0.0 	0.0 	0.0 	0.0 	0.0 	0.0 	0.0 	0.0	2.97829566296	123.713337461	-52.3021500811	
6.01666666667	-8.28739736755e-06	-1.37882193199e-05	-2.2647261514e-07 	0.0 	113.230729213 	0.0 	-9.08011236676e-08 	0.0 	0.0 	0.0 	0.0 	0.0 	0.0 	0.0 	0.0	2.97829566296	123.713337461	-52.3021500811	
6.03333333333	-8.28739736755e-06	-1.37882193199e-05	-2.2647261514e-07 	0.0 	113.230729213 	0.0 	-9.08011236676e-08 	0.0 	0.0 	0.0 	0.0 	0.0 	0.0 	0.0 	0.0	2.97829566296	123.713337461	-52.3021500811	
6.05	-8.28739736755e-06	-1.37882193199e-05	-2.2647261514e-07 	0.0 	113.230729213 	0.0 	-9.08011236676e-08 	0.0 	0.0 	0.0 	0.0 	0.0 	0.0 	0.0 	0.0	2.97829566296	123.713337461	-52.3021500811	
6.06666666667	-8.28739736755e-06	-1.37882193199e-05	-2.2647261514e-07 	0.0 	113.230729213 	0.0 	-9.08011236676e-08 	0.0 	0.0 	0.0 	0.0 	0.0 	0.0 	0.0 	0.0	2.97829566296	123.713337461	-52.3021500811	
6.08333333333	-8.28739736755e-06	-1.37882193199e-05	-2.2647261514e-07 	0.0 	113.230729213 	0.0 	-9.08011236676e-08 	0.0 	0.0 	0.0 	0.0 	0.0 	0.0 	0.0 	0.0	2.97829566296	123.713337461	-52.3021500811	
6.1	-8.28739736755e-06	-1.37882193199e-05	-2.2647261514e-07 	0.0 	113.230729213 	0.0 	-9.08011236676e-08 	0.0 	0.0 	0.0 	0.0 	0.0 	0.0 	0.0 	0.0	2.97829566296	123.713337461	-52.3021500811	
6.11666666667	-8.28739736755e-06	-1.37882193199e-05	-2.2647261514e-07 	0.0 	113.230729213 	0.0 	-9.08011236676e-08 	0.0 	0.0 	0.0 	0.0 	0.0 	0.0 	0.0 	0.0	2.97829566296	123.713337461	-52.3021500811	
6.13333333333	-8.28739736755e-06	-1.37882193199e-05	-2.2647261514e-07 	0.0 	113.230729213 	0.0 	-9.08011236676e-08 	0.0 	0.0 	0.0 	0.0 	0.0 	0.0 	0.0 	0.0	2.97829566296	123.713337461	-52.3021500811	
6.15	-8.28739736755e-06	-1.37882193199e-05	-2.2647261514e-07 	0.0 	113.230729213 	0.0 	-9.08011236676e-08 	0.0 	0.0 	0.0 	0.0 	0.0 	0.0 	0.0 	0.0	2.97829566296	123.713337461	-52.3021500811	
6.16666666667	-8.28739736755e-06	-1.37882193199e-05	-2.2647261514e-07 	0.0 	113.230729213 	0.0 	-9.08011236676e-08 	0.0 	0.0 	0.0 	0.0 	0.0 	0.0 	0.0 	0.0	2.97829566296	123.713337461	-52.3021500811	
6.18333333333	-8.28739736755e-06	-1.37882193199e-05	-2.2647261514e-07 	0.0 	113.230729213 	0.0 	-9.08011236676e-08 	0.0 	0.0 	0.0 	0.0 	0.0 	0.0 	0.0 	0.0	2.97829566296	123.713337461	-52.3021500811	
6.2	-8.28739736755e-06	-1.37882193199e-05	-2.2647261514e-07 	0.0 	113.230729213 	0.0 	-9.08011236676e-08 	0.0 	0.0 	0.0 	0.0 	0.0 	0.0 	0.0 	0.0	2.97829566296	123.713337461	-52.3021500811	
6.21666666667	-8.28739736755e-06	-1.37882193199e-05	-2.2647261514e-07 	0.0 	113.230729213 	0.0 	-9.08011236676e-08 	0.0 	0.0 	0.0 	0.0 	0.0 	0.0 	0.0 	0.0	2.97829566296	123.713337461	-52.3021500811	
6.23333333333	-8.28739736755e-06	-1.37882193199e-05	-2.2647261514e-07 	0.0 	113.230729213 	0.0 	-9.08011236676e-08 	0.0 	0.0 	0.0 	0.0 	0.0 	0.0 	0.0 	0.0	2.97829566296	123.713337461	-52.3021500811	
6.25	-8.28739736755e-06	-1.37882193199e-05	-2.2647261514e-07 	0.0 	113.230729213 	0.0 	-9.08011236676e-08 	0.0 	0.0 	0.0 	0.0 	0.0 	0.0 	0.0 	0.0	2.97829566296	123.713337461	-52.3021500811	
6.26666666667	-8.28739736755e-06	-1.37882193199e-05	-2.2647261514e-07 	0.0 	113.230729213 	0.0 	-9.08011236676e-08 	0.0 	0.0 	0.0 	0.0 	0.0 	0.0 	0.0 	0.0	2.97829566296	123.713337461	-52.3021500811	
6.28333333333	-8.28739736755e-06	-1.37882193199e-05	-2.2647261514e-07 	0.0 	113.230729213 	0.0 	-9.08011236676e-08 	0.0 	0.0 	0.0 	0.0 	0.0 	0.0 	0.0 	0.0	2.97829566296	123.713337461	-52.3021500811	
6.3	-8.28739736755e-06	-1.37882193199e-05	-2.2647261514e-07 	0.0 	113.230729213 	0.0 	-9.08011236676e-08 	0.0 	0.0 	0.0 	0.0 	0.0 	0.0 	0.0 	0.0	2.97829566296	123.713337461	-52.3021500811	
6.31666666667	-8.28739736755e-06	-1.37882193199e-05	-2.2647261514e-07 	0.0 	113.230729213 	0.0 	-9.08011236676e-08 	0.0 	0.0 	0.0 	0.0 	0.0 	0.0 	0.0 	0.0	2.97829566296	123.713337461	-52.3021500811	
6.33333333333	-8.28739736755e-06	-1.37882193199e-05	-2.2647261514e-07 	0.0 	113.230729213 	0.0 	-9.08011236676e-08 	0.0 	0.0 	0.0 	0.0 	0.0 	0.0 	0.0 	0.0	2.97829566296	123.713337461	-52.3021500811	
6.35	-8.28739736755e-06	-1.37882193199e-05	-2.2647261514e-07 	0.0 	113.230729213 	0.0 	-9.08011236676e-08 	0.0 	0.0 	0.0 	0.0 	0.0 	0.0 	0.0 	0.0	2.97829566296	123.713337461	-52.3021500811	
6.36666666667	-8.28739736755e-06	-1.37882193199e-05	-2.2647261514e-07 	0.0 	113.230729213 	0.0 	-9.08011236676e-08 	0.0 	0.0 	0.0 	0.0 	0.0 	0.0 	0.0 	0.0	2.97829566296	123.713337461	-52.3021500811	
6.38333333333	-8.28739736755e-06	-1.37882193199e-05	-2.2647261514e-07 	0.0 	113.230729213 	0.0 	-9.08011236676e-08 	0.0 	0.0 	0.0 	0.0 	0.0 	0.0 	0.0 	0.0	2.97829566296	123.713337461	-52.3021500811	
6.4	-8.28739736755e-06	-1.37882193199e-05	-2.2647261514e-07 	0.0 	113.230729213 	0.0 	-9.08011236676e-08 	0.0 	0.0 	0.0 	0.0 	0.0 	0.0 	0.0 	0.0	2.97829566296	123.713337461	-52.3021500811	
6.41666666667	-8.28739736755e-06	-1.37882193199e-05	-2.2647261514e-07 	0.0 	113.230729213 	0.0 	-9.08011236676e-08 	0.0 	0.0 	0.0 	0.0 	0.0 	0.0 	0.0 	0.0	2.97829566296	123.713337461	-52.3021500811	
6.43333333333	-8.28739736755e-06	-1.37882193199e-05	-2.2647261514e-07 	0.0 	113.230729213 	0.0 	-9.08011236676e-08 	0.0 	0.0 	0.0 	0.0 	0.0 	0.0 	0.0 	0.0	2.97829566296	123.713337461	-52.3021500811	
6.45	-8.28739736755e-06	-1.37882193199e-05	-2.2647261514e-07 	0.0 	113.230729213 	0.0 	-9.08011236676e-08 	0.0 	0.0 	0.0 	0.0 	0.0 	0.0 	0.0 	0.0	2.97829566296	123.713337461	-52.3021500811	
6.46666666667	-8.28739736755e-06	-1.37882193199e-05	-2.2647261514e-07 	0.0 	113.230729213 	0.0 	-9.08011236676e-08 	0.0 	0.0 	0.0 	0.0 	0.0 	0.0 	0.0 	0.0	2.97829566296	123.713337461	-52.3021500811	
6.48333333333	-8.28739736755e-06	-1.37882193199e-05	-2.2647261514e-07 	0.0 	113.230729213 	0.0 	-9.08011236676e-08 	0.0 	0.0 	0.0 	0.0 	0.0 	0.0 	0.0 	0.0	2.97829566296	123.713337461	-52.3021500811	
6.5	-8.28739736755e-06	-1.37882193199e-05	-2.2647261514e-07 	0.0 	113.230729213 	0.0 	-9.08011236676e-08 	0.0 	0.0 	0.0 	0.0 	0.0 	0.0 	0.0 	0.0	2.97829566296	123.713337461	-52.3021500811	
6.51666666667	-8.28739736755e-06	-1.37882193199e-05	-2.2647261514e-07 	0.0 	113.230729213 	0.0 	-9.08011236676e-08 	0.0 	0.0 	0.0 	0.0 	0.0 	0.0 	0.0 	0.0	2.97829566296	123.713337461	-52.3021500811	
6.53333333333	-8.28739736755e-06	-1.37882193199e-05	-2.2647261514e-07 	0.0 	113.230729213 	0.0 	-9.08011236676e-08 	0.0 	0.0 	0.0 	0.0 	0.0 	0.0 	0.0 	0.0	2.97829566296	123.713337461	-52.3021500811	
6.55	-8.28739736755e-06	-1.37882193199e-05	-2.2647261514e-07 	0.0 	113.230729213 	0.0 	-9.08011236676e-08 	0.0 	0.0 	0.0 	0.0 	0.0 	0.0 	0.0 	0.0	2.97829566296	123.713337461	-52.3021500811	
6.56666666667	-8.28739736755e-06	-1.37882193199e-05	-2.2647261514e-07 	0.0 	113.230729213 	0.0 	-9.08011236676e-08 	0.0 	0.0 	0.0 	0.0 	0.0 	0.0 	0.0 	0.0	2.97829566296	123.713337461	-52.3021500811	
6.58333333333	-8.28739736755e-06	-1.37882193199e-05	-2.2647261514e-07 	0.0 	113.230729213 	0.0 	-9.08011236676e-08 	0.0 	0.0 	0.0 	0.0 	0.0 	0.0 	0.0 	0.0	2.97829566296	123.713337461	-52.3021500811	
6.6	-8.28739736755e-06	-1.37882193199e-05	-2.2647261514e-07 	0.0 	113.230729213 	0.0 	-9.08011236676e-08 	0.0 	0.0 	0.0 	0.0 	0.0 	0.0 	0.0 	0.0	2.97829566296	123.713337461	-52.3021500811	
6.61666666667	-8.28739736755e-06	-1.37882193199e-05	-2.2647261514e-07 	0.0 	113.230729213 	0.0 	-9.08011236676e-08 	0.0 	0.0 	0.0 	0.0 	0.0 	0.0 	0.0 	0.0	2.97829566296	123.713337461	-52.3021500811	
6.63333333333	-8.28739736755e-06	-1.37882193199e-05	-2.2647261514e-07 	0.0 	113.230729213 	0.0 	-9.08011236676e-08 	0.0 	0.0 	0.0 	0.0 	0.0 	0.0 	0.0 	0.0	2.97829566296	123.713337461	-52.3021500811	
6.65	-8.28739736755e-06	-1.37882193199e-05	-2.2647261514e-07 	0.0 	113.230729213 	0.0 	-9.08011236676e-08 	0.0 	0.0 	0.0 	0.0 	0.0 	0.0 	0.0 	0.0	2.97829566296	123.713337461	-52.3021500811	
6.66666666667	-8.28739736755e-06	-1.37882193199e-05	-2.2647261514e-07 	0.0 	113.230729213 	0.0 	-9.08011236676e-08 	0.0 	0.0 	0.0 	0.0 	0.0 	0.0 	0.0 	0.0	2.97829566296	123.713337461	-52.3021500811	
6.68333333333	-8.28739736755e-06	-1.37882193199e-05	-2.2647261514e-07 	0.0 	113.230729213 	0.0 	-9.08011236676e-08 	0.0 	0.0 	0.0 	0.0 	0.0 	0.0 	0.0 	0.0	2.97829566296	123.713337461	-52.3021500811	
6.7	-8.28739736755e-06	-1.37882193199e-05	-2.2647261514e-07 	0.0 	113.230729213 	0.0 	-9.08011236676e-08 	0.0 	0.0 	0.0 	0.0 	0.0 	0.0 	0.0 	0.0	2.97829566296	123.713337461	-52.3021500811	
6.71666666667	-8.28739736755e-06	-1.37882193199e-05	-2.2647261514e-07 	0.0 	113.230729213 	0.0 	-9.08011236676e-08 	0.0 	0.0 	0.0 	0.0 	0.0 	0.0 	0.0 	0.0	2.97829566296	123.713337461	-52.3021500811	
6.73333333333	-8.28739736755e-06	-1.37882193199e-05	-2.2647261514e-07 	0.0 	113.230729213 	0.0 	-9.08011236676e-08 	0.0 	0.0 	0.0 	0.0 	0.0 	0.0 	0.0 	0.0	2.97829566296	123.713337461	-52.3021500811	
6.75	-8.28739736755e-06	-1.37882193199e-05	-2.2647261514e-07 	0.0 	113.230729213 	0.0 	-9.08011236676e-08 	0.0 	0.0 	0.0 	0.0 	0.0 	0.0 	0.0 	0.0	2.97829566296	123.713337461	-52.3021500811	
6.76666666667	-8.28739736755e-06	-1.37882193199e-05	-2.2647261514e-07 	0.0 	113.230729213 	0.0 	-9.08011236676e-08 	0.0 	0.0 	0.0 	0.0 	0.0 	0.0 	0.0 	0.0	2.97829566296	123.713337461	-52.3021500811	
6.78333333333	-8.28739736755e-06	-1.37882193199e-05	-2.2647261514e-07 	0.0 	113.230729213 	0.0 	-9.08011236676e-08 	0.0 	0.0 	0.0 	0.0 	0.0 	0.0 	0.0 	0.0	2.97829566296	123.713337461	-52.3021500811	
6.8	-8.28739736755e-06	-1.37882193199e-05	-2.2647261514e-07 	0.0 	113.230729213 	0.0 	-9.08011236676e-08 	0.0 	0.0 	0.0 	0.0 	0.0 	0.0 	0.0 	0.0	2.97829566296	123.713337461	-52.3021500811	
6.81666666667	-8.28739736755e-06	-1.37882193199e-05	-2.2647261514e-07 	0.0 	113.230729213 	0.0 	-9.08011236676e-08 	0.0 	0.0 	0.0 	0.0 	0.0 	0.0 	0.0 	0.0	2.97829566296	123.713337461	-52.3021500811	
6.83333333333	-8.28739736755e-06	-1.37882193199e-05	-2.2647261514e-07 	0.0 	113.230729213 	0.0 	-9.08011236676e-08 	0.0 	0.0 	0.0 	0.0 	0.0 	0.0 	0.0 	0.0	2.97829566296	123.713337461	-52.3021500811	
6.85	-8.28739736755e-06	-1.37882193199e-05	-2.2647261514e-07 	0.0 	113.230729213 	0.0 	-9.08011236676e-08 	0.0 	0.0 	0.0 	0.0 	0.0 	0.0 	0.0 	0.0	2.97829566296	123.713337461	-52.3021500811	
6.86666666667	-8.28739736755e-06	-1.37882193199e-05	-2.2647261514e-07 	0.0 	113.230729213 	0.0 	-9.08011236676e-08 	0.0 	0.0 	0.0 	0.0 	0.0 	0.0 	0.0 	0.0	2.97829566296	123.713337461	-52.3021500811	
6.88333333333	-8.28739736755e-06	-1.37882193199e-05	-2.2647261514e-07 	0.0 	113.230729213 	0.0 	-9.08011236676e-08 	0.0 	0.0 	0.0 	0.0 	0.0 	0.0 	0.0 	0.0	2.97829566296	123.713337461	-52.3021500811	
6.9	-8.28739736755e-06	-1.37882193199e-05	-2.2647261514e-07 	0.0 	113.230729213 	0.0 	-9.08011236676e-08 	0.0 	0.0 	0.0 	0.0 	0.0 	0.0 	0.0 	0.0	2.97829566296	123.713337461	-52.3021500811	
6.91666666667	-8.28739736755e-06	-1.37882193199e-05	-2.2647261514e-07 	0.0 	113.230729213 	0.0 	-9.08011236676e-08 	0.0 	0.0 	0.0 	0.0 	0.0 	0.0 	0.0 	0.0	2.97829566296	123.713337461	-52.3021500811	
6.93333333333	-8.28739736755e-06	-1.37882193199e-05	-2.2647261514e-07 	0.0 	113.230729213 	0.0 	-9.08011236676e-08 	0.0 	0.0 	0.0 	0.0 	0.0 	0.0 	0.0 	0.0	2.97829566296	123.713337461	-52.3021500811	
6.95	-8.28739736755e-06	-1.37882193199e-05	-2.2647261514e-07 	0.0 	113.230729213 	0.0 	-9.08011236676e-08 	0.0 	0.0 	0.0 	0.0 	0.0 	0.0 	0.0 	0.0	2.97829566296	123.713337461	-52.3021500811	
6.96666666667	-8.28739736755e-06	-1.37882193199e-05	-2.2647261514e-07 	0.0 	113.230729213 	0.0 	-9.08011236676e-08 	0.0 	0.0 	0.0 	0.0 	0.0 	0.0 	0.0 	0.0	2.97829566296	123.713337461	-52.3021500811	
6.98333333333	-8.28739736755e-06	-1.37882193199e-05	-2.2647261514e-07 	0.0 	113.230729213 	0.0 	-9.08011236676e-08 	0.0 	0.0 	0.0 	0.0 	0.0 	0.0 	0.0 	0.0	2.97829566296	123.713337461	-52.3021500811	
7.0	-8.28739736755e-06	-1.37882193199e-05	-2.2647261514e-07 	0.0 	113.230729213 	0.0 	-9.08011236676e-08 	0.0 	0.0 	0.0 	0.0 	0.0 	0.0 	0.0 	0.0	2.97829566296	123.713337461	-52.3021500811	
7.01666666667	-8.28739736755e-06	-1.37882193199e-05	-2.2647261514e-07 	0.0 	113.230729213 	0.0 	-9.08011236676e-08 	0.0 	0.0 	0.0 	0.0 	0.0 	0.0 	0.0 	0.0	2.97829566296	123.713337461	-52.3021500811	
7.03333333333	-8.28739736755e-06	-1.37882193199e-05	-2.2647261514e-07 	0.0 	113.230729213 	0.0 	-9.08011236676e-08 	0.0 	0.0 	0.0 	0.0 	0.0 	0.0 	0.0 	0.0	2.97829566296	123.713337461	-52.3021500811	
7.05	-8.28739736755e-06	-1.37882193199e-05	-2.2647261514e-07 	0.0 	113.230729213 	0.0 	-9.08011236676e-08 	0.0 	0.0 	0.0 	0.0 	0.0 	0.0 	0.0 	0.0	2.97829566296	123.713337461	-52.3021500811	
7.06666666667	-8.28739736755e-06	-1.37882193199e-05	-2.2647261514e-07 	0.0 	113.230729213 	0.0 	-9.08011236676e-08 	0.0 	0.0 	0.0 	0.0 	0.0 	0.0 	0.0 	0.0	2.97829566296	123.713337461	-52.3021500811	
7.08333333333	-8.28739736755e-06	-1.37882193199e-05	-2.2647261514e-07 	0.0 	113.230729213 	0.0 	-9.08011236676e-08 	0.0 	0.0 	0.0 	0.0 	0.0 	0.0 	0.0 	0.0	2.97829566296	123.713337461	-52.3021500811	
7.1	-8.28739736755e-06	-1.37882193199e-05	-2.2647261514e-07 	0.0 	113.230729213 	0.0 	-9.08011236676e-08 	0.0 	0.0 	0.0 	0.0 	0.0 	0.0 	0.0 	0.0	2.97829566296	123.713337461	-52.3021500811	
7.11666666667	-8.28739736755e-06	-1.37882193199e-05	-2.2647261514e-07 	0.0 	113.230729213 	0.0 	-9.08011236676e-08 	0.0 	0.0 	0.0 	0.0 	0.0 	0.0 	0.0 	0.0	2.97829566296	123.713337461	-52.3021500811	
7.13333333333	-8.28739736755e-06	-1.37882193199e-05	-2.2647261514e-07 	0.0 	113.230729213 	0.0 	-9.08011236676e-08 	0.0 	0.0 	0.0 	0.0 	0.0 	0.0 	0.0 	0.0	2.97829566296	123.713337461	-52.3021500811	
7.15	-8.28739736755e-06	-1.37882193199e-05	-2.2647261514e-07 	0.0 	113.230729213 	0.0 	-9.08011236676e-08 	0.0 	0.0 	0.0 	0.0 	0.0 	0.0 	0.0 	0.0	2.97829566296	123.713337461	-52.3021500811	
7.16666666667	-8.28739736755e-06	-1.37882193199e-05	-2.2647261514e-07 	0.0 	113.230729213 	0.0 	-9.08011236676e-08 	0.0 	0.0 	0.0 	0.0 	0.0 	0.0 	0.0 	0.0	2.97829566296	123.713337461	-52.3021500811	
7.18333333333	-8.28739736755e-06	-1.37882193199e-05	-2.2647261514e-07 	0.0 	113.230729213 	0.0 	-9.08011236676e-08 	0.0 	0.0 	0.0 	0.0 	0.0 	0.0 	0.0 	0.0	2.97829566296	123.713337461	-52.3021500811	
7.2	-8.28739736755e-06	-1.37882193199e-05	-2.2647261514e-07 	0.0 	113.230729213 	0.0 	-9.08011236676e-08 	0.0 	0.0 	0.0 	0.0 	0.0 	0.0 	0.0 	0.0	2.97829566296	123.713337461	-52.3021500811	
7.21666666667	-8.28739736755e-06	-1.37882193199e-05	-2.2647261514e-07 	0.0 	113.230729213 	0.0 	-9.08011236676e-08 	0.0 	0.0 	0.0 	0.0 	0.0 	0.0 	0.0 	0.0	2.97829566296	123.713337461	-52.3021500811	
7.23333333333	-8.28739736755e-06	-1.37882193199e-05	-2.2647261514e-07 	0.0 	113.230729213 	0.0 	-9.08011236676e-08 	0.0 	0.0 	0.0 	0.0 	0.0 	0.0 	0.0 	0.0	2.97829566296	123.713337461	-52.3021500811	
7.25	-8.28739736755e-06	-1.37882193199e-05	-2.2647261514e-07 	0.0 	113.230729213 	0.0 	-9.08011236676e-08 	0.0 	0.0 	0.0 	0.0 	0.0 	0.0 	0.0 	0.0	2.97829566296	123.713337461	-52.3021500811	
7.26666666667	-8.28739736755e-06	-1.37882193199e-05	-2.2647261514e-07 	0.0 	113.230729213 	0.0 	-9.08011236676e-08 	0.0 	0.0 	0.0 	0.0 	0.0 	0.0 	0.0 	0.0	2.97829566296	123.713337461	-52.3021500811	
7.28333333333	-8.28739736755e-06	-1.37882193199e-05	-2.2647261514e-07 	0.0 	113.230729213 	0.0 	-9.08011236676e-08 	0.0 	0.0 	0.0 	0.0 	0.0 	0.0 	0.0 	0.0	2.97829566296	123.713337461	-52.3021500811	
7.3	-8.28739736755e-06	-1.37882193199e-05	-2.2647261514e-07 	0.0 	113.230729213 	0.0 	-9.08011236676e-08 	0.0 	0.0 	0.0 	0.0 	0.0 	0.0 	0.0 	0.0	2.97829566296	123.713337461	-52.3021500811	
7.31666666667	-8.28739736755e-06	-1.37882193199e-05	-2.2647261514e-07 	0.0 	113.230729213 	0.0 	-9.08011236676e-08 	0.0 	0.0 	0.0 	0.0 	0.0 	0.0 	0.0 	0.0	2.97829566296	123.713337461	-52.3021500811	
7.33333333333	-8.28739736755e-06	-1.37882193199e-05	-2.2647261514e-07 	0.0 	113.230729213 	0.0 	-9.08011236676e-08 	0.0 	0.0 	0.0 	0.0 	0.0 	0.0 	0.0 	0.0	2.97829566296	123.713337461	-52.3021500811	
7.35	-8.28739736755e-06	-1.37882193199e-05	-2.2647261514e-07 	0.0 	113.230729213 	0.0 	-9.08011236676e-08 	0.0 	0.0 	0.0 	0.0 	0.0 	0.0 	0.0 	0.0	2.97829566296	123.713337461	-52.3021500811	
7.36666666667	-8.28739736755e-06	-1.37882193199e-05	-2.2647261514e-07 	0.0 	113.230729213 	0.0 	-9.08011236676e-08 	0.0 	0.0 	0.0 	0.0 	0.0 	0.0 	0.0 	0.0	2.97829566296	123.713337461	-52.3021500811	
7.38333333333	-8.28739736755e-06	-1.37882193199e-05	-2.2647261514e-07 	0.0 	113.230729213 	0.0 	-9.08011236676e-08 	0.0 	0.0 	0.0 	0.0 	0.0 	0.0 	0.0 	0.0	2.97829566296	123.713337461	-52.3021500811	
7.4	-8.28739736755e-06	-1.37882193199e-05	-2.2647261514e-07 	0.0 	113.230729213 	0.0 	-9.08011236676e-08 	0.0 	0.0 	0.0 	0.0 	0.0 	0.0 	0.0 	0.0	2.97829566296	123.713337461	-52.3021500811	
7.41666666667	-8.28739736755e-06	-1.37882193199e-05	-2.2647261514e-07 	0.0 	113.230729213 	0.0 	-9.08011236676e-08 	0.0 	0.0 	0.0 	0.0 	0.0 	0.0 	0.0 	0.0	2.97829566296	123.713337461	-52.3021500811	
7.43333333333	-8.28739736755e-06	-1.37882193199e-05	-2.2647261514e-07 	0.0 	113.230729213 	0.0 	-9.08011236676e-08 	0.0 	0.0 	0.0 	0.0 	0.0 	0.0 	0.0 	0.0	2.97829566296	123.713337461	-52.3021500811	
7.45	-8.28739736755e-06	-1.37882193199e-05	-2.2647261514e-07 	0.0 	113.230729213 	0.0 	-9.08011236676e-08 	0.0 	0.0 	0.0 	0.0 	0.0 	0.0 	0.0 	0.0	2.97829566296	123.713337461	-52.3021500811	
7.46666666667	-8.28739736755e-06	-1.37882193199e-05	-2.2647261514e-07 	0.0 	113.230729213 	0.0 	-9.08011236676e-08 	0.0 	0.0 	0.0 	0.0 	0.0 	0.0 	0.0 	0.0	2.97829566296	123.713337461	-52.3021500811	
7.48333333333	-8.28739736755e-06	-1.37882193199e-05	-2.2647261514e-07 	0.0 	113.230729213 	0.0 	-9.08011236676e-08 	0.0 	0.0 	0.0 	0.0 	0.0 	0.0 	0.0 	0.0	2.97829566296	123.713337461	-52.3021500811	
7.5	-8.28739736755e-06	-1.37882193199e-05	-2.2647261514e-07 	0.0 	113.230729213 	0.0 	-9.08011236676e-08 	0.0 	0.0 	0.0 	0.0 	0.0 	0.0 	0.0 	0.0	2.97829566296	123.713337461	-52.3021500811	
7.51666666667	-8.28739736755e-06	-1.37882193199e-05	-2.2647261514e-07 	0.0 	113.230729213 	0.0 	-9.08011236676e-08 	0.0 	0.0 	0.0 	0.0 	0.0 	0.0 	0.0 	0.0	2.97829566296	123.713337461	-52.3021500811	
7.53333333333	-8.28739736755e-06	-1.37882193199e-05	-2.2647261514e-07 	0.0 	113.230729213 	0.0 	-9.08011236676e-08 	0.0 	0.0 	0.0 	0.0 	0.0 	0.0 	0.0 	0.0	2.97829566296	123.713337461	-52.3021500811	
7.55	-8.28739736755e-06	-1.37882193199e-05	-2.2647261514e-07 	0.0 	113.230729213 	0.0 	-9.08011236676e-08 	0.0 	0.0 	0.0 	0.0 	0.0 	0.0 	0.0 	0.0	2.97829566296	123.713337461	-52.3021500811	
7.56666666667	-8.28739736755e-06	-1.37882193199e-05	-2.2647261514e-07 	0.0 	113.230729213 	0.0 	-9.08011236676e-08 	0.0 	0.0 	0.0 	0.0 	0.0 	0.0 	0.0 	0.0	2.97829566296	123.713337461	-52.3021500811	
7.58333333333	-8.28739736755e-06	-1.37882193199e-05	-2.2647261514e-07 	0.0 	113.230729213 	0.0 	-9.08011236676e-08 	0.0 	0.0 	0.0 	0.0 	0.0 	0.0 	0.0 	0.0	2.97829566296	123.713337461	-52.3021500811	
7.6	-8.28739736755e-06	-1.37882193199e-05	-2.2647261514e-07 	0.0 	113.230729213 	0.0 	-9.08011236676e-08 	0.0 	0.0 	0.0 	0.0 	0.0 	0.0 	0.0 	0.0	2.97829566296	123.713337461	-52.3021500811	
7.61666666667	-8.28739736755e-06	-1.37882193199e-05	-2.2647261514e-07 	0.0 	113.230729213 	0.0 	-9.08011236676e-08 	0.0 	0.0 	0.0 	0.0 	0.0 	0.0 	0.0 	0.0	2.97829566296	123.713337461	-52.3021500811	
7.63333333333	-8.28739736755e-06	-1.37882193199e-05	-2.2647261514e-07 	0.0 	113.230729213 	0.0 	-9.08011236676e-08 	0.0 	0.0 	0.0 	0.0 	0.0 	0.0 	0.0 	0.0	2.97829566296	123.713337461	-52.3021500811	
7.65	-8.28739736755e-06	-1.37882193199e-05	-2.2647261514e-07 	0.0 	113.230729213 	0.0 	-9.08011236676e-08 	0.0 	0.0 	0.0 	0.0 	0.0 	0.0 	0.0 	0.0	2.97829566296	123.713337461	-52.3021500811	
7.66666666667	-8.28739736755e-06	-1.37882193199e-05	-2.2647261514e-07 	0.0 	113.230729213 	0.0 	-9.08011236676e-08 	0.0 	0.0 	0.0 	0.0 	0.0 	0.0 	0.0 	0.0	2.97829566296	123.713337461	-52.3021500811	
7.68333333333	-8.28739736755e-06	-1.37882193199e-05	-2.2647261514e-07 	0.0 	113.230729213 	0.0 	-9.08011236676e-08 	0.0 	0.0 	0.0 	0.0 	0.0 	0.0 	0.0 	0.0	2.97829566296	123.713337461	-52.3021500811	
7.7	-8.28739736755e-06	-1.37882193199e-05	-2.2647261514e-07 	0.0 	113.230729213 	0.0 	-9.08011236676e-08 	0.0 	0.0 	0.0 	0.0 	0.0 	0.0 	0.0 	0.0	2.97829566296	123.713337461	-52.3021500811	
7.71666666667	-8.28739736755e-06	-1.37882193199e-05	-2.2647261514e-07 	0.0 	113.230729213 	0.0 	-9.08011236676e-08 	0.0 	0.0 	0.0 	0.0 	0.0 	0.0 	0.0 	0.0	2.97829566296	123.713337461	-52.3021500811	
7.73333333333	-8.28739736755e-06	-1.37882193199e-05	-2.2647261514e-07 	0.0 	113.230729213 	0.0 	-9.08011236676e-08 	0.0 	0.0 	0.0 	0.0 	0.0 	0.0 	0.0 	0.0	2.97829566296	123.713337461	-52.3021500811	
7.75	-8.28739736755e-06	-1.37882193199e-05	-2.2647261514e-07 	0.0 	113.230729213 	0.0 	-9.08011236676e-08 	0.0 	0.0 	0.0 	0.0 	0.0 	0.0 	0.0 	0.0	2.97829566296	123.713337461	-52.3021500811	
7.76666666667	-8.28739736755e-06	-1.37882193199e-05	-2.2647261514e-07 	0.0 	113.230729213 	0.0 	-9.08011236676e-08 	0.0 	0.0 	0.0 	0.0 	0.0 	0.0 	0.0 	0.0	2.97829566296	123.713337461	-52.3021500811	
7.78333333333	-8.28739736755e-06	-1.37882193199e-05	-2.2647261514e-07 	0.0 	113.230729213 	0.0 	-9.08011236676e-08 	0.0 	0.0 	0.0 	0.0 	0.0 	0.0 	0.0 	0.0	2.97829566296	123.713337461	-52.3021500811	
7.8	-8.28739736755e-06	-1.37882193199e-05	-2.2647261514e-07 	0.0 	113.230729213 	0.0 	-9.08011236676e-08 	0.0 	0.0 	0.0 	0.0 	0.0 	0.0 	0.0 	0.0	2.97829566296	123.713337461	-52.3021500811	
7.81666666667	-8.28739736755e-06	-1.37882193199e-05	-2.2647261514e-07 	0.0 	113.230729213 	0.0 	-9.08011236676e-08 	0.0 	0.0 	0.0 	0.0 	0.0 	0.0 	0.0 	0.0	2.97829566296	123.713337461	-52.3021500811	
7.83333333333	-8.28739736755e-06	-1.37882193199e-05	-2.2647261514e-07 	0.0 	113.230729213 	0.0 	-9.08011236676e-08 	0.0 	0.0 	0.0 	0.0 	0.0 	0.0 	0.0 	0.0	2.97829566296	123.713337461	-52.3021500811	
7.85	-8.28739736755e-06	-1.37882193199e-05	-2.2647261514e-07 	0.0 	113.230729213 	0.0 	-9.08011236676e-08 	0.0 	0.0 	0.0 	0.0 	0.0 	0.0 	0.0 	0.0	2.97829566296	123.713337461	-52.3021500811	
7.86666666667	-8.28739736755e-06	-1.37882193199e-05	-2.2647261514e-07 	0.0 	113.230729213 	0.0 	-9.08011236676e-08 	0.0 	0.0 	0.0 	0.0 	0.0 	0.0 	0.0 	0.0	2.97829566296	123.713337461	-52.3021500811	
7.88333333333	-8.28739736755e-06	-1.37882193199e-05	-2.2647261514e-07 	0.0 	113.230729213 	0.0 	-9.08011236676e-08 	0.0 	0.0 	0.0 	0.0 	0.0 	0.0 	0.0 	0.0	2.97829566296	123.713337461	-52.3021500811	
7.9	-8.28739736755e-06	-1.37882193199e-05	-2.2647261514e-07 	0.0 	113.230729213 	0.0 	-9.08011236676e-08 	0.0 	0.0 	0.0 	0.0 	0.0 	0.0 	0.0 	0.0	2.97829566296	123.713337461	-52.3021500811	
7.91666666667	-8.28739736755e-06	-1.37882193199e-05	-2.2647261514e-07 	0.0 	113.230729213 	0.0 	-9.08011236676e-08 	0.0 	0.0 	0.0 	0.0 	0.0 	0.0 	0.0 	0.0	2.97829566296	123.713337461	-52.3021500811	
7.93333333333	-8.28739736755e-06	-1.37882193199e-05	-2.2647261514e-07 	0.0 	113.230729213 	0.0 	-9.08011236676e-08 	0.0 	0.0 	0.0 	0.0 	0.0 	0.0 	0.0 	0.0	2.97829566296	123.713337461	-52.3021500811	
7.95	-8.28739736755e-06	-1.37882193199e-05	-2.2647261514e-07 	0.0 	113.230729213 	0.0 	-9.08011236676e-08 	0.0 	0.0 	0.0 	0.0 	0.0 	0.0 	0.0 	0.0	2.97829566296	123.713337461	-52.3021500811	
7.96666666667	-8.28739736755e-06	-1.37882193199e-05	-2.2647261514e-07 	0.0 	113.230729213 	0.0 	-9.08011236676e-08 	0.0 	0.0 	0.0 	0.0 	0.0 	0.0 	0.0 	0.0	2.97829566296	123.713337461	-52.3021500811	
7.98333333333	-8.28739736755e-06	-1.37882193199e-05	-2.2647261514e-07 	0.0 	113.230729213 	0.0 	-9.08011236676e-08 	0.0 	0.0 	0.0 	0.0 	0.0 	0.0 	0.0 	0.0	2.97829566296	123.713337461	-52.3021500811	
8.0	-8.28739736755e-06	-1.37882193199e-05	-2.2647261514e-07 	0.0 	113.230729213 	0.0 	-9.08011236676e-08 	0.0 	0.0 	0.0 	0.0 	0.0 	0.0 	0.0 	0.0	2.97829566296	123.713337461	-52.3021500811	
8.01666666667	-8.28739736755e-06	-1.37882193199e-05	-2.2647261514e-07 	0.0 	113.230729213 	0.0 	-9.08011236676e-08 	0.0 	0.0 	0.0 	0.0 	0.0 	0.0 	0.0 	0.0	2.97829566296	123.713337461	-52.3021500811	
8.03333333333	-8.28739736755e-06	-1.37882193199e-05	-2.2647261514e-07 	0.0 	113.230729213 	0.0 	-9.08011236676e-08 	0.0 	0.0 	0.0 	0.0 	0.0 	0.0 	0.0 	0.0	2.97829566296	123.713337461	-52.3021500811	
8.05	-8.28739736755e-06	-1.37882193199e-05	-2.2647261514e-07 	0.0 	113.230729213 	0.0 	-9.08011236676e-08 	0.0 	0.0 	0.0 	0.0 	0.0 	0.0 	0.0 	0.0	2.97829566296	123.713337461	-52.3021500811	
8.06666666667	-8.28739736755e-06	-1.37882193199e-05	-2.2647261514e-07 	0.0 	113.230729213 	0.0 	-9.08011236676e-08 	0.0 	0.0 	0.0 	0.0 	0.0 	0.0 	0.0 	0.0	2.97829566296	123.713337461	-52.3021500811	
8.08333333333	-8.28739736755e-06	-1.37882193199e-05	-2.2647261514e-07 	0.0 	113.230729213 	0.0 	-9.08011236676e-08 	0.0 	0.0 	0.0 	0.0 	0.0 	0.0 	0.0 	0.0	2.97829566296	123.713337461	-52.3021500811	
8.1	-8.28739736755e-06	-1.37882193199e-05	-2.2647261514e-07 	0.0 	113.230729213 	0.0 	-9.08011236676e-08 	0.0 	0.0 	0.0 	0.0 	0.0 	0.0 	0.0 	0.0	2.97829566296	123.713337461	-52.3021500811	
8.11666666667	-8.28739736755e-06	-1.37882193199e-05	-2.2647261514e-07 	0.0 	113.230729213 	0.0 	-9.08011236676e-08 	0.0 	0.0 	0.0 	0.0 	0.0 	0.0 	0.0 	0.0	2.97829566296	123.713337461	-52.3021500811	
8.13333333333	-8.28739736755e-06	-1.37882193199e-05	-2.2647261514e-07 	0.0 	113.230729213 	0.0 	-9.08011236676e-08 	0.0 	0.0 	0.0 	0.0 	0.0 	0.0 	0.0 	0.0	2.97829566296	123.713337461	-52.3021500811	
8.15	-8.28739736755e-06	-1.37882193199e-05	-2.2647261514e-07 	0.0 	113.230729213 	0.0 	-9.08011236676e-08 	0.0 	0.0 	0.0 	0.0 	0.0 	0.0 	0.0 	0.0	2.97829566296	123.713337461	-52.3021500811	
8.16666666667	-8.28739736755e-06	-1.37882193199e-05	-2.2647261514e-07 	0.0 	113.230729213 	0.0 	-9.08011236676e-08 	0.0 	0.0 	0.0 	0.0 	0.0 	0.0 	0.0 	0.0	2.97829566296	123.713337461	-52.3021500811	
8.18333333333	-8.28739736755e-06	-1.37882193199e-05	-2.2647261514e-07 	0.0 	113.230729213 	0.0 	-9.08011236676e-08 	0.0 	0.0 	0.0 	0.0 	0.0 	0.0 	0.0 	0.0	2.97829566296	123.713337461	-52.3021500811	
8.2	-8.28739736755e-06	-1.37882193199e-05	-2.2647261514e-07 	0.0 	113.230729213 	0.0 	-9.08011236676e-08 	0.0 	0.0 	0.0 	0.0 	0.0 	0.0 	0.0 	0.0	2.97829566296	123.713337461	-52.3021500811	
8.21666666667	-8.28739736755e-06	-1.37882193199e-05	-2.2647261514e-07 	0.0 	113.230729213 	0.0 	-9.08011236676e-08 	0.0 	0.0 	0.0 	0.0 	0.0 	0.0 	0.0 	0.0	2.97829566296	123.713337461	-52.3021500811	
8.23333333333	-8.28739736755e-06	-1.37882193199e-05	-2.2647261514e-07 	0.0 	113.230729213 	0.0 	-9.08011236676e-08 	0.0 	0.0 	0.0 	0.0 	0.0 	0.0 	0.0 	0.0	2.97829566296	123.713337461	-52.3021500811	
8.25	-8.28739736755e-06	-1.37882193199e-05	-2.2647261514e-07 	0.0 	113.230729213 	0.0 	-9.08011236676e-08 	0.0 	0.0 	0.0 	0.0 	0.0 	0.0 	0.0 	0.0	2.97829566296	123.713337461	-52.3021500811	
8.26666666667	-8.28739736755e-06	-1.37882193199e-05	-2.2647261514e-07 	0.0 	113.230729213 	0.0 	-9.08011236676e-08 	0.0 	0.0 	0.0 	0.0 	0.0 	0.0 	0.0 	0.0	2.97829566296	123.713337461	-52.3021500811	
8.28333333333	-8.28739736755e-06	-1.37882193199e-05	-2.2647261514e-07 	0.0 	113.230729213 	0.0 	-9.08011236676e-08 	0.0 	0.0 	0.0 	0.0 	0.0 	0.0 	0.0 	0.0	2.97829566296	123.713337461	-52.3021500811	
8.3	-8.28739736755e-06	-1.37882193199e-05	-2.2647261514e-07 	0.0 	113.230729213 	0.0 	-9.08011236676e-08 	0.0 	0.0 	0.0 	0.0 	0.0 	0.0 	0.0 	0.0	2.97829566296	123.713337461	-52.3021500811	
8.31666666667	-8.28739736755e-06	-1.37882193199e-05	-2.2647261514e-07 	0.0 	113.230729213 	0.0 	-9.08011236676e-08 	0.0 	0.0 	0.0 	0.0 	0.0 	0.0 	0.0 	0.0	2.97829566296	123.713337461	-52.3021500811	
8.33333333333	-8.28739736755e-06	-1.37882193199e-05	-2.2647261514e-07 	0.0 	113.230729213 	0.0 	-9.08011236676e-08 	0.0 	0.0 	0.0 	0.0 	0.0 	0.0 	0.0 	0.0	2.97829566296	123.713337461	-52.3021500811	
8.35	-8.28739736755e-06	-1.37882193199e-05	-2.2647261514e-07 	0.0 	113.230729213 	0.0 	-9.08011236676e-08 	0.0 	0.0 	0.0 	0.0 	0.0 	0.0 	0.0 	0.0	2.97829566296	123.713337461	-52.3021500811	
8.36666666667	-8.28739736755e-06	-1.37882193199e-05	-2.2647261514e-07 	0.0 	113.230729213 	0.0 	-9.08011236676e-08 	0.0 	0.0 	0.0 	0.0 	0.0 	0.0 	0.0 	0.0	2.97829566296	123.713337461	-52.3021500811	
8.38333333333	-8.28739736755e-06	-1.37882193199e-05	-2.2647261514e-07 	0.0 	113.230729213 	0.0 	-9.08011236676e-08 	0.0 	0.0 	0.0 	0.0 	0.0 	0.0 	0.0 	0.0	2.97829566296	123.713337461	-52.3021500811	
8.4	-8.28739736755e-06	-1.37882193199e-05	-2.2647261514e-07 	0.0 	113.230729213 	0.0 	-9.08011236676e-08 	0.0 	0.0 	0.0 	0.0 	0.0 	0.0 	0.0 	0.0	2.97829566296	123.713337461	-52.3021500811	
8.41666666667	-8.28739736755e-06	-1.37882193199e-05	-2.2647261514e-07 	0.0 	113.230729213 	0.0 	-9.08011236676e-08 	0.0 	0.0 	0.0 	0.0 	0.0 	0.0 	0.0 	0.0	2.97829566296	123.713337461	-52.3021500811	
8.43333333333	-8.28739736755e-06	-1.37882193199e-05	-2.2647261514e-07 	0.0 	113.230729213 	0.0 	-9.08011236676e-08 	0.0 	0.0 	0.0 	0.0 	0.0 	0.0 	0.0 	0.0	2.97829566296	123.713337461	-52.3021500811	
8.45	-8.28739736755e-06	-1.37882193199e-05	-2.2647261514e-07 	0.0 	113.230729213 	0.0 	-9.08011236676e-08 	0.0 	0.0 	0.0 	0.0 	0.0 	0.0 	0.0 	0.0	2.97829566296	123.713337461	-52.3021500811	
8.46666666667	-8.28739736755e-06	-1.37882193199e-05	-2.2647261514e-07 	0.0 	113.230729213 	0.0 	-9.08011236676e-08 	0.0 	0.0 	0.0 	0.0 	0.0 	0.0 	0.0 	0.0	2.97829566296	123.713337461	-52.3021500811	
8.48333333333	-8.28739736755e-06	-1.37882193199e-05	-2.2647261514e-07 	0.0 	113.230729213 	0.0 	-9.08011236676e-08 	0.0 	0.0 	0.0 	0.0 	0.0 	0.0 	0.0 	0.0	2.97829566296	123.713337461	-52.3021500811	
8.5	-8.28739736755e-06	-1.37882193199e-05	-2.2647261514e-07 	0.0 	113.230729213 	0.0 	-9.08011236676e-08 	0.0 	0.0 	0.0 	0.0 	0.0 	0.0 	0.0 	0.0	2.97829566296	123.713337461	-52.3021500811	
8.51666666667	-8.28739736755e-06	-1.37882193199e-05	-2.2647261514e-07 	0.0 	113.230729213 	0.0 	-9.08011236676e-08 	0.0 	0.0 	0.0 	0.0 	0.0 	0.0 	0.0 	0.0	2.97829566296	123.713337461	-52.3021500811	
8.53333333333	-8.28739736755e-06	-1.37882193199e-05	-2.2647261514e-07 	0.0 	113.230729213 	0.0 	-9.08011236676e-08 	0.0 	0.0 	0.0 	0.0 	0.0 	0.0 	0.0 	0.0	2.97829566296	123.713337461	-52.3021500811	
8.55	-8.28739736755e-06	-1.37882193199e-05	-2.2647261514e-07 	0.0 	113.230729213 	0.0 	-9.08011236676e-08 	0.0 	0.0 	0.0 	0.0 	0.0 	0.0 	0.0 	0.0	2.97829566296	123.713337461	-52.3021500811	
8.56666666667	-8.28739736755e-06	-1.37882193199e-05	-2.2647261514e-07 	0.0 	113.230729213 	0.0 	-9.08011236676e-08 	0.0 	0.0 	0.0 	0.0 	0.0 	0.0 	0.0 	0.0	2.97829566296	123.713337461	-52.3021500811	
8.58333333333	-8.28739736755e-06	-1.37882193199e-05	-2.2647261514e-07 	0.0 	113.230729213 	0.0 	-9.08011236676e-08 	0.0 	0.0 	0.0 	0.0 	0.0 	0.0 	0.0 	0.0	2.97829566296	123.713337461	-52.3021500811	
8.6	-8.28739736755e-06	-1.37882193199e-05	-2.2647261514e-07 	0.0 	113.230729213 	0.0 	-9.08011236676e-08 	0.0 	0.0 	0.0 	0.0 	0.0 	0.0 	0.0 	0.0	2.97829566296	123.713337461	-52.3021500811	
8.61666666667	-8.28739736755e-06	-1.37882193199e-05	-2.2647261514e-07 	0.0 	113.230729213 	0.0 	-9.08011236676e-08 	0.0 	0.0 	0.0 	0.0 	0.0 	0.0 	0.0 	0.0	2.97829566296	123.713337461	-52.3021500811	
8.63333333333	-8.28739736755e-06	-1.37882193199e-05	-2.2647261514e-07 	0.0 	113.230729213 	0.0 	-9.08011236676e-08 	0.0 	0.0 	0.0 	0.0 	0.0 	0.0 	0.0 	0.0	2.97829566296	123.713337461	-52.3021500811	
8.65	-8.28739736755e-06	-1.37882193199e-05	-2.2647261514e-07 	0.0 	113.230729213 	0.0 	-9.08011236676e-08 	0.0 	0.0 	0.0 	0.0 	0.0 	0.0 	0.0 	0.0	2.97829566296	123.713337461	-52.3021500811	
8.66666666667	-8.28739736755e-06	-1.37882193199e-05	-2.2647261514e-07 	0.0 	113.230729213 	0.0 	-9.08011236676e-08 	0.0 	0.0 	0.0 	0.0 	0.0 	0.0 	0.0 	0.0	2.97829566296	123.713337461	-52.3021500811	
8.68333333333	-8.28739736755e-06	-1.37882193199e-05	-2.2647261514e-07 	0.0 	113.230729213 	0.0 	-9.08011236676e-08 	0.0 	0.0 	0.0 	0.0 	0.0 	0.0 	0.0 	0.0	2.97829566296	123.713337461	-52.3021500811	
8.7	-8.28739736755e-06	-1.37882193199e-05	-2.2647261514e-07 	0.0 	113.230729213 	0.0 	-9.08011236676e-08 	0.0 	0.0 	0.0 	0.0 	0.0 	0.0 	0.0 	0.0	2.97829566296	123.713337461	-52.3021500811	
8.71666666667	-8.28739736755e-06	-1.37882193199e-05	-2.2647261514e-07 	0.0 	113.230729213 	0.0 	-9.08011236676e-08 	0.0 	0.0 	0.0 	0.0 	0.0 	0.0 	0.0 	0.0	2.97829566296	123.713337461	-52.3021500811	
8.73333333333	-8.28739736755e-06	-1.37882193199e-05	-2.2647261514e-07 	0.0 	113.230729213 	0.0 	-9.08011236676e-08 	0.0 	0.0 	0.0 	0.0 	0.0 	0.0 	0.0 	0.0	2.97829566296	123.713337461	-52.3021500811	
8.75	-8.28739736755e-06	-1.37882193199e-05	-2.2647261514e-07 	0.0 	113.230729213 	0.0 	-9.08011236676e-08 	0.0 	0.0 	0.0 	0.0 	0.0 	0.0 	0.0 	0.0	2.97829566296	123.713337461	-52.3021500811	
8.76666666667	-8.28739736755e-06	-1.37882193199e-05	-2.2647261514e-07 	0.0 	113.230729213 	0.0 	-9.08011236676e-08 	0.0 	0.0 	0.0 	0.0 	0.0 	0.0 	0.0 	0.0	2.97829566296	123.713337461	-52.3021500811	
8.78333333333	-8.28739736755e-06	-1.37882193199e-05	-2.2647261514e-07 	0.0 	113.230729213 	0.0 	-9.08011236676e-08 	0.0 	0.0 	0.0 	0.0 	0.0 	0.0 	0.0 	0.0	2.97829566296	123.713337461	-52.3021500811	
8.8	-8.28739736755e-06	-1.37882193199e-05	-2.2647261514e-07 	0.0 	113.230729213 	0.0 	-9.08011236676e-08 	0.0 	0.0 	0.0 	0.0 	0.0 	0.0 	0.0 	0.0	2.97829566296	123.713337461	-52.3021500811	
8.81666666667	-8.28739736755e-06	-1.37882193199e-05	-2.2647261514e-07 	0.0 	113.230729213 	0.0 	-9.08011236676e-08 	0.0 	0.0 	0.0 	0.0 	0.0 	0.0 	0.0 	0.0	2.97829566296	123.713337461	-52.3021500811	
8.83333333333	-8.28739736755e-06	-1.37882193199e-05	-2.2647261514e-07 	0.0 	113.230729213 	0.0 	-9.08011236676e-08 	0.0 	0.0 	0.0 	0.0 	0.0 	0.0 	0.0 	0.0	2.97829566296	123.713337461	-52.3021500811	
8.85	-8.28739736755e-06	-1.37882193199e-05	-2.2647261514e-07 	0.0 	113.230729213 	0.0 	-9.08011236676e-08 	0.0 	0.0 	0.0 	0.0 	0.0 	0.0 	0.0 	0.0	2.97829566296	123.713337461	-52.3021500811	
8.86666666667	-8.28739736755e-06	-1.37882193199e-05	-2.2647261514e-07 	0.0 	113.230729213 	0.0 	-9.08011236676e-08 	0.0 	0.0 	0.0 	0.0 	0.0 	0.0 	0.0 	0.0	2.97829566296	123.713337461	-52.3021500811	
8.88333333333	-8.28739736755e-06	-1.37882193199e-05	-2.2647261514e-07 	0.0 	113.230729213 	0.0 	-9.08011236676e-08 	0.0 	0.0 	0.0 	0.0 	0.0 	0.0 	0.0 	0.0	2.97829566296	123.713337461	-52.3021500811	
8.9	-8.28739736755e-06	-1.37882193199e-05	-2.2647261514e-07 	0.0 	113.230729213 	0.0 	-9.08011236676e-08 	0.0 	0.0 	0.0 	0.0 	0.0 	0.0 	0.0 	0.0	2.97829566296	123.713337461	-52.3021500811	
8.91666666667	-8.28739736755e-06	-1.37882193199e-05	-2.2647261514e-07 	0.0 	113.230729213 	0.0 	-9.08011236676e-08 	0.0 	0.0 	0.0 	0.0 	0.0 	0.0 	0.0 	0.0	2.97829566296	123.713337461	-52.3021500811	
8.93333333333	-8.28739736755e-06	-1.37882193199e-05	-2.2647261514e-07 	0.0 	113.230729213 	0.0 	-9.08011236676e-08 	0.0 	0.0 	0.0 	0.0 	0.0 	0.0 	0.0 	0.0	2.97829566296	123.713337461	-52.3021500811	
8.95	-8.28739736755e-06	-1.37882193199e-05	-2.2647261514e-07 	0.0 	113.230729213 	0.0 	-9.08011236676e-08 	0.0 	0.0 	0.0 	0.0 	0.0 	0.0 	0.0 	0.0	2.97829566296	123.713337461	-52.3021500811	
8.96666666667	-8.28739736755e-06	-1.37882193199e-05	-2.2647261514e-07 	0.0 	113.230729213 	0.0 	-9.08011236676e-08 	0.0 	0.0 	0.0 	0.0 	0.0 	0.0 	0.0 	0.0	2.97829566296	123.713337461	-52.3021500811	
8.98333333333	-8.28739736755e-06	-1.37882193199e-05	-2.2647261514e-07 	0.0 	113.230729213 	0.0 	-9.08011236676e-08 	0.0 	0.0 	0.0 	0.0 	0.0 	0.0 	0.0 	0.0	2.97829566296	123.713337461	-52.3021500811	
9.0	-8.28739736755e-06	-1.37882193199e-05	-2.2647261514e-07 	0.0 	113.230729213 	0.0 	-9.08011236676e-08 	0.0 	0.0 	0.0 	0.0 	0.0 	0.0 	0.0 	0.0	2.97829566296	123.713337461	-52.3021500811	
9.01666666667	-8.28739736755e-06	-1.37882193199e-05	-2.2647261514e-07 	0.0 	113.230729213 	0.0 	-9.08011236676e-08 	0.0 	0.0 	0.0 	0.0 	0.0 	0.0 	0.0 	0.0	2.97829566296	123.713337461	-52.3021500811	
9.03333333333	-8.28739736755e-06	-1.37882193199e-05	-2.2647261514e-07 	0.0 	113.230729213 	0.0 	-9.08011236676e-08 	0.0 	0.0 	0.0 	0.0 	0.0 	0.0 	0.0 	0.0	2.97829566296	123.713337461	-52.3021500811	
9.05	-8.28739736755e-06	-1.37882193199e-05	-2.2647261514e-07 	0.0 	113.230729213 	0.0 	-9.08011236676e-08 	0.0 	0.0 	0.0 	0.0 	0.0 	0.0 	0.0 	0.0	2.97829566296	123.713337461	-52.3021500811	
9.06666666667	-8.28739736755e-06	-1.37882193199e-05	-2.2647261514e-07 	0.0 	113.230729213 	0.0 	-9.08011236676e-08 	0.0 	0.0 	0.0 	0.0 	0.0 	0.0 	0.0 	0.0	2.97829566296	123.713337461	-52.3021500811	
9.08333333333	-8.28739736755e-06	-1.37882193199e-05	-2.2647261514e-07 	0.0 	113.230729213 	0.0 	-9.08011236676e-08 	0.0 	0.0 	0.0 	0.0 	0.0 	0.0 	0.0 	0.0	2.97829566296	123.713337461	-52.3021500811	
9.1	-8.28739736755e-06	-1.37882193199e-05	-2.2647261514e-07 	0.0 	113.230729213 	0.0 	-9.08011236676e-08 	0.0 	0.0 	0.0 	0.0 	0.0 	0.0 	0.0 	0.0	2.97829566296	123.713337461	-52.3021500811	
9.11666666667	-8.28739736755e-06	-1.37882193199e-05	-2.2647261514e-07 	0.0 	113.230729213 	0.0 	-9.08011236676e-08 	0.0 	0.0 	0.0 	0.0 	0.0 	0.0 	0.0 	0.0	2.97829566296	123.713337461	-52.3021500811	
9.13333333333	-8.28739736755e-06	-1.37882193199e-05	-2.2647261514e-07 	0.0 	113.230729213 	0.0 	-9.08011236676e-08 	0.0 	0.0 	0.0 	0.0 	0.0 	0.0 	0.0 	0.0	2.97829566296	123.713337461	-52.3021500811	
9.15	-8.28739736755e-06	-1.37882193199e-05	-2.2647261514e-07 	0.0 	113.230729213 	0.0 	-9.08011236676e-08 	0.0 	0.0 	0.0 	0.0 	0.0 	0.0 	0.0 	0.0	2.97829566296	123.713337461	-52.3021500811	
9.16666666667	-8.28739736755e-06	-1.37882193199e-05	-2.2647261514e-07 	0.0 	113.230729213 	0.0 	-9.08011236676e-08 	0.0 	0.0 	0.0 	0.0 	0.0 	0.0 	0.0 	0.0	2.97829566296	123.713337461	-52.3021500811	
9.18333333333	-8.28739736755e-06	-1.37882193199e-05	-2.2647261514e-07 	0.0 	113.230729213 	0.0 	-9.08011236676e-08 	0.0 	0.0 	0.0 	0.0 	0.0 	0.0 	0.0 	0.0	2.97829566296	123.713337461	-52.3021500811	
9.2	-8.28739736755e-06	-1.37882193199e-05	-2.2647261514e-07 	0.0 	113.230729213 	0.0 	-9.08011236676e-08 	0.0 	0.0 	0.0 	0.0 	0.0 	0.0 	0.0 	0.0	2.97829566296	123.713337461	-52.3021500811	
9.21666666667	-8.28739736755e-06	-1.37882193199e-05	-2.2647261514e-07 	0.0 	113.230729213 	0.0 	-9.08011236676e-08 	0.0 	0.0 	0.0 	0.0 	0.0 	0.0 	0.0 	0.0	2.97829566296	123.713337461	-52.3021500811	
9.23333333333	-8.28739736755e-06	-1.37882193199e-05	-2.2647261514e-07 	0.0 	113.230729213 	0.0 	-9.08011236676e-08 	0.0 	0.0 	0.0 	0.0 	0.0 	0.0 	0.0 	0.0	2.97829566296	123.713337461	-52.3021500811	
9.25	-8.28739736755e-06	-1.37882193199e-05	-2.2647261514e-07 	0.0 	113.230729213 	0.0 	-9.08011236676e-08 	0.0 	0.0 	0.0 	0.0 	0.0 	0.0 	0.0 	0.0	2.97829566296	123.713337461	-52.3021500811	
9.26666666667	-8.28739736755e-06	-1.37882193199e-05	-2.2647261514e-07 	0.0 	113.230729213 	0.0 	-9.08011236676e-08 	0.0 	0.0 	0.0 	0.0 	0.0 	0.0 	0.0 	0.0	2.97829566296	123.713337461	-52.3021500811	
9.28333333333	-8.28739736755e-06	-1.37882193199e-05	-2.2647261514e-07 	0.0 	113.230729213 	0.0 	-9.08011236676e-08 	0.0 	0.0 	0.0 	0.0 	0.0 	0.0 	0.0 	0.0	2.97829566296	123.713337461	-52.3021500811	
9.3	-8.28739736755e-06	-1.37882193199e-05	-2.2647261514e-07 	0.0 	113.230729213 	0.0 	-9.08011236676e-08 	0.0 	0.0 	0.0 	0.0 	0.0 	0.0 	0.0 	0.0	2.97829566296	123.713337461	-52.3021500811	
9.31666666667	-8.28739736755e-06	-1.37882193199e-05	-2.2647261514e-07 	0.0 	113.230729213 	0.0 	-9.08011236676e-08 	0.0 	0.0 	0.0 	0.0 	0.0 	0.0 	0.0 	0.0	2.97829566296	123.713337461	-52.3021500811	
9.33333333333	-8.28739736755e-06	-1.37882193199e-05	-2.2647261514e-07 	0.0 	113.230729213 	0.0 	-9.08011236676e-08 	0.0 	0.0 	0.0 	0.0 	0.0 	0.0 	0.0 	0.0	2.97829566296	123.713337461	-52.3021500811	
9.35	-8.28739736755e-06	-1.37882193199e-05	-2.2647261514e-07 	0.0 	113.230729213 	0.0 	-9.08011236676e-08 	0.0 	0.0 	0.0 	0.0 	0.0 	0.0 	0.0 	0.0	2.97829566296	123.713337461	-52.3021500811	
9.36666666667	-8.28739736755e-06	-1.37882193199e-05	-2.2647261514e-07 	0.0 	113.230729213 	0.0 	-9.08011236676e-08 	0.0 	0.0 	0.0 	0.0 	0.0 	0.0 	0.0 	0.0	2.97829566296	123.713337461	-52.3021500811	
9.38333333333	-8.28739736755e-06	-1.37882193199e-05	-2.2647261514e-07 	0.0 	113.230729213 	0.0 	-9.08011236676e-08 	0.0 	0.0 	0.0 	0.0 	0.0 	0.0 	0.0 	0.0	2.97829566296	123.713337461	-52.3021500811	
9.4	-8.28739736755e-06	-1.37882193199e-05	-2.2647261514e-07 	0.0 	113.230729213 	0.0 	-9.08011236676e-08 	0.0 	0.0 	0.0 	0.0 	0.0 	0.0 	0.0 	0.0	2.97829566296	123.713337461	-52.3021500811	
9.41666666667	-8.28739736755e-06	-1.37882193199e-05	-2.2647261514e-07 	0.0 	113.230729213 	0.0 	-9.08011236676e-08 	0.0 	0.0 	0.0 	0.0 	0.0 	0.0 	0.0 	0.0	2.97829566296	123.713337461	-52.3021500811	
9.43333333333	-8.28739736755e-06	-1.37882193199e-05	-2.2647261514e-07 	0.0 	113.230729213 	0.0 	-9.08011236676e-08 	0.0 	0.0 	0.0 	0.0 	0.0 	0.0 	0.0 	0.0	2.97829566296	123.713337461	-52.3021500811	
9.45	-8.28739736755e-06	-1.37882193199e-05	-2.2647261514e-07 	0.0 	113.230729213 	0.0 	-9.08011236676e-08 	0.0 	0.0 	0.0 	0.0 	0.0 	0.0 	0.0 	0.0	2.97829566296	123.713337461	-52.3021500811	
9.46666666667	-8.28739736755e-06	-1.37882193199e-05	-2.2647261514e-07 	0.0 	113.230729213 	0.0 	-9.08011236676e-08 	0.0 	0.0 	0.0 	0.0 	0.0 	0.0 	0.0 	0.0	2.97829566296	123.713337461	-52.3021500811	
9.48333333333	-8.28739736755e-06	-1.37882193199e-05	-2.2647261514e-07 	0.0 	113.230729213 	0.0 	-9.08011236676e-08 	0.0 	0.0 	0.0 	0.0 	0.0 	0.0 	0.0 	0.0	2.97829566296	123.713337461	-52.3021500811	
9.5	-8.28739736755e-06	-1.37882193199e-05	-2.2647261514e-07 	0.0 	113.230729213 	0.0 	-9.08011236676e-08 	0.0 	0.0 	0.0 	0.0 	0.0 	0.0 	0.0 	0.0	2.97829566296	123.713337461	-52.3021500811	
9.51666666667	-8.28739736755e-06	-1.37882193199e-05	-2.2647261514e-07 	0.0 	113.230729213 	0.0 	-9.08011236676e-08 	0.0 	0.0 	0.0 	0.0 	0.0 	0.0 	0.0 	0.0	2.97829566296	123.713337461	-52.3021500811	
9.53333333333	-8.28739736755e-06	-1.37882193199e-05	-2.2647261514e-07 	0.0 	113.230729213 	0.0 	-9.08011236676e-08 	0.0 	0.0 	0.0 	0.0 	0.0 	0.0 	0.0 	0.0	2.97829566296	123.713337461	-52.3021500811	
9.55	-8.28739736755e-06	-1.37882193199e-05	-2.2647261514e-07 	0.0 	113.230729213 	0.0 	-9.08011236676e-08 	0.0 	0.0 	0.0 	0.0 	0.0 	0.0 	0.0 	0.0	2.97829566296	123.713337461	-52.3021500811	
9.56666666667	-8.28739736755e-06	-1.37882193199e-05	-2.2647261514e-07 	0.0 	113.230729213 	0.0 	-9.08011236676e-08 	0.0 	0.0 	0.0 	0.0 	0.0 	0.0 	0.0 	0.0	2.97829566296	123.713337461	-52.3021500811	
9.58333333333	-8.28739736755e-06	-1.37882193199e-05	-2.2647261514e-07 	0.0 	113.230729213 	0.0 	-9.08011236676e-08 	0.0 	0.0 	0.0 	0.0 	0.0 	0.0 	0.0 	0.0	2.97829566296	123.713337461	-52.3021500811	
9.6	-8.28739736755e-06	-1.37882193199e-05	-2.2647261514e-07 	0.0 	113.230729213 	0.0 	-9.08011236676e-08 	0.0 	0.0 	0.0 	0.0 	0.0 	0.0 	0.0 	0.0	2.97829566296	123.713337461	-52.3021500811	
9.61666666667	-8.28739736755e-06	-1.37882193199e-05	-2.2647261514e-07 	0.0 	113.230729213 	0.0 	-9.08011236676e-08 	0.0 	0.0 	0.0 	0.0 	0.0 	0.0 	0.0 	0.0	2.97829566296	123.713337461	-52.3021500811	
9.63333333333	-8.28739736755e-06	-1.37882193199e-05	-2.2647261514e-07 	0.0 	113.230729213 	0.0 	-9.08011236676e-08 	0.0 	0.0 	0.0 	0.0 	0.0 	0.0 	0.0 	0.0	2.97829566296	123.713337461	-52.3021500811	
9.65	-8.28739736755e-06	-1.37882193199e-05	-2.2647261514e-07 	0.0 	113.230729213 	0.0 	-9.08011236676e-08 	0.0 	0.0 	0.0 	0.0 	0.0 	0.0 	0.0 	0.0	2.97829566296	123.713337461	-52.3021500811	
9.66666666667	-8.28739736755e-06	-1.37882193199e-05	-2.2647261514e-07 	0.0 	113.230729213 	0.0 	-9.08011236676e-08 	0.0 	0.0 	0.0 	0.0 	0.0 	0.0 	0.0 	0.0	2.97829566296	123.713337461	-52.3021500811	
9.68333333333	-8.28739736755e-06	-1.37882193199e-05	-2.2647261514e-07 	0.0 	113.230729213 	0.0 	-9.08011236676e-08 	0.0 	0.0 	0.0 	0.0 	0.0 	0.0 	0.0 	0.0	2.97829566296	123.713337461	-52.3021500811	
9.7	-8.28739736755e-06	-1.37882193199e-05	-2.2647261514e-07 	0.0 	113.230729213 	0.0 	-9.08011236676e-08 	0.0 	0.0 	0.0 	0.0 	0.0 	0.0 	0.0 	0.0	2.97829566296	123.713337461	-52.3021500811	
9.71666666667	-8.28739736755e-06	-1.37882193199e-05	-2.2647261514e-07 	0.0 	113.230729213 	0.0 	-9.08011236676e-08 	0.0 	0.0 	0.0 	0.0 	0.0 	0.0 	0.0 	0.0	2.97829566296	123.713337461	-52.3021500811	
9.73333333333	-8.28739736755e-06	-1.37882193199e-05	-2.2647261514e-07 	0.0 	113.230729213 	0.0 	-9.08011236676e-08 	0.0 	0.0 	0.0 	0.0 	0.0 	0.0 	0.0 	0.0	2.97829566296	123.713337461	-52.3021500811	
9.75	-8.28739736755e-06	-1.37882193199e-05	-2.2647261514e-07 	0.0 	113.230729213 	0.0 	-9.08011236676e-08 	0.0 	0.0 	0.0 	0.0 	0.0 	0.0 	0.0 	0.0	2.97829566296	123.713337461	-52.3021500811	
9.76666666667	-8.28739736755e-06	-1.37882193199e-05	-2.2647261514e-07 	0.0 	113.230729213 	0.0 	-9.08011236676e-08 	0.0 	0.0 	0.0 	0.0 	0.0 	0.0 	0.0 	0.0	2.97829566296	123.713337461	-52.3021500811	
9.78333333333	-8.28739736755e-06	-1.37882193199e-05	-2.2647261514e-07 	0.0 	113.230729213 	0.0 	-9.08011236676e-08 	0.0 	0.0 	0.0 	0.0 	0.0 	0.0 	0.0 	0.0	2.97829566296	123.713337461	-52.3021500811	
9.8	-8.28739736755e-06	-1.37882193199e-05	-2.2647261514e-07 	0.0 	113.230729213 	0.0 	-9.08011236676e-08 	0.0 	0.0 	0.0 	0.0 	0.0 	0.0 	0.0 	0.0	2.97829566296	123.713337461	-52.3021500811	
9.81666666667	-8.28739736755e-06	-1.37882193199e-05	-2.2647261514e-07 	0.0 	113.230729213 	0.0 	-9.08011236676e-08 	0.0 	0.0 	0.0 	0.0 	0.0 	0.0 	0.0 	0.0	2.97829566296	123.713337461	-52.3021500811	
9.83333333333	-8.28739736755e-06	-1.37882193199e-05	-2.2647261514e-07 	0.0 	113.230729213 	0.0 	-9.08011236676e-08 	0.0 	0.0 	0.0 	0.0 	0.0 	0.0 	0.0 	0.0	2.97829566296	123.713337461	-52.3021500811	
9.85	-8.28739736755e-06	-1.37882193199e-05	-2.2647261514e-07 	0.0 	113.230729213 	0.0 	-9.08011236676e-08 	0.0 	0.0 	0.0 	0.0 	0.0 	0.0 	0.0 	0.0	2.97829566296	123.713337461	-52.3021500811	
9.86666666667	-8.28739736755e-06	-1.37882193199e-05	-2.2647261514e-07 	0.0 	113.230729213 	0.0 	-9.08011236676e-08 	0.0 	0.0 	0.0 	0.0 	0.0 	0.0 	0.0 	0.0	2.97829566296	123.713337461	-52.3021500811	
9.88333333333	-8.28739736755e-06	-1.37882193199e-05	-2.2647261514e-07 	0.0 	113.230729213 	0.0 	-9.08011236676e-08 	0.0 	0.0 	0.0 	0.0 	0.0 	0.0 	0.0 	0.0	2.97829566296	123.713337461	-52.3021500811	
9.9	-8.28739736755e-06	-1.37882193199e-05	-2.2647261514e-07 	0.0 	113.230729213 	0.0 	-9.08011236676e-08 	0.0 	0.0 	0.0 	0.0 	0.0 	0.0 	0.0 	0.0	2.97829566296	123.713337461	-52.3021500811	
9.91666666667	-8.28739736755e-06	-1.37882193199e-05	-2.2647261514e-07 	0.0 	113.230729213 	0.0 	-9.08011236676e-08 	0.0 	0.0 	0.0 	0.0 	0.0 	0.0 	0.0 	0.0	2.97829566296	123.713337461	-52.3021500811	
9.93333333333	-8.28739736755e-06	-1.37882193199e-05	-2.2647261514e-07 	0.0 	113.230729213 	0.0 	-9.08011236676e-08 	0.0 	0.0 	0.0 	0.0 	0.0 	0.0 	0.0 	0.0	2.97829566296	123.713337461	-52.3021500811	
9.95	-8.28739736755e-06	-1.37882193199e-05	-2.2647261514e-07 	0.0 	113.230729213 	0.0 	-9.08011236676e-08 	0.0 	0.0 	0.0 	0.0 	0.0 	0.0 	0.0 	0.0	2.97829566296	123.713337461	-52.3021500811	
9.96666666667	-8.28739736755e-06	-1.37882193199e-05	-2.2647261514e-07 	0.0 	113.230729213 	0.0 	-9.08011236676e-08 	0.0 	0.0 	0.0 	0.0 	0.0 	0.0 	0.0 	0.0	2.97829566296	123.713337461	-52.3021500811	
9.98333333333	-8.28739736755e-06	-1.37882193199e-05	-2.2647261514e-07 	0.0 	113.230729213 	0.0 	-9.08011236676e-08 	0.0 	0.0 	0.0 	0.0 	0.0 	0.0 	0.0 	0.0	2.97829566296	123.713337461	-52.3021500811	
