0.0166666666667	0.0	0.0	0.0	0.0	0.0	0.0	0.0	0.0	0.0	0.0	0.0	0.0	0.0	0.0	0.0	0.0	0.0	0.0	0.0	0.0	0.0	0.0	0.0	0.0	0.0	0.0	0.0	0.0	0.0	0.0	0.0	0.0	0.0	0.0	0.0	0.0	0.0	0.0	0.0	0.0	0.0	0.0	0.0	0.0	0.0	0.0	0.0	0.0	0.0	0.0	0.0	0.0	0.0	0.0	0.0	0.0	0.0	0.0	0.0	0.0	
0.0333333333333	0.0	0.0	0.0	0.0	0.0	0.0	0.0	0.0	0.0	0.0	0.0	0.0	0.0	0.0	0.0	0.0	0.0	0.0	0.0	0.0	0.0	0.0	0.0	0.0	0.0	0.0	0.0	0.0	0.0	0.0	0.0	0.0	0.0	0.0	0.0	0.0	0.0	0.0	0.0	0.0	0.0	0.0	0.0	0.0	0.0	0.0	0.0	0.0	0.0	0.0	0.0	0.0	0.0	0.0	0.0	0.0	0.0	0.0	0.0	0.0	
0.05	0.0	0.0	0.0	0.0	0.0	0.0	0.0	0.0	0.0	0.0	0.0	0.0	0.0	0.0	0.0	0.0	0.0	0.0	0.0	0.0	0.0	0.0	0.0	0.0	0.0	0.0	0.0	0.0	0.0	0.0	0.0	0.0	0.0	0.0	0.0	0.0	0.0	0.0	0.0	0.0	0.0	0.0	0.0	0.0	0.0	0.0	0.0	0.0	0.0	0.0	0.0	0.0	0.0	0.0	0.0	0.0	0.0	0.0	0.0	0.0	
0.0666666666667	0.0	0.0	0.0	0.0	0.0	0.0	0.0	0.0	0.0	0.0	0.0	0.0	0.0	0.0	0.0	0.0	0.0	0.0	0.0	0.0	0.0	0.0	0.0	0.0	0.0	0.0	0.0	0.0	0.0	0.0	0.0	0.0	0.0	0.0	0.0	0.0	0.0	0.0	0.0	0.0	0.0	0.0	0.0	0.0	0.0	0.0	0.0	0.0	0.0	0.0	0.0	0.0	0.0	0.0	0.0	0.0	0.0	0.0	0.0	0.0	
0.0833333333333	0.0	0.0	0.0	0.0	0.0	0.0	0.0	0.0	0.0	0.0	0.0	0.0	0.0	0.0	0.0	0.0	0.0	0.0	0.0	0.0	0.0	0.0	0.0	0.0	0.0	0.0	0.0	0.0	0.0	0.0	0.0	0.0	0.0	0.0	0.0	0.0	0.0	0.0	0.0	0.0	0.0	0.0	0.0	0.0	0.0	0.0	0.0	0.0	0.0	0.0	0.0	0.0	0.0	0.0	0.0	0.0	0.0	0.0	0.0	0.0	
0.1	0.0	0.0	0.0	0.0	0.0	0.0	0.0	0.0	0.0	0.0	0.0	0.0	0.0	0.0	0.0	0.0	0.0	0.0	0.0	0.0	0.0	0.0	0.0	0.0	0.0	0.0	0.0	0.0	0.0	0.0	0.0	0.0	0.0	0.0	0.0	0.0	0.0	0.0	0.0	0.0	0.0	0.0	0.0	0.0	0.0	0.0	0.0	0.0	0.0	0.0	0.0	0.0	0.0	0.0	0.0	0.0	0.0	0.0	0.0	0.0	
0.116666666667	0.0	0.0	0.0	0.0	0.0	0.0	0.0	0.0	0.0	0.0	0.0	0.0	0.0	0.0	0.0	0.0	0.0	0.0	0.0	0.0	0.0	0.0	0.0	0.0	0.0	0.0	0.0	0.0	0.0	0.0	0.0	0.0	0.0	0.0	0.0	0.0	0.0	0.0	0.0	0.0	0.0	0.0	0.0	0.0	0.0	0.0	0.0	0.0	0.0	0.0	0.0	0.0	0.0	0.0	0.0	0.0	0.0	0.0	0.0	0.0	
0.133333333333	0.0	0.0	0.0	0.0	0.0	0.0	0.0	0.0	0.0	0.0	0.0	0.0	0.0	0.0	0.0	0.0	0.0	0.0	0.0	0.0	0.0	0.0	0.0	0.0	0.0	0.0	0.0	0.0	0.0	0.0	0.0	0.0	0.0	0.0	0.0	0.0	0.0	0.0	0.0	0.0	0.0	0.0	0.0	0.0	0.0	0.0	0.0	0.0	0.0	0.0	0.0	0.0	0.0	0.0	0.0	0.0	0.0	0.0	0.0	0.0	
0.15	0.0	0.0	0.0	0.0	0.0	0.0	0.0	0.0	0.0	0.0	0.0	0.0	0.0	0.0	0.0	0.0	0.0	0.0	0.0	0.0	0.0	0.0	0.0	0.0	0.0	0.0	0.0	0.0	0.0	0.0	0.0	0.0	0.0	0.0	0.0	0.0	0.0	0.0	0.0	0.0	0.0	0.0	0.0	0.0	0.0	0.0	0.0	0.0	0.0	0.0	0.0	0.0	0.0	0.0	0.0	0.0	0.0	0.0	0.0	0.0	
0.166666666667	0.0	0.0	0.0	0.0	0.0	0.0	0.0	0.0	0.0	0.0	0.0	0.0	0.0	0.0	0.0	0.0	0.0	0.0	0.0	0.0	0.0	0.0	0.0	0.0	0.0	0.0	0.0	0.0	0.0	0.0	0.0	0.0	0.0	0.0	0.0	0.0	0.0	0.0	0.0	0.0	0.0	0.0	0.0	0.0	0.0	0.0	0.0	0.0	0.0	0.0	0.0	0.0	0.0	0.0	0.0	0.0	0.0	0.0	0.0	0.0	
0.183333333333	0.0	0.0	0.0	0.0	0.0	0.0	0.0	0.0	0.0	0.0	0.0	0.0	0.0	0.0	0.0	0.0	0.0	0.0	0.0	0.0	0.0	0.0	0.0	0.0	0.0	0.0	0.0	0.0	0.0	0.0	0.0	0.0	0.0	0.0	0.0	0.0	0.0	0.0	0.0	0.0	0.0	0.0	0.0	0.0	0.0	0.0	0.0	0.0	0.0	0.0	0.0	0.0	0.0	0.0	0.0	0.0	0.0	0.0	0.0	0.0	
0.2	0.0	0.0	0.0	0.0	0.0	0.0	0.0	0.0	0.0	0.0	0.0	0.0	0.0	0.0	0.0	0.0	0.0	0.0	0.0	0.0	0.0	0.0	0.0	0.0	0.0	0.0	0.0	0.0	0.0	0.0	0.0	0.0	0.0	0.0	0.0	0.0	0.0	0.0	0.0	0.0	0.0	0.0	0.0	0.0	0.0	0.0	0.0	0.0	0.0	0.0	0.0	0.0	0.0	0.0	0.0	0.0	0.0	0.0	0.0	0.0	
0.216666666667	0.0	0.0	0.0	0.0	0.0	0.0	0.0	0.0	0.0	0.0	0.0	0.0	0.0	0.0	0.0	0.0	0.0	0.0	0.0	0.0	0.0	0.0	0.0	0.0	0.0	0.0	0.0	0.0	0.0	0.0	0.0	0.0	0.0	0.0	0.0	0.0	0.0	0.0	0.0	0.0	0.0	0.0	0.0	0.0	0.0	0.0	0.0	0.0	0.0	0.0	0.0	0.0	0.0	0.0	0.0	0.0	0.0	0.0	0.0	0.0	
0.233333333333	0.0	0.0	0.0	0.0	0.0	0.0	0.0	0.0	0.0	0.0	0.0	0.0	0.0	0.0	0.0	0.0	0.0	0.0	0.0	0.0	0.0	0.0	0.0	0.0	0.0	0.0	0.0	0.0	0.0	0.0	0.0	0.0	0.0	0.0	0.0	0.0	0.0	0.0	0.0	0.0	0.0	0.0	0.0	0.0	0.0	0.0	0.0	0.0	0.0	0.0	0.0	0.0	0.0	0.0	0.0	0.0	0.0	0.0	0.0	0.0	
0.25	0.0	0.0	0.0	0.0	0.0	0.0	0.0	0.0	0.0	0.0	0.0	0.0	0.0	0.0	0.0	0.0	0.0	0.0	0.0	0.0	0.0	0.0	0.0	0.0	0.0	0.0	0.0	0.0	0.0	0.0	0.0	0.0	0.0	0.0	0.0	0.0	0.0	0.0	0.0	0.0	0.0	0.0	0.0	0.0	0.0	0.0	0.0	0.0	0.0	0.0	0.0	0.0	0.0	0.0	0.0	0.0	0.0	0.0	0.0	0.0	
0.266666666667	0.0	0.0	0.0	0.0	0.0	0.0	0.0	0.0	0.0	0.0	0.0	0.0	0.0	0.0	0.0	0.0	0.0	0.0	0.0	0.0	0.0	0.0	0.0	0.0	0.0	0.0	0.0	0.0	0.0	0.0	0.0	0.0	0.0	0.0	0.0	0.0	0.0	0.0	0.0	0.0	0.0	0.0	0.0	0.0	0.0	0.0	0.0	0.0	0.0	0.0	0.0	0.0	0.0	0.0	0.0	0.0	0.0	0.0	0.0	0.0	
0.283333333333	0.0	0.0	0.0	0.0	0.0	0.0	0.0	0.0	0.0	0.0	0.0	0.0	0.0	0.0	0.0	0.0	0.0	0.0	0.0	0.0	0.0	0.0	0.0	0.0	0.0	0.0	0.0	0.0	0.0	0.0	0.0	0.0	0.0	0.0	0.0	0.0	0.0	0.0	0.0	0.0	0.0	0.0	0.0	0.0	0.0	0.0	0.0	0.0	0.0	0.0	0.0	0.0	0.0	0.0	0.0	0.0	0.0	0.0	0.0	0.0	
0.3	0.0	0.0	0.0	0.0	0.0	0.0	0.0	0.0	0.0	0.0	0.0	0.0	0.0	0.0	0.0	0.0	0.0	0.0	0.0	0.0	0.0	0.0	0.0	0.0	0.0	0.0	0.0	0.0	0.0	0.0	0.0	0.0	0.0	0.0	0.0	0.0	0.0	0.0	0.0	0.0	0.0	0.0	0.0	0.0	0.0	0.0	0.0	0.0	0.0	0.0	0.0	0.0	0.0	0.0	0.0	0.0	0.0	0.0	0.0	0.0	
0.316666666667	0.0	0.0	0.0	0.0	0.0	0.0	0.0	0.0	0.0	0.0	0.0	0.0	0.0	0.0	0.0	0.0	0.0	0.0	0.0	0.0	0.0	0.0	0.0	0.0	0.0	0.0	0.0	0.0	0.0	0.0	0.0	0.0	0.0	0.0	0.0	0.0	0.0	0.0	0.0	0.0	0.0	0.0	0.0	0.0	0.0	0.0	0.0	0.0	0.0	0.0	0.0	0.0	0.0	0.0	0.0	0.0	0.0	0.0	0.0	0.0	
0.333333333333	0.0	0.0	0.0	0.0	0.0	0.0	0.0	0.0	0.0	0.0	0.0	0.0	0.0	0.0	0.0	0.0	0.0	0.0	0.0	0.0	0.0	0.0	0.0	0.0	0.0	0.0	0.0	0.0	0.0	0.0	0.0	0.0	0.0	0.0	0.0	0.0	0.0	0.0	0.0	0.0	0.0	0.0	0.0	0.0	0.0	0.0	0.0	0.0	0.0	0.0	0.0	0.0	0.0	0.0	0.0	0.0	0.0	0.0	0.0	0.0	
0.35	0.0	0.0	0.0	0.0	0.0	0.0	0.0	0.0	0.0	0.0	0.0	0.0	0.0	0.0	0.0	0.0	0.0	0.0	0.0	0.0	0.0	0.0	0.0	0.0	0.0	0.0	0.0	0.0	0.0	0.0	0.0	0.0	0.0	0.0	0.0	0.0	0.0	0.0	0.0	0.0	0.0	0.0	0.0	0.0	0.0	0.0	0.0	0.0	0.0	0.0	0.0	0.0	0.0	0.0	0.0	0.0	0.0	0.0	0.0	0.0	
0.366666666667	0.0	0.0	0.0	0.0	0.0	0.0	0.0	0.0	0.0	0.0	0.0	0.0	0.0	0.0	0.0	0.0	0.0	0.0	0.0	0.0	0.0	0.0	0.0	0.0	0.0	0.0	0.0	0.0	0.0	0.0	0.0	0.0	0.0	0.0	0.0	0.0	0.0	0.0	0.0	0.0	0.0	0.0	0.0	0.0	0.0	0.0	0.0	0.0	0.0	0.0	0.0	0.0	0.0	0.0	0.0	0.0	0.0	0.0	0.0	0.0	
0.383333333333	0.0	0.0	0.0	0.0	0.0	0.0	0.0	0.0	0.0	0.0	0.0	0.0	0.0	0.0	0.0	0.0	0.0	0.0	0.0	0.0	0.0	0.0	0.0	0.0	0.0	0.0	0.0	0.0	0.0	0.0	0.0	0.0	0.0	0.0	0.0	0.0	0.0	0.0	0.0	0.0	0.0	0.0	0.0	0.0	0.0	0.0	0.0	0.0	0.0	0.0	0.0	0.0	0.0	0.0	0.0	0.0	0.0	0.0	0.0	0.0	
0.4	0.0	0.0	0.0	0.0	0.0	0.0	0.0	0.0	0.0	0.0	0.0	0.0	0.0	0.0	0.0	0.0	0.0	0.0	0.0	0.0	0.0	0.0	0.0	0.0	0.0	0.0	0.0	0.0	0.0	0.0	0.0	0.0	0.0	0.0	0.0	0.0	0.0	0.0	0.0	0.0	0.0	0.0	0.0	0.0	0.0	0.0	0.0	0.0	0.0	0.0	0.0	0.0	0.0	0.0	0.0	0.0	0.0	0.0	0.0	0.0	
0.416666666667	0.0	0.0	0.0	0.0	0.0	0.0	0.0	0.0	0.0	0.0	0.0	0.0	0.0	0.0	0.0	0.0	0.0	0.0	0.0	0.0	0.0	0.0	0.0	0.0	0.0	0.0	0.0	0.0	0.0	0.0	0.0	0.0	0.0	0.0	0.0	0.0	0.0	0.0	0.0	0.0	0.0	0.0	0.0	0.0	0.0	0.0	0.0	0.0	0.0	0.0	0.0	0.0	0.0	0.0	0.0	0.0	0.0	0.0	0.0	0.0	
0.433333333333	0.0	0.0	0.0	0.0	0.0	0.0	0.0	0.0	0.0	0.0	0.0	0.0	0.0	0.0	0.0	0.0	0.0	0.0	0.0	0.0	0.0	0.0	0.0	0.0	0.0	0.0	0.0	0.0	0.0	0.0	0.0	0.0	0.0	0.0	0.0	0.0	0.0	0.0	0.0	0.0	0.0	0.0	0.0	0.0	0.0	0.0	0.0	0.0	0.0	0.0	0.0	0.0	0.0	0.0	0.0	0.0	0.0	0.0	0.0	0.0	
0.45	0.0	0.0	0.0	0.0	0.0	0.0	0.0	0.0	0.0	0.0	0.0	0.0	0.0	0.0	0.0	0.0	0.0	0.0	0.0	0.0	0.0	0.0	0.0	0.0	0.0	0.0	0.0	0.0	0.0	0.0	0.0	0.0	0.0	0.0	0.0	0.0	0.0	0.0	0.0	0.0	0.0	0.0	0.0	0.0	0.0	0.0	0.0	0.0	0.0	0.0	0.0	0.0	0.0	0.0	0.0	0.0	0.0	0.0	0.0	0.0	
0.466666666667	0.0	0.0	0.0	0.0	0.0	0.0	0.0	0.0	0.0	0.0	0.0	0.0	0.0	0.0	0.0	0.0	0.0	0.0	0.0	0.0	0.0	0.0	0.0	0.0	0.0	0.0	0.0	0.0	0.0	0.0	0.0	0.0	0.0	0.0	0.0	0.0	0.0	0.0	0.0	0.0	0.0	0.0	0.0	0.0	0.0	0.0	0.0	0.0	0.0	0.0	0.0	0.0	0.0	0.0	0.0	0.0	0.0	0.0	0.0	0.0	
0.483333333333	0.0	0.0	0.0	0.0	0.0	0.0	0.0	0.0	0.0	0.0	0.0	0.0	0.0	0.0	0.0	0.0	0.0	0.0	0.0	0.0	0.0	0.0	0.0	0.0	0.0	0.0	0.0	0.0	0.0	0.0	0.0	0.0	0.0	0.0	0.0	0.0	0.0	0.0	0.0	0.0	0.0	0.0	0.0	0.0	0.0	0.0	0.0	0.0	0.0	0.0	0.0	0.0	0.0	0.0	0.0	0.0	0.0	0.0	0.0	0.0	
0.5	0.0	0.0	0.0	0.0	0.0	0.0	0.0	0.0	0.0	0.0	0.0	0.0	0.0	0.0	0.0	0.0	0.0	0.0	0.0	0.0	0.0	0.0	0.0	0.0	0.0	0.0	0.0	0.0	0.0	0.0	0.0	0.0	0.0	0.0	0.0	0.0	0.0	0.0	0.0	0.0	0.0	0.0	0.0	0.0	0.0	0.0	0.0	0.0	0.0	0.0	0.0	0.0	0.0	0.0	0.0	0.0	0.0	0.0	0.0	0.0	
0.516666666667	0.0	0.0	0.0	0.0	0.0	0.0	0.0	0.0	0.0	0.0	0.0	0.0	0.0	0.0	0.0	0.0	0.0	0.0	0.0	0.0	0.0	0.0	0.0	0.0	0.0	0.0	0.0	0.0	0.0	0.0	0.0	0.0	0.0	0.0	0.0	0.0	0.0	0.0	0.0	0.0	0.0	0.0	0.0	0.0	0.0	0.0	0.0	0.0	0.0	0.0	0.0	0.0	0.0	0.0	0.0	0.0	0.0	0.0	0.0	0.0	
0.533333333333	0.0	0.0	0.0	0.0	0.0	0.0	0.0	0.0	0.0	0.0	0.0	0.0	0.0	0.0	0.0	0.0	0.0	0.0	0.0	0.0	0.0	0.0	0.0	0.0	0.0	0.0	0.0	0.0	0.0	0.0	0.0	0.0	0.0	0.0	0.0	0.0	0.0	0.0	0.0	0.0	0.0	0.0	0.0	0.0	0.0	0.0	0.0	0.0	0.0	0.0	0.0	0.0	0.0	0.0	0.0	0.0	0.0	0.0	0.0	0.0	
0.55	0.0	0.0	0.0	0.0	0.0	0.0	0.0	0.0	0.0	0.0	0.0	0.0	0.0	0.0	0.0	0.0	0.0	0.0	0.0	0.0	0.0	0.0	0.0	0.0	0.0	0.0	0.0	0.0	0.0	0.0	0.0	0.0	0.0	0.0	0.0	0.0	0.0	0.0	0.0	0.0	0.0	0.0	0.0	0.0	0.0	0.0	0.0	0.0	0.0	0.0	0.0	0.0	0.0	0.0	0.0	0.0	0.0	0.0	0.0	0.0	
0.566666666667	0.0	0.0	0.0	0.0	0.0	0.0	0.0	0.0	0.0	0.0	0.0	0.0	0.0	0.0	0.0	0.0	0.0	0.0	0.0	0.0	0.0	0.0	0.0	0.0	0.0	0.0	0.0	0.0	0.0	0.0	0.0	0.0	0.0	0.0	0.0	0.0	0.0	0.0	0.0	0.0	0.0	0.0	0.0	0.0	0.0	0.0	0.0	0.0	0.0	0.0	0.0	0.0	0.0	0.0	0.0	0.0	0.0	0.0	0.0	0.0	
0.583333333333	0.0	0.0	0.0	0.0	0.0	0.0	0.0	0.0	0.0	0.0	0.0	0.0	0.0	0.0	0.0	0.0	0.0	0.0	0.0	0.0	0.0	0.0	0.0	0.0	0.0	0.0	0.0	0.0	0.0	0.0	0.0	0.0	0.0	0.0	0.0	0.0	0.0	0.0	0.0	0.0	0.0	0.0	0.0	0.0	0.0	0.0	0.0	0.0	0.0	0.0	0.0	0.0	0.0	0.0	0.0	0.0	0.0	0.0	0.0	0.0	
0.6	0.0	0.0	0.0	0.0	0.0	0.0	0.0	0.0	0.0	0.0	0.0	0.0	0.0	0.0	0.0	0.0	0.0	0.0	0.0	0.0	0.0	0.0	0.0	0.0	0.0	0.0	0.0	0.0	0.0	0.0	0.0	0.0	0.0	0.0	0.0	0.0	0.0	0.0	0.0	0.0	0.0	0.0	0.0	0.0	0.0	0.0	0.0	0.0	0.0	0.0	0.0	0.0	0.0	0.0	0.0	0.0	0.0	0.0	0.0	0.0	
0.616666666667	0.0	0.0	0.0	0.0	0.0	0.0	0.0	0.0	0.0	0.0	0.0	0.0	0.0	0.0	0.0	0.0	0.0	0.0	0.0	0.0	0.0	0.0	0.0	0.0	0.0	0.0	0.0	0.0	0.0	0.0	0.0	0.0	0.0	0.0	0.0	0.0	0.0	0.0	0.0	0.0	0.0	0.0	0.0	0.0	0.0	0.0	0.0	0.0	0.0	0.0	0.0	0.0	0.0	0.0	0.0	0.0	0.0	0.0	0.0	0.0	
0.633333333333	0.0	0.0	0.0	0.0	0.0	0.0	0.0	0.0	0.0	0.0	0.0	0.0	0.0	0.0	0.0	0.0	0.0	0.0	0.0	0.0	0.0	0.0	0.0	0.0	0.0	0.0	0.0	0.0	0.0	0.0	0.0	0.0	0.0	0.0	0.0	0.0	0.0	0.0	0.0	0.0	0.0	0.0	0.0	0.0	0.0	0.0	0.0	0.0	0.0	0.0	0.0	0.0	0.0	0.0	0.0	0.0	0.0	0.0	0.0	0.0	
0.65	0.0	0.0	0.0	0.0	0.0	0.0	0.0	0.0	0.0	0.0	0.0	0.0	0.0	0.0	0.0	0.0	0.0	0.0	0.0	0.0	0.0	0.0	0.0	0.0	0.0	0.0	0.0	0.0	0.0	0.0	0.0	0.0	0.0	0.0	0.0	0.0	0.0	0.0	0.0	0.0	0.0	0.0	0.0	0.0	0.0	0.0	0.0	0.0	0.0	0.0	0.0	0.0	0.0	0.0	0.0	0.0	0.0	0.0	0.0	0.0	
0.666666666667	0.0	0.0	0.0	0.0	0.0	0.0	0.0	0.0	0.0	0.0	0.0	0.0	0.0	0.0	0.0	0.0	0.0	0.0	0.0	0.0	0.0	0.0	0.0	0.0	0.0	0.0	0.0	0.0	0.0	0.0	0.0	0.0	0.0	0.0	0.0	0.0	0.0	0.0	0.0	0.0	0.0	0.0	0.0	0.0	0.0	0.0	0.0	0.0	0.0	0.0	0.0	0.0	0.0	0.0	0.0	0.0	0.0	0.0	0.0	0.0	
0.683333333333	0.0	0.0	0.0	0.0	0.0	0.0	0.0	0.0	0.0	0.0	0.0	0.0	0.0	0.0	0.0	0.0	0.0	0.0	0.0	0.0	0.0	0.0	0.0	0.0	0.0	0.0	0.0	0.0	0.0	0.0	0.0	0.0	0.0	0.0	0.0	0.0	0.0	0.0	0.0	0.0	0.0	0.0	0.0	0.0	0.0	0.0	0.0	0.0	0.0	0.0	0.0	0.0	0.0	0.0	0.0	0.0	0.0	0.0	0.0	0.0	
0.7	0.0	0.0	0.0	0.0	0.0	0.0	0.0	0.0	0.0	0.0	0.0	0.0	0.0	0.0	0.0	0.0	0.0	0.0	0.0	0.0	0.0	0.0	0.0	0.0	0.0	0.0	0.0	0.0	0.0	0.0	0.0	0.0	0.0	0.0	0.0	0.0	0.0	0.0	0.0	0.0	0.0	0.0	0.0	0.0	0.0	0.0	0.0	0.0	0.0	0.0	0.0	0.0	0.0	0.0	0.0	0.0	0.0	0.0	0.0	0.0	
0.716666666667	0.0	0.0	0.0	0.0	0.0	0.0	0.0	0.0	0.0	0.0	0.0	0.0	0.0	0.0	0.0	0.0	0.0	0.0	0.0	0.0	0.0	0.0	0.0	0.0	0.0	0.0	0.0	0.0	0.0	0.0	0.0	0.0	0.0	0.0	0.0	0.0	0.0	0.0	0.0	0.0	0.0	0.0	0.0	0.0	0.0	0.0	0.0	0.0	0.0	0.0	0.0	0.0	0.0	0.0	0.0	0.0	0.0	0.0	0.0	0.0	
0.733333333333	0.0	0.0	0.0	0.0	0.0	0.0	0.0	0.0	0.0	0.0	0.0	0.0	0.0	0.0	0.0	0.0	0.0	0.0	0.0	0.0	0.0	0.0	0.0	0.0	0.0	0.0	0.0	0.0	0.0	0.0	0.0	0.0	0.0	0.0	0.0	0.0	0.0	0.0	0.0	0.0	0.0	0.0	0.0	0.0	0.0	0.0	0.0	0.0	0.0	0.0	0.0	0.0	0.0	0.0	0.0	0.0	0.0	0.0	0.0	0.0	
0.75	0.0	0.0	0.0	0.0	0.0	0.0	0.0	0.0	0.0	0.0	0.0	0.0	0.0	0.0	0.0	0.0	0.0	0.0	0.0	0.0	0.0	0.0	0.0	0.0	0.0	0.0	0.0	0.0	0.0	0.0	0.0	0.0	0.0	0.0	0.0	0.0	0.0	0.0	0.0	0.0	0.0	0.0	0.0	0.0	0.0	0.0	0.0	0.0	0.0	0.0	0.0	0.0	0.0	0.0	0.0	0.0	0.0	0.0	0.0	0.0	
0.766666666667	0.0	0.0	0.0	0.0	0.0	0.0	0.0	0.0	0.0	0.0	0.0	0.0	0.0	0.0	0.0	0.0	0.0	0.0	0.0	0.0	0.0	0.0	0.0	0.0	0.0	0.0	0.0	0.0	0.0	0.0	0.0	0.0	0.0	0.0	0.0	0.0	0.0	0.0	0.0	0.0	0.0	0.0	0.0	0.0	0.0	0.0	0.0	0.0	0.0	0.0	0.0	0.0	0.0	0.0	0.0	0.0	0.0	0.0	0.0	0.0	
0.783333333333	0.0	0.0	0.0	0.0	0.0	0.0	0.0	0.0	0.0	0.0	0.0	0.0	0.0	0.0	0.0	0.0	0.0	0.0	0.0	0.0	0.0	0.0	0.0	0.0	0.0	0.0	0.0	0.0	0.0	0.0	0.0	0.0	0.0	0.0	0.0	0.0	0.0	0.0	0.0	0.0	0.0	0.0	0.0	0.0	0.0	0.0	0.0	0.0	0.0	0.0	0.0	0.0	0.0	0.0	0.0	0.0	0.0	0.0	0.0	0.0	
0.8	0.0	0.0	0.0	0.0	0.0	0.0	0.0	0.0	0.0	0.0	0.0	0.0	0.0	0.0	0.0	0.0	0.0	0.0	0.0	0.0	0.0	0.0	0.0	0.0	0.0	0.0	0.0	0.0	0.0	0.0	0.0	0.0	0.0	0.0	0.0	0.0	0.0	0.0	0.0	0.0	0.0	0.0	0.0	0.0	0.0	0.0	0.0	0.0	0.0	0.0	0.0	0.0	0.0	0.0	0.0	0.0	0.0	0.0	0.0	0.0	
0.816666666667	0.0	0.0	0.0	0.0	0.0	0.0	0.0	0.0	0.0	0.0	0.0	0.0	0.0	0.0	0.0	0.0	0.0	0.0	0.0	0.0	0.0	0.0	0.0	0.0	0.0	0.0	0.0	0.0	0.0	0.0	0.0	0.0	0.0	0.0	0.0	0.0	0.0	0.0	0.0	0.0	0.0	0.0	0.0	0.0	0.0	0.0	0.0	0.0	0.0	0.0	0.0	0.0	0.0	0.0	0.0	0.0	0.0	0.0	0.0	0.0	
0.833333333333	0.0	0.0	0.0	0.0	0.0	0.0	0.0	0.0	0.0	0.0	0.0	0.0	0.0	0.0	0.0	0.0	0.0	0.0	0.0	0.0	0.0	0.0	0.0	0.0	0.0	0.0	0.0	0.0	0.0	0.0	0.0	0.0	0.0	0.0	0.0	0.0	0.0	0.0	0.0	0.0	0.0	0.0	0.0	0.0	0.0	0.0	0.0	0.0	0.0	0.0	0.0	0.0	0.0	0.0	0.0	0.0	0.0	0.0	0.0	0.0	
0.85	0.0	0.0	0.0	0.0	0.0	0.0	0.0	0.0	0.0	0.0	0.0	0.0	0.0	0.0	0.0	0.0	0.0	0.0	0.0	0.0	0.0	0.0	0.0	0.0	0.0	0.0	0.0	0.0	0.0	0.0	0.0	0.0	0.0	0.0	0.0	0.0	0.0	0.0	0.0	0.0	0.0	0.0	0.0	0.0	0.0	0.0	0.0	0.0	0.0	0.0	0.0	0.0	0.0	0.0	0.0	0.0	0.0	0.0	0.0	0.0	
0.866666666667	0.0	0.0	0.0	0.0	0.0	0.0	0.0	0.0	0.0	0.0	0.0	0.0	0.0	0.0	0.0	0.0	0.0	0.0	0.0	0.0	0.0	0.0	0.0	0.0	0.0	0.0	0.0	0.0	0.0	0.0	0.0	0.0	0.0	0.0	0.0	0.0	0.0	0.0	0.0	0.0	0.0	0.0	0.0	0.0	0.0	0.0	0.0	0.0	0.0	0.0	0.0	0.0	0.0	0.0	0.0	0.0	0.0	0.0	0.0	0.0	
0.883333333333	0.0	0.0	0.0	0.0	0.0	0.0	0.0	0.0	0.0	0.0	0.0	0.0	0.0	0.0	0.0	0.0	0.0	0.0	0.0	0.0	0.0	0.0	0.0	0.0	0.0	0.0	0.0	0.0	0.0	0.0	0.0	0.0	0.0	0.0	0.0	0.0	0.0	0.0	0.0	0.0	0.0	0.0	0.0	0.0	0.0	0.0	0.0	0.0	0.0	0.0	0.0	0.0	0.0	0.0	0.0	0.0	0.0	0.0	0.0	0.0	
0.9	0.0	0.0	0.0	0.0	0.0	0.0	0.0	0.0	0.0	0.0	0.0	0.0	0.0	0.0	0.0	0.0	0.0	0.0	0.0	0.0	0.0	0.0	0.0	0.0	0.0	0.0	0.0	0.0	0.0	0.0	0.0	0.0	0.0	0.0	0.0	0.0	0.0	0.0	0.0	0.0	0.0	0.0	0.0	0.0	0.0	0.0	0.0	0.0	0.0	0.0	0.0	0.0	0.0	0.0	0.0	0.0	0.0	0.0	0.0	0.0	
0.916666666667	0.0	0.0	0.0	0.0	0.0	0.0	0.0	0.0	0.0	0.0	0.0	0.0	0.0	0.0	0.0	0.0	0.0	0.0	0.0	0.0	0.0	0.0	0.0	0.0	0.0	0.0	0.0	0.0	0.0	0.0	0.0	0.0	0.0	0.0	0.0	0.0	0.0	0.0	0.0	0.0	0.0	0.0	0.0	0.0	0.0	0.0	0.0	0.0	0.0	0.0	0.0	0.0	0.0	0.0	0.0	0.0	0.0	0.0	0.0	0.0	
0.933333333333	122.366666667	124.566666667	126.766666667	128.966666667	131.166666667	133.366666667	135.566666667	137.766666667	139.966666667	142.166666667	0.0	0.0	3.91109730291e-06	3.00117610584e-06	-2.03781644839e-06	-5.21681133283e-06	-1.11315855081e-05	-1.51989881065e-05	-1.81629212976e-05	-2.22867744566e-05	0.0	1.77777150132e-06	-4.13600544122e-07	-2.29045116101e-06	-1.44499767475e-06	-2.68853371604e-06	-1.8488193629e-06	-1.34724235959e-06	-1.87447870863e-06	1.39138801098e-06	179.99898914	179.992923979	179.986858818	179.980793657	179.974728496	179.968663335	179.962598174	179.956533013	179.950467852	179.944402691	-3.99999919502	-3.99999436517	-3.99998953532	-3.99998470547	-3.99997987562	-3.99997504577	-3.99997021592	-3.99996538607	-3.99996055621	-3.99995572636	-1.57	-1.57	-1.57	-1.57	-1.57	-1.57	-1.57	-1.57	-1.57	-1.57	
0.95	122.366666667	124.566666667	126.766666667	128.966666667	131.166666667	133.366666667	135.566666667	137.766666667	139.966666667	142.166666667	0.0	0.0	3.91109730291e-06	3.00117610584e-06	-2.03781644839e-06	-5.21681133283e-06	-1.11315855081e-05	-1.51989881065e-05	-1.81629212976e-05	-2.22867744566e-05	0.0	1.77777150132e-06	-4.13600544122e-07	-2.29045116101e-06	-1.44499767475e-06	-2.68853371604e-06	-1.8488193629e-06	-1.34724235959e-06	-1.87447870863e-06	1.39138801098e-06	179.99898914	179.992923979	179.986858818	179.980793657	179.974728496	179.968663335	179.962598174	179.956533013	179.950467852	179.944402691	-3.99999919502	-3.99999436517	-3.99998953532	-3.99998470547	-3.99997987562	-3.99997504577	-3.99997021592	-3.99996538607	-3.99996055621	-3.99995572636	-1.57	-1.57	-1.57	-1.57	-1.57	-1.57	-1.57	-1.57	-1.57	-1.57	
0.966666666667	122.366666667	124.566666667	126.766666667	128.966666667	131.166666667	133.366666667	135.566666667	137.766666667	139.966666667	142.166666667	0.0	0.0	3.91109730291e-06	3.00117610584e-06	-2.03781644839e-06	-5.21681133283e-06	-1.11315855081e-05	-1.51989881065e-05	-1.81629212976e-05	-2.22867744566e-05	0.0	1.77777150132e-06	-4.13600544122e-07	-2.29045116101e-06	-1.44499767475e-06	-2.68853371604e-06	-1.8488193629e-06	-1.34724235959e-06	-1.87447870863e-06	1.39138801098e-06	179.99898914	179.992923979	179.986858818	179.980793657	179.974728496	179.968663335	179.962598174	179.956533013	179.950467852	179.944402691	-3.99999919502	-3.99999436517	-3.99998953532	-3.99998470547	-3.99997987562	-3.99997504577	-3.99997021592	-3.99996538607	-3.99996055621	-3.99995572636	-1.57	-1.57	-1.57	-1.57	-1.57	-1.57	-1.57	-1.57	-1.57	-1.57	
0.983333333333	122.366666667	124.566666667	126.766666667	128.966666667	131.166666667	133.366666667	135.566666667	137.766666667	139.966666667	142.166666667	0.0	0.0	3.91109730291e-06	3.00117610584e-06	-2.03781644839e-06	-5.21681133283e-06	-1.11315855081e-05	-1.51989881065e-05	-1.81629212976e-05	-2.22867744566e-05	0.0	1.77777150132e-06	-4.13600544122e-07	-2.29045116101e-06	-1.44499767475e-06	-2.68853371604e-06	-1.8488193629e-06	-1.34724235959e-06	-1.87447870863e-06	1.39138801098e-06	179.99898914	179.992923979	179.986858818	179.980793657	179.974728496	179.968663335	179.962598174	179.956533013	179.950467852	179.944402691	-3.99999919502	-3.99999436517	-3.99998953532	-3.99998470547	-3.99997987562	-3.99997504577	-3.99997021592	-3.99996538607	-3.99996055621	-3.99995572636	-1.57	-1.57	-1.57	-1.57	-1.57	-1.57	-1.57	-1.57	-1.57	-1.57	
1.0	122.366666667	124.566666667	126.766666667	128.966666667	131.166666667	133.366666667	135.566666667	137.766666667	139.966666667	142.166666667	0.0	0.0	3.91109730291e-06	3.00117610584e-06	-2.03781644839e-06	-5.21681133283e-06	-1.11315855081e-05	-1.51989881065e-05	-1.81629212976e-05	-2.22867744566e-05	0.0	1.77777150132e-06	-4.13600544122e-07	-2.29045116101e-06	-1.44499767475e-06	-2.68853371604e-06	-1.8488193629e-06	-1.34724235959e-06	-1.87447870863e-06	1.39138801098e-06	179.99898914	179.992923979	179.986858818	179.980793657	179.974728496	179.968663335	179.962598174	179.956533013	179.950467852	179.944402691	-3.99999919502	-3.99999436517	-3.99998953532	-3.99998470547	-3.99997987562	-3.99997504577	-3.99997021592	-3.99996538607	-3.99996055621	-3.99995572636	-1.57	-1.57	-1.57	-1.57	-1.57	-1.57	-1.57	-1.57	-1.57	-1.57	
1.01666666667	122.366666667	124.566666667	126.766666667	128.966666667	131.166666667	133.366666667	135.566666667	137.766666667	139.966666667	142.166666667	0.0	0.0	3.91109730291e-06	3.00117610584e-06	-2.03781644839e-06	-5.21681133283e-06	-1.11315855081e-05	-1.51989881065e-05	-1.81629212976e-05	-2.22867744566e-05	0.0	1.77777150132e-06	-4.13600544122e-07	-2.29045116101e-06	-1.44499767475e-06	-2.68853371604e-06	-1.8488193629e-06	-1.34724235959e-06	-1.87447870863e-06	1.39138801098e-06	179.99898914	179.992923979	179.986858818	179.980793657	179.974728496	179.968663335	179.962598174	179.956533013	179.950467852	179.944402691	-3.99999919502	-3.99999436517	-3.99998953532	-3.99998470547	-3.99997987562	-3.99997504577	-3.99997021592	-3.99996538607	-3.99996055621	-3.99995572636	-1.57	-1.57	-1.57	-1.57	-1.57	-1.57	-1.57	-1.57	-1.57	-1.57	
1.03333333333	122.366666667	124.566666667	126.766666667	128.966666667	131.166666667	133.366666667	135.566666667	137.766666667	139.966666667	142.166666667	0.0	0.0	3.91109730291e-06	3.00117610584e-06	-2.03781644839e-06	-5.21681133283e-06	-1.11315855081e-05	-1.51989881065e-05	-1.81629212976e-05	-2.22867744566e-05	0.0	1.77777150132e-06	-4.13600544122e-07	-2.29045116101e-06	-1.44499767475e-06	-2.68853371604e-06	-1.8488193629e-06	-1.34724235959e-06	-1.87447870863e-06	1.39138801098e-06	179.99898914	179.992923979	179.986858818	179.980793657	179.974728496	179.968663335	179.962598174	179.956533013	179.950467852	179.944402691	-3.99999919502	-3.99999436517	-3.99998953532	-3.99998470547	-3.99997987562	-3.99997504577	-3.99997021592	-3.99996538607	-3.99996055621	-3.99995572636	-1.57	-1.57	-1.57	-1.57	-1.57	-1.57	-1.57	-1.57	-1.57	-1.57	
1.05	124.824605834	126.955935834	129.087265834	131.218595834	133.349925834	135.481255834	137.612585834	139.743915835	141.875245835	144.006575835	0.0	0.0	-2.12422595708e-06	-1.47421665799e-06	2.32816036139e-06	5.31980679171e-06	7.2402756781e-06	7.47579813111e-06	1.16256915623e-05	1.71629723785e-05	0.0	-9.96666849772e-07	3.04978252567e-07	1.78403955235e-06	1.40365238143e-06	9.01065947674e-07	1.10504920869e-07	1.94709098584e-06	2.59804010449e-06	2.79800586381e-06	179.964045447	179.916394732	179.868744016	179.8210933	179.773442585	179.725791869	179.678141153	179.630490438	179.582839722	179.535189006	-3.99997136842	-3.99993342287	-3.99989547732	-3.99985753177	-3.99981958622	-3.99978164067	-3.99974369512	-3.99970574957	-3.99966780402	-3.99962985847	-1.57	-1.57	-1.57	-1.57	-1.57	-1.57	-1.57	-1.57	-1.57	-1.57	
1.06666666667	124.824605834	126.955935834	129.087265834	131.218595834	133.349925834	135.481255834	137.612585834	139.743915835	141.875245835	144.006575835	0.0	0.0	-2.12422595708e-06	-1.47421665799e-06	2.32816036139e-06	5.31980679171e-06	7.2402756781e-06	7.47579813111e-06	1.16256915623e-05	1.71629723785e-05	0.0	-9.96666849772e-07	3.04978252567e-07	1.78403955235e-06	1.40365238143e-06	9.01065947674e-07	1.10504920869e-07	1.94709098584e-06	2.59804010449e-06	2.79800586381e-06	179.964045447	179.916394732	179.868744016	179.8210933	179.773442585	179.725791869	179.678141153	179.630490438	179.582839722	179.535189006	-3.99997136842	-3.99993342287	-3.99989547732	-3.99985753177	-3.99981958622	-3.99978164067	-3.99974369512	-3.99970574957	-3.99966780402	-3.99962985847	-1.57	-1.57	-1.57	-1.57	-1.57	-1.57	-1.57	-1.57	-1.57	-1.57	
1.08333333333	124.824605834	126.955935834	129.087265834	131.218595834	133.349925834	135.481255834	137.612585834	139.743915835	141.875245835	144.006575835	0.0	0.0	-2.12422595708e-06	-1.47421665799e-06	2.32816036139e-06	5.31980679171e-06	7.2402756781e-06	7.47579813111e-06	1.16256915623e-05	1.71629723785e-05	0.0	-9.96666849772e-07	3.04978252567e-07	1.78403955235e-06	1.40365238143e-06	9.01065947674e-07	1.10504920869e-07	1.94709098584e-06	2.59804010449e-06	2.79800586381e-06	179.964045447	179.916394732	179.868744016	179.8210933	179.773442585	179.725791869	179.678141153	179.630490438	179.582839722	179.535189006	-3.99997136842	-3.99993342287	-3.99989547732	-3.99985753177	-3.99981958622	-3.99978164067	-3.99974369512	-3.99970574957	-3.99966780402	-3.99962985847	-1.57	-1.57	-1.57	-1.57	-1.57	-1.57	-1.57	-1.57	-1.57	-1.57	
1.1	124.824605834	126.955935834	129.087265834	131.218595834	133.349925834	135.481255834	137.612585834	139.743915835	141.875245835	144.006575835	0.0	0.0	-2.12422595708e-06	-1.47421665799e-06	2.32816036139e-06	5.31980679171e-06	7.2402756781e-06	7.47579813111e-06	1.16256915623e-05	1.71629723785e-05	0.0	-9.96666849772e-07	3.04978252567e-07	1.78403955235e-06	1.40365238143e-06	9.01065947674e-07	1.10504920869e-07	1.94709098584e-06	2.59804010449e-06	2.79800586381e-06	179.964045447	179.916394732	179.868744016	179.8210933	179.773442585	179.725791869	179.678141153	179.630490438	179.582839722	179.535189006	-3.99997136842	-3.99993342287	-3.99989547732	-3.99985753177	-3.99981958622	-3.99978164067	-3.99974369512	-3.99970574957	-3.99966780402	-3.99962985847	-1.57	-1.57	-1.57	-1.57	-1.57	-1.57	-1.57	-1.57	-1.57	-1.57	
1.11666666667	124.824605834	126.955935834	129.087265834	131.218595834	133.349925834	135.481255834	137.612585834	139.743915835	141.875245835	144.006575835	0.0	0.0	-2.12422595708e-06	-1.47421665799e-06	2.32816036139e-06	5.31980679171e-06	7.2402756781e-06	7.47579813111e-06	1.16256915623e-05	1.71629723785e-05	0.0	-9.96666849772e-07	3.04978252567e-07	1.78403955235e-06	1.40365238143e-06	9.01065947674e-07	1.10504920869e-07	1.94709098584e-06	2.59804010449e-06	2.79800586381e-06	179.964045447	179.916394732	179.868744016	179.8210933	179.773442585	179.725791869	179.678141153	179.630490438	179.582839722	179.535189006	-3.99997136842	-3.99993342287	-3.99989547732	-3.99985753177	-3.99981958622	-3.99978164067	-3.99974369512	-3.99970574957	-3.99966780402	-3.99962985847	-1.57	-1.57	-1.57	-1.57	-1.57	-1.57	-1.57	-1.57	-1.57	-1.57	
1.13333333333	124.824605834	126.955935834	129.087265834	131.218595834	133.349925834	135.481255834	137.612585834	139.743915835	141.875245835	144.006575835	0.0	0.0	-2.12422595708e-06	-1.47421665799e-06	2.32816036139e-06	5.31980679171e-06	7.2402756781e-06	7.47579813111e-06	1.16256915623e-05	1.71629723785e-05	0.0	-9.96666849772e-07	3.04978252567e-07	1.78403955235e-06	1.40365238143e-06	9.01065947674e-07	1.10504920869e-07	1.94709098584e-06	2.59804010449e-06	2.79800586381e-06	179.964045447	179.916394732	179.868744016	179.8210933	179.773442585	179.725791869	179.678141153	179.630490438	179.582839722	179.535189006	-3.99997136842	-3.99993342287	-3.99989547732	-3.99985753177	-3.99981958622	-3.99978164067	-3.99974369512	-3.99970574957	-3.99966780402	-3.99962985847	-1.57	-1.57	-1.57	-1.57	-1.57	-1.57	-1.57	-1.57	-1.57	-1.57	
1.15	124.824605834	126.955935834	129.087265834	131.218595834	133.349925834	135.481255834	137.612585834	139.743915835	141.875245835	144.006575835	0.0	0.0	-2.12422595708e-06	-1.47421665799e-06	2.32816036139e-06	5.31980679171e-06	7.2402756781e-06	7.47579813111e-06	1.16256915623e-05	1.71629723785e-05	0.0	-9.96666849772e-07	3.04978252567e-07	1.78403955235e-06	1.40365238143e-06	9.01065947674e-07	1.10504920869e-07	1.94709098584e-06	2.59804010449e-06	2.79800586381e-06	179.964045447	179.916394732	179.868744016	179.8210933	179.773442585	179.725791869	179.678141153	179.630490438	179.582839722	179.535189006	-3.99997136842	-3.99993342287	-3.99989547732	-3.99985753177	-3.99981958622	-3.99978164067	-3.99974369512	-3.99970574957	-3.99966780402	-3.99962985847	-1.57	-1.57	-1.57	-1.57	-1.57	-1.57	-1.57	-1.57	-1.57	-1.57	
1.16666666667	127.20243	129.265090001	131.327750001	133.390410001	135.453070001	137.515730001	139.578390002	141.641050002	143.703710002	145.766370002	0.0	0.0	3.71170975767e-06	-2.69753631986e-06	-7.01803965924e-06	-1.47740692015e-05	-1.60067020225e-05	-1.50840712059e-05	-7.33563670067e-06	4.44703802611e-06	0.0	1.79947725622e-06	-3.10727220042e-06	-2.09462700541e-06	-3.76020747073e-06	-5.97593796771e-07	4.47301453688e-07	3.75652531419e-06	5.71236884689e-06	6.24587551365e-06	179.881580116	179.793828398	179.70607668	179.618324962	179.530573244	179.442821526	179.355069808	179.26731809	179.179566372	179.091814654	-3.99990569905	-3.99983581999	-3.99976594093	-3.99969606188	-3.99962618282	-3.99955630376	-3.9994864247	-3.99941654564	-3.99934666658	-3.99927678752	-1.57	-1.57	-1.57	-1.57	-1.57	-1.57	-1.57	-1.57	-1.57	-1.57	
1.18333333333	127.20243	129.265090001	131.327750001	133.390410001	135.453070001	137.515730001	139.578390002	141.641050002	143.703710002	145.766370002	0.0	0.0	3.71170975767e-06	-2.69753631986e-06	-7.01803965924e-06	-1.47740692015e-05	-1.60067020225e-05	-1.50840712059e-05	-7.33563670067e-06	4.44703802611e-06	0.0	1.79947725622e-06	-3.10727220042e-06	-2.09462700541e-06	-3.76020747073e-06	-5.97593796771e-07	4.47301453688e-07	3.75652531419e-06	5.71236884689e-06	6.24587551365e-06	179.881580116	179.793828398	179.70607668	179.618324962	179.530573244	179.442821526	179.355069808	179.26731809	179.179566372	179.091814654	-3.99990569905	-3.99983581999	-3.99976594093	-3.99969606188	-3.99962618282	-3.99955630376	-3.9994864247	-3.99941654564	-3.99934666658	-3.99927678752	-1.57	-1.57	-1.57	-1.57	-1.57	-1.57	-1.57	-1.57	-1.57	-1.57	
1.2	127.20243	129.265090001	131.327750001	133.390410001	135.453070001	137.515730001	139.578390002	141.641050002	143.703710002	145.766370002	0.0	0.0	3.71170975767e-06	-2.69753631986e-06	-7.01803965924e-06	-1.47740692015e-05	-1.60067020225e-05	-1.50840712059e-05	-7.33563670067e-06	4.44703802611e-06	0.0	1.79947725622e-06	-3.10727220042e-06	-2.09462700541e-06	-3.76020747073e-06	-5.97593796771e-07	4.47301453688e-07	3.75652531419e-06	5.71236884689e-06	6.24587551365e-06	179.881580116	179.793828398	179.70607668	179.618324962	179.530573244	179.442821526	179.355069808	179.26731809	179.179566372	179.091814654	-3.99990569905	-3.99983581999	-3.99976594093	-3.99969606188	-3.99962618282	-3.99955630376	-3.9994864247	-3.99941654564	-3.99934666658	-3.99927678752	-1.57	-1.57	-1.57	-1.57	-1.57	-1.57	-1.57	-1.57	-1.57	-1.57	
1.21666666667	127.20243	129.265090001	131.327750001	133.390410001	135.453070001	137.515730001	139.578390002	141.641050002	143.703710002	145.766370002	0.0	0.0	3.71170975767e-06	-2.69753631986e-06	-7.01803965924e-06	-1.47740692015e-05	-1.60067020225e-05	-1.50840712059e-05	-7.33563670067e-06	4.44703802611e-06	0.0	1.79947725622e-06	-3.10727220042e-06	-2.09462700541e-06	-3.76020747073e-06	-5.97593796771e-07	4.47301453688e-07	3.75652531419e-06	5.71236884689e-06	6.24587551365e-06	179.881580116	179.793828398	179.70607668	179.618324962	179.530573244	179.442821526	179.355069808	179.26731809	179.179566372	179.091814654	-3.99990569905	-3.99983581999	-3.99976594093	-3.99969606188	-3.99962618282	-3.99955630376	-3.9994864247	-3.99941654564	-3.99934666658	-3.99927678752	-1.57	-1.57	-1.57	-1.57	-1.57	-1.57	-1.57	-1.57	-1.57	-1.57	
1.23333333333	127.20243	129.265090001	131.327750001	133.390410001	135.453070001	137.515730001	139.578390002	141.641050002	143.703710002	145.766370002	0.0	0.0	3.71170975767e-06	-2.69753631986e-06	-7.01803965924e-06	-1.47740692015e-05	-1.60067020225e-05	-1.50840712059e-05	-7.33563670067e-06	4.44703802611e-06	0.0	1.79947725622e-06	-3.10727220042e-06	-2.09462700541e-06	-3.76020747073e-06	-5.97593796771e-07	4.47301453688e-07	3.75652531419e-06	5.71236884689e-06	6.24587551365e-06	179.881580116	179.793828398	179.70607668	179.618324962	179.530573244	179.442821526	179.355069808	179.26731809	179.179566372	179.091814654	-3.99990569905	-3.99983581999	-3.99976594093	-3.99969606188	-3.99962618282	-3.99955630376	-3.9994864247	-3.99941654564	-3.99934666658	-3.99927678752	-1.57	-1.57	-1.57	-1.57	-1.57	-1.57	-1.57	-1.57	-1.57	-1.57	
1.25	127.20243	129.265090001	131.327750001	133.390410001	135.453070001	137.515730001	139.578390002	141.641050002	143.703710002	145.766370002	0.0	0.0	3.71170975767e-06	-2.69753631986e-06	-7.01803965924e-06	-1.47740692015e-05	-1.60067020225e-05	-1.50840712059e-05	-7.33563670067e-06	4.44703802611e-06	0.0	1.79947725622e-06	-3.10727220042e-06	-2.09462700541e-06	-3.76020747073e-06	-5.97593796771e-07	4.47301453688e-07	3.75652531419e-06	5.71236884689e-06	6.24587551365e-06	179.881580116	179.793828398	179.70607668	179.618324962	179.530573244	179.442821526	179.355069808	179.26731809	179.179566372	179.091814654	-3.99990569905	-3.99983581999	-3.99976594093	-3.99969606188	-3.99962618282	-3.99955630376	-3.9994864247	-3.99941654564	-3.99934666658	-3.99927678752	-1.57	-1.57	-1.57	-1.57	-1.57	-1.57	-1.57	-1.57	-1.57	-1.57	
1.26666666667	127.20243	129.265090001	131.327750001	133.390410001	135.453070001	137.515730001	139.578390002	141.641050002	143.703710002	145.766370002	0.0	0.0	3.71170975767e-06	-2.69753631986e-06	-7.01803965924e-06	-1.47740692015e-05	-1.60067020225e-05	-1.50840712059e-05	-7.33563670067e-06	4.44703802611e-06	0.0	1.79947725622e-06	-3.10727220042e-06	-2.09462700541e-06	-3.76020747073e-06	-5.97593796771e-07	4.47301453688e-07	3.75652531419e-06	5.71236884689e-06	6.24587551365e-06	179.881580116	179.793828398	179.70607668	179.618324962	179.530573244	179.442821526	179.355069808	179.26731809	179.179566372	179.091814654	-3.99990569905	-3.99983581999	-3.99976594093	-3.99969606188	-3.99962618282	-3.99955630376	-3.9994864247	-3.99941654564	-3.99934666658	-3.99927678752	-1.57	-1.57	-1.57	-1.57	-1.57	-1.57	-1.57	-1.57	-1.57	-1.57	
1.28333333333	129.500139168	131.494129168	133.488119168	135.482109169	137.476099169	139.470089169	141.46407917	143.45806917	145.45205917	147.446049171	0.0	0.0	-3.76640494894e-07	-8.70292217184e-07	-1.65549232827e-06	-6.02018317041e-07	-5.60365762e-07	3.97924844463e-07	8.1350637394e-07	1.15873991015e-06	0.0	-1.88887855421e-07	-2.47569808378e-07	-3.93783374516e-07	5.28324621011e-07	2.08890491096e-08	4.80589474522e-07	2.08417057963e-07	1.73137044896e-07	1.70819899016e-07	179.753289608	179.626868443	179.500447279	179.374026114	179.24760495	179.121183785	178.99476262	178.868341456	178.741920291	178.615499127	-3.99980353786	-3.99970286528	-3.9996021927	-3.99950152012	-3.99940084753	-3.99930017495	-3.99919950237	-3.99909882979	-3.99899815721	-3.99889748462	-1.57	-1.57	-1.57	-1.57	-1.57	-1.57	-1.57	-1.57	-1.57	-1.57	
1.3	129.500139168	131.494129168	133.488119168	135.482109169	137.476099169	139.470089169	141.46407917	143.45806917	145.45205917	147.446049171	0.0	0.0	-3.76640494894e-07	-8.70292217184e-07	-1.65549232827e-06	-6.02018317041e-07	-5.60365762e-07	3.97924844463e-07	8.1350637394e-07	1.15873991015e-06	0.0	-1.88887855421e-07	-2.47569808378e-07	-3.93783374516e-07	5.28324621011e-07	2.08890491096e-08	4.80589474522e-07	2.08417057963e-07	1.73137044896e-07	1.70819899016e-07	179.753289608	179.626868443	179.500447279	179.374026114	179.24760495	179.121183785	178.99476262	178.868341456	178.741920291	178.615499127	-3.99980353786	-3.99970286528	-3.9996021927	-3.99950152012	-3.99940084753	-3.99930017495	-3.99919950237	-3.99909882979	-3.99899815721	-3.99889748462	-1.57	-1.57	-1.57	-1.57	-1.57	-1.57	-1.57	-1.57	-1.57	-1.57	
1.31666666667	129.500139168	131.494129168	133.488119168	135.482109169	137.476099169	139.470089169	141.46407917	143.45806917	145.45205917	147.446049171	0.0	0.0	-3.76640494894e-07	-8.70292217184e-07	-1.65549232827e-06	-6.02018317041e-07	-5.60365762e-07	3.97924844463e-07	8.1350637394e-07	1.15873991015e-06	0.0	-1.88887855421e-07	-2.47569808378e-07	-3.93783374516e-07	5.28324621011e-07	2.08890491096e-08	4.80589474522e-07	2.08417057963e-07	1.73137044896e-07	1.70819899016e-07	179.753289608	179.626868443	179.500447279	179.374026114	179.24760495	179.121183785	178.99476262	178.868341456	178.741920291	178.615499127	-3.99980353786	-3.99970286528	-3.9996021927	-3.99950152012	-3.99940084753	-3.99930017495	-3.99919950237	-3.99909882979	-3.99899815721	-3.99889748462	-1.57	-1.57	-1.57	-1.57	-1.57	-1.57	-1.57	-1.57	-1.57	-1.57	
1.33333333333	129.500139168	131.494129168	133.488119168	135.482109169	137.476099169	139.470089169	141.46407917	143.45806917	145.45205917	147.446049171	0.0	0.0	-3.76640494894e-07	-8.70292217184e-07	-1.65549232827e-06	-6.02018317041e-07	-5.60365762e-07	3.97924844463e-07	8.1350637394e-07	1.15873991015e-06	0.0	-1.88887855421e-07	-2.47569808378e-07	-3.93783374516e-07	5.28324621011e-07	2.08890491096e-08	4.80589474522e-07	2.08417057963e-07	1.73137044896e-07	1.70819899016e-07	179.753289608	179.626868443	179.500447279	179.374026114	179.24760495	179.121183785	178.99476262	178.868341456	178.741920291	178.615499127	-3.99980353786	-3.99970286528	-3.9996021927	-3.99950152012	-3.99940084753	-3.99930017495	-3.99919950237	-3.99909882979	-3.99899815721	-3.99889748462	-1.57	-1.57	-1.57	-1.57	-1.57	-1.57	-1.57	-1.57	-1.57	-1.57	
1.35	129.500139168	131.494129168	133.488119168	135.482109169	137.476099169	139.470089169	141.46407917	143.45806917	145.45205917	147.446049171	0.0	0.0	-3.76640494894e-07	-8.70292217184e-07	-1.65549232827e-06	-6.02018317041e-07	-5.60365762e-07	3.97924844463e-07	8.1350637394e-07	1.15873991015e-06	0.0	-1.88887855421e-07	-2.47569808378e-07	-3.93783374516e-07	5.28324621011e-07	2.08890491096e-08	4.80589474522e-07	2.08417057963e-07	1.73137044896e-07	1.70819899016e-07	179.753289608	179.626868443	179.500447279	179.374026114	179.24760495	179.121183785	178.99476262	178.868341456	178.741920291	178.615499127	-3.99980353786	-3.99970286528	-3.9996021927	-3.99950152012	-3.99940084753	-3.99930017495	-3.99919950237	-3.99909882979	-3.99899815721	-3.99889748462	-1.57	-1.57	-1.57	-1.57	-1.57	-1.57	-1.57	-1.57	-1.57	-1.57	
1.36666666667	129.500139168	131.494129168	133.488119168	135.482109169	137.476099169	139.470089169	141.46407917	143.45806917	145.45205917	147.446049171	0.0	0.0	-3.76640494894e-07	-8.70292217184e-07	-1.65549232827e-06	-6.02018317041e-07	-5.60365762e-07	3.97924844463e-07	8.1350637394e-07	1.15873991015e-06	0.0	-1.88887855421e-07	-2.47569808378e-07	-3.93783374516e-07	5.28324621011e-07	2.08890491096e-08	4.80589474522e-07	2.08417057963e-07	1.73137044896e-07	1.70819899016e-07	179.753289608	179.626868443	179.500447279	179.374026114	179.24760495	179.121183785	178.99476262	178.868341456	178.741920291	178.615499127	-3.99980353786	-3.99970286528	-3.9996021927	-3.99950152012	-3.99940084753	-3.99930017495	-3.99919950237	-3.99909882979	-3.99899815721	-3.99889748462	-1.57	-1.57	-1.57	-1.57	-1.57	-1.57	-1.57	-1.57	-1.57	-1.57	
1.38333333333	131.405839168	133.340969168	135.276099169	137.211229169	139.146359169	141.08148917	143.01661917	144.95174917	146.886879171	148.822009171	0.0	0.0	-2.29257743586e-06	1.64523956029e-06	-2.77728261654e-06	-4.32661631513e-07	-6.76802735715e-06	-6.81242033179e-06	-1.28963114031e-05	-1.68509508946e-05	0.0	-1.18471494704e-06	2.03491083052e-06	-2.28538763601e-06	1.21160903124e-06	-3.27387086374e-06	-2.29405645259e-08	-3.14391853274e-06	-2.04360404251e-06	-1.84879169403e-06	179.608094852	179.449629061	179.29116327	179.132697479	178.974231688	178.815765896	178.657300105	178.498834314	178.340368523	178.181902732	-3.99968791536	-3.99956172478	-3.9994355342	-3.99930934362	-3.99918315303	-3.99905696245	-3.99893077187	-3.99880458129	-3.99867839071	-3.99855220012	-1.57	-1.57	-1.57	-1.57	-1.57	-1.57	-1.57	-1.57	-1.57	-1.57	
1.4	131.405839168	133.340969168	135.276099169	137.211229169	139.146359169	141.08148917	143.01661917	144.95174917	146.886879171	148.822009171	0.0	0.0	-2.29257743586e-06	1.64523956029e-06	-2.77728261654e-06	-4.32661631513e-07	-6.76802735715e-06	-6.81242033179e-06	-1.28963114031e-05	-1.68509508946e-05	0.0	-1.18471494704e-06	2.03491083052e-06	-2.28538763601e-06	1.21160903124e-06	-3.27387086374e-06	-2.29405645259e-08	-3.14391853274e-06	-2.04360404251e-06	-1.84879169403e-06	179.608094852	179.449629061	179.29116327	179.132697479	178.974231688	178.815765896	178.657300105	178.498834314	178.340368523	178.181902732	-3.99968791536	-3.99956172478	-3.9994355342	-3.99930934362	-3.99918315303	-3.99905696245	-3.99893077187	-3.99880458129	-3.99867839071	-3.99855220012	-1.57	-1.57	-1.57	-1.57	-1.57	-1.57	-1.57	-1.57	-1.57	-1.57	
1.41666666667	131.405839168	133.340969168	135.276099169	137.211229169	139.146359169	141.08148917	143.01661917	144.95174917	146.886879171	148.822009171	0.0	0.0	-2.29257743586e-06	1.64523956029e-06	-2.77728261654e-06	-4.32661631513e-07	-6.76802735715e-06	-6.81242033179e-06	-1.28963114031e-05	-1.68509508946e-05	0.0	-1.18471494704e-06	2.03491083052e-06	-2.28538763601e-06	1.21160903124e-06	-3.27387086374e-06	-2.29405645259e-08	-3.14391853274e-06	-2.04360404251e-06	-1.84879169403e-06	179.608094852	179.449629061	179.29116327	179.132697479	178.974231688	178.815765896	178.657300105	178.498834314	178.340368523	178.181902732	-3.99968791536	-3.99956172478	-3.9994355342	-3.99930934362	-3.99918315303	-3.99905696245	-3.99893077187	-3.99880458129	-3.99867839071	-3.99855220012	-1.57	-1.57	-1.57	-1.57	-1.57	-1.57	-1.57	-1.57	-1.57	-1.57	
1.43333333333	131.405839168	133.340969168	135.276099169	137.211229169	139.146359169	141.08148917	143.01661917	144.95174917	146.886879171	148.822009171	0.0	0.0	-2.29257743586e-06	1.64523956029e-06	-2.77728261654e-06	-4.32661631513e-07	-6.76802735715e-06	-6.81242033179e-06	-1.28963114031e-05	-1.68509508946e-05	0.0	-1.18471494704e-06	2.03491083052e-06	-2.28538763601e-06	1.21160903124e-06	-3.27387086374e-06	-2.29405645259e-08	-3.14391853274e-06	-2.04360404251e-06	-1.84879169403e-06	179.608094852	179.449629061	179.29116327	179.132697479	178.974231688	178.815765896	178.657300105	178.498834314	178.340368523	178.181902732	-3.99968791536	-3.99956172478	-3.9994355342	-3.99930934362	-3.99918315303	-3.99905696245	-3.99893077187	-3.99880458129	-3.99867839071	-3.99855220012	-1.57	-1.57	-1.57	-1.57	-1.57	-1.57	-1.57	-1.57	-1.57	-1.57	
1.45	131.405839168	133.340969168	135.276099169	137.211229169	139.146359169	141.08148917	143.01661917	144.95174917	146.886879171	148.822009171	0.0	0.0	-2.29257743586e-06	1.64523956029e-06	-2.77728261654e-06	-4.32661631513e-07	-6.76802735715e-06	-6.81242033179e-06	-1.28963114031e-05	-1.68509508946e-05	0.0	-1.18471494704e-06	2.03491083052e-06	-2.28538763601e-06	1.21160903124e-06	-3.27387086374e-06	-2.29405645259e-08	-3.14391853274e-06	-2.04360404251e-06	-1.84879169403e-06	179.608094852	179.449629061	179.29116327	179.132697479	178.974231688	178.815765896	178.657300105	178.498834314	178.340368523	178.181902732	-3.99968791536	-3.99956172478	-3.9994355342	-3.99930934362	-3.99918315303	-3.99905696245	-3.99893077187	-3.99880458129	-3.99867839071	-3.99855220012	-1.57	-1.57	-1.57	-1.57	-1.57	-1.57	-1.57	-1.57	-1.57	-1.57	
1.46666666667	131.405839168	133.340969168	135.276099169	137.211229169	139.146359169	141.08148917	143.01661917	144.95174917	146.886879171	148.822009171	0.0	0.0	-2.29257743586e-06	1.64523956029e-06	-2.77728261654e-06	-4.32661631513e-07	-6.76802735715e-06	-6.81242033179e-06	-1.28963114031e-05	-1.68509508946e-05	0.0	-1.18471494704e-06	2.03491083052e-06	-2.28538763601e-06	1.21160903124e-06	-3.27387086374e-06	-2.29405645259e-08	-3.14391853274e-06	-2.04360404251e-06	-1.84879169403e-06	179.608094852	179.449629061	179.29116327	179.132697479	178.974231688	178.815765896	178.657300105	178.498834314	178.340368523	178.181902732	-3.99968791536	-3.99956172478	-3.9994355342	-3.99930934362	-3.99918315303	-3.99905696245	-3.99893077187	-3.99880458129	-3.99867839071	-3.99855220012	-1.57	-1.57	-1.57	-1.57	-1.57	-1.57	-1.57	-1.57	-1.57	-1.57	
1.48333333333	133.252679168	135.128949169	137.005219169	138.881489169	140.75775917	142.63402917	144.510299171	146.386569171	148.262839171	150.139109172	0.0	0.0	6.77141944717e-07	-6.68452704307e-07	3.25653628821e-07	-1.83443430649e-06	1.38856782928e-06	7.96541785326e-07	2.31049814358e-06	3.01609157324e-06	0.0	3.6089792225e-07	-7.17164719764e-07	5.29831171914e-07	-1.15126710701e-06	1.71777096853e-06	-3.15533502017e-07	8.06896852773e-07	3.76061776562e-07	2.99594405238e-07	179.431431406	179.241904055	179.052376704	178.862849352	178.673322001	178.483794649	178.294267298	178.104739947	177.915212595	177.725685244	-3.9995472335	-3.99939630776	-3.99924538202	-3.99909445628	-3.99894353054	-3.9987926048	-3.99864167906	-3.99849075332	-3.99833982758	-3.99818890184	-1.57	-1.57	-1.57	-1.57	-1.57	-1.57	-1.57	-1.57	-1.57	-1.57	
1.5	133.252679168	135.128949169	137.005219169	138.881489169	140.75775917	142.63402917	144.510299171	146.386569171	148.262839171	150.139109172	0.0	0.0	6.77141944717e-07	-6.68452704307e-07	3.25653628821e-07	-1.83443430649e-06	1.38856782928e-06	7.96541785326e-07	2.31049814358e-06	3.01609157324e-06	0.0	3.6089792225e-07	-7.17164719764e-07	5.29831171914e-07	-1.15126710701e-06	1.71777096853e-06	-3.15533502017e-07	8.06896852773e-07	3.76061776562e-07	2.99594405238e-07	179.431431406	179.241904055	179.052376704	178.862849352	178.673322001	178.483794649	178.294267298	178.104739947	177.915212595	177.725685244	-3.9995472335	-3.99939630776	-3.99924538202	-3.99909445628	-3.99894353054	-3.9987926048	-3.99864167906	-3.99849075332	-3.99833982758	-3.99818890184	-1.57	-1.57	-1.57	-1.57	-1.57	-1.57	-1.57	-1.57	-1.57	-1.57	
1.51666666667	133.252679168	135.128949169	137.005219169	138.881489169	140.75775917	142.63402917	144.510299171	146.386569171	148.262839171	150.139109172	0.0	0.0	6.77141944717e-07	-6.68452704307e-07	3.25653628821e-07	-1.83443430649e-06	1.38856782928e-06	7.96541785326e-07	2.31049814358e-06	3.01609157324e-06	0.0	3.6089792225e-07	-7.17164719764e-07	5.29831171914e-07	-1.15126710701e-06	1.71777096853e-06	-3.15533502017e-07	8.06896852773e-07	3.76061776562e-07	2.99594405238e-07	179.431431406	179.241904055	179.052376704	178.862849352	178.673322001	178.483794649	178.294267298	178.104739947	177.915212595	177.725685244	-3.9995472335	-3.99939630776	-3.99924538202	-3.99909445628	-3.99894353054	-3.9987926048	-3.99864167906	-3.99849075332	-3.99833982758	-3.99818890184	-1.57	-1.57	-1.57	-1.57	-1.57	-1.57	-1.57	-1.57	-1.57	-1.57	
1.53333333333	133.252679168	135.128949169	137.005219169	138.881489169	140.75775917	142.63402917	144.510299171	146.386569171	148.262839171	150.139109172	0.0	0.0	6.77141944717e-07	-6.68452704307e-07	3.25653628821e-07	-1.83443430649e-06	1.38856782928e-06	7.96541785326e-07	2.31049814358e-06	3.01609157324e-06	0.0	3.6089792225e-07	-7.17164719764e-07	5.29831171914e-07	-1.15126710701e-06	1.71777096853e-06	-3.15533502017e-07	8.06896852773e-07	3.76061776562e-07	2.99594405238e-07	179.431431406	179.241904055	179.052376704	178.862849352	178.673322001	178.483794649	178.294267298	178.104739947	177.915212595	177.725685244	-3.9995472335	-3.99939630776	-3.99924538202	-3.99909445628	-3.99894353054	-3.9987926048	-3.99864167906	-3.99849075332	-3.99833982758	-3.99818890184	-1.57	-1.57	-1.57	-1.57	-1.57	-1.57	-1.57	-1.57	-1.57	-1.57	
1.55	133.252679168	135.128949169	137.005219169	138.881489169	140.75775917	142.63402917	144.510299171	146.386569171	148.262839171	150.139109172	0.0	0.0	6.77141944717e-07	-6.68452704307e-07	3.25653628821e-07	-1.83443430649e-06	1.38856782928e-06	7.96541785326e-07	2.31049814358e-06	3.01609157324e-06	0.0	3.6089792225e-07	-7.17164719764e-07	5.29831171914e-07	-1.15126710701e-06	1.71777096853e-06	-3.15533502017e-07	8.06896852773e-07	3.76061776562e-07	2.99594405238e-07	179.431431406	179.241904055	179.052376704	178.862849352	178.673322001	178.483794649	178.294267298	178.104739947	177.915212595	177.725685244	-3.9995472335	-3.99939630776	-3.99924538202	-3.99909445628	-3.99894353054	-3.9987926048	-3.99864167906	-3.99849075332	-3.99833982758	-3.99818890184	-1.57	-1.57	-1.57	-1.57	-1.57	-1.57	-1.57	-1.57	-1.57	-1.57	
1.56666666667	133.252679168	135.128949169	137.005219169	138.881489169	140.75775917	142.63402917	144.510299171	146.386569171	148.262839171	150.139109172	0.0	0.0	6.77141944717e-07	-6.68452704307e-07	3.25653628821e-07	-1.83443430649e-06	1.38856782928e-06	7.96541785326e-07	2.31049814358e-06	3.01609157324e-06	0.0	3.6089792225e-07	-7.17164719764e-07	5.29831171914e-07	-1.15126710701e-06	1.71777096853e-06	-3.15533502017e-07	8.06896852773e-07	3.76061776562e-07	2.99594405238e-07	179.431431406	179.241904055	179.052376704	178.862849352	178.673322001	178.483794649	178.294267298	178.104739947	177.915212595	177.725685244	-3.9995472335	-3.99939630776	-3.99924538202	-3.99909445628	-3.99894353054	-3.9987926048	-3.99864167906	-3.99849075332	-3.99833982758	-3.99818890184	-1.57	-1.57	-1.57	-1.57	-1.57	-1.57	-1.57	-1.57	-1.57	-1.57	
1.58333333333	133.252679168	135.128949169	137.005219169	138.881489169	140.75775917	142.63402917	144.510299171	146.386569171	148.262839171	150.139109172	0.0	0.0	6.77141944717e-07	-6.68452704307e-07	3.25653628821e-07	-1.83443430649e-06	1.38856782928e-06	7.96541785326e-07	2.31049814358e-06	3.01609157324e-06	0.0	3.6089792225e-07	-7.17164719764e-07	5.29831171914e-07	-1.15126710701e-06	1.71777096853e-06	-3.15533502017e-07	8.06896852773e-07	3.76061776562e-07	2.99594405238e-07	179.431431406	179.241904055	179.052376704	178.862849352	178.673322001	178.483794649	178.294267298	178.104739947	177.915212595	177.725685244	-3.9995472335	-3.99939630776	-3.99924538202	-3.99909445628	-3.99894353054	-3.9987926048	-3.99864167906	-3.99849075332	-3.99833982758	-3.99818890184	-1.57	-1.57	-1.57	-1.57	-1.57	-1.57	-1.57	-1.57	-1.57	-1.57	
1.6	135.332933335	137.140533336	138.948133336	140.755733337	142.563333337	144.370933337	146.178533338	147.986133338	149.793733339	151.601333339	0.0	0.0	1.62632116189e-06	7.27932675497e-07	-9.93873944286e-07	-1.7191898368e-06	-6.75734187532e-07	9.54658235878e-07	4.17587426791e-06	9.70372565053e-06	0.0	8.99712968327e-07	-4.97006243751e-07	-9.52537408396e-07	-4.01259068575e-07	5.77260261696e-07	9.0196527056e-07	1.78204029174e-06	3.05811649782e-06	5.8102789163e-06	179.186837413	178.962273878	178.737710343	178.513146808	178.288583273	178.064019738	177.839456204	177.614892669	177.390329134	177.165765599	-3.99935245671	-3.99917363071	-3.99899480471	-3.99881597871	-3.99863715272	-3.99845832672	-3.99827950072	-3.99810067472	-3.99792184872	-3.99774302273	-1.57	-1.57	-1.57	-1.57	-1.57	-1.57	-1.57	-1.57	-1.57	-1.57	
1.61666666667	135.332933335	137.140533336	138.948133336	140.755733337	142.563333337	144.370933337	146.178533338	147.986133338	149.793733339	151.601333339	0.0	0.0	1.62632116189e-06	7.27932675497e-07	-9.93873944286e-07	-1.7191898368e-06	-6.75734187532e-07	9.54658235878e-07	4.17587426791e-06	9.70372565053e-06	0.0	8.99712968327e-07	-4.97006243751e-07	-9.52537408396e-07	-4.01259068575e-07	5.77260261696e-07	9.0196527056e-07	1.78204029174e-06	3.05811649782e-06	5.8102789163e-06	179.186837413	178.962273878	178.737710343	178.513146808	178.288583273	178.064019738	177.839456204	177.614892669	177.390329134	177.165765599	-3.99935245671	-3.99917363071	-3.99899480471	-3.99881597871	-3.99863715272	-3.99845832672	-3.99827950072	-3.99810067472	-3.99792184872	-3.99774302273	-1.57	-1.57	-1.57	-1.57	-1.57	-1.57	-1.57	-1.57	-1.57	-1.57	
1.63333333333	135.332933335	137.140533336	138.948133336	140.755733337	142.563333337	144.370933337	146.178533338	147.986133338	149.793733339	151.601333339	0.0	0.0	1.62632116189e-06	7.27932675497e-07	-9.93873944286e-07	-1.7191898368e-06	-6.75734187532e-07	9.54658235878e-07	4.17587426791e-06	9.70372565053e-06	0.0	8.99712968327e-07	-4.97006243751e-07	-9.52537408396e-07	-4.01259068575e-07	5.77260261696e-07	9.0196527056e-07	1.78204029174e-06	3.05811649782e-06	5.8102789163e-06	179.186837413	178.962273878	178.737710343	178.513146808	178.288583273	178.064019738	177.839456204	177.614892669	177.390329134	177.165765599	-3.99935245671	-3.99917363071	-3.99899480471	-3.99881597871	-3.99863715272	-3.99845832672	-3.99827950072	-3.99810067472	-3.99792184872	-3.99774302273	-1.57	-1.57	-1.57	-1.57	-1.57	-1.57	-1.57	-1.57	-1.57	-1.57	
1.65	135.332933335	137.140533336	138.948133336	140.755733337	142.563333337	144.370933337	146.178533338	147.986133338	149.793733339	151.601333339	0.0	0.0	1.62632116189e-06	7.27932675497e-07	-9.93873944286e-07	-1.7191898368e-06	-6.75734187532e-07	9.54658235878e-07	4.17587426791e-06	9.70372565053e-06	0.0	8.99712968327e-07	-4.97006243751e-07	-9.52537408396e-07	-4.01259068575e-07	5.77260261696e-07	9.0196527056e-07	1.78204029174e-06	3.05811649782e-06	5.8102789163e-06	179.186837413	178.962273878	178.737710343	178.513146808	178.288583273	178.064019738	177.839456204	177.614892669	177.390329134	177.165765599	-3.99935245671	-3.99917363071	-3.99899480471	-3.99881597871	-3.99863715272	-3.99845832672	-3.99827950072	-3.99810067472	-3.99792184872	-3.99774302273	-1.57	-1.57	-1.57	-1.57	-1.57	-1.57	-1.57	-1.57	-1.57	-1.57	
1.66666666667	135.332933335	137.140533336	138.948133336	140.755733337	142.563333337	144.370933337	146.178533338	147.986133338	149.793733339	151.601333339	0.0	0.0	1.62632116189e-06	7.27932675497e-07	-9.93873944286e-07	-1.7191898368e-06	-6.75734187532e-07	9.54658235878e-07	4.17587426791e-06	9.70372565053e-06	0.0	8.99712968327e-07	-4.97006243751e-07	-9.52537408396e-07	-4.01259068575e-07	5.77260261696e-07	9.0196527056e-07	1.78204029174e-06	3.05811649782e-06	5.8102789163e-06	179.186837413	178.962273878	178.737710343	178.513146808	178.288583273	178.064019738	177.839456204	177.614892669	177.390329134	177.165765599	-3.99935245671	-3.99917363071	-3.99899480471	-3.99881597871	-3.99863715272	-3.99845832672	-3.99827950072	-3.99810067472	-3.99792184872	-3.99774302273	-1.57	-1.57	-1.57	-1.57	-1.57	-1.57	-1.57	-1.57	-1.57	-1.57	
1.68333333333	135.332933335	137.140533336	138.948133336	140.755733337	142.563333337	144.370933337	146.178533338	147.986133338	149.793733339	151.601333339	0.0	0.0	1.62632116189e-06	7.27932675497e-07	-9.93873944286e-07	-1.7191898368e-06	-6.75734187532e-07	9.54658235878e-07	4.17587426791e-06	9.70372565053e-06	0.0	8.99712968327e-07	-4.97006243751e-07	-9.52537408396e-07	-4.01259068575e-07	5.77260261696e-07	9.0196527056e-07	1.78204029174e-06	3.05811649782e-06	5.8102789163e-06	179.186837413	178.962273878	178.737710343	178.513146808	178.288583273	178.064019738	177.839456204	177.614892669	177.390329134	177.165765599	-3.99935245671	-3.99917363071	-3.99899480471	-3.99881597871	-3.99863715272	-3.99845832672	-3.99827950072	-3.99810067472	-3.99792184872	-3.99774302273	-1.57	-1.57	-1.57	-1.57	-1.57	-1.57	-1.57	-1.57	-1.57	-1.57	
1.7	135.332933335	137.140533336	138.948133336	140.755733337	142.563333337	144.370933337	146.178533338	147.986133338	149.793733339	151.601333339	0.0	0.0	1.62632116189e-06	7.27932675497e-07	-9.93873944286e-07	-1.7191898368e-06	-6.75734187532e-07	9.54658235878e-07	4.17587426791e-06	9.70372565053e-06	0.0	8.99712968327e-07	-4.97006243751e-07	-9.52537408396e-07	-4.01259068575e-07	5.77260261696e-07	9.0196527056e-07	1.78204029174e-06	3.05811649782e-06	5.8102789163e-06	179.186837413	178.962273878	178.737710343	178.513146808	178.288583273	178.064019738	177.839456204	177.614892669	177.390329134	177.165765599	-3.99935245671	-3.99917363071	-3.99899480471	-3.99881597871	-3.99863715272	-3.99845832672	-3.99827950072	-3.99810067472	-3.99792184872	-3.99774302273	-1.57	-1.57	-1.57	-1.57	-1.57	-1.57	-1.57	-1.57	-1.57	-1.57	
1.71666666667	137.333072503	139.072002503	140.810932503	142.549862504	144.288792504	146.027722505	147.766652505	149.505582505	151.244512506	152.983442506	0.0	0.0	-1.30949486799e-05	-8.3763806955e-06	-1.72144039509e-05	-1.83699217342e-05	-2.25488772049e-05	-2.77380941513e-05	-3.3375237438e-05	-3.70448674064e-05	0.0	-7.53046337512e-06	2.71348932001e-06	-5.08244912292e-06	-6.64499308787e-07	-2.40317636118e-06	-2.98414366607e-06	-3.24173099855e-06	-2.11028044118e-06	-5.38162595965e-06	178.902206034	178.643857064	178.385508094	178.127159123	177.868810153	177.610461182	177.352112212	177.093763241	176.835414271	176.577065301	-3.99912579707	-3.99892006681	-3.99871433656	-3.99850860631	-3.99830287606	-3.99809714581	-3.99789141556	-3.99768568531	-3.99747995506	-3.99727422481	-1.57	-1.57	-1.57	-1.57	-1.57	-1.57	-1.57	-1.57	-1.57	-1.57	
1.73333333333	137.333072503	139.072002503	140.810932503	142.549862504	144.288792504	146.027722505	147.766652505	149.505582505	151.244512506	152.983442506	0.0	0.0	-1.30949486799e-05	-8.3763806955e-06	-1.72144039509e-05	-1.83699217342e-05	-2.25488772049e-05	-2.77380941513e-05	-3.3375237438e-05	-3.70448674064e-05	0.0	-7.53046337512e-06	2.71348932001e-06	-5.08244912292e-06	-6.64499308787e-07	-2.40317636118e-06	-2.98414366607e-06	-3.24173099855e-06	-2.11028044118e-06	-5.38162595965e-06	178.902206034	178.643857064	178.385508094	178.127159123	177.868810153	177.610461182	177.352112212	177.093763241	176.835414271	176.577065301	-3.99912579707	-3.99892006681	-3.99871433656	-3.99850860631	-3.99830287606	-3.99809714581	-3.99789141556	-3.99768568531	-3.99747995506	-3.99727422481	-1.57	-1.57	-1.57	-1.57	-1.57	-1.57	-1.57	-1.57	-1.57	-1.57	
1.75	137.333072503	139.072002503	140.810932503	142.549862504	144.288792504	146.027722505	147.766652505	149.505582505	151.244512506	152.983442506	0.0	0.0	-1.30949486799e-05	-8.3763806955e-06	-1.72144039509e-05	-1.83699217342e-05	-2.25488772049e-05	-2.77380941513e-05	-3.3375237438e-05	-3.70448674064e-05	0.0	-7.53046337512e-06	2.71348932001e-06	-5.08244912292e-06	-6.64499308787e-07	-2.40317636118e-06	-2.98414366607e-06	-3.24173099855e-06	-2.11028044118e-06	-5.38162595965e-06	178.902206034	178.643857064	178.385508094	178.127159123	177.868810153	177.610461182	177.352112212	177.093763241	176.835414271	176.577065301	-3.99912579707	-3.99892006681	-3.99871433656	-3.99850860631	-3.99830287606	-3.99809714581	-3.99789141556	-3.99768568531	-3.99747995506	-3.99727422481	-1.57	-1.57	-1.57	-1.57	-1.57	-1.57	-1.57	-1.57	-1.57	-1.57	
1.76666666667	137.333072503	139.072002503	140.810932503	142.549862504	144.288792504	146.027722505	147.766652505	149.505582505	151.244512506	152.983442506	0.0	0.0	-1.30949486799e-05	-8.3763806955e-06	-1.72144039509e-05	-1.83699217342e-05	-2.25488772049e-05	-2.77380941513e-05	-3.3375237438e-05	-3.70448674064e-05	0.0	-7.53046337512e-06	2.71348932001e-06	-5.08244912292e-06	-6.64499308787e-07	-2.40317636118e-06	-2.98414366607e-06	-3.24173099855e-06	-2.11028044118e-06	-5.38162595965e-06	178.902206034	178.643857064	178.385508094	178.127159123	177.868810153	177.610461182	177.352112212	177.093763241	176.835414271	176.577065301	-3.99912579707	-3.99892006681	-3.99871433656	-3.99850860631	-3.99830287606	-3.99809714581	-3.99789141556	-3.99768568531	-3.99747995506	-3.99727422481	-1.57	-1.57	-1.57	-1.57	-1.57	-1.57	-1.57	-1.57	-1.57	-1.57	
1.78333333333	137.333072503	139.072002503	140.810932503	142.549862504	144.288792504	146.027722505	147.766652505	149.505582505	151.244512506	152.983442506	0.0	0.0	-1.30949486799e-05	-8.3763806955e-06	-1.72144039509e-05	-1.83699217342e-05	-2.25488772049e-05	-2.77380941513e-05	-3.3375237438e-05	-3.70448674064e-05	0.0	-7.53046337512e-06	2.71348932001e-06	-5.08244912292e-06	-6.64499308787e-07	-2.40317636118e-06	-2.98414366607e-06	-3.24173099855e-06	-2.11028044118e-06	-5.38162595965e-06	178.902206034	178.643857064	178.385508094	178.127159123	177.868810153	177.610461182	177.352112212	177.093763241	176.835414271	176.577065301	-3.99912579707	-3.99892006681	-3.99871433656	-3.99850860631	-3.99830287606	-3.99809714581	-3.99789141556	-3.99768568531	-3.99747995506	-3.99727422481	-1.57	-1.57	-1.57	-1.57	-1.57	-1.57	-1.57	-1.57	-1.57	-1.57	
1.8	137.333072503	139.072002503	140.810932503	142.549862504	144.288792504	146.027722505	147.766652505	149.505582505	151.244512506	152.983442506	0.0	0.0	-1.30949486799e-05	-8.3763806955e-06	-1.72144039509e-05	-1.83699217342e-05	-2.25488772049e-05	-2.77380941513e-05	-3.3375237438e-05	-3.70448674064e-05	0.0	-7.53046337512e-06	2.71348932001e-06	-5.08244912292e-06	-6.64499308787e-07	-2.40317636118e-06	-2.98414366607e-06	-3.24173099855e-06	-2.11028044118e-06	-5.38162595965e-06	178.902206034	178.643857064	178.385508094	178.127159123	177.868810153	177.610461182	177.352112212	177.093763241	176.835414271	176.577065301	-3.99912579707	-3.99892006681	-3.99871433656	-3.99850860631	-3.99830287606	-3.99809714581	-3.99789141556	-3.99768568531	-3.99747995506	-3.99727422481	-1.57	-1.57	-1.57	-1.57	-1.57	-1.57	-1.57	-1.57	-1.57	-1.57	
1.81666666667	138.983712505	140.663782507	142.343852509	144.023922511	145.703992513	147.384062515	149.064132516	150.744202518	152.42427252	154.104342522	0.0	0.0	1.20863014434e-06	-1.54542249524e-06	-2.72447386149e-06	-6.98974493866e-06	-5.82838150496e-06	-4.15195367069e-06	2.34077962963e-06	1.08087967781e-05	0.0	7.19392729467e-07	-1.63924874351e-06	-7.01787047526e-07	-2.53874604774e-06	6.91258954929e-07	9.97832133425e-07	3.86456117489e-06	5.04027638078e-06	6.89141727387e-06	178.627454606	178.341108295	178.054761985	177.768415674	177.482069363	177.195723052	176.909376741	176.62303043	176.336684119	176.050337808	-3.99890700509	-3.99867897981	-3.99845095452	-3.99822292923	-3.99799490394	-3.99776687865	-3.99753885337	-3.99731082808	-3.99708280279	-3.9968547775	-1.57	-1.57	-1.57	-1.57	-1.57	-1.57	-1.57	-1.57	-1.57	-1.57	
1.83333333333	138.983712505	140.663782507	142.343852509	144.023922511	145.703992513	147.384062515	149.064132516	150.744202518	152.42427252	154.104342522	0.0	0.0	1.20863014434e-06	-1.54542249524e-06	-2.72447386149e-06	-6.98974493866e-06	-5.82838150496e-06	-4.15195367069e-06	2.34077962963e-06	1.08087967781e-05	0.0	7.19392729467e-07	-1.63924874351e-06	-7.01787047526e-07	-2.53874604774e-06	6.91258954929e-07	9.97832133425e-07	3.86456117489e-06	5.04027638078e-06	6.89141727387e-06	178.627454606	178.341108295	178.054761985	177.768415674	177.482069363	177.195723052	176.909376741	176.62303043	176.336684119	176.050337808	-3.99890700509	-3.99867897981	-3.99845095452	-3.99822292923	-3.99799490394	-3.99776687865	-3.99753885337	-3.99731082808	-3.99708280279	-3.9968547775	-1.57	-1.57	-1.57	-1.57	-1.57	-1.57	-1.57	-1.57	-1.57	-1.57	
1.85	138.983712505	140.663782507	142.343852509	144.023922511	145.703992513	147.384062515	149.064132516	150.744202518	152.42427252	154.104342522	0.0	0.0	1.20863014434e-06	-1.54542249524e-06	-2.72447386149e-06	-6.98974493866e-06	-5.82838150496e-06	-4.15195367069e-06	2.34077962963e-06	1.08087967781e-05	0.0	7.19392729467e-07	-1.63924874351e-06	-7.01787047526e-07	-2.53874604774e-06	6.91258954929e-07	9.97832133425e-07	3.86456117489e-06	5.04027638078e-06	6.89141727387e-06	178.627454606	178.341108295	178.054761985	177.768415674	177.482069363	177.195723052	176.909376741	176.62303043	176.336684119	176.050337808	-3.99890700509	-3.99867897981	-3.99845095452	-3.99822292923	-3.99799490394	-3.99776687865	-3.99753885337	-3.99731082808	-3.99708280279	-3.9968547775	-1.57	-1.57	-1.57	-1.57	-1.57	-1.57	-1.57	-1.57	-1.57	-1.57	
1.86666666667	138.983712505	140.663782507	142.343852509	144.023922511	145.703992513	147.384062515	149.064132516	150.744202518	152.42427252	154.104342522	0.0	0.0	1.20863014434e-06	-1.54542249524e-06	-2.72447386149e-06	-6.98974493866e-06	-5.82838150496e-06	-4.15195367069e-06	2.34077962963e-06	1.08087967781e-05	0.0	7.19392729467e-07	-1.63924874351e-06	-7.01787047526e-07	-2.53874604774e-06	6.91258954929e-07	9.97832133425e-07	3.86456117489e-06	5.04027638078e-06	6.89141727387e-06	178.627454606	178.341108295	178.054761985	177.768415674	177.482069363	177.195723052	176.909376741	176.62303043	176.336684119	176.050337808	-3.99890700509	-3.99867897981	-3.99845095452	-3.99822292923	-3.99799490394	-3.99776687865	-3.99753885337	-3.99731082808	-3.99708280279	-3.9968547775	-1.57	-1.57	-1.57	-1.57	-1.57	-1.57	-1.57	-1.57	-1.57	-1.57	
1.88333333333	138.983712505	140.663782507	142.343852509	144.023922511	145.703992513	147.384062515	149.064132516	150.744202518	152.42427252	154.104342522	0.0	0.0	1.20863014434e-06	-1.54542249524e-06	-2.72447386149e-06	-6.98974493866e-06	-5.82838150496e-06	-4.15195367069e-06	2.34077962963e-06	1.08087967781e-05	0.0	7.19392729467e-07	-1.63924874351e-06	-7.01787047526e-07	-2.53874604774e-06	6.91258954929e-07	9.97832133425e-07	3.86456117489e-06	5.04027638078e-06	6.89141727387e-06	178.627454606	178.341108295	178.054761985	177.768415674	177.482069363	177.195723052	176.909376741	176.62303043	176.336684119	176.050337808	-3.99890700509	-3.99867897981	-3.99845095452	-3.99822292923	-3.99799490394	-3.99776687865	-3.99753885337	-3.99731082808	-3.99708280279	-3.9968547775	-1.57	-1.57	-1.57	-1.57	-1.57	-1.57	-1.57	-1.57	-1.57	-1.57	
1.9	138.983712505	140.663782507	142.343852509	144.023922511	145.703992513	147.384062515	149.064132516	150.744202518	152.42427252	154.104342522	0.0	0.0	1.20863014434e-06	-1.54542249524e-06	-2.72447386149e-06	-6.98974493866e-06	-5.82838150496e-06	-4.15195367069e-06	2.34077962963e-06	1.08087967781e-05	0.0	7.19392729467e-07	-1.63924874351e-06	-7.01787047526e-07	-2.53874604774e-06	6.91258954929e-07	9.97832133425e-07	3.86456117489e-06	5.04027638078e-06	6.89141727387e-06	178.627454606	178.341108295	178.054761985	177.768415674	177.482069363	177.195723052	176.909376741	176.62303043	176.336684119	176.050337808	-3.99890700509	-3.99867897981	-3.99845095452	-3.99822292923	-3.99799490394	-3.99776687865	-3.99753885337	-3.99731082808	-3.99708280279	-3.9968547775	-1.57	-1.57	-1.57	-1.57	-1.57	-1.57	-1.57	-1.57	-1.57	-1.57	
1.91666666667	140.575492507	142.196702509	143.817912511	145.439122513	147.060332515	148.681542517	150.302752518	151.92396252	153.545172522	155.166382524	0.0	0.0	-2.1140797009e-06	8.30474176436e-08	-4.838279021e-07	1.47261477711e-06	1.02608363415e-06	5.93148783966e-06	4.53743754508e-06	9.15038373117e-06	0.0	-1.30401348279e-06	1.35523905971e-06	-3.49661869274e-07	1.20677930492e-06	-2.75430784682e-07	3.02576729716e-06	-8.59882614198e-07	2.84537239515e-06	6.06269795447e-07	178.325209033	178.011724285	177.698239537	177.384754789	177.071270041	176.757785293	176.444300545	176.130815797	175.817331049	175.503846301	-3.9986663188	-3.99841668244	-3.99816704608	-3.99791740972	-3.99766777337	-3.99741813701	-3.99716850065	-3.99691886429	-3.99666922794	-3.99641959158	-1.57	-1.57	-1.57	-1.57	-1.57	-1.57	-1.57	-1.57	-1.57	-1.57	
1.93333333333	140.575492507	142.196702509	143.817912511	145.439122513	147.060332515	148.681542517	150.302752518	151.92396252	153.545172522	155.166382524	0.0	0.0	-2.1140797009e-06	8.30474176436e-08	-4.838279021e-07	1.47261477711e-06	1.02608363415e-06	5.93148783966e-06	4.53743754508e-06	9.15038373117e-06	0.0	-1.30401348279e-06	1.35523905971e-06	-3.49661869274e-07	1.20677930492e-06	-2.75430784682e-07	3.02576729716e-06	-8.59882614198e-07	2.84537239515e-06	6.06269795447e-07	178.325209033	178.011724285	177.698239537	177.384754789	177.071270041	176.757785293	176.444300545	176.130815797	175.817331049	175.503846301	-3.9986663188	-3.99841668244	-3.99816704608	-3.99791740972	-3.99766777337	-3.99741813701	-3.99716850065	-3.99691886429	-3.99666922794	-3.99641959158	-1.57	-1.57	-1.57	-1.57	-1.57	-1.57	-1.57	-1.57	-1.57	-1.57	
1.95	140.575492507	142.196702509	143.817912511	145.439122513	147.060332515	148.681542517	150.302752518	151.92396252	153.545172522	155.166382524	0.0	0.0	-2.1140797009e-06	8.30474176436e-08	-4.838279021e-07	1.47261477711e-06	1.02608363415e-06	5.93148783966e-06	4.53743754508e-06	9.15038373117e-06	0.0	-1.30401348279e-06	1.35523905971e-06	-3.49661869274e-07	1.20677930492e-06	-2.75430784682e-07	3.02576729716e-06	-8.59882614198e-07	2.84537239515e-06	6.06269795447e-07	178.325209033	178.011724285	177.698239537	177.384754789	177.071270041	176.757785293	176.444300545	176.130815797	175.817331049	175.503846301	-3.9986663188	-3.99841668244	-3.99816704608	-3.99791740972	-3.99766777337	-3.99741813701	-3.99716850065	-3.99691886429	-3.99666922794	-3.99641959158	-1.57	-1.57	-1.57	-1.57	-1.57	-1.57	-1.57	-1.57	-1.57	-1.57	
1.96666666667	140.575492507	142.196702509	143.817912511	145.439122513	147.060332515	148.681542517	150.302752518	151.92396252	153.545172522	155.166382524	0.0	0.0	-2.1140797009e-06	8.30474176436e-08	-4.838279021e-07	1.47261477711e-06	1.02608363415e-06	5.93148783966e-06	4.53743754508e-06	9.15038373117e-06	0.0	-1.30401348279e-06	1.35523905971e-06	-3.49661869274e-07	1.20677930492e-06	-2.75430784682e-07	3.02576729716e-06	-8.59882614198e-07	2.84537239515e-06	6.06269795447e-07	178.325209033	178.011724285	177.698239537	177.384754789	177.071270041	176.757785293	176.444300545	176.130815797	175.817331049	175.503846301	-3.9986663188	-3.99841668244	-3.99816704608	-3.99791740972	-3.99766777337	-3.99741813701	-3.99716850065	-3.99691886429	-3.99666922794	-3.99641959158	-1.57	-1.57	-1.57	-1.57	-1.57	-1.57	-1.57	-1.57	-1.57	-1.57	
1.98333333333	140.575492507	142.196702509	143.817912511	145.439122513	147.060332515	148.681542517	150.302752518	151.92396252	153.545172522	155.166382524	0.0	0.0	-2.1140797009e-06	8.30474176436e-08	-4.838279021e-07	1.47261477711e-06	1.02608363415e-06	5.93148783966e-06	4.53743754508e-06	9.15038373117e-06	0.0	-1.30401348279e-06	1.35523905971e-06	-3.49661869274e-07	1.20677930492e-06	-2.75430784682e-07	3.02576729716e-06	-8.59882614198e-07	2.84537239515e-06	6.06269795447e-07	178.325209033	178.011724285	177.698239537	177.384754789	177.071270041	176.757785293	176.444300545	176.130815797	175.817331049	175.503846301	-3.9986663188	-3.99841668244	-3.99816704608	-3.99791740972	-3.99766777337	-3.99741813701	-3.99716850065	-3.99691886429	-3.99666922794	-3.99641959158	-1.57	-1.57	-1.57	-1.57	-1.57	-1.57	-1.57	-1.57	-1.57	-1.57	
2.0	140.575492507	142.196702509	143.817912511	145.439122513	147.060332515	148.681542517	150.302752518	151.92396252	153.545172522	155.166382524	0.0	0.0	-2.1140797009e-06	8.30474176436e-08	-4.838279021e-07	1.47261477711e-06	1.02608363415e-06	5.93148783966e-06	4.53743754508e-06	9.15038373117e-06	0.0	-1.30401348279e-06	1.35523905971e-06	-3.49661869274e-07	1.20677930492e-06	-2.75430784682e-07	3.02576729716e-06	-8.59882614198e-07	2.84537239515e-06	6.06269795447e-07	178.325209033	178.011724285	177.698239537	177.384754789	177.071270041	176.757785293	176.444300545	176.130815797	175.817331049	175.503846301	-3.9986663188	-3.99841668244	-3.99816704608	-3.99791740972	-3.99766777337	-3.99741813701	-3.99716850065	-3.99691886429	-3.99666922794	-3.99641959158	-1.57	-1.57	-1.57	-1.57	-1.57	-1.57	-1.57	-1.57	-1.57	-1.57	
2.01666666667	140.575492507	142.196702509	143.817912511	145.439122513	147.060332515	148.681542517	150.302752518	151.92396252	153.545172522	155.166382524	0.0	0.0	-2.1140797009e-06	8.30474176436e-08	-4.838279021e-07	1.47261477711e-06	1.02608363415e-06	5.93148783966e-06	4.53743754508e-06	9.15038373117e-06	0.0	-1.30401348279e-06	1.35523905971e-06	-3.49661869274e-07	1.20677930492e-06	-2.75430784682e-07	3.02576729716e-06	-8.59882614198e-07	2.84537239515e-06	6.06269795447e-07	178.325209033	178.011724285	177.698239537	177.384754789	177.071270041	176.757785293	176.444300545	176.130815797	175.817331049	175.503846301	-3.9986663188	-3.99841668244	-3.99816704608	-3.99791740972	-3.99766777337	-3.99741813701	-3.99716850065	-3.99691886429	-3.99666922794	-3.99641959158	-1.57	-1.57	-1.57	-1.57	-1.57	-1.57	-1.57	-1.57	-1.57	-1.57	
2.03333333333	142.358176676	143.910716678	145.46325668	147.015796682	148.568336684	150.120876686	151.673416688	153.22595669	154.778496691	156.331036693	0.0	0.0	1.36290091324e-07	1.31667113231e-07	1.04440132592e-06	1.92171520822e-06	3.00514949018e-06	4.10067472976e-06	4.46023575498e-06	5.91902419548e-06	0.0	8.77852365509e-08	-2.9776869434e-09	5.8789738851e-07	5.65082948721e-07	6.97846290992e-07	7.05634146767e-07	2.31595337175e-07	9.39614076729e-07	6.57399865037e-07	177.93896348	177.594867672	177.250771865	176.906676058	176.562580251	176.218484444	175.874388636	175.530292829	175.186197022	174.842101215	-3.99835874105	-3.99808472828	-3.99781071551	-3.99753670274	-3.99726268997	-3.9969886772	-3.99671466443	-3.99644065166	-3.99616663889	-3.99589262612	-1.57	-1.57	-1.57	-1.57	-1.57	-1.57	-1.57	-1.57	-1.57	-1.57	
2.05	142.358176676	143.910716678	145.46325668	147.015796682	148.568336684	150.120876686	151.673416688	153.22595669	154.778496691	156.331036693	0.0	0.0	1.36290091324e-07	1.31667113231e-07	1.04440132592e-06	1.92171520822e-06	3.00514949018e-06	4.10067472976e-06	4.46023575498e-06	5.91902419548e-06	0.0	8.77852365509e-08	-2.9776869434e-09	5.8789738851e-07	5.65082948721e-07	6.97846290992e-07	7.05634146767e-07	2.31595337175e-07	9.39614076729e-07	6.57399865037e-07	177.93896348	177.594867672	177.250771865	176.906676058	176.562580251	176.218484444	175.874388636	175.530292829	175.186197022	174.842101215	-3.99835874105	-3.99808472828	-3.99781071551	-3.99753670274	-3.99726268997	-3.9969886772	-3.99671466443	-3.99644065166	-3.99616663889	-3.99589262612	-1.57	-1.57	-1.57	-1.57	-1.57	-1.57	-1.57	-1.57	-1.57	-1.57	
2.06666666667	142.358176676	143.910716678	145.46325668	147.015796682	148.568336684	150.120876686	151.673416688	153.22595669	154.778496691	156.331036693	0.0	0.0	1.36290091324e-07	1.31667113231e-07	1.04440132592e-06	1.92171520822e-06	3.00514949018e-06	4.10067472976e-06	4.46023575498e-06	5.91902419548e-06	0.0	8.77852365509e-08	-2.9776869434e-09	5.8789738851e-07	5.65082948721e-07	6.97846290992e-07	7.05634146767e-07	2.31595337175e-07	9.39614076729e-07	6.57399865037e-07	177.93896348	177.594867672	177.250771865	176.906676058	176.562580251	176.218484444	175.874388636	175.530292829	175.186197022	174.842101215	-3.99835874105	-3.99808472828	-3.99781071551	-3.99753670274	-3.99726268997	-3.9969886772	-3.99671466443	-3.99644065166	-3.99616663889	-3.99589262612	-1.57	-1.57	-1.57	-1.57	-1.57	-1.57	-1.57	-1.57	-1.57	-1.57	
2.08333333333	142.358176676	143.910716678	145.46325668	147.015796682	148.568336684	150.120876686	151.673416688	153.22595669	154.778496691	156.331036693	0.0	0.0	1.36290091324e-07	1.31667113231e-07	1.04440132592e-06	1.92171520822e-06	3.00514949018e-06	4.10067472976e-06	4.46023575498e-06	5.91902419548e-06	0.0	8.77852365509e-08	-2.9776869434e-09	5.8789738851e-07	5.65082948721e-07	6.97846290992e-07	7.05634146767e-07	2.31595337175e-07	9.39614076729e-07	6.57399865037e-07	177.93896348	177.594867672	177.250771865	176.906676058	176.562580251	176.218484444	175.874388636	175.530292829	175.186197022	174.842101215	-3.99835874105	-3.99808472828	-3.99781071551	-3.99753670274	-3.99726268997	-3.9969886772	-3.99671466443	-3.99644065166	-3.99616663889	-3.99589262612	-1.57	-1.57	-1.57	-1.57	-1.57	-1.57	-1.57	-1.57	-1.57	-1.57	
2.1	142.358176676	143.910716678	145.46325668	147.015796682	148.568336684	150.120876686	151.673416688	153.22595669	154.778496691	156.331036693	0.0	0.0	1.36290091324e-07	1.31667113231e-07	1.04440132592e-06	1.92171520822e-06	3.00514949018e-06	4.10067472976e-06	4.46023575498e-06	5.91902419548e-06	0.0	8.77852365509e-08	-2.9776869434e-09	5.8789738851e-07	5.65082948721e-07	6.97846290992e-07	7.05634146767e-07	2.31595337175e-07	9.39614076729e-07	6.57399865037e-07	177.93896348	177.594867672	177.250771865	176.906676058	176.562580251	176.218484444	175.874388636	175.530292829	175.186197022	174.842101215	-3.99835874105	-3.99808472828	-3.99781071551	-3.99753670274	-3.99726268997	-3.9969886772	-3.99671466443	-3.99644065166	-3.99616663889	-3.99589262612	-1.57	-1.57	-1.57	-1.57	-1.57	-1.57	-1.57	-1.57	-1.57	-1.57	
2.11666666667	142.358176676	143.910716678	145.46325668	147.015796682	148.568336684	150.120876686	151.673416688	153.22595669	154.778496691	156.331036693	0.0	0.0	1.36290091324e-07	1.31667113231e-07	1.04440132592e-06	1.92171520822e-06	3.00514949018e-06	4.10067472976e-06	4.46023575498e-06	5.91902419548e-06	0.0	8.77852365509e-08	-2.9776869434e-09	5.8789738851e-07	5.65082948721e-07	6.97846290992e-07	7.05634146767e-07	2.31595337175e-07	9.39614076729e-07	6.57399865037e-07	177.93896348	177.594867672	177.250771865	176.906676058	176.562580251	176.218484444	175.874388636	175.530292829	175.186197022	174.842101215	-3.99835874105	-3.99808472828	-3.99781071551	-3.99753670274	-3.99726268997	-3.9969886772	-3.99671466443	-3.99644065166	-3.99616663889	-3.99589262612	-1.57	-1.57	-1.57	-1.57	-1.57	-1.57	-1.57	-1.57	-1.57	-1.57	
2.13333333333	143.822426678	145.31610668	146.809786682	148.303466684	149.797146686	151.290826688	152.78450669	154.278186691	155.771866693	157.265546695	0.0	0.0	-7.16214625507e-07	-3.23085711237e-07	7.25207493315e-08	2.49070014824e-07	7.37167641561e-07	3.65695367912e-07	-2.64777921181e-07	-1.42757373511e-06	0.0	-4.794966958e-07	2.63194870228e-07	2.64853556357e-07	1.18197515709e-07	3.26775230376e-07	-2.4869602135e-07	-4.22093948021e-07	-7.78477192189e-07	-4.4988685936e-07	177.58000634	177.210543736	176.841081133	176.47161853	176.102155927	175.732693324	175.363230721	174.993768118	174.624305515	174.254842912	-3.9980728938	-3.99777868076	-3.99748446773	-3.9971902547	-3.99689604167	-3.99660182863	-3.9963076156	-3.99601340257	-3.99571918954	-3.9954249765	-1.57	-1.57	-1.57	-1.57	-1.57	-1.57	-1.57	-1.57	-1.57	-1.57	
2.15	143.822426678	145.31610668	146.809786682	148.303466684	149.797146686	151.290826688	152.78450669	154.278186691	155.771866693	157.265546695	0.0	0.0	-7.16214625507e-07	-3.23085711237e-07	7.25207493315e-08	2.49070014824e-07	7.37167641561e-07	3.65695367912e-07	-2.64777921181e-07	-1.42757373511e-06	0.0	-4.794966958e-07	2.63194870228e-07	2.64853556357e-07	1.18197515709e-07	3.26775230376e-07	-2.4869602135e-07	-4.22093948021e-07	-7.78477192189e-07	-4.4988685936e-07	177.58000634	177.210543736	176.841081133	176.47161853	176.102155927	175.732693324	175.363230721	174.993768118	174.624305515	174.254842912	-3.9980728938	-3.99777868076	-3.99748446773	-3.9971902547	-3.99689604167	-3.99660182863	-3.9963076156	-3.99601340257	-3.99571918954	-3.9954249765	-1.57	-1.57	-1.57	-1.57	-1.57	-1.57	-1.57	-1.57	-1.57	-1.57	
2.16666666667	143.822426678	145.31610668	146.809786682	148.303466684	149.797146686	151.290826688	152.78450669	154.278186691	155.771866693	157.265546695	0.0	0.0	-7.16214625507e-07	-3.23085711237e-07	7.25207493315e-08	2.49070014824e-07	7.37167641561e-07	3.65695367912e-07	-2.64777921181e-07	-1.42757373511e-06	0.0	-4.794966958e-07	2.63194870228e-07	2.64853556357e-07	1.18197515709e-07	3.26775230376e-07	-2.4869602135e-07	-4.22093948021e-07	-7.78477192189e-07	-4.4988685936e-07	177.58000634	177.210543736	176.841081133	176.47161853	176.102155927	175.732693324	175.363230721	174.993768118	174.624305515	174.254842912	-3.9980728938	-3.99777868076	-3.99748446773	-3.9971902547	-3.99689604167	-3.99660182863	-3.9963076156	-3.99601340257	-3.99571918954	-3.9954249765	-1.57	-1.57	-1.57	-1.57	-1.57	-1.57	-1.57	-1.57	-1.57	-1.57	
2.18333333333	143.822426678	145.31610668	146.809786682	148.303466684	149.797146686	151.290826688	152.78450669	154.278186691	155.771866693	157.265546695	0.0	0.0	-7.16214625507e-07	-3.23085711237e-07	7.25207493315e-08	2.49070014824e-07	7.37167641561e-07	3.65695367912e-07	-2.64777921181e-07	-1.42757373511e-06	0.0	-4.794966958e-07	2.63194870228e-07	2.64853556357e-07	1.18197515709e-07	3.26775230376e-07	-2.4869602135e-07	-4.22093948021e-07	-7.78477192189e-07	-4.4988685936e-07	177.58000634	177.210543736	176.841081133	176.47161853	176.102155927	175.732693324	175.363230721	174.993768118	174.624305515	174.254842912	-3.9980728938	-3.99777868076	-3.99748446773	-3.9971902547	-3.99689604167	-3.99660182863	-3.9963076156	-3.99601340257	-3.99571918954	-3.9954249765	-1.57	-1.57	-1.57	-1.57	-1.57	-1.57	-1.57	-1.57	-1.57	-1.57	
2.2	143.822426678	145.31610668	146.809786682	148.303466684	149.797146686	151.290826688	152.78450669	154.278186691	155.771866693	157.265546695	0.0	0.0	-7.16214625507e-07	-3.23085711237e-07	7.25207493315e-08	2.49070014824e-07	7.37167641561e-07	3.65695367912e-07	-2.64777921181e-07	-1.42757373511e-06	0.0	-4.794966958e-07	2.63194870228e-07	2.64853556357e-07	1.18197515709e-07	3.26775230376e-07	-2.4869602135e-07	-4.22093948021e-07	-7.78477192189e-07	-4.4988685936e-07	177.58000634	177.210543736	176.841081133	176.47161853	176.102155927	175.732693324	175.363230721	174.993768118	174.624305515	174.254842912	-3.9980728938	-3.99777868076	-3.99748446773	-3.9971902547	-3.99689604167	-3.99660182863	-3.9963076156	-3.99601340257	-3.99571918954	-3.9954249765	-1.57	-1.57	-1.57	-1.57	-1.57	-1.57	-1.57	-1.57	-1.57	-1.57	
2.21666666667	143.822426678	145.31610668	146.809786682	148.303466684	149.797146686	151.290826688	152.78450669	154.278186691	155.771866693	157.265546695	0.0	0.0	-7.16214625507e-07	-3.23085711237e-07	7.25207493315e-08	2.49070014824e-07	7.37167641561e-07	3.65695367912e-07	-2.64777921181e-07	-1.42757373511e-06	0.0	-4.794966958e-07	2.63194870228e-07	2.64853556357e-07	1.18197515709e-07	3.26775230376e-07	-2.4869602135e-07	-4.22093948021e-07	-7.78477192189e-07	-4.4988685936e-07	177.58000634	177.210543736	176.841081133	176.47161853	176.102155927	175.732693324	175.363230721	174.993768118	174.624305515	174.254842912	-3.9980728938	-3.99777868076	-3.99748446773	-3.9971902547	-3.99689604167	-3.99660182863	-3.9963076156	-3.99601340257	-3.99571918954	-3.9954249765	-1.57	-1.57	-1.57	-1.57	-1.57	-1.57	-1.57	-1.57	-1.57	-1.57	
2.23333333333	145.22781668	146.662636682	148.097456684	149.532276686	150.967096688	152.40191669	153.836736691	155.271556693	156.706376695	158.141196697	0.0	0.0	6.48592630332e-07	-9.99765847485e-07	1.49670479491e-06	2.27034661733e-06	5.10732578468e-06	6.26588715232e-06	8.28400493028e-06	8.32830007531e-06	0.0	4.52037628037e-07	-1.14882596813e-06	1.73991904144e-06	5.39190854169e-07	1.97723697992e-06	8.07461121313e-07	1.40653027923e-06	3.08715692385e-08	2.27688631498e-06	177.19613832	176.802087125	176.408035929	176.013984734	175.619933538	175.225882342	174.831831147	174.437779951	174.043728756	173.64967756	-3.99776720934	-3.99745341575	-3.99713962216	-3.99682582857	-3.99651203498	-3.99619824138	-3.99588444779	-3.9955706542	-3.99525686061	-3.99494306702	-1.57	-1.57	-1.57	-1.57	-1.57	-1.57	-1.57	-1.57	-1.57	-1.57	
2.25	145.22781668	146.662636682	148.097456684	149.532276686	150.967096688	152.40191669	153.836736691	155.271556693	156.706376695	158.141196697	0.0	0.0	6.48592630332e-07	-9.99765847485e-07	1.49670479491e-06	2.27034661733e-06	5.10732578468e-06	6.26588715232e-06	8.28400493028e-06	8.32830007531e-06	0.0	4.52037628037e-07	-1.14882596813e-06	1.73991904144e-06	5.39190854169e-07	1.97723697992e-06	8.07461121313e-07	1.40653027923e-06	3.08715692385e-08	2.27688631498e-06	177.19613832	176.802087125	176.408035929	176.013984734	175.619933538	175.225882342	174.831831147	174.437779951	174.043728756	173.64967756	-3.99776720934	-3.99745341575	-3.99713962216	-3.99682582857	-3.99651203498	-3.99619824138	-3.99588444779	-3.9955706542	-3.99525686061	-3.99494306702	-1.57	-1.57	-1.57	-1.57	-1.57	-1.57	-1.57	-1.57	-1.57	-1.57	
2.26666666667	145.22781668	146.662636682	148.097456684	149.532276686	150.967096688	152.40191669	153.836736691	155.271556693	156.706376695	158.141196697	0.0	0.0	6.48592630332e-07	-9.99765847485e-07	1.49670479491e-06	2.27034661733e-06	5.10732578468e-06	6.26588715232e-06	8.28400493028e-06	8.32830007531e-06	0.0	4.52037628037e-07	-1.14882596813e-06	1.73991904144e-06	5.39190854169e-07	1.97723697992e-06	8.07461121313e-07	1.40653027923e-06	3.08715692385e-08	2.27688631498e-06	177.19613832	176.802087125	176.408035929	176.013984734	175.619933538	175.225882342	174.831831147	174.437779951	174.043728756	173.64967756	-3.99776720934	-3.99745341575	-3.99713962216	-3.99682582857	-3.99651203498	-3.99619824138	-3.99588444779	-3.9955706542	-3.99525686061	-3.99494306702	-1.57	-1.57	-1.57	-1.57	-1.57	-1.57	-1.57	-1.57	-1.57	-1.57	
2.28333333333	145.22781668	146.662636682	148.097456684	149.532276686	150.967096688	152.40191669	153.836736691	155.271556693	156.706376695	158.141196697	0.0	0.0	6.48592630332e-07	-9.99765847485e-07	1.49670479491e-06	2.27034661733e-06	5.10732578468e-06	6.26588715232e-06	8.28400493028e-06	8.32830007531e-06	0.0	4.52037628037e-07	-1.14882596813e-06	1.73991904144e-06	5.39190854169e-07	1.97723697992e-06	8.07461121313e-07	1.40653027923e-06	3.08715692385e-08	2.27688631498e-06	177.19613832	176.802087125	176.408035929	176.013984734	175.619933538	175.225882342	174.831831147	174.437779951	174.043728756	173.64967756	-3.99776720934	-3.99745341575	-3.99713962216	-3.99682582857	-3.99651203498	-3.99619824138	-3.99588444779	-3.9955706542	-3.99525686061	-3.99494306702	-1.57	-1.57	-1.57	-1.57	-1.57	-1.57	-1.57	-1.57	-1.57	-1.57	
2.3	145.22781668	146.662636682	148.097456684	149.532276686	150.967096688	152.40191669	153.836736691	155.271556693	156.706376695	158.141196697	0.0	0.0	6.48592630332e-07	-9.99765847485e-07	1.49670479491e-06	2.27034661733e-06	5.10732578468e-06	6.26588715232e-06	8.28400493028e-06	8.32830007531e-06	0.0	4.52037628037e-07	-1.14882596813e-06	1.73991904144e-06	5.39190854169e-07	1.97723697992e-06	8.07461121313e-07	1.40653027923e-06	3.08715692385e-08	2.27688631498e-06	177.19613832	176.802087125	176.408035929	176.013984734	175.619933538	175.225882342	174.831831147	174.437779951	174.043728756	173.64967756	-3.99776720934	-3.99745341575	-3.99713962216	-3.99682582857	-3.99651203498	-3.99619824138	-3.99588444779	-3.9955706542	-3.99525686061	-3.99494306702	-1.57	-1.57	-1.57	-1.57	-1.57	-1.57	-1.57	-1.57	-1.57	-1.57	
2.31666666667	145.22781668	146.662636682	148.097456684	149.532276686	150.967096688	152.40191669	153.836736691	155.271556693	156.706376695	158.141196697	0.0	0.0	6.48592630332e-07	-9.99765847485e-07	1.49670479491e-06	2.27034661733e-06	5.10732578468e-06	6.26588715232e-06	8.28400493028e-06	8.32830007531e-06	0.0	4.52037628037e-07	-1.14882596813e-06	1.73991904144e-06	5.39190854169e-07	1.97723697992e-06	8.07461121313e-07	1.40653027923e-06	3.08715692385e-08	2.27688631498e-06	177.19613832	176.802087125	176.408035929	176.013984734	175.619933538	175.225882342	174.831831147	174.437779951	174.043728756	173.64967756	-3.99776720934	-3.99745341575	-3.99713962216	-3.99682582857	-3.99651203498	-3.99619824138	-3.99588444779	-3.9955706542	-3.99525686061	-3.99494306702	-1.57	-1.57	-1.57	-1.57	-1.57	-1.57	-1.57	-1.57	-1.57	-1.57	
2.33333333333	146.574346682	147.950306684	149.326266686	150.702226688	152.07818669	153.454146692	154.830106693	156.206066695	157.582026697	158.957986699	0.0	0.0	2.5514016054e-07	-4.01428000538e-07	3.3882580766e-07	-8.53447350406e-07	-1.67498075798e-06	-3.36349022706e-06	-4.56853510337e-06	-7.64795836608e-06	0.0	1.85427018359e-07	-4.77170964384e-07	5.37990789817e-07	-8.6650277362e-07	-5.97061983208e-07	-1.22715011099e-06	-8.7578481541e-07	-2.23801800807e-06	-3.43819466908e-07	176.788123638	176.37023818	175.952352722	175.534467263	175.116581805	174.698696347	174.280810889	173.86292543	173.445039972	173.027154514	-3.99744229625	-3.99710952279	-3.99677674933	-3.99644397588	-3.99611120242	-3.99577842896	-3.9954456555	-3.99511288204	-3.99478010859	-3.99444733513	-1.57	-1.57	-1.57	-1.57	-1.57	-1.57	-1.57	-1.57	-1.57	-1.57	
2.35	146.574346682	147.950306684	149.326266686	150.702226688	152.07818669	153.454146692	154.830106693	156.206066695	157.582026697	158.957986699	0.0	0.0	2.5514016054e-07	-4.01428000538e-07	3.3882580766e-07	-8.53447350406e-07	-1.67498075798e-06	-3.36349022706e-06	-4.56853510337e-06	-7.64795836608e-06	0.0	1.85427018359e-07	-4.77170964384e-07	5.37990789817e-07	-8.6650277362e-07	-5.97061983208e-07	-1.22715011099e-06	-8.7578481541e-07	-2.23801800807e-06	-3.43819466908e-07	176.788123638	176.37023818	175.952352722	175.534467263	175.116581805	174.698696347	174.280810889	173.86292543	173.445039972	173.027154514	-3.99744229625	-3.99710952279	-3.99677674933	-3.99644397588	-3.99611120242	-3.99577842896	-3.9954456555	-3.99511288204	-3.99478010859	-3.99444733513	-1.57	-1.57	-1.57	-1.57	-1.57	-1.57	-1.57	-1.57	-1.57	-1.57	
2.36666666667	146.574346682	147.950306684	149.326266686	150.702226688	152.07818669	153.454146692	154.830106693	156.206066695	157.582026697	158.957986699	0.0	0.0	2.5514016054e-07	-4.01428000538e-07	3.3882580766e-07	-8.53447350406e-07	-1.67498075798e-06	-3.36349022706e-06	-4.56853510337e-06	-7.64795836608e-06	0.0	1.85427018359e-07	-4.77170964384e-07	5.37990789817e-07	-8.6650277362e-07	-5.97061983208e-07	-1.22715011099e-06	-8.7578481541e-07	-2.23801800807e-06	-3.43819466908e-07	176.788123638	176.37023818	175.952352722	175.534467263	175.116581805	174.698696347	174.280810889	173.86292543	173.445039972	173.027154514	-3.99744229625	-3.99710952279	-3.99677674933	-3.99644397588	-3.99611120242	-3.99577842896	-3.9954456555	-3.99511288204	-3.99478010859	-3.99444733513	-1.57	-1.57	-1.57	-1.57	-1.57	-1.57	-1.57	-1.57	-1.57	-1.57	
2.38333333333	146.574346682	147.950306684	149.326266686	150.702226688	152.07818669	153.454146692	154.830106693	156.206066695	157.582026697	158.957986699	0.0	0.0	2.5514016054e-07	-4.01428000538e-07	3.3882580766e-07	-8.53447350406e-07	-1.67498075798e-06	-3.36349022706e-06	-4.56853510337e-06	-7.64795836608e-06	0.0	1.85427018359e-07	-4.77170964384e-07	5.37990789817e-07	-8.6650277362e-07	-5.97061983208e-07	-1.22715011099e-06	-8.7578481541e-07	-2.23801800807e-06	-3.43819466908e-07	176.788123638	176.37023818	175.952352722	175.534467263	175.116581805	174.698696347	174.280810889	173.86292543	173.445039972	173.027154514	-3.99744229625	-3.99710952279	-3.99677674933	-3.99644397588	-3.99611120242	-3.99577842896	-3.9954456555	-3.99511288204	-3.99478010859	-3.99444733513	-1.57	-1.57	-1.57	-1.57	-1.57	-1.57	-1.57	-1.57	-1.57	-1.57	
2.4	146.574346682	147.950306684	149.326266686	150.702226688	152.07818669	153.454146692	154.830106693	156.206066695	157.582026697	158.957986699	0.0	0.0	2.5514016054e-07	-4.01428000538e-07	3.3882580766e-07	-8.53447350406e-07	-1.67498075798e-06	-3.36349022706e-06	-4.56853510337e-06	-7.64795836608e-06	0.0	1.85427018359e-07	-4.77170964384e-07	5.37990789817e-07	-8.6650277362e-07	-5.97061983208e-07	-1.22715011099e-06	-8.7578481541e-07	-2.23801800807e-06	-3.43819466908e-07	176.788123638	176.37023818	175.952352722	175.534467263	175.116581805	174.698696347	174.280810889	173.86292543	173.445039972	173.027154514	-3.99744229625	-3.99710952279	-3.99677674933	-3.99644397588	-3.99611120242	-3.99577842896	-3.9954456555	-3.99511288204	-3.99478010859	-3.99444733513	-1.57	-1.57	-1.57	-1.57	-1.57	-1.57	-1.57	-1.57	-1.57	-1.57	
2.41666666667	146.574346682	147.950306684	149.326266686	150.702226688	152.07818669	153.454146692	154.830106693	156.206066695	157.582026697	158.957986699	0.0	0.0	2.5514016054e-07	-4.01428000538e-07	3.3882580766e-07	-8.53447350406e-07	-1.67498075798e-06	-3.36349022706e-06	-4.56853510337e-06	-7.64795836608e-06	0.0	1.85427018359e-07	-4.77170964384e-07	5.37990789817e-07	-8.6650277362e-07	-5.97061983208e-07	-1.22715011099e-06	-8.7578481541e-07	-2.23801800807e-06	-3.43819466908e-07	176.788123638	176.37023818	175.952352722	175.534467263	175.116581805	174.698696347	174.280810889	173.86292543	173.445039972	173.027154514	-3.99744229625	-3.99710952279	-3.99677674933	-3.99644397588	-3.99611120242	-3.99577842896	-3.9954456555	-3.99511288204	-3.99478010859	-3.99444733513	-1.57	-1.57	-1.57	-1.57	-1.57	-1.57	-1.57	-1.57	-1.57	-1.57	
2.43333333333	146.574346682	147.950306684	149.326266686	150.702226688	152.07818669	153.454146692	154.830106693	156.206066695	157.582026697	158.957986699	0.0	0.0	2.5514016054e-07	-4.01428000538e-07	3.3882580766e-07	-8.53447350406e-07	-1.67498075798e-06	-3.36349022706e-06	-4.56853510337e-06	-7.64795836608e-06	0.0	1.85427018359e-07	-4.77170964384e-07	5.37990789817e-07	-8.6650277362e-07	-5.97061983208e-07	-1.22715011099e-06	-8.7578481541e-07	-2.23801800807e-06	-3.43819466908e-07	176.788123638	176.37023818	175.952352722	175.534467263	175.116581805	174.698696347	174.280810889	173.86292543	173.445039972	173.027154514	-3.99744229625	-3.99710952279	-3.99677674933	-3.99644397588	-3.99611120242	-3.99577842896	-3.9954456555	-3.99511288204	-3.99478010859	-3.99444733513	-1.57	-1.57	-1.57	-1.57	-1.57	-1.57	-1.57	-1.57	-1.57	-1.57	
2.45	148.070905851	149.378195853	150.685485855	151.992775857	153.300065858	154.60735586	155.914645862	157.221935864	158.529225866	159.836515868	0.0	0.0	1.17652445069e-06	8.1017168317e-07	5.92625784133e-07	-2.34370564499e-06	-4.67549897082e-06	-1.04670724802e-05	-1.51759885597e-05	-2.26636797838e-05	0.0	8.99972040592e-07	-2.8023833042e-07	-1.66409823922e-07	-2.24612092556e-06	-1.78368481544e-06	-4.43021326626e-06	-3.60204397843e-06	-5.72764360852e-06	-3.5675381211e-06	176.282574809	175.837805266	175.393035724	174.948266182	174.503496639	174.058727097	173.613957554	173.169188012	172.724418469	172.279648927	-3.99703971409	-3.99668553211	-3.99633135013	-3.99597716815	-3.99562298617	-3.99526880419	-3.99491462221	-3.99456044023	-3.99420625825	-3.99385207628	-1.57	-1.57	-1.57	-1.57	-1.57	-1.57	-1.57	-1.57	-1.57	-1.57	
2.46666666667	148.070905851	149.378195853	150.685485855	151.992775857	153.300065858	154.60735586	155.914645862	157.221935864	158.529225866	159.836515868	0.0	0.0	1.17652445069e-06	8.1017168317e-07	5.92625784133e-07	-2.34370564499e-06	-4.67549897082e-06	-1.04670724802e-05	-1.51759885597e-05	-2.26636797838e-05	0.0	8.99972040592e-07	-2.8023833042e-07	-1.66409823922e-07	-2.24612092556e-06	-1.78368481544e-06	-4.43021326626e-06	-3.60204397843e-06	-5.72764360852e-06	-3.5675381211e-06	176.282574809	175.837805266	175.393035724	174.948266182	174.503496639	174.058727097	173.613957554	173.169188012	172.724418469	172.279648927	-3.99703971409	-3.99668553211	-3.99633135013	-3.99597716815	-3.99562298617	-3.99526880419	-3.99491462221	-3.99456044023	-3.99420625825	-3.99385207628	-1.57	-1.57	-1.57	-1.57	-1.57	-1.57	-1.57	-1.57	-1.57	-1.57	
2.48333333333	148.070905851	149.378195853	150.685485855	151.992775857	153.300065858	154.60735586	155.914645862	157.221935864	158.529225866	159.836515868	0.0	0.0	1.17652445069e-06	8.1017168317e-07	5.92625784133e-07	-2.34370564499e-06	-4.67549897082e-06	-1.04670724802e-05	-1.51759885597e-05	-2.26636797838e-05	0.0	8.99972040592e-07	-2.8023833042e-07	-1.66409823922e-07	-2.24612092556e-06	-1.78368481544e-06	-4.43021326626e-06	-3.60204397843e-06	-5.72764360852e-06	-3.5675381211e-06	176.282574809	175.837805266	175.393035724	174.948266182	174.503496639	174.058727097	173.613957554	173.169188012	172.724418469	172.279648927	-3.99703971409	-3.99668553211	-3.99633135013	-3.99597716815	-3.99562298617	-3.99526880419	-3.99491462221	-3.99456044023	-3.99420625825	-3.99385207628	-1.57	-1.57	-1.57	-1.57	-1.57	-1.57	-1.57	-1.57	-1.57	-1.57	
2.5	148.070905851	149.378195853	150.685485855	151.992775857	153.300065858	154.60735586	155.914645862	157.221935864	158.529225866	159.836515868	0.0	0.0	1.17652445069e-06	8.1017168317e-07	5.92625784133e-07	-2.34370564499e-06	-4.67549897082e-06	-1.04670724802e-05	-1.51759885597e-05	-2.26636797838e-05	0.0	8.99972040592e-07	-2.8023833042e-07	-1.66409823922e-07	-2.24612092556e-06	-1.78368481544e-06	-4.43021326626e-06	-3.60204397843e-06	-5.72764360852e-06	-3.5675381211e-06	176.282574809	175.837805266	175.393035724	174.948266182	174.503496639	174.058727097	173.613957554	173.169188012	172.724418469	172.279648927	-3.99703971409	-3.99668553211	-3.99633135013	-3.99597716815	-3.99562298617	-3.99526880419	-3.99491462221	-3.99456044023	-3.99420625825	-3.99385207628	-1.57	-1.57	-1.57	-1.57	-1.57	-1.57	-1.57	-1.57	-1.57	-1.57	
2.51666666667	148.070905851	149.378195853	150.685485855	151.992775857	153.300065858	154.60735586	155.914645862	157.221935864	158.529225866	159.836515868	0.0	0.0	1.17652445069e-06	8.1017168317e-07	5.92625784133e-07	-2.34370564499e-06	-4.67549897082e-06	-1.04670724802e-05	-1.51759885597e-05	-2.26636797838e-05	0.0	8.99972040592e-07	-2.8023833042e-07	-1.66409823922e-07	-2.24612092556e-06	-1.78368481544e-06	-4.43021326626e-06	-3.60204397843e-06	-5.72764360852e-06	-3.5675381211e-06	176.282574809	175.837805266	175.393035724	174.948266182	174.503496639	174.058727097	173.613957554	173.169188012	172.724418469	172.279648927	-3.99703971409	-3.99668553211	-3.99633135013	-3.99597716815	-3.99562298617	-3.99526880419	-3.99491462221	-3.99456044023	-3.99420625825	-3.99385207628	-1.57	-1.57	-1.57	-1.57	-1.57	-1.57	-1.57	-1.57	-1.57	-1.57	
2.53333333333	148.070905851	149.378195853	150.685485855	151.992775857	153.300065858	154.60735586	155.914645862	157.221935864	158.529225866	159.836515868	0.0	0.0	1.17652445069e-06	8.1017168317e-07	5.92625784133e-07	-2.34370564499e-06	-4.67549897082e-06	-1.04670724802e-05	-1.51759885597e-05	-2.26636797838e-05	0.0	8.99972040592e-07	-2.8023833042e-07	-1.66409823922e-07	-2.24612092556e-06	-1.78368481544e-06	-4.43021326626e-06	-3.60204397843e-06	-5.72764360852e-06	-3.5675381211e-06	176.282574809	175.837805266	175.393035724	174.948266182	174.503496639	174.058727097	173.613957554	173.169188012	172.724418469	172.279648927	-3.99703971409	-3.99668553211	-3.99633135013	-3.99597716815	-3.99562298617	-3.99526880419	-3.99491462221	-3.99456044023	-3.99420625825	-3.99385207628	-1.57	-1.57	-1.57	-1.57	-1.57	-1.57	-1.57	-1.57	-1.57	-1.57	
2.55	148.070905851	149.378195853	150.685485855	151.992775857	153.300065858	154.60735586	155.914645862	157.221935864	158.529225866	159.836515868	0.0	0.0	1.17652445069e-06	8.1017168317e-07	5.92625784133e-07	-2.34370564499e-06	-4.67549897082e-06	-1.04670724802e-05	-1.51759885597e-05	-2.26636797838e-05	0.0	8.99972040592e-07	-2.8023833042e-07	-1.66409823922e-07	-2.24612092556e-06	-1.78368481544e-06	-4.43021326626e-06	-3.60204397843e-06	-5.72764360852e-06	-3.5675381211e-06	176.282574809	175.837805266	175.393035724	174.948266182	174.503496639	174.058727097	173.613957554	173.169188012	172.724418469	172.279648927	-3.99703971409	-3.99668553211	-3.99633135013	-3.99597716815	-3.99562298617	-3.99526880419	-3.99491462221	-3.99456044023	-3.99420625825	-3.99385207628	-1.57	-1.57	-1.57	-1.57	-1.57	-1.57	-1.57	-1.57	-1.57	-1.57	
2.56666666667	149.48735002	150.725970022	151.964590024	153.203210026	154.441830027	155.680450029	156.919070031	158.157690033	159.396310035	160.634930037	0.0	0.0	6.68367150156e-07	2.40319987349e-06	6.8625688933e-06	8.86489533851e-06	1.03443492308e-05	9.02173593558e-06	7.28452788458e-06	6.54770866621e-06	0.0	5.39606294993e-07	1.40061739727e-06	3.60027208733e-06	1.61657848417e-06	1.19443726884e-06	-1.06781199489e-06	-1.40253511833e-06	-5.9487108008e-07	-1.50834545136e-06	175.746304356	175.275610458	174.804916559	174.334222661	173.863528763	173.392834864	172.922140966	172.451447068	171.980753169	171.510059271	-3.99661266747	-3.99623784122	-3.99586301498	-3.99548818874	-3.99511336249	-3.99473853625	-3.99436371001	-3.99398888377	-3.99361405752	-3.99323923128	-1.57	-1.57	-1.57	-1.57	-1.57	-1.57	-1.57	-1.57	-1.57	-1.57	
2.58333333333	149.48735002	150.725970022	151.964590024	153.203210026	154.441830027	155.680450029	156.919070031	158.157690033	159.396310035	160.634930037	0.0	0.0	6.68367150156e-07	2.40319987349e-06	6.8625688933e-06	8.86489533851e-06	1.03443492308e-05	9.02173593558e-06	7.28452788458e-06	6.54770866621e-06	0.0	5.39606294993e-07	1.40061739727e-06	3.60027208733e-06	1.61657848417e-06	1.19443726884e-06	-1.06781199489e-06	-1.40253511833e-06	-5.9487108008e-07	-1.50834545136e-06	175.746304356	175.275610458	174.804916559	174.334222661	173.863528763	173.392834864	172.922140966	172.451447068	171.980753169	171.510059271	-3.99661266747	-3.99623784122	-3.99586301498	-3.99548818874	-3.99511336249	-3.99473853625	-3.99436371001	-3.99398888377	-3.99361405752	-3.99323923128	-1.57	-1.57	-1.57	-1.57	-1.57	-1.57	-1.57	-1.57	-1.57	-1.57	
2.6	149.48735002	150.725970022	151.964590024	153.203210026	154.441830027	155.680450029	156.919070031	158.157690033	159.396310035	160.634930037	0.0	0.0	6.68367150156e-07	2.40319987349e-06	6.8625688933e-06	8.86489533851e-06	1.03443492308e-05	9.02173593558e-06	7.28452788458e-06	6.54770866621e-06	0.0	5.39606294993e-07	1.40061739727e-06	3.60027208733e-06	1.61657848417e-06	1.19443726884e-06	-1.06781199489e-06	-1.40253511833e-06	-5.9487108008e-07	-1.50834545136e-06	175.746304356	175.275610458	174.804916559	174.334222661	173.863528763	173.392834864	172.922140966	172.451447068	171.980753169	171.510059271	-3.99661266747	-3.99623784122	-3.99586301498	-3.99548818874	-3.99511336249	-3.99473853625	-3.99436371001	-3.99398888377	-3.99361405752	-3.99323923128	-1.57	-1.57	-1.57	-1.57	-1.57	-1.57	-1.57	-1.57	-1.57	-1.57	
2.61666666667	149.48735002	150.725970022	151.964590024	153.203210026	154.441830027	155.680450029	156.919070031	158.157690033	159.396310035	160.634930037	0.0	0.0	6.68367150156e-07	2.40319987349e-06	6.8625688933e-06	8.86489533851e-06	1.03443492308e-05	9.02173593558e-06	7.28452788458e-06	6.54770866621e-06	0.0	5.39606294993e-07	1.40061739727e-06	3.60027208733e-06	1.61657848417e-06	1.19443726884e-06	-1.06781199489e-06	-1.40253511833e-06	-5.9487108008e-07	-1.50834545136e-06	175.746304356	175.275610458	174.804916559	174.334222661	173.863528763	173.392834864	172.922140966	172.451447068	171.980753169	171.510059271	-3.99661266747	-3.99623784122	-3.99586301498	-3.99548818874	-3.99511336249	-3.99473853625	-3.99436371001	-3.99398888377	-3.99361405752	-3.99323923128	-1.57	-1.57	-1.57	-1.57	-1.57	-1.57	-1.57	-1.57	-1.57	-1.57	
2.63333333333	149.48735002	150.725970022	151.964590024	153.203210026	154.441830027	155.680450029	156.919070031	158.157690033	159.396310035	160.634930037	0.0	0.0	6.68367150156e-07	2.40319987349e-06	6.8625688933e-06	8.86489533851e-06	1.03443492308e-05	9.02173593558e-06	7.28452788458e-06	6.54770866621e-06	0.0	5.39606294993e-07	1.40061739727e-06	3.60027208733e-06	1.61657848417e-06	1.19443726884e-06	-1.06781199489e-06	-1.40253511833e-06	-5.9487108008e-07	-1.50834545136e-06	175.746304356	175.275610458	174.804916559	174.334222661	173.863528763	173.392834864	172.922140966	172.451447068	171.980753169	171.510059271	-3.99661266747	-3.99623784122	-3.99586301498	-3.99548818874	-3.99511336249	-3.99473853625	-3.99436371001	-3.99398888377	-3.99361405752	-3.99323923128	-1.57	-1.57	-1.57	-1.57	-1.57	-1.57	-1.57	-1.57	-1.57	-1.57	
2.65	149.48735002	150.725970022	151.964590024	153.203210026	154.441830027	155.680450029	156.919070031	158.157690033	159.396310035	160.634930037	0.0	0.0	6.68367150156e-07	2.40319987349e-06	6.8625688933e-06	8.86489533851e-06	1.03443492308e-05	9.02173593558e-06	7.28452788458e-06	6.54770866621e-06	0.0	5.39606294993e-07	1.40061739727e-06	3.60027208733e-06	1.61657848417e-06	1.19443726884e-06	-1.06781199489e-06	-1.40253511833e-06	-5.9487108008e-07	-1.50834545136e-06	175.746304356	175.275610458	174.804916559	174.334222661	173.863528763	173.392834864	172.922140966	172.451447068	171.980753169	171.510059271	-3.99661266747	-3.99623784122	-3.99586301498	-3.99548818874	-3.99511336249	-3.99473853625	-3.99436371001	-3.99398888377	-3.99361405752	-3.99323923128	-1.57	-1.57	-1.57	-1.57	-1.57	-1.57	-1.57	-1.57	-1.57	-1.57	
2.66666666667	150.637680022	151.817440024	152.997200026	154.176960028	155.356720029	156.536480031	157.716240033	158.896000035	160.075760037	161.255520039	0.0	0.0	-2.66428568813e-06	-1.00898682169e-06	-1.49039459097e-06	5.32535271616e-06	9.29789133628e-06	1.75040521434e-05	2.31869152703e-05	3.33861293073e-05	0.0	-2.25832854456e-06	1.40308101962e-06	-4.08055679533e-07	5.77723206066e-06	3.36724301007e-06	6.95578829054e-06	4.81696541455e-06	8.6451600497e-06	3.03152857001e-06	175.263024468	174.770847554	174.278670641	173.786493727	173.294316814	172.802139901	172.309962987	171.817786074	171.32560916	170.833432247	-3.99622781866	-3.99583588491	-3.99544395117	-3.99505201742	-3.99466008367	-3.99426814993	-3.99387621618	-3.99348428243	-3.99309234868	-3.99270041494	-1.57	-1.57	-1.57	-1.57	-1.57	-1.57	-1.57	-1.57	-1.57	-1.57	
2.68333333333	150.637680022	151.817440024	152.997200026	154.176960028	155.356720029	156.536480031	157.716240033	158.896000035	160.075760037	161.255520039	0.0	0.0	-2.66428568813e-06	-1.00898682169e-06	-1.49039459097e-06	5.32535271616e-06	9.29789133628e-06	1.75040521434e-05	2.31869152703e-05	3.33861293073e-05	0.0	-2.25832854456e-06	1.40308101962e-06	-4.08055679533e-07	5.77723206066e-06	3.36724301007e-06	6.95578829054e-06	4.81696541455e-06	8.6451600497e-06	3.03152857001e-06	175.263024468	174.770847554	174.278670641	173.786493727	173.294316814	172.802139901	172.309962987	171.817786074	171.32560916	170.833432247	-3.99622781866	-3.99583588491	-3.99544395117	-3.99505201742	-3.99466008367	-3.99426814993	-3.99387621618	-3.99348428243	-3.99309234868	-3.99270041494	-1.57	-1.57	-1.57	-1.57	-1.57	-1.57	-1.57	-1.57	-1.57	-1.57	
2.7	150.637680022	151.817440024	152.997200026	154.176960028	155.356720029	156.536480031	157.716240033	158.896000035	160.075760037	161.255520039	0.0	0.0	-2.66428568813e-06	-1.00898682169e-06	-1.49039459097e-06	5.32535271616e-06	9.29789133628e-06	1.75040521434e-05	2.31869152703e-05	3.33861293073e-05	0.0	-2.25832854456e-06	1.40308101962e-06	-4.08055679533e-07	5.77723206066e-06	3.36724301007e-06	6.95578829054e-06	4.81696541455e-06	8.6451600497e-06	3.03152857001e-06	175.263024468	174.770847554	174.278670641	173.786493727	173.294316814	172.802139901	172.309962987	171.817786074	171.32560916	170.833432247	-3.99622781866	-3.99583588491	-3.99544395117	-3.99505201742	-3.99466008367	-3.99426814993	-3.99387621618	-3.99348428243	-3.99309234868	-3.99270041494	-1.57	-1.57	-1.57	-1.57	-1.57	-1.57	-1.57	-1.57	-1.57	-1.57	
2.71666666667	150.637680022	151.817440024	152.997200026	154.176960028	155.356720029	156.536480031	157.716240033	158.896000035	160.075760037	161.255520039	0.0	0.0	-2.66428568813e-06	-1.00898682169e-06	-1.49039459097e-06	5.32535271616e-06	9.29789133628e-06	1.75040521434e-05	2.31869152703e-05	3.33861293073e-05	0.0	-2.25832854456e-06	1.40308101962e-06	-4.08055679533e-07	5.77723206066e-06	3.36724301007e-06	6.95578829054e-06	4.81696541455e-06	8.6451600497e-06	3.03152857001e-06	175.263024468	174.770847554	174.278670641	173.786493727	173.294316814	172.802139901	172.309962987	171.817786074	171.32560916	170.833432247	-3.99622781866	-3.99583588491	-3.99544395117	-3.99505201742	-3.99466008367	-3.99426814993	-3.99387621618	-3.99348428243	-3.99309234868	-3.99270041494	-1.57	-1.57	-1.57	-1.57	-1.57	-1.57	-1.57	-1.57	-1.57	-1.57	
2.73333333333	150.637680022	151.817440024	152.997200026	154.176960028	155.356720029	156.536480031	157.716240033	158.896000035	160.075760037	161.255520039	0.0	0.0	-2.66428568813e-06	-1.00898682169e-06	-1.49039459097e-06	5.32535271616e-06	9.29789133628e-06	1.75040521434e-05	2.31869152703e-05	3.33861293073e-05	0.0	-2.25832854456e-06	1.40308101962e-06	-4.08055679533e-07	5.77723206066e-06	3.36724301007e-06	6.95578829054e-06	4.81696541455e-06	8.6451600497e-06	3.03152857001e-06	175.263024468	174.770847554	174.278670641	173.786493727	173.294316814	172.802139901	172.309962987	171.817786074	171.32560916	170.833432247	-3.99622781866	-3.99583588491	-3.99544395117	-3.99505201742	-3.99466008367	-3.99426814993	-3.99387621618	-3.99348428243	-3.99309234868	-3.99270041494	-1.57	-1.57	-1.57	-1.57	-1.57	-1.57	-1.57	-1.57	-1.57	-1.57	
2.75	150.637680022	151.817440024	152.997200026	154.176960028	155.356720029	156.536480031	157.716240033	158.896000035	160.075760037	161.255520039	0.0	0.0	-2.66428568813e-06	-1.00898682169e-06	-1.49039459097e-06	5.32535271616e-06	9.29789133628e-06	1.75040521434e-05	2.31869152703e-05	3.33861293073e-05	0.0	-2.25832854456e-06	1.40308101962e-06	-4.08055679533e-07	5.77723206066e-06	3.36724301007e-06	6.95578829054e-06	4.81696541455e-06	8.6451600497e-06	3.03152857001e-06	175.263024468	174.770847554	174.278670641	173.786493727	173.294316814	172.802139901	172.309962987	171.817786074	171.32560916	170.833432247	-3.99622781866	-3.99583588491	-3.99544395117	-3.99505201742	-3.99466008367	-3.99426814993	-3.99387621618	-3.99348428243	-3.99309234868	-3.99270041494	-1.57	-1.57	-1.57	-1.57	-1.57	-1.57	-1.57	-1.57	-1.57	-1.57	
2.76666666667	151.729150024	152.850050026	153.970950028	155.09185003	156.212750032	157.333650034	158.454550036	159.575450038	160.69635004	161.817250042	0.0	0.0	5.52939186796e-07	-8.9729682195e-07	-1.53543136087e-06	-3.09129068102e-06	-3.56793744467e-06	-4.76657458451e-06	-5.16792847119e-06	-6.26861987665e-06	0.0	4.93299300386e-07	-1.29381390502e-06	-5.69305502521e-07	-1.38804471171e-06	-4.2523575947e-07	-1.06935242902e-06	-3.58063953933e-07	-9.81971097762e-07	-4.96116371521e-07	174.758647678	174.245646806	173.732645934	173.219645063	172.706644191	172.193643319	171.680642447	171.167641575	170.654640704	170.141639832	-3.99582616982	-3.9954176534	-3.99500913697	-3.99460062054	-3.99419210412	-3.99378358769	-3.99337507126	-3.99296655484	-3.99255803841	-3.99214952199	-1.57	-1.57	-1.57	-1.57	-1.57	-1.57	-1.57	-1.57	-1.57	-1.57	
2.78333333333	151.729150024	152.850050026	153.970950028	155.09185003	156.212750032	157.333650034	158.454550036	159.575450038	160.69635004	161.817250042	0.0	0.0	5.52939186796e-07	-8.9729682195e-07	-1.53543136087e-06	-3.09129068102e-06	-3.56793744467e-06	-4.76657458451e-06	-5.16792847119e-06	-6.26861987665e-06	0.0	4.93299300386e-07	-1.29381390502e-06	-5.69305502521e-07	-1.38804471171e-06	-4.2523575947e-07	-1.06935242902e-06	-3.58063953933e-07	-9.81971097762e-07	-4.96116371521e-07	174.758647678	174.245646806	173.732645934	173.219645063	172.706644191	172.193643319	171.680642447	171.167641575	170.654640704	170.141639832	-3.99582616982	-3.9954176534	-3.99500913697	-3.99460062054	-3.99419210412	-3.99378358769	-3.99337507126	-3.99296655484	-3.99255803841	-3.99214952199	-1.57	-1.57	-1.57	-1.57	-1.57	-1.57	-1.57	-1.57	-1.57	-1.57	
2.8	151.729150024	152.850050026	153.970950028	155.09185003	156.212750032	157.333650034	158.454550036	159.575450038	160.69635004	161.817250042	0.0	0.0	5.52939186796e-07	-8.9729682195e-07	-1.53543136087e-06	-3.09129068102e-06	-3.56793744467e-06	-4.76657458451e-06	-5.16792847119e-06	-6.26861987665e-06	0.0	4.93299300386e-07	-1.29381390502e-06	-5.69305502521e-07	-1.38804471171e-06	-4.2523575947e-07	-1.06935242902e-06	-3.58063953933e-07	-9.81971097762e-07	-4.96116371521e-07	174.758647678	174.245646806	173.732645934	173.219645063	172.706644191	172.193643319	171.680642447	171.167641575	170.654640704	170.141639832	-3.99582616982	-3.9954176534	-3.99500913697	-3.99460062054	-3.99419210412	-3.99378358769	-3.99337507126	-3.99296655484	-3.99255803841	-3.99214952199	-1.57	-1.57	-1.57	-1.57	-1.57	-1.57	-1.57	-1.57	-1.57	-1.57	
2.81666666667	151.729150024	152.850050026	153.970950028	155.09185003	156.212750032	157.333650034	158.454550036	159.575450038	160.69635004	161.817250042	0.0	0.0	5.52939186796e-07	-8.9729682195e-07	-1.53543136087e-06	-3.09129068102e-06	-3.56793744467e-06	-4.76657458451e-06	-5.16792847119e-06	-6.26861987665e-06	0.0	4.93299300386e-07	-1.29381390502e-06	-5.69305502521e-07	-1.38804471171e-06	-4.2523575947e-07	-1.06935242902e-06	-3.58063953933e-07	-9.81971097762e-07	-4.96116371521e-07	174.758647678	174.245646806	173.732645934	173.219645063	172.706644191	172.193643319	171.680642447	171.167641575	170.654640704	170.141639832	-3.99582616982	-3.9954176534	-3.99500913697	-3.99460062054	-3.99419210412	-3.99378358769	-3.99337507126	-3.99296655484	-3.99255803841	-3.99214952199	-1.57	-1.57	-1.57	-1.57	-1.57	-1.57	-1.57	-1.57	-1.57	-1.57	
2.83333333333	151.729150024	152.850050026	153.970950028	155.09185003	156.212750032	157.333650034	158.454550036	159.575450038	160.69635004	161.817250042	0.0	0.0	5.52939186796e-07	-8.9729682195e-07	-1.53543136087e-06	-3.09129068102e-06	-3.56793744467e-06	-4.76657458451e-06	-5.16792847119e-06	-6.26861987665e-06	0.0	4.93299300386e-07	-1.29381390502e-06	-5.69305502521e-07	-1.38804471171e-06	-4.2523575947e-07	-1.06935242902e-06	-3.58063953933e-07	-9.81971097762e-07	-4.96116371521e-07	174.758647678	174.245646806	173.732645934	173.219645063	172.706644191	172.193643319	171.680642447	171.167641575	170.654640704	170.141639832	-3.99582616982	-3.9954176534	-3.99500913697	-3.99460062054	-3.99419210412	-3.99378358769	-3.99337507126	-3.99296655484	-3.99255803841	-3.99214952199	-1.57	-1.57	-1.57	-1.57	-1.57	-1.57	-1.57	-1.57	-1.57	-1.57	
2.85	151.729150024	152.850050026	153.970950028	155.09185003	156.212750032	157.333650034	158.454550036	159.575450038	160.69635004	161.817250042	0.0	0.0	5.52939186796e-07	-8.9729682195e-07	-1.53543136087e-06	-3.09129068102e-06	-3.56793744467e-06	-4.76657458451e-06	-5.16792847119e-06	-6.26861987665e-06	0.0	4.93299300386e-07	-1.29381390502e-06	-5.69305502521e-07	-1.38804471171e-06	-4.2523575947e-07	-1.06935242902e-06	-3.58063953933e-07	-9.81971097762e-07	-4.96116371521e-07	174.758647678	174.245646806	173.732645934	173.219645063	172.706644191	172.193643319	171.680642447	171.167641575	170.654640704	170.141639832	-3.99582616982	-3.9954176534	-3.99500913697	-3.99460062054	-3.99419210412	-3.99378358769	-3.99337507126	-3.99296655484	-3.99255803841	-3.99214952199	-1.57	-1.57	-1.57	-1.57	-1.57	-1.57	-1.57	-1.57	-1.57	-1.57	
2.86666666667	152.761760026	153.823800028	154.88584003	155.947880032	157.009920034	158.071960036	159.134000038	160.19604004	161.258080042	162.320120044	0.0	0.0	1.22942667298e-06	1.04577741299e-06	2.61851505253e-06	1.65179669167e-06	5.26748432164e-06	5.16104452098e-06	9.05788115135e-06	7.74759378175e-06	0.0	1.15760863117e-06	-1.72921226733e-07	1.48086478528e-06	-9.10246656461e-07	3.40447405287e-06	-1.00222025961e-07	3.66919948682e-06	-1.23374577899e-06	2.47543846092e-06	174.233821198	173.700635206	173.167449214	172.634263222	172.10107723	171.567891238	171.034705246	170.501519254	169.968333262	169.43514727	-3.99540823635	-3.99498364596	-3.99455905558	-3.9941344652	-3.99370987482	-3.99328528444	-3.99286069405	-3.99243610367	-3.99201151329	-3.99158692291	-1.57	-1.57	-1.57	-1.57	-1.57	-1.57	-1.57	-1.57	-1.57	-1.57	
2.88333333333	152.761760026	153.823800028	154.88584003	155.947880032	157.009920034	158.071960036	159.134000038	160.19604004	161.258080042	162.320120044	0.0	0.0	1.22942667298e-06	1.04577741299e-06	2.61851505253e-06	1.65179669167e-06	5.26748432164e-06	5.16104452098e-06	9.05788115135e-06	7.74759378175e-06	0.0	1.15760863117e-06	-1.72921226733e-07	1.48086478528e-06	-9.10246656461e-07	3.40447405287e-06	-1.00222025961e-07	3.66919948682e-06	-1.23374577899e-06	2.47543846092e-06	174.233821198	173.700635206	173.167449214	172.634263222	172.10107723	171.567891238	171.034705246	170.501519254	169.968333262	169.43514727	-3.99540823635	-3.99498364596	-3.99455905558	-3.9941344652	-3.99370987482	-3.99328528444	-3.99286069405	-3.99243610367	-3.99201151329	-3.99158692291	-1.57	-1.57	-1.57	-1.57	-1.57	-1.57	-1.57	-1.57	-1.57	-1.57	
2.9	152.761760026	153.823800028	154.88584003	155.947880032	157.009920034	158.071960036	159.134000038	160.19604004	161.258080042	162.320120044	0.0	0.0	1.22942667298e-06	1.04577741299e-06	2.61851505253e-06	1.65179669167e-06	5.26748432164e-06	5.16104452098e-06	9.05788115135e-06	7.74759378175e-06	0.0	1.15760863117e-06	-1.72921226733e-07	1.48086478528e-06	-9.10246656461e-07	3.40447405287e-06	-1.00222025961e-07	3.66919948682e-06	-1.23374577899e-06	2.47543846092e-06	174.233821198	173.700635206	173.167449214	172.634263222	172.10107723	171.567891238	171.034705246	170.501519254	169.968333262	169.43514727	-3.99540823635	-3.99498364596	-3.99455905558	-3.9941344652	-3.99370987482	-3.99328528444	-3.99286069405	-3.99243610367	-3.99201151329	-3.99158692291	-1.57	-1.57	-1.57	-1.57	-1.57	-1.57	-1.57	-1.57	-1.57	-1.57	
2.91666666667	152.761760026	153.823800028	154.88584003	155.947880032	157.009920034	158.071960036	159.134000038	160.19604004	161.258080042	162.320120044	0.0	0.0	1.22942667298e-06	1.04577741299e-06	2.61851505253e-06	1.65179669167e-06	5.26748432164e-06	5.16104452098e-06	9.05788115135e-06	7.74759378175e-06	0.0	1.15760863117e-06	-1.72921226733e-07	1.48086478528e-06	-9.10246656461e-07	3.40447405287e-06	-1.00222025961e-07	3.66919948682e-06	-1.23374577899e-06	2.47543846092e-06	174.233821198	173.700635206	173.167449214	172.634263222	172.10107723	171.567891238	171.034705246	170.501519254	169.968333262	169.43514727	-3.99540823635	-3.99498364596	-3.99455905558	-3.9941344652	-3.99370987482	-3.99328528444	-3.99286069405	-3.99243610367	-3.99201151329	-3.99158692291	-1.57	-1.57	-1.57	-1.57	-1.57	-1.57	-1.57	-1.57	-1.57	-1.57	
2.93333333333	152.761760026	153.823800028	154.88584003	155.947880032	157.009920034	158.071960036	159.134000038	160.19604004	161.258080042	162.320120044	0.0	0.0	1.22942667298e-06	1.04577741299e-06	2.61851505253e-06	1.65179669167e-06	5.26748432164e-06	5.16104452098e-06	9.05788115135e-06	7.74759378175e-06	0.0	1.15760863117e-06	-1.72921226733e-07	1.48086478528e-06	-9.10246656461e-07	3.40447405287e-06	-1.00222025961e-07	3.66919948682e-06	-1.23374577899e-06	2.47543846092e-06	174.233821198	173.700635206	173.167449214	172.634263222	172.10107723	171.567891238	171.034705246	170.501519254	169.968333262	169.43514727	-3.99540823635	-3.99498364596	-3.99455905558	-3.9941344652	-3.99370987482	-3.99328528444	-3.99286069405	-3.99243610367	-3.99201151329	-3.99158692291	-1.57	-1.57	-1.57	-1.57	-1.57	-1.57	-1.57	-1.57	-1.57	-1.57	
2.95	152.761760026	153.823800028	154.88584003	155.947880032	157.009920034	158.071960036	159.134000038	160.19604004	161.258080042	162.320120044	0.0	0.0	1.22942667298e-06	1.04577741299e-06	2.61851505253e-06	1.65179669167e-06	5.26748432164e-06	5.16104452098e-06	9.05788115135e-06	7.74759378175e-06	0.0	1.15760863117e-06	-1.72921226733e-07	1.48086478528e-06	-9.10246656461e-07	3.40447405287e-06	-1.00222025961e-07	3.66919948682e-06	-1.23374577899e-06	2.47543846092e-06	174.233821198	173.700635206	173.167449214	172.634263222	172.10107723	171.567891238	171.034705246	170.501519254	169.968333262	169.43514727	-3.99540823635	-3.99498364596	-3.99455905558	-3.9941344652	-3.99370987482	-3.99328528444	-3.99286069405	-3.99243610367	-3.99201151329	-3.99158692291	-1.57	-1.57	-1.57	-1.57	-1.57	-1.57	-1.57	-1.57	-1.57	-1.57	
2.96666666667	153.735510028	154.73869003	155.741870032	156.745050034	157.748230036	158.751410038	159.75459004	160.757770042	161.760950044	162.764130046	0.0	0.0	-2.2763613208e-06	6.61105883733e-07	1.67807149298e-06	5.88758316566e-06	8.63066147212e-06	1.16474843571e-05	1.59912259098e-05	2.10406919124e-05	0.0	-2.26914543372e-06	2.92815566359e-06	1.01374190792e-06	4.19616785041e-06	2.7343829631e-06	3.00725979273e-06	4.3299722322e-06	5.03345959096e-06	6.20019121978e-06	173.689172384	173.136420512	172.58366864	172.030916767	171.478164895	170.925413023	170.37266115	169.819909278	169.267157406	168.714405533	-3.99497451781	-3.99453434659	-3.99409417537	-3.99365400415	-3.99321383293	-3.99277366171	-3.99233349049	-3.99189331927	-3.99145314805	-3.99101297683	-1.57	-1.57	-1.57	-1.57	-1.57	-1.57	-1.57	-1.57	-1.57	-1.57	
2.98333333333	153.735510028	154.73869003	155.741870032	156.745050034	157.748230036	158.751410038	159.75459004	160.757770042	161.760950044	162.764130046	0.0	0.0	-2.2763613208e-06	6.61105883733e-07	1.67807149298e-06	5.88758316566e-06	8.63066147212e-06	1.16474843571e-05	1.59912259098e-05	2.10406919124e-05	0.0	-2.26914543372e-06	2.92815566359e-06	1.01374190792e-06	4.19616785041e-06	2.7343829631e-06	3.00725979273e-06	4.3299722322e-06	5.03345959096e-06	6.20019121978e-06	173.689172384	173.136420512	172.58366864	172.030916767	171.478164895	170.925413023	170.37266115	169.819909278	169.267157406	168.714405533	-3.99497451781	-3.99453434659	-3.99409417537	-3.99365400415	-3.99321383293	-3.99277366171	-3.99233349049	-3.99189331927	-3.99145314805	-3.99101297683	-1.57	-1.57	-1.57	-1.57	-1.57	-1.57	-1.57	-1.57	-1.57	-1.57	
3.0	153.735510028	154.73869003	155.741870032	156.745050034	157.748230036	158.751410038	159.75459004	160.757770042	161.760950044	162.764130046	0.0	0.0	-2.2763613208e-06	6.61105883733e-07	1.67807149298e-06	5.88758316566e-06	8.63066147212e-06	1.16474843571e-05	1.59912259098e-05	2.10406919124e-05	0.0	-2.26914543372e-06	2.92815566359e-06	1.01374190792e-06	4.19616785041e-06	2.7343829631e-06	3.00725979273e-06	4.3299722322e-06	5.03345959096e-06	6.20019121978e-06	173.689172384	173.136420512	172.58366864	172.030916767	171.478164895	170.925413023	170.37266115	169.819909278	169.267157406	168.714405533	-3.99497451781	-3.99453434659	-3.99409417537	-3.99365400415	-3.99321383293	-3.99277366171	-3.99233349049	-3.99189331927	-3.99145314805	-3.99101297683	-1.57	-1.57	-1.57	-1.57	-1.57	-1.57	-1.57	-1.57	-1.57	-1.57	
3.01666666667	153.735510028	154.73869003	155.741870032	156.745050034	157.748230036	158.751410038	159.75459004	160.757770042	161.760950044	162.764130046	0.0	0.0	-2.2763613208e-06	6.61105883733e-07	1.67807149298e-06	5.88758316566e-06	8.63066147212e-06	1.16474843571e-05	1.59912259098e-05	2.10406919124e-05	0.0	-2.26914543372e-06	2.92815566359e-06	1.01374190792e-06	4.19616785041e-06	2.7343829631e-06	3.00725979273e-06	4.3299722322e-06	5.03345959096e-06	6.20019121978e-06	173.689172384	173.136420512	172.58366864	172.030916767	171.478164895	170.925413023	170.37266115	169.819909278	169.267157406	168.714405533	-3.99497451781	-3.99453434659	-3.99409417537	-3.99365400415	-3.99321383293	-3.99277366171	-3.99233349049	-3.99189331927	-3.99145314805	-3.99101297683	-1.57	-1.57	-1.57	-1.57	-1.57	-1.57	-1.57	-1.57	-1.57	-1.57	
3.03333333333	153.735510028	154.73869003	155.741870032	156.745050034	157.748230036	158.751410038	159.75459004	160.757770042	161.760950044	162.764130046	0.0	0.0	-2.2763613208e-06	6.61105883733e-07	1.67807149298e-06	5.88758316566e-06	8.63066147212e-06	1.16474843571e-05	1.59912259098e-05	2.10406919124e-05	0.0	-2.26914543372e-06	2.92815566359e-06	1.01374190792e-06	4.19616785041e-06	2.7343829631e-06	3.00725979273e-06	4.3299722322e-06	5.03345959096e-06	6.20019121978e-06	173.689172384	173.136420512	172.58366864	172.030916767	171.478164895	170.925413023	170.37266115	169.819909278	169.267157406	168.714405533	-3.99497451781	-3.99453434659	-3.99409417537	-3.99365400415	-3.99321383293	-3.99277366171	-3.99233349049	-3.99189331927	-3.99145314805	-3.99101297683	-1.57	-1.57	-1.57	-1.57	-1.57	-1.57	-1.57	-1.57	-1.57	-1.57	
3.05	153.735510028	154.73869003	155.741870032	156.745050034	157.748230036	158.751410038	159.75459004	160.757770042	161.760950044	162.764130046	0.0	0.0	-2.2763613208e-06	6.61105883733e-07	1.67807149298e-06	5.88758316566e-06	8.63066147212e-06	1.16474843571e-05	1.59912259098e-05	2.10406919124e-05	0.0	-2.26914543372e-06	2.92815566359e-06	1.01374190792e-06	4.19616785041e-06	2.7343829631e-06	3.00725979273e-06	4.3299722322e-06	5.03345959096e-06	6.20019121978e-06	173.689172384	173.136420512	172.58366864	172.030916767	171.478164895	170.925413023	170.37266115	169.819909278	169.267157406	168.714405533	-3.99497451781	-3.99453434659	-3.99409417537	-3.99365400415	-3.99321383293	-3.99277366171	-3.99233349049	-3.99189331927	-3.99145314805	-3.99101297683	-1.57	-1.57	-1.57	-1.57	-1.57	-1.57	-1.57	-1.57	-1.57	-1.57	
3.06666666667	153.735510028	154.73869003	155.741870032	156.745050034	157.748230036	158.751410038	159.75459004	160.757770042	161.760950044	162.764130046	0.0	0.0	-2.2763613208e-06	6.61105883733e-07	1.67807149298e-06	5.88758316566e-06	8.63066147212e-06	1.16474843571e-05	1.59912259098e-05	2.10406919124e-05	0.0	-2.26914543372e-06	2.92815566359e-06	1.01374190792e-06	4.19616785041e-06	2.7343829631e-06	3.00725979273e-06	4.3299722322e-06	5.03345959096e-06	6.20019121978e-06	173.689172384	173.136420512	172.58366864	172.030916767	171.478164895	170.925413023	170.37266115	169.819909278	169.267157406	168.714405533	-3.99497451781	-3.99453434659	-3.99409417537	-3.99365400415	-3.99321383293	-3.99277366171	-3.99233349049	-3.99189331927	-3.99145314805	-3.99101297683	-1.57	-1.57	-1.57	-1.57	-1.57	-1.57	-1.57	-1.57	-1.57	-1.57	
3.08333333333	154.797159197	155.731669199	156.666179201	157.600689203	158.535199205	159.469709207	160.404219209	161.338729211	162.273239213	163.207749216	0.0	0.0	2.00526552031e-07	-1.35543512196e-06	-2.68573408278e-06	-5.43450329231e-06	-7.46447168883e-06	-1.0646095351e-05	-1.30344336059e-05	-1.65508206409e-05	0.0	2.14579353441e-07	-1.66500269716e-06	-1.42352565286e-06	-2.9414015938e-06	-2.17222757594e-06	-3.40459027204e-06	-2.55571181645e-06	-3.76281369612e-06	-3.67915820542e-06	173.032991908	172.47211818	171.911244453	171.350370726	170.789496998	170.228623271	169.667749544	169.106875816	168.546002089	167.985128362	-3.99255269166	-3.98451761519	-3.97648253871	-3.96844746224	-3.96041238576	-3.95237730929	-3.94434223281	-3.93630715634	-3.92827207987	-3.92023700339	-1.5564713077	-1.5564713077	-1.5564713077	-1.5564713077	-1.5564713077	-1.5564713077	-1.5564713077	-1.5564713077	-1.5564713077	-1.5564713077	
3.1	154.797159197	155.731669199	156.666179201	157.600689203	158.535199205	159.469709207	160.404219209	161.338729211	162.273239213	163.207749216	0.0	0.0	2.00526552031e-07	-1.35543512196e-06	-2.68573408278e-06	-5.43450329231e-06	-7.46447168883e-06	-1.0646095351e-05	-1.30344336059e-05	-1.65508206409e-05	0.0	2.14579353441e-07	-1.66500269716e-06	-1.42352565286e-06	-2.9414015938e-06	-2.17222757594e-06	-3.40459027204e-06	-2.55571181645e-06	-3.76281369612e-06	-3.67915820542e-06	173.032991908	172.47211818	171.911244453	171.350370726	170.789496998	170.228623271	169.667749544	169.106875816	168.546002089	167.985128362	-3.99255269166	-3.98451761519	-3.97648253871	-3.96844746224	-3.96041238576	-3.95237730929	-3.94434223281	-3.93630715634	-3.92827207987	-3.92023700339	-1.5564713077	-1.5564713077	-1.5564713077	-1.5564713077	-1.5564713077	-1.5564713077	-1.5564713077	-1.5564713077	-1.5564713077	-1.5564713077	
3.11666666667	154.797159197	155.731669199	156.666179201	157.600689203	158.535199205	159.469709207	160.404219209	161.338729211	162.273239213	163.207749216	0.0	0.0	2.00526552031e-07	-1.35543512196e-06	-2.68573408278e-06	-5.43450329231e-06	-7.46447168883e-06	-1.0646095351e-05	-1.30344336059e-05	-1.65508206409e-05	0.0	2.14579353441e-07	-1.66500269716e-06	-1.42352565286e-06	-2.9414015938e-06	-2.17222757594e-06	-3.40459027204e-06	-2.55571181645e-06	-3.76281369612e-06	-3.67915820542e-06	173.032991908	172.47211818	171.911244453	171.350370726	170.789496998	170.228623271	169.667749544	169.106875816	168.546002089	167.985128362	-3.99255269166	-3.98451761519	-3.97648253871	-3.96844746224	-3.96041238576	-3.95237730929	-3.94434223281	-3.93630715634	-3.92827207987	-3.92023700339	-1.5564713077	-1.5564713077	-1.5564713077	-1.5564713077	-1.5564713077	-1.5564713077	-1.5564713077	-1.5564713077	-1.5564713077	-1.5564713077	
3.13333333333	154.797159197	155.731669199	156.666179201	157.600689203	158.535199205	159.469709207	160.404219209	161.338729211	162.273239213	163.207749216	0.0	0.0	2.00526552031e-07	-1.35543512196e-06	-2.68573408278e-06	-5.43450329231e-06	-7.46447168883e-06	-1.0646095351e-05	-1.30344336059e-05	-1.65508206409e-05	0.0	2.14579353441e-07	-1.66500269716e-06	-1.42352565286e-06	-2.9414015938e-06	-2.17222757594e-06	-3.40459027204e-06	-2.55571181645e-06	-3.76281369612e-06	-3.67915820542e-06	173.032991908	172.47211818	171.911244453	171.350370726	170.789496998	170.228623271	169.667749544	169.106875816	168.546002089	167.985128362	-3.99255269166	-3.98451761519	-3.97648253871	-3.96844746224	-3.96041238576	-3.95237730929	-3.94434223281	-3.93630715634	-3.92827207987	-3.92023700339	-1.5564713077	-1.5564713077	-1.5564713077	-1.5564713077	-1.5564713077	-1.5564713077	-1.5564713077	-1.5564713077	-1.5564713077	-1.5564713077	
3.15	154.797159197	155.731669199	156.666179201	157.600689203	158.535199205	159.469709207	160.404219209	161.338729211	162.273239213	163.207749216	0.0	0.0	2.00526552031e-07	-1.35543512196e-06	-2.68573408278e-06	-5.43450329231e-06	-7.46447168883e-06	-1.0646095351e-05	-1.30344336059e-05	-1.65508206409e-05	0.0	2.14579353441e-07	-1.66500269716e-06	-1.42352565286e-06	-2.9414015938e-06	-2.17222757594e-06	-3.40459027204e-06	-2.55571181645e-06	-3.76281369612e-06	-3.67915820542e-06	173.032991908	172.47211818	171.911244453	171.350370726	170.789496998	170.228623271	169.667749544	169.106875816	168.546002089	167.985128362	-3.99255269166	-3.98451761519	-3.97648253871	-3.96844746224	-3.96041238576	-3.95237730929	-3.94434223281	-3.93630715634	-3.92827207987	-3.92023700339	-1.5564713077	-1.5564713077	-1.5564713077	-1.5564713077	-1.5564713077	-1.5564713077	-1.5564713077	-1.5564713077	-1.5564713077	-1.5564713077	
3.16666666667	154.797159197	155.731669199	156.666179201	157.600689203	158.535199205	159.469709207	160.404219209	161.338729211	162.273239213	163.207749216	0.0	0.0	2.00526552031e-07	-1.35543512196e-06	-2.68573408278e-06	-5.43450329231e-06	-7.46447168883e-06	-1.0646095351e-05	-1.30344336059e-05	-1.65508206409e-05	0.0	2.14579353441e-07	-1.66500269716e-06	-1.42352565286e-06	-2.9414015938e-06	-2.17222757594e-06	-3.40459027204e-06	-2.55571181645e-06	-3.76281369612e-06	-3.67915820542e-06	173.032991908	172.47211818	171.911244453	171.350370726	170.789496998	170.228623271	169.667749544	169.106875816	168.546002089	167.985128362	-3.99255269166	-3.98451761519	-3.97648253871	-3.96844746224	-3.96041238576	-3.95237730929	-3.94434223281	-3.93630715634	-3.92827207987	-3.92023700339	-1.5564713077	-1.5564713077	-1.5564713077	-1.5564713077	-1.5564713077	-1.5564713077	-1.5564713077	-1.5564713077	-1.5564713077	-1.5564713077	
3.18333333333	154.797159197	155.731669199	156.666179201	157.600689203	158.535199205	159.469709207	160.404219209	161.338729211	162.273239213	163.207749216	0.0	0.0	2.00526552031e-07	-1.35543512196e-06	-2.68573408278e-06	-5.43450329231e-06	-7.46447168883e-06	-1.0646095351e-05	-1.30344336059e-05	-1.65508206409e-05	0.0	2.14579353441e-07	-1.66500269716e-06	-1.42352565286e-06	-2.9414015938e-06	-2.17222757594e-06	-3.40459027204e-06	-2.55571181645e-06	-3.76281369612e-06	-3.67915820542e-06	173.032991908	172.47211818	171.911244453	171.350370726	170.789496998	170.228623271	169.667749544	169.106875816	168.546002089	167.985128362	-3.99255269166	-3.98451761519	-3.97648253871	-3.96844746224	-3.96041238576	-3.95237730929	-3.94434223281	-3.93630715634	-3.92827207987	-3.92023700339	-1.5564713077	-1.5564713077	-1.5564713077	-1.5564713077	-1.5564713077	-1.5564713077	-1.5564713077	-1.5564713077	-1.5564713077	-1.5564713077	
3.2	155.778693366	156.644533368	157.51037337	158.376213372	159.242053374	160.107893376	160.973733378	161.839573381	162.705413383	163.571253385	0.0	0.0	4.06383070439e-06	2.23281074614e-06	4.92231042977e-06	2.55048157067e-06	4.71355197949e-06	5.52832405984e-06	9.45785154258e-06	1.01185618264e-05	0.0	4.69351230555e-06	-2.11473246078e-06	3.10623172546e-06	-2.73933850758e-06	2.49823339604e-06	9.41019216468e-07	4.53839909604e-06	7.63085884492e-07	6.61206620266e-06	172.397079821	171.864046147	171.331012473	170.7979788	170.264945126	169.731911452	169.198877779	168.665844105	168.132810431	167.599776758	-3.96592712969	-3.93221002192	-3.89849291415	-3.86477580638	-3.83105869861	-3.79734159084	-3.76362448307	-3.72990737531	-3.69619026754	-3.66247315977	-1.5076253728	-1.5076253728	-1.5076253728	-1.5076253728	-1.5076253728	-1.5076253728	-1.5076253728	-1.5076253728	-1.5076253728	-1.5076253728	
3.21666666667	155.778693366	156.644533368	157.51037337	158.376213372	159.242053374	160.107893376	160.973733378	161.839573381	162.705413383	163.571253385	0.0	0.0	4.06383070439e-06	2.23281074614e-06	4.92231042977e-06	2.55048157067e-06	4.71355197949e-06	5.52832405984e-06	9.45785154258e-06	1.01185618264e-05	0.0	4.69351230555e-06	-2.11473246078e-06	3.10623172546e-06	-2.73933850758e-06	2.49823339604e-06	9.41019216468e-07	4.53839909604e-06	7.63085884492e-07	6.61206620266e-06	172.397079821	171.864046147	171.331012473	170.7979788	170.264945126	169.731911452	169.198877779	168.665844105	168.132810431	167.599776758	-3.96592712969	-3.93221002192	-3.89849291415	-3.86477580638	-3.83105869861	-3.79734159084	-3.76362448307	-3.72990737531	-3.69619026754	-3.66247315977	-1.5076253728	-1.5076253728	-1.5076253728	-1.5076253728	-1.5076253728	-1.5076253728	-1.5076253728	-1.5076253728	-1.5076253728	-1.5076253728	
3.23333333333	155.778693366	156.644533368	157.51037337	158.376213372	159.242053374	160.107893376	160.973733378	161.839573381	162.705413383	163.571253385	0.0	0.0	4.06383070439e-06	2.23281074614e-06	4.92231042977e-06	2.55048157067e-06	4.71355197949e-06	5.52832405984e-06	9.45785154258e-06	1.01185618264e-05	0.0	4.69351230555e-06	-2.11473246078e-06	3.10623172546e-06	-2.73933850758e-06	2.49823339604e-06	9.41019216468e-07	4.53839909604e-06	7.63085884492e-07	6.61206620266e-06	172.397079821	171.864046147	171.331012473	170.7979788	170.264945126	169.731911452	169.198877779	168.665844105	168.132810431	167.599776758	-3.96592712969	-3.93221002192	-3.89849291415	-3.86477580638	-3.83105869861	-3.79734159084	-3.76362448307	-3.72990737531	-3.69619026754	-3.66247315977	-1.5076253728	-1.5076253728	-1.5076253728	-1.5076253728	-1.5076253728	-1.5076253728	-1.5076253728	-1.5076253728	-1.5076253728	-1.5076253728	
3.25	155.778693366	156.644533368	157.51037337	158.376213372	159.242053374	160.107893376	160.973733378	161.839573381	162.705413383	163.571253385	0.0	0.0	4.06383070439e-06	2.23281074614e-06	4.92231042977e-06	2.55048157067e-06	4.71355197949e-06	5.52832405984e-06	9.45785154258e-06	1.01185618264e-05	0.0	4.69351230555e-06	-2.11473246078e-06	3.10623172546e-06	-2.73933850758e-06	2.49823339604e-06	9.41019216468e-07	4.53839909604e-06	7.63085884492e-07	6.61206620266e-06	172.397079821	171.864046147	171.331012473	170.7979788	170.264945126	169.731911452	169.198877779	168.665844105	168.132810431	167.599776758	-3.96592712969	-3.93221002192	-3.89849291415	-3.86477580638	-3.83105869861	-3.79734159084	-3.76362448307	-3.72990737531	-3.69619026754	-3.66247315977	-1.5076253728	-1.5076253728	-1.5076253728	-1.5076253728	-1.5076253728	-1.5076253728	-1.5076253728	-1.5076253728	-1.5076253728	-1.5076253728	
3.26666666667	155.778693366	156.644533368	157.51037337	158.376213372	159.242053374	160.107893376	160.973733378	161.839573381	162.705413383	163.571253385	0.0	0.0	4.06383070439e-06	2.23281074614e-06	4.92231042977e-06	2.55048157067e-06	4.71355197949e-06	5.52832405984e-06	9.45785154258e-06	1.01185618264e-05	0.0	4.69351230555e-06	-2.11473246078e-06	3.10623172546e-06	-2.73933850758e-06	2.49823339604e-06	9.41019216468e-07	4.53839909604e-06	7.63085884492e-07	6.61206620266e-06	172.397079821	171.864046147	171.331012473	170.7979788	170.264945126	169.731911452	169.198877779	168.665844105	168.132810431	167.599776758	-3.96592712969	-3.93221002192	-3.89849291415	-3.86477580638	-3.83105869861	-3.79734159084	-3.76362448307	-3.72990737531	-3.69619026754	-3.66247315977	-1.5076253728	-1.5076253728	-1.5076253728	-1.5076253728	-1.5076253728	-1.5076253728	-1.5076253728	-1.5076253728	-1.5076253728	-1.5076253728	
3.28333333333	155.778693366	156.644533368	157.51037337	158.376213372	159.242053374	160.107893376	160.973733378	161.839573381	162.705413383	163.571253385	0.0	0.0	4.06383070439e-06	2.23281074614e-06	4.92231042977e-06	2.55048157067e-06	4.71355197949e-06	5.52832405984e-06	9.45785154258e-06	1.01185618264e-05	0.0	4.69351230555e-06	-2.11473246078e-06	3.10623172546e-06	-2.73933850758e-06	2.49823339604e-06	9.41019216468e-07	4.53839909604e-06	7.63085884492e-07	6.61206620266e-06	172.397079821	171.864046147	171.331012473	170.7979788	170.264945126	169.731911452	169.198877779	168.665844105	168.132810431	167.599776758	-3.96592712969	-3.93221002192	-3.89849291415	-3.86477580638	-3.83105869861	-3.79734159084	-3.76362448307	-3.72990737531	-3.69619026754	-3.66247315977	-1.5076253728	-1.5076253728	-1.5076253728	-1.5076253728	-1.5076253728	-1.5076253728	-1.5076253728	-1.5076253728	-1.5076253728	-1.5076253728	
3.3	155.778693366	156.644533368	157.51037337	158.376213372	159.242053374	160.107893376	160.973733378	161.839573381	162.705413383	163.571253385	0.0	0.0	4.06383070439e-06	2.23281074614e-06	4.92231042977e-06	2.55048157067e-06	4.71355197949e-06	5.52832405984e-06	9.45785154258e-06	1.01185618264e-05	0.0	4.69351230555e-06	-2.11473246078e-06	3.10623172546e-06	-2.73933850758e-06	2.49823339604e-06	9.41019216468e-07	4.53839909604e-06	7.63085884492e-07	6.61206620266e-06	172.397079821	171.864046147	171.331012473	170.7979788	170.264945126	169.731911452	169.198877779	168.665844105	168.132810431	167.599776758	-3.96592712969	-3.93221002192	-3.89849291415	-3.86477580638	-3.83105869861	-3.79734159084	-3.76362448307	-3.72990737531	-3.69619026754	-3.66247315977	-1.5076253728	-1.5076253728	-1.5076253728	-1.5076253728	-1.5076253728	-1.5076253728	-1.5076253728	-1.5076253728	-1.5076253728	-1.5076253728	
3.31666666667	156.680112535	157.477282538	158.27445254	159.071622542	159.868792544	160.665962546	161.463132549	162.260302551	163.057472553	163.854642555	0.0	0.0	2.0252447838e-06	4.32138088723e-06	1.08738976616e-05	1.52910051497e-05	2.39730891526e-05	3.19637852751e-05	3.97925094632e-05	4.86916561161e-05	0.0	2.540543144e-06	2.88035939256e-06	8.21972321591e-06	5.54098558099e-06	1.0891132354e-05	1.00238294218e-05	9.82064574201e-06	1.1163423897e-05	1.15166492662e-05	171.794481998	171.290538346	170.786594693	170.28265104	169.778707388	169.274763735	168.770820083	168.26687643	167.762932778	167.258989125	-3.91028031114	-3.85231205729	-3.79434380344	-3.73637554959	-3.67840729574	-3.62043904189	-3.56247078803	-3.50450253418	-3.44653428033	-3.38856602648	-1.45627044472	-1.45627044472	-1.45627044472	-1.45627044472	-1.45627044472	-1.45627044472	-1.45627044472	-1.45627044472	-1.45627044472	-1.45627044472	
3.33333333333	156.680112535	157.477282538	158.27445254	159.071622542	159.868792544	160.665962546	161.463132549	162.260302551	163.057472553	163.854642555	0.0	0.0	2.0252447838e-06	4.32138088723e-06	1.08738976616e-05	1.52910051497e-05	2.39730891526e-05	3.19637852751e-05	3.97925094632e-05	4.86916561161e-05	0.0	2.540543144e-06	2.88035939256e-06	8.21972321591e-06	5.54098558099e-06	1.0891132354e-05	1.00238294218e-05	9.82064574201e-06	1.1163423897e-05	1.15166492662e-05	171.794481998	171.290538346	170.786594693	170.28265104	169.778707388	169.274763735	168.770820083	168.26687643	167.762932778	167.258989125	-3.91028031114	-3.85231205729	-3.79434380344	-3.73637554959	-3.67840729574	-3.62043904189	-3.56247078803	-3.50450253418	-3.44653428033	-3.38856602648	-1.45627044472	-1.45627044472	-1.45627044472	-1.45627044472	-1.45627044472	-1.45627044472	-1.45627044472	-1.45627044472	-1.45627044472	-1.45627044472	
3.35	156.680112535	157.477282538	158.27445254	159.071622542	159.868792544	160.665962546	161.463132549	162.260302551	163.057472553	163.854642555	0.0	0.0	2.0252447838e-06	4.32138088723e-06	1.08738976616e-05	1.52910051497e-05	2.39730891526e-05	3.19637852751e-05	3.97925094632e-05	4.86916561161e-05	0.0	2.540543144e-06	2.88035939256e-06	8.21972321591e-06	5.54098558099e-06	1.0891132354e-05	1.00238294218e-05	9.82064574201e-06	1.1163423897e-05	1.15166492662e-05	171.794481998	171.290538346	170.786594693	170.28265104	169.778707388	169.274763735	168.770820083	168.26687643	167.762932778	167.258989125	-3.91028031114	-3.85231205729	-3.79434380344	-3.73637554959	-3.67840729574	-3.62043904189	-3.56247078803	-3.50450253418	-3.44653428033	-3.38856602648	-1.45627044472	-1.45627044472	-1.45627044472	-1.45627044472	-1.45627044472	-1.45627044472	-1.45627044472	-1.45627044472	-1.45627044472	-1.45627044472	
3.36666666667	156.680112535	157.477282538	158.27445254	159.071622542	159.868792544	160.665962546	161.463132549	162.260302551	163.057472553	163.854642555	0.0	0.0	2.0252447838e-06	4.32138088723e-06	1.08738976616e-05	1.52910051497e-05	2.39730891526e-05	3.19637852751e-05	3.97925094632e-05	4.86916561161e-05	0.0	2.540543144e-06	2.88035939256e-06	8.21972321591e-06	5.54098558099e-06	1.0891132354e-05	1.00238294218e-05	9.82064574201e-06	1.1163423897e-05	1.15166492662e-05	171.794481998	171.290538346	170.786594693	170.28265104	169.778707388	169.274763735	168.770820083	168.26687643	167.762932778	167.258989125	-3.91028031114	-3.85231205729	-3.79434380344	-3.73637554959	-3.67840729574	-3.62043904189	-3.56247078803	-3.50450253418	-3.44653428033	-3.38856602648	-1.45627044472	-1.45627044472	-1.45627044472	-1.45627044472	-1.45627044472	-1.45627044472	-1.45627044472	-1.45627044472	-1.45627044472	-1.45627044472	
3.38333333333	156.680112535	157.477282538	158.27445254	159.071622542	159.868792544	160.665962546	161.463132549	162.260302551	163.057472553	163.854642555	0.0	0.0	2.0252447838e-06	4.32138088723e-06	1.08738976616e-05	1.52910051497e-05	2.39730891526e-05	3.19637852751e-05	3.97925094632e-05	4.86916561161e-05	0.0	2.540543144e-06	2.88035939256e-06	8.21972321591e-06	5.54098558099e-06	1.0891132354e-05	1.00238294218e-05	9.82064574201e-06	1.1163423897e-05	1.15166492662e-05	171.794481998	171.290538346	170.786594693	170.28265104	169.778707388	169.274763735	168.770820083	168.26687643	167.762932778	167.258989125	-3.91028031114	-3.85231205729	-3.79434380344	-3.73637554959	-3.67840729574	-3.62043904189	-3.56247078803	-3.50450253418	-3.44653428033	-3.38856602648	-1.45627044472	-1.45627044472	-1.45627044472	-1.45627044472	-1.45627044472	-1.45627044472	-1.45627044472	-1.45627044472	-1.45627044472	-1.45627044472	
3.4	156.680112535	157.477282538	158.27445254	159.071622542	159.868792544	160.665962546	161.463132549	162.260302551	163.057472553	163.854642555	0.0	0.0	2.0252447838e-06	4.32138088723e-06	1.08738976616e-05	1.52910051497e-05	2.39730891526e-05	3.19637852751e-05	3.97925094632e-05	4.86916561161e-05	0.0	2.540543144e-06	2.88035939256e-06	8.21972321591e-06	5.54098558099e-06	1.0891132354e-05	1.00238294218e-05	9.82064574201e-06	1.1163423897e-05	1.15166492662e-05	171.794481998	171.290538346	170.786594693	170.28265104	169.778707388	169.274763735	168.770820083	168.26687643	167.762932778	167.258989125	-3.91028031114	-3.85231205729	-3.79434380344	-3.73637554959	-3.67840729574	-3.62043904189	-3.56247078803	-3.50450253418	-3.44653428033	-3.38856602648	-1.45627044472	-1.45627044472	-1.45627044472	-1.45627044472	-1.45627044472	-1.45627044472	-1.45627044472	-1.45627044472	-1.45627044472	-1.45627044472	
3.41666666667	157.388992538	158.12730254	158.865612542	159.603922544	160.342232547	161.080542549	161.818852551	162.557162554	163.295472556	164.033782558	0.0	0.0	-1.3645546876e-06	1.71876403014e-07	3.01323352086e-07	3.93491186806e-06	4.71345893962e-06	9.34217455134e-06	1.08536946621e-05	1.50681127603e-05	0.0	-1.84821373595e-06	2.08101080288e-06	1.75328721908e-07	4.9214943652e-06	1.05449888144e-06	6.26933889214e-06	2.0472702606e-06	5.7081958598e-06	-6.53300550399e-08	171.305584727	170.82756022	170.349535714	169.871511207	169.3934867	168.915462194	168.437437687	167.95941318	167.481388674	167.003364167	-3.84081569443	-3.76330634465	-3.68579699487	-3.60828764509	-3.53077829531	-3.45326894553	-3.37575959574	-3.29825024596	-3.22074089618	-3.1432315464	-1.41005017379	-1.41005017379	-1.41005017379	-1.41005017379	-1.41005017379	-1.41005017379	-1.41005017379	-1.41005017379	-1.41005017379	-1.41005017379	
3.43333333333	157.388992538	158.12730254	158.865612542	159.603922544	160.342232547	161.080542549	161.818852551	162.557162554	163.295472556	164.033782558	0.0	0.0	-1.3645546876e-06	1.71876403014e-07	3.01323352086e-07	3.93491186806e-06	4.71345893962e-06	9.34217455134e-06	1.08536946621e-05	1.50681127603e-05	0.0	-1.84821373595e-06	2.08101080288e-06	1.75328721908e-07	4.9214943652e-06	1.05449888144e-06	6.26933889214e-06	2.0472702606e-06	5.7081958598e-06	-6.53300550399e-08	171.305584727	170.82756022	170.349535714	169.871511207	169.3934867	168.915462194	168.437437687	167.95941318	167.481388674	167.003364167	-3.84081569443	-3.76330634465	-3.68579699487	-3.60828764509	-3.53077829531	-3.45326894553	-3.37575959574	-3.29825024596	-3.22074089618	-3.1432315464	-1.41005017379	-1.41005017379	-1.41005017379	-1.41005017379	-1.41005017379	-1.41005017379	-1.41005017379	-1.41005017379	-1.41005017379	-1.41005017379	
3.45	157.388992538	158.12730254	158.865612542	159.603922544	160.342232547	161.080542549	161.818852551	162.557162554	163.295472556	164.033782558	0.0	0.0	-1.3645546876e-06	1.71876403014e-07	3.01323352086e-07	3.93491186806e-06	4.71345893962e-06	9.34217455134e-06	1.08536946621e-05	1.50681127603e-05	0.0	-1.84821373595e-06	2.08101080288e-06	1.75328721908e-07	4.9214943652e-06	1.05449888144e-06	6.26933889214e-06	2.0472702606e-06	5.7081958598e-06	-6.53300550399e-08	171.305584727	170.82756022	170.349535714	169.871511207	169.3934867	168.915462194	168.437437687	167.95941318	167.481388674	167.003364167	-3.84081569443	-3.76330634465	-3.68579699487	-3.60828764509	-3.53077829531	-3.45326894553	-3.37575959574	-3.29825024596	-3.22074089618	-3.1432315464	-1.41005017379	-1.41005017379	-1.41005017379	-1.41005017379	-1.41005017379	-1.41005017379	-1.41005017379	-1.41005017379	-1.41005017379	-1.41005017379	
3.46666666667	157.388992538	158.12730254	158.865612542	159.603922544	160.342232547	161.080542549	161.818852551	162.557162554	163.295472556	164.033782558	0.0	0.0	-1.3645546876e-06	1.71876403014e-07	3.01323352086e-07	3.93491186806e-06	4.71345893962e-06	9.34217455134e-06	1.08536946621e-05	1.50681127603e-05	0.0	-1.84821373595e-06	2.08101080288e-06	1.75328721908e-07	4.9214943652e-06	1.05449888144e-06	6.26933889214e-06	2.0472702606e-06	5.7081958598e-06	-6.53300550399e-08	171.305584727	170.82756022	170.349535714	169.871511207	169.3934867	168.915462194	168.437437687	167.95941318	167.481388674	167.003364167	-3.84081569443	-3.76330634465	-3.68579699487	-3.60828764509	-3.53077829531	-3.45326894553	-3.37575959574	-3.29825024596	-3.22074089618	-3.1432315464	-1.41005017379	-1.41005017379	-1.41005017379	-1.41005017379	-1.41005017379	-1.41005017379	-1.41005017379	-1.41005017379	-1.41005017379	-1.41005017379	
3.48333333333	157.388992538	158.12730254	158.865612542	159.603922544	160.342232547	161.080542549	161.818852551	162.557162554	163.295472556	164.033782558	0.0	0.0	-1.3645546876e-06	1.71876403014e-07	3.01323352086e-07	3.93491186806e-06	4.71345893962e-06	9.34217455134e-06	1.08536946621e-05	1.50681127603e-05	0.0	-1.84821373595e-06	2.08101080288e-06	1.75328721908e-07	4.9214943652e-06	1.05449888144e-06	6.26933889214e-06	2.0472702606e-06	5.7081958598e-06	-6.53300550399e-08	171.305584727	170.82756022	170.349535714	169.871511207	169.3934867	168.915462194	168.437437687	167.95941318	167.481388674	167.003364167	-3.84081569443	-3.76330634465	-3.68579699487	-3.60828764509	-3.53077829531	-3.45326894553	-3.37575959574	-3.29825024596	-3.22074089618	-3.1432315464	-1.41005017379	-1.41005017379	-1.41005017379	-1.41005017379	-1.41005017379	-1.41005017379	-1.41005017379	-1.41005017379	-1.41005017379	-1.41005017379	
3.5	157.388992538	158.12730254	158.865612542	159.603922544	160.342232547	161.080542549	161.818852551	162.557162554	163.295472556	164.033782558	0.0	0.0	-1.3645546876e-06	1.71876403014e-07	3.01323352086e-07	3.93491186806e-06	4.71345893962e-06	9.34217455134e-06	1.08536946621e-05	1.50681127603e-05	0.0	-1.84821373595e-06	2.08101080288e-06	1.75328721908e-07	4.9214943652e-06	1.05449888144e-06	6.26933889214e-06	2.0472702606e-06	5.7081958598e-06	-6.53300550399e-08	171.305584727	170.82756022	170.349535714	169.871511207	169.3934867	168.915462194	168.437437687	167.95941318	167.481388674	167.003364167	-3.84081569443	-3.76330634465	-3.68579699487	-3.60828764509	-3.53077829531	-3.45326894553	-3.37575959574	-3.29825024596	-3.22074089618	-3.1432315464	-1.41005017379	-1.41005017379	-1.41005017379	-1.41005017379	-1.41005017379	-1.41005017379	-1.41005017379	-1.41005017379	-1.41005017379	-1.41005017379	
3.51666666667	158.03901254	158.718462542	159.397912545	160.077362547	160.756812549	161.436262551	162.115712554	162.795162556	163.474612558	164.154062561	0.0	0.0	-1.24130730227e-07	-1.2265565973e-06	-2.12394167225e-06	-4.19655778363e-06	-5.8457760495e-06	-8.82853631969e-06	-1.09482514043e-05	-1.47396687157e-05	0.0	-1.82692957256e-07	-1.62252684281e-06	-1.32075218473e-06	-3.05043212067e-06	-2.4272842156e-06	-4.38996285249e-06	-3.11975138338e-06	-5.58012701247e-06	-3.76914217097e-06	170.843129697	170.391918682	169.940707667	169.489496652	169.038285637	168.587074623	168.135863608	167.684652593	167.233441578	166.782230563	-3.75253228893	-3.65673421911	-3.56093614929	-3.46513807947	-3.36934000965	-3.27354193983	-3.17774387001	-3.08194580019	-2.98614773037	-2.89034966055	-1.36158963725	-1.36158963725	-1.36158963725	-1.36158963725	-1.36158963725	-1.36158963725	-1.36158963725	-1.36158963725	-1.36158963725	-1.36158963725	
3.53333333333	158.03901254	158.718462542	159.397912545	160.077362547	160.756812549	161.436262551	162.115712554	162.795162556	163.474612558	164.154062561	0.0	0.0	-1.24130730227e-07	-1.2265565973e-06	-2.12394167225e-06	-4.19655778363e-06	-5.8457760495e-06	-8.82853631969e-06	-1.09482514043e-05	-1.47396687157e-05	0.0	-1.82692957256e-07	-1.62252684281e-06	-1.32075218473e-06	-3.05043212067e-06	-2.4272842156e-06	-4.38996285249e-06	-3.11975138338e-06	-5.58012701247e-06	-3.76914217097e-06	170.843129697	170.391918682	169.940707667	169.489496652	169.038285637	168.587074623	168.135863608	167.684652593	167.233441578	166.782230563	-3.75253228893	-3.65673421911	-3.56093614929	-3.46513807947	-3.36934000965	-3.27354193983	-3.17774387001	-3.08194580019	-2.98614773037	-2.89034966055	-1.36158963725	-1.36158963725	-1.36158963725	-1.36158963725	-1.36158963725	-1.36158963725	-1.36158963725	-1.36158963725	-1.36158963725	-1.36158963725	
3.55	158.03901254	158.718462542	159.397912545	160.077362547	160.756812549	161.436262551	162.115712554	162.795162556	163.474612558	164.154062561	0.0	0.0	-1.24130730227e-07	-1.2265565973e-06	-2.12394167225e-06	-4.19655778363e-06	-5.8457760495e-06	-8.82853631969e-06	-1.09482514043e-05	-1.47396687157e-05	0.0	-1.82692957256e-07	-1.62252684281e-06	-1.32075218473e-06	-3.05043212067e-06	-2.4272842156e-06	-4.38996285249e-06	-3.11975138338e-06	-5.58012701247e-06	-3.76914217097e-06	170.843129697	170.391918682	169.940707667	169.489496652	169.038285637	168.587074623	168.135863608	167.684652593	167.233441578	166.782230563	-3.75253228893	-3.65673421911	-3.56093614929	-3.46513807947	-3.36934000965	-3.27354193983	-3.17774387001	-3.08194580019	-2.98614773037	-2.89034966055	-1.36158963725	-1.36158963725	-1.36158963725	-1.36158963725	-1.36158963725	-1.36158963725	-1.36158963725	-1.36158963725	-1.36158963725	-1.36158963725	
3.56666666667	158.03901254	158.718462542	159.397912545	160.077362547	160.756812549	161.436262551	162.115712554	162.795162556	163.474612558	164.154062561	0.0	0.0	-1.24130730227e-07	-1.2265565973e-06	-2.12394167225e-06	-4.19655778363e-06	-5.8457760495e-06	-8.82853631969e-06	-1.09482514043e-05	-1.47396687157e-05	0.0	-1.82692957256e-07	-1.62252684281e-06	-1.32075218473e-06	-3.05043212067e-06	-2.4272842156e-06	-4.38996285249e-06	-3.11975138338e-06	-5.58012701247e-06	-3.76914217097e-06	170.843129697	170.391918682	169.940707667	169.489496652	169.038285637	168.587074623	168.135863608	167.684652593	167.233441578	166.782230563	-3.75253228893	-3.65673421911	-3.56093614929	-3.46513807947	-3.36934000965	-3.27354193983	-3.17774387001	-3.08194580019	-2.98614773037	-2.89034966055	-1.36158963725	-1.36158963725	-1.36158963725	-1.36158963725	-1.36158963725	-1.36158963725	-1.36158963725	-1.36158963725	-1.36158963725	-1.36158963725	
3.58333333333	158.03901254	158.718462542	159.397912545	160.077362547	160.756812549	161.436262551	162.115712554	162.795162556	163.474612558	164.154062561	0.0	0.0	-1.24130730227e-07	-1.2265565973e-06	-2.12394167225e-06	-4.19655778363e-06	-5.8457760495e-06	-8.82853631969e-06	-1.09482514043e-05	-1.47396687157e-05	0.0	-1.82692957256e-07	-1.62252684281e-06	-1.32075218473e-06	-3.05043212067e-06	-2.4272842156e-06	-4.38996285249e-06	-3.11975138338e-06	-5.58012701247e-06	-3.76914217097e-06	170.843129697	170.391918682	169.940707667	169.489496652	169.038285637	168.587074623	168.135863608	167.684652593	167.233441578	166.782230563	-3.75253228893	-3.65673421911	-3.56093614929	-3.46513807947	-3.36934000965	-3.27354193983	-3.17774387001	-3.08194580019	-2.98614773037	-2.89034966055	-1.36158963725	-1.36158963725	-1.36158963725	-1.36158963725	-1.36158963725	-1.36158963725	-1.36158963725	-1.36158963725	-1.36158963725	-1.36158963725	
3.6	158.03901254	158.718462542	159.397912545	160.077362547	160.756812549	161.436262551	162.115712554	162.795162556	163.474612558	164.154062561	0.0	0.0	-1.24130730227e-07	-1.2265565973e-06	-2.12394167225e-06	-4.19655778363e-06	-5.8457760495e-06	-8.82853631969e-06	-1.09482514043e-05	-1.47396687157e-05	0.0	-1.82692957256e-07	-1.62252684281e-06	-1.32075218473e-06	-3.05043212067e-06	-2.4272842156e-06	-4.38996285249e-06	-3.11975138338e-06	-5.58012701247e-06	-3.76914217097e-06	170.843129697	170.391918682	169.940707667	169.489496652	169.038285637	168.587074623	168.135863608	167.684652593	167.233441578	166.782230563	-3.75253228893	-3.65673421911	-3.56093614929	-3.46513807947	-3.36934000965	-3.27354193983	-3.17774387001	-3.08194580019	-2.98614773037	-2.89034966055	-1.36158963725	-1.36158963725	-1.36158963725	-1.36158963725	-1.36158963725	-1.36158963725	-1.36158963725	-1.36158963725	-1.36158963725	-1.36158963725	
3.61666666667	158.630172542	159.250762545	159.871352547	160.491942549	161.112532551	161.733122554	162.353712556	162.974302558	163.594892561	164.215482563	0.0	0.0	-6.23370331607e-08	-5.04846168132e-07	-1.08306932246e-06	-1.71565438411e-06	-2.82297297192e-06	-3.79504471462e-06	-5.19296147857e-06	-6.72025118944e-06	0.0	-1.00448013874e-07	-7.13045864958e-07	-9.31731339836e-07	-1.01932847663e-06	-1.784299753e-06	-1.5663670686e-06	-2.25256088364e-06	-2.46102854577e-06	-2.70741217311e-06	170.407999761	169.984475882	169.560952003	169.137428125	168.713904246	168.290380367	167.866856488	167.443332609	167.019808731	166.596284852	-3.646743762	-3.53401571339	-3.42128766478	-3.30855961616	-3.19583156755	-3.08310351894	-2.97037547033	-2.85764742172	-2.74491937311	-2.6321913245	-1.3106605566	-1.3106605566	-1.3106605566	-1.3106605566	-1.3106605566	-1.3106605566	-1.3106605566	-1.3106605566	-1.3106605566	-1.3106605566	
3.63333333333	158.630172542	159.250762545	159.871352547	160.491942549	161.112532551	161.733122554	162.353712556	162.974302558	163.594892561	164.215482563	0.0	0.0	-6.23370331607e-08	-5.04846168132e-07	-1.08306932246e-06	-1.71565438411e-06	-2.82297297192e-06	-3.79504471462e-06	-5.19296147857e-06	-6.72025118944e-06	0.0	-1.00448013874e-07	-7.13045864958e-07	-9.31731339836e-07	-1.01932847663e-06	-1.784299753e-06	-1.5663670686e-06	-2.25256088364e-06	-2.46102854577e-06	-2.70741217311e-06	170.407999761	169.984475882	169.560952003	169.137428125	168.713904246	168.290380367	167.866856488	167.443332609	167.019808731	166.596284852	-3.646743762	-3.53401571339	-3.42128766478	-3.30855961616	-3.19583156755	-3.08310351894	-2.97037547033	-2.85764742172	-2.74491937311	-2.6321913245	-1.3106605566	-1.3106605566	-1.3106605566	-1.3106605566	-1.3106605566	-1.3106605566	-1.3106605566	-1.3106605566	-1.3106605566	-1.3106605566	
3.65	158.630172542	159.250762545	159.871352547	160.491942549	161.112532551	161.733122554	162.353712556	162.974302558	163.594892561	164.215482563	0.0	0.0	-6.23370331607e-08	-5.04846168132e-07	-1.08306932246e-06	-1.71565438411e-06	-2.82297297192e-06	-3.79504471462e-06	-5.19296147857e-06	-6.72025118944e-06	0.0	-1.00448013874e-07	-7.13045864958e-07	-9.31731339836e-07	-1.01932847663e-06	-1.784299753e-06	-1.5663670686e-06	-2.25256088364e-06	-2.46102854577e-06	-2.70741217311e-06	170.407999761	169.984475882	169.560952003	169.137428125	168.713904246	168.290380367	167.866856488	167.443332609	167.019808731	166.596284852	-3.646743762	-3.53401571339	-3.42128766478	-3.30855961616	-3.19583156755	-3.08310351894	-2.97037547033	-2.85764742172	-2.74491937311	-2.6321913245	-1.3106605566	-1.3106605566	-1.3106605566	-1.3106605566	-1.3106605566	-1.3106605566	-1.3106605566	-1.3106605566	-1.3106605566	-1.3106605566	
3.66666666667	158.630172542	159.250762545	159.871352547	160.491942549	161.112532551	161.733122554	162.353712556	162.974302558	163.594892561	164.215482563	0.0	0.0	-6.23370331607e-08	-5.04846168132e-07	-1.08306932246e-06	-1.71565438411e-06	-2.82297297192e-06	-3.79504471462e-06	-5.19296147857e-06	-6.72025118944e-06	0.0	-1.00448013874e-07	-7.13045864958e-07	-9.31731339836e-07	-1.01932847663e-06	-1.784299753e-06	-1.5663670686e-06	-2.25256088364e-06	-2.46102854577e-06	-2.70741217311e-06	170.407999761	169.984475882	169.560952003	169.137428125	168.713904246	168.290380367	167.866856488	167.443332609	167.019808731	166.596284852	-3.646743762	-3.53401571339	-3.42128766478	-3.30855961616	-3.19583156755	-3.08310351894	-2.97037547033	-2.85764742172	-2.74491937311	-2.6321913245	-1.3106605566	-1.3106605566	-1.3106605566	-1.3106605566	-1.3106605566	-1.3106605566	-1.3106605566	-1.3106605566	-1.3106605566	-1.3106605566	
3.68333333333	158.630172542	159.250762545	159.871352547	160.491942549	161.112532551	161.733122554	162.353712556	162.974302558	163.594892561	164.215482563	0.0	0.0	-6.23370331607e-08	-5.04846168132e-07	-1.08306932246e-06	-1.71565438411e-06	-2.82297297192e-06	-3.79504471462e-06	-5.19296147857e-06	-6.72025118944e-06	0.0	-1.00448013874e-07	-7.13045864958e-07	-9.31731339836e-07	-1.01932847663e-06	-1.784299753e-06	-1.5663670686e-06	-2.25256088364e-06	-2.46102854577e-06	-2.70741217311e-06	170.407999761	169.984475882	169.560952003	169.137428125	168.713904246	168.290380367	167.866856488	167.443332609	167.019808731	166.596284852	-3.646743762	-3.53401571339	-3.42128766478	-3.30855961616	-3.19583156755	-3.08310351894	-2.97037547033	-2.85764742172	-2.74491937311	-2.6321913245	-1.3106605566	-1.3106605566	-1.3106605566	-1.3106605566	-1.3106605566	-1.3106605566	-1.3106605566	-1.3106605566	-1.3106605566	-1.3106605566	
3.7	158.630172542	159.250762545	159.871352547	160.491942549	161.112532551	161.733122554	162.353712556	162.974302558	163.594892561	164.215482563	0.0	0.0	-6.23370331607e-08	-5.04846168132e-07	-1.08306932246e-06	-1.71565438411e-06	-2.82297297192e-06	-3.79504471462e-06	-5.19296147857e-06	-6.72025118944e-06	0.0	-1.00448013874e-07	-7.13045864958e-07	-9.31731339836e-07	-1.01932847663e-06	-1.784299753e-06	-1.5663670686e-06	-2.25256088364e-06	-2.46102854577e-06	-2.70741217311e-06	170.407999761	169.984475882	169.560952003	169.137428125	168.713904246	168.290380367	167.866856488	167.443332609	167.019808731	166.596284852	-3.646743762	-3.53401571339	-3.42128766478	-3.30855961616	-3.19583156755	-3.08310351894	-2.97037547033	-2.85764742172	-2.74491937311	-2.6321913245	-1.3106605566	-1.3106605566	-1.3106605566	-1.3106605566	-1.3106605566	-1.3106605566	-1.3106605566	-1.3106605566	-1.3106605566	-1.3106605566	
3.71666666667	159.162472545	159.724202547	160.285932549	160.847662551	161.409392554	161.971122556	162.532852558	163.094582561	163.656312563	164.218042565	0.0	0.0	-2.65752536187e-07	-1.60775305478e-07	-5.40149311636e-07	-3.86602227598e-07	-1.03383216416e-06	-1.19828977954e-06	-2.25521792908e-06	-2.67794789013e-06	0.0	-4.73096567926e-07	1.86882007868e-07	-6.75367177483e-07	2.73346774093e-07	-1.15220823869e-06	-2.92769862232e-07	-1.88155901451e-06	-7.52550085137e-07	-2.09241154812e-06	170.001052527	169.6060607	169.211068873	168.816077045	168.421085218	168.026093391	167.631101564	167.236109736	166.841117909	166.446126082	-3.52487580239	-3.39669272605	-3.26850964971	-3.14032657337	-3.01214349703	-2.88396042069	-2.75577734435	-2.62759426801	-2.49941119167	-2.37122811533	-1.25699788	-1.25699788	-1.25699788	-1.25699788	-1.25699788	-1.25699788	-1.25699788	-1.25699788	-1.25699788	-1.25699788	
3.73333333333	159.162472545	159.724202547	160.285932549	160.847662551	161.409392554	161.971122556	162.532852558	163.094582561	163.656312563	164.218042565	0.0	0.0	-2.65752536187e-07	-1.60775305478e-07	-5.40149311636e-07	-3.86602227598e-07	-1.03383216416e-06	-1.19828977954e-06	-2.25521792908e-06	-2.67794789013e-06	0.0	-4.73096567926e-07	1.86882007868e-07	-6.75367177483e-07	2.73346774093e-07	-1.15220823869e-06	-2.92769862232e-07	-1.88155901451e-06	-7.52550085137e-07	-2.09241154812e-06	170.001052527	169.6060607	169.211068873	168.816077045	168.421085218	168.026093391	167.631101564	167.236109736	166.841117909	166.446126082	-3.52487580239	-3.39669272605	-3.26850964971	-3.14032657337	-3.01214349703	-2.88396042069	-2.75577734435	-2.62759426801	-2.49941119167	-2.37122811533	-1.25699788	-1.25699788	-1.25699788	-1.25699788	-1.25699788	-1.25699788	-1.25699788	-1.25699788	-1.25699788	-1.25699788	
3.75	159.162472545	159.724202547	160.285932549	160.847662551	161.409392554	161.971122556	162.532852558	163.094582561	163.656312563	164.218042565	0.0	0.0	-2.65752536187e-07	-1.60775305478e-07	-5.40149311636e-07	-3.86602227598e-07	-1.03383216416e-06	-1.19828977954e-06	-2.25521792908e-06	-2.67794789013e-06	0.0	-4.73096567926e-07	1.86882007868e-07	-6.75367177483e-07	2.73346774093e-07	-1.15220823869e-06	-2.92769862232e-07	-1.88155901451e-06	-7.52550085137e-07	-2.09241154812e-06	170.001052527	169.6060607	169.211068873	168.816077045	168.421085218	168.026093391	167.631101564	167.236109736	166.841117909	166.446126082	-3.52487580239	-3.39669272605	-3.26850964971	-3.14032657337	-3.01214349703	-2.88396042069	-2.75577734435	-2.62759426801	-2.49941119167	-2.37122811533	-1.25699788	-1.25699788	-1.25699788	-1.25699788	-1.25699788	-1.25699788	-1.25699788	-1.25699788	-1.25699788	-1.25699788	
3.76666666667	159.162472545	159.724202547	160.285932549	160.847662551	161.409392554	161.971122556	162.532852558	163.094582561	163.656312563	164.218042565	0.0	0.0	-2.65752536187e-07	-1.60775305478e-07	-5.40149311636e-07	-3.86602227598e-07	-1.03383216416e-06	-1.19828977954e-06	-2.25521792908e-06	-2.67794789013e-06	0.0	-4.73096567926e-07	1.86882007868e-07	-6.75367177483e-07	2.73346774093e-07	-1.15220823869e-06	-2.92769862232e-07	-1.88155901451e-06	-7.52550085137e-07	-2.09241154812e-06	170.001052527	169.6060607	169.211068873	168.816077045	168.421085218	168.026093391	167.631101564	167.236109736	166.841117909	166.446126082	-3.52487580239	-3.39669272605	-3.26850964971	-3.14032657337	-3.01214349703	-2.88396042069	-2.75577734435	-2.62759426801	-2.49941119167	-2.37122811533	-1.25699788	-1.25699788	-1.25699788	-1.25699788	-1.25699788	-1.25699788	-1.25699788	-1.25699788	-1.25699788	-1.25699788	
3.78333333333	159.162472545	159.724202547	160.285932549	160.847662551	161.409392554	161.971122556	162.532852558	163.094582561	163.656312563	164.218042565	0.0	0.0	-2.65752536187e-07	-1.60775305478e-07	-5.40149311636e-07	-3.86602227598e-07	-1.03383216416e-06	-1.19828977954e-06	-2.25521792908e-06	-2.67794789013e-06	0.0	-4.73096567926e-07	1.86882007868e-07	-6.75367177483e-07	2.73346774093e-07	-1.15220823869e-06	-2.92769862232e-07	-1.88155901451e-06	-7.52550085137e-07	-2.09241154812e-06	170.001052527	169.6060607	169.211068873	168.816077045	168.421085218	168.026093391	167.631101564	167.236109736	166.841117909	166.446126082	-3.52487580239	-3.39669272605	-3.26850964971	-3.14032657337	-3.01214349703	-2.88396042069	-2.75577734435	-2.62759426801	-2.49941119167	-2.37122811533	-1.25699788	-1.25699788	-1.25699788	-1.25699788	-1.25699788	-1.25699788	-1.25699788	-1.25699788	-1.25699788	-1.25699788	
3.8	159.162472545	159.724202547	160.285932549	160.847662551	161.409392554	161.971122556	162.532852558	163.094582561	163.656312563	164.218042565	0.0	0.0	-2.65752536187e-07	-1.60775305478e-07	-5.40149311636e-07	-3.86602227598e-07	-1.03383216416e-06	-1.19828977954e-06	-2.25521792908e-06	-2.67794789013e-06	0.0	-4.73096567926e-07	1.86882007868e-07	-6.75367177483e-07	2.73346774093e-07	-1.15220823869e-06	-2.92769862232e-07	-1.88155901451e-06	-7.52550085137e-07	-2.09241154812e-06	170.001052527	169.6060607	169.211068873	168.816077045	168.421085218	168.026093391	167.631101564	167.236109736	166.841117909	166.446126082	-3.52487580239	-3.39669272605	-3.26850964971	-3.14032657337	-3.01214349703	-2.88396042069	-2.75577734435	-2.62759426801	-2.49941119167	-2.37122811533	-1.25699788	-1.25699788	-1.25699788	-1.25699788	-1.25699788	-1.25699788	-1.25699788	-1.25699788	-1.25699788	-1.25699788	
3.81666666667	159.162472545	159.724202547	160.285932549	160.847662551	161.409392554	161.971122556	162.532852558	163.094582561	163.656312563	164.218042565	0.0	0.0	-2.65752536187e-07	-1.60775305478e-07	-5.40149311636e-07	-3.86602227598e-07	-1.03383216416e-06	-1.19828977954e-06	-2.25521792908e-06	-2.67794789013e-06	0.0	-4.73096567926e-07	1.86882007868e-07	-6.75367177483e-07	2.73346774093e-07	-1.15220823869e-06	-2.92769862232e-07	-1.88155901451e-06	-7.52550085137e-07	-2.09241154812e-06	170.001052527	169.6060607	169.211068873	168.816077045	168.421085218	168.026093391	167.631101564	167.236109736	166.841117909	166.446126082	-3.52487580239	-3.39669272605	-3.26850964971	-3.14032657337	-3.01214349703	-2.88396042069	-2.75577734435	-2.62759426801	-2.49941119167	-2.37122811533	-1.25699788	-1.25699788	-1.25699788	-1.25699788	-1.25699788	-1.25699788	-1.25699788	-1.25699788	-1.25699788	-1.25699788	
3.83333333333	159.709096714	160.202156716	160.695216492	161.188276492	161.681336189	162.174396141	162.667455515	163.160515302	163.653574139	164.146633506	0.0	0.0	0.000472598054389	0.000515856775946	0.00106528145651	0.00128712780307	0.00207446979512	0.00253502163424	0.00360694672303	0.00439864531007	0.0	0.00095850023233	8.77352075013e-05	0.00111431629356	0.000449937843301	0.00159684890883	0.000934068681183	0.00217402735609	0.00160568475145	0.0029367123965	169.562996449	169.202307647	168.841618845	168.480930043	168.120241241	167.759552439	167.398863637	167.038174835	166.677486033	166.316797231	-3.36444671299	-3.2202672967	-3.07608788042	-2.93190846414	-2.78772904786	-2.64354963158	-2.49937021529	-2.35519079901	-2.21101138273	-2.06683196645	-1.19051966668	-1.19051966668	-1.19051966668	-1.19051966668	-1.19051966668	-1.19051966668	-1.19051966668	-1.19051966668	-1.19051966668	-1.19051966668	
3.85	159.709096714	160.202156716	160.695216492	161.188276492	161.681336189	162.174396141	162.667455515	163.160515302	163.653574139	164.146633506	0.0	0.0	0.000472598054389	0.000515856775946	0.00106528145651	0.00128712780307	0.00207446979512	0.00253502163424	0.00360694672303	0.00439864531007	0.0	0.00095850023233	8.77352075013e-05	0.00111431629356	0.000449937843301	0.00159684890883	0.000934068681183	0.00217402735609	0.00160568475145	0.0029367123965	169.562996449	169.202307647	168.841618845	168.480930043	168.120241241	167.759552439	167.398863637	167.038174835	166.677486033	166.316797231	-3.36444671299	-3.2202672967	-3.07608788042	-2.93190846414	-2.78772904786	-2.64354963158	-2.49937021529	-2.35519079901	-2.21101138273	-2.06683196645	-1.19051966668	-1.19051966668	-1.19051966668	-1.19051966668	-1.19051966668	-1.19051966668	-1.19051966668	-1.19051966668	-1.19051966668	-1.19051966668	
3.86666666667	159.709096714	160.202156716	160.695216492	161.188276492	161.681336189	162.174396141	162.667455515	163.160515302	163.653574139	164.146633506	0.0	0.0	0.000472598054389	0.000515856775946	0.00106528145651	0.00128712780307	0.00207446979512	0.00253502163424	0.00360694672303	0.00439864531007	0.0	0.00095850023233	8.77352075013e-05	0.00111431629356	0.000449937843301	0.00159684890883	0.000934068681183	0.00217402735609	0.00160568475145	0.0029367123965	169.562996449	169.202307647	168.841618845	168.480930043	168.120241241	167.759552439	167.398863637	167.038174835	166.677486033	166.316797231	-3.36444671299	-3.2202672967	-3.07608788042	-2.93190846414	-2.78772904786	-2.64354963158	-2.49937021529	-2.35519079901	-2.21101138273	-2.06683196645	-1.19051966668	-1.19051966668	-1.19051966668	-1.19051966668	-1.19051966668	-1.19051966668	-1.19051966668	-1.19051966668	-1.19051966668	-1.19051966668	
3.88333333333	159.709096714	160.202156716	160.695216492	161.188276492	161.681336189	162.174396141	162.667455515	163.160515302	163.653574139	164.146633506	0.0	0.0	0.000472598054389	0.000515856775946	0.00106528145651	0.00128712780307	0.00207446979512	0.00253502163424	0.00360694672303	0.00439864531007	0.0	0.00095850023233	8.77352075013e-05	0.00111431629356	0.000449937843301	0.00159684890883	0.000934068681183	0.00217402735609	0.00160568475145	0.0029367123965	169.562996449	169.202307647	168.841618845	168.480930043	168.120241241	167.759552439	167.398863637	167.038174835	166.677486033	166.316797231	-3.36444671299	-3.2202672967	-3.07608788042	-2.93190846414	-2.78772904786	-2.64354963158	-2.49937021529	-2.35519079901	-2.21101138273	-2.06683196645	-1.19051966668	-1.19051966668	-1.19051966668	-1.19051966668	-1.19051966668	-1.19051966668	-1.19051966668	-1.19051966668	-1.19051966668	-1.19051966668	
3.9	159.709096714	160.202156716	160.695216492	161.188276492	161.681336189	162.174396141	162.667455515	163.160515302	163.653574139	164.146633506	0.0	0.0	0.000472598054389	0.000515856775946	0.00106528145651	0.00128712780307	0.00207446979512	0.00253502163424	0.00360694672303	0.00439864531007	0.0	0.00095850023233	8.77352075013e-05	0.00111431629356	0.000449937843301	0.00159684890883	0.000934068681183	0.00217402735609	0.00160568475145	0.0029367123965	169.562996449	169.202307647	168.841618845	168.480930043	168.120241241	167.759552439	167.398863637	167.038174835	166.677486033	166.316797231	-3.36444671299	-3.2202672967	-3.07608788042	-2.93190846414	-2.78772904786	-2.64354963158	-2.49937021529	-2.35519079901	-2.21101138273	-2.06683196645	-1.19051966668	-1.19051966668	-1.19051966668	-1.19051966668	-1.19051966668	-1.19051966668	-1.19051966668	-1.19051966668	-1.19051966668	-1.19051966668	
3.91666666667	159.709096714	160.202156716	160.695216492	161.188276492	161.681336189	162.174396141	162.667455515	163.160515302	163.653574139	164.146633506	0.0	0.0	0.000472598054389	0.000515856775946	0.00106528145651	0.00128712780307	0.00207446979512	0.00253502163424	0.00360694672303	0.00439864531007	0.0	0.00095850023233	8.77352075013e-05	0.00111431629356	0.000449937843301	0.00159684890883	0.000934068681183	0.00217402735609	0.00160568475145	0.0029367123965	169.562996449	169.202307647	168.841618845	168.480930043	168.120241241	167.759552439	167.398863637	167.038174835	166.677486033	166.316797231	-3.36444671299	-3.2202672967	-3.07608788042	-2.93190846414	-2.78772904786	-2.64354963158	-2.49937021529	-2.35519079901	-2.21101138273	-2.06683196645	-1.19051966668	-1.19051966668	-1.19051966668	-1.19051966668	-1.19051966668	-1.19051966668	-1.19051966668	-1.19051966668	-1.19051966668	-1.19051966668	
3.93333333333	159.709096714	160.202156716	160.695216492	161.188276492	161.681336189	162.174396141	162.667455515	163.160515302	163.653574139	164.146633506	0.0	0.0	0.000472598054389	0.000515856775946	0.00106528145651	0.00128712780307	0.00207446979512	0.00253502163424	0.00360694672303	0.00439864531007	0.0	0.00095850023233	8.77352075013e-05	0.00111431629356	0.000449937843301	0.00159684890883	0.000934068681183	0.00217402735609	0.00160568475145	0.0029367123965	169.562996449	169.202307647	168.841618845	168.480930043	168.120241241	167.759552439	167.398863637	167.038174835	166.677486033	166.316797231	-3.36444671299	-3.2202672967	-3.07608788042	-2.93190846414	-2.78772904786	-2.64354963158	-2.49937021529	-2.35519079901	-2.21101138273	-2.06683196645	-1.19051966668	-1.19051966668	-1.19051966668	-1.19051966668	-1.19051966668	-1.19051966668	-1.19051966668	-1.19051966668	-1.19051966668	-1.19051966668	
3.95	160.175616326	160.600012558	161.024406176	161.448800809	161.873190209	162.297581966	162.721968333	163.146356412	163.570738049	163.995121754	0.00345961981254	0.00460308079705	0.00648094627076	0.00811345626566	0.0107793055994	0.0130388782145	0.016150300417	0.0190187064551	0.022719370094	0.026174833624	0.00269431755317	0.00442479137059	0.00384666020109	0.00628152888148	0.00532421100423	0.0073314477068	0.00675881935073	0.00871991036926	0.00814212970429	0.0112717265269	169.165645616	168.840273612	168.514901607	168.189529602	167.864157598	167.538785593	167.213413588	166.888041583	166.562669579	166.237297574	-3.18693575347	-3.02916443658	-2.87139311969	-2.7136218028	-2.55585048591	-2.39807916903	-2.24030785214	-2.08253653525	-1.92476521836	-1.76699390147	-1.11930542826	-1.11930542826	-1.11930542826	-1.11930542826	-1.11930542826	-1.11930542826	-1.11930542826	-1.11930542826	-1.11930542826	-1.11930542826	
3.96666666667	160.175616326	160.600012558	161.024406176	161.448800809	161.873190209	162.297581966	162.721968333	163.146356412	163.570738049	163.995121754	0.00345961981254	0.00460308079705	0.00648094627076	0.00811345626566	0.0107793055994	0.0130388782145	0.016150300417	0.0190187064551	0.022719370094	0.026174833624	0.00269431755317	0.00442479137059	0.00384666020109	0.00628152888148	0.00532421100423	0.0073314477068	0.00675881935073	0.00871991036926	0.00814212970429	0.0112717265269	169.165645616	168.840273612	168.514901607	168.189529602	167.864157598	167.538785593	167.213413588	166.888041583	166.562669579	166.237297574	-3.18693575347	-3.02916443658	-2.87139311969	-2.7136218028	-2.55585048591	-2.39807916903	-2.24030785214	-2.08253653525	-1.92476521836	-1.76699390147	-1.11930542826	-1.11930542826	-1.11930542826	-1.11930542826	-1.11930542826	-1.11930542826	-1.11930542826	-1.11930542826	-1.11930542826	-1.11930542826	
3.98333333333	160.175616326	160.600012558	161.024406176	161.448800809	161.873190209	162.297581966	162.721968333	163.146356412	163.570738049	163.995121754	0.00345961981254	0.00460308079705	0.00648094627076	0.00811345626566	0.0107793055994	0.0130388782145	0.016150300417	0.0190187064551	0.022719370094	0.026174833624	0.00269431755317	0.00442479137059	0.00384666020109	0.00628152888148	0.00532421100423	0.0073314477068	0.00675881935073	0.00871991036926	0.00814212970429	0.0112717265269	169.165645616	168.840273612	168.514901607	168.189529602	167.864157598	167.538785593	167.213413588	166.888041583	166.562669579	166.237297574	-3.18693575347	-3.02916443658	-2.87139311969	-2.7136218028	-2.55585048591	-2.39807916903	-2.24030785214	-2.08253653525	-1.92476521836	-1.76699390147	-1.11930542826	-1.11930542826	-1.11930542826	-1.11930542826	-1.11930542826	-1.11930542826	-1.11930542826	-1.11930542826	-1.11930542826	-1.11930542826	
4.0	160.175616326	160.600012558	161.024406176	161.448800809	161.873190209	162.297581966	162.721968333	163.146356412	163.570738049	163.995121754	0.00345961981254	0.00460308079705	0.00648094627076	0.00811345626566	0.0107793055994	0.0130388782145	0.016150300417	0.0190187064551	0.022719370094	0.026174833624	0.00269431755317	0.00442479137059	0.00384666020109	0.00628152888148	0.00532421100423	0.0073314477068	0.00675881935073	0.00871991036926	0.00814212970429	0.0112717265269	169.165645616	168.840273612	168.514901607	168.189529602	167.864157598	167.538785593	167.213413588	166.888041583	166.562669579	166.237297574	-3.18693575347	-3.02916443658	-2.87139311969	-2.7136218028	-2.55585048591	-2.39807916903	-2.24030785214	-2.08253653525	-1.92476521836	-1.76699390147	-1.11930542826	-1.11930542826	-1.11930542826	-1.11930542826	-1.11930542826	-1.11930542826	-1.11930542826	-1.11930542826	-1.11930542826	-1.11930542826	
4.01666666667	160.175616326	160.600012558	161.024406176	161.448800809	161.873190209	162.297581966	162.721968333	163.146356412	163.570738049	163.995121754	0.00345961981254	0.00460308079705	0.00648094627076	0.00811345626566	0.0107793055994	0.0130388782145	0.016150300417	0.0190187064551	0.022719370094	0.026174833624	0.00269431755317	0.00442479137059	0.00384666020109	0.00628152888148	0.00532421100423	0.0073314477068	0.00675881935073	0.00871991036926	0.00814212970429	0.0112717265269	169.165645616	168.840273612	168.514901607	168.189529602	167.864157598	167.538785593	167.213413588	166.888041583	166.562669579	166.237297574	-3.18693575347	-3.02916443658	-2.87139311969	-2.7136218028	-2.55585048591	-2.39807916903	-2.24030785214	-2.08253653525	-1.92476521836	-1.76699390147	-1.11930542826	-1.11930542826	-1.11930542826	-1.11930542826	-1.11930542826	-1.11930542826	-1.11930542826	-1.11930542826	-1.11930542826	-1.11930542826	
4.03333333333	160.175616326	160.600012558	161.024406176	161.448800809	161.873190209	162.297581966	162.721968333	163.146356412	163.570738049	163.995121754	0.00345961981254	0.00460308079705	0.00648094627076	0.00811345626566	0.0107793055994	0.0130388782145	0.016150300417	0.0190187064551	0.022719370094	0.026174833624	0.00269431755317	0.00442479137059	0.00384666020109	0.00628152888148	0.00532421100423	0.0073314477068	0.00675881935073	0.00871991036926	0.00814212970429	0.0112717265269	169.165645616	168.840273612	168.514901607	168.189529602	167.864157598	167.538785593	167.213413588	166.888041583	166.562669579	166.237297574	-3.18693575347	-3.02916443658	-2.87139311969	-2.7136218028	-2.55585048591	-2.39807916903	-2.24030785214	-2.08253653525	-1.92476521836	-1.76699390147	-1.11930542826	-1.11930542826	-1.11930542826	-1.11930542826	-1.11930542826	-1.11930542826	-1.11930542826	-1.11930542826	-1.11930542826	-1.11930542826	
4.05	160.511728926	160.87727	161.241582002	161.605859051	161.971401491	162.332115371	162.696427384	163.060704433	163.421486652	163.787027726	0.00578038775743	0.00717192818141	0.0371548970721	0.067559580137	0.0685279625703	0.127753888296	0.157736733319	0.188141416384	0.246949610747	0.248341151173	0.00380677795246	0.082115186001	0.0832728046235	0.00264915933556	0.162738831289	0.0821148459949	0.0832728046235	0.161580872663	0.00380677795788	0.241046899329	168.858303061	168.563924783	168.269546505	167.975168226	167.680789948	167.386411669	167.092033391	166.797655113	166.503276834	166.208898556	-3.02342980752	-2.85611003916	-2.6887902708	-2.52147050244	-2.35415073408	-2.18683096572	-2.01951119736	-1.852191429	-1.68487166064	-1.51755189229	-1.05394870771	-1.05394870771	-1.05394870771	-1.05394870771	-1.05394870771	-1.05394870771	-1.05394870771	-1.05394870771	-1.05394870771	-1.05394870771	
4.06666666667	160.511728926	160.87727	161.241582002	161.605859051	161.971401491	162.332115371	162.696427384	163.060704433	163.421486652	163.787027726	0.00578038775743	0.00717192818141	0.0371548970721	0.067559580137	0.0685279625703	0.127753888296	0.157736733319	0.188141416384	0.246949610747	0.248341151173	0.00380677795246	0.082115186001	0.0832728046235	0.00264915933556	0.162738831289	0.0821148459949	0.0832728046235	0.161580872663	0.00380677795788	0.241046899329	168.858303061	168.563924783	168.269546505	167.975168226	167.680789948	167.386411669	167.092033391	166.797655113	166.503276834	166.208898556	-3.02342980752	-2.85611003916	-2.6887902708	-2.52147050244	-2.35415073408	-2.18683096572	-2.01951119736	-1.852191429	-1.68487166064	-1.51755189229	-1.05394870771	-1.05394870771	-1.05394870771	-1.05394870771	-1.05394870771	-1.05394870771	-1.05394870771	-1.05394870771	-1.05394870771	-1.05394870771	
4.08333333333	160.511728926	160.87727	161.241582002	161.605859051	161.971401491	162.332115371	162.696427384	163.060704433	163.421486652	163.787027726	0.00578038775743	0.00717192818141	0.0371548970721	0.067559580137	0.0685279625703	0.127753888296	0.157736733319	0.188141416384	0.246949610747	0.248341151173	0.00380677795246	0.082115186001	0.0832728046235	0.00264915933556	0.162738831289	0.0821148459949	0.0832728046235	0.161580872663	0.00380677795788	0.241046899329	168.858303061	168.563924783	168.269546505	167.975168226	167.680789948	167.386411669	167.092033391	166.797655113	166.503276834	166.208898556	-3.02342980752	-2.85611003916	-2.6887902708	-2.52147050244	-2.35415073408	-2.18683096572	-2.01951119736	-1.852191429	-1.68487166064	-1.51755189229	-1.05394870771	-1.05394870771	-1.05394870771	-1.05394870771	-1.05394870771	-1.05394870771	-1.05394870771	-1.05394870771	-1.05394870771	-1.05394870771	
4.1	160.511728926	160.87727	161.241582002	161.605859051	161.971401491	162.332115371	162.696427384	163.060704433	163.421486652	163.787027726	0.00578038775743	0.00717192818141	0.0371548970721	0.067559580137	0.0685279625703	0.127753888296	0.157736733319	0.188141416384	0.246949610747	0.248341151173	0.00380677795246	0.082115186001	0.0832728046235	0.00264915933556	0.162738831289	0.0821148459949	0.0832728046235	0.161580872663	0.00380677795788	0.241046899329	168.858303061	168.563924783	168.269546505	167.975168226	167.680789948	167.386411669	167.092033391	166.797655113	166.503276834	166.208898556	-3.02342980752	-2.85611003916	-2.6887902708	-2.52147050244	-2.35415073408	-2.18683096572	-2.01951119736	-1.852191429	-1.68487166064	-1.51755189229	-1.05394870771	-1.05394870771	-1.05394870771	-1.05394870771	-1.05394870771	-1.05394870771	-1.05394870771	-1.05394870771	-1.05394870771	-1.05394870771	
4.11666666667	160.511728926	160.87727	161.241582002	161.605859051	161.971401491	162.332115371	162.696427384	163.060704433	163.421486652	163.787027726	0.00578038775743	0.00717192818141	0.0371548970721	0.067559580137	0.0685279625703	0.127753888296	0.157736733319	0.188141416384	0.246949610747	0.248341151173	0.00380677795246	0.082115186001	0.0832728046235	0.00264915933556	0.162738831289	0.0821148459949	0.0832728046235	0.161580872663	0.00380677795788	0.241046899329	168.858303061	168.563924783	168.269546505	167.975168226	167.680789948	167.386411669	167.092033391	166.797655113	166.503276834	166.208898556	-3.02342980752	-2.85611003916	-2.6887902708	-2.52147050244	-2.35415073408	-2.18683096572	-2.01951119736	-1.852191429	-1.68487166064	-1.51755189229	-1.05394870771	-1.05394870771	-1.05394870771	-1.05394870771	-1.05394870771	-1.05394870771	-1.05394870771	-1.05394870771	-1.05394870771	-1.05394870771	
4.13333333333	160.511728926	160.87727	161.241582002	161.605859051	161.971401491	162.332115371	162.696427384	163.060704433	163.421486652	163.787027726	0.00578038775743	0.00717192818141	0.0371548970721	0.067559580137	0.0685279625703	0.127753888296	0.157736733319	0.188141416384	0.246949610747	0.248341151173	0.00380677795246	0.082115186001	0.0832728046235	0.00264915933556	0.162738831289	0.0821148459949	0.0832728046235	0.161580872663	0.00380677795788	0.241046899329	168.858303061	168.563924783	168.269546505	167.975168226	167.680789948	167.386411669	167.092033391	166.797655113	166.503276834	166.208898556	-3.02342980752	-2.85611003916	-2.6887902708	-2.52147050244	-2.35415073408	-2.18683096572	-2.01951119736	-1.852191429	-1.68487166064	-1.51755189229	-1.05394870771	-1.05394870771	-1.05394870771	-1.05394870771	-1.05394870771	-1.05394870771	-1.05394870771	-1.05394870771	-1.05394870771	-1.05394870771	
4.15	160.800150928	161.114278545	161.427567472	161.740677259	162.054827093	162.365459225	162.67900529	162.985711489	163.299861324	163.60121162	0.0137868586491	0.0179711504268	0.0412888740145	0.0668999805	0.0687840109142	0.11570252418	0.0961440774126	0.164151246957	0.166035277371	0.254814030005	0.0133195685623	0.0742918335603	0.0816142389157	0.00599716320693	0.149908909269	-0.0622975071464	0.218203579622	0.00599716320693	0.286498249976	0.0742918335603	168.582294559	168.319478706	168.056662854	167.793847001	167.531031149	167.268215296	167.005399443	166.742583591	166.479767738	166.216951886	-2.85159894361	-2.67685351134	-2.50210807907	-2.3273626468	-2.15261721453	-1.97787178225	-1.80312634998	-1.62838091771	-1.45363548544	-1.27889005317	-0.984019982602	-0.984019982602	-0.984019982602	-0.984019982602	-0.984019982602	-0.984019982602	-0.984019982602	-0.984019982602	-0.984019982602	-0.984019982602	
4.16666666667	160.800150928	161.114278545	161.427567472	161.740677259	162.054827093	162.365459225	162.67900529	162.985711489	163.299861324	163.60121162	0.0137868586491	0.0179711504268	0.0412888740145	0.0668999805	0.0687840109142	0.11570252418	0.0961440774126	0.164151246957	0.166035277371	0.254814030005	0.0133195685623	0.0742918335603	0.0816142389157	0.00599716320693	0.149908909269	-0.0622975071464	0.218203579622	0.00599716320693	0.286498249976	0.0742918335603	168.582294559	168.319478706	168.056662854	167.793847001	167.531031149	167.268215296	167.005399443	166.742583591	166.479767738	166.216951886	-2.85159894361	-2.67685351134	-2.50210807907	-2.3273626468	-2.15261721453	-1.97787178225	-1.80312634998	-1.62838091771	-1.45363548544	-1.27889005317	-0.984019982602	-0.984019982602	-0.984019982602	-0.984019982602	-0.984019982602	-0.984019982602	-0.984019982602	-0.984019982602	-0.984019982602	-0.984019982602	
4.18333333333	160.800150928	161.114278545	161.427567472	161.740677259	162.054827093	162.365459225	162.67900529	162.985711489	163.299861324	163.60121162	0.0137868586491	0.0179711504268	0.0412888740145	0.0668999805	0.0687840109142	0.11570252418	0.0961440774126	0.164151246957	0.166035277371	0.254814030005	0.0133195685623	0.0742918335603	0.0816142389157	0.00599716320693	0.149908909269	-0.0622975071464	0.218203579622	0.00599716320693	0.286498249976	0.0742918335603	168.582294559	168.319478706	168.056662854	167.793847001	167.531031149	167.268215296	167.005399443	166.742583591	166.479767738	166.216951886	-2.85159894361	-2.67685351134	-2.50210807907	-2.3273626468	-2.15261721453	-1.97787178225	-1.80312634998	-1.62838091771	-1.45363548544	-1.27889005317	-0.984019982602	-0.984019982602	-0.984019982602	-0.984019982602	-0.984019982602	-0.984019982602	-0.984019982602	-0.984019982602	-0.984019982602	-0.984019982602	
4.2	160.800150928	161.114278545	161.427567472	161.740677259	162.054827093	162.365459225	162.67900529	162.985711489	163.299861324	163.60121162	0.0137868586491	0.0179711504268	0.0412888740145	0.0668999805	0.0687840109142	0.11570252418	0.0961440774126	0.164151246957	0.166035277371	0.254814030005	0.0133195685623	0.0742918335603	0.0816142389157	0.00599716320693	0.149908909269	-0.0622975071464	0.218203579622	0.00599716320693	0.286498249976	0.0742918335603	168.582294559	168.319478706	168.056662854	167.793847001	167.531031149	167.268215296	167.005399443	166.742583591	166.479767738	166.216951886	-2.85159894361	-2.67685351134	-2.50210807907	-2.3273626468	-2.15261721453	-1.97787178225	-1.80312634998	-1.62838091771	-1.45363548544	-1.27889005317	-0.984019982602	-0.984019982602	-0.984019982602	-0.984019982602	-0.984019982602	-0.984019982602	-0.984019982602	-0.984019982602	-0.984019982602	-0.984019982602	
4.21666666667	160.800150928	161.114278545	161.427567472	161.740677259	162.054827093	162.365459225	162.67900529	162.985711489	163.299861324	163.60121162	0.0137868586491	0.0179711504268	0.0412888740145	0.0668999805	0.0687840109142	0.11570252418	0.0961440774126	0.164151246957	0.166035277371	0.254814030005	0.0133195685623	0.0742918335603	0.0816142389157	0.00599716320693	0.149908909269	-0.0622975071464	0.218203579622	0.00599716320693	0.286498249976	0.0742918335603	168.582294559	168.319478706	168.056662854	167.793847001	167.531031149	167.268215296	167.005399443	166.742583591	166.479767738	166.216951886	-2.85159894361	-2.67685351134	-2.50210807907	-2.3273626468	-2.15261721453	-1.97787178225	-1.80312634998	-1.62838091771	-1.45363548544	-1.27889005317	-0.984019982602	-0.984019982602	-0.984019982602	-0.984019982602	-0.984019982602	-0.984019982602	-0.984019982602	-0.984019982602	-0.984019982602	-0.984019982602	
4.23333333333	160.800150928	161.114278545	161.427567472	161.740677259	162.054827093	162.365459225	162.67900529	162.985711489	163.299861324	163.60121162	0.0137868586491	0.0179711504268	0.0412888740145	0.0668999805	0.0687840109142	0.11570252418	0.0961440774126	0.164151246957	0.166035277371	0.254814030005	0.0133195685623	0.0742918335603	0.0816142389157	0.00599716320693	0.149908909269	-0.0622975071464	0.218203579622	0.00599716320693	0.286498249976	0.0742918335603	168.582294559	168.319478706	168.056662854	167.793847001	167.531031149	167.268215296	167.005399443	166.742583591	166.479767738	166.216951886	-2.85159894361	-2.67685351134	-2.50210807907	-2.3273626468	-2.15261721453	-1.97787178225	-1.80312634998	-1.62838091771	-1.45363548544	-1.27889005317	-0.984019982602	-0.984019982602	-0.984019982602	-0.984019982602	-0.984019982602	-0.984019982602	-0.984019982602	-0.984019982602	-0.984019982602	-0.984019982602	
4.25	160.800150928	161.114278545	161.427567472	161.740677259	162.054827093	162.365459225	162.67900529	162.985711489	163.299861324	163.60121162	0.0137868586491	0.0179711504268	0.0412888740145	0.0668999805	0.0687840109142	0.11570252418	0.0961440774126	0.164151246957	0.166035277371	0.254814030005	0.0133195685623	0.0742918335603	0.0816142389157	0.00599716320693	0.149908909269	-0.0622975071464	0.218203579622	0.00599716320693	0.286498249976	0.0742918335603	168.582294559	168.319478706	168.056662854	167.793847001	167.531031149	167.268215296	167.005399443	166.742583591	166.479767738	166.216951886	-2.85159894361	-2.67685351134	-2.50210807907	-2.3273626468	-2.15261721453	-1.97787178225	-1.80312634998	-1.62838091771	-1.45363548544	-1.27889005317	-0.984019982602	-0.984019982602	-0.984019982602	-0.984019982602	-0.984019982602	-0.984019982602	-0.984019982602	-0.984019982602	-0.984019982602	-0.984019982602	
4.26666666667	161.06396959	161.313368977	161.562382121	161.810956019	162.058814176	162.305978951	162.552109829	162.797300754	163.041147173	163.283813323	0.047867907956	0.0582928040001	0.0756475364264	0.0984455594339	0.128027090317	0.162931335103	0.20450445043	0.251303411691	0.304666850526	0.363163621302	0.0417756873015	0.0695815286634	0.0914594032999	0.118786751154	0.14029084094	0.167327220726	0.188599017952	0.215443934484	0.236545718006	0.263232735826	168.300548024	168.075110916	167.849673808	167.624236699	167.398799591	167.173362483	166.947925375	166.722488266	166.497051158	166.27161405	-2.64359773602	-2.46312813153	-2.28265852704	-2.10218892256	-1.92171931807	-1.74124971358	-1.56078010909	-1.3803105046	-1.19984090011	-1.01937129562	-0.895731118073	-0.895731118073	-0.895731118073	-0.895731118073	-0.895731118073	-0.895731118073	-0.895731118073	-0.895731118073	-0.895731118073	-0.895731118073	
4.28333333333	161.06396959	161.313368977	161.562382121	161.810956019	162.058814176	162.305978951	162.552109829	162.797300754	163.041147173	163.283813323	0.047867907956	0.0582928040001	0.0756475364264	0.0984455594339	0.128027090317	0.162931335103	0.20450445043	0.251303411691	0.304666850526	0.363163621302	0.0417756873015	0.0695815286634	0.0914594032999	0.118786751154	0.14029084094	0.167327220726	0.188599017952	0.215443934484	0.236545718006	0.263232735826	168.300548024	168.075110916	167.849673808	167.624236699	167.398799591	167.173362483	166.947925375	166.722488266	166.497051158	166.27161405	-2.64359773602	-2.46312813153	-2.28265852704	-2.10218892256	-1.92171931807	-1.74124971358	-1.56078010909	-1.3803105046	-1.19984090011	-1.01937129562	-0.895731118073	-0.895731118073	-0.895731118073	-0.895731118073	-0.895731118073	-0.895731118073	-0.895731118073	-0.895731118073	-0.895731118073	-0.895731118073	
4.3	161.06396959	161.313368977	161.562382121	161.810956019	162.058814176	162.305978951	162.552109829	162.797300754	163.041147173	163.283813323	0.047867907956	0.0582928040001	0.0756475364264	0.0984455594339	0.128027090317	0.162931335103	0.20450445043	0.251303411691	0.304666850526	0.363163621302	0.0417756873015	0.0695815286634	0.0914594032999	0.118786751154	0.14029084094	0.167327220726	0.188599017952	0.215443934484	0.236545718006	0.263232735826	168.300548024	168.075110916	167.849673808	167.624236699	167.398799591	167.173362483	166.947925375	166.722488266	166.497051158	166.27161405	-2.64359773602	-2.46312813153	-2.28265852704	-2.10218892256	-1.92171931807	-1.74124971358	-1.56078010909	-1.3803105046	-1.19984090011	-1.01937129562	-0.895731118073	-0.895731118073	-0.895731118073	-0.895731118073	-0.895731118073	-0.895731118073	-0.895731118073	-0.895731118073	-0.895731118073	-0.895731118073	
4.31666666667	161.06396959	161.313368977	161.562382121	161.810956019	162.058814176	162.305978951	162.552109829	162.797300754	163.041147173	163.283813323	0.047867907956	0.0582928040001	0.0756475364264	0.0984455594339	0.128027090317	0.162931335103	0.20450445043	0.251303411691	0.304666850526	0.363163621302	0.0417756873015	0.0695815286634	0.0914594032999	0.118786751154	0.14029084094	0.167327220726	0.188599017952	0.215443934484	0.236545718006	0.263232735826	168.300548024	168.075110916	167.849673808	167.624236699	167.398799591	167.173362483	166.947925375	166.722488266	166.497051158	166.27161405	-2.64359773602	-2.46312813153	-2.28265852704	-2.10218892256	-1.92171931807	-1.74124971358	-1.56078010909	-1.3803105046	-1.19984090011	-1.01937129562	-0.895731118073	-0.895731118073	-0.895731118073	-0.895731118073	-0.895731118073	-0.895731118073	-0.895731118073	-0.895731118073	-0.895731118073	-0.895731118073	
4.33333333333	161.06396959	161.313368977	161.562382121	161.810956019	162.058814176	162.305978951	162.552109829	162.797300754	163.041147173	163.283813323	0.047867907956	0.0582928040001	0.0756475364264	0.0984455594339	0.128027090317	0.162931335103	0.20450445043	0.251303411691	0.304666850526	0.363163621302	0.0417756873015	0.0695815286634	0.0914594032999	0.118786751154	0.14029084094	0.167327220726	0.188599017952	0.215443934484	0.236545718006	0.263232735826	168.300548024	168.075110916	167.849673808	167.624236699	167.398799591	167.173362483	166.947925375	166.722488266	166.497051158	166.27161405	-2.64359773602	-2.46312813153	-2.28265852704	-2.10218892256	-1.92171931807	-1.74124971358	-1.56078010909	-1.3803105046	-1.19984090011	-1.01937129562	-0.895731118073	-0.895731118073	-0.895731118073	-0.895731118073	-0.895731118073	-0.895731118073	-0.895731118073	-0.895731118073	-0.895731118073	-0.895731118073	
4.35	161.06396959	161.313368977	161.562382121	161.810956019	162.058814176	162.305978951	162.552109829	162.797300754	163.041147173	163.283813323	0.047867907956	0.0582928040001	0.0756475364264	0.0984455594339	0.128027090317	0.162931335103	0.20450445043	0.251303411691	0.304666850526	0.363163621302	0.0417756873015	0.0695815286634	0.0914594032999	0.118786751154	0.14029084094	0.167327220726	0.188599017952	0.215443934484	0.236545718006	0.263232735826	168.300548024	168.075110916	167.849673808	167.624236699	167.398799591	167.173362483	166.947925375	166.722488266	166.497051158	166.27161405	-2.64359773602	-2.46312813153	-2.28265852704	-2.10218892256	-1.92171931807	-1.74124971358	-1.56078010909	-1.3803105046	-1.19984090011	-1.01937129562	-0.895731118073	-0.895731118073	-0.895731118073	-0.895731118073	-0.895731118073	-0.895731118073	-0.895731118073	-0.895731118073	-0.895731118073	-0.895731118073	
4.36666666667	161.06396959	161.313368977	161.562382121	161.810956019	162.058814176	162.305978951	162.552109829	162.797300754	163.041147173	163.283813323	0.047867907956	0.0582928040001	0.0756475364264	0.0984455594339	0.128027090317	0.162931335103	0.20450445043	0.251303411691	0.304666850526	0.363163621302	0.0417756873015	0.0695815286634	0.0914594032999	0.118786751154	0.14029084094	0.167327220726	0.188599017952	0.215443934484	0.236545718006	0.263232735826	168.300548024	168.075110916	167.849673808	167.624236699	167.398799591	167.173362483	166.947925375	166.722488266	166.497051158	166.27161405	-2.64359773602	-2.46312813153	-2.28265852704	-2.10218892256	-1.92171931807	-1.74124971358	-1.56078010909	-1.3803105046	-1.19984090011	-1.01937129562	-0.895731118073	-0.895731118073	-0.895731118073	-0.895731118073	-0.895731118073	-0.895731118073	-0.895731118073	-0.895731118073	-0.895731118073	-0.895731118073	
4.38333333333	161.246909582	161.428692763	161.610272897	161.791503108	161.972436115	162.152887628	162.332949344	162.512399648	162.691368736	162.86959811	0.095482636108	0.107623028921	0.12249478582	0.141152885045	0.162501449755	0.187596584234	0.21535072519	0.24681662548	0.280913245268	0.3186863121	0.0666859892529	0.0817194971992	0.102591034756	0.117448512592	0.138182303601	0.152933264432	0.173581405536	0.188260702024	0.208844873684	0.223464673415	168.062674763	167.874971781	167.687268799	167.499565817	167.311862835	167.124159853	166.936456871	166.748753889	166.561050907	166.373347925	-2.43120920666	-2.24850252783	-2.065795849	-1.88308917017	-1.70038249134	-1.51767581251	-1.33496913369	-1.15226245486	-0.969555776026	-0.786849097196	-0.79888593305	-0.79888593305	-0.79888593305	-0.79888593305	-0.79888593305	-0.79888593305	-0.79888593305	-0.79888593305	-0.79888593305	-0.79888593305	
4.4	161.246909582	161.428692763	161.610272897	161.791503108	161.972436115	162.152887628	162.332949344	162.512399648	162.691368736	162.86959811	0.095482636108	0.107623028921	0.12249478582	0.141152885045	0.162501449755	0.187596584234	0.21535072519	0.24681662548	0.280913245268	0.3186863121	0.0666859892529	0.0817194971992	0.102591034756	0.117448512592	0.138182303601	0.152933264432	0.173581405536	0.188260702024	0.208844873684	0.223464673415	168.062674763	167.874971781	167.687268799	167.499565817	167.311862835	167.124159853	166.936456871	166.748753889	166.561050907	166.373347925	-2.43120920666	-2.24850252783	-2.065795849	-1.88308917017	-1.70038249134	-1.51767581251	-1.33496913369	-1.15226245486	-0.969555776026	-0.786849097196	-0.79888593305	-0.79888593305	-0.79888593305	-0.79888593305	-0.79888593305	-0.79888593305	-0.79888593305	-0.79888593305	-0.79888593305	-0.79888593305	
4.41666666667	161.246909582	161.428692763	161.610272897	161.791503108	161.972436115	162.152887628	162.332949344	162.512399648	162.691368736	162.86959811	0.095482636108	0.107623028921	0.12249478582	0.141152885045	0.162501449755	0.187596584234	0.21535072519	0.24681662548	0.280913245268	0.3186863121	0.0666859892529	0.0817194971992	0.102591034756	0.117448512592	0.138182303601	0.152933264432	0.173581405536	0.188260702024	0.208844873684	0.223464673415	168.062674763	167.874971781	167.687268799	167.499565817	167.311862835	167.124159853	166.936456871	166.748753889	166.561050907	166.373347925	-2.43120920666	-2.24850252783	-2.065795849	-1.88308917017	-1.70038249134	-1.51767581251	-1.33496913369	-1.15226245486	-0.969555776026	-0.786849097196	-0.79888593305	-0.79888593305	-0.79888593305	-0.79888593305	-0.79888593305	-0.79888593305	-0.79888593305	-0.79888593305	-0.79888593305	-0.79888593305	
4.43333333333	161.246909582	161.428692763	161.610272897	161.791503108	161.972436115	162.152887628	162.332949344	162.512399648	162.691368736	162.86959811	0.095482636108	0.107623028921	0.12249478582	0.141152885045	0.162501449755	0.187596584234	0.21535072519	0.24681662548	0.280913245268	0.3186863121	0.0666859892529	0.0817194971992	0.102591034756	0.117448512592	0.138182303601	0.152933264432	0.173581405536	0.188260702024	0.208844873684	0.223464673415	168.062674763	167.874971781	167.687268799	167.499565817	167.311862835	167.124159853	166.936456871	166.748753889	166.561050907	166.373347925	-2.43120920666	-2.24850252783	-2.065795849	-1.88308917017	-1.70038249134	-1.51767581251	-1.33496913369	-1.15226245486	-0.969555776026	-0.786849097196	-0.79888593305	-0.79888593305	-0.79888593305	-0.79888593305	-0.79888593305	-0.79888593305	-0.79888593305	-0.79888593305	-0.79888593305	-0.79888593305	
4.45	161.246909582	161.428692763	161.610272897	161.791503108	161.972436115	162.152887628	162.332949344	162.512399648	162.691368736	162.86959811	0.095482636108	0.107623028921	0.12249478582	0.141152885045	0.162501449755	0.187596584234	0.21535072519	0.24681662548	0.280913245268	0.3186863121	0.0666859892529	0.0817194971992	0.102591034756	0.117448512592	0.138182303601	0.152933264432	0.173581405536	0.188260702024	0.208844873684	0.223464673415	168.062674763	167.874971781	167.687268799	167.499565817	167.311862835	167.124159853	166.936456871	166.748753889	166.561050907	166.373347925	-2.43120920666	-2.24850252783	-2.065795849	-1.88308917017	-1.70038249134	-1.51767581251	-1.33496913369	-1.15226245486	-0.969555776026	-0.786849097196	-0.79888593305	-0.79888593305	-0.79888593305	-0.79888593305	-0.79888593305	-0.79888593305	-0.79888593305	-0.79888593305	-0.79888593305	-0.79888593305	
4.46666666667	161.246909582	161.428692763	161.610272897	161.791503108	161.972436115	162.152887628	162.332949344	162.512399648	162.691368736	162.86959811	0.095482636108	0.107623028921	0.12249478582	0.141152885045	0.162501449755	0.187596584234	0.21535072519	0.24681662548	0.280913245268	0.3186863121	0.0666859892529	0.0817194971992	0.102591034756	0.117448512592	0.138182303601	0.152933264432	0.173581405536	0.188260702024	0.208844873684	0.223464673415	168.062674763	167.874971781	167.687268799	167.499565817	167.311862835	167.124159853	166.936456871	166.748753889	166.561050907	166.373347925	-2.43120920666	-2.24850252783	-2.065795849	-1.88308917017	-1.70038249134	-1.51767581251	-1.33496913369	-1.15226245486	-0.969555776026	-0.786849097196	-0.79888593305	-0.79888593305	-0.79888593305	-0.79888593305	-0.79888593305	-0.79888593305	-0.79888593305	-0.79888593305	-0.79888593305	-0.79888593305	
4.48333333333	161.339927546	161.463368743	161.58671061	161.709883036	161.832928046	161.955761493	162.078439583	162.200864199	162.323105663	162.445051975	0.127751641357	0.137413579822	0.148270187795	0.160904890334	0.174725437885	0.190314743098	0.207082820614	0.2256110555	0.245311477168	0.266763266886	0.0781123305867	0.0877941957626	0.102219839884	0.111852267735	0.126239271543	0.135841779523	0.150204143303	0.15978600126	0.174130192055	0.1836945949	167.893864041	167.738531606	167.583199171	167.427866736	167.272534301	167.117201866	166.961869431	166.806536996	166.651204561	166.495872127	-2.24892819394	-2.06736270337	-1.88579721279	-1.70423172222	-1.52266623165	-1.34110074108	-1.15953525051	-0.977969759938	-0.796404269367	-0.614838778796	-0.707688486165	-0.707688486165	-0.707688486165	-0.707688486165	-0.707688486165	-0.707688486165	-0.707688486165	-0.707688486165	-0.707688486165	-0.707688486165	
4.5	161.339927546	161.463368743	161.58671061	161.709883036	161.832928046	161.955761493	162.078439583	162.200864199	162.323105663	162.445051975	0.127751641357	0.137413579822	0.148270187795	0.160904890334	0.174725437885	0.190314743098	0.207082820614	0.2256110555	0.245311477168	0.266763266886	0.0781123305867	0.0877941957626	0.102219839884	0.111852267735	0.126239271543	0.135841779523	0.150204143303	0.15978600126	0.174130192055	0.1836945949	167.893864041	167.738531606	167.583199171	167.427866736	167.272534301	167.117201866	166.961869431	166.806536996	166.651204561	166.495872127	-2.24892819394	-2.06736270337	-1.88579721279	-1.70423172222	-1.52266623165	-1.34110074108	-1.15953525051	-0.977969759938	-0.796404269367	-0.614838778796	-0.707688486165	-0.707688486165	-0.707688486165	-0.707688486165	-0.707688486165	-0.707688486165	-0.707688486165	-0.707688486165	-0.707688486165	-0.707688486165	
4.51666666667	161.339927546	161.463368743	161.58671061	161.709883036	161.832928046	161.955761493	162.078439583	162.200864199	162.323105663	162.445051975	0.127751641357	0.137413579822	0.148270187795	0.160904890334	0.174725437885	0.190314743098	0.207082820614	0.2256110555	0.245311477168	0.266763266886	0.0781123305867	0.0877941957626	0.102219839884	0.111852267735	0.126239271543	0.135841779523	0.150204143303	0.15978600126	0.174130192055	0.1836945949	167.893864041	167.738531606	167.583199171	167.427866736	167.272534301	167.117201866	166.961869431	166.806536996	166.651204561	166.495872127	-2.24892819394	-2.06736270337	-1.88579721279	-1.70423172222	-1.52266623165	-1.34110074108	-1.15953525051	-0.977969759938	-0.796404269367	-0.614838778796	-0.707688486165	-0.707688486165	-0.707688486165	-0.707688486165	-0.707688486165	-0.707688486165	-0.707688486165	-0.707688486165	-0.707688486165	-0.707688486165	
4.53333333333	161.339927546	161.463368743	161.58671061	161.709883036	161.832928046	161.955761493	162.078439583	162.200864199	162.323105663	162.445051975	0.127751641357	0.137413579822	0.148270187795	0.160904890334	0.174725437885	0.190314743098	0.207082820614	0.2256110555	0.245311477168	0.266763266886	0.0781123305867	0.0877941957626	0.102219839884	0.111852267735	0.126239271543	0.135841779523	0.150204143303	0.15978600126	0.174130192055	0.1836945949	167.893864041	167.738531606	167.583199171	167.427866736	167.272534301	167.117201866	166.961869431	166.806536996	166.651204561	166.495872127	-2.24892819394	-2.06736270337	-1.88579721279	-1.70423172222	-1.52266623165	-1.34110074108	-1.15953525051	-0.977969759938	-0.796404269367	-0.614838778796	-0.707688486165	-0.707688486165	-0.707688486165	-0.707688486165	-0.707688486165	-0.707688486165	-0.707688486165	-0.707688486165	-0.707688486165	-0.707688486165	
4.55	161.339927546	161.463368743	161.58671061	161.709883036	161.832928046	161.955761493	162.078439583	162.200864199	162.323105663	162.445051975	0.127751641357	0.137413579822	0.148270187795	0.160904890334	0.174725437885	0.190314743098	0.207082820614	0.2256110555	0.245311477168	0.266763266886	0.0781123305867	0.0877941957626	0.102219839884	0.111852267735	0.126239271543	0.135841779523	0.150204143303	0.15978600126	0.174130192055	0.1836945949	167.893864041	167.738531606	167.583199171	167.427866736	167.272534301	167.117201866	166.961869431	166.806536996	166.651204561	166.495872127	-2.24892819394	-2.06736270337	-1.88579721279	-1.70423172222	-1.52266623165	-1.34110074108	-1.15953525051	-0.977969759938	-0.796404269367	-0.614838778796	-0.707688486165	-0.707688486165	-0.707688486165	-0.707688486165	-0.707688486165	-0.707688486165	-0.707688486165	-0.707688486165	-0.707688486165	-0.707688486165	
4.56666666667	161.339927546	161.463368743	161.58671061	161.709883036	161.832928046	161.955761493	162.078439583	162.200864199	162.323105663	162.445051975	0.127751641357	0.137413579822	0.148270187795	0.160904890334	0.174725437885	0.190314743098	0.207082820614	0.2256110555	0.245311477168	0.266763266886	0.0781123305867	0.0877941957626	0.102219839884	0.111852267735	0.126239271543	0.135841779523	0.150204143303	0.15978600126	0.174130192055	0.1836945949	167.893864041	167.738531606	167.583199171	167.427866736	167.272534301	167.117201866	166.961869431	166.806536996	166.651204561	166.495872127	-2.24892819394	-2.06736270337	-1.88579721279	-1.70423172222	-1.52266623165	-1.34110074108	-1.15953525051	-0.977969759938	-0.796404269367	-0.614838778796	-0.707688486165	-0.707688486165	-0.707688486165	-0.707688486165	-0.707688486165	-0.707688486165	-0.707688486165	-0.707688486165	-0.707688486165	-0.707688486165	
4.58333333333	161.339927546	161.463368743	161.58671061	161.709883036	161.832928046	161.955761493	162.078439583	162.200864199	162.323105663	162.445051975	0.127751641357	0.137413579822	0.148270187795	0.160904890334	0.174725437885	0.190314743098	0.207082820614	0.2256110555	0.245311477168	0.266763266886	0.0781123305867	0.0877941957626	0.102219839884	0.111852267735	0.126239271543	0.135841779523	0.150204143303	0.15978600126	0.174130192055	0.1836945949	167.893864041	167.738531606	167.583199171	167.427866736	167.272534301	167.117201866	166.961869431	166.806536996	166.651204561	166.495872127	-2.24892819394	-2.06736270337	-1.88579721279	-1.70423172222	-1.52266623165	-1.34110074108	-1.15953525051	-0.977969759938	-0.796404269367	-0.614838778796	-0.707688486165	-0.707688486165	-0.707688486165	-0.707688486165	-0.707688486165	-0.707688486165	-0.707688486165	-0.707688486165	-0.707688486165	-0.707688486165	
4.6	161.339927546	161.463368743	161.58671061	161.709883036	161.832928046	161.955761493	162.078439583	162.200864199	162.323105663	162.445051975	0.127751641357	0.137413579822	0.148270187795	0.160904890334	0.174725437885	0.190314743098	0.207082820614	0.2256110555	0.245311477168	0.266763266886	0.0781123305867	0.0877941957626	0.102219839884	0.111852267735	0.126239271543	0.135841779523	0.150204143303	0.15978600126	0.174130192055	0.1836945949	167.893864041	167.738531606	167.583199171	167.427866736	167.272534301	167.117201866	166.961869431	166.806536996	166.651204561	166.495872127	-2.24892819394	-2.06736270337	-1.88579721279	-1.70423172222	-1.52266623165	-1.34110074108	-1.15953525051	-0.977969759938	-0.796404269367	-0.614838778796	-0.707688486165	-0.707688486165	-0.707688486165	-0.707688486165	-0.707688486165	-0.707688486165	-0.707688486165	-0.707688486165	-0.707688486165	-0.707688486165	
4.61666666667	161.339927546	161.463368743	161.58671061	161.709883036	161.832928046	161.955761493	162.078439583	162.200864199	162.323105663	162.445051975	0.127751641357	0.137413579822	0.148270187795	0.160904890334	0.174725437885	0.190314743098	0.207082820614	0.2256110555	0.245311477168	0.266763266886	0.0781123305867	0.0877941957626	0.102219839884	0.111852267735	0.126239271543	0.135841779523	0.150204143303	0.15978600126	0.174130192055	0.1836945949	167.893864041	167.738531606	167.583199171	167.427866736	167.272534301	167.117201866	166.961869431	166.806536996	166.651204561	166.495872127	-2.24892819394	-2.06736270337	-1.88579721279	-1.70423172222	-1.52266623165	-1.34110074108	-1.15953525051	-0.977969759938	-0.796404269367	-0.614838778796	-0.707688486165	-0.707688486165	-0.707688486165	-0.707688486165	-0.707688486165	-0.707688486165	-0.707688486165	-0.707688486165	-0.707688486165	-0.707688486165	
4.63333333333	161.339927546	161.463368743	161.58671061	161.709883036	161.832928046	161.955761493	162.078439583	162.200864199	162.323105663	162.445051975	0.127751641357	0.137413579822	0.148270187795	0.160904890334	0.174725437885	0.190314743098	0.207082820614	0.2256110555	0.245311477168	0.266763266886	0.0781123305867	0.0877941957626	0.102219839884	0.111852267735	0.126239271543	0.135841779523	0.150204143303	0.15978600126	0.174130192055	0.1836945949	167.893864041	167.738531606	167.583199171	167.427866736	167.272534301	167.117201866	166.961869431	166.806536996	166.651204561	166.495872127	-2.24892819394	-2.06736270337	-1.88579721279	-1.70423172222	-1.52266623165	-1.34110074108	-1.15953525051	-0.977969759938	-0.796404269367	-0.614838778796	-0.707688486165	-0.707688486165	-0.707688486165	-0.707688486165	-0.707688486165	-0.707688486165	-0.707688486165	-0.707688486165	-0.707688486165	-0.707688486165	
4.65	161.339927546	161.463368743	161.58671061	161.709883036	161.832928046	161.955761493	162.078439583	162.200864199	162.323105663	162.445051975	0.127751641357	0.137413579822	0.148270187795	0.160904890334	0.174725437885	0.190314743098	0.207082820614	0.2256110555	0.245311477168	0.266763266886	0.0781123305867	0.0877941957626	0.102219839884	0.111852267735	0.126239271543	0.135841779523	0.150204143303	0.15978600126	0.174130192055	0.1836945949	167.893864041	167.738531606	167.583199171	167.427866736	167.272534301	167.117201866	166.961869431	166.806536996	166.651204561	166.495872127	-2.24892819394	-2.06736270337	-1.88579721279	-1.70423172222	-1.52266623165	-1.34110074108	-1.15953525051	-0.977969759938	-0.796404269367	-0.614838778796	-0.707688486165	-0.707688486165	-0.707688486165	-0.707688486165	-0.707688486165	-0.707688486165	-0.707688486165	-0.707688486165	-0.707688486165	-0.707688486165	
4.66666666667	161.339927546	161.463368743	161.58671061	161.709883036	161.832928046	161.955761493	162.078439583	162.200864199	162.323105663	162.445051975	0.127751641357	0.137413579822	0.148270187795	0.160904890334	0.174725437885	0.190314743098	0.207082820614	0.2256110555	0.245311477168	0.266763266886	0.0781123305867	0.0877941957626	0.102219839884	0.111852267735	0.126239271543	0.135841779523	0.150204143303	0.15978600126	0.174130192055	0.1836945949	167.893864041	167.738531606	167.583199171	167.427866736	167.272534301	167.117201866	166.961869431	166.806536996	166.651204561	166.495872127	-2.24892819394	-2.06736270337	-1.88579721279	-1.70423172222	-1.52266623165	-1.34110074108	-1.15953525051	-0.977969759938	-0.796404269367	-0.614838778796	-0.707688486165	-0.707688486165	-0.707688486165	-0.707688486165	-0.707688486165	-0.707688486165	-0.707688486165	-0.707688486165	-0.707688486165	-0.707688486165	
4.68333333333	161.339927546	161.463368743	161.58671061	161.709883036	161.832928046	161.955761493	162.078439583	162.200864199	162.323105663	162.445051975	0.127751641357	0.137413579822	0.148270187795	0.160904890334	0.174725437885	0.190314743098	0.207082820614	0.2256110555	0.245311477168	0.266763266886	0.0781123305867	0.0877941957626	0.102219839884	0.111852267735	0.126239271543	0.135841779523	0.150204143303	0.15978600126	0.174130192055	0.1836945949	167.893864041	167.738531606	167.583199171	167.427866736	167.272534301	167.117201866	166.961869431	166.806536996	166.651204561	166.495872127	-2.24892819394	-2.06736270337	-1.88579721279	-1.70423172222	-1.52266623165	-1.34110074108	-1.15953525051	-0.977969759938	-0.796404269367	-0.614838778796	-0.707688486165	-0.707688486165	-0.707688486165	-0.707688486165	-0.707688486165	-0.707688486165	-0.707688486165	-0.707688486165	-0.707688486165	-0.707688486165	
4.7	161.339927546	161.463368743	161.58671061	161.709883036	161.832928046	161.955761493	162.078439583	162.200864199	162.323105663	162.445051975	0.127751641357	0.137413579822	0.148270187795	0.160904890334	0.174725437885	0.190314743098	0.207082820614	0.2256110555	0.245311477168	0.266763266886	0.0781123305867	0.0877941957626	0.102219839884	0.111852267735	0.126239271543	0.135841779523	0.150204143303	0.15978600126	0.174130192055	0.1836945949	167.893864041	167.738531606	167.583199171	167.427866736	167.272534301	167.117201866	166.961869431	166.806536996	166.651204561	166.495872127	-2.24892819394	-2.06736270337	-1.88579721279	-1.70423172222	-1.52266623165	-1.34110074108	-1.15953525051	-0.977969759938	-0.796404269367	-0.614838778796	-0.707688486165	-0.707688486165	-0.707688486165	-0.707688486165	-0.707688486165	-0.707688486165	-0.707688486165	-0.707688486165	-0.707688486165	-0.707688486165	
4.71666666667	161.339927546	161.463368743	161.58671061	161.709883036	161.832928046	161.955761493	162.078439583	162.200864199	162.323105663	162.445051975	0.127751641357	0.137413579822	0.148270187795	0.160904890334	0.174725437885	0.190314743098	0.207082820614	0.2256110555	0.245311477168	0.266763266886	0.0781123305867	0.0877941957626	0.102219839884	0.111852267735	0.126239271543	0.135841779523	0.150204143303	0.15978600126	0.174130192055	0.1836945949	167.893864041	167.738531606	167.583199171	167.427866736	167.272534301	167.117201866	166.961869431	166.806536996	166.651204561	166.495872127	-2.24892819394	-2.06736270337	-1.88579721279	-1.70423172222	-1.52266623165	-1.34110074108	-1.15953525051	-0.977969759938	-0.796404269367	-0.614838778796	-0.707688486165	-0.707688486165	-0.707688486165	-0.707688486165	-0.707688486165	-0.707688486165	-0.707688486165	-0.707688486165	-0.707688486165	-0.707688486165	
4.73333333333	161.339927546	161.463368743	161.58671061	161.709883036	161.832928046	161.955761493	162.078439583	162.200864199	162.323105663	162.445051975	0.127751641357	0.137413579822	0.148270187795	0.160904890334	0.174725437885	0.190314743098	0.207082820614	0.2256110555	0.245311477168	0.266763266886	0.0781123305867	0.0877941957626	0.102219839884	0.111852267735	0.126239271543	0.135841779523	0.150204143303	0.15978600126	0.174130192055	0.1836945949	167.893864041	167.738531606	167.583199171	167.427866736	167.272534301	167.117201866	166.961869431	166.806536996	166.651204561	166.495872127	-2.24892819394	-2.06736270337	-1.88579721279	-1.70423172222	-1.52266623165	-1.34110074108	-1.15953525051	-0.977969759938	-0.796404269367	-0.614838778796	-0.707688486165	-0.707688486165	-0.707688486165	-0.707688486165	-0.707688486165	-0.707688486165	-0.707688486165	-0.707688486165	-0.707688486165	-0.707688486165	
4.75	161.339927546	161.463368743	161.58671061	161.709883036	161.832928046	161.955761493	162.078439583	162.200864199	162.323105663	162.445051975	0.127751641357	0.137413579822	0.148270187795	0.160904890334	0.174725437885	0.190314743098	0.207082820614	0.2256110555	0.245311477168	0.266763266886	0.0781123305867	0.0877941957626	0.102219839884	0.111852267735	0.126239271543	0.135841779523	0.150204143303	0.15978600126	0.174130192055	0.1836945949	167.893864041	167.738531606	167.583199171	167.427866736	167.272534301	167.117201866	166.961869431	166.806536996	166.651204561	166.495872127	-2.24892819394	-2.06736270337	-1.88579721279	-1.70423172222	-1.52266623165	-1.34110074108	-1.15953525051	-0.977969759938	-0.796404269367	-0.614838778796	-0.707688486165	-0.707688486165	-0.707688486165	-0.707688486165	-0.707688486165	-0.707688486165	-0.707688486165	-0.707688486165	-0.707688486165	-0.707688486165	
4.76666666667	161.339927546	161.463368743	161.58671061	161.709883036	161.832928046	161.955761493	162.078439583	162.200864199	162.323105663	162.445051975	0.127751641357	0.137413579822	0.148270187795	0.160904890334	0.174725437885	0.190314743098	0.207082820614	0.2256110555	0.245311477168	0.266763266886	0.0781123305867	0.0877941957626	0.102219839884	0.111852267735	0.126239271543	0.135841779523	0.150204143303	0.15978600126	0.174130192055	0.1836945949	167.893864041	167.738531606	167.583199171	167.427866736	167.272534301	167.117201866	166.961869431	166.806536996	166.651204561	166.495872127	-2.24892819394	-2.06736270337	-1.88579721279	-1.70423172222	-1.52266623165	-1.34110074108	-1.15953525051	-0.977969759938	-0.796404269367	-0.614838778796	-0.707688486165	-0.707688486165	-0.707688486165	-0.707688486165	-0.707688486165	-0.707688486165	-0.707688486165	-0.707688486165	-0.707688486165	-0.707688486165	
4.78333333333	161.339927546	161.463368743	161.58671061	161.709883036	161.832928046	161.955761493	162.078439583	162.200864199	162.323105663	162.445051975	0.127751641357	0.137413579822	0.148270187795	0.160904890334	0.174725437885	0.190314743098	0.207082820614	0.2256110555	0.245311477168	0.266763266886	0.0781123305867	0.0877941957626	0.102219839884	0.111852267735	0.126239271543	0.135841779523	0.150204143303	0.15978600126	0.174130192055	0.1836945949	167.893864041	167.738531606	167.583199171	167.427866736	167.272534301	167.117201866	166.961869431	166.806536996	166.651204561	166.495872127	-2.24892819394	-2.06736270337	-1.88579721279	-1.70423172222	-1.52266623165	-1.34110074108	-1.15953525051	-0.977969759938	-0.796404269367	-0.614838778796	-0.707688486165	-0.707688486165	-0.707688486165	-0.707688486165	-0.707688486165	-0.707688486165	-0.707688486165	-0.707688486165	-0.707688486165	-0.707688486165	
4.8	161.339927546	161.463368743	161.58671061	161.709883036	161.832928046	161.955761493	162.078439583	162.200864199	162.323105663	162.445051975	0.127751641357	0.137413579822	0.148270187795	0.160904890334	0.174725437885	0.190314743098	0.207082820614	0.2256110555	0.245311477168	0.266763266886	0.0781123305867	0.0877941957626	0.102219839884	0.111852267735	0.126239271543	0.135841779523	0.150204143303	0.15978600126	0.174130192055	0.1836945949	167.893864041	167.738531606	167.583199171	167.427866736	167.272534301	167.117201866	166.961869431	166.806536996	166.651204561	166.495872127	-2.24892819394	-2.06736270337	-1.88579721279	-1.70423172222	-1.52266623165	-1.34110074108	-1.15953525051	-0.977969759938	-0.796404269367	-0.614838778796	-0.707688486165	-0.707688486165	-0.707688486165	-0.707688486165	-0.707688486165	-0.707688486165	-0.707688486165	-0.707688486165	-0.707688486165	-0.707688486165	
4.81666666667	161.339927546	161.463368743	161.58671061	161.709883036	161.832928046	161.955761493	162.078439583	162.200864199	162.323105663	162.445051975	0.127751641357	0.137413579822	0.148270187795	0.160904890334	0.174725437885	0.190314743098	0.207082820614	0.2256110555	0.245311477168	0.266763266886	0.0781123305867	0.0877941957626	0.102219839884	0.111852267735	0.126239271543	0.135841779523	0.150204143303	0.15978600126	0.174130192055	0.1836945949	167.893864041	167.738531606	167.583199171	167.427866736	167.272534301	167.117201866	166.961869431	166.806536996	166.651204561	166.495872127	-2.24892819394	-2.06736270337	-1.88579721279	-1.70423172222	-1.52266623165	-1.34110074108	-1.15953525051	-0.977969759938	-0.796404269367	-0.614838778796	-0.707688486165	-0.707688486165	-0.707688486165	-0.707688486165	-0.707688486165	-0.707688486165	-0.707688486165	-0.707688486165	-0.707688486165	-0.707688486165	
4.83333333333	161.339927546	161.463368743	161.58671061	161.709883036	161.832928046	161.955761493	162.078439583	162.200864199	162.323105663	162.445051975	0.127751641357	0.137413579822	0.148270187795	0.160904890334	0.174725437885	0.190314743098	0.207082820614	0.2256110555	0.245311477168	0.266763266886	0.0781123305867	0.0877941957626	0.102219839884	0.111852267735	0.126239271543	0.135841779523	0.150204143303	0.15978600126	0.174130192055	0.1836945949	167.893864041	167.738531606	167.583199171	167.427866736	167.272534301	167.117201866	166.961869431	166.806536996	166.651204561	166.495872127	-2.24892819394	-2.06736270337	-1.88579721279	-1.70423172222	-1.52266623165	-1.34110074108	-1.15953525051	-0.977969759938	-0.796404269367	-0.614838778796	-0.707688486165	-0.707688486165	-0.707688486165	-0.707688486165	-0.707688486165	-0.707688486165	-0.707688486165	-0.707688486165	-0.707688486165	-0.707688486165	
4.85	161.339927546	161.463368743	161.58671061	161.709883036	161.832928046	161.955761493	162.078439583	162.200864199	162.323105663	162.445051975	0.127751641357	0.137413579822	0.148270187795	0.160904890334	0.174725437885	0.190314743098	0.207082820614	0.2256110555	0.245311477168	0.266763266886	0.0781123305867	0.0877941957626	0.102219839884	0.111852267735	0.126239271543	0.135841779523	0.150204143303	0.15978600126	0.174130192055	0.1836945949	167.893864041	167.738531606	167.583199171	167.427866736	167.272534301	167.117201866	166.961869431	166.806536996	166.651204561	166.495872127	-2.24892819394	-2.06736270337	-1.88579721279	-1.70423172222	-1.52266623165	-1.34110074108	-1.15953525051	-0.977969759938	-0.796404269367	-0.614838778796	-0.707688486165	-0.707688486165	-0.707688486165	-0.707688486165	-0.707688486165	-0.707688486165	-0.707688486165	-0.707688486165	-0.707688486165	-0.707688486165	
4.86666666667	161.339927546	161.463368743	161.58671061	161.709883036	161.832928046	161.955761493	162.078439583	162.200864199	162.323105663	162.445051975	0.127751641357	0.137413579822	0.148270187795	0.160904890334	0.174725437885	0.190314743098	0.207082820614	0.2256110555	0.245311477168	0.266763266886	0.0781123305867	0.0877941957626	0.102219839884	0.111852267735	0.126239271543	0.135841779523	0.150204143303	0.15978600126	0.174130192055	0.1836945949	167.893864041	167.738531606	167.583199171	167.427866736	167.272534301	167.117201866	166.961869431	166.806536996	166.651204561	166.495872127	-2.24892819394	-2.06736270337	-1.88579721279	-1.70423172222	-1.52266623165	-1.34110074108	-1.15953525051	-0.977969759938	-0.796404269367	-0.614838778796	-0.707688486165	-0.707688486165	-0.707688486165	-0.707688486165	-0.707688486165	-0.707688486165	-0.707688486165	-0.707688486165	-0.707688486165	-0.707688486165	
4.88333333333	161.339927546	161.463368743	161.58671061	161.709883036	161.832928046	161.955761493	162.078439583	162.200864199	162.323105663	162.445051975	0.127751641357	0.137413579822	0.148270187795	0.160904890334	0.174725437885	0.190314743098	0.207082820614	0.2256110555	0.245311477168	0.266763266886	0.0781123305867	0.0877941957626	0.102219839884	0.111852267735	0.126239271543	0.135841779523	0.150204143303	0.15978600126	0.174130192055	0.1836945949	167.893864041	167.738531606	167.583199171	167.427866736	167.272534301	167.117201866	166.961869431	166.806536996	166.651204561	166.495872127	-2.24892819394	-2.06736270337	-1.88579721279	-1.70423172222	-1.52266623165	-1.34110074108	-1.15953525051	-0.977969759938	-0.796404269367	-0.614838778796	-0.707688486165	-0.707688486165	-0.707688486165	-0.707688486165	-0.707688486165	-0.707688486165	-0.707688486165	-0.707688486165	-0.707688486165	-0.707688486165	
4.9	161.339927546	161.463368743	161.58671061	161.709883036	161.832928046	161.955761493	162.078439583	162.200864199	162.323105663	162.445051975	0.127751641357	0.137413579822	0.148270187795	0.160904890334	0.174725437885	0.190314743098	0.207082820614	0.2256110555	0.245311477168	0.266763266886	0.0781123305867	0.0877941957626	0.102219839884	0.111852267735	0.126239271543	0.135841779523	0.150204143303	0.15978600126	0.174130192055	0.1836945949	167.893864041	167.738531606	167.583199171	167.427866736	167.272534301	167.117201866	166.961869431	166.806536996	166.651204561	166.495872127	-2.24892819394	-2.06736270337	-1.88579721279	-1.70423172222	-1.52266623165	-1.34110074108	-1.15953525051	-0.977969759938	-0.796404269367	-0.614838778796	-0.707688486165	-0.707688486165	-0.707688486165	-0.707688486165	-0.707688486165	-0.707688486165	-0.707688486165	-0.707688486165	-0.707688486165	-0.707688486165	
4.91666666667	161.339927546	161.463368743	161.58671061	161.709883036	161.832928046	161.955761493	162.078439583	162.200864199	162.323105663	162.445051975	0.127751641357	0.137413579822	0.148270187795	0.160904890334	0.174725437885	0.190314743098	0.207082820614	0.2256110555	0.245311477168	0.266763266886	0.0781123305867	0.0877941957626	0.102219839884	0.111852267735	0.126239271543	0.135841779523	0.150204143303	0.15978600126	0.174130192055	0.1836945949	167.893864041	167.738531606	167.583199171	167.427866736	167.272534301	167.117201866	166.961869431	166.806536996	166.651204561	166.495872127	-2.24892819394	-2.06736270337	-1.88579721279	-1.70423172222	-1.52266623165	-1.34110074108	-1.15953525051	-0.977969759938	-0.796404269367	-0.614838778796	-0.707688486165	-0.707688486165	-0.707688486165	-0.707688486165	-0.707688486165	-0.707688486165	-0.707688486165	-0.707688486165	-0.707688486165	-0.707688486165	
4.93333333333	161.339927546	161.463368743	161.58671061	161.709883036	161.832928046	161.955761493	162.078439583	162.200864199	162.323105663	162.445051975	0.127751641357	0.137413579822	0.148270187795	0.160904890334	0.174725437885	0.190314743098	0.207082820614	0.2256110555	0.245311477168	0.266763266886	0.0781123305867	0.0877941957626	0.102219839884	0.111852267735	0.126239271543	0.135841779523	0.150204143303	0.15978600126	0.174130192055	0.1836945949	167.893864041	167.738531606	167.583199171	167.427866736	167.272534301	167.117201866	166.961869431	166.806536996	166.651204561	166.495872127	-2.24892819394	-2.06736270337	-1.88579721279	-1.70423172222	-1.52266623165	-1.34110074108	-1.15953525051	-0.977969759938	-0.796404269367	-0.614838778796	-0.707688486165	-0.707688486165	-0.707688486165	-0.707688486165	-0.707688486165	-0.707688486165	-0.707688486165	-0.707688486165	-0.707688486165	-0.707688486165	
4.95	161.339927546	161.463368743	161.58671061	161.709883036	161.832928046	161.955761493	162.078439583	162.200864199	162.323105663	162.445051975	0.127751641357	0.137413579822	0.148270187795	0.160904890334	0.174725437885	0.190314743098	0.207082820614	0.2256110555	0.245311477168	0.266763266886	0.0781123305867	0.0877941957626	0.102219839884	0.111852267735	0.126239271543	0.135841779523	0.150204143303	0.15978600126	0.174130192055	0.1836945949	167.893864041	167.738531606	167.583199171	167.427866736	167.272534301	167.117201866	166.961869431	166.806536996	166.651204561	166.495872127	-2.24892819394	-2.06736270337	-1.88579721279	-1.70423172222	-1.52266623165	-1.34110074108	-1.15953525051	-0.977969759938	-0.796404269367	-0.614838778796	-0.707688486165	-0.707688486165	-0.707688486165	-0.707688486165	-0.707688486165	-0.707688486165	-0.707688486165	-0.707688486165	-0.707688486165	-0.707688486165	
4.96666666667	161.339927546	161.463368743	161.58671061	161.709883036	161.832928046	161.955761493	162.078439583	162.200864199	162.323105663	162.445051975	0.127751641357	0.137413579822	0.148270187795	0.160904890334	0.174725437885	0.190314743098	0.207082820614	0.2256110555	0.245311477168	0.266763266886	0.0781123305867	0.0877941957626	0.102219839884	0.111852267735	0.126239271543	0.135841779523	0.150204143303	0.15978600126	0.174130192055	0.1836945949	167.893864041	167.738531606	167.583199171	167.427866736	167.272534301	167.117201866	166.961869431	166.806536996	166.651204561	166.495872127	-2.24892819394	-2.06736270337	-1.88579721279	-1.70423172222	-1.52266623165	-1.34110074108	-1.15953525051	-0.977969759938	-0.796404269367	-0.614838778796	-0.707688486165	-0.707688486165	-0.707688486165	-0.707688486165	-0.707688486165	-0.707688486165	-0.707688486165	-0.707688486165	-0.707688486165	-0.707688486165	
4.98333333333	161.339927546	161.463368743	161.58671061	161.709883036	161.832928046	161.955761493	162.078439583	162.200864199	162.323105663	162.445051975	0.127751641357	0.137413579822	0.148270187795	0.160904890334	0.174725437885	0.190314743098	0.207082820614	0.2256110555	0.245311477168	0.266763266886	0.0781123305867	0.0877941957626	0.102219839884	0.111852267735	0.126239271543	0.135841779523	0.150204143303	0.15978600126	0.174130192055	0.1836945949	167.893864041	167.738531606	167.583199171	167.427866736	167.272534301	167.117201866	166.961869431	166.806536996	166.651204561	166.495872127	-2.24892819394	-2.06736270337	-1.88579721279	-1.70423172222	-1.52266623165	-1.34110074108	-1.15953525051	-0.977969759938	-0.796404269367	-0.614838778796	-0.707688486165	-0.707688486165	-0.707688486165	-0.707688486165	-0.707688486165	-0.707688486165	-0.707688486165	-0.707688486165	-0.707688486165	-0.707688486165	
5.0	161.339927546	161.463368743	161.58671061	161.709883036	161.832928046	161.955761493	162.078439583	162.200864199	162.323105663	162.445051975	0.127751641357	0.137413579822	0.148270187795	0.160904890334	0.174725437885	0.190314743098	0.207082820614	0.2256110555	0.245311477168	0.266763266886	0.0781123305867	0.0877941957626	0.102219839884	0.111852267735	0.126239271543	0.135841779523	0.150204143303	0.15978600126	0.174130192055	0.1836945949	167.893864041	167.738531606	167.583199171	167.427866736	167.272534301	167.117201866	166.961869431	166.806536996	166.651204561	166.495872127	-2.24892819394	-2.06736270337	-1.88579721279	-1.70423172222	-1.52266623165	-1.34110074108	-1.15953525051	-0.977969759938	-0.796404269367	-0.614838778796	-0.707688486165	-0.707688486165	-0.707688486165	-0.707688486165	-0.707688486165	-0.707688486165	-0.707688486165	-0.707688486165	-0.707688486165	-0.707688486165	
5.01666666667	161.339927546	161.463368743	161.58671061	161.709883036	161.832928046	161.955761493	162.078439583	162.200864199	162.323105663	162.445051975	0.127751641357	0.137413579822	0.148270187795	0.160904890334	0.174725437885	0.190314743098	0.207082820614	0.2256110555	0.245311477168	0.266763266886	0.0781123305867	0.0877941957626	0.102219839884	0.111852267735	0.126239271543	0.135841779523	0.150204143303	0.15978600126	0.174130192055	0.1836945949	167.893864041	167.738531606	167.583199171	167.427866736	167.272534301	167.117201866	166.961869431	166.806536996	166.651204561	166.495872127	-2.24892819394	-2.06736270337	-1.88579721279	-1.70423172222	-1.52266623165	-1.34110074108	-1.15953525051	-0.977969759938	-0.796404269367	-0.614838778796	-0.707688486165	-0.707688486165	-0.707688486165	-0.707688486165	-0.707688486165	-0.707688486165	-0.707688486165	-0.707688486165	-0.707688486165	-0.707688486165	
5.03333333333	161.339927546	161.463368743	161.58671061	161.709883036	161.832928046	161.955761493	162.078439583	162.200864199	162.323105663	162.445051975	0.127751641357	0.137413579822	0.148270187795	0.160904890334	0.174725437885	0.190314743098	0.207082820614	0.2256110555	0.245311477168	0.266763266886	0.0781123305867	0.0877941957626	0.102219839884	0.111852267735	0.126239271543	0.135841779523	0.150204143303	0.15978600126	0.174130192055	0.1836945949	167.893864041	167.738531606	167.583199171	167.427866736	167.272534301	167.117201866	166.961869431	166.806536996	166.651204561	166.495872127	-2.24892819394	-2.06736270337	-1.88579721279	-1.70423172222	-1.52266623165	-1.34110074108	-1.15953525051	-0.977969759938	-0.796404269367	-0.614838778796	-0.707688486165	-0.707688486165	-0.707688486165	-0.707688486165	-0.707688486165	-0.707688486165	-0.707688486165	-0.707688486165	-0.707688486165	-0.707688486165	
5.05	161.339927546	161.463368743	161.58671061	161.709883036	161.832928046	161.955761493	162.078439583	162.200864199	162.323105663	162.445051975	0.127751641357	0.137413579822	0.148270187795	0.160904890334	0.174725437885	0.190314743098	0.207082820614	0.2256110555	0.245311477168	0.266763266886	0.0781123305867	0.0877941957626	0.102219839884	0.111852267735	0.126239271543	0.135841779523	0.150204143303	0.15978600126	0.174130192055	0.1836945949	167.893864041	167.738531606	167.583199171	167.427866736	167.272534301	167.117201866	166.961869431	166.806536996	166.651204561	166.495872127	-2.24892819394	-2.06736270337	-1.88579721279	-1.70423172222	-1.52266623165	-1.34110074108	-1.15953525051	-0.977969759938	-0.796404269367	-0.614838778796	-0.707688486165	-0.707688486165	-0.707688486165	-0.707688486165	-0.707688486165	-0.707688486165	-0.707688486165	-0.707688486165	-0.707688486165	-0.707688486165	
5.06666666667	161.339927546	161.463368743	161.58671061	161.709883036	161.832928046	161.955761493	162.078439583	162.200864199	162.323105663	162.445051975	0.127751641357	0.137413579822	0.148270187795	0.160904890334	0.174725437885	0.190314743098	0.207082820614	0.2256110555	0.245311477168	0.266763266886	0.0781123305867	0.0877941957626	0.102219839884	0.111852267735	0.126239271543	0.135841779523	0.150204143303	0.15978600126	0.174130192055	0.1836945949	167.893864041	167.738531606	167.583199171	167.427866736	167.272534301	167.117201866	166.961869431	166.806536996	166.651204561	166.495872127	-2.24892819394	-2.06736270337	-1.88579721279	-1.70423172222	-1.52266623165	-1.34110074108	-1.15953525051	-0.977969759938	-0.796404269367	-0.614838778796	-0.707688486165	-0.707688486165	-0.707688486165	-0.707688486165	-0.707688486165	-0.707688486165	-0.707688486165	-0.707688486165	-0.707688486165	-0.707688486165	
5.08333333333	161.339927546	161.463368743	161.58671061	161.709883036	161.832928046	161.955761493	162.078439583	162.200864199	162.323105663	162.445051975	0.127751641357	0.137413579822	0.148270187795	0.160904890334	0.174725437885	0.190314743098	0.207082820614	0.2256110555	0.245311477168	0.266763266886	0.0781123305867	0.0877941957626	0.102219839884	0.111852267735	0.126239271543	0.135841779523	0.150204143303	0.15978600126	0.174130192055	0.1836945949	167.893864041	167.738531606	167.583199171	167.427866736	167.272534301	167.117201866	166.961869431	166.806536996	166.651204561	166.495872127	-2.24892819394	-2.06736270337	-1.88579721279	-1.70423172222	-1.52266623165	-1.34110074108	-1.15953525051	-0.977969759938	-0.796404269367	-0.614838778796	-0.707688486165	-0.707688486165	-0.707688486165	-0.707688486165	-0.707688486165	-0.707688486165	-0.707688486165	-0.707688486165	-0.707688486165	-0.707688486165	
5.1	161.339927546	161.463368743	161.58671061	161.709883036	161.832928046	161.955761493	162.078439583	162.200864199	162.323105663	162.445051975	0.127751641357	0.137413579822	0.148270187795	0.160904890334	0.174725437885	0.190314743098	0.207082820614	0.2256110555	0.245311477168	0.266763266886	0.0781123305867	0.0877941957626	0.102219839884	0.111852267735	0.126239271543	0.135841779523	0.150204143303	0.15978600126	0.174130192055	0.1836945949	167.893864041	167.738531606	167.583199171	167.427866736	167.272534301	167.117201866	166.961869431	166.806536996	166.651204561	166.495872127	-2.24892819394	-2.06736270337	-1.88579721279	-1.70423172222	-1.52266623165	-1.34110074108	-1.15953525051	-0.977969759938	-0.796404269367	-0.614838778796	-0.707688486165	-0.707688486165	-0.707688486165	-0.707688486165	-0.707688486165	-0.707688486165	-0.707688486165	-0.707688486165	-0.707688486165	-0.707688486165	
5.11666666667	161.339927546	161.463368743	161.58671061	161.709883036	161.832928046	161.955761493	162.078439583	162.200864199	162.323105663	162.445051975	0.127751641357	0.137413579822	0.148270187795	0.160904890334	0.174725437885	0.190314743098	0.207082820614	0.2256110555	0.245311477168	0.266763266886	0.0781123305867	0.0877941957626	0.102219839884	0.111852267735	0.126239271543	0.135841779523	0.150204143303	0.15978600126	0.174130192055	0.1836945949	167.893864041	167.738531606	167.583199171	167.427866736	167.272534301	167.117201866	166.961869431	166.806536996	166.651204561	166.495872127	-2.24892819394	-2.06736270337	-1.88579721279	-1.70423172222	-1.52266623165	-1.34110074108	-1.15953525051	-0.977969759938	-0.796404269367	-0.614838778796	-0.707688486165	-0.707688486165	-0.707688486165	-0.707688486165	-0.707688486165	-0.707688486165	-0.707688486165	-0.707688486165	-0.707688486165	-0.707688486165	
5.13333333333	161.339927546	161.463368743	161.58671061	161.709883036	161.832928046	161.955761493	162.078439583	162.200864199	162.323105663	162.445051975	0.127751641357	0.137413579822	0.148270187795	0.160904890334	0.174725437885	0.190314743098	0.207082820614	0.2256110555	0.245311477168	0.266763266886	0.0781123305867	0.0877941957626	0.102219839884	0.111852267735	0.126239271543	0.135841779523	0.150204143303	0.15978600126	0.174130192055	0.1836945949	167.893864041	167.738531606	167.583199171	167.427866736	167.272534301	167.117201866	166.961869431	166.806536996	166.651204561	166.495872127	-2.24892819394	-2.06736270337	-1.88579721279	-1.70423172222	-1.52266623165	-1.34110074108	-1.15953525051	-0.977969759938	-0.796404269367	-0.614838778796	-0.707688486165	-0.707688486165	-0.707688486165	-0.707688486165	-0.707688486165	-0.707688486165	-0.707688486165	-0.707688486165	-0.707688486165	-0.707688486165	
5.15	161.339927546	161.463368743	161.58671061	161.709883036	161.832928046	161.955761493	162.078439583	162.200864199	162.323105663	162.445051975	0.127751641357	0.137413579822	0.148270187795	0.160904890334	0.174725437885	0.190314743098	0.207082820614	0.2256110555	0.245311477168	0.266763266886	0.0781123305867	0.0877941957626	0.102219839884	0.111852267735	0.126239271543	0.135841779523	0.150204143303	0.15978600126	0.174130192055	0.1836945949	167.893864041	167.738531606	167.583199171	167.427866736	167.272534301	167.117201866	166.961869431	166.806536996	166.651204561	166.495872127	-2.24892819394	-2.06736270337	-1.88579721279	-1.70423172222	-1.52266623165	-1.34110074108	-1.15953525051	-0.977969759938	-0.796404269367	-0.614838778796	-0.707688486165	-0.707688486165	-0.707688486165	-0.707688486165	-0.707688486165	-0.707688486165	-0.707688486165	-0.707688486165	-0.707688486165	-0.707688486165	
5.16666666667	161.339927546	161.463368743	161.58671061	161.709883036	161.832928046	161.955761493	162.078439583	162.200864199	162.323105663	162.445051975	0.127751641357	0.137413579822	0.148270187795	0.160904890334	0.174725437885	0.190314743098	0.207082820614	0.2256110555	0.245311477168	0.266763266886	0.0781123305867	0.0877941957626	0.102219839884	0.111852267735	0.126239271543	0.135841779523	0.150204143303	0.15978600126	0.174130192055	0.1836945949	167.893864041	167.738531606	167.583199171	167.427866736	167.272534301	167.117201866	166.961869431	166.806536996	166.651204561	166.495872127	-2.24892819394	-2.06736270337	-1.88579721279	-1.70423172222	-1.52266623165	-1.34110074108	-1.15953525051	-0.977969759938	-0.796404269367	-0.614838778796	-0.707688486165	-0.707688486165	-0.707688486165	-0.707688486165	-0.707688486165	-0.707688486165	-0.707688486165	-0.707688486165	-0.707688486165	-0.707688486165	
5.18333333333	161.339927546	161.463368743	161.58671061	161.709883036	161.832928046	161.955761493	162.078439583	162.200864199	162.323105663	162.445051975	0.127751641357	0.137413579822	0.148270187795	0.160904890334	0.174725437885	0.190314743098	0.207082820614	0.2256110555	0.245311477168	0.266763266886	0.0781123305867	0.0877941957626	0.102219839884	0.111852267735	0.126239271543	0.135841779523	0.150204143303	0.15978600126	0.174130192055	0.1836945949	167.893864041	167.738531606	167.583199171	167.427866736	167.272534301	167.117201866	166.961869431	166.806536996	166.651204561	166.495872127	-2.24892819394	-2.06736270337	-1.88579721279	-1.70423172222	-1.52266623165	-1.34110074108	-1.15953525051	-0.977969759938	-0.796404269367	-0.614838778796	-0.707688486165	-0.707688486165	-0.707688486165	-0.707688486165	-0.707688486165	-0.707688486165	-0.707688486165	-0.707688486165	-0.707688486165	-0.707688486165	
5.2	161.339927546	161.463368743	161.58671061	161.709883036	161.832928046	161.955761493	162.078439583	162.200864199	162.323105663	162.445051975	0.127751641357	0.137413579822	0.148270187795	0.160904890334	0.174725437885	0.190314743098	0.207082820614	0.2256110555	0.245311477168	0.266763266886	0.0781123305867	0.0877941957626	0.102219839884	0.111852267735	0.126239271543	0.135841779523	0.150204143303	0.15978600126	0.174130192055	0.1836945949	167.893864041	167.738531606	167.583199171	167.427866736	167.272534301	167.117201866	166.961869431	166.806536996	166.651204561	166.495872127	-2.24892819394	-2.06736270337	-1.88579721279	-1.70423172222	-1.52266623165	-1.34110074108	-1.15953525051	-0.977969759938	-0.796404269367	-0.614838778796	-0.707688486165	-0.707688486165	-0.707688486165	-0.707688486165	-0.707688486165	-0.707688486165	-0.707688486165	-0.707688486165	-0.707688486165	-0.707688486165	
5.21666666667	161.339927546	161.463368743	161.58671061	161.709883036	161.832928046	161.955761493	162.078439583	162.200864199	162.323105663	162.445051975	0.127751641357	0.137413579822	0.148270187795	0.160904890334	0.174725437885	0.190314743098	0.207082820614	0.2256110555	0.245311477168	0.266763266886	0.0781123305867	0.0877941957626	0.102219839884	0.111852267735	0.126239271543	0.135841779523	0.150204143303	0.15978600126	0.174130192055	0.1836945949	167.893864041	167.738531606	167.583199171	167.427866736	167.272534301	167.117201866	166.961869431	166.806536996	166.651204561	166.495872127	-2.24892819394	-2.06736270337	-1.88579721279	-1.70423172222	-1.52266623165	-1.34110074108	-1.15953525051	-0.977969759938	-0.796404269367	-0.614838778796	-0.707688486165	-0.707688486165	-0.707688486165	-0.707688486165	-0.707688486165	-0.707688486165	-0.707688486165	-0.707688486165	-0.707688486165	-0.707688486165	
5.23333333333	161.339927546	161.463368743	161.58671061	161.709883036	161.832928046	161.955761493	162.078439583	162.200864199	162.323105663	162.445051975	0.127751641357	0.137413579822	0.148270187795	0.160904890334	0.174725437885	0.190314743098	0.207082820614	0.2256110555	0.245311477168	0.266763266886	0.0781123305867	0.0877941957626	0.102219839884	0.111852267735	0.126239271543	0.135841779523	0.150204143303	0.15978600126	0.174130192055	0.1836945949	167.893864041	167.738531606	167.583199171	167.427866736	167.272534301	167.117201866	166.961869431	166.806536996	166.651204561	166.495872127	-2.24892819394	-2.06736270337	-1.88579721279	-1.70423172222	-1.52266623165	-1.34110074108	-1.15953525051	-0.977969759938	-0.796404269367	-0.614838778796	-0.707688486165	-0.707688486165	-0.707688486165	-0.707688486165	-0.707688486165	-0.707688486165	-0.707688486165	-0.707688486165	-0.707688486165	-0.707688486165	
5.25	161.339927546	161.463368743	161.58671061	161.709883036	161.832928046	161.955761493	162.078439583	162.200864199	162.323105663	162.445051975	0.127751641357	0.137413579822	0.148270187795	0.160904890334	0.174725437885	0.190314743098	0.207082820614	0.2256110555	0.245311477168	0.266763266886	0.0781123305867	0.0877941957626	0.102219839884	0.111852267735	0.126239271543	0.135841779523	0.150204143303	0.15978600126	0.174130192055	0.1836945949	167.893864041	167.738531606	167.583199171	167.427866736	167.272534301	167.117201866	166.961869431	166.806536996	166.651204561	166.495872127	-2.24892819394	-2.06736270337	-1.88579721279	-1.70423172222	-1.52266623165	-1.34110074108	-1.15953525051	-0.977969759938	-0.796404269367	-0.614838778796	-0.707688486165	-0.707688486165	-0.707688486165	-0.707688486165	-0.707688486165	-0.707688486165	-0.707688486165	-0.707688486165	-0.707688486165	-0.707688486165	
5.26666666667	161.339927546	161.463368743	161.58671061	161.709883036	161.832928046	161.955761493	162.078439583	162.200864199	162.323105663	162.445051975	0.127751641357	0.137413579822	0.148270187795	0.160904890334	0.174725437885	0.190314743098	0.207082820614	0.2256110555	0.245311477168	0.266763266886	0.0781123305867	0.0877941957626	0.102219839884	0.111852267735	0.126239271543	0.135841779523	0.150204143303	0.15978600126	0.174130192055	0.1836945949	167.893864041	167.738531606	167.583199171	167.427866736	167.272534301	167.117201866	166.961869431	166.806536996	166.651204561	166.495872127	-2.24892819394	-2.06736270337	-1.88579721279	-1.70423172222	-1.52266623165	-1.34110074108	-1.15953525051	-0.977969759938	-0.796404269367	-0.614838778796	-0.707688486165	-0.707688486165	-0.707688486165	-0.707688486165	-0.707688486165	-0.707688486165	-0.707688486165	-0.707688486165	-0.707688486165	-0.707688486165	
5.28333333333	161.339927546	161.463368743	161.58671061	161.709883036	161.832928046	161.955761493	162.078439583	162.200864199	162.323105663	162.445051975	0.127751641357	0.137413579822	0.148270187795	0.160904890334	0.174725437885	0.190314743098	0.207082820614	0.2256110555	0.245311477168	0.266763266886	0.0781123305867	0.0877941957626	0.102219839884	0.111852267735	0.126239271543	0.135841779523	0.150204143303	0.15978600126	0.174130192055	0.1836945949	167.893864041	167.738531606	167.583199171	167.427866736	167.272534301	167.117201866	166.961869431	166.806536996	166.651204561	166.495872127	-2.24892819394	-2.06736270337	-1.88579721279	-1.70423172222	-1.52266623165	-1.34110074108	-1.15953525051	-0.977969759938	-0.796404269367	-0.614838778796	-0.707688486165	-0.707688486165	-0.707688486165	-0.707688486165	-0.707688486165	-0.707688486165	-0.707688486165	-0.707688486165	-0.707688486165	-0.707688486165	
5.3	161.339927546	161.463368743	161.58671061	161.709883036	161.832928046	161.955761493	162.078439583	162.200864199	162.323105663	162.445051975	0.127751641357	0.137413579822	0.148270187795	0.160904890334	0.174725437885	0.190314743098	0.207082820614	0.2256110555	0.245311477168	0.266763266886	0.0781123305867	0.0877941957626	0.102219839884	0.111852267735	0.126239271543	0.135841779523	0.150204143303	0.15978600126	0.174130192055	0.1836945949	167.893864041	167.738531606	167.583199171	167.427866736	167.272534301	167.117201866	166.961869431	166.806536996	166.651204561	166.495872127	-2.24892819394	-2.06736270337	-1.88579721279	-1.70423172222	-1.52266623165	-1.34110074108	-1.15953525051	-0.977969759938	-0.796404269367	-0.614838778796	-0.707688486165	-0.707688486165	-0.707688486165	-0.707688486165	-0.707688486165	-0.707688486165	-0.707688486165	-0.707688486165	-0.707688486165	-0.707688486165	
5.31666666667	161.339927546	161.463368743	161.58671061	161.709883036	161.832928046	161.955761493	162.078439583	162.200864199	162.323105663	162.445051975	0.127751641357	0.137413579822	0.148270187795	0.160904890334	0.174725437885	0.190314743098	0.207082820614	0.2256110555	0.245311477168	0.266763266886	0.0781123305867	0.0877941957626	0.102219839884	0.111852267735	0.126239271543	0.135841779523	0.150204143303	0.15978600126	0.174130192055	0.1836945949	167.893864041	167.738531606	167.583199171	167.427866736	167.272534301	167.117201866	166.961869431	166.806536996	166.651204561	166.495872127	-2.24892819394	-2.06736270337	-1.88579721279	-1.70423172222	-1.52266623165	-1.34110074108	-1.15953525051	-0.977969759938	-0.796404269367	-0.614838778796	-0.707688486165	-0.707688486165	-0.707688486165	-0.707688486165	-0.707688486165	-0.707688486165	-0.707688486165	-0.707688486165	-0.707688486165	-0.707688486165	
5.33333333333	161.339927546	161.463368743	161.58671061	161.709883036	161.832928046	161.955761493	162.078439583	162.200864199	162.323105663	162.445051975	0.127751641357	0.137413579822	0.148270187795	0.160904890334	0.174725437885	0.190314743098	0.207082820614	0.2256110555	0.245311477168	0.266763266886	0.0781123305867	0.0877941957626	0.102219839884	0.111852267735	0.126239271543	0.135841779523	0.150204143303	0.15978600126	0.174130192055	0.1836945949	167.893864041	167.738531606	167.583199171	167.427866736	167.272534301	167.117201866	166.961869431	166.806536996	166.651204561	166.495872127	-2.24892819394	-2.06736270337	-1.88579721279	-1.70423172222	-1.52266623165	-1.34110074108	-1.15953525051	-0.977969759938	-0.796404269367	-0.614838778796	-0.707688486165	-0.707688486165	-0.707688486165	-0.707688486165	-0.707688486165	-0.707688486165	-0.707688486165	-0.707688486165	-0.707688486165	-0.707688486165	
5.35	161.339927546	161.463368743	161.58671061	161.709883036	161.832928046	161.955761493	162.078439583	162.200864199	162.323105663	162.445051975	0.127751641357	0.137413579822	0.148270187795	0.160904890334	0.174725437885	0.190314743098	0.207082820614	0.2256110555	0.245311477168	0.266763266886	0.0781123305867	0.0877941957626	0.102219839884	0.111852267735	0.126239271543	0.135841779523	0.150204143303	0.15978600126	0.174130192055	0.1836945949	167.893864041	167.738531606	167.583199171	167.427866736	167.272534301	167.117201866	166.961869431	166.806536996	166.651204561	166.495872127	-2.24892819394	-2.06736270337	-1.88579721279	-1.70423172222	-1.52266623165	-1.34110074108	-1.15953525051	-0.977969759938	-0.796404269367	-0.614838778796	-0.707688486165	-0.707688486165	-0.707688486165	-0.707688486165	-0.707688486165	-0.707688486165	-0.707688486165	-0.707688486165	-0.707688486165	-0.707688486165	
5.36666666667	161.339927546	161.463368743	161.58671061	161.709883036	161.832928046	161.955761493	162.078439583	162.200864199	162.323105663	162.445051975	0.127751641357	0.137413579822	0.148270187795	0.160904890334	0.174725437885	0.190314743098	0.207082820614	0.2256110555	0.245311477168	0.266763266886	0.0781123305867	0.0877941957626	0.102219839884	0.111852267735	0.126239271543	0.135841779523	0.150204143303	0.15978600126	0.174130192055	0.1836945949	167.893864041	167.738531606	167.583199171	167.427866736	167.272534301	167.117201866	166.961869431	166.806536996	166.651204561	166.495872127	-2.24892819394	-2.06736270337	-1.88579721279	-1.70423172222	-1.52266623165	-1.34110074108	-1.15953525051	-0.977969759938	-0.796404269367	-0.614838778796	-0.707688486165	-0.707688486165	-0.707688486165	-0.707688486165	-0.707688486165	-0.707688486165	-0.707688486165	-0.707688486165	-0.707688486165	-0.707688486165	
5.38333333333	161.339927546	161.463368743	161.58671061	161.709883036	161.832928046	161.955761493	162.078439583	162.200864199	162.323105663	162.445051975	0.127751641357	0.137413579822	0.148270187795	0.160904890334	0.174725437885	0.190314743098	0.207082820614	0.2256110555	0.245311477168	0.266763266886	0.0781123305867	0.0877941957626	0.102219839884	0.111852267735	0.126239271543	0.135841779523	0.150204143303	0.15978600126	0.174130192055	0.1836945949	167.893864041	167.738531606	167.583199171	167.427866736	167.272534301	167.117201866	166.961869431	166.806536996	166.651204561	166.495872127	-2.24892819394	-2.06736270337	-1.88579721279	-1.70423172222	-1.52266623165	-1.34110074108	-1.15953525051	-0.977969759938	-0.796404269367	-0.614838778796	-0.707688486165	-0.707688486165	-0.707688486165	-0.707688486165	-0.707688486165	-0.707688486165	-0.707688486165	-0.707688486165	-0.707688486165	-0.707688486165	
5.4	161.339927546	161.463368743	161.58671061	161.709883036	161.832928046	161.955761493	162.078439583	162.200864199	162.323105663	162.445051975	0.127751641357	0.137413579822	0.148270187795	0.160904890334	0.174725437885	0.190314743098	0.207082820614	0.2256110555	0.245311477168	0.266763266886	0.0781123305867	0.0877941957626	0.102219839884	0.111852267735	0.126239271543	0.135841779523	0.150204143303	0.15978600126	0.174130192055	0.1836945949	167.893864041	167.738531606	167.583199171	167.427866736	167.272534301	167.117201866	166.961869431	166.806536996	166.651204561	166.495872127	-2.24892819394	-2.06736270337	-1.88579721279	-1.70423172222	-1.52266623165	-1.34110074108	-1.15953525051	-0.977969759938	-0.796404269367	-0.614838778796	-0.707688486165	-0.707688486165	-0.707688486165	-0.707688486165	-0.707688486165	-0.707688486165	-0.707688486165	-0.707688486165	-0.707688486165	-0.707688486165	
5.41666666667	161.339927546	161.463368743	161.58671061	161.709883036	161.832928046	161.955761493	162.078439583	162.200864199	162.323105663	162.445051975	0.127751641357	0.137413579822	0.148270187795	0.160904890334	0.174725437885	0.190314743098	0.207082820614	0.2256110555	0.245311477168	0.266763266886	0.0781123305867	0.0877941957626	0.102219839884	0.111852267735	0.126239271543	0.135841779523	0.150204143303	0.15978600126	0.174130192055	0.1836945949	167.893864041	167.738531606	167.583199171	167.427866736	167.272534301	167.117201866	166.961869431	166.806536996	166.651204561	166.495872127	-2.24892819394	-2.06736270337	-1.88579721279	-1.70423172222	-1.52266623165	-1.34110074108	-1.15953525051	-0.977969759938	-0.796404269367	-0.614838778796	-0.707688486165	-0.707688486165	-0.707688486165	-0.707688486165	-0.707688486165	-0.707688486165	-0.707688486165	-0.707688486165	-0.707688486165	-0.707688486165	
5.43333333333	161.339927546	161.463368743	161.58671061	161.709883036	161.832928046	161.955761493	162.078439583	162.200864199	162.323105663	162.445051975	0.127751641357	0.137413579822	0.148270187795	0.160904890334	0.174725437885	0.190314743098	0.207082820614	0.2256110555	0.245311477168	0.266763266886	0.0781123305867	0.0877941957626	0.102219839884	0.111852267735	0.126239271543	0.135841779523	0.150204143303	0.15978600126	0.174130192055	0.1836945949	167.893864041	167.738531606	167.583199171	167.427866736	167.272534301	167.117201866	166.961869431	166.806536996	166.651204561	166.495872127	-2.24892819394	-2.06736270337	-1.88579721279	-1.70423172222	-1.52266623165	-1.34110074108	-1.15953525051	-0.977969759938	-0.796404269367	-0.614838778796	-0.707688486165	-0.707688486165	-0.707688486165	-0.707688486165	-0.707688486165	-0.707688486165	-0.707688486165	-0.707688486165	-0.707688486165	-0.707688486165	
5.45	161.339927546	161.463368743	161.58671061	161.709883036	161.832928046	161.955761493	162.078439583	162.200864199	162.323105663	162.445051975	0.127751641357	0.137413579822	0.148270187795	0.160904890334	0.174725437885	0.190314743098	0.207082820614	0.2256110555	0.245311477168	0.266763266886	0.0781123305867	0.0877941957626	0.102219839884	0.111852267735	0.126239271543	0.135841779523	0.150204143303	0.15978600126	0.174130192055	0.1836945949	167.893864041	167.738531606	167.583199171	167.427866736	167.272534301	167.117201866	166.961869431	166.806536996	166.651204561	166.495872127	-2.24892819394	-2.06736270337	-1.88579721279	-1.70423172222	-1.52266623165	-1.34110074108	-1.15953525051	-0.977969759938	-0.796404269367	-0.614838778796	-0.707688486165	-0.707688486165	-0.707688486165	-0.707688486165	-0.707688486165	-0.707688486165	-0.707688486165	-0.707688486165	-0.707688486165	-0.707688486165	
5.46666666667	161.339927546	161.463368743	161.58671061	161.709883036	161.832928046	161.955761493	162.078439583	162.200864199	162.323105663	162.445051975	0.127751641357	0.137413579822	0.148270187795	0.160904890334	0.174725437885	0.190314743098	0.207082820614	0.2256110555	0.245311477168	0.266763266886	0.0781123305867	0.0877941957626	0.102219839884	0.111852267735	0.126239271543	0.135841779523	0.150204143303	0.15978600126	0.174130192055	0.1836945949	167.893864041	167.738531606	167.583199171	167.427866736	167.272534301	167.117201866	166.961869431	166.806536996	166.651204561	166.495872127	-2.24892819394	-2.06736270337	-1.88579721279	-1.70423172222	-1.52266623165	-1.34110074108	-1.15953525051	-0.977969759938	-0.796404269367	-0.614838778796	-0.707688486165	-0.707688486165	-0.707688486165	-0.707688486165	-0.707688486165	-0.707688486165	-0.707688486165	-0.707688486165	-0.707688486165	-0.707688486165	
5.48333333333	161.339927546	161.463368743	161.58671061	161.709883036	161.832928046	161.955761493	162.078439583	162.200864199	162.323105663	162.445051975	0.127751641357	0.137413579822	0.148270187795	0.160904890334	0.174725437885	0.190314743098	0.207082820614	0.2256110555	0.245311477168	0.266763266886	0.0781123305867	0.0877941957626	0.102219839884	0.111852267735	0.126239271543	0.135841779523	0.150204143303	0.15978600126	0.174130192055	0.1836945949	167.893864041	167.738531606	167.583199171	167.427866736	167.272534301	167.117201866	166.961869431	166.806536996	166.651204561	166.495872127	-2.24892819394	-2.06736270337	-1.88579721279	-1.70423172222	-1.52266623165	-1.34110074108	-1.15953525051	-0.977969759938	-0.796404269367	-0.614838778796	-0.707688486165	-0.707688486165	-0.707688486165	-0.707688486165	-0.707688486165	-0.707688486165	-0.707688486165	-0.707688486165	-0.707688486165	-0.707688486165	
5.5	161.339927546	161.463368743	161.58671061	161.709883036	161.832928046	161.955761493	162.078439583	162.200864199	162.323105663	162.445051975	0.127751641357	0.137413579822	0.148270187795	0.160904890334	0.174725437885	0.190314743098	0.207082820614	0.2256110555	0.245311477168	0.266763266886	0.0781123305867	0.0877941957626	0.102219839884	0.111852267735	0.126239271543	0.135841779523	0.150204143303	0.15978600126	0.174130192055	0.1836945949	167.893864041	167.738531606	167.583199171	167.427866736	167.272534301	167.117201866	166.961869431	166.806536996	166.651204561	166.495872127	-2.24892819394	-2.06736270337	-1.88579721279	-1.70423172222	-1.52266623165	-1.34110074108	-1.15953525051	-0.977969759938	-0.796404269367	-0.614838778796	-0.707688486165	-0.707688486165	-0.707688486165	-0.707688486165	-0.707688486165	-0.707688486165	-0.707688486165	-0.707688486165	-0.707688486165	-0.707688486165	
5.51666666667	161.339927546	161.463368743	161.58671061	161.709883036	161.832928046	161.955761493	162.078439583	162.200864199	162.323105663	162.445051975	0.127751641357	0.137413579822	0.148270187795	0.160904890334	0.174725437885	0.190314743098	0.207082820614	0.2256110555	0.245311477168	0.266763266886	0.0781123305867	0.0877941957626	0.102219839884	0.111852267735	0.126239271543	0.135841779523	0.150204143303	0.15978600126	0.174130192055	0.1836945949	167.893864041	167.738531606	167.583199171	167.427866736	167.272534301	167.117201866	166.961869431	166.806536996	166.651204561	166.495872127	-2.24892819394	-2.06736270337	-1.88579721279	-1.70423172222	-1.52266623165	-1.34110074108	-1.15953525051	-0.977969759938	-0.796404269367	-0.614838778796	-0.707688486165	-0.707688486165	-0.707688486165	-0.707688486165	-0.707688486165	-0.707688486165	-0.707688486165	-0.707688486165	-0.707688486165	-0.707688486165	
5.53333333333	161.339927546	161.463368743	161.58671061	161.709883036	161.832928046	161.955761493	162.078439583	162.200864199	162.323105663	162.445051975	0.127751641357	0.137413579822	0.148270187795	0.160904890334	0.174725437885	0.190314743098	0.207082820614	0.2256110555	0.245311477168	0.266763266886	0.0781123305867	0.0877941957626	0.102219839884	0.111852267735	0.126239271543	0.135841779523	0.150204143303	0.15978600126	0.174130192055	0.1836945949	167.893864041	167.738531606	167.583199171	167.427866736	167.272534301	167.117201866	166.961869431	166.806536996	166.651204561	166.495872127	-2.24892819394	-2.06736270337	-1.88579721279	-1.70423172222	-1.52266623165	-1.34110074108	-1.15953525051	-0.977969759938	-0.796404269367	-0.614838778796	-0.707688486165	-0.707688486165	-0.707688486165	-0.707688486165	-0.707688486165	-0.707688486165	-0.707688486165	-0.707688486165	-0.707688486165	-0.707688486165	
5.55	161.339927546	161.463368743	161.58671061	161.709883036	161.832928046	161.955761493	162.078439583	162.200864199	162.323105663	162.445051975	0.127751641357	0.137413579822	0.148270187795	0.160904890334	0.174725437885	0.190314743098	0.207082820614	0.2256110555	0.245311477168	0.266763266886	0.0781123305867	0.0877941957626	0.102219839884	0.111852267735	0.126239271543	0.135841779523	0.150204143303	0.15978600126	0.174130192055	0.1836945949	167.893864041	167.738531606	167.583199171	167.427866736	167.272534301	167.117201866	166.961869431	166.806536996	166.651204561	166.495872127	-2.24892819394	-2.06736270337	-1.88579721279	-1.70423172222	-1.52266623165	-1.34110074108	-1.15953525051	-0.977969759938	-0.796404269367	-0.614838778796	-0.707688486165	-0.707688486165	-0.707688486165	-0.707688486165	-0.707688486165	-0.707688486165	-0.707688486165	-0.707688486165	-0.707688486165	-0.707688486165	
5.56666666667	161.339927546	161.463368743	161.58671061	161.709883036	161.832928046	161.955761493	162.078439583	162.200864199	162.323105663	162.445051975	0.127751641357	0.137413579822	0.148270187795	0.160904890334	0.174725437885	0.190314743098	0.207082820614	0.2256110555	0.245311477168	0.266763266886	0.0781123305867	0.0877941957626	0.102219839884	0.111852267735	0.126239271543	0.135841779523	0.150204143303	0.15978600126	0.174130192055	0.1836945949	167.893864041	167.738531606	167.583199171	167.427866736	167.272534301	167.117201866	166.961869431	166.806536996	166.651204561	166.495872127	-2.24892819394	-2.06736270337	-1.88579721279	-1.70423172222	-1.52266623165	-1.34110074108	-1.15953525051	-0.977969759938	-0.796404269367	-0.614838778796	-0.707688486165	-0.707688486165	-0.707688486165	-0.707688486165	-0.707688486165	-0.707688486165	-0.707688486165	-0.707688486165	-0.707688486165	-0.707688486165	
5.58333333333	161.339927546	161.463368743	161.58671061	161.709883036	161.832928046	161.955761493	162.078439583	162.200864199	162.323105663	162.445051975	0.127751641357	0.137413579822	0.148270187795	0.160904890334	0.174725437885	0.190314743098	0.207082820614	0.2256110555	0.245311477168	0.266763266886	0.0781123305867	0.0877941957626	0.102219839884	0.111852267735	0.126239271543	0.135841779523	0.150204143303	0.15978600126	0.174130192055	0.1836945949	167.893864041	167.738531606	167.583199171	167.427866736	167.272534301	167.117201866	166.961869431	166.806536996	166.651204561	166.495872127	-2.24892819394	-2.06736270337	-1.88579721279	-1.70423172222	-1.52266623165	-1.34110074108	-1.15953525051	-0.977969759938	-0.796404269367	-0.614838778796	-0.707688486165	-0.707688486165	-0.707688486165	-0.707688486165	-0.707688486165	-0.707688486165	-0.707688486165	-0.707688486165	-0.707688486165	-0.707688486165	
5.6	161.339927546	161.463368743	161.58671061	161.709883036	161.832928046	161.955761493	162.078439583	162.200864199	162.323105663	162.445051975	0.127751641357	0.137413579822	0.148270187795	0.160904890334	0.174725437885	0.190314743098	0.207082820614	0.2256110555	0.245311477168	0.266763266886	0.0781123305867	0.0877941957626	0.102219839884	0.111852267735	0.126239271543	0.135841779523	0.150204143303	0.15978600126	0.174130192055	0.1836945949	167.893864041	167.738531606	167.583199171	167.427866736	167.272534301	167.117201866	166.961869431	166.806536996	166.651204561	166.495872127	-2.24892819394	-2.06736270337	-1.88579721279	-1.70423172222	-1.52266623165	-1.34110074108	-1.15953525051	-0.977969759938	-0.796404269367	-0.614838778796	-0.707688486165	-0.707688486165	-0.707688486165	-0.707688486165	-0.707688486165	-0.707688486165	-0.707688486165	-0.707688486165	-0.707688486165	-0.707688486165	
5.61666666667	161.339927546	161.463368743	161.58671061	161.709883036	161.832928046	161.955761493	162.078439583	162.200864199	162.323105663	162.445051975	0.127751641357	0.137413579822	0.148270187795	0.160904890334	0.174725437885	0.190314743098	0.207082820614	0.2256110555	0.245311477168	0.266763266886	0.0781123305867	0.0877941957626	0.102219839884	0.111852267735	0.126239271543	0.135841779523	0.150204143303	0.15978600126	0.174130192055	0.1836945949	167.893864041	167.738531606	167.583199171	167.427866736	167.272534301	167.117201866	166.961869431	166.806536996	166.651204561	166.495872127	-2.24892819394	-2.06736270337	-1.88579721279	-1.70423172222	-1.52266623165	-1.34110074108	-1.15953525051	-0.977969759938	-0.796404269367	-0.614838778796	-0.707688486165	-0.707688486165	-0.707688486165	-0.707688486165	-0.707688486165	-0.707688486165	-0.707688486165	-0.707688486165	-0.707688486165	-0.707688486165	
5.63333333333	161.339927546	161.463368743	161.58671061	161.709883036	161.832928046	161.955761493	162.078439583	162.200864199	162.323105663	162.445051975	0.127751641357	0.137413579822	0.148270187795	0.160904890334	0.174725437885	0.190314743098	0.207082820614	0.2256110555	0.245311477168	0.266763266886	0.0781123305867	0.0877941957626	0.102219839884	0.111852267735	0.126239271543	0.135841779523	0.150204143303	0.15978600126	0.174130192055	0.1836945949	167.893864041	167.738531606	167.583199171	167.427866736	167.272534301	167.117201866	166.961869431	166.806536996	166.651204561	166.495872127	-2.24892819394	-2.06736270337	-1.88579721279	-1.70423172222	-1.52266623165	-1.34110074108	-1.15953525051	-0.977969759938	-0.796404269367	-0.614838778796	-0.707688486165	-0.707688486165	-0.707688486165	-0.707688486165	-0.707688486165	-0.707688486165	-0.707688486165	-0.707688486165	-0.707688486165	-0.707688486165	
5.65	161.339927546	161.463368743	161.58671061	161.709883036	161.832928046	161.955761493	162.078439583	162.200864199	162.323105663	162.445051975	0.127751641357	0.137413579822	0.148270187795	0.160904890334	0.174725437885	0.190314743098	0.207082820614	0.2256110555	0.245311477168	0.266763266886	0.0781123305867	0.0877941957626	0.102219839884	0.111852267735	0.126239271543	0.135841779523	0.150204143303	0.15978600126	0.174130192055	0.1836945949	167.893864041	167.738531606	167.583199171	167.427866736	167.272534301	167.117201866	166.961869431	166.806536996	166.651204561	166.495872127	-2.24892819394	-2.06736270337	-1.88579721279	-1.70423172222	-1.52266623165	-1.34110074108	-1.15953525051	-0.977969759938	-0.796404269367	-0.614838778796	-0.707688486165	-0.707688486165	-0.707688486165	-0.707688486165	-0.707688486165	-0.707688486165	-0.707688486165	-0.707688486165	-0.707688486165	-0.707688486165	
5.66666666667	161.339927546	161.463368743	161.58671061	161.709883036	161.832928046	161.955761493	162.078439583	162.200864199	162.323105663	162.445051975	0.127751641357	0.137413579822	0.148270187795	0.160904890334	0.174725437885	0.190314743098	0.207082820614	0.2256110555	0.245311477168	0.266763266886	0.0781123305867	0.0877941957626	0.102219839884	0.111852267735	0.126239271543	0.135841779523	0.150204143303	0.15978600126	0.174130192055	0.1836945949	167.893864041	167.738531606	167.583199171	167.427866736	167.272534301	167.117201866	166.961869431	166.806536996	166.651204561	166.495872127	-2.24892819394	-2.06736270337	-1.88579721279	-1.70423172222	-1.52266623165	-1.34110074108	-1.15953525051	-0.977969759938	-0.796404269367	-0.614838778796	-0.707688486165	-0.707688486165	-0.707688486165	-0.707688486165	-0.707688486165	-0.707688486165	-0.707688486165	-0.707688486165	-0.707688486165	-0.707688486165	
5.68333333333	161.339927546	161.463368743	161.58671061	161.709883036	161.832928046	161.955761493	162.078439583	162.200864199	162.323105663	162.445051975	0.127751641357	0.137413579822	0.148270187795	0.160904890334	0.174725437885	0.190314743098	0.207082820614	0.2256110555	0.245311477168	0.266763266886	0.0781123305867	0.0877941957626	0.102219839884	0.111852267735	0.126239271543	0.135841779523	0.150204143303	0.15978600126	0.174130192055	0.1836945949	167.893864041	167.738531606	167.583199171	167.427866736	167.272534301	167.117201866	166.961869431	166.806536996	166.651204561	166.495872127	-2.24892819394	-2.06736270337	-1.88579721279	-1.70423172222	-1.52266623165	-1.34110074108	-1.15953525051	-0.977969759938	-0.796404269367	-0.614838778796	-0.707688486165	-0.707688486165	-0.707688486165	-0.707688486165	-0.707688486165	-0.707688486165	-0.707688486165	-0.707688486165	-0.707688486165	-0.707688486165	
5.7	161.339927546	161.463368743	161.58671061	161.709883036	161.832928046	161.955761493	162.078439583	162.200864199	162.323105663	162.445051975	0.127751641357	0.137413579822	0.148270187795	0.160904890334	0.174725437885	0.190314743098	0.207082820614	0.2256110555	0.245311477168	0.266763266886	0.0781123305867	0.0877941957626	0.102219839884	0.111852267735	0.126239271543	0.135841779523	0.150204143303	0.15978600126	0.174130192055	0.1836945949	167.893864041	167.738531606	167.583199171	167.427866736	167.272534301	167.117201866	166.961869431	166.806536996	166.651204561	166.495872127	-2.24892819394	-2.06736270337	-1.88579721279	-1.70423172222	-1.52266623165	-1.34110074108	-1.15953525051	-0.977969759938	-0.796404269367	-0.614838778796	-0.707688486165	-0.707688486165	-0.707688486165	-0.707688486165	-0.707688486165	-0.707688486165	-0.707688486165	-0.707688486165	-0.707688486165	-0.707688486165	
5.71666666667	161.339927546	161.463368743	161.58671061	161.709883036	161.832928046	161.955761493	162.078439583	162.200864199	162.323105663	162.445051975	0.127751641357	0.137413579822	0.148270187795	0.160904890334	0.174725437885	0.190314743098	0.207082820614	0.2256110555	0.245311477168	0.266763266886	0.0781123305867	0.0877941957626	0.102219839884	0.111852267735	0.126239271543	0.135841779523	0.150204143303	0.15978600126	0.174130192055	0.1836945949	167.893864041	167.738531606	167.583199171	167.427866736	167.272534301	167.117201866	166.961869431	166.806536996	166.651204561	166.495872127	-2.24892819394	-2.06736270337	-1.88579721279	-1.70423172222	-1.52266623165	-1.34110074108	-1.15953525051	-0.977969759938	-0.796404269367	-0.614838778796	-0.707688486165	-0.707688486165	-0.707688486165	-0.707688486165	-0.707688486165	-0.707688486165	-0.707688486165	-0.707688486165	-0.707688486165	-0.707688486165	
5.73333333333	161.339927546	161.463368743	161.58671061	161.709883036	161.832928046	161.955761493	162.078439583	162.200864199	162.323105663	162.445051975	0.127751641357	0.137413579822	0.148270187795	0.160904890334	0.174725437885	0.190314743098	0.207082820614	0.2256110555	0.245311477168	0.266763266886	0.0781123305867	0.0877941957626	0.102219839884	0.111852267735	0.126239271543	0.135841779523	0.150204143303	0.15978600126	0.174130192055	0.1836945949	167.893864041	167.738531606	167.583199171	167.427866736	167.272534301	167.117201866	166.961869431	166.806536996	166.651204561	166.495872127	-2.24892819394	-2.06736270337	-1.88579721279	-1.70423172222	-1.52266623165	-1.34110074108	-1.15953525051	-0.977969759938	-0.796404269367	-0.614838778796	-0.707688486165	-0.707688486165	-0.707688486165	-0.707688486165	-0.707688486165	-0.707688486165	-0.707688486165	-0.707688486165	-0.707688486165	-0.707688486165	
5.75	161.339927546	161.463368743	161.58671061	161.709883036	161.832928046	161.955761493	162.078439583	162.200864199	162.323105663	162.445051975	0.127751641357	0.137413579822	0.148270187795	0.160904890334	0.174725437885	0.190314743098	0.207082820614	0.2256110555	0.245311477168	0.266763266886	0.0781123305867	0.0877941957626	0.102219839884	0.111852267735	0.126239271543	0.135841779523	0.150204143303	0.15978600126	0.174130192055	0.1836945949	167.893864041	167.738531606	167.583199171	167.427866736	167.272534301	167.117201866	166.961869431	166.806536996	166.651204561	166.495872127	-2.24892819394	-2.06736270337	-1.88579721279	-1.70423172222	-1.52266623165	-1.34110074108	-1.15953525051	-0.977969759938	-0.796404269367	-0.614838778796	-0.707688486165	-0.707688486165	-0.707688486165	-0.707688486165	-0.707688486165	-0.707688486165	-0.707688486165	-0.707688486165	-0.707688486165	-0.707688486165	
5.76666666667	161.339927546	161.463368743	161.58671061	161.709883036	161.832928046	161.955761493	162.078439583	162.200864199	162.323105663	162.445051975	0.127751641357	0.137413579822	0.148270187795	0.160904890334	0.174725437885	0.190314743098	0.207082820614	0.2256110555	0.245311477168	0.266763266886	0.0781123305867	0.0877941957626	0.102219839884	0.111852267735	0.126239271543	0.135841779523	0.150204143303	0.15978600126	0.174130192055	0.1836945949	167.893864041	167.738531606	167.583199171	167.427866736	167.272534301	167.117201866	166.961869431	166.806536996	166.651204561	166.495872127	-2.24892819394	-2.06736270337	-1.88579721279	-1.70423172222	-1.52266623165	-1.34110074108	-1.15953525051	-0.977969759938	-0.796404269367	-0.614838778796	-0.707688486165	-0.707688486165	-0.707688486165	-0.707688486165	-0.707688486165	-0.707688486165	-0.707688486165	-0.707688486165	-0.707688486165	-0.707688486165	
5.78333333333	161.339927546	161.463368743	161.58671061	161.709883036	161.832928046	161.955761493	162.078439583	162.200864199	162.323105663	162.445051975	0.127751641357	0.137413579822	0.148270187795	0.160904890334	0.174725437885	0.190314743098	0.207082820614	0.2256110555	0.245311477168	0.266763266886	0.0781123305867	0.0877941957626	0.102219839884	0.111852267735	0.126239271543	0.135841779523	0.150204143303	0.15978600126	0.174130192055	0.1836945949	167.893864041	167.738531606	167.583199171	167.427866736	167.272534301	167.117201866	166.961869431	166.806536996	166.651204561	166.495872127	-2.24892819394	-2.06736270337	-1.88579721279	-1.70423172222	-1.52266623165	-1.34110074108	-1.15953525051	-0.977969759938	-0.796404269367	-0.614838778796	-0.707688486165	-0.707688486165	-0.707688486165	-0.707688486165	-0.707688486165	-0.707688486165	-0.707688486165	-0.707688486165	-0.707688486165	-0.707688486165	
5.8	161.339927546	161.463368743	161.58671061	161.709883036	161.832928046	161.955761493	162.078439583	162.200864199	162.323105663	162.445051975	0.127751641357	0.137413579822	0.148270187795	0.160904890334	0.174725437885	0.190314743098	0.207082820614	0.2256110555	0.245311477168	0.266763266886	0.0781123305867	0.0877941957626	0.102219839884	0.111852267735	0.126239271543	0.135841779523	0.150204143303	0.15978600126	0.174130192055	0.1836945949	167.893864041	167.738531606	167.583199171	167.427866736	167.272534301	167.117201866	166.961869431	166.806536996	166.651204561	166.495872127	-2.24892819394	-2.06736270337	-1.88579721279	-1.70423172222	-1.52266623165	-1.34110074108	-1.15953525051	-0.977969759938	-0.796404269367	-0.614838778796	-0.707688486165	-0.707688486165	-0.707688486165	-0.707688486165	-0.707688486165	-0.707688486165	-0.707688486165	-0.707688486165	-0.707688486165	-0.707688486165	
5.81666666667	161.339927546	161.463368743	161.58671061	161.709883036	161.832928046	161.955761493	162.078439583	162.200864199	162.323105663	162.445051975	0.127751641357	0.137413579822	0.148270187795	0.160904890334	0.174725437885	0.190314743098	0.207082820614	0.2256110555	0.245311477168	0.266763266886	0.0781123305867	0.0877941957626	0.102219839884	0.111852267735	0.126239271543	0.135841779523	0.150204143303	0.15978600126	0.174130192055	0.1836945949	167.893864041	167.738531606	167.583199171	167.427866736	167.272534301	167.117201866	166.961869431	166.806536996	166.651204561	166.495872127	-2.24892819394	-2.06736270337	-1.88579721279	-1.70423172222	-1.52266623165	-1.34110074108	-1.15953525051	-0.977969759938	-0.796404269367	-0.614838778796	-0.707688486165	-0.707688486165	-0.707688486165	-0.707688486165	-0.707688486165	-0.707688486165	-0.707688486165	-0.707688486165	-0.707688486165	-0.707688486165	
5.83333333333	161.339927546	161.463368743	161.58671061	161.709883036	161.832928046	161.955761493	162.078439583	162.200864199	162.323105663	162.445051975	0.127751641357	0.137413579822	0.148270187795	0.160904890334	0.174725437885	0.190314743098	0.207082820614	0.2256110555	0.245311477168	0.266763266886	0.0781123305867	0.0877941957626	0.102219839884	0.111852267735	0.126239271543	0.135841779523	0.150204143303	0.15978600126	0.174130192055	0.1836945949	167.893864041	167.738531606	167.583199171	167.427866736	167.272534301	167.117201866	166.961869431	166.806536996	166.651204561	166.495872127	-2.24892819394	-2.06736270337	-1.88579721279	-1.70423172222	-1.52266623165	-1.34110074108	-1.15953525051	-0.977969759938	-0.796404269367	-0.614838778796	-0.707688486165	-0.707688486165	-0.707688486165	-0.707688486165	-0.707688486165	-0.707688486165	-0.707688486165	-0.707688486165	-0.707688486165	-0.707688486165	
5.85	161.339927546	161.463368743	161.58671061	161.709883036	161.832928046	161.955761493	162.078439583	162.200864199	162.323105663	162.445051975	0.127751641357	0.137413579822	0.148270187795	0.160904890334	0.174725437885	0.190314743098	0.207082820614	0.2256110555	0.245311477168	0.266763266886	0.0781123305867	0.0877941957626	0.102219839884	0.111852267735	0.126239271543	0.135841779523	0.150204143303	0.15978600126	0.174130192055	0.1836945949	167.893864041	167.738531606	167.583199171	167.427866736	167.272534301	167.117201866	166.961869431	166.806536996	166.651204561	166.495872127	-2.24892819394	-2.06736270337	-1.88579721279	-1.70423172222	-1.52266623165	-1.34110074108	-1.15953525051	-0.977969759938	-0.796404269367	-0.614838778796	-0.707688486165	-0.707688486165	-0.707688486165	-0.707688486165	-0.707688486165	-0.707688486165	-0.707688486165	-0.707688486165	-0.707688486165	-0.707688486165	
5.86666666667	161.339927546	161.463368743	161.58671061	161.709883036	161.832928046	161.955761493	162.078439583	162.200864199	162.323105663	162.445051975	0.127751641357	0.137413579822	0.148270187795	0.160904890334	0.174725437885	0.190314743098	0.207082820614	0.2256110555	0.245311477168	0.266763266886	0.0781123305867	0.0877941957626	0.102219839884	0.111852267735	0.126239271543	0.135841779523	0.150204143303	0.15978600126	0.174130192055	0.1836945949	167.893864041	167.738531606	167.583199171	167.427866736	167.272534301	167.117201866	166.961869431	166.806536996	166.651204561	166.495872127	-2.24892819394	-2.06736270337	-1.88579721279	-1.70423172222	-1.52266623165	-1.34110074108	-1.15953525051	-0.977969759938	-0.796404269367	-0.614838778796	-0.707688486165	-0.707688486165	-0.707688486165	-0.707688486165	-0.707688486165	-0.707688486165	-0.707688486165	-0.707688486165	-0.707688486165	-0.707688486165	
5.88333333333	161.339927546	161.463368743	161.58671061	161.709883036	161.832928046	161.955761493	162.078439583	162.200864199	162.323105663	162.445051975	0.127751641357	0.137413579822	0.148270187795	0.160904890334	0.174725437885	0.190314743098	0.207082820614	0.2256110555	0.245311477168	0.266763266886	0.0781123305867	0.0877941957626	0.102219839884	0.111852267735	0.126239271543	0.135841779523	0.150204143303	0.15978600126	0.174130192055	0.1836945949	167.893864041	167.738531606	167.583199171	167.427866736	167.272534301	167.117201866	166.961869431	166.806536996	166.651204561	166.495872127	-2.24892819394	-2.06736270337	-1.88579721279	-1.70423172222	-1.52266623165	-1.34110074108	-1.15953525051	-0.977969759938	-0.796404269367	-0.614838778796	-0.707688486165	-0.707688486165	-0.707688486165	-0.707688486165	-0.707688486165	-0.707688486165	-0.707688486165	-0.707688486165	-0.707688486165	-0.707688486165	
5.9	161.339927546	161.463368743	161.58671061	161.709883036	161.832928046	161.955761493	162.078439583	162.200864199	162.323105663	162.445051975	0.127751641357	0.137413579822	0.148270187795	0.160904890334	0.174725437885	0.190314743098	0.207082820614	0.2256110555	0.245311477168	0.266763266886	0.0781123305867	0.0877941957626	0.102219839884	0.111852267735	0.126239271543	0.135841779523	0.150204143303	0.15978600126	0.174130192055	0.1836945949	167.893864041	167.738531606	167.583199171	167.427866736	167.272534301	167.117201866	166.961869431	166.806536996	166.651204561	166.495872127	-2.24892819394	-2.06736270337	-1.88579721279	-1.70423172222	-1.52266623165	-1.34110074108	-1.15953525051	-0.977969759938	-0.796404269367	-0.614838778796	-0.707688486165	-0.707688486165	-0.707688486165	-0.707688486165	-0.707688486165	-0.707688486165	-0.707688486165	-0.707688486165	-0.707688486165	-0.707688486165	
5.91666666667	161.339927546	161.463368743	161.58671061	161.709883036	161.832928046	161.955761493	162.078439583	162.200864199	162.323105663	162.445051975	0.127751641357	0.137413579822	0.148270187795	0.160904890334	0.174725437885	0.190314743098	0.207082820614	0.2256110555	0.245311477168	0.266763266886	0.0781123305867	0.0877941957626	0.102219839884	0.111852267735	0.126239271543	0.135841779523	0.150204143303	0.15978600126	0.174130192055	0.1836945949	167.893864041	167.738531606	167.583199171	167.427866736	167.272534301	167.117201866	166.961869431	166.806536996	166.651204561	166.495872127	-2.24892819394	-2.06736270337	-1.88579721279	-1.70423172222	-1.52266623165	-1.34110074108	-1.15953525051	-0.977969759938	-0.796404269367	-0.614838778796	-0.707688486165	-0.707688486165	-0.707688486165	-0.707688486165	-0.707688486165	-0.707688486165	-0.707688486165	-0.707688486165	-0.707688486165	-0.707688486165	
5.93333333333	161.339927546	161.463368743	161.58671061	161.709883036	161.832928046	161.955761493	162.078439583	162.200864199	162.323105663	162.445051975	0.127751641357	0.137413579822	0.148270187795	0.160904890334	0.174725437885	0.190314743098	0.207082820614	0.2256110555	0.245311477168	0.266763266886	0.0781123305867	0.0877941957626	0.102219839884	0.111852267735	0.126239271543	0.135841779523	0.150204143303	0.15978600126	0.174130192055	0.1836945949	167.893864041	167.738531606	167.583199171	167.427866736	167.272534301	167.117201866	166.961869431	166.806536996	166.651204561	166.495872127	-2.24892819394	-2.06736270337	-1.88579721279	-1.70423172222	-1.52266623165	-1.34110074108	-1.15953525051	-0.977969759938	-0.796404269367	-0.614838778796	-0.707688486165	-0.707688486165	-0.707688486165	-0.707688486165	-0.707688486165	-0.707688486165	-0.707688486165	-0.707688486165	-0.707688486165	-0.707688486165	
5.95	161.339927546	161.463368743	161.58671061	161.709883036	161.832928046	161.955761493	162.078439583	162.200864199	162.323105663	162.445051975	0.127751641357	0.137413579822	0.148270187795	0.160904890334	0.174725437885	0.190314743098	0.207082820614	0.2256110555	0.245311477168	0.266763266886	0.0781123305867	0.0877941957626	0.102219839884	0.111852267735	0.126239271543	0.135841779523	0.150204143303	0.15978600126	0.174130192055	0.1836945949	167.893864041	167.738531606	167.583199171	167.427866736	167.272534301	167.117201866	166.961869431	166.806536996	166.651204561	166.495872127	-2.24892819394	-2.06736270337	-1.88579721279	-1.70423172222	-1.52266623165	-1.34110074108	-1.15953525051	-0.977969759938	-0.796404269367	-0.614838778796	-0.707688486165	-0.707688486165	-0.707688486165	-0.707688486165	-0.707688486165	-0.707688486165	-0.707688486165	-0.707688486165	-0.707688486165	-0.707688486165	
5.96666666667	161.339927546	161.463368743	161.58671061	161.709883036	161.832928046	161.955761493	162.078439583	162.200864199	162.323105663	162.445051975	0.127751641357	0.137413579822	0.148270187795	0.160904890334	0.174725437885	0.190314743098	0.207082820614	0.2256110555	0.245311477168	0.266763266886	0.0781123305867	0.0877941957626	0.102219839884	0.111852267735	0.126239271543	0.135841779523	0.150204143303	0.15978600126	0.174130192055	0.1836945949	167.893864041	167.738531606	167.583199171	167.427866736	167.272534301	167.117201866	166.961869431	166.806536996	166.651204561	166.495872127	-2.24892819394	-2.06736270337	-1.88579721279	-1.70423172222	-1.52266623165	-1.34110074108	-1.15953525051	-0.977969759938	-0.796404269367	-0.614838778796	-0.707688486165	-0.707688486165	-0.707688486165	-0.707688486165	-0.707688486165	-0.707688486165	-0.707688486165	-0.707688486165	-0.707688486165	-0.707688486165	
5.98333333333	161.339927546	161.463368743	161.58671061	161.709883036	161.832928046	161.955761493	162.078439583	162.200864199	162.323105663	162.445051975	0.127751641357	0.137413579822	0.148270187795	0.160904890334	0.174725437885	0.190314743098	0.207082820614	0.2256110555	0.245311477168	0.266763266886	0.0781123305867	0.0877941957626	0.102219839884	0.111852267735	0.126239271543	0.135841779523	0.150204143303	0.15978600126	0.174130192055	0.1836945949	167.893864041	167.738531606	167.583199171	167.427866736	167.272534301	167.117201866	166.961869431	166.806536996	166.651204561	166.495872127	-2.24892819394	-2.06736270337	-1.88579721279	-1.70423172222	-1.52266623165	-1.34110074108	-1.15953525051	-0.977969759938	-0.796404269367	-0.614838778796	-0.707688486165	-0.707688486165	-0.707688486165	-0.707688486165	-0.707688486165	-0.707688486165	-0.707688486165	-0.707688486165	-0.707688486165	-0.707688486165	
6.0	161.339927546	161.463368743	161.58671061	161.709883036	161.832928046	161.955761493	162.078439583	162.200864199	162.323105663	162.445051975	0.127751641357	0.137413579822	0.148270187795	0.160904890334	0.174725437885	0.190314743098	0.207082820614	0.2256110555	0.245311477168	0.266763266886	0.0781123305867	0.0877941957626	0.102219839884	0.111852267735	0.126239271543	0.135841779523	0.150204143303	0.15978600126	0.174130192055	0.1836945949	167.893864041	167.738531606	167.583199171	167.427866736	167.272534301	167.117201866	166.961869431	166.806536996	166.651204561	166.495872127	-2.24892819394	-2.06736270337	-1.88579721279	-1.70423172222	-1.52266623165	-1.34110074108	-1.15953525051	-0.977969759938	-0.796404269367	-0.614838778796	-0.707688486165	-0.707688486165	-0.707688486165	-0.707688486165	-0.707688486165	-0.707688486165	-0.707688486165	-0.707688486165	-0.707688486165	-0.707688486165	
6.01666666667	161.339927546	161.463368743	161.58671061	161.709883036	161.832928046	161.955761493	162.078439583	162.200864199	162.323105663	162.445051975	0.127751641357	0.137413579822	0.148270187795	0.160904890334	0.174725437885	0.190314743098	0.207082820614	0.2256110555	0.245311477168	0.266763266886	0.0781123305867	0.0877941957626	0.102219839884	0.111852267735	0.126239271543	0.135841779523	0.150204143303	0.15978600126	0.174130192055	0.1836945949	167.893864041	167.738531606	167.583199171	167.427866736	167.272534301	167.117201866	166.961869431	166.806536996	166.651204561	166.495872127	-2.24892819394	-2.06736270337	-1.88579721279	-1.70423172222	-1.52266623165	-1.34110074108	-1.15953525051	-0.977969759938	-0.796404269367	-0.614838778796	-0.707688486165	-0.707688486165	-0.707688486165	-0.707688486165	-0.707688486165	-0.707688486165	-0.707688486165	-0.707688486165	-0.707688486165	-0.707688486165	
6.03333333333	161.339927546	161.463368743	161.58671061	161.709883036	161.832928046	161.955761493	162.078439583	162.200864199	162.323105663	162.445051975	0.127751641357	0.137413579822	0.148270187795	0.160904890334	0.174725437885	0.190314743098	0.207082820614	0.2256110555	0.245311477168	0.266763266886	0.0781123305867	0.0877941957626	0.102219839884	0.111852267735	0.126239271543	0.135841779523	0.150204143303	0.15978600126	0.174130192055	0.1836945949	167.893864041	167.738531606	167.583199171	167.427866736	167.272534301	167.117201866	166.961869431	166.806536996	166.651204561	166.495872127	-2.24892819394	-2.06736270337	-1.88579721279	-1.70423172222	-1.52266623165	-1.34110074108	-1.15953525051	-0.977969759938	-0.796404269367	-0.614838778796	-0.707688486165	-0.707688486165	-0.707688486165	-0.707688486165	-0.707688486165	-0.707688486165	-0.707688486165	-0.707688486165	-0.707688486165	-0.707688486165	
6.05	161.339927546	161.463368743	161.58671061	161.709883036	161.832928046	161.955761493	162.078439583	162.200864199	162.323105663	162.445051975	0.127751641357	0.137413579822	0.148270187795	0.160904890334	0.174725437885	0.190314743098	0.207082820614	0.2256110555	0.245311477168	0.266763266886	0.0781123305867	0.0877941957626	0.102219839884	0.111852267735	0.126239271543	0.135841779523	0.150204143303	0.15978600126	0.174130192055	0.1836945949	167.893864041	167.738531606	167.583199171	167.427866736	167.272534301	167.117201866	166.961869431	166.806536996	166.651204561	166.495872127	-2.24892819394	-2.06736270337	-1.88579721279	-1.70423172222	-1.52266623165	-1.34110074108	-1.15953525051	-0.977969759938	-0.796404269367	-0.614838778796	-0.707688486165	-0.707688486165	-0.707688486165	-0.707688486165	-0.707688486165	-0.707688486165	-0.707688486165	-0.707688486165	-0.707688486165	-0.707688486165	
6.06666666667	161.339927546	161.463368743	161.58671061	161.709883036	161.832928046	161.955761493	162.078439583	162.200864199	162.323105663	162.445051975	0.127751641357	0.137413579822	0.148270187795	0.160904890334	0.174725437885	0.190314743098	0.207082820614	0.2256110555	0.245311477168	0.266763266886	0.0781123305867	0.0877941957626	0.102219839884	0.111852267735	0.126239271543	0.135841779523	0.150204143303	0.15978600126	0.174130192055	0.1836945949	167.893864041	167.738531606	167.583199171	167.427866736	167.272534301	167.117201866	166.961869431	166.806536996	166.651204561	166.495872127	-2.24892819394	-2.06736270337	-1.88579721279	-1.70423172222	-1.52266623165	-1.34110074108	-1.15953525051	-0.977969759938	-0.796404269367	-0.614838778796	-0.707688486165	-0.707688486165	-0.707688486165	-0.707688486165	-0.707688486165	-0.707688486165	-0.707688486165	-0.707688486165	-0.707688486165	-0.707688486165	
6.08333333333	161.339927546	161.463368743	161.58671061	161.709883036	161.832928046	161.955761493	162.078439583	162.200864199	162.323105663	162.445051975	0.127751641357	0.137413579822	0.148270187795	0.160904890334	0.174725437885	0.190314743098	0.207082820614	0.2256110555	0.245311477168	0.266763266886	0.0781123305867	0.0877941957626	0.102219839884	0.111852267735	0.126239271543	0.135841779523	0.150204143303	0.15978600126	0.174130192055	0.1836945949	167.893864041	167.738531606	167.583199171	167.427866736	167.272534301	167.117201866	166.961869431	166.806536996	166.651204561	166.495872127	-2.24892819394	-2.06736270337	-1.88579721279	-1.70423172222	-1.52266623165	-1.34110074108	-1.15953525051	-0.977969759938	-0.796404269367	-0.614838778796	-0.707688486165	-0.707688486165	-0.707688486165	-0.707688486165	-0.707688486165	-0.707688486165	-0.707688486165	-0.707688486165	-0.707688486165	-0.707688486165	
6.1	161.339927546	161.463368743	161.58671061	161.709883036	161.832928046	161.955761493	162.078439583	162.200864199	162.323105663	162.445051975	0.127751641357	0.137413579822	0.148270187795	0.160904890334	0.174725437885	0.190314743098	0.207082820614	0.2256110555	0.245311477168	0.266763266886	0.0781123305867	0.0877941957626	0.102219839884	0.111852267735	0.126239271543	0.135841779523	0.150204143303	0.15978600126	0.174130192055	0.1836945949	167.893864041	167.738531606	167.583199171	167.427866736	167.272534301	167.117201866	166.961869431	166.806536996	166.651204561	166.495872127	-2.24892819394	-2.06736270337	-1.88579721279	-1.70423172222	-1.52266623165	-1.34110074108	-1.15953525051	-0.977969759938	-0.796404269367	-0.614838778796	-0.707688486165	-0.707688486165	-0.707688486165	-0.707688486165	-0.707688486165	-0.707688486165	-0.707688486165	-0.707688486165	-0.707688486165	-0.707688486165	
6.11666666667	161.339927546	161.463368743	161.58671061	161.709883036	161.832928046	161.955761493	162.078439583	162.200864199	162.323105663	162.445051975	0.127751641357	0.137413579822	0.148270187795	0.160904890334	0.174725437885	0.190314743098	0.207082820614	0.2256110555	0.245311477168	0.266763266886	0.0781123305867	0.0877941957626	0.102219839884	0.111852267735	0.126239271543	0.135841779523	0.150204143303	0.15978600126	0.174130192055	0.1836945949	167.893864041	167.738531606	167.583199171	167.427866736	167.272534301	167.117201866	166.961869431	166.806536996	166.651204561	166.495872127	-2.24892819394	-2.06736270337	-1.88579721279	-1.70423172222	-1.52266623165	-1.34110074108	-1.15953525051	-0.977969759938	-0.796404269367	-0.614838778796	-0.707688486165	-0.707688486165	-0.707688486165	-0.707688486165	-0.707688486165	-0.707688486165	-0.707688486165	-0.707688486165	-0.707688486165	-0.707688486165	
6.13333333333	161.339927546	161.463368743	161.58671061	161.709883036	161.832928046	161.955761493	162.078439583	162.200864199	162.323105663	162.445051975	0.127751641357	0.137413579822	0.148270187795	0.160904890334	0.174725437885	0.190314743098	0.207082820614	0.2256110555	0.245311477168	0.266763266886	0.0781123305867	0.0877941957626	0.102219839884	0.111852267735	0.126239271543	0.135841779523	0.150204143303	0.15978600126	0.174130192055	0.1836945949	167.893864041	167.738531606	167.583199171	167.427866736	167.272534301	167.117201866	166.961869431	166.806536996	166.651204561	166.495872127	-2.24892819394	-2.06736270337	-1.88579721279	-1.70423172222	-1.52266623165	-1.34110074108	-1.15953525051	-0.977969759938	-0.796404269367	-0.614838778796	-0.707688486165	-0.707688486165	-0.707688486165	-0.707688486165	-0.707688486165	-0.707688486165	-0.707688486165	-0.707688486165	-0.707688486165	-0.707688486165	
6.15	161.339927546	161.463368743	161.58671061	161.709883036	161.832928046	161.955761493	162.078439583	162.200864199	162.323105663	162.445051975	0.127751641357	0.137413579822	0.148270187795	0.160904890334	0.174725437885	0.190314743098	0.207082820614	0.2256110555	0.245311477168	0.266763266886	0.0781123305867	0.0877941957626	0.102219839884	0.111852267735	0.126239271543	0.135841779523	0.150204143303	0.15978600126	0.174130192055	0.1836945949	167.893864041	167.738531606	167.583199171	167.427866736	167.272534301	167.117201866	166.961869431	166.806536996	166.651204561	166.495872127	-2.24892819394	-2.06736270337	-1.88579721279	-1.70423172222	-1.52266623165	-1.34110074108	-1.15953525051	-0.977969759938	-0.796404269367	-0.614838778796	-0.707688486165	-0.707688486165	-0.707688486165	-0.707688486165	-0.707688486165	-0.707688486165	-0.707688486165	-0.707688486165	-0.707688486165	-0.707688486165	
6.16666666667	161.339927546	161.463368743	161.58671061	161.709883036	161.832928046	161.955761493	162.078439583	162.200864199	162.323105663	162.445051975	0.127751641357	0.137413579822	0.148270187795	0.160904890334	0.174725437885	0.190314743098	0.207082820614	0.2256110555	0.245311477168	0.266763266886	0.0781123305867	0.0877941957626	0.102219839884	0.111852267735	0.126239271543	0.135841779523	0.150204143303	0.15978600126	0.174130192055	0.1836945949	167.893864041	167.738531606	167.583199171	167.427866736	167.272534301	167.117201866	166.961869431	166.806536996	166.651204561	166.495872127	-2.24892819394	-2.06736270337	-1.88579721279	-1.70423172222	-1.52266623165	-1.34110074108	-1.15953525051	-0.977969759938	-0.796404269367	-0.614838778796	-0.707688486165	-0.707688486165	-0.707688486165	-0.707688486165	-0.707688486165	-0.707688486165	-0.707688486165	-0.707688486165	-0.707688486165	-0.707688486165	
6.18333333333	161.339927546	161.463368743	161.58671061	161.709883036	161.832928046	161.955761493	162.078439583	162.200864199	162.323105663	162.445051975	0.127751641357	0.137413579822	0.148270187795	0.160904890334	0.174725437885	0.190314743098	0.207082820614	0.2256110555	0.245311477168	0.266763266886	0.0781123305867	0.0877941957626	0.102219839884	0.111852267735	0.126239271543	0.135841779523	0.150204143303	0.15978600126	0.174130192055	0.1836945949	167.893864041	167.738531606	167.583199171	167.427866736	167.272534301	167.117201866	166.961869431	166.806536996	166.651204561	166.495872127	-2.24892819394	-2.06736270337	-1.88579721279	-1.70423172222	-1.52266623165	-1.34110074108	-1.15953525051	-0.977969759938	-0.796404269367	-0.614838778796	-0.707688486165	-0.707688486165	-0.707688486165	-0.707688486165	-0.707688486165	-0.707688486165	-0.707688486165	-0.707688486165	-0.707688486165	-0.707688486165	
6.2	161.339927546	161.463368743	161.58671061	161.709883036	161.832928046	161.955761493	162.078439583	162.200864199	162.323105663	162.445051975	0.127751641357	0.137413579822	0.148270187795	0.160904890334	0.174725437885	0.190314743098	0.207082820614	0.2256110555	0.245311477168	0.266763266886	0.0781123305867	0.0877941957626	0.102219839884	0.111852267735	0.126239271543	0.135841779523	0.150204143303	0.15978600126	0.174130192055	0.1836945949	167.893864041	167.738531606	167.583199171	167.427866736	167.272534301	167.117201866	166.961869431	166.806536996	166.651204561	166.495872127	-2.24892819394	-2.06736270337	-1.88579721279	-1.70423172222	-1.52266623165	-1.34110074108	-1.15953525051	-0.977969759938	-0.796404269367	-0.614838778796	-0.707688486165	-0.707688486165	-0.707688486165	-0.707688486165	-0.707688486165	-0.707688486165	-0.707688486165	-0.707688486165	-0.707688486165	-0.707688486165	
6.21666666667	161.339927546	161.463368743	161.58671061	161.709883036	161.832928046	161.955761493	162.078439583	162.200864199	162.323105663	162.445051975	0.127751641357	0.137413579822	0.148270187795	0.160904890334	0.174725437885	0.190314743098	0.207082820614	0.2256110555	0.245311477168	0.266763266886	0.0781123305867	0.0877941957626	0.102219839884	0.111852267735	0.126239271543	0.135841779523	0.150204143303	0.15978600126	0.174130192055	0.1836945949	167.893864041	167.738531606	167.583199171	167.427866736	167.272534301	167.117201866	166.961869431	166.806536996	166.651204561	166.495872127	-2.24892819394	-2.06736270337	-1.88579721279	-1.70423172222	-1.52266623165	-1.34110074108	-1.15953525051	-0.977969759938	-0.796404269367	-0.614838778796	-0.707688486165	-0.707688486165	-0.707688486165	-0.707688486165	-0.707688486165	-0.707688486165	-0.707688486165	-0.707688486165	-0.707688486165	-0.707688486165	
6.23333333333	161.339927546	161.463368743	161.58671061	161.709883036	161.832928046	161.955761493	162.078439583	162.200864199	162.323105663	162.445051975	0.127751641357	0.137413579822	0.148270187795	0.160904890334	0.174725437885	0.190314743098	0.207082820614	0.2256110555	0.245311477168	0.266763266886	0.0781123305867	0.0877941957626	0.102219839884	0.111852267735	0.126239271543	0.135841779523	0.150204143303	0.15978600126	0.174130192055	0.1836945949	167.893864041	167.738531606	167.583199171	167.427866736	167.272534301	167.117201866	166.961869431	166.806536996	166.651204561	166.495872127	-2.24892819394	-2.06736270337	-1.88579721279	-1.70423172222	-1.52266623165	-1.34110074108	-1.15953525051	-0.977969759938	-0.796404269367	-0.614838778796	-0.707688486165	-0.707688486165	-0.707688486165	-0.707688486165	-0.707688486165	-0.707688486165	-0.707688486165	-0.707688486165	-0.707688486165	-0.707688486165	
6.25	161.339927546	161.463368743	161.58671061	161.709883036	161.832928046	161.955761493	162.078439583	162.200864199	162.323105663	162.445051975	0.127751641357	0.137413579822	0.148270187795	0.160904890334	0.174725437885	0.190314743098	0.207082820614	0.2256110555	0.245311477168	0.266763266886	0.0781123305867	0.0877941957626	0.102219839884	0.111852267735	0.126239271543	0.135841779523	0.150204143303	0.15978600126	0.174130192055	0.1836945949	167.893864041	167.738531606	167.583199171	167.427866736	167.272534301	167.117201866	166.961869431	166.806536996	166.651204561	166.495872127	-2.24892819394	-2.06736270337	-1.88579721279	-1.70423172222	-1.52266623165	-1.34110074108	-1.15953525051	-0.977969759938	-0.796404269367	-0.614838778796	-0.707688486165	-0.707688486165	-0.707688486165	-0.707688486165	-0.707688486165	-0.707688486165	-0.707688486165	-0.707688486165	-0.707688486165	-0.707688486165	
6.26666666667	161.339927546	161.463368743	161.58671061	161.709883036	161.832928046	161.955761493	162.078439583	162.200864199	162.323105663	162.445051975	0.127751641357	0.137413579822	0.148270187795	0.160904890334	0.174725437885	0.190314743098	0.207082820614	0.2256110555	0.245311477168	0.266763266886	0.0781123305867	0.0877941957626	0.102219839884	0.111852267735	0.126239271543	0.135841779523	0.150204143303	0.15978600126	0.174130192055	0.1836945949	167.893864041	167.738531606	167.583199171	167.427866736	167.272534301	167.117201866	166.961869431	166.806536996	166.651204561	166.495872127	-2.24892819394	-2.06736270337	-1.88579721279	-1.70423172222	-1.52266623165	-1.34110074108	-1.15953525051	-0.977969759938	-0.796404269367	-0.614838778796	-0.707688486165	-0.707688486165	-0.707688486165	-0.707688486165	-0.707688486165	-0.707688486165	-0.707688486165	-0.707688486165	-0.707688486165	-0.707688486165	
6.28333333333	161.339927546	161.463368743	161.58671061	161.709883036	161.832928046	161.955761493	162.078439583	162.200864199	162.323105663	162.445051975	0.127751641357	0.137413579822	0.148270187795	0.160904890334	0.174725437885	0.190314743098	0.207082820614	0.2256110555	0.245311477168	0.266763266886	0.0781123305867	0.0877941957626	0.102219839884	0.111852267735	0.126239271543	0.135841779523	0.150204143303	0.15978600126	0.174130192055	0.1836945949	167.893864041	167.738531606	167.583199171	167.427866736	167.272534301	167.117201866	166.961869431	166.806536996	166.651204561	166.495872127	-2.24892819394	-2.06736270337	-1.88579721279	-1.70423172222	-1.52266623165	-1.34110074108	-1.15953525051	-0.977969759938	-0.796404269367	-0.614838778796	-0.707688486165	-0.707688486165	-0.707688486165	-0.707688486165	-0.707688486165	-0.707688486165	-0.707688486165	-0.707688486165	-0.707688486165	-0.707688486165	
6.3	161.339927546	161.463368743	161.58671061	161.709883036	161.832928046	161.955761493	162.078439583	162.200864199	162.323105663	162.445051975	0.127751641357	0.137413579822	0.148270187795	0.160904890334	0.174725437885	0.190314743098	0.207082820614	0.2256110555	0.245311477168	0.266763266886	0.0781123305867	0.0877941957626	0.102219839884	0.111852267735	0.126239271543	0.135841779523	0.150204143303	0.15978600126	0.174130192055	0.1836945949	167.893864041	167.738531606	167.583199171	167.427866736	167.272534301	167.117201866	166.961869431	166.806536996	166.651204561	166.495872127	-2.24892819394	-2.06736270337	-1.88579721279	-1.70423172222	-1.52266623165	-1.34110074108	-1.15953525051	-0.977969759938	-0.796404269367	-0.614838778796	-0.707688486165	-0.707688486165	-0.707688486165	-0.707688486165	-0.707688486165	-0.707688486165	-0.707688486165	-0.707688486165	-0.707688486165	-0.707688486165	
6.31666666667	161.339927546	161.463368743	161.58671061	161.709883036	161.832928046	161.955761493	162.078439583	162.200864199	162.323105663	162.445051975	0.127751641357	0.137413579822	0.148270187795	0.160904890334	0.174725437885	0.190314743098	0.207082820614	0.2256110555	0.245311477168	0.266763266886	0.0781123305867	0.0877941957626	0.102219839884	0.111852267735	0.126239271543	0.135841779523	0.150204143303	0.15978600126	0.174130192055	0.1836945949	167.893864041	167.738531606	167.583199171	167.427866736	167.272534301	167.117201866	166.961869431	166.806536996	166.651204561	166.495872127	-2.24892819394	-2.06736270337	-1.88579721279	-1.70423172222	-1.52266623165	-1.34110074108	-1.15953525051	-0.977969759938	-0.796404269367	-0.614838778796	-0.707688486165	-0.707688486165	-0.707688486165	-0.707688486165	-0.707688486165	-0.707688486165	-0.707688486165	-0.707688486165	-0.707688486165	-0.707688486165	
6.33333333333	161.339927546	161.463368743	161.58671061	161.709883036	161.832928046	161.955761493	162.078439583	162.200864199	162.323105663	162.445051975	0.127751641357	0.137413579822	0.148270187795	0.160904890334	0.174725437885	0.190314743098	0.207082820614	0.2256110555	0.245311477168	0.266763266886	0.0781123305867	0.0877941957626	0.102219839884	0.111852267735	0.126239271543	0.135841779523	0.150204143303	0.15978600126	0.174130192055	0.1836945949	167.893864041	167.738531606	167.583199171	167.427866736	167.272534301	167.117201866	166.961869431	166.806536996	166.651204561	166.495872127	-2.24892819394	-2.06736270337	-1.88579721279	-1.70423172222	-1.52266623165	-1.34110074108	-1.15953525051	-0.977969759938	-0.796404269367	-0.614838778796	-0.707688486165	-0.707688486165	-0.707688486165	-0.707688486165	-0.707688486165	-0.707688486165	-0.707688486165	-0.707688486165	-0.707688486165	-0.707688486165	
6.35	161.339927546	161.463368743	161.58671061	161.709883036	161.832928046	161.955761493	162.078439583	162.200864199	162.323105663	162.445051975	0.127751641357	0.137413579822	0.148270187795	0.160904890334	0.174725437885	0.190314743098	0.207082820614	0.2256110555	0.245311477168	0.266763266886	0.0781123305867	0.0877941957626	0.102219839884	0.111852267735	0.126239271543	0.135841779523	0.150204143303	0.15978600126	0.174130192055	0.1836945949	167.893864041	167.738531606	167.583199171	167.427866736	167.272534301	167.117201866	166.961869431	166.806536996	166.651204561	166.495872127	-2.24892819394	-2.06736270337	-1.88579721279	-1.70423172222	-1.52266623165	-1.34110074108	-1.15953525051	-0.977969759938	-0.796404269367	-0.614838778796	-0.707688486165	-0.707688486165	-0.707688486165	-0.707688486165	-0.707688486165	-0.707688486165	-0.707688486165	-0.707688486165	-0.707688486165	-0.707688486165	
6.36666666667	161.339927546	161.463368743	161.58671061	161.709883036	161.832928046	161.955761493	162.078439583	162.200864199	162.323105663	162.445051975	0.127751641357	0.137413579822	0.148270187795	0.160904890334	0.174725437885	0.190314743098	0.207082820614	0.2256110555	0.245311477168	0.266763266886	0.0781123305867	0.0877941957626	0.102219839884	0.111852267735	0.126239271543	0.135841779523	0.150204143303	0.15978600126	0.174130192055	0.1836945949	167.893864041	167.738531606	167.583199171	167.427866736	167.272534301	167.117201866	166.961869431	166.806536996	166.651204561	166.495872127	-2.24892819394	-2.06736270337	-1.88579721279	-1.70423172222	-1.52266623165	-1.34110074108	-1.15953525051	-0.977969759938	-0.796404269367	-0.614838778796	-0.707688486165	-0.707688486165	-0.707688486165	-0.707688486165	-0.707688486165	-0.707688486165	-0.707688486165	-0.707688486165	-0.707688486165	-0.707688486165	
6.38333333333	161.339927546	161.463368743	161.58671061	161.709883036	161.832928046	161.955761493	162.078439583	162.200864199	162.323105663	162.445051975	0.127751641357	0.137413579822	0.148270187795	0.160904890334	0.174725437885	0.190314743098	0.207082820614	0.2256110555	0.245311477168	0.266763266886	0.0781123305867	0.0877941957626	0.102219839884	0.111852267735	0.126239271543	0.135841779523	0.150204143303	0.15978600126	0.174130192055	0.1836945949	167.893864041	167.738531606	167.583199171	167.427866736	167.272534301	167.117201866	166.961869431	166.806536996	166.651204561	166.495872127	-2.24892819394	-2.06736270337	-1.88579721279	-1.70423172222	-1.52266623165	-1.34110074108	-1.15953525051	-0.977969759938	-0.796404269367	-0.614838778796	-0.707688486165	-0.707688486165	-0.707688486165	-0.707688486165	-0.707688486165	-0.707688486165	-0.707688486165	-0.707688486165	-0.707688486165	-0.707688486165	
6.4	161.339927546	161.463368743	161.58671061	161.709883036	161.832928046	161.955761493	162.078439583	162.200864199	162.323105663	162.445051975	0.127751641357	0.137413579822	0.148270187795	0.160904890334	0.174725437885	0.190314743098	0.207082820614	0.2256110555	0.245311477168	0.266763266886	0.0781123305867	0.0877941957626	0.102219839884	0.111852267735	0.126239271543	0.135841779523	0.150204143303	0.15978600126	0.174130192055	0.1836945949	167.893864041	167.738531606	167.583199171	167.427866736	167.272534301	167.117201866	166.961869431	166.806536996	166.651204561	166.495872127	-2.24892819394	-2.06736270337	-1.88579721279	-1.70423172222	-1.52266623165	-1.34110074108	-1.15953525051	-0.977969759938	-0.796404269367	-0.614838778796	-0.707688486165	-0.707688486165	-0.707688486165	-0.707688486165	-0.707688486165	-0.707688486165	-0.707688486165	-0.707688486165	-0.707688486165	-0.707688486165	
6.41666666667	161.339927546	161.463368743	161.58671061	161.709883036	161.832928046	161.955761493	162.078439583	162.200864199	162.323105663	162.445051975	0.127751641357	0.137413579822	0.148270187795	0.160904890334	0.174725437885	0.190314743098	0.207082820614	0.2256110555	0.245311477168	0.266763266886	0.0781123305867	0.0877941957626	0.102219839884	0.111852267735	0.126239271543	0.135841779523	0.150204143303	0.15978600126	0.174130192055	0.1836945949	167.893864041	167.738531606	167.583199171	167.427866736	167.272534301	167.117201866	166.961869431	166.806536996	166.651204561	166.495872127	-2.24892819394	-2.06736270337	-1.88579721279	-1.70423172222	-1.52266623165	-1.34110074108	-1.15953525051	-0.977969759938	-0.796404269367	-0.614838778796	-0.707688486165	-0.707688486165	-0.707688486165	-0.707688486165	-0.707688486165	-0.707688486165	-0.707688486165	-0.707688486165	-0.707688486165	-0.707688486165	
6.43333333333	161.339927546	161.463368743	161.58671061	161.709883036	161.832928046	161.955761493	162.078439583	162.200864199	162.323105663	162.445051975	0.127751641357	0.137413579822	0.148270187795	0.160904890334	0.174725437885	0.190314743098	0.207082820614	0.2256110555	0.245311477168	0.266763266886	0.0781123305867	0.0877941957626	0.102219839884	0.111852267735	0.126239271543	0.135841779523	0.150204143303	0.15978600126	0.174130192055	0.1836945949	167.893864041	167.738531606	167.583199171	167.427866736	167.272534301	167.117201866	166.961869431	166.806536996	166.651204561	166.495872127	-2.24892819394	-2.06736270337	-1.88579721279	-1.70423172222	-1.52266623165	-1.34110074108	-1.15953525051	-0.977969759938	-0.796404269367	-0.614838778796	-0.707688486165	-0.707688486165	-0.707688486165	-0.707688486165	-0.707688486165	-0.707688486165	-0.707688486165	-0.707688486165	-0.707688486165	-0.707688486165	
6.45	161.339927546	161.463368743	161.58671061	161.709883036	161.832928046	161.955761493	162.078439583	162.200864199	162.323105663	162.445051975	0.127751641357	0.137413579822	0.148270187795	0.160904890334	0.174725437885	0.190314743098	0.207082820614	0.2256110555	0.245311477168	0.266763266886	0.0781123305867	0.0877941957626	0.102219839884	0.111852267735	0.126239271543	0.135841779523	0.150204143303	0.15978600126	0.174130192055	0.1836945949	167.893864041	167.738531606	167.583199171	167.427866736	167.272534301	167.117201866	166.961869431	166.806536996	166.651204561	166.495872127	-2.24892819394	-2.06736270337	-1.88579721279	-1.70423172222	-1.52266623165	-1.34110074108	-1.15953525051	-0.977969759938	-0.796404269367	-0.614838778796	-0.707688486165	-0.707688486165	-0.707688486165	-0.707688486165	-0.707688486165	-0.707688486165	-0.707688486165	-0.707688486165	-0.707688486165	-0.707688486165	
6.46666666667	161.339927546	161.463368743	161.58671061	161.709883036	161.832928046	161.955761493	162.078439583	162.200864199	162.323105663	162.445051975	0.127751641357	0.137413579822	0.148270187795	0.160904890334	0.174725437885	0.190314743098	0.207082820614	0.2256110555	0.245311477168	0.266763266886	0.0781123305867	0.0877941957626	0.102219839884	0.111852267735	0.126239271543	0.135841779523	0.150204143303	0.15978600126	0.174130192055	0.1836945949	167.893864041	167.738531606	167.583199171	167.427866736	167.272534301	167.117201866	166.961869431	166.806536996	166.651204561	166.495872127	-2.24892819394	-2.06736270337	-1.88579721279	-1.70423172222	-1.52266623165	-1.34110074108	-1.15953525051	-0.977969759938	-0.796404269367	-0.614838778796	-0.707688486165	-0.707688486165	-0.707688486165	-0.707688486165	-0.707688486165	-0.707688486165	-0.707688486165	-0.707688486165	-0.707688486165	-0.707688486165	
6.48333333333	161.339927546	161.463368743	161.58671061	161.709883036	161.832928046	161.955761493	162.078439583	162.200864199	162.323105663	162.445051975	0.127751641357	0.137413579822	0.148270187795	0.160904890334	0.174725437885	0.190314743098	0.207082820614	0.2256110555	0.245311477168	0.266763266886	0.0781123305867	0.0877941957626	0.102219839884	0.111852267735	0.126239271543	0.135841779523	0.150204143303	0.15978600126	0.174130192055	0.1836945949	167.893864041	167.738531606	167.583199171	167.427866736	167.272534301	167.117201866	166.961869431	166.806536996	166.651204561	166.495872127	-2.24892819394	-2.06736270337	-1.88579721279	-1.70423172222	-1.52266623165	-1.34110074108	-1.15953525051	-0.977969759938	-0.796404269367	-0.614838778796	-0.707688486165	-0.707688486165	-0.707688486165	-0.707688486165	-0.707688486165	-0.707688486165	-0.707688486165	-0.707688486165	-0.707688486165	-0.707688486165	
6.5	161.339927546	161.463368743	161.58671061	161.709883036	161.832928046	161.955761493	162.078439583	162.200864199	162.323105663	162.445051975	0.127751641357	0.137413579822	0.148270187795	0.160904890334	0.174725437885	0.190314743098	0.207082820614	0.2256110555	0.245311477168	0.266763266886	0.0781123305867	0.0877941957626	0.102219839884	0.111852267735	0.126239271543	0.135841779523	0.150204143303	0.15978600126	0.174130192055	0.1836945949	167.893864041	167.738531606	167.583199171	167.427866736	167.272534301	167.117201866	166.961869431	166.806536996	166.651204561	166.495872127	-2.24892819394	-2.06736270337	-1.88579721279	-1.70423172222	-1.52266623165	-1.34110074108	-1.15953525051	-0.977969759938	-0.796404269367	-0.614838778796	-0.707688486165	-0.707688486165	-0.707688486165	-0.707688486165	-0.707688486165	-0.707688486165	-0.707688486165	-0.707688486165	-0.707688486165	-0.707688486165	
6.51666666667	161.339927546	161.463368743	161.58671061	161.709883036	161.832928046	161.955761493	162.078439583	162.200864199	162.323105663	162.445051975	0.127751641357	0.137413579822	0.148270187795	0.160904890334	0.174725437885	0.190314743098	0.207082820614	0.2256110555	0.245311477168	0.266763266886	0.0781123305867	0.0877941957626	0.102219839884	0.111852267735	0.126239271543	0.135841779523	0.150204143303	0.15978600126	0.174130192055	0.1836945949	167.893864041	167.738531606	167.583199171	167.427866736	167.272534301	167.117201866	166.961869431	166.806536996	166.651204561	166.495872127	-2.24892819394	-2.06736270337	-1.88579721279	-1.70423172222	-1.52266623165	-1.34110074108	-1.15953525051	-0.977969759938	-0.796404269367	-0.614838778796	-0.707688486165	-0.707688486165	-0.707688486165	-0.707688486165	-0.707688486165	-0.707688486165	-0.707688486165	-0.707688486165	-0.707688486165	-0.707688486165	
6.53333333333	161.339927546	161.463368743	161.58671061	161.709883036	161.832928046	161.955761493	162.078439583	162.200864199	162.323105663	162.445051975	0.127751641357	0.137413579822	0.148270187795	0.160904890334	0.174725437885	0.190314743098	0.207082820614	0.2256110555	0.245311477168	0.266763266886	0.0781123305867	0.0877941957626	0.102219839884	0.111852267735	0.126239271543	0.135841779523	0.150204143303	0.15978600126	0.174130192055	0.1836945949	167.893864041	167.738531606	167.583199171	167.427866736	167.272534301	167.117201866	166.961869431	166.806536996	166.651204561	166.495872127	-2.24892819394	-2.06736270337	-1.88579721279	-1.70423172222	-1.52266623165	-1.34110074108	-1.15953525051	-0.977969759938	-0.796404269367	-0.614838778796	-0.707688486165	-0.707688486165	-0.707688486165	-0.707688486165	-0.707688486165	-0.707688486165	-0.707688486165	-0.707688486165	-0.707688486165	-0.707688486165	
6.55	161.339927546	161.463368743	161.58671061	161.709883036	161.832928046	161.955761493	162.078439583	162.200864199	162.323105663	162.445051975	0.127751641357	0.137413579822	0.148270187795	0.160904890334	0.174725437885	0.190314743098	0.207082820614	0.2256110555	0.245311477168	0.266763266886	0.0781123305867	0.0877941957626	0.102219839884	0.111852267735	0.126239271543	0.135841779523	0.150204143303	0.15978600126	0.174130192055	0.1836945949	167.893864041	167.738531606	167.583199171	167.427866736	167.272534301	167.117201866	166.961869431	166.806536996	166.651204561	166.495872127	-2.24892819394	-2.06736270337	-1.88579721279	-1.70423172222	-1.52266623165	-1.34110074108	-1.15953525051	-0.977969759938	-0.796404269367	-0.614838778796	-0.707688486165	-0.707688486165	-0.707688486165	-0.707688486165	-0.707688486165	-0.707688486165	-0.707688486165	-0.707688486165	-0.707688486165	-0.707688486165	
6.56666666667	161.339927546	161.463368743	161.58671061	161.709883036	161.832928046	161.955761493	162.078439583	162.200864199	162.323105663	162.445051975	0.127751641357	0.137413579822	0.148270187795	0.160904890334	0.174725437885	0.190314743098	0.207082820614	0.2256110555	0.245311477168	0.266763266886	0.0781123305867	0.0877941957626	0.102219839884	0.111852267735	0.126239271543	0.135841779523	0.150204143303	0.15978600126	0.174130192055	0.1836945949	167.893864041	167.738531606	167.583199171	167.427866736	167.272534301	167.117201866	166.961869431	166.806536996	166.651204561	166.495872127	-2.24892819394	-2.06736270337	-1.88579721279	-1.70423172222	-1.52266623165	-1.34110074108	-1.15953525051	-0.977969759938	-0.796404269367	-0.614838778796	-0.707688486165	-0.707688486165	-0.707688486165	-0.707688486165	-0.707688486165	-0.707688486165	-0.707688486165	-0.707688486165	-0.707688486165	-0.707688486165	
6.58333333333	161.339927546	161.463368743	161.58671061	161.709883036	161.832928046	161.955761493	162.078439583	162.200864199	162.323105663	162.445051975	0.127751641357	0.137413579822	0.148270187795	0.160904890334	0.174725437885	0.190314743098	0.207082820614	0.2256110555	0.245311477168	0.266763266886	0.0781123305867	0.0877941957626	0.102219839884	0.111852267735	0.126239271543	0.135841779523	0.150204143303	0.15978600126	0.174130192055	0.1836945949	167.893864041	167.738531606	167.583199171	167.427866736	167.272534301	167.117201866	166.961869431	166.806536996	166.651204561	166.495872127	-2.24892819394	-2.06736270337	-1.88579721279	-1.70423172222	-1.52266623165	-1.34110074108	-1.15953525051	-0.977969759938	-0.796404269367	-0.614838778796	-0.707688486165	-0.707688486165	-0.707688486165	-0.707688486165	-0.707688486165	-0.707688486165	-0.707688486165	-0.707688486165	-0.707688486165	-0.707688486165	
6.6	161.339927546	161.463368743	161.58671061	161.709883036	161.832928046	161.955761493	162.078439583	162.200864199	162.323105663	162.445051975	0.127751641357	0.137413579822	0.148270187795	0.160904890334	0.174725437885	0.190314743098	0.207082820614	0.2256110555	0.245311477168	0.266763266886	0.0781123305867	0.0877941957626	0.102219839884	0.111852267735	0.126239271543	0.135841779523	0.150204143303	0.15978600126	0.174130192055	0.1836945949	167.893864041	167.738531606	167.583199171	167.427866736	167.272534301	167.117201866	166.961869431	166.806536996	166.651204561	166.495872127	-2.24892819394	-2.06736270337	-1.88579721279	-1.70423172222	-1.52266623165	-1.34110074108	-1.15953525051	-0.977969759938	-0.796404269367	-0.614838778796	-0.707688486165	-0.707688486165	-0.707688486165	-0.707688486165	-0.707688486165	-0.707688486165	-0.707688486165	-0.707688486165	-0.707688486165	-0.707688486165	
6.61666666667	161.339927546	161.463368743	161.58671061	161.709883036	161.832928046	161.955761493	162.078439583	162.200864199	162.323105663	162.445051975	0.127751641357	0.137413579822	0.148270187795	0.160904890334	0.174725437885	0.190314743098	0.207082820614	0.2256110555	0.245311477168	0.266763266886	0.0781123305867	0.0877941957626	0.102219839884	0.111852267735	0.126239271543	0.135841779523	0.150204143303	0.15978600126	0.174130192055	0.1836945949	167.893864041	167.738531606	167.583199171	167.427866736	167.272534301	167.117201866	166.961869431	166.806536996	166.651204561	166.495872127	-2.24892819394	-2.06736270337	-1.88579721279	-1.70423172222	-1.52266623165	-1.34110074108	-1.15953525051	-0.977969759938	-0.796404269367	-0.614838778796	-0.707688486165	-0.707688486165	-0.707688486165	-0.707688486165	-0.707688486165	-0.707688486165	-0.707688486165	-0.707688486165	-0.707688486165	-0.707688486165	
6.63333333333	161.339927546	161.463368743	161.58671061	161.709883036	161.832928046	161.955761493	162.078439583	162.200864199	162.323105663	162.445051975	0.127751641357	0.137413579822	0.148270187795	0.160904890334	0.174725437885	0.190314743098	0.207082820614	0.2256110555	0.245311477168	0.266763266886	0.0781123305867	0.0877941957626	0.102219839884	0.111852267735	0.126239271543	0.135841779523	0.150204143303	0.15978600126	0.174130192055	0.1836945949	167.893864041	167.738531606	167.583199171	167.427866736	167.272534301	167.117201866	166.961869431	166.806536996	166.651204561	166.495872127	-2.24892819394	-2.06736270337	-1.88579721279	-1.70423172222	-1.52266623165	-1.34110074108	-1.15953525051	-0.977969759938	-0.796404269367	-0.614838778796	-0.707688486165	-0.707688486165	-0.707688486165	-0.707688486165	-0.707688486165	-0.707688486165	-0.707688486165	-0.707688486165	-0.707688486165	-0.707688486165	
6.65	161.339927546	161.463368743	161.58671061	161.709883036	161.832928046	161.955761493	162.078439583	162.200864199	162.323105663	162.445051975	0.127751641357	0.137413579822	0.148270187795	0.160904890334	0.174725437885	0.190314743098	0.207082820614	0.2256110555	0.245311477168	0.266763266886	0.0781123305867	0.0877941957626	0.102219839884	0.111852267735	0.126239271543	0.135841779523	0.150204143303	0.15978600126	0.174130192055	0.1836945949	167.893864041	167.738531606	167.583199171	167.427866736	167.272534301	167.117201866	166.961869431	166.806536996	166.651204561	166.495872127	-2.24892819394	-2.06736270337	-1.88579721279	-1.70423172222	-1.52266623165	-1.34110074108	-1.15953525051	-0.977969759938	-0.796404269367	-0.614838778796	-0.707688486165	-0.707688486165	-0.707688486165	-0.707688486165	-0.707688486165	-0.707688486165	-0.707688486165	-0.707688486165	-0.707688486165	-0.707688486165	
6.66666666667	161.339927546	161.463368743	161.58671061	161.709883036	161.832928046	161.955761493	162.078439583	162.200864199	162.323105663	162.445051975	0.127751641357	0.137413579822	0.148270187795	0.160904890334	0.174725437885	0.190314743098	0.207082820614	0.2256110555	0.245311477168	0.266763266886	0.0781123305867	0.0877941957626	0.102219839884	0.111852267735	0.126239271543	0.135841779523	0.150204143303	0.15978600126	0.174130192055	0.1836945949	167.893864041	167.738531606	167.583199171	167.427866736	167.272534301	167.117201866	166.961869431	166.806536996	166.651204561	166.495872127	-2.24892819394	-2.06736270337	-1.88579721279	-1.70423172222	-1.52266623165	-1.34110074108	-1.15953525051	-0.977969759938	-0.796404269367	-0.614838778796	-0.707688486165	-0.707688486165	-0.707688486165	-0.707688486165	-0.707688486165	-0.707688486165	-0.707688486165	-0.707688486165	-0.707688486165	-0.707688486165	
6.68333333333	161.339927546	161.463368743	161.58671061	161.709883036	161.832928046	161.955761493	162.078439583	162.200864199	162.323105663	162.445051975	0.127751641357	0.137413579822	0.148270187795	0.160904890334	0.174725437885	0.190314743098	0.207082820614	0.2256110555	0.245311477168	0.266763266886	0.0781123305867	0.0877941957626	0.102219839884	0.111852267735	0.126239271543	0.135841779523	0.150204143303	0.15978600126	0.174130192055	0.1836945949	167.893864041	167.738531606	167.583199171	167.427866736	167.272534301	167.117201866	166.961869431	166.806536996	166.651204561	166.495872127	-2.24892819394	-2.06736270337	-1.88579721279	-1.70423172222	-1.52266623165	-1.34110074108	-1.15953525051	-0.977969759938	-0.796404269367	-0.614838778796	-0.707688486165	-0.707688486165	-0.707688486165	-0.707688486165	-0.707688486165	-0.707688486165	-0.707688486165	-0.707688486165	-0.707688486165	-0.707688486165	
6.7	161.339927546	161.463368743	161.58671061	161.709883036	161.832928046	161.955761493	162.078439583	162.200864199	162.323105663	162.445051975	0.127751641357	0.137413579822	0.148270187795	0.160904890334	0.174725437885	0.190314743098	0.207082820614	0.2256110555	0.245311477168	0.266763266886	0.0781123305867	0.0877941957626	0.102219839884	0.111852267735	0.126239271543	0.135841779523	0.150204143303	0.15978600126	0.174130192055	0.1836945949	167.893864041	167.738531606	167.583199171	167.427866736	167.272534301	167.117201866	166.961869431	166.806536996	166.651204561	166.495872127	-2.24892819394	-2.06736270337	-1.88579721279	-1.70423172222	-1.52266623165	-1.34110074108	-1.15953525051	-0.977969759938	-0.796404269367	-0.614838778796	-0.707688486165	-0.707688486165	-0.707688486165	-0.707688486165	-0.707688486165	-0.707688486165	-0.707688486165	-0.707688486165	-0.707688486165	-0.707688486165	
6.71666666667	161.339927546	161.463368743	161.58671061	161.709883036	161.832928046	161.955761493	162.078439583	162.200864199	162.323105663	162.445051975	0.127751641357	0.137413579822	0.148270187795	0.160904890334	0.174725437885	0.190314743098	0.207082820614	0.2256110555	0.245311477168	0.266763266886	0.0781123305867	0.0877941957626	0.102219839884	0.111852267735	0.126239271543	0.135841779523	0.150204143303	0.15978600126	0.174130192055	0.1836945949	167.893864041	167.738531606	167.583199171	167.427866736	167.272534301	167.117201866	166.961869431	166.806536996	166.651204561	166.495872127	-2.24892819394	-2.06736270337	-1.88579721279	-1.70423172222	-1.52266623165	-1.34110074108	-1.15953525051	-0.977969759938	-0.796404269367	-0.614838778796	-0.707688486165	-0.707688486165	-0.707688486165	-0.707688486165	-0.707688486165	-0.707688486165	-0.707688486165	-0.707688486165	-0.707688486165	-0.707688486165	
6.73333333333	161.339927546	161.463368743	161.58671061	161.709883036	161.832928046	161.955761493	162.078439583	162.200864199	162.323105663	162.445051975	0.127751641357	0.137413579822	0.148270187795	0.160904890334	0.174725437885	0.190314743098	0.207082820614	0.2256110555	0.245311477168	0.266763266886	0.0781123305867	0.0877941957626	0.102219839884	0.111852267735	0.126239271543	0.135841779523	0.150204143303	0.15978600126	0.174130192055	0.1836945949	167.893864041	167.738531606	167.583199171	167.427866736	167.272534301	167.117201866	166.961869431	166.806536996	166.651204561	166.495872127	-2.24892819394	-2.06736270337	-1.88579721279	-1.70423172222	-1.52266623165	-1.34110074108	-1.15953525051	-0.977969759938	-0.796404269367	-0.614838778796	-0.707688486165	-0.707688486165	-0.707688486165	-0.707688486165	-0.707688486165	-0.707688486165	-0.707688486165	-0.707688486165	-0.707688486165	-0.707688486165	
6.75	161.339927546	161.463368743	161.58671061	161.709883036	161.832928046	161.955761493	162.078439583	162.200864199	162.323105663	162.445051975	0.127751641357	0.137413579822	0.148270187795	0.160904890334	0.174725437885	0.190314743098	0.207082820614	0.2256110555	0.245311477168	0.266763266886	0.0781123305867	0.0877941957626	0.102219839884	0.111852267735	0.126239271543	0.135841779523	0.150204143303	0.15978600126	0.174130192055	0.1836945949	167.893864041	167.738531606	167.583199171	167.427866736	167.272534301	167.117201866	166.961869431	166.806536996	166.651204561	166.495872127	-2.24892819394	-2.06736270337	-1.88579721279	-1.70423172222	-1.52266623165	-1.34110074108	-1.15953525051	-0.977969759938	-0.796404269367	-0.614838778796	-0.707688486165	-0.707688486165	-0.707688486165	-0.707688486165	-0.707688486165	-0.707688486165	-0.707688486165	-0.707688486165	-0.707688486165	-0.707688486165	
6.76666666667	161.339927546	161.463368743	161.58671061	161.709883036	161.832928046	161.955761493	162.078439583	162.200864199	162.323105663	162.445051975	0.127751641357	0.137413579822	0.148270187795	0.160904890334	0.174725437885	0.190314743098	0.207082820614	0.2256110555	0.245311477168	0.266763266886	0.0781123305867	0.0877941957626	0.102219839884	0.111852267735	0.126239271543	0.135841779523	0.150204143303	0.15978600126	0.174130192055	0.1836945949	167.893864041	167.738531606	167.583199171	167.427866736	167.272534301	167.117201866	166.961869431	166.806536996	166.651204561	166.495872127	-2.24892819394	-2.06736270337	-1.88579721279	-1.70423172222	-1.52266623165	-1.34110074108	-1.15953525051	-0.977969759938	-0.796404269367	-0.614838778796	-0.707688486165	-0.707688486165	-0.707688486165	-0.707688486165	-0.707688486165	-0.707688486165	-0.707688486165	-0.707688486165	-0.707688486165	-0.707688486165	
6.78333333333	161.339927546	161.463368743	161.58671061	161.709883036	161.832928046	161.955761493	162.078439583	162.200864199	162.323105663	162.445051975	0.127751641357	0.137413579822	0.148270187795	0.160904890334	0.174725437885	0.190314743098	0.207082820614	0.2256110555	0.245311477168	0.266763266886	0.0781123305867	0.0877941957626	0.102219839884	0.111852267735	0.126239271543	0.135841779523	0.150204143303	0.15978600126	0.174130192055	0.1836945949	167.893864041	167.738531606	167.583199171	167.427866736	167.272534301	167.117201866	166.961869431	166.806536996	166.651204561	166.495872127	-2.24892819394	-2.06736270337	-1.88579721279	-1.70423172222	-1.52266623165	-1.34110074108	-1.15953525051	-0.977969759938	-0.796404269367	-0.614838778796	-0.707688486165	-0.707688486165	-0.707688486165	-0.707688486165	-0.707688486165	-0.707688486165	-0.707688486165	-0.707688486165	-0.707688486165	-0.707688486165	
6.8	161.339927546	161.463368743	161.58671061	161.709883036	161.832928046	161.955761493	162.078439583	162.200864199	162.323105663	162.445051975	0.127751641357	0.137413579822	0.148270187795	0.160904890334	0.174725437885	0.190314743098	0.207082820614	0.2256110555	0.245311477168	0.266763266886	0.0781123305867	0.0877941957626	0.102219839884	0.111852267735	0.126239271543	0.135841779523	0.150204143303	0.15978600126	0.174130192055	0.1836945949	167.893864041	167.738531606	167.583199171	167.427866736	167.272534301	167.117201866	166.961869431	166.806536996	166.651204561	166.495872127	-2.24892819394	-2.06736270337	-1.88579721279	-1.70423172222	-1.52266623165	-1.34110074108	-1.15953525051	-0.977969759938	-0.796404269367	-0.614838778796	-0.707688486165	-0.707688486165	-0.707688486165	-0.707688486165	-0.707688486165	-0.707688486165	-0.707688486165	-0.707688486165	-0.707688486165	-0.707688486165	
6.81666666667	161.339927546	161.463368743	161.58671061	161.709883036	161.832928046	161.955761493	162.078439583	162.200864199	162.323105663	162.445051975	0.127751641357	0.137413579822	0.148270187795	0.160904890334	0.174725437885	0.190314743098	0.207082820614	0.2256110555	0.245311477168	0.266763266886	0.0781123305867	0.0877941957626	0.102219839884	0.111852267735	0.126239271543	0.135841779523	0.150204143303	0.15978600126	0.174130192055	0.1836945949	167.893864041	167.738531606	167.583199171	167.427866736	167.272534301	167.117201866	166.961869431	166.806536996	166.651204561	166.495872127	-2.24892819394	-2.06736270337	-1.88579721279	-1.70423172222	-1.52266623165	-1.34110074108	-1.15953525051	-0.977969759938	-0.796404269367	-0.614838778796	-0.707688486165	-0.707688486165	-0.707688486165	-0.707688486165	-0.707688486165	-0.707688486165	-0.707688486165	-0.707688486165	-0.707688486165	-0.707688486165	
6.83333333333	161.339927546	161.463368743	161.58671061	161.709883036	161.832928046	161.955761493	162.078439583	162.200864199	162.323105663	162.445051975	0.127751641357	0.137413579822	0.148270187795	0.160904890334	0.174725437885	0.190314743098	0.207082820614	0.2256110555	0.245311477168	0.266763266886	0.0781123305867	0.0877941957626	0.102219839884	0.111852267735	0.126239271543	0.135841779523	0.150204143303	0.15978600126	0.174130192055	0.1836945949	167.893864041	167.738531606	167.583199171	167.427866736	167.272534301	167.117201866	166.961869431	166.806536996	166.651204561	166.495872127	-2.24892819394	-2.06736270337	-1.88579721279	-1.70423172222	-1.52266623165	-1.34110074108	-1.15953525051	-0.977969759938	-0.796404269367	-0.614838778796	-0.707688486165	-0.707688486165	-0.707688486165	-0.707688486165	-0.707688486165	-0.707688486165	-0.707688486165	-0.707688486165	-0.707688486165	-0.707688486165	
6.85	161.339927546	161.463368743	161.58671061	161.709883036	161.832928046	161.955761493	162.078439583	162.200864199	162.323105663	162.445051975	0.127751641357	0.137413579822	0.148270187795	0.160904890334	0.174725437885	0.190314743098	0.207082820614	0.2256110555	0.245311477168	0.266763266886	0.0781123305867	0.0877941957626	0.102219839884	0.111852267735	0.126239271543	0.135841779523	0.150204143303	0.15978600126	0.174130192055	0.1836945949	167.893864041	167.738531606	167.583199171	167.427866736	167.272534301	167.117201866	166.961869431	166.806536996	166.651204561	166.495872127	-2.24892819394	-2.06736270337	-1.88579721279	-1.70423172222	-1.52266623165	-1.34110074108	-1.15953525051	-0.977969759938	-0.796404269367	-0.614838778796	-0.707688486165	-0.707688486165	-0.707688486165	-0.707688486165	-0.707688486165	-0.707688486165	-0.707688486165	-0.707688486165	-0.707688486165	-0.707688486165	
6.86666666667	161.339927546	161.463368743	161.58671061	161.709883036	161.832928046	161.955761493	162.078439583	162.200864199	162.323105663	162.445051975	0.127751641357	0.137413579822	0.148270187795	0.160904890334	0.174725437885	0.190314743098	0.207082820614	0.2256110555	0.245311477168	0.266763266886	0.0781123305867	0.0877941957626	0.102219839884	0.111852267735	0.126239271543	0.135841779523	0.150204143303	0.15978600126	0.174130192055	0.1836945949	167.893864041	167.738531606	167.583199171	167.427866736	167.272534301	167.117201866	166.961869431	166.806536996	166.651204561	166.495872127	-2.24892819394	-2.06736270337	-1.88579721279	-1.70423172222	-1.52266623165	-1.34110074108	-1.15953525051	-0.977969759938	-0.796404269367	-0.614838778796	-0.707688486165	-0.707688486165	-0.707688486165	-0.707688486165	-0.707688486165	-0.707688486165	-0.707688486165	-0.707688486165	-0.707688486165	-0.707688486165	
6.88333333333	161.339927546	161.463368743	161.58671061	161.709883036	161.832928046	161.955761493	162.078439583	162.200864199	162.323105663	162.445051975	0.127751641357	0.137413579822	0.148270187795	0.160904890334	0.174725437885	0.190314743098	0.207082820614	0.2256110555	0.245311477168	0.266763266886	0.0781123305867	0.0877941957626	0.102219839884	0.111852267735	0.126239271543	0.135841779523	0.150204143303	0.15978600126	0.174130192055	0.1836945949	167.893864041	167.738531606	167.583199171	167.427866736	167.272534301	167.117201866	166.961869431	166.806536996	166.651204561	166.495872127	-2.24892819394	-2.06736270337	-1.88579721279	-1.70423172222	-1.52266623165	-1.34110074108	-1.15953525051	-0.977969759938	-0.796404269367	-0.614838778796	-0.707688486165	-0.707688486165	-0.707688486165	-0.707688486165	-0.707688486165	-0.707688486165	-0.707688486165	-0.707688486165	-0.707688486165	-0.707688486165	
6.9	161.339927546	161.463368743	161.58671061	161.709883036	161.832928046	161.955761493	162.078439583	162.200864199	162.323105663	162.445051975	0.127751641357	0.137413579822	0.148270187795	0.160904890334	0.174725437885	0.190314743098	0.207082820614	0.2256110555	0.245311477168	0.266763266886	0.0781123305867	0.0877941957626	0.102219839884	0.111852267735	0.126239271543	0.135841779523	0.150204143303	0.15978600126	0.174130192055	0.1836945949	167.893864041	167.738531606	167.583199171	167.427866736	167.272534301	167.117201866	166.961869431	166.806536996	166.651204561	166.495872127	-2.24892819394	-2.06736270337	-1.88579721279	-1.70423172222	-1.52266623165	-1.34110074108	-1.15953525051	-0.977969759938	-0.796404269367	-0.614838778796	-0.707688486165	-0.707688486165	-0.707688486165	-0.707688486165	-0.707688486165	-0.707688486165	-0.707688486165	-0.707688486165	-0.707688486165	-0.707688486165	
6.91666666667	161.339927546	161.463368743	161.58671061	161.709883036	161.832928046	161.955761493	162.078439583	162.200864199	162.323105663	162.445051975	0.127751641357	0.137413579822	0.148270187795	0.160904890334	0.174725437885	0.190314743098	0.207082820614	0.2256110555	0.245311477168	0.266763266886	0.0781123305867	0.0877941957626	0.102219839884	0.111852267735	0.126239271543	0.135841779523	0.150204143303	0.15978600126	0.174130192055	0.1836945949	167.893864041	167.738531606	167.583199171	167.427866736	167.272534301	167.117201866	166.961869431	166.806536996	166.651204561	166.495872127	-2.24892819394	-2.06736270337	-1.88579721279	-1.70423172222	-1.52266623165	-1.34110074108	-1.15953525051	-0.977969759938	-0.796404269367	-0.614838778796	-0.707688486165	-0.707688486165	-0.707688486165	-0.707688486165	-0.707688486165	-0.707688486165	-0.707688486165	-0.707688486165	-0.707688486165	-0.707688486165	
6.93333333333	161.339927546	161.463368743	161.58671061	161.709883036	161.832928046	161.955761493	162.078439583	162.200864199	162.323105663	162.445051975	0.127751641357	0.137413579822	0.148270187795	0.160904890334	0.174725437885	0.190314743098	0.207082820614	0.2256110555	0.245311477168	0.266763266886	0.0781123305867	0.0877941957626	0.102219839884	0.111852267735	0.126239271543	0.135841779523	0.150204143303	0.15978600126	0.174130192055	0.1836945949	167.893864041	167.738531606	167.583199171	167.427866736	167.272534301	167.117201866	166.961869431	166.806536996	166.651204561	166.495872127	-2.24892819394	-2.06736270337	-1.88579721279	-1.70423172222	-1.52266623165	-1.34110074108	-1.15953525051	-0.977969759938	-0.796404269367	-0.614838778796	-0.707688486165	-0.707688486165	-0.707688486165	-0.707688486165	-0.707688486165	-0.707688486165	-0.707688486165	-0.707688486165	-0.707688486165	-0.707688486165	
6.95	161.339927546	161.463368743	161.58671061	161.709883036	161.832928046	161.955761493	162.078439583	162.200864199	162.323105663	162.445051975	0.127751641357	0.137413579822	0.148270187795	0.160904890334	0.174725437885	0.190314743098	0.207082820614	0.2256110555	0.245311477168	0.266763266886	0.0781123305867	0.0877941957626	0.102219839884	0.111852267735	0.126239271543	0.135841779523	0.150204143303	0.15978600126	0.174130192055	0.1836945949	167.893864041	167.738531606	167.583199171	167.427866736	167.272534301	167.117201866	166.961869431	166.806536996	166.651204561	166.495872127	-2.24892819394	-2.06736270337	-1.88579721279	-1.70423172222	-1.52266623165	-1.34110074108	-1.15953525051	-0.977969759938	-0.796404269367	-0.614838778796	-0.707688486165	-0.707688486165	-0.707688486165	-0.707688486165	-0.707688486165	-0.707688486165	-0.707688486165	-0.707688486165	-0.707688486165	-0.707688486165	
6.96666666667	161.339927546	161.463368743	161.58671061	161.709883036	161.832928046	161.955761493	162.078439583	162.200864199	162.323105663	162.445051975	0.127751641357	0.137413579822	0.148270187795	0.160904890334	0.174725437885	0.190314743098	0.207082820614	0.2256110555	0.245311477168	0.266763266886	0.0781123305867	0.0877941957626	0.102219839884	0.111852267735	0.126239271543	0.135841779523	0.150204143303	0.15978600126	0.174130192055	0.1836945949	167.893864041	167.738531606	167.583199171	167.427866736	167.272534301	167.117201866	166.961869431	166.806536996	166.651204561	166.495872127	-2.24892819394	-2.06736270337	-1.88579721279	-1.70423172222	-1.52266623165	-1.34110074108	-1.15953525051	-0.977969759938	-0.796404269367	-0.614838778796	-0.707688486165	-0.707688486165	-0.707688486165	-0.707688486165	-0.707688486165	-0.707688486165	-0.707688486165	-0.707688486165	-0.707688486165	-0.707688486165	
6.98333333333	161.339927546	161.463368743	161.58671061	161.709883036	161.832928046	161.955761493	162.078439583	162.200864199	162.323105663	162.445051975	0.127751641357	0.137413579822	0.148270187795	0.160904890334	0.174725437885	0.190314743098	0.207082820614	0.2256110555	0.245311477168	0.266763266886	0.0781123305867	0.0877941957626	0.102219839884	0.111852267735	0.126239271543	0.135841779523	0.150204143303	0.15978600126	0.174130192055	0.1836945949	167.893864041	167.738531606	167.583199171	167.427866736	167.272534301	167.117201866	166.961869431	166.806536996	166.651204561	166.495872127	-2.24892819394	-2.06736270337	-1.88579721279	-1.70423172222	-1.52266623165	-1.34110074108	-1.15953525051	-0.977969759938	-0.796404269367	-0.614838778796	-0.707688486165	-0.707688486165	-0.707688486165	-0.707688486165	-0.707688486165	-0.707688486165	-0.707688486165	-0.707688486165	-0.707688486165	-0.707688486165	
7.0	161.339927546	161.463368743	161.58671061	161.709883036	161.832928046	161.955761493	162.078439583	162.200864199	162.323105663	162.445051975	0.127751641357	0.137413579822	0.148270187795	0.160904890334	0.174725437885	0.190314743098	0.207082820614	0.2256110555	0.245311477168	0.266763266886	0.0781123305867	0.0877941957626	0.102219839884	0.111852267735	0.126239271543	0.135841779523	0.150204143303	0.15978600126	0.174130192055	0.1836945949	167.893864041	167.738531606	167.583199171	167.427866736	167.272534301	167.117201866	166.961869431	166.806536996	166.651204561	166.495872127	-2.24892819394	-2.06736270337	-1.88579721279	-1.70423172222	-1.52266623165	-1.34110074108	-1.15953525051	-0.977969759938	-0.796404269367	-0.614838778796	-0.707688486165	-0.707688486165	-0.707688486165	-0.707688486165	-0.707688486165	-0.707688486165	-0.707688486165	-0.707688486165	-0.707688486165	-0.707688486165	
7.01666666667	161.339927546	161.463368743	161.58671061	161.709883036	161.832928046	161.955761493	162.078439583	162.200864199	162.323105663	162.445051975	0.127751641357	0.137413579822	0.148270187795	0.160904890334	0.174725437885	0.190314743098	0.207082820614	0.2256110555	0.245311477168	0.266763266886	0.0781123305867	0.0877941957626	0.102219839884	0.111852267735	0.126239271543	0.135841779523	0.150204143303	0.15978600126	0.174130192055	0.1836945949	167.893864041	167.738531606	167.583199171	167.427866736	167.272534301	167.117201866	166.961869431	166.806536996	166.651204561	166.495872127	-2.24892819394	-2.06736270337	-1.88579721279	-1.70423172222	-1.52266623165	-1.34110074108	-1.15953525051	-0.977969759938	-0.796404269367	-0.614838778796	-0.707688486165	-0.707688486165	-0.707688486165	-0.707688486165	-0.707688486165	-0.707688486165	-0.707688486165	-0.707688486165	-0.707688486165	-0.707688486165	
7.03333333333	161.339927546	161.463368743	161.58671061	161.709883036	161.832928046	161.955761493	162.078439583	162.200864199	162.323105663	162.445051975	0.127751641357	0.137413579822	0.148270187795	0.160904890334	0.174725437885	0.190314743098	0.207082820614	0.2256110555	0.245311477168	0.266763266886	0.0781123305867	0.0877941957626	0.102219839884	0.111852267735	0.126239271543	0.135841779523	0.150204143303	0.15978600126	0.174130192055	0.1836945949	167.893864041	167.738531606	167.583199171	167.427866736	167.272534301	167.117201866	166.961869431	166.806536996	166.651204561	166.495872127	-2.24892819394	-2.06736270337	-1.88579721279	-1.70423172222	-1.52266623165	-1.34110074108	-1.15953525051	-0.977969759938	-0.796404269367	-0.614838778796	-0.707688486165	-0.707688486165	-0.707688486165	-0.707688486165	-0.707688486165	-0.707688486165	-0.707688486165	-0.707688486165	-0.707688486165	-0.707688486165	
7.05	161.339927546	161.463368743	161.58671061	161.709883036	161.832928046	161.955761493	162.078439583	162.200864199	162.323105663	162.445051975	0.127751641357	0.137413579822	0.148270187795	0.160904890334	0.174725437885	0.190314743098	0.207082820614	0.2256110555	0.245311477168	0.266763266886	0.0781123305867	0.0877941957626	0.102219839884	0.111852267735	0.126239271543	0.135841779523	0.150204143303	0.15978600126	0.174130192055	0.1836945949	167.893864041	167.738531606	167.583199171	167.427866736	167.272534301	167.117201866	166.961869431	166.806536996	166.651204561	166.495872127	-2.24892819394	-2.06736270337	-1.88579721279	-1.70423172222	-1.52266623165	-1.34110074108	-1.15953525051	-0.977969759938	-0.796404269367	-0.614838778796	-0.707688486165	-0.707688486165	-0.707688486165	-0.707688486165	-0.707688486165	-0.707688486165	-0.707688486165	-0.707688486165	-0.707688486165	-0.707688486165	
7.06666666667	161.339927546	161.463368743	161.58671061	161.709883036	161.832928046	161.955761493	162.078439583	162.200864199	162.323105663	162.445051975	0.127751641357	0.137413579822	0.148270187795	0.160904890334	0.174725437885	0.190314743098	0.207082820614	0.2256110555	0.245311477168	0.266763266886	0.0781123305867	0.0877941957626	0.102219839884	0.111852267735	0.126239271543	0.135841779523	0.150204143303	0.15978600126	0.174130192055	0.1836945949	167.893864041	167.738531606	167.583199171	167.427866736	167.272534301	167.117201866	166.961869431	166.806536996	166.651204561	166.495872127	-2.24892819394	-2.06736270337	-1.88579721279	-1.70423172222	-1.52266623165	-1.34110074108	-1.15953525051	-0.977969759938	-0.796404269367	-0.614838778796	-0.707688486165	-0.707688486165	-0.707688486165	-0.707688486165	-0.707688486165	-0.707688486165	-0.707688486165	-0.707688486165	-0.707688486165	-0.707688486165	
7.08333333333	161.339927546	161.463368743	161.58671061	161.709883036	161.832928046	161.955761493	162.078439583	162.200864199	162.323105663	162.445051975	0.127751641357	0.137413579822	0.148270187795	0.160904890334	0.174725437885	0.190314743098	0.207082820614	0.2256110555	0.245311477168	0.266763266886	0.0781123305867	0.0877941957626	0.102219839884	0.111852267735	0.126239271543	0.135841779523	0.150204143303	0.15978600126	0.174130192055	0.1836945949	167.893864041	167.738531606	167.583199171	167.427866736	167.272534301	167.117201866	166.961869431	166.806536996	166.651204561	166.495872127	-2.24892819394	-2.06736270337	-1.88579721279	-1.70423172222	-1.52266623165	-1.34110074108	-1.15953525051	-0.977969759938	-0.796404269367	-0.614838778796	-0.707688486165	-0.707688486165	-0.707688486165	-0.707688486165	-0.707688486165	-0.707688486165	-0.707688486165	-0.707688486165	-0.707688486165	-0.707688486165	
7.1	161.339927546	161.463368743	161.58671061	161.709883036	161.832928046	161.955761493	162.078439583	162.200864199	162.323105663	162.445051975	0.127751641357	0.137413579822	0.148270187795	0.160904890334	0.174725437885	0.190314743098	0.207082820614	0.2256110555	0.245311477168	0.266763266886	0.0781123305867	0.0877941957626	0.102219839884	0.111852267735	0.126239271543	0.135841779523	0.150204143303	0.15978600126	0.174130192055	0.1836945949	167.893864041	167.738531606	167.583199171	167.427866736	167.272534301	167.117201866	166.961869431	166.806536996	166.651204561	166.495872127	-2.24892819394	-2.06736270337	-1.88579721279	-1.70423172222	-1.52266623165	-1.34110074108	-1.15953525051	-0.977969759938	-0.796404269367	-0.614838778796	-0.707688486165	-0.707688486165	-0.707688486165	-0.707688486165	-0.707688486165	-0.707688486165	-0.707688486165	-0.707688486165	-0.707688486165	-0.707688486165	
7.11666666667	161.339927546	161.463368743	161.58671061	161.709883036	161.832928046	161.955761493	162.078439583	162.200864199	162.323105663	162.445051975	0.127751641357	0.137413579822	0.148270187795	0.160904890334	0.174725437885	0.190314743098	0.207082820614	0.2256110555	0.245311477168	0.266763266886	0.0781123305867	0.0877941957626	0.102219839884	0.111852267735	0.126239271543	0.135841779523	0.150204143303	0.15978600126	0.174130192055	0.1836945949	167.893864041	167.738531606	167.583199171	167.427866736	167.272534301	167.117201866	166.961869431	166.806536996	166.651204561	166.495872127	-2.24892819394	-2.06736270337	-1.88579721279	-1.70423172222	-1.52266623165	-1.34110074108	-1.15953525051	-0.977969759938	-0.796404269367	-0.614838778796	-0.707688486165	-0.707688486165	-0.707688486165	-0.707688486165	-0.707688486165	-0.707688486165	-0.707688486165	-0.707688486165	-0.707688486165	-0.707688486165	
7.13333333333	161.339927546	161.463368743	161.58671061	161.709883036	161.832928046	161.955761493	162.078439583	162.200864199	162.323105663	162.445051975	0.127751641357	0.137413579822	0.148270187795	0.160904890334	0.174725437885	0.190314743098	0.207082820614	0.2256110555	0.245311477168	0.266763266886	0.0781123305867	0.0877941957626	0.102219839884	0.111852267735	0.126239271543	0.135841779523	0.150204143303	0.15978600126	0.174130192055	0.1836945949	167.893864041	167.738531606	167.583199171	167.427866736	167.272534301	167.117201866	166.961869431	166.806536996	166.651204561	166.495872127	-2.24892819394	-2.06736270337	-1.88579721279	-1.70423172222	-1.52266623165	-1.34110074108	-1.15953525051	-0.977969759938	-0.796404269367	-0.614838778796	-0.707688486165	-0.707688486165	-0.707688486165	-0.707688486165	-0.707688486165	-0.707688486165	-0.707688486165	-0.707688486165	-0.707688486165	-0.707688486165	
7.15	161.339927546	161.463368743	161.58671061	161.709883036	161.832928046	161.955761493	162.078439583	162.200864199	162.323105663	162.445051975	0.127751641357	0.137413579822	0.148270187795	0.160904890334	0.174725437885	0.190314743098	0.207082820614	0.2256110555	0.245311477168	0.266763266886	0.0781123305867	0.0877941957626	0.102219839884	0.111852267735	0.126239271543	0.135841779523	0.150204143303	0.15978600126	0.174130192055	0.1836945949	167.893864041	167.738531606	167.583199171	167.427866736	167.272534301	167.117201866	166.961869431	166.806536996	166.651204561	166.495872127	-2.24892819394	-2.06736270337	-1.88579721279	-1.70423172222	-1.52266623165	-1.34110074108	-1.15953525051	-0.977969759938	-0.796404269367	-0.614838778796	-0.707688486165	-0.707688486165	-0.707688486165	-0.707688486165	-0.707688486165	-0.707688486165	-0.707688486165	-0.707688486165	-0.707688486165	-0.707688486165	
7.16666666667	161.339927546	161.463368743	161.58671061	161.709883036	161.832928046	161.955761493	162.078439583	162.200864199	162.323105663	162.445051975	0.127751641357	0.137413579822	0.148270187795	0.160904890334	0.174725437885	0.190314743098	0.207082820614	0.2256110555	0.245311477168	0.266763266886	0.0781123305867	0.0877941957626	0.102219839884	0.111852267735	0.126239271543	0.135841779523	0.150204143303	0.15978600126	0.174130192055	0.1836945949	167.893864041	167.738531606	167.583199171	167.427866736	167.272534301	167.117201866	166.961869431	166.806536996	166.651204561	166.495872127	-2.24892819394	-2.06736270337	-1.88579721279	-1.70423172222	-1.52266623165	-1.34110074108	-1.15953525051	-0.977969759938	-0.796404269367	-0.614838778796	-0.707688486165	-0.707688486165	-0.707688486165	-0.707688486165	-0.707688486165	-0.707688486165	-0.707688486165	-0.707688486165	-0.707688486165	-0.707688486165	
7.18333333333	161.339927546	161.463368743	161.58671061	161.709883036	161.832928046	161.955761493	162.078439583	162.200864199	162.323105663	162.445051975	0.127751641357	0.137413579822	0.148270187795	0.160904890334	0.174725437885	0.190314743098	0.207082820614	0.2256110555	0.245311477168	0.266763266886	0.0781123305867	0.0877941957626	0.102219839884	0.111852267735	0.126239271543	0.135841779523	0.150204143303	0.15978600126	0.174130192055	0.1836945949	167.893864041	167.738531606	167.583199171	167.427866736	167.272534301	167.117201866	166.961869431	166.806536996	166.651204561	166.495872127	-2.24892819394	-2.06736270337	-1.88579721279	-1.70423172222	-1.52266623165	-1.34110074108	-1.15953525051	-0.977969759938	-0.796404269367	-0.614838778796	-0.707688486165	-0.707688486165	-0.707688486165	-0.707688486165	-0.707688486165	-0.707688486165	-0.707688486165	-0.707688486165	-0.707688486165	-0.707688486165	
7.2	161.339927546	161.463368743	161.58671061	161.709883036	161.832928046	161.955761493	162.078439583	162.200864199	162.323105663	162.445051975	0.127751641357	0.137413579822	0.148270187795	0.160904890334	0.174725437885	0.190314743098	0.207082820614	0.2256110555	0.245311477168	0.266763266886	0.0781123305867	0.0877941957626	0.102219839884	0.111852267735	0.126239271543	0.135841779523	0.150204143303	0.15978600126	0.174130192055	0.1836945949	167.893864041	167.738531606	167.583199171	167.427866736	167.272534301	167.117201866	166.961869431	166.806536996	166.651204561	166.495872127	-2.24892819394	-2.06736270337	-1.88579721279	-1.70423172222	-1.52266623165	-1.34110074108	-1.15953525051	-0.977969759938	-0.796404269367	-0.614838778796	-0.707688486165	-0.707688486165	-0.707688486165	-0.707688486165	-0.707688486165	-0.707688486165	-0.707688486165	-0.707688486165	-0.707688486165	-0.707688486165	
7.21666666667	161.339927546	161.463368743	161.58671061	161.709883036	161.832928046	161.955761493	162.078439583	162.200864199	162.323105663	162.445051975	0.127751641357	0.137413579822	0.148270187795	0.160904890334	0.174725437885	0.190314743098	0.207082820614	0.2256110555	0.245311477168	0.266763266886	0.0781123305867	0.0877941957626	0.102219839884	0.111852267735	0.126239271543	0.135841779523	0.150204143303	0.15978600126	0.174130192055	0.1836945949	167.893864041	167.738531606	167.583199171	167.427866736	167.272534301	167.117201866	166.961869431	166.806536996	166.651204561	166.495872127	-2.24892819394	-2.06736270337	-1.88579721279	-1.70423172222	-1.52266623165	-1.34110074108	-1.15953525051	-0.977969759938	-0.796404269367	-0.614838778796	-0.707688486165	-0.707688486165	-0.707688486165	-0.707688486165	-0.707688486165	-0.707688486165	-0.707688486165	-0.707688486165	-0.707688486165	-0.707688486165	
7.23333333333	161.339927546	161.463368743	161.58671061	161.709883036	161.832928046	161.955761493	162.078439583	162.200864199	162.323105663	162.445051975	0.127751641357	0.137413579822	0.148270187795	0.160904890334	0.174725437885	0.190314743098	0.207082820614	0.2256110555	0.245311477168	0.266763266886	0.0781123305867	0.0877941957626	0.102219839884	0.111852267735	0.126239271543	0.135841779523	0.150204143303	0.15978600126	0.174130192055	0.1836945949	167.893864041	167.738531606	167.583199171	167.427866736	167.272534301	167.117201866	166.961869431	166.806536996	166.651204561	166.495872127	-2.24892819394	-2.06736270337	-1.88579721279	-1.70423172222	-1.52266623165	-1.34110074108	-1.15953525051	-0.977969759938	-0.796404269367	-0.614838778796	-0.707688486165	-0.707688486165	-0.707688486165	-0.707688486165	-0.707688486165	-0.707688486165	-0.707688486165	-0.707688486165	-0.707688486165	-0.707688486165	
7.25	161.339927546	161.463368743	161.58671061	161.709883036	161.832928046	161.955761493	162.078439583	162.200864199	162.323105663	162.445051975	0.127751641357	0.137413579822	0.148270187795	0.160904890334	0.174725437885	0.190314743098	0.207082820614	0.2256110555	0.245311477168	0.266763266886	0.0781123305867	0.0877941957626	0.102219839884	0.111852267735	0.126239271543	0.135841779523	0.150204143303	0.15978600126	0.174130192055	0.1836945949	167.893864041	167.738531606	167.583199171	167.427866736	167.272534301	167.117201866	166.961869431	166.806536996	166.651204561	166.495872127	-2.24892819394	-2.06736270337	-1.88579721279	-1.70423172222	-1.52266623165	-1.34110074108	-1.15953525051	-0.977969759938	-0.796404269367	-0.614838778796	-0.707688486165	-0.707688486165	-0.707688486165	-0.707688486165	-0.707688486165	-0.707688486165	-0.707688486165	-0.707688486165	-0.707688486165	-0.707688486165	
7.26666666667	161.339927546	161.463368743	161.58671061	161.709883036	161.832928046	161.955761493	162.078439583	162.200864199	162.323105663	162.445051975	0.127751641357	0.137413579822	0.148270187795	0.160904890334	0.174725437885	0.190314743098	0.207082820614	0.2256110555	0.245311477168	0.266763266886	0.0781123305867	0.0877941957626	0.102219839884	0.111852267735	0.126239271543	0.135841779523	0.150204143303	0.15978600126	0.174130192055	0.1836945949	167.893864041	167.738531606	167.583199171	167.427866736	167.272534301	167.117201866	166.961869431	166.806536996	166.651204561	166.495872127	-2.24892819394	-2.06736270337	-1.88579721279	-1.70423172222	-1.52266623165	-1.34110074108	-1.15953525051	-0.977969759938	-0.796404269367	-0.614838778796	-0.707688486165	-0.707688486165	-0.707688486165	-0.707688486165	-0.707688486165	-0.707688486165	-0.707688486165	-0.707688486165	-0.707688486165	-0.707688486165	
7.28333333333	161.339927546	161.463368743	161.58671061	161.709883036	161.832928046	161.955761493	162.078439583	162.200864199	162.323105663	162.445051975	0.127751641357	0.137413579822	0.148270187795	0.160904890334	0.174725437885	0.190314743098	0.207082820614	0.2256110555	0.245311477168	0.266763266886	0.0781123305867	0.0877941957626	0.102219839884	0.111852267735	0.126239271543	0.135841779523	0.150204143303	0.15978600126	0.174130192055	0.1836945949	167.893864041	167.738531606	167.583199171	167.427866736	167.272534301	167.117201866	166.961869431	166.806536996	166.651204561	166.495872127	-2.24892819394	-2.06736270337	-1.88579721279	-1.70423172222	-1.52266623165	-1.34110074108	-1.15953525051	-0.977969759938	-0.796404269367	-0.614838778796	-0.707688486165	-0.707688486165	-0.707688486165	-0.707688486165	-0.707688486165	-0.707688486165	-0.707688486165	-0.707688486165	-0.707688486165	-0.707688486165	
7.3	161.339927546	161.463368743	161.58671061	161.709883036	161.832928046	161.955761493	162.078439583	162.200864199	162.323105663	162.445051975	0.127751641357	0.137413579822	0.148270187795	0.160904890334	0.174725437885	0.190314743098	0.207082820614	0.2256110555	0.245311477168	0.266763266886	0.0781123305867	0.0877941957626	0.102219839884	0.111852267735	0.126239271543	0.135841779523	0.150204143303	0.15978600126	0.174130192055	0.1836945949	167.893864041	167.738531606	167.583199171	167.427866736	167.272534301	167.117201866	166.961869431	166.806536996	166.651204561	166.495872127	-2.24892819394	-2.06736270337	-1.88579721279	-1.70423172222	-1.52266623165	-1.34110074108	-1.15953525051	-0.977969759938	-0.796404269367	-0.614838778796	-0.707688486165	-0.707688486165	-0.707688486165	-0.707688486165	-0.707688486165	-0.707688486165	-0.707688486165	-0.707688486165	-0.707688486165	-0.707688486165	
7.31666666667	161.339927546	161.463368743	161.58671061	161.709883036	161.832928046	161.955761493	162.078439583	162.200864199	162.323105663	162.445051975	0.127751641357	0.137413579822	0.148270187795	0.160904890334	0.174725437885	0.190314743098	0.207082820614	0.2256110555	0.245311477168	0.266763266886	0.0781123305867	0.0877941957626	0.102219839884	0.111852267735	0.126239271543	0.135841779523	0.150204143303	0.15978600126	0.174130192055	0.1836945949	167.893864041	167.738531606	167.583199171	167.427866736	167.272534301	167.117201866	166.961869431	166.806536996	166.651204561	166.495872127	-2.24892819394	-2.06736270337	-1.88579721279	-1.70423172222	-1.52266623165	-1.34110074108	-1.15953525051	-0.977969759938	-0.796404269367	-0.614838778796	-0.707688486165	-0.707688486165	-0.707688486165	-0.707688486165	-0.707688486165	-0.707688486165	-0.707688486165	-0.707688486165	-0.707688486165	-0.707688486165	
7.33333333333	161.339927546	161.463368743	161.58671061	161.709883036	161.832928046	161.955761493	162.078439583	162.200864199	162.323105663	162.445051975	0.127751641357	0.137413579822	0.148270187795	0.160904890334	0.174725437885	0.190314743098	0.207082820614	0.2256110555	0.245311477168	0.266763266886	0.0781123305867	0.0877941957626	0.102219839884	0.111852267735	0.126239271543	0.135841779523	0.150204143303	0.15978600126	0.174130192055	0.1836945949	167.893864041	167.738531606	167.583199171	167.427866736	167.272534301	167.117201866	166.961869431	166.806536996	166.651204561	166.495872127	-2.24892819394	-2.06736270337	-1.88579721279	-1.70423172222	-1.52266623165	-1.34110074108	-1.15953525051	-0.977969759938	-0.796404269367	-0.614838778796	-0.707688486165	-0.707688486165	-0.707688486165	-0.707688486165	-0.707688486165	-0.707688486165	-0.707688486165	-0.707688486165	-0.707688486165	-0.707688486165	
7.35	161.339927546	161.463368743	161.58671061	161.709883036	161.832928046	161.955761493	162.078439583	162.200864199	162.323105663	162.445051975	0.127751641357	0.137413579822	0.148270187795	0.160904890334	0.174725437885	0.190314743098	0.207082820614	0.2256110555	0.245311477168	0.266763266886	0.0781123305867	0.0877941957626	0.102219839884	0.111852267735	0.126239271543	0.135841779523	0.150204143303	0.15978600126	0.174130192055	0.1836945949	167.893864041	167.738531606	167.583199171	167.427866736	167.272534301	167.117201866	166.961869431	166.806536996	166.651204561	166.495872127	-2.24892819394	-2.06736270337	-1.88579721279	-1.70423172222	-1.52266623165	-1.34110074108	-1.15953525051	-0.977969759938	-0.796404269367	-0.614838778796	-0.707688486165	-0.707688486165	-0.707688486165	-0.707688486165	-0.707688486165	-0.707688486165	-0.707688486165	-0.707688486165	-0.707688486165	-0.707688486165	
7.36666666667	161.339927546	161.463368743	161.58671061	161.709883036	161.832928046	161.955761493	162.078439583	162.200864199	162.323105663	162.445051975	0.127751641357	0.137413579822	0.148270187795	0.160904890334	0.174725437885	0.190314743098	0.207082820614	0.2256110555	0.245311477168	0.266763266886	0.0781123305867	0.0877941957626	0.102219839884	0.111852267735	0.126239271543	0.135841779523	0.150204143303	0.15978600126	0.174130192055	0.1836945949	167.893864041	167.738531606	167.583199171	167.427866736	167.272534301	167.117201866	166.961869431	166.806536996	166.651204561	166.495872127	-2.24892819394	-2.06736270337	-1.88579721279	-1.70423172222	-1.52266623165	-1.34110074108	-1.15953525051	-0.977969759938	-0.796404269367	-0.614838778796	-0.707688486165	-0.707688486165	-0.707688486165	-0.707688486165	-0.707688486165	-0.707688486165	-0.707688486165	-0.707688486165	-0.707688486165	-0.707688486165	
7.38333333333	161.339927546	161.463368743	161.58671061	161.709883036	161.832928046	161.955761493	162.078439583	162.200864199	162.323105663	162.445051975	0.127751641357	0.137413579822	0.148270187795	0.160904890334	0.174725437885	0.190314743098	0.207082820614	0.2256110555	0.245311477168	0.266763266886	0.0781123305867	0.0877941957626	0.102219839884	0.111852267735	0.126239271543	0.135841779523	0.150204143303	0.15978600126	0.174130192055	0.1836945949	167.893864041	167.738531606	167.583199171	167.427866736	167.272534301	167.117201866	166.961869431	166.806536996	166.651204561	166.495872127	-2.24892819394	-2.06736270337	-1.88579721279	-1.70423172222	-1.52266623165	-1.34110074108	-1.15953525051	-0.977969759938	-0.796404269367	-0.614838778796	-0.707688486165	-0.707688486165	-0.707688486165	-0.707688486165	-0.707688486165	-0.707688486165	-0.707688486165	-0.707688486165	-0.707688486165	-0.707688486165	
7.4	161.339927546	161.463368743	161.58671061	161.709883036	161.832928046	161.955761493	162.078439583	162.200864199	162.323105663	162.445051975	0.127751641357	0.137413579822	0.148270187795	0.160904890334	0.174725437885	0.190314743098	0.207082820614	0.2256110555	0.245311477168	0.266763266886	0.0781123305867	0.0877941957626	0.102219839884	0.111852267735	0.126239271543	0.135841779523	0.150204143303	0.15978600126	0.174130192055	0.1836945949	167.893864041	167.738531606	167.583199171	167.427866736	167.272534301	167.117201866	166.961869431	166.806536996	166.651204561	166.495872127	-2.24892819394	-2.06736270337	-1.88579721279	-1.70423172222	-1.52266623165	-1.34110074108	-1.15953525051	-0.977969759938	-0.796404269367	-0.614838778796	-0.707688486165	-0.707688486165	-0.707688486165	-0.707688486165	-0.707688486165	-0.707688486165	-0.707688486165	-0.707688486165	-0.707688486165	-0.707688486165	
7.41666666667	161.339927546	161.463368743	161.58671061	161.709883036	161.832928046	161.955761493	162.078439583	162.200864199	162.323105663	162.445051975	0.127751641357	0.137413579822	0.148270187795	0.160904890334	0.174725437885	0.190314743098	0.207082820614	0.2256110555	0.245311477168	0.266763266886	0.0781123305867	0.0877941957626	0.102219839884	0.111852267735	0.126239271543	0.135841779523	0.150204143303	0.15978600126	0.174130192055	0.1836945949	167.893864041	167.738531606	167.583199171	167.427866736	167.272534301	167.117201866	166.961869431	166.806536996	166.651204561	166.495872127	-2.24892819394	-2.06736270337	-1.88579721279	-1.70423172222	-1.52266623165	-1.34110074108	-1.15953525051	-0.977969759938	-0.796404269367	-0.614838778796	-0.707688486165	-0.707688486165	-0.707688486165	-0.707688486165	-0.707688486165	-0.707688486165	-0.707688486165	-0.707688486165	-0.707688486165	-0.707688486165	
7.43333333333	161.339927546	161.463368743	161.58671061	161.709883036	161.832928046	161.955761493	162.078439583	162.200864199	162.323105663	162.445051975	0.127751641357	0.137413579822	0.148270187795	0.160904890334	0.174725437885	0.190314743098	0.207082820614	0.2256110555	0.245311477168	0.266763266886	0.0781123305867	0.0877941957626	0.102219839884	0.111852267735	0.126239271543	0.135841779523	0.150204143303	0.15978600126	0.174130192055	0.1836945949	167.893864041	167.738531606	167.583199171	167.427866736	167.272534301	167.117201866	166.961869431	166.806536996	166.651204561	166.495872127	-2.24892819394	-2.06736270337	-1.88579721279	-1.70423172222	-1.52266623165	-1.34110074108	-1.15953525051	-0.977969759938	-0.796404269367	-0.614838778796	-0.707688486165	-0.707688486165	-0.707688486165	-0.707688486165	-0.707688486165	-0.707688486165	-0.707688486165	-0.707688486165	-0.707688486165	-0.707688486165	
7.45	161.339927546	161.463368743	161.58671061	161.709883036	161.832928046	161.955761493	162.078439583	162.200864199	162.323105663	162.445051975	0.127751641357	0.137413579822	0.148270187795	0.160904890334	0.174725437885	0.190314743098	0.207082820614	0.2256110555	0.245311477168	0.266763266886	0.0781123305867	0.0877941957626	0.102219839884	0.111852267735	0.126239271543	0.135841779523	0.150204143303	0.15978600126	0.174130192055	0.1836945949	167.893864041	167.738531606	167.583199171	167.427866736	167.272534301	167.117201866	166.961869431	166.806536996	166.651204561	166.495872127	-2.24892819394	-2.06736270337	-1.88579721279	-1.70423172222	-1.52266623165	-1.34110074108	-1.15953525051	-0.977969759938	-0.796404269367	-0.614838778796	-0.707688486165	-0.707688486165	-0.707688486165	-0.707688486165	-0.707688486165	-0.707688486165	-0.707688486165	-0.707688486165	-0.707688486165	-0.707688486165	
7.46666666667	161.339927546	161.463368743	161.58671061	161.709883036	161.832928046	161.955761493	162.078439583	162.200864199	162.323105663	162.445051975	0.127751641357	0.137413579822	0.148270187795	0.160904890334	0.174725437885	0.190314743098	0.207082820614	0.2256110555	0.245311477168	0.266763266886	0.0781123305867	0.0877941957626	0.102219839884	0.111852267735	0.126239271543	0.135841779523	0.150204143303	0.15978600126	0.174130192055	0.1836945949	167.893864041	167.738531606	167.583199171	167.427866736	167.272534301	167.117201866	166.961869431	166.806536996	166.651204561	166.495872127	-2.24892819394	-2.06736270337	-1.88579721279	-1.70423172222	-1.52266623165	-1.34110074108	-1.15953525051	-0.977969759938	-0.796404269367	-0.614838778796	-0.707688486165	-0.707688486165	-0.707688486165	-0.707688486165	-0.707688486165	-0.707688486165	-0.707688486165	-0.707688486165	-0.707688486165	-0.707688486165	
7.48333333333	161.339927546	161.463368743	161.58671061	161.709883036	161.832928046	161.955761493	162.078439583	162.200864199	162.323105663	162.445051975	0.127751641357	0.137413579822	0.148270187795	0.160904890334	0.174725437885	0.190314743098	0.207082820614	0.2256110555	0.245311477168	0.266763266886	0.0781123305867	0.0877941957626	0.102219839884	0.111852267735	0.126239271543	0.135841779523	0.150204143303	0.15978600126	0.174130192055	0.1836945949	167.893864041	167.738531606	167.583199171	167.427866736	167.272534301	167.117201866	166.961869431	166.806536996	166.651204561	166.495872127	-2.24892819394	-2.06736270337	-1.88579721279	-1.70423172222	-1.52266623165	-1.34110074108	-1.15953525051	-0.977969759938	-0.796404269367	-0.614838778796	-0.707688486165	-0.707688486165	-0.707688486165	-0.707688486165	-0.707688486165	-0.707688486165	-0.707688486165	-0.707688486165	-0.707688486165	-0.707688486165	
7.5	161.339927546	161.463368743	161.58671061	161.709883036	161.832928046	161.955761493	162.078439583	162.200864199	162.323105663	162.445051975	0.127751641357	0.137413579822	0.148270187795	0.160904890334	0.174725437885	0.190314743098	0.207082820614	0.2256110555	0.245311477168	0.266763266886	0.0781123305867	0.0877941957626	0.102219839884	0.111852267735	0.126239271543	0.135841779523	0.150204143303	0.15978600126	0.174130192055	0.1836945949	167.893864041	167.738531606	167.583199171	167.427866736	167.272534301	167.117201866	166.961869431	166.806536996	166.651204561	166.495872127	-2.24892819394	-2.06736270337	-1.88579721279	-1.70423172222	-1.52266623165	-1.34110074108	-1.15953525051	-0.977969759938	-0.796404269367	-0.614838778796	-0.707688486165	-0.707688486165	-0.707688486165	-0.707688486165	-0.707688486165	-0.707688486165	-0.707688486165	-0.707688486165	-0.707688486165	-0.707688486165	
7.51666666667	161.339927546	161.463368743	161.58671061	161.709883036	161.832928046	161.955761493	162.078439583	162.200864199	162.323105663	162.445051975	0.127751641357	0.137413579822	0.148270187795	0.160904890334	0.174725437885	0.190314743098	0.207082820614	0.2256110555	0.245311477168	0.266763266886	0.0781123305867	0.0877941957626	0.102219839884	0.111852267735	0.126239271543	0.135841779523	0.150204143303	0.15978600126	0.174130192055	0.1836945949	167.893864041	167.738531606	167.583199171	167.427866736	167.272534301	167.117201866	166.961869431	166.806536996	166.651204561	166.495872127	-2.24892819394	-2.06736270337	-1.88579721279	-1.70423172222	-1.52266623165	-1.34110074108	-1.15953525051	-0.977969759938	-0.796404269367	-0.614838778796	-0.707688486165	-0.707688486165	-0.707688486165	-0.707688486165	-0.707688486165	-0.707688486165	-0.707688486165	-0.707688486165	-0.707688486165	-0.707688486165	
7.53333333333	161.339927546	161.463368743	161.58671061	161.709883036	161.832928046	161.955761493	162.078439583	162.200864199	162.323105663	162.445051975	0.127751641357	0.137413579822	0.148270187795	0.160904890334	0.174725437885	0.190314743098	0.207082820614	0.2256110555	0.245311477168	0.266763266886	0.0781123305867	0.0877941957626	0.102219839884	0.111852267735	0.126239271543	0.135841779523	0.150204143303	0.15978600126	0.174130192055	0.1836945949	167.893864041	167.738531606	167.583199171	167.427866736	167.272534301	167.117201866	166.961869431	166.806536996	166.651204561	166.495872127	-2.24892819394	-2.06736270337	-1.88579721279	-1.70423172222	-1.52266623165	-1.34110074108	-1.15953525051	-0.977969759938	-0.796404269367	-0.614838778796	-0.707688486165	-0.707688486165	-0.707688486165	-0.707688486165	-0.707688486165	-0.707688486165	-0.707688486165	-0.707688486165	-0.707688486165	-0.707688486165	
7.55	161.339927546	161.463368743	161.58671061	161.709883036	161.832928046	161.955761493	162.078439583	162.200864199	162.323105663	162.445051975	0.127751641357	0.137413579822	0.148270187795	0.160904890334	0.174725437885	0.190314743098	0.207082820614	0.2256110555	0.245311477168	0.266763266886	0.0781123305867	0.0877941957626	0.102219839884	0.111852267735	0.126239271543	0.135841779523	0.150204143303	0.15978600126	0.174130192055	0.1836945949	167.893864041	167.738531606	167.583199171	167.427866736	167.272534301	167.117201866	166.961869431	166.806536996	166.651204561	166.495872127	-2.24892819394	-2.06736270337	-1.88579721279	-1.70423172222	-1.52266623165	-1.34110074108	-1.15953525051	-0.977969759938	-0.796404269367	-0.614838778796	-0.707688486165	-0.707688486165	-0.707688486165	-0.707688486165	-0.707688486165	-0.707688486165	-0.707688486165	-0.707688486165	-0.707688486165	-0.707688486165	
7.56666666667	161.339927546	161.463368743	161.58671061	161.709883036	161.832928046	161.955761493	162.078439583	162.200864199	162.323105663	162.445051975	0.127751641357	0.137413579822	0.148270187795	0.160904890334	0.174725437885	0.190314743098	0.207082820614	0.2256110555	0.245311477168	0.266763266886	0.0781123305867	0.0877941957626	0.102219839884	0.111852267735	0.126239271543	0.135841779523	0.150204143303	0.15978600126	0.174130192055	0.1836945949	167.893864041	167.738531606	167.583199171	167.427866736	167.272534301	167.117201866	166.961869431	166.806536996	166.651204561	166.495872127	-2.24892819394	-2.06736270337	-1.88579721279	-1.70423172222	-1.52266623165	-1.34110074108	-1.15953525051	-0.977969759938	-0.796404269367	-0.614838778796	-0.707688486165	-0.707688486165	-0.707688486165	-0.707688486165	-0.707688486165	-0.707688486165	-0.707688486165	-0.707688486165	-0.707688486165	-0.707688486165	
7.58333333333	161.339927546	161.463368743	161.58671061	161.709883036	161.832928046	161.955761493	162.078439583	162.200864199	162.323105663	162.445051975	0.127751641357	0.137413579822	0.148270187795	0.160904890334	0.174725437885	0.190314743098	0.207082820614	0.2256110555	0.245311477168	0.266763266886	0.0781123305867	0.0877941957626	0.102219839884	0.111852267735	0.126239271543	0.135841779523	0.150204143303	0.15978600126	0.174130192055	0.1836945949	167.893864041	167.738531606	167.583199171	167.427866736	167.272534301	167.117201866	166.961869431	166.806536996	166.651204561	166.495872127	-2.24892819394	-2.06736270337	-1.88579721279	-1.70423172222	-1.52266623165	-1.34110074108	-1.15953525051	-0.977969759938	-0.796404269367	-0.614838778796	-0.707688486165	-0.707688486165	-0.707688486165	-0.707688486165	-0.707688486165	-0.707688486165	-0.707688486165	-0.707688486165	-0.707688486165	-0.707688486165	
7.6	161.339927546	161.463368743	161.58671061	161.709883036	161.832928046	161.955761493	162.078439583	162.200864199	162.323105663	162.445051975	0.127751641357	0.137413579822	0.148270187795	0.160904890334	0.174725437885	0.190314743098	0.207082820614	0.2256110555	0.245311477168	0.266763266886	0.0781123305867	0.0877941957626	0.102219839884	0.111852267735	0.126239271543	0.135841779523	0.150204143303	0.15978600126	0.174130192055	0.1836945949	167.893864041	167.738531606	167.583199171	167.427866736	167.272534301	167.117201866	166.961869431	166.806536996	166.651204561	166.495872127	-2.24892819394	-2.06736270337	-1.88579721279	-1.70423172222	-1.52266623165	-1.34110074108	-1.15953525051	-0.977969759938	-0.796404269367	-0.614838778796	-0.707688486165	-0.707688486165	-0.707688486165	-0.707688486165	-0.707688486165	-0.707688486165	-0.707688486165	-0.707688486165	-0.707688486165	-0.707688486165	
7.61666666667	161.339927546	161.463368743	161.58671061	161.709883036	161.832928046	161.955761493	162.078439583	162.200864199	162.323105663	162.445051975	0.127751641357	0.137413579822	0.148270187795	0.160904890334	0.174725437885	0.190314743098	0.207082820614	0.2256110555	0.245311477168	0.266763266886	0.0781123305867	0.0877941957626	0.102219839884	0.111852267735	0.126239271543	0.135841779523	0.150204143303	0.15978600126	0.174130192055	0.1836945949	167.893864041	167.738531606	167.583199171	167.427866736	167.272534301	167.117201866	166.961869431	166.806536996	166.651204561	166.495872127	-2.24892819394	-2.06736270337	-1.88579721279	-1.70423172222	-1.52266623165	-1.34110074108	-1.15953525051	-0.977969759938	-0.796404269367	-0.614838778796	-0.707688486165	-0.707688486165	-0.707688486165	-0.707688486165	-0.707688486165	-0.707688486165	-0.707688486165	-0.707688486165	-0.707688486165	-0.707688486165	
7.63333333333	161.339927546	161.463368743	161.58671061	161.709883036	161.832928046	161.955761493	162.078439583	162.200864199	162.323105663	162.445051975	0.127751641357	0.137413579822	0.148270187795	0.160904890334	0.174725437885	0.190314743098	0.207082820614	0.2256110555	0.245311477168	0.266763266886	0.0781123305867	0.0877941957626	0.102219839884	0.111852267735	0.126239271543	0.135841779523	0.150204143303	0.15978600126	0.174130192055	0.1836945949	167.893864041	167.738531606	167.583199171	167.427866736	167.272534301	167.117201866	166.961869431	166.806536996	166.651204561	166.495872127	-2.24892819394	-2.06736270337	-1.88579721279	-1.70423172222	-1.52266623165	-1.34110074108	-1.15953525051	-0.977969759938	-0.796404269367	-0.614838778796	-0.707688486165	-0.707688486165	-0.707688486165	-0.707688486165	-0.707688486165	-0.707688486165	-0.707688486165	-0.707688486165	-0.707688486165	-0.707688486165	
7.65	161.339927546	161.463368743	161.58671061	161.709883036	161.832928046	161.955761493	162.078439583	162.200864199	162.323105663	162.445051975	0.127751641357	0.137413579822	0.148270187795	0.160904890334	0.174725437885	0.190314743098	0.207082820614	0.2256110555	0.245311477168	0.266763266886	0.0781123305867	0.0877941957626	0.102219839884	0.111852267735	0.126239271543	0.135841779523	0.150204143303	0.15978600126	0.174130192055	0.1836945949	167.893864041	167.738531606	167.583199171	167.427866736	167.272534301	167.117201866	166.961869431	166.806536996	166.651204561	166.495872127	-2.24892819394	-2.06736270337	-1.88579721279	-1.70423172222	-1.52266623165	-1.34110074108	-1.15953525051	-0.977969759938	-0.796404269367	-0.614838778796	-0.707688486165	-0.707688486165	-0.707688486165	-0.707688486165	-0.707688486165	-0.707688486165	-0.707688486165	-0.707688486165	-0.707688486165	-0.707688486165	
7.66666666667	161.339927546	161.463368743	161.58671061	161.709883036	161.832928046	161.955761493	162.078439583	162.200864199	162.323105663	162.445051975	0.127751641357	0.137413579822	0.148270187795	0.160904890334	0.174725437885	0.190314743098	0.207082820614	0.2256110555	0.245311477168	0.266763266886	0.0781123305867	0.0877941957626	0.102219839884	0.111852267735	0.126239271543	0.135841779523	0.150204143303	0.15978600126	0.174130192055	0.1836945949	167.893864041	167.738531606	167.583199171	167.427866736	167.272534301	167.117201866	166.961869431	166.806536996	166.651204561	166.495872127	-2.24892819394	-2.06736270337	-1.88579721279	-1.70423172222	-1.52266623165	-1.34110074108	-1.15953525051	-0.977969759938	-0.796404269367	-0.614838778796	-0.707688486165	-0.707688486165	-0.707688486165	-0.707688486165	-0.707688486165	-0.707688486165	-0.707688486165	-0.707688486165	-0.707688486165	-0.707688486165	
7.68333333333	161.339927546	161.463368743	161.58671061	161.709883036	161.832928046	161.955761493	162.078439583	162.200864199	162.323105663	162.445051975	0.127751641357	0.137413579822	0.148270187795	0.160904890334	0.174725437885	0.190314743098	0.207082820614	0.2256110555	0.245311477168	0.266763266886	0.0781123305867	0.0877941957626	0.102219839884	0.111852267735	0.126239271543	0.135841779523	0.150204143303	0.15978600126	0.174130192055	0.1836945949	167.893864041	167.738531606	167.583199171	167.427866736	167.272534301	167.117201866	166.961869431	166.806536996	166.651204561	166.495872127	-2.24892819394	-2.06736270337	-1.88579721279	-1.70423172222	-1.52266623165	-1.34110074108	-1.15953525051	-0.977969759938	-0.796404269367	-0.614838778796	-0.707688486165	-0.707688486165	-0.707688486165	-0.707688486165	-0.707688486165	-0.707688486165	-0.707688486165	-0.707688486165	-0.707688486165	-0.707688486165	
7.7	161.339927546	161.463368743	161.58671061	161.709883036	161.832928046	161.955761493	162.078439583	162.200864199	162.323105663	162.445051975	0.127751641357	0.137413579822	0.148270187795	0.160904890334	0.174725437885	0.190314743098	0.207082820614	0.2256110555	0.245311477168	0.266763266886	0.0781123305867	0.0877941957626	0.102219839884	0.111852267735	0.126239271543	0.135841779523	0.150204143303	0.15978600126	0.174130192055	0.1836945949	167.893864041	167.738531606	167.583199171	167.427866736	167.272534301	167.117201866	166.961869431	166.806536996	166.651204561	166.495872127	-2.24892819394	-2.06736270337	-1.88579721279	-1.70423172222	-1.52266623165	-1.34110074108	-1.15953525051	-0.977969759938	-0.796404269367	-0.614838778796	-0.707688486165	-0.707688486165	-0.707688486165	-0.707688486165	-0.707688486165	-0.707688486165	-0.707688486165	-0.707688486165	-0.707688486165	-0.707688486165	
7.71666666667	161.339927546	161.463368743	161.58671061	161.709883036	161.832928046	161.955761493	162.078439583	162.200864199	162.323105663	162.445051975	0.127751641357	0.137413579822	0.148270187795	0.160904890334	0.174725437885	0.190314743098	0.207082820614	0.2256110555	0.245311477168	0.266763266886	0.0781123305867	0.0877941957626	0.102219839884	0.111852267735	0.126239271543	0.135841779523	0.150204143303	0.15978600126	0.174130192055	0.1836945949	167.893864041	167.738531606	167.583199171	167.427866736	167.272534301	167.117201866	166.961869431	166.806536996	166.651204561	166.495872127	-2.24892819394	-2.06736270337	-1.88579721279	-1.70423172222	-1.52266623165	-1.34110074108	-1.15953525051	-0.977969759938	-0.796404269367	-0.614838778796	-0.707688486165	-0.707688486165	-0.707688486165	-0.707688486165	-0.707688486165	-0.707688486165	-0.707688486165	-0.707688486165	-0.707688486165	-0.707688486165	
7.73333333333	161.339927546	161.463368743	161.58671061	161.709883036	161.832928046	161.955761493	162.078439583	162.200864199	162.323105663	162.445051975	0.127751641357	0.137413579822	0.148270187795	0.160904890334	0.174725437885	0.190314743098	0.207082820614	0.2256110555	0.245311477168	0.266763266886	0.0781123305867	0.0877941957626	0.102219839884	0.111852267735	0.126239271543	0.135841779523	0.150204143303	0.15978600126	0.174130192055	0.1836945949	167.893864041	167.738531606	167.583199171	167.427866736	167.272534301	167.117201866	166.961869431	166.806536996	166.651204561	166.495872127	-2.24892819394	-2.06736270337	-1.88579721279	-1.70423172222	-1.52266623165	-1.34110074108	-1.15953525051	-0.977969759938	-0.796404269367	-0.614838778796	-0.707688486165	-0.707688486165	-0.707688486165	-0.707688486165	-0.707688486165	-0.707688486165	-0.707688486165	-0.707688486165	-0.707688486165	-0.707688486165	
7.75	161.339927546	161.463368743	161.58671061	161.709883036	161.832928046	161.955761493	162.078439583	162.200864199	162.323105663	162.445051975	0.127751641357	0.137413579822	0.148270187795	0.160904890334	0.174725437885	0.190314743098	0.207082820614	0.2256110555	0.245311477168	0.266763266886	0.0781123305867	0.0877941957626	0.102219839884	0.111852267735	0.126239271543	0.135841779523	0.150204143303	0.15978600126	0.174130192055	0.1836945949	167.893864041	167.738531606	167.583199171	167.427866736	167.272534301	167.117201866	166.961869431	166.806536996	166.651204561	166.495872127	-2.24892819394	-2.06736270337	-1.88579721279	-1.70423172222	-1.52266623165	-1.34110074108	-1.15953525051	-0.977969759938	-0.796404269367	-0.614838778796	-0.707688486165	-0.707688486165	-0.707688486165	-0.707688486165	-0.707688486165	-0.707688486165	-0.707688486165	-0.707688486165	-0.707688486165	-0.707688486165	
7.76666666667	161.339927546	161.463368743	161.58671061	161.709883036	161.832928046	161.955761493	162.078439583	162.200864199	162.323105663	162.445051975	0.127751641357	0.137413579822	0.148270187795	0.160904890334	0.174725437885	0.190314743098	0.207082820614	0.2256110555	0.245311477168	0.266763266886	0.0781123305867	0.0877941957626	0.102219839884	0.111852267735	0.126239271543	0.135841779523	0.150204143303	0.15978600126	0.174130192055	0.1836945949	167.893864041	167.738531606	167.583199171	167.427866736	167.272534301	167.117201866	166.961869431	166.806536996	166.651204561	166.495872127	-2.24892819394	-2.06736270337	-1.88579721279	-1.70423172222	-1.52266623165	-1.34110074108	-1.15953525051	-0.977969759938	-0.796404269367	-0.614838778796	-0.707688486165	-0.707688486165	-0.707688486165	-0.707688486165	-0.707688486165	-0.707688486165	-0.707688486165	-0.707688486165	-0.707688486165	-0.707688486165	
7.78333333333	161.339927546	161.463368743	161.58671061	161.709883036	161.832928046	161.955761493	162.078439583	162.200864199	162.323105663	162.445051975	0.127751641357	0.137413579822	0.148270187795	0.160904890334	0.174725437885	0.190314743098	0.207082820614	0.2256110555	0.245311477168	0.266763266886	0.0781123305867	0.0877941957626	0.102219839884	0.111852267735	0.126239271543	0.135841779523	0.150204143303	0.15978600126	0.174130192055	0.1836945949	167.893864041	167.738531606	167.583199171	167.427866736	167.272534301	167.117201866	166.961869431	166.806536996	166.651204561	166.495872127	-2.24892819394	-2.06736270337	-1.88579721279	-1.70423172222	-1.52266623165	-1.34110074108	-1.15953525051	-0.977969759938	-0.796404269367	-0.614838778796	-0.707688486165	-0.707688486165	-0.707688486165	-0.707688486165	-0.707688486165	-0.707688486165	-0.707688486165	-0.707688486165	-0.707688486165	-0.707688486165	
7.8	161.339927546	161.463368743	161.58671061	161.709883036	161.832928046	161.955761493	162.078439583	162.200864199	162.323105663	162.445051975	0.127751641357	0.137413579822	0.148270187795	0.160904890334	0.174725437885	0.190314743098	0.207082820614	0.2256110555	0.245311477168	0.266763266886	0.0781123305867	0.0877941957626	0.102219839884	0.111852267735	0.126239271543	0.135841779523	0.150204143303	0.15978600126	0.174130192055	0.1836945949	167.893864041	167.738531606	167.583199171	167.427866736	167.272534301	167.117201866	166.961869431	166.806536996	166.651204561	166.495872127	-2.24892819394	-2.06736270337	-1.88579721279	-1.70423172222	-1.52266623165	-1.34110074108	-1.15953525051	-0.977969759938	-0.796404269367	-0.614838778796	-0.707688486165	-0.707688486165	-0.707688486165	-0.707688486165	-0.707688486165	-0.707688486165	-0.707688486165	-0.707688486165	-0.707688486165	-0.707688486165	
7.81666666667	161.339927546	161.463368743	161.58671061	161.709883036	161.832928046	161.955761493	162.078439583	162.200864199	162.323105663	162.445051975	0.127751641357	0.137413579822	0.148270187795	0.160904890334	0.174725437885	0.190314743098	0.207082820614	0.2256110555	0.245311477168	0.266763266886	0.0781123305867	0.0877941957626	0.102219839884	0.111852267735	0.126239271543	0.135841779523	0.150204143303	0.15978600126	0.174130192055	0.1836945949	167.893864041	167.738531606	167.583199171	167.427866736	167.272534301	167.117201866	166.961869431	166.806536996	166.651204561	166.495872127	-2.24892819394	-2.06736270337	-1.88579721279	-1.70423172222	-1.52266623165	-1.34110074108	-1.15953525051	-0.977969759938	-0.796404269367	-0.614838778796	-0.707688486165	-0.707688486165	-0.707688486165	-0.707688486165	-0.707688486165	-0.707688486165	-0.707688486165	-0.707688486165	-0.707688486165	-0.707688486165	
7.83333333333	161.339927546	161.463368743	161.58671061	161.709883036	161.832928046	161.955761493	162.078439583	162.200864199	162.323105663	162.445051975	0.127751641357	0.137413579822	0.148270187795	0.160904890334	0.174725437885	0.190314743098	0.207082820614	0.2256110555	0.245311477168	0.266763266886	0.0781123305867	0.0877941957626	0.102219839884	0.111852267735	0.126239271543	0.135841779523	0.150204143303	0.15978600126	0.174130192055	0.1836945949	167.893864041	167.738531606	167.583199171	167.427866736	167.272534301	167.117201866	166.961869431	166.806536996	166.651204561	166.495872127	-2.24892819394	-2.06736270337	-1.88579721279	-1.70423172222	-1.52266623165	-1.34110074108	-1.15953525051	-0.977969759938	-0.796404269367	-0.614838778796	-0.707688486165	-0.707688486165	-0.707688486165	-0.707688486165	-0.707688486165	-0.707688486165	-0.707688486165	-0.707688486165	-0.707688486165	-0.707688486165	
7.85	161.339927546	161.463368743	161.58671061	161.709883036	161.832928046	161.955761493	162.078439583	162.200864199	162.323105663	162.445051975	0.127751641357	0.137413579822	0.148270187795	0.160904890334	0.174725437885	0.190314743098	0.207082820614	0.2256110555	0.245311477168	0.266763266886	0.0781123305867	0.0877941957626	0.102219839884	0.111852267735	0.126239271543	0.135841779523	0.150204143303	0.15978600126	0.174130192055	0.1836945949	167.893864041	167.738531606	167.583199171	167.427866736	167.272534301	167.117201866	166.961869431	166.806536996	166.651204561	166.495872127	-2.24892819394	-2.06736270337	-1.88579721279	-1.70423172222	-1.52266623165	-1.34110074108	-1.15953525051	-0.977969759938	-0.796404269367	-0.614838778796	-0.707688486165	-0.707688486165	-0.707688486165	-0.707688486165	-0.707688486165	-0.707688486165	-0.707688486165	-0.707688486165	-0.707688486165	-0.707688486165	
7.86666666667	161.339927546	161.463368743	161.58671061	161.709883036	161.832928046	161.955761493	162.078439583	162.200864199	162.323105663	162.445051975	0.127751641357	0.137413579822	0.148270187795	0.160904890334	0.174725437885	0.190314743098	0.207082820614	0.2256110555	0.245311477168	0.266763266886	0.0781123305867	0.0877941957626	0.102219839884	0.111852267735	0.126239271543	0.135841779523	0.150204143303	0.15978600126	0.174130192055	0.1836945949	167.893864041	167.738531606	167.583199171	167.427866736	167.272534301	167.117201866	166.961869431	166.806536996	166.651204561	166.495872127	-2.24892819394	-2.06736270337	-1.88579721279	-1.70423172222	-1.52266623165	-1.34110074108	-1.15953525051	-0.977969759938	-0.796404269367	-0.614838778796	-0.707688486165	-0.707688486165	-0.707688486165	-0.707688486165	-0.707688486165	-0.707688486165	-0.707688486165	-0.707688486165	-0.707688486165	-0.707688486165	
7.88333333333	161.339927546	161.463368743	161.58671061	161.709883036	161.832928046	161.955761493	162.078439583	162.200864199	162.323105663	162.445051975	0.127751641357	0.137413579822	0.148270187795	0.160904890334	0.174725437885	0.190314743098	0.207082820614	0.2256110555	0.245311477168	0.266763266886	0.0781123305867	0.0877941957626	0.102219839884	0.111852267735	0.126239271543	0.135841779523	0.150204143303	0.15978600126	0.174130192055	0.1836945949	167.893864041	167.738531606	167.583199171	167.427866736	167.272534301	167.117201866	166.961869431	166.806536996	166.651204561	166.495872127	-2.24892819394	-2.06736270337	-1.88579721279	-1.70423172222	-1.52266623165	-1.34110074108	-1.15953525051	-0.977969759938	-0.796404269367	-0.614838778796	-0.707688486165	-0.707688486165	-0.707688486165	-0.707688486165	-0.707688486165	-0.707688486165	-0.707688486165	-0.707688486165	-0.707688486165	-0.707688486165	
7.9	161.339927546	161.463368743	161.58671061	161.709883036	161.832928046	161.955761493	162.078439583	162.200864199	162.323105663	162.445051975	0.127751641357	0.137413579822	0.148270187795	0.160904890334	0.174725437885	0.190314743098	0.207082820614	0.2256110555	0.245311477168	0.266763266886	0.0781123305867	0.0877941957626	0.102219839884	0.111852267735	0.126239271543	0.135841779523	0.150204143303	0.15978600126	0.174130192055	0.1836945949	167.893864041	167.738531606	167.583199171	167.427866736	167.272534301	167.117201866	166.961869431	166.806536996	166.651204561	166.495872127	-2.24892819394	-2.06736270337	-1.88579721279	-1.70423172222	-1.52266623165	-1.34110074108	-1.15953525051	-0.977969759938	-0.796404269367	-0.614838778796	-0.707688486165	-0.707688486165	-0.707688486165	-0.707688486165	-0.707688486165	-0.707688486165	-0.707688486165	-0.707688486165	-0.707688486165	-0.707688486165	
7.91666666667	161.339927546	161.463368743	161.58671061	161.709883036	161.832928046	161.955761493	162.078439583	162.200864199	162.323105663	162.445051975	0.127751641357	0.137413579822	0.148270187795	0.160904890334	0.174725437885	0.190314743098	0.207082820614	0.2256110555	0.245311477168	0.266763266886	0.0781123305867	0.0877941957626	0.102219839884	0.111852267735	0.126239271543	0.135841779523	0.150204143303	0.15978600126	0.174130192055	0.1836945949	167.893864041	167.738531606	167.583199171	167.427866736	167.272534301	167.117201866	166.961869431	166.806536996	166.651204561	166.495872127	-2.24892819394	-2.06736270337	-1.88579721279	-1.70423172222	-1.52266623165	-1.34110074108	-1.15953525051	-0.977969759938	-0.796404269367	-0.614838778796	-0.707688486165	-0.707688486165	-0.707688486165	-0.707688486165	-0.707688486165	-0.707688486165	-0.707688486165	-0.707688486165	-0.707688486165	-0.707688486165	
7.93333333333	161.339927546	161.463368743	161.58671061	161.709883036	161.832928046	161.955761493	162.078439583	162.200864199	162.323105663	162.445051975	0.127751641357	0.137413579822	0.148270187795	0.160904890334	0.174725437885	0.190314743098	0.207082820614	0.2256110555	0.245311477168	0.266763266886	0.0781123305867	0.0877941957626	0.102219839884	0.111852267735	0.126239271543	0.135841779523	0.150204143303	0.15978600126	0.174130192055	0.1836945949	167.893864041	167.738531606	167.583199171	167.427866736	167.272534301	167.117201866	166.961869431	166.806536996	166.651204561	166.495872127	-2.24892819394	-2.06736270337	-1.88579721279	-1.70423172222	-1.52266623165	-1.34110074108	-1.15953525051	-0.977969759938	-0.796404269367	-0.614838778796	-0.707688486165	-0.707688486165	-0.707688486165	-0.707688486165	-0.707688486165	-0.707688486165	-0.707688486165	-0.707688486165	-0.707688486165	-0.707688486165	
7.95	161.339927546	161.463368743	161.58671061	161.709883036	161.832928046	161.955761493	162.078439583	162.200864199	162.323105663	162.445051975	0.127751641357	0.137413579822	0.148270187795	0.160904890334	0.174725437885	0.190314743098	0.207082820614	0.2256110555	0.245311477168	0.266763266886	0.0781123305867	0.0877941957626	0.102219839884	0.111852267735	0.126239271543	0.135841779523	0.150204143303	0.15978600126	0.174130192055	0.1836945949	167.893864041	167.738531606	167.583199171	167.427866736	167.272534301	167.117201866	166.961869431	166.806536996	166.651204561	166.495872127	-2.24892819394	-2.06736270337	-1.88579721279	-1.70423172222	-1.52266623165	-1.34110074108	-1.15953525051	-0.977969759938	-0.796404269367	-0.614838778796	-0.707688486165	-0.707688486165	-0.707688486165	-0.707688486165	-0.707688486165	-0.707688486165	-0.707688486165	-0.707688486165	-0.707688486165	-0.707688486165	
7.96666666667	161.339927546	161.463368743	161.58671061	161.709883036	161.832928046	161.955761493	162.078439583	162.200864199	162.323105663	162.445051975	0.127751641357	0.137413579822	0.148270187795	0.160904890334	0.174725437885	0.190314743098	0.207082820614	0.2256110555	0.245311477168	0.266763266886	0.0781123305867	0.0877941957626	0.102219839884	0.111852267735	0.126239271543	0.135841779523	0.150204143303	0.15978600126	0.174130192055	0.1836945949	167.893864041	167.738531606	167.583199171	167.427866736	167.272534301	167.117201866	166.961869431	166.806536996	166.651204561	166.495872127	-2.24892819394	-2.06736270337	-1.88579721279	-1.70423172222	-1.52266623165	-1.34110074108	-1.15953525051	-0.977969759938	-0.796404269367	-0.614838778796	-0.707688486165	-0.707688486165	-0.707688486165	-0.707688486165	-0.707688486165	-0.707688486165	-0.707688486165	-0.707688486165	-0.707688486165	-0.707688486165	
7.98333333333	161.339927546	161.463368743	161.58671061	161.709883036	161.832928046	161.955761493	162.078439583	162.200864199	162.323105663	162.445051975	0.127751641357	0.137413579822	0.148270187795	0.160904890334	0.174725437885	0.190314743098	0.207082820614	0.2256110555	0.245311477168	0.266763266886	0.0781123305867	0.0877941957626	0.102219839884	0.111852267735	0.126239271543	0.135841779523	0.150204143303	0.15978600126	0.174130192055	0.1836945949	167.893864041	167.738531606	167.583199171	167.427866736	167.272534301	167.117201866	166.961869431	166.806536996	166.651204561	166.495872127	-2.24892819394	-2.06736270337	-1.88579721279	-1.70423172222	-1.52266623165	-1.34110074108	-1.15953525051	-0.977969759938	-0.796404269367	-0.614838778796	-0.707688486165	-0.707688486165	-0.707688486165	-0.707688486165	-0.707688486165	-0.707688486165	-0.707688486165	-0.707688486165	-0.707688486165	-0.707688486165	
8.0	161.339927546	161.463368743	161.58671061	161.709883036	161.832928046	161.955761493	162.078439583	162.200864199	162.323105663	162.445051975	0.127751641357	0.137413579822	0.148270187795	0.160904890334	0.174725437885	0.190314743098	0.207082820614	0.2256110555	0.245311477168	0.266763266886	0.0781123305867	0.0877941957626	0.102219839884	0.111852267735	0.126239271543	0.135841779523	0.150204143303	0.15978600126	0.174130192055	0.1836945949	167.893864041	167.738531606	167.583199171	167.427866736	167.272534301	167.117201866	166.961869431	166.806536996	166.651204561	166.495872127	-2.24892819394	-2.06736270337	-1.88579721279	-1.70423172222	-1.52266623165	-1.34110074108	-1.15953525051	-0.977969759938	-0.796404269367	-0.614838778796	-0.707688486165	-0.707688486165	-0.707688486165	-0.707688486165	-0.707688486165	-0.707688486165	-0.707688486165	-0.707688486165	-0.707688486165	-0.707688486165	
8.01666666667	161.339927546	161.463368743	161.58671061	161.709883036	161.832928046	161.955761493	162.078439583	162.200864199	162.323105663	162.445051975	0.127751641357	0.137413579822	0.148270187795	0.160904890334	0.174725437885	0.190314743098	0.207082820614	0.2256110555	0.245311477168	0.266763266886	0.0781123305867	0.0877941957626	0.102219839884	0.111852267735	0.126239271543	0.135841779523	0.150204143303	0.15978600126	0.174130192055	0.1836945949	167.893864041	167.738531606	167.583199171	167.427866736	167.272534301	167.117201866	166.961869431	166.806536996	166.651204561	166.495872127	-2.24892819394	-2.06736270337	-1.88579721279	-1.70423172222	-1.52266623165	-1.34110074108	-1.15953525051	-0.977969759938	-0.796404269367	-0.614838778796	-0.707688486165	-0.707688486165	-0.707688486165	-0.707688486165	-0.707688486165	-0.707688486165	-0.707688486165	-0.707688486165	-0.707688486165	-0.707688486165	
8.03333333333	161.339927546	161.463368743	161.58671061	161.709883036	161.832928046	161.955761493	162.078439583	162.200864199	162.323105663	162.445051975	0.127751641357	0.137413579822	0.148270187795	0.160904890334	0.174725437885	0.190314743098	0.207082820614	0.2256110555	0.245311477168	0.266763266886	0.0781123305867	0.0877941957626	0.102219839884	0.111852267735	0.126239271543	0.135841779523	0.150204143303	0.15978600126	0.174130192055	0.1836945949	167.893864041	167.738531606	167.583199171	167.427866736	167.272534301	167.117201866	166.961869431	166.806536996	166.651204561	166.495872127	-2.24892819394	-2.06736270337	-1.88579721279	-1.70423172222	-1.52266623165	-1.34110074108	-1.15953525051	-0.977969759938	-0.796404269367	-0.614838778796	-0.707688486165	-0.707688486165	-0.707688486165	-0.707688486165	-0.707688486165	-0.707688486165	-0.707688486165	-0.707688486165	-0.707688486165	-0.707688486165	
8.05	161.339927546	161.463368743	161.58671061	161.709883036	161.832928046	161.955761493	162.078439583	162.200864199	162.323105663	162.445051975	0.127751641357	0.137413579822	0.148270187795	0.160904890334	0.174725437885	0.190314743098	0.207082820614	0.2256110555	0.245311477168	0.266763266886	0.0781123305867	0.0877941957626	0.102219839884	0.111852267735	0.126239271543	0.135841779523	0.150204143303	0.15978600126	0.174130192055	0.1836945949	167.893864041	167.738531606	167.583199171	167.427866736	167.272534301	167.117201866	166.961869431	166.806536996	166.651204561	166.495872127	-2.24892819394	-2.06736270337	-1.88579721279	-1.70423172222	-1.52266623165	-1.34110074108	-1.15953525051	-0.977969759938	-0.796404269367	-0.614838778796	-0.707688486165	-0.707688486165	-0.707688486165	-0.707688486165	-0.707688486165	-0.707688486165	-0.707688486165	-0.707688486165	-0.707688486165	-0.707688486165	
8.06666666667	161.339927546	161.463368743	161.58671061	161.709883036	161.832928046	161.955761493	162.078439583	162.200864199	162.323105663	162.445051975	0.127751641357	0.137413579822	0.148270187795	0.160904890334	0.174725437885	0.190314743098	0.207082820614	0.2256110555	0.245311477168	0.266763266886	0.0781123305867	0.0877941957626	0.102219839884	0.111852267735	0.126239271543	0.135841779523	0.150204143303	0.15978600126	0.174130192055	0.1836945949	167.893864041	167.738531606	167.583199171	167.427866736	167.272534301	167.117201866	166.961869431	166.806536996	166.651204561	166.495872127	-2.24892819394	-2.06736270337	-1.88579721279	-1.70423172222	-1.52266623165	-1.34110074108	-1.15953525051	-0.977969759938	-0.796404269367	-0.614838778796	-0.707688486165	-0.707688486165	-0.707688486165	-0.707688486165	-0.707688486165	-0.707688486165	-0.707688486165	-0.707688486165	-0.707688486165	-0.707688486165	
8.08333333333	161.339927546	161.463368743	161.58671061	161.709883036	161.832928046	161.955761493	162.078439583	162.200864199	162.323105663	162.445051975	0.127751641357	0.137413579822	0.148270187795	0.160904890334	0.174725437885	0.190314743098	0.207082820614	0.2256110555	0.245311477168	0.266763266886	0.0781123305867	0.0877941957626	0.102219839884	0.111852267735	0.126239271543	0.135841779523	0.150204143303	0.15978600126	0.174130192055	0.1836945949	167.893864041	167.738531606	167.583199171	167.427866736	167.272534301	167.117201866	166.961869431	166.806536996	166.651204561	166.495872127	-2.24892819394	-2.06736270337	-1.88579721279	-1.70423172222	-1.52266623165	-1.34110074108	-1.15953525051	-0.977969759938	-0.796404269367	-0.614838778796	-0.707688486165	-0.707688486165	-0.707688486165	-0.707688486165	-0.707688486165	-0.707688486165	-0.707688486165	-0.707688486165	-0.707688486165	-0.707688486165	
8.1	161.339927546	161.463368743	161.58671061	161.709883036	161.832928046	161.955761493	162.078439583	162.200864199	162.323105663	162.445051975	0.127751641357	0.137413579822	0.148270187795	0.160904890334	0.174725437885	0.190314743098	0.207082820614	0.2256110555	0.245311477168	0.266763266886	0.0781123305867	0.0877941957626	0.102219839884	0.111852267735	0.126239271543	0.135841779523	0.150204143303	0.15978600126	0.174130192055	0.1836945949	167.893864041	167.738531606	167.583199171	167.427866736	167.272534301	167.117201866	166.961869431	166.806536996	166.651204561	166.495872127	-2.24892819394	-2.06736270337	-1.88579721279	-1.70423172222	-1.52266623165	-1.34110074108	-1.15953525051	-0.977969759938	-0.796404269367	-0.614838778796	-0.707688486165	-0.707688486165	-0.707688486165	-0.707688486165	-0.707688486165	-0.707688486165	-0.707688486165	-0.707688486165	-0.707688486165	-0.707688486165	
8.11666666667	161.339927546	161.463368743	161.58671061	161.709883036	161.832928046	161.955761493	162.078439583	162.200864199	162.323105663	162.445051975	0.127751641357	0.137413579822	0.148270187795	0.160904890334	0.174725437885	0.190314743098	0.207082820614	0.2256110555	0.245311477168	0.266763266886	0.0781123305867	0.0877941957626	0.102219839884	0.111852267735	0.126239271543	0.135841779523	0.150204143303	0.15978600126	0.174130192055	0.1836945949	167.893864041	167.738531606	167.583199171	167.427866736	167.272534301	167.117201866	166.961869431	166.806536996	166.651204561	166.495872127	-2.24892819394	-2.06736270337	-1.88579721279	-1.70423172222	-1.52266623165	-1.34110074108	-1.15953525051	-0.977969759938	-0.796404269367	-0.614838778796	-0.707688486165	-0.707688486165	-0.707688486165	-0.707688486165	-0.707688486165	-0.707688486165	-0.707688486165	-0.707688486165	-0.707688486165	-0.707688486165	
8.13333333333	161.339927546	161.463368743	161.58671061	161.709883036	161.832928046	161.955761493	162.078439583	162.200864199	162.323105663	162.445051975	0.127751641357	0.137413579822	0.148270187795	0.160904890334	0.174725437885	0.190314743098	0.207082820614	0.2256110555	0.245311477168	0.266763266886	0.0781123305867	0.0877941957626	0.102219839884	0.111852267735	0.126239271543	0.135841779523	0.150204143303	0.15978600126	0.174130192055	0.1836945949	167.893864041	167.738531606	167.583199171	167.427866736	167.272534301	167.117201866	166.961869431	166.806536996	166.651204561	166.495872127	-2.24892819394	-2.06736270337	-1.88579721279	-1.70423172222	-1.52266623165	-1.34110074108	-1.15953525051	-0.977969759938	-0.796404269367	-0.614838778796	-0.707688486165	-0.707688486165	-0.707688486165	-0.707688486165	-0.707688486165	-0.707688486165	-0.707688486165	-0.707688486165	-0.707688486165	-0.707688486165	
8.15	161.339927546	161.463368743	161.58671061	161.709883036	161.832928046	161.955761493	162.078439583	162.200864199	162.323105663	162.445051975	0.127751641357	0.137413579822	0.148270187795	0.160904890334	0.174725437885	0.190314743098	0.207082820614	0.2256110555	0.245311477168	0.266763266886	0.0781123305867	0.0877941957626	0.102219839884	0.111852267735	0.126239271543	0.135841779523	0.150204143303	0.15978600126	0.174130192055	0.1836945949	167.893864041	167.738531606	167.583199171	167.427866736	167.272534301	167.117201866	166.961869431	166.806536996	166.651204561	166.495872127	-2.24892819394	-2.06736270337	-1.88579721279	-1.70423172222	-1.52266623165	-1.34110074108	-1.15953525051	-0.977969759938	-0.796404269367	-0.614838778796	-0.707688486165	-0.707688486165	-0.707688486165	-0.707688486165	-0.707688486165	-0.707688486165	-0.707688486165	-0.707688486165	-0.707688486165	-0.707688486165	
8.16666666667	161.339927546	161.463368743	161.58671061	161.709883036	161.832928046	161.955761493	162.078439583	162.200864199	162.323105663	162.445051975	0.127751641357	0.137413579822	0.148270187795	0.160904890334	0.174725437885	0.190314743098	0.207082820614	0.2256110555	0.245311477168	0.266763266886	0.0781123305867	0.0877941957626	0.102219839884	0.111852267735	0.126239271543	0.135841779523	0.150204143303	0.15978600126	0.174130192055	0.1836945949	167.893864041	167.738531606	167.583199171	167.427866736	167.272534301	167.117201866	166.961869431	166.806536996	166.651204561	166.495872127	-2.24892819394	-2.06736270337	-1.88579721279	-1.70423172222	-1.52266623165	-1.34110074108	-1.15953525051	-0.977969759938	-0.796404269367	-0.614838778796	-0.707688486165	-0.707688486165	-0.707688486165	-0.707688486165	-0.707688486165	-0.707688486165	-0.707688486165	-0.707688486165	-0.707688486165	-0.707688486165	
8.18333333333	161.339927546	161.463368743	161.58671061	161.709883036	161.832928046	161.955761493	162.078439583	162.200864199	162.323105663	162.445051975	0.127751641357	0.137413579822	0.148270187795	0.160904890334	0.174725437885	0.190314743098	0.207082820614	0.2256110555	0.245311477168	0.266763266886	0.0781123305867	0.0877941957626	0.102219839884	0.111852267735	0.126239271543	0.135841779523	0.150204143303	0.15978600126	0.174130192055	0.1836945949	167.893864041	167.738531606	167.583199171	167.427866736	167.272534301	167.117201866	166.961869431	166.806536996	166.651204561	166.495872127	-2.24892819394	-2.06736270337	-1.88579721279	-1.70423172222	-1.52266623165	-1.34110074108	-1.15953525051	-0.977969759938	-0.796404269367	-0.614838778796	-0.707688486165	-0.707688486165	-0.707688486165	-0.707688486165	-0.707688486165	-0.707688486165	-0.707688486165	-0.707688486165	-0.707688486165	-0.707688486165	
8.2	161.339927546	161.463368743	161.58671061	161.709883036	161.832928046	161.955761493	162.078439583	162.200864199	162.323105663	162.445051975	0.127751641357	0.137413579822	0.148270187795	0.160904890334	0.174725437885	0.190314743098	0.207082820614	0.2256110555	0.245311477168	0.266763266886	0.0781123305867	0.0877941957626	0.102219839884	0.111852267735	0.126239271543	0.135841779523	0.150204143303	0.15978600126	0.174130192055	0.1836945949	167.893864041	167.738531606	167.583199171	167.427866736	167.272534301	167.117201866	166.961869431	166.806536996	166.651204561	166.495872127	-2.24892819394	-2.06736270337	-1.88579721279	-1.70423172222	-1.52266623165	-1.34110074108	-1.15953525051	-0.977969759938	-0.796404269367	-0.614838778796	-0.707688486165	-0.707688486165	-0.707688486165	-0.707688486165	-0.707688486165	-0.707688486165	-0.707688486165	-0.707688486165	-0.707688486165	-0.707688486165	
8.21666666667	161.339927546	161.463368743	161.58671061	161.709883036	161.832928046	161.955761493	162.078439583	162.200864199	162.323105663	162.445051975	0.127751641357	0.137413579822	0.148270187795	0.160904890334	0.174725437885	0.190314743098	0.207082820614	0.2256110555	0.245311477168	0.266763266886	0.0781123305867	0.0877941957626	0.102219839884	0.111852267735	0.126239271543	0.135841779523	0.150204143303	0.15978600126	0.174130192055	0.1836945949	167.893864041	167.738531606	167.583199171	167.427866736	167.272534301	167.117201866	166.961869431	166.806536996	166.651204561	166.495872127	-2.24892819394	-2.06736270337	-1.88579721279	-1.70423172222	-1.52266623165	-1.34110074108	-1.15953525051	-0.977969759938	-0.796404269367	-0.614838778796	-0.707688486165	-0.707688486165	-0.707688486165	-0.707688486165	-0.707688486165	-0.707688486165	-0.707688486165	-0.707688486165	-0.707688486165	-0.707688486165	
8.23333333333	161.339927546	161.463368743	161.58671061	161.709883036	161.832928046	161.955761493	162.078439583	162.200864199	162.323105663	162.445051975	0.127751641357	0.137413579822	0.148270187795	0.160904890334	0.174725437885	0.190314743098	0.207082820614	0.2256110555	0.245311477168	0.266763266886	0.0781123305867	0.0877941957626	0.102219839884	0.111852267735	0.126239271543	0.135841779523	0.150204143303	0.15978600126	0.174130192055	0.1836945949	167.893864041	167.738531606	167.583199171	167.427866736	167.272534301	167.117201866	166.961869431	166.806536996	166.651204561	166.495872127	-2.24892819394	-2.06736270337	-1.88579721279	-1.70423172222	-1.52266623165	-1.34110074108	-1.15953525051	-0.977969759938	-0.796404269367	-0.614838778796	-0.707688486165	-0.707688486165	-0.707688486165	-0.707688486165	-0.707688486165	-0.707688486165	-0.707688486165	-0.707688486165	-0.707688486165	-0.707688486165	
8.25	161.339927546	161.463368743	161.58671061	161.709883036	161.832928046	161.955761493	162.078439583	162.200864199	162.323105663	162.445051975	0.127751641357	0.137413579822	0.148270187795	0.160904890334	0.174725437885	0.190314743098	0.207082820614	0.2256110555	0.245311477168	0.266763266886	0.0781123305867	0.0877941957626	0.102219839884	0.111852267735	0.126239271543	0.135841779523	0.150204143303	0.15978600126	0.174130192055	0.1836945949	167.893864041	167.738531606	167.583199171	167.427866736	167.272534301	167.117201866	166.961869431	166.806536996	166.651204561	166.495872127	-2.24892819394	-2.06736270337	-1.88579721279	-1.70423172222	-1.52266623165	-1.34110074108	-1.15953525051	-0.977969759938	-0.796404269367	-0.614838778796	-0.707688486165	-0.707688486165	-0.707688486165	-0.707688486165	-0.707688486165	-0.707688486165	-0.707688486165	-0.707688486165	-0.707688486165	-0.707688486165	
8.26666666667	161.339927546	161.463368743	161.58671061	161.709883036	161.832928046	161.955761493	162.078439583	162.200864199	162.323105663	162.445051975	0.127751641357	0.137413579822	0.148270187795	0.160904890334	0.174725437885	0.190314743098	0.207082820614	0.2256110555	0.245311477168	0.266763266886	0.0781123305867	0.0877941957626	0.102219839884	0.111852267735	0.126239271543	0.135841779523	0.150204143303	0.15978600126	0.174130192055	0.1836945949	167.893864041	167.738531606	167.583199171	167.427866736	167.272534301	167.117201866	166.961869431	166.806536996	166.651204561	166.495872127	-2.24892819394	-2.06736270337	-1.88579721279	-1.70423172222	-1.52266623165	-1.34110074108	-1.15953525051	-0.977969759938	-0.796404269367	-0.614838778796	-0.707688486165	-0.707688486165	-0.707688486165	-0.707688486165	-0.707688486165	-0.707688486165	-0.707688486165	-0.707688486165	-0.707688486165	-0.707688486165	
8.28333333333	161.339927546	161.463368743	161.58671061	161.709883036	161.832928046	161.955761493	162.078439583	162.200864199	162.323105663	162.445051975	0.127751641357	0.137413579822	0.148270187795	0.160904890334	0.174725437885	0.190314743098	0.207082820614	0.2256110555	0.245311477168	0.266763266886	0.0781123305867	0.0877941957626	0.102219839884	0.111852267735	0.126239271543	0.135841779523	0.150204143303	0.15978600126	0.174130192055	0.1836945949	167.893864041	167.738531606	167.583199171	167.427866736	167.272534301	167.117201866	166.961869431	166.806536996	166.651204561	166.495872127	-2.24892819394	-2.06736270337	-1.88579721279	-1.70423172222	-1.52266623165	-1.34110074108	-1.15953525051	-0.977969759938	-0.796404269367	-0.614838778796	-0.707688486165	-0.707688486165	-0.707688486165	-0.707688486165	-0.707688486165	-0.707688486165	-0.707688486165	-0.707688486165	-0.707688486165	-0.707688486165	
8.3	161.339927546	161.463368743	161.58671061	161.709883036	161.832928046	161.955761493	162.078439583	162.200864199	162.323105663	162.445051975	0.127751641357	0.137413579822	0.148270187795	0.160904890334	0.174725437885	0.190314743098	0.207082820614	0.2256110555	0.245311477168	0.266763266886	0.0781123305867	0.0877941957626	0.102219839884	0.111852267735	0.126239271543	0.135841779523	0.150204143303	0.15978600126	0.174130192055	0.1836945949	167.893864041	167.738531606	167.583199171	167.427866736	167.272534301	167.117201866	166.961869431	166.806536996	166.651204561	166.495872127	-2.24892819394	-2.06736270337	-1.88579721279	-1.70423172222	-1.52266623165	-1.34110074108	-1.15953525051	-0.977969759938	-0.796404269367	-0.614838778796	-0.707688486165	-0.707688486165	-0.707688486165	-0.707688486165	-0.707688486165	-0.707688486165	-0.707688486165	-0.707688486165	-0.707688486165	-0.707688486165	
8.31666666667	161.339927546	161.463368743	161.58671061	161.709883036	161.832928046	161.955761493	162.078439583	162.200864199	162.323105663	162.445051975	0.127751641357	0.137413579822	0.148270187795	0.160904890334	0.174725437885	0.190314743098	0.207082820614	0.2256110555	0.245311477168	0.266763266886	0.0781123305867	0.0877941957626	0.102219839884	0.111852267735	0.126239271543	0.135841779523	0.150204143303	0.15978600126	0.174130192055	0.1836945949	167.893864041	167.738531606	167.583199171	167.427866736	167.272534301	167.117201866	166.961869431	166.806536996	166.651204561	166.495872127	-2.24892819394	-2.06736270337	-1.88579721279	-1.70423172222	-1.52266623165	-1.34110074108	-1.15953525051	-0.977969759938	-0.796404269367	-0.614838778796	-0.707688486165	-0.707688486165	-0.707688486165	-0.707688486165	-0.707688486165	-0.707688486165	-0.707688486165	-0.707688486165	-0.707688486165	-0.707688486165	
8.33333333333	161.339927546	161.463368743	161.58671061	161.709883036	161.832928046	161.955761493	162.078439583	162.200864199	162.323105663	162.445051975	0.127751641357	0.137413579822	0.148270187795	0.160904890334	0.174725437885	0.190314743098	0.207082820614	0.2256110555	0.245311477168	0.266763266886	0.0781123305867	0.0877941957626	0.102219839884	0.111852267735	0.126239271543	0.135841779523	0.150204143303	0.15978600126	0.174130192055	0.1836945949	167.893864041	167.738531606	167.583199171	167.427866736	167.272534301	167.117201866	166.961869431	166.806536996	166.651204561	166.495872127	-2.24892819394	-2.06736270337	-1.88579721279	-1.70423172222	-1.52266623165	-1.34110074108	-1.15953525051	-0.977969759938	-0.796404269367	-0.614838778796	-0.707688486165	-0.707688486165	-0.707688486165	-0.707688486165	-0.707688486165	-0.707688486165	-0.707688486165	-0.707688486165	-0.707688486165	-0.707688486165	
8.35	161.339927546	161.463368743	161.58671061	161.709883036	161.832928046	161.955761493	162.078439583	162.200864199	162.323105663	162.445051975	0.127751641357	0.137413579822	0.148270187795	0.160904890334	0.174725437885	0.190314743098	0.207082820614	0.2256110555	0.245311477168	0.266763266886	0.0781123305867	0.0877941957626	0.102219839884	0.111852267735	0.126239271543	0.135841779523	0.150204143303	0.15978600126	0.174130192055	0.1836945949	167.893864041	167.738531606	167.583199171	167.427866736	167.272534301	167.117201866	166.961869431	166.806536996	166.651204561	166.495872127	-2.24892819394	-2.06736270337	-1.88579721279	-1.70423172222	-1.52266623165	-1.34110074108	-1.15953525051	-0.977969759938	-0.796404269367	-0.614838778796	-0.707688486165	-0.707688486165	-0.707688486165	-0.707688486165	-0.707688486165	-0.707688486165	-0.707688486165	-0.707688486165	-0.707688486165	-0.707688486165	
8.36666666667	161.339927546	161.463368743	161.58671061	161.709883036	161.832928046	161.955761493	162.078439583	162.200864199	162.323105663	162.445051975	0.127751641357	0.137413579822	0.148270187795	0.160904890334	0.174725437885	0.190314743098	0.207082820614	0.2256110555	0.245311477168	0.266763266886	0.0781123305867	0.0877941957626	0.102219839884	0.111852267735	0.126239271543	0.135841779523	0.150204143303	0.15978600126	0.174130192055	0.1836945949	167.893864041	167.738531606	167.583199171	167.427866736	167.272534301	167.117201866	166.961869431	166.806536996	166.651204561	166.495872127	-2.24892819394	-2.06736270337	-1.88579721279	-1.70423172222	-1.52266623165	-1.34110074108	-1.15953525051	-0.977969759938	-0.796404269367	-0.614838778796	-0.707688486165	-0.707688486165	-0.707688486165	-0.707688486165	-0.707688486165	-0.707688486165	-0.707688486165	-0.707688486165	-0.707688486165	-0.707688486165	
8.38333333333	161.339927546	161.463368743	161.58671061	161.709883036	161.832928046	161.955761493	162.078439583	162.200864199	162.323105663	162.445051975	0.127751641357	0.137413579822	0.148270187795	0.160904890334	0.174725437885	0.190314743098	0.207082820614	0.2256110555	0.245311477168	0.266763266886	0.0781123305867	0.0877941957626	0.102219839884	0.111852267735	0.126239271543	0.135841779523	0.150204143303	0.15978600126	0.174130192055	0.1836945949	167.893864041	167.738531606	167.583199171	167.427866736	167.272534301	167.117201866	166.961869431	166.806536996	166.651204561	166.495872127	-2.24892819394	-2.06736270337	-1.88579721279	-1.70423172222	-1.52266623165	-1.34110074108	-1.15953525051	-0.977969759938	-0.796404269367	-0.614838778796	-0.707688486165	-0.707688486165	-0.707688486165	-0.707688486165	-0.707688486165	-0.707688486165	-0.707688486165	-0.707688486165	-0.707688486165	-0.707688486165	
8.4	161.339927546	161.463368743	161.58671061	161.709883036	161.832928046	161.955761493	162.078439583	162.200864199	162.323105663	162.445051975	0.127751641357	0.137413579822	0.148270187795	0.160904890334	0.174725437885	0.190314743098	0.207082820614	0.2256110555	0.245311477168	0.266763266886	0.0781123305867	0.0877941957626	0.102219839884	0.111852267735	0.126239271543	0.135841779523	0.150204143303	0.15978600126	0.174130192055	0.1836945949	167.893864041	167.738531606	167.583199171	167.427866736	167.272534301	167.117201866	166.961869431	166.806536996	166.651204561	166.495872127	-2.24892819394	-2.06736270337	-1.88579721279	-1.70423172222	-1.52266623165	-1.34110074108	-1.15953525051	-0.977969759938	-0.796404269367	-0.614838778796	-0.707688486165	-0.707688486165	-0.707688486165	-0.707688486165	-0.707688486165	-0.707688486165	-0.707688486165	-0.707688486165	-0.707688486165	-0.707688486165	
8.41666666667	161.339927546	161.463368743	161.58671061	161.709883036	161.832928046	161.955761493	162.078439583	162.200864199	162.323105663	162.445051975	0.127751641357	0.137413579822	0.148270187795	0.160904890334	0.174725437885	0.190314743098	0.207082820614	0.2256110555	0.245311477168	0.266763266886	0.0781123305867	0.0877941957626	0.102219839884	0.111852267735	0.126239271543	0.135841779523	0.150204143303	0.15978600126	0.174130192055	0.1836945949	167.893864041	167.738531606	167.583199171	167.427866736	167.272534301	167.117201866	166.961869431	166.806536996	166.651204561	166.495872127	-2.24892819394	-2.06736270337	-1.88579721279	-1.70423172222	-1.52266623165	-1.34110074108	-1.15953525051	-0.977969759938	-0.796404269367	-0.614838778796	-0.707688486165	-0.707688486165	-0.707688486165	-0.707688486165	-0.707688486165	-0.707688486165	-0.707688486165	-0.707688486165	-0.707688486165	-0.707688486165	
8.43333333333	161.339927546	161.463368743	161.58671061	161.709883036	161.832928046	161.955761493	162.078439583	162.200864199	162.323105663	162.445051975	0.127751641357	0.137413579822	0.148270187795	0.160904890334	0.174725437885	0.190314743098	0.207082820614	0.2256110555	0.245311477168	0.266763266886	0.0781123305867	0.0877941957626	0.102219839884	0.111852267735	0.126239271543	0.135841779523	0.150204143303	0.15978600126	0.174130192055	0.1836945949	167.893864041	167.738531606	167.583199171	167.427866736	167.272534301	167.117201866	166.961869431	166.806536996	166.651204561	166.495872127	-2.24892819394	-2.06736270337	-1.88579721279	-1.70423172222	-1.52266623165	-1.34110074108	-1.15953525051	-0.977969759938	-0.796404269367	-0.614838778796	-0.707688486165	-0.707688486165	-0.707688486165	-0.707688486165	-0.707688486165	-0.707688486165	-0.707688486165	-0.707688486165	-0.707688486165	-0.707688486165	
8.45	161.339927546	161.463368743	161.58671061	161.709883036	161.832928046	161.955761493	162.078439583	162.200864199	162.323105663	162.445051975	0.127751641357	0.137413579822	0.148270187795	0.160904890334	0.174725437885	0.190314743098	0.207082820614	0.2256110555	0.245311477168	0.266763266886	0.0781123305867	0.0877941957626	0.102219839884	0.111852267735	0.126239271543	0.135841779523	0.150204143303	0.15978600126	0.174130192055	0.1836945949	167.893864041	167.738531606	167.583199171	167.427866736	167.272534301	167.117201866	166.961869431	166.806536996	166.651204561	166.495872127	-2.24892819394	-2.06736270337	-1.88579721279	-1.70423172222	-1.52266623165	-1.34110074108	-1.15953525051	-0.977969759938	-0.796404269367	-0.614838778796	-0.707688486165	-0.707688486165	-0.707688486165	-0.707688486165	-0.707688486165	-0.707688486165	-0.707688486165	-0.707688486165	-0.707688486165	-0.707688486165	
8.46666666667	161.339927546	161.463368743	161.58671061	161.709883036	161.832928046	161.955761493	162.078439583	162.200864199	162.323105663	162.445051975	0.127751641357	0.137413579822	0.148270187795	0.160904890334	0.174725437885	0.190314743098	0.207082820614	0.2256110555	0.245311477168	0.266763266886	0.0781123305867	0.0877941957626	0.102219839884	0.111852267735	0.126239271543	0.135841779523	0.150204143303	0.15978600126	0.174130192055	0.1836945949	167.893864041	167.738531606	167.583199171	167.427866736	167.272534301	167.117201866	166.961869431	166.806536996	166.651204561	166.495872127	-2.24892819394	-2.06736270337	-1.88579721279	-1.70423172222	-1.52266623165	-1.34110074108	-1.15953525051	-0.977969759938	-0.796404269367	-0.614838778796	-0.707688486165	-0.707688486165	-0.707688486165	-0.707688486165	-0.707688486165	-0.707688486165	-0.707688486165	-0.707688486165	-0.707688486165	-0.707688486165	
8.48333333333	161.339927546	161.463368743	161.58671061	161.709883036	161.832928046	161.955761493	162.078439583	162.200864199	162.323105663	162.445051975	0.127751641357	0.137413579822	0.148270187795	0.160904890334	0.174725437885	0.190314743098	0.207082820614	0.2256110555	0.245311477168	0.266763266886	0.0781123305867	0.0877941957626	0.102219839884	0.111852267735	0.126239271543	0.135841779523	0.150204143303	0.15978600126	0.174130192055	0.1836945949	167.893864041	167.738531606	167.583199171	167.427866736	167.272534301	167.117201866	166.961869431	166.806536996	166.651204561	166.495872127	-2.24892819394	-2.06736270337	-1.88579721279	-1.70423172222	-1.52266623165	-1.34110074108	-1.15953525051	-0.977969759938	-0.796404269367	-0.614838778796	-0.707688486165	-0.707688486165	-0.707688486165	-0.707688486165	-0.707688486165	-0.707688486165	-0.707688486165	-0.707688486165	-0.707688486165	-0.707688486165	
8.5	161.339927546	161.463368743	161.58671061	161.709883036	161.832928046	161.955761493	162.078439583	162.200864199	162.323105663	162.445051975	0.127751641357	0.137413579822	0.148270187795	0.160904890334	0.174725437885	0.190314743098	0.207082820614	0.2256110555	0.245311477168	0.266763266886	0.0781123305867	0.0877941957626	0.102219839884	0.111852267735	0.126239271543	0.135841779523	0.150204143303	0.15978600126	0.174130192055	0.1836945949	167.893864041	167.738531606	167.583199171	167.427866736	167.272534301	167.117201866	166.961869431	166.806536996	166.651204561	166.495872127	-2.24892819394	-2.06736270337	-1.88579721279	-1.70423172222	-1.52266623165	-1.34110074108	-1.15953525051	-0.977969759938	-0.796404269367	-0.614838778796	-0.707688486165	-0.707688486165	-0.707688486165	-0.707688486165	-0.707688486165	-0.707688486165	-0.707688486165	-0.707688486165	-0.707688486165	-0.707688486165	
8.51666666667	161.339927546	161.463368743	161.58671061	161.709883036	161.832928046	161.955761493	162.078439583	162.200864199	162.323105663	162.445051975	0.127751641357	0.137413579822	0.148270187795	0.160904890334	0.174725437885	0.190314743098	0.207082820614	0.2256110555	0.245311477168	0.266763266886	0.0781123305867	0.0877941957626	0.102219839884	0.111852267735	0.126239271543	0.135841779523	0.150204143303	0.15978600126	0.174130192055	0.1836945949	167.893864041	167.738531606	167.583199171	167.427866736	167.272534301	167.117201866	166.961869431	166.806536996	166.651204561	166.495872127	-2.24892819394	-2.06736270337	-1.88579721279	-1.70423172222	-1.52266623165	-1.34110074108	-1.15953525051	-0.977969759938	-0.796404269367	-0.614838778796	-0.707688486165	-0.707688486165	-0.707688486165	-0.707688486165	-0.707688486165	-0.707688486165	-0.707688486165	-0.707688486165	-0.707688486165	-0.707688486165	
8.53333333333	161.339927546	161.463368743	161.58671061	161.709883036	161.832928046	161.955761493	162.078439583	162.200864199	162.323105663	162.445051975	0.127751641357	0.137413579822	0.148270187795	0.160904890334	0.174725437885	0.190314743098	0.207082820614	0.2256110555	0.245311477168	0.266763266886	0.0781123305867	0.0877941957626	0.102219839884	0.111852267735	0.126239271543	0.135841779523	0.150204143303	0.15978600126	0.174130192055	0.1836945949	167.893864041	167.738531606	167.583199171	167.427866736	167.272534301	167.117201866	166.961869431	166.806536996	166.651204561	166.495872127	-2.24892819394	-2.06736270337	-1.88579721279	-1.70423172222	-1.52266623165	-1.34110074108	-1.15953525051	-0.977969759938	-0.796404269367	-0.614838778796	-0.707688486165	-0.707688486165	-0.707688486165	-0.707688486165	-0.707688486165	-0.707688486165	-0.707688486165	-0.707688486165	-0.707688486165	-0.707688486165	
8.55	161.339927546	161.463368743	161.58671061	161.709883036	161.832928046	161.955761493	162.078439583	162.200864199	162.323105663	162.445051975	0.127751641357	0.137413579822	0.148270187795	0.160904890334	0.174725437885	0.190314743098	0.207082820614	0.2256110555	0.245311477168	0.266763266886	0.0781123305867	0.0877941957626	0.102219839884	0.111852267735	0.126239271543	0.135841779523	0.150204143303	0.15978600126	0.174130192055	0.1836945949	167.893864041	167.738531606	167.583199171	167.427866736	167.272534301	167.117201866	166.961869431	166.806536996	166.651204561	166.495872127	-2.24892819394	-2.06736270337	-1.88579721279	-1.70423172222	-1.52266623165	-1.34110074108	-1.15953525051	-0.977969759938	-0.796404269367	-0.614838778796	-0.707688486165	-0.707688486165	-0.707688486165	-0.707688486165	-0.707688486165	-0.707688486165	-0.707688486165	-0.707688486165	-0.707688486165	-0.707688486165	
8.56666666667	161.339927546	161.463368743	161.58671061	161.709883036	161.832928046	161.955761493	162.078439583	162.200864199	162.323105663	162.445051975	0.127751641357	0.137413579822	0.148270187795	0.160904890334	0.174725437885	0.190314743098	0.207082820614	0.2256110555	0.245311477168	0.266763266886	0.0781123305867	0.0877941957626	0.102219839884	0.111852267735	0.126239271543	0.135841779523	0.150204143303	0.15978600126	0.174130192055	0.1836945949	167.893864041	167.738531606	167.583199171	167.427866736	167.272534301	167.117201866	166.961869431	166.806536996	166.651204561	166.495872127	-2.24892819394	-2.06736270337	-1.88579721279	-1.70423172222	-1.52266623165	-1.34110074108	-1.15953525051	-0.977969759938	-0.796404269367	-0.614838778796	-0.707688486165	-0.707688486165	-0.707688486165	-0.707688486165	-0.707688486165	-0.707688486165	-0.707688486165	-0.707688486165	-0.707688486165	-0.707688486165	
8.58333333333	161.339927546	161.463368743	161.58671061	161.709883036	161.832928046	161.955761493	162.078439583	162.200864199	162.323105663	162.445051975	0.127751641357	0.137413579822	0.148270187795	0.160904890334	0.174725437885	0.190314743098	0.207082820614	0.2256110555	0.245311477168	0.266763266886	0.0781123305867	0.0877941957626	0.102219839884	0.111852267735	0.126239271543	0.135841779523	0.150204143303	0.15978600126	0.174130192055	0.1836945949	167.893864041	167.738531606	167.583199171	167.427866736	167.272534301	167.117201866	166.961869431	166.806536996	166.651204561	166.495872127	-2.24892819394	-2.06736270337	-1.88579721279	-1.70423172222	-1.52266623165	-1.34110074108	-1.15953525051	-0.977969759938	-0.796404269367	-0.614838778796	-0.707688486165	-0.707688486165	-0.707688486165	-0.707688486165	-0.707688486165	-0.707688486165	-0.707688486165	-0.707688486165	-0.707688486165	-0.707688486165	
8.6	161.339927546	161.463368743	161.58671061	161.709883036	161.832928046	161.955761493	162.078439583	162.200864199	162.323105663	162.445051975	0.127751641357	0.137413579822	0.148270187795	0.160904890334	0.174725437885	0.190314743098	0.207082820614	0.2256110555	0.245311477168	0.266763266886	0.0781123305867	0.0877941957626	0.102219839884	0.111852267735	0.126239271543	0.135841779523	0.150204143303	0.15978600126	0.174130192055	0.1836945949	167.893864041	167.738531606	167.583199171	167.427866736	167.272534301	167.117201866	166.961869431	166.806536996	166.651204561	166.495872127	-2.24892819394	-2.06736270337	-1.88579721279	-1.70423172222	-1.52266623165	-1.34110074108	-1.15953525051	-0.977969759938	-0.796404269367	-0.614838778796	-0.707688486165	-0.707688486165	-0.707688486165	-0.707688486165	-0.707688486165	-0.707688486165	-0.707688486165	-0.707688486165	-0.707688486165	-0.707688486165	
8.61666666667	161.339927546	161.463368743	161.58671061	161.709883036	161.832928046	161.955761493	162.078439583	162.200864199	162.323105663	162.445051975	0.127751641357	0.137413579822	0.148270187795	0.160904890334	0.174725437885	0.190314743098	0.207082820614	0.2256110555	0.245311477168	0.266763266886	0.0781123305867	0.0877941957626	0.102219839884	0.111852267735	0.126239271543	0.135841779523	0.150204143303	0.15978600126	0.174130192055	0.1836945949	167.893864041	167.738531606	167.583199171	167.427866736	167.272534301	167.117201866	166.961869431	166.806536996	166.651204561	166.495872127	-2.24892819394	-2.06736270337	-1.88579721279	-1.70423172222	-1.52266623165	-1.34110074108	-1.15953525051	-0.977969759938	-0.796404269367	-0.614838778796	-0.707688486165	-0.707688486165	-0.707688486165	-0.707688486165	-0.707688486165	-0.707688486165	-0.707688486165	-0.707688486165	-0.707688486165	-0.707688486165	
8.63333333333	161.339927546	161.463368743	161.58671061	161.709883036	161.832928046	161.955761493	162.078439583	162.200864199	162.323105663	162.445051975	0.127751641357	0.137413579822	0.148270187795	0.160904890334	0.174725437885	0.190314743098	0.207082820614	0.2256110555	0.245311477168	0.266763266886	0.0781123305867	0.0877941957626	0.102219839884	0.111852267735	0.126239271543	0.135841779523	0.150204143303	0.15978600126	0.174130192055	0.1836945949	167.893864041	167.738531606	167.583199171	167.427866736	167.272534301	167.117201866	166.961869431	166.806536996	166.651204561	166.495872127	-2.24892819394	-2.06736270337	-1.88579721279	-1.70423172222	-1.52266623165	-1.34110074108	-1.15953525051	-0.977969759938	-0.796404269367	-0.614838778796	-0.707688486165	-0.707688486165	-0.707688486165	-0.707688486165	-0.707688486165	-0.707688486165	-0.707688486165	-0.707688486165	-0.707688486165	-0.707688486165	
8.65	161.339927546	161.463368743	161.58671061	161.709883036	161.832928046	161.955761493	162.078439583	162.200864199	162.323105663	162.445051975	0.127751641357	0.137413579822	0.148270187795	0.160904890334	0.174725437885	0.190314743098	0.207082820614	0.2256110555	0.245311477168	0.266763266886	0.0781123305867	0.0877941957626	0.102219839884	0.111852267735	0.126239271543	0.135841779523	0.150204143303	0.15978600126	0.174130192055	0.1836945949	167.893864041	167.738531606	167.583199171	167.427866736	167.272534301	167.117201866	166.961869431	166.806536996	166.651204561	166.495872127	-2.24892819394	-2.06736270337	-1.88579721279	-1.70423172222	-1.52266623165	-1.34110074108	-1.15953525051	-0.977969759938	-0.796404269367	-0.614838778796	-0.707688486165	-0.707688486165	-0.707688486165	-0.707688486165	-0.707688486165	-0.707688486165	-0.707688486165	-0.707688486165	-0.707688486165	-0.707688486165	
8.66666666667	161.339927546	161.463368743	161.58671061	161.709883036	161.832928046	161.955761493	162.078439583	162.200864199	162.323105663	162.445051975	0.127751641357	0.137413579822	0.148270187795	0.160904890334	0.174725437885	0.190314743098	0.207082820614	0.2256110555	0.245311477168	0.266763266886	0.0781123305867	0.0877941957626	0.102219839884	0.111852267735	0.126239271543	0.135841779523	0.150204143303	0.15978600126	0.174130192055	0.1836945949	167.893864041	167.738531606	167.583199171	167.427866736	167.272534301	167.117201866	166.961869431	166.806536996	166.651204561	166.495872127	-2.24892819394	-2.06736270337	-1.88579721279	-1.70423172222	-1.52266623165	-1.34110074108	-1.15953525051	-0.977969759938	-0.796404269367	-0.614838778796	-0.707688486165	-0.707688486165	-0.707688486165	-0.707688486165	-0.707688486165	-0.707688486165	-0.707688486165	-0.707688486165	-0.707688486165	-0.707688486165	
8.68333333333	161.339927546	161.463368743	161.58671061	161.709883036	161.832928046	161.955761493	162.078439583	162.200864199	162.323105663	162.445051975	0.127751641357	0.137413579822	0.148270187795	0.160904890334	0.174725437885	0.190314743098	0.207082820614	0.2256110555	0.245311477168	0.266763266886	0.0781123305867	0.0877941957626	0.102219839884	0.111852267735	0.126239271543	0.135841779523	0.150204143303	0.15978600126	0.174130192055	0.1836945949	167.893864041	167.738531606	167.583199171	167.427866736	167.272534301	167.117201866	166.961869431	166.806536996	166.651204561	166.495872127	-2.24892819394	-2.06736270337	-1.88579721279	-1.70423172222	-1.52266623165	-1.34110074108	-1.15953525051	-0.977969759938	-0.796404269367	-0.614838778796	-0.707688486165	-0.707688486165	-0.707688486165	-0.707688486165	-0.707688486165	-0.707688486165	-0.707688486165	-0.707688486165	-0.707688486165	-0.707688486165	
8.7	161.339927546	161.463368743	161.58671061	161.709883036	161.832928046	161.955761493	162.078439583	162.200864199	162.323105663	162.445051975	0.127751641357	0.137413579822	0.148270187795	0.160904890334	0.174725437885	0.190314743098	0.207082820614	0.2256110555	0.245311477168	0.266763266886	0.0781123305867	0.0877941957626	0.102219839884	0.111852267735	0.126239271543	0.135841779523	0.150204143303	0.15978600126	0.174130192055	0.1836945949	167.893864041	167.738531606	167.583199171	167.427866736	167.272534301	167.117201866	166.961869431	166.806536996	166.651204561	166.495872127	-2.24892819394	-2.06736270337	-1.88579721279	-1.70423172222	-1.52266623165	-1.34110074108	-1.15953525051	-0.977969759938	-0.796404269367	-0.614838778796	-0.707688486165	-0.707688486165	-0.707688486165	-0.707688486165	-0.707688486165	-0.707688486165	-0.707688486165	-0.707688486165	-0.707688486165	-0.707688486165	
8.71666666667	161.339927546	161.463368743	161.58671061	161.709883036	161.832928046	161.955761493	162.078439583	162.200864199	162.323105663	162.445051975	0.127751641357	0.137413579822	0.148270187795	0.160904890334	0.174725437885	0.190314743098	0.207082820614	0.2256110555	0.245311477168	0.266763266886	0.0781123305867	0.0877941957626	0.102219839884	0.111852267735	0.126239271543	0.135841779523	0.150204143303	0.15978600126	0.174130192055	0.1836945949	167.893864041	167.738531606	167.583199171	167.427866736	167.272534301	167.117201866	166.961869431	166.806536996	166.651204561	166.495872127	-2.24892819394	-2.06736270337	-1.88579721279	-1.70423172222	-1.52266623165	-1.34110074108	-1.15953525051	-0.977969759938	-0.796404269367	-0.614838778796	-0.707688486165	-0.707688486165	-0.707688486165	-0.707688486165	-0.707688486165	-0.707688486165	-0.707688486165	-0.707688486165	-0.707688486165	-0.707688486165	
8.73333333333	161.339927546	161.463368743	161.58671061	161.709883036	161.832928046	161.955761493	162.078439583	162.200864199	162.323105663	162.445051975	0.127751641357	0.137413579822	0.148270187795	0.160904890334	0.174725437885	0.190314743098	0.207082820614	0.2256110555	0.245311477168	0.266763266886	0.0781123305867	0.0877941957626	0.102219839884	0.111852267735	0.126239271543	0.135841779523	0.150204143303	0.15978600126	0.174130192055	0.1836945949	167.893864041	167.738531606	167.583199171	167.427866736	167.272534301	167.117201866	166.961869431	166.806536996	166.651204561	166.495872127	-2.24892819394	-2.06736270337	-1.88579721279	-1.70423172222	-1.52266623165	-1.34110074108	-1.15953525051	-0.977969759938	-0.796404269367	-0.614838778796	-0.707688486165	-0.707688486165	-0.707688486165	-0.707688486165	-0.707688486165	-0.707688486165	-0.707688486165	-0.707688486165	-0.707688486165	-0.707688486165	
8.75	161.339927546	161.463368743	161.58671061	161.709883036	161.832928046	161.955761493	162.078439583	162.200864199	162.323105663	162.445051975	0.127751641357	0.137413579822	0.148270187795	0.160904890334	0.174725437885	0.190314743098	0.207082820614	0.2256110555	0.245311477168	0.266763266886	0.0781123305867	0.0877941957626	0.102219839884	0.111852267735	0.126239271543	0.135841779523	0.150204143303	0.15978600126	0.174130192055	0.1836945949	167.893864041	167.738531606	167.583199171	167.427866736	167.272534301	167.117201866	166.961869431	166.806536996	166.651204561	166.495872127	-2.24892819394	-2.06736270337	-1.88579721279	-1.70423172222	-1.52266623165	-1.34110074108	-1.15953525051	-0.977969759938	-0.796404269367	-0.614838778796	-0.707688486165	-0.707688486165	-0.707688486165	-0.707688486165	-0.707688486165	-0.707688486165	-0.707688486165	-0.707688486165	-0.707688486165	-0.707688486165	
8.76666666667	161.339927546	161.463368743	161.58671061	161.709883036	161.832928046	161.955761493	162.078439583	162.200864199	162.323105663	162.445051975	0.127751641357	0.137413579822	0.148270187795	0.160904890334	0.174725437885	0.190314743098	0.207082820614	0.2256110555	0.245311477168	0.266763266886	0.0781123305867	0.0877941957626	0.102219839884	0.111852267735	0.126239271543	0.135841779523	0.150204143303	0.15978600126	0.174130192055	0.1836945949	167.893864041	167.738531606	167.583199171	167.427866736	167.272534301	167.117201866	166.961869431	166.806536996	166.651204561	166.495872127	-2.24892819394	-2.06736270337	-1.88579721279	-1.70423172222	-1.52266623165	-1.34110074108	-1.15953525051	-0.977969759938	-0.796404269367	-0.614838778796	-0.707688486165	-0.707688486165	-0.707688486165	-0.707688486165	-0.707688486165	-0.707688486165	-0.707688486165	-0.707688486165	-0.707688486165	-0.707688486165	
8.78333333333	161.339927546	161.463368743	161.58671061	161.709883036	161.832928046	161.955761493	162.078439583	162.200864199	162.323105663	162.445051975	0.127751641357	0.137413579822	0.148270187795	0.160904890334	0.174725437885	0.190314743098	0.207082820614	0.2256110555	0.245311477168	0.266763266886	0.0781123305867	0.0877941957626	0.102219839884	0.111852267735	0.126239271543	0.135841779523	0.150204143303	0.15978600126	0.174130192055	0.1836945949	167.893864041	167.738531606	167.583199171	167.427866736	167.272534301	167.117201866	166.961869431	166.806536996	166.651204561	166.495872127	-2.24892819394	-2.06736270337	-1.88579721279	-1.70423172222	-1.52266623165	-1.34110074108	-1.15953525051	-0.977969759938	-0.796404269367	-0.614838778796	-0.707688486165	-0.707688486165	-0.707688486165	-0.707688486165	-0.707688486165	-0.707688486165	-0.707688486165	-0.707688486165	-0.707688486165	-0.707688486165	
8.8	161.339927546	161.463368743	161.58671061	161.709883036	161.832928046	161.955761493	162.078439583	162.200864199	162.323105663	162.445051975	0.127751641357	0.137413579822	0.148270187795	0.160904890334	0.174725437885	0.190314743098	0.207082820614	0.2256110555	0.245311477168	0.266763266886	0.0781123305867	0.0877941957626	0.102219839884	0.111852267735	0.126239271543	0.135841779523	0.150204143303	0.15978600126	0.174130192055	0.1836945949	167.893864041	167.738531606	167.583199171	167.427866736	167.272534301	167.117201866	166.961869431	166.806536996	166.651204561	166.495872127	-2.24892819394	-2.06736270337	-1.88579721279	-1.70423172222	-1.52266623165	-1.34110074108	-1.15953525051	-0.977969759938	-0.796404269367	-0.614838778796	-0.707688486165	-0.707688486165	-0.707688486165	-0.707688486165	-0.707688486165	-0.707688486165	-0.707688486165	-0.707688486165	-0.707688486165	-0.707688486165	
8.81666666667	161.339927546	161.463368743	161.58671061	161.709883036	161.832928046	161.955761493	162.078439583	162.200864199	162.323105663	162.445051975	0.127751641357	0.137413579822	0.148270187795	0.160904890334	0.174725437885	0.190314743098	0.207082820614	0.2256110555	0.245311477168	0.266763266886	0.0781123305867	0.0877941957626	0.102219839884	0.111852267735	0.126239271543	0.135841779523	0.150204143303	0.15978600126	0.174130192055	0.1836945949	167.893864041	167.738531606	167.583199171	167.427866736	167.272534301	167.117201866	166.961869431	166.806536996	166.651204561	166.495872127	-2.24892819394	-2.06736270337	-1.88579721279	-1.70423172222	-1.52266623165	-1.34110074108	-1.15953525051	-0.977969759938	-0.796404269367	-0.614838778796	-0.707688486165	-0.707688486165	-0.707688486165	-0.707688486165	-0.707688486165	-0.707688486165	-0.707688486165	-0.707688486165	-0.707688486165	-0.707688486165	
8.83333333333	161.339927546	161.463368743	161.58671061	161.709883036	161.832928046	161.955761493	162.078439583	162.200864199	162.323105663	162.445051975	0.127751641357	0.137413579822	0.148270187795	0.160904890334	0.174725437885	0.190314743098	0.207082820614	0.2256110555	0.245311477168	0.266763266886	0.0781123305867	0.0877941957626	0.102219839884	0.111852267735	0.126239271543	0.135841779523	0.150204143303	0.15978600126	0.174130192055	0.1836945949	167.893864041	167.738531606	167.583199171	167.427866736	167.272534301	167.117201866	166.961869431	166.806536996	166.651204561	166.495872127	-2.24892819394	-2.06736270337	-1.88579721279	-1.70423172222	-1.52266623165	-1.34110074108	-1.15953525051	-0.977969759938	-0.796404269367	-0.614838778796	-0.707688486165	-0.707688486165	-0.707688486165	-0.707688486165	-0.707688486165	-0.707688486165	-0.707688486165	-0.707688486165	-0.707688486165	-0.707688486165	
8.85	161.339927546	161.463368743	161.58671061	161.709883036	161.832928046	161.955761493	162.078439583	162.200864199	162.323105663	162.445051975	0.127751641357	0.137413579822	0.148270187795	0.160904890334	0.174725437885	0.190314743098	0.207082820614	0.2256110555	0.245311477168	0.266763266886	0.0781123305867	0.0877941957626	0.102219839884	0.111852267735	0.126239271543	0.135841779523	0.150204143303	0.15978600126	0.174130192055	0.1836945949	167.893864041	167.738531606	167.583199171	167.427866736	167.272534301	167.117201866	166.961869431	166.806536996	166.651204561	166.495872127	-2.24892819394	-2.06736270337	-1.88579721279	-1.70423172222	-1.52266623165	-1.34110074108	-1.15953525051	-0.977969759938	-0.796404269367	-0.614838778796	-0.707688486165	-0.707688486165	-0.707688486165	-0.707688486165	-0.707688486165	-0.707688486165	-0.707688486165	-0.707688486165	-0.707688486165	-0.707688486165	
8.86666666667	161.339927546	161.463368743	161.58671061	161.709883036	161.832928046	161.955761493	162.078439583	162.200864199	162.323105663	162.445051975	0.127751641357	0.137413579822	0.148270187795	0.160904890334	0.174725437885	0.190314743098	0.207082820614	0.2256110555	0.245311477168	0.266763266886	0.0781123305867	0.0877941957626	0.102219839884	0.111852267735	0.126239271543	0.135841779523	0.150204143303	0.15978600126	0.174130192055	0.1836945949	167.893864041	167.738531606	167.583199171	167.427866736	167.272534301	167.117201866	166.961869431	166.806536996	166.651204561	166.495872127	-2.24892819394	-2.06736270337	-1.88579721279	-1.70423172222	-1.52266623165	-1.34110074108	-1.15953525051	-0.977969759938	-0.796404269367	-0.614838778796	-0.707688486165	-0.707688486165	-0.707688486165	-0.707688486165	-0.707688486165	-0.707688486165	-0.707688486165	-0.707688486165	-0.707688486165	-0.707688486165	
8.88333333333	161.339927546	161.463368743	161.58671061	161.709883036	161.832928046	161.955761493	162.078439583	162.200864199	162.323105663	162.445051975	0.127751641357	0.137413579822	0.148270187795	0.160904890334	0.174725437885	0.190314743098	0.207082820614	0.2256110555	0.245311477168	0.266763266886	0.0781123305867	0.0877941957626	0.102219839884	0.111852267735	0.126239271543	0.135841779523	0.150204143303	0.15978600126	0.174130192055	0.1836945949	167.893864041	167.738531606	167.583199171	167.427866736	167.272534301	167.117201866	166.961869431	166.806536996	166.651204561	166.495872127	-2.24892819394	-2.06736270337	-1.88579721279	-1.70423172222	-1.52266623165	-1.34110074108	-1.15953525051	-0.977969759938	-0.796404269367	-0.614838778796	-0.707688486165	-0.707688486165	-0.707688486165	-0.707688486165	-0.707688486165	-0.707688486165	-0.707688486165	-0.707688486165	-0.707688486165	-0.707688486165	
8.9	161.339927546	161.463368743	161.58671061	161.709883036	161.832928046	161.955761493	162.078439583	162.200864199	162.323105663	162.445051975	0.127751641357	0.137413579822	0.148270187795	0.160904890334	0.174725437885	0.190314743098	0.207082820614	0.2256110555	0.245311477168	0.266763266886	0.0781123305867	0.0877941957626	0.102219839884	0.111852267735	0.126239271543	0.135841779523	0.150204143303	0.15978600126	0.174130192055	0.1836945949	167.893864041	167.738531606	167.583199171	167.427866736	167.272534301	167.117201866	166.961869431	166.806536996	166.651204561	166.495872127	-2.24892819394	-2.06736270337	-1.88579721279	-1.70423172222	-1.52266623165	-1.34110074108	-1.15953525051	-0.977969759938	-0.796404269367	-0.614838778796	-0.707688486165	-0.707688486165	-0.707688486165	-0.707688486165	-0.707688486165	-0.707688486165	-0.707688486165	-0.707688486165	-0.707688486165	-0.707688486165	
8.91666666667	161.339927546	161.463368743	161.58671061	161.709883036	161.832928046	161.955761493	162.078439583	162.200864199	162.323105663	162.445051975	0.127751641357	0.137413579822	0.148270187795	0.160904890334	0.174725437885	0.190314743098	0.207082820614	0.2256110555	0.245311477168	0.266763266886	0.0781123305867	0.0877941957626	0.102219839884	0.111852267735	0.126239271543	0.135841779523	0.150204143303	0.15978600126	0.174130192055	0.1836945949	167.893864041	167.738531606	167.583199171	167.427866736	167.272534301	167.117201866	166.961869431	166.806536996	166.651204561	166.495872127	-2.24892819394	-2.06736270337	-1.88579721279	-1.70423172222	-1.52266623165	-1.34110074108	-1.15953525051	-0.977969759938	-0.796404269367	-0.614838778796	-0.707688486165	-0.707688486165	-0.707688486165	-0.707688486165	-0.707688486165	-0.707688486165	-0.707688486165	-0.707688486165	-0.707688486165	-0.707688486165	
8.93333333333	161.339927546	161.463368743	161.58671061	161.709883036	161.832928046	161.955761493	162.078439583	162.200864199	162.323105663	162.445051975	0.127751641357	0.137413579822	0.148270187795	0.160904890334	0.174725437885	0.190314743098	0.207082820614	0.2256110555	0.245311477168	0.266763266886	0.0781123305867	0.0877941957626	0.102219839884	0.111852267735	0.126239271543	0.135841779523	0.150204143303	0.15978600126	0.174130192055	0.1836945949	167.893864041	167.738531606	167.583199171	167.427866736	167.272534301	167.117201866	166.961869431	166.806536996	166.651204561	166.495872127	-2.24892819394	-2.06736270337	-1.88579721279	-1.70423172222	-1.52266623165	-1.34110074108	-1.15953525051	-0.977969759938	-0.796404269367	-0.614838778796	-0.707688486165	-0.707688486165	-0.707688486165	-0.707688486165	-0.707688486165	-0.707688486165	-0.707688486165	-0.707688486165	-0.707688486165	-0.707688486165	
8.95	161.339927546	161.463368743	161.58671061	161.709883036	161.832928046	161.955761493	162.078439583	162.200864199	162.323105663	162.445051975	0.127751641357	0.137413579822	0.148270187795	0.160904890334	0.174725437885	0.190314743098	0.207082820614	0.2256110555	0.245311477168	0.266763266886	0.0781123305867	0.0877941957626	0.102219839884	0.111852267735	0.126239271543	0.135841779523	0.150204143303	0.15978600126	0.174130192055	0.1836945949	167.893864041	167.738531606	167.583199171	167.427866736	167.272534301	167.117201866	166.961869431	166.806536996	166.651204561	166.495872127	-2.24892819394	-2.06736270337	-1.88579721279	-1.70423172222	-1.52266623165	-1.34110074108	-1.15953525051	-0.977969759938	-0.796404269367	-0.614838778796	-0.707688486165	-0.707688486165	-0.707688486165	-0.707688486165	-0.707688486165	-0.707688486165	-0.707688486165	-0.707688486165	-0.707688486165	-0.707688486165	
8.96666666667	161.339927546	161.463368743	161.58671061	161.709883036	161.832928046	161.955761493	162.078439583	162.200864199	162.323105663	162.445051975	0.127751641357	0.137413579822	0.148270187795	0.160904890334	0.174725437885	0.190314743098	0.207082820614	0.2256110555	0.245311477168	0.266763266886	0.0781123305867	0.0877941957626	0.102219839884	0.111852267735	0.126239271543	0.135841779523	0.150204143303	0.15978600126	0.174130192055	0.1836945949	167.893864041	167.738531606	167.583199171	167.427866736	167.272534301	167.117201866	166.961869431	166.806536996	166.651204561	166.495872127	-2.24892819394	-2.06736270337	-1.88579721279	-1.70423172222	-1.52266623165	-1.34110074108	-1.15953525051	-0.977969759938	-0.796404269367	-0.614838778796	-0.707688486165	-0.707688486165	-0.707688486165	-0.707688486165	-0.707688486165	-0.707688486165	-0.707688486165	-0.707688486165	-0.707688486165	-0.707688486165	
8.98333333333	161.339927546	161.463368743	161.58671061	161.709883036	161.832928046	161.955761493	162.078439583	162.200864199	162.323105663	162.445051975	0.127751641357	0.137413579822	0.148270187795	0.160904890334	0.174725437885	0.190314743098	0.207082820614	0.2256110555	0.245311477168	0.266763266886	0.0781123305867	0.0877941957626	0.102219839884	0.111852267735	0.126239271543	0.135841779523	0.150204143303	0.15978600126	0.174130192055	0.1836945949	167.893864041	167.738531606	167.583199171	167.427866736	167.272534301	167.117201866	166.961869431	166.806536996	166.651204561	166.495872127	-2.24892819394	-2.06736270337	-1.88579721279	-1.70423172222	-1.52266623165	-1.34110074108	-1.15953525051	-0.977969759938	-0.796404269367	-0.614838778796	-0.707688486165	-0.707688486165	-0.707688486165	-0.707688486165	-0.707688486165	-0.707688486165	-0.707688486165	-0.707688486165	-0.707688486165	-0.707688486165	
9.0	161.339927546	161.463368743	161.58671061	161.709883036	161.832928046	161.955761493	162.078439583	162.200864199	162.323105663	162.445051975	0.127751641357	0.137413579822	0.148270187795	0.160904890334	0.174725437885	0.190314743098	0.207082820614	0.2256110555	0.245311477168	0.266763266886	0.0781123305867	0.0877941957626	0.102219839884	0.111852267735	0.126239271543	0.135841779523	0.150204143303	0.15978600126	0.174130192055	0.1836945949	167.893864041	167.738531606	167.583199171	167.427866736	167.272534301	167.117201866	166.961869431	166.806536996	166.651204561	166.495872127	-2.24892819394	-2.06736270337	-1.88579721279	-1.70423172222	-1.52266623165	-1.34110074108	-1.15953525051	-0.977969759938	-0.796404269367	-0.614838778796	-0.707688486165	-0.707688486165	-0.707688486165	-0.707688486165	-0.707688486165	-0.707688486165	-0.707688486165	-0.707688486165	-0.707688486165	-0.707688486165	
9.01666666667	161.339927546	161.463368743	161.58671061	161.709883036	161.832928046	161.955761493	162.078439583	162.200864199	162.323105663	162.445051975	0.127751641357	0.137413579822	0.148270187795	0.160904890334	0.174725437885	0.190314743098	0.207082820614	0.2256110555	0.245311477168	0.266763266886	0.0781123305867	0.0877941957626	0.102219839884	0.111852267735	0.126239271543	0.135841779523	0.150204143303	0.15978600126	0.174130192055	0.1836945949	167.893864041	167.738531606	167.583199171	167.427866736	167.272534301	167.117201866	166.961869431	166.806536996	166.651204561	166.495872127	-2.24892819394	-2.06736270337	-1.88579721279	-1.70423172222	-1.52266623165	-1.34110074108	-1.15953525051	-0.977969759938	-0.796404269367	-0.614838778796	-0.707688486165	-0.707688486165	-0.707688486165	-0.707688486165	-0.707688486165	-0.707688486165	-0.707688486165	-0.707688486165	-0.707688486165	-0.707688486165	
9.03333333333	161.339927546	161.463368743	161.58671061	161.709883036	161.832928046	161.955761493	162.078439583	162.200864199	162.323105663	162.445051975	0.127751641357	0.137413579822	0.148270187795	0.160904890334	0.174725437885	0.190314743098	0.207082820614	0.2256110555	0.245311477168	0.266763266886	0.0781123305867	0.0877941957626	0.102219839884	0.111852267735	0.126239271543	0.135841779523	0.150204143303	0.15978600126	0.174130192055	0.1836945949	167.893864041	167.738531606	167.583199171	167.427866736	167.272534301	167.117201866	166.961869431	166.806536996	166.651204561	166.495872127	-2.24892819394	-2.06736270337	-1.88579721279	-1.70423172222	-1.52266623165	-1.34110074108	-1.15953525051	-0.977969759938	-0.796404269367	-0.614838778796	-0.707688486165	-0.707688486165	-0.707688486165	-0.707688486165	-0.707688486165	-0.707688486165	-0.707688486165	-0.707688486165	-0.707688486165	-0.707688486165	
9.05	161.339927546	161.463368743	161.58671061	161.709883036	161.832928046	161.955761493	162.078439583	162.200864199	162.323105663	162.445051975	0.127751641357	0.137413579822	0.148270187795	0.160904890334	0.174725437885	0.190314743098	0.207082820614	0.2256110555	0.245311477168	0.266763266886	0.0781123305867	0.0877941957626	0.102219839884	0.111852267735	0.126239271543	0.135841779523	0.150204143303	0.15978600126	0.174130192055	0.1836945949	167.893864041	167.738531606	167.583199171	167.427866736	167.272534301	167.117201866	166.961869431	166.806536996	166.651204561	166.495872127	-2.24892819394	-2.06736270337	-1.88579721279	-1.70423172222	-1.52266623165	-1.34110074108	-1.15953525051	-0.977969759938	-0.796404269367	-0.614838778796	-0.707688486165	-0.707688486165	-0.707688486165	-0.707688486165	-0.707688486165	-0.707688486165	-0.707688486165	-0.707688486165	-0.707688486165	-0.707688486165	
9.06666666667	161.339927546	161.463368743	161.58671061	161.709883036	161.832928046	161.955761493	162.078439583	162.200864199	162.323105663	162.445051975	0.127751641357	0.137413579822	0.148270187795	0.160904890334	0.174725437885	0.190314743098	0.207082820614	0.2256110555	0.245311477168	0.266763266886	0.0781123305867	0.0877941957626	0.102219839884	0.111852267735	0.126239271543	0.135841779523	0.150204143303	0.15978600126	0.174130192055	0.1836945949	167.893864041	167.738531606	167.583199171	167.427866736	167.272534301	167.117201866	166.961869431	166.806536996	166.651204561	166.495872127	-2.24892819394	-2.06736270337	-1.88579721279	-1.70423172222	-1.52266623165	-1.34110074108	-1.15953525051	-0.977969759938	-0.796404269367	-0.614838778796	-0.707688486165	-0.707688486165	-0.707688486165	-0.707688486165	-0.707688486165	-0.707688486165	-0.707688486165	-0.707688486165	-0.707688486165	-0.707688486165	
9.08333333333	161.339927546	161.463368743	161.58671061	161.709883036	161.832928046	161.955761493	162.078439583	162.200864199	162.323105663	162.445051975	0.127751641357	0.137413579822	0.148270187795	0.160904890334	0.174725437885	0.190314743098	0.207082820614	0.2256110555	0.245311477168	0.266763266886	0.0781123305867	0.0877941957626	0.102219839884	0.111852267735	0.126239271543	0.135841779523	0.150204143303	0.15978600126	0.174130192055	0.1836945949	167.893864041	167.738531606	167.583199171	167.427866736	167.272534301	167.117201866	166.961869431	166.806536996	166.651204561	166.495872127	-2.24892819394	-2.06736270337	-1.88579721279	-1.70423172222	-1.52266623165	-1.34110074108	-1.15953525051	-0.977969759938	-0.796404269367	-0.614838778796	-0.707688486165	-0.707688486165	-0.707688486165	-0.707688486165	-0.707688486165	-0.707688486165	-0.707688486165	-0.707688486165	-0.707688486165	-0.707688486165	
9.1	161.339927546	161.463368743	161.58671061	161.709883036	161.832928046	161.955761493	162.078439583	162.200864199	162.323105663	162.445051975	0.127751641357	0.137413579822	0.148270187795	0.160904890334	0.174725437885	0.190314743098	0.207082820614	0.2256110555	0.245311477168	0.266763266886	0.0781123305867	0.0877941957626	0.102219839884	0.111852267735	0.126239271543	0.135841779523	0.150204143303	0.15978600126	0.174130192055	0.1836945949	167.893864041	167.738531606	167.583199171	167.427866736	167.272534301	167.117201866	166.961869431	166.806536996	166.651204561	166.495872127	-2.24892819394	-2.06736270337	-1.88579721279	-1.70423172222	-1.52266623165	-1.34110074108	-1.15953525051	-0.977969759938	-0.796404269367	-0.614838778796	-0.707688486165	-0.707688486165	-0.707688486165	-0.707688486165	-0.707688486165	-0.707688486165	-0.707688486165	-0.707688486165	-0.707688486165	-0.707688486165	
9.11666666667	161.339927546	161.463368743	161.58671061	161.709883036	161.832928046	161.955761493	162.078439583	162.200864199	162.323105663	162.445051975	0.127751641357	0.137413579822	0.148270187795	0.160904890334	0.174725437885	0.190314743098	0.207082820614	0.2256110555	0.245311477168	0.266763266886	0.0781123305867	0.0877941957626	0.102219839884	0.111852267735	0.126239271543	0.135841779523	0.150204143303	0.15978600126	0.174130192055	0.1836945949	167.893864041	167.738531606	167.583199171	167.427866736	167.272534301	167.117201866	166.961869431	166.806536996	166.651204561	166.495872127	-2.24892819394	-2.06736270337	-1.88579721279	-1.70423172222	-1.52266623165	-1.34110074108	-1.15953525051	-0.977969759938	-0.796404269367	-0.614838778796	-0.707688486165	-0.707688486165	-0.707688486165	-0.707688486165	-0.707688486165	-0.707688486165	-0.707688486165	-0.707688486165	-0.707688486165	-0.707688486165	
9.13333333333	161.339927546	161.463368743	161.58671061	161.709883036	161.832928046	161.955761493	162.078439583	162.200864199	162.323105663	162.445051975	0.127751641357	0.137413579822	0.148270187795	0.160904890334	0.174725437885	0.190314743098	0.207082820614	0.2256110555	0.245311477168	0.266763266886	0.0781123305867	0.0877941957626	0.102219839884	0.111852267735	0.126239271543	0.135841779523	0.150204143303	0.15978600126	0.174130192055	0.1836945949	167.893864041	167.738531606	167.583199171	167.427866736	167.272534301	167.117201866	166.961869431	166.806536996	166.651204561	166.495872127	-2.24892819394	-2.06736270337	-1.88579721279	-1.70423172222	-1.52266623165	-1.34110074108	-1.15953525051	-0.977969759938	-0.796404269367	-0.614838778796	-0.707688486165	-0.707688486165	-0.707688486165	-0.707688486165	-0.707688486165	-0.707688486165	-0.707688486165	-0.707688486165	-0.707688486165	-0.707688486165	
9.15	161.339927546	161.463368743	161.58671061	161.709883036	161.832928046	161.955761493	162.078439583	162.200864199	162.323105663	162.445051975	0.127751641357	0.137413579822	0.148270187795	0.160904890334	0.174725437885	0.190314743098	0.207082820614	0.2256110555	0.245311477168	0.266763266886	0.0781123305867	0.0877941957626	0.102219839884	0.111852267735	0.126239271543	0.135841779523	0.150204143303	0.15978600126	0.174130192055	0.1836945949	167.893864041	167.738531606	167.583199171	167.427866736	167.272534301	167.117201866	166.961869431	166.806536996	166.651204561	166.495872127	-2.24892819394	-2.06736270337	-1.88579721279	-1.70423172222	-1.52266623165	-1.34110074108	-1.15953525051	-0.977969759938	-0.796404269367	-0.614838778796	-0.707688486165	-0.707688486165	-0.707688486165	-0.707688486165	-0.707688486165	-0.707688486165	-0.707688486165	-0.707688486165	-0.707688486165	-0.707688486165	
9.16666666667	161.339927546	161.463368743	161.58671061	161.709883036	161.832928046	161.955761493	162.078439583	162.200864199	162.323105663	162.445051975	0.127751641357	0.137413579822	0.148270187795	0.160904890334	0.174725437885	0.190314743098	0.207082820614	0.2256110555	0.245311477168	0.266763266886	0.0781123305867	0.0877941957626	0.102219839884	0.111852267735	0.126239271543	0.135841779523	0.150204143303	0.15978600126	0.174130192055	0.1836945949	167.893864041	167.738531606	167.583199171	167.427866736	167.272534301	167.117201866	166.961869431	166.806536996	166.651204561	166.495872127	-2.24892819394	-2.06736270337	-1.88579721279	-1.70423172222	-1.52266623165	-1.34110074108	-1.15953525051	-0.977969759938	-0.796404269367	-0.614838778796	-0.707688486165	-0.707688486165	-0.707688486165	-0.707688486165	-0.707688486165	-0.707688486165	-0.707688486165	-0.707688486165	-0.707688486165	-0.707688486165	
9.18333333333	161.339927546	161.463368743	161.58671061	161.709883036	161.832928046	161.955761493	162.078439583	162.200864199	162.323105663	162.445051975	0.127751641357	0.137413579822	0.148270187795	0.160904890334	0.174725437885	0.190314743098	0.207082820614	0.2256110555	0.245311477168	0.266763266886	0.0781123305867	0.0877941957626	0.102219839884	0.111852267735	0.126239271543	0.135841779523	0.150204143303	0.15978600126	0.174130192055	0.1836945949	167.893864041	167.738531606	167.583199171	167.427866736	167.272534301	167.117201866	166.961869431	166.806536996	166.651204561	166.495872127	-2.24892819394	-2.06736270337	-1.88579721279	-1.70423172222	-1.52266623165	-1.34110074108	-1.15953525051	-0.977969759938	-0.796404269367	-0.614838778796	-0.707688486165	-0.707688486165	-0.707688486165	-0.707688486165	-0.707688486165	-0.707688486165	-0.707688486165	-0.707688486165	-0.707688486165	-0.707688486165	
9.2	161.339927546	161.463368743	161.58671061	161.709883036	161.832928046	161.955761493	162.078439583	162.200864199	162.323105663	162.445051975	0.127751641357	0.137413579822	0.148270187795	0.160904890334	0.174725437885	0.190314743098	0.207082820614	0.2256110555	0.245311477168	0.266763266886	0.0781123305867	0.0877941957626	0.102219839884	0.111852267735	0.126239271543	0.135841779523	0.150204143303	0.15978600126	0.174130192055	0.1836945949	167.893864041	167.738531606	167.583199171	167.427866736	167.272534301	167.117201866	166.961869431	166.806536996	166.651204561	166.495872127	-2.24892819394	-2.06736270337	-1.88579721279	-1.70423172222	-1.52266623165	-1.34110074108	-1.15953525051	-0.977969759938	-0.796404269367	-0.614838778796	-0.707688486165	-0.707688486165	-0.707688486165	-0.707688486165	-0.707688486165	-0.707688486165	-0.707688486165	-0.707688486165	-0.707688486165	-0.707688486165	
9.21666666667	161.339927546	161.463368743	161.58671061	161.709883036	161.832928046	161.955761493	162.078439583	162.200864199	162.323105663	162.445051975	0.127751641357	0.137413579822	0.148270187795	0.160904890334	0.174725437885	0.190314743098	0.207082820614	0.2256110555	0.245311477168	0.266763266886	0.0781123305867	0.0877941957626	0.102219839884	0.111852267735	0.126239271543	0.135841779523	0.150204143303	0.15978600126	0.174130192055	0.1836945949	167.893864041	167.738531606	167.583199171	167.427866736	167.272534301	167.117201866	166.961869431	166.806536996	166.651204561	166.495872127	-2.24892819394	-2.06736270337	-1.88579721279	-1.70423172222	-1.52266623165	-1.34110074108	-1.15953525051	-0.977969759938	-0.796404269367	-0.614838778796	-0.707688486165	-0.707688486165	-0.707688486165	-0.707688486165	-0.707688486165	-0.707688486165	-0.707688486165	-0.707688486165	-0.707688486165	-0.707688486165	
9.23333333333	161.339927546	161.463368743	161.58671061	161.709883036	161.832928046	161.955761493	162.078439583	162.200864199	162.323105663	162.445051975	0.127751641357	0.137413579822	0.148270187795	0.160904890334	0.174725437885	0.190314743098	0.207082820614	0.2256110555	0.245311477168	0.266763266886	0.0781123305867	0.0877941957626	0.102219839884	0.111852267735	0.126239271543	0.135841779523	0.150204143303	0.15978600126	0.174130192055	0.1836945949	167.893864041	167.738531606	167.583199171	167.427866736	167.272534301	167.117201866	166.961869431	166.806536996	166.651204561	166.495872127	-2.24892819394	-2.06736270337	-1.88579721279	-1.70423172222	-1.52266623165	-1.34110074108	-1.15953525051	-0.977969759938	-0.796404269367	-0.614838778796	-0.707688486165	-0.707688486165	-0.707688486165	-0.707688486165	-0.707688486165	-0.707688486165	-0.707688486165	-0.707688486165	-0.707688486165	-0.707688486165	
9.25	161.339927546	161.463368743	161.58671061	161.709883036	161.832928046	161.955761493	162.078439583	162.200864199	162.323105663	162.445051975	0.127751641357	0.137413579822	0.148270187795	0.160904890334	0.174725437885	0.190314743098	0.207082820614	0.2256110555	0.245311477168	0.266763266886	0.0781123305867	0.0877941957626	0.102219839884	0.111852267735	0.126239271543	0.135841779523	0.150204143303	0.15978600126	0.174130192055	0.1836945949	167.893864041	167.738531606	167.583199171	167.427866736	167.272534301	167.117201866	166.961869431	166.806536996	166.651204561	166.495872127	-2.24892819394	-2.06736270337	-1.88579721279	-1.70423172222	-1.52266623165	-1.34110074108	-1.15953525051	-0.977969759938	-0.796404269367	-0.614838778796	-0.707688486165	-0.707688486165	-0.707688486165	-0.707688486165	-0.707688486165	-0.707688486165	-0.707688486165	-0.707688486165	-0.707688486165	-0.707688486165	
9.26666666667	161.339927546	161.463368743	161.58671061	161.709883036	161.832928046	161.955761493	162.078439583	162.200864199	162.323105663	162.445051975	0.127751641357	0.137413579822	0.148270187795	0.160904890334	0.174725437885	0.190314743098	0.207082820614	0.2256110555	0.245311477168	0.266763266886	0.0781123305867	0.0877941957626	0.102219839884	0.111852267735	0.126239271543	0.135841779523	0.150204143303	0.15978600126	0.174130192055	0.1836945949	167.893864041	167.738531606	167.583199171	167.427866736	167.272534301	167.117201866	166.961869431	166.806536996	166.651204561	166.495872127	-2.24892819394	-2.06736270337	-1.88579721279	-1.70423172222	-1.52266623165	-1.34110074108	-1.15953525051	-0.977969759938	-0.796404269367	-0.614838778796	-0.707688486165	-0.707688486165	-0.707688486165	-0.707688486165	-0.707688486165	-0.707688486165	-0.707688486165	-0.707688486165	-0.707688486165	-0.707688486165	
9.28333333333	161.339927546	161.463368743	161.58671061	161.709883036	161.832928046	161.955761493	162.078439583	162.200864199	162.323105663	162.445051975	0.127751641357	0.137413579822	0.148270187795	0.160904890334	0.174725437885	0.190314743098	0.207082820614	0.2256110555	0.245311477168	0.266763266886	0.0781123305867	0.0877941957626	0.102219839884	0.111852267735	0.126239271543	0.135841779523	0.150204143303	0.15978600126	0.174130192055	0.1836945949	167.893864041	167.738531606	167.583199171	167.427866736	167.272534301	167.117201866	166.961869431	166.806536996	166.651204561	166.495872127	-2.24892819394	-2.06736270337	-1.88579721279	-1.70423172222	-1.52266623165	-1.34110074108	-1.15953525051	-0.977969759938	-0.796404269367	-0.614838778796	-0.707688486165	-0.707688486165	-0.707688486165	-0.707688486165	-0.707688486165	-0.707688486165	-0.707688486165	-0.707688486165	-0.707688486165	-0.707688486165	
9.3	161.339927546	161.463368743	161.58671061	161.709883036	161.832928046	161.955761493	162.078439583	162.200864199	162.323105663	162.445051975	0.127751641357	0.137413579822	0.148270187795	0.160904890334	0.174725437885	0.190314743098	0.207082820614	0.2256110555	0.245311477168	0.266763266886	0.0781123305867	0.0877941957626	0.102219839884	0.111852267735	0.126239271543	0.135841779523	0.150204143303	0.15978600126	0.174130192055	0.1836945949	167.893864041	167.738531606	167.583199171	167.427866736	167.272534301	167.117201866	166.961869431	166.806536996	166.651204561	166.495872127	-2.24892819394	-2.06736270337	-1.88579721279	-1.70423172222	-1.52266623165	-1.34110074108	-1.15953525051	-0.977969759938	-0.796404269367	-0.614838778796	-0.707688486165	-0.707688486165	-0.707688486165	-0.707688486165	-0.707688486165	-0.707688486165	-0.707688486165	-0.707688486165	-0.707688486165	-0.707688486165	
9.31666666667	161.339927546	161.463368743	161.58671061	161.709883036	161.832928046	161.955761493	162.078439583	162.200864199	162.323105663	162.445051975	0.127751641357	0.137413579822	0.148270187795	0.160904890334	0.174725437885	0.190314743098	0.207082820614	0.2256110555	0.245311477168	0.266763266886	0.0781123305867	0.0877941957626	0.102219839884	0.111852267735	0.126239271543	0.135841779523	0.150204143303	0.15978600126	0.174130192055	0.1836945949	167.893864041	167.738531606	167.583199171	167.427866736	167.272534301	167.117201866	166.961869431	166.806536996	166.651204561	166.495872127	-2.24892819394	-2.06736270337	-1.88579721279	-1.70423172222	-1.52266623165	-1.34110074108	-1.15953525051	-0.977969759938	-0.796404269367	-0.614838778796	-0.707688486165	-0.707688486165	-0.707688486165	-0.707688486165	-0.707688486165	-0.707688486165	-0.707688486165	-0.707688486165	-0.707688486165	-0.707688486165	
9.33333333333	161.339927546	161.463368743	161.58671061	161.709883036	161.832928046	161.955761493	162.078439583	162.200864199	162.323105663	162.445051975	0.127751641357	0.137413579822	0.148270187795	0.160904890334	0.174725437885	0.190314743098	0.207082820614	0.2256110555	0.245311477168	0.266763266886	0.0781123305867	0.0877941957626	0.102219839884	0.111852267735	0.126239271543	0.135841779523	0.150204143303	0.15978600126	0.174130192055	0.1836945949	167.893864041	167.738531606	167.583199171	167.427866736	167.272534301	167.117201866	166.961869431	166.806536996	166.651204561	166.495872127	-2.24892819394	-2.06736270337	-1.88579721279	-1.70423172222	-1.52266623165	-1.34110074108	-1.15953525051	-0.977969759938	-0.796404269367	-0.614838778796	-0.707688486165	-0.707688486165	-0.707688486165	-0.707688486165	-0.707688486165	-0.707688486165	-0.707688486165	-0.707688486165	-0.707688486165	-0.707688486165	
9.35	161.339927546	161.463368743	161.58671061	161.709883036	161.832928046	161.955761493	162.078439583	162.200864199	162.323105663	162.445051975	0.127751641357	0.137413579822	0.148270187795	0.160904890334	0.174725437885	0.190314743098	0.207082820614	0.2256110555	0.245311477168	0.266763266886	0.0781123305867	0.0877941957626	0.102219839884	0.111852267735	0.126239271543	0.135841779523	0.150204143303	0.15978600126	0.174130192055	0.1836945949	167.893864041	167.738531606	167.583199171	167.427866736	167.272534301	167.117201866	166.961869431	166.806536996	166.651204561	166.495872127	-2.24892819394	-2.06736270337	-1.88579721279	-1.70423172222	-1.52266623165	-1.34110074108	-1.15953525051	-0.977969759938	-0.796404269367	-0.614838778796	-0.707688486165	-0.707688486165	-0.707688486165	-0.707688486165	-0.707688486165	-0.707688486165	-0.707688486165	-0.707688486165	-0.707688486165	-0.707688486165	
9.36666666667	161.339927546	161.463368743	161.58671061	161.709883036	161.832928046	161.955761493	162.078439583	162.200864199	162.323105663	162.445051975	0.127751641357	0.137413579822	0.148270187795	0.160904890334	0.174725437885	0.190314743098	0.207082820614	0.2256110555	0.245311477168	0.266763266886	0.0781123305867	0.0877941957626	0.102219839884	0.111852267735	0.126239271543	0.135841779523	0.150204143303	0.15978600126	0.174130192055	0.1836945949	167.893864041	167.738531606	167.583199171	167.427866736	167.272534301	167.117201866	166.961869431	166.806536996	166.651204561	166.495872127	-2.24892819394	-2.06736270337	-1.88579721279	-1.70423172222	-1.52266623165	-1.34110074108	-1.15953525051	-0.977969759938	-0.796404269367	-0.614838778796	-0.707688486165	-0.707688486165	-0.707688486165	-0.707688486165	-0.707688486165	-0.707688486165	-0.707688486165	-0.707688486165	-0.707688486165	-0.707688486165	
9.38333333333	161.339927546	161.463368743	161.58671061	161.709883036	161.832928046	161.955761493	162.078439583	162.200864199	162.323105663	162.445051975	0.127751641357	0.137413579822	0.148270187795	0.160904890334	0.174725437885	0.190314743098	0.207082820614	0.2256110555	0.245311477168	0.266763266886	0.0781123305867	0.0877941957626	0.102219839884	0.111852267735	0.126239271543	0.135841779523	0.150204143303	0.15978600126	0.174130192055	0.1836945949	167.893864041	167.738531606	167.583199171	167.427866736	167.272534301	167.117201866	166.961869431	166.806536996	166.651204561	166.495872127	-2.24892819394	-2.06736270337	-1.88579721279	-1.70423172222	-1.52266623165	-1.34110074108	-1.15953525051	-0.977969759938	-0.796404269367	-0.614838778796	-0.707688486165	-0.707688486165	-0.707688486165	-0.707688486165	-0.707688486165	-0.707688486165	-0.707688486165	-0.707688486165	-0.707688486165	-0.707688486165	
9.4	161.339927546	161.463368743	161.58671061	161.709883036	161.832928046	161.955761493	162.078439583	162.200864199	162.323105663	162.445051975	0.127751641357	0.137413579822	0.148270187795	0.160904890334	0.174725437885	0.190314743098	0.207082820614	0.2256110555	0.245311477168	0.266763266886	0.0781123305867	0.0877941957626	0.102219839884	0.111852267735	0.126239271543	0.135841779523	0.150204143303	0.15978600126	0.174130192055	0.1836945949	167.893864041	167.738531606	167.583199171	167.427866736	167.272534301	167.117201866	166.961869431	166.806536996	166.651204561	166.495872127	-2.24892819394	-2.06736270337	-1.88579721279	-1.70423172222	-1.52266623165	-1.34110074108	-1.15953525051	-0.977969759938	-0.796404269367	-0.614838778796	-0.707688486165	-0.707688486165	-0.707688486165	-0.707688486165	-0.707688486165	-0.707688486165	-0.707688486165	-0.707688486165	-0.707688486165	-0.707688486165	
9.41666666667	161.339927546	161.463368743	161.58671061	161.709883036	161.832928046	161.955761493	162.078439583	162.200864199	162.323105663	162.445051975	0.127751641357	0.137413579822	0.148270187795	0.160904890334	0.174725437885	0.190314743098	0.207082820614	0.2256110555	0.245311477168	0.266763266886	0.0781123305867	0.0877941957626	0.102219839884	0.111852267735	0.126239271543	0.135841779523	0.150204143303	0.15978600126	0.174130192055	0.1836945949	167.893864041	167.738531606	167.583199171	167.427866736	167.272534301	167.117201866	166.961869431	166.806536996	166.651204561	166.495872127	-2.24892819394	-2.06736270337	-1.88579721279	-1.70423172222	-1.52266623165	-1.34110074108	-1.15953525051	-0.977969759938	-0.796404269367	-0.614838778796	-0.707688486165	-0.707688486165	-0.707688486165	-0.707688486165	-0.707688486165	-0.707688486165	-0.707688486165	-0.707688486165	-0.707688486165	-0.707688486165	
9.43333333333	161.339927546	161.463368743	161.58671061	161.709883036	161.832928046	161.955761493	162.078439583	162.200864199	162.323105663	162.445051975	0.127751641357	0.137413579822	0.148270187795	0.160904890334	0.174725437885	0.190314743098	0.207082820614	0.2256110555	0.245311477168	0.266763266886	0.0781123305867	0.0877941957626	0.102219839884	0.111852267735	0.126239271543	0.135841779523	0.150204143303	0.15978600126	0.174130192055	0.1836945949	167.893864041	167.738531606	167.583199171	167.427866736	167.272534301	167.117201866	166.961869431	166.806536996	166.651204561	166.495872127	-2.24892819394	-2.06736270337	-1.88579721279	-1.70423172222	-1.52266623165	-1.34110074108	-1.15953525051	-0.977969759938	-0.796404269367	-0.614838778796	-0.707688486165	-0.707688486165	-0.707688486165	-0.707688486165	-0.707688486165	-0.707688486165	-0.707688486165	-0.707688486165	-0.707688486165	-0.707688486165	
9.45	161.339927546	161.463368743	161.58671061	161.709883036	161.832928046	161.955761493	162.078439583	162.200864199	162.323105663	162.445051975	0.127751641357	0.137413579822	0.148270187795	0.160904890334	0.174725437885	0.190314743098	0.207082820614	0.2256110555	0.245311477168	0.266763266886	0.0781123305867	0.0877941957626	0.102219839884	0.111852267735	0.126239271543	0.135841779523	0.150204143303	0.15978600126	0.174130192055	0.1836945949	167.893864041	167.738531606	167.583199171	167.427866736	167.272534301	167.117201866	166.961869431	166.806536996	166.651204561	166.495872127	-2.24892819394	-2.06736270337	-1.88579721279	-1.70423172222	-1.52266623165	-1.34110074108	-1.15953525051	-0.977969759938	-0.796404269367	-0.614838778796	-0.707688486165	-0.707688486165	-0.707688486165	-0.707688486165	-0.707688486165	-0.707688486165	-0.707688486165	-0.707688486165	-0.707688486165	-0.707688486165	
9.46666666667	161.339927546	161.463368743	161.58671061	161.709883036	161.832928046	161.955761493	162.078439583	162.200864199	162.323105663	162.445051975	0.127751641357	0.137413579822	0.148270187795	0.160904890334	0.174725437885	0.190314743098	0.207082820614	0.2256110555	0.245311477168	0.266763266886	0.0781123305867	0.0877941957626	0.102219839884	0.111852267735	0.126239271543	0.135841779523	0.150204143303	0.15978600126	0.174130192055	0.1836945949	167.893864041	167.738531606	167.583199171	167.427866736	167.272534301	167.117201866	166.961869431	166.806536996	166.651204561	166.495872127	-2.24892819394	-2.06736270337	-1.88579721279	-1.70423172222	-1.52266623165	-1.34110074108	-1.15953525051	-0.977969759938	-0.796404269367	-0.614838778796	-0.707688486165	-0.707688486165	-0.707688486165	-0.707688486165	-0.707688486165	-0.707688486165	-0.707688486165	-0.707688486165	-0.707688486165	-0.707688486165	
9.48333333333	161.339927546	161.463368743	161.58671061	161.709883036	161.832928046	161.955761493	162.078439583	162.200864199	162.323105663	162.445051975	0.127751641357	0.137413579822	0.148270187795	0.160904890334	0.174725437885	0.190314743098	0.207082820614	0.2256110555	0.245311477168	0.266763266886	0.0781123305867	0.0877941957626	0.102219839884	0.111852267735	0.126239271543	0.135841779523	0.150204143303	0.15978600126	0.174130192055	0.1836945949	167.893864041	167.738531606	167.583199171	167.427866736	167.272534301	167.117201866	166.961869431	166.806536996	166.651204561	166.495872127	-2.24892819394	-2.06736270337	-1.88579721279	-1.70423172222	-1.52266623165	-1.34110074108	-1.15953525051	-0.977969759938	-0.796404269367	-0.614838778796	-0.707688486165	-0.707688486165	-0.707688486165	-0.707688486165	-0.707688486165	-0.707688486165	-0.707688486165	-0.707688486165	-0.707688486165	-0.707688486165	
9.5	161.339927546	161.463368743	161.58671061	161.709883036	161.832928046	161.955761493	162.078439583	162.200864199	162.323105663	162.445051975	0.127751641357	0.137413579822	0.148270187795	0.160904890334	0.174725437885	0.190314743098	0.207082820614	0.2256110555	0.245311477168	0.266763266886	0.0781123305867	0.0877941957626	0.102219839884	0.111852267735	0.126239271543	0.135841779523	0.150204143303	0.15978600126	0.174130192055	0.1836945949	167.893864041	167.738531606	167.583199171	167.427866736	167.272534301	167.117201866	166.961869431	166.806536996	166.651204561	166.495872127	-2.24892819394	-2.06736270337	-1.88579721279	-1.70423172222	-1.52266623165	-1.34110074108	-1.15953525051	-0.977969759938	-0.796404269367	-0.614838778796	-0.707688486165	-0.707688486165	-0.707688486165	-0.707688486165	-0.707688486165	-0.707688486165	-0.707688486165	-0.707688486165	-0.707688486165	-0.707688486165	
9.51666666667	161.339927546	161.463368743	161.58671061	161.709883036	161.832928046	161.955761493	162.078439583	162.200864199	162.323105663	162.445051975	0.127751641357	0.137413579822	0.148270187795	0.160904890334	0.174725437885	0.190314743098	0.207082820614	0.2256110555	0.245311477168	0.266763266886	0.0781123305867	0.0877941957626	0.102219839884	0.111852267735	0.126239271543	0.135841779523	0.150204143303	0.15978600126	0.174130192055	0.1836945949	167.893864041	167.738531606	167.583199171	167.427866736	167.272534301	167.117201866	166.961869431	166.806536996	166.651204561	166.495872127	-2.24892819394	-2.06736270337	-1.88579721279	-1.70423172222	-1.52266623165	-1.34110074108	-1.15953525051	-0.977969759938	-0.796404269367	-0.614838778796	-0.707688486165	-0.707688486165	-0.707688486165	-0.707688486165	-0.707688486165	-0.707688486165	-0.707688486165	-0.707688486165	-0.707688486165	-0.707688486165	
9.53333333333	161.339927546	161.463368743	161.58671061	161.709883036	161.832928046	161.955761493	162.078439583	162.200864199	162.323105663	162.445051975	0.127751641357	0.137413579822	0.148270187795	0.160904890334	0.174725437885	0.190314743098	0.207082820614	0.2256110555	0.245311477168	0.266763266886	0.0781123305867	0.0877941957626	0.102219839884	0.111852267735	0.126239271543	0.135841779523	0.150204143303	0.15978600126	0.174130192055	0.1836945949	167.893864041	167.738531606	167.583199171	167.427866736	167.272534301	167.117201866	166.961869431	166.806536996	166.651204561	166.495872127	-2.24892819394	-2.06736270337	-1.88579721279	-1.70423172222	-1.52266623165	-1.34110074108	-1.15953525051	-0.977969759938	-0.796404269367	-0.614838778796	-0.707688486165	-0.707688486165	-0.707688486165	-0.707688486165	-0.707688486165	-0.707688486165	-0.707688486165	-0.707688486165	-0.707688486165	-0.707688486165	
9.55	161.339927546	161.463368743	161.58671061	161.709883036	161.832928046	161.955761493	162.078439583	162.200864199	162.323105663	162.445051975	0.127751641357	0.137413579822	0.148270187795	0.160904890334	0.174725437885	0.190314743098	0.207082820614	0.2256110555	0.245311477168	0.266763266886	0.0781123305867	0.0877941957626	0.102219839884	0.111852267735	0.126239271543	0.135841779523	0.150204143303	0.15978600126	0.174130192055	0.1836945949	167.893864041	167.738531606	167.583199171	167.427866736	167.272534301	167.117201866	166.961869431	166.806536996	166.651204561	166.495872127	-2.24892819394	-2.06736270337	-1.88579721279	-1.70423172222	-1.52266623165	-1.34110074108	-1.15953525051	-0.977969759938	-0.796404269367	-0.614838778796	-0.707688486165	-0.707688486165	-0.707688486165	-0.707688486165	-0.707688486165	-0.707688486165	-0.707688486165	-0.707688486165	-0.707688486165	-0.707688486165	
9.56666666667	161.339927546	161.463368743	161.58671061	161.709883036	161.832928046	161.955761493	162.078439583	162.200864199	162.323105663	162.445051975	0.127751641357	0.137413579822	0.148270187795	0.160904890334	0.174725437885	0.190314743098	0.207082820614	0.2256110555	0.245311477168	0.266763266886	0.0781123305867	0.0877941957626	0.102219839884	0.111852267735	0.126239271543	0.135841779523	0.150204143303	0.15978600126	0.174130192055	0.1836945949	167.893864041	167.738531606	167.583199171	167.427866736	167.272534301	167.117201866	166.961869431	166.806536996	166.651204561	166.495872127	-2.24892819394	-2.06736270337	-1.88579721279	-1.70423172222	-1.52266623165	-1.34110074108	-1.15953525051	-0.977969759938	-0.796404269367	-0.614838778796	-0.707688486165	-0.707688486165	-0.707688486165	-0.707688486165	-0.707688486165	-0.707688486165	-0.707688486165	-0.707688486165	-0.707688486165	-0.707688486165	
9.58333333333	161.339927546	161.463368743	161.58671061	161.709883036	161.832928046	161.955761493	162.078439583	162.200864199	162.323105663	162.445051975	0.127751641357	0.137413579822	0.148270187795	0.160904890334	0.174725437885	0.190314743098	0.207082820614	0.2256110555	0.245311477168	0.266763266886	0.0781123305867	0.0877941957626	0.102219839884	0.111852267735	0.126239271543	0.135841779523	0.150204143303	0.15978600126	0.174130192055	0.1836945949	167.893864041	167.738531606	167.583199171	167.427866736	167.272534301	167.117201866	166.961869431	166.806536996	166.651204561	166.495872127	-2.24892819394	-2.06736270337	-1.88579721279	-1.70423172222	-1.52266623165	-1.34110074108	-1.15953525051	-0.977969759938	-0.796404269367	-0.614838778796	-0.707688486165	-0.707688486165	-0.707688486165	-0.707688486165	-0.707688486165	-0.707688486165	-0.707688486165	-0.707688486165	-0.707688486165	-0.707688486165	
9.6	161.339927546	161.463368743	161.58671061	161.709883036	161.832928046	161.955761493	162.078439583	162.200864199	162.323105663	162.445051975	0.127751641357	0.137413579822	0.148270187795	0.160904890334	0.174725437885	0.190314743098	0.207082820614	0.2256110555	0.245311477168	0.266763266886	0.0781123305867	0.0877941957626	0.102219839884	0.111852267735	0.126239271543	0.135841779523	0.150204143303	0.15978600126	0.174130192055	0.1836945949	167.893864041	167.738531606	167.583199171	167.427866736	167.272534301	167.117201866	166.961869431	166.806536996	166.651204561	166.495872127	-2.24892819394	-2.06736270337	-1.88579721279	-1.70423172222	-1.52266623165	-1.34110074108	-1.15953525051	-0.977969759938	-0.796404269367	-0.614838778796	-0.707688486165	-0.707688486165	-0.707688486165	-0.707688486165	-0.707688486165	-0.707688486165	-0.707688486165	-0.707688486165	-0.707688486165	-0.707688486165	
9.61666666667	161.339927546	161.463368743	161.58671061	161.709883036	161.832928046	161.955761493	162.078439583	162.200864199	162.323105663	162.445051975	0.127751641357	0.137413579822	0.148270187795	0.160904890334	0.174725437885	0.190314743098	0.207082820614	0.2256110555	0.245311477168	0.266763266886	0.0781123305867	0.0877941957626	0.102219839884	0.111852267735	0.126239271543	0.135841779523	0.150204143303	0.15978600126	0.174130192055	0.1836945949	167.893864041	167.738531606	167.583199171	167.427866736	167.272534301	167.117201866	166.961869431	166.806536996	166.651204561	166.495872127	-2.24892819394	-2.06736270337	-1.88579721279	-1.70423172222	-1.52266623165	-1.34110074108	-1.15953525051	-0.977969759938	-0.796404269367	-0.614838778796	-0.707688486165	-0.707688486165	-0.707688486165	-0.707688486165	-0.707688486165	-0.707688486165	-0.707688486165	-0.707688486165	-0.707688486165	-0.707688486165	
9.63333333333	161.339927546	161.463368743	161.58671061	161.709883036	161.832928046	161.955761493	162.078439583	162.200864199	162.323105663	162.445051975	0.127751641357	0.137413579822	0.148270187795	0.160904890334	0.174725437885	0.190314743098	0.207082820614	0.2256110555	0.245311477168	0.266763266886	0.0781123305867	0.0877941957626	0.102219839884	0.111852267735	0.126239271543	0.135841779523	0.150204143303	0.15978600126	0.174130192055	0.1836945949	167.893864041	167.738531606	167.583199171	167.427866736	167.272534301	167.117201866	166.961869431	166.806536996	166.651204561	166.495872127	-2.24892819394	-2.06736270337	-1.88579721279	-1.70423172222	-1.52266623165	-1.34110074108	-1.15953525051	-0.977969759938	-0.796404269367	-0.614838778796	-0.707688486165	-0.707688486165	-0.707688486165	-0.707688486165	-0.707688486165	-0.707688486165	-0.707688486165	-0.707688486165	-0.707688486165	-0.707688486165	
9.65	161.339927546	161.463368743	161.58671061	161.709883036	161.832928046	161.955761493	162.078439583	162.200864199	162.323105663	162.445051975	0.127751641357	0.137413579822	0.148270187795	0.160904890334	0.174725437885	0.190314743098	0.207082820614	0.2256110555	0.245311477168	0.266763266886	0.0781123305867	0.0877941957626	0.102219839884	0.111852267735	0.126239271543	0.135841779523	0.150204143303	0.15978600126	0.174130192055	0.1836945949	167.893864041	167.738531606	167.583199171	167.427866736	167.272534301	167.117201866	166.961869431	166.806536996	166.651204561	166.495872127	-2.24892819394	-2.06736270337	-1.88579721279	-1.70423172222	-1.52266623165	-1.34110074108	-1.15953525051	-0.977969759938	-0.796404269367	-0.614838778796	-0.707688486165	-0.707688486165	-0.707688486165	-0.707688486165	-0.707688486165	-0.707688486165	-0.707688486165	-0.707688486165	-0.707688486165	-0.707688486165	
9.66666666667	161.339927546	161.463368743	161.58671061	161.709883036	161.832928046	161.955761493	162.078439583	162.200864199	162.323105663	162.445051975	0.127751641357	0.137413579822	0.148270187795	0.160904890334	0.174725437885	0.190314743098	0.207082820614	0.2256110555	0.245311477168	0.266763266886	0.0781123305867	0.0877941957626	0.102219839884	0.111852267735	0.126239271543	0.135841779523	0.150204143303	0.15978600126	0.174130192055	0.1836945949	167.893864041	167.738531606	167.583199171	167.427866736	167.272534301	167.117201866	166.961869431	166.806536996	166.651204561	166.495872127	-2.24892819394	-2.06736270337	-1.88579721279	-1.70423172222	-1.52266623165	-1.34110074108	-1.15953525051	-0.977969759938	-0.796404269367	-0.614838778796	-0.707688486165	-0.707688486165	-0.707688486165	-0.707688486165	-0.707688486165	-0.707688486165	-0.707688486165	-0.707688486165	-0.707688486165	-0.707688486165	
9.68333333333	161.339927546	161.463368743	161.58671061	161.709883036	161.832928046	161.955761493	162.078439583	162.200864199	162.323105663	162.445051975	0.127751641357	0.137413579822	0.148270187795	0.160904890334	0.174725437885	0.190314743098	0.207082820614	0.2256110555	0.245311477168	0.266763266886	0.0781123305867	0.0877941957626	0.102219839884	0.111852267735	0.126239271543	0.135841779523	0.150204143303	0.15978600126	0.174130192055	0.1836945949	167.893864041	167.738531606	167.583199171	167.427866736	167.272534301	167.117201866	166.961869431	166.806536996	166.651204561	166.495872127	-2.24892819394	-2.06736270337	-1.88579721279	-1.70423172222	-1.52266623165	-1.34110074108	-1.15953525051	-0.977969759938	-0.796404269367	-0.614838778796	-0.707688486165	-0.707688486165	-0.707688486165	-0.707688486165	-0.707688486165	-0.707688486165	-0.707688486165	-0.707688486165	-0.707688486165	-0.707688486165	
9.7	161.339927546	161.463368743	161.58671061	161.709883036	161.832928046	161.955761493	162.078439583	162.200864199	162.323105663	162.445051975	0.127751641357	0.137413579822	0.148270187795	0.160904890334	0.174725437885	0.190314743098	0.207082820614	0.2256110555	0.245311477168	0.266763266886	0.0781123305867	0.0877941957626	0.102219839884	0.111852267735	0.126239271543	0.135841779523	0.150204143303	0.15978600126	0.174130192055	0.1836945949	167.893864041	167.738531606	167.583199171	167.427866736	167.272534301	167.117201866	166.961869431	166.806536996	166.651204561	166.495872127	-2.24892819394	-2.06736270337	-1.88579721279	-1.70423172222	-1.52266623165	-1.34110074108	-1.15953525051	-0.977969759938	-0.796404269367	-0.614838778796	-0.707688486165	-0.707688486165	-0.707688486165	-0.707688486165	-0.707688486165	-0.707688486165	-0.707688486165	-0.707688486165	-0.707688486165	-0.707688486165	
9.71666666667	161.339927546	161.463368743	161.58671061	161.709883036	161.832928046	161.955761493	162.078439583	162.200864199	162.323105663	162.445051975	0.127751641357	0.137413579822	0.148270187795	0.160904890334	0.174725437885	0.190314743098	0.207082820614	0.2256110555	0.245311477168	0.266763266886	0.0781123305867	0.0877941957626	0.102219839884	0.111852267735	0.126239271543	0.135841779523	0.150204143303	0.15978600126	0.174130192055	0.1836945949	167.893864041	167.738531606	167.583199171	167.427866736	167.272534301	167.117201866	166.961869431	166.806536996	166.651204561	166.495872127	-2.24892819394	-2.06736270337	-1.88579721279	-1.70423172222	-1.52266623165	-1.34110074108	-1.15953525051	-0.977969759938	-0.796404269367	-0.614838778796	-0.707688486165	-0.707688486165	-0.707688486165	-0.707688486165	-0.707688486165	-0.707688486165	-0.707688486165	-0.707688486165	-0.707688486165	-0.707688486165	
9.73333333333	161.339927546	161.463368743	161.58671061	161.709883036	161.832928046	161.955761493	162.078439583	162.200864199	162.323105663	162.445051975	0.127751641357	0.137413579822	0.148270187795	0.160904890334	0.174725437885	0.190314743098	0.207082820614	0.2256110555	0.245311477168	0.266763266886	0.0781123305867	0.0877941957626	0.102219839884	0.111852267735	0.126239271543	0.135841779523	0.150204143303	0.15978600126	0.174130192055	0.1836945949	167.893864041	167.738531606	167.583199171	167.427866736	167.272534301	167.117201866	166.961869431	166.806536996	166.651204561	166.495872127	-2.24892819394	-2.06736270337	-1.88579721279	-1.70423172222	-1.52266623165	-1.34110074108	-1.15953525051	-0.977969759938	-0.796404269367	-0.614838778796	-0.707688486165	-0.707688486165	-0.707688486165	-0.707688486165	-0.707688486165	-0.707688486165	-0.707688486165	-0.707688486165	-0.707688486165	-0.707688486165	
9.75	161.339927546	161.463368743	161.58671061	161.709883036	161.832928046	161.955761493	162.078439583	162.200864199	162.323105663	162.445051975	0.127751641357	0.137413579822	0.148270187795	0.160904890334	0.174725437885	0.190314743098	0.207082820614	0.2256110555	0.245311477168	0.266763266886	0.0781123305867	0.0877941957626	0.102219839884	0.111852267735	0.126239271543	0.135841779523	0.150204143303	0.15978600126	0.174130192055	0.1836945949	167.893864041	167.738531606	167.583199171	167.427866736	167.272534301	167.117201866	166.961869431	166.806536996	166.651204561	166.495872127	-2.24892819394	-2.06736270337	-1.88579721279	-1.70423172222	-1.52266623165	-1.34110074108	-1.15953525051	-0.977969759938	-0.796404269367	-0.614838778796	-0.707688486165	-0.707688486165	-0.707688486165	-0.707688486165	-0.707688486165	-0.707688486165	-0.707688486165	-0.707688486165	-0.707688486165	-0.707688486165	
9.76666666667	161.339927546	161.463368743	161.58671061	161.709883036	161.832928046	161.955761493	162.078439583	162.200864199	162.323105663	162.445051975	0.127751641357	0.137413579822	0.148270187795	0.160904890334	0.174725437885	0.190314743098	0.207082820614	0.2256110555	0.245311477168	0.266763266886	0.0781123305867	0.0877941957626	0.102219839884	0.111852267735	0.126239271543	0.135841779523	0.150204143303	0.15978600126	0.174130192055	0.1836945949	167.893864041	167.738531606	167.583199171	167.427866736	167.272534301	167.117201866	166.961869431	166.806536996	166.651204561	166.495872127	-2.24892819394	-2.06736270337	-1.88579721279	-1.70423172222	-1.52266623165	-1.34110074108	-1.15953525051	-0.977969759938	-0.796404269367	-0.614838778796	-0.707688486165	-0.707688486165	-0.707688486165	-0.707688486165	-0.707688486165	-0.707688486165	-0.707688486165	-0.707688486165	-0.707688486165	-0.707688486165	
9.78333333333	161.339927546	161.463368743	161.58671061	161.709883036	161.832928046	161.955761493	162.078439583	162.200864199	162.323105663	162.445051975	0.127751641357	0.137413579822	0.148270187795	0.160904890334	0.174725437885	0.190314743098	0.207082820614	0.2256110555	0.245311477168	0.266763266886	0.0781123305867	0.0877941957626	0.102219839884	0.111852267735	0.126239271543	0.135841779523	0.150204143303	0.15978600126	0.174130192055	0.1836945949	167.893864041	167.738531606	167.583199171	167.427866736	167.272534301	167.117201866	166.961869431	166.806536996	166.651204561	166.495872127	-2.24892819394	-2.06736270337	-1.88579721279	-1.70423172222	-1.52266623165	-1.34110074108	-1.15953525051	-0.977969759938	-0.796404269367	-0.614838778796	-0.707688486165	-0.707688486165	-0.707688486165	-0.707688486165	-0.707688486165	-0.707688486165	-0.707688486165	-0.707688486165	-0.707688486165	-0.707688486165	
9.8	161.339927546	161.463368743	161.58671061	161.709883036	161.832928046	161.955761493	162.078439583	162.200864199	162.323105663	162.445051975	0.127751641357	0.137413579822	0.148270187795	0.160904890334	0.174725437885	0.190314743098	0.207082820614	0.2256110555	0.245311477168	0.266763266886	0.0781123305867	0.0877941957626	0.102219839884	0.111852267735	0.126239271543	0.135841779523	0.150204143303	0.15978600126	0.174130192055	0.1836945949	167.893864041	167.738531606	167.583199171	167.427866736	167.272534301	167.117201866	166.961869431	166.806536996	166.651204561	166.495872127	-2.24892819394	-2.06736270337	-1.88579721279	-1.70423172222	-1.52266623165	-1.34110074108	-1.15953525051	-0.977969759938	-0.796404269367	-0.614838778796	-0.707688486165	-0.707688486165	-0.707688486165	-0.707688486165	-0.707688486165	-0.707688486165	-0.707688486165	-0.707688486165	-0.707688486165	-0.707688486165	
9.81666666667	161.339927546	161.463368743	161.58671061	161.709883036	161.832928046	161.955761493	162.078439583	162.200864199	162.323105663	162.445051975	0.127751641357	0.137413579822	0.148270187795	0.160904890334	0.174725437885	0.190314743098	0.207082820614	0.2256110555	0.245311477168	0.266763266886	0.0781123305867	0.0877941957626	0.102219839884	0.111852267735	0.126239271543	0.135841779523	0.150204143303	0.15978600126	0.174130192055	0.1836945949	167.893864041	167.738531606	167.583199171	167.427866736	167.272534301	167.117201866	166.961869431	166.806536996	166.651204561	166.495872127	-2.24892819394	-2.06736270337	-1.88579721279	-1.70423172222	-1.52266623165	-1.34110074108	-1.15953525051	-0.977969759938	-0.796404269367	-0.614838778796	-0.707688486165	-0.707688486165	-0.707688486165	-0.707688486165	-0.707688486165	-0.707688486165	-0.707688486165	-0.707688486165	-0.707688486165	-0.707688486165	
9.83333333333	161.339927546	161.463368743	161.58671061	161.709883036	161.832928046	161.955761493	162.078439583	162.200864199	162.323105663	162.445051975	0.127751641357	0.137413579822	0.148270187795	0.160904890334	0.174725437885	0.190314743098	0.207082820614	0.2256110555	0.245311477168	0.266763266886	0.0781123305867	0.0877941957626	0.102219839884	0.111852267735	0.126239271543	0.135841779523	0.150204143303	0.15978600126	0.174130192055	0.1836945949	167.893864041	167.738531606	167.583199171	167.427866736	167.272534301	167.117201866	166.961869431	166.806536996	166.651204561	166.495872127	-2.24892819394	-2.06736270337	-1.88579721279	-1.70423172222	-1.52266623165	-1.34110074108	-1.15953525051	-0.977969759938	-0.796404269367	-0.614838778796	-0.707688486165	-0.707688486165	-0.707688486165	-0.707688486165	-0.707688486165	-0.707688486165	-0.707688486165	-0.707688486165	-0.707688486165	-0.707688486165	
9.85	161.339927546	161.463368743	161.58671061	161.709883036	161.832928046	161.955761493	162.078439583	162.200864199	162.323105663	162.445051975	0.127751641357	0.137413579822	0.148270187795	0.160904890334	0.174725437885	0.190314743098	0.207082820614	0.2256110555	0.245311477168	0.266763266886	0.0781123305867	0.0877941957626	0.102219839884	0.111852267735	0.126239271543	0.135841779523	0.150204143303	0.15978600126	0.174130192055	0.1836945949	167.893864041	167.738531606	167.583199171	167.427866736	167.272534301	167.117201866	166.961869431	166.806536996	166.651204561	166.495872127	-2.24892819394	-2.06736270337	-1.88579721279	-1.70423172222	-1.52266623165	-1.34110074108	-1.15953525051	-0.977969759938	-0.796404269367	-0.614838778796	-0.707688486165	-0.707688486165	-0.707688486165	-0.707688486165	-0.707688486165	-0.707688486165	-0.707688486165	-0.707688486165	-0.707688486165	-0.707688486165	
9.86666666667	161.339927546	161.463368743	161.58671061	161.709883036	161.832928046	161.955761493	162.078439583	162.200864199	162.323105663	162.445051975	0.127751641357	0.137413579822	0.148270187795	0.160904890334	0.174725437885	0.190314743098	0.207082820614	0.2256110555	0.245311477168	0.266763266886	0.0781123305867	0.0877941957626	0.102219839884	0.111852267735	0.126239271543	0.135841779523	0.150204143303	0.15978600126	0.174130192055	0.1836945949	167.893864041	167.738531606	167.583199171	167.427866736	167.272534301	167.117201866	166.961869431	166.806536996	166.651204561	166.495872127	-2.24892819394	-2.06736270337	-1.88579721279	-1.70423172222	-1.52266623165	-1.34110074108	-1.15953525051	-0.977969759938	-0.796404269367	-0.614838778796	-0.707688486165	-0.707688486165	-0.707688486165	-0.707688486165	-0.707688486165	-0.707688486165	-0.707688486165	-0.707688486165	-0.707688486165	-0.707688486165	
9.88333333333	161.339927546	161.463368743	161.58671061	161.709883036	161.832928046	161.955761493	162.078439583	162.200864199	162.323105663	162.445051975	0.127751641357	0.137413579822	0.148270187795	0.160904890334	0.174725437885	0.190314743098	0.207082820614	0.2256110555	0.245311477168	0.266763266886	0.0781123305867	0.0877941957626	0.102219839884	0.111852267735	0.126239271543	0.135841779523	0.150204143303	0.15978600126	0.174130192055	0.1836945949	167.893864041	167.738531606	167.583199171	167.427866736	167.272534301	167.117201866	166.961869431	166.806536996	166.651204561	166.495872127	-2.24892819394	-2.06736270337	-1.88579721279	-1.70423172222	-1.52266623165	-1.34110074108	-1.15953525051	-0.977969759938	-0.796404269367	-0.614838778796	-0.707688486165	-0.707688486165	-0.707688486165	-0.707688486165	-0.707688486165	-0.707688486165	-0.707688486165	-0.707688486165	-0.707688486165	-0.707688486165	
9.9	161.339927546	161.463368743	161.58671061	161.709883036	161.832928046	161.955761493	162.078439583	162.200864199	162.323105663	162.445051975	0.127751641357	0.137413579822	0.148270187795	0.160904890334	0.174725437885	0.190314743098	0.207082820614	0.2256110555	0.245311477168	0.266763266886	0.0781123305867	0.0877941957626	0.102219839884	0.111852267735	0.126239271543	0.135841779523	0.150204143303	0.15978600126	0.174130192055	0.1836945949	167.893864041	167.738531606	167.583199171	167.427866736	167.272534301	167.117201866	166.961869431	166.806536996	166.651204561	166.495872127	-2.24892819394	-2.06736270337	-1.88579721279	-1.70423172222	-1.52266623165	-1.34110074108	-1.15953525051	-0.977969759938	-0.796404269367	-0.614838778796	-0.707688486165	-0.707688486165	-0.707688486165	-0.707688486165	-0.707688486165	-0.707688486165	-0.707688486165	-0.707688486165	-0.707688486165	-0.707688486165	
9.91666666667	161.339927546	161.463368743	161.58671061	161.709883036	161.832928046	161.955761493	162.078439583	162.200864199	162.323105663	162.445051975	0.127751641357	0.137413579822	0.148270187795	0.160904890334	0.174725437885	0.190314743098	0.207082820614	0.2256110555	0.245311477168	0.266763266886	0.0781123305867	0.0877941957626	0.102219839884	0.111852267735	0.126239271543	0.135841779523	0.150204143303	0.15978600126	0.174130192055	0.1836945949	167.893864041	167.738531606	167.583199171	167.427866736	167.272534301	167.117201866	166.961869431	166.806536996	166.651204561	166.495872127	-2.24892819394	-2.06736270337	-1.88579721279	-1.70423172222	-1.52266623165	-1.34110074108	-1.15953525051	-0.977969759938	-0.796404269367	-0.614838778796	-0.707688486165	-0.707688486165	-0.707688486165	-0.707688486165	-0.707688486165	-0.707688486165	-0.707688486165	-0.707688486165	-0.707688486165	-0.707688486165	
9.93333333333	161.339927546	161.463368743	161.58671061	161.709883036	161.832928046	161.955761493	162.078439583	162.200864199	162.323105663	162.445051975	0.127751641357	0.137413579822	0.148270187795	0.160904890334	0.174725437885	0.190314743098	0.207082820614	0.2256110555	0.245311477168	0.266763266886	0.0781123305867	0.0877941957626	0.102219839884	0.111852267735	0.126239271543	0.135841779523	0.150204143303	0.15978600126	0.174130192055	0.1836945949	167.893864041	167.738531606	167.583199171	167.427866736	167.272534301	167.117201866	166.961869431	166.806536996	166.651204561	166.495872127	-2.24892819394	-2.06736270337	-1.88579721279	-1.70423172222	-1.52266623165	-1.34110074108	-1.15953525051	-0.977969759938	-0.796404269367	-0.614838778796	-0.707688486165	-0.707688486165	-0.707688486165	-0.707688486165	-0.707688486165	-0.707688486165	-0.707688486165	-0.707688486165	-0.707688486165	-0.707688486165	
9.95	161.339927546	161.463368743	161.58671061	161.709883036	161.832928046	161.955761493	162.078439583	162.200864199	162.323105663	162.445051975	0.127751641357	0.137413579822	0.148270187795	0.160904890334	0.174725437885	0.190314743098	0.207082820614	0.2256110555	0.245311477168	0.266763266886	0.0781123305867	0.0877941957626	0.102219839884	0.111852267735	0.126239271543	0.135841779523	0.150204143303	0.15978600126	0.174130192055	0.1836945949	167.893864041	167.738531606	167.583199171	167.427866736	167.272534301	167.117201866	166.961869431	166.806536996	166.651204561	166.495872127	-2.24892819394	-2.06736270337	-1.88579721279	-1.70423172222	-1.52266623165	-1.34110074108	-1.15953525051	-0.977969759938	-0.796404269367	-0.614838778796	-0.707688486165	-0.707688486165	-0.707688486165	-0.707688486165	-0.707688486165	-0.707688486165	-0.707688486165	-0.707688486165	-0.707688486165	-0.707688486165	
9.96666666667	161.339927546	161.463368743	161.58671061	161.709883036	161.832928046	161.955761493	162.078439583	162.200864199	162.323105663	162.445051975	0.127751641357	0.137413579822	0.148270187795	0.160904890334	0.174725437885	0.190314743098	0.207082820614	0.2256110555	0.245311477168	0.266763266886	0.0781123305867	0.0877941957626	0.102219839884	0.111852267735	0.126239271543	0.135841779523	0.150204143303	0.15978600126	0.174130192055	0.1836945949	167.893864041	167.738531606	167.583199171	167.427866736	167.272534301	167.117201866	166.961869431	166.806536996	166.651204561	166.495872127	-2.24892819394	-2.06736270337	-1.88579721279	-1.70423172222	-1.52266623165	-1.34110074108	-1.15953525051	-0.977969759938	-0.796404269367	-0.614838778796	-0.707688486165	-0.707688486165	-0.707688486165	-0.707688486165	-0.707688486165	-0.707688486165	-0.707688486165	-0.707688486165	-0.707688486165	-0.707688486165	
9.98333333333	161.339927546	161.463368743	161.58671061	161.709883036	161.832928046	161.955761493	162.078439583	162.200864199	162.323105663	162.445051975	0.127751641357	0.137413579822	0.148270187795	0.160904890334	0.174725437885	0.190314743098	0.207082820614	0.2256110555	0.245311477168	0.266763266886	0.0781123305867	0.0877941957626	0.102219839884	0.111852267735	0.126239271543	0.135841779523	0.150204143303	0.15978600126	0.174130192055	0.1836945949	167.893864041	167.738531606	167.583199171	167.427866736	167.272534301	167.117201866	166.961869431	166.806536996	166.651204561	166.495872127	-2.24892819394	-2.06736270337	-1.88579721279	-1.70423172222	-1.52266623165	-1.34110074108	-1.15953525051	-0.977969759938	-0.796404269367	-0.614838778796	-0.707688486165	-0.707688486165	-0.707688486165	-0.707688486165	-0.707688486165	-0.707688486165	-0.707688486165	-0.707688486165	-0.707688486165	-0.707688486165	
