0.0166666666667	0.0	0.0	0.0 	0.0 	120.366666667 	22.0 	0.0 	0.0 	0.0 	0.0 	22.0 	0.0 	0.0 	0.0 	0.0	-1.46870967742	200.0	-6.51612903226	
0.0333333333333	0.0	0.0	0.0 	0.0 	120.733333333 	22.0 	0.0 	0.0 	0.0 	-0.0 	22.0 	0.0 	0.0 	0.0 	0.0	-1.46870967742	200.0	-6.51612903226	
0.05	0.0	0.0	0.0 	0.0 	121.1 	22.0 	0.0 	0.0 	0.0 	-0.0 	22.0 	0.0 	0.0 	0.0 	0.0	-1.46870967742	200.0	-6.51612903226	
0.0666666666667	0.0	0.0	0.0 	0.0 	121.466666667 	22.0 	0.0 	0.0 	0.0 	-0.0 	22.0 	0.0 	0.0 	0.0 	0.0	-1.46870967742	200.0	-6.51612903226	
0.0833333333333	0.0	0.0	0.0 	0.0 	121.833333333 	22.0 	0.0 	0.0 	0.0 	-0.0 	22.0 	0.0 	0.0 	0.0 	0.0	-1.46870967742	200.0	-6.51612903226	
0.1	0.0	0.0	0.0 	0.0 	122.2 	22.0 	0.0 	0.0 	0.0 	-0.0 	22.0 	0.0 	0.0 	0.0 	0.0	-1.46870967742	200.0	-6.51612903226	
0.116666666667	0.0	0.0	0.0 	0.0 	122.566666667 	22.0 	0.0 	0.0 	0.0 	-0.0 	22.0 	0.0 	0.0 	0.0 	0.0	-1.46870967742	200.0	-6.51612903226	
0.133333333333	0.0	0.0	0.0 	0.0 	122.933333333 	22.0 	0.0 	0.0 	0.0 	-0.0 	22.0 	0.0 	0.0 	0.0 	0.0	-1.46870967742	200.0	-6.51612903226	
0.15	0.0	0.0	0.0 	0.0 	123.3 	22.0 	0.0 	0.0 	0.0 	-0.0 	22.0 	0.0 	0.0 	0.0 	0.0	-1.46870967742	200.0	-6.51612903226	
0.166666666667	0.0	0.0	0.0 	0.0 	123.666666667 	22.0 	0.0 	0.0 	0.0 	-0.0 	22.0 	0.0 	0.0 	0.0 	0.0	-1.46870967742	200.0	-6.51612903226	
0.183333333333	0.0	0.0	0.0 	0.0 	124.033333333 	22.0 	0.0 	0.0 	0.0 	-0.0 	22.0 	0.0 	0.0 	0.0 	0.0	-1.46870967742	200.0	-6.51612903226	
0.2	0.0	0.0	0.0 	0.0 	124.4 	22.0 	0.0 	0.0 	0.0 	-0.0 	22.0 	0.0 	0.0 	0.0 	0.0	-1.46870967742	200.0	-6.51612903226	
0.216666666667	0.0	0.0	0.0 	0.0 	124.766666667 	22.0 	0.0 	0.0 	0.0 	-0.0 	22.0 	0.0 	0.0 	0.0 	0.0	-1.46870967742	200.0	-6.51612903226	
0.233333333333	0.0	0.0	0.0 	0.0 	125.133333333 	22.0 	0.0 	0.0 	0.0 	-0.0 	22.0 	0.0 	0.0 	0.0 	0.0	-1.46870967742	200.0	-6.51612903226	
0.25	0.0	0.0	0.0 	0.0 	125.5 	22.0 	0.0 	0.0 	0.0 	-0.0 	22.0 	0.0 	0.0 	0.0 	0.0	-1.46870967742	200.0	-6.51612903226	
0.266666666667	0.0	0.0	0.0 	0.0 	125.866666667 	22.0 	0.0 	0.0 	0.0 	-0.0 	22.0 	0.0 	0.0 	0.0 	0.0	-1.46870967742	200.0	-6.51612903226	
0.283333333333	0.0	0.0	0.0 	0.0 	126.233333333 	22.0 	0.0 	0.0 	0.0 	-0.0 	22.0 	0.0 	0.0 	0.0 	0.0	-1.46870967742	200.0	-6.51612903226	
0.3	0.0	0.0	0.0 	0.0 	126.6 	22.0 	0.0 	0.0 	0.0 	-0.0 	22.0 	0.0 	0.0 	0.0 	0.0	-1.46870967742	200.0	-6.51612903226	
0.316666666667	0.0	0.0	0.0 	0.0 	126.966666667 	22.0 	0.0 	0.0 	0.0 	-0.0 	22.0 	0.0 	0.0 	0.0 	0.0	-1.46870967742	200.0	-6.51612903226	
0.333333333333	0.0	0.0	0.0 	0.0 	127.333333333 	22.0 	0.0 	0.0 	0.0 	-0.0 	22.0 	0.0 	0.0 	0.0 	0.0	-1.46870967742	200.0	-6.51612903226	
0.35	0.0	0.0	0.0 	0.0 	127.7 	22.0 	0.0 	0.0 	0.0 	-0.0 	22.0 	0.0 	0.0 	0.0 	0.0	-1.46870967742	200.0	-6.51612903226	
0.366666666667	0.0	0.0	0.0 	0.0 	128.066666667 	22.0 	0.0 	0.0 	0.0 	-0.0 	22.0 	0.0 	0.0 	0.0 	0.0	-1.46870967742	200.0	-6.51612903226	
0.383333333333	0.0	0.0	0.0 	0.0 	128.433333333 	22.0 	0.0 	0.0 	0.0 	-0.0 	22.0 	0.0 	0.0 	0.0 	0.0	-1.46870967742	200.0	-6.51612903226	
0.4	0.0	0.0	0.0 	0.0 	128.8 	22.0 	0.0 	0.0 	0.0 	-0.0 	22.0 	0.0 	0.0 	0.0 	0.0	-1.46870967742	200.0	-6.51612903226	
0.416666666667	0.0	0.0	0.0 	0.0 	129.166666667 	22.0 	0.0 	0.0 	0.0 	-0.0 	22.0 	0.0 	0.0 	0.0 	0.0	-1.46870967742	200.0	-6.51612903226	
0.433333333333	0.0	0.0	0.0 	0.0 	129.533333333 	22.0 	0.0 	0.0 	0.0 	-0.0 	22.0 	0.0 	0.0 	0.0 	0.0	-1.46870967742	200.0	-6.51612903226	
0.45	0.0	0.0	0.0 	0.0 	129.9 	22.0 	0.0 	0.0 	0.0 	-0.0 	22.0 	0.0 	0.0 	0.0 	0.0	-1.46870967742	200.0	-6.51612903226	
0.466666666667	0.0	0.0	0.0 	0.0 	130.266666667 	22.0 	0.0 	0.0 	0.0 	-0.0 	22.0 	0.0 	0.0 	0.0 	0.0	-1.46870967742	200.0	-6.51612903226	
0.483333333333	0.0	0.0	0.0 	0.0 	130.633333333 	22.0 	0.0 	0.0 	0.0 	-0.0 	22.0 	0.0 	0.0 	0.0 	0.0	-1.46870967742	200.0	-6.51612903226	
0.5	0.0	0.0	0.0 	0.0 	131.0 	22.0 	0.0 	0.0 	0.0 	-0.0 	22.0 	0.0 	0.0 	0.0 	0.0	-1.46870967742	200.0	-6.51612903226	
0.516666666667	0.0	0.0	0.0 	0.0 	131.366666667 	22.0 	0.0 	0.0 	0.0 	-0.0 	22.0 	0.0 	0.0 	0.0 	0.0	-1.46870967742	200.0	-6.51612903226	
0.533333333333	0.0	0.0	0.0 	0.0 	131.733333333 	22.0 	0.0 	0.0 	0.0 	-0.0 	22.0 	0.0 	0.0 	0.0 	0.0	-1.46870967742	200.0	-6.51612903226	
0.55	0.0	0.0	0.0 	0.0 	132.1 	22.0 	0.0 	0.0 	0.0 	-0.0 	22.0 	0.0 	0.0 	0.0 	0.0	-1.46870967742	200.0	-6.51612903226	
0.566666666667	0.0	0.0	0.0 	0.0 	132.466666667 	22.0 	0.0 	0.0 	0.0 	-0.0 	22.0 	0.0 	0.0 	0.0 	0.0	-1.46870967742	200.0	-6.51612903226	
0.583333333333	0.0	0.0	0.0 	0.0 	132.833333333 	22.0 	0.0 	0.0 	0.0 	-0.0 	22.0 	0.0 	0.0 	0.0 	0.0	-1.46870967742	200.0	-6.51612903226	
0.6	0.0	0.0	0.0 	0.0 	133.2 	22.0 	0.0 	0.0 	0.0 	-0.0 	22.0 	0.0 	0.0 	0.0 	0.0	-1.46870967742	200.0	-6.51612903226	
0.616666666667	0.0	0.0	0.0 	0.0 	133.566666667 	22.0 	0.0 	0.0 	0.0 	-0.0 	22.0 	0.0 	0.0 	0.0 	0.0	-1.46870967742	200.0	-6.51612903226	
0.633333333333	0.0	0.0	0.0 	0.0 	133.933333333 	22.0 	0.0 	0.0 	0.0 	-0.0 	22.0 	0.0 	0.0 	0.0 	0.0	-1.46870967742	200.0	-6.51612903226	
0.65	0.0	0.0	0.0 	0.0 	134.3 	22.0 	0.0 	0.0 	0.0 	-0.0 	22.0 	0.0 	0.0 	0.0 	0.0	-1.46870967742	200.0	-6.51612903226	
0.666666666667	0.0	0.0	0.0 	0.0 	134.666666667 	22.0 	0.0 	0.0 	0.0 	-0.0 	22.0 	0.0 	0.0 	0.0 	0.0	-1.46870967742	200.0	-6.51612903226	
0.683333333333	0.0	0.0	0.0 	0.0 	135.033333333 	22.0 	0.0 	0.0 	0.0 	-0.0 	22.0 	0.0 	0.0 	0.0 	0.0	-1.46870967742	200.0	-6.51612903226	
0.7	0.0	0.0	0.0 	0.0 	135.4 	22.0 	0.0 	0.0 	0.0 	-0.0 	22.0 	0.0 	0.0 	0.0 	0.0	-1.46870967742	200.0	-6.51612903226	
0.716666666667	0.0	0.0	0.0 	0.0 	135.766666667 	22.0 	0.0 	0.0 	0.0 	-0.0 	22.0 	0.0 	0.0 	0.0 	0.0	-1.46870967742	200.0	-6.51612903226	
0.733333333333	0.0	0.0	0.0 	0.0 	136.133333333 	22.0 	0.0 	0.0 	0.0 	-0.0 	22.0 	0.0 	0.0 	0.0 	0.0	-1.46870967742	200.0	-6.51612903226	
0.75	0.0	0.0	0.0 	0.0 	136.5 	22.0 	0.0 	0.0 	0.0 	-0.0 	22.0 	0.0 	0.0 	0.0 	0.0	-1.46870967742	200.0	-6.51612903226	
0.766666666667	0.0	0.0	0.0 	0.0 	136.866666667 	22.0 	0.0 	0.0 	0.0 	-0.0 	22.0 	0.0 	0.0 	0.0 	0.0	-1.46870967742	200.0	-6.51612903226	
0.783333333333	0.0	0.0	0.0 	0.0 	137.233333333 	22.0 	0.0 	0.0 	0.0 	-0.0 	22.0 	0.0 	0.0 	0.0 	0.0	-1.46870967742	200.0	-6.51612903226	
0.8	0.0	0.0	0.0 	0.0 	137.6 	22.0 	0.0 	0.0 	0.0 	-0.0 	22.0 	0.0 	0.0 	0.0 	0.0	-1.46870967742	200.0	-6.51612903226	
0.816666666667	0.0	0.0	0.0 	0.0 	137.966666667 	22.0 	0.0 	0.0 	0.0 	-0.0 	22.0 	0.0 	0.0 	0.0 	0.0	-1.46870967742	200.0	-6.51612903226	
0.833333333333	0.0	0.0	0.0 	0.0 	138.333333333 	22.0 	0.0 	0.0 	0.0 	-0.0 	22.0 	0.0 	0.0 	0.0 	0.0	-1.46870967742	200.0	-6.51612903226	
0.85	0.0	0.0	0.0 	0.0 	138.7 	22.0 	0.0 	0.0 	0.0 	-0.0 	22.0 	0.0 	0.0 	0.0 	0.0	-1.46870967742	200.0	-6.51612903226	
0.866666666667	0.0	0.0	0.0 	0.0 	139.066666667 	22.0 	0.0 	0.0 	0.0 	-0.0 	22.0 	0.0 	0.0 	0.0 	0.0	-1.46870967742	200.0	-6.51612903226	
0.883333333333	0.0	0.0	0.0 	0.0 	139.433333333 	22.0 	0.0 	0.0 	0.0 	-0.0 	22.0 	0.0 	0.0 	0.0 	0.0	-1.46870967742	200.0	-6.51612903226	
0.9	0.0	0.0	0.0 	0.0 	139.8 	22.0 	0.0 	0.0 	0.0 	-0.0 	22.0 	0.0 	0.0 	0.0 	0.0	-1.46870967742	200.0	-6.51612903226	
0.916666666667	0.0	0.0	0.0 	0.0 	140.166666667 	22.0 	0.0 	0.0 	0.0 	-0.0 	22.0 	0.0 	0.0 	0.0 	0.196363636364	-1.46870967742	199.996744312	-6.51579551051	
0.933333333333	0.0	0.0	0.0 	0.0 	140.533333333 	22.0 	0.0 	0.0 	0.0 	-0.0 	22.0 	0.0 	0.0 	0.0 	0.389038016529	-1.46870967742	199.990294102	-6.51513473318	
0.95	0.0	0.0	0.0 	0.0 	140.9 	22.0 	0.0 	0.0 	0.0 	-0.0 	22.0 	0.0 	0.0 	0.0 	0.578092453794	-1.46870967742	199.98070939	-6.51415284871	
0.966666666667	0.0	0.0	0.0 	0.0 	141.266666667 	22.0 	0.0 	0.0 	0.0 	-0.0 	22.0 	0.0 	0.0 	0.0 	0.763594959208	-1.46870967742	199.968049066	-6.51285589002	
0.983333333333	0.0	0.0	0.0 	0.0 	141.633333333 	22.0 	0.0 	0.0 	0.0 	-0.0 	22.0 	0.0 	0.0 	0.0 	0.945612266035	-1.46870967742	199.952370914	-6.51124977669	
1.0	0.0	0.0	0.0 	0.0 	142.0 	22.0 	0.0 	0.0 	0.0 	-0.0 	22.0 	0.0 	0.0 	0.0 	1.12420985376	-1.46870967742	199.933731633	-6.50934031707	
1.01666666667	-1.63874637341e-06	-4.19928758186e-07	0.0 	0.0 	142.365849167 	21.9019000007 	0.0 	0.0 	0.0 	-0.0 	21.9509500003 	-5.88599995951 	0.0 	0.0 	1.29945197166	-1.46870967742	199.912186857	-6.5071332104	
1.03333333333	-1.63874637341e-06	-7.83461596256e-07	0.0 	0.0 	142.730063333 	21.8038000013 	0.0 	0.0 	0.0 	-0.0 	21.852850001 	-5.88599995951 	0.0 	0.0 	1.47140166189	-1.46870967742	199.887791172	-6.50463404884	
1.05	-1.63874637341e-06	-1.09192719505e-06	0.0 	0.0 	143.0926425 	21.705700002 	0.0 	0.0 	0.0 	-0.0 	21.7547500017 	-5.88599995951 	0.0 	0.0 	1.64012078218	-1.46870967742	199.860598142	-6.50184831947	
1.06666666667	-1.63874637341e-06	-1.34807613343e-06	0.0 	0.0 	143.453586667 	21.6076000027 	0.0 	0.0 	0.0 	-0.0 	21.6566500024 	-5.88599995951 	0.0 	0.0 	1.80567002809	-1.46870967742	199.830660323	-6.49878140631	
1.08333333333	-1.63874637341e-06	-1.55567500568e-06	0.0 	0.0 	143.812895833 	21.5095000034 	0.0 	0.0 	0.0 	-0.0 	21.558550003 	-5.88599995951 	0.0 	0.0 	1.96810895484	-1.46870967742	199.798029284	-6.49543859219	
1.1	-1.63874637341e-06	-1.71916011192e-06	0.0 	0.0 	144.17057 	21.411400004 	0.0 	0.0 	0.0 	-0.0 	21.4604500037 	-5.88599995951 	0.0 	0.0 	2.12749599872	-1.46870967742	199.762755624	-6.49182506071	
1.11666666667	-5.05777651437e-08	-1.43637993405e-06	0.0 	0.0 	144.526609167 	21.313300004 	0.0 	0.0 	0.0 	-0.0 	21.362350004 	-5.88599999997 	0.0 	0.0 	2.28388849814	-1.46870967742	199.724888994	-6.48794589807	
1.13333333333	-5.05777651437e-08	-1.17391897843e-06	0.0 	0.0 	144.881013334 	21.2152000041 	0.0 	0.0 	0.0 	-0.0 	21.264250004 	-5.88599999997 	0.0 	0.0 	2.43734271423	-1.46870967742	199.684478108	-6.48380609492	
1.15	-5.05777651437e-08	-9.35407324903e-07	0.0 	0.0 	145.2337825 	21.1171000041 	0.0 	0.0 	0.0 	-0.0 	21.1661500041 	-5.88599999997 	0.0 	0.0 	2.58791385112	-1.46870967742	199.641570769	-6.47941054815	
1.16666666667	-5.05777651437e-08	-7.2290986968e-07	0.0 	0.0 	145.584916667 	21.0190000041 	0.0 	0.0 	0.0 	-0.0 	21.0680500041 	-5.88599999997 	0.0 	0.0 	2.73565607573	-1.46870967742	199.596213879	-6.47476406263	
1.18333333333	-5.05777651437e-08	-5.37213963616e-07	0.0 	0.0 	145.934415834 	20.9209000041 	0.0 	0.0 	0.0 	-0.0 	20.9699500041 	-5.88599999997 	0.0 	0.0 	2.88062253734	-1.46870967742	199.548453461	-6.46987135297	
1.2	-5.05777651437e-08	-3.78092255213e-07	0.0 	0.0 	146.282280001 	20.8228000041 	0.0 	0.0 	0.0 	-0.0 	20.8718500041 	-5.88599999997 	0.0 	0.0 	3.02286538664	-1.46870967742	199.498334671	-6.4647370452	
1.21666666667	-5.05777651437e-08	-2.44538103387e-07	0.0 	0.0 	146.628509167 	20.7247000041 	0.0 	0.0 	0.0 	-0.0 	20.7737500041 	-5.88599999997 	0.0 	0.0 	3.16243579452	-1.46870967742	199.445901819	-6.45936567844	
1.23333333333	1.59520507853e-08	-1.17924109819e-07	0.0 	0.0 	146.973103334 	20.6266000041 	0.0 	0.0 	0.0 	-0.0 	20.6756500041 	-5.886 	0.0 	0.0 	3.29938397051	-1.46870967742	199.39119838	-6.45376170651	
1.25	1.59520507853e-08	-1.56146347857e-08	0.0 	0.0 	147.316062501 	20.5285000041 	0.0 	0.0 	0.0 	-0.0 	20.5775500041 	-5.886 	0.0 	0.0 	3.43375918076	-1.46870967742	199.334267014	-6.44792949959	
1.26666666667	1.59520507853e-08	6.46616672895e-08	0.0 	0.0 	147.657386668 	20.4304000041 	0.0 	0.0 	0.0 	0.0 	20.4794500041 	-5.886 	0.0 	0.0 	3.56560976585	-1.46870967742	199.27514958	-6.44187334571	
1.28333333333	1.59520507853e-08	1.25353625882e-07	0.0 	0.0 	147.997075834 	20.3323000041 	0.0 	0.0 	0.0 	0.0 	20.3813500041 	-5.886 	0.0 	0.0 	3.69498315812	-1.46870967742	199.213887148	-6.43559745238	
1.3	1.59520507853e-08	1.68971094569e-07	0.0 	0.0 	148.335130001 	20.2342000041 	0.0 	0.0 	0.0 	0.0 	20.2832500041 	-5.886 	0.0 	0.0 	3.82192589879	-1.46870967742	199.150520019	-6.42910594802	
1.31666666667	1.59520507853e-08	1.97992787684e-07	0.0 	0.0 	148.671549168 	20.1361000041 	0.0 	0.0 	0.0 	0.0 	20.1851500041 	-5.886 	0.0 	0.0 	3.94648365463	-1.46870967742	199.085087736	-6.42240288351	
1.33333333333	1.59520507853e-08	2.1479582682e-07	0.0 	0.0 	149.006333334 	20.0380000041 	0.0 	0.0 	0.0 	0.0 	20.0870500041 	-5.886 	0.0 	0.0 	4.06870123445	-1.46870967742	199.017629098	-6.41549223361	
1.35	1.28109694735e-07	2.50344710411e-07	0.0 	0.0 	149.339482501 	19.9399000041 	0.0 	0.0 	0.0 	0.0 	19.9889500041 	-5.88599999983 	0.0 	0.0 	4.1886226052	-1.46870967742	198.948182176	-6.40837789842	
1.36666666667	1.28109694735e-07	2.74075250954e-07	0.0 	0.0 	149.670996668 	19.8418000041 	0.0 	0.0 	0.0 	0.0 	19.8908500041 	-5.88599999983 	0.0 	0.0 	4.30629090777	-1.46870967742	198.876784326	-6.40106370476	
1.38333333333	1.28109694735e-07	2.87904996244e-07	0.0 	0.0 	150.000875835 	19.7437000041 	0.0 	0.0 	0.0 	0.0 	19.7927500041 	-5.88599999983 	0.0 	0.0 	4.42174847253	-1.46870967742	198.803472202	-6.39355340753	
1.4	1.28109694735e-07	2.93629445671e-07	0.0 	0.0 	150.329120001 	19.6456000041 	0.0 	0.0 	0.0 	0.0 	19.6946500041 	-5.88599999983 	0.0 	0.0 	4.53503683456	-1.46870967742	198.728281769	-6.3858506911	
1.41666666667	1.28109694735e-07	2.9289340176e-07	0.0 	0.0 	150.655729168 	19.5475000041 	0.0 	0.0 	0.0 	0.0 	19.5965500041 	-5.88599999983 	0.0 	0.0 	4.64619674858	-1.46870967742	198.651248316	-6.37795917064	
1.43333333333	1.28109694735e-07	2.87173476885e-07	0.0 	0.0 	150.980703335 	19.4494000041 	0.0 	0.0 	0.0 	0.0 	19.4984500041 	-5.88599999983 	0.0 	0.0 	4.75526820361	-1.46870967742	198.57240647	-6.36988239335	
1.45	1.28109694735e-07	2.77769791914e-07	0.0 	0.0 	151.304042502 	19.3513000041 	0.0 	0.0 	0.0 	0.0 	19.4003500041 	-5.88599999983 	0.0 	0.0 	4.86229043736	-1.46870967742	198.491790206	-6.36162383984	
1.46666666667	3.23003213315e-06	1.06067268287e-06	0.0 	0.0 	151.625746668 	19.2532000056 	0.0 	0.0 	0.0 	0.0 	19.3022500049 	-5.88599990583 	0.0 	0.0 	4.96730195035	-1.46870967742	198.409432863	-6.35318692527	
1.48333333333	3.23003213315e-06	1.73521490618e-06	0.0 	0.0 	151.945815835 	19.1551000072 	0.0 	0.0 	0.0 	0.0 	19.2041500064 	-5.88599990583 	0.0 	0.0 	5.07034051977	-1.46870967742	198.325367151	-6.34457500069	
1.5	3.23003213315e-06	2.30469816759e-06	0.0 	0.0 	152.264250002 	19.0570000088 	0.0 	0.0 	0.0 	0.0 	19.106050008 	-5.88599990583 	0.0 	0.0 	5.17144321303	-1.46870967742	198.239625167	-6.33579135416	
1.51666666667	3.23003213315e-06	2.77496438161e-06	0.0 	0.0 	152.581049169 	18.9589000104 	0.0 	0.0 	0.0 	0.0 	19.0079500096 	-5.88599990583 	0.0 	0.0 	5.27064640115	-1.46870967742	198.152238405	-6.32683921197	
1.53333333333	3.23003213315e-06	3.15364156471e-06	0.0 	0.0 	152.896213336 	18.8608000119 	0.0 	0.0 	0.0 	0.0 	18.9098500111 	-5.88599990583 	0.0 	0.0 	5.3679857718	-1.46870967742	198.063237766	-6.31772173979	
1.55	3.23003213315e-06	3.44950358687e-06	0.0 	0.0 	153.209742503 	18.7627000135 	0.0 	0.0 	0.0 	0.0 	18.8117500127 	-5.88599990583 	0.0 	0.0 	5.46349634215	-1.46870967742	197.972653572	-6.30844204383	
1.56666666667	1.79849950257e-08	2.84885109197e-06	0.0 	0.0 	153.521636669 	18.6646000135 	0.0 	0.0 	0.0 	0.0 	18.7136500135 	-5.886 	0.0 	0.0 	5.55721247148	-1.46870967742	197.880515575	-6.29900317192	
1.58333333333	1.79849950257e-08	2.2948808429e-06	0.0 	0.0 	153.831895836 	18.5665000135 	0.0 	0.0 	0.0 	0.0 	18.6155500135 	-5.886 	0.0 	0.0 	5.64916787353	-1.46870967742	197.786852966	-6.28940811465	
1.6	1.79849950257e-08	1.79440090462e-06	0.0 	0.0 	154.140520003 	18.4684000135 	0.0 	0.0 	0.0 	0.0 	18.5174500135 	-5.886 	0.0 	0.0 	5.73939562863	-1.46870967742	197.691694391	-6.27965980641	
1.61666666667	1.79849950257e-08	1.35101595528e-06	0.0 	0.0 	154.44750917 	18.3703000135 	0.0 	0.0 	0.0 	0.0 	18.4193500135 	-5.886 	0.0 	0.0 	5.82792819561	-1.46870967742	197.595067955	-6.26976112645	
1.63333333333	1.79849950257e-08	9.65735402035e-07	0.0 	0.0 	154.752863337 	18.2722000135 	0.0 	0.0 	0.0 	0.0 	18.3212500135 	-5.886 	0.0 	0.0 	5.91479742345	-1.46870967742	197.497001237	-6.25971489994	
1.65	1.79849950257e-08	6.3752577305e-07	0.0 	0.0 	155.056582504 	18.1741000135 	0.0 	0.0 	0.0 	0.0 	18.2231500135 	-5.886 	0.0 	0.0 	6.00003456276	-1.46870967742	197.397521295	-6.24952389898	
1.66666666667	1.8278451719e-06	8.27579331598e-07	0.0 	0.0 	155.358666671 	18.0760000139 	0.0 	0.0 	0.0 	0.0 	18.1250500137 	-5.88599997654 	0.0 	0.0 	5.87593274458	-1.48939319464	197.299913376	-6.24156071159	
1.68333333333	1.8278451719e-06	1.00612914698e-06	0.0 	0.0 	155.659115838 	17.9779000143 	0.0 	0.0 	0.0 	0.0 	18.0269500141 	-5.88599997654 	0.0 	0.0 	5.7518309264	-1.51051355519	197.20422366	-6.23578527258	
1.7	1.8278451719e-06	1.17018387968e-06	0.0 	0.0 	155.957930005 	17.8798000147 	0.0 	0.0 	0.0 	0.0 	17.9288500145 	-5.88599997654 	0.0 	0.0 	5.62772910822	-1.53208960981	197.110498429	-6.23215566376	
1.71666666667	1.8278451719e-06	1.31787821291e-06	0.0 	0.0 	156.255109171 	17.7817000151 	0.0 	0.0 	0.0 	0.0 	17.8307500149 	-5.88599997654 	0.0 	0.0 	5.50362729004	-1.55414145626	197.018784029	-6.23062803105	
1.73333333333	1.8278451719e-06	1.44827778863e-06	0.0 	0.0 	156.550653338 	17.6836000154 	0.0 	0.0 	0.0 	0.0 	17.7326500152 	-5.88599997654 	0.0 	0.0 	5.37952547186	-1.57669055191	196.929126828	-6.23115649689	
1.75	1.8278451719e-06	1.56119894054e-06	0.0 	0.0 	156.844562505 	17.5855000158 	0.0 	0.0 	0.0 	0.0 	17.6345500156 	-5.88599997654 	0.0 	0.0 	5.25542365367	-1.59975983912	196.841573171	-6.23369306767	
1.76666666667	1.8278451719e-06	1.657045528e-06	0.0 	0.0 	157.136836672 	17.4874000162 	0.0 	0.0 	0.0 	0.0 	17.536450016 	-5.88599997654 	0.0 	0.0 	5.13132183549	-1.62337388556	196.756169322	-6.23818753584	
1.78333333333	-1.58548461963e-07	1.22765075347e-06	0.0 	0.0 	157.427475839 	17.3893000162 	0.0 	0.0 	0.0 	0.0 	17.4383500162 	-5.88599999985 	0.0 	0.0 	5.00722001731	-1.64755904138	196.67296141	-6.24458737634	
1.8	-1.58548461963e-07	8.51551077733e-07	0.0 	0.0 	157.716480006 	17.2912000162 	0.0 	0.0 	0.0 	0.0 	17.3402500162 	-5.88599999985 	0.0 	0.0 	4.88311819913	-1.67234361601	196.591995363	-6.25283763695	
1.81666666667	-1.58548461963e-07	5.28508218419e-07	0.0 	0.0 	158.003849173 	17.1931000162 	0.0 	0.0 	0.0 	0.0 	17.2421500162 	-5.88599999985 	0.0 	0.0 	4.75901638095	-1.69775807724	196.513316831	-6.26288082213	
1.83333333333	-1.58548461963e-07	2.5667948119e-07	0.0 	0.0 	158.28958334 	17.0950000162 	0.0 	0.0 	0.0 	0.0 	17.1440500162 	-5.88599999985 	0.0 	0.0 	4.63491456276	-1.72383527645	196.436971107	-6.2746567699	
1.85	-1.58548461963e-07	3.30363366129e-08	0.0 	0.0 	158.573682507 	16.9969000162 	0.0 	0.0 	0.0 	0.0 	17.0459500162 	-5.88599999985 	0.0 	0.0 	4.51081274458	-1.7506107038	196.363003032	-6.28810252132	
1.86666666667	-1.58548461963e-07	-1.4627412539e-07	0.0 	0.0 	158.856146674 	16.8988000162 	0.0 	0.0 	0.0 	-0.0 	16.9478500162 	-5.88599999985 	0.0 	0.0 	4.3867109264	-1.77812277872	196.291456892	-6.30315218196	
1.88333333333	-5.21178477754e-07	-3.78547248006e-07	0.0 	0.0 	159.136975841 	16.8007000163 	0.0 	0.0 	0.0 	-0.0 	16.8497500163 	-5.88599999857 	0.0 	0.0 	4.26260910822	-1.80641318132	196.222376301	-6.31973677497	
1.9	-5.21178477754e-07	-5.63016143963e-07	0.0 	0.0 	159.416170008 	16.7026000163 	0.0 	0.0 	0.0 	-0.0 	16.7516500163 	-5.88599999857 	0.0 	0.0 	4.13850729004	-1.83552723214	196.15580407	-6.33778408498	
1.91666666667	-5.21178477754e-07	-7.0467211126e-07	0.0 	0.0 	159.693729175 	16.6045000163 	0.0 	0.0 	0.0 	-0.0 	16.6535500163 	-5.88599999857 	0.0 	0.0 	4.01440547186	-1.86551432881	196.091782058	-6.35721849243	
1.93333333333	-5.21178477754e-07	-8.08721309869e-07	0.0 	0.0 	159.969653342 	16.5064000163 	0.0 	0.0 	0.0 	-0.0 	16.5554500163 	-5.88599999857 	0.0 	0.0 	3.89030365367	-1.89642845023	196.030351006	-6.37796079752	
1.95	-5.21178477754e-07	-8.80373725287e-07	0.0 	0.0 	160.243942509 	16.4083000164 	0.0 	0.0 	0.0 	-0.0 	16.4573500163 	-5.88599999857 	0.0 	0.0 	3.76620183549	-1.92832874111	195.971550348	-6.39992803328	
1.96666666667	-5.21178477754e-07	-9.24679495751e-07	0.0 	0.0 	160.516596676 	16.3102000164 	0.0 	0.0 	0.0 	-0.0 	16.3592500164 	-5.88599999857 	0.0 	0.0 	3.64210001731	-1.96128019289	195.915418	-6.42303326708	
1.98333333333	-3.10274421506e-07	-8.92362896634e-07	0.0 	0.0 	160.787615842 	16.2121000164 	0.0 	0.0 	0.0 	-0.0 	16.2611500164 	-5.88599999956 	0.0 	0.0 	3.51799819913	-1.9953544406	195.861990112	-6.44718538986	
2.0	-3.10274421506e-07	-8.49127267471e-07	0.0 	0.0 	161.057000009 	16.1140000164 	0.0 	0.0 	0.0 	-0.0 	16.1630500164 	-5.88599999956 	0.0 	0.0 	3.39389638095	-2.03063070033	195.811300798	-6.4722888926	
2.01666666667	-3.10274421506e-07	-7.98780503433e-07	0.0 	0.0 	161.324749176 	16.0159000164 	0.0 	0.0 	0.0 	-0.0 	16.0649500164 	-5.88599999956 	0.0 	0.0 	3.26979456276	-2.06719687803	195.76338182	-6.49824362953	
2.03333333333	-3.10274421506e-07	-7.44495946244e-07	0.0 	0.0 	161.590863343 	15.9178000164 	0.0 	0.0 	0.0 	-0.0 	15.9668500164 	-5.88599999956 	0.0 	0.0 	3.14569274458	-2.10515088884	195.71826223	-6.52494456751	
2.05	-3.10274421506e-07	-6.88855991774e-07	0.0 	0.0 	161.85534251 	15.8197000164 	0.0 	0.0 	0.0 	-0.0 	15.8687500164 	-5.88599999956 	0.0 	0.0 	3.0215909264	-2.14460223653	195.67596796	-6.55228152165	
2.06666666667	-3.10274421506e-07	-6.33904352989e-07	0.0 	0.0 	162.118186677 	15.7216000164 	0.0 	0.0 	0.0 	-0.0 	15.7706500164 	-5.88599999956 	0.0 	0.0 	2.89748910822	-2.18567391738	195.636521347	-6.58013887712	
2.08333333333	5.99088743408e-07	-3.48179086562e-07	0.0 	0.0 	162.379395844 	15.6235000165 	0.0 	0.0 	0.0 	-0.0 	15.6725500164 	-5.88599999859 	0.0 	0.0 	2.77338729004	-2.22850473177	195.599940592	-6.60839529786	
2.1	5.99088743408e-07	-9.71398853953e-08	0.0 	0.0 	162.638970011 	15.5254000165 	0.0 	0.0 	0.0 	-0.0 	15.5744500165 	-5.88599999859 	0.0 	0.0 	2.64928547186	-2.27325211293	195.566239127	-6.63692342338	
2.11666666667	5.99088743408e-07	1.19172640159e-07	0.0 	0.0 	162.896909178 	15.4273000165 	0.0 	0.0 	0.0 	0.0 	15.4763500165 	-5.88599999859 	0.0 	0.0 	2.52518365367	-2.32009561828	195.535424887	-6.66558955619	
2.13333333333	5.99088743408e-07	3.0181222569e-07	0.0 	0.0 	163.153213345 	15.3292000165 	0.0 	0.0 	0.0 	0.0 	15.3782500165 	-5.88599999859 	0.0 	0.0 	2.40108183549	-2.36924127864	195.507499449	-6.69425334346	
2.15	5.99088743408e-07	4.52647795656e-07	0.0 	0.0 	163.407882512 	15.2311000165 	0.0 	0.0 	0.0 	0.0 	15.2801500165 	-5.88599999859 	0.0 	0.0 	2.27698001731	-2.42092707141	195.482457037	-6.72276745903	
2.16666666667	5.99088743408e-07	5.74121641996e-07	0.0 	0.0 	163.660916679 	15.1330000166 	0.0 	0.0 	0.0 	0.0 	15.1820500166 	-5.88599999859 	0.0 	0.0 	2.15287819913	-2.47542988533	195.460283334	-6.75097729508	
2.18333333333	5.99088743408e-07	6.69044094829e-07	0.0 	0.0 	163.912315846 	15.0349000166 	0.0 	0.0 	0.0 	0.0 	15.0839500166 	-5.88599999859 	0.0 	0.0 	2.02877638095	-2.53307449255	195.440954091	-6.77872067734	
2.2	-1.16546578206e-07	5.57041339879e-07	0.0 	0.0 	164.162080013 	14.9368000166 	0.0 	0.0 	0.0 	0.0 	14.9858500166 	-5.88599999996 	0.0 	0.0 	1.90467456276	-2.59424526492	195.424433453	-6.80582762501	
2.21666666667	-1.16546578206e-07	4.49189582353e-07	0.0 	0.0 	164.41020918 	14.8387000166 	0.0 	0.0 	0.0 	0.0 	14.8877500166 	-5.88599999996 	0.0 	0.0 	1.78057274458	-2.65940170718	195.410671957	-6.83212018718	
2.23333333333	-1.16546578206e-07	3.47925215253e-07	0.0 	0.0 	164.656703347 	14.7406000166 	0.0 	0.0 	0.0 	0.0 	14.7896500166 	-5.88599999996 	0.0 	0.0 	1.6564709264	-2.72909940337	195.399604117	-6.85741240391	
2.25	-1.16546578206e-07	2.54930587204e-07	0.0 	0.0 	164.901562514 	14.6425000166 	0.0 	0.0 	0.0 	0.0 	14.6915500166 	-5.88599999996 	0.0 	0.0 	1.53236910822	-2.8008641288	195.39106949	-6.88148366137	
2.26666666667	-1.16546578206e-07	1.71251089048e-07	0.0 	0.0 	165.14478668 	14.5444000166 	0.0 	0.0 	0.0 	0.0 	14.5934500166 	-5.88599999996 	0.0 	0.0 	1.40826729004	-2.86024513807	195.384552723	-6.90403194936	
2.28333333333	-1.16546578206e-07	9.74058008748e-08	0.0 	0.0 	165.386375847 	14.4463000166 	0.0 	0.0 	0.0 	0.0 	14.4953500166 	-5.88599999996 	0.0 	0.0 	1.28416547186	-2.90931225734	195.379625866	-6.92485991444	
2.3	-1.16546578206e-07	3.34896906945e-08	0.0 	0.0 	165.626330014 	14.3482000166 	0.0 	0.0 	0.0 	0.0 	14.3972500166 	-5.88599999996 	0.0 	0.0 	1.16006365367	-2.94979113495	195.375940195	-6.94383976245	
2.31666666667	5.46778700259e-07	1.49243174508e-07	0.0 	0.0 	165.864649181 	14.2501000166 	0.0 	0.0 	0.0 	0.0 	14.2991500166 	-5.88599999918 	0.0 	0.0 	1.03596183549	-2.98312032713	195.373215445	-6.96088944135	
2.33333333333	5.46778700259e-07	2.51375109643e-07	0.0 	0.0 	166.101333348 	14.1520000166 	0.0 	0.0 	0.0 	0.0 	14.2010500166 	-5.88599999918 	0.0 	0.0 	0.91186001731	-3.01049897982	195.371228829	-6.97595670508	
2.35	5.46778700259e-07	3.3975872158e-07	0.0 	0.0 	166.336382515 	14.0539000166 	0.0 	0.0 	0.0 	0.0 	14.1029500166 	-5.88599999918 	0.0 	0.0 	0.787758199128	-3.03292663498	195.369804926	-6.98900856724	
2.36666666667	5.46778700259e-07	4.14725395165e-07	0.0 	0.0 	166.569796682 	13.9558000167 	0.0 	0.0 	0.0 	0.0 	14.0048500166 	-5.88599999918 	0.0 	0.0 	0.663656380947	-3.05123644753	195.368806861	-7.00002438553	
2.38333333333	5.46778700259e-07	4.76951232977e-07	0.0 	0.0 	166.801575849 	13.8577000167 	0.0 	0.0 	0.0 	0.0 	13.9067500167 	-5.88599999918 	0.0 	0.0 	0.539554562765	-3.06612289427	195.368128837	-7.00899136429	
2.4	5.46778700259e-07	5.27358365634e-07	0.0 	0.0 	167.031720016 	13.7596000167 	0.0 	0.0 	0.0 	0.0 	13.8086500167 	-5.88599999918 	0.0 	0.0 	0.415452744583	-3.07816488118	195.367689945	-7.01590165303	
2.41666666667	1.11156697928e-06	7.11757775399e-07	0.0 	0.0 	167.260229183 	13.6615000167 	0.0 	0.0 	0.0 	0.0 	13.7105500167 	-5.88599999715 	0.0 	0.0 	0.291350926401	-3.08784500939	195.36742908	-7.02075048968	
2.43333333333	1.11156697928e-06	8.67161355588e-07	0.0 	0.0 	167.48710335 	13.5634000168 	0.0 	0.0 	0.0 	0.0 	13.6124500168 	-5.88599999715 	0.0 	0.0 	0.167249108219	-3.09556563515	195.367300825	-7.02353502272	
2.45	1.11156697928e-06	9.95236805975e-07	0.0 	0.0 	167.712342517 	13.4653000168 	0.0 	0.0 	0.0 	0.0 	13.5143500168 	-5.88599999715 	0.0 	0.0 	0.0431472900375	-3.10166225571	195.367272118	-7.024253571	
2.46666666667	1.11156697928e-06	1.09813059794e-06	0.0 	0.0 	167.935946684 	13.3672000169 	0.0 	0.0 	0.0 	0.0 	13.4162500168 	-5.88599999715 	0.0 	0.0 	-0.0809545281443	-3.10641466506	195.367319572	-7.02290516361	
2.48333333333	1.11156697928e-06	1.17829317363e-06	0.0 	0.0 	168.157915851 	13.2691000169 	0.0 	0.0 	0.0 	0.0 	13.3181500169 	-5.88599999715 	0.0 	0.0 	0.116930072081	-1.57343286618	195.365370744	-7.02291030179	
2.5	1.11156697928e-06	1.23833397622e-06	0.0 	0.0 	168.378250018 	13.171000017 	0.0 	0.0 	0.0 	0.0 	13.2200500169 	-5.88599999715 	0.0 	0.0 	0.311096840424	-1.83257141789	195.360362437	-7.02425214322	
2.51666666667	-4.4831964252e-07	8.81183182731e-07	0.0 	0.0 	168.596949185 	13.072900017 	0.0 	0.0 	0.0 	0.0 	13.121950017 	-5.88599999961 	0.0 	0.0 	0.501615627059	-2.04852021098	195.352938161	-7.02809584886	
2.53333333333	-4.4831964252e-07	5.6284435449e-07	0.0 	0.0 	168.814013352 	12.974800017 	0.0 	0.0 	0.0 	0.0 	13.023850017 	-5.88599999961 	0.0 	0.0 	0.688554969823	-2.22847753856	195.343855985	-7.03511088569	
2.55	-4.4831964252e-07	2.84532887697e-07	0.0 	0.0 	169.029442519 	12.876700017 	0.0 	0.0 	0.0 	0.0 	12.925750017 	-5.88599999961 	0.0 	0.0 	0.871982118875	-2.37844197821	195.333810726	-7.04561335586	
2.56666666667	-4.4831964252e-07	4.59398593637e-08	0.0 	0.0 	169.243236685 	12.778600017 	0.0 	0.0 	0.0 	0.0 	12.827650017 	-5.88599999961 	0.0 	0.0 	1.05196306088	-2.50341234458	195.323365874	-7.05969530404	
2.58333333333	-4.4831964252e-07	-1.54415347029e-07	0.0 	0.0 	169.455395852 	12.680500017 	0.0 	0.0 	0.0 	-0.0 	12.729550017 	-5.88599999961 	0.0 	0.0 	1.22856254277	-2.60755431656	195.312943292	-7.07732023211	
2.6	-4.4831964252e-07	-3.18875141217e-07	0.0 	0.0 	169.665920019 	12.582400017 	0.0 	0.0 	0.0 	-0.0 	12.631450017 	-5.88599999961 	0.0 	0.0 	1.401844095	-2.69433929321	195.30283855	-7.09838617317	
2.61666666667	-4.27262049132e-08	-3.46443303992e-07	0.0 	0.0 	169.874809186 	12.484300017 	0.0 	0.0 	0.0 	-0.0 	12.533350017 	-5.886 	0.0 	0.0 	1.57187005442	-2.76666010708	195.293244647	-7.12276410481	
2.63333333333	-4.27262049132e-08	-3.58317470797e-07	0.0 	0.0 	170.082063353 	12.386200017 	0.0 	0.0 	0.0 	-0.0 	12.435250017 	-5.886 	0.0 	0.0 	1.73870158674	-2.82692745198	195.284275899	-7.15031962862	
2.65	-4.27262049132e-08	-3.57657723011e-07	0.0 	0.0 	170.28768252 	12.288100017 	0.0 	0.0 	0.0 	-0.0 	12.337150017 	-5.886 	0.0 	0.0 	1.90239870844	-2.87715023939	195.275988698	-7.18092409966	
2.66666666667	-4.27262049132e-08	-3.47304808537e-07	0.0 	0.0 	170.491666687 	12.190000017 	0.0 	0.0 	0.0 	-0.0 	12.239050017 	-5.886 	0.0 	0.0 	2.06302030846	-2.91900256223	195.268398277	-7.2144594899	
2.68333333333	-4.27262049132e-08	-3.29763218456e-07	0.0 	0.0 	170.694015854 	12.091900017 	0.0 	0.0 	0.0 	-0.0 	12.140950017 	-5.886 	0.0 	0.0 	2.22062416933	-2.95387949793	195.261491666	-7.25081975162	
2.7	-4.27262049132e-08	-3.0719857947e-07	0.0 	0.0 	170.894730021 	11.993800017 	0.0 	0.0 	0.0 	-0.0 	12.042850017 	-5.886 	0.0 	0.0 	2.37526698797	-2.98294361102	195.255237415	-7.28991037612	
2.71666666667	3.51040062731e-07	-1.80543616467e-07	0.0 	0.0 	171.093809188 	11.895700017 	0.0 	0.0 	0.0 	-0.0 	11.944750017 	-5.88599999984 	0.0 	0.0 	2.52700439608	-3.00716370526	195.249592743	-7.33164713999	
2.73333333333	3.51040062731e-07	-6.5774030165e-08	0.0 	0.0 	171.291253355 	11.797600017 	0.0 	0.0 	0.0 	-0.0 	11.846650017 	-5.88599999984 	0.0 	0.0 	2.67589098015	-3.02734711712	195.244508676	-7.37595459072	
2.75	3.51040062731e-07	3.61978396222e-08	0.0 	0.0 	171.487062522 	11.699500017 	0.0 	0.0 	0.0 	0.0 	11.748550017 	-5.88599999984 	0.0 	0.0 	2.82198030113	-3.04416662701	195.239933683	-7.42276455759	
2.76666666667	3.51040062731e-07	1.25064858179e-07	0.0 	0.0 	171.681236689 	11.601400017 	0.0 	0.0 	0.0 	0.0 	11.650450017 	-5.88599999984 	0.0 	0.0 	2.96532491365	-3.05818288525	195.235816177	-7.47201481974	
2.78333333333	3.51040062731e-07	2.00998522704e-07	0.0 	0.0 	171.873775856 	11.503300017 	0.0 	0.0 	0.0 	0.0 	11.552350017 	-5.88599999984 	0.0 	0.0 	3.10597638497	-3.06986310045	195.232106188	-7.52364797784	
2.8	3.51040062731e-07	2.64535910836e-07	0.0 	0.0 	172.064680023 	11.405200017 	0.0 	0.0 	0.0 	0.0 	11.454250017 	-5.88599999984 	0.0 	0.0 	3.2439853135	-3.07959661312	195.228756431	-7.57761053061	
2.81666666667	3.51040062731e-07	3.16480641385e-07	0.0 	0.0 	172.25394919 	11.307100017 	0.0 	0.0 	0.0 	0.0 	11.356150017 	-5.88599999984 	0.0 	0.0 	3.379401347	-3.08770787367	195.225722928	-7.63385213679	
2.83333333333	-1.28616534283e-06	-6.17160956974e-08	0.0 	0.0 	172.441583357 	11.2090000171 	0.0 	0.0 	0.0 	-0.0 	11.258050017 	-5.88599999826 	0.0 	0.0 	3.51227320048	-3.09446725747	195.222965328	-7.69232503494	
2.85	-1.28616534283e-06	-3.93082605909e-07	0.0 	0.0 	172.627582524 	11.1109000171 	0.0 	0.0 	0.0 	-0.0 	11.1599500171 	-5.88599999826 	0.0 	0.0 	3.64264867368	-3.1001000773	195.220447003	-7.75298359277	
2.86666666667	-1.28616534283e-06	-6.77800486851e-07	0.0 	0.0 	172.811946691 	11.0128000171 	0.0 	0.0 	0.0 	-0.0 	11.0618500171 	-5.88599999826 	0.0 	0.0 	3.7705746683	-3.10479409382	195.218134996	-7.81578395985	
2.88333333333	-1.28616534283e-06	-9.17468246331e-07	0.0 	0.0 	172.994675858 	10.9147000171 	0.0 	0.0 	0.0 	-0.0 	10.9637500171 	-5.88599999826 	0.0 	0.0 	3.89609720483	-3.10870577426	195.215999873	-7.88068380133	
2.9	-1.28616534283e-06	-1.11473254419e-06	0.0 	0.0 	173.175770024 	10.8166000172 	0.0 	0.0 	0.0 	-0.0 	10.8656500172 	-5.88599999826 	0.0 	0.0 	4.01926143917	-3.11196550796	195.214015509	-7.94764209432	
2.91666666667	-1.28616534283e-06	-1.27296964999e-06	0.0 	0.0 	173.355229191 	10.7185000172 	0.0 	0.0 	0.0 	-0.0 	10.7675500172 	-5.88599999826 	0.0 	0.0 	4.1401116788	-3.11468195271	195.212158845	-8.01661897205	
2.93333333333	-1.28616534283e-06	-1.39601577239e-06	0.0 	0.0 	173.533053358 	10.6204000172 	0.0 	0.0 	0.0 	-0.0 	10.6694500172 	-5.88599999826 	0.0 	0.0 	4.25869139877	-3.11694565666	195.210409623	-8.0875756044	
2.95	4.57216869655e-07	-1.04120199938e-06	0.0 	0.0 	173.709242525 	10.5223000172 	0.0 	0.0 	0.0 	-0.0 	10.5713500172 	-5.88599999983 	0.0 	0.0 	4.37504325734	-3.11883207663	195.208750124	-8.16047410564	
2.96666666667	4.57216869655e-07	-7.19395735631e-07	0.0 	0.0 	173.883796692 	10.4242000172 	0.0 	0.0 	0.0 	-0.0 	10.4732500172 	-5.88599999983 	0.0 	0.0 	4.48920911129	-3.12040409326	195.207164911	-8.23527746268	
2.98333333333	4.57216869655e-07	-4.33226737314e-07	0.0 	0.0 	174.056715859 	10.3261000172 	0.0 	0.0 	0.0 	-0.0 	10.3751500172 	-5.88599999983 	0.0 	0.0 	4.60123003102	-3.12171410713	195.205640582	-8.31194947864	
3.0	4.57216869655e-07	-1.83619400901e-07	0.0 	0.0 	174.228000026 	10.2280000172 	0.0 	0.0 	0.0 	-0.0 	10.2770500172 	-5.88599999983 	0.0 	0.0 	4.71114631528	-3.12280578535	195.204165541	-8.39045472778	
3.01666666667	4.57216869655e-07	2.98524182744e-08	0.0 	0.0 	174.397649193 	10.1299000172 	0.0 	0.0 	0.0 	0.0 	10.1789500172 	-5.88599999983 	0.0 	0.0 	4.81899750572	-3.1237155172	195.202729786	-8.47075851895	
3.03333333333	4.57216869655e-07	2.08648217241e-07	0.0 	0.0 	174.56566336 	10.0318000172 	0.0 	0.0 	0.0 	0.0 	10.0808500172 	-5.88599999983 	0.0 	0.0 	4.92482240107	-3.12447362707	195.201324719	-8.55282686531	
3.05	4.57216869655e-07	3.54982731828e-07	0.0 	0.0 	174.732042527 	9.93370001725 	0.0 	0.0 	0.0 	0.0 	9.98275001725 	-5.88599999983 	0.0 	0.0 	5.02865907111	-3.1251053853	195.199942967	-8.63662645892	
3.06666666667	-4.07708945984e-07	2.49949557182e-07	0.0 	0.0 	174.896786694 	9.83560001725 	0.0 	0.0 	0.0 	0.0 	9.88465001725 	-5.8859999999 	0.0 	0.0 	5.13054487038	-3.12563185049	195.198578232	-8.72212464872	
3.08333333333	-4.07708945984e-07	1.47997018608e-07	0.0 	0.0 	175.059895861 	9.73750001725 	0.0 	0.0 	0.0 	0.0 	9.78655001725 	-5.8859999999 	0.0 	0.0 	5.23051645161	-3.12607057149	195.197225144	-8.80928942133	
3.1	-4.07708945984e-07	5.16179898194e-08	0.0 	0.0 	175.221370028 	9.63940001725 	0.0 	0.0 	0.0 	0.0 	9.68845001725 	-5.8859999999 	0.0 	0.0 	5.32860977888	-3.12643617231	195.195879146	-8.89808938382	
3.11666666667	-4.07708945984e-07	-3.74297242356e-08	0.0 	0.0 	175.381209195 	9.54130001725 	0.0 	0.0 	0.0 	-0.0 	9.59035001725 	-5.8859999999 	0.0 	0.0 	5.42486014061	-3.12674083967	195.194536379	-8.98849374805	
3.13333333333	-4.07708945984e-07	-1.18012928308e-07	0.0 	0.0 	175.539413362 	9.44320001726 	0.0 	0.0 	0.0 	-0.0 	9.49225001725 	-5.8859999999 	0.0 	0.0 	5.51930216221	-3.12699472913	195.193193587	-9.08047231626	
3.15	-4.07708945984e-07	-1.89517912016e-07	0.0 	0.0 	175.695982529 	9.34510001726 	0.0 	0.0 	0.0 	-0.0 	9.39415001726 	-5.8859999999 	0.0 	0.0 	5.61196981856	-3.12720630368	195.191848037	-9.17399546763	
3.16666666667	-7.2023795954e-07	-3.31838303926e-07	0.0 	0.0 	175.850916696 	9.24700001726 	0.0 	0.0 	0.0 	-0.0 	9.29605001726 	-5.88599999975 	0.0 	0.0 	5.70289644621	-3.12738261581	195.190497443	-9.26903414558	
3.18333333333	-7.2023795954e-07	-4.54274096893e-07	0.0 	0.0 	176.004215863 	9.14890001727 	0.0 	0.0 	0.0 	-0.0 	9.19795001726 	-5.88599999975 	0.0 	0.0 	5.7921147554	-3.12752954258	195.189139902	-9.36555984572	
3.2	-7.2023795954e-07	-5.57473207151e-07	0.0 	0.0 	176.15588003 	9.05080001727 	0.0 	0.0 	0.0 	-0.0 	9.09985001727 	-5.88599999975 	0.0 	0.0 	5.87965684181	-3.12765198156	195.18777384	-9.46354460435	
3.21666666667	-7.2023795954e-07	-6.42538916113e-07	0.0 	0.0 	176.305909197 	8.95270001727 	0.0 	0.0 	0.0 	-0.0 	9.00175001727 	-5.88599999975 	0.0 	0.0 	5.96555419812	-3.12775401404	195.186397965	-9.56296098738	
3.23333333333	-7.2023795954e-07	-7.10892935665e-07	0.0 	0.0 	176.454303364 	8.85460001728 	0.0 	0.0 	0.0 	-0.0 	8.90365001728 	-5.88599999975 	0.0 	0.0 	6.0498377253	-3.12783904111	195.185011223	-9.66378207963	
3.25	-7.2023795954e-07	-7.64159332815e-07	0.0 	0.0 	176.601062531 	8.75650001728 	0.0 	0.0 	0.0 	-0.0 	8.80555001728 	-5.88599999975 	0.0 	0.0 	6.1325377438	-3.127909897	195.183612767	-9.7659814745	
3.26666666667	-5.23001573301e-06	-1.95969880214e-06	0.0 	0.0 	176.746186697 	8.65840001745 	0.0 	0.0 	0.0 	-0.0 	8.70745001737 	-5.88599998965 	0.0 	0.0 	6.21368400437	-3.12796894357	195.18220192	-9.86953326394	
3.28333333333	-5.23001573301e-06	-2.98843929496e-06	0.0 	0.0 	176.889675864 	8.56030001763 	0.0 	0.0 	0.0 	-0.0 	8.60935001754 	-5.88599998965 	0.0 	0.0 	6.29330569883	-3.12801814905	195.180778155	-9.97441202866	
3.3	-5.23001573301e-06	-3.85576244059e-06	0.0 	0.0 	177.031530031 	8.4622000178 	0.0 	0.0 	0.0 	-0.0 	8.51125001771 	-5.88599998965 	0.0 	0.0 	6.37143147055	-3.12805915362	195.179341069	-10.0805928286	
3.31666666667	-5.23001573301e-06	-4.57088329383e-06	0.0 	0.0 	177.171749198 	8.36410001797 	0.0 	0.0 	0.0 	-0.0 	8.41315001789 	-5.88599998965 	0.0 	0.0 	6.44808942474	-3.12809332409	195.177890365	-10.1880511938	
3.33333333333	-5.23001573301e-06	-5.14569984382e-06	0.0 	0.0 	177.310333365 	8.26600001815 	0.0 	0.0 	0.0 	-0.0 	8.31505001806 	-5.88599998965 	0.0 	0.0 	6.52330713858	-3.12812179948	195.176425834	-10.296763115	
3.35	-5.23001573301e-06	-5.5938175416e-06	0.0 	0.0 	177.447282532 	8.16790001832 	0.0 	0.0 	0.0 	-0.0 	8.21695001823 	-5.88599998965 	0.0 	0.0 	6.59711167113	-3.12814552898	195.174947343	-10.4067050353	
3.36666666667	-7.92046345424e-07	-4.7925102953e-06	0.0 	0.0 	177.582596699 	8.06980001832 	0.0 	0.0 	0.0 	-0.0 	8.11885001832 	-5.88599999982 	0.0 	0.0 	6.66952957306	-3.12816530356	195.173454819	-10.5178538411	
3.38333333333	-7.92046345424e-07	-4.04648268097e-06	0.0 	0.0 	177.716275866 	7.97170001832 	0.0 	0.0 	0.0 	-0.0 	8.02075001832 	-5.88599999982 	0.0 	0.0 	6.74058689624	-3.12818178237	195.171948245	-10.6301868536	
3.4	-7.92046345424e-07	-3.36661014439e-06	0.0 	0.0 	177.848320033 	7.87360001833 	0.0 	0.0 	0.0 	-0.0 	7.92265001833 	-5.88599999982 	0.0 	0.0 	6.81030920304	-3.12819551472	195.170427646	-10.743681821	
3.41666666667	-7.92046345424e-07	-2.75925380981e-06	0.0 	0.0 	177.9787292 	7.77550001833 	0.0 	0.0 	0.0 	-0.0 	7.82455001833 	-5.88599999982 	0.0 	0.0 	6.87872157558	-3.12820695834	195.168893084	-10.8583169099	
3.43333333333	-7.92046345424e-07	-2.22707741726e-06	0.0 	0.0 	178.107503367 	7.67740001833 	0.0 	0.0 	0.0 	-0.0 	7.72645001833 	-5.88599999982 	0.0 	0.0 	6.94584862477	-3.12821649469	195.167344651	-10.9740706974	
3.45	-7.92046345424e-07	-1.76979599203e-06	0.0 	0.0 	178.234642534 	7.57930001834 	0.0 	0.0 	0.0 	-0.0 	7.62835001833 	-5.88599999982 	0.0 	0.0 	7.01171449909	-3.12822444165	195.165782463	-11.0909221638	
3.46666666667	2.21031281313e-06	-6.15493676649e-07	0.0 	0.0 	178.360146701 	7.48120001835 	0.0 	0.0 	0.0 	-0.0 	7.53025001834 	-5.88599999896 	0.0 	0.0 	7.07634289335	-3.12823106412	195.164206656	-11.2088506842	
3.48333333333	2.21031281313e-06	3.67397070579e-07	0.0 	0.0 	178.484015868 	7.38310001837 	0.0 	0.0 	0.0 	0.0 	7.43215001836 	-5.88599999896 	0.0 	0.0 	7.13975705717	-3.12823658284	195.162617385	-11.3278360218	
3.5	2.21031281313e-06	1.18672851664e-06	0.0 	0.0 	178.606250035 	7.28500001839 	0.0 	0.0 	0.0 	0.0 	7.33405001838 	-5.88599999896 	0.0 	0.0 	7.20197980337	-3.12824118177	195.161014816	-11.44785832	
3.51666666667	2.21031281313e-06	1.8536973966e-06	0.0 	0.0 	178.726849202 	7.1869000184 	0.0 	0.0 	0.0 	0.0 	7.2359500184 	-5.88599999896 	0.0 	0.0 	7.26303351616	-3.12824501422	195.159399124	-11.5688980956	
3.53333333333	2.21031281313e-06	2.38174251033e-06	0.0 	0.0 	178.845813369 	7.08880001842 	0.0 	0.0 	0.0 	0.0 	7.13785001841 	-5.88599999896 	0.0 	0.0 	7.32294015919	-3.12824820792	195.157770496	-11.6909362315	
3.55	2.21031281313e-06	2.78562029544e-06	0.0 	0.0 	178.963142536 	6.99070001844 	0.0 	0.0 	0.0 	0.0 	7.03975001843 	-5.88599999896 	0.0 	0.0 	7.38172128347	-3.12825086934	195.156129123	-11.81395397	
3.56666666667	2.21031281313e-06	3.08064722007e-06	0.0 	0.0 	179.078836703 	6.89260001846 	0.0 	0.0 	0.0 	0.0 	6.94165001845 	-5.88599999896 	0.0 	0.0 	7.43939803511	-3.12825308719	195.1544752	-11.9379329058	
3.58333333333	4.56871357213e-07	2.83277576337e-06	0.0 	0.0 	179.19289587 	6.79450001846 	0.0 	0.0 	0.0 	0.0 	6.84355001846 	-5.88599999997 	0.0 	0.0 	7.49599116294	-3.1282549354	195.152808925	-12.0628549795	
3.6	4.56871357213e-07	2.56642837173e-06	0.0 	0.0 	179.305320037 	6.69640001846 	0.0 	0.0 	0.0 	0.0 	6.74545001846 	-5.88599999997 	0.0 	0.0 	7.55152102594	-3.12825647558	195.151130501	-12.1887024712	
3.61666666667	4.56871357213e-07	2.29408548651e-06	0.0 	0.0 	179.416109204 	6.59830001846 	0.0 	0.0 	0.0 	0.0 	6.64735001846 	-5.88599999997 	0.0 	0.0 	7.6060076006	-3.12825775906	195.14944013	-12.315457994	
3.63333333333	4.56871357213e-07	2.02560680892e-06	0.0 	0.0 	179.525263371 	6.50020001846 	0.0 	0.0 	0.0 	0.0 	6.54925001846 	-5.88599999997 	0.0 	0.0 	7.65947048811	-3.12825882862	195.147738013	-12.4431044874	
3.65	4.56871357213e-07	1.76851285093e-06	0.0 	0.0 	179.632782538 	6.40210001846 	0.0 	0.0 	0.0 	0.0 	6.45115001846 	-5.88599999997 	0.0 	0.0 	7.71192892136	-3.12825971993	195.146024353	-12.5716252119	
3.66666666667	4.56871357213e-07	1.5282762368e-06	0.0 	0.0 	179.738666705 	6.30400001846 	0.0 	0.0 	0.0 	0.0 	6.35305001846 	-5.88599999997 	0.0 	0.0 	7.76340177193	-3.12826046268	195.144299351	-12.7010037422	
3.68333333333	4.56871357213e-07	1.30861145837e-06	0.0 	0.0 	179.842915872 	6.20590001846 	0.0 	0.0 	0.0 	0.0 	6.25495001846 	-5.88599999997 	0.0 	0.0 	7.81390755682	-3.12826108164	195.142563208	-12.8312239619	
3.7	-3.27420054186e-06	1.55667202782e-07	0.0 	0.0 	179.945530039 	6.10780001848 	0.0 	0.0 	0.0 	0.0 	6.15685001847 	-5.88599999898 	0.0 	0.0 	7.86346444515	-3.12826159744	195.140816122	-12.9622700572	
3.71666666667	-3.27420054186e-06	-8.45047962316e-07	0.0 	0.0 	180.046509206 	6.00970001849 	0.0 	0.0 	0.0 	-0.0 	6.05875001849 	-5.88599999898 	0.0 	0.0 	7.91209026466	-3.12826202728	195.139058289	-13.0941265116	
3.73333333333	-3.27420054186e-06	-1.69651323338e-06	0.0 	0.0 	180.145853373 	5.91160001851 	0.0 	0.0 	0.0 	-0.0 	5.9606500185 	-5.88599999898 	0.0 	0.0 	7.95980250817	-3.12826238547	195.137289903	-13.2267781	
3.75	-3.27420054186e-06	-2.40570154684e-06	0.0 	0.0 	180.24356254 	5.81350001853 	0.0 	0.0 	0.0 	-0.0 	5.86255001852 	-5.88599999898 	0.0 	0.0 	8.00661833984	-3.12826268397	195.135511156	-13.3602098835	
3.76666666667	-3.27420054186e-06	-2.98246308337e-06	0.0 	0.0 	180.339636707 	5.71540001855 	0.0 	0.0 	0.0 	-0.0 	5.76445001854 	-5.88599999898 	0.0 	0.0 	8.05255460133	-3.12826293271	195.133722237	-13.4944072038	
3.78333333333	-3.27420054186e-06	-3.43857006976e-06	0.0 	0.0 	180.434075874 	5.61730001856 	0.0 	0.0 	0.0 	-0.0 	5.66635001855 	-5.88599999898 	0.0 	0.0 	8.09762781791	-3.12826314	195.131923333	-13.629355678	
3.8	-2.55222119864e-06	-3.60190922976e-06	0.0 	0.0 	180.526880041 	5.51920001857 	0.0 	0.0 	0.0 	-0.0 	5.56825001857 	-5.88599999958 	0.0 	0.0 	8.14185420436	-3.12826331274	195.130114627	-13.7650411935	
3.81666666667	-2.55222119864e-06	-3.69569432779e-06	0.0 	0.0 	180.618049208 	5.42110001858 	0.0 	0.0 	0.0 	-0.0 	5.47015001857 	-5.88599999958 	0.0 	0.0 	8.18524967083	-3.12826345669	195.128296301	-13.9014499027	
3.83333333333	-2.55222119864e-06	-3.73264424348e-06	0.0 	0.0 	180.707583375 	5.32300001858 	0.0 	0.0 	0.0 	-0.0 	5.37205001858 	-5.88599999958 	0.0 	0.0 	8.22782982853	-3.12826357665	195.126468532	-14.0385682185	
3.85	-2.55222119864e-06	-3.72439220799e-06	0.0 	0.0 	180.795482542 	5.22490001859 	0.0 	0.0 	0.0 	-0.0 	5.27395001859 	-5.88599999958 	0.0 	0.0 	8.26960999539	-3.12826367662	195.124631496	-14.1763828086	
3.86666666667	-2.55222119864e-06	-3.68136653644e-06	0.0 	0.0 	180.881746709 	5.1268000186 	0.0 	0.0 	0.0 	-0.0 	5.17585001859 	-5.88599999958 	0.0 	0.0 	8.31060520153	-3.12826375992	195.122785364	-14.3148805917	
3.88333333333	-2.55222119864e-06	-3.61273584918e-06	0.0 	0.0 	180.966375875 	5.0287000186 	0.0 	0.0 	0.0 	-0.0 	5.0777500186 	-5.88599999958 	0.0 	0.0 	8.35083019472	-3.12826382934	195.120930307	-14.4540487319	
3.9	2.89733529536e-06	-2.12995713214e-06	0.0 	0.0 	181.049370042 	4.93060001861 	0.0 	0.0 	0.0 	-0.0 	4.97965001861 	-5.88599999965 	0.0 	0.0 	8.3902994456	-3.12826388719	195.11906649	-14.5938746346	
3.91666666667	2.89733529536e-06	-8.23700738075e-07	0.0 	0.0 	181.130729209 	4.83250001862 	0.0 	0.0 	0.0 	-0.0 	4.88155001861 	-5.88599999965 	0.0 	0.0 	8.42902715299	-3.1282639354	195.117194076	-14.7343459419	
3.93333333333	2.89733529536e-06	3.04930343371e-07	0.0 	0.0 	181.210453376 	4.73440001862 	0.0 	0.0 	0.0 	0.0 	4.78345001862 	-5.88599999965 	0.0 	0.0 	8.4670272489	-3.12826397558	195.115313227	-14.8754505279	
3.95	2.89733529536e-06	1.26063208624e-06	0.0 	0.0 	181.288542543 	4.63630001863 	0.0 	0.0 	0.0 	0.0 	4.68535001862 	-5.88599999965 	0.0 	0.0 	8.50431340362	-3.12826400906	195.113424101	-15.0171764947	
3.96666666667	2.89733529536e-06	2.05244791225e-06	0.0 	0.0 	181.36499671 	4.53820001863 	0.0 	0.0 	0.0 	0.0 	4.58725001863 	-5.88599999965 	0.0 	0.0 	8.54089903058	-3.12826403695	195.111526851	-15.1595121678	
3.98333333333	2.89733529536e-06	2.69250790813e-06	0.0 	0.0 	181.439815877 	4.44010001864 	0.0 	0.0 	0.0 	0.0 	4.48915001864 	-5.88599999965 	0.0 	0.0 	8.57679729122	-3.1282640602	195.10962163	-15.3024460922	
4.0	-7.58061989049e-06	5.09979244412e-07	0.0 	0.0 	181.513000044 	4.34200001866 	0.0 	0.0 	0.0 	0.0 	4.39105001865 	-5.88599999856 	0.0 	0.0 	8.61202109969	-3.12826407958	195.107708587	-15.4459670279	
4.01666666667	-7.58061989049e-06	-1.43431169294e-06	0.0 	0.0 	181.584549211 	4.24390001869 	0.0 	0.0 	0.0 	-0.0 	4.29295001867 	-5.88599999856 	0.0 	0.0 	8.64658312751	-3.12826409572	195.105787869	-15.5900639463	
4.03333333333	-7.58061989049e-06	-3.13320930055e-06	0.0 	0.0 	181.654463378 	4.14580001871 	0.0 	0.0 	0.0 	-0.0 	4.1948500187 	-5.88599999856 	0.0 	0.0 	8.68049580815	-3.12826410918	195.10385962	-15.7347260259	
4.05	-7.58061989049e-06	-4.58883652739e-06	0.0 	0.0 	181.722742545 	4.04770001873 	0.0 	0.0 	0.0 	-0.0 	4.09675001872 	-5.88599999856 	0.0 	0.0 	8.71377134145	-3.12826412039	195.101923981	-15.8799426484	
4.06666666667	-7.58061989049e-06	-5.81044085829e-06	0.0 	0.0 	181.789386712 	3.94960001876 	0.0 	0.0 	0.0 	-0.0 	3.99865001875 	-5.88599999856 	0.0 	0.0 	8.74642169806	-3.12826412973	195.09998109	-16.0257033953	
4.08333333333	-7.58061989049e-06	-6.81250230949e-06	0.0 	0.0 	181.854395879 	3.85150001878 	0.0 	0.0 	0.0 	-0.0 	3.90055001877 	-5.88599999856 	0.0 	0.0 	8.77845862374	-3.12826413752	195.098031084	-16.1719980435	
4.1	-7.58061989049e-06	-7.61310360858e-06	0.0 	0.0 	181.917770046 	3.75340001881 	0.0 	0.0 	0.0 	-0.0 	3.80245001879 	-5.88599999856 	0.0 	0.0 	8.80989364353	-3.12826414401	195.096074096	-16.3188165621	
4.11666666667	-2.5162981e-06	-6.93482204037e-06	0.0 	0.0 	181.979509213 	3.65530001881 	0.0 	0.0 	0.0 	-0.0 	3.70435001881 	-5.88599999992 	0.0 	0.0 	8.84073806599	-3.12826414941	195.094110257	-16.4661491089	
4.13333333333	-2.5162981e-06	-6.27107495187e-06	0.0 	0.0 	182.03961338 	3.55720001881 	0.0 	0.0 	0.0 	-0.0 	3.60625001881 	-5.88599999992 	0.0 	0.0 	8.87100298717	-3.12826415392	195.092139696	-16.6139860262	
4.15	-2.5162981e-06	-5.63933418166e-06	0.0 	0.0 	182.098082547 	3.45910001881 	0.0 	0.0 	0.0 	-0.0 	3.50815001881 	-5.88599999992 	0.0 	0.0 	8.90069929469	-3.12826415767	195.090162539	-16.7623178379	
4.16666666667	-2.5162981e-06	-5.05214020719e-06	0.0 	0.0 	182.154916714 	3.36100001881 	0.0 	0.0 	0.0 	-0.0 	3.41005001881 	-5.88599999992 	0.0 	0.0 	8.92983767157	-3.1282641608	195.08817891	-16.9111352462	
4.18333333333	-2.5162981e-06	-4.51781981114e-06	0.0 	0.0 	182.210115881 	3.26290001881 	0.0 	0.0 	0.0 	-0.0 	3.31195001881 	-5.88599999992 	0.0 	0.0 	8.95842860017	-3.12826416341	195.08618893	-17.0604291276	
4.2	-2.5162981e-06	-4.04117395072e-06	0.0 	0.0 	182.263680048 	3.16480001881 	0.0 	0.0 	0.0 	-0.0 	3.21385001881 	-5.88599999992 	0.0 	0.0 	8.98648236586	-3.12826416558	195.084192719	-17.2101905303	
4.21666666667	-4.87484739452e-06	-4.22849929528e-06	0.0 	0.0 	182.315609215 	3.06670001882 	0.0 	0.0 	0.0 	-0.0 	3.11575001882 	-5.88599999985 	0.0 	0.0 	9.01400906081	-3.12826416739	195.082190393	-17.3604106705	
4.23333333333	-4.87484739452e-06	-4.39387481541e-06	0.0 	0.0 	182.365903382 	2.96860001882 	0.0 	0.0 	0.0 	-0.0 	3.01765001882 	-5.88599999985 	0.0 	0.0 	9.04101858754	-3.1282641689	195.080182068	-17.5110809294	
4.25	-4.87484739452e-06	-4.53707123662e-06	0.0 	0.0 	182.414562549 	2.87050001882 	0.0 	0.0 	0.0 	-0.0 	2.91955001882 	-5.88599999985 	0.0 	0.0 	9.06752066256	-3.12826417016	195.078167856	-17.6621928504	
4.26666666667	-4.87484739452e-06	-4.65860396798e-06	0.0 	0.0 	182.461586716 	2.77240001882 	0.0 	0.0 	0.0 	-0.0 	2.82145001882 	-5.88599999985 	0.0 	0.0 	9.09352481981	-3.12826417121	195.076147868	-17.8137381355	
4.28333333333	-4.87484739452e-06	-4.75954944187e-06	0.0 	0.0 	182.506975883 	2.67430001883 	0.0 	0.0 	0.0 	-0.0 	2.72335001883 	-5.88599999985 	0.0 	0.0 	9.11904041411	-3.12826417208	195.074122212	-17.9657086428	
4.3	-4.87484739452e-06	-4.84138524515e-06	0.0 	0.0 	182.55073005 	2.57620001883 	0.0 	0.0 	0.0 	-0.0 	2.62525001883 	-5.88599999985 	0.0 	0.0 	9.14407662451	-3.12826417281	195.072090994	-18.1180963831	
4.31666666667	-4.87484739452e-06	-4.90585368487e-06	0.0 	0.0 	182.592849217 	2.47810001883 	0.0 	0.0 	0.0 	-0.0 	2.52715001883 	-5.88599999985 	0.0 	0.0 	9.16864245762	-3.12826417342	195.07005432	-18.2708935176	
4.33333333333	-7.99045866574e-06	-5.75322316732e-06	0.0 	0.0 	182.633333384 	2.38000001884 	0.0 	0.0 	0.0 	-0.0 	2.42905001883 	-5.88599999985 	0.0 	0.0 	9.19274675084	-3.12826417392	195.068012292	-18.4240923547	
4.35	-7.99045866574e-06	-6.47984812555e-06	0.0 	0.0 	182.672182551 	2.28190001884 	0.0 	0.0 	0.0 	-0.0 	2.33095001884 	-5.88599999985 	0.0 	0.0 	9.21639817553	-3.12826417434	195.065965009	-18.5776853472	
4.36666666667	-7.99045866574e-06	-7.09018904755e-06	0.0 	0.0 	182.709396718 	2.18380001884 	0.0 	0.0 	0.0 	-0.0 	2.23285001884 	-5.88599999985 	0.0 	0.0 	9.23960524011	-3.12826417469	195.063912572	-18.7316650897	
4.38333333333	-7.99045866574e-06	-7.59133668768e-06	0.0 	0.0 	182.744975885 	2.08570001884 	0.0 	0.0 	0.0 	-0.0 	2.13475001884 	-5.88599999985 	0.0 	0.0 	9.26237629317	-3.12826417499	195.061855077	-18.8860243161	
4.4	-7.99045866574e-06	-7.99219867059e-06	0.0 	0.0 	182.778920052 	1.98760001885 	0.0 	0.0 	0.0 	-0.0 	2.03665001884 	-5.88599999985 	0.0 	0.0 	9.28471952645	-3.12826417523	195.059792618	-19.0407558966	
4.41666666667	-7.99045866574e-06	-8.30281233219e-06	0.0 	0.0 	182.811229219 	1.88950001885 	0.0 	0.0 	0.0 	-0.0 	1.93855001885 	-5.88599999985 	0.0 	0.0 	9.30664297777	-3.12826417543	195.057725289	-19.1958528355	
4.43333333333	-1.3458447684e-05	-9.93494905379e-06	0.0 	0.0 	182.841903386 	1.79140001885 	0.0 	0.0 	0.0 	-0.0 	1.84045001885 	-5.88599999985 	0.0 	0.0 	9.32815453395	-3.1282641756	195.055653182	-19.3513082686	
4.45	-1.3458447684e-05	-1.13099643452e-05	0.0 	0.0 	182.870942553 	1.69330001885 	0.0 	0.0 	0.0 	-0.0 	1.74235001885 	-5.88599999985 	0.0 	0.0 	9.34926193361	-3.12826417574	195.053576387	-19.5071154603	
4.46666666667	-1.3458447684e-05	-1.24427413004e-05	0.0 	0.0 	182.89834672 	1.59520001886 	0.0 	0.0 	0.0 	-0.0 	1.64425001885 	-5.88599999985 	0.0 	0.0 	9.36997277001	-3.12826417586	195.051494991	-19.663267802	
4.48333333333	-1.3458447684e-05	-1.33523842652e-05	-3.1663402915e-08 	-2.83074918049e-06 	182.924115887 	1.49710001886 	-1.2665361166e-08 	-1.1400084032e-06 	-1.8998041749e-06 	-0.000169844950829 	1.54615001886 	-5.88599999985 	-7.5992166996e-07 	-6.84005041917e-05 	9.39029449373	-3.12826417596	195.04940908	-19.819758809	
4.5	-1.3458447684e-05	-1.40606720447e-05	-7.91430463262e-08 	-2.80323602732e-06 	182.948250054 	1.39900001886 	-3.16655012193e-08 	-1.1400084032e-06 	-2.84877860467e-06 	1.65078918975e-06 	1.44805001886 	-5.88599999985 	-1.1400084032e-06 	-0.0 	9.41023441536	-3.12826417604	195.04731874	-19.9765821186	
4.51666666667	-1.3458447684e-05	-1.45907755626e-05	-1.26570916643e-07 	-2.7775867879e-06 	182.970749221 	1.30090001886 	-5.06656412725e-08 	-1.1400084032e-06 	-2.845672219e-06 	1.5389543654e-06 	1.34995001886 	-5.88599999985 	-1.1400084032e-06 	-0.0 	9.42979970816	-3.12826417611	195.045224055	-20.1337314873	
4.53333333333	-1.3458447684e-05	-1.49662205427e-05	-1.73915948636e-07 	-2.75380146222e-06 	182.991613388 	1.20280001887 	-6.96657813258e-08 	-1.1400084032e-06 	-2.84070191959e-06 	1.42711954105e-06 	1.25185001886 	-5.88599999985 	-1.1400084032e-06 	-0.0 	9.44899741061	-3.12826417616	195.043125104	-20.2912007894	
4.55	-1.64281418897e-05	-1.59710566407e-05	-2.21147077077e-07 	-2.73188005027e-06 	183.010842555 	1.10470001887 	-8.8665921379e-08 	-1.1400084032e-06 	-2.83386770645e-06 	1.31528471669e-06 	1.15375001887 	-5.88599999997 	-1.1400084032e-06 	-0.0 	9.46783442896	-3.12826417621	195.041021969	-20.4489840139	
4.56666666667	-1.64281418897e-05	-1.67640885307e-05	-2.99987913403e-07 	-5.20956060177e-06 	183.028436722 	1.00660001887 	-1.20367932099e-07 	-2.53837598695e-06 	-4.73045017955e-06 	-0.00014866083309 	1.05565001887 	-5.88599999996 	-1.90212064319e-06 	-8.39020550251e-05 	9.48631753969	-3.12826417625	195.038914729	-20.6070752629	
4.58333333333	-1.64281418897e-05	-1.73681899129e-05	-3.88723366902e-07 	-5.16905023554e-06 	183.044395889 	0.908500018868 	-1.62674198548e-07 	-2.53837598695e-06 	-5.32412720997e-06 	2.43062197419e-06 	0.957550018866 	-5.88599999996 	-2.53837598695e-06 	-0.0 	9.50445339197	-3.12826417628	195.03680346	-20.7654687492	
4.6	-1.64281418897e-05	-1.73681899129e-05	-3.88723366902e-07 	0.0 	183.044395889 	0.0 	-1.62674198548e-07 	0.0 	0.0 	0.0 	0.0 	0.0 	0.0 	0.0 	0.0	-3.12826417628	195.03680346	-20.7654687492	
4.61666666667	-1.64281418897e-05	-1.73681899129e-05	-3.88723366902e-07 	0.0 	183.044395889 	0.0 	-1.62674198548e-07 	0.0 	0.0 	0.0 	0.0 	0.0 	0.0 	0.0 	0.0	-3.12826417628	195.03680346	-20.7654687492	
4.63333333333	-1.64281418897e-05	-1.73681899129e-05	-3.88723366902e-07 	0.0 	183.044395889 	0.0 	-1.62674198548e-07 	0.0 	0.0 	0.0 	0.0 	0.0 	0.0 	0.0 	0.0	-3.12826417628	195.03680346	-20.7654687492	
4.65	-1.64281418897e-05	-1.73681899129e-05	-3.88723366902e-07 	0.0 	183.044395889 	0.0 	-1.62674198548e-07 	0.0 	0.0 	0.0 	0.0 	0.0 	0.0 	0.0 	0.0	-3.12826417628	195.03680346	-20.7654687492	
4.66666666667	-1.64281418897e-05	-1.73681899129e-05	-3.88723366902e-07 	0.0 	183.044395889 	0.0 	-1.62674198548e-07 	0.0 	0.0 	0.0 	0.0 	0.0 	0.0 	0.0 	0.0	-3.12826417628	195.03680346	-20.7654687492	
4.68333333333	-1.64281418897e-05	-1.73681899129e-05	-3.88723366902e-07 	0.0 	183.044395889 	0.0 	-1.62674198548e-07 	0.0 	0.0 	0.0 	0.0 	0.0 	0.0 	0.0 	0.0	-3.12826417628	195.03680346	-20.7654687492	
4.7	-1.64281418897e-05	-1.73681899129e-05	-3.88723366902e-07 	0.0 	183.044395889 	0.0 	-1.62674198548e-07 	0.0 	0.0 	0.0 	0.0 	0.0 	0.0 	0.0 	0.0	-3.12826417628	195.03680346	-20.7654687492	
4.71666666667	-1.64281418897e-05	-1.73681899129e-05	-3.88723366902e-07 	0.0 	183.044395889 	0.0 	-1.62674198548e-07 	0.0 	0.0 	0.0 	0.0 	0.0 	0.0 	0.0 	0.0	-3.12826417628	195.03680346	-20.7654687492	
4.73333333333	-1.64281418897e-05	-1.73681899129e-05	-3.88723366902e-07 	0.0 	183.044395889 	0.0 	-1.62674198548e-07 	0.0 	0.0 	0.0 	0.0 	0.0 	0.0 	0.0 	0.0	-3.12826417628	195.03680346	-20.7654687492	
4.75	-1.64281418897e-05	-1.73681899129e-05	-3.88723366902e-07 	0.0 	183.044395889 	0.0 	-1.62674198548e-07 	0.0 	0.0 	0.0 	0.0 	0.0 	0.0 	0.0 	0.0	-3.12826417628	195.03680346	-20.7654687492	
4.76666666667	-1.64281418897e-05	-1.73681899129e-05	-3.88723366902e-07 	0.0 	183.044395889 	0.0 	-1.62674198548e-07 	0.0 	0.0 	0.0 	0.0 	0.0 	0.0 	0.0 	0.0	-3.12826417628	195.03680346	-20.7654687492	
4.78333333333	-1.64281418897e-05	-1.73681899129e-05	-3.88723366902e-07 	0.0 	183.044395889 	0.0 	-1.62674198548e-07 	0.0 	0.0 	0.0 	0.0 	0.0 	0.0 	0.0 	0.0	-3.12826417628	195.03680346	-20.7654687492	
4.8	-1.64281418897e-05	-1.73681899129e-05	-3.88723366902e-07 	0.0 	183.044395889 	0.0 	-1.62674198548e-07 	0.0 	0.0 	0.0 	0.0 	0.0 	0.0 	0.0 	0.0	-3.12826417628	195.03680346	-20.7654687492	
4.81666666667	-1.64281418897e-05	-1.73681899129e-05	-3.88723366902e-07 	0.0 	183.044395889 	0.0 	-1.62674198548e-07 	0.0 	0.0 	0.0 	0.0 	0.0 	0.0 	0.0 	0.0	-3.12826417628	195.03680346	-20.7654687492	
4.83333333333	-1.64281418897e-05	-1.73681899129e-05	-3.88723366902e-07 	0.0 	183.044395889 	0.0 	-1.62674198548e-07 	0.0 	0.0 	0.0 	0.0 	0.0 	0.0 	0.0 	0.0	-3.12826417628	195.03680346	-20.7654687492	
4.85	-1.64281418897e-05	-1.73681899129e-05	-3.88723366902e-07 	0.0 	183.044395889 	0.0 	-1.62674198548e-07 	0.0 	0.0 	0.0 	0.0 	0.0 	0.0 	0.0 	0.0	-3.12826417628	195.03680346	-20.7654687492	
4.86666666667	-1.64281418897e-05	-1.73681899129e-05	-3.88723366902e-07 	0.0 	183.044395889 	0.0 	-1.62674198548e-07 	0.0 	0.0 	0.0 	0.0 	0.0 	0.0 	0.0 	0.0	-3.12826417628	195.03680346	-20.7654687492	
4.88333333333	-1.64281418897e-05	-1.73681899129e-05	-3.88723366902e-07 	0.0 	183.044395889 	0.0 	-1.62674198548e-07 	0.0 	0.0 	0.0 	0.0 	0.0 	0.0 	0.0 	0.0	-3.12826417628	195.03680346	-20.7654687492	
4.9	-1.64281418897e-05	-1.73681899129e-05	-3.88723366902e-07 	0.0 	183.044395889 	0.0 	-1.62674198548e-07 	0.0 	0.0 	0.0 	0.0 	0.0 	0.0 	0.0 	0.0	-3.12826417628	195.03680346	-20.7654687492	
4.91666666667	-1.64281418897e-05	-1.73681899129e-05	-3.88723366902e-07 	0.0 	183.044395889 	0.0 	-1.62674198548e-07 	0.0 	0.0 	0.0 	0.0 	0.0 	0.0 	0.0 	0.0	-3.12826417628	195.03680346	-20.7654687492	
4.93333333333	-1.64281418897e-05	-1.73681899129e-05	-3.88723366902e-07 	0.0 	183.044395889 	0.0 	-1.62674198548e-07 	0.0 	0.0 	0.0 	0.0 	0.0 	0.0 	0.0 	0.0	-3.12826417628	195.03680346	-20.7654687492	
4.95	-1.64281418897e-05	-1.73681899129e-05	-3.88723366902e-07 	0.0 	183.044395889 	0.0 	-1.62674198548e-07 	0.0 	0.0 	0.0 	0.0 	0.0 	0.0 	0.0 	0.0	-3.12826417628	195.03680346	-20.7654687492	
4.96666666667	-1.64281418897e-05	-1.73681899129e-05	-3.88723366902e-07 	0.0 	183.044395889 	0.0 	-1.62674198548e-07 	0.0 	0.0 	0.0 	0.0 	0.0 	0.0 	0.0 	0.0	-3.12826417628	195.03680346	-20.7654687492	
4.98333333333	-1.64281418897e-05	-1.73681899129e-05	-3.88723366902e-07 	0.0 	183.044395889 	0.0 	-1.62674198548e-07 	0.0 	0.0 	0.0 	0.0 	0.0 	0.0 	0.0 	0.0	-3.12826417628	195.03680346	-20.7654687492	
5.0	-1.64281418897e-05	-1.73681899129e-05	-3.88723366902e-07 	0.0 	183.044395889 	0.0 	-1.62674198548e-07 	0.0 	0.0 	0.0 	0.0 	0.0 	0.0 	0.0 	0.0	-3.12826417628	195.03680346	-20.7654687492	
5.01666666667	-1.64281418897e-05	-1.73681899129e-05	-3.88723366902e-07 	0.0 	183.044395889 	0.0 	-1.62674198548e-07 	0.0 	0.0 	0.0 	0.0 	0.0 	0.0 	0.0 	0.0	-3.12826417628	195.03680346	-20.7654687492	
5.03333333333	-1.64281418897e-05	-1.73681899129e-05	-3.88723366902e-07 	0.0 	183.044395889 	0.0 	-1.62674198548e-07 	0.0 	0.0 	0.0 	0.0 	0.0 	0.0 	0.0 	0.0	-3.12826417628	195.03680346	-20.7654687492	
5.05	-1.64281418897e-05	-1.73681899129e-05	-3.88723366902e-07 	0.0 	183.044395889 	0.0 	-1.62674198548e-07 	0.0 	0.0 	0.0 	0.0 	0.0 	0.0 	0.0 	0.0	-3.12826417628	195.03680346	-20.7654687492	
5.06666666667	-1.64281418897e-05	-1.73681899129e-05	-3.88723366902e-07 	0.0 	183.044395889 	0.0 	-1.62674198548e-07 	0.0 	0.0 	0.0 	0.0 	0.0 	0.0 	0.0 	0.0	-3.12826417628	195.03680346	-20.7654687492	
5.08333333333	-1.64281418897e-05	-1.73681899129e-05	-3.88723366902e-07 	0.0 	183.044395889 	0.0 	-1.62674198548e-07 	0.0 	0.0 	0.0 	0.0 	0.0 	0.0 	0.0 	0.0	-3.12826417628	195.03680346	-20.7654687492	
5.1	-1.64281418897e-05	-1.73681899129e-05	-3.88723366902e-07 	0.0 	183.044395889 	0.0 	-1.62674198548e-07 	0.0 	0.0 	0.0 	0.0 	0.0 	0.0 	0.0 	0.0	-3.12826417628	195.03680346	-20.7654687492	
5.11666666667	-1.64281418897e-05	-1.73681899129e-05	-3.88723366902e-07 	0.0 	183.044395889 	0.0 	-1.62674198548e-07 	0.0 	0.0 	0.0 	0.0 	0.0 	0.0 	0.0 	0.0	-3.12826417628	195.03680346	-20.7654687492	
5.13333333333	-1.64281418897e-05	-1.73681899129e-05	-3.88723366902e-07 	0.0 	183.044395889 	0.0 	-1.62674198548e-07 	0.0 	0.0 	0.0 	0.0 	0.0 	0.0 	0.0 	0.0	-3.12826417628	195.03680346	-20.7654687492	
5.15	-1.64281418897e-05	-1.73681899129e-05	-3.88723366902e-07 	0.0 	183.044395889 	0.0 	-1.62674198548e-07 	0.0 	0.0 	0.0 	0.0 	0.0 	0.0 	0.0 	0.0	-3.12826417628	195.03680346	-20.7654687492	
5.16666666667	-1.64281418897e-05	-1.73681899129e-05	-3.88723366902e-07 	0.0 	183.044395889 	0.0 	-1.62674198548e-07 	0.0 	0.0 	0.0 	0.0 	0.0 	0.0 	0.0 	0.0	-3.12826417628	195.03680346	-20.7654687492	
5.18333333333	-1.64281418897e-05	-1.73681899129e-05	-3.88723366902e-07 	0.0 	183.044395889 	0.0 	-1.62674198548e-07 	0.0 	0.0 	0.0 	0.0 	0.0 	0.0 	0.0 	0.0	-3.12826417628	195.03680346	-20.7654687492	
5.2	-1.64281418897e-05	-1.73681899129e-05	-3.88723366902e-07 	0.0 	183.044395889 	0.0 	-1.62674198548e-07 	0.0 	0.0 	0.0 	0.0 	0.0 	0.0 	0.0 	0.0	-3.12826417628	195.03680346	-20.7654687492	
5.21666666667	-1.64281418897e-05	-1.73681899129e-05	-3.88723366902e-07 	0.0 	183.044395889 	0.0 	-1.62674198548e-07 	0.0 	0.0 	0.0 	0.0 	0.0 	0.0 	0.0 	0.0	-3.12826417628	195.03680346	-20.7654687492	
5.23333333333	-1.64281418897e-05	-1.73681899129e-05	-3.88723366902e-07 	0.0 	183.044395889 	0.0 	-1.62674198548e-07 	0.0 	0.0 	0.0 	0.0 	0.0 	0.0 	0.0 	0.0	-3.12826417628	195.03680346	-20.7654687492	
5.25	-1.64281418897e-05	-1.73681899129e-05	-3.88723366902e-07 	0.0 	183.044395889 	0.0 	-1.62674198548e-07 	0.0 	0.0 	0.0 	0.0 	0.0 	0.0 	0.0 	0.0	-3.12826417628	195.03680346	-20.7654687492	
5.26666666667	-1.64281418897e-05	-1.73681899129e-05	-3.88723366902e-07 	0.0 	183.044395889 	0.0 	-1.62674198548e-07 	0.0 	0.0 	0.0 	0.0 	0.0 	0.0 	0.0 	0.0	-3.12826417628	195.03680346	-20.7654687492	
5.28333333333	-1.64281418897e-05	-1.73681899129e-05	-3.88723366902e-07 	0.0 	183.044395889 	0.0 	-1.62674198548e-07 	0.0 	0.0 	0.0 	0.0 	0.0 	0.0 	0.0 	0.0	-3.12826417628	195.03680346	-20.7654687492	
5.3	-1.64281418897e-05	-1.73681899129e-05	-3.88723366902e-07 	0.0 	183.044395889 	0.0 	-1.62674198548e-07 	0.0 	0.0 	0.0 	0.0 	0.0 	0.0 	0.0 	0.0	-3.12826417628	195.03680346	-20.7654687492	
5.31666666667	-1.64281418897e-05	-1.73681899129e-05	-3.88723366902e-07 	0.0 	183.044395889 	0.0 	-1.62674198548e-07 	0.0 	0.0 	0.0 	0.0 	0.0 	0.0 	0.0 	0.0	-3.12826417628	195.03680346	-20.7654687492	
5.33333333333	-1.64281418897e-05	-1.73681899129e-05	-3.88723366902e-07 	0.0 	183.044395889 	0.0 	-1.62674198548e-07 	0.0 	0.0 	0.0 	0.0 	0.0 	0.0 	0.0 	0.0	-3.12826417628	195.03680346	-20.7654687492	
5.35	-1.64281418897e-05	-1.73681899129e-05	-3.88723366902e-07 	0.0 	183.044395889 	0.0 	-1.62674198548e-07 	0.0 	0.0 	0.0 	0.0 	0.0 	0.0 	0.0 	0.0	-3.12826417628	195.03680346	-20.7654687492	
5.36666666667	-1.64281418897e-05	-1.73681899129e-05	-3.88723366902e-07 	0.0 	183.044395889 	0.0 	-1.62674198548e-07 	0.0 	0.0 	0.0 	0.0 	0.0 	0.0 	0.0 	0.0	-3.12826417628	195.03680346	-20.7654687492	
5.38333333333	-1.64281418897e-05	-1.73681899129e-05	-3.88723366902e-07 	0.0 	183.044395889 	0.0 	-1.62674198548e-07 	0.0 	0.0 	0.0 	0.0 	0.0 	0.0 	0.0 	0.0	-3.12826417628	195.03680346	-20.7654687492	
5.4	-1.64281418897e-05	-1.73681899129e-05	-3.88723366902e-07 	0.0 	183.044395889 	0.0 	-1.62674198548e-07 	0.0 	0.0 	0.0 	0.0 	0.0 	0.0 	0.0 	0.0	-3.12826417628	195.03680346	-20.7654687492	
5.41666666667	-1.64281418897e-05	-1.73681899129e-05	-3.88723366902e-07 	0.0 	183.044395889 	0.0 	-1.62674198548e-07 	0.0 	0.0 	0.0 	0.0 	0.0 	0.0 	0.0 	0.0	-3.12826417628	195.03680346	-20.7654687492	
5.43333333333	-1.64281418897e-05	-1.73681899129e-05	-3.88723366902e-07 	0.0 	183.044395889 	0.0 	-1.62674198548e-07 	0.0 	0.0 	0.0 	0.0 	0.0 	0.0 	0.0 	0.0	-3.12826417628	195.03680346	-20.7654687492	
5.45	-1.64281418897e-05	-1.73681899129e-05	-3.88723366902e-07 	0.0 	183.044395889 	0.0 	-1.62674198548e-07 	0.0 	0.0 	0.0 	0.0 	0.0 	0.0 	0.0 	0.0	-3.12826417628	195.03680346	-20.7654687492	
5.46666666667	-1.64281418897e-05	-1.73681899129e-05	-3.88723366902e-07 	0.0 	183.044395889 	0.0 	-1.62674198548e-07 	0.0 	0.0 	0.0 	0.0 	0.0 	0.0 	0.0 	0.0	-3.12826417628	195.03680346	-20.7654687492	
5.48333333333	-1.64281418897e-05	-1.73681899129e-05	-3.88723366902e-07 	0.0 	183.044395889 	0.0 	-1.62674198548e-07 	0.0 	0.0 	0.0 	0.0 	0.0 	0.0 	0.0 	0.0	-3.12826417628	195.03680346	-20.7654687492	
5.5	-1.64281418897e-05	-1.73681899129e-05	-3.88723366902e-07 	0.0 	183.044395889 	0.0 	-1.62674198548e-07 	0.0 	0.0 	0.0 	0.0 	0.0 	0.0 	0.0 	0.0	-3.12826417628	195.03680346	-20.7654687492	
5.51666666667	-1.64281418897e-05	-1.73681899129e-05	-3.88723366902e-07 	0.0 	183.044395889 	0.0 	-1.62674198548e-07 	0.0 	0.0 	0.0 	0.0 	0.0 	0.0 	0.0 	0.0	-3.12826417628	195.03680346	-20.7654687492	
5.53333333333	-1.64281418897e-05	-1.73681899129e-05	-3.88723366902e-07 	0.0 	183.044395889 	0.0 	-1.62674198548e-07 	0.0 	0.0 	0.0 	0.0 	0.0 	0.0 	0.0 	0.0	-3.12826417628	195.03680346	-20.7654687492	
5.55	-1.64281418897e-05	-1.73681899129e-05	-3.88723366902e-07 	0.0 	183.044395889 	0.0 	-1.62674198548e-07 	0.0 	0.0 	0.0 	0.0 	0.0 	0.0 	0.0 	0.0	-3.12826417628	195.03680346	-20.7654687492	
5.56666666667	-1.64281418897e-05	-1.73681899129e-05	-3.88723366902e-07 	0.0 	183.044395889 	0.0 	-1.62674198548e-07 	0.0 	0.0 	0.0 	0.0 	0.0 	0.0 	0.0 	0.0	-3.12826417628	195.03680346	-20.7654687492	
5.58333333333	-1.64281418897e-05	-1.73681899129e-05	-3.88723366902e-07 	0.0 	183.044395889 	0.0 	-1.62674198548e-07 	0.0 	0.0 	0.0 	0.0 	0.0 	0.0 	0.0 	0.0	-3.12826417628	195.03680346	-20.7654687492	
5.6	-1.64281418897e-05	-1.73681899129e-05	-3.88723366902e-07 	0.0 	183.044395889 	0.0 	-1.62674198548e-07 	0.0 	0.0 	0.0 	0.0 	0.0 	0.0 	0.0 	0.0	-3.12826417628	195.03680346	-20.7654687492	
5.61666666667	-1.64281418897e-05	-1.73681899129e-05	-3.88723366902e-07 	0.0 	183.044395889 	0.0 	-1.62674198548e-07 	0.0 	0.0 	0.0 	0.0 	0.0 	0.0 	0.0 	0.0	-3.12826417628	195.03680346	-20.7654687492	
5.63333333333	-1.64281418897e-05	-1.73681899129e-05	-3.88723366902e-07 	0.0 	183.044395889 	0.0 	-1.62674198548e-07 	0.0 	0.0 	0.0 	0.0 	0.0 	0.0 	0.0 	0.0	-3.12826417628	195.03680346	-20.7654687492	
5.65	-1.64281418897e-05	-1.73681899129e-05	-3.88723366902e-07 	0.0 	183.044395889 	0.0 	-1.62674198548e-07 	0.0 	0.0 	0.0 	0.0 	0.0 	0.0 	0.0 	0.0	-3.12826417628	195.03680346	-20.7654687492	
5.66666666667	-1.64281418897e-05	-1.73681899129e-05	-3.88723366902e-07 	0.0 	183.044395889 	0.0 	-1.62674198548e-07 	0.0 	0.0 	0.0 	0.0 	0.0 	0.0 	0.0 	0.0	-3.12826417628	195.03680346	-20.7654687492	
5.68333333333	-1.64281418897e-05	-1.73681899129e-05	-3.88723366902e-07 	0.0 	183.044395889 	0.0 	-1.62674198548e-07 	0.0 	0.0 	0.0 	0.0 	0.0 	0.0 	0.0 	0.0	-3.12826417628	195.03680346	-20.7654687492	
5.7	-1.64281418897e-05	-1.73681899129e-05	-3.88723366902e-07 	0.0 	183.044395889 	0.0 	-1.62674198548e-07 	0.0 	0.0 	0.0 	0.0 	0.0 	0.0 	0.0 	0.0	-3.12826417628	195.03680346	-20.7654687492	
5.71666666667	-1.64281418897e-05	-1.73681899129e-05	-3.88723366902e-07 	0.0 	183.044395889 	0.0 	-1.62674198548e-07 	0.0 	0.0 	0.0 	0.0 	0.0 	0.0 	0.0 	0.0	-3.12826417628	195.03680346	-20.7654687492	
5.73333333333	-1.64281418897e-05	-1.73681899129e-05	-3.88723366902e-07 	0.0 	183.044395889 	0.0 	-1.62674198548e-07 	0.0 	0.0 	0.0 	0.0 	0.0 	0.0 	0.0 	0.0	-3.12826417628	195.03680346	-20.7654687492	
5.75	-1.64281418897e-05	-1.73681899129e-05	-3.88723366902e-07 	0.0 	183.044395889 	0.0 	-1.62674198548e-07 	0.0 	0.0 	0.0 	0.0 	0.0 	0.0 	0.0 	0.0	-3.12826417628	195.03680346	-20.7654687492	
5.76666666667	-1.64281418897e-05	-1.73681899129e-05	-3.88723366902e-07 	0.0 	183.044395889 	0.0 	-1.62674198548e-07 	0.0 	0.0 	0.0 	0.0 	0.0 	0.0 	0.0 	0.0	-3.12826417628	195.03680346	-20.7654687492	
5.78333333333	-1.64281418897e-05	-1.73681899129e-05	-3.88723366902e-07 	0.0 	183.044395889 	0.0 	-1.62674198548e-07 	0.0 	0.0 	0.0 	0.0 	0.0 	0.0 	0.0 	0.0	-3.12826417628	195.03680346	-20.7654687492	
5.8	-1.64281418897e-05	-1.73681899129e-05	-3.88723366902e-07 	0.0 	183.044395889 	0.0 	-1.62674198548e-07 	0.0 	0.0 	0.0 	0.0 	0.0 	0.0 	0.0 	0.0	-3.12826417628	195.03680346	-20.7654687492	
5.81666666667	-1.64281418897e-05	-1.73681899129e-05	-3.88723366902e-07 	0.0 	183.044395889 	0.0 	-1.62674198548e-07 	0.0 	0.0 	0.0 	0.0 	0.0 	0.0 	0.0 	0.0	-3.12826417628	195.03680346	-20.7654687492	
5.83333333333	-1.64281418897e-05	-1.73681899129e-05	-3.88723366902e-07 	0.0 	183.044395889 	0.0 	-1.62674198548e-07 	0.0 	0.0 	0.0 	0.0 	0.0 	0.0 	0.0 	0.0	-3.12826417628	195.03680346	-20.7654687492	
5.85	-1.64281418897e-05	-1.73681899129e-05	-3.88723366902e-07 	0.0 	183.044395889 	0.0 	-1.62674198548e-07 	0.0 	0.0 	0.0 	0.0 	0.0 	0.0 	0.0 	0.0	-3.12826417628	195.03680346	-20.7654687492	
5.86666666667	-1.64281418897e-05	-1.73681899129e-05	-3.88723366902e-07 	0.0 	183.044395889 	0.0 	-1.62674198548e-07 	0.0 	0.0 	0.0 	0.0 	0.0 	0.0 	0.0 	0.0	-3.12826417628	195.03680346	-20.7654687492	
5.88333333333	-1.64281418897e-05	-1.73681899129e-05	-3.88723366902e-07 	0.0 	183.044395889 	0.0 	-1.62674198548e-07 	0.0 	0.0 	0.0 	0.0 	0.0 	0.0 	0.0 	0.0	-3.12826417628	195.03680346	-20.7654687492	
5.9	-1.64281418897e-05	-1.73681899129e-05	-3.88723366902e-07 	0.0 	183.044395889 	0.0 	-1.62674198548e-07 	0.0 	0.0 	0.0 	0.0 	0.0 	0.0 	0.0 	0.0	-3.12826417628	195.03680346	-20.7654687492	
5.91666666667	-1.64281418897e-05	-1.73681899129e-05	-3.88723366902e-07 	0.0 	183.044395889 	0.0 	-1.62674198548e-07 	0.0 	0.0 	0.0 	0.0 	0.0 	0.0 	0.0 	0.0	-3.12826417628	195.03680346	-20.7654687492	
5.93333333333	-1.64281418897e-05	-1.73681899129e-05	-3.88723366902e-07 	0.0 	183.044395889 	0.0 	-1.62674198548e-07 	0.0 	0.0 	0.0 	0.0 	0.0 	0.0 	0.0 	0.0	-3.12826417628	195.03680346	-20.7654687492	
5.95	-1.64281418897e-05	-1.73681899129e-05	-3.88723366902e-07 	0.0 	183.044395889 	0.0 	-1.62674198548e-07 	0.0 	0.0 	0.0 	0.0 	0.0 	0.0 	0.0 	0.0	-3.12826417628	195.03680346	-20.7654687492	
5.96666666667	-1.64281418897e-05	-1.73681899129e-05	-3.88723366902e-07 	0.0 	183.044395889 	0.0 	-1.62674198548e-07 	0.0 	0.0 	0.0 	0.0 	0.0 	0.0 	0.0 	0.0	-3.12826417628	195.03680346	-20.7654687492	
5.98333333333	-1.64281418897e-05	-1.73681899129e-05	-3.88723366902e-07 	0.0 	183.044395889 	0.0 	-1.62674198548e-07 	0.0 	0.0 	0.0 	0.0 	0.0 	0.0 	0.0 	0.0	-3.12826417628	195.03680346	-20.7654687492	
6.0	-1.64281418897e-05	-1.73681899129e-05	-3.88723366902e-07 	0.0 	183.044395889 	0.0 	-1.62674198548e-07 	0.0 	0.0 	0.0 	0.0 	0.0 	0.0 	0.0 	0.0	-3.12826417628	195.03680346	-20.7654687492	
6.01666666667	-1.64281418897e-05	-1.73681899129e-05	-3.88723366902e-07 	0.0 	183.044395889 	0.0 	-1.62674198548e-07 	0.0 	0.0 	0.0 	0.0 	0.0 	0.0 	0.0 	0.0	-3.12826417628	195.03680346	-20.7654687492	
6.03333333333	-1.64281418897e-05	-1.73681899129e-05	-3.88723366902e-07 	0.0 	183.044395889 	0.0 	-1.62674198548e-07 	0.0 	0.0 	0.0 	0.0 	0.0 	0.0 	0.0 	0.0	-3.12826417628	195.03680346	-20.7654687492	
6.05	-1.64281418897e-05	-1.73681899129e-05	-3.88723366902e-07 	0.0 	183.044395889 	0.0 	-1.62674198548e-07 	0.0 	0.0 	0.0 	0.0 	0.0 	0.0 	0.0 	0.0	-3.12826417628	195.03680346	-20.7654687492	
6.06666666667	-1.64281418897e-05	-1.73681899129e-05	-3.88723366902e-07 	0.0 	183.044395889 	0.0 	-1.62674198548e-07 	0.0 	0.0 	0.0 	0.0 	0.0 	0.0 	0.0 	0.0	-3.12826417628	195.03680346	-20.7654687492	
6.08333333333	-1.64281418897e-05	-1.73681899129e-05	-3.88723366902e-07 	0.0 	183.044395889 	0.0 	-1.62674198548e-07 	0.0 	0.0 	0.0 	0.0 	0.0 	0.0 	0.0 	0.0	-3.12826417628	195.03680346	-20.7654687492	
6.1	-1.64281418897e-05	-1.73681899129e-05	-3.88723366902e-07 	0.0 	183.044395889 	0.0 	-1.62674198548e-07 	0.0 	0.0 	0.0 	0.0 	0.0 	0.0 	0.0 	0.0	-3.12826417628	195.03680346	-20.7654687492	
6.11666666667	-1.64281418897e-05	-1.73681899129e-05	-3.88723366902e-07 	0.0 	183.044395889 	0.0 	-1.62674198548e-07 	0.0 	0.0 	0.0 	0.0 	0.0 	0.0 	0.0 	0.0	-3.12826417628	195.03680346	-20.7654687492	
6.13333333333	-1.64281418897e-05	-1.73681899129e-05	-3.88723366902e-07 	0.0 	183.044395889 	0.0 	-1.62674198548e-07 	0.0 	0.0 	0.0 	0.0 	0.0 	0.0 	0.0 	0.0	-3.12826417628	195.03680346	-20.7654687492	
6.15	-1.64281418897e-05	-1.73681899129e-05	-3.88723366902e-07 	0.0 	183.044395889 	0.0 	-1.62674198548e-07 	0.0 	0.0 	0.0 	0.0 	0.0 	0.0 	0.0 	0.0	-3.12826417628	195.03680346	-20.7654687492	
6.16666666667	-1.64281418897e-05	-1.73681899129e-05	-3.88723366902e-07 	0.0 	183.044395889 	0.0 	-1.62674198548e-07 	0.0 	0.0 	0.0 	0.0 	0.0 	0.0 	0.0 	0.0	-3.12826417628	195.03680346	-20.7654687492	
6.18333333333	-1.64281418897e-05	-1.73681899129e-05	-3.88723366902e-07 	0.0 	183.044395889 	0.0 	-1.62674198548e-07 	0.0 	0.0 	0.0 	0.0 	0.0 	0.0 	0.0 	0.0	-3.12826417628	195.03680346	-20.7654687492	
6.2	-1.64281418897e-05	-1.73681899129e-05	-3.88723366902e-07 	0.0 	183.044395889 	0.0 	-1.62674198548e-07 	0.0 	0.0 	0.0 	0.0 	0.0 	0.0 	0.0 	0.0	-3.12826417628	195.03680346	-20.7654687492	
6.21666666667	-1.64281418897e-05	-1.73681899129e-05	-3.88723366902e-07 	0.0 	183.044395889 	0.0 	-1.62674198548e-07 	0.0 	0.0 	0.0 	0.0 	0.0 	0.0 	0.0 	0.0	-3.12826417628	195.03680346	-20.7654687492	
6.23333333333	-1.64281418897e-05	-1.73681899129e-05	-3.88723366902e-07 	0.0 	183.044395889 	0.0 	-1.62674198548e-07 	0.0 	0.0 	0.0 	0.0 	0.0 	0.0 	0.0 	0.0	-3.12826417628	195.03680346	-20.7654687492	
6.25	-1.64281418897e-05	-1.73681899129e-05	-3.88723366902e-07 	0.0 	183.044395889 	0.0 	-1.62674198548e-07 	0.0 	0.0 	0.0 	0.0 	0.0 	0.0 	0.0 	0.0	-3.12826417628	195.03680346	-20.7654687492	
6.26666666667	-1.64281418897e-05	-1.73681899129e-05	-3.88723366902e-07 	0.0 	183.044395889 	0.0 	-1.62674198548e-07 	0.0 	0.0 	0.0 	0.0 	0.0 	0.0 	0.0 	0.0	-3.12826417628	195.03680346	-20.7654687492	
6.28333333333	-1.64281418897e-05	-1.73681899129e-05	-3.88723366902e-07 	0.0 	183.044395889 	0.0 	-1.62674198548e-07 	0.0 	0.0 	0.0 	0.0 	0.0 	0.0 	0.0 	0.0	-3.12826417628	195.03680346	-20.7654687492	
6.3	-1.64281418897e-05	-1.73681899129e-05	-3.88723366902e-07 	0.0 	183.044395889 	0.0 	-1.62674198548e-07 	0.0 	0.0 	0.0 	0.0 	0.0 	0.0 	0.0 	0.0	-3.12826417628	195.03680346	-20.7654687492	
6.31666666667	-1.64281418897e-05	-1.73681899129e-05	-3.88723366902e-07 	0.0 	183.044395889 	0.0 	-1.62674198548e-07 	0.0 	0.0 	0.0 	0.0 	0.0 	0.0 	0.0 	0.0	-3.12826417628	195.03680346	-20.7654687492	
6.33333333333	-1.64281418897e-05	-1.73681899129e-05	-3.88723366902e-07 	0.0 	183.044395889 	0.0 	-1.62674198548e-07 	0.0 	0.0 	0.0 	0.0 	0.0 	0.0 	0.0 	0.0	-3.12826417628	195.03680346	-20.7654687492	
6.35	-1.64281418897e-05	-1.73681899129e-05	-3.88723366902e-07 	0.0 	183.044395889 	0.0 	-1.62674198548e-07 	0.0 	0.0 	0.0 	0.0 	0.0 	0.0 	0.0 	0.0	-3.12826417628	195.03680346	-20.7654687492	
6.36666666667	-1.64281418897e-05	-1.73681899129e-05	-3.88723366902e-07 	0.0 	183.044395889 	0.0 	-1.62674198548e-07 	0.0 	0.0 	0.0 	0.0 	0.0 	0.0 	0.0 	0.0	-3.12826417628	195.03680346	-20.7654687492	
6.38333333333	-1.64281418897e-05	-1.73681899129e-05	-3.88723366902e-07 	0.0 	183.044395889 	0.0 	-1.62674198548e-07 	0.0 	0.0 	0.0 	0.0 	0.0 	0.0 	0.0 	0.0	-3.12826417628	195.03680346	-20.7654687492	
6.4	-1.64281418897e-05	-1.73681899129e-05	-3.88723366902e-07 	0.0 	183.044395889 	0.0 	-1.62674198548e-07 	0.0 	0.0 	0.0 	0.0 	0.0 	0.0 	0.0 	0.0	-3.12826417628	195.03680346	-20.7654687492	
6.41666666667	-1.64281418897e-05	-1.73681899129e-05	-3.88723366902e-07 	0.0 	183.044395889 	0.0 	-1.62674198548e-07 	0.0 	0.0 	0.0 	0.0 	0.0 	0.0 	0.0 	0.0	-3.12826417628	195.03680346	-20.7654687492	
6.43333333333	-1.64281418897e-05	-1.73681899129e-05	-3.88723366902e-07 	0.0 	183.044395889 	0.0 	-1.62674198548e-07 	0.0 	0.0 	0.0 	0.0 	0.0 	0.0 	0.0 	0.0	-3.12826417628	195.03680346	-20.7654687492	
6.45	-1.64281418897e-05	-1.73681899129e-05	-3.88723366902e-07 	0.0 	183.044395889 	0.0 	-1.62674198548e-07 	0.0 	0.0 	0.0 	0.0 	0.0 	0.0 	0.0 	0.0	-3.12826417628	195.03680346	-20.7654687492	
6.46666666667	-1.64281418897e-05	-1.73681899129e-05	-3.88723366902e-07 	0.0 	183.044395889 	0.0 	-1.62674198548e-07 	0.0 	0.0 	0.0 	0.0 	0.0 	0.0 	0.0 	0.0	-3.12826417628	195.03680346	-20.7654687492	
6.48333333333	-1.64281418897e-05	-1.73681899129e-05	-3.88723366902e-07 	0.0 	183.044395889 	0.0 	-1.62674198548e-07 	0.0 	0.0 	0.0 	0.0 	0.0 	0.0 	0.0 	0.0	-3.12826417628	195.03680346	-20.7654687492	
6.5	-1.64281418897e-05	-1.73681899129e-05	-3.88723366902e-07 	0.0 	183.044395889 	0.0 	-1.62674198548e-07 	0.0 	0.0 	0.0 	0.0 	0.0 	0.0 	0.0 	0.0	-3.12826417628	195.03680346	-20.7654687492	
6.51666666667	-1.64281418897e-05	-1.73681899129e-05	-3.88723366902e-07 	0.0 	183.044395889 	0.0 	-1.62674198548e-07 	0.0 	0.0 	0.0 	0.0 	0.0 	0.0 	0.0 	0.0	-3.12826417628	195.03680346	-20.7654687492	
6.53333333333	-1.64281418897e-05	-1.73681899129e-05	-3.88723366902e-07 	0.0 	183.044395889 	0.0 	-1.62674198548e-07 	0.0 	0.0 	0.0 	0.0 	0.0 	0.0 	0.0 	0.0	-3.12826417628	195.03680346	-20.7654687492	
6.55	-1.64281418897e-05	-1.73681899129e-05	-3.88723366902e-07 	0.0 	183.044395889 	0.0 	-1.62674198548e-07 	0.0 	0.0 	0.0 	0.0 	0.0 	0.0 	0.0 	0.0	-3.12826417628	195.03680346	-20.7654687492	
6.56666666667	-1.64281418897e-05	-1.73681899129e-05	-3.88723366902e-07 	0.0 	183.044395889 	0.0 	-1.62674198548e-07 	0.0 	0.0 	0.0 	0.0 	0.0 	0.0 	0.0 	0.0	-3.12826417628	195.03680346	-20.7654687492	
6.58333333333	-1.64281418897e-05	-1.73681899129e-05	-3.88723366902e-07 	0.0 	183.044395889 	0.0 	-1.62674198548e-07 	0.0 	0.0 	0.0 	0.0 	0.0 	0.0 	0.0 	0.0	-3.12826417628	195.03680346	-20.7654687492	
6.6	-1.64281418897e-05	-1.73681899129e-05	-3.88723366902e-07 	0.0 	183.044395889 	0.0 	-1.62674198548e-07 	0.0 	0.0 	0.0 	0.0 	0.0 	0.0 	0.0 	0.0	-3.12826417628	195.03680346	-20.7654687492	
6.61666666667	-1.64281418897e-05	-1.73681899129e-05	-3.88723366902e-07 	0.0 	183.044395889 	0.0 	-1.62674198548e-07 	0.0 	0.0 	0.0 	0.0 	0.0 	0.0 	0.0 	0.0	-3.12826417628	195.03680346	-20.7654687492	
6.63333333333	-1.64281418897e-05	-1.73681899129e-05	-3.88723366902e-07 	0.0 	183.044395889 	0.0 	-1.62674198548e-07 	0.0 	0.0 	0.0 	0.0 	0.0 	0.0 	0.0 	0.0	-3.12826417628	195.03680346	-20.7654687492	
6.65	-1.64281418897e-05	-1.73681899129e-05	-3.88723366902e-07 	0.0 	183.044395889 	0.0 	-1.62674198548e-07 	0.0 	0.0 	0.0 	0.0 	0.0 	0.0 	0.0 	0.0	-3.12826417628	195.03680346	-20.7654687492	
6.66666666667	-1.64281418897e-05	-1.73681899129e-05	-3.88723366902e-07 	0.0 	183.044395889 	0.0 	-1.62674198548e-07 	0.0 	0.0 	0.0 	0.0 	0.0 	0.0 	0.0 	0.0	-3.12826417628	195.03680346	-20.7654687492	
6.68333333333	-1.64281418897e-05	-1.73681899129e-05	-3.88723366902e-07 	0.0 	183.044395889 	0.0 	-1.62674198548e-07 	0.0 	0.0 	0.0 	0.0 	0.0 	0.0 	0.0 	0.0	-3.12826417628	195.03680346	-20.7654687492	
6.7	-1.64281418897e-05	-1.73681899129e-05	-3.88723366902e-07 	0.0 	183.044395889 	0.0 	-1.62674198548e-07 	0.0 	0.0 	0.0 	0.0 	0.0 	0.0 	0.0 	0.0	-3.12826417628	195.03680346	-20.7654687492	
6.71666666667	-1.64281418897e-05	-1.73681899129e-05	-3.88723366902e-07 	0.0 	183.044395889 	0.0 	-1.62674198548e-07 	0.0 	0.0 	0.0 	0.0 	0.0 	0.0 	0.0 	0.0	-3.12826417628	195.03680346	-20.7654687492	
6.73333333333	-1.64281418897e-05	-1.73681899129e-05	-3.88723366902e-07 	0.0 	183.044395889 	0.0 	-1.62674198548e-07 	0.0 	0.0 	0.0 	0.0 	0.0 	0.0 	0.0 	0.0	-3.12826417628	195.03680346	-20.7654687492	
6.75	-1.64281418897e-05	-1.73681899129e-05	-3.88723366902e-07 	0.0 	183.044395889 	0.0 	-1.62674198548e-07 	0.0 	0.0 	0.0 	0.0 	0.0 	0.0 	0.0 	0.0	-3.12826417628	195.03680346	-20.7654687492	
6.76666666667	-1.64281418897e-05	-1.73681899129e-05	-3.88723366902e-07 	0.0 	183.044395889 	0.0 	-1.62674198548e-07 	0.0 	0.0 	0.0 	0.0 	0.0 	0.0 	0.0 	0.0	-3.12826417628	195.03680346	-20.7654687492	
6.78333333333	-1.64281418897e-05	-1.73681899129e-05	-3.88723366902e-07 	0.0 	183.044395889 	0.0 	-1.62674198548e-07 	0.0 	0.0 	0.0 	0.0 	0.0 	0.0 	0.0 	0.0	-3.12826417628	195.03680346	-20.7654687492	
6.8	-1.64281418897e-05	-1.73681899129e-05	-3.88723366902e-07 	0.0 	183.044395889 	0.0 	-1.62674198548e-07 	0.0 	0.0 	0.0 	0.0 	0.0 	0.0 	0.0 	0.0	-3.12826417628	195.03680346	-20.7654687492	
6.81666666667	-1.64281418897e-05	-1.73681899129e-05	-3.88723366902e-07 	0.0 	183.044395889 	0.0 	-1.62674198548e-07 	0.0 	0.0 	0.0 	0.0 	0.0 	0.0 	0.0 	0.0	-3.12826417628	195.03680346	-20.7654687492	
6.83333333333	-1.64281418897e-05	-1.73681899129e-05	-3.88723366902e-07 	0.0 	183.044395889 	0.0 	-1.62674198548e-07 	0.0 	0.0 	0.0 	0.0 	0.0 	0.0 	0.0 	0.0	-3.12826417628	195.03680346	-20.7654687492	
6.85	-1.64281418897e-05	-1.73681899129e-05	-3.88723366902e-07 	0.0 	183.044395889 	0.0 	-1.62674198548e-07 	0.0 	0.0 	0.0 	0.0 	0.0 	0.0 	0.0 	0.0	-3.12826417628	195.03680346	-20.7654687492	
6.86666666667	-1.64281418897e-05	-1.73681899129e-05	-3.88723366902e-07 	0.0 	183.044395889 	0.0 	-1.62674198548e-07 	0.0 	0.0 	0.0 	0.0 	0.0 	0.0 	0.0 	0.0	-3.12826417628	195.03680346	-20.7654687492	
6.88333333333	-1.64281418897e-05	-1.73681899129e-05	-3.88723366902e-07 	0.0 	183.044395889 	0.0 	-1.62674198548e-07 	0.0 	0.0 	0.0 	0.0 	0.0 	0.0 	0.0 	0.0	-3.12826417628	195.03680346	-20.7654687492	
6.9	-1.64281418897e-05	-1.73681899129e-05	-3.88723366902e-07 	0.0 	183.044395889 	0.0 	-1.62674198548e-07 	0.0 	0.0 	0.0 	0.0 	0.0 	0.0 	0.0 	0.0	-3.12826417628	195.03680346	-20.7654687492	
6.91666666667	-1.64281418897e-05	-1.73681899129e-05	-3.88723366902e-07 	0.0 	183.044395889 	0.0 	-1.62674198548e-07 	0.0 	0.0 	0.0 	0.0 	0.0 	0.0 	0.0 	0.0	-3.12826417628	195.03680346	-20.7654687492	
6.93333333333	-1.64281418897e-05	-1.73681899129e-05	-3.88723366902e-07 	0.0 	183.044395889 	0.0 	-1.62674198548e-07 	0.0 	0.0 	0.0 	0.0 	0.0 	0.0 	0.0 	0.0	-3.12826417628	195.03680346	-20.7654687492	
6.95	-1.64281418897e-05	-1.73681899129e-05	-3.88723366902e-07 	0.0 	183.044395889 	0.0 	-1.62674198548e-07 	0.0 	0.0 	0.0 	0.0 	0.0 	0.0 	0.0 	0.0	-3.12826417628	195.03680346	-20.7654687492	
6.96666666667	-1.64281418897e-05	-1.73681899129e-05	-3.88723366902e-07 	0.0 	183.044395889 	0.0 	-1.62674198548e-07 	0.0 	0.0 	0.0 	0.0 	0.0 	0.0 	0.0 	0.0	-3.12826417628	195.03680346	-20.7654687492	
6.98333333333	-1.64281418897e-05	-1.73681899129e-05	-3.88723366902e-07 	0.0 	183.044395889 	0.0 	-1.62674198548e-07 	0.0 	0.0 	0.0 	0.0 	0.0 	0.0 	0.0 	0.0	-3.12826417628	195.03680346	-20.7654687492	
7.0	-1.64281418897e-05	-1.73681899129e-05	-3.88723366902e-07 	0.0 	183.044395889 	0.0 	-1.62674198548e-07 	0.0 	0.0 	0.0 	0.0 	0.0 	0.0 	0.0 	0.0	-3.12826417628	195.03680346	-20.7654687492	
7.01666666667	-1.64281418897e-05	-1.73681899129e-05	-3.88723366902e-07 	0.0 	183.044395889 	0.0 	-1.62674198548e-07 	0.0 	0.0 	0.0 	0.0 	0.0 	0.0 	0.0 	0.0	-3.12826417628	195.03680346	-20.7654687492	
7.03333333333	-1.64281418897e-05	-1.73681899129e-05	-3.88723366902e-07 	0.0 	183.044395889 	0.0 	-1.62674198548e-07 	0.0 	0.0 	0.0 	0.0 	0.0 	0.0 	0.0 	0.0	-3.12826417628	195.03680346	-20.7654687492	
7.05	-1.64281418897e-05	-1.73681899129e-05	-3.88723366902e-07 	0.0 	183.044395889 	0.0 	-1.62674198548e-07 	0.0 	0.0 	0.0 	0.0 	0.0 	0.0 	0.0 	0.0	-3.12826417628	195.03680346	-20.7654687492	
7.06666666667	-1.64281418897e-05	-1.73681899129e-05	-3.88723366902e-07 	0.0 	183.044395889 	0.0 	-1.62674198548e-07 	0.0 	0.0 	0.0 	0.0 	0.0 	0.0 	0.0 	0.0	-3.12826417628	195.03680346	-20.7654687492	
7.08333333333	-1.64281418897e-05	-1.73681899129e-05	-3.88723366902e-07 	0.0 	183.044395889 	0.0 	-1.62674198548e-07 	0.0 	0.0 	0.0 	0.0 	0.0 	0.0 	0.0 	0.0	-3.12826417628	195.03680346	-20.7654687492	
7.1	-1.64281418897e-05	-1.73681899129e-05	-3.88723366902e-07 	0.0 	183.044395889 	0.0 	-1.62674198548e-07 	0.0 	0.0 	0.0 	0.0 	0.0 	0.0 	0.0 	0.0	-3.12826417628	195.03680346	-20.7654687492	
7.11666666667	-1.64281418897e-05	-1.73681899129e-05	-3.88723366902e-07 	0.0 	183.044395889 	0.0 	-1.62674198548e-07 	0.0 	0.0 	0.0 	0.0 	0.0 	0.0 	0.0 	0.0	-3.12826417628	195.03680346	-20.7654687492	
7.13333333333	-1.64281418897e-05	-1.73681899129e-05	-3.88723366902e-07 	0.0 	183.044395889 	0.0 	-1.62674198548e-07 	0.0 	0.0 	0.0 	0.0 	0.0 	0.0 	0.0 	0.0	-3.12826417628	195.03680346	-20.7654687492	
7.15	-1.64281418897e-05	-1.73681899129e-05	-3.88723366902e-07 	0.0 	183.044395889 	0.0 	-1.62674198548e-07 	0.0 	0.0 	0.0 	0.0 	0.0 	0.0 	0.0 	0.0	-3.12826417628	195.03680346	-20.7654687492	
7.16666666667	-1.64281418897e-05	-1.73681899129e-05	-3.88723366902e-07 	0.0 	183.044395889 	0.0 	-1.62674198548e-07 	0.0 	0.0 	0.0 	0.0 	0.0 	0.0 	0.0 	0.0	-3.12826417628	195.03680346	-20.7654687492	
7.18333333333	-1.64281418897e-05	-1.73681899129e-05	-3.88723366902e-07 	0.0 	183.044395889 	0.0 	-1.62674198548e-07 	0.0 	0.0 	0.0 	0.0 	0.0 	0.0 	0.0 	0.0	-3.12826417628	195.03680346	-20.7654687492	
7.2	-1.64281418897e-05	-1.73681899129e-05	-3.88723366902e-07 	0.0 	183.044395889 	0.0 	-1.62674198548e-07 	0.0 	0.0 	0.0 	0.0 	0.0 	0.0 	0.0 	0.0	-3.12826417628	195.03680346	-20.7654687492	
7.21666666667	-1.64281418897e-05	-1.73681899129e-05	-3.88723366902e-07 	0.0 	183.044395889 	0.0 	-1.62674198548e-07 	0.0 	0.0 	0.0 	0.0 	0.0 	0.0 	0.0 	0.0	-3.12826417628	195.03680346	-20.7654687492	
7.23333333333	-1.64281418897e-05	-1.73681899129e-05	-3.88723366902e-07 	0.0 	183.044395889 	0.0 	-1.62674198548e-07 	0.0 	0.0 	0.0 	0.0 	0.0 	0.0 	0.0 	0.0	-3.12826417628	195.03680346	-20.7654687492	
7.25	-1.64281418897e-05	-1.73681899129e-05	-3.88723366902e-07 	0.0 	183.044395889 	0.0 	-1.62674198548e-07 	0.0 	0.0 	0.0 	0.0 	0.0 	0.0 	0.0 	0.0	-3.12826417628	195.03680346	-20.7654687492	
7.26666666667	-1.64281418897e-05	-1.73681899129e-05	-3.88723366902e-07 	0.0 	183.044395889 	0.0 	-1.62674198548e-07 	0.0 	0.0 	0.0 	0.0 	0.0 	0.0 	0.0 	0.0	-3.12826417628	195.03680346	-20.7654687492	
7.28333333333	-1.64281418897e-05	-1.73681899129e-05	-3.88723366902e-07 	0.0 	183.044395889 	0.0 	-1.62674198548e-07 	0.0 	0.0 	0.0 	0.0 	0.0 	0.0 	0.0 	0.0	-3.12826417628	195.03680346	-20.7654687492	
7.3	-1.64281418897e-05	-1.73681899129e-05	-3.88723366902e-07 	0.0 	183.044395889 	0.0 	-1.62674198548e-07 	0.0 	0.0 	0.0 	0.0 	0.0 	0.0 	0.0 	0.0	-3.12826417628	195.03680346	-20.7654687492	
7.31666666667	-1.64281418897e-05	-1.73681899129e-05	-3.88723366902e-07 	0.0 	183.044395889 	0.0 	-1.62674198548e-07 	0.0 	0.0 	0.0 	0.0 	0.0 	0.0 	0.0 	0.0	-3.12826417628	195.03680346	-20.7654687492	
7.33333333333	-1.64281418897e-05	-1.73681899129e-05	-3.88723366902e-07 	0.0 	183.044395889 	0.0 	-1.62674198548e-07 	0.0 	0.0 	0.0 	0.0 	0.0 	0.0 	0.0 	0.0	-3.12826417628	195.03680346	-20.7654687492	
7.35	-1.64281418897e-05	-1.73681899129e-05	-3.88723366902e-07 	0.0 	183.044395889 	0.0 	-1.62674198548e-07 	0.0 	0.0 	0.0 	0.0 	0.0 	0.0 	0.0 	0.0	-3.12826417628	195.03680346	-20.7654687492	
7.36666666667	-1.64281418897e-05	-1.73681899129e-05	-3.88723366902e-07 	0.0 	183.044395889 	0.0 	-1.62674198548e-07 	0.0 	0.0 	0.0 	0.0 	0.0 	0.0 	0.0 	0.0	-3.12826417628	195.03680346	-20.7654687492	
7.38333333333	-1.64281418897e-05	-1.73681899129e-05	-3.88723366902e-07 	0.0 	183.044395889 	0.0 	-1.62674198548e-07 	0.0 	0.0 	0.0 	0.0 	0.0 	0.0 	0.0 	0.0	-3.12826417628	195.03680346	-20.7654687492	
7.4	-1.64281418897e-05	-1.73681899129e-05	-3.88723366902e-07 	0.0 	183.044395889 	0.0 	-1.62674198548e-07 	0.0 	0.0 	0.0 	0.0 	0.0 	0.0 	0.0 	0.0	-3.12826417628	195.03680346	-20.7654687492	
7.41666666667	-1.64281418897e-05	-1.73681899129e-05	-3.88723366902e-07 	0.0 	183.044395889 	0.0 	-1.62674198548e-07 	0.0 	0.0 	0.0 	0.0 	0.0 	0.0 	0.0 	0.0	-3.12826417628	195.03680346	-20.7654687492	
7.43333333333	-1.64281418897e-05	-1.73681899129e-05	-3.88723366902e-07 	0.0 	183.044395889 	0.0 	-1.62674198548e-07 	0.0 	0.0 	0.0 	0.0 	0.0 	0.0 	0.0 	0.0	-3.12826417628	195.03680346	-20.7654687492	
7.45	-1.64281418897e-05	-1.73681899129e-05	-3.88723366902e-07 	0.0 	183.044395889 	0.0 	-1.62674198548e-07 	0.0 	0.0 	0.0 	0.0 	0.0 	0.0 	0.0 	0.0	-3.12826417628	195.03680346	-20.7654687492	
7.46666666667	-1.64281418897e-05	-1.73681899129e-05	-3.88723366902e-07 	0.0 	183.044395889 	0.0 	-1.62674198548e-07 	0.0 	0.0 	0.0 	0.0 	0.0 	0.0 	0.0 	0.0	-3.12826417628	195.03680346	-20.7654687492	
7.48333333333	-1.64281418897e-05	-1.73681899129e-05	-3.88723366902e-07 	0.0 	183.044395889 	0.0 	-1.62674198548e-07 	0.0 	0.0 	0.0 	0.0 	0.0 	0.0 	0.0 	0.0	-3.12826417628	195.03680346	-20.7654687492	
7.5	-1.64281418897e-05	-1.73681899129e-05	-3.88723366902e-07 	0.0 	183.044395889 	0.0 	-1.62674198548e-07 	0.0 	0.0 	0.0 	0.0 	0.0 	0.0 	0.0 	0.0	-3.12826417628	195.03680346	-20.7654687492	
7.51666666667	-1.64281418897e-05	-1.73681899129e-05	-3.88723366902e-07 	0.0 	183.044395889 	0.0 	-1.62674198548e-07 	0.0 	0.0 	0.0 	0.0 	0.0 	0.0 	0.0 	0.0	-3.12826417628	195.03680346	-20.7654687492	
7.53333333333	-1.64281418897e-05	-1.73681899129e-05	-3.88723366902e-07 	0.0 	183.044395889 	0.0 	-1.62674198548e-07 	0.0 	0.0 	0.0 	0.0 	0.0 	0.0 	0.0 	0.0	-3.12826417628	195.03680346	-20.7654687492	
7.55	-1.64281418897e-05	-1.73681899129e-05	-3.88723366902e-07 	0.0 	183.044395889 	0.0 	-1.62674198548e-07 	0.0 	0.0 	0.0 	0.0 	0.0 	0.0 	0.0 	0.0	-3.12826417628	195.03680346	-20.7654687492	
7.56666666667	-1.64281418897e-05	-1.73681899129e-05	-3.88723366902e-07 	0.0 	183.044395889 	0.0 	-1.62674198548e-07 	0.0 	0.0 	0.0 	0.0 	0.0 	0.0 	0.0 	0.0	-3.12826417628	195.03680346	-20.7654687492	
7.58333333333	-1.64281418897e-05	-1.73681899129e-05	-3.88723366902e-07 	0.0 	183.044395889 	0.0 	-1.62674198548e-07 	0.0 	0.0 	0.0 	0.0 	0.0 	0.0 	0.0 	0.0	-3.12826417628	195.03680346	-20.7654687492	
7.6	-1.64281418897e-05	-1.73681899129e-05	-3.88723366902e-07 	0.0 	183.044395889 	0.0 	-1.62674198548e-07 	0.0 	0.0 	0.0 	0.0 	0.0 	0.0 	0.0 	0.0	-3.12826417628	195.03680346	-20.7654687492	
7.61666666667	-1.64281418897e-05	-1.73681899129e-05	-3.88723366902e-07 	0.0 	183.044395889 	0.0 	-1.62674198548e-07 	0.0 	0.0 	0.0 	0.0 	0.0 	0.0 	0.0 	0.0	-3.12826417628	195.03680346	-20.7654687492	
7.63333333333	-1.64281418897e-05	-1.73681899129e-05	-3.88723366902e-07 	0.0 	183.044395889 	0.0 	-1.62674198548e-07 	0.0 	0.0 	0.0 	0.0 	0.0 	0.0 	0.0 	0.0	-3.12826417628	195.03680346	-20.7654687492	
7.65	-1.64281418897e-05	-1.73681899129e-05	-3.88723366902e-07 	0.0 	183.044395889 	0.0 	-1.62674198548e-07 	0.0 	0.0 	0.0 	0.0 	0.0 	0.0 	0.0 	0.0	-3.12826417628	195.03680346	-20.7654687492	
7.66666666667	-1.64281418897e-05	-1.73681899129e-05	-3.88723366902e-07 	0.0 	183.044395889 	0.0 	-1.62674198548e-07 	0.0 	0.0 	0.0 	0.0 	0.0 	0.0 	0.0 	0.0	-3.12826417628	195.03680346	-20.7654687492	
7.68333333333	-1.64281418897e-05	-1.73681899129e-05	-3.88723366902e-07 	0.0 	183.044395889 	0.0 	-1.62674198548e-07 	0.0 	0.0 	0.0 	0.0 	0.0 	0.0 	0.0 	0.0	-3.12826417628	195.03680346	-20.7654687492	
7.7	-1.64281418897e-05	-1.73681899129e-05	-3.88723366902e-07 	0.0 	183.044395889 	0.0 	-1.62674198548e-07 	0.0 	0.0 	0.0 	0.0 	0.0 	0.0 	0.0 	0.0	-3.12826417628	195.03680346	-20.7654687492	
7.71666666667	-1.64281418897e-05	-1.73681899129e-05	-3.88723366902e-07 	0.0 	183.044395889 	0.0 	-1.62674198548e-07 	0.0 	0.0 	0.0 	0.0 	0.0 	0.0 	0.0 	0.0	-3.12826417628	195.03680346	-20.7654687492	
7.73333333333	-1.64281418897e-05	-1.73681899129e-05	-3.88723366902e-07 	0.0 	183.044395889 	0.0 	-1.62674198548e-07 	0.0 	0.0 	0.0 	0.0 	0.0 	0.0 	0.0 	0.0	-3.12826417628	195.03680346	-20.7654687492	
7.75	-1.64281418897e-05	-1.73681899129e-05	-3.88723366902e-07 	0.0 	183.044395889 	0.0 	-1.62674198548e-07 	0.0 	0.0 	0.0 	0.0 	0.0 	0.0 	0.0 	0.0	-3.12826417628	195.03680346	-20.7654687492	
7.76666666667	-1.64281418897e-05	-1.73681899129e-05	-3.88723366902e-07 	0.0 	183.044395889 	0.0 	-1.62674198548e-07 	0.0 	0.0 	0.0 	0.0 	0.0 	0.0 	0.0 	0.0	-3.12826417628	195.03680346	-20.7654687492	
7.78333333333	-1.64281418897e-05	-1.73681899129e-05	-3.88723366902e-07 	0.0 	183.044395889 	0.0 	-1.62674198548e-07 	0.0 	0.0 	0.0 	0.0 	0.0 	0.0 	0.0 	0.0	-3.12826417628	195.03680346	-20.7654687492	
7.8	-1.64281418897e-05	-1.73681899129e-05	-3.88723366902e-07 	0.0 	183.044395889 	0.0 	-1.62674198548e-07 	0.0 	0.0 	0.0 	0.0 	0.0 	0.0 	0.0 	0.0	-3.12826417628	195.03680346	-20.7654687492	
7.81666666667	-1.64281418897e-05	-1.73681899129e-05	-3.88723366902e-07 	0.0 	183.044395889 	0.0 	-1.62674198548e-07 	0.0 	0.0 	0.0 	0.0 	0.0 	0.0 	0.0 	0.0	-3.12826417628	195.03680346	-20.7654687492	
7.83333333333	-1.64281418897e-05	-1.73681899129e-05	-3.88723366902e-07 	0.0 	183.044395889 	0.0 	-1.62674198548e-07 	0.0 	0.0 	0.0 	0.0 	0.0 	0.0 	0.0 	0.0	-3.12826417628	195.03680346	-20.7654687492	
7.85	-1.64281418897e-05	-1.73681899129e-05	-3.88723366902e-07 	0.0 	183.044395889 	0.0 	-1.62674198548e-07 	0.0 	0.0 	0.0 	0.0 	0.0 	0.0 	0.0 	0.0	-3.12826417628	195.03680346	-20.7654687492	
7.86666666667	-1.64281418897e-05	-1.73681899129e-05	-3.88723366902e-07 	0.0 	183.044395889 	0.0 	-1.62674198548e-07 	0.0 	0.0 	0.0 	0.0 	0.0 	0.0 	0.0 	0.0	-3.12826417628	195.03680346	-20.7654687492	
7.88333333333	-1.64281418897e-05	-1.73681899129e-05	-3.88723366902e-07 	0.0 	183.044395889 	0.0 	-1.62674198548e-07 	0.0 	0.0 	0.0 	0.0 	0.0 	0.0 	0.0 	0.0	-3.12826417628	195.03680346	-20.7654687492	
7.9	-1.64281418897e-05	-1.73681899129e-05	-3.88723366902e-07 	0.0 	183.044395889 	0.0 	-1.62674198548e-07 	0.0 	0.0 	0.0 	0.0 	0.0 	0.0 	0.0 	0.0	-3.12826417628	195.03680346	-20.7654687492	
7.91666666667	-1.64281418897e-05	-1.73681899129e-05	-3.88723366902e-07 	0.0 	183.044395889 	0.0 	-1.62674198548e-07 	0.0 	0.0 	0.0 	0.0 	0.0 	0.0 	0.0 	0.0	-3.12826417628	195.03680346	-20.7654687492	
7.93333333333	-1.64281418897e-05	-1.73681899129e-05	-3.88723366902e-07 	0.0 	183.044395889 	0.0 	-1.62674198548e-07 	0.0 	0.0 	0.0 	0.0 	0.0 	0.0 	0.0 	0.0	-3.12826417628	195.03680346	-20.7654687492	
7.95	-1.64281418897e-05	-1.73681899129e-05	-3.88723366902e-07 	0.0 	183.044395889 	0.0 	-1.62674198548e-07 	0.0 	0.0 	0.0 	0.0 	0.0 	0.0 	0.0 	0.0	-3.12826417628	195.03680346	-20.7654687492	
7.96666666667	-1.64281418897e-05	-1.73681899129e-05	-3.88723366902e-07 	0.0 	183.044395889 	0.0 	-1.62674198548e-07 	0.0 	0.0 	0.0 	0.0 	0.0 	0.0 	0.0 	0.0	-3.12826417628	195.03680346	-20.7654687492	
7.98333333333	-1.64281418897e-05	-1.73681899129e-05	-3.88723366902e-07 	0.0 	183.044395889 	0.0 	-1.62674198548e-07 	0.0 	0.0 	0.0 	0.0 	0.0 	0.0 	0.0 	0.0	-3.12826417628	195.03680346	-20.7654687492	
8.0	-1.64281418897e-05	-1.73681899129e-05	-3.88723366902e-07 	0.0 	183.044395889 	0.0 	-1.62674198548e-07 	0.0 	0.0 	0.0 	0.0 	0.0 	0.0 	0.0 	0.0	-3.12826417628	195.03680346	-20.7654687492	
8.01666666667	-1.64281418897e-05	-1.73681899129e-05	-3.88723366902e-07 	0.0 	183.044395889 	0.0 	-1.62674198548e-07 	0.0 	0.0 	0.0 	0.0 	0.0 	0.0 	0.0 	0.0	-3.12826417628	195.03680346	-20.7654687492	
8.03333333333	-1.64281418897e-05	-1.73681899129e-05	-3.88723366902e-07 	0.0 	183.044395889 	0.0 	-1.62674198548e-07 	0.0 	0.0 	0.0 	0.0 	0.0 	0.0 	0.0 	0.0	-3.12826417628	195.03680346	-20.7654687492	
8.05	-1.64281418897e-05	-1.73681899129e-05	-3.88723366902e-07 	0.0 	183.044395889 	0.0 	-1.62674198548e-07 	0.0 	0.0 	0.0 	0.0 	0.0 	0.0 	0.0 	0.0	-3.12826417628	195.03680346	-20.7654687492	
8.06666666667	-1.64281418897e-05	-1.73681899129e-05	-3.88723366902e-07 	0.0 	183.044395889 	0.0 	-1.62674198548e-07 	0.0 	0.0 	0.0 	0.0 	0.0 	0.0 	0.0 	0.0	-3.12826417628	195.03680346	-20.7654687492	
8.08333333333	-1.64281418897e-05	-1.73681899129e-05	-3.88723366902e-07 	0.0 	183.044395889 	0.0 	-1.62674198548e-07 	0.0 	0.0 	0.0 	0.0 	0.0 	0.0 	0.0 	0.0	-3.12826417628	195.03680346	-20.7654687492	
8.1	-1.64281418897e-05	-1.73681899129e-05	-3.88723366902e-07 	0.0 	183.044395889 	0.0 	-1.62674198548e-07 	0.0 	0.0 	0.0 	0.0 	0.0 	0.0 	0.0 	0.0	-3.12826417628	195.03680346	-20.7654687492	
8.11666666667	-1.64281418897e-05	-1.73681899129e-05	-3.88723366902e-07 	0.0 	183.044395889 	0.0 	-1.62674198548e-07 	0.0 	0.0 	0.0 	0.0 	0.0 	0.0 	0.0 	0.0	-3.12826417628	195.03680346	-20.7654687492	
8.13333333333	-1.64281418897e-05	-1.73681899129e-05	-3.88723366902e-07 	0.0 	183.044395889 	0.0 	-1.62674198548e-07 	0.0 	0.0 	0.0 	0.0 	0.0 	0.0 	0.0 	0.0	-3.12826417628	195.03680346	-20.7654687492	
8.15	-1.64281418897e-05	-1.73681899129e-05	-3.88723366902e-07 	0.0 	183.044395889 	0.0 	-1.62674198548e-07 	0.0 	0.0 	0.0 	0.0 	0.0 	0.0 	0.0 	0.0	-3.12826417628	195.03680346	-20.7654687492	
8.16666666667	-1.64281418897e-05	-1.73681899129e-05	-3.88723366902e-07 	0.0 	183.044395889 	0.0 	-1.62674198548e-07 	0.0 	0.0 	0.0 	0.0 	0.0 	0.0 	0.0 	0.0	-3.12826417628	195.03680346	-20.7654687492	
8.18333333333	-1.64281418897e-05	-1.73681899129e-05	-3.88723366902e-07 	0.0 	183.044395889 	0.0 	-1.62674198548e-07 	0.0 	0.0 	0.0 	0.0 	0.0 	0.0 	0.0 	0.0	-3.12826417628	195.03680346	-20.7654687492	
8.2	-1.64281418897e-05	-1.73681899129e-05	-3.88723366902e-07 	0.0 	183.044395889 	0.0 	-1.62674198548e-07 	0.0 	0.0 	0.0 	0.0 	0.0 	0.0 	0.0 	0.0	-3.12826417628	195.03680346	-20.7654687492	
8.21666666667	-1.64281418897e-05	-1.73681899129e-05	-3.88723366902e-07 	0.0 	183.044395889 	0.0 	-1.62674198548e-07 	0.0 	0.0 	0.0 	0.0 	0.0 	0.0 	0.0 	0.0	-3.12826417628	195.03680346	-20.7654687492	
8.23333333333	-1.64281418897e-05	-1.73681899129e-05	-3.88723366902e-07 	0.0 	183.044395889 	0.0 	-1.62674198548e-07 	0.0 	0.0 	0.0 	0.0 	0.0 	0.0 	0.0 	0.0	-3.12826417628	195.03680346	-20.7654687492	
8.25	-1.64281418897e-05	-1.73681899129e-05	-3.88723366902e-07 	0.0 	183.044395889 	0.0 	-1.62674198548e-07 	0.0 	0.0 	0.0 	0.0 	0.0 	0.0 	0.0 	0.0	-3.12826417628	195.03680346	-20.7654687492	
8.26666666667	-1.64281418897e-05	-1.73681899129e-05	-3.88723366902e-07 	0.0 	183.044395889 	0.0 	-1.62674198548e-07 	0.0 	0.0 	0.0 	0.0 	0.0 	0.0 	0.0 	0.0	-3.12826417628	195.03680346	-20.7654687492	
8.28333333333	-1.64281418897e-05	-1.73681899129e-05	-3.88723366902e-07 	0.0 	183.044395889 	0.0 	-1.62674198548e-07 	0.0 	0.0 	0.0 	0.0 	0.0 	0.0 	0.0 	0.0	-3.12826417628	195.03680346	-20.7654687492	
8.3	-1.64281418897e-05	-1.73681899129e-05	-3.88723366902e-07 	0.0 	183.044395889 	0.0 	-1.62674198548e-07 	0.0 	0.0 	0.0 	0.0 	0.0 	0.0 	0.0 	0.0	-3.12826417628	195.03680346	-20.7654687492	
8.31666666667	-1.64281418897e-05	-1.73681899129e-05	-3.88723366902e-07 	0.0 	183.044395889 	0.0 	-1.62674198548e-07 	0.0 	0.0 	0.0 	0.0 	0.0 	0.0 	0.0 	0.0	-3.12826417628	195.03680346	-20.7654687492	
8.33333333333	-1.64281418897e-05	-1.73681899129e-05	-3.88723366902e-07 	0.0 	183.044395889 	0.0 	-1.62674198548e-07 	0.0 	0.0 	0.0 	0.0 	0.0 	0.0 	0.0 	0.0	-3.12826417628	195.03680346	-20.7654687492	
8.35	-1.64281418897e-05	-1.73681899129e-05	-3.88723366902e-07 	0.0 	183.044395889 	0.0 	-1.62674198548e-07 	0.0 	0.0 	0.0 	0.0 	0.0 	0.0 	0.0 	0.0	-3.12826417628	195.03680346	-20.7654687492	
8.36666666667	-1.64281418897e-05	-1.73681899129e-05	-3.88723366902e-07 	0.0 	183.044395889 	0.0 	-1.62674198548e-07 	0.0 	0.0 	0.0 	0.0 	0.0 	0.0 	0.0 	0.0	-3.12826417628	195.03680346	-20.7654687492	
8.38333333333	-1.64281418897e-05	-1.73681899129e-05	-3.88723366902e-07 	0.0 	183.044395889 	0.0 	-1.62674198548e-07 	0.0 	0.0 	0.0 	0.0 	0.0 	0.0 	0.0 	0.0	-3.12826417628	195.03680346	-20.7654687492	
8.4	-1.64281418897e-05	-1.73681899129e-05	-3.88723366902e-07 	0.0 	183.044395889 	0.0 	-1.62674198548e-07 	0.0 	0.0 	0.0 	0.0 	0.0 	0.0 	0.0 	0.0	-3.12826417628	195.03680346	-20.7654687492	
8.41666666667	-1.64281418897e-05	-1.73681899129e-05	-3.88723366902e-07 	0.0 	183.044395889 	0.0 	-1.62674198548e-07 	0.0 	0.0 	0.0 	0.0 	0.0 	0.0 	0.0 	0.0	-3.12826417628	195.03680346	-20.7654687492	
8.43333333333	-1.64281418897e-05	-1.73681899129e-05	-3.88723366902e-07 	0.0 	183.044395889 	0.0 	-1.62674198548e-07 	0.0 	0.0 	0.0 	0.0 	0.0 	0.0 	0.0 	0.0	-3.12826417628	195.03680346	-20.7654687492	
8.45	-1.64281418897e-05	-1.73681899129e-05	-3.88723366902e-07 	0.0 	183.044395889 	0.0 	-1.62674198548e-07 	0.0 	0.0 	0.0 	0.0 	0.0 	0.0 	0.0 	0.0	-3.12826417628	195.03680346	-20.7654687492	
8.46666666667	-1.64281418897e-05	-1.73681899129e-05	-3.88723366902e-07 	0.0 	183.044395889 	0.0 	-1.62674198548e-07 	0.0 	0.0 	0.0 	0.0 	0.0 	0.0 	0.0 	0.0	-3.12826417628	195.03680346	-20.7654687492	
8.48333333333	-1.64281418897e-05	-1.73681899129e-05	-3.88723366902e-07 	0.0 	183.044395889 	0.0 	-1.62674198548e-07 	0.0 	0.0 	0.0 	0.0 	0.0 	0.0 	0.0 	0.0	-3.12826417628	195.03680346	-20.7654687492	
8.5	-1.64281418897e-05	-1.73681899129e-05	-3.88723366902e-07 	0.0 	183.044395889 	0.0 	-1.62674198548e-07 	0.0 	0.0 	0.0 	0.0 	0.0 	0.0 	0.0 	0.0	-3.12826417628	195.03680346	-20.7654687492	
8.51666666667	-1.64281418897e-05	-1.73681899129e-05	-3.88723366902e-07 	0.0 	183.044395889 	0.0 	-1.62674198548e-07 	0.0 	0.0 	0.0 	0.0 	0.0 	0.0 	0.0 	0.0	-3.12826417628	195.03680346	-20.7654687492	
8.53333333333	-1.64281418897e-05	-1.73681899129e-05	-3.88723366902e-07 	0.0 	183.044395889 	0.0 	-1.62674198548e-07 	0.0 	0.0 	0.0 	0.0 	0.0 	0.0 	0.0 	0.0	-3.12826417628	195.03680346	-20.7654687492	
8.55	-1.64281418897e-05	-1.73681899129e-05	-3.88723366902e-07 	0.0 	183.044395889 	0.0 	-1.62674198548e-07 	0.0 	0.0 	0.0 	0.0 	0.0 	0.0 	0.0 	0.0	-3.12826417628	195.03680346	-20.7654687492	
8.56666666667	-1.64281418897e-05	-1.73681899129e-05	-3.88723366902e-07 	0.0 	183.044395889 	0.0 	-1.62674198548e-07 	0.0 	0.0 	0.0 	0.0 	0.0 	0.0 	0.0 	0.0	-3.12826417628	195.03680346	-20.7654687492	
8.58333333333	-1.64281418897e-05	-1.73681899129e-05	-3.88723366902e-07 	0.0 	183.044395889 	0.0 	-1.62674198548e-07 	0.0 	0.0 	0.0 	0.0 	0.0 	0.0 	0.0 	0.0	-3.12826417628	195.03680346	-20.7654687492	
8.6	-1.64281418897e-05	-1.73681899129e-05	-3.88723366902e-07 	0.0 	183.044395889 	0.0 	-1.62674198548e-07 	0.0 	0.0 	0.0 	0.0 	0.0 	0.0 	0.0 	0.0	-3.12826417628	195.03680346	-20.7654687492	
8.61666666667	-1.64281418897e-05	-1.73681899129e-05	-3.88723366902e-07 	0.0 	183.044395889 	0.0 	-1.62674198548e-07 	0.0 	0.0 	0.0 	0.0 	0.0 	0.0 	0.0 	0.0	-3.12826417628	195.03680346	-20.7654687492	
8.63333333333	-1.64281418897e-05	-1.73681899129e-05	-3.88723366902e-07 	0.0 	183.044395889 	0.0 	-1.62674198548e-07 	0.0 	0.0 	0.0 	0.0 	0.0 	0.0 	0.0 	0.0	-3.12826417628	195.03680346	-20.7654687492	
8.65	-1.64281418897e-05	-1.73681899129e-05	-3.88723366902e-07 	0.0 	183.044395889 	0.0 	-1.62674198548e-07 	0.0 	0.0 	0.0 	0.0 	0.0 	0.0 	0.0 	0.0	-3.12826417628	195.03680346	-20.7654687492	
8.66666666667	-1.64281418897e-05	-1.73681899129e-05	-3.88723366902e-07 	0.0 	183.044395889 	0.0 	-1.62674198548e-07 	0.0 	0.0 	0.0 	0.0 	0.0 	0.0 	0.0 	0.0	-3.12826417628	195.03680346	-20.7654687492	
8.68333333333	-1.64281418897e-05	-1.73681899129e-05	-3.88723366902e-07 	0.0 	183.044395889 	0.0 	-1.62674198548e-07 	0.0 	0.0 	0.0 	0.0 	0.0 	0.0 	0.0 	0.0	-3.12826417628	195.03680346	-20.7654687492	
8.7	-1.64281418897e-05	-1.73681899129e-05	-3.88723366902e-07 	0.0 	183.044395889 	0.0 	-1.62674198548e-07 	0.0 	0.0 	0.0 	0.0 	0.0 	0.0 	0.0 	0.0	-3.12826417628	195.03680346	-20.7654687492	
8.71666666667	-1.64281418897e-05	-1.73681899129e-05	-3.88723366902e-07 	0.0 	183.044395889 	0.0 	-1.62674198548e-07 	0.0 	0.0 	0.0 	0.0 	0.0 	0.0 	0.0 	0.0	-3.12826417628	195.03680346	-20.7654687492	
8.73333333333	-1.64281418897e-05	-1.73681899129e-05	-3.88723366902e-07 	0.0 	183.044395889 	0.0 	-1.62674198548e-07 	0.0 	0.0 	0.0 	0.0 	0.0 	0.0 	0.0 	0.0	-3.12826417628	195.03680346	-20.7654687492	
8.75	-1.64281418897e-05	-1.73681899129e-05	-3.88723366902e-07 	0.0 	183.044395889 	0.0 	-1.62674198548e-07 	0.0 	0.0 	0.0 	0.0 	0.0 	0.0 	0.0 	0.0	-3.12826417628	195.03680346	-20.7654687492	
8.76666666667	-1.64281418897e-05	-1.73681899129e-05	-3.88723366902e-07 	0.0 	183.044395889 	0.0 	-1.62674198548e-07 	0.0 	0.0 	0.0 	0.0 	0.0 	0.0 	0.0 	0.0	-3.12826417628	195.03680346	-20.7654687492	
8.78333333333	-1.64281418897e-05	-1.73681899129e-05	-3.88723366902e-07 	0.0 	183.044395889 	0.0 	-1.62674198548e-07 	0.0 	0.0 	0.0 	0.0 	0.0 	0.0 	0.0 	0.0	-3.12826417628	195.03680346	-20.7654687492	
8.8	-1.64281418897e-05	-1.73681899129e-05	-3.88723366902e-07 	0.0 	183.044395889 	0.0 	-1.62674198548e-07 	0.0 	0.0 	0.0 	0.0 	0.0 	0.0 	0.0 	0.0	-3.12826417628	195.03680346	-20.7654687492	
8.81666666667	-1.64281418897e-05	-1.73681899129e-05	-3.88723366902e-07 	0.0 	183.044395889 	0.0 	-1.62674198548e-07 	0.0 	0.0 	0.0 	0.0 	0.0 	0.0 	0.0 	0.0	-3.12826417628	195.03680346	-20.7654687492	
8.83333333333	-1.64281418897e-05	-1.73681899129e-05	-3.88723366902e-07 	0.0 	183.044395889 	0.0 	-1.62674198548e-07 	0.0 	0.0 	0.0 	0.0 	0.0 	0.0 	0.0 	0.0	-3.12826417628	195.03680346	-20.7654687492	
8.85	-1.64281418897e-05	-1.73681899129e-05	-3.88723366902e-07 	0.0 	183.044395889 	0.0 	-1.62674198548e-07 	0.0 	0.0 	0.0 	0.0 	0.0 	0.0 	0.0 	0.0	-3.12826417628	195.03680346	-20.7654687492	
8.86666666667	-1.64281418897e-05	-1.73681899129e-05	-3.88723366902e-07 	0.0 	183.044395889 	0.0 	-1.62674198548e-07 	0.0 	0.0 	0.0 	0.0 	0.0 	0.0 	0.0 	0.0	-3.12826417628	195.03680346	-20.7654687492	
8.88333333333	-1.64281418897e-05	-1.73681899129e-05	-3.88723366902e-07 	0.0 	183.044395889 	0.0 	-1.62674198548e-07 	0.0 	0.0 	0.0 	0.0 	0.0 	0.0 	0.0 	0.0	-3.12826417628	195.03680346	-20.7654687492	
8.9	-1.64281418897e-05	-1.73681899129e-05	-3.88723366902e-07 	0.0 	183.044395889 	0.0 	-1.62674198548e-07 	0.0 	0.0 	0.0 	0.0 	0.0 	0.0 	0.0 	0.0	-3.12826417628	195.03680346	-20.7654687492	
8.91666666667	-1.64281418897e-05	-1.73681899129e-05	-3.88723366902e-07 	0.0 	183.044395889 	0.0 	-1.62674198548e-07 	0.0 	0.0 	0.0 	0.0 	0.0 	0.0 	0.0 	0.0	-3.12826417628	195.03680346	-20.7654687492	
8.93333333333	-1.64281418897e-05	-1.73681899129e-05	-3.88723366902e-07 	0.0 	183.044395889 	0.0 	-1.62674198548e-07 	0.0 	0.0 	0.0 	0.0 	0.0 	0.0 	0.0 	0.0	-3.12826417628	195.03680346	-20.7654687492	
8.95	-1.64281418897e-05	-1.73681899129e-05	-3.88723366902e-07 	0.0 	183.044395889 	0.0 	-1.62674198548e-07 	0.0 	0.0 	0.0 	0.0 	0.0 	0.0 	0.0 	0.0	-3.12826417628	195.03680346	-20.7654687492	
8.96666666667	-1.64281418897e-05	-1.73681899129e-05	-3.88723366902e-07 	0.0 	183.044395889 	0.0 	-1.62674198548e-07 	0.0 	0.0 	0.0 	0.0 	0.0 	0.0 	0.0 	0.0	-3.12826417628	195.03680346	-20.7654687492	
8.98333333333	-1.64281418897e-05	-1.73681899129e-05	-3.88723366902e-07 	0.0 	183.044395889 	0.0 	-1.62674198548e-07 	0.0 	0.0 	0.0 	0.0 	0.0 	0.0 	0.0 	0.0	-3.12826417628	195.03680346	-20.7654687492	
9.0	-1.64281418897e-05	-1.73681899129e-05	-3.88723366902e-07 	0.0 	183.044395889 	0.0 	-1.62674198548e-07 	0.0 	0.0 	0.0 	0.0 	0.0 	0.0 	0.0 	0.0	-3.12826417628	195.03680346	-20.7654687492	
9.01666666667	-1.64281418897e-05	-1.73681899129e-05	-3.88723366902e-07 	0.0 	183.044395889 	0.0 	-1.62674198548e-07 	0.0 	0.0 	0.0 	0.0 	0.0 	0.0 	0.0 	0.0	-3.12826417628	195.03680346	-20.7654687492	
9.03333333333	-1.64281418897e-05	-1.73681899129e-05	-3.88723366902e-07 	0.0 	183.044395889 	0.0 	-1.62674198548e-07 	0.0 	0.0 	0.0 	0.0 	0.0 	0.0 	0.0 	0.0	-3.12826417628	195.03680346	-20.7654687492	
9.05	-1.64281418897e-05	-1.73681899129e-05	-3.88723366902e-07 	0.0 	183.044395889 	0.0 	-1.62674198548e-07 	0.0 	0.0 	0.0 	0.0 	0.0 	0.0 	0.0 	0.0	-3.12826417628	195.03680346	-20.7654687492	
9.06666666667	-1.64281418897e-05	-1.73681899129e-05	-3.88723366902e-07 	0.0 	183.044395889 	0.0 	-1.62674198548e-07 	0.0 	0.0 	0.0 	0.0 	0.0 	0.0 	0.0 	0.0	-3.12826417628	195.03680346	-20.7654687492	
9.08333333333	-1.64281418897e-05	-1.73681899129e-05	-3.88723366902e-07 	0.0 	183.044395889 	0.0 	-1.62674198548e-07 	0.0 	0.0 	0.0 	0.0 	0.0 	0.0 	0.0 	0.0	-3.12826417628	195.03680346	-20.7654687492	
9.1	-1.64281418897e-05	-1.73681899129e-05	-3.88723366902e-07 	0.0 	183.044395889 	0.0 	-1.62674198548e-07 	0.0 	0.0 	0.0 	0.0 	0.0 	0.0 	0.0 	0.0	-3.12826417628	195.03680346	-20.7654687492	
9.11666666667	-1.64281418897e-05	-1.73681899129e-05	-3.88723366902e-07 	0.0 	183.044395889 	0.0 	-1.62674198548e-07 	0.0 	0.0 	0.0 	0.0 	0.0 	0.0 	0.0 	0.0	-3.12826417628	195.03680346	-20.7654687492	
9.13333333333	-1.64281418897e-05	-1.73681899129e-05	-3.88723366902e-07 	0.0 	183.044395889 	0.0 	-1.62674198548e-07 	0.0 	0.0 	0.0 	0.0 	0.0 	0.0 	0.0 	0.0	-3.12826417628	195.03680346	-20.7654687492	
9.15	-1.64281418897e-05	-1.73681899129e-05	-3.88723366902e-07 	0.0 	183.044395889 	0.0 	-1.62674198548e-07 	0.0 	0.0 	0.0 	0.0 	0.0 	0.0 	0.0 	0.0	-3.12826417628	195.03680346	-20.7654687492	
9.16666666667	-1.64281418897e-05	-1.73681899129e-05	-3.88723366902e-07 	0.0 	183.044395889 	0.0 	-1.62674198548e-07 	0.0 	0.0 	0.0 	0.0 	0.0 	0.0 	0.0 	0.0	-3.12826417628	195.03680346	-20.7654687492	
9.18333333333	-1.64281418897e-05	-1.73681899129e-05	-3.88723366902e-07 	0.0 	183.044395889 	0.0 	-1.62674198548e-07 	0.0 	0.0 	0.0 	0.0 	0.0 	0.0 	0.0 	0.0	-3.12826417628	195.03680346	-20.7654687492	
9.2	-1.64281418897e-05	-1.73681899129e-05	-3.88723366902e-07 	0.0 	183.044395889 	0.0 	-1.62674198548e-07 	0.0 	0.0 	0.0 	0.0 	0.0 	0.0 	0.0 	0.0	-3.12826417628	195.03680346	-20.7654687492	
9.21666666667	-1.64281418897e-05	-1.73681899129e-05	-3.88723366902e-07 	0.0 	183.044395889 	0.0 	-1.62674198548e-07 	0.0 	0.0 	0.0 	0.0 	0.0 	0.0 	0.0 	0.0	-3.12826417628	195.03680346	-20.7654687492	
9.23333333333	-1.64281418897e-05	-1.73681899129e-05	-3.88723366902e-07 	0.0 	183.044395889 	0.0 	-1.62674198548e-07 	0.0 	0.0 	0.0 	0.0 	0.0 	0.0 	0.0 	0.0	-3.12826417628	195.03680346	-20.7654687492	
9.25	-1.64281418897e-05	-1.73681899129e-05	-3.88723366902e-07 	0.0 	183.044395889 	0.0 	-1.62674198548e-07 	0.0 	0.0 	0.0 	0.0 	0.0 	0.0 	0.0 	0.0	-3.12826417628	195.03680346	-20.7654687492	
9.26666666667	-1.64281418897e-05	-1.73681899129e-05	-3.88723366902e-07 	0.0 	183.044395889 	0.0 	-1.62674198548e-07 	0.0 	0.0 	0.0 	0.0 	0.0 	0.0 	0.0 	0.0	-3.12826417628	195.03680346	-20.7654687492	
9.28333333333	-1.64281418897e-05	-1.73681899129e-05	-3.88723366902e-07 	0.0 	183.044395889 	0.0 	-1.62674198548e-07 	0.0 	0.0 	0.0 	0.0 	0.0 	0.0 	0.0 	0.0	-3.12826417628	195.03680346	-20.7654687492	
9.3	-1.64281418897e-05	-1.73681899129e-05	-3.88723366902e-07 	0.0 	183.044395889 	0.0 	-1.62674198548e-07 	0.0 	0.0 	0.0 	0.0 	0.0 	0.0 	0.0 	0.0	-3.12826417628	195.03680346	-20.7654687492	
9.31666666667	-1.64281418897e-05	-1.73681899129e-05	-3.88723366902e-07 	0.0 	183.044395889 	0.0 	-1.62674198548e-07 	0.0 	0.0 	0.0 	0.0 	0.0 	0.0 	0.0 	0.0	-3.12826417628	195.03680346	-20.7654687492	
9.33333333333	-1.64281418897e-05	-1.73681899129e-05	-3.88723366902e-07 	0.0 	183.044395889 	0.0 	-1.62674198548e-07 	0.0 	0.0 	0.0 	0.0 	0.0 	0.0 	0.0 	0.0	-3.12826417628	195.03680346	-20.7654687492	
9.35	-1.64281418897e-05	-1.73681899129e-05	-3.88723366902e-07 	0.0 	183.044395889 	0.0 	-1.62674198548e-07 	0.0 	0.0 	0.0 	0.0 	0.0 	0.0 	0.0 	0.0	-3.12826417628	195.03680346	-20.7654687492	
9.36666666667	-1.64281418897e-05	-1.73681899129e-05	-3.88723366902e-07 	0.0 	183.044395889 	0.0 	-1.62674198548e-07 	0.0 	0.0 	0.0 	0.0 	0.0 	0.0 	0.0 	0.0	-3.12826417628	195.03680346	-20.7654687492	
9.38333333333	-1.64281418897e-05	-1.73681899129e-05	-3.88723366902e-07 	0.0 	183.044395889 	0.0 	-1.62674198548e-07 	0.0 	0.0 	0.0 	0.0 	0.0 	0.0 	0.0 	0.0	-3.12826417628	195.03680346	-20.7654687492	
9.4	-1.64281418897e-05	-1.73681899129e-05	-3.88723366902e-07 	0.0 	183.044395889 	0.0 	-1.62674198548e-07 	0.0 	0.0 	0.0 	0.0 	0.0 	0.0 	0.0 	0.0	-3.12826417628	195.03680346	-20.7654687492	
9.41666666667	-1.64281418897e-05	-1.73681899129e-05	-3.88723366902e-07 	0.0 	183.044395889 	0.0 	-1.62674198548e-07 	0.0 	0.0 	0.0 	0.0 	0.0 	0.0 	0.0 	0.0	-3.12826417628	195.03680346	-20.7654687492	
9.43333333333	-1.64281418897e-05	-1.73681899129e-05	-3.88723366902e-07 	0.0 	183.044395889 	0.0 	-1.62674198548e-07 	0.0 	0.0 	0.0 	0.0 	0.0 	0.0 	0.0 	0.0	-3.12826417628	195.03680346	-20.7654687492	
9.45	-1.64281418897e-05	-1.73681899129e-05	-3.88723366902e-07 	0.0 	183.044395889 	0.0 	-1.62674198548e-07 	0.0 	0.0 	0.0 	0.0 	0.0 	0.0 	0.0 	0.0	-3.12826417628	195.03680346	-20.7654687492	
9.46666666667	-1.64281418897e-05	-1.73681899129e-05	-3.88723366902e-07 	0.0 	183.044395889 	0.0 	-1.62674198548e-07 	0.0 	0.0 	0.0 	0.0 	0.0 	0.0 	0.0 	0.0	-3.12826417628	195.03680346	-20.7654687492	
9.48333333333	-1.64281418897e-05	-1.73681899129e-05	-3.88723366902e-07 	0.0 	183.044395889 	0.0 	-1.62674198548e-07 	0.0 	0.0 	0.0 	0.0 	0.0 	0.0 	0.0 	0.0	-3.12826417628	195.03680346	-20.7654687492	
9.5	-1.64281418897e-05	-1.73681899129e-05	-3.88723366902e-07 	0.0 	183.044395889 	0.0 	-1.62674198548e-07 	0.0 	0.0 	0.0 	0.0 	0.0 	0.0 	0.0 	0.0	-3.12826417628	195.03680346	-20.7654687492	
9.51666666667	-1.64281418897e-05	-1.73681899129e-05	-3.88723366902e-07 	0.0 	183.044395889 	0.0 	-1.62674198548e-07 	0.0 	0.0 	0.0 	0.0 	0.0 	0.0 	0.0 	0.0	-3.12826417628	195.03680346	-20.7654687492	
9.53333333333	-1.64281418897e-05	-1.73681899129e-05	-3.88723366902e-07 	0.0 	183.044395889 	0.0 	-1.62674198548e-07 	0.0 	0.0 	0.0 	0.0 	0.0 	0.0 	0.0 	0.0	-3.12826417628	195.03680346	-20.7654687492	
9.55	-1.64281418897e-05	-1.73681899129e-05	-3.88723366902e-07 	0.0 	183.044395889 	0.0 	-1.62674198548e-07 	0.0 	0.0 	0.0 	0.0 	0.0 	0.0 	0.0 	0.0	-3.12826417628	195.03680346	-20.7654687492	
9.56666666667	-1.64281418897e-05	-1.73681899129e-05	-3.88723366902e-07 	0.0 	183.044395889 	0.0 	-1.62674198548e-07 	0.0 	0.0 	0.0 	0.0 	0.0 	0.0 	0.0 	0.0	-3.12826417628	195.03680346	-20.7654687492	
9.58333333333	-1.64281418897e-05	-1.73681899129e-05	-3.88723366902e-07 	0.0 	183.044395889 	0.0 	-1.62674198548e-07 	0.0 	0.0 	0.0 	0.0 	0.0 	0.0 	0.0 	0.0	-3.12826417628	195.03680346	-20.7654687492	
9.6	-1.64281418897e-05	-1.73681899129e-05	-3.88723366902e-07 	0.0 	183.044395889 	0.0 	-1.62674198548e-07 	0.0 	0.0 	0.0 	0.0 	0.0 	0.0 	0.0 	0.0	-3.12826417628	195.03680346	-20.7654687492	
9.61666666667	-1.64281418897e-05	-1.73681899129e-05	-3.88723366902e-07 	0.0 	183.044395889 	0.0 	-1.62674198548e-07 	0.0 	0.0 	0.0 	0.0 	0.0 	0.0 	0.0 	0.0	-3.12826417628	195.03680346	-20.7654687492	
9.63333333333	-1.64281418897e-05	-1.73681899129e-05	-3.88723366902e-07 	0.0 	183.044395889 	0.0 	-1.62674198548e-07 	0.0 	0.0 	0.0 	0.0 	0.0 	0.0 	0.0 	0.0	-3.12826417628	195.03680346	-20.7654687492	
9.65	-1.64281418897e-05	-1.73681899129e-05	-3.88723366902e-07 	0.0 	183.044395889 	0.0 	-1.62674198548e-07 	0.0 	0.0 	0.0 	0.0 	0.0 	0.0 	0.0 	0.0	-3.12826417628	195.03680346	-20.7654687492	
9.66666666667	-1.64281418897e-05	-1.73681899129e-05	-3.88723366902e-07 	0.0 	183.044395889 	0.0 	-1.62674198548e-07 	0.0 	0.0 	0.0 	0.0 	0.0 	0.0 	0.0 	0.0	-3.12826417628	195.03680346	-20.7654687492	
9.68333333333	-1.64281418897e-05	-1.73681899129e-05	-3.88723366902e-07 	0.0 	183.044395889 	0.0 	-1.62674198548e-07 	0.0 	0.0 	0.0 	0.0 	0.0 	0.0 	0.0 	0.0	-3.12826417628	195.03680346	-20.7654687492	
9.7	-1.64281418897e-05	-1.73681899129e-05	-3.88723366902e-07 	0.0 	183.044395889 	0.0 	-1.62674198548e-07 	0.0 	0.0 	0.0 	0.0 	0.0 	0.0 	0.0 	0.0	-3.12826417628	195.03680346	-20.7654687492	
9.71666666667	-1.64281418897e-05	-1.73681899129e-05	-3.88723366902e-07 	0.0 	183.044395889 	0.0 	-1.62674198548e-07 	0.0 	0.0 	0.0 	0.0 	0.0 	0.0 	0.0 	0.0	-3.12826417628	195.03680346	-20.7654687492	
9.73333333333	-1.64281418897e-05	-1.73681899129e-05	-3.88723366902e-07 	0.0 	183.044395889 	0.0 	-1.62674198548e-07 	0.0 	0.0 	0.0 	0.0 	0.0 	0.0 	0.0 	0.0	-3.12826417628	195.03680346	-20.7654687492	
9.75	-1.64281418897e-05	-1.73681899129e-05	-3.88723366902e-07 	0.0 	183.044395889 	0.0 	-1.62674198548e-07 	0.0 	0.0 	0.0 	0.0 	0.0 	0.0 	0.0 	0.0	-3.12826417628	195.03680346	-20.7654687492	
9.76666666667	-1.64281418897e-05	-1.73681899129e-05	-3.88723366902e-07 	0.0 	183.044395889 	0.0 	-1.62674198548e-07 	0.0 	0.0 	0.0 	0.0 	0.0 	0.0 	0.0 	0.0	-3.12826417628	195.03680346	-20.7654687492	
9.78333333333	-1.64281418897e-05	-1.73681899129e-05	-3.88723366902e-07 	0.0 	183.044395889 	0.0 	-1.62674198548e-07 	0.0 	0.0 	0.0 	0.0 	0.0 	0.0 	0.0 	0.0	-3.12826417628	195.03680346	-20.7654687492	
9.8	-1.64281418897e-05	-1.73681899129e-05	-3.88723366902e-07 	0.0 	183.044395889 	0.0 	-1.62674198548e-07 	0.0 	0.0 	0.0 	0.0 	0.0 	0.0 	0.0 	0.0	-3.12826417628	195.03680346	-20.7654687492	
9.81666666667	-1.64281418897e-05	-1.73681899129e-05	-3.88723366902e-07 	0.0 	183.044395889 	0.0 	-1.62674198548e-07 	0.0 	0.0 	0.0 	0.0 	0.0 	0.0 	0.0 	0.0	-3.12826417628	195.03680346	-20.7654687492	
9.83333333333	-1.64281418897e-05	-1.73681899129e-05	-3.88723366902e-07 	0.0 	183.044395889 	0.0 	-1.62674198548e-07 	0.0 	0.0 	0.0 	0.0 	0.0 	0.0 	0.0 	0.0	-3.12826417628	195.03680346	-20.7654687492	
9.85	-1.64281418897e-05	-1.73681899129e-05	-3.88723366902e-07 	0.0 	183.044395889 	0.0 	-1.62674198548e-07 	0.0 	0.0 	0.0 	0.0 	0.0 	0.0 	0.0 	0.0	-3.12826417628	195.03680346	-20.7654687492	
9.86666666667	-1.64281418897e-05	-1.73681899129e-05	-3.88723366902e-07 	0.0 	183.044395889 	0.0 	-1.62674198548e-07 	0.0 	0.0 	0.0 	0.0 	0.0 	0.0 	0.0 	0.0	-3.12826417628	195.03680346	-20.7654687492	
9.88333333333	-1.64281418897e-05	-1.73681899129e-05	-3.88723366902e-07 	0.0 	183.044395889 	0.0 	-1.62674198548e-07 	0.0 	0.0 	0.0 	0.0 	0.0 	0.0 	0.0 	0.0	-3.12826417628	195.03680346	-20.7654687492	
9.9	-1.64281418897e-05	-1.73681899129e-05	-3.88723366902e-07 	0.0 	183.044395889 	0.0 	-1.62674198548e-07 	0.0 	0.0 	0.0 	0.0 	0.0 	0.0 	0.0 	0.0	-3.12826417628	195.03680346	-20.7654687492	
9.91666666667	-1.64281418897e-05	-1.73681899129e-05	-3.88723366902e-07 	0.0 	183.044395889 	0.0 	-1.62674198548e-07 	0.0 	0.0 	0.0 	0.0 	0.0 	0.0 	0.0 	0.0	-3.12826417628	195.03680346	-20.7654687492	
9.93333333333	-1.64281418897e-05	-1.73681899129e-05	-3.88723366902e-07 	0.0 	183.044395889 	0.0 	-1.62674198548e-07 	0.0 	0.0 	0.0 	0.0 	0.0 	0.0 	0.0 	0.0	-3.12826417628	195.03680346	-20.7654687492	
9.95	-1.64281418897e-05	-1.73681899129e-05	-3.88723366902e-07 	0.0 	183.044395889 	0.0 	-1.62674198548e-07 	0.0 	0.0 	0.0 	0.0 	0.0 	0.0 	0.0 	0.0	-3.12826417628	195.03680346	-20.7654687492	
9.96666666667	-1.64281418897e-05	-1.73681899129e-05	-3.88723366902e-07 	0.0 	183.044395889 	0.0 	-1.62674198548e-07 	0.0 	0.0 	0.0 	0.0 	0.0 	0.0 	0.0 	0.0	-3.12826417628	195.03680346	-20.7654687492	
9.98333333333	-1.64281418897e-05	-1.73681899129e-05	-3.88723366902e-07 	0.0 	183.044395889 	0.0 	-1.62674198548e-07 	0.0 	0.0 	0.0 	0.0 	0.0 	0.0 	0.0 	0.0	-3.12826417628	195.03680346	-20.7654687492	
