0.01	0.0	0.0	0.0 	0.0 	0.25 	25.0 	0.0 	0.0 	0.0 	0.0 	25.0 	0.0 	0.0 	0.0 	15.0	-0.872638888889	49.8084930252	-1.83929816869	
0.02	0.0	0.0	0.0 	0.0 	0.5 	25.0 	0.0 	0.0 	0.0 	-0.0 	25.0 	0.0 	0.0 	0.0 	15.0	-0.872638888889	49.6169860503	-1.67859633738	
0.03	0.0	0.0	0.0 	0.0 	0.75 	25.0 	0.0 	0.0 	0.0 	-0.0 	25.0 	0.0 	0.0 	0.0 	15.0	-0.872638888889	49.4254790755	-1.51789450607	
0.04	0.0	0.0	0.0 	0.0 	1.0 	25.0 	0.0 	0.0 	0.0 	-0.0 	25.0 	0.0 	0.0 	0.0 	15.0	-0.872638888889	49.2339721006	-1.35719267476	
0.05	0.0	0.0	0.0 	0.0 	1.25 	25.0 	0.0 	0.0 	0.0 	-0.0 	25.0 	0.0 	0.0 	0.0 	15.0	-0.872638888889	49.0424651258	-1.19649084345	
0.06	0.0	0.0	0.0 	0.0 	1.5 	25.0 	0.0 	0.0 	0.0 	-0.0 	25.0 	0.0 	0.0 	0.0 	15.0	-0.872638888889	48.8509581509	-1.03578901214	
0.07	0.0	0.0	0.0 	0.0 	1.75 	25.0 	0.0 	0.0 	0.0 	-0.0 	25.0 	0.0 	0.0 	0.0 	15.0	-0.872638888889	48.6594511761	-0.875087180826	
0.08	0.0	0.0	0.0 	0.0 	2.0 	25.0 	0.0 	0.0 	0.0 	-0.0 	25.0 	0.0 	0.0 	0.0 	15.0	-0.872638888889	48.4679442013	-0.714385349515	
0.09	0.0	0.0	0.0 	0.0 	2.25 	25.0 	0.0 	0.0 	0.0 	-0.0 	25.0 	0.0 	0.0 	0.0 	15.0	-0.872638888889	48.2764372264	-0.553683518205	
0.1	2.41901904507e-07	3.53781535342e-08	0.0 	0.0 	2.4997057 	24.94114 	0.0 	0.0 	0.0 	0.0 	24.97057 	-5.88599999853 	0.0 	0.0 	15.0	-0.872638888889	48.0849302516	-0.392981686894	
0.11	2.41901904507e-07	6.83036485397e-08	0.0 	0.0 	2.7488228 	24.88228 	0.0 	0.0 	0.0 	0.0 	24.91171 	-5.88599999853 	0.0 	0.0 	15.0	-0.872638888889	47.8934232767	-0.232279855583	
0.12	2.41901904507e-07	9.87371820991e-08	0.0 	0.0 	2.9973513 	24.82342 	0.0 	0.0 	0.0 	0.0 	24.85285 	-5.88599999853 	0.0 	0.0 	15.0	-0.872638888889	47.7019163019	-0.0715780242727	
0.13	2.41901904507e-07	1.26672791755e-07	0.0 	0.0 	3.2452912 	24.7645600001 	0.0 	0.0 	0.0 	0.0 	24.7939900001 	-5.88599999853 	0.0 	0.0 	15.0	-0.872638888889	47.510409327	0.0891238070379	
0.14	2.41901904507e-07	1.52133421626e-07	0.0 	0.0 	3.4926425 	24.7057000001 	0.0 	0.0 	0.0 	0.0 	24.7351300001 	-5.88599999853 	0.0 	0.0 	15.0	-0.872638888889	47.3189023522	0.249825638348	
0.15	2.41901904507e-07	1.75166761897e-07	0.0 	0.0 	3.7394052 	24.6468400001 	0.0 	0.0 	0.0 	0.0 	24.6762700001 	-5.88599999853 	0.0 	0.0 	15.0	-0.872638888889	47.1273953774	0.410527469659	
0.16	2.41901904507e-07	1.95841371585e-07	0.0 	0.0 	3.9855793 	24.5879800001 	0.0 	0.0 	0.0 	0.0 	24.6174100001 	-5.88599999853 	0.0 	0.0 	15.0	-0.872638888889	46.9358884025	0.57122930097	
0.17	2.41901904507e-07	2.14243089961e-07	0.0 	0.0 	4.2311648 	24.5291200001 	0.0 	0.0 	0.0 	0.0 	24.5585500001 	-5.88599999853 	0.0 	0.0 	15.0	-0.872638888889	46.7443814277	0.73193113228	
0.18	2.41901904507e-07	2.3047173802e-07	0.0 	0.0 	4.47616170001 	24.4702600001 	0.0 	0.0 	0.0 	0.0 	24.4996900001 	-5.88599999853 	0.0 	0.0 	15.0	-0.872638888889	46.5528744528	0.892632963591	
0.19	2.41901904507e-07	2.44638107964e-07	0.0 	0.0 	4.72057000001 	24.4114000001 	0.0 	0.0 	0.0 	0.0 	24.4408300001 	-5.88599999853 	0.0 	0.0 	15.0	-0.872638888889	46.361367478	1.0533347949	
0.2	-2.14054083134e-07	1.90177672484e-07	0.0 	0.0 	4.96438970001 	24.3525400002 	0.0 	0.0 	0.0 	0.0 	24.3819700002 	-5.88599999895 	0.0 	0.0 	15.0	-0.872638888889	46.1698605031	1.21403662621	
0.21	-2.14054083134e-07	1.38521788543e-07	0.0 	0.0 	5.20762080001 	24.2936800002 	0.0 	0.0 	0.0 	0.0 	24.3231100002 	-5.88599999895 	0.0 	0.0 	15.0	-0.872638888889	45.9783535283	1.37473845752	
0.22	-2.14054083134e-07	8.98729703778e-08	0.0 	0.0 	5.45026330001 	24.2348200002 	0.0 	0.0 	0.0 	0.0 	24.2642500002 	-5.88599999895 	0.0 	0.0 	15.0	-0.872638888889	45.7868465535	1.53544028883	
0.23	-2.14054083134e-07	4.43725633128e-08	0.0 	0.0 	5.69231720001 	24.1759600002 	0.0 	0.0 	0.0 	0.0 	24.2053900002 	-5.88599999895 	0.0 	0.0 	15.0	-0.872638888889	45.5953395786	1.69614212014	
0.24	-2.14054083134e-07	2.10741142907e-09	0.0 	0.0 	5.93378250002 	24.1171000002 	0.0 	0.0 	0.0 	0.0 	24.1465300002 	-5.88599999895 	0.0 	0.0 	15.0	-0.872638888889	45.4038326038	1.85684395145	
0.25	-2.14054083134e-07	-3.68837617642e-08	0.0 	0.0 	6.17465920002 	24.0582400002 	0.0 	0.0 	0.0 	-0.0 	24.0876700002 	-5.88599999895 	0.0 	0.0 	15.0	-0.872638888889	45.2123256289	2.01754578277	
0.26	-2.14054083134e-07	-7.26042926918e-08	0.0 	0.0 	6.41494730002 	23.9993800002 	0.0 	0.0 	0.0 	-0.0 	24.0288100002 	-5.88599999895 	0.0 	0.0 	15.0	-0.872638888889	45.0208186541	2.17824761408	
0.27	-2.14054083134e-07	-1.05093862087e-07	0.0 	0.0 	6.65464680002 	23.9405200002 	0.0 	0.0 	0.0 	-0.0 	23.9699500002 	-5.88599999895 	0.0 	0.0 	15.0	-0.872638888889	44.8293116792	2.33894944539	
0.28	-2.14054083134e-07	-1.344231421e-07	0.0 	0.0 	6.89375770002 	23.8816600002 	0.0 	0.0 	0.0 	-0.0 	23.9110900002 	-5.88599999895 	0.0 	0.0 	15.0	-0.872638888889	44.6378047044	2.4996512767	
0.29	-2.14054083134e-07	-1.60688817398e-07	0.0 	0.0 	7.13228000003 	23.8228000003 	0.0 	0.0 	0.0 	-0.0 	23.8522300002 	-5.88599999895 	0.0 	0.0 	15.0	-0.872638888889	44.4462977296	2.66035310801	
0.3	-2.14054083134e-07	-1.84008985771e-07	0.0 	0.0 	7.37021370003 	23.7639400003 	0.0 	0.0 	0.0 	-0.0 	23.7933700003 	-5.88599999895 	0.0 	0.0 	15.0	-0.872638888889	44.2547907547	2.82105493932	
0.31	1.54766857645e-07	-1.50578876169e-07	0.0 	0.0 	7.60755880003 	23.7050800003 	0.0 	0.0 	0.0 	-0.0 	23.7345100003 	-5.88599999951 	0.0 	0.0 	15.0	-0.872638888889	44.0632837799	2.98175677063	
0.32	1.54766857645e-07	-1.18226691858e-07	0.0 	0.0 	7.84431530004 	23.6462200003 	0.0 	0.0 	0.0 	-0.0 	23.6756500003 	-5.88599999951 	0.0 	0.0 	15.0	-0.872638888889	43.871776805	3.14245860194	
0.33	1.54766857645e-07	-8.71708749975e-08	0.0 	0.0 	8.08048320004 	23.5873600003 	0.0 	0.0 	0.0 	-0.0 	23.6167900003 	-5.88599999951 	0.0 	0.0 	15.0	-0.872638888889	43.6802698302	3.30316043325	
0.34	1.54766857645e-07	-5.75857939208e-08	0.0 	0.0 	8.31606250004 	23.5285000003 	0.0 	0.0 	0.0 	-0.0 	23.5579300003 	-5.88599999951 	0.0 	0.0 	15.0	-0.872638888889	43.4887628553	3.46386226456	
0.35	1.54766857645e-07	-2.96057314593e-08	0.0 	0.0 	8.55105320004 	23.4696400003 	0.0 	0.0 	0.0 	-0.0 	23.4990700003 	-5.88599999951 	0.0 	0.0 	15.0	-0.872638888889	43.2972558805	3.62456409587	
0.36	1.54766857645e-07	-3.32878580262e-09	0.0 	0.0 	8.78545530005 	23.4107800003 	0.0 	0.0 	0.0 	-0.0 	23.4402100003 	-5.88599999951 	0.0 	0.0 	15.0	-0.872638888889	43.1057489057	3.78526592718	
0.37	1.54766857645e-07	2.11793481792e-08	0.0 	0.0 	9.01926880005 	23.3519200003 	0.0 	0.0 	0.0 	0.0 	23.3813500003 	-5.88599999951 	0.0 	0.0 	15.0	-0.872638888889	42.9142419308	3.94596775849	
0.38	1.54766857645e-07	4.38817435549e-08	0.0 	0.0 	9.25249370005 	23.2930600003 	0.0 	0.0 	0.0 	0.0 	23.3224900003 	-5.88599999951 	0.0 	0.0 	15.0	-0.872638888889	42.722734956	4.1066695898	
0.39	1.54766857645e-07	6.47667730884e-08	0.0 	0.0 	9.48513000006 	23.2342000003 	0.0 	0.0 	0.0 	0.0 	23.2636300003 	-5.88599999951 	0.0 	0.0 	15.0	-0.872638888889	42.5312279811	4.26737142111	
0.4	1.54766857645e-07	8.38448245862e-08	0.0 	0.0 	9.71717770006 	23.1753400003 	0.0 	0.0 	0.0 	0.0 	23.2047700003 	-5.88599999951 	0.0 	0.0 	15.0	-0.872638888889	42.3397210063	4.42807325242	
0.41	-2.90690190434e-07	3.5997118722e-08	0.0 	0.0 	9.94863680006 	23.1164800003 	0.0 	0.0 	0.0 	0.0 	23.1459100003 	-5.88599999843 	0.0 	0.0 	15.0	-0.872638888889	42.1482140314	4.58877508373	
0.42	-2.90690190434e-07	-9.06637907852e-09	0.0 	0.0 	10.1795073001 	23.0576200003 	0.0 	0.0 	0.0 	-0.0 	23.0870500003 	-5.88599999843 	0.0 	0.0 	15.0	-0.872638888889	41.9567070566	4.74947691505	
0.43	-2.90690190434e-07	-5.12145725537e-08	0.0 	0.0 	10.4097892001 	22.9987600004 	0.0 	0.0 	0.0 	-0.0 	23.0281900004 	-5.88599999843 	0.0 	0.0 	15.0	-0.872638888889	41.7652000818	4.91017874636	
0.44	-2.90690190434e-07	-9.0366860611e-08	0.0 	0.0 	10.6394825001 	22.9399000004 	0.0 	0.0 	0.0 	-0.0 	22.9693300004 	-5.88599999843 	0.0 	0.0 	15.0	-0.872638888889	41.5736931069	5.07088057767	
0.45	-2.90690190434e-07	-1.26487227241e-07	0.0 	0.0 	10.8685872001 	22.8810400004 	0.0 	0.0 	0.0 	-0.0 	22.9104700004 	-5.88599999843 	0.0 	0.0 	15.0	-0.872638888889	41.3821861321	5.23158240898	
0.46	-2.90690190434e-07	-1.59578627712e-07	0.0 	0.0 	11.0971033001 	22.8221800004 	0.0 	0.0 	0.0 	-0.0 	22.8516100004 	-5.88599999843 	0.0 	0.0 	15.0	-0.872638888889	41.1906791572	5.39228424029	
0.47	-2.90690190434e-07	-1.896776942e-07	0.0 	0.0 	11.3250308001 	22.7633200004 	0.0 	0.0 	0.0 	-0.0 	22.7927500004 	-5.88599999843 	0.0 	0.0 	15.0	-0.872638888889	40.9991721824	5.5529860716	
0.48	-2.90690190434e-07	-2.16849777295e-07	0.0 	0.0 	11.5523697001 	22.7044600004 	0.0 	0.0 	0.0 	-0.0 	22.7338900004 	-5.88599999843 	0.0 	0.0 	15.0	-0.872638888889	40.8076652075	5.71368790291	
0.49	-2.90690190434e-07	-2.41184333819e-07	0.0 	0.0 	11.7791200001 	22.6456000005 	0.0 	0.0 	0.0 	-0.0 	22.6750300004 	-5.88599999843 	0.0 	0.0 	15.0	-0.872638888889	40.6161582327	5.87438973422	
0.5	-2.90690190434e-07	-2.627906661e-07	0.0 	0.0 	12.0052817001 	22.5867400005 	0.0 	0.0 	0.0 	-0.0 	22.6161700005 	-5.88599999843 	0.0 	0.0 	15.0	-0.872638888889	40.4246512579	6.03509156553	
0.51	-2.90690190434e-07	-2.81794013172e-07	0.0 	0.0 	12.2308548001 	22.5278800005 	0.0 	0.0 	0.0 	-0.0 	22.5573100005 	-5.88599999843 	0.0 	0.0 	15.0	-0.872638888889	40.233144283	6.19579339684	
0.52	1.05727016608e-06	-1.01192788242e-07	0.0 	0.0 	12.4558393001 	22.4690200007 	0.0 	0.0 	0.0 	-0.0 	22.4984500006 	-5.88599998147 	0.0 	0.0 	15.0	-0.872638888889	40.0416373082	6.35649522815	
0.53	1.05727016608e-06	6.80599795579e-08	0.0 	0.0 	12.6802352001 	22.4101600009 	0.0 	0.0 	0.0 	0.0 	22.4395900008 	-5.88599998147 	0.0 	0.0 	15.0	-0.872638888889	39.8501303333	6.51719705946	
0.54	1.05727016608e-06	2.25592238303e-07	0.0 	0.0 	12.9040425001 	22.351300001 	0.0 	0.0 	0.0 	0.0 	22.3807300009 	-5.88599998147 	0.0 	0.0 	15.0	-0.872638888889	39.6586233585	6.67789889077	
0.55	1.05727016608e-06	3.71214018806e-07	0.0 	0.0 	13.1272612001 	22.2924400012 	0.0 	0.0 	0.0 	0.0 	22.3218700011 	-5.88599998147 	0.0 	0.0 	15.0	-0.872638888889	39.4671163836	6.83860072208	
0.56	1.05727016608e-06	5.04894990597e-07	2.12795318127e-14 	4.06657073374e-12 	13.3498913001 	22.2335800014 	8.51197973009e-15 	1.70239580843e-12 	2.12795318127e-12 	4.06657073374e-10 	22.2630100013 	-5.88599998147 	8.51197973009e-13 	1.70239580843e-10 	15.0	-0.872638888889	39.2756094088	6.99930255339	
0.57	1.05727016608e-06	6.26743251921e-07	9.02661363068e-14 	8.7405165798e-12 	13.5719328002 	22.1747200016 	3.61091670451e-14 	3.81704149221e-12 	6.89866044942e-12 	4.67394584606e-10 	22.2041500015 	-5.88599998147 	2.7597187315e-12 	2.11464568378e-10 	15.0	-0.872638888889	39.084102434	7.1600043847	
0.58	1.05727016608e-06	7.36985425751e-07	2.16764691858e-13 	1.38400975914e-11 	13.7933857002 	22.1158600018 	8.67200878544e-14 	6.30514248775e-12 	1.26498555551e-11 	5.09958101163e-10 	22.1452900017 	-5.88599998147 	5.06109208094e-12 	2.48810099554e-10 	15.0	-0.872638888889	38.8925954591	7.32070621602	
0.59	1.05727016608e-06	8.35948109442e-07	4.09608775197e-13 	1.91951470037e-11 	14.0142500002 	22.057000002 	1.63890158247e-13 	9.12887139428e-12 	1.92844083339e-11 	5.35504941225e-10 	22.0864300019 	-5.88599998147 	7.71700703927e-12 	2.82372890652e-10 	15.0	-0.872638888889	38.7010884843	7.48140804733	
0.6	1.05727016608e-06	9.24040703972e-07	6.76686502897e-13 	2.46474849253e-11 	14.2345257002 	21.9981400022 	2.70792856037e-13 	1.22516679572e-11 	2.670777277e-11 	5.45233792159e-10 	22.0275700021 	-5.88599998147 	1.0690269779e-11 	3.12279656295e-10 	15.0	-0.872638888889	38.5095815094	7.64210987864	
0.61	1.05727016608e-06	1.00173962969e-06	1.02497342022e-12 	3.00511411088e-11 	14.4542128002 	21.9392800023 	4.10243623739e-13 	1.56384853714e-11 	3.48286917324e-11 	5.4036561835e-10 	21.9687100022 	-5.88599998147 	1.39450767703e-11 	3.38681741414e-10 	15.0	-0.872638888889	38.3180745346	7.80281170995	
0.62	1.05727016608e-06	1.06957391897e-06	1.47930099383e-12 	3.88543761915e-11 	14.6733113003 	21.8804200025 	5.92208075833e-13 	2.07544045706e-11 	4.5432757361e-11 	8.80323508276e-10 	21.9098500024 	-5.88599998147 	1.81964452094e-11 	5.11591919923e-10 	15.0	-0.872638888889	38.1265675598	7.96351354126	
0.63	-4.41337651682e-07	9.08940768628e-07	2.03562082718e-12 	4.16626775814e-11 	14.8918212003 	21.8215600026 	8.15109664476e-13 	2.38259130175e-11 	5.56319833344e-11 	2.80830138985e-10 	21.8509900025 	-5.88599999713 	2.22901588643e-11 	3.07150844694e-10 	15.0	-0.872638888889	37.9350605849	8.12421537257	
0.64	-4.41337651682e-07	7.54802461355e-07	2.66170952415e-12 	4.25641753294e-11 	15.1097425003 	21.7627000026 	1.06611125931e-12 	2.63744058695e-11 	6.26088696979e-11 	9.01497748018e-11 	21.7921300026 	-5.88599999713 	2.51001594838e-11 	2.54849285201e-10 	15.0	-0.872638888889	37.7435536101	8.28491720388	
0.65	-4.41337651682e-07	6.08016249291e-07	3.34466626576e-12 	4.17374592798e-11 	15.3270752003 	21.7038400026 	1.34011152847e-12 	2.84256479365e-11 	6.82956741607e-11 	-8.26716049583e-11 	21.7332700026 	-5.88599999713 	2.74000269158e-11 	2.05124206696e-10 	15.0	-0.872638888889	37.5520466352	8.44561903519	
0.66	-4.41337651682e-07	4.69240944471e-07	4.05247424017e-12 	3.55763678001e-11 	15.5438193004 	21.6449800026 	1.62436800784e-12 	2.84256479365e-11 	7.07807974411e-11 	-6.16109147966e-10 	21.6744100026 	-5.88599999713 	2.84256479365e-11 	0.0 	15.0	-0.872638888889	37.3605396604	8.6063208665	
0.67	-4.41337651682e-07	3.38956296594e-07	4.75932611157e-12 	2.94320076568e-11 	15.7599748004 	21.5861200027 	1.9086244872e-12 	2.84256479365e-11 	7.06851871402e-11 	-6.14436014329e-10 	21.6155500027 	-5.88599999713 	2.84256479365e-11 	0.0 	15.0	-0.872638888889	37.1690326855	8.76702269781	
0.68	-4.41337651682e-07	2.17481769263e-07	5.4650545666e-12 	2.33043788499e-11 	15.9755417004 	21.5272600027 	2.19288096657e-12 	2.84256479365e-11 	7.05728455029e-11 	-6.12762880693e-10 	21.5566900027 	-5.88599999713 	2.84256479365e-11 	0.0 	15.0	-0.872638888889	36.9775257107	8.92772452912	
0.69	-4.41337651682e-07	1.04994584636e-07	6.1694922919e-12 	1.71934813794e-11 	16.1905200005 	21.4684000027 	2.47713744593e-12 	2.84256479365e-11 	7.04437725293e-11 	-6.11089747056e-10 	21.4978300027 	-5.88599999713 	2.84256479365e-11 	0.0 	15.0	-0.872638888889	36.7860187359	9.08842636043	
0.7	-4.41337651682e-07	1.54693227452e-09	6.87247197409e-12 	1.10993152452e-11 	16.4049097005 	21.4095400028 	2.7613939253e-12 	2.84256479365e-11 	7.02979682193e-11 	-6.09416613419e-10 	21.4389700027 	-5.88599999713 	2.84256479365e-11 	0.0 	15.0	-0.872638888889	36.594511761	9.24912819174	
0.71	-4.41337651682e-07	-9.29177385874e-08	7.57382629982e-12 	5.02188044735e-12 	16.6187108005 	21.3506800028 	3.04565040466e-12 	2.84256479365e-11 	7.0135432573e-11 	-6.07743479782e-10 	21.3801100028 	-5.88599999713 	2.84256479365e-11 	-0.0 	15.0	-0.872638888889	36.4030047862	9.40983002305	
0.72	-4.41337651682e-07	-1.78549402905e-07	8.27338795572e-12 	-1.03882301411e-12 	16.8319233005 	21.2918200028 	3.32990688403e-12 	2.84256479365e-11 	6.99561655902e-11 	-6.06070346146e-10 	21.3212500028 	-5.88599999713 	2.84256479365e-11 	-0.0 	15.0	-0.872638888889	36.2114978113	9.57053185436	
0.73	-4.41337651682e-07	-2.55577160339e-07	8.97098962843e-12 	-7.0827951392e-12 	17.0445472006 	21.2329600028 	3.61416336339e-12 	2.84256479365e-11 	6.97601672711e-11 	-6.04397212509e-10 	21.2623900028 	-5.88599999713 	2.84256479365e-11 	-0.0 	15.0	-0.872638888889	36.0199908365	9.73123368567	
0.74	2.63796510231e-07	-2.21170104867e-07	9.66646400459e-12 	-1.31100359279e-11 	17.2565825006 	21.1741000028 	3.89841984276e-12 	2.84256479365e-11 	6.95474376156e-11 	-6.02724078872e-10 	21.2035300028 	-5.88599999909 	2.84256479365e-11 	-0.0 	15.0	-0.872638888889	35.8284838616	9.89193551698	
0.75	2.63796510231e-07	-1.85952127464e-07	1.03596437708e-11 	-1.91205453803e-11 	17.4680292006 	21.1152400029 	4.18267632212e-12 	2.84256479365e-11 	6.93179766237e-11 	-6.01050945235e-10 	21.1446700029 	-5.88599999909 	2.84256479365e-11 	-0.0 	15.0	-0.872638888889	35.6369768868	10.0526373483	
0.76	2.63796510231e-07	-1.50428904836e-07	1.10503616138e-11 	-2.51143234962e-11 	17.6788873006 	21.0563800029 	4.46693280149e-12 	2.84256479365e-11 	6.90717842954e-11 	-5.99377811597e-10 	21.0858100029 	-5.88599999909 	2.84256479365e-11 	-0.0 	15.0	-0.872638888889	35.445469912	10.2133391796	
0.77	2.63796510231e-07	-1.15041281343e-07	1.17384502201e-11 	-3.10913702758e-11 	17.8891568007 	20.9975200029 	4.75118928085e-12 	2.84256479365e-11 	6.88088606308e-11 	-5.9770467796e-10 	21.0269500029 	-5.88599999909 	2.84256479365e-11 	-0.0 	15.0	-0.872638888889	35.2539629371	10.3740410109	
0.78	2.63796510231e-07	-8.01690618671e-08	1.24237422764e-11 	-3.70516857191e-11 	18.0988377007 	20.9386600029 	5.03544576022e-12 	2.84256479365e-11 	6.85292056298e-11 	-5.96031544323e-10 	20.9680900029 	-5.88599999909 	2.84256479365e-11 	-0.0 	15.0	-0.872638888889	35.0624559623	10.5347428422	
0.79	2.63796510231e-07	-4.6134979334e-08	1.31060704693e-11 	-4.29952698259e-11 	18.3079300007 	20.8798000029 	5.31970223958e-12 	2.84256479365e-11 	6.82328192924e-11 	-5.94358410686e-10 	20.9092300029 	-5.88599999909 	2.84256479365e-11 	-0.0 	15.0	-0.872638888889	34.8709489874	10.6954446735	
0.8	2.63796510231e-07	-1.32087686853e-08	1.37852674855e-11 	-4.89221225964e-11 	18.5164337008 	20.8209400029 	5.60395871895e-12 	2.84256479365e-11 	6.79197016186e-11 	-5.92685277048e-10 	20.8503700029 	-5.88599999909 	2.84256479365e-11 	-0.0 	15.0	-0.872638888889	34.6794420126	10.8561465048	
0.81	2.63796510231e-07	1.83887129137e-08	1.44611660116e-11 	-5.48322440305e-11 	18.7243488008 	20.7620800029 	5.88821519831e-12 	2.84256479365e-11 	6.75898526084e-11 	-5.91012143411e-10 	20.7915100029 	-5.88599999909 	2.84256479365e-11 	0.0 	15.0	-0.872638888889	34.4879350377	11.0168483362	
0.82	2.63796510231e-07	4.84813722166e-08	1.51335987342e-11 	-6.07256341283e-11 	18.9316753008 	20.7032200029 	6.17247167768e-12 	2.84256479365e-11 	6.72432722619e-11 	-5.89339009774e-10 	20.7326500029 	-5.88599999909 	2.84256479365e-11 	0.0 	15.0	-0.872638888889	34.2964280629	11.1775501675	
0.83	2.63796510231e-07	7.69338178162e-08	1.580239834e-11 	-6.66022928896e-11 	19.1384132009 	20.6443600029 	6.45672815704e-12 	2.84256479365e-11 	6.6879960579e-11 	-5.87665876136e-10 	20.6737900029 	-5.88599999909 	2.84256479365e-11 	0.0 	15.0	-0.872638888889	34.1049210881	11.3382519988	
0.84	2.63796510231e-07	1.0364738855e-07	1.64673975156e-11 	-7.24622203146e-11 	19.3445625009 	20.5855000029 	6.74098463641e-12 	2.84256479365e-11 	6.64999175598e-11 	-5.85992742499e-10 	20.6149300029 	-5.88599999909 	2.84256479365e-11 	0.0 	15.0	-0.872638888889	33.9134141132	11.4989538301	
0.85	3.84553140554e-07	1.46216962038e-07	1.71284289476e-11 	-7.83054164032e-11 	19.5501232009 	20.526640003 	7.02524111577e-12 	2.84256479365e-11 	6.61031432041e-11 	-5.84319608862e-10 	20.5560700029 	-5.88599999829 	2.84256479365e-11 	0.0 	15.0	-0.872638888889	33.7219071384	11.6596556614	
0.86	3.84553140554e-07	1.85720925113e-07	1.77853253228e-11 	-8.41318811555e-11 	19.7550953009 	20.467780003 	7.30949759514e-12 	2.84256479365e-11 	6.56896375122e-11 	-5.82646475225e-10 	20.497210003 	-5.88599999829 	2.84256479365e-11 	0.0 	15.0	-0.872638888889	33.5304001635	11.8203574927	
0.87	3.84553140554e-07	2.22128715597e-07	1.84379193276e-11 	-8.99416145714e-11 	19.959478801 	20.408920003 	7.5937540745e-12 	2.84256479365e-11 	6.52594004839e-11 	-5.80973341588e-10 	20.438350003 	-5.88599999829 	2.84256479365e-11 	0.0 	15.0	-0.872638888889	33.3388931887	11.981059324	
0.88	3.84553140554e-07	2.55448729146e-07	1.90860436488e-11 	-9.57346166509e-11 	20.163273701 	20.350060003 	7.87801055387e-12 	2.84256479365e-11 	6.48124321192e-11 	-5.79300207951e-10 	20.379490003 	-5.88599999829 	2.84256479365e-11 	0.0 	15.0	-0.872638888889	33.1473862138	12.1417611553	
0.89	3.84553140554e-07	2.85722965495e-07	1.9729530973e-11 	-1.01510887394e-10 	20.366480001 	20.291200003 	8.16226703323e-12 	2.84256479365e-11 	6.43487324181e-11 	-5.77627074314e-10 	20.320630003 	-5.88599999829 	2.84256479365e-11 	0.0 	15.0	-0.872638888889	32.955879239	12.3024629866	
0.9	3.84553140554e-07	3.13022019406e-07	2.03682139868e-11 	-1.07270426801e-10 	20.5690977011 	20.232340003 	8.4465235126e-12 	2.84256479365e-11 	6.38683013807e-11 	-5.75953940677e-10 	20.261770003 	-5.88599999829 	2.84256479365e-11 	0.0 	15.0	-0.872638888889	32.7643722642	12.463164818	
0.91	3.84553140554e-07	3.37440426152e-07	2.10019253768e-11 	-1.13013234871e-10 	20.7711268011 	20.1734800031 	8.73077999196e-12 	2.84256479365e-11 	6.33711390069e-11 	-5.7428080704e-10 	20.202910003 	-5.88599999829 	2.84256479365e-11 	0.0 	15.0	-0.872638888889	32.5728652893	12.6238666493	
0.92	3.84553140554e-07	3.59092366024e-07	2.16304978298e-11 	-1.18739311605e-10 	20.9725673011 	20.1146200031 	9.01503647133e-12 	2.84256479365e-11 	6.28572452967e-11 	-5.72607673403e-10 	20.1440500031 	-5.88599999829 	2.84256479365e-11 	0.0 	15.0	-0.872638888889	32.3813583145	12.7845684806	
0.93	3.84553140554e-07	3.78107727727e-07	2.22537640323e-11 	-1.24448657003e-10 	21.1734192012 	20.0557600031 	9.29929295069e-12 	2.84256479365e-11 	6.23266202501e-11 	-5.70934539765e-10 	20.0851900031 	-5.88599999829 	2.84256479365e-11 	0.0 	15.0	-0.872638888889	32.1898513396	12.9452703119	
0.94	3.84553140554e-07	3.94628526494e-07	2.2871556671e-11 	-1.30141271064e-10 	21.3736825012 	19.9969000031 	9.58354943006e-12 	2.84256479365e-11 	6.17792638672e-11 	-5.69261406128e-10 	20.0263300031 	-5.88599999829 	2.84256479365e-11 	0.0 	15.0	-0.872638888889	31.9983443648	13.1059721432	
0.95	5.22342251317e-07	4.28957326785e-07	2.34837084325e-11 	-1.35817153789e-10 	21.5733572012 	19.9380400031 	9.86780590942e-12 	2.84256479365e-11 	6.1215176148e-11 	-5.67588272492e-10 	19.9674700031 	-5.88599999719 	2.84256479365e-11 	0.0 	15.0	-0.872638888889	31.8068373899	13.2666739745	
0.96	5.22342251317e-07	4.59702319438e-07	2.40900520034e-11 	-1.41476305178e-10 	21.7724433012 	19.8791800032 	1.01520623888e-11 	2.84256479365e-11 	6.06343570924e-11 	-5.65915138855e-10 	19.9086100032 	-5.88599999719 	2.84256479365e-11 	0.0 	15.0	-0.872638888889	31.6153304151	13.4273758058	
0.97	5.22342251317e-07	4.87001437316e-07	2.47109437063e-11 	-1.43176795732e-10 	21.9709408013 	19.8203200032 	1.04445284836e-11 	3.00675710469e-11 	6.20891702941e-11 	-1.70049055416e-10 	19.8497500032 	-5.88599999719 	2.92466094812e-11 	1.64192311037e-10 	15.0	-0.872638888889	31.4238234403	13.5880776371	
0.98	5.22342251317e-07	5.11012758438e-07	2.53677497468e-11 	-1.44990105044e-10 	22.1688497013 	19.7614600032 	1.07538197033e-11 	3.17906729179e-11 	6.56806040455e-11 	-1.8133093125e-10 	19.7908900032 	-5.88599999719 	3.09291219712e-11 	1.72310187105e-10 	15.0	-0.872638888889	31.2323164654	13.7487794684	
0.99	5.22342251317e-07	5.31910008004e-07	2.60621861216e-11 	-1.46955511408e-10 	22.3661700013 	19.7026000033 	1.10806952811e-11 	3.35844426619e-11 	6.9443637482e-11 	-1.9654063636e-10 	19.7320300032 	-5.88599999719 	3.26875577772e-11 	1.79376974397e-10 	15.0	-0.872638888889	31.0408094906	13.9094812997	
1.0	5.22342251317e-07	5.49878491615e-07	2.67957034559e-11 	-1.4910860302e-10 	22.5629017014 	19.6437400033 	1.14258124395e-11 	3.54389890418e-11 	7.33517334328e-11 	-2.15309161235e-10 	19.6731700033 	-5.88599999719 	3.45117158371e-11 	1.85454637993e-10 	15.0	-0.872638888889	30.8493025157	14.0701831311	
1.01	5.22342251317e-07	5.65111447236e-07	2.75695024612e-11 	-1.51481355531e-10 	22.7590448014 	19.5848800033 	1.17897327284e-11 	3.73450687861e-11 	7.73799005321e-11 	-2.37275251041e-10 	19.6143100033 	-5.88599999719 	3.63920288965e-11 	1.90607974425e-10 	15.0	-0.872638888889	30.6577955409	14.2308849624	
1.02	5.22342251317e-07	5.77806800393e-07	2.83845500182e-11 	-1.54102240052e-10 	22.9545993014 	19.5260200033 	1.21729285909e-11 	3.92941037496e-11 	8.15047556941e-11 	-2.62088452102e-10 	19.5554500033 	-5.88599999719 	3.83195862472e-11 	1.94903496355e-10 	15.0	-0.872638888889	30.466288566	14.3915867937	
1.03	5.22342251317e-07	5.88164304698e-07	2.92415956176e-11 	-1.56996356261e-10 	23.1495652015 	19.4671600034 	1.25757900505e-11 	4.12781882205e-11 	8.57045599417e-11 	-2.89411620955e-10 	19.4965900033 	-5.88599999719 	4.02861459608e-11 	1.98408447089e-10 	15.0	-0.872638888889	30.2747815912	14.552288625	
1.04	5.22342251317e-07	5.9638304782e-07	3.01411879252e-11 	-1.60185585658e-10 	23.3439425015 	19.4083000034 	1.29986314294e-11 	4.3290087611e-11 	8.99592307546e-11 	-3.18922939697e-10 	19.4377300034 	-5.88599999719 	4.22841378874e-11 	2.01189939047e-10 	15.0	-0.872638888889	30.0832746164	14.7129904563	
1.05	5.22342251317e-07	6.02659301661e-07	3.10836912647e-11 	-1.63688760471e-10 	23.5377312015 	19.3494400034 	1.34416980156e-11 	4.53232297069e-11 	9.42503339511e-11 	-3.50317481257e-10 	19.3788700034 	-5.88599999719 	4.4306658626e-11 	2.03314209592e-10 	15.0	-0.872638888889	29.8917676415	14.8736922876	
1.06	1.61456298927e-07	5.54405123879e-07	3.20670694013e-11 	-1.67951097532e-10 	23.7309313016 	19.2905800034 	1.3904279617e-11 	4.7193090662e-11 	9.83378136658e-11 	-4.26233706168e-10 	19.3200100034 	-5.88599999976 	4.62581601384e-11 	1.86986095511e-10 	15.0	-0.872638888889	29.7002606667	15.0343941189	
1.07	1.61456298927e-07	5.08244585818e-07	3.30870576717e-11 	-1.72921626927e-10 	23.9235428016 	19.2317200034 	1.4384779247e-11 	4.89068354606e-11 	1.01998827041e-10 	-4.97052939493e-10 	19.2611500034 	-5.88599999976 	4.80499630027e-11 	1.71374479857e-10 	15.0	-0.872638888889	29.5087536918	15.1950959502	
1.08	1.61456298927e-07	4.64414352167e-07	3.41200004522e-11 	-1.82312859304e-10 	24.1155657016 	19.1728600034 	1.48738476017e-11 	4.89068354606e-11 	1.03294278049e-10 	-9.39123237664e-10 	19.2022900034 	-5.88599999976 	4.89068354606e-11 	0.0 	15.0	-0.872638888889	29.317246717	15.3557977815	
1.09	1.61456298927e-07	4.2309292196e-07	3.5144188486e-11 	-1.91675305117e-10 	24.3070000017 	19.1140000034 	1.53629159563e-11 	4.89068354606e-11 	1.02418803379e-10 	-9.36244581329e-10 	19.1434300034 	-5.88599999976 	4.89068354606e-11 	0.0 	15.0	-0.872638888889	29.1257397421	15.5164996129	
1.1	1.61456298927e-07	3.84406472822e-07	3.61593339075e-11 	-2.01008964367e-10 	24.4978457017 	19.0551400034 	1.58519843109e-11 	4.89068354606e-11 	1.01514542146e-10 	-9.33365924994e-10 	19.0845700034 	-5.88599999976 	4.89068354606e-11 	0.0 	15.0	-0.872638888889	28.9342327673	15.6772014442	
1.11	1.61456298927e-07	3.48434504861e-07	3.7165148851e-11 	-2.10313837054e-10 	24.6881028017 	18.9962800034 	1.63410526655e-11 	4.89068354606e-11 	1.0058149435e-10 	-9.30487268659e-10 	19.0257100034 	-5.88599999976 	4.89068354606e-11 	0.0 	15.0	-0.872638888889	28.7427257925	15.8379032755	
1.12	1.61456298927e-07	3.15215247759e-07	3.81613454509e-11 	-2.19589923177e-10 	24.8777713018 	18.9374200034 	1.68301210201e-11 	4.89068354606e-11 	9.96196599898e-11 	-9.27608612324e-10 	18.9668500034 	-5.88599999976 	4.89068354606e-11 	0.0 	15.0	-0.872638888889	28.5512188176	15.9986051068	
1.13	1.61456298927e-07	2.8475080219e-07	3.91476358415e-11 	-2.28837222737e-10 	25.0668512018 	18.8785600034 	1.73191893747e-11 	4.89068354606e-11 	9.86290390666e-11 	-9.24729955988e-10 	18.9079900034 	-5.88599999976 	4.89068354606e-11 	0.0 	15.0	-0.872638888889	28.3597118428	16.1593069381	
1.14	1.61456298927e-07	2.57011993612e-07	4.01237321573e-11 	-2.38055735733e-10 	25.2553425019 	18.8197000034 	1.78082577293e-11 	4.89068354606e-11 	9.76096315801e-11 	-9.21851299653e-10 	18.8491300034 	-5.88599999976 	4.89068354606e-11 	0.0 	15.0	-0.872638888889	28.1682048679	16.3200087694	
1.15	1.61456298927e-07	2.31942922627e-07	4.10893465326e-11 	-2.47245462167e-10 	25.4432452019 	18.7608400034 	1.82973260839e-11 	4.89068354606e-11 	9.65614375302e-11 	-9.18972643318e-10 	18.7902700034 	-5.88599999976 	4.89068354606e-11 	0.0 	15.0	-0.872638888889	27.9766978931	16.4807106007	
1.16	1.61456298927e-07	2.09465201708e-07	4.20441911018e-11 	-2.56406402036e-10 	25.6305593019 	18.7019800034 	1.87863944385e-11 	4.89068354606e-11 	9.54844569169e-11 	-9.16093986983e-10 	18.7314100034 	-5.88599999976 	4.89068354606e-11 	0.0 	15.0	-0.872638888889	27.7851909182	16.641412432	
1.17	-6.80374451964e-07	6.63641256386e-08	4.29879779992e-11 	-2.65538555343e-10 	25.817284802 	18.6431200035 	1.92754627931e-11 	4.89068354606e-11 	9.43786897406e-11 	-9.13215330649e-10 	18.6725500035 	-5.88599999636 	4.89068354606e-11 	0.0 	15.0	-0.872638888889	27.5936839434	16.8021142633	
1.18	-6.80374451964e-07	-6.58191141591e-08	4.39204193592e-11 	-2.74641922086e-10 	26.003421702 	18.5842600035 	1.97645311477e-11 	4.89068354606e-11 	9.32441360013e-11 	-9.10336674316e-10 	18.6136900035 	-5.88599999636 	4.89068354606e-11 	-0.0 	15.0	-0.872638888889	27.4021769686	16.9628160947	
1.19	-6.80374451964e-07	-1.87071364134e-07	4.48412273162e-11 	-2.83716502266e-10 	26.188970002 	18.5254000036 	2.02535995023e-11 	4.89068354606e-11 	9.20807956987e-11 	-9.07458017982e-10 	18.5548300035 	-5.88599999636 	4.89068354606e-11 	-0.0 	15.0	-0.872638888889	27.2106699937	17.123517926	
1.2	-6.80374451964e-07	-2.97504220101e-07	4.57501140045e-11 	-2.92762295882e-10 	26.3739297021 	18.4665400036 	2.07426678569e-11 	4.89068354606e-11 	9.08886688327e-11 	-9.04579361649e-10 	18.4959700036 	-5.88599999636 	4.89068354606e-11 	-0.0 	15.0	-0.872638888889	27.0191630189	17.2842197573	
1.21	-6.80374451964e-07	-3.97335930621e-07	4.66467915586e-11 	-3.01779302936e-10 	26.5583008021 	18.4076800036 	2.12317362115e-11 	4.89068354606e-11 	8.96677554034e-11 	-9.01700705315e-10 	18.4371100036 	-5.88599999636 	4.89068354606e-11 	-0.0 	15.0	-0.872638888889	26.827656044	17.4449215886	
1.22	-6.80374451964e-07	-4.86874543585e-07	4.75105630501e-11 	-3.14699458876e-10 	26.7420833021 	18.3488200037 	2.17126407809e-11 	4.7274078881e-11 	8.63771491575e-11 	-1.29201559404e-09 	18.3782500036 	-5.88599999636 	4.80904569419e-11 	-1.63275657962e-10 	15.0	-0.872638888889	26.6361490692	17.6056234199	
1.23	-6.80374451964e-07	-5.66502317769e-07	4.83174086743e-11 	-3.27933377484e-10 	26.9252772022 	18.2899600037 	2.21758866811e-11 	4.53751016203e-11 	8.06845624141e-11 	-1.32339186085e-09 	18.3193900037 	-5.88599999636 	4.63245900125e-11 	-1.89897726066e-10 	15.0	-0.872638888889	26.4446420943	17.7663252512	
1.24	-6.80374451964e-07	-6.36661403948e-07	4.90607984655e-11 	-3.41357811401e-10 	27.1078825022 	18.2311000037 	2.26189709432e-11 	4.32417512952e-11 	7.43389791177e-11 	-1.34244339163e-09 	18.2605300037 	-5.88599999636 	4.43084262125e-11 	-2.13335032509e-10 	15.0	-0.872638888889	26.2531351195	17.9270270825	
1.25	-6.80374451964e-07	-6.97840785282e-07	4.97349891978e-11 	-3.54859857561e-10 	27.2898992022 	18.1722400038 	2.30397005537e-11 	4.09041713068e-11 	6.74190732337e-11 	-1.35020461606e-09 	18.2016700038 	-5.88599999636 	4.20729610506e-11 	-2.33757998842e-10 	15.0	-0.872638888889	26.0616281447	18.0877289138	
1.26	-6.80374451964e-07	-7.50564453887e-07	5.03349817812e-11 	-3.683368237e-10 	27.4713273023 	18.1133800038 	2.34361748959e-11 	3.839069763e-11 	5.99992583424e-11 	-1.34769661388e-09 	18.1428100038 	-5.88599999636 	3.96474342147e-11 	-2.51347367679e-10 	15.0	-0.872638888889	25.8701211698	18.2484307451	
1.27	-2.80547460673e-08	-6.99979032721e-07	5.08604537332e-11 	-3.80929259122e-10 	27.6521668023 	18.0545200038 	2.38083583219e-11 	3.60459880519e-11 	5.25471952015e-11 	-1.25924354216e-09 	18.0839500038 	-5.88599999999 	3.72183426012e-11 	-2.34470957813e-10 	15.0	-0.872638888889	25.678614195	18.4091325764	
1.28	-2.80547460673e-08	-6.48663495187e-07	5.13154366326e-11 	-3.92664345774e-10 	27.8324177024 	17.9956600038 	2.41579511235e-11 	3.38725727188e-11 	4.54982899328e-11 	-1.17350866521e-09 	18.0250900038 	-5.88599999999 	3.49592801593e-11 	-2.17341533308e-10 	15.0	-0.872638888889	25.4871072201	18.5698344078	
1.29	-2.80547460673e-08	-5.97293706793e-07	5.17040104354e-11 	-4.03574852053e-10 	28.0120800024 	17.9368000038 	2.44866676249e-11 	3.18707279915e-11 	3.88573802858e-11 	-1.09105062793e-09 	17.9662300038 	-5.88599999999 	3.28716501424e-11 	-2.00184472729e-10 	15.0	-0.872638888889	25.2956002453	18.7305362391	
1.3	-2.80547460673e-08	-5.46454901524e-07	5.20302498472e-11 	-4.1369800771e-10 	28.1911537024 	17.8779400038 	2.47962151348e-11 	3.00387743892e-11 	3.26239411735e-11 	-1.01231556566e-09 	17.9073700038 	-5.88599999999 	3.09547509905e-11 	-1.83195360228e-10 	15.0	-0.872638888889	25.1040932704	18.8912380704	
1.31	-2.80547460673e-08	-4.96647333218e-07	5.22981779212e-11 	-4.23074481583e-10 	28.3696388025 	17.8190800038 	2.50882757874e-11 	2.83733565075e-11 	2.67928073995e-11 	-9.37647387289e-10 	17.8485100038 	-5.88599999999 	2.92060652608e-11 	-1.66541788174e-10 	15.0	-0.872638888889	24.9125862956	19.0519399017	
1.32	-2.80547460673e-08	-4.48292120027e-07	5.25305217256e-11 	-4.281220024e-10 	28.5475353025 	17.7602200038 	2.53720093525e-11 	2.83733565075e-11 	2.32343804478e-11 	-5.04752081702e-10 	17.7896500038 	-5.88599999999 	2.83733565075e-11 	-0.0 	15.0	-0.872638888889	24.7210793208	19.212641733	
1.33	-2.80547460673e-08	-4.0173719016e-07	5.27479315654e-11 	-4.33152822659e-10 	28.7248432025 	17.7013600038 	2.56557429175e-11 	2.83733565075e-11 	2.17409839773e-11 	-5.03082025938e-10 	17.7307900038 	-5.88599999999 	2.83733565075e-11 	-0.0 	15.0	-0.872638888889	24.5295723459	19.3733435643	
1.34	-2.80547460673e-08	-3.57263248329e-07	5.29502404349e-11 	-4.38166942361e-10 	28.9015625026 	17.6425000038 	2.59394764826e-11 	2.83733565075e-11 	2.02308869492e-11 	-5.01411970174e-10 	17.6719300038 	-5.88599999999 	2.83733565075e-11 	-0.0 	15.0	-0.872638888889	24.3380653711	19.5340453956	
1.35	-2.80547460673e-08	-3.15089692995e-07	5.31372813285e-11 	-4.43164361505e-10 	29.0776932026 	17.5836400038 	2.62232100477e-11 	2.83733565075e-11 	1.87040893634e-11 	-4.9974191441e-10 	17.6130700038 	-5.88599999999 	2.83733565075e-11 	-0.0 	15.0	-0.872638888889	24.1465583962	19.6947472269	
1.36	-2.80547460673e-08	-2.75380424478e-07	5.33088872407e-11 	-4.48145080091e-10 	29.2532353027 	17.5247800038 	2.65069436128e-11 	2.83733565075e-11 	1.716059122e-11 	-4.98071858646e-10 	17.5542100038 	-5.88599999999 	2.83733565075e-11 	-0.0 	15.0	-0.872638888889	23.9550514214	19.8554490582	
1.37	-2.30807447127e-07	-2.67902075859e-07	5.34648911659e-11 	-4.5310909812e-10 	29.4281888027 	17.4659200038 	2.67906771778e-11 	2.83733565075e-11 	1.5600392519e-11 	-4.96401802882e-10 	17.4953500038 	-5.88599999968 	2.83733565075e-11 	-0.0 	15.0	-0.872638888889	23.7635444465	20.0161508896	
1.38	-2.30807447127e-07	-2.6101598973e-07	5.36051260985e-11 	-4.58056415591e-10 	29.6025537027 	17.4070600038 	2.70744107429e-11 	2.83733565075e-11 	1.40234932604e-11 	-4.94731747118e-10 	17.4364900038 	-5.88599999968 	2.83733565075e-11 	-0.0 	15.0	-0.872638888889	23.5720374717	20.1768527209	
1.39	-2.30807447127e-07	-2.54719679124e-07	5.3729425033e-11 	-4.62987032505e-10 	29.7763300028 	17.3482000038 	2.7358144308e-11 	2.83733565075e-11 	1.24298934442e-11 	-4.93061691354e-10 	17.3776300038 	-5.88599999968 	2.83733565075e-11 	-0.0 	15.0	-0.872638888889	23.3805304969	20.3375545522	
1.4	-2.30807447127e-07	-2.4900435784e-07	5.38376209637e-11 	-4.67900948861e-10 	29.9495177028 	17.2893400038 	2.76418778731e-11 	2.83733565075e-11 	1.08195930703e-11 	-4.9139163559e-10 	17.3187700038 	-5.88599999968 	2.83733565075e-11 	-0.0 	15.0	-0.872638888889	23.189023522	20.4982563835	
1.41	-2.30807447127e-07	-2.43855889684e-07	5.39295468851e-11 	-4.72798164659e-10 	30.1221168029 	17.2304800038 	2.79256114381e-11 	2.83733565075e-11 	9.19259213877e-12 	-4.89721579826e-10 	17.2599100038 	-5.88599999968 	2.83733565075e-11 	-0.0 	15.0	-0.872638888889	22.9975165472	20.6589582148	
1.42	-2.30807447127e-07	-2.3925566975e-07	5.40050357916e-11 	-4.776786799e-10 	30.2941273029 	17.1716200038 	2.82093450032e-11 	2.83733565075e-11 	7.54889064961e-12 	-4.88051524062e-10 	17.2010500038 	-5.88599999968 	2.83733565075e-11 	-0.0 	15.0	-0.872638888889	22.8060095723	20.8196600461	
1.43	-2.30807447127e-07	-2.35181437003e-07	5.40639206776e-11 	-4.82542494583e-10 	30.4655492029 	17.1127600038 	2.84930785683e-11 	2.83733565075e-11 	5.88848860281e-12 	-4.86381468298e-10 	17.1421900038 	-5.88599999968 	2.83733565075e-11 	-0.0 	15.0	-0.872638888889	22.6145025975	20.9803618774	
1.44	-2.30807447127e-07	-2.3160801829e-07	5.41060345376e-11 	-4.87389608708e-10 	30.636382503 	17.0539000038 	2.87768121334e-11 	2.83733565075e-11 	4.21138599837e-12 	-4.84711412534e-10 	17.0833300038 	-5.88599999968 	2.83733565075e-11 	-0.0 	15.0	-0.872638888889	22.4229956226	21.1410637087	
1.45	-2.30807447127e-07	-2.28508004678e-07	5.41312103659e-11 	-4.92220022276e-10 	30.806627203 	16.9950400038 	2.90605456984e-11 	2.83733565075e-11 	2.5175828363e-12 	-4.8304135677e-10 	17.0244700038 	-5.88599999968 	2.83733565075e-11 	-0.0 	15.0	-0.872638888889	22.2314886478	21.30176554	
1.46	-2.30807447127e-07	-2.25852361631e-07	5.41392811571e-11 	-4.97033735286e-10 	30.976283303 	16.9361800038 	2.93442792635e-11 	2.83733565075e-11 	8.07079116579e-13 	-4.81371301006e-10 	16.9656100038 	-5.88599999968 	2.83733565075e-11 	-0.0 	15.0	-0.872638888889	22.039981673	21.4624673713	
1.47	-2.30807447127e-07	-2.23610975108e-07	5.41300799055e-11 	-5.01830747738e-10 	31.1453508031 	16.8773200038 	2.96280128286e-11 	2.83733565075e-11 	-9.20125160777e-13 	-4.79701245242e-10 	16.9067500038 	-5.88599999968 	2.83733565075e-11 	-0.0 	15.0	-0.872638888889	21.8484746981	21.6231692027	
1.48	-7.63892797128e-07	-2.99716868513e-07	5.41034396055e-11 	-5.06611059633e-10 	31.3138297031 	16.8184600039 	2.99117463937e-11 	2.83733565075e-11 	-2.66402999537e-12 	-4.78031189479e-10 	16.8478900039 	-5.88599999695 	2.83733565075e-11 	-0.0 	15.0	-0.872638888889	21.6569677233	21.783871034	
1.49	-7.63892797128e-07	-3.70770445505e-07	5.40591932517e-11 	-5.1137467097e-10 	31.4817200032 	16.7596000039 	3.01954799587e-11 	2.83733565075e-11 	-4.42463538719e-12 	-4.76361133715e-10 	16.7890300039 	-5.88599999695 	2.83733565075e-11 	-0.0 	15.0	-0.872638888889	21.4654607484	21.9445728653	
1.5	-7.63892797128e-07	-4.36654416059e-07	5.39971738383e-11 	-5.1612158175e-10 	31.6490217032 	16.7007400039 	3.04792135238e-11 	2.83733565075e-11 	-6.20194133664e-12 	-4.74691077952e-10 	16.7301700039 	-5.88599999695 	2.83733565075e-11 	-0.0 	15.0	-0.872638888889	21.2739537736	22.1052746966	
1.51	-7.63892797128e-07	-4.97325482375e-07	5.38963690149e-11 	-5.24882013166e-10 	31.8157348032 	16.641880004 	3.07546087873e-11 	2.6705696585e-11 	-1.00804823429e-11 	-8.76043141604e-10 	16.671310004 	-5.88599999695 	2.75395263481e-11 	-1.66765992249e-10 	15.0	-0.872638888889	21.0824467987	22.2659765279	
1.52	-7.63892797128e-07	-5.5280483703e-07	5.37334527971e-11 	-5.33797517089e-10 	31.9818593033 	16.583020004 	3.10124000127e-11 	2.48525489122e-11 	-1.62916217775e-11 	-8.91550392301e-10 	16.612450004 	-5.88599999695 	2.5779122544e-11 	-1.85314767281e-10 	15.0	-0.872638888889	20.8909398239	22.4266783592	
1.53	-7.63892797128e-07	-6.03169218357e-07	5.35038513185e-11 	-5.4279788832e-10 	32.1473952033 	16.524160004 	3.12508183132e-11 	2.28311115983e-11 	-2.29601478631e-11 	-9.0003712315e-10 	16.553590004 	-5.88599999695 	2.38418300456e-11 	-2.02143731392e-10 	15.0	-0.872638888889	20.6994328491	22.5873801905	
1.54	-7.63892797128e-07	-6.48542548466e-07	5.32034265366e-11 	-5.51817139014e-10 	32.3123425034 	16.4653000041 	3.14682645735e-11 	2.06581408964e-11 	-3.00424781893e-11 	-9.01925069361e-10 	16.494730004 	-5.88599999695 	2.1744626034e-11 	-2.17297070188e-10 	15.0	-0.872638888889	20.5079258742	22.7480820218	
1.55	-7.63892797128e-07	-6.89088169308e-07	5.28284645288e-11 	-5.6079369546e-10 	32.4767012034 	16.4064400041 	3.16633043921e-11 	1.83498232484e-11 	-3.74962007813e-11 	-8.97655644652e-10 	16.4358700041 	-5.88599999695 	1.95039818565e-11 	-2.308317648e-10 	15.0	-0.872638888889	20.3164188994	22.9087838531	
1.56	-7.63892797128e-07	-7.250016834e-07	5.23756607908e-11 	-5.69670517594e-10 	32.6404713034 	16.3475800041 	3.18346618624e-11 	1.59216712372e-11 	-4.52803737925e-11 	-8.87682213358e-10 	16.3770100041 	-5.88599999695 	1.71357470255e-11 	-2.42815201123e-10 	15.0	-0.872638888889	20.1249119245	23.0694856845	
1.57	-7.63892797128e-07	-7.56504398118e-07	5.18421031133e-11 	-5.78395150732e-10 	32.8036528035 	16.2887200041 	3.19812124228e-11 	1.33884412956e-11 	-5.33557677527e-11 	-8.72463313812e-10 	16.3181500041 	-5.88599999695 	1.46550560487e-11 	-2.53322994159e-10 	15.0	-0.872638888889	19.9334049497	23.2301875158	
1.58	1.09316254412e-06	-5.12243022181e-07	5.12365878541e-11 	-5.84726293372e-10 	32.9662457035 	16.2298600042 	3.21065091903e-11 	1.16709125289e-11 	-6.05515259247e-11 	-6.33114264008e-10 	16.2592900042 	-5.88599999459 	1.25296767447e-11 	-1.71752876671e-10 	15.0	-0.872638888889	19.7418979748	23.3908893471	
1.59	1.09316254412e-06	-2.82896119375e-07	5.05907060193e-11 	-5.86617031387e-10 	33.1282500036 	16.1710000043 	3.22232183156e-11 	1.16709125289e-11 	-6.45881834712e-11 	-1.8907380151e-10 	16.2004300042 	-5.88599999459 	1.16709125289e-11 	-0.0 	15.0	-0.872638888889	19.550391	23.5515911784	
1.6	1.09316254412e-06	-6.90303884833e-08	4.99258575984e-11 	-5.88500899903e-10 	33.2896657036 	16.1121400043 	3.23399274409e-11 	1.16709125289e-11 	-6.64848420995e-11 	-1.88386851599e-10 	16.1415700043 	-5.88599999459 	1.16709125289e-11 	-0.0 	15.0	-0.872638888889	19.3588840252	23.7122930097	
1.61	1.09316254412e-06	1.2903813923e-07	4.92419738961e-11 	-5.9037789892e-10 	33.4504928037 	16.0532800044 	3.24566365662e-11 	1.16709125289e-11 	-6.83883702269e-11 	-1.87699901688e-10 	16.0827100043 	-5.88599999459 	1.16709125289e-11 	0.0 	15.0	-0.872638888889	19.1673770503	23.872994841	
1.62	1.09316254412e-06	3.11213815257e-07	4.85389862176e-11 	-5.92248028438e-10 	33.6107313037 	15.9944200044 	3.25733456914e-11 	1.16709125289e-11 	-7.02987678534e-11 	-1.87012951777e-10 	16.0238500044 	-5.88599999459 	1.16709125289e-11 	0.0 	15.0	-0.872638888889	18.9758700755	24.0336966723	
1.63	1.09316254412e-06	4.77592698219e-07	4.78369532508e-11 	-5.90214189893e-10 	33.7703812037 	15.9355600045 	3.26981059279e-11 	1.32811347255e-11 	-7.02032966719e-11 	2.03383854467e-10 	15.9649900044 	-5.88599999459 	1.2476023648e-11 	1.61022219665e-10 	15.0	-0.872638888889	18.7843631006	24.1943985036	
1.64	1.09316254412e-06	6.28435592749e-07	4.71623072851e-11 	-5.87193996548e-10 	33.9294425038 	15.8767000045 	3.28415197728e-11 	1.5401634164e-11 	-6.74645965747e-11 	3.02019334525e-10 	15.9061300045 	-5.88599999459 	1.43413844906e-11 	2.12049943851e-10 	15.0	-0.872638888889	18.5928561258	24.3551003349	
1.65	1.09316254412e-06	7.64142874719e-07	4.65270895577e-11 	-5.83388328325e-10 	34.0879152038 	15.8178400046 	3.30084375816e-11 	1.79819274615e-11 	-6.35217727411e-11 	3.80566822255e-10 	15.8472700046 	-5.88599999459 	1.66917808796e-11 	2.58029329749e-10 	15.0	-0.872638888889	18.4013491509	24.5158021663	
1.66	1.09316254412e-06	8.85231144905e-07	4.59420845064e-11 	-5.78985539659e-10 	34.2457993039 	15.7589800046 	3.3203212514e-11 	2.09730588381e-11 	-5.8500505129e-11 	4.40278866598e-10 	15.7884100046 	-5.88599999459 	1.94774932338e-11 	2.99113137654e-10 	15.0	-0.872638888889	18.2098421761	24.6765039976	
1.67	1.09316254412e-06	9.92311726856e-07	4.54168598297e-11 	-5.7416095806e-10 	34.4030948039 	15.7001200047 	3.3429717583e-11 	2.43279547788e-11 	-5.25224676715e-11 	4.82458159952e-10 	15.7295500047 	-5.88599999459 	2.2650506906e-11 	3.35489594079e-10 	15.0	-0.872638888889	18.0183352013	24.8372058289	
1.68	1.09316254412e-06	1.08607100194e-06	4.49788359661e-11 	-5.65391457415e-10 	34.559801704 	15.6412600047 	3.36989745088e-11 	2.95234298282e-11 	-4.38023863556e-11 	8.76950064527e-10 	15.6706900047 	-5.88599999459 	2.69256925816e-11 	5.19547504932e-10 	15.0	-0.872638888889	17.8268282264	24.9979076602	
1.69	-1.69524621533e-07	9.82584556757e-07	4.46274411128e-11 	-5.6195516494e-10 	34.715920004 	15.5824000047 	3.40108179609e-11 	3.2845260428e-11 	-3.51394853306e-11 	3.43629247448e-10 	15.6118300047 	-5.88599999989 	3.11843452018e-11 	3.32183059988e-10 	15.0	-0.872638888889	17.6353212516	25.1586094915	
1.7	-1.69524621533e-07	8.8010755342e-07	4.43347204725e-11 	-5.59860355842e-10 	34.8714497041 	15.5235400047 	3.43541392226e-11 	3.58189918373e-11 	-2.92720640356e-11 	2.09480909835e-10 	15.5529700047 	-5.88599999989 	3.43321261773e-11 	2.97373140927e-10 	15.0	-0.872638888889	17.4438142767	25.3193113228	
1.71	-1.69524621533e-07	7.79656583566e-07	4.40918604125e-11 	-5.5903180038e-10 	35.0263908041 	15.4646800047 	3.47254936051e-11 	3.84518846259e-11 	-2.42860059949e-11 	8.2855546188e-11 	15.4941100047 	-5.88599999989 	3.71354382484e-11 	2.63289278858e-10 	15.0	-0.872638888889	17.2523073019	25.4800131541	
1.72	-1.69524621533e-07	6.82088206084e-07	4.38902482902e-11 	-5.59389023744e-10 	35.1807433042 	15.4058200047 	3.5121523417e-11 	4.07540777735e-11 	-2.01612122274e-11 	-3.57223364486e-11 	15.4352500047 	-5.88599999989 	3.960298119e-11 	2.30219314758e-10 	15.0	-0.872638888889	17.060800327	25.6407149854	
1.73	-1.69524621533e-07	5.88110915251e-07	4.37215399807e-11 	-5.60847970242e-10 	35.3345072042 	15.3469600048 	3.5538984186e-11 	4.27380760863e-11 	-1.68708309516e-11 	-1.45894649803e-10 	15.3763900048 	-5.88599999989 	4.17460768952e-11 	1.98399831278e-10 	15.0	-0.872638888889	16.8692933522	25.8014168167	
1.74	-1.69524621533e-07	4.98297158893e-07	4.35777150759e-11 	-5.63322474221e-10 	35.4876825043 	15.2881000048 	3.59747659747e-11 	4.4418281779e-11 	-1.4382490477e-11 	-2.47450397873e-10 	15.3175300048 	-5.88599999989 	4.35781788746e-11 	1.68020569273e-10 	15.0	-0.872638888889	16.6777863774	25.962118648	
1.75	-1.69524621533e-07	4.13095264612e-07	4.34337175845e-11 	-5.7010011326e-10 	35.6402692043 	15.2292400048 	3.64189487925e-11 	4.4418281779e-11 	-1.43997491482e-11 	-6.77763903844e-10 	15.2586700048 	-5.88599999989 	4.4418281779e-11 	0.0 	15.0	-0.872638888889	16.4862794025	26.1228204794	
1.76	-1.69524621533e-07	3.32841152341e-07	4.32682838997e-11 	-5.76851607697e-10 	35.7922673044 	15.1703800048 	3.68631316103e-11 	4.4418281779e-11 	-1.65433684741e-11 	-6.75149443778e-10 	15.1998100048 	-5.88599999989 	4.4418281779e-11 	0.0 	15.0	-0.872638888889	16.2947724277	26.2835223107	
1.77	-1.69524621533e-07	2.5776973027e-07	4.30811525757e-11 	-5.83576957534e-10 	35.9436768044 	15.1115200048 	3.73073144281e-11 	4.4418281779e-11 	-1.87131324007e-11 	-6.72534983713e-10 	15.1409500048 	-5.88599999989 	4.4418281779e-11 	0.0 	15.0	-0.872638888889	16.1032654528	26.444224142	
1.78	-1.69524621533e-07	1.88025888721e-07	4.28720621664e-11 	-5.90276162771e-10 	36.0944977044 	15.0526600048 	3.77514972459e-11 	4.4418281779e-11 	-2.09090409279e-11 	-6.69920523647e-10 	15.0820900048 	-5.88599999989 	4.4418281779e-11 	0.0 	15.0	-0.872638888889	15.911758478	26.6049259733	
1.79	-2.52389258526e-06	-2.20651292154e-07	4.26407512259e-11 	-5.96949223407e-10 	36.2447300045 	14.993800005 	3.81956800637e-11 	4.4418281779e-11 	-2.31310940517e-11 	-6.67306063586e-10 	15.0232300049 	-5.88599997895 	4.4418281779e-11 	-0.0 	15.0	-0.872638888889	15.7202515031	26.7656278046	
1.8	-2.52389258526e-06	-6.00068518159e-07	4.23618205818e-11 	-6.08473409519e-10 	36.3943737045 	14.9349400052 	3.86298075936e-11 	4.24072247862e-11 	-2.78930644067e-11 	-1.1524186112e-09 	14.9643700051 	-5.88599997895 	4.34127529967e-11 	-2.01105699274e-10 	15.0	-0.872638888889	15.5287445283	26.9263296359	
1.81	-2.52389258526e-06	-9.49907439407e-07	4.1995296175e-11 	-6.22501627108e-10 	36.5434288046 	14.8760800054 	3.90379921113e-11 	3.92296794592e-11 	-3.66524406859e-11 	-1.40282175889e-09 	14.9055100053 	-5.88599997895 	4.08184517716e-11 	-3.17754532701e-10 	15.0	-0.872638888889	15.3372375535	27.0870314672	
1.82	-2.52389258526e-06	-1.27022543918e-06	4.14910929696e-11 	-6.42877702394e-10 	36.6918953047 	14.8172200056 	3.94002953143e-11 	3.32309625794e-11 	-5.04203205406e-11 	-2.03760752865e-09 	14.8466500055 	-5.88599997895 	3.62303202936e-11 	-5.99871687982e-10 	15.0	-0.872638888889	15.1457305786	27.2477332985	
1.83	-2.52389258526e-06	-1.56140426437e-06	4.07585707852e-11 	-6.73052099033e-10 	36.8397732047 	14.7583600058 	3.96805457212e-11 	2.28191218711e-11 	-7.32522184389e-11 	-3.01743966388e-09 	14.7877900057 	-5.88599997895 	2.80250406963e-11 	-1.04118407083e-09 	15.0	-0.872638888889	14.9542236038	27.4084351298	
1.84	-2.52389258526e-06	-1.82410194178e-06	3.97027993997e-11 	-7.09363895198e-10 	36.9870625048 	14.699500006 	3.98408364818e-11 	9.23903440349e-12 	-1.05577138549e-10 	-3.63117961652e-09 	14.7289300059 	-5.88599997895 	1.60290760566e-11 	-1.35800874676e-09 	15.0	-0.872638888889	14.7627166289	27.5691369612	
1.85	-2.52389258526e-06	-2.05920807747e-06	3.82273809854e-11 	-7.54681994916e-10 	37.1337632048 	14.6406400062 	3.98426454479e-11 	-8.87723497844e-12 	-1.47541841436e-10 	-4.53180997174e-09 	14.6700700061 	-5.88599997895 	1.80896611372e-13 	-1.81162693819e-09 	15.0	-0.872638888889	14.5712096541	27.7298387925	
1.86	-2.52389258526e-06	-2.26780258556e-06	3.62195997851e-11 	-8.08228750601e-10 	37.2798753049 	14.5817800064 	3.96408858581e-11 	-3.14746745858e-11 	-2.00778120022e-10 	-5.3546755685e-09 	14.6112100063 	-5.88599997895 	-2.01759589835e-11 	-2.25974396074e-09 	15.0	-0.872638888889	14.3797026793	27.8905406238	
1.87	-2.52389258526e-06	-2.45111784755e-06	3.3584530987e-11 	-8.66078043523e-10 	37.425398805 	14.5229200067 	3.91975395393e-11 	-5.71945794522e-11 	-2.63506879811e-10 	-5.78492929221e-09 	14.5523500065 	-5.88599997895 	-4.43346318788e-11 	-2.57199048664e-09 	15.0	-0.872638888889	14.1881957044	28.0512424551	
1.88	-2.52389258526e-06	-2.61050426497e-06	3.02460952026e-11 	-9.27471764421e-10 	37.570333705 	14.4640600069 	3.84820697556e-11 	-8.58993662876e-11 	-3.33843578442e-10 	-6.13937208981e-09 	14.4934900068 	-5.88599997895 	-7.15469783702e-11 	-2.87047868354e-09 	15.0	-0.872638888889	13.9966887296	28.2119442864	
1.89	-1.05639958324e-06	-2.5327782831e-06	2.61779423367e-11 	-9.82717128243e-10 	37.7146800051 	14.4052000069 	3.74837678086e-11 	-1.13761012867e-10 	-4.06815286593e-10 	-5.52453638221e-09 	14.4346300069 	-5.88599999686 	-9.98301946988e-11 	-2.78616465793e-09 	15.0	-0.872638888889	13.8051817547	28.3726461177	
1.9	-1.05639958324e-06	-2.44893604841e-06	2.14182549147e-11 	-1.02876012294e-09 	37.8584377052 	14.3463400069 	3.62176719634e-11 	-1.39458147639e-10 	-4.75968742196e-10 	-4.60429946959e-09 	14.3757700069 	-5.88599999686 	-1.26609584523e-10 	-2.56971347716e-09 	15.0	-0.872638888889	13.6136747799	28.533347949	
1.91	-1.05639958324e-06	-2.36074648017e-06	1.60221527402e-11 	-1.06589109814e-09 	38.0016068052 	14.287480007 	3.47055324785e-11 	-1.62969742393e-10 	-5.39610217447e-10 	-3.71309752054e-09 	14.3169100069 	-5.88599999686 	-1.51213948492e-10 	-2.35115947541e-09 	15.0	-0.872638888889	13.422167805	28.6940497803	
1.92	-1.05639958324e-06	-2.26978860105e-06	1.00290307423e-11 	-1.09758525744e-09 	38.1441873053 	14.228620007 	3.29627516095e-11 	-1.85586425085e-10 	-5.99312199793e-10 	-3.16941592981e-09 	14.258050007 	-5.88599999686 	-1.74278086893e-10 	-2.26166826921e-09 	15.0	-0.872638888889	13.2306608302	28.8547516116	
1.93	-1.05639958324e-06	-2.17745940916e-06	3.49450710881e-12 	-1.11773557111e-09 	38.2861792054 	14.169760007 	3.10111667399e-11 	-2.04730544696e-10 	-6.53452363351e-10 	-2.0150313669e-09 	14.199190007 	-5.88599999686 	-1.95158486966e-10 	-1.91441196116e-09 	15.0	-0.872638888889	13.0391538554	29.0154534429	
1.94	-1.05639958324e-06	-2.08498273513e-06	-3.52681357669e-12 	-1.13334053523e-09 	38.4275825054 	14.110900007 	2.88721606413e-11 	-2.2307067136e-10 	-7.0213206855e-10 	-1.56049641221e-09 	14.140330007 	-5.88599999686 	-2.13900609857e-10 	-1.83401266639e-09 	15.0	-0.872638888889	12.8476468805	29.1761552743	
1.95	-1.05639958324e-06	-1.99341885164e-06	-1.10136622446e-11 	-1.14455280005e-09 	38.5683972055 	14.0520400071 	2.65537374911e-11 	-2.40613955507e-10 	-7.48684866791e-10 	-1.12122648129e-09 	14.0814700071 	-5.88599999686 	-2.3184231502e-10 	-1.75432841472e-09 	15.0	-0.872638888889	12.6561399057	29.3368571056	
1.96	-1.05639958324e-06	-1.90367462565e-06	-1.89294002627e-11 	-1.14852055755e-09 	38.7086233056 	13.9931800071 	2.40700071695e-11 	-2.56132106709e-10 	-7.91573801808e-10 	-3.96775750519e-10 	14.0226100071 	-5.88599999686 	-2.48373032164e-10 	-1.55181512012e-09 	15.0	-0.872638888889	12.4646329308	29.4975589369	
1.97	-1.05639958324e-06	-1.81651402595e-06	-2.72223227793e-11 	-1.1456207882e-09 	38.8482608057 	13.9343200071 	2.14410672419e-11 	-2.69655877605e-10 	-8.29292251657e-10 	2.89976935159e-10 	13.9637500071 	-5.88599999686 	-2.62893992757e-10 	-1.35237708959e-09 	15.0	-0.872638888889	12.273125956	29.6582607682	
1.98	-1.05639958324e-06	-1.73256881972e-06	-3.58582136584e-11 	-1.13949038266e-09 	38.9873097057 	13.8754600072 	1.86799854616e-11 	-2.82560477581e-10 	-8.63589087911e-10 	6.13040554429e-10 	13.9048900072 	-5.88599999686 	-2.76108178033e-10 	-1.29045999766e-09 	15.0	-0.872638888889	12.0816189811	29.8189625995	
1.99	-1.05639958324e-06	-1.65234931242e-06	-4.48203057327e-11 	-1.13029615847e-09 	39.1257700058 	13.8166000072 	1.57928187451e-11 	-2.94872865134e-10 	-8.96209207436e-10 	9.19422418721e-10 	13.8460300072 	-5.88599999686 	-2.88716671645e-10 	-1.23123875527e-09 	15.0	-0.872638888889	11.8901120063	29.9796644308	
2.0	-1.28531166129e-07	-1.44055424815e-06	-5.40657410902e-11 	-1.11300904011e-09 	39.2636417059 	13.7577400072 	1.27960308259e-11 	-3.04484719013e-10 	-9.24543535748e-10 	1.72871183578e-09 	13.7871700072 	-5.88599999996 	-2.99678791922e-10 	-9.61185387942e-10 	15.0	-0.872638888889	11.6986050315	30.1403662621	
2.01	-1.28531166129e-07	-1.24259125789e-06	-6.35122127538e-11 	-1.08547791607e-09 	39.4009248059 	13.6988800072 	9.72183956308e-12 	-3.10353534522e-10 	-9.44647166357e-10 	2.75311240411e-09 	13.7283100072 	-5.88599999996 	-3.07419126281e-10 	-5.86881550835e-10 	15.0	-0.872638888889	11.5070980566	30.3010680934	
2.02	-1.28531166129e-07	-1.05882009528e-06	-7.30820096912e-11 	-1.05166156864e-09 	39.537619306 	13.6400200072 	6.60060617765e-12 	-3.1389314359e-10 	-9.56979693746e-10 	3.38163474343e-09 	13.6694500072 	-5.88599999996 	-3.12123338543e-10 	-3.53960906831e-10 	15.0	-0.872638888889	11.3155910818	30.4617699247	
2.03	-1.28531166129e-07	-8.89392289167e-07	-8.27371339709e-11 	-1.01617622951e-09 	39.6737252061 	13.5811600072 	3.44679526291e-12 	-3.16869040481e-10 	-9.6551242796e-10 	3.54853391258e-09 	13.6105900072 	-5.88599999996 	-3.15381091474e-10 	-2.97589689088e-10 	15.0	-0.872638888889	11.1240841069	30.6224717561	
2.04	-1.28531166129e-07	-7.34277549246e-07	-9.2462220667e-11 	-9.79215752723e-10 	39.8092425062 	13.5223000072 	2.65810361885e-13 	-3.19327940937e-10 	-9.72508669613e-10 	3.69604767866e-09 	13.5517300072 	-5.88599999996 	-3.18098490103e-10 	-2.45890045603e-10 	15.0	-0.872638888889	10.9325771321	30.7831735874	
2.05	-1.28531166129e-07	-5.93288652405e-07	-1.02243051888e-10 	-9.4096579246e-10 	39.9441712062 	13.4634400072 	-2.93741020281e-12 	-3.21316173296e-10 	-9.78083122063e-10 	3.82499602625e-09 	13.4928700072 	-5.88599999996 	-3.2032205647e-10 	-1.98823235941e-10 	15.0	-0.872638888889	10.7410701572	30.9438754187	
2.06	-1.28531166129e-07	-4.66104734916e-07	-1.12047006582e-10 	-8.97800145585e-10 	40.0785113063 	13.4045800072 	-6.15057193577e-12 	-3.21316173296e-10 	-9.80395469403e-10 	4.31656468754e-09 	13.4340100072 	-5.88599999996 	-3.21316173296e-10 	-0.0 	15.0	-0.872638888889	10.5495631824	31.10457725	
2.07	-1.28531166129e-07	-3.5229294364e-07	-1.21847341049e-10 	-8.54823625409e-10 	40.2122628064 	13.3457200072 	-9.36373366874e-12 	-3.21316173296e-10 	-9.80033446739e-10 	4.29765201758e-09 	13.3751500072 	-5.88599999996 	-3.21316173296e-10 	-0.0 	15.0	-0.872638888889	10.3580562076	31.2652790813	
2.08	-1.28531166129e-07	-2.51328424189e-07	-1.31642164023e-10 	-8.12036231933e-10 	40.3454257065 	13.2868600072 	-1.25768954017e-11 	-3.21316173296e-10 	-9.79482297376e-10 	4.27873934762e-09 	13.3162900072 	-5.88599999996 	-3.21316173296e-10 	-0.0 	15.0	-0.872638888889	10.1665492327	31.4259809126	
2.09	-1.28531166129e-07	-1.6261264571e-07	-1.41429584236e-10 	-7.69437965156e-10 	40.4780000065 	13.2280000072 	-1.57900571347e-11 	-3.21316173296e-10 	-9.78742021312e-10 	4.25982667766e-09 	13.2574300072 	-5.88599999996 	-3.21316173296e-10 	-0.0 	15.0	-0.872638888889	9.97504225787	31.5866827439	
2.1	-1.63458951905e-07	-9.05982693511e-08	-1.51207710421e-10 	-7.27028825079e-10 	40.6099857066 	13.1691400072 	-1.90032188676e-11 	-3.21316173296e-10 	-9.77812618549e-10 	4.2409140077e-09 	13.1985700072 	-5.88599999995 	-3.21316173296e-10 	-0.0 	15.0	-0.872638888889	9.78353528302	31.7473845752	
2.11	-1.63458951905e-07	-2.9125516479e-08	-1.60974651312e-10 	-6.84808811702e-10 	40.7413828067 	13.1102800072 	-2.22163806006e-11 	-3.21316173296e-10 	-9.76694089087e-10 	4.22200133774e-09 	13.1397100072 	-5.88599999995 	-3.21316173296e-10 	-0.0 	15.0	-0.872638888889	9.59202830818	31.9080864065	
2.12	-1.63458951905e-07	2.25371636068e-08	-1.70728515642e-10 	-6.42777925024e-10 	40.8721913067 	13.0514200072 	-2.54295423335e-11 	-3.21316173296e-10 	-9.75386432925e-10 	4.20308866778e-09 	13.0808500072 	-5.88599999995 	-3.21316173296e-10 	0.0 	15.0	-0.872638888889	9.40052133334	32.0687882378	
2.13	-1.63458951905e-07	6.51329255816e-08	-1.80467412142e-10 	-6.00936165046e-10 	41.0024112068 	12.9925600072 	-2.86427040665e-11 	-3.21316173296e-10 	-9.73889650063e-10 	4.18417599782e-09 	13.0219900072 	-5.88599999995 	-3.21316173296e-10 	0.0 	15.0	-0.872638888889	9.2090143585	32.2294900692	
2.14	-1.63458951905e-07	9.9406601068e-08	-1.90189449547e-10 	-5.59283531767e-10 	41.1320425069 	12.9337000072 	-3.18558657995e-11 	-3.21316173296e-10 	-9.72203740502e-10 	4.16526332786e-09 	12.9631300072 	-5.88599999995 	-3.21316173296e-10 	0.0 	15.0	-0.872638888889	9.01750738365	32.3901919005	
2.15	-1.63458951905e-07	1.26096092893e-07	-1.9989273659e-10 	-5.17820025188e-10 	41.261085207 	12.8748400072 	-3.50690275324e-11 	-3.21316173296e-10 	-9.70328704241e-10 	4.1463506579e-09 	12.9042700072 	-5.88599999995 	-3.21316173296e-10 	0.0 	15.0	-0.872638888889	8.82600040881	32.5508937318	
2.16	-1.63458951905e-07	1.45925009067e-07	-2.09575382002e-10 	-4.76545645309e-10 	41.389539307 	12.8159800072 	-3.82821892654e-11 	-3.21316173296e-10 	-9.6826454128e-10 	4.12743798794e-09 	12.8454100072 	-5.88599999995 	-3.21316173296e-10 	0.0 	15.0	-0.872638888889	8.63449343397	32.7115955631	
2.17	-1.63458951905e-07	1.59596451997e-07	-2.19235494519e-10 	-4.35460392129e-10 	41.5174048071 	12.7571200072 	-4.14953509984e-11 	-3.21316173296e-10 	-9.6601125162e-10 	4.10852531798e-09 	12.7865500072 	-5.88599999995 	-3.21316173296e-10 	0.0 	15.0	-0.872638888889	8.44298645913	32.8722973944	
2.18	-1.63458951905e-07	1.67787876838e-07	-2.28871182871e-10 	-3.94564265649e-10 	41.6446817072 	12.6982600072 	-4.47085127313e-11 	-3.21316173296e-10 	-9.6356883526e-10 	4.08961264802e-09 	12.7276900072 	-5.88599999995 	-3.21316173296e-10 	0.0 	15.0	-0.872638888889	8.25147948428	33.0329992257	
2.19	-1.63458951905e-07	1.71146932501e-07	-2.38480555793e-10 	-3.53857265868e-10 	41.7713700072 	12.6394000072 	-4.79216744643e-11 	-3.21316173296e-10 	-9.60937292201e-10 	4.07069997806e-09 	12.6688300072 	-5.88599999995 	-3.21316173296e-10 	0.0 	15.0	-0.872638888889	8.05997250944	33.193701057	
2.2	2.68694032441e-07	2.33490573412e-07	-2.48061722018e-10 	-3.13339392787e-10 	41.8974697073 	12.5805400072 	-5.11348361972e-11 	-3.21316173296e-10 	-9.58116622442e-10 	4.0517873081e-09 	12.6099700072 	-5.88599999988 	-3.21316173296e-10 	0.0 	15.0	-0.872638888889	7.8684655346	33.3544028883	
2.21	2.68694032441e-07	2.87813861713e-07	-2.57612790277e-10 	-2.73010646406e-10 	42.0229808074 	12.5216800072 	-5.43479979302e-11 	-3.21316173296e-10 	-9.55106825983e-10 	4.03287463814e-09 	12.5511100072 	-5.88599999988 	-3.21316173296e-10 	0.0 	15.0	-0.872638888889	7.67695855975	33.5151047196	
2.22	2.68694032441e-07	3.34588408014e-07	-2.67131869306e-10 	-2.32871026724e-10 	42.1479033075 	12.4628200072 	-5.75611596632e-11 	-3.21316173296e-10 	-9.51907902825e-10 	4.01396196818e-09 	12.4922500072 	-5.88599999988 	-3.21316173296e-10 	0.0 	15.0	-0.872638888889	7.48545158491	33.675806551	
2.23	2.68694032441e-07	3.7430707884e-07	-2.76617067835e-10 	-1.92920533742e-10 	42.2722372075 	12.4039600072 	-6.07743213961e-11 	-3.21316173296e-10 	-9.48519852968e-10 	3.99504929822e-09 	12.4333900072 	-5.88599999988 	-3.21316173296e-10 	0.0 	15.0	-0.872638888889	7.29394461007	33.8365083823	
2.24	2.68694032441e-07	4.07475582332e-07	-2.86066494599e-10 	-1.53159167459e-10 	42.3959825076 	12.3451000072 	-6.39874831291e-11 	-3.21316173296e-10 	-9.4494267641e-10 	3.97613662826e-09 	12.3745300072 	-5.88599999988 	-3.21316173296e-10 	0.0 	15.0	-0.872638888889	7.10243763523	33.9972102136	
2.25	2.68694032441e-07	4.34605045416e-07	-2.95478258331e-10 	-1.13586927876e-10 	42.5191392077 	12.2862400072 	-6.72006448621e-11 	-3.21316173296e-10 	-9.41176373153e-10 	3.9572239583e-09 	12.3156700072 	-5.88599999988 	-3.21316173296e-10 	0.0 	15.0	-0.872638888889	6.91093066038	34.1579120449	
2.26	2.68694032441e-07	4.56205532088e-07	-3.04850467763e-10 	-7.42038149929e-11 	42.6417073078 	12.2273800072 	-7.0413806595e-11 	-3.21316173296e-10 	-9.37220943197e-10 	3.93831128834e-09 	12.2568100072 	-5.88599999988 	-3.21316173296e-10 	0.0 	15.0	-0.872638888889	6.71942368554	34.3186138762	
2.27	2.68694032441e-07	4.72780448688e-07	-3.14181231628e-10 	-3.50098288091e-11 	42.7636868078 	12.1685200072 	-7.3626968328e-11 	-3.21316173296e-10 	-9.33076386541e-10 	3.91939861838e-09 	12.1979500072 	-5.88599999988 	-3.21316173296e-10 	0.0 	15.0	-0.872638888889	6.5279167107	34.4793157075	
2.28	2.68694032441e-07	4.84821779365e-07	-3.23448226412e-10 	7.98242226646e-12 	42.8850777079 	12.1096600072 	-7.68319570011e-11 	-3.19681563327e-10 	-9.26699478319e-10 	4.29922510756e-09 	12.1390900072 	-5.88599999988 	-3.20498867314e-10 	1.63460996904e-10 	15.0	-0.872638888889	6.33640973586	34.6400175388	
2.29	2.68694032441e-07	4.92806093247e-07	-3.32628796229e-10 	5.06543817591e-11 	43.005880008 	12.0508000072 	-8.00204646807e-11 	-3.1801997459e-10 	-9.18056981779e-10 	4.26719594927e-09 	12.0802300072 	-5.88599999988 	-3.18850767958e-10 	1.66158873704e-10 	15.0	-0.872638888889	6.14490276101	34.8007193701	
2.3	-1.81374948356e-08	4.55242153207e-07	-3.41741496575e-10 	8.88847396015e-11 	43.126093708 	11.9919400072 	-8.32006644266e-11 	-3.1801997459e-10 	-9.11270034558e-10 	3.82303578424e-09 	12.0213700072 	-5.886 	-3.1801997459e-10 	0.0 	15.0	-0.872638888889	5.95339578617	34.9614212014	
2.31	-1.81374948356e-08	4.17423824031e-07	-3.50805225009e-10 	1.26927910887e-10 	43.2457188081 	11.9330800072 	-8.63808641725e-11 	-3.1801997459e-10 	-9.0637284345e-10 	3.80431712853e-09 	11.9625100072 	-5.886 	-3.1801997459e-10 	0.0 	15.0	-0.872638888889	5.76188881133	35.1221230328	
2.32	-1.81374948356e-08	3.79810904458e-07	-3.59818109667e-10 	1.64783895615e-10 	43.3647553082 	11.8742200072 	-8.95610639184e-11 	-3.1801997459e-10 	-9.01288465785e-10 	3.78559847283e-09 	11.9036500072 	-5.886 	-3.1801997459e-10 	0.0 	15.0	-0.872638888889	5.57038183648	35.2828248641	
2.33	-1.81374948356e-08	3.42798809534e-07	-3.68778278683e-10 	2.02452693786e-10 	43.4832032083 	11.8153600072 	-9.27412636643e-11 	-3.1801997459e-10 	-8.96016901563e-10 	3.76687981712e-09 	11.8447900072 	-5.886 	-3.1801997459e-10 	0.0 	15.0	-0.872638888889	5.37887486164	35.4435266954	
2.34	-1.81374948356e-08	3.06722814001e-07	-3.77683860191e-10 	2.39934305401e-10 	43.6010625083 	11.7565000072 	-9.59214634102e-11 	-3.1801997459e-10 	-8.90558150784e-10 	3.74816116142e-09 	11.7859300072 	-5.886 	-3.1801997459e-10 	0.0 	15.0	-0.872638888889	5.1873678868	35.6042285267	
2.35	-1.81374948356e-08	2.71862399391e-07	-3.86532982325e-10 	2.77228730458e-10 	43.7183332084 	11.6976400072 	-9.91016631561e-11 	-3.1801997459e-10 	-8.84912213447e-10 	3.72944250572e-09 	11.7270700072 	-5.886 	-3.1801997459e-10 	0.0 	15.0	-0.872638888889	4.99586091196	35.764930358	
2.36	-1.81374948356e-08	2.38445641943e-07	-3.95323773221e-10 	3.14335968958e-10 	43.8350153085 	11.6387800072 	-1.02281862902e-10 	-3.1801997459e-10 	-8.79079089554e-10 	3.71072385001e-09 	11.6682100072 	-5.886 	-3.1801997459e-10 	0.0 	15.0	-0.872638888889	4.80435393711	35.9256321893	
2.37	-1.81374948356e-08	2.06653586462e-07	-4.04054361012e-10 	3.51256020901e-10 	43.9511088085 	11.5799200072 	-1.05462062648e-10 	-3.1801997459e-10 	-8.73058779103e-10 	3.69200519431e-09 	11.6093500072 	-5.886 	-3.1801997459e-10 	0.0 	15.0	-0.872638888889	4.61284696227	36.0863340206	
2.38	-1.81374948356e-08	1.76624558806e-07	-4.12722873833e-10 	3.87988886287e-10 	44.0666137086 	11.5210600072 	-1.08642262394e-10 	-3.1801997459e-10 	-8.66851282096e-10 	3.6732865386e-09 	11.5504900072 	-5.886 	-3.1801997459e-10 	0.0 	15.0	-0.872638888889	4.42133998743	36.2470358519	
2.39	-1.81374948356e-08	1.4845837678e-07	-4.21327439818e-10 	4.24534565116e-10 	44.1815300087 	11.4622000072 	-1.1182246214e-10 	-3.1801997459e-10 	-8.60456598531e-10 	3.6545678829e-09 	11.4916300072 	-5.886 	-3.1801997459e-10 	0.0 	15.0	-0.872638888889	4.22983301259	36.4077376832	
2.4	-1.81374948356e-08	1.22220425772e-07	-4.29866187102e-10 	4.60893057388e-10 	44.2958577088 	11.4033400072 	-1.15002661886e-10 	-3.1801997459e-10 	-8.5387472841e-10 	3.63584922719e-09 	11.4327700072 	-5.886 	-3.1801997459e-10 	0.0 	15.0	-0.872638888889	4.03832603774	36.5684395145	
2.41	-5.3895615538e-07	2.17758424386e-08	-4.38337243819e-10 	4.97064363103e-10 	44.4095968088 	11.3444800072 	-1.18182861632e-10 	-3.1801997459e-10 	-8.47105671732e-10 	3.61713057149e-09 	11.3739100072 	-5.88599999968 	-3.1801997459e-10 	0.0 	15.0	-0.872638888889	3.8468190629	36.7291413459	
2.42	-5.3895615538e-07	-7.14169571203e-08	-4.46738738104e-10 	5.33048482261e-10 	44.5227473089 	11.2856200072 	-1.21363061377e-10 	-3.1801997459e-10 	-8.40149428496e-10 	3.59841191579e-09 	11.3150500072 	-5.88599999968 	-3.1801997459e-10 	0.0 	15.0	-0.872638888889	3.65531208806	36.8898431772	
2.43	-5.3895615538e-07	-1.57288544719e-07	-4.55068798091e-10 	5.68845414861e-10 	44.635309209 	11.2267600072 	-1.24543261123e-10 	-3.1801997459e-10 	-8.33005998704e-10 	3.57969326008e-09 	11.2561900072 	-5.88599999968 	-3.1801997459e-10 	0.0 	15.0	-0.872638888889	3.46380511321	37.0505450085	
2.44	-5.3895615538e-07	-2.35861228612e-07	-4.63325551915e-10 	6.04455160905e-10 	44.7472825091 	11.1679000072 	-1.27723460869e-10 	-3.1801997459e-10 	-8.25675382355e-10 	3.56097460438e-09 	11.1973300072 	-5.88599999968 	-3.1801997459e-10 	0.0 	15.0	-0.872638888889	3.27229813837	37.2112468398	
2.45	-5.3895615538e-07	-3.07236418106e-07	-4.7150712771e-10 	6.39877720392e-10 	44.8586672091 	11.1090400072 	-1.30903660615e-10 	-3.1801997459e-10 	-8.18157579448e-10 	3.54225594868e-09 	11.1384700072 	-5.88599999968 	-3.1801997459e-10 	0.0 	15.0	-0.872638888889	3.08079116353	37.3719486711	
2.46	-5.3895615538e-07	-3.71582804062e-07	-4.79611653609e-10 	6.75113093322e-10 	44.9694633092 	11.0501800072 	-1.34083860361e-10 	-3.1801997459e-10 	-8.10452589985e-10 	3.52353729297e-09 	11.0796100072 	-5.88599999968 	-3.1801997459e-10 	0.0 	15.0	-0.872638888889	2.88928418869	37.5326505024	
2.47	-5.3895615538e-07	-4.29125378116e-07	-4.87637257749e-10 	7.10161279694e-10 	45.0796708093 	10.9913200073 	-1.37264060107e-10 	-3.1801997459e-10 	-8.02560413964e-10 	3.50481863727e-09 	11.0207500072 	-5.88599999968 	-3.1801997459e-10 	0.0 	15.0	-0.872638888889	2.69777721384	37.6933523337	
2.48	-5.3895615538e-07	-4.80135300918e-07	-4.95602197936e-10 	7.41084448242e-10 	45.1892897093 	10.9324600073 	-1.4045231188e-10 	-3.19630381676e-10 	-7.96494018704e-10 	3.09231685479e-09 	10.9618900073 	-5.88599999968 	-3.18825177315e-10 	-1.61040708573e-10 	15.0	-0.872638888889	2.506270239	37.854054165	
2.49	-5.3895615538e-07	-5.24920618754e-07	-5.03526599517e-10 	7.71629242755e-10 	45.2983200094 	10.8736000073 	-1.43657416634e-10 	-3.21390570658e-10 	-7.92440158059e-10 	3.05447945123e-09 	10.9030300073 	-5.88599999968 	-3.20510475353e-10 	-1.76018898184e-10 	15.0	-0.872638888889	2.31476326416	38.0147559963	
2.5	-5.3895615538e-07	-5.63817818469e-07	-5.11412073567e-10 	8.01858227583e-10 	45.4067617095 	10.8147400073 	-1.46880773435e-10 	-3.23280791301e-10 	-7.88547405027e-10 	3.02289848286e-09 	10.8441700073 	-5.88599999968 	-3.22335680168e-10 	-1.890220643e-10 	15.0	-0.872638888889	2.12325628932	38.1754578277	
2.51	1.12493558412e-06	-3.53840035611e-07	-5.19234730465e-10 	8.36723064305e-10 	45.5146148096 	10.7558800073 	-1.50113574181e-10 	-3.23279350113e-10 	-7.8226568985e-10 	3.48648367221e-09 	10.7853100073 	-5.88599999889 	-3.23280074573e-10 	1.44118723804e-13 	15.0	-0.872638888889	1.93174931447	38.336159659	
2.52	1.12493558412e-06	-1.55573027717e-07	-5.26969050041e-10 	8.71397399247e-10 	45.6218793096 	10.6970200073 	-1.53346360282e-10 	-3.23277862389e-10 	-7.73431957522e-10 	3.46743349416e-09 	10.7264500073 	-5.88599999889 	-3.23278610142e-10 	1.48772430634e-13 	15.0	-0.872638888889	1.74024233963	38.4968614903	
2.53	1.12493558412e-06	3.03336559938e-08	-5.34613130097e-10 	9.05881228751e-10 	45.7285552097 	10.6381600073 	-1.56579131273e-10 	-3.23276327827e-10 	-7.64408005655e-10 	3.44838295039e-09 	10.6675900073 	-5.88599999889 	-3.23277099024e-10 	1.53456201659e-13 	15.0	-0.872638888889	1.54873536479	38.6575633216	
2.54	1.12493558412e-06	2.03457209095e-07	-5.42165068453e-10 	9.40174549203e-10 	45.8346425098 	10.5793000073 	-1.59811886682e-10 	-3.23274746122e-10 	-7.55193835544e-10 	3.42933204525e-09 	10.6087300073 	-5.88599999889 	-3.23275540916e-10 	1.58170536835e-13 	15.0	-0.872638888889	1.35722838994	38.8182651529	
2.55	1.12493558412e-06	3.63575714247e-07	-5.49622962938e-10 	9.74277357035e-10 	45.9401412099 	10.5204400073 	-1.63044626037e-10 	-3.23273116962e-10 	-7.45789448516e-10 	3.41028078311e-09 	10.5498700073 	-5.88599999889 	-3.2327393551e-10 	1.6291594728e-13 	15.0	-0.872638888889	1.1657214151	38.9789669842	
2.56	1.12493558412e-06	5.1064351974e-07	-5.56963391845e-10 	1.01240341521e-09 	46.0450513099 	10.4615800073 	-1.66268740867e-10 	-3.21549843144e-10 	-7.3404289072e-10 	3.81260581712e-09 	10.4910100073 	-5.88599999889 	-3.2241148303e-10 	1.72327381834e-10 	15.0	-0.872638888889	0.974214440259	39.1396688155	
2.57	1.12493558412e-06	6.44767957215e-07	-5.6415726587e-10 	1.05127078096e-09 	46.14937281 	10.4027200073 	-1.69473353563e-10 	-3.1937269013e-10 	-7.19387402461e-10 	3.88673657535e-09 	10.4321500073 	-5.88599999889 	-3.20461269622e-10 	2.17715301367e-10 	15.0	-0.872638888889	0.782707465416	39.3003706468	
2.58	1.12493558412e-06	7.66187481433e-07	-5.71191884153e-10 	1.09073082129e-09 	46.2531057101 	10.3438600073 	-1.72654137418e-10 	-3.16784074827e-10 	-7.03461828297e-10 	3.9460040333e-09 	10.3732900073 	-5.88599999889 	-3.18078385469e-10 	2.58861530287e-10 	15.0	-0.872638888889	0.591200490573	39.4610724781	
2.59	1.12493558412e-06	8.75251286038e-07	-5.78055607592e-10 	1.13064252855e-09 	46.3562500101 	10.2850000074 	-1.75807184816e-10 	-3.13825398835e-10 	-6.86372343963e-10 	3.99117072596e-09 	10.3144300074 	-5.88599999889 	-3.15304739823e-10 	2.95867599202e-10 	15.0	-0.872638888889	0.399693515731	39.6217743094	
2.6	1.12493558412e-06	9.72400425374e-07	-5.84737831578e-10 	1.17087313674e-09 	46.4588057102 	10.2261400074 	-1.7892899541e-10 	-3.10536713945e-10 	-6.68222398548e-10 	4.02306081888e-09 	10.2555700074 	-5.88599999889 	-3.12181059382e-10 	3.28868489057e-10 	15.0	-0.872638888889	0.208186540888	39.7824761408	
2.61	1.12493558412e-06	1.05815045144e-06	-5.91228950858e-10 	1.21129856269e-09 	46.5607728103 	10.1672800074 	-1.82016461243e-10 	-3.06956446639e-10 	-6.49111928054e-10 	4.04254259449e-09 	10.1967100074 	-5.88599999889 	-3.08746583281e-10 	3.58026730597e-10 	15.0	-0.872638888889	0.0166795660451	39.9431779721	
2.62	-1.96589472659e-07	9.39802517168e-07	-5.97528533719e-10 	1.25019379418e-09 	46.6621513104 	10.1084200074 	-1.85070135755e-10 	-3.0377844983e-10 	-6.29958286033e-10 	3.88952314963e-09 	10.1378500074 	-5.88599999997 	-3.05367451221e-10 	3.17799680879e-10 	15.0	-0.872638888889	-0.174827408798	40.1038798034	
2.63	-1.96589472659e-07	8.24647144141e-07	-6.03644699415e-10 	1.28763116393e-09 	46.7629412104 	10.0495600074 	-1.88093984892e-10 	-3.00991371616e-10 	-6.11616569649e-10 	3.74373697519e-09 	10.0789900074 	-5.88599999997 	-3.0238491371e-10 	2.78707821424e-10 	15.0	-0.872638888889	-0.36633438364	40.2645816347	
2.64	-1.96589472659e-07	7.13548834534e-07	-6.09585264854e-10 	1.32368824153e-09 	46.8631425105 	9.99070000738 	-1.91091846642e-10 	-2.98580972324e-10 	-5.94056543944e-10 	3.60570775934e-09 	10.0201300074 	-5.88599999997 	-2.9978617496e-10 	2.41039929222e-10 	15.0	-0.872638888889	-0.557841358483	40.425283466	
2.65	-1.96589472659e-07	6.07209740768e-07	-6.15357677169e-10 	1.3584461989e-09 	46.9627552106 	9.93184000738 	-1.94067404966e-10 	-2.96530686492e-10 	-5.77241231459e-10 	3.4757957374e-09 	9.96127000738 	-5.88599999997 	-2.97555832404e-10 	2.05028583203e-10 	15.0	-0.872638888889	-0.749348333326	40.5859852973	
2.66	-1.96589472659e-07	5.06183683509e-07	-6.20968959783e-10 	1.39198836631e-09 	47.0617793107 	9.87298000738 	-1.97024169093e-10 	-2.94822132956e-10 	-5.61128261369e-10 	3.35421674096e-09 	9.90241000738 	-5.88599999997 	-2.95676412729e-10 	1.70855353583e-10 	15.0	-0.872638888889	-0.940855308169	40.7466871286	
2.67	-1.96589472659e-07	4.10889945973e-07	-6.26442974379e-10 	1.42100623631e-09 	47.1602148107 	9.81412000738 	-1.99972379272e-10 	-2.94819894632e-10 	-5.47401459651e-10 	2.90178700013e-09 	9.84355000738 	-5.88599999997 	-2.94821017837e-10 	2.23832360399e-13 	15.0	-0.872638888889	-1.13236228301	40.9073889599	
2.68	-1.96589472659e-07	3.21626719545e-07	-6.31799315403e-10 	1.44985028834e-09 	47.2580617108 	9.75526000738 	-2.02920566824e-10 	-2.9481760761e-10 	-5.35634102374e-10 	2.88440520289e-09 	9.78469000738 	-5.88599999997 	-2.94818755195e-10 	2.28702206828e-13 	15.0	-0.872638888889	-1.32386925785	41.0680907912	
2.69	-1.96589472659e-07	2.38584096523e-07	-6.37036248203e-10 	1.4785205198e-09 	47.3553200109 	9.69640000738 	-2.0586873126e-10 	-2.94815271513e-10 	-5.23693279961e-10 	2.86702314636e-09 	9.72583000738 	-5.88599999997 	-2.94816443667e-10 	2.33609688877e-13 	15.0	-0.872638888889	-1.5153762327	41.2287926226	
2.7	-1.96589472659e-07	1.61856524955e-07	-6.42152038145e-10 	1.50701692815e-09 	47.451989711 	9.63754000738 	-2.08816872089e-10 	-2.94812885958e-10 	-5.1157899428e-10 	2.8496408346e-09 	9.66697000738 	-5.88599999997 	-2.94814082873e-10 	2.38555493627e-13 	15.0	-0.872638888889	-1.70688320754	41.3894944539	
2.71	-1.96589472659e-07	9.14546580758e-08	-6.47144950618e-10 	1.53533951087e-09 	47.548070811 	9.57868000738 	-2.11764988813e-10 	-2.94810450555e-10 	-4.99291247235e-10 	2.83225827165e-09 	9.60811000738 	-5.88599999997 	-2.94811672427e-10 	2.43540325004e-13 	15.0	-0.872638888889	-1.89839018238	41.5501962852	
2.72	2.88859156622e-10	5.61100027824e-08	-6.52013251026e-10 	1.56348826548e-09 	47.6435633111 	9.51982000738 	-2.14713080933e-10 	-2.94807964906e-10 	-4.86830040772e-10 	2.81487546156e-09 	9.54925000738 	-5.886 	-2.94809211934e-10 	2.4856490429e-13 	15.0	-0.872638888889	-2.08989715722	41.7108981165	
2.73	2.88859156622e-10	2.49088880878e-08	-6.56755204794e-10 	1.59146318957e-09 	47.7384672112 	9.46096000738 	-2.17661147943e-10 	-2.94805428606e-10 	-4.74195376871e-10 	2.79749240837e-09 	9.49039000738 	-5.886 	-2.94806700994e-10 	2.53629970666e-13 	15.0	-0.872638888889	-2.28140413207	41.8715999478	
2.74	2.88859156622e-10	-2.35705144843e-09	-6.6136907737e-10 	1.61926428073e-09 	47.8327825113 	9.40210000738 	-2.20609189335e-10 	-2.94802841243e-10 	-4.61387257558e-10 	2.78010911612e-09 	9.43153000738 	-5.886 	-2.94804139198e-10 	2.58736281769e-13 	15.0	-0.872638888889	-2.47291110691	42.0323017791	
2.75	2.88859156622e-10	-2.5912322653e-08	-6.65853134219e-10 	1.64689153662e-09 	47.9265092113 	9.34324000738 	-2.23557204596e-10 	-2.94800202397e-10 	-4.48405684894e-10 	2.76272558887e-09 	9.37267000738 	-5.886 	-2.94801526128e-10 	2.63884614271e-13 	15.0	-0.872638888889	-2.66441808175	42.1930036104	
2.76	2.88859156622e-10	-4.59928689496e-08	-6.70205640829e-10 	1.67434495492e-09 	48.0196473114 	9.28438000738 	-2.26505193209e-10 	-2.9479751164e-10 	-4.35250660983e-10 	2.74534183064e-09 	9.31381000738 	-5.886 	-2.94798861363e-10 	2.69075764482e-13 	15.0	-0.872638888889	-2.8559250566	42.3537054417	
2.77	2.88859156622e-10	-6.28418720549e-08	-6.74424862708e-10 	1.70162453338e-09 	48.1121968115 	9.22552000738 	-2.29453154654e-10 	-2.94794768534e-10 	-4.21922187971e-10 	2.72795784547e-09 	9.25495000738 	-5.886 	-2.94796144468e-10 	2.74310548973e-13 	15.0	-0.872638888889	-3.04743203144	42.514407273	
2.78	2.88859156622e-10	-7.67060390149e-08	-6.78509065389e-10 	1.72873026975e-09 	48.2041577115 	9.16666000738 	-2.32401088404e-10 	-2.94791972636e-10 	-4.08420268043e-10 	2.71057363742e-09 	9.19609000738 	-5.886 	-2.94793375003e-10 	2.79589805225e-13 	15.0	-0.872638888889	-3.23893900628	42.6751091043	
2.79	2.88859156622e-10	-8.78323508309e-08	-6.82456514423e-10 	1.75566216186e-09 	48.2955300116 	9.10780000738 	-2.35348993929e-10 	-2.94789123492e-10 	-3.94744903428e-10 	2.6931892105e-09 	9.13723000738 	-5.886 	-2.9479055252e-10 	2.84914392301e-13 	15.0	-0.872638888889	-3.43044598112	42.8358109357	
2.8	2.88859156622e-10	-9.64652469394e-08	-6.86265475387e-10 	1.78242020754e-09 	48.3863137117 	9.04894000738 	-2.38296870695e-10 	-2.9478622064e-10 	-3.80896096399e-10 	2.67580456876e-09 	9.07837000738 	-5.886 	-2.94787676561e-10 	2.90285191551e-13 	15.0	-0.872638888889	-3.62195295597	42.996512767	
2.81	2.88859156622e-10	-1.0284421838e-07	-6.8993421388e-10 	1.80900440471e-09 	48.4765088118 	8.99008000738 	-2.41244718162e-10 	-2.94783263609e-10 	-3.66873849269e-10 	2.65841971621e-09 	9.01951000738 	-5.886 	-2.9478474666e-10 	2.95703107329e-13 	15.0	-0.872638888889	-3.81345993081	43.1572145983	
2.82	2.88859156622e-10	-1.07201781553e-07	-6.93460995524e-10 	1.83541475128e-09 	48.5661153118 	8.93122000738 	-2.44192535785e-10 	-2.94780251919e-10 	-3.52678164399e-10 	2.6410346569e-09 	8.96065000738 	-5.886 	-2.94781762339e-10 	3.01169067761e-13 	15.0	-0.872638888889	-4.00496690565	43.3179164296	
2.83	7.73203251173e-07	3.27692584223e-09	-6.96844085966e-10 	1.86165124522e-09 	48.6551332119 	8.87236000739 	-2.47140323016e-10 	-2.94777185078e-10 	-3.38309044191e-10 	2.62364939482e-09 	8.90179000739 	-5.88599999976 	-2.94778723115e-10 	3.06684025519e-13 	15.0	-0.872638888889	-4.1964738805	43.4786182609	
2.84	7.73203251173e-07	1.07502678899e-07	-7.00081761036e-10 	1.88771127296e-09 	48.743562512 	8.81350000739 	-2.50088071682e-10 	-2.94772154338e-10 	-3.23767507062e-10 	2.60600277404e-09 	8.84293000739 	-5.88599999976 	-2.94774866558e-10 	5.03074046025e-13 	15.0	-0.872638888889	-4.38798085534	43.6393200922	
2.85	7.73203251173e-07	2.05147086732e-07	-7.03172307028e-10 	1.9135966838e-09 	48.8314032121 	8.75464000739 	-2.53035765779e-10 	-2.94766648778e-10 	-3.09054599206e-10 	2.58854108315e-09 	8.78407000739 	-5.88599999976 	-2.947694097e-10 	5.50556019901e-13 	15.0	-0.872638888889	-4.57948783018	43.8000219235	
2.86	7.73203251173e-07	2.96000131356e-07	-7.06113990232e-10 	1.93930797784e-09 	48.9186553121 	8.69578000739 	-2.5598340433e-10 	-2.94761045063e-10 	-2.94168320387e-10 	2.57112940418e-09 	8.72521000739 	-5.88599999976 	-2.94763855138e-10 	5.60371476319e-13 	15.0	-0.872638888889	-4.77099480502	43.9607237548	
2.87	7.73203251173e-07	3.79956550055e-07	-7.08905076983e-10 	1.96484515186e-09 	49.0053188122 	8.6369200074 	-2.5893098635e-10 	-2.94755342275e-10 	-2.79108675051e-10 	2.55371740207e-09 	8.6663500074 	-5.88599999976 	-2.94758201964e-10 	5.70278753994e-13 	15.0	-0.872638888889	-4.96250177987	44.1214255861	
2.88	7.73203251173e-07	4.57002877617e-07	-7.1154383366e-10 	1.9902082027e-09 	49.0913937123 	8.5780600074 	-2.61878510842e-10 	-2.94749539478e-10 	-2.63875667762e-10 	2.53630508373e-09 	8.6074900074 	-5.88599999976 	-2.9475244925e-10 	5.80279735531e-13 	15.0	-0.872638888889	-5.15400875471	44.2821274175	
2.89	7.73203251173e-07	5.2720520516e-07	-7.14006312883e-10 	2.01976409472e-09 	49.1768800124 	8.5192000074 	-2.64817091094e-10 	-2.92966496142e-10 	-2.46247922271e-10 	2.95558920252e-09 	8.5486300074 	-5.88599999976 	-2.93858025185e-10 	1.78304333598e-10 	15.0	-0.872638888889	-5.34551572955	44.4428292488	
2.9	7.73203251173e-07	5.90697696503e-07	-7.16265887943e-10 	2.04952334561e-09 	49.2617777124 	8.4603400074 	-2.67736766477e-10 	-2.90968565564e-10 	-2.25957505986e-10 	2.97592508852e-09 	8.4897700074 	-5.88599999976 	-2.91967538293e-10 	1.99793057777e-10 	15.0	-0.872638888889	-5.53702270439	44.6035310801	
2.91	7.73203251173e-07	6.47671889005e-07	-7.18315746383e-10 	2.0794161719e-09 	49.3460868125 	8.40148000741 	-2.7063549774e-10 	-2.88777672034e-10 	-2.04985844037e-10 	2.98928262964e-09 	8.43091000741 	-5.88599999976 	-2.898731263e-10 	2.19089353068e-10 	15.0	-0.872638888889	-5.72852967924	44.7642329114	
2.92	7.73203251173e-07	6.98366793343e-07	-7.20149626605e-10 	2.10937687572e-09 	49.4298073126 	8.34262000741 	-2.73511461031e-10 	-2.86414971098e-10 	-1.83388022204e-10 	2.99607038147e-09 	8.37205000741 	-5.88599999976 	-2.87596329126e-10 	2.36270093564e-10 	15.0	-0.872638888889	-5.92003665408	44.9249347427	
2.93	2.51825625808e-06	9.98273798006e-07	-7.2175096892e-10 	2.14147395818e-09 	49.5129392127 	8.28376000743 	-2.763587078e-10 	-2.83034367253e-10 	-1.6013423146e-10 	3.20970824656e-09 	8.31319000742 	-5.88599999802 	-2.84724676864e-10 	3.38060384489e-10 	15.0	-0.872638888889	-6.11154362892	45.085636574	
2.94	2.51825625808e-06	1.27479315972e-06	-7.23071265198e-10 	2.17983419709e-09 	49.5954825127 	8.22490000745 	-2.79158503055e-10 	-2.7692466945e-10 	-1.32029627808e-10 	3.83602389036e-09 	8.25433000744 	-5.88599999802 	-2.79979525493e-10 	6.10969780311e-10 	15.0	-0.872638888889	-6.30305060377	45.2463384053	
2.95	2.51825625808e-06	1.52797136745e-06	-7.24021547607e-10 	2.22799670931e-09 	49.6774372128 	8.16604000747 	-2.81875916327e-10 	-2.66557973292e-10 	-9.50282409064e-11 	4.81625122246e-09 	8.19547000746 	-5.88599999802 	-2.71741327235e-10 	1.03666961578e-09 	15.0	-0.872638888889	-6.49455757861	45.4070402366	
2.96	2.51825625808e-06	1.75811122216e-06	-7.245097031e-10 	2.28249555553e-09 	49.7588033129 	8.10718000749 	-2.844747395e-10 	-2.53206651241e-10 	-4.88155492913e-11 	5.44988462167e-09 	8.13661000748 	-5.88599999802 	-2.5988231732e-10 	1.3351322051e-09 	15.0	-0.872638888889	-6.68606455345	45.5677420679	
2.97	2.51825625808e-06	1.96573382814e-06	-7.24459163839e-10 	2.34318803665e-09 	49.839580813 	8.04832000751 	-2.86924954632e-10 	-2.36836366932e-10 	5.05392608712e-12 	6.06924811253e-09 	8.0777500075 	-5.88599999802 	-2.45021513196e-10 	1.63702843094e-09 	15.0	-0.872638888889	-6.87757152829	45.7284438992	
2.98	2.51825625808e-06	2.15154325965e-06	-7.23793234972e-10 	2.40980732851e-09 	49.919769713 	7.98946000753 	-2.89196457889e-10 	-2.17464278395e-10 	6.6592886726e-11 	6.66192918562e-09 	8.01889000752 	-5.88599999802 	-2.27150325701e-10 	1.93720885371e-09 	15.0	-0.872638888889	-7.06907850314	45.8891457306	
2.99	2.51825625808e-06	2.31639393914e-06	-7.22419352363e-10 	2.48532166101e-09 	49.9993700131 	7.93060000755 	-2.91252755426e-10 	-1.93795040735e-10 	1.37388260861e-10 	7.55143324963e-09 	7.96003000754 	-5.88599999802 	-2.05629753705e-10 	2.36692376601e-09 	15.0	-0.872638888889	-7.26058547798	46.0498475619	
3.0	2.51825625808e-06	2.46126072798e-06	-7.2024684711e-10 	2.56588286447e-09 	50.0783817132 	7.87174000757 	-2.93058049233e-10 	-1.67263717179e-10 	2.17250525308e-10 	8.0561203462e-09 	7.90117000756 	-5.88599999802 	-1.80529380671e-10 	2.65313235553e-09 	15.0	-0.872638888889	-7.45209245282	46.2105493932	
3.01	2.51825625808e-06	2.58721170005e-06	-7.17204673473e-10 	2.65099556384e-09 	50.1568048133 	7.81288000759 	-2.94584337003e-10 	-1.37993836249e-10 	3.04217363678e-10 	8.51126993713e-09 	7.84231000758 	-5.88599999802 	-1.52628777039e-10 	2.92698809305e-09 	15.0	-0.872638888889	-7.64359942766	46.3712512245	
3.02	2.51825625808e-06	2.69538354216e-06	-7.13225233415e-10 	2.74013375748e-09 	50.2346393133 	7.75402000761 	-2.95804935437e-10 	-1.06125852729e-10 	3.97944005792e-10 	8.91381936438e-09 	7.7834500076 	-5.88599999802 	-1.22059843345e-10 	3.18679835194e-09 	15.0	-0.872638888889	-7.83510640251	46.5319530558	
3.03	1.64262383595e-06	2.65889826191e-06	-7.08280810711e-10 	2.82566046993e-09 	50.3118852134 	7.69516000761 	-2.9670904227e-10 	-7.4695516635e-11 	4.94442270472e-10 	8.55267124478e-09 	7.72459000761 	-5.88599999937 	-9.04106832795e-11 	3.14303360944e-09 	15.0	-0.872638888889	-8.02661337735	46.6926548871	
3.04	1.64262383595e-06	2.61590540719e-06	-7.02399240697e-10 	2.90421570163e-09 	50.3885425135 	7.63630000762 	-2.97308001865e-10 	-4.50962214047e-11 	5.88157001373e-10 	7.85552317038e-09 	7.66573000762 	-5.88599999937 	-5.98959595373e-11 	2.95992952302e-09 	15.0	-0.872638888889	-8.21812035219	46.8533567184	
3.05	1.64262383595e-06	2.56776717019e-06	-6.95609981022e-10 	2.97912235462e-09 	50.4646112136 	7.57744000763 	-2.9761372457e-10 	-1.60483181338e-11 	6.78925967531e-10 	7.49066529814e-09 	7.60687000762 	-5.88599999937 	-3.05722704965e-11 	2.90479032709e-09 	15.0	-0.872638888889	-8.40962732704	47.0140585497	
3.06	1.64262383595e-06	2.51571973267e-06	-6.87927227498e-10 	3.05034820362e-09 	50.5400913136 	7.51858000763 	-2.97631952334e-10 	1.24027662713e-11 	7.68275352403e-10 	7.12258490087e-09 	7.54801000763 	-5.88599999937 	-1.82277638427e-12 	2.84510844051e-09 	15.0	-0.872638888889	-8.60113430188	47.174760381	
3.07	1.64262383595e-06	2.46087637038e-06	-6.79382471025e-10 	3.11470646449e-09 	50.6149828137 	7.45972000764 	-2.97375283248e-10 	3.89310530001e-11 	8.54475647274e-10 	6.43582608701e-09 	7.48915000764 	-5.88599999937 	2.5666908624e-11 	2.65282867288e-09 	15.0	-0.872638888889	-8.79264127672	47.3354622124	
3.08	1.64262383595e-06	2.40423152099e-06	-6.70007635655e-10 	3.17558460448e-09 	50.6892857138 	7.40086000764 	-2.96856424093e-10 	6.48407794019e-11 	9.37483537001e-10 	6.08781399885e-09 	7.43029000764 	-5.88599999937 	5.18859154419e-11 	2.59097264018e-09 	15.0	-0.872638888889	-8.98414825156	47.4961640437	
3.09	1.64262383595e-06	2.34666563981e-06	-6.59834827216e-10 	3.22984106963e-09 	50.7630000139 	7.34200000765 	-2.96088092756e-10 	8.88254905934e-11 	1.01728084389e-09 	5.42564651498e-09 	7.37143000765 	-5.88599999937 	7.6833133707e-11 	2.39847111915e-09 	15.0	-0.872638888889	-9.17565522641	47.656865875	
3.1	1.64262383595e-06	2.28895068229e-06	-6.48896030286e-10 	3.28091721935e-09 	50.8361257139 	7.28314000766 	-2.95082900027e-10 	1.12213057426e-10 	1.09387969301e-09 	5.10761497208e-09 	7.31257000765 	-5.88599999937 	1.00519272954e-10 	2.33875668325e-09 	15.0	-0.872638888889	-9.36716220125	47.8175677063	
3.11	1.64262383595e-06	2.23175606702e-06	-6.37206698622e-10 	3.32889845432e-09 	50.908662814 	7.22428000766 	-2.93846788571e-10 	1.35009235311e-10 	1.16893316641e-09 	4.79812349639e-09 	7.25371000766 	-5.88599999937 	1.23611145542e-10 	2.27961778847e-09 	15.0	-0.872638888889	-9.55866917609	47.9782695376	
3.12	1.64262383595e-06	2.17565498721e-06	-6.24814978404e-10 	3.36742245897e-09 	50.9806113141 	7.16542000767 	-2.92398724025e-10 	1.54603677868e-10 	1.2391720218e-09 	3.85240046497e-09 	7.19485000767 	-5.88599999937 	1.44806454575e-10 	1.95944425575e-09 	15.0	-0.872638888889	-9.75017615093	48.1389713689	
3.13	1.64262383595e-06	2.12113095272e-06	-6.11767954925e-10 	3.40340920531e-09 	51.0519712142 	7.10656000768 	-2.90757197938e-10 	1.73701543269e-10 	1.30470234787e-09 	3.59867463465e-09 	7.13599000767 	-5.88599999937 	1.64152608762e-10 	1.90978654007e-09 	15.0	-0.872638888889	-9.94168312578	48.2996732002	
3.14	1.75886827803e-07	1.85407417038e-06	-5.98118601548e-10 	3.42911075607e-09 	51.1227425143 	7.04770000768 	-2.88943011707e-10 	1.89135707441e-10 	1.36493533771e-09 	2.57015507562e-09 	7.07713000768 	-5.88599999999 	1.81418623046e-10 	1.54341641719e-09 	15.0	-0.872638888889	-10.1331901006	48.4603750315	
3.15	1.75886827803e-07	1.60419044606e-06	-5.8395451431e-10 	3.44580377387e-09 	51.1929252143 	6.98884000768 	-2.86990775634e-10 	2.01311512555e-10 	1.41640872379e-09 	1.66930178008e-09 	7.01827000768 	-5.88599999999 	1.9522360729e-10 	1.2175805114e-09 	15.0	-0.872638888889	-10.3246970755	48.6210768628	
3.16	1.75886827803e-07	1.37197260881e-06	-5.69387491623e-10 	3.44797439631e-09 	51.2625193144 	6.92998000768 	-2.8494474303e-10 	2.07895207862e-10 	1.45670226872e-09 	2.17062243766e-10 	6.95941000768 	-5.88599999999 	2.04603260467e-10 	6.58369530694e-10 	15.0	-0.872638888889	-10.5162040503	48.7817786942	
3.17	1.75886827803e-07	1.15764821455e-06	-5.54501578801e-10 	3.44726294911e-09 	51.3315248145 	6.87112000768 	-2.82838038016e-10 	2.13445803306e-10 	1.48859128222e-09 	-7.11447196123e-11 	6.90055000768 	-5.88599999999 	2.10670501364e-10 	5.5505954442e-10 	15.0	-0.872638888889	-10.7077110251	48.9424805255	
3.18	1.75886827803e-07	9.61212797923e-07	-5.39339558863e-10 	3.44064873288e-09 	51.3999417146 	6.81226000768 	-2.80687276992e-10 	2.16706410295e-10 	1.51620199373e-09 	-6.61421623296e-10 	6.84169000768 	-5.88599999999 	2.15076102465e-10 	3.26060698919e-10 	15.0	-0.872638888889	-10.899218	49.1031823568	
3.19	1.75886827803e-07	7.82461245373e-07	-5.23938908713e-10 	3.43244339544e-09 	51.4677700146 	6.75340000768 	-2.78506943603e-10 	2.19360275929e-10 	1.54006501501e-09 	-8.20533743922e-10 	6.78283000768 	-5.88599999999 	2.18033338857e-10 	2.65386563361e-10 	15.0	-0.872638888889	-11.0907249748	49.2638841881	
3.2	1.75886827803e-07	6.2101719022e-07	-5.0831533528e-10 	3.4228386366e-09 	51.5350097147 	6.69454000768 	-2.76302806421e-10 	2.21467168917e-10 	1.56235734327e-09 	-9.60475884244e-10 	6.72397000768 	-5.88599999999 	2.20413718224e-10 	2.10689298872e-10 	15.0	-0.872638888889	-11.2822319497	49.4245860194	
3.21	1.75886827803e-07	4.76360365935e-07	-4.92503142147e-10 	3.40805915156e-09 	51.6016608148 	6.63568000768 	-2.74088067256e-10 	2.21480673066e-10 	1.5812193134e-09 	-1.47794850396e-09 	6.66511000768 	-5.88599999999 	2.21473916455e-10 	1.35041489348e-12 	15.0	-0.872638888889	-11.4737389245	49.5852878507	
3.22	1.75886827803e-07	3.47851885625e-07	-4.76529801204e-10 	3.39340905853e-09 	51.6677233149 	6.57682000768 	-2.71873192775e-10 	2.21494232422e-10 	1.59733409421e-09 	-1.46500930315e-09 	6.60625000768 	-5.88599999999 	2.21487448079e-10 	1.35593556797e-12 	15.0	-0.872638888889	-11.6652458994	49.745989682	
3.23	1.75886827803e-07	2.34757443256e-07	-4.60396616876e-10 	3.37888836767e-09 	51.7331972149 	6.51796000768 	-2.69658182418e-10 	2.21507848554e-10 	1.61331843285e-09 	-1.45206908519e-09 	6.54739000768 	-5.88599999999 	2.2150103569e-10 	1.36161316077e-12 	15.0	-0.872638888889	-11.8567528742	49.9066915133	
3.24	-6.37860197492e-07	1.72579537333e-08	-4.44104893684e-10 	3.36449708911e-09 	51.798082515 	6.45910000768 	-2.6744303561e-10 	2.21521523073e-10 	1.62917231921e-09 	-1.43912785621e-09 	6.48853000768 	-5.88599999995 	2.21514680879e-10 	1.36745194587e-12 	15.0	-0.872638888889	-12.048259849	50.0673933446	
3.25	-6.37860197492e-07	-1.78249183905e-07	-4.27655936253e-10 	3.35023523289e-09 	51.8623792151 	6.40024000768 	-2.65227751757e-10 	2.21535257637e-10 	1.64489574308e-09 	-1.42618562246e-09 	6.42967000768 	-5.88599999995 	2.21528385281e-10 	1.37345635371e-12 	15.0	-0.872638888889	-12.2397668239	50.2280951759	
3.26	-6.37860197492e-07	-3.52533481865e-07	-4.11051049311e-10 	3.33610280898e-09 	51.9260873152 	6.34138000768 	-2.63012330251e-10 	2.21549053946e-10 	1.66048869415e-09 	-1.4132423903e-09 	6.37081000768 	-5.88599999995 	2.21542150574e-10 	1.37963097841e-12 	15.0	-0.872638888889	-12.4312737987	50.3887970073	
3.27	-6.37860197492e-07	-5.06499325151e-07	-3.94312790939e-10 	3.31790267074e-09 	51.9892068152 	6.28252000768 	-2.60805271952e-10 	2.19862614188e-10 	1.67382583725e-09 	-1.8200138243e-09 	6.31195000768 	-5.88599999995 	2.20705829918e-10 	-1.68643975861e-10 	15.0	-0.872638888889	-12.6227807736	50.5494988386	
3.28	-6.37860197492e-07	-6.41157589407e-07	-3.77469338958e-10 	3.2988269051e-09 	52.0517377153 	6.22366000768 	-2.58617327685e-10 	2.17726247687e-10 	1.68434519806e-09 	-1.90757656464e-09 	6.25309000768 	-5.88599999995 	2.18794426733e-10 	-2.13636650034e-10 	15.0	-0.872638888889	-12.8142877484	50.7102006699	
3.29	-6.37860197492e-07	-7.5759989233e-07	-3.6053246383e-10 	3.27905273339e-09 	52.1136800154 	6.16480000768 	-2.56452689713e-10 	2.15201355197e-10 	1.69368751286e-09 	-1.97741717045e-09 	6.19423000768 	-5.88599999995 	2.16463797156e-10 	-2.5248924907e-10 	15.0	-0.872638888889	-13.0057947233	50.8709025012	
3.3	-6.37860197492e-07	-8.56975412791e-07	-3.4351244771e-10 	3.2587403881e-09 	52.1750337155 	6.10594000768 	-2.54314949356e-10 	2.12347087503e-10 	1.70200161194e-09 	-2.03123452947e-09 	6.13537000768 	-5.88599999995 	2.13774035743e-10 	-2.85426769394e-10 	15.0	-0.872638888889	-13.1973016981	51.0316043325	
3.31	-6.37860197492e-07	-9.40470191818e-07	-3.26418184796e-10 	3.23804006471e-09 	52.2357988156 	6.04708000768 	-2.52207137893e-10 	2.0921521554e-10 	1.7094262914e-09 	-2.07003233886e-09 	6.07651000768 	-5.88599999995 	2.1078114624e-10 	-3.13187196267e-10 	15.0	-0.872638888889	-13.3888086729	51.1923061638	
3.32	-6.37860197492e-07	-1.00928881324e-06	-3.09257254135e-10 	3.21708661927e-09 	52.2959753156 	5.98822000768 	-2.50131789676e-10 	2.05854438847e-10 	1.7160930661e-09 	-2.09534454356e-09 	6.01765000768 	-5.88599999995 	2.07534821746e-10 	-3.36077669339e-10 	15.0	-0.872638888889	-13.5803156478	51.3530079951	
3.33	-6.37860197492e-07	-1.06463834884e-06	-2.92036040764e-10 	3.19600087382e-09 	52.3555632157 	5.92936000768 	-2.48090969054e-10 	2.02309696698e-10 	1.72212133712e-09 	-2.108574545e-09 	5.95879000768 	-5.88599999995 	2.04082062135e-10 	-3.54474214888e-10 	15.0	-0.872638888889	-13.7718226226	51.5137098264	
3.34	-6.37860197492e-07	-1.10771444294e-06	-2.74779015916e-10 	3.1710998891e-09 	52.4145625158 	5.87050000768 	-2.46093983118e-10 	1.9708750112e-10 	1.72570248484e-09 	-2.49009847191e-09 	5.89993000768 	-5.88599999995 	1.9969859362e-10 	-5.22219557817e-10 	15.0	-0.872638888889	-13.9633295975	51.6744116577	
3.35	-7.02644025075e-06	-2.07401923685e-06	-2.57670968688e-10 	3.11447133847e-09 	52.4729732159 	5.81164000772 	-2.44214277916e-10 	1.78853548341e-10 	1.71080472276e-09 	-5.66285506312e-09 	5.8410700077 	-5.88599999623 	1.87970520226e-10 	-1.82339527789e-09 	15.0	-0.872638888889	-14.1548365723	51.8351134891	
3.36	-7.02644025075e-06	-2.96558762e-06	-2.41122700841e-10 	3.0101670838e-09 	52.5307953159 	5.75278000776 	-2.42615734946e-10 	1.40855064747e-10 	1.65482678472e-09 	-1.04304254668e-08 	5.78221000774 	-5.88599999623 	1.59854296984e-10 	-3.7998483594e-09 	15.0	-0.872638888889	-14.3463435472	51.9958153204	
3.37	-7.02644025075e-06	-3.78247886352e-06	-2.25654205889e-10 	2.85435243239e-09 	52.588028816 	5.6939200078 	-2.41505981015e-10 	8.10954010997e-11 	1.54684949524e-09 	-1.55814651418e-08 	5.72335000778 	-5.88599999623 	1.1097539316e-10 	-5.9759663647e-09 	15.0	-0.872638888889	-14.537850522	52.1565171517	
3.38	-7.02644025075e-06	-4.52558435477e-06	-2.11873541447e-10 	2.63566370665e-09 	52.6446737161 	5.63506000783 	-2.41128008165e-10 	-5.50074111442e-12 	1.37806644419e-09 	-2.18688725736e-08 	5.66449000781 	-5.88599999623 	3.77972849311e-11 	-8.65961422142e-09 	15.0	-0.872638888889	-14.7293574968	52.317218983	
3.39	-7.02644025075e-06	-5.19650523353e-06	-2.00442827256e-10 	2.35728400103e-09 	52.7007300162 	5.57620000787 	-2.41746596449e-10 	-1.18216771957e-10 	1.14307141903e-09 	-2.78379705622e-08 	5.60563000785 	-5.88599999623 	-6.18588284236e-11 	-1.12716030843e-08 	15.0	-0.872638888889	-14.9208644717	52.4779208143	
3.4	-7.02644025075e-06	-5.7974385626e-06	-1.92062652177e-10 	2.01105441563e-09 	52.7561977163 	5.51734000791 	-2.43642139158e-10 	-2.60891548249e-10 	8.3801750796e-10 	-3.46229585394e-08 	5.54677000789 	-5.88599999623 	-1.89554270893e-10 	-1.42674776292e-08 	15.0	-0.872638888889	-15.1123714465	52.6386226456	
3.41	-7.02644025075e-06	-6.33107216123e-06	-1.87412751657e-10 	1.61193678285e-09 	52.8110768163 	5.45848000795 	-2.47086990582e-10 	-4.28078620541e-10 	4.64990051996e-10 	-3.99117632781e-08 	5.48791000793 	-5.88599999623 	-3.44485142371e-10 	-1.67187072292e-08 	15.0	-0.872638888889	-15.3038784214	52.7993244769	
3.42	-7.02644025075e-06	-6.80048811506e-06	-1.8714194168e-10 	1.15354588059e-09 	52.8653673164 	5.39962000798 	-2.52341513944e-10 	-6.22825656646e-10 	2.70809976495e-11 	-4.58390902267e-08 	5.42905000797 	-5.88599999623 	-5.25452336149e-10 	-1.94747036105e-08 	15.0	-0.872638888889	-15.4953853962	52.9600263082	
3.43	-7.02644025075e-06	-7.20907487665e-06	-1.91861122129e-10 	6.51975378381e-10 	52.9190692165 	5.34076000802 	-2.59651332668e-10 	-8.39137782914e-10 	-4.7191804492e-10 	-5.01570502205e-08 	5.370190008 	-5.88599999623 	-7.30981872452e-10 	-2.16312126267e-08 	15.0	-0.872638888889	-15.6868923711	53.1207281395	
3.44	-7.02644025075e-06	-7.56044778588e-06	-2.02122088936e-10 	1.04755720825e-10 	52.9721825166 	5.28190000806 	-2.69238912399e-10 	-1.07837758058e-09 	-1.02609668069e-09 	-5.47219657556e-08 	5.31133000804 	-5.88599999623 	-9.58757973138e-10 	-2.39239797669e-08 	15.0	-0.872638888889	-15.8783993459	53.2814299708	
3.45	-6.76312549571e-06	-7.81986798468e-06	-2.18383561643e-10 	-4.6564771311e-10 	53.0247072167 	5.22304000808 	-2.81290013374e-10 	-1.33184212509e-09 	-1.62614727062e-09 	-5.70403433935e-08 	5.25247000807 	-5.88599999771 	-1.20511009749e-09 	-2.53464544512e-08 	15.0	-0.872638888889	-16.0699063207	53.4421318022	
3.46	-6.76312549571e-06	-8.03237810363e-06	-2.40993828465e-10 	-1.0587474809e-09 	53.0766433167 	5.16418000811 	-2.95946812243e-10 	-1.59951729243e-09 	-2.26102668228e-09 	-5.93099767791e-08 	5.19361000809 	-5.88599999771 	-1.46567988681e-09 	-2.67675167334e-08 	15.0	-0.872638888889	-16.2614132956	53.6028336335	
3.47	-6.76312549571e-06	-8.20192026469e-06	-2.70268225246e-10 	-1.66794073617e-09 	53.1279908168 	5.10532000813 	-3.13338934767e-10 	-1.87890636552e-09 	-2.92743967802e-09 	-6.09193255273e-08 	5.13475000812 	-5.88599999771 	-1.73921225242e-09 	-2.79389073094e-08 	15.0	-0.872638888889	-16.4529202704	53.7635354648	
3.48	-6.76312549571e-06	-8.33238779285e-06	-3.06458722782e-10 	-2.28690758803e-09 	53.1787497169 	5.04646000815 	-3.33571284687e-10 	-2.16756309579e-09 	-3.61904975364e-09 	-6.18966851852e-08 	5.07589000814 	-5.88599999771 	-2.02323499203e-09 	-2.88656730263e-08 	15.0	-0.872638888889	-16.6444272453	53.9242372961	
3.49	-6.76312549571e-06	-8.42758800387e-06	-3.49739878437e-10 	-2.90657071851e-09 	53.228920017 	4.98760000817 	-3.56718478398e-10 	-2.46187463977e-09 	-4.32811556546e-09 	-6.19663130489e-08 	5.01703000816 	-5.88599999771 	-2.31471937107e-09 	-2.94311543983e-08 	15.0	-0.872638888889	-16.8359342201	54.0849391274	
3.5	-6.76312549571e-06	-8.49121098318e-06	-4.00241993377e-10 	-3.52751486588e-09 	53.2785017171 	4.9287400082 	-3.8283809994e-10 	-2.76204861897e-09 	-5.05021149404e-09 	-6.2094414737e-08 	4.95817000819 	-5.88599999771 	-2.61196215426e-09 	-3.00173979197e-08 	15.0	-0.872638888889	-17.027441195	54.2456409587	
3.51	-6.76312549571e-06	-8.52680389855e-06	-4.58037925883e-10 	-4.13825150148e-09 	53.3274948171 	4.86988000822 	-4.11965442923e-10 	-3.06341891351e-09 	-5.77959325065e-09 	-6.10736635596e-08 	4.89931000821 	-5.88599999771 	-2.91273429828e-09 	-3.01370294548e-08 	15.0	-0.872638888889	-17.2189481698	54.40634279	
3.52	-6.76312549571e-06	-8.53775038832e-06	-5.23130027182e-10 	-4.73701452655e-09 	53.3758993172 	4.81102000824 	-4.44108305731e-10 	-3.36515257174e-09 	-6.50921012984e-09 	-5.98763025066e-08 	4.84045000823 	-5.88599999771 	-3.21428628079e-09 	-3.01733658229e-08 	15.0	-0.872638888889	-17.4104551446	54.5670446213	
3.53	-6.76312549571e-06	-8.52725457192e-06	-5.9549940689e-10 	-5.32234780453e-09 	53.4237152173 	4.75216000827 	-4.79266699927e-10 	-3.66652518056e-09 	-7.23693797078e-09 	-5.85333277988e-08 	4.78159000825 	-5.88599999771 	-3.51583941958e-09 	-3.01372608821e-08 	15.0	-0.872638888889	-17.6019621195	54.7277464526	
3.54	-6.76312549571e-06	-8.49832923863e-06	-6.75108559472e-10 	-5.89308097583e-09 	53.4709425174 	4.69330000829 	-5.17433900857e-10 	-3.96691390952e-09 	-7.96091525827e-09 	-5.70733171293e-08 	4.72273000828 	-5.88599999771 	-3.81672009304e-09 	-3.00388728956e-08 	15.0	-0.872638888889	-17.7934690943	54.888448284	
3.55	-4.52288799013e-06	-8.12615304804e-06	-7.61597722144e-10 	-6.38765518424e-09 	53.5175812175 	4.63444000829 	-5.58474986846e-10 	-4.24130232541e-09 	-8.64891626716e-09 	-4.94574208411e-08 	4.66387000829 	-5.88599999936 	-4.10410859891e-09 	-2.74388415885e-08 	15.0	-0.872638888889	-17.9849760692	55.0491501153	
3.56	-4.52288799013e-06	-7.76368391127e-06	-8.54318066147e-10 	-6.81262419471e-09 	53.5636313176 	4.5755800083 	-6.02140084202e-10 	-4.49171630061e-09 	-9.27203440034e-09 	-4.24969010469e-08 	4.6050100083 	-5.88599999936 	-4.36650973559e-09 	-2.504139752e-08 	15.0	-0.872638888889	-18.176483044	55.2098519466	
3.57	-4.52288799013e-06	-7.41368915386e-06	-9.52670550994e-10 	-7.17454169709e-09 	53.6090928176 	4.51672000831 	-6.4819985274e-10 	-4.72023666484e-09 	-9.83524848467e-09 	-3.6191750238e-08 	4.5461500083 	-5.88599999936 	-4.6059768538e-09 	-2.28520364231e-08 	15.0	-0.872638888889	-18.3679900189	55.3705537779	
3.58	-4.52288799013e-06	-7.0784221756e-06	-1.05612274005e-09 	-7.48299763817e-09 	53.6539657177 	4.45786000831 	-6.96452158154e-10 	-4.93022375651e-09 	-1.0345218906e-08 	-3.08455941083e-08 	4.48729000831 	-5.88599999936 	-4.82523054142e-09 	-2.09987091672e-08 	15.0	-0.872638888889	-18.5594969937	55.5312556092	
3.59	-4.52288799013e-06	-6.75966647982e-06	-1.16417792487e-09 	-7.73808277049e-09 	53.6982500178 	4.39900000832 	-7.4670967391e-10 	-5.1212788173e-09 	-1.08055184819e-08 	-2.55085132316e-08 	4.42843000832 	-5.88599999936 	-5.02575157561e-09 	-1.91055060793e-08 	15.0	-0.872638888889	-18.7510039685	55.6919574405	
3.6	-4.52288799013e-06	-6.45877904497e-06	-1.27637503431e-09 	-7.9491479913e-09 	53.7419457179 	4.34014000833 	-7.98799800794e-10 	-5.29674604543e-09 	-1.12197109434e-08 	-2.11065220817e-08 	4.36957000832 	-5.88599999936 	-5.20901268837e-09 	-1.75467228124e-08 	15.0	-0.872638888889	-18.9425109434	55.8526592718	
3.61	-4.52288799013e-06	-6.17673263945e-06	-1.39230377979e-09 	-8.11907567523e-09 	53.785052818 	4.28128000833 	-8.52570684499e-10 	-5.45743024099e-09 	-1.15928745484e-08 	-1.69927683921e-08 	4.31071000833 	-5.88599999936 	-5.3770883705e-09 	-1.60684195562e-08 	15.0	-0.872638888889	-19.1340179182	56.0133611031	
3.62	-4.52288799013e-06	-5.91415674637e-06	-1.51157244341e-09 	-8.25057617819e-09 	53.8275713181 	4.22242000834 	-9.07878294849e-10 	-5.60409143009e-09 	-1.19268663615e-08 	-1.31500502965e-08 	4.25185000834 	-5.88599999936 	-5.53076103502e-09 	-1.46661189105e-08 	15.0	-0.872638888889	-19.3255248931	56.1740629344	
3.63	-4.52288799013e-06	-5.67137682535e-06	-1.63383833714e-09 	-8.35243770879e-09 	53.8695012181 	4.16356000835 	-9.64598575831e-10 	-5.73996440508e-09 	-1.22265893739e-08 	-1.01861530601e-08 	4.19299000834 	-5.88599999936 	-5.6720280982e-09 	-1.35872974984e-08 	15.0	-0.872638888889	-19.5170318679	56.3347647657	
3.64	-4.52288799013e-06	-5.44845169427e-06	-1.75879086508e-09 	-8.42378287548e-09 	53.9108425182 	4.10470000835 	-1.02262064112e-09 	-5.86444833388e-09 	-1.24952527935e-08 	-7.13451666912e-09 	4.13413000835 	-5.88599999936 	-5.80220652902e-09 	-1.24483928807e-08 	15.0	-0.872638888889	-19.7085388428	56.4954665971	
3.65	-4.52288799013e-06	-5.24520886421e-06	-1.88615039513e-09 	-8.47301341252e-09 	53.9515952183 	4.04584000836 	-1.08184629667e-09 	-5.9806824833e-09 	-1.27359530046e-08 	-4.9230537035e-09 	4.07527000836 	-5.88599999936 	-5.92256555526e-09 	-1.16234149419e-08 	15.0	-0.872638888889	-19.9000458176	56.6561684284	
3.66	-4.93629940758e-06	-5.12173912619e-06	-2.01571443755e-09 	-8.50826291773e-09 	53.9917593184 	3.98698000836 	-1.14220847707e-09 	-6.09175324727e-09 	-1.2956404242e-08 	-3.52495052093e-09 	4.01641000836 	-5.88599999958 	-6.03621803969e-09 	-1.11070763964e-08 	15.0	-0.872638888889	-20.0915527924	56.8168702597	
3.67	-4.93629940758e-06	-5.01285160596e-06	-2.14732292458e-09 	-8.53075822627e-09 	54.0313348185 	3.92812000837 	-1.2036573493e-09 	-6.19802085686e-09 	-1.31608487038e-08 	-2.24953085435e-09 	3.95755000837 	-5.88599999958 	-6.14488722267e-09 	-1.0626760959e-08 	15.0	-0.872638888889	-20.2830597673	56.977572091	
3.68	-4.93629940758e-06	-4.91780268873e-06	-2.28083947796e-09 	-8.54475382029e-09 	54.0703217186 	3.86926000837 	-1.26615282199e-09 	-6.30107334066e-09 	-1.33516553377e-08 	-1.3995594017e-09 	3.89869000837 	-5.88599999958 	-6.24954726912e-09 	-1.03052483802e-08 	15.0	-0.872638888889	-20.4745667421	57.1382739223	
3.69	-4.93629940758e-06	-4.83579346341e-06	-2.4161189293e-09 	-8.54493486469e-09 	54.1087200186 	3.81040000838 	-1.32965153368e-09 	-6.39866826623e-09 	-1.35279451336e-08 	-1.8104440623e-11 	3.83983000837 	-5.88599999958 	-6.34987116871e-09 	-9.7594925576e-09 	15.0	-0.872638888889	-20.666073717	57.2989757536	
3.7	-4.93629940758e-06	-4.76598617538e-06	-2.55303852803e-09 	-8.54175348392e-09 	54.1465297187 	3.75154000838 	-1.39411930035e-09 	-6.49488466835e-09 	-1.36919598735e-08 	3.18138076992e-10 	3.78097000838 	-5.88599999958 	-6.44677666701e-09 	-9.62164021183e-09 	15.0	-0.872638888889	-20.8575806918	57.4596775849	
3.71	-4.93629940758e-06	-4.7075188951e-06	-2.69151299594e-09 	-8.53280016297e-09 	54.1837508188 	3.69268000838 	-1.45953716342e-09 	-6.58868734668e-09 	-1.38474467909e-08 	8.95332095428e-10 	3.72211000838 	-5.88599999958 	-6.5417863069e-09 	-9.38026783326e-09 	15.0	-0.872638888889	-21.0490876667	57.6203794162	
3.72	-4.93629940758e-06	-4.65951847842e-06	-2.83146201009e-09 	-8.52194426858e-09 	54.2203833189 	3.63382000839 	-1.52588836303e-09 	-6.68155194129e-09 	-1.39949014149e-08 	1.08558943851e-09 	3.66325000839 	-5.88599999958 	-6.6351199611e-09 	-9.28645946033e-09 	15.0	-0.872638888889	-21.2405946415	57.7810812475	
3.73	-4.93629940758e-06	-4.62111190345e-06	-2.97280982809e-09 	-8.50667886073e-09 	54.256427219 	3.57496000839 	-1.59315818856e-09 	-6.77241249823e-09 	-1.41347818001e-08 	1.5265407859e-09 	3.60439000839 	-5.88599999958 	-6.72698255317e-09 	-9.08605569453e-09 	15.0	-0.872638888889	-21.4321016163	57.9417830789	
3.74	-4.93629940758e-06	-4.59143607552e-06	-3.11545291987e-09 	-8.4844233836e-09 	54.2918825191 	3.5161000084 	-1.66132102176e-09 	-6.86015325946e-09 	-1.42643091776e-08 	2.22554771256e-09 	3.54553000839 	-5.88599999958 	-6.81628332002e-09 	-8.77407612265e-09 	15.0	-0.872638888889	-21.6236085912	58.1024849102	
3.75	-4.93629940758e-06	-4.56964619684e-06	-3.25930716953e-09 	-8.46211137322e-09 	54.3267492191 	3.4572400084 	-1.73035920554e-09 	-6.94748275263e-09 	-1.43854249662e-08 	2.23120103769e-09 	3.4866700084 	-5.88599999958 	-6.90381837838e-09 	-8.73294931755e-09 	15.0	-0.872638888889	-21.815115566	58.2631867415	
3.76	-4.17243091365e-06	-4.44320703318e-06	-3.40426561968e-09 	-8.42870578779e-09 	54.3610273192 	3.3983800084 	-1.80024616242e-09 	-7.02990765564e-09 	-1.44958450155e-08 	3.34055854372e-09 	3.4278100084 	-5.88599999984 	-6.98869568737e-09 	-8.24249030087e-09 	15.0	-0.872638888889	-22.0066225409	58.4238885728	
3.77	-4.17243091365e-06	-4.33079092526e-06	-3.55018458964e-09 	-8.38843031397e-09 	54.3947168193 	3.3395200084 	-1.87094080396e-09 	-7.10901963685e-09 	-1.4591896995e-08 	4.02754738183e-09 	3.3689500084 	-5.88599999984 	-7.06946415435e-09 	-7.9111981211e-09 	15.0	-0.872638888889	-22.1981295157	58.5845904041	
3.78	-4.17243091365e-06	-4.23176944178e-06	-3.69694331528e-09 	-8.34217883705e-09 	54.4278177194 	3.28066000841 	-1.94241139101e-09 	-7.18509652249e-09 	-1.46758725645e-08 	4.62514769195e-09 	3.3100900084 	-5.88599999984 	-7.14705870541e-09 	-7.60768856393e-09 	15.0	-0.872638888889	-22.3896364906	58.7452922354	
3.79	-4.17243091365e-06	-4.14544830013e-06	-3.84441130099e-09 	-8.28760899187e-09 	54.4603300195 	3.22180000841 	-2.01462246357e-09 	-7.25711650302e-09 	-1.47467985713e-08 	5.45698451821e-09 	3.25123000841 	-5.88599999984 	-7.22110725555e-09 	-7.20199805249e-09 	15.0	-0.872638888889	-22.5811434654	58.9059940667	
3.8	-4.17243091365e-06	-4.071084067e-06	-3.9924637232e-09 	-8.2286832969e-09 	54.4922537196 	3.16294000841 	-2.08754098231e-09 	-7.32658604518e-09 	-1.48052422203e-08 	5.89256949634e-09 	3.19237000841 	-5.88599999984 	-7.29185187399e-09 	-6.9469542161e-09 	15.0	-0.872638888889	-22.7726504402	59.066695898	
3.81	-4.17243091365e-06	-4.00789915737e-06	-4.14101273702e-09 	-8.16925277053e-09 	54.5235888196 	3.10408000841 	-2.16114887073e-09 	-7.39499000483e-09 	-1.48549013824e-08 	5.9430526372e-09 	3.13351000841 	-5.88599999984 	-7.36078884258e-09 	-6.840395965e-09 	15.0	-0.872638888889	-22.9641574151	59.2273977293	
3.82	-4.17243091365e-06	-3.9550951928e-06	-4.28997504291e-09 	-8.10672615036e-09 	54.5543353197 	3.04522000841 	-2.23543000972e-09 	-7.46123589785e-09 	-1.48962305889e-08 	6.25266201683e-09 	3.07465000841 	-5.88599999984 	-7.42811389897e-09 	-6.62458930162e-09 	15.0	-0.872638888889	-23.1556643899	59.3880995607	
3.83	-4.17243091365e-06	-3.9118647903e-06	-4.4392712924e-09 	-8.04481754465e-09 	54.5844932198 	2.98636000841 	-2.31037000081e-09 	-7.5267603315e-09 	-1.49296249491e-08 	6.19086057121e-09 	3.01579000841 	-5.88599999984 	-7.49399910833e-09 	-6.55244336503e-09 	15.0	-0.872638888889	-23.3471713648	59.548801392	
3.84	-4.17243091365e-06	-3.87740186103e-06	-4.58882572517e-09 	-7.98084625343e-09 	54.6140625199 	2.92750000842 	-2.38595602814e-09 	-7.59044322962e-09 	-1.49554432774e-08 	6.39712912193e-09 	2.95693000841 	-5.88599999984 	-7.558602733e-09 	-6.36828981283e-09 	15.0	-0.872638888889	-23.5386783396	59.7095032233	
3.85	-4.17243091365e-06	-3.85091050406e-06	-4.73856574807e-09 	-7.91842818534e-09 	54.64304322 	2.86864000842 	-2.46217668633e-09 	-7.65368585912e-09 	-1.49740022897e-08 	6.24180680894e-09 	2.89807000842 	-5.88599999984 	-7.62206581918e-09 	-6.32426294958e-09 	15.0	-0.872638888889	-23.7301853145	59.8702050546	
3.86	-4.17243091365e-06	-3.83161258488e-06	-4.88843739668e-09 	-7.8579408612e-09 	54.6714353201 	2.80978000842 	-2.53902814015e-09 	-7.71660241856e-09 	-1.49871648614e-08 	6.04873241403e-09 	2.83921000842 	-5.88599999984 	-7.68514538219e-09 	-6.29165594411e-09 	15.0	-0.872638888889	-23.9216922893	60.0309068859	
3.87	-4.29589921152e-06	-3.83681132955e-06	-5.0383927357e-09 	-7.80045175578e-09 	54.6992388202 	2.75092000842 	-2.61650909954e-09 	-7.7795866703e-09 	-1.49955339018e-08 	5.74891054206e-09 	2.78035000842 	-5.88599999993 	-7.74809593933e-09 	-6.29842517385e-09 	15.0	-0.872638888889	-24.1131992641	60.1916087172	
3.88	-4.29589921152e-06	-3.84647298237e-06	-5.18838932007e-09 	-7.7462140394e-09 	54.7264537202 	2.69206000842 	-2.6946205922e-09 	-7.84270893785e-09 	-1.4999658437e-08 	5.42377163823e-09 	2.72149000842 	-5.88599999993 	-7.81114926584e-09 	-6.31222675452e-09 	15.0	-0.872638888889	-24.304706239	60.3523105485	
3.89	-4.29589921152e-06	-3.85988635713e-06	-5.33838599682e-09 	-7.69544873114e-09 	54.7530800203 	2.63320000842 	-2.77336430024e-09 	-7.90602942268e-09 	-1.49996676747e-08 	5.07653082582e-09 	2.66263000842 	-5.88599999993 	-7.87437080373e-09 	-6.33204848351e-09 	15.0	-0.872638888889	-24.4962132138	60.5130123798	
3.9	-4.29589921152e-06	-3.87639407091e-06	-5.48834263767e-09 	-7.64835234663e-09 	54.7791177204 	2.57434000842 	-2.85274244178e-09 	-7.9695953033e-09 	-1.49956640855e-08 	4.70963845082e-09 	2.60377000842 	-5.88599999993 	-7.93781415411e-09 	-6.35658806207e-09 	15.0	-0.872638888889	-24.6877201887	60.6737142111	
3.91	-4.29589921152e-06	-3.89539267616e-06	-5.63821988836e-09 	-7.60509446011e-09 	54.8045668205 	2.51548000842 	-2.93275766477e-09 	-8.03344536481e-09 	-1.4987725069e-08 	4.32578865216e-09 	2.54491000842 	-5.88599999993 	-8.00152229923e-09 	-6.38500615117e-09 	15.0	-0.872638888889	-24.8792271635	60.8344160424	
3.92	-4.29589921152e-06	-3.91633216823e-06	-5.78799487615e-09 	-7.56899681578e-09 	54.8294273206 	2.45662000842 	-3.01341932436e-09 	-8.09888207934e-09 	-1.49774987786e-08 	3.60976443346e-09 	2.48605000842 	-5.88599999993 	-8.06616595878e-09 	-6.54367145261e-09 	15.0	-0.872638888889	-25.0707341384	60.9951178738	
3.93	-4.29589921152e-06	-3.93871495811e-06	-5.93764513951e-09 	-7.53699982282e-09 	54.8536992207 	2.39776000842 	-3.09473706167e-09 	-8.16466071067e-09 	-1.49650263358e-08 	3.19969929539e-09 	2.42719000842 	-5.88599999993 	-8.13177373044e-09 	-6.57786313281e-09 	15.0	-0.872638888889	-25.2622411132	61.1558197051	
3.94	-4.29589921152e-06	-3.9620943942e-06	-6.08713249107e-09 	-7.50921737475e-09 	54.8773825207 	2.33890000842 	-3.17671436045e-09 	-8.23079398051e-09 	-1.49487351559e-08 	2.77824480751e-09 	2.36833000842 	-5.88599999993 	-8.19772987828e-09 	-6.61332698466e-09 	15.0	-0.872638888889	-25.453748088	61.3165215364	
3.95	-4.29589921152e-06	-3.98607291061e-06	-6.23643461521e-09 	-7.48891105976e-09 	54.9004772208 	2.28004000842 	-3.25936116935e-09 	-8.29856231943e-09 	-1.49302124142e-08 	2.03063149906e-09 	2.30947000842 	-5.88599999993 	-8.26468089005e-09 	-6.77683389175e-09 	15.0	-0.872638888889	-25.6452550629	61.4772233677	
3.96	-4.29589921152e-06	-4.0102998732e-06	-6.38552908839e-09 	-7.4729875229e-09 	54.9229833209 	2.22118000843 	-3.34268752225e-09 	-8.36670234643e-09 	-1.4909447318e-08 	1.59235368594e-09 	2.25061000843 	-5.88599999993 	-8.33263529055e-09 	-6.81400269943e-09 	15.0	-0.872638888889	-25.8367620377	61.637925199	
3.97	-8.32289150559e-06	-4.62341681139e-06	-6.53465229572e-09 	-7.5162696041e-09 	54.944900821 	2.16232000843 	-3.42680709997e-09 	-8.4572072595e-09 	-1.49123207328e-08 	-4.32820812075e-09 	2.19175000843 	-5.88599999989 	-8.41195777183e-09 	-9.05049130763e-09 	15.0	-0.872638888889	-26.0282690126	61.7986270303	
3.98	-8.32289150559e-06	-5.19538205325e-06	-6.68430622176e-09 	-7.61660648554e-09 	54.9662297211 	2.10346000843 	-3.51194001009e-09 	-8.56936826516e-09 	-1.49653926042e-08 	-1.00336881437e-08 	2.13289000843 	-5.88599999989 	-8.51329101184e-09 	-1.12161005655e-08 	15.0	-0.872638888889	-26.2197759874	61.9593288616	
3.99	-8.32289150559e-06	-5.72531646879e-06	-6.83501827808e-09 	-7.7806170972e-09 	54.9869700212 	2.04460000843 	-3.59831677399e-09 	-8.70597816099e-09 	-1.5071205632e-08 	-1.64010611656e-08 	2.07403000843 	-5.88599999989 	-8.63767638963e-09 	-1.36609895835e-08 	15.0	-0.872638888889	-26.4112829623	62.1200306929	
4.0	-8.32289150559e-06	-6.21293245739e-06	-6.98734960652e-09 	-8.00787181827e-09 	55.0071217212 	1.98574000843 	-3.68618171843e-09 	-8.86700433142e-09 	-1.52331328438e-08 	-2.27254721076e-08 	2.01517000843 	-5.88599999989 	-8.78649444439e-09 	-1.61026170428e-08 	15.0	-0.872638888889	-26.6027899371	62.2807325242	
4.01	-8.32289150559e-06	-6.65845732683e-06	-7.14185666594e-09 	-8.2973930174e-09 	55.0266848213 	1.92688000843 	-3.77577768234e-09 	-9.05218181597e-09 	-1.54507059425e-08 	-2.8952119913e-08 	1.95631000843 	-5.88599999989 	-8.95959639051e-09 	-1.85177484546e-08 	15.0	-0.872638888889	-26.7942969119	62.4414343556	
4.02	-8.32289150559e-06	-7.0625612234e-06	-7.29905429625e-09 	-8.6415110944e-09 	55.0456593214 	1.86802000843 	-3.86733129084e-09 	-9.25853354148e-09 	-1.57197630311e-08 	-3.44118077001e-08 	1.89745000843 	-5.88599999989 	-9.15536085009e-09 	-2.06351725517e-08 	15.0	-0.872638888889	-26.9858038868	62.6021361869	
4.03	-8.32289150559e-06	-7.42628980961e-06	-7.45942694426e-09 	-9.04165791412e-09 	55.0640452215 	1.80916000843 	-3.9610574999e-09 	-9.48670129486e-09 	-1.60372648009e-08 	-4.00146819714e-08 	1.83859000843 	-5.88599999989 	-9.37262090675e-09 	-2.28167753379e-08 	15.0	-0.872638888889	-27.1773108616	62.7628380182	
4.04	-8.32289150559e-06	-7.75100180577e-06	-7.62345642001e-09 	-9.49583703176e-09 	55.0818425216 	1.75030000843 	-4.05717075293e-09 	-9.73594256415e-09 	-1.64029475745e-08 	-4.54179117638e-08 	1.77973000843 	-5.88599999989 	-9.61132530212e-09 	-2.49241269283e-08 	15.0	-0.872638888889	-27.3688178365	62.9235398495	
4.05	-8.32289150559e-06	-8.03831144156e-06	-7.7915720804e-09 	-9.99565787848e-09 	55.0990512217 	1.69144000844 	-4.15586512841e-09 	-1.00029256391e-08 	-1.68115660393e-08 	-4.99820846724e-08 	1.72087000843 	-5.88599999989 	-9.86943754823e-09 	-2.66983074967e-08 	15.0	-0.872638888889	-27.5603248113	63.0842416808	
4.06	-8.32289150559e-06	-8.29003580224e-06	-7.96414896129e-09 	-1.05389126616e-08 	55.1156713218 	1.63258000844 	-4.25731362697e-09 	-1.02867671689e-08 	-1.72576880893e-08 	-5.43254783154e-08 	1.66201000844 	-5.88599999989 	-1.01448498559e-08 	-2.83841529823e-08 	15.0	-0.872638888889	-27.7518317862	63.2449435121	
4.07	-1.15566359313e-05	-8.98108212316e-06	-8.14194405597e-09 	-1.12043417058e-08 	55.1317028218 	1.57372000844 	-4.36184275485e-09 	-1.0619052185e-08 	-1.77795094682e-08 	-6.65429044213e-08 	1.60315000844 	-5.88599999994 	-1.04529127882e-08 	-3.32285016097e-08 	15.0	-0.872638888889	-27.943338761	63.4056453434	
4.08	-1.15566359313e-05	-9.6078121711e-06	-8.32608146803e-09 	-1.19864270634e-08 	55.1471457219 	1.51486000844 	-4.46992673906e-09 	-1.09977386556e-08 	-1.84137412058e-08 	-7.82085357508e-08 	1.54429000844 	-5.88599999994 	-1.08083984216e-08 	-3.7868647055e-08 	15.0	-0.872638888889	-28.1348457358	63.5663471747	
4.09	-1.15566359313e-05	-1.01718579299e-05	-8.51764256527e-09 	-1.2881924824e-08 	55.162000022 	1.45600000844 	-4.58202372963e-09 	-1.14216538713e-08 	-1.91561097238e-08 	-8.95497760604e-08 	1.48543000844 	-5.88599999994 	-1.12096990563e-08 	-4.23915215759e-08 	15.0	-0.872638888889	-28.3263527107	63.727049006	
4.1	-1.15566359313e-05	-1.06753362637e-05	-8.71765744202e-09 	-1.388388098e-08 	55.1762657221 	1.39714000844 	-4.6985725136e-09 	-1.18880977322e-08 	-2.00014876754e-08 	-1.001956156e-07 	1.42657000844 	-5.88599999994 	-1.16548783975e-08 	-4.66443860877e-08 	15.0	-0.872638888889	-28.5178596855	63.8877508373	
4.11	-1.15566359313e-05	-1.11207596438e-05	-8.92706765552e-09 	-1.49818835087e-08 	55.1899428222 	1.33828000844 	-4.81997770734e-09 	-1.23929356219e-08 	-2.09410213498e-08 	-1.09800252872e-07 	1.36771000844 	-5.88599999994 	-1.21405193741e-08 	-5.04837889631e-08 	15.0	-0.872638888889	-28.7093666604	64.0484526687	
4.12	-1.15566359313e-05	-1.15109544757e-05	-9.14669110599e-09 	-1.61622592974e-08 	55.2030313223 	1.27942000844 	-4.94659578664e-09 	-1.29306743728e-08 	-2.19623450468e-08 	-1.18037578873e-07 	1.30885000844 	-5.88599999994 	-1.26618079298e-08 	-5.37738750977e-08 	15.0	-0.872638888889	-28.9008736352	64.2091545	
4.13	-1.15566359313e-05	-1.18489869218e-05	-9.37728057265e-09 	-1.74265735347e-08 	55.2155312223 	1.22056000844 	-5.07875856451e-09 	-1.3501874351e-08 	-2.30589466665e-08 	-1.26431423728e-07 	1.24999000844 	-5.88599999994 	-1.32162777866e-08 	-5.71199978134e-08 	15.0	-0.872638888889	-29.0923806101	64.3698563313	
4.14	-1.15566359313e-05	-1.21380960389e-05	-9.61950702766e-09 	-1.87580471663e-08 	55.2274425224 	1.16170000844 	-5.21676658504e-09 	-1.40997209563e-08 	-2.42226455007e-08 	-1.33147363163e-07 	1.19113000844 	-5.88599999994 	-1.38008020536e-08 	-5.97846605381e-08 	15.0	-0.872638888889	-29.2838875849	64.5305581626	
4.15	-1.15566359313e-05	-1.23816339991e-05	-9.87391349009e-09 	-2.01492532816e-08 	55.2387652225 	1.10284000844 	-5.36087068543e-09 	-1.47210877e-08 	-2.54406462429e-08 	-1.39120611531e-07 	1.13227000844 	-5.88599999994 	-1.44104100382e-08 	-6.21366743688e-08 	15.0	-0.872638888889	-29.4753945597	64.6912599939	
4.16	-1.15566359313e-05	-1.25830131063e-05	-1.01409363919e-08 	-2.15874082865e-08 	55.2494993226 	1.04398000844 	-5.51128054539e-09 	-1.53606653696e-08 	-2.6702290178e-08 	-1.43815500492e-07 	1.07341000844 	-5.88599999994 	-1.50409859968e-08 	-6.39577669613e-08 	15.0	-0.872638888889	-29.6669015346	64.8519618252	
4.17	-1.15566359313e-05	-1.27456592909e-05	-1.04208920484e-08 	-2.30646059041e-08 	55.2596448227 	0.985120008443 	-5.66815922986e-09 	-1.60150506817e-08 	-2.79955656511e-08 	-1.47719761758e-07 	1.01455000844 	-5.88599999994 	-1.56878684471e-08 	-6.54385312005e-08 	15.0	-0.872638888889	-29.8584085094	65.0126636565	
4.18	-1.31126530956e-05	-1.3100539238e-05	-1.07143315697e-08 	-2.46360399908e-08 	55.2692017228 	0.926260008443 	-5.83176513387e-09 	-1.67061001811e-08 	-2.9343952133e-08 	-1.57143408668e-07 	0.955690008443 	-5.88599999999 	-1.63605904003e-08 	-6.91049499438e-08 	15.0	-0.872638888889	-30.0499154843	65.1733654878	
4.19	-1.31126530956e-05	-1.34076466732e-05	-1.10220167566e-08 	-2.62909577242e-08 	55.2781700229 	0.867400008443 	-6.00244222551e-09 	-1.74292756487e-08 	-3.07685186874e-08 	-1.65491773339e-07 	0.896830008443 	-5.88599999999 	-1.70677091638e-08 	-7.23175467564e-08 	15.0	-0.872638888889	-30.2414224591	65.3340673191	
4.2	-1.31126530956e-05	-1.36699759269e-05	-1.13445778773e-08 	-2.80156880075e-08 	55.2865497229 	0.808540008444 	-6.18048314573e-09 	-1.81788640356e-08 	-3.22561120731e-08 	-1.72473028335e-07 	0.837970008444 	-5.88599999999 	-1.78040920221e-08 	-7.49588386981e-08 	15.0	-0.872638888889	-30.432929434	65.4947691505	
4.21	-1.31126530956e-05	-1.38906208494e-05	-1.16825286293e-08 	-2.98027124784e-08 	55.294340823 	0.749680008444 	-6.36613620866e-09 	-1.89517126072e-08 	-3.37950752019e-08 	-1.78702447088e-07 	0.779110008444 	-5.88599999999 	-1.8565306293e-08 	-7.72848571581e-08 	15.0	-0.872638888889	-30.6244364088	65.6554709818	
4.22	-1.31126530956e-05	-1.40727265702e-05	-1.20362816295e-08 	-3.16411414671e-08 	55.3015433231 	0.690820008444 	-6.55961280789e-09 	-1.9743386911e-08 	-3.53753000205e-08 	-1.83842898867e-07 	0.720250008444 	-5.88599999999 	-1.93476599236e-08 	-7.91674303789e-08 	15.0	-0.872638888889	-30.8159433836	65.8161728131	
4.23	-1.31126530956e-05	-1.42194471921e-05	-1.24061442738e-08 	-3.35247914566e-08 	55.3081572232 	0.631960008444 	-6.76108689499e-09 	-2.05514448503e-08 	-3.69862644267e-08 	-1.88364998956e-07 	0.661390008444 	-5.88599999999 	-2.01474087097e-08 	-8.08057939301e-08 	15.0	-0.872638888889	-31.0074503585	65.9768746444	
4.24	-1.31126530956e-05	-1.43339090965e-05	-1.27923094321e-08 	-3.54375157351e-08 	55.3141825233 	0.573100008444 	-6.97069302623e-09 	-2.13696508567e-08 	-3.86165158289e-08 	-1.91272427846e-07 	0.602530008444 	-5.88599999999 	-2.09606131236e-08 	-8.1820600639e-08 	15.0	-0.872638888889	-31.1989573333	66.1375764757	
4.25	-1.31126530956e-05	-1.44191795137e-05	-1.31948706276e-08 	-3.7379786173e-08 	55.3196192234 	0.514240008444 	-7.18853518135e-09 	-2.21987498881e-08 	-4.02561195483e-08 	-1.94227043791e-07 	0.543670008444 	-5.88599999999 	-2.1784215512e-08 	-8.29099031382e-08 	15.0	-0.872638888889	-31.3904643082	66.298278307	
4.26	-1.31126530956e-05	-1.44782400024e-05	-1.36138354327e-08 	-3.93366842943e-08 	55.3244673234 	0.455380008444 	-7.41469682507e-09 	-2.30339261663e-08 	-4.18964805076e-08 	-1.95689812129e-07 	0.484810008444 	-5.88599999999 	-2.26161643721e-08 	-8.35176278176e-08 	15.0	-0.872638888889	-31.581971283	66.4589801383	
4.27	-1.31126530956e-05	-1.45139644725e-05	-1.40490951135e-08 	-4.13006030513e-08 	55.3287268235 	0.396520008444 	-7.6492369507e-09 	-2.38743616875e-08 	-4.35259680822e-08 	-1.963918757e-07 	0.425950008444 	-5.88599999999 	-2.34540125636e-08 	-8.40435521238e-08 	15.0	-0.872638888889	-31.7734782578	66.6196819696	
4.28	-1.62331928469e-05	-1.49854803247e-05	-1.45010890194e-08 	-4.33942507983e-08 	55.3323977236 	0.337660008444 	-7.89247181408e-09 	-2.47737327398e-08 	-4.5199390588e-08 	-2.09364774698e-07 	0.367090008444 	-5.886 	-2.43234863374e-08 	-8.99371052312e-08 	15.0	-0.872638888889	-31.9649852327	66.7803838009	
4.29	-1.62331928469e-05	-1.54073783028e-05	-1.49707308546e-08 	-4.55894286648e-08 	55.3354800237 	0.278800008444 	-8.14498111343e-09 	-2.57304355586e-08 	-4.69641835266e-08 	-2.19517786653e-07 	0.308230008444 	-5.886 	-2.52509299357e-08 	-9.56702818793e-08 	15.0	-0.872638888889	-32.1564922075	66.9410856322	
4.3	-1.62331928469e-05	-1.57816104674e-05	-1.54586142535e-08 	-4.78525003627e-08 	55.3379737238 	0.219940008444 	-8.40736809247e-09 	-2.67522867674e-08 	-4.87883398847e-08 	-2.26307169788e-07 	0.249370008444 	-5.886 	-2.62386979036e-08 	-1.02185120879e-07 	15.0	-0.872638888889	-32.3479991824	67.1017874636	
4.31	-1.62331928469e-05	-1.61104015916e-05	-1.59648267207e-08 	-5.01120599001e-08 	55.3398788239 	0.161080008444 	-8.68038111633e-09 	-2.7863484066e-08 	-5.06212467271e-08 	-2.25955953736e-07 	0.190510008444 	-5.886 	-2.73013023862e-08 	-1.11119729861e-07 	15.0	-0.872638888889	-32.5395061572	67.2624892949	
4.32	-1.62331928469e-05	-1.63961873156e-05	-1.64883085889e-08 	-5.2190014322e-08 	55.3411953239 	0.102220008444 	-8.96525129642e-09 	-2.91520740807e-08 	-5.2348186812e-08 	-2.07795442192e-07 	0.131650008444 	-5.886 	-2.84870180091e-08 	-1.28859001475e-07 	15.0	-0.872638888889	-32.7310131321	67.4231911262	
4.33	-1.62331928469e-05	-1.66415582791e-05	-1.70244425473e-08 	-5.33465113849e-08 	55.341923224 	0.0433600084443 	-9.26512507924e-09 	-3.10394080819e-08 	-5.36133958432e-08 	-1.15649706295e-07 	0.0727900084443 	-5.886 	-2.99873782816e-08 	-1.88733400112e-07 	15.0	-0.872638888889	-32.9225201069	67.5838929575	
4.34	-1.62331928469e-05	-1.68492100515e-05	-1.75622333733e-08 	-1.05387565494e-07 	55.3420625241 	-0.0154999915557 	-9.58253138384e-09 	5.64765051496e-09 	-5.37790826028e-08 	-5.2041054109e-06 	0.0139300084443 	-5.886 	-3.17406304596e-08 	3.66870585968e-06 	15.0	-0.872638888889	-33.1140270817	67.7445947888	
4.35	-1.62331928469e-05	-1.7021898641e-05	0.000490481382562 	0.0980998946116 	55.3422018242 	0.0433600084471 	-9.52605487866e-09 	5.64765051951e-09 	0.0490498944795 	9.80999999992 	0.0139300089134 	5.88600000028 	5.64765051723e-09 	4.54747350886e-16 	15.0	-0.872638888889	-33.3055340566	67.9052966201	
4.36	-1.62331928469e-05	-1.71624013307e-05	0.0013164461306 	0.0775497891559 	55.3423411271 	-0.0154912598286 	0.00011266019878 	0.0150432386654 	0.0825964748036 	-2.05501054557 	0.0139302873537 	-5.88512682757 	0.0112669724835 	1.50432330177 	15.0	-0.872638888889	-33.4970410314	68.0659984514	
4.37	-1.62331928469e-05	-1.72734825619e-05	0.00160147448487 	-0.0205523081895 	55.342480507 	0.0433730274159 	0.000263092585434 	0.0150432386654 	0.0285028354276 	-9.81020973454 	0.0139379886387 	5.88642872446 	0.0150432386654 	-4.54747350886e-16 	15.0	-0.872638888889	-33.6885480063	68.2267002827	
4.38	-1.62331928469e-05	-1.73578645676e-05	0.0015554541829 	0.0112504063661 	55.3426199445 	-0.0154877593505 	0.000295587192548 	-0.00845027453285 	-0.00460203019718 	3.18027145556 	0.0139437563978 	-5.88607867664 	0.0032494607114 	-2.34935131982 	15.0	-0.872638888889	-33.8800549811	68.387402114	
4.39	-1.83067559394e-05	-1.77214610479e-05	0.00117749118104 	-0.0868484153997 	55.3427594648 	0.0433754347896 	0.000211084447219 	-0.00845027453285 	-0.037796300186 	-9.80988217658 	0.0139520317165 	5.88631941401 	-0.00845027453285 	-4.54747350886e-16 	15.0	-0.872638888889	-34.071561956	68.5481039454	
4.4	-1.83067559394e-05	-1.80425565709e-05	0.000461229978557 	-0.0672107126646 	55.3428990772 	-0.0154710465987 	1.45638843913e-05 	-0.0231307316677 	-0.0716261202485 	1.96377027352 	0.0139612398261 	-5.88464813883 	-0.0196520562828 	-1.46804571348 	15.0	-0.872638888889	-34.2630689308	68.7088057767	
4.41	-1.83067559394e-05	-1.83232764413e-05	0.000279602192013 	0.0308925170667 	55.3430387072 	0.0433931539814 	-0.000216743432285 	-0.0231307316677 	-0.0181627786544 	9.81032297313 	0.0139629996595 	5.88642005801 	-0.0231307316677 	4.54747350886e-16 	15.0	-0.872638888889	-34.4545759056	68.869507608	
4.42	-1.83067559394e-05	-1.85659132734e-05	0.000431365207878 	0.0050813615585 	55.3431783625 	-0.0154692120688 	-0.000333451888128 	-0.00435115738442 	0.0151763015865 	-2.58111555082 	0.0139655306539 	-5.88623660502 	-0.0116708455842 	1.87795742833 	15.0	-0.872638888889	-34.6460828805	69.0302094393	
4.43	-1.83067559394e-05	-1.87728786132e-05	-8.37197063856e-06 	-0.0930180309595 	55.3433178167 	0.0433927010574 	-0.000376963461972 	-0.00435115738442 	-0.0439737178516 	-9.8099392518 	0.0139454141614 	5.88619131261 	-0.00435115738442 	-4.54747350886e-16 	15.0	-0.872638888889	-34.8375898553	69.1909112706	
4.44	-1.83067559394e-05	-1.89466597521e-05	-0.000786521645361 	-0.0731572760544 	55.3434571552 	-0.0154558252882 	-0.000531549614355 	-0.0190112366548 	-0.0778149674723 	1.98607549051 	0.0139338531971 	-5.88485263456 	-0.0154586152383 	-1.46600792704 	15.0	-0.872638888889	-35.0290968302	69.3516131019	
4.45	-1.83067559394e-05	-1.90897815193e-05	-0.00102768731954 	0.0249453813402 	55.3435967999 	0.0434087577132 	-0.000721661980904 	-0.0190112366548 	-0.0241165674175 	9.81026573945 	0.0139644657743 	5.88645830014 	-0.0190112366548 	4.54747350886e-16 	15.0	-0.872638888889	-35.220603805	69.5123149332	
4.46	-1.83067559394e-05	-1.92047728102e-05	-0.00093683565438 	-0.00685142985654 	55.3437366461 	-0.0154525237098 	-0.000795109185895 	0.00439796104823 	0.00908516651557 	-3.17968111967 	0.0139846204725 	-5.8861281423 	-0.00734472049908 	2.34091977031 	15.0	-0.872638888889	-35.4121107799	69.6730167645	
4.47	-1.83067559394e-05	-1.9294137587e-05	-0.000514956902484 	0.0912479553945 	55.3438767491 	0.0434093321483 	-0.000751129575412 	0.00439796104823 	0.0421878751896 	9.8099385251 	0.0140103056038 	5.88618558581 	0.00439796104823 	4.54747350886e-16 	15.0	-0.872638888889	-35.6036177547	69.8337185958	
4.48	-1.83067559394e-05	-1.93603300754e-05	0.000242966226512 	0.0709565840725 	55.3440171168 	-0.0154392885952 	-0.000593408500244 	0.0195673184479 	0.0757923128996 	-2.0291371322 	0.0140367648303 	-5.88486207435 	0.0157721075168 	1.51693573997 	15.0	-0.872638888889	-35.7951247295	69.9944204272	
4.49	-1.92108280015e-05	-1.95379544079e-05	0.000461968184718 	-0.0271461542669 	55.3441571859 	0.0434249977781 	-0.000397735315765 	0.0195673184479 	0.0219001958206 	-9.81027383394 	0.0140069087564 	5.88642863733 	0.0195673184479 	-4.54747350886e-16 	15.0	-0.872638888889	-35.9866317044	70.1551222585	
4.5	-1.92108280015e-05	-1.96879192835e-05	0.000345759495319 	0.00410826654514 	55.3442970824 	-0.0154365396669 	-0.000315586320176 	-0.00333270246038 	-0.0116208689399 	3.12544208121 	0.013989656207 	-5.8861537445 	0.00821489955891 	-2.29000209083 	15.0	-0.872638888889	-36.1781386792	70.3158240898	
4.51	-1.92108280015e-05	-1.98122716239e-05	-0.000103705245911 	-0.0939912670786 	55.3444368698 	0.0434249580273 	-0.000348913344779 	-0.00333270246038 	-0.044946474123 	-9.80995336237 	0.0139787315986 	5.88614976942 	-0.00333270246038 	-4.54747350886e-16 	15.0	-0.872638888889	-36.3696456541	70.4765259211	
4.52	-1.92108280015e-05	-1.99130701577e-05	-0.000891744376783 	-0.0741323876634 	55.3445765487 	-0.0154242244953 	-0.000493216778733 	-0.017991881851 	-0.0788039130872 	1.98588794152 	0.0139678959832 	-5.88491825227 	-0.0144303433953 	-1.46591793906 	15.0	-0.872638888889	-36.5611526289	70.6372277524	
4.53	-1.92108280015e-05	-1.99923606651e-05	-0.00114265496761 	0.0239701329098 	55.3447165122 	0.0434402881526 	-0.000673135597242 	-0.017991881851 	-0.0250910590823 	9.81025205732 	0.0139963434307 	5.88645126479 	-0.017991881851 	4.54747350886e-16 	15.0	-0.872638888889	-36.7526596038	70.7979295837	
4.54	-1.92108280015e-05	-2.00521547115e-05	-0.00106227171794 	-0.00790819475549 	55.3448566627 	-0.0154208370997 	-0.000735774297279 	0.00548715494872 	0.008038324967 	-3.18783276653 	0.0140150580936 	-5.88611252523 	-0.00626387000371 	2.34790367997 	15.0	-0.872638888889	-36.9441665786	70.958631415	
4.55	-1.92108280015e-05	-2.00944116362e-05	-0.000650951463289 	0.0901910365027 	55.3449970481 	0.0434414203308 	-0.000680902747792 	0.00548715494872 	0.0411320254647 	9.80992312582 	0.0140385333886 	5.88622574306 	0.00548715494872 	4.54747350886e-16 	15.0	-0.872638888889	-37.1356735534	71.1193332463	
4.56	-1.92108280015e-05	-2.01210235602e-05	9.62610268687e-05 	0.0699113328657 	55.3451376766 	-0.0154065444224 	-0.000512128471679 	0.0206577385762 	0.0747212490158 	-2.0279703637 	0.0140628550891 	-5.88479647532 	0.0168774276113 	1.51705836274 	15.0	-0.872638888889	-37.3271805283	71.2800350776	
4.57	-1.92108280015e-05	-2.01338031744e-05	0.00030482275975 	-0.028191564857 	55.3452780518 	0.0434577648896 	-0.000305551085917 	0.0206577385762 	0.0208561732881 	-9.81028977228 	0.0140375158549 	5.8864309312 	0.0206577385762 	-4.54747350886e-16 	15.0	-0.872638888889	-37.5186875031	71.4407369089	
4.58	-1.92108280015e-05	-2.013447407e-05	0.000177729660131 	0.00304883012088 	55.3454182828 	-0.0154040013873 	-0.000212085568112 	-0.00222144791263 	-0.0127093099619 	3.12403949779 	0.0140231061482 	-5.88617662769 	0.00934655178051 	-2.28791864888 	15.0	-0.872638888889	-37.710194478	71.6014387403	
4.59	-1.92108280015e-05	-2.01246633764e-05	-0.000282313953883 	-0.0950508582916 	55.3455584416 	0.043457020426 	-0.000234300047238 	-0.00222144791263 	-0.0460043614014 	-9.80996884124 	0.01401587882 	5.88610218133 	-0.00222144791263 	-4.54747350886e-16 	15.0	-0.872638888889	-37.9017014528	71.7621405716	
4.6	-2.34355076615e-05	-2.07237558787e-05	-0.00108109010131 	-0.0751964900031 	55.3456985284 	-0.0153929016388 	-0.000367389627899 	-0.0168783794046 	-0.0798776147425 	1.98543682884 	0.0140086820836 	-5.88499220648 	-0.013308958066 	-1.4656931492 	15.0	-0.872638888889	-38.0932084277	71.9228424029	
4.61	-2.34355076615e-05	-2.12724781008e-05	-0.00134262312353 	0.0229058798369 	55.3458388309 	0.0434715113968 	-0.000536173421945 	-0.0168783794046 	-0.026153302222 	9.810236984 	0.0140302503975 	5.88644130356 	-0.0168783794046 	4.54747350886e-16 	15.0	-0.872638888889	-38.2847154025	72.0835442342	
4.62	-2.34355076615e-05	-2.17714569055e-05	-0.00127385719652 	-0.00911310177918 	55.3459792771 	-0.0153894698722 	-0.000586823973736 	0.00672221733584 	0.00687659270073 	-3.20189816161 	0.0140446151624 	-5.8860981269 	-0.00506505517909 	2.36005967405 	15.0	-0.872638888889	-38.4762223773	72.2442460655	
4.63	-2.34355076615e-05	-2.22217941425e-05	-0.000874564075509 	0.0889859543326 	55.3461199057 	0.0434732147554 	-0.000519601800378 	0.00672221733584 	0.0399293121011 	9.80990561118 	0.0140628649278 	5.88626846276 	0.00672221733584 	4.54747350886e-16 	15.0	-0.872638888889	-38.6677293522	72.4049478968	
4.64	-2.34355076615e-05	-2.26249901296e-05	-0.000139608433267 	0.0687208740601 	55.346260726 	-0.0153740403927 	-0.000338336287774 	0.0218765634398 	0.0734955642243 	-2.02650802724 	0.0140820207772 	-5.88472551481 	0.0181265512604 	1.51543461039 	15.0	-0.872638888889	-38.859236327	72.5656497281	
4.65	-2.34355076615e-05	-2.29828729807e-05	5.70741904274e-05 	-0.0293822017627 	55.3464013879 	0.0434902628089 	-0.000119570653376 	0.0218765634398 	0.0196682623694 	-9.81030758229 	0.0140661915959 	5.88643032016 	0.0218765634398 	-4.54747350886e-16 	15.0	-0.872638888889	-39.0507433019	72.7263515594	
4.66	-2.34355076615e-05	-2.32975337871e-05	-8.23258891174e-05 	0.00118591195833 	55.3465419655 	-0.015371789985 	-1.35316484276e-05 	-0.000491981103254 	-0.0139400079545 	3.05681137211 	0.0140577584269 	-5.8862052794 	0.0106039004948 	-2.2368544543 	15.0	-0.872638888889	-39.2422502767	72.8870533907	
4.67	-2.34355076615e-05	-2.35712675907e-05	-0.000560969154419 	-0.0969140188776 	55.3466825403 	0.0434884454893 	-1.84514594602e-05 	-0.000491981103254 	-0.0478643265302 	-9.80999308359 	0.0140574818901 	5.88602354743 	-0.000491981103254 	-4.54747350886e-16 	15.0	-0.872638888889	-39.4337572516	73.0477552221	
4.68	-2.34355076615e-05	-2.38065200316e-05	-0.00137846860177 	-0.0770470799782 	55.3468231125 	-0.0153626552193 	-0.000134055013016 	-0.0151339869361 	-0.0817499447355 	1.98669388993 	0.0140572269875 	-5.88511007085 	-0.0115603553556 	-1.46420058328 	15.0	-0.872638888889	-39.6252642264	73.2084570534	
4.69	-2.34355076615e-05	-2.40058395038e-05	-0.00165847310772 	0.0210550494798 	55.3469637732 	0.0435015817985 	-0.000285394882377 	-0.0151339869361 	-0.0280004505941 	9.8102129458 	0.0140660656531 	5.88642370177 	-0.0151339869361 	4.54747350886e-16 	15.0	-0.872638888889	-39.8167712012	73.3691588847	
4.7	-2.34355076615e-05	-2.4171834614e-05	-0.00161054837868 	-0.0113640175981 	55.3471044978 	-0.0153592299963 	-0.000316589394115 	0.00879948128417 	0.00479247290349 	-3.24190670779 	0.0140724598538 	-5.88608117947 	-0.00311945117386 	2.39334682203 	15.0	-0.872638888889	-40.0082781761	73.529860716	
4.71	-2.85061046843e-05	-2.50487115207e-05	-0.00123372448358 	0.0867347441645 	55.3472453104 	0.0435040861426 	-0.000228594581274 	0.00879948128417 	0.0376823895097 	9.80987617626 	0.0140812618121 	5.88633161389 	0.00879948128417 	4.54747350886e-16 	15.0	-0.872638888889	-40.1997851509	73.6905625473	
4.72	-2.85061046843e-05	-2.58461057182e-05	-0.000522107406594 	0.0664544062255 	55.3473862212 	-0.015342104744 	-2.63510399644e-05 	0.023881354079 	0.071161707699 	-2.0280337939 	0.014091081695 	-5.88461908866 	0.0202243541309 	1.50818727948 	15.0	-0.872638888889	-40.3912921258	73.8512643786	
4.73	-2.85061046843e-05	-2.65657766873e-05	-0.000348043627796 	-0.0316489591172 	55.3475271438 	0.0435220515263 	0.000212462500825 	0.023881354079 	0.0174063778798 	-9.81033653427 	0.0140922583908 	5.88641562702 	0.023881354079 	-4.54747350886e-16 	15.0	-0.872638888889	-40.5827991006	74.0119662099	
4.74	-2.85061046843e-05	-2.72101207656e-05	-0.000510525872751 	-0.0114261525184 	55.3476680895 	-0.0153405768011 	0.000339141115616 	0.00930258631628 	-0.0162482244955 	2.02228065988 	0.0140945645685 	-5.88626283273 	0.0126678614791 	-1.45787677627 	15.0	-0.872638888889	-40.7743060755	74.1726680412	
4.75	-2.85061046843e-05	-2.77820582123e-05	-0.000134230516222 	0.0866725367088 	55.3478088409 	0.0435229231558 	0.000432166978779 	0.00930258631628 	0.0376295356529 	9.80986892272 	0.0140751412841 	5.88634999568 	0.00930258631628 	4.54747350886e-16 	15.0	-0.872638888889	-40.9658130503	74.3333698725	
4.76	-2.85061046843e-05	-2.82849296266e-05	0.000576879351599 	0.0664213106058 	55.3479494703 	-0.0153229151527 	0.00063954450237 	0.0243837212687 	0.071110986782 	-2.02512261029 	0.0140629460331 	-5.88458383085 	0.020737752359 	1.50811349524 	15.0	-0.872638888889	-41.1573200251	74.4940717038	
4.77	-2.85061046843e-05	-2.87224016194e-05	0.000750706591562 	-0.0316821302289 	55.3480904699 	0.0435413204759 	0.000883381715056 	0.0243837212687 	0.0173827239964 	-9.81034408347 	0.0140999572909 	5.88642356286 	0.0243837212687 	-4.54747350886e-16 	15.0	-0.872638888889	-41.348827	74.6547735352	
4.78	-2.85061046843e-05	-2.90983815526e-05	0.000587792298202 	-0.0115838458943 	55.3482317174 	-0.0153213958601 	0.00101510220459 	0.00988321549587 	-0.016291429336 	2.00982843346 	0.0141247536084 	-5.8862716336 	0.0131720489532 	-1.45005057728 	15.0	-0.872638888889	-41.5403339748	74.8154753665	
4.79	-2.85061046843e-05	-2.941694108e-05	0.000962606541581 	0.0865147596188 	55.3483724069 	0.0435423069641 	0.00111393435955 	0.00988321549587 	0.0374814243379 	9.80986055131 	0.014068947981 	5.88637028242 	0.00988321549587 	4.54747350886e-16 	15.0	-0.872638888889	-41.7318409497	74.9761771978	
4.8	-2.85061046843e-05	-2.96822481618e-05	0.00167222229426 	0.0662920664972 	55.3485127475 	-0.0153031450653 	0.00132723026974 	0.0249610048736 	0.0709615752678 	-2.02226931216 	0.0140340522671 	-5.88454520294 	0.021329591019 	1.50777893778 	15.0	-0.872638888889	-41.9233479245	75.1368790291	
4.81	-3.44272485317e-05	-3.07644744611e-05	0.00184485484664 	-0.0318114607542 	55.3486538278 	0.0435611584689 	0.00157684031847 	0.0249610048736 	0.0172632552383 	-9.81035272514 	0.0141080359618 	5.88643035343 	0.0249610048736 	-4.54747350886e-16 	15.0	-0.872638888889	-42.1148548994	75.2975808604	
4.82	-3.44272485317e-05	-3.17418064184e-05	0.00168052600957 	-0.011775652389 	55.3487953888 	-0.01530167207 	0.00171436241354 	0.0104876890587 	-0.0164328837075 	2.00358083652 	0.0141560961547 	-5.8862830539 	0.0137522095063 	-1.44733158149 	15.0	-0.872638888889	-42.3063618742	75.4582826917	
4.83	-3.44272485317e-05	-3.26174097851e-05	0.00205352140711 	0.0863228657608 	55.3489360157 	0.0435622369997 	0.00181923930412 	0.0104876890587 	0.0372995397541 	9.80985181498 	0.0140626888714 	5.88639090697 	0.0104876890587 	4.54747350886e-16 	15.0	-0.872638888889	-42.497868849	75.618984523	
4.84	-3.44272485317e-05	-3.33951673833e-05	0.00276128051958 	0.0661153398153 	55.3490760588 	-0.0152828214794 	0.00203869627194 	0.0255693040449 	0.0707759112473 	-2.02075259454 	0.0140043161941 	-5.88450584791 	0.0219456967822 	1.50816149862 	15.0	-0.872638888889	-42.6893758239	75.7796863543	
4.85	-3.44272485317e-05	-3.40795386186e-05	0.00293224715223 	-0.0319882786121 	55.3492172242 	0.0435815417431 	0.00229438931239 	0.0255693040449 	0.0170966632645 	-9.81036184274 	0.0141165333359 	5.88643632225 	0.0255693040449 	-4.54747350886e-16 	15.0	-0.872638888889	-42.8808827987	75.9403881856	
4.86	-3.44272485317e-05	-3.46754314736e-05	0.00276605184379 	-0.0119660130878 	55.349359111 	-0.0152814168569 	0.00243803592254 	0.0110926990482 	-0.0166195308438 	2.00222655242 	0.0141886890212 	-5.88629586 	0.0143646610144 	-1.44766049967 	15.0	-0.872638888889	-43.0723897736	76.101090017	
4.87	-3.44272485317e-05	-3.51880867352e-05	0.00313724639515 	0.0861324173249 	55.3494996742 	0.0435826966073 	0.00254896291302 	0.0110926990482 	0.0371194551363 	9.80984304127 	0.0140563126946 	5.88641134642 	0.0110926990482 	4.54747350886e-16 	15.0	-0.872638888889	-43.2638967484	76.2617918483	
4.88	-3.44272485317e-05	-3.56229741066e-05	0.00384317006235 	0.0659051926789 	55.3496394107 	-0.0152619696824 	0.00277459117799 	0.0262055015177 	0.0705923667198 	-2.0227224646 	0.0139736502255 	-5.88446662897 	0.0225628264967 	1.51128024695 	15.0	-0.872638888889	-43.4554037233	76.4224936796	
4.89	-3.44272485317e-05	-3.59856997702e-05	0.00401214027394 	-0.0321985212647 	55.3497806655 	0.0436024470314 	0.00303664619316 	0.0262055015177 	0.0168970211596 	-9.81037139435 	0.0141254867923 	5.88644167138 	0.0262055015177 	-4.54747350886e-16 	15.0	-0.872638888889	-43.6469106981	76.5831955109	
4.9	-3.44272485317e-05	-3.62819248928e-05	0.00384374650021 	-0.0121723420432 	55.3499228915 	-0.0152606518254 	0.00318669943783 	0.0117129788595 	-0.0168393773738 	2.00261792214 	0.0142225949432 	-5.88630988569 	0.0150053244671 	-1.44925226581 	15.0	-0.872638888889	-43.8384176729	76.7438973422	
4.91	-3.44272485317e-05	-3.65172945147e-05	0.00421298416986 	0.0859259981632 	55.3500633899 	0.0436036674927 	0.00330382922643 	0.0117129788595 	0.0369237669653 	9.80983402064 	0.0140498395969 	5.88643193182 	0.0117129788595 	4.54747350886e-16 	15.0	-0.872638888889	-44.0299246478	76.9045991735	
4.92	-2.87074036914e-05	-3.58608489125e-05	0.00491687724437 	0.0655560096998 	55.3502028106 	-0.0152406030281 	0.00353577942169 	0.0269449850031 	0.0703893074512 	-2.03699884634 	0.0139420670812 	-5.88442705208 	0.0231950195263 	1.52320061436 	15.0	-0.872638888889	-44.2214316226	77.0653010048	
4.93	-2.87074036914e-05	-3.52125472079e-05	0.00508246460593 	-0.0325478148238 	55.350344164 	0.0436238441326 	0.00380522927172 	0.0269449850031 	0.0165587361554 	-9.81038245236 	0.0141353426293 	5.88644471607 	0.0269449850031 	-4.54747350886e-16 	15.0	-0.872638888889	-44.4129385975	77.2260028361	
4.94	-2.87074036914e-05	-3.45785833688e-05	0.00491049341872 	-0.0125061627578 	55.350486747 	-0.0152394376602 	0.00396275224985 	0.0124313976497 	-0.0171971187204 	2.0041652066 	0.014258297058 	-5.88632817927 	0.0157522978128 	-1.45135873535 	15.0	-0.872638888889	-44.6044455723	77.3867046674	
4.95	-2.87074036914e-05	-3.39641538766e-05	0.00527650337112 	0.085592073001 	55.350627183 	0.0436251049936 	0.00408706622635 	0.0124313976497 	0.0366009952393 	9.80982357587 	0.0140435996268 	5.88645426538 	0.0124313976497 	4.54747350886e-16 	15.0	-0.872638888889	-44.7959525472	77.5474064987	
4.96	-2.87074036914e-05	-3.33735339263e-05	0.00597700376649 	0.0643709735923 	55.3507662813 	-0.0152187365378 	0.00432632798601 	0.0282986580059 	0.0700500395372 	-2.12210994087 	0.0139098390331 	-5.88438415314 	0.023926175966 	1.58672603562 	15.0	-0.872638888889	-44.987459522	77.7081083301	
4.97	-2.87074036914e-05	-3.28101537041e-05	0.00613085485669 	-0.0337330492727 	55.350907776 	0.0436455986937 	0.00460931456607 	0.0282986580059 	0.0153851090208 	-9.81040228649 	0.0141494615836 	5.88643352315 	0.0282986580059 	-4.54747350886e-16 	15.0	-0.872638888889	-45.1789664968	77.8688101614	
4.98	-2.87074036914e-05	-3.22766738743e-05	0.00594591841229 	-0.0138225421273 	55.3510507745 	-0.0152181367144 	0.00478130371943 	0.0138787774576 	-0.0184936444407 	1.99105071454 	0.0142998510351 	-5.88637354081 	0.0171989153362 	-1.44198805483 	15.0	-0.872638888889	-45.3704734717	78.0295119927	
4.99	-2.87074036914e-05	-3.1775059532e-05	0.00629888197976 	0.084275485258 	55.3511911844 	0.0436467521616 	0.00492009149401 	0.0138787774576 	0.0352963567476 	9.80980273853 	0.0140409924827 	5.8864888876 	0.0138787774576 	4.54747350886e-16 	15.0	-0.872638888889	-45.5619804465	78.190213824	
5.0	-2.87074036914e-05	-3.13066519976e-05	0.00698576222382 	0.0537024127059 	55.3513299841 	-0.0151964080054 	0.00517413306315 	0.0367373444887 	0.0686880244057 	-3.05730725521 	0.0138799656613 	-5.88431601669 	0.0254041569144 	2.28585670311 	15.0	-0.872638888889	-45.7534874214	78.3509156553	
5.01	-2.87074036914e-05	-3.0872237937e-05	0.00737425856415 	0.0238468146491 	55.3514703236 	0.0436691871131 	0.00528559346456 	-0.0144452642069 	0.0388496340331 	-2.98555980568 	0.0140339585975 	5.88655951184 	0.0111460401409 	-5.11826086957 	15.0	-0.872638888889	-45.9449943962	78.5116174866	
5.02	-1.50965261088e-05	-2.84815245428e-05	0.00745078399607 	-0.00855328333297 	55.3516123084 	-0.0151916584369 	0.00526003393914 	0.00928491661876 	0.00765254319175 	-3.24000979821 	0.0141984801415 	-5.886084555 	-0.00255595254164 	2.37301808257 	15.0	-0.872638888889	-46.1365013711	78.6723193179	
5.03	-1.50965261088e-05	-2.62629762245e-05	0.00785650352675 	0.0895453945448 	55.3517525445 	0.0436721012917 	0.00535288310533 	0.00928491661876 	0.0405719530685 	9.80986778778 	0.0140236084246 	5.88637597286 	0.00928491661876 	4.54747350886e-16 	15.0	-0.872638888889	-46.3280083459	78.8330211492	
5.04	-1.50965261088e-05	-2.42183093653e-05	0.00859735283644 	0.0692396901918 	55.3518910094 	-0.0151731584271 	0.00555991126943 	0.0243955311741 	0.0740849309689 	-2.0305704353 	0.0138464871317 	-5.88452597188 	0.0207028164098 	1.51106145553 	15.0	-0.872638888889	-46.5195153207	78.9937229805	
5.05	-1.50965261088e-05	-2.23470524705e-05	0.00880006343727 	-0.0288637889277 	55.3520324928 	0.0436917664839 	0.00580386658117 	0.0243955311741 	0.0202710600829 	-9.81034791195 	0.0141483438927 	5.8864924911 	0.0243955311741 	-4.54747350886e-16 	15.0	-0.872638888889	-46.7110222956	79.1544248119	
5.06	-1.50965261088e-05	-2.06468468349e-05	0.00866542309737 	-0.00733253597293 	55.3521758848 	-0.0151705799331 	0.00593504052831 	0.00866515743246 	-0.01346403399 	2.15312529548 	0.0143391925832 	-5.8862346417 	0.0131173947143 	-1.57303737416 	15.0	-0.872638888889	-46.9025292704	79.3151266432	
5.07	-1.50965261088e-05	-1.91137278519e-05	0.0090834451036 	0.0907662283307 	55.3523159863 	0.0436930345954 	0.00602169210264 	0.00866515743246 	0.0418022006224 	9.80987643036 	0.0140101535786 	5.88636145285 	0.00866515743246 	4.54747350886e-16 	15.0	-0.872638888889	-47.0940362453	79.4758284745	
5.08	-1.50965261088e-05	-1.77423864121e-05	0.00983882967195 	0.0708419528201 	55.3524540776 	-0.0151525442926 	0.00622053342861 	0.0234193147983 	0.0755384568351 	-1.99242755106 	0.0138091277439 	-5.8845578888 	0.0198841325968 	1.47541573658 	15.0	-0.872638888889	-47.2855432201	79.6365303058	
5.09	-1.50965261088e-05	-1.65264101382e-05	0.0100576563264 	-0.0272613919081 	55.3525955319 	0.0437125587721 	0.00645472657659 	0.0234193147983 	0.0218826654502 	-9.81033447282 	0.0141454371656 	5.88651030647 	0.0234193147983 	-4.54747350886e-16 	15.0	-0.872638888889	-47.477050195	79.7972321371	
5.1	-1.50965261088e-05	-1.54585044659e-05	0.00993922801628 	0.00292003686889 	55.3527391159 	-0.015149457145 	0.00657568713366 	0.00114339923428 	-0.0118428310171 	3.0181428777 	0.0143583915374 	-5.88620159172 	0.0120960557067 	-2.2275915564 	15.0	-0.872638888889	-47.6685571698	79.9579339684	
5.11	-1.50965261088e-05	-1.45306938029e-05	0.00947887852914 	-0.0951801264128 	55.3528849534 	0.0437100150663 	0.006587121126 	0.00114339923428 	-0.0460349487138 	-9.81001632817 	0.0145837541667 	5.88594722114 	0.00114339923428 	-4.54747350886e-16 	15.0	-0.872638888889	-47.8600641446	80.1186357997	
5.12	-1.50965261088e-05	-1.37345031929e-05	0.00867946010196 	-0.0753646792204 	55.3530330247 	-0.0151425836733 	0.00648777956576 	-0.013527337126 	-0.0799418427177 	1.98154471924 	0.0148071250902 	-5.88525987396 	-0.00993415602361 	-1.46707363603 	15.0	-0.872638888889	-48.0515711195	80.279337631	
5.13	-9.24570572424e-06	-1.22054385917e-05	0.00841723265011 	0.022737253877 	55.3531776252 	0.0437209759254 	0.0063525061945 	-0.013527337126 	-0.0262227451855 	9.81019330973 	0.0144600585006 	5.88635595987 	-0.013527337126 	4.54747350886e-16 	15.0	-0.872638888889	-48.2430780943	80.4400394623	
5.14	-9.24570572424e-06	-1.0849500717e-05	0.00848120543749 	-0.00995115429417 	55.3533201274 	-0.015139791938 	0.00633746793345 	0.010433002153 	0.00639727873813 	-3.26884081711 	0.0142502201846 	-5.88607678634 	-0.00150382610523 	2.3960339279 	15.0	-0.872638888889	-48.4345850692	80.6007412937	
5.15	-9.24570572424e-06	-9.65857176165e-06	0.00887310180015 	0.0881473546843 	55.3534605317 	0.0437242871853 	0.00644179795498 	0.010433002153 	0.0391896362662 	9.80985089785 	0.0140404227763 	5.88640791233 	0.010433002153 	4.54747350886e-16 	15.0	-0.872638888889	-48.626092044	80.761443125	
5.16	-9.24570572424e-06	-8.62377347237e-06	0.00960006261257 	0.0679327141295 	55.3535988026 	-0.0151204064028 	0.00666066106156 	0.0255376702999 	0.072696081242 	-2.02146405548 	0.0138270955468 	-5.88446935882 	0.0218863106576 	1.51046681469 	15.0	-0.872638888889	-48.8175990189	80.9221449563	
5.17	-9.24570572424e-06	-7.73566968998e-06	0.00978986400442 	-0.0301709413562 	55.3537406793 	0.0437444156199 	0.00691603776456 	0.0255376702999 	0.018980139185 	-9.81036554857 	0.0141876642017 	5.88648220227 	0.0255376702999 	-4.54747350886e-16 	15.0	-0.872638888889	-49.0091059937	81.0828467876	
5.18	-9.24570572424e-06	-6.98444782359e-06	0.00964212454067 	-0.0101982619733 	55.3538848385 	-0.0151182771965 	0.00705894885981 	0.0110011501478 	-0.014773946375 	1.99726793829 	0.0144159205263 	-5.88626928164 	0.0142911095256 	-1.45365201521 	15.0	-0.872638888889	-49.2006129685	81.2435486189	
5.19	-9.24570572424e-06	-6.36008006055e-06	0.0100316531545 	0.0879001634364 	55.3540251916 	0.0437459968786 	0.00716896036129 	0.0110011501478 	0.0389528613835 	9.80984254097 	0.0140353097746 	5.88642740751 	0.0110011501478 	4.54747350886e-16 	15.0	-0.872638888889	-49.3921199434	81.4042504502	
5.2	-9.24570572424e-06	-5.85246523424e-06	0.0107561383422 	0.067697367322 	55.3541631697 	-0.0150983369823 	0.0073935883569 	0.0260954360396 	0.0724485187653 	-2.02027961145 	0.0137978173358 	-5.88443338609 	0.0224627995614 	1.50942858918 	15.0	-0.872638888889	-49.5836269182	81.5649522815	
5.21	-9.24570572424e-06	-5.45155236499e-06	0.0109436924503 	-0.0304063737796 	55.3543051462 	0.0437665289397 	0.0076545427173 	0.0260954360396 	0.0187554108096 	-9.81037411016 	0.0141976489695 	5.8864865922 	0.0260954360396 	-4.54747350886e-16 	15.0	-0.872638888889	-49.7751338931	81.7256541128	
5.22	-9.24570572424e-06	-5.14744695838e-06	0.0107935174591 	-0.0104718050476 	55.3544496548 	-0.015096284277 	0.00780307918546 	0.0115740775252 	-0.015017499114 	1.99345687319 	0.0144508600191 	-5.88628132167 	0.0148536468157 	-1.45213585144 	15.0	-0.872638888889	-49.9666408679	81.8863559441	
5.23	-1.26013977263e-05	-5.42127114809e-06	0.0111804173294 	0.0876265358081 	55.3545899584 	0.0437681807369 	0.00791881996071 	0.0115740775252 	0.0386899870279 	9.80983408557 	0.0140303524849 	5.88644650139 	0.0115740775252 	4.54747350886e-16 	15.0	-0.872638888889	-50.1581478428	82.0470577754	
5.24	-1.26013977263e-05	-5.73890549618e-06	0.0119021553485 	0.0674175722979 	55.354727638 	-0.0150757987878 	0.00814926814616 	0.0266695273043 	0.0721738019056 	-2.02089635102 	0.0137679595959 	-5.88439795247 	0.0230448185449 	1.50954497791 	15.0	-0.872638888889	-50.3496548176	82.2077596068	
5.25	-1.26013977263e-05	-6.09086224488e-06	0.012087021242 	-0.0306862571344 	55.3548697218 	0.0437890995692 	0.0084159634192 	0.0266695273043 	0.0184865893579 	-9.81038294323 	0.0142083827769 	5.8864898357 	0.0266695273043 	-4.54747350886e-16 	15.0	-0.872638888889	-50.5411617924	82.3684614381	
5.26	-1.26013977263e-05	-6.46854835667e-06	0.0119339802644 	-0.010755352716 	55.3550145952 	-0.0150738463631 	0.00857029645175 	0.0121388388069 	-0.0153040977626 	1.99309044184 	0.014487338547 	-5.88629459323 	0.0154333032548 	-1.45306884975 	15.0	-0.872638888889	-50.7326687673	82.5291632694	
5.27	-1.26013977263e-05	-6.86424139877e-06	0.0123181547606 	0.087342904452 	55.3551548496 	0.0437908021029 	0.00869168483982 	0.0121388388069 	0.0384174496149 	9.8098257168 	0.014025439067 	5.8864648466 	0.0121388388069 	4.54747350886e-16 	15.0	-0.872638888889	-50.9241757421	82.6898651007	
5.28	-1.26013977263e-05	-7.27105888887e-06	0.0130370238888 	0.0670721501284 	55.3552922237 	-0.0150528355765 	0.00892786701277 	0.0272768063307 	0.0718869128241 	-2.02707543236 	0.01373741305 	-5.88436376794 	0.023618217295 	1.51379675238 	15.0	-0.872638888889	-51.115682717	82.850566932	
5.29	-1.26013977263e-05	-7.68292232974e-06	0.0132185489234 	-0.0310317727816 	55.355434425 	0.0438120800945 	0.00920063507608 	0.0272768063307 	0.0181525034619 	-9.810392291 	0.0142201297187 	5.8864915671 	0.0272768063307 	-4.54747350886e-16 	15.0	-0.872638888889	-51.3071896918	83.0112687633	
5.3	-1.26013977263e-05	-8.09451705429e-06	0.0130619980229 	-0.0110887264035 	55.3555796813 	-0.0150510176821 	0.00936110791811 	0.0127283622802 	-0.0156550900515 	1.99430463781 	0.0145256287802 	-5.88630977766 	0.0160472842037 	-1.45484440504 	15.0	-0.872638888889	-51.4986966667	83.1719705946	
5.31	-1.26013977263e-05	-8.50124889859e-06	0.0134429524291 	0.0870094432125 	55.3557198903 	0.0438138141033 	0.00948839154091 	0.0127283622802 	0.0380954406182 	9.8098169616 	0.0140209051794 	5.88648317854 	0.0127283622802 	4.54747350886e-16 	15.0	-0.872638888889	-51.6902036415	83.3326724259	
5.32	-1.26013977263e-05	-8.89919861823e-06	0.0141584595922 	0.0664654626998 	55.3558569551 	-0.0150294780771 	0.00973057652128 	0.0280701368022 	0.0715507163088 	-2.05439805127 	0.0137064740629 	-5.88432921804 	0.0242184980364 	1.53417745219 	15.0	-0.872638888889	-51.8817106163	83.4933742572	
5.33	-1.26013977263e-05	-9.28507486568e-06	0.0143340351914 	-0.0316385808766 	55.3559993045 	0.0438354102601 	0.0100112778893 	0.0280701368022 	0.0175575599192 	-9.81040435764 	0.0142349426059 	5.88648883372 	0.0280701368022 	-4.54747350886e-16 	15.0	-0.872638888889	-52.0732175912	83.6540760886	
5.34	-1.12487335557e-05	-9.45833931695e-06	0.0141713630819 	-0.0116687872066 	55.356144983 	-0.0150279172529 	0.0101797999449 	0.0134993869013 	-0.0162672109478 	1.996979367 	0.0145678538315 	-5.88633275131 	0.0168522055608 	-1.45707499009 	15.0	-0.872638888889	-52.264724566	83.8147779199	
5.35	-1.12487335557e-05	-9.6283550025e-06	0.0145466349358 	0.086429268409 	55.3562851689 	0.043837127651 	0.0103147938139 	0.0134993869013 	0.0375271853946 	9.80980556156 	0.0140185886216 	5.88650449039 	0.0134993869013 	4.54747350886e-16 	15.0	-0.872638888889	-52.4562315409	83.9754797512	
5.36	-1.12487335557e-05	-9.79364782921e-06	0.0152562426098 	0.063681933247 	55.3564219379 	-0.0150057531017 	0.0105648511387 	0.0304916811693 	0.0709607674013 	-2.2747335162 	0.0136768979034 	-5.88428807526 	0.0250057324732 	1.69922942681 	15.0	-0.872638888889	-52.6477385157	84.1361815825	
5.37	-1.12487335557e-05	-9.95299583875e-06	0.0154041080895 	-0.0344224663885 	55.356564676 	0.0438587069173 	0.0108697679503 	0.0304916811693 	0.0147865479681 	-9.81043996354 	0.0142738132297 	5.88644600189 	0.0304916811693 	-4.54747350886e-16 	15.0	-0.872638888889	-52.8392454906	84.2968834138	
5.38	-1.12487335557e-05	-1.01054089163e-05	0.0152135075649 	-0.0143564778131 	55.3567110309 	-0.0150055653954 	0.0110630223268 	0.0158994100404 	-0.0190600524576 	2.00659885754 	0.0146354844001 	-5.88642723127 	0.0193254376488 	-1.4592271129 	15.0	-0.872638888889	-53.0307524654	84.4575852451	
5.39	-1.12487335557e-05	-1.02501086306e-05	0.0155620326098 	0.0837412285552 	55.3568514021 	0.0438599493228 	0.0112220164272 	0.0158994100404 	0.0348525044846 	9.80977063682 	0.0140371271709 	5.88655147182 	0.0158994100404 	4.54747350886e-16 	15.0	-0.872638888889	-53.2222594402	84.6182870764	
5.4	-1.12487335557e-05	-1.03865084139e-05	0.0162437069976 	0.0522697076146 	55.3569880717 	-0.0149819665732 	0.011496703057 	0.0393899909016 	0.0681674387828 	-3.14715209406 	0.0136669588637 	-5.8841915896 	0.0274686629803 	2.34905808612 	15.0	-0.872638888889	-53.4137664151	84.7789889077	
5.41	-1.12487335557e-05	-1.05141942592e-05	0.0166187840402 	0.0224137022529 	55.3571282625 	0.0438844583418 	0.0116346899226 	-0.0117926177941 	0.0375077042623 	-2.98560053617 	0.014019076916 	5.8866424915 	0.0137986865538 	-5.11826086957 	15.0	-0.872638888889	-53.6052733899	84.939690739	
5.42	-1.12487335557e-05	-1.06329060826e-05	0.0166779656199 	-0.0106727403366 	55.3572721252 	-0.0149762146356 	0.0116384284769 	0.0124254700674 	0.00591815796152 	-3.30864425895 	0.0143862740012 	-5.88606729774 	0.000373855433752 	2.42180878615 	15.0	-0.872638888889	-53.7967803648	85.1003925703	
5.43	-1.12487335557e-05	-1.07425198688e-05	0.0170634063321 	0.0874254635426 	55.3574121664 	0.0438885525947 	0.0117626831776 	0.0124254700674 	0.0385440712258 	9.80982038793 	0.0140041192682 	5.88647672303 	0.0124254700674 	4.54747350886e-16 	15.0	-0.872638888889	-53.9882873396	85.2610944017	
5.44	-1.03222582637e-05	-1.07075336864e-05	0.0177834771172 	0.0671048197293 	55.3575483008 	-0.0149548572173 	0.0120017824223 	0.0275936588367 	0.0720070785063 	-2.03206438133 	0.0136134334494 	-5.8843409812 	0.0239099244664 	1.51681887693 	15.0	-0.872638888889	-54.1797943144	85.421796233	
5.45	-1.03222582637e-05	-1.06729362902e-05	0.0179657771567 	-0.030999175802 	55.3576909197 	0.0439101243372 	0.0122777190106 	0.0275936588367 	0.0182300039511 	-9.81039955313 	0.0142618938932 	5.88649815544 	0.0275936588367 	-4.54747350886e-16 	15.0	-0.872638888889	-54.3713012893	85.5824980643	
5.46	-1.03222582637e-05	-1.06390644146e-05	0.0178098689685 	-0.0110621182916 	55.357837635 	-0.0149530193419 	0.0124413238934 	0.0130278020745 	-0.0155908188172 	1.99370575104 	0.0146715293875 	-5.88631436791 	0.0163604882814 	-1.45658567623 	15.0	-0.872638888889	-54.5628082641	85.7431998956	
5.47	-1.03222582637e-05	-1.06062011731e-05	0.0181915319811 	0.0870359954924 	55.3579776461 	0.0439119293513 	0.0125716019142 	0.0130278020745 	0.0381663012559 	9.8098113784 	0.0140011069557 	5.88649486933 	0.0130278020745 	4.54747350886e-16 	15.0	-0.872638888889	-54.754315239	85.9039017269	
5.48	-1.03222582637e-05	-1.05745801114e-05	0.0189076703061 	0.0662710969479 	55.3581134828 	-0.0149311397644 	0.0128168410073 	0.0285283597647 	0.0716138325035 	-2.07648985444 	0.0135836737066 	-5.88430691158 	0.0245239093153 	1.55005576902 	15.0	-0.872638888889	-54.9458222138	86.0646035582	
5.49	-1.03222582637e-05	-1.05443892723e-05	0.0190817539612 	-0.0318330407052 	55.3582562986 	0.0439337726879 	0.013102124605 	0.0285283597647 	0.0174083655107 	-9.81041376531 	0.0142815831637 	5.88649124524 	0.0285283597647 	-4.54747350886e-16 	15.0	-0.872638888889	-55.1373291887	86.2253053895	
5.5	-1.03222582637e-05	-1.05157752226e-05	0.0189174645618 	-0.0118583183393 	55.3584034899 	-0.0149296666834 	0.0132752462769 	0.0139406999116 	-0.0164289399394 	1.99747223659 	0.0147191220318 	-5.88634393714 	0.0173121671938 	-1.4587659853 	15.0	-0.872638888889	-55.3288361635	86.3860072208	
5.51	-1.03222582637e-05	-1.04888470038e-05	0.0192912868767 	0.0862396600103 	55.3585435203 	0.0439355177986 	0.013414653276 	0.0139406999116 	0.0373822314885 	9.80979783495 	0.0140030439597 	5.8865184482 	0.0139406999116 	4.54747350886e-16 	15.0	-0.872638888889	-55.5203431383	86.5467090521	
5.52	-1.03222582637e-05	-1.04636799712e-05	0.0199992966753 	0.0605417226118 	55.3586791002 	-0.0149070964533 	0.0136692276786 	0.0331389177981 	0.0708009798599 	-2.56979373984 	0.0135579914813 	-5.88426142519 	0.0254574402546 	1.91982178865 	15.0	-0.872638888889	-55.7118501132	86.7074108835	
5.53	-1.03222582637e-05	-1.04403194939e-05	0.0201162215238 	-0.03756309165 	55.3588227986 	0.043956711267 	0.0140006168566 	0.0331389177981 	0.0116924848482 	-9.81048142618 	0.014369841569 	5.88638077204 	0.0331389177981 	-4.54747350886e-16 	15.0	-0.872638888889	-55.903357088	86.8681127148	
5.54	-1.03222582637e-05	-1.04187844921e-05	0.0198946050021 	-0.0174370000945 	55.358971169 	-0.0149087709485 	0.0142208251853 	0.0185580361097 	-0.0221616521691 	2.01260915555 	0.0148370359861 	-5.88654822155 	0.02202083287 	-1.45808816884 	15.0	-0.872638888889	-56.0948640629	87.0288145461	
5.55	-1.13282263528e-05	-1.05461936285e-05	0.0202127857756 	0.0806603047877 	55.3591118405 	0.0439570956572 	0.0144064055464 	0.0185580361097 	0.0318180773499 	9.80973048822 	0.01406715302 	5.88658666056 	0.0185580361097 	4.54747350886e-16 	15.0	-0.872638888889	-56.2863710377	87.1895163774	
5.56	-1.13282263528e-05	-1.06652003997e-05	0.0208617456055 	0.0489685245993 	55.3592477895 	-0.0148839658819 	0.0147086789431 	0.0420689762407 	0.0648959829945 	-3.16917801884 	0.0135948994346 	-5.88410615391 	0.0302273396755 	2.3510940131 	15.0	-0.872638888889	-56.4778780126	87.3502182087	
5.57	-1.13282263528e-05	-1.07756002987e-05	0.0212042798044 	0.0191121158848 	55.3593882416 	0.0439829166839 	0.014873455662 	-0.00911363245492 	0.034253419886 	-2.98564087146 	0.0140452053504 	5.88668825659 	0.0164776718929 	-5.11826086957 	15.0	-0.872638888889	-56.6693849874	87.51092004	
5.58	-1.13282263528e-05	-1.08773132545e-05	0.0213336917478 	0.00662823828528 	55.359531844 	-0.0148796443233 	0.0148263815875 	-0.000471494431092 	0.0129411943395 	-1.24838775995 	0.014360240697 	-5.88625610072 	-0.00470740745779 	0.864213802383 	15.0	-0.872638888889	-56.8608919622	87.6716218713	
5.59	-1.13282263528e-05	-1.09703677336e-05	0.0209116774942 	-0.0914716931103 	55.3596836202 	0.0439805556278 	0.0148216666432 	-0.000471494431092 	-0.0422014253605 	-9.80999313956 	0.0151776182209 	5.8860199951 	-0.000471494431092 	-4.54747350886e-16 	15.0	-0.872638888889	-57.0523989371	87.8323237026	
5.6	-1.13282263528e-05	-1.10548857675e-05	0.020152320396 	-0.0713701433859 	55.3598404004 	-0.0148712255342 	0.0147064474074 	-0.0150581008611 	-0.0759357098204 	2.01015497244 	0.0156780236399 	-5.8851781162 	-0.0115219235784 	-1.45866064301 	15.0	-0.872638888889	-57.2439059119	87.9930255339	
5.61	-1.13282263528e-05	-1.11310689484e-05	0.0199312696907 	0.0267320493274 	55.3599892796 	0.0439921353364 	0.0145558663988 	-0.0150581008611 	-0.0221050705284 	9.81021927134 	0.0148879216639 	5.88633608707 	-0.0150581008611 	4.54747350886e-16 	15.0	-0.872638888889	-57.4354128868	88.1537273652	
5.62	-1.13282263528e-05	-1.11991854206e-05	0.0200391213563 	-0.0054507822841 	55.3601333415 	-0.0148688499032 	0.0145226308232 	0.00843729688599 	0.0107851665556 	-3.21828316115 	0.0144061857202 	-5.88609852396 	-0.00332355755955 	2.34953977471 	15.0	-0.872638888889	-57.6269198616	88.3144291966	
5.63	-1.13282263528e-05	-1.12595578796e-05	0.019837462696 	-0.0353022953597 	55.360281895 	0.0439959190146 	0.0143510907485 	-0.0427453118097 	-0.0201658660309 	-2.98515130756 	0.0148553507564 	5.88647689177 	-0.0171540074618 	-5.11826086957 	15.0	-0.872638888889	-57.8184268365	88.4751310279	
5.64	-1.13282263528e-05	-1.1312552577e-05	0.0194415409747 	-0.0443444484837 	55.3604332147 	-0.0148509161273 	0.0139633815322 	-0.0351548123516 	-0.0395921721236 	-0.904215312402 	0.0151319738385 	-5.88468351418 	-0.038770921631 	0.759049945804 	15.0	-0.872638888889	-58.0099338113	88.6358328592	
5.65	-1.11423220782e-05	-1.133138082e-05	0.0191494216634 	-0.0144890427615 	55.3605831101 	0.044013170404 	0.0138677464522 	0.016027796344 	-0.0292119311323 	2.98554057222 	0.0149895415263 	5.88640865312 	-0.0095635080038 	5.11826086957 	15.0	-0.872638888889	-58.2014407861	88.7965346905	
5.66	-1.11423220782e-05	-1.13455403394e-05	0.0191657565911 	0.0172896045912 	55.3607287241 	-0.0148474266502 	0.013906834859 	-0.00801186951768 	0.00163349276608 	3.17786473527 	0.0145613980756 	-5.88605970542 	0.00390884067609 	-2.40396658617 	15.0	-0.872638888889	-58.392947761	88.9572365218	
5.67	-1.11423220782e-05	-1.13555021182e-05	0.018850203217 	-0.0808092270226 	55.3608789395 	0.0440151177039 	0.0138267161638 	-0.00801186951768 	-0.0315553374051 	-9.80988316138 	0.0150215365582 	5.88625443541 	-0.00801186951768 	-4.54747350886e-16 	15.0	-0.872638888889	-58.5844547358	89.1179383531	
5.68	-1.11423220782e-05	-1.13617207814e-05	0.0181999219552 	-0.0606269417801 	55.3610338033 	-0.0148329581154 	0.0136351706776 	-0.022469942311 	-0.0650281261769 	2.01822852425 	0.0154863877656 	-5.88480758194 	-0.0191545486139 	-1.44580727933 	15.0	-0.872638888889	-58.7759617107	89.2786401844	
5.69	-1.11423220782e-05	-1.13646316897e-05	0.0180861320268 	0.0374763388718 	55.3611813757 	0.0440296428638 	0.0134104712545 	-0.022469942311 	-0.0113789928405 	9.81032806519 	0.014757236978 	5.88626009792 	-0.022469942311 	4.54747350886e-16 	15.0	-0.872638888889	-58.9674686855	89.4393420157	
5.7	-1.11423220782e-05	-1.13646486423e-05	0.0183048061411 	0.016691404937 	55.3613244437 	-0.0148333559886 	0.0132994764742 	-0.00760406897543 	0.0218674114313 	-2.07849339348 	0.0143067998011 	-5.88629988523 	-0.0110994780351 	1.48658733355 	15.0	-0.872638888889	-59.1589756604	89.600043847	
5.71	-1.11423220782e-05	-1.13621621323e-05	0.0179831824034 	-0.0814074850778 	55.3614746883 	0.0440291043355 	0.0132234357844 	-0.00760406897543 	-0.0321623737792 	-9.80988900148 	0.0150244594541 	5.8862460324 	-0.00760406897543 	-4.54747350886e-16 	15.0	-0.872638888889	-59.3504826352	89.7607456784	
5.72	-1.11423220782e-05	-1.13575381007e-05	0.0173266720583 	-0.0612501663917 	55.3616293807 	-0.0148191268477 	0.0130360504513 	-0.0220504853684 	-0.0656510345017 	2.01573186861 	0.0154692347928 	-5.88482311832 	-0.0187385333118 	-1.4446416393 	15.0	-0.872638888889	-59.54198961	89.9214475097	
5.73	-1.11423220782e-05	-1.1351117133e-05	0.0172065642258 	0.0368530560708 	55.3617771037 	0.0440435629994 	0.0128155455976 	-0.0220504853684 	-0.0120107832554 	9.81032224625 	0.0147723020877 	5.88626898471 	-0.0220504853684 	4.54747350886e-16 	15.0	-0.872638888889	-59.7334965849	90.082149341	
5.74	-1.11423220782e-05	-1.13432140516e-05	0.0174188082027 	0.0160419678496 	55.3619205225 	-0.0148192759714 	0.0127088511532 	-0.00716623645118 	0.021224397694 	-2.08110882212 	0.0143418816492 	-5.88628389708 	-0.010669444443 	1.48842489172 	15.0	-0.872638888889	-59.9250035597	90.2428511723	
5.75	-1.11423220782e-05	-1.13341178515e-05	0.0170906041643 	-0.0820569850686 	55.3620708011 	0.0440430892179 	0.0126371887887 	-0.00716623645118 	-0.0328204038453 	-9.80989529182 	0.0150278642151 	5.88623651893 	-0.00716623645118 	-4.54747350886e-16 	15.0	-0.872638888889	-60.1165105346	90.4035530036	
5.76	-1.45788357423e-05	-1.18266820594e-05	0.0164273449689 	-0.0618909103859 	55.3622253323 	-0.0148053128379 	0.0124542636702 	-0.0216253675254 	-0.0663259195323 	2.01660746827 	0.0154531211358 	-5.88484020557 	-0.0182925118476 	-1.44591310742 	15.0	-0.872638888889	-60.3080175094	90.5642548349	
5.77	-1.45788357423e-05	-1.22837118281e-05	0.0163007463992 	0.036212252939 	55.3623732027 	0.0440574638588 	0.012238009995 	-0.0216253675254 	-0.0126598569721 	9.81031633249 	0.0147870346573 	5.88627766966 	-0.0216253675254 	4.54747350886e-16 	15.0	-0.872638888889	-60.4995244843	90.7249566662	
5.78	-1.45788357423e-05	-1.2704862722e-05	0.0165064133469 	0.0152387584223 	55.3625169628 	-0.0148052177719 	0.0121356963227 	-0.00661244603854 	0.0205666947689 	-2.09734945167 	0.01437600909 	-5.88626816307 	-0.0102313672233 	1.50129214868 	15.0	-0.872638888889	-60.6910314591	90.8856584975	
5.79	-1.45788357423e-05	-1.30902404418e-05	0.0161700939868 	-0.0828602744837 	55.3626672922 	0.0440570178829 	0.0120695718623 	-0.00661244603854 	-0.0336319360073 	-9.8099032906 	0.0150329449598 	5.88622356548 	-0.00661244603854 	-4.54747350886e-16 	15.0	-0.872638888889	-60.8825384339	91.0463603288	
5.8	-1.45788357423e-05	-1.34403388665e-05	0.0154985296546 	-0.06267328256 	55.3628216851 	-0.0147916121726 	0.0118922841489 	-0.0210946204332 	-0.0671564332199 	2.01869919237 	0.0154392896507 	-5.88486300555 	-0.0177287713428 	-1.44821743947 	15.0	-0.872638888889	-61.0740454088	91.2070621602	
5.81	-1.45788357423e-05	-1.37559820938e-05	0.015364026976 	0.0354298060192 	55.3629697135 	0.0440712614148 	0.0116813379446 	-0.0210946204332 	-0.0134502678655 	9.81030885792 	0.0148028340269 	5.88628735875 	-0.0210946204332 	4.54747350886e-16 	15.0	-0.872638888889	-61.2655523836	91.3677639915	
5.82	-1.45788357423e-05	-1.40382705889e-05	0.0155616560548 	0.0133014615711 	55.3631138193 	-0.0147912330914 	0.011584494805 	-0.00521068261812 	0.0197629078858 	-2.21283444481 	0.0144105782033 	-5.88624945062 	-0.00968431395753 	1.58839378151 	15.0	-0.872638888889	-61.4570593585	91.5284658228	
5.83	-1.45788357423e-05	-1.42885314951e-05	0.015205885237 	-0.0847977756229 	55.3632643298 	0.0440706295602 	0.0115323879788 	-0.00521068261812 	-0.0355770817855 	-9.8099237194 	0.0150510581325 	5.88618626515 	-0.00521068261812 	-4.54747350886e-16 	15.0	-0.872638888889	-61.6485663333	91.6891676541	
5.84	-1.45788357423e-05	-1.45082731018e-05	0.0145142786777 	-0.0646032699883 	55.3634187275 	-0.0147786354335 	0.0113694382982 	-0.0197196093285 	-0.0691606559318 	2.01945056346 	0.0154397669213 	-5.88492649937 	-0.0162949680587 	-1.45089267104 	15.0	-0.872638888889	-61.8400733082	91.8498694854	
5.85	-1.45788357423e-05	-1.46991434213e-05	0.0143604027933 	0.0334996198239 	55.3635670324 	0.0440844314316 	0.0111722422049 	-0.0197196093285 	-0.0153875884355 	9.81028898121 	0.014830491568 	5.88630668651 	-0.0197196093285 	4.54747350886e-16 	15.0	-0.872638888889	-62.031580283	92.0105713167	
5.86	-1.54827295639e-05	-1.49950872576e-05	0.0145382416811 	0.00184321414689 	55.3637115915 	-0.0147776255868 	0.011089610608 	0.003323004866 	0.0177838887799 	-3.1656405677 	0.01445590963 	-5.88620570184 	-0.00826315969024 	2.30426141945 	15.0	-0.872638888889	-62.2230872578	92.171273148	
5.87	-1.54827295639e-05	-1.52565646521e-05	0.0144090147737 	-0.028007533908 	55.3638595527 	0.0440865606333 	0.0108669276132 	-0.0478596038297 	-0.0129226907435 	-2.98507480548 	0.014796117093 	5.88641862201 	-0.0222682994818 	-5.11826086957 	15.0	-0.872638888889	-62.4145942327	92.3319749793	
5.88	-1.54827295639e-05	-1.54852869535e-05	0.0139747276575 	-0.059390678319 	55.3640108247 	-0.0147585863703 	0.010511284764 	-0.0234983384132 	-0.0434287116158 	-3.1383144411 	0.015127204385 	-5.88451470036 	-0.0355642849268 	2.43612654164 	15.0	-0.872638888889	-62.6061012075	92.4926768106	
5.89	-1.54827295639e-05	-1.56831029736e-05	0.0138728460634 	0.0387127699563 	55.3641586563 	0.0441038427398 	0.0102763013798 	-0.0234983384132 	-0.0101881594084 	9.81034482752 	0.0147831604905 	5.886242911 	-0.0234983384132 	4.54747350886e-16 	15.0	-0.872638888889	-62.7976081824	92.6533786419	
5.9	-1.54827295639e-05	-1.58519596301e-05	0.0141036448927 	0.017883955918 	55.3643030213 	-0.0147595337416 	0.0101548207166 	-0.00860259532999 	0.0230798829234 	-2.08288140383 	0.014436494127 	-5.88633764814 	-0.0121480663222 	1.48957430832 	15.0	-0.872638888889	-62.9891151572	92.8140804733	
5.91	-1.54827295639e-05	-1.59938667998e-05	0.0137934816737 	-0.0802147819864 	55.3644528692 	0.0441031466858 	0.0100687947633 	-0.00860259532999 	-0.0310163219014 	-9.80987379044 	0.0149847917814 	5.88626804274 	-0.00860259532999 	-4.54747350886e-16 	15.0	-0.872638888889	-63.1806221321	92.9747823046	
5.92	-1.54827295639e-05	-1.61108662076e-05	0.0131488435647 	-0.0598150767517 	55.3646061063 	-0.0147446606028 	0.0098712303674 	-0.0232075375067 	-0.0644638108961 	2.03997052347 	0.0153237112723 	-5.88478072886 	-0.0197564395906 	-1.46049421767 	15.0	-0.872638888889	-63.3721291069	93.1354841359	
5.93	-1.54827295639e-05	-1.62050041582e-05	0.0130426252489 	0.0382883320841 	55.3647540533 	0.0441178369318 	0.00963915499233 	-0.0232075375067 	-0.010621831579 	9.81034088358 	0.0147947030203 	5.88624975346 	-0.0232075375067 	4.54747350886e-16 	15.0	-0.872638888889	-63.5636360817	93.2961859672	
5.94	-1.54827295639e-05	-1.62783078962e-05	0.0132690176167 	0.0174729598137 	55.364898747 	-0.0147454209006 	0.00952064584501 	-0.00832274577487 	0.0226392367756 	-2.08153722704 	0.0144693651939 	-5.88632578324 	-0.0118509147325 	1.48847917318 	15.0	-0.872638888889	-63.7551430566	93.4568877985	
5.95	-1.54827295639e-05	-1.63327653734e-05	0.0129546512779 	-0.0806258179734 	55.3650485789 	0.0441172065161 	0.00943741838726 	-0.00832274577487 	-0.0314366338726 	-9.80987777871 	0.0149831895813 	5.88626274166 	-0.00832274577487 	-4.54747350886e-16 	15.0	-0.872638888889	-63.9466500314	93.6175896298	
5.96	-1.54827295639e-05	-1.63703081883e-05	0.0123057074294 	-0.0603792251596 	55.3652015891 	-0.0147307031515 	0.00924271962271 	-0.0228129772234 	-0.0648943848587 	2.02465928138 	0.0153010248069 	-5.88479096675 	-0.0194698764551 	-1.44902314486 	15.0	-0.872638888889	-64.1381570063	93.7782914611	
5.97	-1.62088465226e-05	-1.64989920688e-05	0.0121937565764 	0.0377241289079 	55.3653496604 	0.0441318811587 	0.00901458985047 	-0.0228129772234 	-0.0111950852999 	9.81033540675 	0.0148071306222 	5.88625843101 	-0.0228129772234 	4.54747350886e-16 	15.0	-0.872638888889	-64.3296639811	93.9389932924	
5.98	-1.62088465226e-05	-1.66070394881e-05	0.0124143626502 	0.0169337262537 	55.3654946875 	-0.0147312216222 	0.00890013493405 	-0.00793749884076 	0.0220606073822 	-2.07904026542 	0.0145027020201 	-5.88631027808 	-0.011445491642 	1.48754783827 	15.0	-0.872638888889	-64.521170956	94.0996951237	
5.99	-1.62088465226e-05	-1.66960208349e-05	0.0120945129249 	-0.0811651069813 	55.3656445149 	0.0441313274952 	0.00882075994564 	-0.00793749884076 	-0.0319849725301 	-9.8098833235 	0.0149827407519 	5.88625491173 	-0.00793749884076 	-4.54747350886e-16 	15.0	-0.872638888889	-64.7126779308	94.2603969551	
6.0	-1.62088465226e-05	-1.67675089889e-05	0.0114399269796 	-0.060984167782 	55.3657973149 	-0.0147167312434 	0.00862998908152 	-0.0223849784823 	-0.065458594524 	2.01809391993 	0.0152799982276 	-5.88480587386 	-0.0190770864124 	-1.44474796415 	15.0	-0.872638888889	-64.9041849056	94.4210987864	
6.01	-1.62088465226e-05	-1.68230612894e-05	0.0113218378385 	0.0371191264887 	55.3659455088 	0.0441459399984 	0.0084061392967 	-0.0223849784823 	-0.0118089141093 	9.81032942707 	0.0148193899107 	5.88626712418 	-0.0223849784823 	4.54747350886e-16 	15.0	-0.872638888889	-65.0956918805	94.5818006177	
6.02	-1.62088465226e-05	-1.68642041131e-05	0.0115361894499 	0.0163299490193 	55.3660908626 	-0.0147169998408 	0.00829606616304 	-0.0075123600381 	0.0214351611331 	-2.07891774694 	0.014535387084 	-5.88629398392 	-0.011007313366 	1.48726184442 	15.0	-0.872638888889	-65.2871988553	94.742502449	
6.03	-1.62088465226e-05	-1.68924198828e-05	0.0112102133149 	-0.081768945641 	55.3662406898 	0.0441454580973 	0.00822094256266 	-0.0075123600381 	-0.0325976134948 	-9.80988946603 	0.0149827162703 	5.88624579381 	-0.0075123600381 	-4.54747350886e-16 	15.0	-0.872638888889	-65.4787058302	94.9032042803	
6.04	-1.62088465226e-05	-1.69091363233e-05	0.0105493655712 	-0.0615898332608 	55.3663932889 	-0.0147027694466 	0.00803451487272 	-0.0219600151993 	-0.0660847743698 	2.01791123803 	0.0152599132064 	-5.88482275439 	-0.0186427689934 	-1.44476551612 	15.0	-0.872638888889	-65.670212805	95.0639061116	
6.05	-1.62088465226e-05	-1.6915717784e-05	0.0104251332793 	0.0365134015379 	55.3665416 	0.044159984088 	0.00781491472073 	-0.0219600151993 	-0.0124232291975 	9.81032347987 	0.0148311130925 	5.88627535345 	-0.0219600151993 	4.54747350886e-16 	15.0	-0.872638888889	-65.8617197799	95.2246079429	
6.06	-1.62088465226e-05	-1.69134584459e-05	0.0106332369066 	0.0156695721738 	55.3666872694 	-0.0147027986795 	0.00770920428972 	-0.00704465713529 	0.0208103627303 	-2.08438293641 	0.014566939815 	-5.88627827675 	-0.0105710431007 	1.4915358064 	15.0	-0.872638888889	-66.0532267547	95.3853097742	
6.07	-1.81545010403e-05	-1.71881292074e-05	0.0103005708871 	-0.0824293903031 	55.366837099 	0.0441595528358 	0.00763875771837 	-0.00704465713529 	-0.0332666019417 	-9.80989624769 	0.0149829512223 	5.88623515154 	-0.00704465713529 	-4.54747350886e-16 	15.0	-0.872638888889	-66.2447337295	95.5460116055	
6.08	-1.81545010403e-05	-1.74365910993e-05	0.00963284878742 	-0.0622378654124 	55.3669895059 	-0.014688865212 	0.00745708563021 	-0.0215107129729 	-0.0667722099712 	2.01915248907 	0.0152406903455 	-5.88484180479 	-0.0181672088162 	-1.44660558376 	15.0	-0.872638888889	-66.4362407044	95.7067134368	
6.09	-1.81545010403e-05	-1.76595871226e-05	0.00950205220784 	0.0358653061941 	55.3671379319 	0.0441739714686 	0.00724197850048 	-0.0215107129729 	-0.0130796579582 	9.81031716066 	0.0148425995796 	5.88628366806 	-0.0215107129729 	4.54747350886e-16 	15.0	-0.872638888889	-66.6277476792	95.8674152682	
6.1	-1.81545010403e-05	-1.78580464644e-05	0.00970351357339 	0.0147181989471 	55.3672839081 	-0.0146886502615 	0.00714090347556 	-0.00635667701208 	0.0201461365546 	-2.11471072471 	0.0145976217137 	-5.88626217301 	-0.0101075024918 	1.51540359608 	15.0	-0.872638888889	-66.8192546541	96.0281170995	
6.11	-1.81545010403e-05	-1.80330489089e-05	0.00936125066296 	-0.0833808639566 	55.367433759 	0.0441735320811 	0.00707733670544 	-0.00635667701208 	-0.0342262910428 	-9.80990629037 	0.014985097033 	5.88621823426 	-0.00635667701208 	-4.54747350886e-16 	15.0	-0.872638888889	-67.0107616289	96.1888189308	
6.12	-1.81545010403e-05	-1.818579236e-05	0.00868370492832 	-0.0631640822729 	55.3675859994 	-0.0146751824317 	0.00690266393364 	-0.0208499273487 	-0.0677545734643 	2.02167816838 	0.0152240355503 	-5.88487145128 	-0.01746727718 	-1.44932503366 	15.0	-0.872638888889	-67.2022686038	96.3495207621	
6.13	-1.81545010403e-05	-1.83175634178e-05	0.00854356571564 	0.034938994758 	55.3677345525 	0.0441877602275 	0.00669416466015 	-0.0208499273487 	-0.0140139212675 	9.81030770309 	0.0148553129433 	5.88629426592 	-0.0208499273487 	4.54747350886e-16 	15.0	-0.872638888889	-67.3937755786	96.5102225934	
6.14	-1.81545010403e-05	-1.8429710931e-05	0.00873551304049 	0.0106583252842 	55.3678808405 	-0.0146746379484 	0.00659990191099 	-0.00333930686743 	0.0191947324848 	-2.42806694739 	0.0146287948513 	-5.88623981759 	-0.00942627491653 	1.75106204813 	15.0	-0.872638888889	-67.5852825534	96.6709244247	
6.15	-1.81545010403e-05	-1.85236224187e-05	0.00835257517533 	-0.0874411819767 	55.3680309192 	0.0441866440555 	0.00656650884231 	-0.00333930686743 	-0.0382937865156 	-9.80995072609 	0.0150078763283 	5.88612820039 	-0.00333930686743 	-4.54747350886e-16 	15.0	-0.872638888889	-67.7767895283	96.831626256	
6.16	-1.81545010403e-05	-1.86007032401e-05	0.00763341958517 	-0.0672096738454 	55.3681832157 	-0.0146635414897 	0.00642241877769 	-0.0178955277474 	-0.0719155590164 	2.02315081313 	0.0152296475875 	-5.88501855452 	-0.0144090064627 	-1.455622088 	15.0	-0.872638888889	-67.9682965031	96.9923280873	
6.17	-1.81545010403e-05	-1.86623583758e-05	0.00745275758064 	0.0308929692429 	55.3683320729 	0.0441997081913 	0.00624346350021 	-0.0178955277474 	-0.0180662004531 	9.81026430883 	0.0148857192514 	5.88632496809 	-0.0178955277474 	4.54747350886e-16 	15.0	-0.872638888889	-68.159803478	97.1530299186	
6.18	-1.95300665663e-05	-1.89111531313e-05	0.00760305164507 	-0.00107974518639 	55.368478828 	-0.0146618509436 	0.00617990408022 	0.00540866837291 	0.0150294064428 	-3.19727144293 	0.0146755131498 	-5.88615591348 	-0.00635594199875 	2.33041961203 	15.0	-0.872638888889	-68.3513104528	97.31373175	
6.19	-1.95300665663e-05	-1.9133323371e-05	0.00744388002397 	-0.0309307754637 	55.3686274924 	0.0442026524527 	0.00597807772048 	-0.0457739403227 	-0.0159171621095 	-2.98510302773 	0.0148664309055 	5.88645033963 	-0.0201826359749 	-5.11826086957 	15.0	-0.872638888889	-68.5428174277	97.4744335813	
6.2	-1.95300665663e-05	-1.93299639893e-05	0.00697913214423 	-0.0623323355424 	55.3687779795 	-0.0146424041036 	0.0056436626536 	-0.0213934966963 	-0.0464747879739 	-3.14015600786 	0.0150487151561 	-5.88450565563 	-0.0334415066875 	2.43804436264 	15.0	-0.872638888889	-68.7343244025	97.6351354126	
6.21	-1.95300665663e-05	-1.95023092781e-05	0.0068471246705 	0.0357708287195 	55.3689266378 	0.0442204368059 	0.00542972768664 	-0.0213934966963 	-0.0132007473732 	9.81031642619 	0.0148658302687 	5.88628409095 	-0.0213934966963 	4.54747350886e-16 	15.0	-0.872638888889	-68.9258313773	97.7958372439	
6.22	-1.95300665663e-05	-1.96517002225e-05	0.00704732503396 	0.0144694511389 	55.369073449 	-0.0146421508093 	0.00532985404499 	-0.00612610796018 	0.0200200363463 	-2.13013775806 	0.0146811206452 	-5.88625876153 	-0.00998736416438 	1.52673887362 	15.0	-0.872638888889	-69.1173383522	97.9565390752	
6.23	-1.95300665663e-05	-1.97795550107e-05	0.00670230656122 	-0.0836296429073 	55.3692231585 	0.0442199670906 	0.00526859296539 	-0.00612610796018 	-0.034501847274 	-9.80990940462 	0.0149709488781 	5.88621178999 	-0.00612610796018 	-4.54747350886e-16 	15.0	-0.872638888889	-69.308845327	98.1172409065	
6.24	-1.95300665663e-05	-1.98873426574e-05	0.00602197839869 	-0.0633983091818 	55.3693746506 	-0.0146288628482 	0.00509626979974 	-0.0206252938662 	-0.0680328162535 	2.02313337254 	0.0151492056653 	-5.88488299387 	-0.0172323165656 	-1.44991859061 	15.0	-0.872638888889	-69.5003523019	98.2779427378	
6.25	-1.95300665663e-05	-1.99765596159e-05	0.0058792314097 	0.0347047442491 	55.3695234251 	0.0442340958941 	0.00489001686107 	-0.0206252938662 	-0.0142746988986 	9.81030534309 	0.0148774496167 	5.88629587422 	-0.0206252938662 	4.54747350886e-16 	15.0	-0.872638888889	-69.6918592767	98.4386445691	
6.26	-1.95300665663e-05	-2.00487092382e-05	0.00606849077612 	0.0080814330584 	55.3696705344 	-0.0146282360867 	0.00479806773067 	-0.00135829470565 	0.0189259366414 	-2.66233111907 	0.0147109344271 	-5.88623319807 	-0.0091949130404 	1.92669991606 	15.0	-0.872638888889	-69.8833662516	98.5993464004	
6.27	-1.95300665663e-05	-2.01052839313e-05	0.00565951867527 	-0.0900183658878 	55.3698205138 	0.0442323198542 	0.00478448478361 	-0.00135829470565 	-0.0408972100845 	-9.80997989462 	0.0149979410334 	5.88605559409 	-0.00135829470565 	-4.54747350886e-16 	15.0	-0.872638888889	-70.0748732264	98.7600482317	
6.28	-2.13201709621e-05	-2.04095526135e-05	0.00491383875458 	-0.0698074675857 	55.3699721098 	-0.014618979167 	0.00466042141381 	-0.0159214131808 	-0.0745679920693 	2.02108983021 	0.0151596026586 	-5.88512990212 	-0.01240633698 	-1.45631184751 	15.0	-0.872638888889	-70.2663802012	98.9207500631	
6.29	-2.13201709621e-05	-2.06829894799e-05	0.00470694108796 	0.0282948910085 	55.3701212119 	0.0442443256487 	0.004501207282 	-0.0159214131808 	-0.0206897666619 	9.81023585941 	0.0149102085239 	5.88633048157 	-0.0159214131808 	4.54747350886e-16 	15.0	-0.872638888889	-70.4578871761	99.0814518944	
6.3	-2.13201709621e-05	-2.09266806611e-05	0.00482973753512 	-0.00377408382545 	55.3702687985 	-0.0146168194218 	0.00445856930814 	0.00747457153166 	0.0122796447159 	-3.20689748339 	0.014758661007 	-5.88611450705 	-0.00426379738617 	2.33959847124 	15.0	-0.872638888889	-70.6493941509	99.2421537257	
6.31	-2.13201709621e-05	-2.11419002987e-05	0.0046433711692 	-0.0336254110527 	55.3704177601 	0.044247841965 	0.00427740197998 	-0.043708037164 	-0.0186366365916 	-2.98513272272 	0.0148961562276 	5.88646613868 	-0.0181167328162 	-5.11826086957 	15.0	-0.872638888889	-70.8409011258	99.402855557	
6.32	-2.13201709621e-05	-2.13300708302e-05	0.0042576478369 	-0.0437192691498 	55.3705675541 	-0.0145990526693 	0.00388387767284 	-0.0353246980546 	-0.0385723332306 	-1.00938580971 	0.0149794014417 	-5.88468946342 	-0.0393524307145 	0.83833391094 	15.0	-0.872638888889	-71.0324081006	99.5635573883	
6.33	-2.13201709621e-05	-2.14927269664e-05	0.00397029388066 	-0.0138638141412 	55.370716992 	0.0442650232138 	0.00378654373577 	0.0158579106411 	-0.0287353956233 	2.98554550086 	0.0149437853802 	5.88640758831 	-0.00973339370677 	5.11826086957 	15.0	-0.872638888889	-71.2239150755	99.7242592196	
6.34	-2.13201709621e-05	-2.16314832692e-05	0.00399014098994 	0.0176562855447 	55.370865263 	-0.0145955312273 	0.00382473096678 	-0.00801340941786 	0.0019847109277 	3.15200996859 	0.0148271056075 	-5.88605544411 	0.00381872310113 	-2.38713200589 	15.0	-0.872638888889	-71.4154220503	99.8849610509	
6.35	-2.13201709621e-05	-2.17480052076e-05	0.0036767656078 	-0.0804425256603 	55.3710147943 	0.0442669844604 	0.0037445968726 	-0.00801340941786 	-0.031337538214 	-9.8098811205 	0.0149531252949 	5.88625156877 	-0.00801340941786 	-4.54747350886e-16 	15.0	-0.872638888889	-71.6069290251	100.045662882	
6.36	-2.13201709621e-05	-2.18439835491e-05	0.0030289223727 	-0.060189298133 	55.371165598 	-0.0145811676842 	0.00355303458418 	-0.0224795954672 	-0.0647843235102 	2.02532275273 	0.0150803762226 	-5.88481521446 	-0.0191562288421 	-1.44661860494 	15.0	-0.872638888889	-71.798436	100.206364714	
6.37	-2.13201709621e-05	-2.19211119229e-05	0.0029180357537 	0.037914040519 	55.371314518 	0.0442813362545 	0.00332823862951 	-0.0224795954672 	-0.0110886619003 	9.8103338652 	0.0148919999191 	5.88625039387 	-0.0224795954672 	4.54747350886e-16 	15.0	-0.872638888889	-71.9899429748	100.367066545	
6.38	-2.13201709621e-05	-2.19810673804e-05	0.00313957607018 	0.0171109767129 	55.371462286 	-0.0145817132983 	0.00321713752261 	-0.00760413296081 	0.0221540316481 	-2.08030638061 	0.0147767973183 	-5.88630495528 	-0.0111101106899 	1.48754625064 	15.0	-0.872638888889	-72.1814499497	100.527768376	
6.39	-2.29381628929e-05	-2.22621250864e-05	0.00282065767975 	-0.0809878941585 	55.3716117832 	0.0442807153625 	0.003141096193 	-0.00760413296081 	-0.0318918390431 	-9.80988708715 	0.0149497210261 	5.88624286608 	-0.00760413296081 	-4.54747350886e-16 	15.0	-0.872638888889	-72.3729569245	100.688470207	
6.4	-2.29381628929e-05	-2.25128454273e-05	0.00216713566557 	-0.0607772567914 	55.3717623506 	-0.0145676020829 	0.00295371495642 	-0.0220432429511 	-0.0653522014172 	2.02106373671 	0.0150567399345 	-5.88483174453 	-0.0187381236583 	-1.44391099903 	15.0	-0.872638888889	-72.5644638994	100.849172039	
6.41	-2.29381628929e-05	-2.27345033438e-05	0.0020502810816 	0.0373260200452 	55.3719113564 	0.0442949828516 	0.00273328252691 	-0.0220432429511 	-0.0116854583977 	9.81032768366 	0.0149005823255 	5.88625849344 	-0.0220432429511 	4.54747350886e-16 	15.0	-0.872638888889	-72.7559708742	101.00987387	
6.42	-2.29381628929e-05	-2.29285286114e-05	0.00226578035752 	0.0165270966681 	55.3720594092 	-0.0145679050927 	0.00262666371745 	-0.00716186296838 	0.0215499275923 	-2.07989233771 	0.0148052720645 	-5.88628879443 	-0.0106618809461 	1.48813799827 	15.0	-0.872638888889	-72.947477849	101.170575701	
6.43	-2.29381628929e-05	-2.30964688535e-05	0.00194093576663 	-0.0815718388876 	55.3722088722 	0.0442944241296 	0.00255504508776 	-0.00716186296838 	-0.0324844590889 	-9.80989355557 	0.0149463011368 	5.88623292223 	-0.00716186296838 	-4.54747350886e-16 	15.0	-0.872638888889	-73.1389848239	101.331277533	
6.44	-2.29381628929e-05	-2.3239956221e-05	0.00128134585088 	-0.0613549526384 	55.3723592087 	-0.0145540780259 	0.00237217541671 	-0.0216070009848 	-0.0659589915746 	2.02168862492 	0.0150336507212 	-5.88485021555 	-0.018286967105 	-1.44451380164 	15.0	-0.872638888889	-73.3304917987	101.491979364	
6.45	-2.29381628929e-05	-2.33606776188e-05	0.00115862843883 	0.0367482622711 	55.3725082947 	0.0443085805766 	0.00215610540686 	-0.0216070009848 	-0.0122717412054 	9.81032149095 	0.0149086072415 	5.88626586025 	-0.0216070009848 	4.54747350886e-16 	15.0	-0.872638888889	-73.5219987736	101.652681195	
6.46	-2.29381628929e-05	-2.34603483373e-05	0.00136814635399 	0.015865709873 	55.3726566207 	-0.01455415207 	0.00205395879386 	-0.00666261801326 	0.0209517915161 	-2.08825523981 	0.0148325993277 	-5.88627326466 	-0.0102146612999 	1.49443829715 	15.0	-0.872638888889	-73.7135057484	101.813383027	
6.47	-2.29381628929e-05	-2.35406889226e-05	0.00103660313806 	-0.0822332989687 	55.3728060496 	0.0443080588508 	0.00198733261373 	-0.00666261801326 	-0.0331543215926 	-9.80990088417 	0.0149428876585 	5.88622109208 	-0.00666261801326 	-4.54747350886e-16 	15.0	-0.872638888889	-73.9050127233	101.974084858	
6.48	-2.29381628929e-05	-2.3603405111e-05	0.000370157125295 	-0.0619972429369 	55.3729561612 	-0.0145406574163 	0.0018095485523 	-0.0211266506486 	-0.066644601277 	2.02360560318 	0.0150111559665 	-5.88487162671 	-0.0177784061429 	-1.44640326354 	15.0	-0.872638888889	-74.0965196981	102.134786689	
6.49	-2.29381628929e-05	-2.3650170639e-05	0.000240933673107 	0.0361059033363 	55.3731053232 	0.0443220777786 	0.00159828204582 	-0.0211266506486 	-0.0129223452188 	9.81031462732 	0.014916204696 	5.88627351949 	-0.0211266506486 	4.54747350886e-16 	15.0	-0.872638888889	-74.2880266729	102.295488521	
6.5	-2.44490047307e-05	-2.39035733524e-05	0.000443831008184 	0.0147538632451 	55.3732539117 	-0.0145404884064 	0.00150107910227 	-0.00582369441064 	0.0202897335077 	-2.13520400911 	0.0148588520602 	-5.8862566185 	-0.00972029435474 	1.5302956238 	15.0	-0.872638888889	-74.4795336478	102.456190352	
6.51	-2.44490047307e-05	-2.41289028024e-05	0.000101087803087 	-0.0833452696048 	55.373403312 	0.0443215081409 	0.00144284215816 	-0.00582369441064 	-0.0342743205096 	-9.80991328499 	0.0149400243167 	5.88619965473 	-0.00582369441064 	-4.54747350886e-16 	15.0	-0.872638888889	-74.6710406226	102.616892183	
6.52	-2.44490047307e-05	-2.43274139234e-05	-0.000576819410785 	-0.0630793101307 	55.3735532111 	-0.0145275820789 	0.00127359419331 	-0.0203178298395 	-0.0677907213872 	2.02659594741 	0.0149899131352 	-5.88490902198 	-0.0169247964858 	-1.44941354288 	15.0	-0.872638888889	-74.8625475975	102.777594015	
6.53	-2.44490047307e-05	-2.45004939397e-05	-0.000716942493193 	0.0350237183442 	55.3737024471 	0.0443352675211 	0.00107041589491 	-0.0203178298395 	-0.0140123082408 	9.81030284749 	0.0149235975048 	5.88628495999 	-0.0203178298395 	4.54747350886e-16 	15.0	-0.872638888889	-75.0540545723	102.938295846	
6.54	-2.44490047307e-05	-2.46496289001e-05	-0.000525186159448 	0.00770137066079 	55.3738512869 	-0.014527034017 	0.000981541812351 	-0.000534726982179 	0.0191756333745 	-2.73223476834 	0.0148839762879 	-5.8862301538 	-0.00888740825598 	1.97831028573 	15.0	-0.872638888889	-75.2455615472	103.098997677	
6.55	-2.44490047307e-05	-2.4776373619e-05	-0.000938526500267 	-0.0903985496487 	55.3740007214 	0.0443331863389 	0.000976194542529 	-0.000534726982179 	-0.0413340340819 	-9.80999203095 	0.0149434564566 	5.88602203559 	-0.000534726982179 	-4.54747350886e-16 	15.0	-0.872638888889	-75.437068522	103.259699508	
6.56	-2.44490047307e-05	-2.48823249009e-05	-0.00168849680258 	-0.0701557813714 	55.3741504885 	-0.0145186925475 	0.000860489128376 	-0.0150862087642 	-0.074997030231 	2.02427682772 	0.0149767052566 	-5.88518788864 	-0.0115705414154 	-1.4551481782 	15.0	-0.872638888889	-75.6285754968	103.42040134	
6.57	-2.44490047307e-05	-2.49690979077e-05	-0.00189944100726 	0.0279464686057 	55.3742998078 	0.0443444907104 	0.000709627040734 	-0.0150862087642 	-0.0210944204687 	9.81022499772 	0.014931930664 	5.88631832579 	-0.0150862087642 	4.54747350886e-16 	15.0	-0.872638888889	-75.8200824717	103.581103171	
6.58	-2.44490047307e-05	-2.50383055104e-05	-0.00178134337477 	-0.00420531860862 	55.374448864 	-0.0145165387337 	0.00067576571123 	0.00836576479717 	0.0118097632492 	-3.21517872143 	0.0149056179163 	-5.88610294441 	-0.00338613295039 	2.34519735613 	15.0	-0.872638888889	-76.0115894465	103.741805002	
6.59	-2.44490047307e-05	-2.5091540453e-05	-0.00197258269291 	-0.034056760597 	55.3745981256 	0.0443480295359 	0.000503510315723 	-0.0428168438985 	-0.0191239318142 	-2.98514419884 	0.014926167078 	5.88645682696 	-0.0172255395507 	-5.11826086957 	15.0	-0.872638888889	-76.2030964214	103.902506834	
6.6	-2.65129760962e-05	-2.54322159637e-05	-0.00235829403289 	-0.0431458756638 	55.3747474634 	-0.0144992460026 	0.000115196603212 	-0.0351931108405 	-0.0385711339974 	-0.908911506679 	0.0149337804879 	-5.88472755386 	-0.0388313712512 	0.7623733058 	15.0	-0.872638888889	-76.3946033962	104.063208665	
6.61	-2.65129760962e-05	-2.57390588319e-05	-0.00264047495187 	-0.0132904305954 	55.3748968146 	0.0443647338717 	1.91785382852e-05 	0.0159894978552 	-0.0282180918978 	2.98554450684 	0.0149351175046 	5.88639798743 	-0.00960180649265 	5.11826086957 	15.0	-0.872638888889	-76.5861103711	104.223910496	
6.62	-2.65129760962e-05	-2.60131844821e-05	-0.00261637535982 	0.0180492411174 	55.3750461564 	-0.0144957835626 	5.91367643074e-05 	-0.00778530079226 	0.00240995920439 	3.13396717128 	0.0149341743152 	-5.88605174343 	0.00399582260222 	-2.37747986474 	15.0	-0.872638888889	-76.7776173459	104.384612328	
6.63	-2.65129760962e-05	-2.62559258252e-05	-0.00292638175438 	-0.0800495961646 	55.3751955041 	0.0443666268552 	-1.87162436152e-05 	-0.00778530079226 	-0.0310006394557 	-9.8098837282 	0.014934775295 	5.88624104178 	-0.00778530079226 	-4.54747350886e-16 	15.0	-0.872638888889	-76.9691243207	104.545314159	
6.64	-2.65129760962e-05	-2.64687889025e-05	-0.00357072661829 	-0.0597695032399 	55.3753448652 	-0.0144817486959 	-0.000207979481802 	-0.0222501518836 	-0.0644344863914 	2.02800929247 	0.0149361071864 	-5.88483755511 	-0.0189263238187 	-1.44648510913 	15.0	-0.872638888889	-77.1606312956	104.70601599	
6.65	-2.65129760962e-05	-2.66534125703e-05	-0.00367797457465 	0.0383338234384 	55.3754943618 	0.0443806332136 	-0.000430481000639 	-0.0222501518836 	-0.010724795636 	9.81033266783 	0.0149496573339 	5.88623819095 	-0.0222501518836 	4.54747350886e-16 	15.0	-0.872638888889	-77.3521382704	104.866717822	
6.66	-2.65129760962e-05	-2.68115321327e-05	-0.00345285118406 	0.0175261755296 	55.3756439563 	-0.0144824079963 	-0.00053929257207 	-0.00737016201352 	0.0225123390596 	-2.08076479088 	0.0149594519158 	-5.88630412099 	-0.0108811571432 	1.48799898701 	15.0	-0.872638888889	-77.5436452453	105.027419653	
6.67	-2.65129760962e-05	-2.69449467987e-05	-0.00376817721757 	-0.0805727227675 	55.3757932501 	0.0443799122777 	-0.000612994192206 	-0.00737016201352 	-0.031532603351 	-9.80988982972 	0.0149293823075 	5.8862320274 	-0.00737016201352 	-4.54747350886e-16 	15.0	-0.872638888889	-77.7351522201	105.188121484	
6.68	-2.65129760962e-05	-2.70554908144e-05	-0.00441796799723 	-0.0603334661412 	55.3759423576 	-0.0144686364414 	-0.000798015458765 	-0.0218035435604 	-0.0649790779667 	2.02392566263 	0.0149107470409 	-5.88485487191 	-0.0185021266559 	-1.44333815469 	15.0	-0.872638888889	-77.9266591949	105.348823315	
6.69	-2.65129760962e-05	-2.71450080973e-05	-0.00453094343635 	0.0377697966227 	55.3760919167 	0.0443938205625 	-0.00101605089437 	-0.0218035435604 	-0.0112975439112 	9.81032627639 	0.0149559159353 	5.8862457004 	-0.0218035435604 	4.54747350886e-16 	15.0	-0.872638888889	-78.1181661698	105.509525147	
6.7	-2.65129760962e-05	-2.72153301871e-05	-0.00431166370141 	0.0169614978656 	55.3762417693 	-0.0144690587518 	-0.00112029504013 	-0.00692295527911 	0.0219279734938 	-2.08082987571 	0.0149852576633 	-5.88628793143 	-0.010424414576 	1.48805882813 	15.0	-0.872638888889	-78.3096731446	105.670226978	
6.71	-3.06973326292e-05	-2.78802194542e-05	-0.00463272290657 	-0.0811374663574 	55.3763910078 	0.0443931627 	-0.00118952459292 	-0.00692295527911 	-0.0321059205165 	-9.8098964223 	0.0149238505982 	5.88622214518 	-0.00692295527911 	-4.54747350886e-16 	15.0	-0.872638888889	-78.5011801195	105.830928809	
6.72	-3.06973326292e-05	-2.84870411935e-05	-0.00528839948494 	-0.0608973571126 	55.376539866 	-0.0144555794224 	-0.00136998895095 	-0.0213631287562 	-0.0655676578365 	2.02401092448 	0.0148858169978 	-5.88487421224 	-0.0180464358032 	-1.44401734771 	15.0	-0.872638888889	-78.6926870943	105.991630641	
6.73	-3.06973326292e-05	-2.90368077766e-05	-0.00540709909965 	0.0372058425356 	55.3766894826 	0.0444069514173 	-0.00158362023851 	-0.0213631287562 	-0.0118699614715 	9.81031996482 	0.0149616656625 	5.88625308397 	-0.0213631287562 	4.54747350886e-16 	15.0	-0.872638888889	-78.8841940692	106.152332472	
6.74	-3.06973326292e-05	-2.95310367755e-05	-0.00519365010014 	0.0163273653484 	55.3768395821 	-0.0144557756629 	-0.00168334702478 	-0.00642640267372 	0.0213448999514 	-2.08784771872 	0.015009943234 	-5.88627270803 	-0.0099726786263 	1.49367260825 	15.0	-0.872638888889	-79.075701044	106.313034303	
6.75	-3.06973326292e-05	-2.9971665688e-05	-0.00552113433751 	-0.0817716723139 	55.3769887627 	0.0444063272061 	-0.00174761105151 	-0.00642640267372 	-0.0327484237369 	-9.80990376622 	0.0149180678065 	5.88621028691 	-0.00642640267372 	-4.54747350886e-16 	15.0	-0.872638888889	-79.2672080188	106.473736135	
6.76	-3.06973326292e-05	-3.03609734504e-05	-0.00618338403382 	-0.0615101977514 	55.377137375 	-0.0144426318053 	-0.00192301380711 	-0.0208834993824 	-0.0662249696309 	2.02614745625 	0.0148612261563 	-5.88489590114 	-0.01754027556 	-1.44570967086 	15.0	-0.872638888889	-79.4587149937	106.634437966	
6.77	-3.06973326292e-05	-3.07015087056e-05	-0.00630829454404 	0.0365929327638 	55.3772870429 	0.0444199701985 	-0.00213184880094 	-0.0208834993824 	-0.0124910510224 	9.81031305152 	0.0149667897603 	5.88626020038 	-0.0208834993824 	4.54747350886e-16 	15.0	-0.872638888889	-79.6502219685	106.795139797	
6.78	-3.06973326292e-05	-3.09960247205e-05	-0.00610118018403 	0.0153059709436 	55.3774373764 	-0.0144425935245 	-0.0022266469044 	-0.00563769384375 	0.0207114360015 	-2.12869618202 	0.0150333538747 	-5.8862563723 	-0.00947981034589 	1.52458055386 	15.0	-0.872638888889	-79.8417289434	106.955841629	
6.79	-3.06973326292e-05	-3.12474207874e-05	-0.00643895886434 	-0.0827931840846 	55.3775864895 	0.0444193088438 	-0.00228302384283 	-0.00563769384375 	-0.0337778680313 	-9.80991550283 	0.0149113103422 	5.88619023683 	-0.00563769384375 	-4.54747350886e-16 	15.0	-0.872638888889	-80.0332359182	107.11654346	
6.8	-3.06973326292e-05	-3.14586898934e-05	-0.00711172705914 	-0.062501059423 	55.3777348528 	-0.0144300051796 	-0.00245039832923 	-0.0201237315899 	-0.0672768194801 	2.02921246616 	0.0148363223023 	-5.88493140233 	-0.0167374486395 	-1.44860377461 	15.0	-0.872638888889	-80.2247428931	107.277245291	
6.81	-3.22934648049e-05	-3.18663067317e-05	-0.00724662463239 	0.0356019597391 	55.3778845555 	0.0444327014986 	-0.00265163564513 	-0.0201237315899 	-0.0134897573251 	9.81030191621 	0.0149702746137 	5.88627066782 	-0.0201237315899 	4.54747350886e-16 	15.0	-0.872638888889	-80.4162498679	107.437947123	
6.82	-3.22934648049e-05	-3.2223700825e-05	-0.00704971705561 	0.00941355556826 	55.3780350975 	-0.0144296140378 	-0.00273861157615 	-0.00119733013677 	0.0196907576777 	-2.61884041708 	0.0150542027118 	-5.88623155364 	-0.00869759310233 	1.89264014531 	15.0	-0.872638888889	-80.6077568427	107.598648954	
6.83	-3.22934648049e-05	-3.25336315606e-05	-0.00744649198457 	-0.0886862648259 	55.3781840134 	0.0444308604691 	-0.00275058487752 	-0.00119733013677 	-0.0396774928954 	-9.80998203942 	0.0148915849003 	5.88604745069 	-0.00119733013677 	-4.54747350886e-16 	15.0	-0.872638888889	-80.7992638176	107.759350785	
6.84	-3.22934648049e-05	-3.27990197708e-05	-0.00817946331942 	-0.0683871908689 	55.3783320098 	-0.0144207359928 	-0.0028729559278 	-0.0157380383207 	-0.0732971334856 	2.0299073957 	0.0147996422756 	-5.8851596462 	-0.0122371050283 	-1.45407081839 	15.0	-0.872638888889	-80.9907707924	107.920052616	
6.85	-3.22934648049e-05	-3.30228930793e-05	-0.00837328115291 	0.0297151717368 	55.378481572 	0.0444423071655 	-0.00303033631101 	-0.0157380383207 	-0.019381783349 	9.81023626057 	0.0149562158704 	5.88630431583 	-0.0157380383207 	4.54747350886e-16 	15.0	-0.872638888889	-81.1822777673	108.080754448	
6.86	-3.22934648049e-05	-3.32083374231e-05	-0.00823740369764 	-0.00234616534213 	55.3786321022 	-0.0144188754211 	-0.00307145415584 	0.00762676266406 	0.013587745527 	-3.20613370789 	0.0150530193579 	-5.88611825866 	-0.00411178448285 	2.33648009847 	15.0	-0.872638888889	-81.3737847421	108.241456279	
6.87	-3.22934648049e-05	-3.33584544635e-05	-0.00841061326661 	-0.0321974795818 	55.3787816795 	0.0444455009147 	-0.00325109957267 	-0.0435558460316 	-0.0173209568962 	-2.98513142396 	0.0149577373615 	5.88643763358 	-0.0179645416838 	-5.11826086957 	15.0	-0.872638888889	-81.565291717	108.40215811	
6.88	-3.22934648049e-05	-3.34763245698e-05	-0.00880150266313 	-0.0459688047008 	55.3789305336 	-0.0144013341317 	-0.0036293671214 	-0.0324174032123 	-0.0390889396525 	-1.3771325119 	0.0148854055021 	-5.88468350464 	-0.0378267548727 	1.11384428193 	15.0	-0.872638888889	-81.7567986918	108.562859942	
6.89	-3.22934648049e-05	-3.35649750394e-05	-0.00911247078751 	-0.0161137674697 	55.3790797024 	0.0444620581738 	-0.00369762811005 	0.0187652054834 	-0.0310968124375 	2.98550372311 	0.0149168787978 	5.88633923055 	-0.00682609886445 	5.11826086957 	15.0	-0.872638888889	-81.9483056666	108.723561773	
6.9	-3.22934648049e-05	-3.36273532054e-05	-0.00911812456441 	0.0151198608316 	55.3792299964 	-0.0143986021758 	-0.0036289415327 	-0.00488731109632 	-0.000565377689941 	3.12336283013 	0.0150294056453 	-5.88606603496 	0.00686865773419 	-2.36525165797 	15.0	-0.872638888889	-82.1398126415	108.884263604	
6.91	-3.22934648049e-05	-3.36663040746e-05	-0.00945797396669 	-0.0829794045162 	55.3793790701 	0.0444630560177 	-0.00367781464367 	-0.00488731109632 	-0.0339849402284 	-9.80992653478 	0.0149073677758 	5.88616581934 	-0.00488731109632 	-4.54747350886e-16 	15.0	-0.872638888889	-82.3313196163	109.044965436	
6.92	-3.13728994719e-05	-3.35499194546e-05	-0.0101328636003 	-0.0626584355815 	55.3795269249 	-0.0143867382245 	-0.00383758320965 	-0.0193822930673 	-0.0674889633659 	2.03209689347 	0.014785475201 	-5.88497942422 	-0.0159768565982 	-1.4494981971 	15.0	-0.872638888889	-82.5228265912	109.205667267	
6.93	-3.13728994719e-05	-3.34247552836e-05	-0.0102695433874 	0.0354444807103 	55.3796768658 	0.0444758992638 	-0.00403140614032 	-0.0193822930673 	-0.013667978706 	9.81029162918 	0.0149940892005 	5.88626374883 	-0.0193822930673 	4.54747350886e-16 	15.0	-0.872638888889	-82.714333566	109.366369098	
6.94	-3.13728994719e-05	-3.32934048977e-05	-0.0100746595909 	0.00499631731087 	55.3798281044 	-0.0143862549545 	-0.00411084859263 	0.00273533646169 	0.019488379649 	-3.04481633995 	0.0151238616097 	-5.88621542183 	-0.00794424523114 	2.2117629529 	15.0	-0.872638888889	-82.9058405409	109.52707093	
6.95	-3.13728994719e-05	-3.31581811279e-05	-0.0105158084543 	-0.0931040941758 	55.3799767341 	0.0444725399869 	-0.00408349522802 	0.00273533646169 	-0.0441148863414 	-9.81004114867 	0.0148629687284 	5.88587949414 	0.00273533646169 	-4.54747350886e-16 	15.0	-0.872638888889	-83.0973475157	109.687772761	
6.96	-3.13728994719e-05	-3.30211281484e-05	-0.0112938901775 	-0.0728585145819 	55.3801239847 	-0.0143815871479 	-0.00416618875785 	-0.0117954798186 	-0.0778081723197 	2.02455795939 	0.014725067115 	-5.88541271348 	-0.00826935298373 	-1.45308162803 	15.0	-0.872638888889	-83.2888544905	109.848474592	
6.97	-3.13728994719e-05	-3.28840347486e-05	-0.0115326118528 	0.02524326073 	55.3802734949 	0.044481221104 	-0.00428414355604 	-0.0117954798186 	-0.0238721675234 	9.81017753119 	0.0149510154437 	5.88628082519 	-0.0117954798186 	4.54747350886e-16 	15.0	-0.872638888889	-83.4803614654	110.009176423	
6.98	-3.13728994719e-05	-3.27484486858e-05	-0.011446492276 	-0.00760838432839 	55.3804243743 	-0.0143794396944 	-0.00428188460402 	0.0121833474944 	0.00861195767541 	-3.28516450584 	0.015087944146 	-5.88606607983 	0.000225895202224 	2.3978827313 	15.0	-0.872638888889	-83.6718684402	110.169878255	
6.99	-3.13728994719e-05	-3.26156918129e-05	-0.011672501707 	-0.0374603773447 	55.3805739133 	0.0444848551993 	-0.00441596417255 	-0.0389992612013 	-0.0226009431003 	-2.98519930163 	0.0149538924888 	5.88642948936 	-0.0134079568535 	-5.11826086957 	15.0	-0.872638888889	-83.8633754151	110.330580086	
7.0	-3.13728994719e-05	-3.24868757039e-05	-0.012095959633 	-0.0470098842251 	55.3807225587 	-0.0143626592942 	-0.00476386560719 	-0.0310215788003 	-0.0423457925969 	-0.954950688038 	0.0148645429049 	-5.88475144935 	-0.0347901434634 	0.797768240093 	15.0	-0.872638888889	-84.0548823899	110.491281917	
7.01	-3.13728994719e-05	-3.23629175371e-05	-0.0120763071692 	0.0510947905904 	55.3808733781 	0.0444967075364 	-0.00507408139519 	-0.0310215788003 	0.00196524637384 	9.81046748155 	0.0150819457496 	5.88593668306 	-0.0310215788003 	4.54747350886e-16 	15.0	-0.872638888889	-84.2463893648	110.651983749	
7.02	-4.3139684367e-05	-3.39654483105e-05	-0.0117229734115 	0.0301605657074 	55.3810258267 	-0.0143708844696 	-0.00527212600829 	-0.0160825079692 	0.0353333757714 	-2.0934224883 	0.0152448587563 	-5.8867592006 	-0.0198044613104 	1.49390708312 	15.0	-0.872638888889	-84.4378963396	110.81268558	
7.03	-4.3139684367e-05	-3.54548475851e-05	-0.0119126746981 	-0.0679370123764 	55.3811753935 	0.0444921517356 	-0.00543295108799 	-0.0160825079692 	-0.0189701286599 	-9.80975780838 	0.014956680583 	5.88630362052 	-0.0160825079692 	-4.54747350886e-16 	15.0	-0.872638888889	-84.6294033144	110.973387411	
7.04	-4.3139684367e-05	-3.68296323714e-05	-0.012429381471 	-0.0357230332028 	55.3813232221 	-0.0143541833872 	-0.00571032071797 	-0.0394350290027 	-0.051670677291 	3.22139791736 	0.0147828600376 	-5.88463351227 	-0.0277369629986 	-2.33525210335 	15.0	-0.872638888889	-84.8209102893	111.134089243	
7.05	-4.3139684367e-05	-3.80898092965e-05	-0.0126382128873 	-0.00586693458105 	55.3814728035 	0.044509967331 	-0.00584875796452 	0.011747579693 	-0.0208831416285 	2.98560986218 	0.0149581362339 	5.88641507182 	-0.0138437246549 	5.11826086957 	15.0	-0.872638888889	-85.0124172641	111.294791074	
7.06	-4.3139684367e-05	-3.92366734313e-05	-0.0126493893691 	0.00362240861539 	55.3816235186 	-0.0143523533739 	-0.0057686872238 	0.00462899074755 	-0.00111764817682 	0.948934319644 	0.0150715089874 	-5.88623207049 	0.00800707407221 	-0.711858894541 	15.0	-0.872638888889	-85.203924239	111.455492905	
7.07	-4.3139684367e-05	-4.02726197809e-05	-0.0127633237754 	-0.0262284417209 	55.3817736362 	0.0445112880393 	-0.0059783103598 	-0.0465536179481 	-0.0113934406312 	-2.98508503363 	0.0150117642868 	5.88636414132 	-0.0209623136003 	-5.11826086957 	15.0	-0.872638888889	-85.3954312138	111.616194737	
7.08	-4.3139684367e-05	-4.12009678499e-05	-0.0131826577476 	-0.0576665768622 	55.3819219237 	-0.0143350400338 	-0.00632063979699 	-0.0221518225556 	-0.0419333972241 	-3.14381351412 	0.0148287511885 	-5.88463280731 	-0.0342329437187 	2.44017953925 	15.0	-0.872638888889	-85.5869381887	111.776896568	
7.09	-4.3139684367e-05	-4.20257994904e-05	-0.0132697978482 	0.040436767559 	55.3820723618 	0.0445268669436 	-0.00654215802254 	-0.0221518225556 	-0.008714010051 	9.81033444211 	0.0150438036086 	5.88619069774 	-0.0221518225556 	4.54747350886e-16 	15.0	-0.872638888889	-85.7784451635	111.937598399	
7.1	-4.3139684367e-05	-4.27518100643e-05	-0.0130246445127 	0.0195748356414 	55.3822249288 	-0.0143363837548 	-0.00665019171713 	-0.00724923188895 	0.0245153335411 	-2.08619319176 	0.0152567051654 	-5.88632506984 	-0.0108033694591 	1.49025906667 	15.0	-0.872638888889	-85.9699521383	112.098300231	
7.11	-4.3139684367e-05	-4.33841727966e-05	-0.0133204004179 	-0.078524070153 	55.3823738896 	0.0445257513326 	-0.00672268403602 	-0.00724923188895 	-0.0295755905175 	-9.80989057943 	0.0148960776633 	5.88621350874 	-0.00724923188895 	-4.54747350886e-16 	15.0	-0.872638888889	-86.1614591132	112.259002062	
7.12	-4.3139684367e-05	-4.39284160653e-05	-0.0139501970519 	-0.0581126958789 	55.3825206231 	-0.0143232566843 	-0.00690661367794 	-0.0217787242726 	-0.0629796634003 	2.0411374274 	0.0146733534793 	-5.88490080169 	-0.0183929641918 	-1.45294923836 	15.0	-0.872638888889	-86.352966088	112.419703893	
7.13	-4.45346839324e-05	-4.45943319475e-05	-0.0140418868176 	0.0399905947797 	55.3826710965 	0.0445387168468 	-0.00712440092067 	-0.0217787242726 	-0.00916897656674 	9.81032906586 	0.0150473367913 	5.8861973531 	-0.0217787242726 	4.54747350886e-16 	15.0	-0.872638888889	-86.5444730629	112.580405724	
7.14	-4.45346839324e-05	-4.51696781454e-05	-0.0138013714461 	0.019145114459 	55.3828238926 	-0.0143243950048 	-0.00722862797042 	-0.00688922260794 	0.0240515371521 	-2.08454803208 	0.0152796043346 	-5.88631118516 	-0.0104227049751 	1.48895016646 	15.0	-0.872638888889	-86.7359800377	112.741107556	
7.15	-4.45346839324e-05	-4.56602089217e-05	-0.0141015110834 	-0.0789538448501 	55.3829727716 	0.0445376651139 	-0.0072975201965 	-0.00688922260794 	-0.0300139637345 	-9.80989593091 	0.0148879096337 	5.88620601187 	-0.00688922260794 	-4.54747350886e-16 	15.0	-0.872638888889	-86.9274870126	112.901809387	
7.16	-4.45346839324e-05	-4.60718558871e-05	-0.0147358118275 	-0.0586551616716 	55.3831192298 	-0.0143114951682 	-0.0074777709308 	-0.0213356894072 	-0.0634300744042 	2.02986831785 	0.014645816403 	-5.88491602821 	-0.0180250734297 	-1.44464667993 	15.0	-0.872638888889	-87.1189939874	113.062511218	
7.17	-4.45346839324e-05	-4.64106373277e-05	-0.0148330124678 	0.0394480645564 	55.3832697271 	0.0445505539556 	-0.00769112782487 	-0.0213356894072 	-0.00972006403163 	9.8103226228 	0.0150497300954 	5.88620491237 	-0.0213356894072 	4.54747350886e-16 	15.0	-0.872638888889	-87.3105009622	113.22321305	
7.18	-4.45346839324e-05	-4.66825787981e-05	-0.0145980973377 	0.0186238757876 	55.3834227356 	-0.0143123942962 	-0.00779081892432 	-0.00645588902437 	0.0234915130084 	-2.08241887688 	0.015300852492 	-5.88629482517 	-0.0099691099448 	1.48798003828 	15.0	-0.872638888889	-87.5020079371	113.383914881	
7.19	-4.45346839324e-05	-4.68936443527e-05	-0.01490353337 	-0.0794751482072 	55.3835715261 	0.0445495698868 	-0.00785537781456 	-0.00645588902437 	-0.0305436032317 	-9.80990239948 	0.0148790443928 	5.88619641829 	-0.00645588902437 	-4.54747350886e-16 	15.0	-0.872638888889	-87.6935149119	113.544616712	
7.2	-4.45346839324e-05	-4.70496777528e-05	-0.0155432516574 	-0.0592002710148 	55.3837177073 	-0.0142997760855 	-0.00803119957252 	-0.0208825647604 	-0.0639718287369 	2.02748771924 	0.0146181195777 	-5.88493459722 	-0.0175821757959 	-1.4426675736 	15.0	-0.872638888889	-87.8850218868	113.705318544	
7.21	-4.45346839324e-05	-4.71563529633e-05	-0.0156459869806 	0.0389028891419 	55.3838682234 	0.0445623433526 	-0.00824002522012 	-0.0208825647604 	-0.0102735323222 	9.81031601566 	0.0150516155773 	5.8862119438 	-0.0208825647604 	4.54747350886e-16 	15.0	-0.872638888889	-88.0765288616	113.866020375	
7.22	-4.45346839324e-05	-4.72191332439e-05	-0.0154167246239 	0.0180698987205 	55.3840214331 	-0.0143004436331 	-0.00833507951597 	-0.005996413761 	0.0229262356672 	-2.08329904213 	0.0153209691767 	-5.88627869857 	-0.00950542958495 	1.48861509994 	15.0	-0.872638888889	-88.2680358365	114.026722206	
7.23	-4.55609291802e-05	-4.73933264993e-05	-0.0157277817217 	-0.0800291940224 	55.3841701314 	0.0445614140461 	-0.00839504365358 	-0.005996413761 	-0.0311057097733 	-9.80990927429 	0.0148698269058 	5.88618576792 	-0.005996413761 	-4.54747350886e-16 	15.0	-0.872638888889	-88.4595428113	114.187424038	
7.24	-4.55609291802e-05	-4.75233891953e-05	-0.0163732459605 	-0.059740985328 	55.384316038 	-0.0142881335581 	-0.00856617383312 	-0.0204312944401 	-0.0645464238887 	2.02882086944 	0.0145906560921 	-5.88495476042 	-0.0171130179544 	-1.44348806791 	15.0	-0.872638888889	-88.6510497861	114.348125869	
7.25	-4.55609291802e-05	-4.76138157523e-05	-0.0164814692843 	0.0383621089157 	55.3844665685 	0.044574050631 	-0.00877048677753 	-0.0204312944401 	-0.0108223323767 	9.81030942437 	0.0150530542945 	5.88621841891 	-0.0204312944401 	4.54747350886e-16 	15.0	-0.872638888889	-88.842556761	114.5088277	
7.26	-4.55609291802e-05	-4.76689397501e-05	-0.0162578170345 	0.0174294152599 	55.3846199686 	-0.0142885809491 	-0.00886091900743 	-0.00546819641371 	0.0223652249795 	-2.09326936558 	0.0153400106496 	-5.886263158 	-0.00904322299042 	1.49630980264 	15.0	-0.872638888889	-89.0340637358	114.669529531	
7.27	-4.55609291802e-05	-4.76929068893e-05	-0.0165753574045 	-0.0806697567547 	55.384768566 	0.0445731481124 	-0.00891560097157 	-0.00546819641371 	-0.0317540369959 	-9.80991720146 	0.0148597420815 	5.88617290614 	-0.00546819641371 	-4.54747350886e-16 	15.0	-0.872638888889	-89.2255707107	114.830231363	
7.28	-4.55609291802e-05	-4.76896537155e-05	-0.0172274644774 	-0.0603617214475 	55.3849141951 	-0.0142766359803 	-0.00908135270928 	-0.0199232649067 	-0.0652107072941 	2.03080353072 	0.0145629052167 	-5.88497840927 	-0.0165751737709 	-1.4455068493 	15.0	-0.872638888889	-89.4170776855	114.990933194	
7.29	-4.55609291802e-05	-4.76628915691e-05	-0.0173419729803 	0.0377412981464 	55.3850647276 	0.0445856175715 	-0.00928058535834 	-0.0199232649067 	-0.011450850293 	9.81030195939 	0.0150532543159 	5.88622535519 	-0.0199232649067 	4.54747350886e-16 	15.0	-0.872638888889	-89.6085846604	115.151635025	
7.3	-4.55609291802e-05	-4.76160952356e-05	-0.0171247313786 	0.0162108003158 	55.385218299 	-0.0142768439149 	-0.00936579684092 	-0.00450673497459 	0.0217241601726 	-2.15304978306 	0.0153571342328 	-5.88624614865 	-0.00852114825789 	1.54165299321 	15.0	-0.872638888889	-89.8000916352	115.312336857	
7.31	-4.55609291802e-05	-4.7552495789e-05	-0.0174545325175 	-0.0818885167549 	55.3853667409 	0.0445846360491 	-0.00941086419067 	-0.00450673497459 	-0.0329801138862 	-9.80993170707 	0.0148441897428 	5.8861479964 	-0.00450673497459 	-4.54747350886e-16 	15.0	-0.872638888889	-89.99159861	115.473038688	
7.32	-4.55609291802e-05	-4.74750771434e-05	-0.0181191374578 	-0.0615408709916 	55.3855120444 	-0.014265589861 	-0.00956681923853 	-0.0189917212747 	-0.0664604940325 	2.03476457633 	0.0145303500684 	-5.88502259101 	-0.0155955047864 	-1.44849863001 	15.0	-0.872638888889	-90.1831055849	115.633740519	
7.33	-4.55609291802e-05	-4.73865758503e-05	-0.0182455101098 	0.036562009511 	55.3856625174 	0.0445967822675 	-0.00975673645128 	-0.0189917212747 	-0.0126372652013 	9.81028805026 	0.015047307196 	5.88623721285 	-0.0189917212747 	4.54747350886e-16 	15.0	-0.872638888889	-90.3746125597	115.794442351	
7.34	-4.72711093359e-05	-4.75395975545e-05	-0.0180404414404 	0.00731238712843 	55.3858161863 	-0.0142653804148 	-0.00983236454019 	0.00221600647036 	0.0205068669372 	-2.92496223826 	0.0153668848919 	-5.88621626823 	-0.00756280889136 	2.12077277451 	15.0	-0.872638888889	-90.5661195346	115.955144182	
7.35	-4.72711093359e-05	-4.76689408362e-05	-0.0184592862728 	-0.0907879489143 	55.3859637251 	0.0445936940652 	-0.00981020447549 	0.00221600647036 	-0.0418844832308 	-9.81003360427 	0.0147538778863 	5.885907448 	0.00221600647036 	-4.54747350886e-16 	15.0	-0.872638888889	-90.7576265094	116.115846013	
7.36	-4.72711093359e-05	-4.77763471705e-05	-0.0192145396171 	-0.0704665853815 	55.3861079615 	-0.0142602391538 	-0.00989808745292 	-0.0123020065603 	-0.0755253344344 	2.03213635327 	0.014423641855 	-5.8853933219 	-0.00878829774302 	-1.45180130306 	15.0	-0.872638888889	-90.9491334843	116.276547845	
7.37	-4.72711093359e-05	-4.7863569724e-05	-0.0194302087389 	0.0276352810892 	55.3862575519 	0.0446023948649 	-0.0100211075185 	-0.0123020065603 	-0.0215669121782 	9.81018664707 	0.0149590369632 	5.88626340187 	-0.0123020065603 	4.54747350886e-16 	15.0	-0.872638888889	-91.1406404591	116.437249676	
7.38	-4.72711093359e-05	-4.79323520535e-05	-0.01931935876 	-0.00488429608721 	55.3864103909 	-0.0142583110184 	-0.0100255873336 	0.0113984997774 	0.0110849978875 	-3.25195771764 	0.0152839013204 	-5.88607058832 	-0.000447981511683 	2.37005063377 	15.0	-0.872638888889	-91.3321474339	116.597951507	
7.39	-4.72711093359e-05	-4.79844097879e-05	-0.0195189967615 	-0.0347361537915 	55.3865601131 	0.044605773542 	-0.0101675153793 	-0.0397841089183 	-0.0199638001517 	-2.98518577043 	0.0149722260452 	5.88640845604 	-0.0141928045704 	-5.11826086957 	15.0	-0.872638888889	-91.5236544088	116.758653339	
7.4	-4.72711093359e-05	-4.8021415098e-05	-0.0199146815454 	-0.0440642949325 	55.3867078202 	-0.0142424049175 	-0.0105244489818 	-0.0320074284841 	-0.0395684783846 	-0.932814114098 	0.0147707069777 	-5.88481784595 	-0.0356933602491 	0.777668043415 	15.0	-0.872638888889	-91.7151613836	116.91935517	
7.41	-4.72711093359e-05	-4.80449837515e-05	-0.0202076430793 	-0.0142093091343 	55.3868566307 	0.0446207373911 	-0.0105886102232 	0.0191751802115 	-0.0292961533979 	2.98549857982 	0.0148810545576 	5.88631423086 	-0.00641612413628 	5.11826086957 	15.0	-0.872638888889	-91.9066683585	117.080057001	
7.42	-4.72711093359e-05	-4.80566645496e-05	-0.0201950292158 	0.0170825273539 	55.3870086734 	-0.0142397947487 	-0.010516790912 	-0.00463930750646 	0.00126138635168 	3.12918364882 	0.0152042620075 	-5.88605321398 	0.00718193111704 	-2.3814487718 	15.0	-0.872638888889	-92.0981753333	117.240758832	
7.43	-4.72711093359e-05	-4.80579309437e-05	-0.0205162882277 	-0.081016767909 	55.3871571975 	0.0446216877043 	-0.0105631839871 	-0.00463930750646 	-0.0321259011844 	-9.80992952629 	0.0148524126087 	5.88614824531 	-0.00463930750646 	-4.54747350886e-16 	15.0	-0.872638888889	-92.2896823082	117.401460664	
7.44	-4.97377724289e-05	-4.8410924109e-05	-0.021172220055 	-0.0606763477572 	55.3873021991 	-0.0142285858568 	-0.0107205323856 	-0.0191132891761 	-0.06559318273 	2.03404201518 	0.0145001564561 	-5.88502735611 	-0.0157348398507 	-1.44739816697 	15.0	-0.872638888889	-92.481189283	117.562162495	
7.45	-4.97377724289e-05	-4.87311902405e-05	-0.0212901255784 	0.0374265582441 	55.3874529891 	0.0446336361857 	-0.0109116652774 	-0.0191132891761 	-0.0117905523429 	9.81029060013 	0.0150790069866 	5.88622220425 	-0.0191132891761 	4.54747350886e-16 	15.0	-0.872638888889	-92.6726962578	117.722864326	
7.46	-4.97377724289e-05	-4.90195444939e-05	-0.0210765474859 	0.0123244125948 	55.387607358 	-0.0142286208711 	-0.0109886422244 	-0.00102524110358 	0.0213578092536 	-2.51021456493 	0.0154368871752 	-5.88622570569 	-0.00769769470571 	1.80880480726 	15.0	-0.872638888889	-92.8642032327	117.883566158	
7.47	-4.97377724289e-05	-4.92770509873e-05	-0.0214454525658 	-0.0857754315534 	55.3877553254 	0.0446317556179 	-0.0109988946355 	-0.00102524110358 	-0.0368905079978 	-9.80998441481 	0.0147967363936 	5.88603764891 	-0.00102524110358 	-4.54747350886e-16 	15.0	-0.872638888889	-93.0557102075	118.044267989	
7.48	-4.97377724289e-05	-4.95049772204e-05	-0.0221499430416 	-0.0653974809574 	55.3878996065 	-0.0142203272729 	-0.0111195521862 	-0.0155481861794 	-0.0704490475702 	2.0377950596 	0.0144281114767 	-5.88520828908 	-0.0120657550756 	-1.45229450758 	15.0	-0.872638888889	-93.2472171824	118.20496982	
7.49	-4.97377724289e-05	-4.9704752358e-05	-0.022315114493 	0.0327048842661 	55.3880499013 	0.0446422143621 	-0.011275034048 	-0.0155481861794 	-0.0165171451421 	9.81023652235 	0.015029484452 	5.8862541635 	-0.0155481861794 	4.54747350886e-16 	15.0	-0.872638888889	-93.4387241572	118.365671652	
7.5	-4.97377724289e-05	-4.98779293279e-05	-0.0221504163203 	0.000661729935222 	55.3882038849 	-0.0142190659175 	-0.0113149217649 	0.00776355903314 	0.0164698172661 	-3.20431543308 	0.0153983629996 	-5.88612802796 	-0.00398877169054 	2.33117452125 	15.0	-0.872638888889	-93.6302311321	118.526373483	
7.51	-4.97377724289e-05	-5.00261506418e-05	-0.0222947984733 	-0.0291895692692 	55.3883543678 	0.0446447505828 	-0.0114931992181 	-0.0434190496625 	-0.014438215304 	-2.98512992045 	0.0150482830735 	5.88638165003 	-0.0178277453147 	-5.11826086957 	15.0	-0.872638888889	-93.8217381069	118.687075314	
7.52	-4.97377724289e-05	-5.01511178234e-05	-0.022740221893 	-0.0596459295115 	55.3885013855 	-0.0142019915748 	-0.0118074416482 	-0.0197476991488 	-0.0445423419693 	-3.04563602423 	0.0147017750632 	-5.88467421576 	-0.031424243016 	2.36713505137 	15.0	-0.872638888889	-94.0132450817	118.847777146	
7.53	-4.97377724289e-05	-5.02545642997e-05	-0.0228479915524 	0.0384570781952 	55.388652436 	0.0446601007354 	-0.0120049186397 	-0.0197476991488 	-0.0107769659384 	9.81030077067 	0.0151050445482 	5.88620923101 	-0.0197476991488 	4.54747350886e-16 	15.0	-0.872638888889	-94.2047520566	119.008478977	
7.54	-4.97377724289e-05	-5.03382315933e-05	-0.0226240901585 	0.0172235478688 	55.3888074285 	-0.0142023829181 	-0.0120884428629 	-0.00456405759224 	0.0223901393887 	-2.12335303264 	0.0154992569884 	-5.88624836535 	-0.00835242231986 	1.51836415566 	15.0	-0.872638888889	-94.3962590314	119.169180808	
7.55	-5.07024341892e-05	-5.0544930419e-05	-0.0229441765497 	-0.0808757571179 	55.3889558388 	0.0446590696503 	-0.0121340834388 	-0.00456405759224 	-0.0320086391208 	-9.80993049867 	0.0148410300202 	5.88614525684 	-0.00456405759224 	-4.54747350886e-16 	15.0	-0.872638888889	-94.5877660063	119.32988264	
7.56	-5.07024341892e-05	-5.07254968207e-05	-0.0235988955684 	-0.0605295139407 	55.3891002011 	-0.0141912760638 	-0.0122906781336 	-0.0190375519879 	-0.0654719018622 	2.03462431772 	0.0144362265898 	-5.88503457141 	-0.0156594694735 	-1.44734943957 	15.0	-0.872638888889	-94.7792729811	119.490584471	
7.57	-5.07024341892e-05	-5.08814273035e-05	-0.0237155739912 	0.0375733876436 	55.3892511969 	0.0446709092526 	-0.0124810536534 	-0.0190375519879 	-0.0116678422804 	9.81029015843 	0.0150995748641 	5.88621853164 	-0.0190375519879 	4.54747350886e-16 	15.0	-0.872638888889	-94.970779956	119.651286302	
7.58	-5.07024341892e-05	-5.10142934986e-05	-0.0235007935718 	0.0125800012009 	55.3894062916 	-0.0141913427224 	-0.0125572744966 	-0.00102970526186 	0.0214780419405 	-2.49933864427 	0.0155094701084 	-5.88622519751 	-0.0076220843183 	1.80078467261 	15.0	-0.872638888889	-95.1622869308	119.811988133	
7.59	-5.07024341892e-05	-5.11257143402e-05	-0.0238673793049 	-0.0855198418847 	55.3895540849 	0.0446690328072 	-0.0125675715492 	-0.00102970526186 	-0.0366585733134 	-9.80998430857 	0.0147793344742 	5.88603755296 	-0.00102970526186 	-4.54747350886e-16 	15.0	-0.872638888889	-95.3537939056	119.972689965	
7.6	-5.07024341892e-05	-5.12173314664e-05	-0.0245694725082 	-0.0651316999829 	55.3896976665 	-0.0141830787976 	-0.0126882770574 	-0.015551299167 	-0.0702093203337 	2.03881419018 	0.014358159063 	-5.88521116048 	-0.0120705508142 	-1.45215939051 	15.0	-0.872638888889	-95.5453008805	120.133391796	
7.61	-5.07024341892e-05	-5.12907876863e-05	-0.024732226661 	0.0329706715036 	55.3898481082 	0.0446794220464 	-0.0128437900491 	-0.015551299167 	-0.016275415273 	9.81023714865 	0.0150441733238 	5.88625008439 	-0.015551299167 	4.54747350886e-16 	15.0	-0.872638888889	-95.7368078553	120.294093627	
7.62	-5.07024341892e-05	-5.13477083396e-05	-0.0245650788949 	0.000930982574971 	55.3900027567 	-0.0141818698026 	-0.0128837535344 	0.0077593749452 	0.0167147766066 	-3.20396889286 	0.0154648485879 	-5.8861291849 	-0.00399634853721 	2.33106741122 	15.0	-0.872638888889	-95.9283148302	120.454795459	
7.63	-5.07024341892e-05	-5.13896853705e-05	-0.0247070094457 	-0.0289203093644 	55.3901534195 	0.0446818993138 	-0.0130620728284 	-0.0434232337505 	-0.0141930550772 	-2.98512919394 	0.0150662751528 	5.88637691165 	-0.0178319294026 	-5.11826086957 	15.0	-0.872638888889	-96.119821805	120.61549729	
7.64	-5.07024341892e-05	-5.14182639264e-05	-0.025151839616 	-0.05975386731 	55.3903001207 	-0.0141649217333 	-0.0133749539721 	-0.0194687577703 	-0.0444830170339 	-3.08335579455 	0.0146701230002 	-5.88468210471 	-0.0312881143613 	2.39544759802 	15.0	-0.872638888889	-96.3113287799	120.776199121	
7.65	-5.17040242389e-05	-5.15814138376e-05	-0.0252609298759 	0.0383491051238 	55.3904513578 	0.0446971620086 	-0.0135696415498 	-0.0194687577703 	-0.0109090259927 	9.81029724338 	0.0151237106285 	5.88620837418 	-0.0194687577703 	4.54747350886e-16 	15.0	-0.872638888889	-96.5028357547	120.936900953	
7.66	-5.17040242389e-05	-5.17239178777e-05	-0.0250384432726 	0.016723992035 	55.3906070554 	-0.0141652487593 	-0.013650326709 	-0.0039942070939 	0.022248660335 	-2.16251130888 	0.0155697611139 	-5.88624107679 	-0.0080685159195 	1.54745506764 	15.0	-0.872638888889	-96.6943427295	121.097602784	
7.67	-5.17040242389e-05	-5.1846960069e-05	-0.0253637606884 	-0.0813753982465 	55.3907552697 	0.0446960423393 	-0.0136902687799 	-0.0039942070939 	-0.032531741581 	-9.80993902815 	0.0148214238681 	5.88612910986 	-0.0039942070939 	-4.54747350886e-16 	15.0	-0.872638888889	-96.8858497044	121.258304615	
7.68	-5.17040242389e-05	-5.19517835364e-05	-0.0260238215977 	-0.0610096514574 	55.3908989123 	-0.0141546026458 	-0.0138410833124 	-0.0184824516983 	-0.06600609093 	2.0365746789 	0.0143642615071 	-5.88506449851 	-0.0150814532543 	-1.44882446044 	15.0	-0.872638888889	-97.0773566792	121.419006447	
7.69	-5.17040242389e-05	-5.20396685436e-05	-0.0261455394187 	0.037093172294 	55.3910500263 	0.0447076076328 	-0.0140259078294 	-0.0184824516983 	-0.0121717821014 	9.81028237515 	0.0151114013125 	5.88622102787 	-0.0184824516983 	4.54747350886e-16 	15.0	-0.872638888889	-97.2688636541	121.579708278	
7.7	-5.17040242389e-05	-5.21119130764e-05	-0.0259360013753 	0.00710468927177 	55.3912057497 	-0.0141544873211 	-0.014096436827 	0.00326985122958 	0.0209538043429 	-2.99884830223 	0.0155723461645 	-5.8862094954 	-0.00705289975908 	2.17523029279 	15.0	-0.872638888889	-97.4603706289	121.740410109	
7.71	-5.17040242389e-05	-5.21698158478e-05	-0.0263575629082 	-0.0909958102011 	55.3913525825 	0.0447041410619 	-0.0140637383147 	0.00326985122958 	-0.0421561532895 	-9.81004994729 	0.0146832742223 	5.88586283831 	0.00326985122958 	-4.54747350886e-16 	15.0	-0.872638888889	-97.6518776038	121.90111194	
7.72	-5.17040242389e-05	-5.22146615895e-05	-0.0271154791201 	-0.0706561285488 	55.3914946802 	-0.0141505784752 	-0.0141409845923 	-0.0112389757983 	-0.0757916211928 	2.03396816523 	0.014209774711 	-5.88547195372 	-0.00772462775938 	-1.45088270278 	15.0	-0.872638888889	-97.8433845786	122.061813772	
7.73	-5.17040242389e-05	-5.22477084859e-05	-0.0273336906767 	0.0274455889414 	55.3916444222 	0.044711849733 	-0.0142533743503 	-0.0112389757983 	-0.0218211556553 	9.81017174902 	0.0149741938427 	5.88624282083 	-0.0112389757983 	4.54747350886e-16 	15.0	-0.872638888889	-98.0348915534	122.222515603	
7.74	-5.17040242389e-05	-5.22701776035e-05	-0.0272266744632 	-0.00528470126221 	55.3917987788 	-0.0141487443772 	-0.0142463761405 	0.012609970961 	0.0107016213453 	-3.27302902036 	0.015435664511 	-5.88605941103 	0.000699820982153 	2.38489467593 	15.0	-0.872638888889	-98.2263985283	122.383217434	
7.75	-5.17040242389e-05	-5.22832441648e-05	-0.0274309607051 	-0.0351367285726 	55.3919486962 	0.0447151527065 	-0.0143761894743 	-0.0385726377347 	-0.0204286241886 	-2.98520273104 	0.014991743583 	5.88638970838 	-0.0129813333868 	-5.11826086957 	15.0	-0.872638888889	-98.4179055031	122.543919266	
7.76	-5.28524607076e-05	-5.24559893498e-05	-0.0278322431537 	-0.044623299416 	55.3920957597 	-0.0141333437947 	-0.0147203585687 	-0.0306896076321 	-0.0401282448582 	-0.948657084336 	0.0147063447648 	-5.88484965013 	-0.0344169094326 	0.788303010258 	15.0	-0.872638888889	-98.609412478	122.704621097	
7.77	-5.28524607076e-05	-5.26098742375e-05	-0.0281314306929 	-0.0147685082363 	55.3922443473 	0.0447294411188 	-0.0147713416015 	0.0204930010636 	-0.0299187539179 	2.98547911797 	0.0148587561556 	5.88627849136 	-0.00509830328424 	5.11826086957 	15.0	-0.872638888889	-98.8009194528	122.865322928	
7.78	-5.28524607076e-05	-5.27457137632e-05	-0.0281267632686 	0.0162321606214 	55.3923974198 	-0.0141311129479 	-0.0146852139637 	-0.00312691150551 	0.000466742426555 	3.10006688577 	0.0153072578878 	-5.88605540668 	0.00861276377997 	-2.36199125691 	15.0	-0.872638888889	-98.9924264277	123.02602476	
7.79	-5.28524607076e-05	-5.28644158561e-05	-0.0284571558617 	-0.0818673609879 	55.3925455678 	0.0447299107022 	-0.0147164830788 	-0.00312691150551 	-0.0330392593098 	-9.80995216093 	0.0148148007983 	5.88610236501 	-0.00312691150551 	-4.54747350886e-16 	15.0	-0.872638888889	-99.1839334025	123.186726591	
7.8	-5.28524607076e-05	-5.2966958671e-05	-0.0291224066789 	-0.0614780635844 	55.3926887971 	-0.0141212383275 	-0.0148584948373 	-0.0176251867715 	-0.0665250817181 	2.03892974036 	0.0143229235368 	-5.88511490297 	-0.0142011758516 	-1.4498275266 	15.0	-0.872638888889	-99.3754403773	123.347428422	
7.81	-5.28524607076e-05	-5.30543701038e-05	-0.0292489658814 	0.0366246350602 	55.3928400498 	0.0447409495245 	-0.015034746705 	-0.0176251867715 	-0.0126559202575 	9.81026986446 	0.015125270651 	5.8862187852 	-0.0176251867715 	4.54747350886e-16 	15.0	-0.872638888889	-99.5669473522	123.508130254	
7.82	-5.28524607076e-05	-5.31277095125e-05	-0.0290445420341 	0.00481646330461 	55.3929962439 	-0.01412092893 	-0.0150964980302 	0.00549522810146 	0.0204423847344 	-3.18081717556 	0.0156194159359 	-5.88618784546 	-0.00617513251902 	2.3120414873 	15.0	-0.872638888889	-99.758454327	123.668832085	
7.83	-5.28524607076e-05	-5.31880515519e-05	-0.0291479666386 	-0.0250344711737 	55.393147787 	0.0447423736948 	-0.0152974587927 	-0.0456873805942 	-0.0103424604541 	-2.98509344783 	0.0151543042659 	5.88633026248 	-0.0200960762464 	-5.11826086957 	15.0	-0.872638888889	-99.9499613019	123.829533916	
7.84	-5.28524607076e-05	-5.3236472019e-05	-0.0295570038746 	-0.0565150494032 	55.3932946502 	-0.0141047131852 	-0.0156310106843 	-0.0212680179084 	-0.0409037235922 	-3.14805782295 	0.0146863235157 	-5.884708688 	-0.0333551891601 	2.44193626858 	15.0	-0.872638888889	-100.141468277	123.990235748	
7.85	-5.28524607076e-05	-5.32740355958e-05	-0.0296340620554 	0.0415882105199 	55.393446752 	0.0447568718261 	-0.0158436908633 	-0.0212680179084 	-0.00770581807966 	9.81032599231 	0.0152101760408 	5.88615850113 	-0.0212680179084 	4.54747350886e-16 	15.0	-0.872638888889	-100.332975252	124.150937579	
7.86	-5.42836024865e-05	-5.35110898574e-05	-0.0293790565412 	0.0207105758056 	55.3936040723 	-0.0141062752687 	-0.0159428888956 	-0.00636146034884 	0.0255005514153 	-2.08776347143 	0.0157320271249 	-5.88631470949 	-0.00991980322578 	1.49065575596 	15.0	-0.872638888889	-100.524482226	124.31163941	
7.87	-5.42836024865e-05	-5.37248325608e-05	-0.0296648637826 	-0.0773884493575 	55.3937527616 	0.0447555267502 	-0.0160065034991 	-0.00636146034884 	-0.0285807241414 	-9.80990251631 	0.014868933851 	5.8861802019 	-0.00636146034884 	-4.54747350886e-16 	15.0	-0.872638888889	-100.715989201	124.472341241	
7.88	-5.42836024865e-05	-5.39160061609e-05	-0.0302845319286 	-0.0569822974547 	55.3938961231 	-0.0140942435488 	-0.0161815352521 	-0.0208624066007 	-0.0619668145953 	2.04061519028 	0.0143361480544 	-5.8849770299 	-0.0175031753011 	-1.45009462518 	15.0	-0.872638888889	-100.907496176	124.633043073	
7.89	-5.42836024865e-05	-5.40855067836e-05	-0.0303663469878 	0.0411209024815 	55.3940482108 	0.0447674104279 	-0.0163901593181 	-0.0208624066007 	-0.00818150592379 	9.81031999362 	0.0152087745184 	5.88616539767 	-0.0208624066007 	4.54747350886e-16 	15.0	-0.872638888889	-101.099003151	124.793744904	
7.9	-5.42836024865e-05	-5.42343533989e-05	-0.0301161881285 	0.0202633485871 	55.394205698 	-0.0140955855487 	-0.0164852114986 	-0.00596840840133 	0.0250158859316 	-2.08575538944 	0.0157487177547 	-5.88629959767 	-0.0095052180475 	1.48939981993 	15.0	-0.872638888889	-101.290510126	124.954446735	
7.91	-5.42836024865e-05	-5.43636597734e-05	-0.0304065490172 	-0.0778357361703 	55.3943542661 	0.0447661317752 	-0.0165448955826 	-0.00596840840133 	-0.0290360888695 	-9.80990847574 	0.0148568125506 	5.8861717324 	-0.00596840840133 	-4.54747350886e-16 	15.0	-0.872638888889	-101.482017101	125.115148567	
7.92	-5.42836024865e-05	-5.44746091428e-05	-0.0310308735 	-0.0575137330904 	55.394497324 	-0.0140838076166 	-0.0167159038376 	-0.0204027316071 	-0.0624324482764 	2.03220030799 	0.0143057917143 	-5.88499393918 	-0.0171008255026 	-1.44343232058 	15.0	-0.872638888889	-101.673524075	125.275850398	
7.93	-5.42836024865e-05	-5.45684315225e-05	-0.0311180847132 	0.0405893984684 	55.3946493828 	0.0447779183298 	-0.0169199311537 	-0.0204027316071 	-0.00872112132293 	9.81031315588 	0.0152058774806 	5.88617259464 	-0.0204027316071 	4.54747350886e-16 	15.0	-0.872638888889	-101.86503105	125.436552229	
7.94	-5.42836024865e-05	-5.46463835543e-05	-0.030873426024 	0.0197487649878 	55.3948070162 	-0.0140849108773 	-0.0170102823045 	-0.0055185351233 	0.0244658689219 	-2.08406334806 	0.0157633358316 	-5.88628292071 	-0.00903511507721 	1.48841964838 	15.0	-0.872638888889	-102.056538025	125.597254061	
7.95	-5.42836024865e-05	-5.47097307748e-05	-0.0311690113599 	-0.0783503881683 	55.3949554518 	0.0447767053421 	-0.0170654676557 	-0.0055185351233 	-0.0295585335963 	-9.80991531562 	0.0148435591332 	5.88616162194 	-0.0055185351233 	-4.54747350886e-16 	15.0	-0.872638888889	-102.248045	125.757955892	
7.96	-5.42836024865e-05	-5.47597321772e-05	-0.0317986940472 	-0.0580406890091 	55.3950982 	-0.0140734306578 	-0.0172318839008 	-0.0199445702425 	-0.0629682687322 	2.03096991592 	0.0142748221258 	-5.88501359999 	-0.016641624513 	-1.44260351192 	15.0	-0.872638888889	-102.439551975	125.918657723	
7.97	-5.51348745597e-05	-5.49221254721e-05	-0.0318912538107 	0.0400623742967 	55.395250226 	0.044788362319 	-0.0174313296032 	-0.0199445702425 	-0.00925597634991 	9.81030633058 	0.015202597189 	5.88617929769 	-0.0199445702425 	4.54747350886e-16 	15.0	-0.872638888889	-102.63105895	126.079359555	
7.98	-5.51348745597e-05	-5.50649890993e-05	-0.0316521057077 	0.0192000331773 	55.3954079944 	-0.0140743067556 	-0.0175170118975 	-0.00504945769007 	0.0239148103084 	-2.08623411193 	0.0157768484151 	-5.88626690747 	-0.00856822942872 	1.48951125524 	15.0	-0.872638888889	-102.822565925	126.240061386	
7.99	-5.51348745597e-05	-5.51893523483e-05	-0.0319532541095 	-0.0788991914262 	55.3955562909 	0.0447872004317 	-0.0175675064744 	-0.00504945769007 	-0.0301148401816 	-9.80992246036 	0.0148296477307 	5.88615071873 	-0.00504945769007 	-4.54747350886e-16 	15.0	-0.872638888889	-103.014072899	126.400763217	
8.0	-5.51348745597e-05	-5.52963136836e-05	-0.0325886364004 	-0.0585758987732 	55.3956987288 	-0.0140631442968 	-0.0177291383532 	-0.0194889109759 	-0.06353822909 	2.03232926531 	0.0142437909446 	-5.88503447285 	-0.0161631878746 	-1.44394532858 	15.0	-0.872638888889	-103.205579874	126.561465048	
8.01	-5.51348745597e-05	-5.53870190484e-05	-0.0326866243679 	0.0395270965511 	55.395850716 	0.0447987120245 	-0.0179240274629 	-0.0194889109759 	-0.0097987967541 	9.81029953242 	0.0151987154763 	5.88618563213 	-0.0194889109759 	4.54747350886e-16 	15.0	-0.872638888889	-103.397086849	126.72216688	
8.02	-5.51348745597e-05	-5.54626425636e-05	-0.0324530220131 	0.0185261704244 	55.396008608 	-0.0140638008752 	-0.0180050361039 	-0.00448668962611 	0.0233602354786 	-2.10009261266 	0.0157892026547 	-5.88625128997 	-0.00810086409701 	1.50022213498 	15.0	-0.872638888889	-103.588593824	126.882868711	
8.03	-5.51348745597e-05	-5.55243695141e-05	-0.0327609816427 	-0.0795731401276 	55.3961567422 	0.0447975685617 	-0.0180499030002 	-0.00448668962611 	-0.0307959629599 	-9.80993105521 	0.0148134140972 	5.88613694368 	-0.00448668962611 	-4.54747350886e-16 	15.0	-0.872638888889	-103.780100799	127.043570542	
8.04	-5.51348745597e-05	-5.5573381508e-05	-0.0334033333655 	-0.0592246521006 	55.3962988524 	-0.0140530301524 	-0.018205802047 	-0.0189467806728 	-0.0642351722806 	2.0348488027 	0.0142110211822 	-5.8850598714 	-0.0155899046819 	-1.44600910467 	15.0	-0.872638888889	-103.971607774	127.204272374	
8.05	-5.51348745597e-05	-5.56108436797e-05	-0.0335078815202 	0.0388782618162 	55.3964507749 	0.0448088974496 	-0.0183952698537 	-0.0189467806728 	-0.0104548154616 	9.81029139168 	0.0151922574151 	5.8861927602 	-0.0189467806728 	4.54747350886e-16 	15.0	-0.872638888889	-104.163114748	127.364974205	
8.06	-5.51348745597e-05	-5.56378938055e-05	-0.0332809880461 	0.016945205102 	55.3966087571 	-0.0140534351874 	-0.0184707083067 	-0.00323938952706 	0.022689347407 	-2.19330567142 	0.0157982192463 	-5.8862332637 	-0.00754384530199 	1.57073911458 	15.0	-0.872638888889	-104.354621723	127.525676036	
8.07	-5.51302426433e-05	-5.56549557801e-05	-0.0336048243095 	-0.0811542967829 	55.3967565615 	0.0448076048073 	-0.018503102202 	-0.00323938952706 	-0.0323836263418 	-9.80995018849 	0.0147804418921 	5.88610399947 	-0.00323938952706 	-4.54747350886e-16 	15.0	-0.872638888889	-104.546128698	127.686377868	
8.08	-5.51302426433e-05	-5.56638113653e-05	-0.0342633673839 	-0.060762289765 	55.3968981819 	-0.0140435731793 	-0.018646298204 	-0.0177342970545 	-0.0658543074422 	2.03920070179 	0.0141620367233 	-5.88511779866 	-0.014319600196 	-1.44949075274 	15.0	-0.872638888889	-104.737635673	127.847079699	
8.09	-5.51302426433e-05	-5.56654687984e-05	-0.0343833566903 	0.0373404393509 	55.3970498643 	0.0448185038235 	-0.0188236411745 	-0.0177342970545 	-0.0119989306336 	9.81027291159 	0.0151682404304 	5.88620770028 	-0.0177342970545 	4.54747350886e-16 	15.0	-0.872638888889	-104.929142648	128.00778153	
8.1	-5.51302426433e-05	-5.56608811837e-05	-0.0341723142481 	0.0059735197255 	55.3972077433 	-0.0140434464061 	-0.0188865848813 	0.00505245935859 	0.0211042442139 	-3.13669196254 	0.0157878955663 	-5.88619502296 	-0.00629437068281 	2.27867564131 	15.0	-0.872638888889	-105.120649623	128.168483362	
8.11	-5.51302426433e-05	-5.56509432135e-05	-0.0342647590324 	-0.0238773310716 	55.3973598862 	0.0448196658627 	-0.0190919733312 	-0.0461301493371 	-0.00924447842325 	-2.98508507971 	0.0152142953575 	5.88631122687 	-0.0205388449892 	-5.11826086957 	15.0	-0.872638888889	-105.312156597	128.329185193	
8.12	-5.51302426433e-05	-5.56364889878e-05	-0.0346616854818 	-0.0551663556677 	55.3975062111 	-0.0140276232448 	-0.0194308430814 	-0.0218664731008 	-0.0396926449435 	-3.12890245961 	0.0146324892372 	-5.88472891075 	-0.0338869750201 	2.42636762362 	15.0	-0.872638888889	-105.503663572	128.489887024	
8.13	-5.51302426433e-05	-5.56182908113e-05	-0.0347258522593 	0.042937012826 	55.3976590528 	0.044833714051 	-0.0196495078124 	-0.0218664731008 	-0.0064166777524 	9.81033684937 	0.0152841634282 	5.88613372958 	-0.0218664731008 	4.54747350886e-16 	15.0	-0.872638888889	-105.695170547	128.650588856	
8.14	-5.51302426433e-05	-5.55970588466e-05	-0.0344578454188 	0.0220140149282 	55.3978183779 	-0.0140297341263 	-0.0197548496677 	-0.00693108553327 	0.0268006840555 	-2.09229978978 	0.0159325192861 	-5.88634481773 	-0.0105341855283 	1.49353875676 	15.0	-0.872638888889	-105.886677522	128.811290687	
8.15	-5.51302426433e-05	-5.55734415149e-05	-0.0347312011922 	-0.0760849176405 	55.3979669985 	0.0448321397457 	-0.0198241605231 	-0.00693108553327 	-0.0273355773428 	-9.80989325687 	0.0148620574254 	5.88618738721 	-0.00693108553327 	-4.54747350886e-16 	15.0	-0.872638888889	-106.078184497	128.971992518	
8.16	-5.51302426433e-05	-5.55480265357e-05	-0.0353380567254 	-0.0539681773224 	55.3981090247 	-0.0140175117825 	-0.0200050890628 	-0.0227068185886 	-0.0606855533234 	2.21167403181 	0.0142026150101 	-5.88496515282 	-0.0180928539738 	-1.57757330554 	15.0	-0.872638888889	-106.269691472	129.132694349	
8.17	-5.51302426433e-05	-5.55213425099e-05	-0.0353903347496 	0.0441353229117 	55.3982621716 	0.0448436048328 	-0.0202321572487 	-0.0227068185886 	-0.00522780241986 	9.8103500234 	0.0153146893721 	5.88611166153 	-0.0227068185886 	4.54747350886e-16 	15.0	-0.872638888889	-106.461198447	129.293396181	
8.18	-5.98383867824e-05	-5.61824270344e-05	-0.0351102496233 	0.0231878211157 	55.3984219977 	-0.0140202118524 	-0.020346077662 	-0.00775271056272 	0.0280085126355 	-2.09475017959 	0.0159826099106 	-5.88638166852 	-0.0113920413325 	1.49541080259 	15.0	-0.872638888889	-106.652705421	129.454098012	
8.19	-5.98383867824e-05	-5.67953946953e-05	-0.0353719603008 	-0.0749109841795 	55.3985707892 	0.0448417922683 	-0.0204236047676 	-0.00775271056272 	-0.0261710677547 	-9.80988052952 	0.0148791578867 	5.88620041207 	-0.00775271056272 	-4.54747350886e-16 	15.0	-0.872638888889	-106.844212396	129.614799843	
8.2	-5.98383867824e-05	-5.73598453829e-05	-0.0359668338978 	-0.0447005517843 	55.3987127951 	-0.0140075777702 	-0.0206130141893 	-0.0296013195456 	-0.0594873596966 	3.02104323951 	0.0142005837166 	-5.88493700384 	-0.0189409421675 	-2.18486089829 	15.0	-0.872638888889	-107.035719371	129.775501675	
8.21	-5.98383867824e-05	-5.78759788185e-05	-0.0359265574903 	0.0534040139818 	55.3988679308 	0.0448511336074 	-0.0209090273848 	-0.0296013195456 	0.00402764074676 	9.81045657661 	0.0155135730398 	5.88587113776 	-0.0296013195456 	4.54747350886e-16 	15.0	-0.872638888889	-107.227226346	129.936203506	
8.22	-5.98383867824e-05	-5.83445113298e-05	-0.0355528493853 	0.0324505262118 	55.3990299783 	-0.014016378487 	-0.0210928812859 	-0.014654034914 	0.0373708104974 	-2.09534877699 	0.0162047497927 	-5.88675120944 	-0.0183853901122 	1.49472846316 	15.0	-0.872638888889	-107.418733321	130.096905337	
8.23	-5.98383867824e-05	-5.8766598051e-05	-0.0357220720002 	-0.0656472150681 	55.3991805549 	0.0448460530632 	-0.021239421635 	-0.014654034914 	-0.0169222614828 	-9.80977412799 	0.0150576618242 	5.88624315501 	-0.014654034914 	-4.54747350886e-16 	15.0	-0.872638888889	-107.610240296	130.257607169	
8.24	-5.98383867824e-05	-5.9143760688e-05	-0.0362179288396 	-0.0333826424924 	55.3993242283 	-0.0140016239946 	-0.0215026952141 	-0.0380365873943 	-0.0495856839399 	3.22645725756 	0.0143673396245 	-5.88476770578 	-0.0263273579084 	-2.33825524803 	15.0	-0.872638888889	-107.80174727	130.418309	
8.25	-5.98383867824e-05	-5.94778209126e-05	-0.0364057722825 	-0.00352671089451 	55.3994745206 	0.0448619453813 	-0.0216271480446 	0.0131460213013 	-0.0187843442962 	2.98559315979 	0.0150292228017 	5.88635693759 	-0.0124452830465 	5.11826086957 	15.0	-0.872638888889	-107.993254245	130.579010831	
8.26	-5.98383867824e-05	-5.97708393729e-05	-0.0363969647425 	0.00578936129193 	55.3996290442 	-0.0140001771249 	-0.0215335600941 	0.00595090901945 	0.000880754006838 	0.931607218644 	0.0154523694324 	-5.88621225062 	0.00935879504406 	-0.71951122819 	15.0	-0.872638888889	-108.18476122	130.739712663	
8.27	-5.98383867824e-05	-6.00250602495e-05	-0.0364916615235 	-0.0240616192568 	55.3997813354 	0.0448628899993 	-0.0217299640474 	-0.0452316996762 	-0.00946967809948 	-2.98509805488 	0.0152291123092 	5.88630671242 	-0.0196403953284 	-5.11826086957 	15.0	-0.872638888889	-108.376268195	130.900414494	
8.28	-5.98383867824e-05	-6.02428612311e-05	-0.0368918767246 	-0.055531948334 	55.3999269822 	-0.0139846986792 	-0.0220591012602 	-0.0208387647757 	-0.0400215201192 	-3.14703290772 	0.0145646845248 	-5.88475886785 	-0.0329137212777 	2.43929349005 	15.0	-0.872638888889	-108.56777517	131.061116325	
8.29	-6.15279389798e-05	-6.06738057516e-05	-0.0369601084474 	0.0425712707717 	55.4000800015 	0.0448766518841 	-0.022267488908 	-0.0208387647757 	-0.00682317227395 	9.81032191057 	0.0153019303134 	5.88613505633 	-0.0208387647757 	4.54747350886e-16 	15.0	-0.872638888889	-108.759282145	131.221818156	
8.3	-6.15279389798e-05	-6.10561817606e-05	-0.0366963794527 	0.021678200569 	55.4002403719 	-0.0139864789799 	-0.0223624251043 	-0.00592382629797 	0.0263728994695 	-2.08930702027 	0.0160370340746 	-5.8863130864 	-0.00949361963937 	1.49149384777 	15.0	-0.872638888889	-108.950789119	131.382519988	
8.31	-6.15279389798e-05	-6.13922442772e-05	-0.0369734878608 	-0.0764208845643 	55.4003886382 	0.0448751423958 	-0.0224216633673 	-0.00592382629797 	-0.0277108408064 	-9.80990851333 	0.0148266295561 	5.88616213757 	-0.00592382629797 	-4.54747350886e-16 	15.0	-0.872638888889	-109.142296094	131.543221819	
8.32	-6.15279389798e-05	-6.16844649194e-05	-0.0375843157983 	-0.0559455171228 	55.4005294363 	-0.0139750639261 	-0.0225923557092 	-0.0204703740588 	-0.0610827937512 	2.04753674415 	0.0140798101328 	-5.88502063219 	-0.0170692341833 	-1.45465477608 	15.0	-0.872638888889	-109.333803069	131.70392365	
8.33	-6.15279389798e-05	-6.1935474858e-05	-0.0376567655436 	0.0421576470475 	55.4006824215 	0.0448863474215 	-0.0227970594497 	-0.0204703740588 	-0.00724497452988 	9.81031641703 	0.0152985198507 	5.88614113475 	-0.0204703740588 	4.54747350886e-16 	15.0	-0.872638888889	-109.525310044	131.864625482	
8.34	-6.15279389798e-05	-6.21480136764e-05	-0.0373973396358 	0.0212826218595 	55.4008429324 	-0.0139766452214 	-0.0228882333806 	-0.00556725266164 	0.0259425907762 	-2.0875025188 	0.0160510976968 	-5.88629926429 	-0.00911739308962 	1.49031213971 	15.0	-0.872638888889	-109.716817019	132.025327313	
8.35	-6.15279389798e-05	-6.23248839139e-05	-0.0376784826304 	-0.0768165177955 	55.4009910614 	0.0448849005776 	-0.0229439059073 	-0.00556725266164 	-0.0281142994607 	-9.8099139655 	0.0148128938792 	5.88615457991 	-0.00556725266164 	-4.54747350886e-16 	15.0	-0.872638888889	-109.908323994	132.186029144	
8.36	-6.15279389798e-05	-6.24689110388e-05	-0.0382934517628 	-0.0564681776968 	55.4011315445 	-0.0139654583893 	-0.0231109529865 	-0.0200207784976 	-0.0614969132378 	2.03483400987 	0.0140483150364 	-5.88503589669 	-0.0167047079249 	-1.4453525836 	15.0	-0.872638888889	-110.099830969	132.346730976	
8.37	-6.15279389798e-05	-6.25829085662e-05	-0.0383712078078 	0.0416349189012 	55.4012844667 	0.0448960266019 	-0.0233111607715 	-0.0200207784976 	-0.00777560449927 	9.8103096598 	0.0152922129671 	5.88614849913 	-0.0200207784976 	4.54747350886e-16 	15.0	-0.872638888889	-110.291337943	132.507432807	
8.38	-6.15279389798e-05	-6.26696480196e-05	-0.0381172282701 	0.0207753121309 	55.401445083 	-0.0139668001455 	-0.0233977540157 	-0.00513323823804 	0.0253979537646 	-2.08596067703 	0.0160616318876 	-5.88628267475 	-0.00865932441926 	1.48875402596 	15.0	-0.872638888889	-110.482844918	132.668134638	
8.39	-6.15279389798e-05	-6.27318334201e-05	-0.038403520306 	-0.0773238940905 	55.4015930491 	0.0448946511818 	-0.0234490863981 	-0.00513323823804 	-0.028629203585 	-9.80992062214 	0.0147966126364 	5.88614513273 	-0.00513323823804 	-4.54747350886e-16 	15.0	-0.872638888889	-110.674351893	132.82883647	
8.4	-6.46565990312e-05	-6.32296465115e-05	-0.0390237696932 	-0.0570087036238 	55.4017331967 	-0.0139558933172 	-0.0236116976394 	-0.0195623128609 	-0.0620249387217 	2.03151904666 	0.0140147583468 	-5.8850544499 	-0.0162611241319 	-1.44290746229 	15.0	-0.872638888889	-110.865858868	132.989538301	
8.41	-6.46565990312e-05	-6.36763080515e-05	-0.0391070078468 	0.0410943239344 	55.4018860471 	0.0449056634357 	-0.023807320768 	-0.0195623128609 	-0.00832381536406 	9.81030275583 	0.0152850444565 	5.88615567529 	-0.0195623128609 	4.54747350886e-16 	15.0	-0.872638888889	-111.057365843	133.150240132	
8.42	-6.46565990312e-05	-6.40736985571e-05	-0.03885862249 	0.0202379819693 	55.4020467548 	-0.0139569983383 	-0.0238892219111 	-0.00467468987019 	0.0248385356809 	-2.08563419651 	0.0160707640067 	-5.8862661774 	-0.00819011430673 	1.48876229907 	15.0	-0.872638888889	-111.248872818	133.310941964	
8.43	-6.46565990312e-05	-6.44239989748e-05	-0.0391503608899 	-0.0778612947022 	55.4021945506 	0.0449043484829 	-0.0239359688098 	-0.00467468987019 	-0.0291738399879 	-9.80992766715 	0.0147795803879 	5.88613468211 	-0.00467468987019 	-4.54747350886e-16 	15.0	-0.872638888889	-111.440379792	133.471643795	
8.44	-6.46565990312e-05	-6.47296255867e-05	-0.0397761864354 	-0.0575358203431 	55.402334361 	-0.0139463966077 	-0.0240939007347 	-0.0191119451797 	-0.0625825545454 	2.03254743591 	0.0139810468758 	-5.88507450905 	-0.0157931924901 	-1.44372553095 	15.0	-0.872638888889	-111.631886767	133.632345626	
8.45	-6.46565990312e-05	-6.49931710572e-05	-0.03986476975 	0.0405671393282 	55.4024871385 	0.0449152250488 	-0.0242850201865 	-0.0191119451797 	-0.00885833146003 	9.81029596714 	0.0152777512492 	5.88616216565 	-0.0191119451797 	4.54747350886e-16 	15.0	-0.872638888889	-111.823393742	133.793047457	
8.46	-6.46565990312e-05	-6.5217351454e-05	-0.039621865839 	0.0196412255575 	55.4026479294 	-0.0139472798611 	-0.024362311716 	-0.00416940773833 	0.0242903910946 	-2.09259137707 	0.0160790877091 	-5.886250491 	-0.00772915295687 	1.49425374413 	15.0	-0.872638888889	-112.014900717	133.953749289	
8.47	-6.46565990312e-05	-6.54049590324e-05	-0.0399196418122 	-0.0784581288934 	55.4027955398 	0.0449139462605 	-0.0244040057934 	-0.00416940773833 	-0.0297775973201 	-9.80993544509 	0.0147610393514 	5.88612261216 	-0.00416940773833 	-4.54747350886e-16 	15.0	-0.872638888889	-112.206407692	134.11445112	
8.48	-6.46565990312e-05	-6.55588205377e-05	-0.0405516432046 	-0.058109718998 	55.4029350039 	-0.01393702499 	-0.0245567861798 	-0.0186244637768 	-0.0632001392375 	2.03484098954 	0.0139464130542 	-5.88509712505 	-0.0152780386386 	-1.44550560385 	15.0	-0.872638888889	-112.397914667	134.275152951	
8.49	-6.46565990312e-05	-6.56817607479e-05	-0.0406460362878 	0.0399931669262 	55.4030876924 	0.0449246621903 	-0.0247430308176 	-0.0186244637768 	-0.009439308324 	9.81028859242 	0.0152688478216 	5.88616871803 	-0.0186244637768 	4.54747350886e-16 	15.0	-0.872638888889	-112.589421641	134.435854783	
8.5	-6.46565990312e-05	-6.57765709604e-05	-0.0404090767975 	0.0186537919048 	55.4032485439 	-0.0139376781269 	-0.0248153202045 	-0.00336901510643 	0.0236959490304 	-2.13393750214 	0.016085147949 	-5.88623403172 	-0.00722893869149 	1.52554486704 	15.0	-0.872638888889	-112.780928616	134.596556614	
8.51	-6.68508060574e-05	-6.61668848875e-05	-0.0407167925353 	-0.0794456861485 	55.4033958717 	0.0449233459208 	-0.0248490103555 	-0.00336901510643 	-0.0307715737795 	-9.80994780534 	0.0147327789387 	5.88610240477 	-0.00336901510643 	-4.54747350886e-16 	15.0	-0.872638888889	-112.972435591	134.757258445	
8.52	-6.68508060574e-05	-6.65122005477e-05	-0.0413589131791 	-0.0590562319289 	55.4035348982 	-0.013927991494 	-0.0249936245752 	-0.01784814496 	-0.0642120643763 	2.03894542196 	0.0139026510204 	-5.88513374148 	-0.0144614219629 	-1.44791298536 	15.0	-0.872638888889	-113.163942566	134.917960277	
8.53	-6.68508060574e-05	-6.68147079057e-05	-0.041462836591 	0.0390465353118 	55.403687398 	0.0449337943402 	-0.0251721060248 	-0.01784814496 	-0.0103923411943 	9.81027672407 	0.0152499743049 	5.88617858342 	-0.01784814496 	4.54747350886e-16 	15.0	-0.872638888889	-113.355449541	135.078662108	
8.54	-6.68508060574e-05	-6.70767828746e-05	-0.0412356768957 	0.0125014169228 	55.4038481979 	-0.0139282937587 	-0.0252364220096 	0.00131020259238 	0.0227159695319 	-2.6545118389 	0.0160799900137 	-5.88620880989 	-0.00643159848254 	1.91583475524 	15.0	-0.872638888889	-113.546956516	135.239363939	
8.55	-6.68508060574e-05	-6.73009354835e-05	-0.0416049567778 	-0.0855987861792 	55.4039939452 	0.0449312273785 	-0.0252233199837 	0.00131020259238 	-0.0369279882105 	-9.8100203102 	0.0145747299901 	5.88595211372 	0.00131020259238 	-4.54747350886e-16 	15.0	-0.872638888889	-113.738463491	135.400065771	
8.56	-6.68508060574e-05	-6.74897635342e-05	-0.0423096990235 	-0.0651742323659 	55.4041312291 	-0.0139225276229 	-0.0253204281274 	-0.0132063052195 	-0.0704742245695 	2.04245538133 	0.0137283982349 	-5.88537550013 	-0.00971081437769 	-1.45165078119 	15.0	-0.872638888889	-113.929970465	135.560767602	
8.57	-6.68508060574e-05	-6.76459115264e-05	-0.0424748292992 	0.0329278158814 	55.4042821931 	0.0449396017409 	-0.0254524911796 	-0.0132063052195 	-0.0165130275697 	9.81020482473 	0.0150963983863 	5.88621293638 	-0.0132063052195 	4.54747350886e-16 	15.0	-0.872638888889	-114.12147744	135.721469433	
8.58	-6.68508060574e-05	-6.77720346031e-05	-0.0423113875048 	0.000778396753681 	55.4044414963 	-0.0139212895035 	-0.0254682640783 	0.0101740464251 	0.0163441794411 	-3.21494191278 	0.0159303184047 	-5.88608912444 	-0.00157728986982 	2.33803516446 	15.0	-0.872638888889	-114.312984415	135.882171264	
8.59	-6.68508060574e-05	-6.78707672434e-05	-0.042456792168 	-0.0290732232534 	55.4045929284 	0.0449421652 	-0.0256224366576 	-0.0410085622706 	-0.0145404663183 	-2.98516200071 	0.0151432104823 	5.88634547035 	-0.0154172579228 	-5.11826086957 	15.0	-0.872638888889	-114.50449139	136.042873096	
8.6	-6.68508060574e-05	-6.79446964138e-05	-0.0428075755889 	-0.0403858403583 	55.4047390779 	-0.0139072018443 	-0.0259850704536 	-0.031854279792 	-0.0350783420911 	-1.13126171049 	0.0146149496723 	-5.88493670442 	-0.036263379599 	0.915428247865 	15.0	-0.872638888889	-114.695998365	136.203574927	
8.61	-6.68508060574e-05	-6.79963388798e-05	-0.0430661175352 	-0.0105308568375 	55.404887648 	0.0449556660688 	-0.026047700208 	0.0193283289037 	-0.0258541946339 	2.98549835208 	0.0148570145183 	5.8862867913 	-0.00626297544412 	5.11826086957 	15.0	-0.872638888889	-114.88750534	136.364276758	
8.62	-7.20089761931e-05	-6.87825047509e-05	-0.0430177345181 	0.0210265098678 	55.405044211 	-0.0139046161006 	-0.0259763954869 	-0.00483517079092 	0.00483830171353 	3.15573667053 	0.0156562999437 	-5.88602821694 	0.00713047211124 	-2.41634996946 	15.0	-0.872638888889	-115.079012314	136.52497859	
8.63	-7.20089761931e-05	-6.94988360332e-05	-0.043301911895 	-0.0770727394398 	55.4051921258 	0.0449567382335 	-0.0260247471948 	-0.00483517079092 	-0.0284177376923 	-9.80992493075 	0.0147914758089 	5.88613543341 	-0.00483517079092 	-4.54747350886e-16 	15.0	-0.872638888889	-115.270519289	136.685680421	
8.64	-7.20089761931e-05	-7.01467016691e-05	-0.0439200109675 	-0.0567512629288 	55.4053313616 	-0.013894030683 	-0.0261843640013 	-0.0192650764187 	-0.0618099072483 	2.03214765109 	0.0139235814807 	-5.88507689164 	-0.0159616806533 	-1.44299056278 	15.0	-0.872638888889	-115.462026264	136.846382252	
8.65	-7.20089761931e-05	-7.07280560326e-05	-0.0440010844461 	0.0413517305338 	55.4054846827 	0.0449674522221 	-0.0263770147655 	-0.0192650764187 	-0.00810734786257 	9.81029934626 	0.0153321129625 	5.8861482905 	-0.0192650764187 	4.54747350886e-16 	15.0	-0.872638888889	-115.653533239	137.007084084	
8.66	-7.20089761931e-05	-7.12453379088e-05	-0.043750609073 	0.0204906028372 	55.4056467125 	-0.0138951537073 	-0.0264559238755 	-0.00437170975358 	0.0250475373156 	-2.08611276966 	0.0162029702553 	-5.88626059293 	-0.00789091099817 	1.48933666651 	15.0	-0.872638888889	-115.845040214	137.167785915	
8.67	-7.20089761931e-05	-7.17013776625e-05	-0.0440402166101 	-0.0776087180128 	55.4057944445 	0.0449660941783 	-0.026499640973 	-0.00437170975358 	-0.0289607537176 	-9.809932085 	0.0147732067702 	5.88612478856 	-0.00437170975358 	-4.54747350886e-16 	15.0	-0.872638888889	-116.036547189	137.328487746	
8.68	-7.20089761931e-05	-7.20993125328e-05	-0.0446638734656 	-0.0572731639109 	55.4059333346 	-0.0138848791275 	-0.0266545287819 	-0.0188123295977 	-0.062365685543 	2.03355541019 	0.0138890048738 	-5.88509733058 	-0.0154887808839 	-1.44406198441 	15.0	-0.872638888889	-116.228054163	137.489189578	
8.69	-7.20089761931e-05	-7.24425099119e-05	-0.0447502381526 	0.0408297609233 	55.4060865692 	0.0449766670968 	-0.0268426520778 	-0.0188123295977 	-0.00863646870591 	9.81029248341 	0.0153234655961 	5.88615462243 	-0.0188123295977 	4.54747350886e-16 	15.0	-0.872638888889	-116.419561138	137.649891409	
8.7	-7.20089761931e-05	-7.27344983904e-05	-0.0445051943388 	0.0198732017282 	55.4062486642 	-0.0138857823165 	-0.0269169290996 	-0.00384950724339 	0.0245043813863 	-2.09565591951 	0.0162094927753 	-5.88624494133 	-0.0074277021732 	1.49628223543 	15.0	-0.872638888889	-116.611068113	137.81059324	
8.71	-7.20089761931e-05	-7.29789062996e-05	-0.0448010437581 	-0.0782261998865 	55.4063961911 	0.0449753401994 	-0.026955424172 	-0.00384950724339 	-0.0295849419367 	-9.80994016147 	0.0147526923319 	5.88611225158 	-0.00384950724339 	-4.54747350886e-16 	15.0	-0.872638888889	-116.802575088	137.971295072	
8.72	-7.20089761931e-05	-7.31794074274e-05	-0.0454310828785 	-0.0578661102679 	55.4065347187 	-0.0138758674811 	-0.0271049875725 	-0.018308792754 	-0.0630039120407 	2.03600896187 	0.0138527623706 	-5.88512076805 	-0.0149563400523 	-1.44592855106 	15.0	-0.872638888889	-116.994082063	138.131996903	
8.73	-6.74088500788e-05	-7.26669051073e-05	-0.0455234457945 	0.0402367379278 	55.406687843 	0.044985746491 	-0.0272880755001 	-0.018308792754 	-0.00923629159761 	9.81028481957 	0.0153124315081 	5.88616139721 	-0.018308792754 	4.54747350886e-16 	15.0	-0.872638888889	-117.185589038	138.292698734	
8.74	-6.74088500788e-05	-7.21644374814e-05	-0.0452845627393 	0.0187160988758 	55.406849972 	-0.0138765340896 	-0.0273571904489 	-0.00292220646717 	0.0238883055223 	-2.15206390521 	0.0162128963454 	-5.88622805805 	-0.00691149487759 	1.53865862869 	15.0	-0.872638888889	-117.377096013	138.453400565	
8.75	-6.74088500788e-05	-7.16763026267e-05	-0.0455920454412 	-0.0793834466139 	55.4069971461 	0.0449843522723 	-0.0273864125135 	-0.00292220646717 	-0.0307482701895 	-9.80995454896 	0.0147174137684 	5.88608863618 	-0.00292220646717 	-4.54747350886e-16 	15.0	-0.872638888889	-117.568602987	138.614102397	
8.76	-6.74088500788e-05	-7.12060571362e-05	-0.0462339646741 	-0.0589860336178 	55.407135168 	-0.0138672798068 	-0.0275265300266 	-0.0174105337454 	-0.0641919232862 	2.03974129961 	0.0138021928405 	-5.88516320791 	-0.0140117513034 	-1.44883272782 	15.0	-0.872638888889	-117.760109962	138.774804228	
8.77	-6.74088500788e-05	-7.07565762075e-05	-0.0463375885633 	0.0391166763332 	55.4072880296 	0.0449944499675 	-0.027700635364 	-0.0174105337454 	-0.0103623889231 	9.8102709951 	0.0152861529928 	5.88617297743 	-0.0174105337454 	4.54747350886e-16 	15.0	-0.872638888889	-117.951616937	138.935506059	
8.78	-6.74088500788e-05	-7.03301132852e-05	-0.0461102634129 	0.0101257336032 	55.4074500262 	-0.013867539735 	-0.0277605063175 	0.00358461190337 	0.0227325150344 	-2.899094273 	0.0161996654899 	-5.88619897025 	-0.00598709535244 	2.09951456488 	15.0	-0.872638888889	-118.143123912	139.096207891	
8.79	-6.74088500788e-05	-6.99283586464e-05	-0.0465036724128 	-0.0879748242361 	55.4075947926 	0.0449910649225 	-0.0277246601985 	0.00358461190337 	-0.0393408999867 	-9.81005578393 	0.0144766411062 	5.88586046575 	0.00358461190337 	-4.54747350886e-16 	15.0	-0.872638888889	-118.334630887	139.256909722	
8.8	-6.74088500788e-05	-6.95524964125e-05	-0.0472328818335 	-0.067566938289 	55.4077302418 	-0.0138641197993 	-0.0277987869547 	-0.0109212099556 	-0.0729209420705 	2.04078859471 	0.0135449126816 	-5.88551847217 	-0.00741267562007 	-1.4505821859 	15.0	-0.872638888889	-118.526137862	139.417611553	
8.81	-6.74088500788e-05	-6.92032595588e-05	-0.047422317449 	0.0305347619014 	55.4078807112 	0.0449979023852 	-0.0279079990543 	-0.0109212099556 	-0.0189435615526 	9.81017001904 	0.0150469391086 	5.88620221844 	-0.0109212099556 	4.54747350886e-16 	15.0	-0.872638888889	-118.717644836	139.578313385	
8.82	-6.74088500788e-05	-6.88809825738e-05	-0.0472855844864 	-0.00197174852995 	55.4080402651 	-0.0138626254911 	-0.0278990744436 	0.0127291474853 	0.013673296263 	-3.25065104313 	0.0159553910415 	-5.88605278763 	0.000892461061923 	2.36503574408 	15.0	-0.872638888889	-118.909151811	139.739015216	
8.83	-6.74088500788e-05	-6.85856514912e-05	-0.0474588614675 	-0.0318237572815 	55.4081911639 	0.0450008213961 	-0.0280276960123 	-0.0384534612104 	-0.017327698106 	-2.98520087515 	0.0150898793514 	5.88634468872 	-0.0128621568626 	-5.11826086957 	15.0	-0.872638888889	-119.100658786	139.899717047	
8.84	-7.0102591509e-05	-6.8710910773e-05	-0.0478282007849 	-0.0411816666809 	55.4083365439 	-0.0138488730826 	-0.0283718366651 	-0.0307777028026 	-0.0369339317381 	-0.935790939945 	0.0145380035646 	-5.88496944788 	-0.0344140652814 	0.767575840777 	15.0	-0.872638888889	-119.292165761	140.060418879	
8.85	-7.0102591509e-05	-6.883491646e-05	-0.0480950671325 	-0.0113268472744 	55.4084848533 	0.045013759478 	-0.0284237006496 	0.020404905893 	-0.0266866347627 	2.98548194066 	0.0148309417862 	5.88626325606 	-0.00518639845481 	5.11826086957 	15.0	-0.872638888889	-119.483672736	140.22112071	
8.86	-7.0102591509e-05	-6.89564427236e-05	-0.0480564128857 	0.0199885286506 	55.4086418454 	-0.0138465235127 	-0.0283406116496 	-0.00358050953539 	0.0038654246795 	3.13153759249 	0.015699211686 	-5.88602829907 	0.00830889999988 	-2.39854154284 	15.0	-0.872638888889	-119.675179711	140.381822541	
8.87	-7.0102591509e-05	-6.90744571154e-05	-0.0483513301037 	-0.0781109133735 	55.4087893766 	0.0450145144839 	-0.028376416745 	-0.00358050953539 	-0.0294917217986 	-9.8099442024 	0.0147531126257 	5.88610379965 	-0.00358050953539 	-4.54747350886e-16 	15.0	-0.872638888889	-119.866686686	140.542524373	
8.88	-7.0102591509e-05	-6.91881060763e-05	-0.0489804504351 	-0.0577439265585 	55.4089274322 	-0.0138368768497 	-0.0285232783352 	-0.0180452443366 	-0.0629120331465 	2.0366986815 	0.0138055622469 	-5.88513913336 	-0.0146861590193 	-1.44647348012 	15.0	-0.872638888889	-120.05819366	140.703226204	
8.89	-7.0102591509e-05	-6.92967003886e-05	-0.0490718199416 	0.0403588876662 	55.4090808495 	0.0450246893479 	-0.0287037307785 	-0.0180452443366 	-0.00913695064894 	9.81028142247 	0.0153417321645 	5.88615661976 	-0.0180452443366 	4.54747350886e-16 	15.0	-0.872638888889	-120.249700635	140.863928035	
8.9	-7.0102591509e-05	-6.93997007438e-05	-0.048832001409 	0.0185585439572 	55.4092437397 	-0.0138375320201 	-0.028770177132 	-0.00244549768273 	0.0239818532582 	-2.1800343709 	0.0162890172962 	-5.8862221368 	-0.00664463535006 	1.55997466539 	15.0	-0.872638888889	-120.44120761	141.024629866	
8.91	-7.0102591509e-05	-6.94967035722e-05	-0.0491412774302 	-0.0795410747251 	55.4093908245 	0.0450232110975 	-0.0287946321089 	-0.00244549768273 	-0.0309276021175 	-9.80996186824 	0.0147084838753 	5.88607431176 	-0.00244549768273 	-4.54747350886e-16 	15.0	-0.872638888889	-120.632714585	141.185331698	
8.92	-7.0102591509e-05	-6.9587427258e-05	-0.0497850322155 	-0.0591294805402 	55.4095282836 	-0.0138287034938 	-0.0289299283361 	-0.0169422844182 	-0.0643754785246 	2.0411594185 	0.0137459052368 	-5.88519145912 	-0.0135296227249 	-1.44967867355 	15.0	-0.872638888889	-120.82422156	141.346033529	
8.93	-7.0102591509e-05	-6.96716988441e-05	-0.049890315074 	0.038973163055 	55.4096813429 	0.0450330015689 	-0.0290993511803 	-0.0169422844182 	-0.0105282858522 	9.81026435951 	0.0153059297859 	5.88617050626 	-0.0169422844182 	4.54747350886e-16 	15.0	-0.872638888889	-121.015728535	141.50673536	
8.94	-7.0102591509e-05	-6.97494413085e-05	-0.0496648203981 	0.00799766105988 	55.4098439966 	-0.0138288675044 	-0.0291544501127 	0.00553726918797 	0.0225494675902 	-3.09755019951 	0.016265371836 	-5.88618690733 	-0.00550989323465 	2.24795536062 	15.0	-0.872638888889	-121.207235509	141.667437192	
8.95	-6.00272504547e-05	-6.83471428508e-05	-0.0497386517356 	-0.0218532213487 	55.4099979175 	0.0450337954329 	-0.0293549904642 	-0.0456453395077 	-0.00738313374774 	-2.98508824086 	0.015392091543 	5.88626629373 	-0.0200540351599 	-5.11826086957 	15.0	-0.872638888889	-121.398742484	141.828139023	
8.96	-6.00272504547e-05	-6.70405558955e-05	-0.0501164515018 	-0.0530756261494 	55.4101429087 	-0.0138143478386 	-0.029689567145 	-0.0214795864922 	-0.0377799766253 	-3.12224048006 	0.0144991231561 	-5.88481432715 	-0.0334576680722 	2.41657530155 	15.0	-0.872638888889	-121.590249459	141.988840854	
8.97	-6.00272504547e-05	-6.58314584928e-05	-0.0501613476673 	0.0450277284982 	55.4102978359 	0.0450465167103 	-0.0299043630099 	-0.0214795864922 	-0.0044896165451 	9.81033546475 	0.0154927164518 	5.88608645489 	-0.0214795864922 	4.54747350886e-16 	15.0	-0.872638888889	-121.781756434	142.149542686	
8.98	-6.00272504547e-05	-6.47202918992e-05	-0.0498741779339 	0.0240721845123 	55.4104626527 	-0.0138170410989 	-0.0300059467879 	-0.00652374222661 	0.0287169733374 	-2.09555439859 	0.0164816837041 	-5.88635578092 	-0.0101583777998 	1.49558442656 	15.0	-0.872638888889	-121.973263409	142.310244517	
8.99	-6.00272504547e-05	-6.37063360794e-05	-0.0501285338424 	-0.0740267969202 	55.4106112075 	0.045044588372 	-0.0300711842102 	-0.00652374222661 	-0.0254355908476 	-9.80989814324 	0.0148554749064 	5.8861629471 	-0.00652374222661 	-4.54747350886e-16 	15.0	-0.872638888889	-122.164770384	142.470946348	
9.0	-6.00272504547e-05	-6.2787874582e-05	-0.0507160476889 	-0.0463476794972 	55.4107497577 	-0.0138056685425 	-0.0302482348182 	-0.02647236566 	-0.0587513846554 	2.7679117423 	0.0138550214723 	-5.88502569145 	-0.0177050608041 	-1.99486234333 	15.0	-0.872638888889	-122.356277358	142.63164818	
9.01	-6.00272504547e-05	-6.19623483653e-05	-0.0506937894786 	0.0517564571112 	55.4109067893 	0.0450536158806 	-0.0305129584748 	-0.02647236566 	0.00222582103094 	9.81041366084 	0.0157031597058 	5.8859284423 	-0.02647236566 	4.54747350886e-16 	15.0	-0.872638888889	-122.547784333	142.792350011	
9.02	-6.00272504547e-05	-6.12264983364e-05	-0.0503385768343 	0.0307721960743 	55.4110739292 	-0.0138124531687 	-0.0306652509364 	-0.0115034581889 	0.035521264433 	-2.09842610368 	0.0167139912227 	-5.88660690493 	-0.0152292461554 	1.49689074711 	15.0	-0.872638888889	-122.739291308	142.953051842	
9.03	-6.00272504547e-05	-6.05764965227e-05	-0.0505260680537 	-0.0673260073549 	55.411224408 	0.0450496493674 	-0.0307802855182 	-0.0115034581889 	-0.0187491219373 	-9.80982034293 	0.0150478841987 	5.88621025361 	-0.0115034581889 	-4.54747350886e-16 	15.0	-0.872638888889	-122.930798283	143.113753673	
9.04	-6.00272504547e-05	-6.00080659356e-05	-0.0510434073965 	-0.0355970060305 	55.4113647589 	-0.0137992019432 	-0.0310096452968 	-0.0344964922896 	-0.0517339342857 	3.17290013244 	0.0140350857458 	-5.88488513107 	-0.0229359778528 	-2.29930341007 	15.0	-0.872638888889	-123.122305258	143.274455505	
9.05	-6.00272504547e-05	-5.95165893036e-05	-0.051254863374 	-0.00574160268798 	55.4115145936 	0.0450639121766 	-0.0310986971762 	0.016686116406 	-0.0211455977487 	2.98554033425 	0.0149834687725 	5.88631141199 	-0.0089051879418 	5.11826086957 	15.0	-0.872638888889	-123.313812233	143.435157336	
9.06	-6.42409256692e-05	-5.9713456955e-05	-0.0512698511985 	0.00365538345441 	55.4116705184 	-0.0137984081949 	-0.0309698428302 	0.00939043116459 	-0.00149878245187 	0.939698614239 	0.0155924846041 	-5.88623203715 	0.0128854346002 	-0.729568524144 	15.0	-0.872638888889	-123.505319208	143.595859167	
9.07	-6.42409256692e-05	-5.99346814965e-05	-0.0513873695078 	-0.0261960951377 	55.411823267 	0.045064690794 	-0.031131851562 	-0.0417921775311 	-0.0117518309245 	-2.98514785921 	0.0152748525653 	5.88630989889 	-0.0162008731832 	-5.11826086957 	15.0	-0.872638888889	-123.696826182	143.756560999	
9.08	-6.42409256692e-05	-6.01744859718e-05	-0.0518086540804 	-0.0572295539667 	55.411966551 	-0.0137836395376 	-0.0314279499305 	-0.0177453728556 	-0.0421284572637 	-3.1033458829 	0.0143284085934 	-5.88483303317 	-0.0296098368522 	2.40468046755 	15.0	-0.872638888889	-123.888333157	143.91726283	
9.09	-6.42409256692e-05	-6.04276642896e-05	-0.0518953440614 	0.0408732229245 	55.4121203956 	0.0450778113814 	-0.0316054036591 	-0.0177453728556 	-0.0086689980984 	9.81027768912 	0.0153844546338 	5.8861450919 	-0.0177453728556 	4.54747350886e-16 	15.0	-0.872638888889	-124.079840132	144.077964661	
9.1	-6.42409256692e-05	-6.06895627249e-05	-0.0516509621437 	0.0191288747614 	55.4122846718 	-0.0137843717367 	-0.0316688794117 	-0.00219895806731 	0.0244381917673 	-2.17443481631 	0.0164276242235 	-5.88621831181 	-0.00634757526491 	1.55464147883 	15.0	-0.872638888889	-124.271347107	144.238666493	
9.11	-6.42409256692e-05	-6.09560577047e-05	-0.0519549793756 	-0.0789707811945 	55.4124315719 	0.0450762857335 	-0.0316908689924 	-0.00219895806731 	-0.0304017231902 	-9.80996559559 	0.0146900067309 	5.88606574702 	-0.00219895806731 	-4.54747350886e-16 	15.0	-0.872638888889	-124.462854082	144.399368324	
9.12	-6.42409256692e-05	-6.12235306267e-05	-0.0525934178313 	-0.0585586189491 	55.4125678779 	-0.0137758636919 	-0.0318237203431 	-0.0166962882933 	-0.0638438455662 	2.04121622454 	0.0136305960722 	-5.88521494253 	-0.0132851350676 	-1.4497330226 	15.0	-0.872638888889	-124.654361057	144.560070155	
9.13	-6.42409256692e-05	-6.14888403985e-05	-0.0526934540037 	0.039543995071 	55.4127213412 	0.0450857233316 	-0.031990683226 	-0.0166962882933 	-0.0100036172451 	9.81026140201 	0.0153463375966 	5.88615870235 	-0.0166962882933 	4.54747350886e-16 	15.0	-0.872638888889	-124.845868031	144.720771987	
9.14	-6.42409256692e-05	-6.17492943104e-05	-0.0524627627892 	0.00885283917525 	55.4128853552 	-0.0137761216662 	-0.0320433476084 	0.00556805113294 	0.0230691214512 	-3.06911558958 	0.016401400153 	-5.88618449978 	-0.00526643823776 	2.22643394262 	15.0	-0.872638888889	-125.037375006	144.881473818	
9.15	-6.42409256692e-05	-6.2002617797e-05	-0.052869538048 	-0.0892480324037 	55.4130289446 	0.0450816396449 	-0.0319876670971 	0.00556805113294 	-0.0406775258787 	-9.8100871579 	0.0143589384833 	5.8857761311 	0.00556805113294 	-4.54747350886e-16 	15.0	-0.872638888889	-125.228881981	145.042175649	
9.16	-6.42409256692e-05	-6.22469235765e-05	-0.053612254603 	-0.0688495959626 	55.4131617752 	-0.0137749233066 	-0.0320417987013 	-0.00892742035732 	-0.0742716555036 	2.03984364411 	0.0132830528696 	-5.88565629515 	-0.00541316042041 	-1.44954714903 	15.0	-0.872638888889	-125.420388956	145.202877481	
9.17	-6.29396152829e-05	-6.22903639553e-05	-0.0538151734635 	0.0292518017759 	55.4133119168 	0.0450868442503 	-0.0321310729049 	-0.00892742035732 	-0.0202918860494 	9.81013977386 	0.0150141657113 	5.8861767557 	-0.00892742035732 	4.54747350886e-16 	15.0	-0.872638888889	-125.611895931	145.363579312	
9.18	-6.29396152829e-05	-6.23352439603e-05	-0.0536947955886 	-0.00374655594179 	55.4134724338 	-0.013773455299 	-0.0321001084057 	0.0150878667462 	0.0120377874974 	-3.29983577177 	0.0160517006201 	-5.88602995493 	0.00309644991476 	2.40152871035 	15.0	-0.872638888889	-125.803402906	145.524281143	
9.19	-6.29396152829e-05	-6.23808643421e-05	-0.0538864702444 	-0.0335989225561 	55.4136229262 	0.0450897794673 	-0.0322051427817 	-0.0360947419494 	-0.0191674655864 	-2.98523666143 	0.015049239445 	5.88632347663 	-0.0105034376016 	-5.11826086957 	15.0	-0.872638888889	-125.99490988	145.684982974	
9.2	-6.29396152829e-05	-6.24266119204e-05	-0.0542762734798 	-0.0432868371873 	55.4137670137 	-0.0137601722045 	-0.0325241584468 	-0.0281750849561 	-0.038980323541 	-0.968791463113 	0.0144087497515 	-5.88499516719 	-0.0319015665125 	0.791965699337 	15.0	-0.872638888889	-126.186416855	145.845684806	
9.21	-6.29396152829e-05	-6.24719548635e-05	-0.0542237970384 	0.0548175782202 	55.4139255483 	0.0450982037739 	-0.0328059092964 	-0.0281750849561 	0.00524764413831 	9.81044154075 	0.0158534636644 	5.88583759784 	-0.0281750849561 	4.54747350886e-16 	15.0	-0.872638888889	-126.37792383	146.006386637	
9.22	-6.29396152829e-05	-6.2516437689e-05	-0.053838132923 	0.0338493147305 	55.4140949595 	-0.0137690082047 	-0.0329754671414 	-0.0132193814432 	0.0385664115403 	-2.09682634897 	0.0169411153796 	-5.88672119786 	-0.0169557845033 	1.49557035128 	15.0	-0.872638888889	-126.569430805	146.167088468	
9.23	-6.29396152829e-05	-6.25596760809e-05	-0.0539952327357 	-0.0642486149933 	55.4142464507 	0.0450930011679 	-0.0331076609559 	-0.0132193814432 	-0.0157099812639 	-9.80979297238 	0.0151491159737 	5.88620093726 	-0.0132193814432 	-4.54747350886e-16 	15.0	-0.872638888889	-126.76093778	146.3277903	
9.24	-6.29396152829e-05	-6.2601351606e-05	-0.0544793701824 	-0.0320764636849 	55.4143871426 	-0.0137557258176 	-0.0333563424673 	-0.0365582617953 	-0.048413744668 	3.21721513083 	0.0140691899137 	-5.88487269854 	-0.0248681511392 	-2.33388803521 	15.0	-0.872638888889	-126.952444755	146.488492131	
9.25	-6.29396152829e-05	-6.26412064015e-05	-0.0546560079093 	-0.0022207332589 	55.4145380902 	0.0451074283536 	-0.0334660120417 	0.0146243469004 	-0.0176637726922 	2.9855730426 	0.0150947635947 	5.88631541712 	-0.0109669574475 	5.11826086957 	15.0	-0.872638888889	-127.14395173	146.649193962	
9.26	-6.29396152829e-05	-6.26790378996e-05	-0.0546371370072 	0.00690521675399 	55.414695561 	-0.0137545514718 	-0.0333576197854 	0.00743305029437 	0.00188709020518 	0.912595001289 	0.0157470819222 	-5.88619798254 	0.0108392256361 	-0.719129660598 	15.0	-0.872638888889	-127.335458704	146.809895794	
9.27	-6.29396152829e-05	-6.2714693641e-05	-0.0547225559703 	-0.0229459479246 	55.4148495497 	0.045108178481 	-0.0335392023259 	-0.0437495584013 	-0.00854189630203 	-2.98511646786 	0.0153988637009 	5.88627299528 	-0.0181582540535 	-5.11826086957 	15.0	-0.872638888889	-127.526965679	146.970597625	
9.28	-6.114366771e-05	-6.24854088932e-05	-0.0551145053695 	-0.0546164679125 	55.4149932492 	-0.0137403462901 	-0.0338529250255 	-0.0192565170271 	-0.0391949399216 	-3.16705199879 	0.0143699568169 	-5.88485247711 	-0.0313722699621 	2.44930413742 	15.0	-0.872638888889	-127.718472654	147.131299456	
9.29	-6.114366771e-05	-6.22719829981e-05	-0.0551754684939 	0.0434865537743 	55.4151482026 	0.045120722194 	-0.0340454901958 	-0.0192565170271 	-0.00609631243845 	9.81030216869 	0.0154953399518 	5.88610684841 	-0.0192565170271 	4.54747350886e-16 	15.0	-0.872638888889	-127.909979629	147.292001288	
9.3	-6.114366771e-05	-6.20746760519e-05	-0.0549048734783 	0.0226027632723 	55.4153144097 	-0.0137420514262 	-0.0341244940323 	-0.00435275128418 	0.0270595015556 	-2.08837905021 	0.0166207105697 	-5.88627736201 	-0.00790038365171 	1.49037657429 	15.0	-0.872638888889	-128.101486604	147.452703119	
9.31	-6.114366771e-05	-6.18935316995e-05	-0.0551745482922 	-0.0754965538609 	55.4154621674 	0.045119096436 	-0.0341680215452 	-0.00435275128418 	-0.0269674813934 	-9.80993171331 	0.0147757643857 	5.88611478622 	-0.00435275128418 	-4.54747350886e-16 	15.0	-0.872638888889	-128.292993579	147.61340495	
9.32	-6.114366771e-05	-6.17284058648e-05	-0.055777942821 	-0.0551618501458 	55.4155985303 	-0.0137322066932 	-0.0343229215066 	-0.018795648647 	-0.0603394528785 	2.03347037151 	0.0136362880746 	-5.88513031292 	-0.015489996146 	-1.44428973628 	15.0	-0.872638888889	-128.484500553	147.774106781	
9.33	-6.114366771e-05	-6.15789937136e-05	-0.0558444316918 	0.0429411007527 	55.4157533484 	0.0451289386499 	-0.0345108779931 	-0.018795648647 	-0.00664888708012 	9.81029508985 	0.0154818186099 	5.88611453431 	-0.018795648647 	4.54747350886e-16 	15.0	-0.872638888889	-128.676007528	147.934808613	
9.34	-6.114366771e-05	-6.14448547852e-05	-0.055579498494 	0.0220726797978 	55.4159195711 	-0.0137336646142 	-0.0345851763243 	-0.00390384403648 	0.0264933197858 	-2.08684209549 	0.0166222673046 	-5.88626032641 	-0.00742983312478 	1.48918046105 	15.0	-0.872638888889	-128.867514503	148.095510444	
9.35	-6.114366771e-05	-6.13254362576e-05	-0.0558545414987 	-0.0760267074337 	55.4160671058 	0.0451273852191 	-0.0346242147647 	-0.00390384403648 	-0.0275043004746 	-9.80993872315 	0.0147534666738 	5.88610498333 	-0.00390384403648 	-4.54747350886e-16 	15.0	-0.872638888889	-129.059021478	148.256212275	
9.36	-6.114366771e-05	-6.1220094335e-05	-0.0564634311372 	-0.0556967714596 	55.4162030879 	-0.0137241098065 	-0.0347745246079 	-0.0183423634019 	-0.0608889638526 	2.03299359741 	0.0135982111144 	-5.88514950256 	-0.0150309843177 	-1.44385193654 	15.0	-0.872638888889	-129.250528453	148.416914107	
9.37	-6.114366771e-05	-6.11281137725e-05	-0.0565353382416 	0.0424061097584 	55.4163577702 	0.0451371059546 	-0.0349579482419 	-0.0183423634019 	-0.0071907104389 	9.8102881218 	0.0154682359624 	5.8861215761 	-0.0183423634019 	4.54747350886e-16 	15.0	-0.872638888889	-129.442035428	148.577615938	
9.38	-6.10195165226e-05	-6.10305684565e-05	-0.056275984014 	0.0215140889775 	55.4165240008 	-0.013725337714 	-0.0350276192432 	-0.0034396180889 	0.0259354227642 	-2.08920207809 	0.016623053668 	-5.88624436685 	-0.0069671001278 	1.4902745313 	15.0	-0.872638888889	-129.633542402	148.738317769	
9.39	-6.10195165226e-05	-6.09460674239e-05	-0.0565566772373 	-0.0765853708354 	55.4166713021 	0.0451356088294 	-0.0350620154241 	-0.0034396180889 	-0.028069322334 	-9.8099459813 	0.0147301346488 	5.88609465434 	-0.0034396180889 	-4.54747350886e-16 	15.0	-0.872638888889	-129.825049377	148.899019601	
9.4	-6.10195165226e-05	-6.08738003331e-05	-0.0571713401788 	-0.0562354577635 	55.4168068993 	-0.0137160909202 	-0.0352075850527 	-0.0178922475541 	-0.0614662941508 	2.0349913072 	0.0135597130244 	-5.88516997496 	-0.0145569628656 	-1.44526294652 	15.0	-0.872638888889	-130.016556352	149.059721432	
9.41	-6.10195165226e-05	-6.08129286067e-05	-0.0572487001439 	0.0418673541847 	55.4169614403 	0.0451451940419 	-0.0353865075283 	-0.0178922475541 	-0.00773599650254 	9.81028119482 	0.0154541018658 	5.8861284962 	-0.0178922475541 	4.54747350886e-16 	15.0	-0.872638888889	-130.208063327	149.220423263	
9.42	-6.10195165226e-05	-6.07625986774e-05	-0.0569949273995 	0.0208296003822 	55.417127668 	-0.0137170926526 	-0.0354515642454 	-0.00287633197335 	0.0253772744358 	-2.10377538025 	0.0166227769581 	-5.88622866945 	-0.00650567171813 	1.50159155808 	15.0	-0.872638888889	-130.399570302	149.381125095	
9.43	-6.10195165226e-05	-6.07219536143e-05	-0.0572825260331 	-0.0772699476575 	55.4172746911 	0.045143718474 	-0.0354803275652 	-0.00287633197335 	-0.0287598633627 	-9.80995480397 	0.0147023062472 	5.88608111266 	-0.00287633197335 	-4.54747350886e-16 	15.0	-0.872638888889	-130.591077277	149.541826926	
9.44	-6.10195165226e-05	-6.06901432175e-05	-0.0579042386939 	-0.0568917931276 	55.4174098637 	-0.0137082325664 	-0.0356201505403 	-0.0173490653637 	-0.0621712660778 	2.03781545299 	0.0135172625032 	-5.88519510404 	-0.0139822975103 	-1.44727333904 	15.0	-0.872638888889	-130.782584252	149.702528757	
9.45	-6.10195165226e-05	-6.06663326739e-05	-0.0579882238353 	0.0412109348161 	55.4175642168 	0.0451531272391 	-0.0357936411939 	-0.0173490653637 	-0.00839851413742 	9.81027279437 	0.0154353016421 	5.88613598055 	-0.0173490653637 	4.54747350886e-16 	15.0	-0.872638888889	-130.974091226	149.863230589	
9.46	-6.10195165226e-05	-6.0649709872e-05	-0.057741243036 	0.0191198218706 	55.4177303867 	-0.013708976223 	-0.0358531186367 	-0.00154090826121 	0.0246980799291 	-2.20911129455 	0.0166169956194 	-5.88621034621 	-0.00594774427316 	1.58081571025 	15.0	-0.872638888889	-131.165598201	150.02393242	
9.47	-6.10195165226e-05	-6.06394914731e-05	-0.0580459891598 	-0.0789799358812 	55.4178767647 	0.0451514843895 	-0.0358685277193 	-0.00154090826121 	-0.0304746123798 	-9.80997577518 	0.0146378027656 	5.88604606126 	-0.00154090826121 	-4.54747350886e-16 	15.0	-0.872638888889	-131.357105176	150.184634251	
9.48	-6.10195165226e-05	-6.06349278399e-05	-0.0586851774388 	-0.0585545837616 	55.4180111478 	-0.0137010828155 	-0.0359947447778 	-0.0160484729275 	-0.0639188278976 	2.04253521196 	0.0134383055193 	-5.8852567205 	-0.0126217058545 	-1.45075646663 	15.0	-0.872638888889	-131.548612151	150.345336082	
9.49	-6.19289493046e-05	-6.07683114643e-05	-0.0587858387511 	0.0395479408223 	55.4181649403 	0.0451604424077 	-0.0361552295071 	-0.0160484729275 	-0.010066131232 	9.8102524584 	0.0153792532075 	5.88615252231 	-0.0160484729275 	4.54747350886e-16 	15.0	-0.872638888889	-131.740119126	150.506037914	
9.5	-6.19289493046e-05	-6.08967454751e-05	-0.0585560378766 	0.00785966509736 	55.4183306542 	-0.0137012485435 	-0.0362013112316 	0.00695786333265 	0.022980087448 	-3.1688275725 	0.01657138928 	-5.88616909512 	-0.0046081724562 	2.30063362602 	15.0	-0.872638888889	-131.931626101	150.666739745	
9.51	-6.19289493046e-05	-6.10194531875e-05	-0.0586323759093 	-0.0219914151723 	55.4184852772 	0.0451613416469 	-0.0363876456418 	-0.044224745363 	-0.00763380327005 	-2.98510802696 	0.015462298361 	5.88625901904 	-0.0186334410152 	-5.11826086957 	15.0	-0.872638888889	-132.123133075	150.827441576	
9.52	-6.19289493046e-05	-6.113582719e-05	-0.0590141238176 	-0.0534715756996 	55.4186287778 	-0.0136872948378 	-0.0367069918554 	-0.0198866335829 	-0.0381747908338 	-3.14801605274 	0.014350061766 	-5.88486364846 	-0.0319346213602 	2.43381117801 	15.0	-0.872638888889	-132.31464005	150.988143408	
9.53	-6.19289493046e-05	-6.1245413326e-05	-0.0590641078561 	0.0446315554052 	55.4187845079 	0.0451735843063 	-0.0369058581912 	-0.0198866335829 	-0.00499840384669 	9.81031311048 	0.0155730117253 	5.8860879144 	-0.0198866335829 	4.54747350886e-16 	15.0	-0.872638888889	-132.506147025	151.148845239	
9.54	-6.19289493046e-05	-6.13478951134e-05	-0.0587824257747 	0.023701199377 	55.418952444 	-0.0136894686361 	-0.036991325537 	-0.00495535750237 	0.0281682081453 	-2.09303560282 	0.0167936017965 	-5.88630529424 	-0.00854673457549 	1.49312760805 	15.0	-0.872638888889	-132.697654	151.30954707	
9.55	-6.19289493046e-05	-6.14430787191e-05	-0.059041566231 	-0.0743980206123 	55.4191003586 	0.0451717874392 	-0.037040879112 	-0.00495535750237 	-0.0259140456329 	-9.80992199894 	0.0147914636964 	5.88612560753 	-0.00495535750237 	-4.54747350886e-16 	15.0	-0.872638888889	-132.889160975	151.470248902	
9.56	-6.19289493046e-05	-6.15308785822e-05	-0.0596341221679 	-0.0537205982405 	55.4192359311 	-0.0136793307368 	-0.0372019911662 	-0.0196528670135 	-0.0592555936924 	2.06774223718 	0.0135572519533 	-5.8851118176 	-0.0161112054224 	-1.46975095111 	15.0	-0.872638888889	-133.08066795	151.630950733	
9.57	-6.19289493046e-05	-6.16113037594e-05	-0.0596866745076 	0.0443824976235 	55.4193916231 	0.0451815870137 	-0.0373985198364 	-0.0196528670135 	-0.00525523397294 	9.8103095864 	0.0155691948649 	5.88609177505 	-0.0196528670135 	4.54747350886e-16 	15.0	-0.872638888889	-133.272174925	151.791652564	
9.58	-6.19289493046e-05	-6.168444505e-05	-0.0594076214196 	0.0234620403847 	55.4195596828 	-0.0136813766524 	-0.0374816022812 	-0.0047284454989 	0.0279053088056 	-2.09204572388 	0.0168059707503 	-5.88629636661 	-0.00830824447938 	1.49244215146 	15.0	-0.872638888889	-133.463681899	151.952354396	
9.59	-6.19289493046e-05	-6.17504629393e-05	-0.0596692270978 	-0.0746372149399 	55.419707462 	0.0451798332125 	-0.0375288867362 	-0.0047284454989 	-0.0261605678233 	-9.80992553246 	0.0147779191107 	5.88612098649 	-0.0047284454989 	-4.54747350886e-16 	15.0	-0.872638888889	-133.655188874	152.113056227	
9.6	-6.04525740352e-05	-6.15936565019e-05	-0.0602643123889 	-0.0541546436596 	55.4198427332 	-0.0136713816149 	-0.0376876766061 	-0.0192796154356 	-0.0595085291042 	2.04825712803 	0.0135271236277 	-5.88512148275 	-0.0158789869904 	-1.45511699367 	15.0	-0.872638888889	-133.846695849	152.273758058	
9.61	-6.04525740352e-05	-6.14451817559e-05	-0.0603212803179 	0.0439483949402 	55.4199983149 	0.0451896023913 	-0.0378804727604 	-0.0192796154356 	-0.00569679290688 	9.81030385998 	0.0155581702253 	5.88609840063 	-0.0192796154356 	4.54747350886e-16 	15.0	-0.872638888889	-134.038202824	152.434459889	
9.62	-6.04525740352e-05	-6.13055842637e-05	-0.0600467333428 	0.0230489905872 	55.4201664218 	-0.0136732183545 	-0.037959746116 	-0.00436779557195 	0.0274546975112 	-2.0899404353 	0.0168106880687 	-5.88628207458 	-0.00792733555417 	1.49118198636 	15.0	-0.872638888889	-134.229709799	152.595161721	
9.63	-6.04525740352e-05	-6.11752360679e-05	-0.0603125399382 	-0.0750503211796 	55.4203140012 	0.0451879172719 	-0.0380034240717 	-0.00436779557195 	-0.0265806595438 	-9.80993117668 	0.0147579460967 	5.88611356265 	-0.00436779557195 	-4.54747350886e-16 	15.0	-0.872638888889	-134.421216774	152.755863552	
9.64	-6.04525740352e-05	-6.10543549306e-05	-0.0609119325893 	-0.0546897644093 	55.4204489094 	-0.0136634485618 	-0.0381585205417 	-0.0188266889774 	-0.0599392651028 	2.03605567703 	0.013490819997 	-5.88513658337 	-0.0155096470022 	-1.44588934055 	15.0	-0.872638888889	-134.612723748	152.916565383	
9.65	-6.04525740352e-05	-6.09430227118e-05	-0.0609743236329 	0.0434132043 	55.4206043387 	0.0451976130747 	-0.0383467874315 	-0.0188266889774 	-0.00623910436328 	9.81029687093 	0.0155429267176 	5.88610616365 	-0.0188266889774 	4.54747350886e-16 	15.0	-0.872638888889	-134.804230723	153.077267215	
9.66	-6.04525740352e-05	-6.0841202795e-05	-0.060705317041 	0.0225348399612 	55.4207724444 	-0.0136650379551 	-0.0384214308199 	-0.00392926302725 	0.0269006591932 	-2.08783643388 	0.016810573943 	-5.88626510297 	-0.00746433884314 	1.48974259502 	15.0	-0.872638888889	-134.995737698	153.237969046	
9.67	-6.04525740352e-05	-6.07487564933e-05	-0.060976332195 	-0.0755645405841 	55.4209197862 	0.0451960038519 	-0.0384607234502 	-0.00392926302725 	-0.0271015153978 	-9.80993805453 	0.0147341707602 	5.8861041807 	-0.00392926302725 	-4.54747350886e-16 	15.0	-0.872638888889	-135.187244673	153.398670877	
9.68	-6.04525740352e-05	-6.06654583898e-05	-0.0615810560537 	-0.0552303448512 	55.4210542982 	-0.0136555478797 	-0.0386113346505 	-0.018367308276 	-0.0604723858772 	2.03341957329 	0.0134512002209 	-5.88515517316 	-0.0150611200287 	-1.44380452488 	15.0	-0.872638888889	-135.378751648	153.559372709	
9.69	-6.04525740352e-05	-6.05910105812e-05	-0.0616489218173 	0.0428725528711 	55.4212095687 	0.0452055871439 	-0.0387950077332 	-0.018367308276 	-0.006786576356 	9.81028977223 	0.0155270541081 	5.88611350235 	-0.018367308276 	4.54747350886e-16 	15.0	-0.872638888889	-135.570258623	153.72007454	
9.7	-6.08358268005e-05	-6.05811065326e-05	-0.0613855140462 	0.0219980170742 	55.4213776606 	-0.0136568963923 	-0.0388649507573 	-0.00347128534665 	0.0263407771111 	-2.08745357969 	0.0168091951844 	-5.88624835362 	-0.0069943024123 	1.48960229294 	15.0	-0.872638888889	-135.761765597	153.880776371	
9.71	-6.08358268005e-05	-6.05754051335e-05	-0.061661961441 	-0.0761014353899 	55.4215247557 	0.0452040420689 	-0.0388996636108 	-0.00347128534665 	-0.0276447394856 	-9.80994524641 	0.0147095026161 	5.88609384613 	-0.00347128534665 	-4.54747350886e-16 	15.0	-0.872638888889	-135.953272572	154.041478203	
9.72	-6.08358268005e-05	-6.05734031671e-05	-0.0622722411228 	-0.0557536632375 	55.4216588685 	-0.0136477082191 	-0.0390455946327 	-0.0179183920329 	-0.0610279681813 	2.03477721524 	0.0134112819059 	-5.8851750288 	-0.0145931021918 	-1.44471066863 	15.0	-0.872638888889	-136.144779547	154.202180034	
9.73	-6.08358268005e-05	-6.0574623732e-05	-0.0623454060944 	0.0423491650654 	55.4218139829 	0.045213492287 	-0.0392247785531 	-0.0179183920329 	-0.00731649715537 	9.8102828303 	0.0155114392126 	5.88612005061 	-0.0179183920329 	4.54747350886e-16 	15.0	-0.872638888889	-136.336286522	154.362881865	
9.74	-6.08358268005e-05	-6.05786180552e-05	-0.0620874426404 	0.0214046574203 	55.4219820565 	-0.0136488335354 	-0.0392901310729 	-0.00297057912047 	0.0257963454038 	-2.09445076451 	0.0168073662686 	-5.88623258223 	-0.0065352519854 	1.49478129125 	15.0	-0.872638888889	-136.527793497	154.523583697	
9.75	-6.08358268005e-05	-6.05849667431e-05	-0.0623698842778 	-0.0766948737827 	55.4221288824 	0.0452119871021 	-0.0393198368641 	-0.00297057912047 	-0.0282441637463 	-9.8099531203 	0.0146825804737 	5.88608206375 	-0.00297057912047 	-4.54747350886e-16 	15.0	-0.872638888889	-136.719300472	154.684285528	
9.76	-6.08358268005e-05	-6.05932805338e-05	-0.0629863225077 	-0.0563290525601 	55.4222625779 	-0.0136399841818 	-0.0394606711752 	-0.0174382056753 	-0.0616438229865 	2.03658212226 	0.0133695563398 	-5.88519712839 	-0.0140834311043 	-1.44676265548 	15.0	-0.872638888889	-136.910807447	154.844987359	
9.77	-6.08358268005e-05	-6.06032006083e-05	-0.0630653038167 	0.0417737012946 	55.4224175113 	0.0452212844767 	-0.0396350532319 	-0.0174382056753 	-0.00789813090091 	9.81027538547 	0.0154933430512 	5.88612686585 	-0.0174382056753 	4.54747350886e-16 	15.0	-0.872638888889	-137.102314421	155.00568919	
9.78	-6.08358268005e-05	-6.06143985173e-05	-0.0628133386896 	0.020404865506 	55.4225855339 	-0.0136408769104 	-0.0396954908775 	-0.00217645464916 	0.0251965127095 	-2.13688357886 	0.0168022585823 	-5.88621613871 	-0.00604376455962 	1.52617510261 	15.0	-0.872638888889	-137.293821396	155.166391022	
9.79	-6.08358268005e-05	-6.06265757769e-05	-0.063105832295 	-0.077694790848 	55.4227319293 	0.0452197459499 	-0.039717255424 	-0.00217645464916 	-0.0292493605407 	-9.8099656354 	0.0146395365968 	5.88606228603 	-0.00217645464916 	-4.54747350886e-16 	15.0	-0.872638888889	-137.485328371	155.327092853	
9.8	-6.08358268005e-05	-6.06394631804e-05	-0.0637325185865 	-0.0572916659691 	55.422865052 	-0.0136325829336 	-0.0398499909642 	-0.016669638204 	-0.0626686291452 	2.0403124879 	0.0133122667407 	-5.88523288835 	-0.0132735540193 	-1.44931835549 	15.0	-0.872638888889	-137.676835346	155.487794684	
9.81	-5.23112031837e-05	-5.94060936712e-05	-0.0638211808452 	0.0408109677449 	55.4230196439 	0.0452287907951 	-0.0400166873462 	-0.016669638204 	-0.00886622587095 	9.81026337139 	0.0154591900878 	5.88613737287 	-0.016669638204 	4.54747350886e-16 	15.0	-0.872638888889	-137.868342321	155.648496516	
9.82	-5.23112031837e-05	-5.82594115278e-05	-0.0635791467858 	0.0140089754237 	55.4231874431 	-0.0136331172506 	-0.0400692159856 	0.00267240325572 	0.0242034059334 	-2.68019923212 	0.0167799206257 	-5.88619080457 	-0.00525286393388 	1.93420414597 	15.0	-0.872638888889	-138.059849296	155.809198347	
9.83	-5.23112031837e-05	-5.72006141298e-05	-0.063935601319 	-0.084091446726 	55.4233312527 	0.0452259462658 	-0.040042491953 	0.00267240325572 	-0.0356454533111 	-9.81004221497 	0.0143809595339 	5.88590635164 	0.00267240325572 	-4.54747350886e-16 	15.0	-0.872638888889	-138.25135627	155.969900178	
9.84	-5.23112031837e-05	-5.62297485075e-05	-0.0646272646086 	-0.0636435189372 	55.4234616295 	-0.0136288915874 	-0.0401259642539 	-0.0118487777112 	-0.0691663289663 	2.04479277888 	0.0130376847697 	-5.88548378532 	-0.00834723008607 	-1.45211809669 	15.0	-0.872638888889	-138.442863245	156.13060201	
9.85	-5.23112031837e-05	-5.53458661092e-05	-0.0647794333669 	0.0344583535182 	55.4236136781 	0.0452328374802 	-0.040244452031 	-0.0118487777112 	-0.0152168758334 	9.81018724554 	0.0152048566284 	5.88617290676 	-0.0118487777112 	4.54747350886e-16 	15.0	-0.872638888889	-138.63437022	156.291303841	
9.86	-5.23112031837e-05	-5.45471678768e-05	-0.0646036690375 	0.00226148169128 	55.4237789086 	-0.0136278304981 	-0.0402465170655 	0.0115527051445 	0.017576432944 	-3.21968718269 	0.0165230540643 	-5.88606679783 	-0.000206503456039 	2.34014828557 	15.0	-0.872638888889	-138.825877195	156.452005672	
9.87	-5.23112031837e-05	-5.3831139303e-05	-0.0647365935552 	-0.0275903109725 	55.4239317051 	0.0452352209066 	-0.0403869030576 	-0.0396299035512 	-0.013292451773 	-2.98517926638 	0.015279650259 	5.88630514047 	-0.0140385992033 	-5.11826086957 	15.0	-0.872638888889	-139.01738417	156.612707504	
9.88	-5.23112031837e-05	-5.31946753053e-05	-0.0650701781285 	-0.0379665598676 	55.4240763723 	-0.0136153260749 	-0.040739959254 	-0.031328135106 	-0.0333584573282 	-1.03762488951 	0.0144667148096 	-5.88505469815 	-0.0353056196395 	0.83017684452 	15.0	-0.872638888889	-139.208891145	156.773409335	
9.89	-5.23112031837e-05	-5.2634194886e-05	-0.0653068296086 	-0.0081116412917 	55.4242250131 	0.0452472690571 	-0.0407973275616 	0.0198544735897 	-0.0236651480068 	2.98549185759 	0.0148640790234 	5.88625951319 	-0.00573683075814 	5.11826086957 	15.0	-0.872638888889	-139.400398119	156.934111166	
9.9	-5.23112031837e-05	-5.21457456666e-05	-0.0652382457948 	0.0231410196157 	55.42438611 	-0.0136127797215 	-0.0407201309991 	-0.00416105266331 	0.00685838138314 	3.12526609074 	0.0161096919754 	-5.88600487786 	0.00771965624956 	-2.4015526253 	15.0	-0.872638888889	-139.591905094	157.094812997	
9.91	-5.23112031837e-05	-5.17250984888e-05	-0.0655035636407 	-0.0749583222131 	55.4245335968 	0.0452482983156 	-0.0407617415257 	-0.00416105266331 	-0.0265317845947 	-9.80993418289 	0.0147486866422 	5.88610780372 	-0.00416105266331 	-4.54747350886e-16 	15.0	-0.872638888889	-139.783412069	157.255514829	
9.92	-5.36128592298e-05	-5.15581995547e-05	-0.0661024611138 	-0.0546106943152 	55.4246674907 	-0.0136032038423 	-0.0409147697727 	-0.0186147585974 	-0.0598897473056 	2.03476278979 	0.0133893855748 	-5.88515021579 	-0.0153028247027 	-1.44537059341 	15.0	-0.872638888889	-139.974919044	157.41621666	
9.93	-5.36128592298e-05	-5.1436946898e-05	-0.0661645147026 	0.0434922521843 	55.4248233814 	0.0452578311331 	-0.0411009173587 	-0.0186147585974 	-0.00620535888686 	9.81029464995 	0.0155890659422 	5.88610349754 	-0.0186147585974 	4.54747350886e-16 	15.0	-0.872638888889	-140.166426019	157.576918491	
9.94	-5.36128592298e-05	-5.13565423636e-05	-0.0658952608585 	0.0226116000771 	55.4249928594 	-0.0136047666364 	-0.041173419262 	-0.00371808913905 	0.0269253844109 	-2.08806521072 	0.0169478029856 	-5.88625977695 	-0.0072501903294 	1.48966694584 	15.0	-0.872638888889	-140.357932994	157.737620323	
9.95	-5.36128592298e-05	-5.13123760062e-05	-0.0661659381338 	-0.0754878115196 	55.4251400889 	0.0452562163326 	-0.0412106001534 	-0.00371808913905 	-0.0270677275258 	-9.80994115967 	0.0147229471801 	5.8860982969 	-0.00371808913905 	-4.54747350886e-16 	15.0	-0.872638888889	-140.549439969	157.898322154	
9.96	-5.36128592298e-05	-5.13000525433e-05	-0.0667703175638 	-0.0551535332974 	55.4252735693 	-0.0135954728915 	-0.0413590970028 	-0.018160347158 	-0.0604379430068 	2.03342782222 	0.0133480464486 	-5.8851689224 	-0.0148496849382 	-1.4442258019 	15.0	-0.872638888889	-140.740946943	158.059023985	
9.97	-5.36128592298e-05	-5.13154118231e-05	-0.0668378668811 	0.0429493426779 	55.4254292845 	0.0452656354018 	-0.0415407004743 	-0.018160347158 	-0.00675493172137 	9.81028759753 	0.015571514218 	5.88611082933 	-0.018160347158 	4.54747350886e-16 	15.0	-0.872638888889	-140.932453918	158.219725817	
9.98	-5.36128592298e-05	-5.13545438834e-05	-0.0665742356638 	0.0220671017376 	55.4255987286 	-0.0135967974265 	-0.0416085497672 	-0.00325891796096 	0.0263631217304 	-2.08822409403 	0.0169444172319 	-5.88624328284 	-0.00678492928226 	1.4901429197 	15.0	-0.872638888889	-141.123960893	158.380427648	
9.99	-5.36128592298e-05	-5.14137991632e-05	-0.0668504201442 	-0.0760323822657 	55.4257456942 	0.0452640818907 	-0.0416411389468 	-0.00325891796096 	-0.027618448047 	-9.80994840033 	0.0146965577395 	5.88608793172 	-0.00325891796096 	-4.54747350886e-16 	15.0	-0.872638888889	-141.315467868	158.541129479	
