0.0166666666667	0.0	0.0	0.0 	0.0 	20.3666666667 	22.0 	0.0 	0.0 	0.0 	0.0 	22.0 	0.0 	0.0 	0.0 	0.0	-1.16483870968	100.0	-5.67741935484	
0.0333333333333	0.0	0.0	0.0 	0.0 	20.7333333333 	22.0 	0.0 	0.0 	0.0 	-0.0 	22.0 	0.0 	0.0 	0.0 	0.0	-1.16483870968	100.0	-5.67741935484	
0.05	0.0	0.0	0.0 	0.0 	21.1 	22.0 	0.0 	0.0 	0.0 	-0.0 	22.0 	0.0 	0.0 	0.0 	0.0	-1.16483870968	100.0	-5.67741935484	
0.0666666666667	0.0	0.0	0.0 	0.0 	21.4666666667 	22.0 	0.0 	0.0 	0.0 	-0.0 	22.0 	0.0 	0.0 	0.0 	0.0	-1.16483870968	100.0	-5.67741935484	
0.0833333333333	0.0	0.0	0.0 	0.0 	21.8333333333 	22.0 	0.0 	0.0 	0.0 	-0.0 	22.0 	0.0 	0.0 	0.0 	0.0	-1.16483870968	100.0	-5.67741935484	
0.1	0.0	0.0	0.0 	0.0 	22.2 	22.0 	0.0 	0.0 	0.0 	-0.0 	22.0 	0.0 	0.0 	0.0 	0.0	-1.16483870968	100.0	-5.67741935484	
0.116666666667	0.0	0.0	0.0 	0.0 	22.5666666667 	22.0 	0.0 	0.0 	0.0 	-0.0 	22.0 	0.0 	0.0 	0.0 	0.0	-1.16483870968	100.0	-5.67741935484	
0.133333333333	0.0	0.0	0.0 	0.0 	22.9333333333 	22.0 	0.0 	0.0 	0.0 	-0.0 	22.0 	0.0 	0.0 	0.0 	0.0	-1.16483870968	100.0	-5.67741935484	
0.15	0.0	0.0	0.0 	0.0 	23.3 	22.0 	0.0 	0.0 	0.0 	-0.0 	22.0 	0.0 	0.0 	0.0 	0.0	-1.16483870968	100.0	-5.67741935484	
0.166666666667	0.0	0.0	0.0 	0.0 	23.6666666667 	22.0 	0.0 	0.0 	0.0 	-0.0 	22.0 	0.0 	0.0 	0.0 	0.0	-1.16483870968	100.0	-5.67741935484	
0.183333333333	0.0	0.0	0.0 	0.0 	24.0333333333 	22.0 	0.0 	0.0 	0.0 	-0.0 	22.0 	0.0 	0.0 	0.0 	0.0	-1.16483870968	100.0	-5.67741935484	
0.2	0.0	0.0	0.0 	0.0 	24.4 	22.0 	0.0 	0.0 	0.0 	-0.0 	22.0 	0.0 	0.0 	0.0 	0.0	-1.16483870968	100.0	-5.67741935484	
0.216666666667	0.0	0.0	0.0 	0.0 	24.7666666667 	22.0 	0.0 	0.0 	0.0 	-0.0 	22.0 	0.0 	0.0 	0.0 	0.0	-1.16483870968	100.0	-5.67741935484	
0.233333333333	0.0	0.0	0.0 	0.0 	25.1333333333 	22.0 	0.0 	0.0 	0.0 	-0.0 	22.0 	0.0 	0.0 	0.0 	0.0	-1.16483870968	100.0	-5.67741935484	
0.25	0.0	0.0	0.0 	0.0 	25.5 	22.0 	0.0 	0.0 	0.0 	-0.0 	22.0 	0.0 	0.0 	0.0 	0.0	-1.16483870968	100.0	-5.67741935484	
0.266666666667	0.0	0.0	0.0 	0.0 	25.8666666667 	22.0 	0.0 	0.0 	0.0 	-0.0 	22.0 	0.0 	0.0 	0.0 	0.0	-1.16483870968	100.0	-5.67741935484	
0.283333333333	0.0	0.0	0.0 	0.0 	26.2333333333 	22.0 	0.0 	0.0 	0.0 	-0.0 	22.0 	0.0 	0.0 	0.0 	0.0	-1.16483870968	100.0	-5.67741935484	
0.3	0.0	0.0	0.0 	0.0 	26.6 	22.0 	0.0 	0.0 	0.0 	-0.0 	22.0 	0.0 	0.0 	0.0 	0.0	-1.16483870968	100.0	-5.67741935484	
0.316666666667	0.0	0.0	0.0 	0.0 	26.9666666667 	22.0 	0.0 	0.0 	0.0 	-0.0 	22.0 	0.0 	0.0 	0.0 	0.0	-1.16483870968	100.0	-5.67741935484	
0.333333333333	0.0	0.0	0.0 	0.0 	27.3333333333 	22.0 	0.0 	0.0 	0.0 	-0.0 	22.0 	0.0 	0.0 	0.0 	0.0	-1.16483870968	100.0	-5.67741935484	
0.35	0.0	0.0	0.0 	0.0 	27.7 	22.0 	0.0 	0.0 	0.0 	-0.0 	22.0 	0.0 	0.0 	0.0 	0.0	-1.16483870968	100.0	-5.67741935484	
0.366666666667	0.0	0.0	0.0 	0.0 	28.0666666667 	22.0 	0.0 	0.0 	0.0 	-0.0 	22.0 	0.0 	0.0 	0.0 	0.0	-1.16483870968	100.0	-5.67741935484	
0.383333333333	0.0	0.0	0.0 	0.0 	28.4333333333 	22.0 	0.0 	0.0 	0.0 	-0.0 	22.0 	0.0 	0.0 	0.0 	0.0	-1.16483870968	100.0	-5.67741935484	
0.4	0.0	0.0	0.0 	0.0 	28.8 	22.0 	0.0 	0.0 	0.0 	-0.0 	22.0 	0.0 	0.0 	0.0 	0.0	-1.16483870968	100.0	-5.67741935484	
0.416666666667	0.0	0.0	0.0 	0.0 	29.1666666667 	22.0 	0.0 	0.0 	0.0 	-0.0 	22.0 	0.0 	0.0 	0.0 	0.0	-1.16483870968	100.0	-5.67741935484	
0.433333333333	0.0	0.0	0.0 	0.0 	29.5333333333 	22.0 	0.0 	0.0 	0.0 	-0.0 	22.0 	0.0 	0.0 	0.0 	0.0	-1.16483870968	100.0	-5.67741935484	
0.45	0.0	0.0	0.0 	0.0 	29.9 	22.0 	0.0 	0.0 	0.0 	-0.0 	22.0 	0.0 	0.0 	0.0 	0.0	-1.16483870968	100.0	-5.67741935484	
0.466666666667	0.0	0.0	0.0 	0.0 	30.2666666667 	22.0 	0.0 	0.0 	0.0 	-0.0 	22.0 	0.0 	0.0 	0.0 	0.0	-1.16483870968	100.0	-5.67741935484	
0.483333333333	0.0	0.0	0.0 	0.0 	30.6333333333 	22.0 	0.0 	0.0 	0.0 	-0.0 	22.0 	0.0 	0.0 	0.0 	0.0	-1.16483870968	100.0	-5.67741935484	
0.5	0.0	0.0	0.0 	0.0 	31.0 	22.0 	0.0 	0.0 	0.0 	-0.0 	22.0 	0.0 	0.0 	0.0 	0.0	-1.16483870968	100.0	-5.67741935484	
0.516666666667	0.0	0.0	0.0 	0.0 	31.3666666667 	22.0 	0.0 	0.0 	0.0 	-0.0 	22.0 	0.0 	0.0 	0.0 	0.0	-1.16483870968	100.0	-5.67741935484	
0.533333333333	0.0	0.0	0.0 	0.0 	31.7333333333 	22.0 	0.0 	0.0 	0.0 	-0.0 	22.0 	0.0 	0.0 	0.0 	0.0	-1.16483870968	100.0	-5.67741935484	
0.55	0.0	0.0	0.0 	0.0 	32.1 	22.0 	0.0 	0.0 	0.0 	-0.0 	22.0 	0.0 	0.0 	0.0 	0.0	-1.16483870968	100.0	-5.67741935484	
0.566666666667	0.0	0.0	0.0 	0.0 	32.4666666667 	22.0 	0.0 	0.0 	0.0 	-0.0 	22.0 	0.0 	0.0 	0.0 	0.0	-1.16483870968	100.0	-5.67741935484	
0.583333333333	0.0	0.0	0.0 	0.0 	32.8333333333 	22.0 	0.0 	0.0 	0.0 	-0.0 	22.0 	0.0 	0.0 	0.0 	0.0	-1.16483870968	100.0	-5.67741935484	
0.6	0.0	0.0	0.0 	0.0 	33.2 	22.0 	0.0 	0.0 	0.0 	-0.0 	22.0 	0.0 	0.0 	0.0 	0.0	-1.16483870968	100.0	-5.67741935484	
0.616666666667	0.0	0.0	0.0 	0.0 	33.5666666667 	22.0 	0.0 	0.0 	0.0 	-0.0 	22.0 	0.0 	0.0 	0.0 	0.0	-1.16483870968	100.0	-5.67741935484	
0.633333333333	0.0	0.0	0.0 	0.0 	33.9333333333 	22.0 	0.0 	0.0 	0.0 	-0.0 	22.0 	0.0 	0.0 	0.0 	0.0	-1.16483870968	100.0	-5.67741935484	
0.65	0.0	0.0	0.0 	0.0 	34.3 	22.0 	0.0 	0.0 	0.0 	-0.0 	22.0 	0.0 	0.0 	0.0 	0.0	-1.16483870968	100.0	-5.67741935484	
0.666666666667	0.0	0.0	0.0 	0.0 	34.6666666667 	22.0 	0.0 	0.0 	0.0 	-0.0 	22.0 	0.0 	0.0 	0.0 	0.0	-1.16483870968	100.0	-5.67741935484	
0.683333333333	0.0	0.0	0.0 	0.0 	35.0333333333 	22.0 	0.0 	0.0 	0.0 	-0.0 	22.0 	0.0 	0.0 	0.0 	0.0	-1.16483870968	100.0	-5.67741935484	
0.7	0.0	0.0	0.0 	0.0 	35.4 	22.0 	0.0 	0.0 	0.0 	-0.0 	22.0 	0.0 	0.0 	0.0 	0.0	-1.16483870968	100.0	-5.67741935484	
0.716666666667	0.0	0.0	0.0 	0.0 	35.7666666667 	22.0 	0.0 	0.0 	0.0 	-0.0 	22.0 	0.0 	0.0 	0.0 	0.0	-1.16483870968	100.0	-5.67741935484	
0.733333333333	0.0	0.0	0.0 	0.0 	36.1333333333 	22.0 	0.0 	0.0 	0.0 	-0.0 	22.0 	0.0 	0.0 	0.0 	0.0	-1.16483870968	100.0	-5.67741935484	
0.75	0.0	0.0	0.0 	0.0 	36.5 	22.0 	0.0 	0.0 	0.0 	-0.0 	22.0 	0.0 	0.0 	0.0 	0.0	-1.16483870968	100.0	-5.67741935484	
0.766666666667	0.0	0.0	0.0 	0.0 	36.8666666667 	22.0 	0.0 	0.0 	0.0 	-0.0 	22.0 	0.0 	0.0 	0.0 	0.0	-1.16483870968	100.0	-5.67741935484	
0.783333333333	0.0	0.0	0.0 	0.0 	37.2333333333 	22.0 	0.0 	0.0 	0.0 	-0.0 	22.0 	0.0 	0.0 	0.0 	0.0	-1.16483870968	100.0	-5.67741935484	
0.8	0.0	0.0	0.0 	0.0 	37.6 	22.0 	0.0 	0.0 	0.0 	-0.0 	22.0 	0.0 	0.0 	0.0 	0.0	-1.16483870968	100.0	-5.67741935484	
0.816666666667	0.0	0.0	0.0 	0.0 	37.9666666667 	22.0 	0.0 	0.0 	0.0 	-0.0 	22.0 	0.0 	0.0 	0.0 	0.0	-1.16483870968	100.0	-5.67741935484	
0.833333333333	0.0	0.0	0.0 	0.0 	38.3333333333 	22.0 	0.0 	0.0 	0.0 	-0.0 	22.0 	0.0 	0.0 	0.0 	0.0	-1.16483870968	100.0	-5.67741935484	
0.85	0.0	0.0	0.0 	0.0 	38.7 	22.0 	0.0 	0.0 	0.0 	-0.0 	22.0 	0.0 	0.0 	0.0 	0.0	-1.16483870968	100.0	-5.67741935484	
0.866666666667	0.0	0.0	0.0 	0.0 	39.0666666667 	22.0 	0.0 	0.0 	0.0 	-0.0 	22.0 	0.0 	0.0 	0.0 	0.0	-1.16483870968	100.0	-5.67741935484	
0.883333333333	0.0	0.0	0.0 	0.0 	39.4333333333 	22.0 	0.0 	0.0 	0.0 	-0.0 	22.0 	0.0 	0.0 	0.0 	0.0	-1.16483870968	100.0	-5.67741935484	
0.9	0.0	0.0	0.0 	0.0 	39.8 	22.0 	0.0 	0.0 	0.0 	-0.0 	22.0 	0.0 	0.0 	0.0 	0.0	-1.16483870968	100.0	-5.67741935484	
0.916666666667	0.0	0.0	0.0 	0.0 	40.1666666667 	22.0 	0.0 	0.0 	0.0 	-0.0 	22.0 	0.0 	0.0 	0.0 	0.188484848485	-1.16483870968	99.9971139054	-5.67617881439	
0.933333333333	0.0	0.0	0.0 	0.0 	40.5333333333 	22.0 	0.0 	0.0 	0.0 	-0.0 	22.0 	0.0 	0.0 	0.0 	0.373428466483	-1.16483870968	99.9913959397	-5.67372104062	
0.95	0.0	0.0	0.0 	0.0 	40.9 	22.0 	0.0 	0.0 	0.0 	-0.0 	22.0 	0.0 	0.0 	0.0 	0.554897386204	-1.16483870968	99.9828993079	-5.67006890275	
0.966666666667	0.0	0.0	0.0 	0.0 	41.2666666667 	22.0 	0.0 	0.0 	0.0 	-0.0 	22.0 	0.0 	0.0 	0.0 	0.732956889857	-1.16483870968	99.9716762151	-5.66524484037	
0.983333333333	0.0	0.0	0.0 	0.0 	41.6333333333 	22.0 	0.0 	0.0 	0.0 	-0.0 	22.0 	0.0 	0.0 	0.0 	0.907671033138	-1.16483870968	99.9577778858	-5.65927087143	
1.0	0.0	0.0	0.0 	0.0 	42.0 	22.0 	0.0 	0.0 	0.0 	-0.0 	22.0 	0.0 	0.0 	0.0 	1.07910266827	-1.16483870968	99.941254582	-5.65216860025	
1.01666666667	-4.08065142448e-06	-1.04566692752e-06	0.0 	0.0 	42.3658491667 	21.9019000042 	0.0 	0.0 	0.0 	-0.0 	21.9509500021 	-5.88599974893 	0.0 	0.0 	1.24731346663	-1.16483870968	99.9221556214	-5.64395922523	
1.03333333333	-4.08065142448e-06	-1.95090206188e-06	0.0 	0.0 	42.7300633335 	21.8038000084 	0.0 	0.0 	0.0 	-0.0 	21.8528500063 	-5.88599974893 	0.0 	0.0 	1.41236394089	-1.16483870968	99.9005293951	-5.63466354651	
1.05	-4.08065142448e-06	-2.71901395859e-06	0.0 	0.0 	43.0926425003 	21.7057000126 	0.0 	0.0 	0.0 	-0.0 	21.7547500105 	-5.88599974893 	0.0 	0.0 	1.57431346685	-1.16483870968	99.8764233851	-5.62430197342	
1.06666666667	-4.08065142448e-06	-3.35685184935e-06	0.0 	0.0 	43.4535866672 	21.6076000167 	0.0 	0.0 	0.0 	-0.0 	21.6566500146 	-5.88599974893 	0.0 	0.0 	1.73322030474	-1.16483870968	99.8498841813	-5.61289453187	
1.08333333333	-4.08065142448e-06	-3.87379495141e-06	0.0 	0.0 	43.8128958342 	21.5095000209 	0.0 	0.0 	0.0 	-0.0 	21.5585500188 	-5.88599974893 	0.0 	0.0 	1.88914162023	-1.16483870968	99.8209574982	-5.60046087149	
1.1	-4.08065142448e-06	-4.28089012029e-06	0.0 	0.0 	44.1705700013 	21.4114000251 	0.0 	0.0 	0.0 	-0.0 	21.460450023 	-5.88599974893 	0.0 	0.0 	2.04213350494	-1.16483870968	99.7896881914	-5.58702027278	
1.11666666667	-1.79500286865e-06	-4.0044339745e-06	0.0 	0.0 	44.5266091683 	21.3133000258 	0.0 	0.0 	0.0 	-0.0 	21.3623500255 	-5.88599995641 	0.0 	0.0 	2.19225099667	-1.16483870968	99.756120274	-5.57259165395	
1.13333333333	-1.79500286865e-06	-3.72113573945e-06	0.0 	0.0 	44.8810133354 	21.2152000266 	0.0 	0.0 	0.0 	-0.0 	21.2642500262 	-5.88599995641 	0.0 	0.0 	2.33954809915	-1.16483870968	99.720296932	-5.55719357782	
1.15	-1.79500286865e-06	-3.44138795508e-06	0.0 	0.0 	45.2337825026 	21.1171000273 	0.0 	0.0 	0.0 	-0.0 	21.1661500269 	-5.88599995641 	0.0 	0.0 	2.48407780153	-1.16483870968	99.6822605399	-5.54084425843	
1.16666666667	-1.79500286865e-06	-3.17313388824e-06	0.0 	0.0 	45.5849166697 	21.019000028 	0.0 	0.0 	0.0 	-0.0 	21.0680500276 	-5.88599995641 	0.0 	0.0 	2.62589209738	-1.16483870968	99.6420526763	-5.52356156762	
1.18333333333	-1.79500286865e-06	-2.92217039207e-06	0.0 	0.0 	45.9344158368 	20.9209000287 	0.0 	0.0 	0.0 	-0.0 	20.9699500284 	-5.88599995641 	0.0 	0.0 	2.76504200343	-1.16483870968	99.5997141385	-5.50536304146	
1.2	-1.79500286865e-06	-2.69244969744e-06	0.0 	0.0 	46.282280004 	20.8228000295 	0.0 	0.0 	0.0 	-0.0 	20.8718500291 	-5.88599995641 	0.0 	0.0 	2.90157757791	-1.16483870968	99.5552849575	-5.48626588656	
1.21666666667	-1.79500286865e-06	-2.4863709457e-06	0.0 	0.0 	46.6285091711 	20.7247000302 	0.0 	0.0 	0.0 	-0.0 	20.7737500298 	-5.88599995641 	0.0 	0.0 	3.03554793857	-1.16483870968	99.5088044118	-5.46628698625	
1.23333333333	2.00614756798e-08	-1.83994442246e-06	0.0 	0.0 	46.9731033383 	20.6266000302 	0.0 	0.0 	0.0 	-0.0 	20.6756500302 	-5.886 	0.0 	0.0 	3.16700128033	-1.16483870968	99.4603110424	-5.44544290664	
1.25	2.00614756798e-08	-1.28083868263e-06	0.0 	0.0 	47.3160625055 	20.5285000302 	0.0 	0.0 	0.0 	-0.0 	20.5775500302 	-5.886 	0.0 	0.0 	3.29598489264	-1.16483870968	99.4098426659	-5.42374990263	
1.26666666667	2.00614756798e-08	-8.06878604313e-07	0.0 	0.0 	47.6573866727 	20.4304000302 	0.0 	0.0 	0.0 	-0.0 	20.4794500302 	-5.886 	0.0 	0.0 	3.42254517648	-1.16483870968	99.3574363886	-5.4012239237	
1.28333333333	2.00614756798e-08	-4.13717666119e-07	0.0 	0.0 	47.9970758398 	20.3323000302 	0.0 	0.0 	0.0 	-0.0 	20.3813500302 	-5.886 	0.0 	0.0 	3.54672766104	-1.16483870968	99.3031286194	-5.37788061968	
1.3	2.00614756798e-08	-9.54623408384e-08	0.0 	0.0 	48.335130007 	20.2342000302 	0.0 	0.0 	0.0 	-0.0 	20.2832500302 	-5.886 	0.0 	0.0 	3.66857702013	-1.16483870968	99.2469550833	-5.35373534638	
1.31666666667	2.00614756798e-08	1.54795655521e-07	0.0 	0.0 	48.6715491742 	20.1361000302 	0.0 	0.0 	0.0 	0.0 	20.1851500302 	-5.886 	0.0 	0.0 	3.78813708824	-1.16483870968	99.1889508342	-5.3288031711	
1.33333333333	2.00614756798e-08	3.44535159579e-07	0.0 	0.0 	49.0063333413 	20.0380000302 	0.0 	0.0 	0.0 	0.0 	20.0870500302 	-5.886 	0.0 	0.0 	3.90545087628	-1.16483870968	99.1291502673	-5.30309887806	
1.35	2.72762575317e-07	5.46198129384e-07	0.0 	0.0 	49.3394825085 	19.9399000302 	0.0 	0.0 	0.0 	0.0 	19.9889500302 	-5.88599999923 	0.0 	0.0 	4.02056058709	-1.16483870968	99.0675871315	-5.27663697371	
1.36666666667	2.72762575317e-07	6.93942069918e-07	0.0 	0.0 	49.6709966757 	19.8418000302 	0.0 	0.0 	0.0 	0.0 	19.8908500302 	-5.88599999923 	0.0 	0.0 	4.1335076306	-1.16483870968	99.0042945419	-5.24943169197	
1.38333333333	2.72762575317e-07	7.95281764626e-07	0.0 	0.0 	50.0008758428 	19.7437000302 	0.0 	0.0 	0.0 	0.0 	19.7927500302 	-5.88599999923 	0.0 	0.0 	4.24433263876	-1.16483870968	98.9393049911	-5.22149699932	
1.4	2.72762575317e-07	8.57491303359e-07	0.0 	0.0 	50.32912001 	19.6456000302 	0.0 	0.0 	0.0 	0.0 	19.6946500302 	-5.88599999923 	0.0 	0.0 	4.35307548009	-1.16483870968	98.8726503615	-5.19284659984	
1.41666666667	2.72762575317e-07	8.87430923125e-07	0.0 	0.0 	50.6557291772 	19.5475000303 	0.0 	0.0 	0.0 	0.0 	19.5965500303 	-5.88599999923 	0.0 	0.0 	4.4597752741	-1.16483870968	98.8043619364	-5.16349394014	
1.43333333333	2.72762575317e-07	8.91425742575e-07	0.0 	0.0 	50.9807033444 	19.4494000303 	0.0 	0.0 	0.0 	0.0 	19.4984500303 	-5.88599999923 	0.0 	0.0 	4.56447040531	-1.16483870968	98.7344704113	-5.13345221421	
1.45	2.72762575317e-07	8.75188503672e-07	0.0 	0.0 	51.3040425115 	19.3513000303 	0.0 	0.0 	0.0 	0.0 	19.4003500303 	-5.88599999923 	0.0 	0.0 	4.66719853709	-1.16483870968	98.6630059051	-5.10273436813	
1.46666666667	7.89627115581e-08	7.94117618173e-07	0.0 	0.0 	51.6257466787 	19.2532000303 	0.0 	0.0 	0.0 	0.0 	19.3022500303 	-5.88599999994 	0.0 	0.0 	4.76799662518	-1.16483870968	98.5899979707	-5.07135310478	
1.48333333333	7.89627115581e-08	7.0893909108e-07	0.0 	0.0 	51.9458158459 	19.1551000303 	0.0 	0.0 	0.0 	0.0 	19.2041500303 	-5.88599999994 	0.0 	0.0 	4.86690093101	-1.16483870968	98.5154756059	-5.03932088835	
1.5	7.89627115581e-08	6.23238970722e-07	0.0 	0.0 	52.264250013 	19.0570000303 	0.0 	0.0 	0.0 	0.0 	19.1060500303 	-5.88599999994 	0.0 	0.0 	4.96394703473	-1.16483870968	98.4394672636	-5.00664994887	
1.51666666667	7.89627115581e-08	5.39812744346e-07	0.0 	0.0 	52.5810491802 	18.9589000303 	0.0 	0.0 	0.0 	0.0 	19.0079500303 	-5.88599999994 	0.0 	0.0 	5.05916984802	-1.16483870968	98.3620008623	-4.97335228659	
1.53333333333	7.89627115581e-08	4.6075585538e-07	0.0 	0.0 	52.8962133474 	18.8608000303 	0.0 	0.0 	0.0 	0.0 	18.9098500303 	-5.88599999994 	0.0 	0.0 	5.15260362663	-1.16483870968	98.2831037956	-4.93943967631	
1.55	7.89627115581e-08	3.87555730687e-07	0.0 	0.0 	53.2097425146 	18.7627000303 	0.0 	0.0 	0.0 	0.0 	18.8117500303 	-5.88599999994 	0.0 	0.0 	5.24428198274	-1.16483870968	98.2028029429	-4.9049236716	
1.56666666667	-3.2186363106e-07	2.18470351906e-07	0.0 	0.0 	53.5216366817 	18.6646000303 	0.0 	0.0 	0.0 	0.0 	18.7136500303 	-5.88599999917 	0.0 	0.0 	5.334237897	-1.16483870968	98.1211246782	-4.86981560895	
1.58333333333	-3.2186363106e-07	7.05437463836e-08	0.0 	0.0 	53.8318958489 	18.5665000303 	0.0 	0.0 	0.0 	0.0 	18.6155500303 	-5.88599999917 	0.0 	0.0 	5.42250373045	-1.16483870968	98.0380948803	-4.83412661187	
1.6	-3.2186363106e-07	-5.63621034416e-08	0.0 	0.0 	54.1405200161 	18.4684000303 	0.0 	0.0 	0.0 	-0.0 	18.5174500303 	-5.88599999917 	0.0 	0.0 	5.50911123612	-1.16483870968	97.9537389414	-4.7978675949	
1.61666666667	-3.2186363106e-07	-1.63011059794e-07	0.0 	0.0 	54.4475091832 	18.3703000303 	0.0 	0.0 	0.0 	-0.0 	18.4193500303 	-5.88599999917 	0.0 	0.0 	5.59409157048	-1.16483870968	97.8680817771	-4.7610492675	
1.63333333333	-3.2186363106e-07	-2.5062814382e-07	0.0 	0.0 	54.7528633504 	18.2722000304 	0.0 	0.0 	0.0 	-0.0 	18.3212500304 	-5.88599999917 	0.0 	0.0 	5.67747530461	-1.16483870968	97.7811478346	-4.72368213792	
1.65	-3.2186363106e-07	-3.20757492915e-07	0.0 	0.0 	55.0565825176 	18.1741000304 	0.0 	0.0 	0.0 	-0.0 	18.2231500304 	-5.88599999917 	0.0 	0.0 	5.75929243525	-1.16483870968	97.6929611019	-4.685776517	
1.66666666667	4.15736910455e-06	7.72661083219e-07	0.0 	0.0 	55.3586666848 	18.0760000324 	0.0 	0.0 	0.0 	0.0 	18.1250500314 	-5.88599987864 	0.0 	0.0 	5.83957239555	-1.16483870968	97.6035451162	-4.64734252183	
1.68333333333	4.15736910455e-06	1.72583260539e-06	0.0 	0.0 	55.659115852 	17.9779000344 	0.0 	0.0 	0.0 	0.0 	18.0269500334 	-5.88599987864 	0.0 	0.0 	5.9183440657	-1.16483870968	97.5129229725	-4.60839007947	
1.7	4.15736910455e-06	2.54052605067e-06	0.0 	0.0 	55.9579300193 	17.8798000364 	0.0 	0.0 	0.0 	0.0 	17.9288500354 	-5.88599987864 	0.0 	0.0 	5.99563578325	-1.16483870968	97.421117332	-4.56892893042	
1.71666666667	4.15736910455e-06	3.2224398162e-06	0.0 	0.0 	56.2551091866 	17.7817000385 	0.0 	0.0 	0.0 	0.0 	17.8307500375 	-5.88599987864 	0.0 	0.0 	6.07147535338	-1.16483870968	97.3281504302	-4.52896863221	
1.73333333333	4.15736910455e-06	3.78013952474e-06	0.0 	0.0 	56.5506533539 	17.6836000405 	0.0 	0.0 	0.0 	0.0 	17.7326500395 	-5.88599987864 	0.0 	0.0 	6.14589005887	-1.16483870968	97.2340440846	-4.48851856279	
1.75	4.15736910455e-06	4.22414522323e-06	0.0 	0.0 	56.8445625212 	17.5855000425 	0.0 	0.0 	0.0 	0.0 	17.6345500415 	-5.88599987864 	0.0 	0.0 	6.21890666988	-1.16483870968	97.1388197031	-4.44758792392	
1.76666666667	4.15736910455e-06	4.56616288586e-06	0.0 	0.0 	57.1368366886 	17.4874000445 	0.0 	0.0 	0.0 	0.0 	17.5364500435 	-5.88599987864 	0.0 	0.0 	6.29055145366	-1.16483870968	97.042498291	-4.40618574449	
1.78333333333	-8.70901374109e-07	3.52995745857e-06	0.0 	0.0 	57.427475856 	17.3893000446 	0.0 	0.0 	0.0 	0.0 	17.4383500446 	-5.88599999543 	0.0 	0.0 	6.36085018392	-1.16483870968	96.9451004593	-4.36432088374	
1.8	-8.70901374109e-07	2.58937141389e-06	0.0 	0.0 	57.7164800234 	17.2912000447 	0.0 	0.0 	0.0 	0.0 	17.3402500446 	-5.88599999543 	0.0 	0.0 	6.42982815017	-1.16483870968	96.8466464316	-4.32200203447	
1.81666666667	-8.70901374109e-07	1.75228370465e-06	0.0 	0.0 	58.0038491909 	17.1931000448 	0.0 	0.0 	0.0 	0.0 	17.2421500447 	-5.88599999543 	0.0 	0.0 	6.49751016674	-1.16483870968	96.7471560517	-4.27923772616	
1.83333333333	-8.70901374109e-07	1.02156619627e-06	0.0 	0.0 	58.2895833583 	17.0950000448 	0.0 	0.0 	0.0 	0.0 	17.1440500448 	-5.88599999543 	0.0 	0.0 	6.56392058179	-1.16483870968	96.6466487903	-4.23603632804	
1.85	-8.70901374109e-07	3.96120515706e-07	0.0 	0.0 	58.5736825257 	16.9969000449 	0.0 	0.0 	0.0 	0.0 	17.0459500449 	-5.88599999543 	0.0 	0.0 	6.62908328601	-1.16483870968	96.5451437525	-4.19240605211	
1.86666666667	-8.70901374109e-07	-1.2819432079e-07	0.0 	0.0 	58.8561466931 	16.898800045 	0.0 	0.0 	0.0 	-0.0 	16.9478500449 	-5.88599999543 	0.0 	0.0 	6.69302172124	-1.16483870968	96.4426596845	-4.14835495607	
1.88333333333	1.43009007537e-06	3.1881144438e-08	0.0 	0.0 	59.1369758605 	16.8007000452 	0.0 	0.0 	0.0 	0.0 	16.8497500451 	-5.88599998927 	0.0 	0.0 	6.7557588889	-1.16483870968	96.33921498	-4.10389094623	
1.9	1.43009007537e-06	1.99633659081e-07	0.0 	0.0 	59.4161700279 	16.7026000453 	0.0 	0.0 	0.0 	0.0 	16.7516500453 	-5.88599998927 	0.0 	0.0 	6.81731735826	-1.16483870968	96.2348276875	-4.05902178037	
1.91666666667	1.43009007537e-06	3.68093620939e-07	0.0 	0.0 	59.6937291954 	16.6045000455 	0.0 	0.0 	0.0 	0.0 	16.6535500454 	-5.88599998927 	0.0 	0.0 	6.87771927456	-1.16483870968	96.1295155162	-4.01375507052	
1.93333333333	1.43009007537e-06	5.31837480579e-07	0.0 	0.0 	59.9696533628 	16.5064000457 	0.0 	0.0 	0.0 	0.0 	16.5554500456 	-5.88599998927 	0.0 	0.0 	6.93698636698	-1.16483870968	96.0232958426	-3.96809828567	
1.95	1.43009007537e-06	6.86809365387e-07	0.0 	0.0 	60.2439425302 	16.4083000459 	0.0 	0.0 	0.0 	0.0 	16.4573500458 	-5.88599998927 	0.0 	0.0 	6.99513995645	-1.16483870968	95.9161857167	-3.92205875451	
1.96666666667	1.43009007537e-06	8.30140098301e-07	0.0 	0.0 	60.5165966977 	16.3102000461 	0.0 	0.0 	0.0 	0.0 	16.359250046 	-5.88599998927 	0.0 	0.0 	7.05220096333	-1.16483870968	95.8082018682	-3.87564366804	
1.98333333333	-4.13578489914e-07	4.87529783239e-07	0.0 	0.0 	60.7876158651 	16.2121000461 	0.0 	0.0 	0.0 	0.0 	16.2611500461 	-5.88599999922 	0.0 	0.0 	7.10818991492	-1.16483870968	95.6993607125	-3.82886008214	
2.0	-4.13578489914e-07	1.93847155529e-07	0.0 	0.0 	61.0570000325 	16.1140000461 	0.0 	0.0 	0.0 	0.0 	16.1630500461 	-5.88599999922 	0.0 	0.0 	7.16312695289	-1.16483870968	95.5896783567	-3.78171492013	
2.01666666667	-4.13578489914e-07	-5.27389323654e-08	0.0 	0.0 	61.3247492 	16.0159000461 	0.0 	0.0 	0.0 	-0.0 	16.0649500461 	-5.88599999922 	0.0 	0.0 	7.21703184044	-1.16483870968	95.479170605	-3.73421497526	
2.03333333333	-4.13578489914e-07	-2.55119386657e-07	0.0 	0.0 	61.5908633674 	15.9178000461 	0.0 	0.0 	0.0 	-0.0 	15.9668500461 	-5.88599999922 	0.0 	0.0 	7.2699239695	-1.16483870968	95.367852965	-3.68636691316	
2.05	-4.13578489914e-07	-4.1691608571e-07	0.0 	0.0 	61.8553425348 	15.8197000461 	0.0 	0.0 	0.0 	-0.0 	15.8687500461 	-5.88599999922 	0.0 	0.0 	7.32182236765	-1.16483870968	95.2557406526	-3.63817727419	
2.06666666667	-4.13578489914e-07	-5.42204227608e-07	0.0 	0.0 	62.1181867023 	15.7216000461 	0.0 	0.0 	0.0 	-0.0 	15.7706500461 	-5.88599999922 	0.0 	0.0 	7.37274570498	-1.16483870968	95.1428485982	-3.58965247588	
2.08333333333	-1.5995691491e-06	-9.39193089691e-07	0.0 	0.0 	62.3793958697 	15.6235000463 	0.0 	0.0 	0.0 	-0.0 	15.6725500462 	-5.88599998994 	0.0 	0.0 	7.42271230083	-1.16483870968	95.0291914513	-3.54079881514	
2.1	-1.5995691491e-06	-1.26749620966e-06	0.0 	0.0 	62.6389700371 	15.5254000465 	0.0 	0.0 	0.0 	-0.0 	15.5744500464 	-5.88599998994 	0.0 	0.0 	7.47174013033	-1.16483870968	94.9147835866	-3.49162247061	
2.11666666667	-1.5995691491e-06	-1.532308407e-06	0.0 	0.0 	62.8969092046 	15.4273000466 	0.0 	0.0 	0.0 	-0.0 	15.4763500466 	-5.88599998994 	0.0 	0.0 	7.51984683091	-1.16483870968	94.7996391083	-3.44212950484	
2.13333333333	-1.5995691491e-06	-1.73963975812e-06	0.0 	0.0 	63.153213372 	15.3292000468 	0.0 	0.0 	0.0 	-0.0 	15.3782500467 	-5.88599998994 	0.0 	0.0 	7.56704970863	-1.16483870968	94.6837718558	-3.39232586646	
2.15	-1.5995691491e-06	-1.89594434871e-06	0.0 	0.0 	63.4078825395 	15.231100047 	0.0 	0.0 	0.0 	-0.0 	15.2801500469 	-5.88599998994 	0.0 	0.0 	7.61336574441	-1.16483870968	94.5671954087	-3.34221739235	
2.16666666667	-1.5995691491e-06	-2.00781868143e-06	0.0 	0.0 	63.6609167069 	15.1330000471 	0.0 	0.0 	0.0 	-0.0 	15.1820500471 	-5.88599998994 	0.0 	0.0 	7.65881160012	-1.16483870968	94.449923091	-3.29180980973	
2.18333333333	-1.5995691491e-06	-2.0817634914e-06	0.0 	0.0 	63.9123158744 	15.0349000473 	0.0 	0.0 	0.0 	-0.0 	15.0839500472 	-5.88599998994 	0.0 	0.0 	7.7034036246	-1.16483870968	94.3319679769	-3.24110873822	
2.2	1.86251183827e-06	-1.23684389292e-06	0.0 	0.0 	64.1620800418 	14.9368000475 	0.0 	0.0 	0.0 	-0.0 	14.9858500474 	-5.88599998859 	0.0 	0.0 	7.74715785953	-1.16483870968	94.2133428944	-3.19011969184	
2.21666666667	1.86251183827e-06	-4.85176337498e-07	0.0 	0.0 	64.4102092093 	14.8387000477 	0.0 	0.0 	0.0 	-0.0 	14.8877500476 	-5.88599998859 	0.0 	0.0 	7.7900900452	-1.16483870968	94.0940604311	-3.13884808105	
2.23333333333	1.86251183827e-06	1.70731273448e-07	0.0 	0.0 	64.6567033768 	14.7406000479 	0.0 	0.0 	0.0 	0.0 	14.7896500478 	-5.88599998859 	0.0 	0.0 	7.83221562617	-1.16483870968	93.9741329375	-3.08729921461	
2.25	1.86251183827e-06	7.31927814582e-07	0.0 	0.0 	64.9015625442 	14.6425000481 	0.0 	0.0 	0.0 	0.0 	14.691550048 	-5.88599998859 	0.0 	0.0 	7.87354975683	-1.16483870968	93.8535725326	-3.03547830157	
2.26666666667	1.86251183827e-06	1.2021858847e-06	0.0 	0.0 	65.1447867117 	14.5444000483 	0.0 	0.0 	0.0 	0.0 	14.5934500482 	-5.88599998859 	0.0 	0.0 	7.91410730685	-1.16483870968	93.7323911073	-2.98339045313	
2.28333333333	1.86251183827e-06	1.58727107509e-06	0.0 	0.0 	65.3863758792 	14.4463000485 	0.0 	0.0 	0.0 	0.0 	14.4953500484 	-5.88599998859 	0.0 	0.0 	7.95390286654	-1.16483870968	93.6106003293	-2.93104068441	
2.3	1.86251183827e-06	1.89431337149e-06	0.0 	0.0 	65.6263300466 	14.3482000486 	0.0 	0.0 	0.0 	0.0 	14.3972500485 	-5.88599998859 	0.0 	0.0 	7.99295075208	-1.16483870968	93.488211647	-2.87843391636	
2.31666666667	-3.79196309327e-07	1.55683964047e-06	0.0 	0.0 	65.8646492141 	14.2501000486 	0.0 	0.0 	0.0 	0.0 	14.2991500486 	-5.88599999961 	0.0 	0.0 	8.03126501068	-1.16483870968	93.3652362938	-2.82557497745	
2.33333333333	-3.79196309327e-07	1.2347963755e-06	0.0 	0.0 	66.1013333816 	14.1520000487 	0.0 	0.0 	0.0 	0.0 	14.2010500487 	-5.88599999961 	0.0 	0.0 	8.06885942563	-1.16483870968	93.2416852921	-2.77246860542	
2.35	-3.79196309327e-07	9.34775573741e-07	0.0 	0.0 	66.3363825491 	14.0539000487 	0.0 	0.0 	0.0 	0.0 	14.1029500487 	-5.88599999961 	0.0 	0.0 	8.10574752127	-1.16483870968	93.1175694569	-2.71911944902	
2.36666666667	-3.79196309327e-07	6.61197831035e-07	0.0 	0.0 	66.5697967166 	13.9558000487 	0.0 	0.0 	0.0 	0.0 	14.0048500487 	-5.88599999961 	0.0 	0.0 	8.14194256784	-1.16483870968	92.9928994004	-2.66553206966	
2.38333333333	-3.79196309327e-07	4.16662763551e-07	0.0 	0.0 	66.801575884 	13.8577000487 	0.0 	0.0 	0.0 	0.0 	13.9067500487 	-5.88599999961 	0.0 	0.0 	8.17745758626	-1.16483870968	92.8676855352	-2.61171094305	
2.4	-3.79196309327e-07	2.02277490223e-07	0.0 	0.0 	67.0317200515 	13.7596000487 	0.0 	0.0 	0.0 	0.0 	13.8086500487 	-5.88599999961 	0.0 	0.0 	8.21230535282	-1.16483870968	92.7419380783	-2.55766046078	
2.41666666667	-5.3281271729e-07	-2.14063573819e-08	0.0 	0.0 	67.260229219 	13.6615000487 	0.0 	0.0 	0.0 	-0.0 	13.7105500487 	-5.88599999935 	0.0 	0.0 	8.24649840377	-1.16483870968	92.6156670547	-2.50338493198	
2.43333333333	-5.3281271729e-07	-2.10742788023e-07	0.0 	0.0 	67.4871033865 	13.5634000487 	0.0 	0.0 	0.0 	-0.0 	13.6124500487 	-5.88599999935 	0.0 	0.0 	8.28004903982	-1.16483870968	92.4888823012	-2.44888858479	
2.45	-5.3281271729e-07	-3.6754320706e-07	0.0 	0.0 	67.7123425539 	13.4653000487 	0.0 	0.0 	0.0 	-0.0 	13.5143500487 	-5.88599999935 	0.0 	0.0 	8.31296933059	-1.16483870968	92.3615934696	-2.39417556791	
2.46666666667	-5.3281271729e-07	-4.94228204008e-07	0.0 	0.0 	67.9359467214 	13.3672000487 	0.0 	0.0 	0.0 	-0.0 	13.4162500487 	-5.88599999935 	0.0 	0.0 	8.34527111892	-1.16483870968	92.2338100305	-2.33924995212	
2.48333333333	-5.3281271729e-07	-5.93614842682e-07	0.0 	0.0 	68.1579158889 	13.2691000487 	0.0 	0.0 	0.0 	-0.0 	13.3181500487 	-5.88599999935 	0.0 	0.0 	8.37696602517	-1.16483870968	92.1055412766	-2.28411573169	
2.5	-5.3281271729e-07	-6.68739421237e-07	0.0 	0.0 	68.3782500564 	13.1710000487 	0.0 	0.0 	0.0 	-0.0 	13.2200500487 	-5.88599999935 	0.0 	0.0 	8.40806545137	-1.16483870968	91.9767963258	-2.22877682586	
2.51666666667	-1.81896485655e-06	-1.0522897458e-06	0.0 	0.0 	68.5969492239 	13.0729000489 	0.0 	0.0 	0.0 	-0.0 	13.1219500488 	-5.88599999359 	0.0 	0.0 	8.43858058531	-1.16483870968	91.847584125	-2.17323708024	
2.53333333333	-1.81896485655e-06	-1.37349984455e-06	0.0 	0.0 	68.8140133913 	12.974800049 	0.0 	0.0 	0.0 	-0.0 	13.0238500489 	-5.88599999359 	0.0 	0.0 	8.46852240462	-1.16483870968	91.7179134527	-2.11750026818	
2.55	-1.81896485655e-06	-1.63635845271e-06	0.0 	0.0 	69.0294425588 	12.8767000491 	0.0 	0.0 	0.0 	-0.0 	12.925750049 	-5.88599999359 	0.0 	0.0 	8.49790168065	-1.16483870968	91.5877929226	-2.06157009214	
2.56666666667	-1.81896485655e-06	-1.84578032415e-06	0.0 	0.0 	69.2432367263 	12.7786000492 	0.0 	0.0 	0.0 	-0.0 	12.8276500491 	-5.88599999359 	0.0 	0.0 	8.52672898241	-1.16483870968	91.4572309867	-2.00545018502	
2.58333333333	-1.81896485655e-06	-2.00724429115e-06	0.0 	0.0 	69.4553958938 	12.6805000493 	0.0 	0.0 	0.0 	-0.0 	12.7295500492 	-5.88599999359 	0.0 	0.0 	8.55501468031	-1.16483870968	91.3262359379	-1.94914411147	
2.6	-1.81896485655e-06	-2.12649513325e-06	0.0 	0.0 	69.6659200613 	12.5824000494 	0.0 	0.0 	0.0 	-0.0 	12.6314500493 	-5.88599999359 	0.0 	0.0 	8.58276894996	-1.16483870968	91.1948159136	-1.89265536915	
2.61666666667	-0.00099219698936	-0.000255993672994	-3.93117553624e-06 	-0.000431059651462 	69.8748094494 	12.4843265225 	-1.62626883346e-06 	-0.000191949070974 	-0.000235870532174 	-0.0258635790877 	12.5333632856 	-5.88441161299 	-9.75761300077e-05 	-0.0115169442584 	8.61000177575	-1.16483870968	91.0629788982	-1.83598739003	
2.63333333333	-0.00099219698936	-0.000475747089472	-1.73315217526e-05 	-0.00103319916207 	70.0820642787 	12.3862529999 	-7.59261713936e-06 	-0.000526827967001 	-0.000804020772981 	-0.0361283706363 	12.435289757 	-5.88441135647 	-0.000357980898354 	-0.0200927337617 	8.6367229545	-1.16483870968	90.930732726	-1.77914354158	
2.65	-0.00099219698936	-0.000662195046614	-4.28661262593e-05 	-0.001670004299 	70.2876845491 	12.2881794896 	-1.98207523874e-05 	-0.000940125737919 	-0.00153207627041 	-0.0382083082161 	12.3372162235 	-5.88441061546 	-0.000733688114882 	-0.024797866255 	8.662942099	-1.16483870968	90.7980850842	-1.72212712802	
2.66666666667	-0.00099219698936	-0.00081700477411	-8.2153816858e-05 	-0.00230695142981 	70.4916702604 	12.1901060015 	-3.92042283969e-05 	-0.00138110835943 	-0.00235726143592 	-0.0382168278484 	12.239142679 	-5.88440928873 	-0.00116300856057 	-0.0264589572906 	8.68866864138	-1.16483870968	90.6650435157	-1.66494139148	
2.68333333333	-0.00099219698936	-0.000942457069646	-0.000136454509068 	-0.00292195753941 	70.6940214123 	12.0920325448 	-6.59645892096e-05 	-0.00182285929511 	-0.00325804153258 	-0.0369003665758 	12.1410691155 	-5.88440740123 	-0.00160562164876 	-0.0265050561408 	8.7139118366	-1.16483870968	90.5316154213	-1.60758951318	
2.7	-0.00099219698936	-0.00104123697118	-0.000206660255646 	-0.00349636223577 	70.8947380044 	11.9939591273 	-9.99863101684e-05 	-0.00225164351339 	-0.00421234479471 	-0.0344642817819 	12.0429955242 	-5.88440504767 	-0.00204130325753 	-0.0257270530969 	8.59478941236	-1.15116833678	90.4007969152	-1.54922792119	
2.71666666667	-0.0445449482224	-0.0122766513989	-0.000341620337065 	-0.00930548178881 	71.0943653859 	11.9613287857 	-0.000168265038832 	-0.00599200562432 	-0.0080976048851 	-0.348547173182 	11.9776428912 	-1.95782049713 	-0.00409672371979 	-0.224421726656 	8.47566698812	-1.13730849466	90.2726015694	-1.48989280237	
2.73333333333	-0.0445449482224	-0.0219924818561	-0.00062841823555 	-0.0192175878409 	71.2934488931 	11.9287001913 	-0.000316345649013 	-0.0117253639015 	-0.0172078739091 	-0.594726363125 	11.9450104351 	-1.95771566755 	-0.0088848366109 	-0.344001496633 	8.35654456387	-1.1232538575	90.1470426317	-1.42962103717	
2.75	-0.0445449482224	-0.0302270150344	-0.00113997180334 	-0.0315795487139 	71.4919884779 	11.8960761091 	-0.000575045155218 	-0.0191301728122 	-0.0306932140672 	-0.74171765238 	11.912375086 	-1.95744492941 	-0.0155219703723 	-0.444288534641 	8.23742213963	-1.10899887168	90.0241330069	-1.36845021452	
2.76666666667	-0.0445449482224	-0.0370562136597	-0.00193857876124 	-0.0458702145646 	71.6899840447 	11.8634605557 	-0.000962830369564 	-0.0273017911382 	-0.0479164174741 	-0.857439951044 	11.8797340068 	-1.95693320566 	-0.0232671128608 	-0.490297099559 	8.11829971539	-1.09453774267	89.9038852361	-1.30641864707	
2.78333333333	-0.0445449482224	-0.0425828655494	-0.00307072332487 	-0.0607517069238 	71.8874354365 	11.8308582825 	-0.00149243455606 	-0.036165295504 	-0.0679286738177 	-0.892889541549 	11.8470835095 	-1.95613638937 	-0.0317762511895 	-0.531810261949 	7.99917729115	-1.07986442087	89.7863114756	-1.24356538682	
2.8	-0.0445449482224	-0.0469273358474	-0.00456684150529 	-0.0753071460917 	72.0843424307 	11.7982741743 	-0.00217374383025 	-0.0455173223846 	-0.0897670908256 	-0.873326350075 	11.8144196526 	-1.95504649377 	-0.0408785564514 	-0.561121612835 	7.8800548669	-1.06497258638	89.6714234741	-1.1799302411	
2.81666666667	-0.0445449482224	-0.0502198507151	-0.0064450983427 	-0.0887962343034 	72.2807047395 	11.7657126608 	-0.00301352237746 	-0.0551975578072 	-0.112695410244 	-0.809345292702 	11.7817385278 	-1.95369080977 	-0.0503867128328 	-0.580814125355 	7.76093244266	-1.04985563273	89.5592325493	-1.11555378893	
2.83333333333	-0.0165945279646	-0.0454319138436	-0.00867550570241 	-0.0869988893832 	72.4759983419 	11.6703178354 	-0.00400276739413 	-0.0706272055225 	-0.133824441583 	0.10784069521 	11.7176161424 	-5.72368952301 	-0.0593547010005 	-0.925778862921 	7.64181001842	-1.03450664919	89.4497495619	-1.05047739772	
2.85	-0.0165945279646	-0.0408200944595	-0.0110543195457 	-0.0911847525943 	72.6696998846 	11.5749402866 	-0.0052270166233 	-0.0762232971003 	-0.142728830598 	-0.251151792665 	11.6220925633 	-5.72265292834 	-0.0734549537502 	-0.335765494665 	7.52268759418	-1.01891840191	89.34298489	-0.984743240345	
2.86666666667	-0.0165945279646	-0.0364888854838	-0.0137104064072 	-0.0920282387823 	72.8618085171 	11.4795732807 	-0.00653360241242 	-0.0805117499555 	-0.159365211692 	-0.0506091712797 	11.526517949 	-5.72202035489 	-0.0783951473471 	-0.257307171313 	7.40356516993	-1.00308331336	89.2389484	-0.91839431267	
2.88333333333	-0.0165945279646	-0.0325104998552	-0.0166034184532 	-0.0902034736251 	73.0523241281 	11.3842111614 	-0.00790153942118 	-0.0835910154705 	-0.173580722755 	0.109485909434 	11.430936661 	-5.72172715638 	-0.0820762205253 	-0.184755930901 	7.28444274569	-0.986993440234	89.1376494175	-0.851474451317	
2.9	-0.0165945279646	-0.0289298768715	-0.0196996918236 	-0.0863354119533 	73.2412466431 	11.2888488226 	-0.00931163942428 	-0.0855777431554 	-0.185776402227 	0.232083700305 	11.3353509013 	-5.7217403297 	-0.0846060001863 	-0.119203661092 	7.16532032145	-0.970640449565	89.0390966954	-0.784028351889	
2.91666666667	-0.0165945279646	-0.0257694144057	-0.0229719080531 	-0.0809987370711 	73.4285760097 	11.1934820553 	-0.0107467855607 	-0.0866033953605 	-0.196332973769 	0.32020049293 	11.2397619906 	-5.72200603681 	-0.0861087681836 	-0.061539132309 	7.04619789721	-0.954015592769	88.9432983805	-0.71610158752	
2.93333333333	-0.0165945279646	-0.0230333407935	-0.0263986154493 	-0.0746995758551 	73.6143121817 	11.0981077064 	-0.0121920896545 	-0.0868036231976 	-0.205602443773 	0.377949672962 	11.1441703252 	-5.72246093574 	-0.0867182456315 	-0.012013670222 	6.92707547296	-0.937109677554	88.8502619784	-0.647740627777	
2.95	0.0110845095403	-0.0136189174824	-0.0299296210109 	-0.0639812976521 	73.7984904007 	11.0069031653 	-0.0136208973601 	-0.0846505735082 	-0.211860333698 	0.643096692179 	11.0506931393 	-5.47227246438 	-0.085728462336 	0.129182981364 	6.80795304872	-0.919913037398	88.7599943153	-0.5789928579	
2.96666666667	0.0110845095403	-0.00555075732192	-0.0334967280988 	-0.0506364878285 	73.9811462762 	10.9156785116 	-0.0149986691253 	-0.0806839995068 	-0.214026425272 	0.80068858942 	10.9593525294 	-5.47347922053 	-0.0826663059088 	0.237994440079 	6.68883062448	-0.902415498359	88.6725014987	-0.509906598365	
2.98333333333	0.0110845095403	0.00122191889192	-0.0370484259325 	-0.035668071234 	74.1622804976 	10.8244309637 	-0.0162976030142 	-0.0752038367697 	-0.213101870021 	0.898104995669 	10.8680532838 	-5.47485287551 	-0.077936033336 	0.328809764226 	6.56970820024	-0.884606342928	88.587788875	-0.440531124749	
3.0	0.0110845095403	0.00677894891541	-0.0405461797698 	-0.0201094592323 	74.3418936783 	10.7331608018 	-0.0174955815069 	-0.0685822316765 	-0.20986523024 	0.9335167201 	10.7767908396 	-5.4762097167 	-0.0718787095581 	0.397296305593 	6.45058577599	-0.866474270603	88.5058609842	-0.370916687868	
3.01666666667	0.0110845095403	0.0112201959531	-0.0439637615316 	-0.00476781242404 	74.519986308 	10.6418707072 	-0.0185763793389 	-0.0611536611411 	-0.205054905705 	0.920498808495 	10.6855577843 	-5.47740567383 	-0.064847869922 	0.445714232127 	6.33146335175	-0.848007354825	88.426721512	-0.301114534156	
3.03333333333	0.0110845095403	0.014657922207	-0.0472848303316 	0.00974587709557 	74.6965587453 	10.5505648313 	-0.0195290297481 	-0.0532145173117 	-0.199264128002 	0.870821371177 	10.5943462385 	-5.47835255548 	-0.0571590245503 	0.476348629761 	6.21234092751	-0.829192995865	88.3503732394	-0.231176926263	
3.05	0.0110845095403	0.0172104909079	-0.0505008264196 	0.0229912990457 	74.8716112204 	10.4592479637 	-0.0203471838175 	-0.0450224612832 	-0.192959765283 	0.794725317006 	10.5031485028 	-5.47901205486 	-0.0490892441667 	0.491523361715 	6.09321850327	-0.810017869189	88.276817988	-0.161157163797	
3.06666666667	0.0170306998633	0.0205210060036	-0.0536020977727 	0.0354691841072 	75.0451407889 	10.3675404379 	-0.0210256239417 	-0.0364572202791 	-0.186076281182 	0.748673103693 	10.4117741092 	-5.50245154514 	-0.0407064074518 	0.513914460246 	5.97409607903	-0.790467868778	88.2060565622	-0.0911096041832	
3.08333333333	0.0170306998633	0.0229775831359	-0.0565781051087 	0.0467762310438 	75.2171445249 	10.2758307873 	-0.021560144136 	-0.0277589363715 	-0.178560440164 	0.678422816196 	10.3202241654 	-5.50257903778 	-0.0320712116561 	0.521897034454 	5.85497365478	-0.7705280448	88.1380886877	-0.0210896835514	
3.1	0.0170306998633	0.0246955903111	-0.0594241879304 	0.0566453734101 	75.3876225781 	10.1841229631 	-0.0219502389119 	-0.0191314526179 	-0.170764969299 	0.592148541975 	10.2286831909 	-5.50246945104 	-0.0234056865546 	0.517649025218 	5.73585123054	-0.750182534937	88.0729129456	0.0488460624122	
3.11666666667	0.0170306998633	0.0257875180455	-0.0621400022116 	0.0649242988523 	75.5565749935 	10.0924202305 	-0.0221985049309 	-0.0107431915307 	-0.162948856875 	0.496735526531 	10.1371449208 	-5.50216396021 	-0.0148959611407 	0.503295665232 	5.6167288063	-0.729414488582	88.0105267019	0.118639977754	
3.13333333333	0.0170306998633	0.0263601114714	-0.0647282465157 	0.0715549340881 	75.7240017351 	10.0007249792 	-0.0223100664687 	-0.0027290935243 	-0.155294658245 	0.39783811415 	10.0456044974 	-5.50171507381 	-0.00669369226901 	0.480845880381 	5.49760638206	-0.708205982999	87.9509260324	0.188233265793	
3.15	0.0170306998633	0.0265123272637	-0.0671936012919 	0.0765546810278 	75.8899027092 	9.90903867417 	-0.0222920369442 	0.00480699621603 	-0.147921286571 	0.299984816383 	9.95405844552 	-5.50117830369 	0.00108177147102 	0.45216538442 	5.37848395781	-0.686537930403	87.8941056423	0.25756596904	
3.16666666667	0.0195254519035	0.0269732738568	-0.069538495382 	0.080328393538 	76.0542560371 	9.81474391528 	-0.022151844516 	0.0119303101389 	-0.140693645409 	0.22642275061 	9.86119967421 	-5.65768553348 	0.0084115456918 	0.427398835373 	5.25936153357	-0.664389974738	87.8400587796	0.32657694966	
3.18333333333	0.0195254519035	0.0270977630304	-0.0717636115114 	0.0829038239074 	76.2170398688 	9.72045895589 	-0.0218969747728 	0.0185691186437 	-0.133506967761 	0.154525822162 	9.76702989986 	-5.65709756325 	0.01529218459 	0.398328510284 	5.14023910933	-0.641740376781	87.7887771426	0.395203870669	
3.2	0.0195254519035	0.0269576074172	-0.0738711721101 	0.0843476574255 	76.3782541339 	9.62618337862 	-0.0215359448237 	0.024671393123 	-0.126453635924 	0.0866300110877 	9.67285591095 	-5.6565346364 	0.021661796949 	0.36613646876 	5.02111668509	-0.618565885924	87.7402507806	0.463383178069	
3.21666666667	0.0195254519035	0.0266167319572	-0.0758639513564 	0.0847587403664 	76.5378987429 	9.53191632364 	-0.0210779704388 	0.0302051882763 	-0.119566754776 	0.0246649764521 	9.57867653729 	-5.65602329859 	0.0274784630943 	0.332027709198 	4.90199426084	-0.594841596744	87.694467987	0.531050084202	
3.23333333333	0.0195254519035	0.026130950974	-0.0777448569756 	0.0842577322392 	76.6959735972 	9.43765661896 	-0.0205326533077 	0.0351559823776 	-0.112854337156 	-0.0300604876308 	9.4844912577 	-5.6555822807 	0.0327190278666 	0.297047646077 	4.7828718366	-0.570540788154	87.6514151846	0.598138552623	
3.25	0.0195254519035	0.0255480488661	-0.0795166211492 	0.0829784067316 	76.8524785976 	9.34340290916 	-0.0199097136983 	0.0395238765068 	-0.106305850416 	-0.0767595304563 	9.39030002467 	-5.65522258819 	0.0373763765608 	0.262073647753 	4.66374941236	-0.545634742516	87.6110768014	0.664581284853	
3.26666666667	0.020742717132	0.0252200177922	-0.0811798825066 	0.0812232003594 	77.0073994222 	9.24744292936 	-0.0192181914794 	0.0433896449574 	-0.09979568144 	-0.105312382329 	9.2952494757 	-5.75759878833 	0.0414913331369 	0.231946107038 	4.54462698812	-0.520092541658	87.5734351372	0.730309709459	
3.28333333333	0.020742717132	0.0248258780643	-0.0827336891337 	0.0790894482202 	77.1607217752 	9.15148642902 	-0.0184663889432 	0.0467607221204 	-0.0932283976306 	-0.128025128357 	9.19934117827 	-5.75739002016 	0.0451081521689 	0.202264629777 	4.42550456387	-0.493880836153	87.5384702196	0.795253973952	
3.3	0.020742717132	0.024392820996	-0.0841771975997 	0.0766992939589 	77.3124456124 	9.05553227235 	-0.0176625150652 	0.0496328521504 	-0.0866105079596 	-0.143409255674 	9.10343023575 	-5.75724940039 	0.0482324326836 	0.1723278018 	4.30638213963	-0.46696358355	87.5061596476	0.85934294014	
3.31666666667	0.020742717132	0.0239431360223	-0.0854919414609 	0.0763703646168 	77.4625711956 	8.95957931664 	-0.0168278926625 	0.0504156927594 	-0.0788846316726 	-0.0197357605297 	9.00753498823 	-5.75717734237 	0.0500773441583 	0.0469704365412 	4.18725971539	-0.439301750396	87.4764784233	0.922504183636	
3.33333333333	0.020742717132	0.0234946170774	-0.0866718835549 	0.0745493481717 	77.6110985372 	8.86362690003 	-0.015974377813 	0.0518775704906 	-0.0707965256393 	-0.109260986707 	8.91164049885 	-5.75714499681 	0.0512108909743 	0.087712663873 	4.06813729115	-0.410852971878	87.4493987683	0.984663998397	
3.35	0.020742717132	0.0230610180218	-0.0877344388668 	0.0718051789035 	77.7580272739 	8.76767447821 	-0.0150957428728 	0.0536176703524 	-0.0637533187132 	-0.164650156088 	8.81572420313 	-5.7571453087 	0.0527180964064 	0.104405991704 	3.9490148669	-0.381571161625	87.4248899254	1.04574740732	
3.36666666667	0.0200248940164	0.0224685896776	-0.0886933316774 	0.0685715351339 	77.9033487193 	8.6707140666 	-0.0141882084066 	0.0552378521874 	-0.0575335686375 	-0.194018626176 	8.71928672334 	-5.81762469712 	0.0544520679755 	0.0972109101 	3.82989244266	-0.351406062668	87.4029179419	1.10567818015	
3.38333333333	0.0200248940164	0.0219330922214	-0.0895501615776 	0.0653548167876 	78.0470543818 	8.57375231229 	-0.0132569923233 	0.056466798297 	-0.0514097940067 	-0.193003100781 	8.62233974609 	-5.81770525831 	0.0558729649967 	0.0737367665768 	3.71077001842	-0.32030272856	87.3834454346	1.16437886012	
3.4	0.0200248940164	0.0214584504989	-0.0903041221861 	0.0622229105808 	78.1891441975 	8.4767887239 	-0.0123081703217 	0.0573561747598 	-0.0452376365136 	-0.187914372404 	8.52538894684 	-5.81781530341 	0.0569293200969 	0.0533625877698 	3.59164759418	-0.288200921212	87.3664313326	1.2217708012	
3.41666666667	0.0200248940164	0.0210458045239	-0.0909542403076 	0.0592343965055 	78.3296181006 	8.37982298055 	-0.0113470150992 	0.0579517338397 	-0.0390070872883 	-0.179310844519 	8.42843418609 	-5.81794460097 	0.0576693133475 	0.0357335447947 	3.47252516993	-0.255034408875	87.3518305968	1.27777421801	
3.43333333333	0.0200248940164	0.0206941004399	-0.091499424188 	0.0564353675462 	78.468476022 	8.28285490696 	-0.0103780675363 	0.0582957310745 	-0.0327110328219 	-0.167941737562 	8.33147528313 	-5.81808441565 	0.0581368537749 	0.0206398340861 	3.35340274569	-0.220730143704	87.3395939122	1.33230825111	
3.45	0.0200248940164	0.0204006170741	-0.0919385436222 	0.0538595830079 	78.6057178888 	8.18588444714 	-0.00940519197257 	0.0584271443954 	-0.026347166056 	-0.154547072295 	8.23451200545 	-5.8182275888 	0.0583725338252 	0.00788479925791 	3.23428032145	-0.185207293252	87.3296673515	1.38529105075	
3.46666666667	0.0181131185573	0.0196715336586	-0.0922727390376 	0.0512698852677 	78.7413385846 	8.08830924036 	-0.00843256447568 	0.0582703694666 	-0.0200517249237 	-0.155381864413 	8.13724174913 	-5.8545124069 	0.0583576498132 	-0.00940649573008 	3.11515789721	-0.148376093602	87.321992004	1.43663988303	
3.48333333333	0.0181131185573	0.0190577935397	-0.0925049078575 	0.0487571562425 	78.8753329783 	7.9907313212 	-0.00746455097208 	0.0578775520658 	-0.0139301291905 	-0.150763741514 	8.03966361991 	-5.85467514958 	0.0580808102157 	-0.0235690440496 	2.99603547296	-0.110136483228	87.3165035687	1.48627126321	
3.5	0.0181131185573	0.0185526238544	-0.0926371769451 	0.046390785305 	79.0077009676 	7.89315065407 	-0.00650467955452 	0.0572969888342 	-0.00793614525935 	-0.141982256248 	7.94207935767 	-5.85484002772 	0.0575922850539 	-0.0348337938944 	2.87691304872	-0.0703764652587	87.3131319041	1.53410112211	
3.51666666667	0.0181131185573	0.0181473828077	-0.0926710583223 	0.0442211608465 	79.1384424576 	7.79556731774 	-0.00555571080803 	0.0565724627319 	-0.00203288263365 	-0.130177467509 	7.8444894023 	-5.85500017972 	0.0569381247896 	-0.0434715661367 	2.75779062448	-0.0289701306823	87.3118005311	1.58004501281	
3.53333333333	0.0181131185573	0.0178322502387	-0.092607632647 	0.0422818793402 	79.2675573583 	7.69798147298 	-0.00461971629343 	0.0557428672467 	0.00380554051817 	-0.116356890376 	7.74689404082 	-5.85515068578 	0.0561596708758 	-0.0497757291158 	2.63866820024	0.0142247453844	87.312426083	1.62401836691	
3.55	0.0181131185573	0.0175967996326	-0.0924477110573 	0.0405920735299 	79.3950455825 	7.60039333419 	-0.0036981614359 	0.0548420526096 	0.00959529538236 	-0.10138834862 	7.64929345347 	-5.85528832737 	0.0552932914516 	-0.0540488782247 	2.51954577599	0.0593696500116	87.3149176945	1.66593681173	
3.56666666667	0.0181131185573	0.0174304603794	-0.0921919738152 	0.0391587552997 	79.5209070451 	7.50280314586 	-0.00279198943718 	0.053898853329 	0.0153442345303 	-0.0859990938111 	7.55168775363 	-5.85541129999 	0.0543703199232 	-0.056591956838 	2.40042335175	0.106648975268	87.3191763224	1.70571656296	
3.58333333333	0.0152129706976	0.0165797176371	-0.09184452564 	0.0375849715504 	79.645139076 	7.40490163234 	-0.00190312147227 	0.0527684580352 	0.0208468905105 	-0.094427024959 	7.45392185635 	-5.8740908113 	0.0533320778947 	-0.0678237176259 	2.28130092751	0.156274564919	87.3250939888	1.74327491137	
3.6	0.0152129706976	0.01587768117	-0.0914119769167 	0.0359808147531 	79.7677390069 	7.30699797073 	-0.00103425292601 	0.0515015126795 	0.0259529233944 	-0.0962494078389 	7.35599585377 	-5.87421969655 	0.0521321127758 	-0.076016721344 	2.16217850327	0.208491448192	87.3325529372	1.77853082735	
3.61666666667	0.0152129706976	0.0153128307057	-0.0908995152214 	0.0344308580432 	79.8887067603 	7.20909216927 	-0.000187272787661 	0.0501440471029 	0.030747701719 	-0.092997402592 	7.25806520615 	-5.87434808722 	0.0508188083007 	-0.0814479345957 	2.04305607903	0.263585153019	87.3414246885	1.8114057141	
3.63333333333	0.0152129706976	0.0148719509706	-0.0903111907505 	0.0329970718337 	80.0080422686 	7.11118432873 	0.000636652785325 	0.0487367415655 	0.0352994682537 	-0.0860271725722 	7.16013049362 	-5.87447043287 	0.0494355343792 	-0.0844383322398 	1.92393365478	0.321891151306	87.3515689861	1.84182435023	
3.65	0.0152129706976	0.0145409260424	-0.0896501791329 	0.031721690787 	80.1257454707 	7.01327461096 	0.0014369880704 	0.0473145609405 	0.039660697058 	-0.076522862801 	7.06219212726 	-5.87458306612 	0.0480201171043 	-0.0853308375041 	1.80481123054	0.383807228269	87.3628326147	1.86971607533	
3.66666666667	0.0152129706976	0.0143053831185	-0.0889190123843 	0.0306301430909 	80.2418163107 	6.915363213 	0.00221373153567 	0.045906655383 	0.0438700049167 	-0.0654928617687 	6.96425040271 	-5.87468387732 	0.0466046079163 	-0.0844743334452 	1.6856888063	0.44980993383	87.3750480818	1.89501629089	
3.68333333333	0.0152129706976	0.0141511994643	-0.0881197769655 	0.0297339530173 	80.3562547365 	6.81745034677 	0.00296731985325 	0.044536486019 	0.0479541251271 	-0.0537714044147 	6.86630554364 	-5.87477197421 	0.0452152990547 	-0.0822101618449 	1.56656638206	0.520476846844	87.3880321468	1.91766837459	
3.7	0.0122546323046	0.0133068132702	-0.0872578240068 	0.0286285603294 	80.4690597744 	6.7194237469 	0.00369707446503 	0.043048434259 	0.0517171775225 	-0.0663235612741 	6.76830227636 	-5.88159599185 	0.043785276707 	-0.0892831055959 	1.44744395781	0.596517304246	87.4015841946	1.93762614401	
3.71666666667	0.0122546323046	0.0126195333146	-0.0863407971321 	0.0274319749999 	80.5802304671 	6.62139559466 	0.00440141577711 	0.0414884582323 	0.0550216124842 	-0.0717951197715 	6.67024156265 	-5.88168913454 	0.0422604787248 	-0.0935985616048 	1.32832153357	0.66935216624	87.4153207676	1.95498783329	
3.73333333333	0.0122546323046	0.0120754881924	-0.0853746120379 	0.0262353099294 	80.689766797 	6.52336589558 	0.00507949260934 	0.0398979116476 	0.057971105649 	-0.0717999042284 	6.57217979148 	-5.88178194464 	0.0406846099339 	-0.0954327950795 	1.20919910933	0.729028923185	87.4287458141	1.97001861419	
3.75	0.0122546323046	0.0116594514762	-0.0843637981356 	0.0251059416056 	80.7976687482 	6.42533472973 	0.00573109912787 	0.0383128264061 	0.0606488341364 	-0.067762099426 	6.47411707586 	-5.88186995101 	0.0390963911114 	-0.0951051144918 	1.09007668509	0.777778957959	87.4414942376	1.98296279876	
3.76666666667	0.0122546323046	0.0113556224221	-0.0833118022368 	0.0240904672377 	80.9039363057 	6.32730222419 	0.00635658193106 	0.0367634441963 	0.0631197539297 	-0.0609284620746 	6.37605344806 	-5.88195033236 	0.0375289681916 	-0.0929629325867 	0.970954260843	0.817455100007	87.4532979227	1.9940329669	
3.78333333333	0.0122546323046	0.0111482489639	-0.0822212579888 	0.0232176511117 	81.0085694541 	6.22926853098 	0.00695674155257 	0.035274015549 	0.0654326548813 	-0.0523689675572 	6.27798890333 	-5.88202159257 	0.0360095772907 	-0.0893657188416 	0.851831836601	0.849595692088	87.4639602096	2.00340718944	
3.8	-0.050811319162	-0.000590966111778	-0.0811460207129 	0.016537242591 	81.1116136111 	6.13663906225 	0.00751117702067 	0.0313012265051 	0.0645142365547 	-0.400824511246 	6.18264941889 	-5.55776812413 	0.0332661280859 	-0.238367342631 	0.732709412358	0.875476398049	87.4733370435	2.01123046374	
3.81666666667	-0.050811319162	-0.0112582438283	-0.0801774479115 	0.00562683700051 	81.2131145243 	6.0440038172 	0.00798159976937 	0.0252170869482 	0.0581143680808 	-0.654624335429 	6.09005479638 	-5.55811470261 	0.0282253649218 	-0.365048373413 	0.907428205217	0.896153872539	87.4851476803	2.02067706568	
3.83333333333	-0.050811319162	-0.0207614176627	-0.0793849840235 	-0.00804172926992 	81.313072789 	5.95136299065 	0.00833652180048 	0.0174641213941 	0.0475478332838 	-0.820113976226 	5.99749587777 	-5.55844959316 	0.0212953218666 	-0.465177933248 	1.07886440257	0.91338510128	87.4993810809	2.03166475458	
3.85	-0.050811319162	-0.0290654368063	-0.0788180971893 	-0.0232601800737 	81.4114888723 	5.8587192949 	0.00855174013841 	0.00847383509047 	0.0340132100509 	-0.913107048227 	5.90496500267 	-5.55862174537 	0.0129131002759 	-0.539417178218 	1.24707967743	0.927744458565	87.5160144106	2.04412808024	
3.86666666667	-0.050811319162	-0.0361806104662	-0.0785097167585 	-0.0390747872373 	81.5083630997 	5.76607721981 	0.0086099901912 	-0.00135329741431 	0.0185028258483 	-0.948876429816 	5.81245364304 	-5.55852450514 	0.00349500316773 	-0.589627950287 	1.4121345441	0.939710589635	87.5350167373	2.05801458103	
3.88333333333	-0.050811319162	-0.0421520796993	-0.0784793515265 	-0.0547452549304 	81.6036956522 	5.67344215764 	0.0085003962044 	-0.0116519149786 	0.00182191391847 	-0.940228061584 	5.71995314952 	-5.5581037304 	-0.00657563920822 	-0.617917053858 	1.57408837994	0.949682365527	87.5563516873	2.07328170171	
3.9	-0.0103900584019	-0.0366926215184	-0.0786907845545 	-0.0645156176201 	81.6974412957 	5.57542970786 	0.0082366412189 	-0.0198579965725 	-0.0126859816788 	-0.586221761386 	5.6247386089 	-5.88074698661 	-0.0158252991301 	-0.49236489563 	1.73299944674	0.957992178771	87.5799793553	2.08989433894	
3.91666666667	-0.0103900584019	-0.0316395863309	-0.0790687965225 	-0.0696414840815 	81.7895544522 	5.4774272271 	0.00785244404104 	-0.0261174085835 	-0.0226807180838 	-0.307551987681 	5.52678939199 	-5.88014884569 	-0.0230518306717 	-0.375564720662 	1.88892491168	0.96491702314	87.605857679	2.10782291502	
3.93333333333	-0.0103900584019	-0.0270594363127	-0.0795536021863 	-0.0711986425368 	81.8800345944 	5.37943227415 	0.00737879058215 	-0.0306097500298 	-0.0290883398263 	-0.0934295073212 	5.42880852872 	-5.87969717688 	-0.0284192075333 	-0.269540486781 	2.04192086788	0.970687726781	87.6339434256	2.12704188607	
3.95	-0.0103900584019	-0.022988901989	-0.080099106764 	-0.0701297385194 	81.9688813374 	5.2814417651 	0.00684334961454 	-0.0335510271979 	-0.0327302746601 	0.0641342410458 	5.33080457827 	-5.87943054307 	-0.0321264580563 	-0.176476630084 	2.19204235461	0.975496646482	87.6641928972	2.14752860099	
3.96666666667	-0.0103900584019	-0.0194405240259	-0.080670217909 	-0.0671353188859 	82.0560944144 	5.18345271758 	0.00627040574134 	-0.0351303647577 	-0.0342666687025 	0.179665178009 	5.23278462239 	-5.87934285143 	-0.0343766323922 	-0.0947602535884 	2.33934337704	0.979504079567	87.6965624317	2.1692624398	
3.98333333333	-0.0103900584019	-0.0164077040538	-0.0812444135623 	-0.0632267669134 	82.1416736744 	5.08546287537 	0.00567934110603 	-0.035728292736 	-0.0344517391984 	0.234513118353 	5.13475560089 	-5.87939053216 	-0.0354638781185 	-0.0358756786982 	2.48387692571	0.982843607137	87.7310087526	2.19222417182	
4.0	4.39710763948e-05	-0.011195497095	-0.0817949969617 	-0.0572944204022 	82.2256187694 	4.98744564464 	0.00509079476206 	-0.0348656601497 	-0.0330350039638 	0.355940790671 	5.03670569702 	-5.8810338441 	-0.0353127806386 	0.0517579551776 	2.62569499559	0.985626546778	87.7674892102	2.21639548506	
4.01666666667	4.39710763948e-05	-0.00680480332159	-0.0822899252974 	-0.0497848976499 	82.3079293521 	4.88942331682 	0.00452374032819 	-0.0332040452768 	-0.0296957001392 	0.45057136514 	4.93863496378 	-5.88133966922 	-0.0340232660318 	0.0996968923748 	2.76484860477	0.987945663147	87.8059619413	2.24175864773	
4.03333333333	4.39710763948e-05	-0.00318799144724	-0.0827096341849 	-0.0421352353341 	82.3886053672 	4.79139501957 	0.00399258063713 	-0.0304902447617 	-0.0251825332512 	0.458979738946 	4.84056090721 	-5.88169783494 	-0.0318695814638 	0.162828030904 	2.9013878128	0.98987826012	87.8463859706	2.26829627039	
4.05	4.39710763948e-05	-0.000283963415753	-0.0830506464928 	-0.0346325824319 	82.4676468443 	4.69336077366 	0.00351239608651 	-0.0271598437846 	-0.0204607384728 	0.45015917413 	4.74248862569 	-5.88205475464 	-0.0288110730374 	0.199824058628 	3.03536173874	0.991488757598	87.8887212696	2.29599114426	
4.06666666667	4.39710763948e-05	0.00197690626153	-0.0833111049865 	-0.027526519095 	82.5450538172 	4.59532122622 	0.00309032859606 	-0.0235316577452 	-0.0156275096243 	0.426363800213 	4.64441837252 	-5.88237284653 	-0.0253240494269 	0.217691162364 	3.1668185788	0.99283083883	87.9329287839	2.32482613636	
4.08333333333	4.39710763948e-05	0.00366867603689	-0.0834935843991 	-0.0210472626913 	82.6208263298 	4.4972773324 	0.00272958230662 	-0.0198116536995 	-0.0109487647562 	0.388755384226 	4.54635075828 	-5.88263362894 	-0.0216447773665 	0.223200242742 	3.29580562368	0.993949239856	87.9789704393	2.35478412638	
4.1	4.39710763948e-05	0.00486652558277	-0.0836039166361 	-0.0153363182488 	82.6949644279 	4.39923012912 	0.00243029629191 	-0.0161630843773 	-0.00661993421741 	0.342656666548 	4.44828588607 	-5.882832197 	-0.0179571608826 	0.21891415933 	3.4223692756	0.994881240711	88.0268091324	2.38584797388	
4.11666666667	0.0130309179084	0.00897205927821	-0.0836352873862 	-0.00878154259642 	82.767468722 	4.30125267057 	0.00219639561342 	-0.011978477217 	-0.00188224501009 	0.393286539144 	4.35025764469 	-5.87864751303 	-0.0140340407092 	0.251076429621 	3.54655506497	0.995657908091	88.0764087109	2.41800050689	
4.13333333333	0.0130309179084	0.0122806872244	-0.0835733130283 	-0.00201175110345 	82.8383398021 	4.2032732768 	0.00203465453765 	-0.00751474599484 	0.00371846147751 	0.406187489578 	4.25226480499 	-5.87876362586 	-0.00970446454647 	0.267823873329 	3.66840766678	0.996305130907	88.1277339467	2.45122452529	
4.15	0.0130309179084	0.0148683185915	-0.0834125518376 	0.00452353696792 	82.9075776724 	4.1052929112 	0.00194785007663 	-0.00299414171924 	0.00964567144334 	0.392117284283 	4.15427222031 	-5.87882193588 	-0.00520826766083 	0.271236256536 	3.78797091668	0.996844483253	88.1807505054	2.48550281399	
4.16666666667	0.0130309179084	0.0168163141297	-0.083154098743 	0.0105190740905 	82.9751823439 	4.00731256697 	0.00193536385833 	0.00139840365977 	0.0155071856739 	0.359732227355 	4.0562802916 	-5.87882065415 	-0.000749173098302 	0.26355272274 	3.90528782673	0.997293943542	88.2354249136	2.52081816211	
4.18333333333	0.0130309179084	0.0182077170399	-0.0828036469184 	0.0157843342161 	83.0411538291 	3.90933308761 	0.0019938101282 	0.00551581021134 	0.0210271094732 	0.315915607537 	3.95828910679 	-5.87876876123 	0.00350677619229 	0.247044393094 	4.02040060089	0.997668493783	88.2917245251	2.55715338557	
4.2	0.0130309179084	0.0191242793224	-0.0823699340212 	0.0202186673254 	83.1054921398 	3.81135506791 	0.00211765902971 	0.00924771644947 	0.0260227738343 	0.266059986558 	3.86029864609 	-5.87868118214 	0.00743093409045 	0.223914374288 	4.13335065021	0.997980618984	88.3496174876	2.59449135102	
4.21666666667	0.0233814731182	0.0222965273197	-0.0818518810139 	0.0251095230922 	83.1681970654 	3.71335538162 	0.0023047451251 	0.0130991200154 	0.0310831804391 	0.293451346007 	3.76229553439 	-5.87998117738 	0.0112251657235 	0.231084213956 	4.24417860769	0.998240723318	88.4090727103	2.63281499993	
4.23333333333	0.0233814731182	0.0247889240738	-0.0812428284337 	0.0299595094322 	83.2292683767 	3.61535836822 	0.00255552026479 	0.0168868125909 	0.0365431548098 	0.290999180397 	3.66427867824 	-5.87982080441 	0.0150465083815 	0.227261554527 	4.35292434294	0.998457476929	88.4700598324	2.67210737168	
4.25	0.0233814731182	0.0266765487159	-0.0805433976719 	0.0344305096523 	83.2887060518 	3.51736450097 	0.00286762450968 	0.0204571598141 	0.041965845712 	0.26826001321 	3.56626050473 	-5.87963203478 	0.0187262546935 	0.214220833397 	4.45962697649	0.998638104939	88.5325491936	2.71235162524	
4.26666666667	0.0233814731182	0.028036486701	-0.0797592691322 	0.0383101147991 	83.3465100777 	3.41937399627 	0.00323639901307 	0.0236880767852 	0.0470477123791 	0.232776308804 	3.46824155264 	-5.87943028188 	0.0221264702032 	0.193855018266 	4.56432489391	0.998788628281	88.5965118064	2.75353105901	
4.28333333333	0.0233814731182	0.0289449694651	-0.0788994105377 	0.0414852667949 	83.4026804506 	3.32138679104 	0.00365540529277 	0.0264875857871 	0.0515915156732 	0.190509119749 	3.37022237637 	-5.87923231367 	0.0251403767823 	0.16797054011 	4.66705575954	0.998914064398	88.6619193293	2.79562912866	
4.3	0.0233814731182	0.0294751843464	-0.0779746150963 	0.0439287490893 	83.4572171762 	3.22340256723 	0.00411686998628 	0.028784314019 	0.0554877264791 	0.146608937666 	3.27220353693 	-5.87905342896 	0.0276878816105 	0.137803693914 	4.76785653011	0.999018594497	88.7287440428	2.83862946278	
4.31666666667	0.0233814731182	0.0296956724035	-0.0769958932958 	0.0457590013924 	83.5101202671 	3.12542080518 	0.00461171533884 	0.030463198036 	0.0587233080322 	0.109815138183 	3.17418545132 	-5.8789057226 	0.0296907211535 	0.10073304102 	4.86676346803	0.999105702912	88.7969588268	2.88251587667	
4.33333333333	0.0317756625094	0.0318202429516	-0.0759631841249 	0.0479806338244 	83.5613892516 	3.02738860895 	0.00513300976689 	0.0320486700841 	0.0619625502525 	0.133297945922 	3.0761390722 	-5.88193177405 	0.0312776656827 	0.0951283228894 	4.96381215439	0.999178293258	88.8665371386	2.92727238396	
4.35	0.0317756625094	0.0334653919876	-0.0748639030404 	0.051112006813 	83.6110235882 	2.92935870769 	0.00567090655593 	0.0327121032072 	0.065956865073 	0.187882379317 	2.97806019721 	-5.88179407564 	0.0322738073429 	0.0398059873819 	5.05903750179	0.999238785213	88.937452994	2.97288320649	
4.36666666667	0.0317756625094	0.0346875784442	-0.0737170967089 	0.0521519757334 	83.6590233586 	2.83133101749 	0.00623208375942 	0.0344964020735 	0.0688083798874 	0.0623981352255 	2.87998622256 	-5.881661412 	0.0336706322091 	0.107057931979 	5.15247376691	0.999289195175	89.0096809486	3.01933278249	
4.38333333333	0.0317756625094	0.0355437755752	-0.0725356810569 	0.0532987483944 	83.7053886039 	2.73330519935 	0.00681747316918 	0.0355882806477 	0.0708849391234 	0.0688063596546 	2.78191471922 	-5.88154908837 	0.0351233645856 	0.0655127144496 	5.24415456281	0.999331203477	89.0831960807	3.0666057731	
4.4	0.0317756625094	0.0360895748184	-0.0713207625987 	0.0541499514487 	83.7501193061 	2.63528068914 	0.00741570582792 	0.0361571665845 	0.0728951074914 	0.0510721832578 	2.68384212939 	-5.88147061232 	0.0358939595243 	0.0341331562102 	5.33411287102	0.999366210396	89.1579739758	3.1146870676	
4.41666666667	0.0317756625094	0.0363777594722	-0.0700818548481 	0.0544937497291 	83.7932155086 	2.53725685284 	0.00801999984957 	0.0363218697449 	0.0743344650373 	0.0206278968248 	2.58577215247 	-5.88143017807 	0.0362576412993 	0.00988218962351 	5.42238105344	0.999395382827	89.2339907113	3.16356178733	
4.43333333333	0.0375490679861	0.0379367222022	-0.0688262046315 	0.0546537083703 	83.8346770494 	2.4392099034 	0.00862919416605 	0.0367220082002 	0.075339012996 	0.00959751847552 	2.48769244737 	-5.88281696668 	0.0365516589888 	0.02400830732 	5.50899086395	0.999419693187	89.3112228429	3.21321528847	
4.45	0.0375490679861	0.0391328041237	-0.0675573113495 	0.0546864670746 	83.8745037432 	2.34116333576 	0.0092436982208 	0.0370114720678 	0.0761335969169 	0.00196552225404 	2.38960162799 	-5.8827940585 	0.0368702432852 	0.0173678320567 	5.59397345984	0.999439951821	89.3896473913	3.26363316389	
4.46666666667	0.0375490679861	0.0400102758586	-0.0662804546593 	0.0546131590726 	83.9126956235 	2.24311687069 	0.00986070983411 	0.036971628081 	0.0766114014118 	-0.00439848012018 	2.29151281801 	-5.8827879039 	0.0370206967982 	-0.00239063920975 	5.67735941302	0.999456834015	89.4692418306	3.31480124413	
4.48333333333	0.0375490679861	0.0406134037071	-0.0650023510016 	0.0540225773127 	83.9492527426 	2.14507009012 	0.0104757790901 	0.0368153359117 	0.0766862194628 	-0.0354349055914 	2.1934271478 	-5.88280683422 	0.0369041553593 	-0.00937753016154 	5.75917872102	0.999470902511	89.5499840759	3.36670559762	
4.5	0.0375490679861	0.0409850672984	-0.0637324582747 	0.0532894138313 	83.9841751881 	2.04702272752 	0.0110889677723 	0.0368583873049 	0.0761935636155 	-0.0439898088814 	2.09534672967 	-5.88284175605 	0.0367913209314 	0.00258308359583 	5.83946081778	0.999482626257	89.6318524732	3.41933253031	
4.51666666667	0.0375490679861	0.0411657316031	-0.0623969555566 	0.0587763372309 	84.0174620889 	1.94898014529 	0.0117334805695 	0.0399972564421 	0.080130163083 	0.329215403976 	1.99721404533 	-5.88255493387 	0.0386707678326 	0.188332148231 	5.91823458423	0.999492396045	89.7148257883	3.47266858463	
4.53333333333	0.0375490679861	0.0411927257013	-0.0610762334177 	0.0540568217705 	84.0491144452 	1.85093669138 	0.0123860960517 	0.0383054051834 	0.0792433283323 	-0.283170927628 	1.89914137868 	-5.88260723441 	0.0391569289314 	-0.101511075521 	5.99552835871	0.999500537536	89.7988831978	3.52670053818	
4.55	0.0418447951063	0.0422005618983	-0.0598222910104 	0.0507545091815 	84.0791326997 	1.75287350592 	0.0130107344719 	0.0366115984207 	0.0752365444387 	-0.198138755337 	1.80109527146 	-5.88379112791 	0.0374783052127 	-0.101628405762 	6.07136994712	0.999507322111	89.8840042788	3.5814154018	
4.56666666667	0.0418447951063	0.0429705172387	-0.0586203338105 	0.0481461502058 	84.1075165595 	1.65480709928 	0.0136070714225 	0.0349213488616 	0.072117431994 	-0.156501538541 	1.70303158609 	-5.88398439801 	0.0357802170388 	-0.101414973545 	6.14578663296	0.999512975924	89.9701690007	3.63680041748	
4.58333333333	0.0418447951063	0.0435320538109	-0.0574656283865 	0.0457867198413 	84.1342659789 	1.55673789325 	0.0141751199111 	0.0332210376978 	0.0692823254402 	-0.141565821869 	1.60496516648 	-5.88415236176 	0.0340829093134 	-0.102018669828 	6.21880518713	0.999517687434	90.0573577161	3.69284305591	
4.6	0.0418447951063	0.0439145178199	-0.0563588365408 	0.0434395224684 	84.1593809818 	1.45866607273 	0.0147144637587 	0.0314786489678 	0.0664075107469 	-0.140831842377 	1.50690016992 	-5.88430923171 	0.0323606308567 	-0.104543323803 	6.29045187755	0.999521613693	90.1455511531	3.74953101384	
4.61666666667	0.0418447951063	0.044146248592	-0.0553032919606 	0.0409935387505 	84.1828616303 	1.36059170771 	0.0152241700316 	0.0296665020122 	0.0633326748113 	-0.146759023073 	1.40883891238 	-5.88446190101 	0.0305823763747 	-0.108728817336 	6.36075247864	0.999524885576	90.2347304066	3.80685221117	
4.63333333333	0.0418447951063	0.044253919519	-0.0543034043237 	0.0384089976171 	84.2047080054 	1.26251483026 	0.0157029378297 	0.0277688351547 	0.0599932582139 	-0.155072468006 	1.31078250364 	-5.88461264672 	0.0287260678843 	-0.11386001145 	6.42973228056	0.999527612144	90.3248769312	3.86479478805	
4.65	0.0446305367559	0.0449759256472	-0.0533610096726 	0.0359670536327 	84.2249201242 	1.16443251748 	0.0161505652884 	0.025925942785 	0.056543679065 	-0.146516639066 	1.21272712989 	-5.88493876686 	0.0268576475229 	-0.110573542182 	6.49741609832	0.999529884285	90.4159725336	3.92334710166	
4.66666666667	0.0446305367559	0.0455246869937	-0.0524776996318 	0.033470110895 	84.2434980012 	1.06634803012 	0.0165673712771 	0.0240671709114 	0.0529986024441 	-0.149816564258 	1.11467261863 	-5.88506924189 	0.0250083593221 	-0.111526312415 	6.56382828071	0.999531777735	90.5079993655	3.98249772308	
4.68333333333	0.0446305367559	0.0459220348423	-0.0516571150443 	0.030837810313 	84.2604417102 	0.968261458689 	0.0169526583057 	0.0221432915519 	0.0492350752519 	-0.157938034922 	1.01662254034 	-5.88519428578 	0.0231172217158 	-0.115432761574 	6.62899271908	0.999533355611	90.6009399165	4.04223543396	
4.7	0.0446305367559	0.0459220348423	-0.0516571150443 	0.0 	84.2604417102 	0.0 	0.0169526583057 	0.0 	0.0 	0.0 	0.0 	0.0 	0.0 	0.0 	0.0	0.999533355611	90.6009399165	4.04223543396	
4.71666666667	0.0446305367559	0.0459220348423	-0.0516571150443 	0.0 	84.2604417102 	0.0 	0.0169526583057 	0.0 	0.0 	0.0 	0.0 	0.0 	0.0 	0.0 	0.0	0.999533355611	90.6009399165	4.04223543396	
4.73333333333	0.0446305367559	0.0459220348423	-0.0516571150443 	0.0 	84.2604417102 	0.0 	0.0169526583057 	0.0 	0.0 	0.0 	0.0 	0.0 	0.0 	0.0 	0.0	0.999533355611	90.6009399165	4.04223543396	
4.75	0.0446305367559	0.0459220348423	-0.0516571150443 	0.0 	84.2604417102 	0.0 	0.0169526583057 	0.0 	0.0 	0.0 	0.0 	0.0 	0.0 	0.0 	0.0	0.999533355611	90.6009399165	4.04223543396	
4.76666666667	0.0446305367559	0.0459220348423	-0.0516571150443 	0.0 	84.2604417102 	0.0 	0.0169526583057 	0.0 	0.0 	0.0 	0.0 	0.0 	0.0 	0.0 	0.0	0.999533355611	90.6009399165	4.04223543396	
4.78333333333	0.0446305367559	0.0459220348423	-0.0516571150443 	0.0 	84.2604417102 	0.0 	0.0169526583057 	0.0 	0.0 	0.0 	0.0 	0.0 	0.0 	0.0 	0.0	0.999533355611	90.6009399165	4.04223543396	
4.8	0.0446305367559	0.0459220348423	-0.0516571150443 	0.0 	84.2604417102 	0.0 	0.0169526583057 	0.0 	0.0 	0.0 	0.0 	0.0 	0.0 	0.0 	0.0	0.999533355611	90.6009399165	4.04223543396	
4.81666666667	0.0446305367559	0.0459220348423	-0.0516571150443 	0.0 	84.2604417102 	0.0 	0.0169526583057 	0.0 	0.0 	0.0 	0.0 	0.0 	0.0 	0.0 	0.0	0.999533355611	90.6009399165	4.04223543396	
4.83333333333	0.0446305367559	0.0459220348423	-0.0516571150443 	0.0 	84.2604417102 	0.0 	0.0169526583057 	0.0 	0.0 	0.0 	0.0 	0.0 	0.0 	0.0 	0.0	0.999533355611	90.6009399165	4.04223543396	
4.85	0.0446305367559	0.0459220348423	-0.0516571150443 	0.0 	84.2604417102 	0.0 	0.0169526583057 	0.0 	0.0 	0.0 	0.0 	0.0 	0.0 	0.0 	0.0	0.999533355611	90.6009399165	4.04223543396	
4.86666666667	0.0446305367559	0.0459220348423	-0.0516571150443 	0.0 	84.2604417102 	0.0 	0.0169526583057 	0.0 	0.0 	0.0 	0.0 	0.0 	0.0 	0.0 	0.0	0.999533355611	90.6009399165	4.04223543396	
4.88333333333	0.0446305367559	0.0459220348423	-0.0516571150443 	0.0 	84.2604417102 	0.0 	0.0169526583057 	0.0 	0.0 	0.0 	0.0 	0.0 	0.0 	0.0 	0.0	0.999533355611	90.6009399165	4.04223543396	
4.9	0.0446305367559	0.0459220348423	-0.0516571150443 	0.0 	84.2604417102 	0.0 	0.0169526583057 	0.0 	0.0 	0.0 	0.0 	0.0 	0.0 	0.0 	0.0	0.999533355611	90.6009399165	4.04223543396	
4.91666666667	0.0446305367559	0.0459220348423	-0.0516571150443 	0.0 	84.2604417102 	0.0 	0.0169526583057 	0.0 	0.0 	0.0 	0.0 	0.0 	0.0 	0.0 	0.0	0.999533355611	90.6009399165	4.04223543396	
4.93333333333	0.0446305367559	0.0459220348423	-0.0516571150443 	0.0 	84.2604417102 	0.0 	0.0169526583057 	0.0 	0.0 	0.0 	0.0 	0.0 	0.0 	0.0 	0.0	0.999533355611	90.6009399165	4.04223543396	
4.95	0.0446305367559	0.0459220348423	-0.0516571150443 	0.0 	84.2604417102 	0.0 	0.0169526583057 	0.0 	0.0 	0.0 	0.0 	0.0 	0.0 	0.0 	0.0	0.999533355611	90.6009399165	4.04223543396	
4.96666666667	0.0446305367559	0.0459220348423	-0.0516571150443 	0.0 	84.2604417102 	0.0 	0.0169526583057 	0.0 	0.0 	0.0 	0.0 	0.0 	0.0 	0.0 	0.0	0.999533355611	90.6009399165	4.04223543396	
4.98333333333	0.0446305367559	0.0459220348423	-0.0516571150443 	0.0 	84.2604417102 	0.0 	0.0169526583057 	0.0 	0.0 	0.0 	0.0 	0.0 	0.0 	0.0 	0.0	0.999533355611	90.6009399165	4.04223543396	
5.0	0.0446305367559	0.0459220348423	-0.0516571150443 	0.0 	84.2604417102 	0.0 	0.0169526583057 	0.0 	0.0 	0.0 	0.0 	0.0 	0.0 	0.0 	0.0	0.999533355611	90.6009399165	4.04223543396	
5.01666666667	0.0446305367559	0.0459220348423	-0.0516571150443 	0.0 	84.2604417102 	0.0 	0.0169526583057 	0.0 	0.0 	0.0 	0.0 	0.0 	0.0 	0.0 	0.0	0.999533355611	90.6009399165	4.04223543396	
5.03333333333	0.0446305367559	0.0459220348423	-0.0516571150443 	0.0 	84.2604417102 	0.0 	0.0169526583057 	0.0 	0.0 	0.0 	0.0 	0.0 	0.0 	0.0 	0.0	0.999533355611	90.6009399165	4.04223543396	
5.05	0.0446305367559	0.0459220348423	-0.0516571150443 	0.0 	84.2604417102 	0.0 	0.0169526583057 	0.0 	0.0 	0.0 	0.0 	0.0 	0.0 	0.0 	0.0	0.999533355611	90.6009399165	4.04223543396	
5.06666666667	0.0446305367559	0.0459220348423	-0.0516571150443 	0.0 	84.2604417102 	0.0 	0.0169526583057 	0.0 	0.0 	0.0 	0.0 	0.0 	0.0 	0.0 	0.0	0.999533355611	90.6009399165	4.04223543396	
5.08333333333	0.0446305367559	0.0459220348423	-0.0516571150443 	0.0 	84.2604417102 	0.0 	0.0169526583057 	0.0 	0.0 	0.0 	0.0 	0.0 	0.0 	0.0 	0.0	0.999533355611	90.6009399165	4.04223543396	
5.1	0.0446305367559	0.0459220348423	-0.0516571150443 	0.0 	84.2604417102 	0.0 	0.0169526583057 	0.0 	0.0 	0.0 	0.0 	0.0 	0.0 	0.0 	0.0	0.999533355611	90.6009399165	4.04223543396	
5.11666666667	0.0446305367559	0.0459220348423	-0.0516571150443 	0.0 	84.2604417102 	0.0 	0.0169526583057 	0.0 	0.0 	0.0 	0.0 	0.0 	0.0 	0.0 	0.0	0.999533355611	90.6009399165	4.04223543396	
5.13333333333	0.0446305367559	0.0459220348423	-0.0516571150443 	0.0 	84.2604417102 	0.0 	0.0169526583057 	0.0 	0.0 	0.0 	0.0 	0.0 	0.0 	0.0 	0.0	0.999533355611	90.6009399165	4.04223543396	
5.15	0.0446305367559	0.0459220348423	-0.0516571150443 	0.0 	84.2604417102 	0.0 	0.0169526583057 	0.0 	0.0 	0.0 	0.0 	0.0 	0.0 	0.0 	0.0	0.999533355611	90.6009399165	4.04223543396	
5.16666666667	0.0446305367559	0.0459220348423	-0.0516571150443 	0.0 	84.2604417102 	0.0 	0.0169526583057 	0.0 	0.0 	0.0 	0.0 	0.0 	0.0 	0.0 	0.0	0.999533355611	90.6009399165	4.04223543396	
5.18333333333	0.0446305367559	0.0459220348423	-0.0516571150443 	0.0 	84.2604417102 	0.0 	0.0169526583057 	0.0 	0.0 	0.0 	0.0 	0.0 	0.0 	0.0 	0.0	0.999533355611	90.6009399165	4.04223543396	
5.2	0.0446305367559	0.0459220348423	-0.0516571150443 	0.0 	84.2604417102 	0.0 	0.0169526583057 	0.0 	0.0 	0.0 	0.0 	0.0 	0.0 	0.0 	0.0	0.999533355611	90.6009399165	4.04223543396	
5.21666666667	0.0446305367559	0.0459220348423	-0.0516571150443 	0.0 	84.2604417102 	0.0 	0.0169526583057 	0.0 	0.0 	0.0 	0.0 	0.0 	0.0 	0.0 	0.0	0.999533355611	90.6009399165	4.04223543396	
5.23333333333	0.0446305367559	0.0459220348423	-0.0516571150443 	0.0 	84.2604417102 	0.0 	0.0169526583057 	0.0 	0.0 	0.0 	0.0 	0.0 	0.0 	0.0 	0.0	0.999533355611	90.6009399165	4.04223543396	
5.25	0.0446305367559	0.0459220348423	-0.0516571150443 	0.0 	84.2604417102 	0.0 	0.0169526583057 	0.0 	0.0 	0.0 	0.0 	0.0 	0.0 	0.0 	0.0	0.999533355611	90.6009399165	4.04223543396	
5.26666666667	0.0446305367559	0.0459220348423	-0.0516571150443 	0.0 	84.2604417102 	0.0 	0.0169526583057 	0.0 	0.0 	0.0 	0.0 	0.0 	0.0 	0.0 	0.0	0.999533355611	90.6009399165	4.04223543396	
5.28333333333	0.0446305367559	0.0459220348423	-0.0516571150443 	0.0 	84.2604417102 	0.0 	0.0169526583057 	0.0 	0.0 	0.0 	0.0 	0.0 	0.0 	0.0 	0.0	0.999533355611	90.6009399165	4.04223543396	
5.3	0.0446305367559	0.0459220348423	-0.0516571150443 	0.0 	84.2604417102 	0.0 	0.0169526583057 	0.0 	0.0 	0.0 	0.0 	0.0 	0.0 	0.0 	0.0	0.999533355611	90.6009399165	4.04223543396	
5.31666666667	0.0446305367559	0.0459220348423	-0.0516571150443 	0.0 	84.2604417102 	0.0 	0.0169526583057 	0.0 	0.0 	0.0 	0.0 	0.0 	0.0 	0.0 	0.0	0.999533355611	90.6009399165	4.04223543396	
5.33333333333	0.0446305367559	0.0459220348423	-0.0516571150443 	0.0 	84.2604417102 	0.0 	0.0169526583057 	0.0 	0.0 	0.0 	0.0 	0.0 	0.0 	0.0 	0.0	0.999533355611	90.6009399165	4.04223543396	
5.35	0.0446305367559	0.0459220348423	-0.0516571150443 	0.0 	84.2604417102 	0.0 	0.0169526583057 	0.0 	0.0 	0.0 	0.0 	0.0 	0.0 	0.0 	0.0	0.999533355611	90.6009399165	4.04223543396	
5.36666666667	0.0446305367559	0.0459220348423	-0.0516571150443 	0.0 	84.2604417102 	0.0 	0.0169526583057 	0.0 	0.0 	0.0 	0.0 	0.0 	0.0 	0.0 	0.0	0.999533355611	90.6009399165	4.04223543396	
5.38333333333	0.0446305367559	0.0459220348423	-0.0516571150443 	0.0 	84.2604417102 	0.0 	0.0169526583057 	0.0 	0.0 	0.0 	0.0 	0.0 	0.0 	0.0 	0.0	0.999533355611	90.6009399165	4.04223543396	
5.4	0.0446305367559	0.0459220348423	-0.0516571150443 	0.0 	84.2604417102 	0.0 	0.0169526583057 	0.0 	0.0 	0.0 	0.0 	0.0 	0.0 	0.0 	0.0	0.999533355611	90.6009399165	4.04223543396	
5.41666666667	0.0446305367559	0.0459220348423	-0.0516571150443 	0.0 	84.2604417102 	0.0 	0.0169526583057 	0.0 	0.0 	0.0 	0.0 	0.0 	0.0 	0.0 	0.0	0.999533355611	90.6009399165	4.04223543396	
5.43333333333	0.0446305367559	0.0459220348423	-0.0516571150443 	0.0 	84.2604417102 	0.0 	0.0169526583057 	0.0 	0.0 	0.0 	0.0 	0.0 	0.0 	0.0 	0.0	0.999533355611	90.6009399165	4.04223543396	
5.45	0.0446305367559	0.0459220348423	-0.0516571150443 	0.0 	84.2604417102 	0.0 	0.0169526583057 	0.0 	0.0 	0.0 	0.0 	0.0 	0.0 	0.0 	0.0	0.999533355611	90.6009399165	4.04223543396	
5.46666666667	0.0446305367559	0.0459220348423	-0.0516571150443 	0.0 	84.2604417102 	0.0 	0.0169526583057 	0.0 	0.0 	0.0 	0.0 	0.0 	0.0 	0.0 	0.0	0.999533355611	90.6009399165	4.04223543396	
5.48333333333	0.0446305367559	0.0459220348423	-0.0516571150443 	0.0 	84.2604417102 	0.0 	0.0169526583057 	0.0 	0.0 	0.0 	0.0 	0.0 	0.0 	0.0 	0.0	0.999533355611	90.6009399165	4.04223543396	
5.5	0.0446305367559	0.0459220348423	-0.0516571150443 	0.0 	84.2604417102 	0.0 	0.0169526583057 	0.0 	0.0 	0.0 	0.0 	0.0 	0.0 	0.0 	0.0	0.999533355611	90.6009399165	4.04223543396	
5.51666666667	0.0446305367559	0.0459220348423	-0.0516571150443 	0.0 	84.2604417102 	0.0 	0.0169526583057 	0.0 	0.0 	0.0 	0.0 	0.0 	0.0 	0.0 	0.0	0.999533355611	90.6009399165	4.04223543396	
5.53333333333	0.0446305367559	0.0459220348423	-0.0516571150443 	0.0 	84.2604417102 	0.0 	0.0169526583057 	0.0 	0.0 	0.0 	0.0 	0.0 	0.0 	0.0 	0.0	0.999533355611	90.6009399165	4.04223543396	
5.55	0.0446305367559	0.0459220348423	-0.0516571150443 	0.0 	84.2604417102 	0.0 	0.0169526583057 	0.0 	0.0 	0.0 	0.0 	0.0 	0.0 	0.0 	0.0	0.999533355611	90.6009399165	4.04223543396	
5.56666666667	0.0446305367559	0.0459220348423	-0.0516571150443 	0.0 	84.2604417102 	0.0 	0.0169526583057 	0.0 	0.0 	0.0 	0.0 	0.0 	0.0 	0.0 	0.0	0.999533355611	90.6009399165	4.04223543396	
5.58333333333	0.0446305367559	0.0459220348423	-0.0516571150443 	0.0 	84.2604417102 	0.0 	0.0169526583057 	0.0 	0.0 	0.0 	0.0 	0.0 	0.0 	0.0 	0.0	0.999533355611	90.6009399165	4.04223543396	
5.6	0.0446305367559	0.0459220348423	-0.0516571150443 	0.0 	84.2604417102 	0.0 	0.0169526583057 	0.0 	0.0 	0.0 	0.0 	0.0 	0.0 	0.0 	0.0	0.999533355611	90.6009399165	4.04223543396	
5.61666666667	0.0446305367559	0.0459220348423	-0.0516571150443 	0.0 	84.2604417102 	0.0 	0.0169526583057 	0.0 	0.0 	0.0 	0.0 	0.0 	0.0 	0.0 	0.0	0.999533355611	90.6009399165	4.04223543396	
5.63333333333	0.0446305367559	0.0459220348423	-0.0516571150443 	0.0 	84.2604417102 	0.0 	0.0169526583057 	0.0 	0.0 	0.0 	0.0 	0.0 	0.0 	0.0 	0.0	0.999533355611	90.6009399165	4.04223543396	
5.65	0.0446305367559	0.0459220348423	-0.0516571150443 	0.0 	84.2604417102 	0.0 	0.0169526583057 	0.0 	0.0 	0.0 	0.0 	0.0 	0.0 	0.0 	0.0	0.999533355611	90.6009399165	4.04223543396	
5.66666666667	0.0446305367559	0.0459220348423	-0.0516571150443 	0.0 	84.2604417102 	0.0 	0.0169526583057 	0.0 	0.0 	0.0 	0.0 	0.0 	0.0 	0.0 	0.0	0.999533355611	90.6009399165	4.04223543396	
5.68333333333	0.0446305367559	0.0459220348423	-0.0516571150443 	0.0 	84.2604417102 	0.0 	0.0169526583057 	0.0 	0.0 	0.0 	0.0 	0.0 	0.0 	0.0 	0.0	0.999533355611	90.6009399165	4.04223543396	
5.7	0.0446305367559	0.0459220348423	-0.0516571150443 	0.0 	84.2604417102 	0.0 	0.0169526583057 	0.0 	0.0 	0.0 	0.0 	0.0 	0.0 	0.0 	0.0	0.999533355611	90.6009399165	4.04223543396	
5.71666666667	0.0446305367559	0.0459220348423	-0.0516571150443 	0.0 	84.2604417102 	0.0 	0.0169526583057 	0.0 	0.0 	0.0 	0.0 	0.0 	0.0 	0.0 	0.0	0.999533355611	90.6009399165	4.04223543396	
5.73333333333	0.0446305367559	0.0459220348423	-0.0516571150443 	0.0 	84.2604417102 	0.0 	0.0169526583057 	0.0 	0.0 	0.0 	0.0 	0.0 	0.0 	0.0 	0.0	0.999533355611	90.6009399165	4.04223543396	
5.75	0.0446305367559	0.0459220348423	-0.0516571150443 	0.0 	84.2604417102 	0.0 	0.0169526583057 	0.0 	0.0 	0.0 	0.0 	0.0 	0.0 	0.0 	0.0	0.999533355611	90.6009399165	4.04223543396	
5.76666666667	0.0446305367559	0.0459220348423	-0.0516571150443 	0.0 	84.2604417102 	0.0 	0.0169526583057 	0.0 	0.0 	0.0 	0.0 	0.0 	0.0 	0.0 	0.0	0.999533355611	90.6009399165	4.04223543396	
5.78333333333	0.0446305367559	0.0459220348423	-0.0516571150443 	0.0 	84.2604417102 	0.0 	0.0169526583057 	0.0 	0.0 	0.0 	0.0 	0.0 	0.0 	0.0 	0.0	0.999533355611	90.6009399165	4.04223543396	
5.8	0.0446305367559	0.0459220348423	-0.0516571150443 	0.0 	84.2604417102 	0.0 	0.0169526583057 	0.0 	0.0 	0.0 	0.0 	0.0 	0.0 	0.0 	0.0	0.999533355611	90.6009399165	4.04223543396	
5.81666666667	0.0446305367559	0.0459220348423	-0.0516571150443 	0.0 	84.2604417102 	0.0 	0.0169526583057 	0.0 	0.0 	0.0 	0.0 	0.0 	0.0 	0.0 	0.0	0.999533355611	90.6009399165	4.04223543396	
5.83333333333	0.0446305367559	0.0459220348423	-0.0516571150443 	0.0 	84.2604417102 	0.0 	0.0169526583057 	0.0 	0.0 	0.0 	0.0 	0.0 	0.0 	0.0 	0.0	0.999533355611	90.6009399165	4.04223543396	
5.85	0.0446305367559	0.0459220348423	-0.0516571150443 	0.0 	84.2604417102 	0.0 	0.0169526583057 	0.0 	0.0 	0.0 	0.0 	0.0 	0.0 	0.0 	0.0	0.999533355611	90.6009399165	4.04223543396	
5.86666666667	0.0446305367559	0.0459220348423	-0.0516571150443 	0.0 	84.2604417102 	0.0 	0.0169526583057 	0.0 	0.0 	0.0 	0.0 	0.0 	0.0 	0.0 	0.0	0.999533355611	90.6009399165	4.04223543396	
5.88333333333	0.0446305367559	0.0459220348423	-0.0516571150443 	0.0 	84.2604417102 	0.0 	0.0169526583057 	0.0 	0.0 	0.0 	0.0 	0.0 	0.0 	0.0 	0.0	0.999533355611	90.6009399165	4.04223543396	
5.9	0.0446305367559	0.0459220348423	-0.0516571150443 	0.0 	84.2604417102 	0.0 	0.0169526583057 	0.0 	0.0 	0.0 	0.0 	0.0 	0.0 	0.0 	0.0	0.999533355611	90.6009399165	4.04223543396	
5.91666666667	0.0446305367559	0.0459220348423	-0.0516571150443 	0.0 	84.2604417102 	0.0 	0.0169526583057 	0.0 	0.0 	0.0 	0.0 	0.0 	0.0 	0.0 	0.0	0.999533355611	90.6009399165	4.04223543396	
5.93333333333	0.0446305367559	0.0459220348423	-0.0516571150443 	0.0 	84.2604417102 	0.0 	0.0169526583057 	0.0 	0.0 	0.0 	0.0 	0.0 	0.0 	0.0 	0.0	0.999533355611	90.6009399165	4.04223543396	
5.95	0.0446305367559	0.0459220348423	-0.0516571150443 	0.0 	84.2604417102 	0.0 	0.0169526583057 	0.0 	0.0 	0.0 	0.0 	0.0 	0.0 	0.0 	0.0	0.999533355611	90.6009399165	4.04223543396	
5.96666666667	0.0446305367559	0.0459220348423	-0.0516571150443 	0.0 	84.2604417102 	0.0 	0.0169526583057 	0.0 	0.0 	0.0 	0.0 	0.0 	0.0 	0.0 	0.0	0.999533355611	90.6009399165	4.04223543396	
5.98333333333	0.0446305367559	0.0459220348423	-0.0516571150443 	0.0 	84.2604417102 	0.0 	0.0169526583057 	0.0 	0.0 	0.0 	0.0 	0.0 	0.0 	0.0 	0.0	0.999533355611	90.6009399165	4.04223543396	
6.0	0.0446305367559	0.0459220348423	-0.0516571150443 	0.0 	84.2604417102 	0.0 	0.0169526583057 	0.0 	0.0 	0.0 	0.0 	0.0 	0.0 	0.0 	0.0	0.999533355611	90.6009399165	4.04223543396	
6.01666666667	0.0446305367559	0.0459220348423	-0.0516571150443 	0.0 	84.2604417102 	0.0 	0.0169526583057 	0.0 	0.0 	0.0 	0.0 	0.0 	0.0 	0.0 	0.0	0.999533355611	90.6009399165	4.04223543396	
6.03333333333	0.0446305367559	0.0459220348423	-0.0516571150443 	0.0 	84.2604417102 	0.0 	0.0169526583057 	0.0 	0.0 	0.0 	0.0 	0.0 	0.0 	0.0 	0.0	0.999533355611	90.6009399165	4.04223543396	
6.05	0.0446305367559	0.0459220348423	-0.0516571150443 	0.0 	84.2604417102 	0.0 	0.0169526583057 	0.0 	0.0 	0.0 	0.0 	0.0 	0.0 	0.0 	0.0	0.999533355611	90.6009399165	4.04223543396	
6.06666666667	0.0446305367559	0.0459220348423	-0.0516571150443 	0.0 	84.2604417102 	0.0 	0.0169526583057 	0.0 	0.0 	0.0 	0.0 	0.0 	0.0 	0.0 	0.0	0.999533355611	90.6009399165	4.04223543396	
6.08333333333	0.0446305367559	0.0459220348423	-0.0516571150443 	0.0 	84.2604417102 	0.0 	0.0169526583057 	0.0 	0.0 	0.0 	0.0 	0.0 	0.0 	0.0 	0.0	0.999533355611	90.6009399165	4.04223543396	
6.1	0.0446305367559	0.0459220348423	-0.0516571150443 	0.0 	84.2604417102 	0.0 	0.0169526583057 	0.0 	0.0 	0.0 	0.0 	0.0 	0.0 	0.0 	0.0	0.999533355611	90.6009399165	4.04223543396	
6.11666666667	0.0446305367559	0.0459220348423	-0.0516571150443 	0.0 	84.2604417102 	0.0 	0.0169526583057 	0.0 	0.0 	0.0 	0.0 	0.0 	0.0 	0.0 	0.0	0.999533355611	90.6009399165	4.04223543396	
6.13333333333	0.0446305367559	0.0459220348423	-0.0516571150443 	0.0 	84.2604417102 	0.0 	0.0169526583057 	0.0 	0.0 	0.0 	0.0 	0.0 	0.0 	0.0 	0.0	0.999533355611	90.6009399165	4.04223543396	
6.15	0.0446305367559	0.0459220348423	-0.0516571150443 	0.0 	84.2604417102 	0.0 	0.0169526583057 	0.0 	0.0 	0.0 	0.0 	0.0 	0.0 	0.0 	0.0	0.999533355611	90.6009399165	4.04223543396	
6.16666666667	0.0446305367559	0.0459220348423	-0.0516571150443 	0.0 	84.2604417102 	0.0 	0.0169526583057 	0.0 	0.0 	0.0 	0.0 	0.0 	0.0 	0.0 	0.0	0.999533355611	90.6009399165	4.04223543396	
6.18333333333	0.0446305367559	0.0459220348423	-0.0516571150443 	0.0 	84.2604417102 	0.0 	0.0169526583057 	0.0 	0.0 	0.0 	0.0 	0.0 	0.0 	0.0 	0.0	0.999533355611	90.6009399165	4.04223543396	
6.2	0.0446305367559	0.0459220348423	-0.0516571150443 	0.0 	84.2604417102 	0.0 	0.0169526583057 	0.0 	0.0 	0.0 	0.0 	0.0 	0.0 	0.0 	0.0	0.999533355611	90.6009399165	4.04223543396	
6.21666666667	0.0446305367559	0.0459220348423	-0.0516571150443 	0.0 	84.2604417102 	0.0 	0.0169526583057 	0.0 	0.0 	0.0 	0.0 	0.0 	0.0 	0.0 	0.0	0.999533355611	90.6009399165	4.04223543396	
6.23333333333	0.0446305367559	0.0459220348423	-0.0516571150443 	0.0 	84.2604417102 	0.0 	0.0169526583057 	0.0 	0.0 	0.0 	0.0 	0.0 	0.0 	0.0 	0.0	0.999533355611	90.6009399165	4.04223543396	
6.25	0.0446305367559	0.0459220348423	-0.0516571150443 	0.0 	84.2604417102 	0.0 	0.0169526583057 	0.0 	0.0 	0.0 	0.0 	0.0 	0.0 	0.0 	0.0	0.999533355611	90.6009399165	4.04223543396	
6.26666666667	0.0446305367559	0.0459220348423	-0.0516571150443 	0.0 	84.2604417102 	0.0 	0.0169526583057 	0.0 	0.0 	0.0 	0.0 	0.0 	0.0 	0.0 	0.0	0.999533355611	90.6009399165	4.04223543396	
6.28333333333	0.0446305367559	0.0459220348423	-0.0516571150443 	0.0 	84.2604417102 	0.0 	0.0169526583057 	0.0 	0.0 	0.0 	0.0 	0.0 	0.0 	0.0 	0.0	0.999533355611	90.6009399165	4.04223543396	
6.3	0.0446305367559	0.0459220348423	-0.0516571150443 	0.0 	84.2604417102 	0.0 	0.0169526583057 	0.0 	0.0 	0.0 	0.0 	0.0 	0.0 	0.0 	0.0	0.999533355611	90.6009399165	4.04223543396	
6.31666666667	0.0446305367559	0.0459220348423	-0.0516571150443 	0.0 	84.2604417102 	0.0 	0.0169526583057 	0.0 	0.0 	0.0 	0.0 	0.0 	0.0 	0.0 	0.0	0.999533355611	90.6009399165	4.04223543396	
6.33333333333	0.0446305367559	0.0459220348423	-0.0516571150443 	0.0 	84.2604417102 	0.0 	0.0169526583057 	0.0 	0.0 	0.0 	0.0 	0.0 	0.0 	0.0 	0.0	0.999533355611	90.6009399165	4.04223543396	
6.35	0.0446305367559	0.0459220348423	-0.0516571150443 	0.0 	84.2604417102 	0.0 	0.0169526583057 	0.0 	0.0 	0.0 	0.0 	0.0 	0.0 	0.0 	0.0	0.999533355611	90.6009399165	4.04223543396	
6.36666666667	0.0446305367559	0.0459220348423	-0.0516571150443 	0.0 	84.2604417102 	0.0 	0.0169526583057 	0.0 	0.0 	0.0 	0.0 	0.0 	0.0 	0.0 	0.0	0.999533355611	90.6009399165	4.04223543396	
6.38333333333	0.0446305367559	0.0459220348423	-0.0516571150443 	0.0 	84.2604417102 	0.0 	0.0169526583057 	0.0 	0.0 	0.0 	0.0 	0.0 	0.0 	0.0 	0.0	0.999533355611	90.6009399165	4.04223543396	
6.4	0.0446305367559	0.0459220348423	-0.0516571150443 	0.0 	84.2604417102 	0.0 	0.0169526583057 	0.0 	0.0 	0.0 	0.0 	0.0 	0.0 	0.0 	0.0	0.999533355611	90.6009399165	4.04223543396	
6.41666666667	0.0446305367559	0.0459220348423	-0.0516571150443 	0.0 	84.2604417102 	0.0 	0.0169526583057 	0.0 	0.0 	0.0 	0.0 	0.0 	0.0 	0.0 	0.0	0.999533355611	90.6009399165	4.04223543396	
6.43333333333	0.0446305367559	0.0459220348423	-0.0516571150443 	0.0 	84.2604417102 	0.0 	0.0169526583057 	0.0 	0.0 	0.0 	0.0 	0.0 	0.0 	0.0 	0.0	0.999533355611	90.6009399165	4.04223543396	
6.45	0.0446305367559	0.0459220348423	-0.0516571150443 	0.0 	84.2604417102 	0.0 	0.0169526583057 	0.0 	0.0 	0.0 	0.0 	0.0 	0.0 	0.0 	0.0	0.999533355611	90.6009399165	4.04223543396	
6.46666666667	0.0446305367559	0.0459220348423	-0.0516571150443 	0.0 	84.2604417102 	0.0 	0.0169526583057 	0.0 	0.0 	0.0 	0.0 	0.0 	0.0 	0.0 	0.0	0.999533355611	90.6009399165	4.04223543396	
6.48333333333	0.0446305367559	0.0459220348423	-0.0516571150443 	0.0 	84.2604417102 	0.0 	0.0169526583057 	0.0 	0.0 	0.0 	0.0 	0.0 	0.0 	0.0 	0.0	0.999533355611	90.6009399165	4.04223543396	
6.5	0.0446305367559	0.0459220348423	-0.0516571150443 	0.0 	84.2604417102 	0.0 	0.0169526583057 	0.0 	0.0 	0.0 	0.0 	0.0 	0.0 	0.0 	0.0	0.999533355611	90.6009399165	4.04223543396	
6.51666666667	0.0446305367559	0.0459220348423	-0.0516571150443 	0.0 	84.2604417102 	0.0 	0.0169526583057 	0.0 	0.0 	0.0 	0.0 	0.0 	0.0 	0.0 	0.0	0.999533355611	90.6009399165	4.04223543396	
6.53333333333	0.0446305367559	0.0459220348423	-0.0516571150443 	0.0 	84.2604417102 	0.0 	0.0169526583057 	0.0 	0.0 	0.0 	0.0 	0.0 	0.0 	0.0 	0.0	0.999533355611	90.6009399165	4.04223543396	
6.55	0.0446305367559	0.0459220348423	-0.0516571150443 	0.0 	84.2604417102 	0.0 	0.0169526583057 	0.0 	0.0 	0.0 	0.0 	0.0 	0.0 	0.0 	0.0	0.999533355611	90.6009399165	4.04223543396	
6.56666666667	0.0446305367559	0.0459220348423	-0.0516571150443 	0.0 	84.2604417102 	0.0 	0.0169526583057 	0.0 	0.0 	0.0 	0.0 	0.0 	0.0 	0.0 	0.0	0.999533355611	90.6009399165	4.04223543396	
6.58333333333	0.0446305367559	0.0459220348423	-0.0516571150443 	0.0 	84.2604417102 	0.0 	0.0169526583057 	0.0 	0.0 	0.0 	0.0 	0.0 	0.0 	0.0 	0.0	0.999533355611	90.6009399165	4.04223543396	
6.6	0.0446305367559	0.0459220348423	-0.0516571150443 	0.0 	84.2604417102 	0.0 	0.0169526583057 	0.0 	0.0 	0.0 	0.0 	0.0 	0.0 	0.0 	0.0	0.999533355611	90.6009399165	4.04223543396	
6.61666666667	0.0446305367559	0.0459220348423	-0.0516571150443 	0.0 	84.2604417102 	0.0 	0.0169526583057 	0.0 	0.0 	0.0 	0.0 	0.0 	0.0 	0.0 	0.0	0.999533355611	90.6009399165	4.04223543396	
6.63333333333	0.0446305367559	0.0459220348423	-0.0516571150443 	0.0 	84.2604417102 	0.0 	0.0169526583057 	0.0 	0.0 	0.0 	0.0 	0.0 	0.0 	0.0 	0.0	0.999533355611	90.6009399165	4.04223543396	
6.65	0.0446305367559	0.0459220348423	-0.0516571150443 	0.0 	84.2604417102 	0.0 	0.0169526583057 	0.0 	0.0 	0.0 	0.0 	0.0 	0.0 	0.0 	0.0	0.999533355611	90.6009399165	4.04223543396	
6.66666666667	0.0446305367559	0.0459220348423	-0.0516571150443 	0.0 	84.2604417102 	0.0 	0.0169526583057 	0.0 	0.0 	0.0 	0.0 	0.0 	0.0 	0.0 	0.0	0.999533355611	90.6009399165	4.04223543396	
6.68333333333	0.0446305367559	0.0459220348423	-0.0516571150443 	0.0 	84.2604417102 	0.0 	0.0169526583057 	0.0 	0.0 	0.0 	0.0 	0.0 	0.0 	0.0 	0.0	0.999533355611	90.6009399165	4.04223543396	
6.7	0.0446305367559	0.0459220348423	-0.0516571150443 	0.0 	84.2604417102 	0.0 	0.0169526583057 	0.0 	0.0 	0.0 	0.0 	0.0 	0.0 	0.0 	0.0	0.999533355611	90.6009399165	4.04223543396	
6.71666666667	0.0446305367559	0.0459220348423	-0.0516571150443 	0.0 	84.2604417102 	0.0 	0.0169526583057 	0.0 	0.0 	0.0 	0.0 	0.0 	0.0 	0.0 	0.0	0.999533355611	90.6009399165	4.04223543396	
6.73333333333	0.0446305367559	0.0459220348423	-0.0516571150443 	0.0 	84.2604417102 	0.0 	0.0169526583057 	0.0 	0.0 	0.0 	0.0 	0.0 	0.0 	0.0 	0.0	0.999533355611	90.6009399165	4.04223543396	
6.75	0.0446305367559	0.0459220348423	-0.0516571150443 	0.0 	84.2604417102 	0.0 	0.0169526583057 	0.0 	0.0 	0.0 	0.0 	0.0 	0.0 	0.0 	0.0	0.999533355611	90.6009399165	4.04223543396	
6.76666666667	0.0446305367559	0.0459220348423	-0.0516571150443 	0.0 	84.2604417102 	0.0 	0.0169526583057 	0.0 	0.0 	0.0 	0.0 	0.0 	0.0 	0.0 	0.0	0.999533355611	90.6009399165	4.04223543396	
6.78333333333	0.0446305367559	0.0459220348423	-0.0516571150443 	0.0 	84.2604417102 	0.0 	0.0169526583057 	0.0 	0.0 	0.0 	0.0 	0.0 	0.0 	0.0 	0.0	0.999533355611	90.6009399165	4.04223543396	
6.8	0.0446305367559	0.0459220348423	-0.0516571150443 	0.0 	84.2604417102 	0.0 	0.0169526583057 	0.0 	0.0 	0.0 	0.0 	0.0 	0.0 	0.0 	0.0	0.999533355611	90.6009399165	4.04223543396	
6.81666666667	0.0446305367559	0.0459220348423	-0.0516571150443 	0.0 	84.2604417102 	0.0 	0.0169526583057 	0.0 	0.0 	0.0 	0.0 	0.0 	0.0 	0.0 	0.0	0.999533355611	90.6009399165	4.04223543396	
6.83333333333	0.0446305367559	0.0459220348423	-0.0516571150443 	0.0 	84.2604417102 	0.0 	0.0169526583057 	0.0 	0.0 	0.0 	0.0 	0.0 	0.0 	0.0 	0.0	0.999533355611	90.6009399165	4.04223543396	
6.85	0.0446305367559	0.0459220348423	-0.0516571150443 	0.0 	84.2604417102 	0.0 	0.0169526583057 	0.0 	0.0 	0.0 	0.0 	0.0 	0.0 	0.0 	0.0	0.999533355611	90.6009399165	4.04223543396	
6.86666666667	0.0446305367559	0.0459220348423	-0.0516571150443 	0.0 	84.2604417102 	0.0 	0.0169526583057 	0.0 	0.0 	0.0 	0.0 	0.0 	0.0 	0.0 	0.0	0.999533355611	90.6009399165	4.04223543396	
6.88333333333	0.0446305367559	0.0459220348423	-0.0516571150443 	0.0 	84.2604417102 	0.0 	0.0169526583057 	0.0 	0.0 	0.0 	0.0 	0.0 	0.0 	0.0 	0.0	0.999533355611	90.6009399165	4.04223543396	
6.9	0.0446305367559	0.0459220348423	-0.0516571150443 	0.0 	84.2604417102 	0.0 	0.0169526583057 	0.0 	0.0 	0.0 	0.0 	0.0 	0.0 	0.0 	0.0	0.999533355611	90.6009399165	4.04223543396	
6.91666666667	0.0446305367559	0.0459220348423	-0.0516571150443 	0.0 	84.2604417102 	0.0 	0.0169526583057 	0.0 	0.0 	0.0 	0.0 	0.0 	0.0 	0.0 	0.0	0.999533355611	90.6009399165	4.04223543396	
6.93333333333	0.0446305367559	0.0459220348423	-0.0516571150443 	0.0 	84.2604417102 	0.0 	0.0169526583057 	0.0 	0.0 	0.0 	0.0 	0.0 	0.0 	0.0 	0.0	0.999533355611	90.6009399165	4.04223543396	
6.95	0.0446305367559	0.0459220348423	-0.0516571150443 	0.0 	84.2604417102 	0.0 	0.0169526583057 	0.0 	0.0 	0.0 	0.0 	0.0 	0.0 	0.0 	0.0	0.999533355611	90.6009399165	4.04223543396	
6.96666666667	0.0446305367559	0.0459220348423	-0.0516571150443 	0.0 	84.2604417102 	0.0 	0.0169526583057 	0.0 	0.0 	0.0 	0.0 	0.0 	0.0 	0.0 	0.0	0.999533355611	90.6009399165	4.04223543396	
6.98333333333	0.0446305367559	0.0459220348423	-0.0516571150443 	0.0 	84.2604417102 	0.0 	0.0169526583057 	0.0 	0.0 	0.0 	0.0 	0.0 	0.0 	0.0 	0.0	0.999533355611	90.6009399165	4.04223543396	
7.0	0.0446305367559	0.0459220348423	-0.0516571150443 	0.0 	84.2604417102 	0.0 	0.0169526583057 	0.0 	0.0 	0.0 	0.0 	0.0 	0.0 	0.0 	0.0	0.999533355611	90.6009399165	4.04223543396	
7.01666666667	0.0446305367559	0.0459220348423	-0.0516571150443 	0.0 	84.2604417102 	0.0 	0.0169526583057 	0.0 	0.0 	0.0 	0.0 	0.0 	0.0 	0.0 	0.0	0.999533355611	90.6009399165	4.04223543396	
7.03333333333	0.0446305367559	0.0459220348423	-0.0516571150443 	0.0 	84.2604417102 	0.0 	0.0169526583057 	0.0 	0.0 	0.0 	0.0 	0.0 	0.0 	0.0 	0.0	0.999533355611	90.6009399165	4.04223543396	
7.05	0.0446305367559	0.0459220348423	-0.0516571150443 	0.0 	84.2604417102 	0.0 	0.0169526583057 	0.0 	0.0 	0.0 	0.0 	0.0 	0.0 	0.0 	0.0	0.999533355611	90.6009399165	4.04223543396	
7.06666666667	0.0446305367559	0.0459220348423	-0.0516571150443 	0.0 	84.2604417102 	0.0 	0.0169526583057 	0.0 	0.0 	0.0 	0.0 	0.0 	0.0 	0.0 	0.0	0.999533355611	90.6009399165	4.04223543396	
7.08333333333	0.0446305367559	0.0459220348423	-0.0516571150443 	0.0 	84.2604417102 	0.0 	0.0169526583057 	0.0 	0.0 	0.0 	0.0 	0.0 	0.0 	0.0 	0.0	0.999533355611	90.6009399165	4.04223543396	
7.1	0.0446305367559	0.0459220348423	-0.0516571150443 	0.0 	84.2604417102 	0.0 	0.0169526583057 	0.0 	0.0 	0.0 	0.0 	0.0 	0.0 	0.0 	0.0	0.999533355611	90.6009399165	4.04223543396	
7.11666666667	0.0446305367559	0.0459220348423	-0.0516571150443 	0.0 	84.2604417102 	0.0 	0.0169526583057 	0.0 	0.0 	0.0 	0.0 	0.0 	0.0 	0.0 	0.0	0.999533355611	90.6009399165	4.04223543396	
7.13333333333	0.0446305367559	0.0459220348423	-0.0516571150443 	0.0 	84.2604417102 	0.0 	0.0169526583057 	0.0 	0.0 	0.0 	0.0 	0.0 	0.0 	0.0 	0.0	0.999533355611	90.6009399165	4.04223543396	
7.15	0.0446305367559	0.0459220348423	-0.0516571150443 	0.0 	84.2604417102 	0.0 	0.0169526583057 	0.0 	0.0 	0.0 	0.0 	0.0 	0.0 	0.0 	0.0	0.999533355611	90.6009399165	4.04223543396	
7.16666666667	0.0446305367559	0.0459220348423	-0.0516571150443 	0.0 	84.2604417102 	0.0 	0.0169526583057 	0.0 	0.0 	0.0 	0.0 	0.0 	0.0 	0.0 	0.0	0.999533355611	90.6009399165	4.04223543396	
7.18333333333	0.0446305367559	0.0459220348423	-0.0516571150443 	0.0 	84.2604417102 	0.0 	0.0169526583057 	0.0 	0.0 	0.0 	0.0 	0.0 	0.0 	0.0 	0.0	0.999533355611	90.6009399165	4.04223543396	
7.2	0.0446305367559	0.0459220348423	-0.0516571150443 	0.0 	84.2604417102 	0.0 	0.0169526583057 	0.0 	0.0 	0.0 	0.0 	0.0 	0.0 	0.0 	0.0	0.999533355611	90.6009399165	4.04223543396	
7.21666666667	0.0446305367559	0.0459220348423	-0.0516571150443 	0.0 	84.2604417102 	0.0 	0.0169526583057 	0.0 	0.0 	0.0 	0.0 	0.0 	0.0 	0.0 	0.0	0.999533355611	90.6009399165	4.04223543396	
7.23333333333	0.0446305367559	0.0459220348423	-0.0516571150443 	0.0 	84.2604417102 	0.0 	0.0169526583057 	0.0 	0.0 	0.0 	0.0 	0.0 	0.0 	0.0 	0.0	0.999533355611	90.6009399165	4.04223543396	
7.25	0.0446305367559	0.0459220348423	-0.0516571150443 	0.0 	84.2604417102 	0.0 	0.0169526583057 	0.0 	0.0 	0.0 	0.0 	0.0 	0.0 	0.0 	0.0	0.999533355611	90.6009399165	4.04223543396	
7.26666666667	0.0446305367559	0.0459220348423	-0.0516571150443 	0.0 	84.2604417102 	0.0 	0.0169526583057 	0.0 	0.0 	0.0 	0.0 	0.0 	0.0 	0.0 	0.0	0.999533355611	90.6009399165	4.04223543396	
7.28333333333	0.0446305367559	0.0459220348423	-0.0516571150443 	0.0 	84.2604417102 	0.0 	0.0169526583057 	0.0 	0.0 	0.0 	0.0 	0.0 	0.0 	0.0 	0.0	0.999533355611	90.6009399165	4.04223543396	
7.3	0.0446305367559	0.0459220348423	-0.0516571150443 	0.0 	84.2604417102 	0.0 	0.0169526583057 	0.0 	0.0 	0.0 	0.0 	0.0 	0.0 	0.0 	0.0	0.999533355611	90.6009399165	4.04223543396	
7.31666666667	0.0446305367559	0.0459220348423	-0.0516571150443 	0.0 	84.2604417102 	0.0 	0.0169526583057 	0.0 	0.0 	0.0 	0.0 	0.0 	0.0 	0.0 	0.0	0.999533355611	90.6009399165	4.04223543396	
7.33333333333	0.0446305367559	0.0459220348423	-0.0516571150443 	0.0 	84.2604417102 	0.0 	0.0169526583057 	0.0 	0.0 	0.0 	0.0 	0.0 	0.0 	0.0 	0.0	0.999533355611	90.6009399165	4.04223543396	
7.35	0.0446305367559	0.0459220348423	-0.0516571150443 	0.0 	84.2604417102 	0.0 	0.0169526583057 	0.0 	0.0 	0.0 	0.0 	0.0 	0.0 	0.0 	0.0	0.999533355611	90.6009399165	4.04223543396	
7.36666666667	0.0446305367559	0.0459220348423	-0.0516571150443 	0.0 	84.2604417102 	0.0 	0.0169526583057 	0.0 	0.0 	0.0 	0.0 	0.0 	0.0 	0.0 	0.0	0.999533355611	90.6009399165	4.04223543396	
7.38333333333	0.0446305367559	0.0459220348423	-0.0516571150443 	0.0 	84.2604417102 	0.0 	0.0169526583057 	0.0 	0.0 	0.0 	0.0 	0.0 	0.0 	0.0 	0.0	0.999533355611	90.6009399165	4.04223543396	
7.4	0.0446305367559	0.0459220348423	-0.0516571150443 	0.0 	84.2604417102 	0.0 	0.0169526583057 	0.0 	0.0 	0.0 	0.0 	0.0 	0.0 	0.0 	0.0	0.999533355611	90.6009399165	4.04223543396	
7.41666666667	0.0446305367559	0.0459220348423	-0.0516571150443 	0.0 	84.2604417102 	0.0 	0.0169526583057 	0.0 	0.0 	0.0 	0.0 	0.0 	0.0 	0.0 	0.0	0.999533355611	90.6009399165	4.04223543396	
7.43333333333	0.0446305367559	0.0459220348423	-0.0516571150443 	0.0 	84.2604417102 	0.0 	0.0169526583057 	0.0 	0.0 	0.0 	0.0 	0.0 	0.0 	0.0 	0.0	0.999533355611	90.6009399165	4.04223543396	
7.45	0.0446305367559	0.0459220348423	-0.0516571150443 	0.0 	84.2604417102 	0.0 	0.0169526583057 	0.0 	0.0 	0.0 	0.0 	0.0 	0.0 	0.0 	0.0	0.999533355611	90.6009399165	4.04223543396	
7.46666666667	0.0446305367559	0.0459220348423	-0.0516571150443 	0.0 	84.2604417102 	0.0 	0.0169526583057 	0.0 	0.0 	0.0 	0.0 	0.0 	0.0 	0.0 	0.0	0.999533355611	90.6009399165	4.04223543396	
7.48333333333	0.0446305367559	0.0459220348423	-0.0516571150443 	0.0 	84.2604417102 	0.0 	0.0169526583057 	0.0 	0.0 	0.0 	0.0 	0.0 	0.0 	0.0 	0.0	0.999533355611	90.6009399165	4.04223543396	
7.5	0.0446305367559	0.0459220348423	-0.0516571150443 	0.0 	84.2604417102 	0.0 	0.0169526583057 	0.0 	0.0 	0.0 	0.0 	0.0 	0.0 	0.0 	0.0	0.999533355611	90.6009399165	4.04223543396	
7.51666666667	0.0446305367559	0.0459220348423	-0.0516571150443 	0.0 	84.2604417102 	0.0 	0.0169526583057 	0.0 	0.0 	0.0 	0.0 	0.0 	0.0 	0.0 	0.0	0.999533355611	90.6009399165	4.04223543396	
7.53333333333	0.0446305367559	0.0459220348423	-0.0516571150443 	0.0 	84.2604417102 	0.0 	0.0169526583057 	0.0 	0.0 	0.0 	0.0 	0.0 	0.0 	0.0 	0.0	0.999533355611	90.6009399165	4.04223543396	
7.55	0.0446305367559	0.0459220348423	-0.0516571150443 	0.0 	84.2604417102 	0.0 	0.0169526583057 	0.0 	0.0 	0.0 	0.0 	0.0 	0.0 	0.0 	0.0	0.999533355611	90.6009399165	4.04223543396	
7.56666666667	0.0446305367559	0.0459220348423	-0.0516571150443 	0.0 	84.2604417102 	0.0 	0.0169526583057 	0.0 	0.0 	0.0 	0.0 	0.0 	0.0 	0.0 	0.0	0.999533355611	90.6009399165	4.04223543396	
7.58333333333	0.0446305367559	0.0459220348423	-0.0516571150443 	0.0 	84.2604417102 	0.0 	0.0169526583057 	0.0 	0.0 	0.0 	0.0 	0.0 	0.0 	0.0 	0.0	0.999533355611	90.6009399165	4.04223543396	
7.6	0.0446305367559	0.0459220348423	-0.0516571150443 	0.0 	84.2604417102 	0.0 	0.0169526583057 	0.0 	0.0 	0.0 	0.0 	0.0 	0.0 	0.0 	0.0	0.999533355611	90.6009399165	4.04223543396	
7.61666666667	0.0446305367559	0.0459220348423	-0.0516571150443 	0.0 	84.2604417102 	0.0 	0.0169526583057 	0.0 	0.0 	0.0 	0.0 	0.0 	0.0 	0.0 	0.0	0.999533355611	90.6009399165	4.04223543396	
7.63333333333	0.0446305367559	0.0459220348423	-0.0516571150443 	0.0 	84.2604417102 	0.0 	0.0169526583057 	0.0 	0.0 	0.0 	0.0 	0.0 	0.0 	0.0 	0.0	0.999533355611	90.6009399165	4.04223543396	
7.65	0.0446305367559	0.0459220348423	-0.0516571150443 	0.0 	84.2604417102 	0.0 	0.0169526583057 	0.0 	0.0 	0.0 	0.0 	0.0 	0.0 	0.0 	0.0	0.999533355611	90.6009399165	4.04223543396	
7.66666666667	0.0446305367559	0.0459220348423	-0.0516571150443 	0.0 	84.2604417102 	0.0 	0.0169526583057 	0.0 	0.0 	0.0 	0.0 	0.0 	0.0 	0.0 	0.0	0.999533355611	90.6009399165	4.04223543396	
7.68333333333	0.0446305367559	0.0459220348423	-0.0516571150443 	0.0 	84.2604417102 	0.0 	0.0169526583057 	0.0 	0.0 	0.0 	0.0 	0.0 	0.0 	0.0 	0.0	0.999533355611	90.6009399165	4.04223543396	
7.7	0.0446305367559	0.0459220348423	-0.0516571150443 	0.0 	84.2604417102 	0.0 	0.0169526583057 	0.0 	0.0 	0.0 	0.0 	0.0 	0.0 	0.0 	0.0	0.999533355611	90.6009399165	4.04223543396	
7.71666666667	0.0446305367559	0.0459220348423	-0.0516571150443 	0.0 	84.2604417102 	0.0 	0.0169526583057 	0.0 	0.0 	0.0 	0.0 	0.0 	0.0 	0.0 	0.0	0.999533355611	90.6009399165	4.04223543396	
7.73333333333	0.0446305367559	0.0459220348423	-0.0516571150443 	0.0 	84.2604417102 	0.0 	0.0169526583057 	0.0 	0.0 	0.0 	0.0 	0.0 	0.0 	0.0 	0.0	0.999533355611	90.6009399165	4.04223543396	
7.75	0.0446305367559	0.0459220348423	-0.0516571150443 	0.0 	84.2604417102 	0.0 	0.0169526583057 	0.0 	0.0 	0.0 	0.0 	0.0 	0.0 	0.0 	0.0	0.999533355611	90.6009399165	4.04223543396	
7.76666666667	0.0446305367559	0.0459220348423	-0.0516571150443 	0.0 	84.2604417102 	0.0 	0.0169526583057 	0.0 	0.0 	0.0 	0.0 	0.0 	0.0 	0.0 	0.0	0.999533355611	90.6009399165	4.04223543396	
7.78333333333	0.0446305367559	0.0459220348423	-0.0516571150443 	0.0 	84.2604417102 	0.0 	0.0169526583057 	0.0 	0.0 	0.0 	0.0 	0.0 	0.0 	0.0 	0.0	0.999533355611	90.6009399165	4.04223543396	
7.8	0.0446305367559	0.0459220348423	-0.0516571150443 	0.0 	84.2604417102 	0.0 	0.0169526583057 	0.0 	0.0 	0.0 	0.0 	0.0 	0.0 	0.0 	0.0	0.999533355611	90.6009399165	4.04223543396	
7.81666666667	0.0446305367559	0.0459220348423	-0.0516571150443 	0.0 	84.2604417102 	0.0 	0.0169526583057 	0.0 	0.0 	0.0 	0.0 	0.0 	0.0 	0.0 	0.0	0.999533355611	90.6009399165	4.04223543396	
7.83333333333	0.0446305367559	0.0459220348423	-0.0516571150443 	0.0 	84.2604417102 	0.0 	0.0169526583057 	0.0 	0.0 	0.0 	0.0 	0.0 	0.0 	0.0 	0.0	0.999533355611	90.6009399165	4.04223543396	
7.85	0.0446305367559	0.0459220348423	-0.0516571150443 	0.0 	84.2604417102 	0.0 	0.0169526583057 	0.0 	0.0 	0.0 	0.0 	0.0 	0.0 	0.0 	0.0	0.999533355611	90.6009399165	4.04223543396	
7.86666666667	0.0446305367559	0.0459220348423	-0.0516571150443 	0.0 	84.2604417102 	0.0 	0.0169526583057 	0.0 	0.0 	0.0 	0.0 	0.0 	0.0 	0.0 	0.0	0.999533355611	90.6009399165	4.04223543396	
7.88333333333	0.0446305367559	0.0459220348423	-0.0516571150443 	0.0 	84.2604417102 	0.0 	0.0169526583057 	0.0 	0.0 	0.0 	0.0 	0.0 	0.0 	0.0 	0.0	0.999533355611	90.6009399165	4.04223543396	
7.9	0.0446305367559	0.0459220348423	-0.0516571150443 	0.0 	84.2604417102 	0.0 	0.0169526583057 	0.0 	0.0 	0.0 	0.0 	0.0 	0.0 	0.0 	0.0	0.999533355611	90.6009399165	4.04223543396	
7.91666666667	0.0446305367559	0.0459220348423	-0.0516571150443 	0.0 	84.2604417102 	0.0 	0.0169526583057 	0.0 	0.0 	0.0 	0.0 	0.0 	0.0 	0.0 	0.0	0.999533355611	90.6009399165	4.04223543396	
7.93333333333	0.0446305367559	0.0459220348423	-0.0516571150443 	0.0 	84.2604417102 	0.0 	0.0169526583057 	0.0 	0.0 	0.0 	0.0 	0.0 	0.0 	0.0 	0.0	0.999533355611	90.6009399165	4.04223543396	
7.95	0.0446305367559	0.0459220348423	-0.0516571150443 	0.0 	84.2604417102 	0.0 	0.0169526583057 	0.0 	0.0 	0.0 	0.0 	0.0 	0.0 	0.0 	0.0	0.999533355611	90.6009399165	4.04223543396	
7.96666666667	0.0446305367559	0.0459220348423	-0.0516571150443 	0.0 	84.2604417102 	0.0 	0.0169526583057 	0.0 	0.0 	0.0 	0.0 	0.0 	0.0 	0.0 	0.0	0.999533355611	90.6009399165	4.04223543396	
7.98333333333	0.0446305367559	0.0459220348423	-0.0516571150443 	0.0 	84.2604417102 	0.0 	0.0169526583057 	0.0 	0.0 	0.0 	0.0 	0.0 	0.0 	0.0 	0.0	0.999533355611	90.6009399165	4.04223543396	
8.0	0.0446305367559	0.0459220348423	-0.0516571150443 	0.0 	84.2604417102 	0.0 	0.0169526583057 	0.0 	0.0 	0.0 	0.0 	0.0 	0.0 	0.0 	0.0	0.999533355611	90.6009399165	4.04223543396	
8.01666666667	0.0446305367559	0.0459220348423	-0.0516571150443 	0.0 	84.2604417102 	0.0 	0.0169526583057 	0.0 	0.0 	0.0 	0.0 	0.0 	0.0 	0.0 	0.0	0.999533355611	90.6009399165	4.04223543396	
8.03333333333	0.0446305367559	0.0459220348423	-0.0516571150443 	0.0 	84.2604417102 	0.0 	0.0169526583057 	0.0 	0.0 	0.0 	0.0 	0.0 	0.0 	0.0 	0.0	0.999533355611	90.6009399165	4.04223543396	
8.05	0.0446305367559	0.0459220348423	-0.0516571150443 	0.0 	84.2604417102 	0.0 	0.0169526583057 	0.0 	0.0 	0.0 	0.0 	0.0 	0.0 	0.0 	0.0	0.999533355611	90.6009399165	4.04223543396	
8.06666666667	0.0446305367559	0.0459220348423	-0.0516571150443 	0.0 	84.2604417102 	0.0 	0.0169526583057 	0.0 	0.0 	0.0 	0.0 	0.0 	0.0 	0.0 	0.0	0.999533355611	90.6009399165	4.04223543396	
8.08333333333	0.0446305367559	0.0459220348423	-0.0516571150443 	0.0 	84.2604417102 	0.0 	0.0169526583057 	0.0 	0.0 	0.0 	0.0 	0.0 	0.0 	0.0 	0.0	0.999533355611	90.6009399165	4.04223543396	
8.1	0.0446305367559	0.0459220348423	-0.0516571150443 	0.0 	84.2604417102 	0.0 	0.0169526583057 	0.0 	0.0 	0.0 	0.0 	0.0 	0.0 	0.0 	0.0	0.999533355611	90.6009399165	4.04223543396	
8.11666666667	0.0446305367559	0.0459220348423	-0.0516571150443 	0.0 	84.2604417102 	0.0 	0.0169526583057 	0.0 	0.0 	0.0 	0.0 	0.0 	0.0 	0.0 	0.0	0.999533355611	90.6009399165	4.04223543396	
8.13333333333	0.0446305367559	0.0459220348423	-0.0516571150443 	0.0 	84.2604417102 	0.0 	0.0169526583057 	0.0 	0.0 	0.0 	0.0 	0.0 	0.0 	0.0 	0.0	0.999533355611	90.6009399165	4.04223543396	
8.15	0.0446305367559	0.0459220348423	-0.0516571150443 	0.0 	84.2604417102 	0.0 	0.0169526583057 	0.0 	0.0 	0.0 	0.0 	0.0 	0.0 	0.0 	0.0	0.999533355611	90.6009399165	4.04223543396	
8.16666666667	0.0446305367559	0.0459220348423	-0.0516571150443 	0.0 	84.2604417102 	0.0 	0.0169526583057 	0.0 	0.0 	0.0 	0.0 	0.0 	0.0 	0.0 	0.0	0.999533355611	90.6009399165	4.04223543396	
8.18333333333	0.0446305367559	0.0459220348423	-0.0516571150443 	0.0 	84.2604417102 	0.0 	0.0169526583057 	0.0 	0.0 	0.0 	0.0 	0.0 	0.0 	0.0 	0.0	0.999533355611	90.6009399165	4.04223543396	
8.2	0.0446305367559	0.0459220348423	-0.0516571150443 	0.0 	84.2604417102 	0.0 	0.0169526583057 	0.0 	0.0 	0.0 	0.0 	0.0 	0.0 	0.0 	0.0	0.999533355611	90.6009399165	4.04223543396	
8.21666666667	0.0446305367559	0.0459220348423	-0.0516571150443 	0.0 	84.2604417102 	0.0 	0.0169526583057 	0.0 	0.0 	0.0 	0.0 	0.0 	0.0 	0.0 	0.0	0.999533355611	90.6009399165	4.04223543396	
8.23333333333	0.0446305367559	0.0459220348423	-0.0516571150443 	0.0 	84.2604417102 	0.0 	0.0169526583057 	0.0 	0.0 	0.0 	0.0 	0.0 	0.0 	0.0 	0.0	0.999533355611	90.6009399165	4.04223543396	
8.25	0.0446305367559	0.0459220348423	-0.0516571150443 	0.0 	84.2604417102 	0.0 	0.0169526583057 	0.0 	0.0 	0.0 	0.0 	0.0 	0.0 	0.0 	0.0	0.999533355611	90.6009399165	4.04223543396	
8.26666666667	0.0446305367559	0.0459220348423	-0.0516571150443 	0.0 	84.2604417102 	0.0 	0.0169526583057 	0.0 	0.0 	0.0 	0.0 	0.0 	0.0 	0.0 	0.0	0.999533355611	90.6009399165	4.04223543396	
8.28333333333	0.0446305367559	0.0459220348423	-0.0516571150443 	0.0 	84.2604417102 	0.0 	0.0169526583057 	0.0 	0.0 	0.0 	0.0 	0.0 	0.0 	0.0 	0.0	0.999533355611	90.6009399165	4.04223543396	
8.3	0.0446305367559	0.0459220348423	-0.0516571150443 	0.0 	84.2604417102 	0.0 	0.0169526583057 	0.0 	0.0 	0.0 	0.0 	0.0 	0.0 	0.0 	0.0	0.999533355611	90.6009399165	4.04223543396	
8.31666666667	0.0446305367559	0.0459220348423	-0.0516571150443 	0.0 	84.2604417102 	0.0 	0.0169526583057 	0.0 	0.0 	0.0 	0.0 	0.0 	0.0 	0.0 	0.0	0.999533355611	90.6009399165	4.04223543396	
8.33333333333	0.0446305367559	0.0459220348423	-0.0516571150443 	0.0 	84.2604417102 	0.0 	0.0169526583057 	0.0 	0.0 	0.0 	0.0 	0.0 	0.0 	0.0 	0.0	0.999533355611	90.6009399165	4.04223543396	
8.35	0.0446305367559	0.0459220348423	-0.0516571150443 	0.0 	84.2604417102 	0.0 	0.0169526583057 	0.0 	0.0 	0.0 	0.0 	0.0 	0.0 	0.0 	0.0	0.999533355611	90.6009399165	4.04223543396	
8.36666666667	0.0446305367559	0.0459220348423	-0.0516571150443 	0.0 	84.2604417102 	0.0 	0.0169526583057 	0.0 	0.0 	0.0 	0.0 	0.0 	0.0 	0.0 	0.0	0.999533355611	90.6009399165	4.04223543396	
8.38333333333	0.0446305367559	0.0459220348423	-0.0516571150443 	0.0 	84.2604417102 	0.0 	0.0169526583057 	0.0 	0.0 	0.0 	0.0 	0.0 	0.0 	0.0 	0.0	0.999533355611	90.6009399165	4.04223543396	
8.4	0.0446305367559	0.0459220348423	-0.0516571150443 	0.0 	84.2604417102 	0.0 	0.0169526583057 	0.0 	0.0 	0.0 	0.0 	0.0 	0.0 	0.0 	0.0	0.999533355611	90.6009399165	4.04223543396	
8.41666666667	0.0446305367559	0.0459220348423	-0.0516571150443 	0.0 	84.2604417102 	0.0 	0.0169526583057 	0.0 	0.0 	0.0 	0.0 	0.0 	0.0 	0.0 	0.0	0.999533355611	90.6009399165	4.04223543396	
8.43333333333	0.0446305367559	0.0459220348423	-0.0516571150443 	0.0 	84.2604417102 	0.0 	0.0169526583057 	0.0 	0.0 	0.0 	0.0 	0.0 	0.0 	0.0 	0.0	0.999533355611	90.6009399165	4.04223543396	
8.45	0.0446305367559	0.0459220348423	-0.0516571150443 	0.0 	84.2604417102 	0.0 	0.0169526583057 	0.0 	0.0 	0.0 	0.0 	0.0 	0.0 	0.0 	0.0	0.999533355611	90.6009399165	4.04223543396	
8.46666666667	0.0446305367559	0.0459220348423	-0.0516571150443 	0.0 	84.2604417102 	0.0 	0.0169526583057 	0.0 	0.0 	0.0 	0.0 	0.0 	0.0 	0.0 	0.0	0.999533355611	90.6009399165	4.04223543396	
8.48333333333	0.0446305367559	0.0459220348423	-0.0516571150443 	0.0 	84.2604417102 	0.0 	0.0169526583057 	0.0 	0.0 	0.0 	0.0 	0.0 	0.0 	0.0 	0.0	0.999533355611	90.6009399165	4.04223543396	
8.5	0.0446305367559	0.0459220348423	-0.0516571150443 	0.0 	84.2604417102 	0.0 	0.0169526583057 	0.0 	0.0 	0.0 	0.0 	0.0 	0.0 	0.0 	0.0	0.999533355611	90.6009399165	4.04223543396	
8.51666666667	0.0446305367559	0.0459220348423	-0.0516571150443 	0.0 	84.2604417102 	0.0 	0.0169526583057 	0.0 	0.0 	0.0 	0.0 	0.0 	0.0 	0.0 	0.0	0.999533355611	90.6009399165	4.04223543396	
8.53333333333	0.0446305367559	0.0459220348423	-0.0516571150443 	0.0 	84.2604417102 	0.0 	0.0169526583057 	0.0 	0.0 	0.0 	0.0 	0.0 	0.0 	0.0 	0.0	0.999533355611	90.6009399165	4.04223543396	
8.55	0.0446305367559	0.0459220348423	-0.0516571150443 	0.0 	84.2604417102 	0.0 	0.0169526583057 	0.0 	0.0 	0.0 	0.0 	0.0 	0.0 	0.0 	0.0	0.999533355611	90.6009399165	4.04223543396	
8.56666666667	0.0446305367559	0.0459220348423	-0.0516571150443 	0.0 	84.2604417102 	0.0 	0.0169526583057 	0.0 	0.0 	0.0 	0.0 	0.0 	0.0 	0.0 	0.0	0.999533355611	90.6009399165	4.04223543396	
8.58333333333	0.0446305367559	0.0459220348423	-0.0516571150443 	0.0 	84.2604417102 	0.0 	0.0169526583057 	0.0 	0.0 	0.0 	0.0 	0.0 	0.0 	0.0 	0.0	0.999533355611	90.6009399165	4.04223543396	
8.6	0.0446305367559	0.0459220348423	-0.0516571150443 	0.0 	84.2604417102 	0.0 	0.0169526583057 	0.0 	0.0 	0.0 	0.0 	0.0 	0.0 	0.0 	0.0	0.999533355611	90.6009399165	4.04223543396	
8.61666666667	0.0446305367559	0.0459220348423	-0.0516571150443 	0.0 	84.2604417102 	0.0 	0.0169526583057 	0.0 	0.0 	0.0 	0.0 	0.0 	0.0 	0.0 	0.0	0.999533355611	90.6009399165	4.04223543396	
8.63333333333	0.0446305367559	0.0459220348423	-0.0516571150443 	0.0 	84.2604417102 	0.0 	0.0169526583057 	0.0 	0.0 	0.0 	0.0 	0.0 	0.0 	0.0 	0.0	0.999533355611	90.6009399165	4.04223543396	
8.65	0.0446305367559	0.0459220348423	-0.0516571150443 	0.0 	84.2604417102 	0.0 	0.0169526583057 	0.0 	0.0 	0.0 	0.0 	0.0 	0.0 	0.0 	0.0	0.999533355611	90.6009399165	4.04223543396	
8.66666666667	0.0446305367559	0.0459220348423	-0.0516571150443 	0.0 	84.2604417102 	0.0 	0.0169526583057 	0.0 	0.0 	0.0 	0.0 	0.0 	0.0 	0.0 	0.0	0.999533355611	90.6009399165	4.04223543396	
8.68333333333	0.0446305367559	0.0459220348423	-0.0516571150443 	0.0 	84.2604417102 	0.0 	0.0169526583057 	0.0 	0.0 	0.0 	0.0 	0.0 	0.0 	0.0 	0.0	0.999533355611	90.6009399165	4.04223543396	
8.7	0.0446305367559	0.0459220348423	-0.0516571150443 	0.0 	84.2604417102 	0.0 	0.0169526583057 	0.0 	0.0 	0.0 	0.0 	0.0 	0.0 	0.0 	0.0	0.999533355611	90.6009399165	4.04223543396	
8.71666666667	0.0446305367559	0.0459220348423	-0.0516571150443 	0.0 	84.2604417102 	0.0 	0.0169526583057 	0.0 	0.0 	0.0 	0.0 	0.0 	0.0 	0.0 	0.0	0.999533355611	90.6009399165	4.04223543396	
8.73333333333	0.0446305367559	0.0459220348423	-0.0516571150443 	0.0 	84.2604417102 	0.0 	0.0169526583057 	0.0 	0.0 	0.0 	0.0 	0.0 	0.0 	0.0 	0.0	0.999533355611	90.6009399165	4.04223543396	
8.75	0.0446305367559	0.0459220348423	-0.0516571150443 	0.0 	84.2604417102 	0.0 	0.0169526583057 	0.0 	0.0 	0.0 	0.0 	0.0 	0.0 	0.0 	0.0	0.999533355611	90.6009399165	4.04223543396	
8.76666666667	0.0446305367559	0.0459220348423	-0.0516571150443 	0.0 	84.2604417102 	0.0 	0.0169526583057 	0.0 	0.0 	0.0 	0.0 	0.0 	0.0 	0.0 	0.0	0.999533355611	90.6009399165	4.04223543396	
8.78333333333	0.0446305367559	0.0459220348423	-0.0516571150443 	0.0 	84.2604417102 	0.0 	0.0169526583057 	0.0 	0.0 	0.0 	0.0 	0.0 	0.0 	0.0 	0.0	0.999533355611	90.6009399165	4.04223543396	
8.8	0.0446305367559	0.0459220348423	-0.0516571150443 	0.0 	84.2604417102 	0.0 	0.0169526583057 	0.0 	0.0 	0.0 	0.0 	0.0 	0.0 	0.0 	0.0	0.999533355611	90.6009399165	4.04223543396	
8.81666666667	0.0446305367559	0.0459220348423	-0.0516571150443 	0.0 	84.2604417102 	0.0 	0.0169526583057 	0.0 	0.0 	0.0 	0.0 	0.0 	0.0 	0.0 	0.0	0.999533355611	90.6009399165	4.04223543396	
8.83333333333	0.0446305367559	0.0459220348423	-0.0516571150443 	0.0 	84.2604417102 	0.0 	0.0169526583057 	0.0 	0.0 	0.0 	0.0 	0.0 	0.0 	0.0 	0.0	0.999533355611	90.6009399165	4.04223543396	
8.85	0.0446305367559	0.0459220348423	-0.0516571150443 	0.0 	84.2604417102 	0.0 	0.0169526583057 	0.0 	0.0 	0.0 	0.0 	0.0 	0.0 	0.0 	0.0	0.999533355611	90.6009399165	4.04223543396	
8.86666666667	0.0446305367559	0.0459220348423	-0.0516571150443 	0.0 	84.2604417102 	0.0 	0.0169526583057 	0.0 	0.0 	0.0 	0.0 	0.0 	0.0 	0.0 	0.0	0.999533355611	90.6009399165	4.04223543396	
8.88333333333	0.0446305367559	0.0459220348423	-0.0516571150443 	0.0 	84.2604417102 	0.0 	0.0169526583057 	0.0 	0.0 	0.0 	0.0 	0.0 	0.0 	0.0 	0.0	0.999533355611	90.6009399165	4.04223543396	
8.9	0.0446305367559	0.0459220348423	-0.0516571150443 	0.0 	84.2604417102 	0.0 	0.0169526583057 	0.0 	0.0 	0.0 	0.0 	0.0 	0.0 	0.0 	0.0	0.999533355611	90.6009399165	4.04223543396	
8.91666666667	0.0446305367559	0.0459220348423	-0.0516571150443 	0.0 	84.2604417102 	0.0 	0.0169526583057 	0.0 	0.0 	0.0 	0.0 	0.0 	0.0 	0.0 	0.0	0.999533355611	90.6009399165	4.04223543396	
8.93333333333	0.0446305367559	0.0459220348423	-0.0516571150443 	0.0 	84.2604417102 	0.0 	0.0169526583057 	0.0 	0.0 	0.0 	0.0 	0.0 	0.0 	0.0 	0.0	0.999533355611	90.6009399165	4.04223543396	
8.95	0.0446305367559	0.0459220348423	-0.0516571150443 	0.0 	84.2604417102 	0.0 	0.0169526583057 	0.0 	0.0 	0.0 	0.0 	0.0 	0.0 	0.0 	0.0	0.999533355611	90.6009399165	4.04223543396	
8.96666666667	0.0446305367559	0.0459220348423	-0.0516571150443 	0.0 	84.2604417102 	0.0 	0.0169526583057 	0.0 	0.0 	0.0 	0.0 	0.0 	0.0 	0.0 	0.0	0.999533355611	90.6009399165	4.04223543396	
8.98333333333	0.0446305367559	0.0459220348423	-0.0516571150443 	0.0 	84.2604417102 	0.0 	0.0169526583057 	0.0 	0.0 	0.0 	0.0 	0.0 	0.0 	0.0 	0.0	0.999533355611	90.6009399165	4.04223543396	
9.0	0.0446305367559	0.0459220348423	-0.0516571150443 	0.0 	84.2604417102 	0.0 	0.0169526583057 	0.0 	0.0 	0.0 	0.0 	0.0 	0.0 	0.0 	0.0	0.999533355611	90.6009399165	4.04223543396	
9.01666666667	0.0446305367559	0.0459220348423	-0.0516571150443 	0.0 	84.2604417102 	0.0 	0.0169526583057 	0.0 	0.0 	0.0 	0.0 	0.0 	0.0 	0.0 	0.0	0.999533355611	90.6009399165	4.04223543396	
9.03333333333	0.0446305367559	0.0459220348423	-0.0516571150443 	0.0 	84.2604417102 	0.0 	0.0169526583057 	0.0 	0.0 	0.0 	0.0 	0.0 	0.0 	0.0 	0.0	0.999533355611	90.6009399165	4.04223543396	
9.05	0.0446305367559	0.0459220348423	-0.0516571150443 	0.0 	84.2604417102 	0.0 	0.0169526583057 	0.0 	0.0 	0.0 	0.0 	0.0 	0.0 	0.0 	0.0	0.999533355611	90.6009399165	4.04223543396	
9.06666666667	0.0446305367559	0.0459220348423	-0.0516571150443 	0.0 	84.2604417102 	0.0 	0.0169526583057 	0.0 	0.0 	0.0 	0.0 	0.0 	0.0 	0.0 	0.0	0.999533355611	90.6009399165	4.04223543396	
9.08333333333	0.0446305367559	0.0459220348423	-0.0516571150443 	0.0 	84.2604417102 	0.0 	0.0169526583057 	0.0 	0.0 	0.0 	0.0 	0.0 	0.0 	0.0 	0.0	0.999533355611	90.6009399165	4.04223543396	
9.1	0.0446305367559	0.0459220348423	-0.0516571150443 	0.0 	84.2604417102 	0.0 	0.0169526583057 	0.0 	0.0 	0.0 	0.0 	0.0 	0.0 	0.0 	0.0	0.999533355611	90.6009399165	4.04223543396	
9.11666666667	0.0446305367559	0.0459220348423	-0.0516571150443 	0.0 	84.2604417102 	0.0 	0.0169526583057 	0.0 	0.0 	0.0 	0.0 	0.0 	0.0 	0.0 	0.0	0.999533355611	90.6009399165	4.04223543396	
9.13333333333	0.0446305367559	0.0459220348423	-0.0516571150443 	0.0 	84.2604417102 	0.0 	0.0169526583057 	0.0 	0.0 	0.0 	0.0 	0.0 	0.0 	0.0 	0.0	0.999533355611	90.6009399165	4.04223543396	
9.15	0.0446305367559	0.0459220348423	-0.0516571150443 	0.0 	84.2604417102 	0.0 	0.0169526583057 	0.0 	0.0 	0.0 	0.0 	0.0 	0.0 	0.0 	0.0	0.999533355611	90.6009399165	4.04223543396	
9.16666666667	0.0446305367559	0.0459220348423	-0.0516571150443 	0.0 	84.2604417102 	0.0 	0.0169526583057 	0.0 	0.0 	0.0 	0.0 	0.0 	0.0 	0.0 	0.0	0.999533355611	90.6009399165	4.04223543396	
9.18333333333	0.0446305367559	0.0459220348423	-0.0516571150443 	0.0 	84.2604417102 	0.0 	0.0169526583057 	0.0 	0.0 	0.0 	0.0 	0.0 	0.0 	0.0 	0.0	0.999533355611	90.6009399165	4.04223543396	
9.2	0.0446305367559	0.0459220348423	-0.0516571150443 	0.0 	84.2604417102 	0.0 	0.0169526583057 	0.0 	0.0 	0.0 	0.0 	0.0 	0.0 	0.0 	0.0	0.999533355611	90.6009399165	4.04223543396	
9.21666666667	0.0446305367559	0.0459220348423	-0.0516571150443 	0.0 	84.2604417102 	0.0 	0.0169526583057 	0.0 	0.0 	0.0 	0.0 	0.0 	0.0 	0.0 	0.0	0.999533355611	90.6009399165	4.04223543396	
9.23333333333	0.0446305367559	0.0459220348423	-0.0516571150443 	0.0 	84.2604417102 	0.0 	0.0169526583057 	0.0 	0.0 	0.0 	0.0 	0.0 	0.0 	0.0 	0.0	0.999533355611	90.6009399165	4.04223543396	
9.25	0.0446305367559	0.0459220348423	-0.0516571150443 	0.0 	84.2604417102 	0.0 	0.0169526583057 	0.0 	0.0 	0.0 	0.0 	0.0 	0.0 	0.0 	0.0	0.999533355611	90.6009399165	4.04223543396	
9.26666666667	0.0446305367559	0.0459220348423	-0.0516571150443 	0.0 	84.2604417102 	0.0 	0.0169526583057 	0.0 	0.0 	0.0 	0.0 	0.0 	0.0 	0.0 	0.0	0.999533355611	90.6009399165	4.04223543396	
9.28333333333	0.0446305367559	0.0459220348423	-0.0516571150443 	0.0 	84.2604417102 	0.0 	0.0169526583057 	0.0 	0.0 	0.0 	0.0 	0.0 	0.0 	0.0 	0.0	0.999533355611	90.6009399165	4.04223543396	
9.3	0.0446305367559	0.0459220348423	-0.0516571150443 	0.0 	84.2604417102 	0.0 	0.0169526583057 	0.0 	0.0 	0.0 	0.0 	0.0 	0.0 	0.0 	0.0	0.999533355611	90.6009399165	4.04223543396	
9.31666666667	0.0446305367559	0.0459220348423	-0.0516571150443 	0.0 	84.2604417102 	0.0 	0.0169526583057 	0.0 	0.0 	0.0 	0.0 	0.0 	0.0 	0.0 	0.0	0.999533355611	90.6009399165	4.04223543396	
9.33333333333	0.0446305367559	0.0459220348423	-0.0516571150443 	0.0 	84.2604417102 	0.0 	0.0169526583057 	0.0 	0.0 	0.0 	0.0 	0.0 	0.0 	0.0 	0.0	0.999533355611	90.6009399165	4.04223543396	
9.35	0.0446305367559	0.0459220348423	-0.0516571150443 	0.0 	84.2604417102 	0.0 	0.0169526583057 	0.0 	0.0 	0.0 	0.0 	0.0 	0.0 	0.0 	0.0	0.999533355611	90.6009399165	4.04223543396	
9.36666666667	0.0446305367559	0.0459220348423	-0.0516571150443 	0.0 	84.2604417102 	0.0 	0.0169526583057 	0.0 	0.0 	0.0 	0.0 	0.0 	0.0 	0.0 	0.0	0.999533355611	90.6009399165	4.04223543396	
9.38333333333	0.0446305367559	0.0459220348423	-0.0516571150443 	0.0 	84.2604417102 	0.0 	0.0169526583057 	0.0 	0.0 	0.0 	0.0 	0.0 	0.0 	0.0 	0.0	0.999533355611	90.6009399165	4.04223543396	
9.4	0.0446305367559	0.0459220348423	-0.0516571150443 	0.0 	84.2604417102 	0.0 	0.0169526583057 	0.0 	0.0 	0.0 	0.0 	0.0 	0.0 	0.0 	0.0	0.999533355611	90.6009399165	4.04223543396	
9.41666666667	0.0446305367559	0.0459220348423	-0.0516571150443 	0.0 	84.2604417102 	0.0 	0.0169526583057 	0.0 	0.0 	0.0 	0.0 	0.0 	0.0 	0.0 	0.0	0.999533355611	90.6009399165	4.04223543396	
9.43333333333	0.0446305367559	0.0459220348423	-0.0516571150443 	0.0 	84.2604417102 	0.0 	0.0169526583057 	0.0 	0.0 	0.0 	0.0 	0.0 	0.0 	0.0 	0.0	0.999533355611	90.6009399165	4.04223543396	
9.45	0.0446305367559	0.0459220348423	-0.0516571150443 	0.0 	84.2604417102 	0.0 	0.0169526583057 	0.0 	0.0 	0.0 	0.0 	0.0 	0.0 	0.0 	0.0	0.999533355611	90.6009399165	4.04223543396	
9.46666666667	0.0446305367559	0.0459220348423	-0.0516571150443 	0.0 	84.2604417102 	0.0 	0.0169526583057 	0.0 	0.0 	0.0 	0.0 	0.0 	0.0 	0.0 	0.0	0.999533355611	90.6009399165	4.04223543396	
9.48333333333	0.0446305367559	0.0459220348423	-0.0516571150443 	0.0 	84.2604417102 	0.0 	0.0169526583057 	0.0 	0.0 	0.0 	0.0 	0.0 	0.0 	0.0 	0.0	0.999533355611	90.6009399165	4.04223543396	
9.5	0.0446305367559	0.0459220348423	-0.0516571150443 	0.0 	84.2604417102 	0.0 	0.0169526583057 	0.0 	0.0 	0.0 	0.0 	0.0 	0.0 	0.0 	0.0	0.999533355611	90.6009399165	4.04223543396	
9.51666666667	0.0446305367559	0.0459220348423	-0.0516571150443 	0.0 	84.2604417102 	0.0 	0.0169526583057 	0.0 	0.0 	0.0 	0.0 	0.0 	0.0 	0.0 	0.0	0.999533355611	90.6009399165	4.04223543396	
9.53333333333	0.0446305367559	0.0459220348423	-0.0516571150443 	0.0 	84.2604417102 	0.0 	0.0169526583057 	0.0 	0.0 	0.0 	0.0 	0.0 	0.0 	0.0 	0.0	0.999533355611	90.6009399165	4.04223543396	
9.55	0.0446305367559	0.0459220348423	-0.0516571150443 	0.0 	84.2604417102 	0.0 	0.0169526583057 	0.0 	0.0 	0.0 	0.0 	0.0 	0.0 	0.0 	0.0	0.999533355611	90.6009399165	4.04223543396	
9.56666666667	0.0446305367559	0.0459220348423	-0.0516571150443 	0.0 	84.2604417102 	0.0 	0.0169526583057 	0.0 	0.0 	0.0 	0.0 	0.0 	0.0 	0.0 	0.0	0.999533355611	90.6009399165	4.04223543396	
9.58333333333	0.0446305367559	0.0459220348423	-0.0516571150443 	0.0 	84.2604417102 	0.0 	0.0169526583057 	0.0 	0.0 	0.0 	0.0 	0.0 	0.0 	0.0 	0.0	0.999533355611	90.6009399165	4.04223543396	
9.6	0.0446305367559	0.0459220348423	-0.0516571150443 	0.0 	84.2604417102 	0.0 	0.0169526583057 	0.0 	0.0 	0.0 	0.0 	0.0 	0.0 	0.0 	0.0	0.999533355611	90.6009399165	4.04223543396	
9.61666666667	0.0446305367559	0.0459220348423	-0.0516571150443 	0.0 	84.2604417102 	0.0 	0.0169526583057 	0.0 	0.0 	0.0 	0.0 	0.0 	0.0 	0.0 	0.0	0.999533355611	90.6009399165	4.04223543396	
9.63333333333	0.0446305367559	0.0459220348423	-0.0516571150443 	0.0 	84.2604417102 	0.0 	0.0169526583057 	0.0 	0.0 	0.0 	0.0 	0.0 	0.0 	0.0 	0.0	0.999533355611	90.6009399165	4.04223543396	
9.65	0.0446305367559	0.0459220348423	-0.0516571150443 	0.0 	84.2604417102 	0.0 	0.0169526583057 	0.0 	0.0 	0.0 	0.0 	0.0 	0.0 	0.0 	0.0	0.999533355611	90.6009399165	4.04223543396	
9.66666666667	0.0446305367559	0.0459220348423	-0.0516571150443 	0.0 	84.2604417102 	0.0 	0.0169526583057 	0.0 	0.0 	0.0 	0.0 	0.0 	0.0 	0.0 	0.0	0.999533355611	90.6009399165	4.04223543396	
9.68333333333	0.0446305367559	0.0459220348423	-0.0516571150443 	0.0 	84.2604417102 	0.0 	0.0169526583057 	0.0 	0.0 	0.0 	0.0 	0.0 	0.0 	0.0 	0.0	0.999533355611	90.6009399165	4.04223543396	
9.7	0.0446305367559	0.0459220348423	-0.0516571150443 	0.0 	84.2604417102 	0.0 	0.0169526583057 	0.0 	0.0 	0.0 	0.0 	0.0 	0.0 	0.0 	0.0	0.999533355611	90.6009399165	4.04223543396	
9.71666666667	0.0446305367559	0.0459220348423	-0.0516571150443 	0.0 	84.2604417102 	0.0 	0.0169526583057 	0.0 	0.0 	0.0 	0.0 	0.0 	0.0 	0.0 	0.0	0.999533355611	90.6009399165	4.04223543396	
9.73333333333	0.0446305367559	0.0459220348423	-0.0516571150443 	0.0 	84.2604417102 	0.0 	0.0169526583057 	0.0 	0.0 	0.0 	0.0 	0.0 	0.0 	0.0 	0.0	0.999533355611	90.6009399165	4.04223543396	
9.75	0.0446305367559	0.0459220348423	-0.0516571150443 	0.0 	84.2604417102 	0.0 	0.0169526583057 	0.0 	0.0 	0.0 	0.0 	0.0 	0.0 	0.0 	0.0	0.999533355611	90.6009399165	4.04223543396	
9.76666666667	0.0446305367559	0.0459220348423	-0.0516571150443 	0.0 	84.2604417102 	0.0 	0.0169526583057 	0.0 	0.0 	0.0 	0.0 	0.0 	0.0 	0.0 	0.0	0.999533355611	90.6009399165	4.04223543396	
9.78333333333	0.0446305367559	0.0459220348423	-0.0516571150443 	0.0 	84.2604417102 	0.0 	0.0169526583057 	0.0 	0.0 	0.0 	0.0 	0.0 	0.0 	0.0 	0.0	0.999533355611	90.6009399165	4.04223543396	
9.8	0.0446305367559	0.0459220348423	-0.0516571150443 	0.0 	84.2604417102 	0.0 	0.0169526583057 	0.0 	0.0 	0.0 	0.0 	0.0 	0.0 	0.0 	0.0	0.999533355611	90.6009399165	4.04223543396	
9.81666666667	0.0446305367559	0.0459220348423	-0.0516571150443 	0.0 	84.2604417102 	0.0 	0.0169526583057 	0.0 	0.0 	0.0 	0.0 	0.0 	0.0 	0.0 	0.0	0.999533355611	90.6009399165	4.04223543396	
9.83333333333	0.0446305367559	0.0459220348423	-0.0516571150443 	0.0 	84.2604417102 	0.0 	0.0169526583057 	0.0 	0.0 	0.0 	0.0 	0.0 	0.0 	0.0 	0.0	0.999533355611	90.6009399165	4.04223543396	
9.85	0.0446305367559	0.0459220348423	-0.0516571150443 	0.0 	84.2604417102 	0.0 	0.0169526583057 	0.0 	0.0 	0.0 	0.0 	0.0 	0.0 	0.0 	0.0	0.999533355611	90.6009399165	4.04223543396	
9.86666666667	0.0446305367559	0.0459220348423	-0.0516571150443 	0.0 	84.2604417102 	0.0 	0.0169526583057 	0.0 	0.0 	0.0 	0.0 	0.0 	0.0 	0.0 	0.0	0.999533355611	90.6009399165	4.04223543396	
9.88333333333	0.0446305367559	0.0459220348423	-0.0516571150443 	0.0 	84.2604417102 	0.0 	0.0169526583057 	0.0 	0.0 	0.0 	0.0 	0.0 	0.0 	0.0 	0.0	0.999533355611	90.6009399165	4.04223543396	
9.9	0.0446305367559	0.0459220348423	-0.0516571150443 	0.0 	84.2604417102 	0.0 	0.0169526583057 	0.0 	0.0 	0.0 	0.0 	0.0 	0.0 	0.0 	0.0	0.999533355611	90.6009399165	4.04223543396	
9.91666666667	0.0446305367559	0.0459220348423	-0.0516571150443 	0.0 	84.2604417102 	0.0 	0.0169526583057 	0.0 	0.0 	0.0 	0.0 	0.0 	0.0 	0.0 	0.0	0.999533355611	90.6009399165	4.04223543396	
9.93333333333	0.0446305367559	0.0459220348423	-0.0516571150443 	0.0 	84.2604417102 	0.0 	0.0169526583057 	0.0 	0.0 	0.0 	0.0 	0.0 	0.0 	0.0 	0.0	0.999533355611	90.6009399165	4.04223543396	
9.95	0.0446305367559	0.0459220348423	-0.0516571150443 	0.0 	84.2604417102 	0.0 	0.0169526583057 	0.0 	0.0 	0.0 	0.0 	0.0 	0.0 	0.0 	0.0	0.999533355611	90.6009399165	4.04223543396	
9.96666666667	0.0446305367559	0.0459220348423	-0.0516571150443 	0.0 	84.2604417102 	0.0 	0.0169526583057 	0.0 	0.0 	0.0 	0.0 	0.0 	0.0 	0.0 	0.0	0.999533355611	90.6009399165	4.04223543396	
9.98333333333	0.0446305367559	0.0459220348423	-0.0516571150443 	0.0 	84.2604417102 	0.0 	0.0169526583057 	0.0 	0.0 	0.0 	0.0 	0.0 	0.0 	0.0 	0.0	0.999533355611	90.6009399165	4.04223543396	
